Time_s,Voltage_V
0,0.316043502561383
0.0005,0.308154117361596
0.001,0.300922180893439
0.0015,0.293361520004281
0.002,0.285800859077967
0.0025,0.278240198114223
0.003,0.270350812720547
0.0035,0.263118876073346
0.004,0.255558214995664
0.0045,0.248326278276617
0.005,0.240436892724445
0.0055,0.232876231530359
0.006,0.225973019101399
0.0065,0.218083633427865
0.007,0.210522972116646
0.0075,0.203291035172686
0.008,0.195401649373449
0.0085,0.188169712351884
0.009,0.180609050880162
0.0095,0.173377113781663
0.01,0.165487727812706
0.0105,0.157927066216423
0.011,0.150366404578071
0.0115,0.142805742897376
0.012,0.135573805597706
0.0125,0.128013143833372
0.013,0.120452482025884
0.0135,0.112891820174968
0.014,0.10533115828035
0.0145,0.0980992207747854
0.015,0.0905385587938687
0.0155,0.0829778967684386
0.016,0.0750885102593651
0.0165,0.0678565725829413
0.017,0.0602959104223255
0.0175,0.0527352482160993
0.018,0.0573373904340318
0.0185,0.0642406037291895
0.019,0.0718012658661174
0.0195,0.0796906523956024
0.02,0.0869225900046683
0.0205,0.0944832520068398
0.021,0.102043913964641
0.0215,0.109933300308381
0.022,0.11716523774823
0.0225,0.124725899574566
0.023,0.131957836933174
0.0235,0.139518498675101
0.024,0.147079160374292
0.0245,0.154311097612042
0.025,0.162529208062631
0.0255,0.169761145218187
0.026,0.177321806749173
0.0265,0.184553743827058
0.027,0.192114405277369
0.0275,0.199675066686851
0.028,0.206578279242692
0.0285,0.214796389384426
0.029,0.222685775076018
0.0295,0.229260263119294
0.03,0.237478373131428
0.0305,0.245039034301696
0.031,0.252270971036845
0.0315,0.259502907736635
0.032,0.26739229318727
0.0325,0.274952954205198
0.033,0.282184890795646
0.0335,0.290074276127857
0.034,0.297634937033136
0.0345,0.304866873516602
0.035,0.312427534349744
0.0355,0.319988195146421
0.036,0.327877580286982
0.0365,0.335109516631479
0.037,0.342012728566257
0.0375,0.349902113598459
0.038,0.345628696710781
0.0385,0.338396760413637
0.039,0.331164824083993
0.0395,0.323275438959759
0.04,0.316043502561383
0.0405,0.308154117361596
0.041,0.300593456507723
0.0415,0.293361520004281
0.042,0.285800859077967
0.0425,0.278240198114223
0.043,0.270679537112774
0.0435,0.263447600467158
0.044,0.255558214995664
0.0445,0.247997553879456
0.045,0.2407656171233
0.0455,0.233533680331403
0.046,0.225644294699198
0.0465,0.218083633427865
0.047,0.210851696522314
0.0475,0.203291035172686
0.048,0.195401649373449
0.0485,0.187840987940924
0.049,0.180609050880162
0.0495,0.172719664952647
0.05,0.165816452228985
0.0505,0.157927066216423
0.051,0.150695128998008
0.0515,0.142805742897376
0.052,0.135573805597706
0.0525,0.128341868258804
0.053,0.120123757598489
0.0535,0.113549269033301
0.054,0.10533115828035
0.0545,0.0974417719086398
0.055,0.090209834358908
0.0555,0.0826491723315363
0.056,0.0754172346982209
0.0565,0.0678565725829413
0.057,0.0599671859795269
0.0575,0.0527352482160993
0.058,0.0570086659904563
0.0585,0.0645693281708689
0.059,0.0721299903058262
0.0595,0.0796906523956024
0.06,0.0872513144404717
0.0605,0.0944832520068398
0.061,0.102043913964641
0.0615,0.109933300308381
0.062,0.11716523774823
0.0625,0.124725899574566
0.063,0.132286561357628
0.0635,0.139847223097692
0.064,0.147407884795031
0.0645,0.154968546449919
0.065,0.16187175922841
0.0655,0.169432420802853
0.066,0.177321806749173
0.0665,0.184553743827058
0.067,0.192443129687324
0.0675,0.199675066686851
0.068,0.207235728055779
0.0685,0.214796389384426
0.069,0.222357050673067
0.0695,0.229917711921976
0.07,0.237149648731834
0.0705,0.2447103099038
0.071,0.252270971036845
0.0715,0.259831632131244
0.072,0.26739229318727
0.0725,0.274624229813903
0.073,0.282184890795646
0.0735,0.290074276127857
0.074,0.297634937033136
0.0745,0.304866873516602
0.075,0.312756258732964
0.0755,0.319988195146421
0.076,0.327877580286982
0.0765,0.334780792252893
0.077,0.342670177320408
0.0775,0.350230837973969
0.078,0.345957421087155
0.0785,0.338396760413637
0.079,0.331164824083993
0.0795,0.322946714578732
0.08,0.31571477817885
0.0805,0.308154117361596
0.081,0.300922180893439
0.0815,0.293032795616955
0.082,0.286129583466844
0.0825,0.278240198114223
0.083,0.271008261504929
0.0835,0.263447600467158
0.084,0.255558214995664
0.0845,0.247997553879456
0.085,0.2407656171233
0.0855,0.233204955930918
0.086,0.225315570296922
0.0865,0.218412357831794
0.087,0.210522972116646
0.0875,0.203291035172686
0.088,0.195401649373449
0.0885,0.188169712351884
0.089,0.180609050880162
0.0895,0.173377113781663
0.09,0.165487727812706
0.0905,0.157927066216423
0.091,0.150366404578071
0.0915,0.142805742897376
0.092,0.135245081174063
0.0925,0.128013143833372
0.093,0.120452482025884
0.0935,0.112891820174968
0.094,0.10533115828035
0.0945,0.0974417719086398
0.095,0.090209834358908
0.0955,0.0829778967684386
0.096,0.0750885102593651
0.0965,0.0678565725829413
0.097,0.0602959104223255
0.0975,0.0530639726608004
0.098,0.0566799415467943
0.0985,0.0642406037291895
0.099,0.0721299903058262
0.0995,0.0800193768332677
0.1,0.0872513144404717
0.1005,0.0941545275728874
0.101,0.102043913964641
0.1015,0.109604575878346
0.102,0.11716523774823
0.1025,0.124725899574566
0.103,0.131957836933174
0.1035,0.139847223097692
0.104,0.147079160374292
0.1045,0.154311097612042
0.105,0.162529208062631
0.1055,0.170089869633441
0.106,0.177321806749173
0.1065,0.184553743827058
0.107,0.192443129687324
0.1075,0.199675066686851
0.108,0.207235728055779
0.1085,0.21512511378911
0.109,0.222685775076018
0.1095,0.229917711921976
0.11,0.237478373131428
0.1105,0.245367758699519
0.111,0.252270971036845
0.1115,0.259831632131244
0.112,0.267721017580144
0.1125,0.274952954205198
0.113,0.282184890795646
0.1135,0.290074276127857
0.114,0.297306212646721
0.1145,0.304866873516602
0.115,0.312756258732964
0.1155,0.319988195146421
0.116,0.327548855906908
0.1165,0.335109516631479
0.117,0.342670177320408
0.1175,0.350230837973969
0.118,0.345957421087155
0.1185,0.338396760413637
0.119,0.331164824083993
0.1195,0.323275438959759
0.12,0.316372226943846
0.1205,0.308811566129764
0.121,0.300593456507723
0.1215,0.293690244391537
0.122,0.285472134689019
0.1225,0.278240198114223
0.123,0.270679537112774
0.1235,0.263447600467158
0.124,0.255558214995664
0.1245,0.247997553879456
0.125,0.2407656171233
0.1255,0.232876231530359
0.126,0.225973019101399
0.1265,0.218083633427865
0.127,0.210851696522314
0.1275,0.203291035172686
0.128,0.195401649373449
0.1285,0.188169712351884
0.129,0.180609050880162
0.1295,0.173048389367194
0.13,0.165487727812706
0.1305,0.157927066216423
0.131,0.150366404578071
0.1315,0.14313446731916
0.132,0.135245081174063
0.1325,0.128013143833372
0.133,0.120452482025884
0.1335,0.112891820174968
0.134,0.105659882711463
0.1345,0.0977704963417544
0.135,0.0905385587938687
0.1355,0.0829778967684386
0.136,0.0754172346982209
0.1365,0.06752784814212
0.137,0.0602959104223255
0.1375,0.0527352482160993
0.138,0.0566799415467943
0.1385,0.0648980526124625
0.139,0.0718012658661174
0.1395,0.0793619279578522
0.14,0.0869225900046683
0.1405,0.0948119764407084
0.141,0.102372638396587
0.1415,0.109604575878346
0.142,0.116836513320012
0.1425,0.124725899574566
0.143,0.132286561357628
0.1435,0.139518498675101
0.144,0.147407884795031
0.1445,0.15463982203102
0.145,0.16220048364556
0.1455,0.169432420802853
0.146,0.177321806749173
0.1465,0.185211192650452
0.147,0.192443129687324
0.1475,0.199675066686851
0.148,0.206907003649274
0.1485,0.215453838193718
0.149,0.222357050673067
0.1495,0.229260263119294
0.15,0.237149648731834
0.1505,0.2447103099038
0.151,0.252599695433056
0.1515,0.26016035652578
0.152,0.267063568794324
0.1525,0.274952954205198
0.153,0.282513615185302
0.1535,0.290074276127857
0.154,0.29796366141948
0.1545,0.304866873516602
0.155,0.312427534349744
0.1555,0.320316919528062
0.156,0.327548855906908
0.1565,0.335109516631479
0.157,0.342670177320408
0.1575,0.349902113598459
0.158,0.346286145463463
0.1585,0.338725484791483
0.159,0.331164824083993
0.1595,0.322946714578732
0.16,0.316043502561383
0.1605,0.308482841745715
0.161,0.300922180893439
0.1615,0.293032795616955
0.162,0.285800859077967
0.1625,0.277911473723641
0.163,0.271008261504929
0.1635,0.263776324860897
0.164,0.255886939391145
0.1645,0.248655002673706
0.165,0.240436892724445
0.1655,0.232876231530359
0.166,0.225644294699198
0.1665,0.218741082235647
0.167,0.210194247710901
0.1675,0.203291035172686
0.168,0.195401649373449
0.1685,0.188169712351884
0.169,0.180609050880162
0.1695,0.173048389367194
0.17,0.165159003396347
0.1705,0.157927066216423
0.171,0.150366404578071
0.1715,0.142805742897376
0.172,0.135245081174063
0.1725,0.128013143833372
0.173,0.120452482025884
0.1735,0.113220544604176
0.174,0.10533115828035
0.1745,0.0977704963417544
0.175,0.0905385587938687
0.1755,0.0826491723315363
0.176,0.0754172346982209
0.1765,0.06752784814212
0.177,0.0596384615366421
0.1775,0.0527352482160993
0.178,0.0566799415467943
0.1785,0.0642406037291895
0.179,0.0721299903058262
0.1795,0.0796906523956024
0.18,0.0869225900046683
0.1805,0.0944832520068398
0.181,0.102372638396587
0.1815,0.109604575878346
0.182,0.117493962176365
0.1825,0.124725899574566
0.183,0.132286561357628
0.1835,0.139518498675101
0.184,0.147079160374292
0.1845,0.154968546449919
0.185,0.16187175922841
0.1855,0.169761145218187
0.186,0.177650531162623
0.1865,0.184882468238794
0.187,0.192443129687324
0.1875,0.200003791095037
0.188,0.207235728055779
0.1885,0.214796389384426
0.189,0.222357050673067
0.1895,0.229917711921976
0.19,0.237478373131428
0.1905,0.245039034301696
0.191,0.252599695433056
0.1915,0.26016035652578
0.192,0.26739229318727
0.1925,0.274952954205198
0.193,0.282184890795646
0.1935,0.289745551739827
0.194,0.297634937033136
0.1945,0.304866873516602
0.195,0.312427534349744
0.1955,0.319988195146421
0.196,0.327877580286982
0.1965,0.335109516631479
0.197,0.342670177320408
0.1975,0.350230837973969
0.198,0.345628696710781
0.1985,0.337739311657743
0.199,0.330836099704596
0.1995,0.323604163340717
0.2,0.315386053796249
0.2005,0.308482841745715
0.201,0.300922180893439
0.2015,0.293032795616955
0.202,0.285472134689019
0.2025,0.278240198114223
0.203,0.270679537112774
0.2035,0.263447600467158
0.204,0.255558214995664
0.2045,0.247997553879456
0.205,0.2407656171233
0.2055,0.233204955930918
0.206,0.225644294699198
0.2065,0.218083633427865
0.207,0.210522972116646
0.2075,0.203291035172686
0.208,0.195401649373449
0.2085,0.187840987940924
0.209,0.180609050880162
0.2095,0.172719664952647
0.21,0.165816452228985
0.2105,0.157927066216423
0.211,0.150366404578071
0.2115,0.14313446731916
0.212,0.135245081174063
0.2125,0.127684419407859
0.213,0.120452482025884
0.2135,0.112563095745678
0.214,0.105002433849153
0.2145,0.0980992207747854
0.215,0.0905385587938687
0.2155,0.0829778967684386
0.216,0.0754172346982209
0.2165,0.0678565725829413
0.217,0.0602959104223255
0.2175,0.0527352482160993
0.218,0.0573373904340318
0.2185,0.0645693281708689
0.219,0.0721299903058262
0.2195,0.0796906523956024
0.22,0.0869225900046683
0.2205,0.0948119764407084
0.221,0.102372638396587
0.2215,0.109604575878346
0.222,0.11716523774823
0.2225,0.124725899574566
0.223,0.131957836933174
0.2235,0.139518498675101
0.224,0.147079160374292
0.2245,0.15463982203102
0.225,0.16220048364556
0.2255,0.169761145218187
0.226,0.177321806749173
0.2265,0.184553743827058
0.227,0.192443129687324
0.2275,0.199675066686851
0.228,0.207235728055779
0.2285,0.21512511378911
0.229,0.222357050673067
0.2295,0.229917711921976
0.23,0.236820924332165
0.2305,0.245367758699519
0.231,0.252270971036845
0.2315,0.26016035652578
0.232,0.267063568794324
0.2325,0.274952954205198
0.233,0.282842339574888
0.2335,0.290074276127857
0.234,0.297306212646721
0.2345,0.304538149131721
0.235,0.312427534349744
0.2355,0.319988195146421
0.236,0.327877580286982
0.2365,0.335109516631479
0.237,0.342670177320408
0.2375,0.350230837973969
0.238,0.345628696710781
0.2385,0.338068036035724
0.239,0.330507375325133
0.2395,0.323275438959759
0.24,0.316043502561383
0.2405,0.308154117361596
0.241,0.300593456507723
0.2415,0.293361520004281
0.242,0.285143410300001
0.2425,0.278240198114223
0.243,0.271008261504929
0.2435,0.263447600467158
0.244,0.255558214995664
0.2445,0.248326278276617
0.245,0.2407656171233
0.2455,0.233204955930918
0.246,0.225644294699198
0.2465,0.218412357831794
0.247,0.210851696522314
0.2475,0.202633586357768
0.248,0.195401649373449
0.2485,0.187840987940924
0.249,0.180609050880162
0.2495,0.173048389367194
0.25,0.165487727812706
0.2505,0.157927066216423
0.251,0.150695128998008
0.2515,0.142477018475511
0.252,0.135902530021267
0.2525,0.128013143833372
0.253,0.120452482025884
0.2535,0.113220544604176
0.254,0.105659882711463
0.2545,0.0980992207747854
0.255,0.090209834358908
0.2555,0.0829778967684386
0.256,0.0750885102593651
0.2565,0.06752784814212
0.257,0.0602959104223255
0.2575,0.0530639726608004
0.258,0.0573373904340318
0.2585,0.0642406037291895
0.259,0.0721299903058262
0.2595,0.0796906523956024
0.26,0.0872513144404717
0.2605,0.0944832520068398
0.261,0.102372638396587
0.2615,0.109933300308381
0.262,0.11716523774823
0.2625,0.125054624000814
0.263,0.132286561357628
0.2635,0.140175947520202
0.264,0.147079160374292
0.2645,0.154968546449919
0.265,0.16187175922841
0.2655,0.169432420802853
0.266,0.177321806749173
0.2665,0.184553743827058
0.267,0.192443129687324
0.2675,0.200332515503147
0.268,0.207235728055779
0.2685,0.214796389384426
0.269,0.222357050673067
0.2695,0.229917711921976
0.27,0.237478373131428
0.2705,0.245039034301696
0.271,0.252270971036845
0.2715,0.259831632131244
0.272,0.267063568794324
0.2725,0.275281678596422
0.273,0.282513615185302
0.2735,0.289745551739827
0.274,0.29796366141948
0.2745,0.304866873516602
0.275,0.313084983116116
0.2755,0.319659470764711
0.276,0.327548855906908
0.2765,0.335766965388449
0.277,0.342670177320408
0.2775,0.350559562349413
0.278,0.345628696710781
0.2785,0.338725484791483
0.279,0.330836099704596
0.2795,0.323604163340717
0.28,0.31571477817885
0.2805,0.308482841745715
0.281,0.300922180893439
0.2815,0.293361520004281
0.282,0.285800859077967
0.2825,0.278240198114223
0.283,0.270679537112774
0.2835,0.263447600467158
0.284,0.255558214995664
0.2845,0.248326278276617
0.285,0.240436892724445
0.2855,0.233533680331403
0.286,0.225644294699198
0.2865,0.218083633427865
0.287,0.210522972116646
0.2875,0.202962310765265
0.288,0.195401649373449
0.2885,0.188169712351884
0.289,0.180609050880162
0.2895,0.173377113781663
0.29,0.165159003396347
0.2905,0.158255790634525
0.291,0.150695128998008
0.2915,0.142805742897376
0.292,0.135245081174063
0.2925,0.127355694982264
0.293,0.120123757598489
0.2935,0.112563095745678
0.294,0.10533115828035
0.2945,0.0980992207747854
0.295,0.090209834358908
0.2955,0.0826491723315363
0.296,0.0750885102593651
0.2965,0.0678565725829413
0.297,0.0599671859795269
0.2975,0.0527352482160993
0.298,0.0566799415467943
0.2985,0.0642406037291895
0.299,0.0721299903058262
0.2995,0.0793619279578522
0.3,0.0872513144404717
0.3005,0.0948119764407084
0.301,0.102372638396587
0.3015,0.109604575878346
0.302,0.117493962176365
0.3025,0.124397175148235
0.303,0.132286561357628
0.3035,0.139518498675101
0.304,0.147079160374292
0.3045,0.15463982203102
0.305,0.162529208062631
0.3055,0.169432420802853
0.306,0.177650531162623
0.3065,0.184882468238794
0.307,0.192114405277369
0.3075,0.200003791095037
0.308,0.207235728055779
0.3085,0.214796389384426
0.309,0.222685775076018
0.3095,0.230246436323206
0.31,0.237478373131428
0.3105,0.2447103099038
0.311,0.252270971036845
0.3115,0.26016035652578
0.312,0.26739229318727
0.3125,0.274952954205198
0.313,0.281856166405918
0.3135,0.289416827351727
0.314,0.297634937033136
0.3145,0.304866873516602
0.315,0.313084983116116
0.3155,0.319988195146421
0.316,0.327877580286982
0.3165,0.335109516631479
0.317,0.342670177320408
0.3175,0.350230837973969
0.318,0.345957421087155
0.3185,0.338396760413637
0.319,0.330507375325133
0.3195,0.322946714578732
0.32,0.31571477817885
0.3205,0.308482841745715
0.321,0.300922180893439
0.3215,0.293361520004281
0.322,0.285800859077967
0.3225,0.278568922504733
0.323,0.270679537112774
0.3235,0.263118876073346
0.324,0.255886939391145
0.3245,0.248655002673706
0.325,0.240436892724445
0.3255,0.233204955930918
0.326,0.225973019101399
0.3265,0.218412357831794
0.327,0.210522972116646
0.3275,0.203291035172686
0.328,0.195401649373449
0.3285,0.187512263529886
0.329,0.180937775292832
0.3295,0.173377113781663
0.33,0.165816452228985
0.3305,0.157927066216423
0.331,0.150366404578071
0.3315,0.142805742897376
0.332,0.135245081174063
0.3325,0.127355694982264
0.333,0.120452482025884
0.3335,0.112891820174968
0.334,0.10533115828035
0.3345,0.0977704963417544
0.335,0.090209834358908
0.3355,0.0829778967684386
0.336,0.0754172346982209
0.3365,0.0678565725829413
0.337,0.0606246348650378
0.3375,0.0527352482160993
0.338,0.0566799415467943
0.3385,0.0645693281708689
0.339,0.0721299903058262
0.3395,0.0793619279578522
0.34,0.0869225900046683
0.3405,0.0944832520068398
0.341,0.102372638396587
0.3415,0.109275851448229
0.342,0.117493962176365
0.3425,0.124397175148235
0.343,0.131957836933174
0.3435,0.139518498675101
0.344,0.147079160374292
0.3445,0.154311097612042
0.345,0.16220048364556
0.3455,0.169761145218187
0.346,0.177650531162623
0.3465,0.184882468238794
0.347,0.192443129687324
0.3475,0.199675066686851
0.348,0.206907003649274
0.3485,0.21512511378911
0.349,0.222685775076018
0.3495,0.229917711921976
0.35,0.237478373131428
0.3505,0.2447103099038
0.351,0.252599695433056
0.3515,0.259831632131244
0.352,0.26739229318727
0.3525,0.275281678596422
0.353,0.282184890795646
0.3535,0.290074276127857
0.354,0.297634937033136
0.3545,0.304866873516602
0.355,0.312427534349744
0.3555,0.319988195146421
0.356,0.327548855906908
0.3565,0.335109516631479
0.357,0.342670177320408
0.3575,0.349902113598459
0.358,0.345628696710781
0.3585,0.338068036035724
0.359,0.330836099704596
0.3595,0.323604163340717
0.36,0.316043502561383
0.3605,0.307825392977409
0.361,0.300922180893439
0.3615,0.293690244391537
0.362,0.285472134689019
0.3625,0.277911473723641
0.363,0.271008261504929
0.3635,0.263118876073346
0.364,0.255886939391145
0.3645,0.247997553879456
0.365,0.240436892724445
0.3655,0.233204955930918
0.366,0.225644294699198
0.3665,0.218412357831794
0.367,0.210522972116646
0.3675,0.203291035172686
0.368,0.195730373782633
0.3685,0.188169712351884
0.369,0.180609050880162
0.3695,0.173048389367194
0.37,0.165487727812706
0.3705,0.157598341798241
0.371,0.150366404578071
0.3715,0.142805742897376
0.372,0.135245081174063
0.3725,0.127684419407859
0.373,0.120123757598489
0.3735,0.112891820174968
0.374,0.105659882711463
0.3745,0.0977704963417544
0.375,0.090209834358908
0.3755,0.0829778967684386
0.376,0.0754172346982209
0.3765,0.06752784814212
0.377,0.0596384615366421
0.3775,0.0530639726608004
0.378,0.0570086659904563
0.3785,0.0648980526124625
0.379,0.0721299903058262
0.3795,0.0796906523956024
0.38,0.0872513144404717
0.3805,0.0944832520068398
0.381,0.101715189532612
0.3815,0.109604575878346
0.382,0.117493962176365
0.3825,0.124397175148235
0.383,0.132286561357628
0.3835,0.139518498675101
0.384,0.147407884795031
0.3845,0.154968546449919
0.385,0.16187175922841
0.3855,0.169761145218187
0.386,0.177321806749173
0.3865,0.184882468238794
0.387,0.192443129687324
0.3875,0.199675066686851
0.388,0.207235728055779
0.3885,0.21512511378911
0.389,0.222357050673067
0.3895,0.229917711921976
0.39,0.237478373131428
0.3905,0.2447103099038
0.391,0.251942246640562
0.3915,0.26016035652578
0.392,0.26739229318727
0.3925,0.274952954205198
0.393,0.282513615185302
0.3935,0.290403000515816
0.394,0.297634937033136
0.3945,0.304866873516602
0.395,0.312756258732964
0.3955,0.319988195146421
0.396,0.327877580286982
0.3965,0.335109516631479
0.397,0.342670177320408
0.3975,0.350230837973969
0.398,0.345628696710781
0.3985,0.338068036035724
0.399,0.331164824083993
0.3995,0.322946714578732
0.4,0.31571477817885
0.4005,0.308154117361596
0.401,0.300922180893439
0.4015,0.293361520004281
0.402,0.285143410300001
0.4025,0.277911473723641
0.403,0.270679537112774
0.4035,0.263118876073346
0.404,0.255886939391145
0.4045,0.247997553879456
0.405,0.2407656171233
0.4055,0.233204955930918
0.406,0.225644294699198
0.4065,0.218083633427865
0.407,0.210522972116646
0.4075,0.202962310765265
0.408,0.195401649373449
0.4085,0.188169712351884
0.409,0.180937775292832
0.4095,0.173048389367194
0.41,0.165816452228985
0.4105,0.158255790634525
0.411,0.150037680158053
0.4115,0.14313446731916
0.412,0.135573805597706
0.4125,0.128013143833372
0.413,0.120452482025884
0.4135,0.112563095745678
0.414,0.10533115828035
0.4145,0.0980992207747854
0.415,0.090209834358908
0.4155,0.0826491723315363
0.416,0.0750885102593651
0.4165,0.06752784814212
0.417,0.0602959104223255
0.4175,0.0530639726608004
0.418,0.0570086659904563
0.4185,0.0645693281708689
0.419,0.0721299903058262
0.4195,0.0796906523956024
0.42,0.0872513144404717
0.4205,0.0948119764407084
0.421,0.102372638396587
0.4215,0.109604575878346
0.422,0.11716523774823
0.4225,0.124725899574566
0.423,0.131957836933174
0.4235,0.139847223097692
0.424,0.147079160374292
0.4245,0.15463982203102
0.425,0.16220048364556
0.4255,0.169432420802853
0.426,0.177650531162623
0.4265,0.184882468238794
0.427,0.192114405277369
0.4275,0.200003791095037
0.428,0.207564452462208
0.4285,0.21512511378911
0.429,0.222357050673067
0.4295,0.229588987520672
0.43,0.237807097530948
0.4305,0.2447103099038
0.431,0.252270971036845
0.4315,0.259831632131244
0.432,0.267063568794324
0.4325,0.274952954205198
0.433,0.282513615185302
0.4335,0.289745551739827
0.434,0.297634937033136
0.4345,0.305195597901413
0.435,0.312756258732964
0.4355,0.320316919528062
0.436,0.327220131526766
0.4365,0.335109516631479
0.437,0.342670177320408
0.4375,0.349902113598459
0.438,0.345957421087155
0.4385,0.338396760413637
0.439,0.330836099704596
0.4395,0.323275438959759
0.44,0.31571477817885
0.4405,0.308154117361596
0.441,0.300264732121937
0.4415,0.293361520004281
0.442,0.285800859077967
0.4425,0.278240198114223
0.443,0.270679537112774
0.4435,0.263118876073346
0.444,0.255558214995664
0.4445,0.247997553879456
0.445,0.2407656171233
0.4455,0.232876231530359
0.446,0.225973019101399
0.4465,0.218083633427865
0.447,0.210194247710901
0.4475,0.202962310765265
0.448,0.195401649373449
0.4485,0.188169712351884
0.449,0.180609050880162
0.4495,0.172719664952647
0.45,0.165487727812706
0.4505,0.157927066216423
0.451,0.151023853417865
0.4515,0.143463191740863
0.452,0.135573805597706
0.4525,0.128013143833372
0.453,0.120452482025884
0.4535,0.113220544604176
0.454,0.10533115828035
0.4545,0.0977704963417544
0.455,0.090209834358908
0.4555,0.0829778967684386
0.456,0.0750885102593651
0.4565,0.0678565725829413
0.457,0.0599671859795269
0.4575,0.0527352482160993
0.458,0.0570086659904563
0.4585,0.0648980526124625
0.459,0.0721299903058262
0.4595,0.0793619279578522
0.46,0.0869225900046683
0.4605,0.0944832520068398
0.461,0.102043913964641
0.4615,0.109604575878346
0.462,0.11716523774823
0.4625,0.124725899574566
0.463,0.132286561357628
0.4635,0.139847223097692
0.464,0.147407884795031
0.4645,0.15463982203102
0.465,0.162529208062631
0.4655,0.169761145218187
0.466,0.177321806749173
0.4665,0.184882468238794
0.467,0.192114405277369
0.4675,0.199675066686851
0.468,0.207235728055779
0.4685,0.21512511378911
0.469,0.222685775076018
0.4695,0.229588987520672
0.47,0.237478373131428
0.4705,0.2447103099038
0.471,0.252599695433056
0.4715,0.26016035652578
0.472,0.267721017580144
0.4725,0.274952954205198
0.473,0.283171063964402
0.4735,0.289745551739827
0.474,0.297306212646721
0.4745,0.304866873516602
0.475,0.313084983116116
0.4755,0.319659470764711
0.476,0.327548855906908
0.4765,0.334780792252893
0.477,0.342670177320408
0.4775,0.350230837973969
0.478,0.345628696710781
0.4785,0.338068036035724
0.479,0.330836099704596
0.4795,0.323275438959759
0.48,0.316043502561383
0.4805,0.308154117361596
0.481,0.300593456507723
0.4815,0.293361520004281
0.482,0.285800859077967
0.4825,0.278568922504733
0.483,0.270679537112774
0.4835,0.263118876073346
0.484,0.255558214995664
0.4845,0.247997553879456
0.485,0.2407656171233
0.4855,0.232876231530359
0.486,0.225644294699198
0.4865,0.217754909023861
0.487,0.210194247710901
0.4875,0.202633586357768
0.488,0.195401649373449
0.4885,0.188169712351884
0.489,0.180609050880162
0.4895,0.173048389367194
0.49,0.165159003396347
0.4905,0.157927066216423
0.491,0.150366404578071
0.4915,0.14313446731916
0.492,0.135573805597706
0.4925,0.127684419407859
0.493,0.120452482025884
0.4935,0.112891820174968
0.494,0.10533115828035
0.4945,0.0974417719086398
0.495,0.0905385587938687
0.4955,0.0829778967684386
0.496,0.0754172346982209
0.4965,0.0678565725829413
0.497,0.0599671859795269
0.4975,0.0527352482160993
0.498,0.0573373904340318
0.4985,0.0645693281708689
0.499,0.0724587147454497
0.4995,0.0793619279578522
0.5,0.0869225900046683
0.5005,0.095140700874493
0.501,0.102043913964641
0.5015,0.109933300308381
0.502,0.11716523774823
0.5025,0.124725899574566
0.503,0.132286561357628
0.5035,0.139847223097692
0.504,0.147079160374292
0.5045,0.154311097612042
0.505,0.16220048364556
0.5055,0.169761145218187
0.506,0.177321806749173
0.5065,0.184882468238794
0.507,0.192114405277369
0.5075,0.199346342278589
0.508,0.207564452462208
0.5085,0.21512511378911
0.509,0.222357050673067
0.5095,0.229917711921976
0.51,0.237149648731834
0.5105,0.245039034301696
0.511,0.252270971036845
0.5115,0.26016035652578
0.512,0.267063568794324
0.5125,0.274952954205198
0.513,0.282184890795646
0.5135,0.290074276127857
0.514,0.297306212646721
0.5145,0.304866873516602
0.515,0.312098809966454
0.5155,0.319988195146421
0.516,0.327548855906908
0.5165,0.335109516631479
0.517,0.342341452943366
0.5175,0.349902113598459
0.518,0.345628696710781
0.5185,0.338396760413637
0.519,0.330507375325133
0.5195,0.323275438959759
0.52,0.31571477817885
0.5205,0.307825392977409
0.521,0.300593456507723
0.5215,0.293032795616955
0.522,0.286129583466844
0.5225,0.278240198114223
0.523,0.270679537112774
0.5235,0.263118876073346
0.524,0.255558214995664
0.5245,0.247997553879456
0.525,0.2407656171233
0.5255,0.233204955930918
0.526,0.225644294699198
0.5265,0.218083633427865
0.527,0.210522972116646
0.5275,0.203291035172686
0.528,0.195401649373449
0.5285,0.188169712351884
0.529,0.180609050880162
0.5295,0.173048389367194
0.53,0.165159003396347
0.5305,0.157598341798241
0.531,0.150366404578071
0.5315,0.142805742897376
0.532,0.135245081174063
0.5325,0.128013143833372
0.533,0.120452482025884
0.5335,0.113220544604176
0.534,0.105002433849153
0.5345,0.0977704963417544
0.535,0.090209834358908
0.5355,0.0829778967684386
0.536,0.0754172346982209
0.5365,0.0678565725829413
0.537,0.0602959104223255
0.5375,0.0530639726608004
0.538,0.0570086659904563
0.5385,0.0648980526124625
0.539,0.0721299903058262
0.5395,0.0796906523956024
0.54,0.0872513144404717
0.5405,0.0948119764407084
0.541,0.102043913964641
0.5415,0.109933300308381
0.542,0.11716523774823
0.5425,0.124725899574566
0.543,0.131957836933174
0.5435,0.139518498675101
0.544,0.147079160374292
0.5445,0.154968546449919
0.545,0.162529208062631
0.5455,0.169761145218187
0.546,0.177321806749173
0.5465,0.184882468238794
0.547,0.192443129687324
0.5475,0.199675066686851
0.548,0.207893176868561
0.5485,0.214796389384426
0.549,0.222357050673067
0.5495,0.229917711921976
0.55,0.237478373131428
0.5505,0.2447103099038
0.551,0.252928419829193
0.5515,0.26016035652578
0.552,0.267721017580144
0.5525,0.274952954205198
0.553,0.282513615185302
0.5535,0.290074276127857
0.554,0.297634937033136
0.5545,0.305195597901413
0.555,0.312098809966454
0.5555,0.319988195146421
0.556,0.327548855906908
0.5565,0.335109516631479
0.557,0.342341452943366
0.5575,0.350230837973969
0.558,0.345628696710781
0.5585,0.338725484791483
0.559,0.330836099704596
0.5595,0.323275438959759
0.56,0.316043502561383
0.5605,0.308154117361596
0.561,0.300593456507723
0.5615,0.293361520004281
0.562,0.285800859077967
0.5625,0.278240198114223
0.563,0.270679537112774
0.5635,0.262790151679461
0.564,0.255558214995664
0.5645,0.247997553879456
0.565,0.2407656171233
0.5655,0.233204955930918
0.566,0.225644294699198
0.5665,0.218083633427865
0.567,0.210194247710901
0.5675,0.203291035172686
0.568,0.195401649373449
0.5685,0.187840987940924
0.569,0.180280326467414
0.5695,0.172719664952647
0.57,0.165487727812706
0.5705,0.158255790634525
0.571,0.150366404578071
0.5715,0.142805742897376
0.572,0.135245081174063
0.5725,0.128013143833372
0.573,0.120452482025884
0.5735,0.112891820174968
0.574,0.105002433849153
0.5745,0.0977704963417544
0.575,0.0898811099238632
0.5755,0.0826491723315363
0.576,0.0754172346982209
0.5765,0.0671991237012131
0.577,0.0602959104223255
0.5775,0.0527352482160993
0.578,0.0573373904340318
0.5785,0.0642406037291895
0.579,0.0721299903058262
0.5795,0.0793619279578522
0.58,0.0872513144404717
0.5805,0.0948119764407084
0.581,0.102043913964641
0.5815,0.109933300308381
0.582,0.11716523774823
0.5825,0.125383348426981
0.583,0.132286561357628
0.5835,0.139847223097692
0.584,0.147407884795031
0.5845,0.154968546449919
0.585,0.16220048364556
0.5855,0.170089869633441
0.586,0.176993082335644
0.5865,0.185211192650452
0.587,0.192771854097202
0.5875,0.200332515503147
0.588,0.207235728055779
0.5885,0.214796389384426
0.589,0.222685775076018
0.5895,0.229588987520672
0.59,0.237478373131428
0.5905,0.2447103099038
0.591,0.252270971036845
0.5915,0.26016035652578
0.592,0.26739229318727
0.5925,0.274952954205198
0.593,0.282513615185302
0.5935,0.290074276127857
0.594,0.297634937033136
0.5945,0.304866873516602
0.595,0.312756258732964
0.5955,0.319988195146421
0.596,0.327877580286982
0.5965,0.335438241009997
0.597,0.342670177320408
0.5975,0.349902113598459
0.598,0.345957421087155
0.5985,0.338396760413637
0.599,0.330507375325133
0.5995,0.323275438959759
0.6,0.31571477817885
0.6005,0.308154117361596
0.601,0.300593456507723
0.6015,0.293361520004281
0.602,0.285800859077967
0.6025,0.278568922504733
0.603,0.270350812720547
0.6035,0.263118876073346
0.604,0.255886939391145
0.6045,0.24766882948222
0.605,0.240108168325517
0.6055,0.232876231530359
0.606,0.225644294699198
0.6065,0.218083633427865
0.607,0.210851696522314
0.6075,0.202962310765265
0.608,0.195072924964188
0.6085,0.187840987940924
0.609,0.180609050880162
0.6095,0.173048389367194
0.61,0.165487727812706
0.6105,0.157598341798241
0.611,0.150037680158053
0.6115,0.142805742897376
0.612,0.135245081174063
0.6125,0.127684419407859
0.613,0.120452482025884
0.6135,0.112891820174968
0.614,0.10533115828035
0.6145,0.0977704963417544
0.615,0.090209834358908
0.6155,0.0829778967684386
0.616,0.0754172346982209
0.6165,0.06752784814212
0.617,0.0599671859795269
0.6175,0.0524065237713115
0.618,0.0570086659904563
0.6185,0.0645693281708689
0.619,0.0721299903058262
0.6195,0.0796906523956024
0.62,0.0872513144404717
0.6205,0.0948119764407084
0.621,0.102043913964641
0.6215,0.109933300308381
0.622,0.11716523774823
0.6225,0.124725899574566
0.623,0.132286561357628
0.6235,0.139847223097692
0.624,0.147079160374292
0.6245,0.154311097612042
0.625,0.162529208062631
0.6255,0.169432420802853
0.626,0.177650531162623
0.6265,0.184553743827058
0.627,0.192443129687324
0.6275,0.200332515503147
0.628,0.207235728055779
0.6285,0.214467664979666
0.629,0.222357050673067
0.6295,0.229917711921976
0.63,0.237807097530948
0.6305,0.2447103099038
0.631,0.252599695433056
0.6315,0.259831632131244
0.632,0.26739229318727
0.6325,0.274952954205198
0.633,0.282842339574888
0.6335,0.290074276127857
0.634,0.29796366141948
0.6345,0.305195597901413
0.635,0.312756258732964
0.6355,0.320316919528062
0.636,0.327548855906908
0.6365,0.335109516631479
0.637,0.342670177320408
0.6375,0.350230837973969
0.638,0.345628696710781
0.6385,0.338396760413637
0.639,0.330507375325133
0.6395,0.322946714578732
0.64,0.31571477817885
0.6405,0.308154117361596
0.641,0.300922180893439
0.6415,0.293361520004281
0.642,0.285800859077967
0.6425,0.277911473723641
0.643,0.270679537112774
0.6435,0.263447600467158
0.644,0.255558214995664
0.6445,0.248326278276617
0.645,0.240436892724445
0.6455,0.232876231530359
0.646,0.225644294699198
0.6465,0.218083633427865
0.647,0.210851696522314
0.6475,0.202962310765265
0.648,0.195401649373449
0.6485,0.188169712351884
0.649,0.180937775292832
0.6495,0.172719664952647
0.65,0.165159003396347
0.6505,0.156940892961638
0.651,0.150037680158053
0.6515,0.142477018475511
0.652,0.135245081174063
0.6525,0.127684419407859
0.653,0.120781206453198
0.6535,0.112891820174968
0.654,0.10533115828035
0.6545,0.0977704963417544
0.655,0.0898811099238632
0.6555,0.0826491723315363
0.656,0.0757459591369915
0.6565,0.0681852970236768
0.657,0.0599671859795269
0.6575,0.0527352482160993
0.658,0.0573373904340318
0.6585,0.0648980526124625
0.659,0.0721299903058262
0.6595,0.0800193768332677
0.66,0.0872513144404717
0.6605,0.0948119764407084
0.661,0.101715189532612
0.6615,0.109933300308381
0.662,0.116836513320012
0.6625,0.125054624000814
0.663,0.131957836933174
0.6635,0.139518498675101
0.664,0.147407884795031
0.6645,0.155297270868738
0.665,0.16220048364556
0.6655,0.169761145218187
0.666,0.176993082335644
0.6665,0.184882468238794
0.667,0.192771854097202
0.6675,0.200003791095037
0.668,0.207235728055779
0.6685,0.21512511378911
0.669,0.222685775076018
0.6695,0.229917711921976
0.67,0.237149648731834
0.6705,0.2447103099038
0.671,0.252928419829193
0.6715,0.260489080920244
0.672,0.267721017580144
0.6725,0.275281678596422
0.673,0.282842339574888
0.6735,0.290403000515816
0.674,0.297634937033136
0.6745,0.304866873516602
0.675,0.312756258732964
0.6755,0.320316919528062
0.676,0.327877580286982
0.6765,0.335109516631479
0.677,0.342670177320408
0.6775,0.35088828672479
0.678,0.345957421087155
0.6785,0.338396760413637
0.679,0.330507375325133
0.6795,0.322946714578732
0.68,0.316043502561383
0.6805,0.308154117361596
0.681,0.300264732121937
0.6815,0.293361520004281
0.682,0.285472134689019
0.6825,0.277911473723641
0.683,0.270350812720547
0.6835,0.262790151679461
0.684,0.255886939391145
0.6845,0.247997553879456
0.685,0.24109434152208
0.6855,0.232547507129725
0.686,0.225973019101399
0.6865,0.218083633427865
0.687,0.210522972116646
0.6875,0.202962310765265
0.688,0.195401649373449
0.6885,0.187840987940924
0.689,0.180609050880162
0.6895,0.173377113781663
0.69,0.165487727812706
0.6905,0.157927066216423
0.691,0.149708955737956
0.6915,0.142805742897376
0.692,0.134916356750339
0.6925,0.127684419407859
0.693,0.120452482025884
0.6935,0.112891820174968
0.694,0.10533115828035
0.6945,0.0977704963417544
0.695,0.090209834358908
0.6955,0.0823204478945494
0.696,0.0750885102593651
0.6965,0.06752784814212
0.697,0.0599671859795269
0.6975,0.0527352482160993
0.698,0.0566799415467943
0.6985,0.0648980526124625
0.699,0.0721299903058262
0.6995,0.0796906523956024
0.7,0.0872513144404717
0.7005,0.095140700874493
0.701,0.102372638396587
0.7015,0.109604575878346
0.702,0.11716523774823
0.7025,0.124725899574566
0.703,0.131957836933174
0.7035,0.140175947520202
0.704,0.147407884795031
0.7045,0.154968546449919
0.705,0.162529208062631
0.7055,0.169432420802853
0.706,0.177321806749173
0.7065,0.184882468238794
0.707,0.192114405277369
0.7075,0.200332515503147
0.708,0.206907003649274
0.7085,0.214796389384426
0.709,0.222357050673067
0.7095,0.229917711921976
0.71,0.236820924332165
0.7105,0.245039034301696
0.711,0.252599695433056
0.7115,0.26016035652578
0.712,0.26739229318727
0.7125,0.274952954205198
0.713,0.282184890795646
0.7135,0.290074276127857
0.714,0.297634937033136
0.7145,0.305195597901413
0.715,0.312427534349744
0.7155,0.320316919528062
0.716,0.327877580286982
0.7165,0.335438241009997
0.717,0.342998901697383
0.7175,0.350559562349413
0.718,0.345957421087155
0.7185,0.338725484791483
0.719,0.330836099704596
0.7195,0.323275438959759
0.72,0.31571477817885
0.7205,0.308154117361596
0.721,0.300593456507723
0.7215,0.293032795616955
0.722,0.285472134689019
0.7225,0.277911473723641
0.723,0.270679537112774
0.7235,0.263118876073346
0.724,0.255558214995664
0.7245,0.248326278276617
0.725,0.240436892724445
0.7255,0.232876231530359
0.726,0.225644294699198
0.7265,0.217754909023861
0.727,0.210194247710901
0.7275,0.202962310765265
0.728,0.195730373782633
0.7285,0.187840987940924
0.729,0.179951602054589
0.7295,0.173048389367194
0.73,0.165159003396347
0.7305,0.157598341798241
0.731,0.150366404578071
0.7315,0.142805742897376
0.732,0.135245081174063
0.7325,0.128013143833372
0.733,0.120123757598489
0.7335,0.112891820174968
0.734,0.10533115828035
0.7345,0.0980992207747854
0.735,0.090209834358908
0.7355,0.0826491723315363
0.736,0.0754172346982209
0.7365,0.06752784814212
0.737,0.0599671859795269
0.7375,0.0527352482160993
0.738,0.0566799415467943
0.7385,0.0645693281708689
0.739,0.0721299903058262
0.7395,0.0796906523956024
0.74,0.0872513144404717
0.7405,0.0944832520068398
0.741,0.102372638396587
0.7415,0.109933300308381
0.742,0.117493962176365
0.7425,0.124725899574566
0.743,0.132286561357628
0.7435,0.139847223097692
0.744,0.147079160374292
0.7445,0.154968546449919
0.745,0.16220048364556
0.7455,0.170089869633441
0.746,0.177650531162623
0.7465,0.184882468238794
0.747,0.192771854097202
0.7475,0.200003791095037
0.748,0.207564452462208
0.7485,0.21512511378911
0.749,0.222357050673067
0.7495,0.229917711921976
0.75,0.237478373131428
0.7505,0.2447103099038
0.751,0.252270971036845
0.7515,0.259831632131244
0.752,0.26739229318727
0.7525,0.275281678596422
0.753,0.282513615185302
0.7535,0.289745551739827
0.754,0.297306212646721
0.7545,0.305524322286155
0.755,0.312756258732964
0.7555,0.319988195146421
0.756,0.327877580286982
0.7565,0.335109516631479
0.757,0.342670177320408
0.7575,0.35088828672479
0.758,0.34529997233434
0.7585,0.337739311657743
0.759,0.330836099704596
0.7595,0.323275438959759
0.76,0.31571477817885
0.7605,0.307825392977409
0.761,0.300593456507723
0.7615,0.292704071229559
0.762,0.285472134689019
0.7625,0.277911473723641
0.763,0.271008261504929
0.7635,0.263118876073346
0.764,0.255886939391145
0.7645,0.247997553879456
0.765,0.240436892724445
0.7655,0.232876231530359
0.766,0.225644294699198
0.7665,0.217754909023861
0.767,0.210194247710901
0.7675,0.202962310765265
0.768,0.195401649373449
0.7685,0.187840987940924
0.769,0.180280326467414
0.7695,0.172719664952647
0.77,0.165159003396347
0.7705,0.157927066216423
0.771,0.150037680158053
0.7715,0.142477018475511
0.772,0.134916356750339
0.7725,0.127684419407859
0.773,0.120123757598489
0.7735,0.112563095745678
0.774,0.105002433849153
0.7745,0.0980992207747854
0.775,0.090209834358908
0.7755,0.0826491723315363
0.776,0.0754172346982209
0.7765,0.06752784814212
0.777,0.0602959104223255
0.7775,0.0527352482160993
0.778,0.0570086659904563
0.7785,0.0642406037291895
0.779,0.0718012658661174
0.7795,0.0796906523956024
0.78,0.0872513144404717
0.7805,0.0944832520068398
0.781,0.102372638396587
0.7815,0.109604575878346
0.782,0.11716523774823
0.7825,0.124068450721823
0.783,0.131957836933174
0.7835,0.139518498675101
0.784,0.147079160374292
0.7845,0.154968546449919
0.785,0.162529208062631
0.7855,0.169761145218187
0.786,0.177321806749173
0.7865,0.184882468238794
0.787,0.192443129687324
0.7875,0.200332515503147
0.788,0.207235728055779
0.7885,0.214796389384426
0.789,0.222028326270041
0.7895,0.229917711921976
0.79,0.237478373131428
0.7905,0.245039034301696
0.791,0.252928419829193
0.7915,0.26016035652578
0.792,0.267721017580144
0.7925,0.274952954205198
0.793,0.282513615185302
0.7935,0.290074276127857
0.794,0.297306212646721
0.7945,0.305195597901413
0.795,0.312756258732964
0.7955,0.319659470764711
0.796,0.327548855906908
0.7965,0.335109516631479
0.797,0.342670177320408
0.7975,0.350230837973969
0.798,0.34529997233434
0.7985,0.338068036035724
0.799,0.331164824083993
0.7995,0.323275438959759
0.8,0.31571477817885
0.8005,0.307825392977409
0.801,0.300264732121937
0.8015,0.293361520004281
0.802,0.285143410300001
0.8025,0.278240198114223
0.803,0.270679537112774
0.8035,0.263118876073346
0.804,0.255229490600111
0.8045,0.248326278276617
0.805,0.240436892724445
0.8055,0.233204955930918
0.806,0.225315570296922
0.8065,0.217754909023861
0.807,0.210194247710901
0.8075,0.202633586357768
0.808,0.195730373782633
0.8085,0.188169712351884
0.809,0.179951602054589
0.8095,0.173048389367194
0.81,0.165487727812706
0.8105,0.157598341798241
0.811,0.150366404578071
0.8115,0.142477018475511
0.812,0.134916356750339
0.8125,0.128013143833372
0.813,0.120452482025884
0.8135,0.112891820174968
0.814,0.10533115828035
0.8145,0.0977704963417544
0.815,0.090209834358908
0.8155,0.0823204478945494
0.816,0.0750885102593651
0.8165,0.0678565725829413
0.817,0.0599671859795269
0.8175,0.0524065237713115
0.818,0.0573373904340318
0.8185,0.0645693281708689
0.819,0.0718012658661174
0.8195,0.0800193768332677
0.82,0.0869225900046683
0.8205,0.095140700874493
0.821,0.102372638396587
0.8215,0.109933300308381
0.822,0.11716523774823
0.8225,0.125054624000814
0.823,0.132615285782001
0.8235,0.139847223097692
0.824,0.147407884795031
0.8245,0.154968546449919
0.825,0.162529208062631
0.8255,0.169761145218187
0.826,0.177650531162623
0.8265,0.185211192650452
0.827,0.192771854097202
0.8275,0.200003791095037
0.828,0.207564452462208
0.8285,0.21512511378911
0.829,0.222685775076018
0.8295,0.229917711921976
0.83,0.237478373131428
0.8305,0.2447103099038
0.831,0.252599695433056
0.8315,0.26016035652578
0.832,0.268049741972946
0.8325,0.274952954205198
0.833,0.282513615185302
0.8335,0.289745551739827
0.834,0.29796366141948
0.8345,0.304866873516602
0.835,0.312756258732964
0.8355,0.319988195146421
0.836,0.327877580286982
0.8365,0.334780792252893
0.837,0.343327626074291
0.8375,0.350230837973969
0.838,0.345628696710781
0.8385,0.338396760413637
0.839,0.330507375325133
0.8395,0.323275438959759
0.84,0.315386053796249
0.8405,0.308154117361596
0.841,0.300264732121937
0.8415,0.293032795616955
0.842,0.285143410300001
0.8425,0.277911473723641
0.843,0.270350812720547
0.8435,0.263118876073346
0.844,0.255558214995664
0.8445,0.24766882948222
0.845,0.240108168325517
0.8455,0.232876231530359
0.846,0.225644294699198
0.8465,0.218083633427865
0.847,0.210194247710901
0.8475,0.202633586357768
0.848,0.195401649373449
0.8485,0.187840987940924
0.849,0.180609050880162
0.8495,0.172390940538021
0.85,0.165487727812706
0.8505,0.157598341798241
0.851,0.150037680158053
0.8515,0.142477018475511
0.852,0.135245081174063
0.8525,0.127355694982264
0.853,0.119795033171011
0.8535,0.112234371316306
0.854,0.10533115828035
0.8545,0.0974417719086398
0.855,0.0898811099238632
0.8555,0.0826491723315363
0.856,0.0754172346982209
0.8565,0.0678565725829413
0.857,0.0596384615366421
0.8575,0.0527352482160993
0.858,0.0570086659904563
0.8585,0.0645693281708689
0.859,0.0724587147454497
0.8595,0.0796906523956024
0.86,0.0872513144404717
0.8605,0.0941545275728874
0.861,0.102372638396587
0.8615,0.109933300308381
0.862,0.117493962176365
0.8625,0.124725899574566
0.863,0.132286561357628
0.8635,0.139847223097692
0.864,0.147736609215689
0.8645,0.15463982203102
0.865,0.16220048364556
0.8655,0.170089869633441
0.866,0.177321806749173
0.8665,0.184882468238794
0.867,0.192114405277369
0.8675,0.200003791095037
0.868,0.207235728055779
0.8685,0.21512511378911
0.869,0.222685775076018
0.8695,0.229917711921976
0.87,0.238135821930394
0.8705,0.2447103099038
0.871,0.252599695433056
0.8715,0.26016035652578
0.872,0.26739229318727
0.8725,0.274952954205198
0.873,0.282513615185302
0.8735,0.291060449291523
0.874,0.297306212646721
0.8745,0.305195597901413
0.875,0.312756258732964
0.8755,0.319988195146421
0.876,0.327877580286982
0.8765,0.335438241009997
0.877,0.342670177320408
0.8775,0.350559562349413
0.878,0.345957421087155
0.8785,0.338068036035724
0.879,0.330836099704596
0.8795,0.323275438959759
0.88,0.315386053796249
0.8805,0.308482841745715
0.881,0.300593456507723
0.8815,0.293361520004281
0.882,0.285472134689019
0.8825,0.278240198114223
0.883,0.270679537112774
0.8835,0.262790151679461
0.884,0.255558214995664
0.8845,0.24766882948222
0.885,0.240436892724445
0.8855,0.232876231530359
0.886,0.225644294699198
0.8865,0.218412357831794
0.887,0.210194247710901
0.8875,0.202633586357768
0.888,0.195401649373449
0.8885,0.187840987940924
0.889,0.180280326467414
0.8895,0.172719664952647
0.89,0.165159003396347
0.8905,0.157598341798241
0.891,0.150366404578071
0.8915,0.142148294053566
0.892,0.134916356750339
0.8925,0.127684419407859
0.893,0.120781206453198
0.8935,0.112563095745678
0.894,0.105002433849153
0.8945,0.0977704963417544
0.895,0.090209834358908
0.8955,0.0826491723315363
0.896,0.0754172346982209
0.8965,0.06752784814212
0.897,0.0606246348650378
0.8975,0.0520777993264369
0.898,0.0573373904340318
0.8985,0.0642406037291895
0.899,0.0724587147454497
0.8995,0.0793619279578522
0.9,0.0872513144404717
0.9005,0.095140700874493
0.901,0.102372638396587
0.9015,0.109933300308381
0.902,0.11716523774823
0.9025,0.125383348426981
0.903,0.132286561357628
0.9035,0.139847223097692
0.904,0.147079160374292
0.9045,0.15463982203102
0.905,0.16220048364556
0.9055,0.170089869633441
0.906,0.177979255575996
0.9065,0.184882468238794
0.907,0.192114405277369
0.9075,0.200003791095037
0.908,0.207235728055779
0.9085,0.214796389384426
0.909,0.222685775076018
0.9095,0.229917711921976
0.91,0.237478373131428
0.9105,0.245039034301696
0.911,0.252599695433056
0.9115,0.259831632131244
0.912,0.267721017580144
0.9125,0.274952954205198
0.913,0.282842339574888
0.9135,0.290074276127857
0.914,0.297634937033136
0.9145,0.305195597901413
0.915,0.312756258732964
0.9155,0.319988195146421
0.916,0.327548855906908
0.9165,0.335438241009997
0.917,0.342341452943366
0.9175,0.350559562349413
0.918,0.345957421087155
0.9185,0.338725484791483
0.919,0.330507375325133
0.9195,0.323275438959759
0.92,0.31571477817885
0.9205,0.308154117361596
0.921,0.300593456507723
0.9215,0.293032795616955
0.922,0.285472134689019
0.9225,0.277911473723641
0.923,0.270679537112774
0.9235,0.263118876073346
0.924,0.255558214995664
0.9245,0.248326278276617
0.925,0.240436892724445
0.9255,0.232876231530359
0.926,0.225644294699198
0.9265,0.218083633427865
0.927,0.210194247710901
0.9275,0.202962310765265
0.928,0.195401649373449
0.9285,0.188169712351884
0.929,0.180609050880162
0.9295,0.173377113781663
0.93,0.165159003396347
0.9305,0.157598341798241
0.931,0.150695128998008
0.9315,0.142805742897376
0.932,0.135573805597706
0.9325,0.128013143833372
0.933,0.120452482025884
0.9335,0.112891820174968
0.934,0.10533115828035
0.9345,0.0977704963417544
0.935,0.090209834358908
0.9355,0.0826491723315363
0.936,0.0754172346982209
0.9365,0.06752784814212
0.937,0.0599671859795269
0.9375,0.0524065237713115
0.938,0.0570086659904563
0.9385,0.0645693281708689
0.939,0.0721299903058262
0.9395,0.0796906523956024
0.94,0.0869225900046683
0.9405,0.095140700874493
0.941,0.102372638396587
0.9415,0.109604575878346
0.942,0.117493962176365
0.9425,0.125054624000814
0.943,0.132615285782001
0.9435,0.140175947520202
0.944,0.147407884795031
0.9445,0.154968546449919
0.945,0.162529208062631
0.9455,0.169761145218187
0.946,0.177321806749173
0.9465,0.184882468238794
0.947,0.192771854097202
0.9475,0.200332515503147
0.948,0.207564452462208
0.9485,0.214796389384426
0.949,0.222357050673067
0.9495,0.230246436323206
0.95,0.237149648731834
0.9505,0.245039034301696
0.951,0.252928419829193
0.9515,0.259831632131244
0.952,0.26739229318727
0.9525,0.274952954205198
0.953,0.282184890795646
0.9535,0.290403000515816
0.954,0.297634937033136
0.9545,0.304866873516602
0.955,0.312756258732964
0.9555,0.319988195146421
0.956,0.327877580286982
0.9565,0.335109516631479
0.957,0.342670177320408
0.9575,0.350559562349413
0.958,0.345957421087155
0.9585,0.338396760413637
0.959,0.330836099704596
0.9595,0.322946714578732
0.96,0.31571477817885
0.9605,0.308482841745715
0.961,0.300922180893439
0.9615,0.293361520004281
0.962,0.286129583466844
0.9625,0.277911473723641
0.963,0.270350812720547
0.9635,0.263447600467158
0.964,0.255558214995664
0.9645,0.247997553879456
0.965,0.240108168325517
0.9655,0.232547507129725
0.966,0.225644294699198
0.9665,0.217754909023861
0.967,0.20986552330508
0.9675,0.202633586357768
0.968,0.195072924964188
0.9685,0.187512263529886
0.969,0.180280326467414
0.9695,0.172719664952647
0.97,0.165159003396347
0.9705,0.157927066216423
0.971,0.150037680158053
0.9715,0.142805742897376
0.972,0.135245081174063
0.9725,0.127684419407859
0.973,0.120123757598489
0.9735,0.112891820174968
0.974,0.105002433849153
0.9745,0.0977704963417544
0.975,0.0905385587938687
0.9755,0.0826491723315363
0.976,0.0747597858204241
0.9765,0.06752784814212
0.977,0.0599671859795269
0.9775,0.0527352482160993
0.978,0.0570086659904563
0.9785,0.0645693281708689
0.979,0.0724587147454497
0.9795,0.0796906523956024
0.98,0.0872513144404717
0.9805,0.0944832520068398
0.981,0.102372638396587
0.9815,0.110262024738333
0.982,0.11716523774823
0.9825,0.125054624000814
0.983,0.132286561357628
0.9835,0.139847223097692
0.984,0.147079160374292
0.9845,0.154968546449919
0.985,0.162857932479623
0.9855,0.169761145218187
0.986,0.177650531162623
0.9865,0.184882468238794
0.987,0.192443129687324
0.9875,0.200332515503147
0.988,0.207564452462208
0.9885,0.21512511378911
0.989,0.222357050673067
0.9895,0.230246436323206
0.99,0.237149648731834
0.9905,0.245367758699519
0.991,0.252599695433056
0.9915,0.26016035652578
0.992,0.267721017580144
0.9925,0.275281678596422
0.993,0.282513615185302
0.9935,0.290403000515816
0.994,0.29796366141948
0.9945,0.304538149131721
0.995,0.312427534349744
0.9955,0.320316919528062
0.996,0.327877580286982
0.9965,0.335766965388449
0.997,0.342998901697383
0.9975,0.350230837973969
0.998,0.345628696710781
0.9985,0.338068036035724
0.999,0.330836099704596
0.9995,0.322946714578732
1,0.315057329413579
1.0005,0.308482841745715
1.001,0.300593456507723
1.0015,0.293032795616955
1.002,0.285800859077967
1.0025,0.277911473723641
1.003,0.270350812720547
1.0035,0.263118876073346
1.004,0.255558214995664
1.0045,0.247997553879456
1.005,0.240436892724445
1.0055,0.233204955930918
1.006,0.225644294699198
1.0065,0.217754909023861
1.007,0.210522972116646
1.0075,0.202633586357768
1.008,0.195401649373449
1.0085,0.187840987940924
1.009,0.180280326467414
1.0095,0.173048389367194
1.01,0.165487727812706
1.0105,0.157598341798241
1.011,0.150037680158053
1.0115,0.142148294053566
1.012,0.134916356750339
1.0125,0.127684419407859
1.013,0.119795033171011
1.0135,0.112891820174968
1.014,0.105659882711463
1.0145,0.0974417719086398
1.015,0.0898811099238632
1.0155,0.0826491723315363
1.016,0.0747597858204241
1.0165,0.06752784814212
1.017,0.0599671859795269
1.0175,0.0524065237713115
1.018,0.0570086659904563
1.0185,0.0645693281708689
1.019,0.0718012658661174
1.0195,0.0796906523956024
1.02,0.0875800388761907
1.0205,0.0944832520068398
1.021,0.102701362828449
1.0215,0.109604575878346
1.022,0.11716523774823
1.0225,0.124725899574566
1.023,0.132286561357628
1.0235,0.139847223097692
1.024,0.147407884795031
1.0245,0.154968546449919
1.025,0.16220048364556
1.0255,0.170089869633441
1.026,0.177650531162623
1.0265,0.184553743827058
1.027,0.192443129687324
1.0275,0.200003791095037
1.028,0.207235728055779
1.0285,0.21512511378911
1.029,0.222028326270041
1.0295,0.230246436323206
1.03,0.237478373131428
1.0305,0.2447103099038
1.031,0.252270971036845
1.0315,0.26016035652578
1.032,0.26739229318727
1.0325,0.275281678596422
1.033,0.282842339574888
1.0335,0.290074276127857
1.034,0.297634937033136
1.0345,0.305195597901413
1.035,0.312756258732964
1.0355,0.319988195146421
1.036,0.327877580286982
1.0365,0.335109516631479
1.037,0.342998901697383
1.0375,0.349902113598459
1.038,0.345628696710781
1.0385,0.338068036035724
1.039,0.330836099704596
1.0395,0.322946714578732
1.04,0.31571477817885
1.0405,0.308154117361596
1.041,0.300593456507723
1.0415,0.292704071229559
1.042,0.285472134689019
1.0425,0.278240198114223
1.043,0.270679537112774
1.0435,0.263118876073346
1.044,0.255558214995664
1.0445,0.247997553879456
1.045,0.2407656171233
1.0455,0.233204955930918
1.046,0.225644294699198
1.0465,0.218083633427865
1.047,0.210194247710901
1.0475,0.202633586357768
1.048,0.195401649373449
1.0485,0.187840987940924
1.049,0.179951602054589
1.0495,0.173048389367194
1.05,0.165487727812706
1.0505,0.157927066216423
1.051,0.150695128998008
1.0515,0.142477018475511
1.052,0.135573805597706
1.0525,0.127684419407859
1.053,0.120123757598489
1.0535,0.113220544604176
1.054,0.10533115828035
1.0545,0.0977704963417544
1.055,0.090209834358908
1.0555,0.0826491723315363
1.056,0.0750885102593651
1.0565,0.06752784814212
1.057,0.0599671859795269
1.0575,0.0524065237713115
1.058,0.0573373904340318
1.0585,0.0648980526124625
1.059,0.0721299903058262
1.0595,0.0806768257083436
1.06,0.0872513144404717
1.0605,0.095140700874493
1.061,0.102043913964641
1.0615,0.110262024738333
1.062,0.117493962176365
1.0625,0.124725899574566
1.063,0.132286561357628
1.0635,0.140175947520202
1.064,0.147407884795031
1.0645,0.154968546449919
1.065,0.162529208062631
1.0655,0.170089869633441
1.066,0.177650531162623
1.0665,0.184882468238794
1.067,0.192443129687324
1.0675,0.199675066686851
1.068,0.207564452462208
1.0685,0.21512511378911
1.069,0.222357050673067
1.0695,0.229917711921976
1.07,0.237478373131428
1.0705,0.245367758699519
1.071,0.252599695433056
1.0715,0.26016035652578
1.072,0.26739229318727
1.0725,0.275281678596422
1.073,0.282842339574888
1.0735,0.289745551739827
1.074,0.29796366141948
1.0745,0.305524322286155
1.075,0.312756258732964
1.0755,0.320316919528062
1.076,0.327877580286982
1.0765,0.335438241009997
1.077,0.342998901697383
1.0775,0.350230837973969
1.078,0.345628696710781
1.0785,0.338396760413637
1.079,0.330507375325133
1.0795,0.322946714578732
1.08,0.31571477817885
1.0805,0.308482841745715
1.081,0.300264732121937
1.0815,0.293032795616955
1.082,0.285472134689019
1.0825,0.277911473723641
1.083,0.270679537112774
1.0835,0.263447600467158
1.084,0.255558214995664
1.0845,0.247997553879456
1.085,0.2407656171233
1.0855,0.232876231530359
1.086,0.225644294699198
1.0865,0.218083633427865
1.087,0.210522972116646
1.0875,0.202962310765265
1.088,0.195072924964188
1.0885,0.187840987940924
1.089,0.180609050880162
1.0895,0.173048389367194
1.09,0.165487727812706
1.0905,0.157598341798241
1.091,0.150366404578071
1.0915,0.142477018475511
1.092,0.134587632326535
1.0925,0.128013143833372
1.093,0.120123757598489
1.0935,0.112891820174968
1.094,0.10533115828035
1.0945,0.0977704963417544
1.095,0.0898811099238632
1.0955,0.0823204478945494
1.096,0.0754172346982209
1.0965,0.0678565725829413
1.097,0.0599671859795269
1.0975,0.0527352482160993
1.098,0.0570086659904563
1.0985,0.0652267770539701
1.099,0.0724587147454497
1.0995,0.0796906523956024
1.1,0.0875800388761907
1.1005,0.0948119764407084
1.101,0.102372638396587
1.1015,0.109604575878346
1.102,0.117493962176365
1.1025,0.125054624000814
1.103,0.132286561357628
1.1035,0.140175947520202
1.104,0.147407884795031
1.1045,0.15463982203102
1.105,0.16220048364556
1.1055,0.170089869633441
1.106,0.177321806749173
1.1065,0.185211192650452
1.107,0.192443129687324
1.1075,0.200003791095037
1.108,0.207235728055779
1.1085,0.21512511378911
1.109,0.222685775076018
1.1095,0.230246436323206
1.11,0.237807097530948
1.1105,0.245039034301696
1.111,0.252599695433056
1.1115,0.26016035652578
1.112,0.267721017580144
1.1125,0.275610402987574
1.113,0.282184890795646
1.1135,0.290403000515816
1.114,0.29796366141948
1.1145,0.305195597901413
1.115,0.312098809966454
1.1155,0.320316919528062
1.116,0.327548855906908
1.1165,0.335438241009997
1.117,0.342998901697383
1.1175,0.350230837973969
1.118,0.345957421087155
1.1185,0.338068036035724
1.119,0.330836099704596
1.1195,0.322946714578732
1.12,0.31571477817885
1.1205,0.308482841745715
1.121,0.300593456507723
1.1215,0.293361520004281
1.122,0.285472134689019
1.1225,0.278240198114223
1.123,0.270350812720547
1.1235,0.263447600467158
1.124,0.255558214995664
1.1245,0.247997553879456
1.125,0.240436892724445
1.1255,0.232547507129725
1.126,0.225644294699198
1.1265,0.217754909023861
1.127,0.210194247710901
1.1275,0.202633586357768
1.128,0.195072924964188
1.1285,0.187840987940924
1.129,0.180609050880162
1.1295,0.172719664952647
1.13,0.165487727812706
1.1305,0.157927066216423
1.131,0.150695128998008
1.1315,0.142477018475511
1.132,0.135245081174063
1.1325,0.128013143833372
1.133,0.120123757598489
1.1335,0.112563095745678
1.134,0.10533115828035
1.1345,0.0977704963417544
1.135,0.0898811099238632
1.1355,0.0823204478945494
1.136,0.0750885102593651
1.1365,0.06752784814212
1.137,0.0596384615366421
1.1375,0.0524065237713115
1.138,0.0570086659904563
1.1385,0.0645693281708689
1.139,0.0724587147454497
1.1395,0.0800193768332677
1.14,0.0872513144404717
1.1405,0.095140700874493
1.141,0.102372638396587
1.1415,0.109933300308381
1.142,0.117493962176365
1.1425,0.125054624000814
1.143,0.132286561357628
1.1435,0.139847223097692
1.144,0.147407884795031
1.1445,0.155297270868738
1.145,0.16220048364556
1.1455,0.169761145218187
1.146,0.177650531162623
1.1465,0.185211192650452
1.147,0.192443129687324
1.1475,0.200003791095037
1.148,0.207564452462208
1.1485,0.215453838193718
1.149,0.222685775076018
1.1495,0.229917711921976
1.15,0.237478373131428
1.1505,0.245367758699519
1.151,0.252599695433056
1.1515,0.26016035652578
1.152,0.26739229318727
1.1525,0.275281678596422
1.153,0.282842339574888
1.1535,0.290074276127857
1.154,0.297634937033136
1.1545,0.305195597901413
1.155,0.312756258732964
1.1555,0.320645643909635
1.156,0.328206304666988
1.1565,0.335109516631479
1.157,0.342670177320408
1.1575,0.350230837973969
1.158,0.34529997233434
1.1585,0.338068036035724
1.159,0.330836099704596
1.1595,0.322617990197638
1.16,0.31571477817885
1.1605,0.308154117361596
1.161,0.300922180893439
1.1615,0.293032795616955
1.162,0.285472134689019
1.1625,0.277911473723641
1.163,0.270022088328248
1.1635,0.263447600467158
1.164,0.255229490600111
1.1645,0.247997553879456
1.165,0.240436892724445
1.1655,0.232547507129725
1.166,0.225973019101399
1.1665,0.218083633427865
1.167,0.210194247710901
1.1675,0.202962310765265
1.168,0.195401649373449
1.1685,0.188169712351884
1.169,0.180280326467414
1.1695,0.172719664952647
1.17,0.165487727812706
1.1705,0.157927066216423
1.171,0.150366404578071
1.1715,0.142477018475511
1.172,0.135245081174063
1.1725,0.127684419407859
1.173,0.120452482025884
1.1735,0.112563095745678
1.174,0.10533115828035
1.1745,0.0977704963417544
1.175,0.090209834358908
1.1755,0.0826491723315363
1.176,0.0754172346982209
1.1765,0.0678565725829413
1.177,0.0602959104223255
1.1775,0.0527352482160993
1.178,0.0573373904340318
1.1785,0.0648980526124625
1.179,0.0721299903058262
1.1795,0.0796906523956024
1.18,0.0872513144404717
1.1805,0.0948119764407084
1.181,0.102372638396587
1.1815,0.109604575878346
1.182,0.117493962176365
1.1825,0.124725899574566
1.183,0.132286561357628
1.1835,0.140175947520202
1.184,0.147407884795031
1.1845,0.15463982203102
1.185,0.163186656896535
1.1855,0.169761145218187
1.186,0.177321806749173
1.1865,0.185539917062033
1.187,0.192443129687324
1.1875,0.200003791095037
1.188,0.207564452462208
1.1885,0.21512511378911
1.189,0.222685775076018
1.1895,0.229917711921976
1.19,0.237478373131428
1.1905,0.245039034301696
1.191,0.252599695433056
1.1915,0.26016035652578
1.192,0.26739229318727
1.1925,0.275281678596422
1.193,0.282842339574888
1.1935,0.289745551739827
1.194,0.297634937033136
1.1945,0.305195597901413
1.195,0.312756258732964
1.1955,0.319988195146421
1.196,0.327877580286982
1.1965,0.335438241009997
1.197,0.342998901697383
1.1975,0.350230837973969
1.198,0.34529997233434
1.1985,0.338068036035724
1.199,0.330507375325133
1.1995,0.322946714578732
1.2,0.31571477817885
1.2005,0.308154117361596
1.201,0.299936007736081
1.2015,0.293032795616955
1.202,0.285472134689019
1.2025,0.277911473723641
1.203,0.270679537112774
1.2035,0.262790151679461
1.204,0.255229490600111
1.2045,0.247997553879456
1.205,0.240108168325517
1.2055,0.233204955930918
1.206,0.225644294699198
1.2065,0.218083633427865
1.207,0.210522972116646
1.2075,0.202962310765265
1.208,0.195401649373449
1.2085,0.187840987940924
1.209,0.180280326467414
1.2095,0.172719664952647
1.21,0.165487727812706
1.2105,0.158255790634525
1.211,0.150366404578071
1.2115,0.142477018475511
1.212,0.135573805597706
1.2125,0.127684419407859
1.213,0.120123757598489
1.2135,0.112563095745678
1.214,0.10533115828035
1.2145,0.0977704963417544
1.215,0.0898811099238632
1.2155,0.0823204478945494
1.216,0.0750885102593651
1.2165,0.0671991237012131
1.217,0.0602959104223255
1.2175,0.0524065237713115
1.218,0.0573373904340318
1.2185,0.0648980526124625
1.219,0.0721299903058262
1.2195,0.080348101270848
1.22,0.0875800388761907
1.2205,0.0944832520068398
1.221,0.102372638396587
1.2215,0.109933300308381
1.222,0.117493962176365
1.2225,0.124725899574566
1.223,0.132286561357628
1.2235,0.139847223097692
1.224,0.147407884795031
1.2245,0.154968546449919
1.225,0.16220048364556
1.2255,0.170089869633441
1.226,0.177650531162623
1.2265,0.185211192650452
1.227,0.192771854097202
1.2275,0.199675066686851
1.228,0.207235728055779
1.2285,0.21512511378911
1.229,0.222685775076018
1.2295,0.230246436323206
1.23,0.237807097530948
1.2305,0.245039034301696
1.231,0.252928419829193
1.2315,0.26016035652578
1.232,0.267063568794324
1.2325,0.275281678596422
1.233,0.282842339574888
1.2335,0.290074276127857
1.234,0.297306212646721
1.2345,0.305195597901413
1.235,0.312427534349744
1.2355,0.319988195146421
1.236,0.327548855906908
1.2365,0.335109516631479
1.237,0.342670177320408
1.2375,0.350230837973969
1.238,0.34529997233434
1.2385,0.338068036035724
1.239,0.330178650945601
1.2395,0.323275438959759
1.24,0.31571477817885
1.2405,0.308154117361596
1.241,0.300264732121937
1.2415,0.293032795616955
1.242,0.285472134689019
1.2425,0.278240198114223
1.243,0.270679537112774
1.2435,0.263118876073346
1.244,0.255558214995664
1.2445,0.24766882948222
1.245,0.240436892724445
1.2455,0.232547507129725
1.246,0.225644294699198
1.2465,0.217426184619781
1.247,0.210194247710901
1.2475,0.202633586357768
1.248,0.195072924964188
1.2485,0.188169712351884
1.249,0.179622877641685
1.2495,0.173048389367194
1.25,0.165159003396347
1.2505,0.157598341798241
1.251,0.150366404578071
1.2515,0.142805742897376
1.252,0.134916356750339
1.2525,0.127684419407859
1.253,0.120123757598489
1.2535,0.112563095745678
1.254,0.10533115828035
1.2545,0.0977704963417544
1.255,0.090209834358908
1.2555,0.0826491723315363
1.256,0.0750885102593651
1.2565,0.06752784814212
1.257,0.0599671859795269
1.2575,0.0527352482160993
1.258,0.0573373904340318
1.2585,0.0648980526124625
1.259,0.0721299903058262
1.2595,0.0800193768332677
1.26,0.0872513144404717
1.2605,0.0948119764407084
1.261,0.102043913964641
1.2615,0.109933300308381
1.262,0.117493962176365
1.2625,0.125054624000814
1.263,0.131957836933174
1.2635,0.139847223097692
1.264,0.147079160374292
1.2645,0.15463982203102
1.265,0.162857932479623
1.2655,0.169761145218187
1.266,0.177321806749173
1.2665,0.184882468238794
1.267,0.192443129687324
1.2675,0.200003791095037
1.268,0.207564452462208
1.2685,0.21512511378911
1.269,0.222685775076018
1.2695,0.229917711921976
1.27,0.237807097530948
1.2705,0.245039034301696
1.271,0.252270971036845
1.2715,0.26016035652578
1.272,0.267721017580144
1.2725,0.274952954205198
1.273,0.282842339574888
1.2735,0.290403000515816
1.274,0.297634937033136
1.2745,0.305853046670828
1.275,0.312756258732964
1.2755,0.320316919528062
1.276,0.327548855906908
1.2765,0.335109516631479
1.277,0.342670177320408
1.2775,0.350559562349413
1.278,0.345628696710781
1.2785,0.338396760413637
1.279,0.330507375325133
1.2795,0.323275438959759
1.28,0.31571477817885
1.2805,0.308482841745715
1.281,0.300593456507723
1.2815,0.293032795616955
1.282,0.285472134689019
1.2825,0.277911473723641
1.283,0.270022088328248
1.2835,0.262790151679461
1.284,0.255558214995664
1.2845,0.247997553879456
1.285,0.240436892724445
1.2855,0.232547507129725
1.286,0.225315570296922
1.2865,0.217426184619781
1.287,0.210522972116646
1.2875,0.202962310765265
1.288,0.195072924964188
1.2885,0.187512263529886
1.289,0.180280326467414
1.2895,0.172390940538021
1.29,0.165159003396347
1.2905,0.157927066216423
1.291,0.150695128998008
1.2915,0.142805742897376
1.292,0.134916356750339
1.2925,0.127684419407859
1.293,0.119795033171011
1.2935,0.112891820174968
1.294,0.10533115828035
1.2945,0.0974417719086398
1.295,0.090209834358908
1.2955,0.0826491723315363
1.296,0.0750885102593651
1.2965,0.0678565725829413
1.297,0.0599671859795269
1.2975,0.0524065237713115
1.298,0.0573373904340318
1.2985,0.0648980526124625
1.299,0.0727874391849877
1.2995,0.0796906523956024
1.3,0.0875800388761907
1.3005,0.0948119764407084
1.301,0.102701362828449
1.3015,0.110262024738333
1.302,0.117822686604418
1.3025,0.125054624000814
1.303,0.132615285782001
1.3035,0.140175947520202
1.304,0.147407884795031
1.3045,0.154968546449919
1.305,0.162857932479623
1.3055,0.170089869633441
1.306,0.177650531162623
1.3065,0.184882468238794
1.307,0.192443129687324
1.3075,0.200003791095037
1.308,0.207564452462208
1.3085,0.214796389384426
1.309,0.222685775076018
1.3095,0.229917711921976
1.31,0.237478373131428
1.3105,0.245039034301696
1.311,0.252599695433056
1.3115,0.259831632131244
1.312,0.26739229318727
1.3125,0.275610402987574
1.313,0.282513615185302
1.3135,0.290403000515816
1.314,0.297634937033136
1.3145,0.304866873516602
1.315,0.312756258732964
1.3155,0.320316919528062
1.316,0.327548855906908
1.3165,0.335109516631479
1.317,0.342998901697383
1.3175,0.350230837973969
1.318,0.345628696710781
1.3185,0.338396760413637
1.319,0.330836099704596
1.3195,0.322946714578732
1.32,0.315386053796249
1.3205,0.308154117361596
1.321,0.300593456507723
1.3215,0.293032795616955
1.322,0.285472134689019
1.3225,0.277582749332989
1.323,0.270679537112774
1.3235,0.262790151679461
1.324,0.255558214995664
1.3245,0.248326278276617
1.325,0.2407656171233
1.3255,0.232547507129725
1.326,0.225644294699198
1.3265,0.218083633427865
1.327,0.210194247710901
1.3275,0.202633586357768
1.328,0.195072924964188
1.3285,0.187840987940924
1.329,0.180280326467414
1.3295,0.172719664952647
1.33,0.165487727812706
1.3305,0.157927066216423
1.331,0.150037680158053
1.3315,0.142805742897376
1.332,0.134916356750339
1.3325,0.128013143833372
1.333,0.120123757598489
1.3335,0.112563095745678
1.334,0.10533115828035
1.3345,0.0974417719086398
1.335,0.0898811099238632
1.3355,0.0823204478945494
1.336,0.0750885102593651
1.3365,0.06752784814212
1.337,0.0599671859795269
1.3375,0.0524065237713115
1.338,0.0573373904340318
1.3385,0.0648980526124625
1.339,0.0721299903058262
1.3395,0.0796906523956024
1.34,0.0875800388761907
1.3405,0.095140700874493
1.341,0.102372638396587
1.3415,0.109604575878346
1.342,0.117493962176365
1.3425,0.124725899574566
1.343,0.132615285782001
1.3435,0.139847223097692
1.344,0.147407884795031
1.3445,0.155297270868738
1.345,0.162529208062631
1.3455,0.169761145218187
1.346,0.177650531162623
1.3465,0.184882468238794
1.347,0.192771854097202
1.3475,0.200332515503147
1.348,0.207893176868561
1.3485,0.214796389384426
1.349,0.223014499478893
1.3495,0.229917711921976
1.35,0.237478373131428
1.3505,0.245039034301696
1.351,0.252928419829193
1.3515,0.259831632131244
1.352,0.26739229318727
1.3525,0.275281678596422
1.353,0.282513615185302
1.3535,0.290074276127857
1.354,0.29796366141948
1.3545,0.305195597901413
1.355,0.313084983116116
1.3555,0.320316919528062
1.356,0.327877580286982
1.3565,0.335438241009997
1.357,0.342998901697383
1.3575,0.349902113598459
1.358,0.345628696710781
1.3585,0.338068036035724
1.359,0.330836099704596
1.3595,0.322617990197638
1.36,0.31571477817885
1.3605,0.308154117361596
1.361,0.300264732121937
1.3615,0.293032795616955
1.362,0.285472134689019
1.3625,0.278240198114223
1.363,0.270350812720547
1.3635,0.263118876073346
1.364,0.255558214995664
1.3645,0.247997553879456
1.365,0.240108168325517
1.3655,0.232876231530359
1.366,0.225315570296922
1.3665,0.217754909023861
1.367,0.210522972116646
1.3675,0.202962310765265
1.368,0.195072924964188
1.3685,0.187512263529886
1.369,0.180609050880162
1.3695,0.172390940538021
1.37,0.165487727812706
1.3705,0.157927066216423
1.371,0.150037680158053
1.3715,0.142477018475511
1.372,0.134916356750339
1.3725,0.127684419407859
1.373,0.119795033171011
1.3735,0.112563095745678
1.374,0.105002433849153
1.3745,0.0974417719086398
1.375,0.090209834358908
1.3755,0.0826491723315363
1.376,0.0750885102593651
1.3765,0.0678565725829413
1.377,0.0599671859795269
1.3775,0.0527352482160993
1.378,0.057666114877521
1.3785,0.0648980526124625
1.379,0.0721299903058262
1.3795,0.0800193768332677
1.38,0.0875800388761907
1.3805,0.0944832520068398
1.381,0.102372638396587
1.3815,0.109933300308381
1.382,0.117493962176365
1.3825,0.125383348426981
1.383,0.132615285782001
1.3835,0.140175947520202
1.384,0.147407884795031
1.3845,0.15463982203102
1.385,0.16220048364556
1.3855,0.170418594048617
1.386,0.177650531162623
1.3865,0.184882468238794
1.387,0.192443129687324
1.3875,0.200003791095037
1.388,0.207564452462208
1.3885,0.214796389384426
1.389,0.222685775076018
1.3895,0.230246436323206
1.39,0.237478373131428
1.3905,0.245367758699519
1.391,0.252928419829193
1.3915,0.259831632131244
1.392,0.26739229318727
1.3925,0.274952954205198
1.393,0.282513615185302
1.3935,0.290403000515816
1.394,0.297634937033136
1.3945,0.305524322286155
1.395,0.313084983116116
1.3955,0.320316919528062
1.396,0.327877580286982
1.3965,0.335438241009997
1.397,0.342670177320408
1.3975,0.350559562349413
1.398,0.345628696710781
1.3985,0.337739311657743
1.399,0.330507375325133
1.3995,0.322946714578732
1.4,0.31571477817885
1.4005,0.308154117361596
1.401,0.300922180893439
1.4015,0.293032795616955
1.402,0.285143410300001
1.4025,0.277911473723641
1.403,0.270679537112774
1.4035,0.262790151679461
1.404,0.255229490600111
1.4045,0.247997553879456
1.405,0.240108168325517
1.4055,0.232876231530359
1.406,0.225315570296922
1.4065,0.217754909023861
1.407,0.210522972116646
1.4075,0.202962310765265
1.408,0.195072924964188
1.4085,0.187512263529886
1.409,0.180280326467414
1.4095,0.172719664952647
1.41,0.165159003396347
1.4105,0.157927066216423
1.411,0.150037680158053
1.4115,0.142805742897376
1.412,0.135245081174063
1.4125,0.127355694982264
1.413,0.120452482025884
1.4135,0.112891820174968
1.414,0.105002433849153
1.4145,0.0980992207747854
1.415,0.0898811099238632
1.4155,0.0826491723315363
1.416,0.0750885102593651
1.4165,0.0678565725829413
1.417,0.0596384615366421
1.4175,0.0524065237713115
1.418,0.0570086659904563
1.4185,0.0648980526124625
1.419,0.0718012658661174
1.4195,0.0796906523956024
1.42,0.0872513144404717
1.4205,0.0948119764407084
1.421,0.102372638396587
1.4215,0.110262024738333
1.422,0.117493962176365
1.4225,0.125054624000814
1.423,0.132615285782001
1.4235,0.139847223097692
1.424,0.147736609215689
1.4245,0.154968546449919
1.425,0.16187175922841
1.4255,0.170089869633441
1.426,0.177650531162623
1.4265,0.184882468238794
1.427,0.192771854097202
1.4275,0.199675066686851
1.428,0.207235728055779
1.4285,0.214467664979666
1.429,0.222685775076018
1.4295,0.229917711921976
1.43,0.237807097530948
1.4305,0.245039034301696
1.431,0.252928419829193
1.4315,0.259831632131244
1.432,0.267721017580144
1.4325,0.275281678596422
1.433,0.282842339574888
1.4335,0.290403000515816
1.434,0.29796366141948
1.4345,0.305524322286155
1.435,0.313084983116116
1.4355,0.320316919528062
1.436,0.327877580286982
1.4365,0.335438241009997
1.437,0.342998901697383
1.4375,0.350559562349413
1.438,0.345628696710781
1.4385,0.338396760413637
1.439,0.330836099704596
1.4395,0.322946714578732
1.44,0.315386053796249
1.4405,0.308154117361596
1.441,0.300264732121937
1.4415,0.293032795616955
1.442,0.285143410300001
1.4425,0.277911473723641
1.443,0.270679537112774
1.4435,0.262790151679461
1.444,0.255229490600111
1.4445,0.247997553879456
1.445,0.240436892724445
1.4455,0.232547507129725
1.446,0.225315570296922
1.4465,0.218083633427865
1.447,0.210522972116646
1.4475,0.202633586357768
1.448,0.195401649373449
1.4485,0.187840987940924
1.449,0.180280326467414
1.4495,0.172719664952647
1.45,0.164830278979909
1.4505,0.157598341798241
1.451,0.150366404578071
1.4515,0.142805742897376
1.452,0.135245081174063
1.4525,0.128013143833372
1.453,0.120123757598489
1.4535,0.112563095745678
1.454,0.105002433849153
1.4545,0.0974417719086398
1.455,0.0898811099238632
1.4555,0.0826491723315363
1.456,0.0750885102593651
1.4565,0.0671991237012131
1.457,0.0599671859795269
1.4575,0.0527352482160993
1.458,0.0570086659904563
1.4585,0.0652267770539701
1.459,0.0724587147454497
1.4595,0.0800193768332677
1.46,0.0872513144404717
1.4605,0.0948119764407084
1.461,0.102701362828449
1.4615,0.109933300308381
1.462,0.11716523774823
1.4625,0.125383348426981
1.463,0.132286561357628
1.4635,0.140175947520202
1.464,0.147407884795031
1.4645,0.154968546449919
1.465,0.162529208062631
1.4655,0.170089869633441
1.466,0.177979255575996
1.4665,0.184882468238794
1.467,0.192771854097202
1.4675,0.200003791095037
1.468,0.207893176868561
1.4685,0.214796389384426
1.469,0.222685775076018
1.4695,0.229917711921976
1.47,0.237807097530948
1.4705,0.2447103099038
1.471,0.252599695433056
1.4715,0.259831632131244
1.472,0.267721017580144
1.4725,0.274952954205198
1.473,0.282842339574888
1.4735,0.290074276127857
1.474,0.297634937033136
1.4745,0.305195597901413
1.475,0.312427534349744
1.4755,0.320316919528062
1.476,0.327877580286982
1.4765,0.335438241009997
1.477,0.342998901697383
1.4775,0.350559562349413
1.478,0.345628696710781
1.4785,0.338068036035724
1.479,0.330836099704596
1.4795,0.322946714578732
1.48,0.315386053796249
1.4805,0.308154117361596
1.481,0.300922180893439
1.4815,0.293361520004281
1.482,0.285143410300001
1.4825,0.277911473723641
1.483,0.270022088328248
1.4835,0.263118876073346
1.484,0.255558214995664
1.4845,0.24766882948222
1.485,0.240436892724445
1.4855,0.232876231530359
1.486,0.225315570296922
1.4865,0.217754909023861
1.487,0.210194247710901
1.4875,0.202633586357768
1.488,0.195401649373449
1.4885,0.188169712351884
1.489,0.180280326467414
1.4895,0.172390940538021
1.49,0.165159003396347
1.4905,0.157269617379979
1.491,0.150366404578071
1.4915,0.14313446731916
1.492,0.135245081174063
1.4925,0.128013143833372
1.493,0.120452482025884
1.4935,0.112234371316306
1.494,0.105002433849153
1.4945,0.0977704963417544
1.495,0.0898811099238632
1.4955,0.0823204478945494
1.496,0.0747597858204241
1.4965,0.0678565725829413
1.497,0.0596384615366421
1.4975,0.0524065237713115
1.498,0.0570086659904563
1.4985,0.0645693281708689
1.499,0.0724587147454497
1.4995,0.0800193768332677
1.5,0.0872513144404717
1.5005,0.0948119764407084
1.501,0.102372638396587
1.5015,0.109933300308381
1.502,0.11716523774823
1.5025,0.125054624000814
1.503,0.132944010206293
1.5035,0.139847223097692
1.504,0.147407884795031
1.5045,0.154968546449919
1.505,0.162529208062631
1.5055,0.170418594048617
1.506,0.177321806749173
1.5065,0.184882468238794
1.507,0.192443129687324
1.5075,0.200332515503147
1.508,0.207564452462208
1.5085,0.21512511378911
1.509,0.222685775076018
1.5095,0.229917711921976
1.51,0.237807097530948
1.5105,0.245039034301696
1.511,0.252599695433056
1.5115,0.26016035652578
1.512,0.267721017580144
1.5125,0.275281678596422
1.513,0.282842339574888
1.5135,0.290403000515816
1.514,0.297634937033136
1.5145,0.305524322286155
1.515,0.312427534349744
1.5155,0.319988195146421
1.516,0.328206304666988
1.5165,0.335438241009997
1.517,0.342998901697383
1.5175,0.350230837973969
1.518,0.345628696710781
1.5185,0.338068036035724
1.519,0.330178650945601
1.5195,0.322946714578732
1.52,0.315386053796249
1.5205,0.307496668593152
1.521,0.300264732121937
1.5215,0.292704071229559
1.522,0.284814685910912
1.5225,0.277911473723641
1.523,0.270350812720547
1.5235,0.263118876073346
1.524,0.255229490600111
1.5245,0.247997553879456
1.525,0.240436892724445
1.5255,0.232547507129725
1.526,0.225315570296922
1.5265,0.217754909023861
1.527,0.20986552330508
1.5275,0.202962310765265
1.528,0.195072924964188
1.5285,0.187840987940924
1.529,0.180609050880162
1.5295,0.172719664952647
1.53,0.165159003396347
1.5305,0.157927066216423
1.531,0.150366404578071
1.5315,0.142477018475511
1.532,0.135245081174063
1.5325,0.127355694982264
1.533,0.120123757598489
1.5335,0.112563095745678
1.534,0.10533115828035
1.5345,0.0974417719086398
1.535,0.0898811099238632
1.5355,0.0823204478945494
1.536,0.0754172346982209
1.5365,0.0671991237012131
1.537,0.0599671859795269
1.5375,0.0527352482160993
1.538,0.0573373904340318
1.5385,0.0648980526124625
1.539,0.0724587147454497
1.5395,0.0796906523956024
1.54,0.0875800388761907
1.5405,0.0954694253081939
1.541,0.102372638396587
1.5415,0.110262024738333
1.542,0.117493962176365
1.5425,0.124725899574566
1.543,0.132286561357628
1.5435,0.140175947520202
1.544,0.147736609215689
1.5445,0.154968546449919
1.545,0.16220048364556
1.5455,0.170089869633441
1.546,0.177979255575996
1.5465,0.185211192650452
1.547,0.192443129687324
1.5475,0.199675066686851
1.548,0.207893176868561
1.5485,0.21512511378911
1.549,0.222357050673067
1.5495,0.230246436323206
1.55,0.237478373131428
1.5505,0.245367758699519
1.551,0.252599695433056
1.5515,0.26016035652578
1.552,0.268049741972946
1.5525,0.275281678596422
1.553,0.282842339574888
1.5535,0.290403000515816
1.554,0.29796366141948
1.5545,0.305524322286155
1.555,0.312756258732964
1.5555,0.320316919528062
1.556,0.327548855906908
1.5565,0.335438241009997
1.557,0.342670177320408
1.5575,0.350559562349413
1.558,0.345628696710781
1.5585,0.338068036035724
1.559,0.330507375325133
1.5595,0.322617990197638
1.56,0.31571477817885
1.5605,0.308154117361596
1.561,0.300593456507723
1.5615,0.292704071229559
1.562,0.285143410300001
1.5625,0.277582749332989
1.563,0.270350812720547
1.5635,0.262790151679461
1.564,0.255229490600111
1.5645,0.24766882948222
1.565,0.240436892724445
1.5655,0.232547507129725
1.566,0.225315570296922
1.5665,0.217754909023861
1.567,0.210522972116646
1.5675,0.202633586357768
1.568,0.195072924964188
1.5685,0.187840987940924
1.569,0.180609050880162
1.5695,0.173048389367194
1.57,0.165487727812706
1.5705,0.157598341798241
1.571,0.150366404578071
1.5715,0.142805742897376
1.572,0.134916356750339
1.5725,0.127355694982264
1.573,0.119795033171011
1.5735,0.112563095745678
1.574,0.105002433849153
1.5745,0.0977704963417544
1.575,0.090209834358908
1.5755,0.0823204478945494
1.576,0.0754172346982209
1.5765,0.06752784814212
1.577,0.0599671859795269
1.5775,0.0524065237713115
1.578,0.057666114877521
1.5785,0.0645693281708689
1.579,0.0721299903058262
1.5795,0.080348101270848
1.58,0.0872513144404717
1.5805,0.0948119764407084
1.581,0.102372638396587
1.5815,0.109933300308381
1.582,0.117493962176365
1.5825,0.125383348426981
1.583,0.132944010206293
1.5835,0.139847223097692
1.584,0.147736609215689
1.5845,0.155297270868738
1.585,0.16220048364556
1.5855,0.170089869633441
1.586,0.177321806749173
1.5865,0.185211192650452
1.587,0.192771854097202
1.5875,0.200332515503147
1.588,0.207564452462208
1.5885,0.21512511378911
1.589,0.222685775076018
1.5895,0.230246436323206
1.59,0.237478373131428
1.5905,0.245367758699519
1.591,0.252928419829193
1.5915,0.26016035652578
1.592,0.267721017580144
1.5925,0.275281678596422
1.593,0.283171063964402
1.5935,0.290731724903704
1.594,0.297634937033136
1.5945,0.305195597901413
1.595,0.312427534349744
1.5955,0.320316919528062
1.596,0.328206304666988
1.5965,0.335438241009997
1.597,0.342670177320408
1.5975,0.350559562349413
1.598,0.34529997233434
1.5985,0.337739311657743
1.599,0.330507375325133
1.5995,0.322946714578732
1.6,0.315386053796249
1.6005,0.307825392977409
1.601,0.300593456507723
1.6015,0.292704071229559
1.602,0.285472134689019
1.6025,0.277911473723641
1.603,0.270350812720547
1.6035,0.262790151679461
1.604,0.255229490600111
1.6045,0.24766882948222
1.605,0.240436892724445
1.6055,0.232547507129725
1.606,0.225315570296922
1.6065,0.218083633427865
1.607,0.210522972116646
1.6075,0.202962310765265
1.608,0.195072924964188
1.6085,0.187840987940924
1.609,0.180280326467414
1.6095,0.172719664952647
1.61,0.165487727812706
1.6105,0.157598341798241
1.611,0.150037680158053
1.6115,0.142477018475511
1.612,0.135245081174063
1.6125,0.127684419407859
1.613,0.120123757598489
1.6135,0.112891820174968
1.614,0.105002433849153
1.6145,0.0977704963417544
1.615,0.090209834358908
1.6155,0.0823204478945494
1.616,0.0750885102593651
1.6165,0.0678565725829413
1.617,0.0599671859795269
1.6175,0.0524065237713115
1.618,0.0573373904340318
1.6185,0.0645693281708689
1.619,0.0721299903058262
1.6195,0.0796906523956024
1.62,0.0872513144404717
1.6205,0.095140700874493
1.621,0.102372638396587
1.6215,0.109933300308381
1.622,0.117822686604418
1.6225,0.125054624000814
1.623,0.132615285782001
1.6235,0.139847223097692
1.624,0.147407884795031
1.6245,0.154968546449919
1.625,0.16220048364556
1.6255,0.170089869633441
1.626,0.177321806749173
1.6265,0.184882468238794
1.627,0.192443129687324
1.6275,0.200332515503147
1.628,0.207564452462208
1.6285,0.21512511378911
1.629,0.222685775076018
1.6295,0.229917711921976
1.63,0.237807097530948
1.6305,0.245367758699519
1.631,0.252599695433056
1.6315,0.259831632131244
1.632,0.267721017580144
1.6325,0.275281678596422
1.633,0.282513615185302
1.6335,0.290403000515816
1.634,0.29796366141948
1.6345,0.305524322286155
1.635,0.313084983116116
1.6355,0.320316919528062
1.636,0.327877580286982
1.6365,0.335438241009997
1.637,0.342670177320408
1.6375,0.350559562349413
1.638,0.34529997233434
1.6385,0.338068036035724
1.639,0.330836099704596
1.6395,0.322946714578732
1.64,0.315386053796249
1.6405,0.308154117361596
1.641,0.300264732121937
1.6415,0.293361520004281
1.642,0.285472134689019
1.6425,0.277582749332989
1.643,0.270350812720547
1.6435,0.263447600467158
1.644,0.255886939391145
1.6445,0.247997553879456
1.645,0.240108168325517
1.6455,0.232547507129725
1.646,0.225315570296922
1.6465,0.217426184619781
1.647,0.20986552330508
1.6475,0.202962310765265
1.648,0.195401649373449
1.6485,0.187840987940924
1.649,0.180609050880162
1.6495,0.172390940538021
1.65,0.165159003396347
1.6505,0.157927066216423
1.651,0.150366404578071
1.6515,0.142477018475511
1.652,0.134916356750339
1.6525,0.127355694982264
1.653,0.119795033171011
1.6535,0.112891820174968
1.654,0.105002433849153
1.6545,0.0977704963417544
1.655,0.0895523854887342
1.6555,0.0826491723315363
1.656,0.0750885102593651
1.6565,0.06752784814212
1.657,0.0596384615366421
1.6575,0.0524065237713115
1.658,0.057666114877521
1.6585,0.0648980526124625
1.659,0.0724587147454497
1.6595,0.0800193768332677
1.66,0.0872513144404717
1.6605,0.095140700874493
1.661,0.102372638396587
1.6615,0.110262024738333
1.662,0.117493962176365
1.6625,0.125054624000814
1.663,0.132615285782001
1.6635,0.140175947520202
1.664,0.147736609215689
1.6645,0.154968546449919
1.665,0.162857932479623
1.6655,0.169432420802853
1.666,0.177321806749173
1.6665,0.185211192650452
1.667,0.192443129687324
1.6675,0.200003791095037
1.668,0.207235728055779
1.6685,0.21512511378911
1.669,0.222685775076018
1.6695,0.230575160724361
1.67,0.237478373131428
1.6705,0.245367758699519
1.671,0.252928419829193
1.6715,0.259831632131244
1.672,0.267721017580144
1.6725,0.275610402987574
1.673,0.282842339574888
1.6735,0.290731724903704
1.674,0.29796366141948
1.6745,0.305195597901413
1.675,0.312427534349744
1.6755,0.320316919528062
1.676,0.327548855906908
1.6765,0.335766965388449
1.677,0.342670177320408
1.6775,0.350230837973969
1.678,0.345628696710781
1.6785,0.338068036035724
1.679,0.330507375325133
1.6795,0.323604163340717
1.68,0.31571477817885
1.6805,0.307825392977409
1.681,0.300593456507723
1.6815,0.293361520004281
1.682,0.285143410300001
1.6825,0.278240198114223
1.683,0.270679537112774
1.6835,0.262790151679461
1.684,0.255229490600111
1.6845,0.247997553879456
1.685,0.240436892724445
1.6855,0.232547507129725
1.686,0.225315570296922
1.6865,0.218083633427865
1.687,0.210194247710901
1.6875,0.202633586357768
1.688,0.195401649373449
1.6885,0.187840987940924
1.689,0.180280326467414
1.6895,0.172719664952647
1.69,0.165159003396347
1.6905,0.157598341798241
1.691,0.150366404578071
1.6915,0.142805742897376
1.692,0.135245081174063
1.6925,0.127684419407859
1.693,0.120123757598489
1.6935,0.112563095745678
1.694,0.105002433849153
1.6945,0.0974417719086398
1.695,0.090209834358908
1.6955,0.0823204478945494
1.696,0.0750885102593651
1.6965,0.0671991237012131
1.697,0.0596384615366421
1.6975,0.0527352482160993
1.698,0.0570086659904563
1.6985,0.0648980526124625
1.699,0.0727874391849877
1.6995,0.0800193768332677
1.7,0.0869225900046683
1.7005,0.0948119764407084
1.701,0.102043913964641
1.7015,0.109933300308381
1.702,0.117822686604418
1.7025,0.125383348426981
1.703,0.132615285782001
1.7035,0.140175947520202
1.704,0.147736609215689
1.7045,0.154968546449919
1.705,0.162529208062631
1.7055,0.170418594048617
1.706,0.177650531162623
1.7065,0.184882468238794
1.707,0.192114405277369
1.7075,0.200003791095037
1.708,0.207564452462208
1.7085,0.214796389384426
1.709,0.222685775076018
1.7095,0.229917711921976
1.71,0.237478373131428
1.7105,0.245039034301696
1.711,0.252928419829193
1.7115,0.26016035652578
1.712,0.268049741972946
1.7125,0.275281678596422
1.713,0.282513615185302
1.7135,0.290403000515816
1.714,0.297634937033136
1.7145,0.305195597901413
1.715,0.312756258732964
1.7155,0.320316919528062
1.716,0.327877580286982
1.7165,0.335438241009997
1.717,0.342670177320408
1.7175,0.350559562349413
1.718,0.345628696710781
1.7185,0.337739311657743
1.719,0.330836099704596
1.7195,0.323275438959759
1.72,0.315057329413579
1.7205,0.307825392977409
1.721,0.300593456507723
1.7215,0.293032795616955
1.722,0.285143410300001
1.7225,0.277911473723641
1.723,0.270350812720547
1.7235,0.262790151679461
1.724,0.255558214995664
1.7245,0.247340105084912
1.725,0.240108168325517
1.7255,0.232876231530359
1.726,0.225315570296922
1.7265,0.217754909023861
1.727,0.210522972116646
1.7275,0.203291035172686
1.728,0.195072924964188
1.7285,0.187840987940924
1.729,0.179951602054589
1.7295,0.172719664952647
1.73,0.164830278979909
1.7305,0.157598341798241
1.731,0.150366404578071
1.7315,0.142805742897376
1.732,0.135245081174063
1.7325,0.127684419407859
1.733,0.120123757598489
1.7335,0.112563095745678
1.734,0.105002433849153
1.7345,0.0977704963417544
1.735,0.0898811099238632
1.7355,0.0819917234574778
1.736,0.0754172346982209
1.7365,0.06752784814212
1.737,0.0596384615366421
1.7375,0.0527352482160993
1.738,0.0573373904340318
1.7385,0.0648980526124625
1.739,0.0727874391849877
1.7395,0.0796906523956024
1.74,0.0879087633118253
1.7405,0.0948119764407084
1.741,0.102701362828449
1.7415,0.109933300308381
1.742,0.117493962176365
1.7425,0.125054624000814
1.743,0.132615285782001
1.7435,0.140175947520202
1.744,0.147736609215689
1.7445,0.154968546449919
1.745,0.162529208062631
1.7455,0.170089869633441
1.746,0.177321806749173
1.7465,0.185211192650452
1.747,0.192443129687324
1.7475,0.200003791095037
1.748,0.207893176868561
1.7485,0.21512511378911
1.749,0.222685775076018
1.7495,0.229588987520672
1.75,0.237807097530948
1.7505,0.245367758699519
1.751,0.252928419829193
1.7515,0.26016035652578
1.752,0.267721017580144
1.7525,0.275281678596422
1.753,0.282842339574888
1.7535,0.290403000515816
1.754,0.297634937033136
1.7545,0.305195597901413
1.755,0.313084983116116
1.7555,0.319988195146421
1.756,0.328535029046926
1.7565,0.335438241009997
1.757,0.342670177320408
1.7575,0.350559562349413
1.758,0.34529997233434
1.7585,0.338068036035724
1.759,0.330836099704596
1.7595,0.322946714578732
1.76,0.31571477817885
1.7605,0.308154117361596
1.761,0.300593456507723
1.7615,0.293032795616955
1.762,0.285472134689019
1.7625,0.277582749332989
1.763,0.270350812720547
1.7635,0.262790151679461
1.764,0.255558214995664
1.7645,0.24766882948222
1.765,0.240108168325517
1.7655,0.233204955930918
1.766,0.224986845894571
1.7665,0.217426184619781
1.767,0.210522972116646
1.7675,0.202633586357768
1.768,0.194744200554849
1.7685,0.187512263529886
1.769,0.180280326467414
1.7695,0.172062216123317
1.77,0.165159003396347
1.7705,0.157927066216423
1.771,0.150366404578071
1.7715,0.142477018475511
1.772,0.134587632326535
1.7725,0.127684419407859
1.773,0.120123757598489
1.7735,0.112891820174968
1.774,0.105002433849153
1.7745,0.0974417719086398
1.775,0.0898811099238632
1.7755,0.0823204478945494
1.776,0.0750885102593651
1.7765,0.06752784814212
1.777,0.0599671859795269
1.7775,0.0524065237713115
1.778,0.0573373904340318
1.7785,0.0648980526124625
1.779,0.0721299903058262
1.7795,0.0796906523956024
1.78,0.0875800388761907
1.7805,0.095140700874493
1.781,0.102372638396587
1.7815,0.109933300308381
1.782,0.117822686604418
1.7825,0.125054624000814
1.783,0.132615285782001
1.7835,0.139847223097692
1.784,0.148065333636267
1.7845,0.155297270868738
1.785,0.162529208062631
1.7855,0.170089869633441
1.786,0.177650531162623
1.7865,0.185211192650452
1.787,0.192443129687324
1.7875,0.200332515503147
1.788,0.207564452462208
1.7885,0.215453838193718
1.789,0.222357050673067
1.7895,0.230246436323206
1.79,0.237807097530948
1.7905,0.245367758699519
1.791,0.252928419829193
1.7915,0.26016035652578
1.792,0.267721017580144
1.7925,0.275610402987574
1.793,0.282842339574888
1.7935,0.290403000515816
1.794,0.297634937033136
1.7945,0.305524322286155
1.795,0.313084983116116
1.7955,0.320316919528062
1.796,0.327548855906908
1.7965,0.335766965388449
1.797,0.342670177320408
1.7975,0.350230837973969
1.798,0.345628696710781
1.7985,0.338068036035724
1.799,0.330507375325133
1.7995,0.322946714578732
1.8,0.315057329413579
1.8005,0.307825392977409
1.801,0.300264732121937
1.8015,0.293032795616955
1.802,0.285472134689019
1.8025,0.277911473723641
1.803,0.270350812720547
1.8035,0.262790151679461
1.804,0.255886939391145
1.8045,0.24766882948222
1.805,0.240108168325517
1.8055,0.232547507129725
1.806,0.225315570296922
1.8065,0.218083633427865
1.807,0.210194247710901
1.8075,0.202962310765265
1.808,0.195072924964188
1.8085,0.187840987940924
1.809,0.180280326467414
1.8095,0.172390940538021
1.81,0.165487727812706
1.8105,0.157598341798241
1.811,0.150037680158053
1.8115,0.142477018475511
1.812,0.134916356750339
1.8125,0.127684419407859
1.813,0.120452482025884
1.8135,0.112563095745678
1.814,0.104673709417874
1.8145,0.0971130474754414
1.815,0.090209834358908
1.8155,0.0826491723315363
1.816,0.0750885102593651
1.8165,0.0671991237012131
1.817,0.0599671859795269
1.8175,0.0524065237713115
1.818,0.0570086659904563
1.8185,0.0648980526124625
1.819,0.0724587147454497
1.8195,0.0796906523956024
1.82,0.0875800388761907
1.8205,0.095140700874493
1.821,0.102372638396587
1.8215,0.110262024738333
1.822,0.11716523774823
1.8225,0.125054624000814
1.823,0.132615285782001
1.8235,0.139847223097692
1.824,0.147736609215689
1.8245,0.154968546449919
1.825,0.162529208062631
1.8255,0.169761145218187
1.826,0.177979255575996
1.8265,0.185211192650452
1.827,0.192771854097202
1.8275,0.200332515503147
1.828,0.207564452462208
1.8285,0.215453838193718
1.829,0.222685775076018
1.8295,0.229588987520672
1.83,0.237478373131428
1.8305,0.245039034301696
1.831,0.252599695433056
1.8315,0.26016035652578
1.832,0.268378466365676
1.8325,0.275610402987574
1.833,0.282842339574888
1.8335,0.290403000515816
1.834,0.297634937033136
1.8345,0.305524322286155
1.835,0.312427534349744
1.8355,0.320316919528062
1.836,0.328206304666988
1.8365,0.335438241009997
1.837,0.342998901697383
1.8375,0.350230837973969
1.838,0.345628696710781
1.8385,0.337739311657743
1.839,0.330836099704596
1.8395,0.322946714578732
1.84,0.31571477817885
1.8405,0.307825392977409
1.841,0.300593456507723
1.8415,0.292704071229559
1.842,0.285143410300001
1.8425,0.277911473723641
1.843,0.270022088328248
1.8435,0.262790151679461
1.844,0.255229490600111
1.8445,0.247997553879456
1.845,0.240108168325517
1.8455,0.233204955930918
1.846,0.225315570296922
1.8465,0.217754909023861
1.847,0.210194247710901
1.8475,0.202962310765265
1.848,0.195072924964188
1.8485,0.187840987940924
1.849,0.180280326467414
1.8495,0.172390940538021
1.85,0.164830278979909
1.8505,0.157927066216423
1.851,0.150037680158053
1.8515,0.142805742897376
1.852,0.135245081174063
1.8525,0.127355694982264
1.853,0.120123757598489
1.8535,0.11190564688685
1.854,0.105002433849153
1.8545,0.0974417719086398
1.855,0.090209834358908
1.8555,0.0826491723315363
1.856,0.0750885102593651
1.8565,0.06752784814212
1.857,0.0596384615366421
1.8575,0.0520777993264369
1.858,0.057666114877521
1.8585,0.0652267770539701
1.859,0.0724587147454497
1.8595,0.0796906523956024
1.86,0.0875800388761907
1.8605,0.0948119764407084
1.861,0.102701362828449
1.8615,0.109933300308381
1.862,0.117493962176365
1.8625,0.125054624000814
1.863,0.132615285782001
1.8635,0.139847223097692
1.864,0.147736609215689
1.8645,0.154968546449919
1.865,0.162857932479623
1.8655,0.170089869633441
1.866,0.177650531162623
1.8665,0.184882468238794
1.867,0.192443129687324
1.8675,0.200003791095037
1.868,0.207564452462208
1.8685,0.215782562598251
1.869,0.222685775076018
1.8695,0.229917711921976
1.87,0.237478373131428
1.8705,0.245367758699519
1.871,0.252270971036845
1.8715,0.260489080920244
1.872,0.267721017580144
1.8725,0.275610402987574
1.873,0.282842339574888
1.8735,0.290403000515816
1.874,0.297634937033136
1.8745,0.305524322286155
1.875,0.312756258732964
1.8755,0.320316919528062
1.876,0.328206304666988
1.8765,0.335438241009997
1.877,0.342998901697383
1.8775,0.350559562349413
1.878,0.34529997233434
1.8785,0.338068036035724
1.879,0.330507375325133
1.8795,0.322946714578732
1.88,0.315386053796249
1.8805,0.308154117361596
1.881,0.300593456507723
1.8815,0.293032795616955
1.882,0.285143410300001
1.8825,0.277911473723641
1.883,0.270350812720547
1.8835,0.262790151679461
1.884,0.255229490600111
1.8845,0.247997553879456
1.885,0.240108168325517
1.8855,0.232547507129725
1.886,0.225644294699198
1.8865,0.217754909023861
1.887,0.20986552330508
1.8875,0.202633586357768
1.888,0.194744200554849
1.8885,0.187512263529886
1.889,0.179951602054589
1.8895,0.172719664952647
1.89,0.165159003396347
1.8905,0.157598341798241
1.891,0.150366404578071
1.8915,0.142805742897376
1.892,0.134916356750339
1.8925,0.127684419407859
1.893,0.120123757598489
1.8935,0.112563095745678
1.894,0.105002433849153
1.8945,0.0974417719086398
1.895,0.090209834358908
1.8955,0.0826491723315363
1.896,0.0750885102593651
1.8965,0.06752784814212
1.897,0.0599671859795269
1.8975,0.0520777993264369
1.898,0.057666114877521
1.8985,0.0652267770539701
1.899,0.0724587147454497
1.8995,0.0796906523956024
1.9,0.0872513144404717
1.9005,0.0948119764407084
1.901,0.102701362828449
1.9015,0.109933300308381
1.902,0.11716523774823
1.9025,0.124725899574566
1.903,0.132286561357628
1.9035,0.139847223097692
1.904,0.147736609215689
1.9045,0.154968546449919
1.905,0.162529208062631
1.9055,0.170089869633441
1.906,0.177979255575996
1.9065,0.185211192650452
1.907,0.192771854097202
1.9075,0.200003791095037
1.908,0.207564452462208
1.9085,0.21512511378911
1.909,0.222685775076018
1.9095,0.229917711921976
1.91,0.237807097530948
1.9105,0.245039034301696
1.911,0.252599695433056
1.9115,0.260489080920244
1.912,0.267721017580144
1.9125,0.275281678596422
1.913,0.282513615185302
1.9135,0.290403000515816
1.914,0.297634937033136
1.9145,0.305524322286155
1.915,0.313084983116116
1.9155,0.320316919528062
1.916,0.328206304666988
1.9165,0.335766965388449
1.917,0.342998901697383
1.9175,0.350559562349413
1.918,0.34529997233434
1.9185,0.337739311657743
1.919,0.330507375325133
1.9195,0.322617990197638
1.92,0.315386053796249
1.9205,0.308154117361596
1.921,0.300593456507723
1.9215,0.292704071229559
1.922,0.285143410300001
1.9225,0.277582749332989
1.923,0.269693363935877
1.9235,0.263118876073346
1.924,0.255558214995664
1.9245,0.247997553879456
1.925,0.240436892724445
1.9255,0.232547507129725
1.926,0.225644294699198
1.9265,0.218083633427865
1.927,0.210522972116646
1.9275,0.202962310765265
1.928,0.195072924964188
1.9285,0.187840987940924
1.929,0.179951602054589
1.9295,0.172390940538021
1.93,0.165159003396347
1.9305,0.157598341798241
1.931,0.150037680158053
1.9315,0.142477018475511
1.932,0.134916356750339
1.9325,0.127684419407859
1.933,0.119795033171011
1.9335,0.112563095745678
1.934,0.105002433849153
1.9345,0.0974417719086398
1.935,0.0898811099238632
1.9355,0.0826491723315363
1.936,0.0747597858204241
1.9365,0.06752784814212
1.937,0.0599671859795269
1.9375,0.0524065237713115
1.938,0.057666114877521
1.9385,0.0652267770539701
1.939,0.0724587147454497
1.9395,0.0800193768332677
1.94,0.0875800388761907
1.9405,0.0948119764407084
1.941,0.102701362828449
1.9415,0.110262024738333
1.942,0.117493962176365
1.9425,0.125054624000814
1.943,0.132286561357628
1.9435,0.139847223097692
1.944,0.147736609215689
1.9445,0.154968546449919
1.945,0.162529208062631
1.9455,0.170089869633441
1.946,0.177650531162623
1.9465,0.185211192650452
1.947,0.192443129687324
1.9475,0.200661239911179
1.948,0.207893176868561
1.9485,0.21512511378911
1.949,0.222685775076018
1.9495,0.230246436323206
1.95,0.237807097530948
1.9505,0.245367758699519
1.951,0.252599695433056
1.9515,0.26016035652578
1.952,0.268049741972946
1.9525,0.274952954205198
1.953,0.282842339574888
1.9535,0.290403000515816
1.954,0.298292385805755
1.9545,0.305524322286155
1.955,0.312756258732964
1.9555,0.320645643909635
1.956,0.327877580286982
1.9565,0.335438241009997
1.957,0.342998901697383
1.9575,0.350230837973969
1.958,0.345628696710781
1.9585,0.338068036035724
1.959,0.330178650945601
1.9595,0.322946714578732
1.96,0.31571477817885
1.9605,0.308154117361596
1.961,0.300593456507723
1.9615,0.293032795616955
1.962,0.285143410300001
1.9625,0.277911473723641
1.963,0.270022088328248
1.9635,0.263118876073346
1.964,0.255558214995664
1.9645,0.247997553879456
1.965,0.239779443926514
1.9655,0.232876231530359
1.966,0.225315570296922
1.9665,0.217754909023861
1.967,0.210194247710901
1.9675,0.202304861950194
1.968,0.195072924964188
1.9685,0.187512263529886
1.969,0.180280326467414
1.9695,0.172719664952647
1.97,0.164830278979909
1.9705,0.157598341798241
1.971,0.149708955737956
1.9715,0.142805742897376
1.972,0.134916356750339
1.9725,0.127684419407859
1.973,0.119795033171011
1.9735,0.112563095745678
1.974,0.105002433849153
1.9745,0.0974417719086398
1.975,0.0898811099238632
1.9755,0.0826491723315363
1.976,0.0750885102593651
1.9765,0.0671991237012131
1.977,0.0599671859795269
1.9775,0.0524065237713115
1.978,0.0573373904340318
1.9785,0.0645693281708689
1.979,0.0727874391849877
1.9795,0.0800193768332677
1.98,0.0875800388761907
1.9805,0.0948119764407084
1.981,0.102372638396587
1.9815,0.110262024738333
1.982,0.117493962176365
1.9825,0.125383348426981
1.983,0.132615285782001
1.9835,0.140175947520202
1.984,0.147736609215689
1.9845,0.154968546449919
1.985,0.162529208062631
1.9855,0.170418594048617
1.986,0.177650531162623
1.9865,0.184882468238794
1.987,0.192771854097202
1.9875,0.200332515503147
1.988,0.207564452462208
1.9885,0.215453838193718
1.989,0.223014499478893
1.9895,0.229917711921976
1.99,0.238135821930394
1.9905,0.245039034301696
1.991,0.252928419829193
1.9915,0.260489080920244
1.992,0.268049741972946
1.9925,0.275281678596422
1.993,0.282842339574888
1.9935,0.290074276127857
1.994,0.29796366141948
1.9945,0.305195597901413
1.995,0.313084983116116
1.9955,0.320645643909635
1.996,0.328206304666988
1.9965,0.335766965388449
1.997,0.343327626074291
1.9975,0.350559562349413
1.998,0.345628696710781
1.9985,0.338068036035724
1.999,0.330507375325133
1.9995,0.322946714578732
2,0.315386053796249
2.0005,0.307825392977409
2.001,0.299936007736081
2.0015,0.293032795616955
2.002,0.285143410300001
2.0025,0.277911473723641
2.003,0.270350812720547
2.0035,0.262790151679461
2.004,0.255229490600111
2.0045,0.24766882948222
2.005,0.240436892724445
2.0055,0.232876231530359
2.006,0.225644294699198
2.0065,0.217754909023861
2.007,0.210522972116646
2.0075,0.202962310765265
2.008,0.195072924964188
2.0085,0.187840987940924
2.009,0.179951602054589
2.0095,0.172390940538021
2.01,0.164830278979909
2.0105,0.157598341798241
2.011,0.150037680158053
2.0115,0.142477018475511
2.012,0.134916356750339
2.0125,0.127026970556588
2.013,0.119795033171011
2.0135,0.112234371316306
2.014,0.105002433849153
2.0145,0.0974417719086398
2.015,0.0898811099238632
2.0155,0.0823204478945494
2.016,0.0750885102593651
2.0165,0.06752784814212
2.017,0.0596384615366421
2.0175,0.0524065237713115
2.018,0.057666114877521
2.0185,0.0648980526124625
2.019,0.0724587147454497
2.0195,0.080348101270848
2.02,0.0875800388761907
2.0205,0.095140700874493
2.021,0.102701362828449
2.0215,0.110262024738333
2.022,0.118151411032389
2.0225,0.124725899574566
2.023,0.132615285782001
2.0235,0.140175947520202
2.024,0.147407884795031
2.0245,0.154968546449919
2.025,0.162529208062631
2.0255,0.170089869633441
2.026,0.17830797998929
2.0265,0.185539917062033
2.027,0.192443129687324
2.0275,0.200661239911179
2.028,0.207893176868561
2.0285,0.21512511378911
2.029,0.222685775076018
2.0295,0.230575160724361
2.03,0.237807097530948
2.0305,0.245039034301696
2.031,0.252270971036845
2.0315,0.260489080920244
2.032,0.267721017580144
2.0325,0.275610402987574
2.033,0.282842339574888
2.0335,0.290731724903704
2.034,0.29796366141948
2.0345,0.305195597901413
2.035,0.313084983116116
2.0355,0.320316919528062
2.036,0.327877580286982
2.0365,0.335438241009997
2.037,0.342998901697383
2.0375,0.350559562349413
2.038,0.34529997233434
2.0385,0.337739311657743
2.039,0.330836099704596
2.0395,0.322946714578732
2.04,0.31571477817885
2.0405,0.307825392977409
2.041,0.300264732121937
2.0415,0.292704071229559
2.042,0.285143410300001
2.0425,0.277911473723641
2.043,0.270350812720547
2.0435,0.263118876073346
2.044,0.255229490600111
2.0445,0.24766882948222
2.045,0.240436892724445
2.0455,0.232547507129725
2.046,0.225315570296922
2.0465,0.217754909023861
2.047,0.210194247710901
2.0475,0.202962310765265
2.048,0.195072924964188
2.0485,0.187512263529886
2.049,0.180280326467414
2.0495,0.173048389367194
2.05,0.165159003396347
2.0505,0.157269617379979
2.051,0.149708955737956
2.0515,0.142805742897376
2.052,0.135245081174063
2.0525,0.127684419407859
2.053,0.119795033171011
2.0535,0.11190564688685
2.054,0.104673709417874
2.0545,0.0974417719086398
2.055,0.0898811099238632
2.0555,0.0823204478945494
2.056,0.0750885102593651
2.0565,0.0678565725829413
2.057,0.0596384615366421
2.0575,0.0524065237713115
2.058,0.0573373904340318
2.0585,0.0648980526124625
2.059,0.0718012658661174
2.0595,0.0800193768332677
2.06,0.0875800388761907
2.0605,0.095140700874493
2.061,0.102701362828449
2.0615,0.110262024738333
2.062,0.117493962176365
2.0625,0.125054624000814
2.063,0.132944010206293
2.0635,0.139847223097692
2.064,0.147736609215689
2.0645,0.154968546449919
2.065,0.16220048364556
2.0655,0.170089869633441
2.066,0.177650531162623
2.0665,0.185211192650452
2.067,0.192771854097202
2.0675,0.200003791095037
2.068,0.207893176868561
2.0685,0.21512511378911
2.069,0.222685775076018
2.0695,0.230575160724361
2.07,0.237807097530948
2.0705,0.245367758699519
2.071,0.252928419829193
2.0715,0.26016035652578
2.072,0.267721017580144
2.0725,0.275281678596422
2.073,0.282842339574888
2.0735,0.290403000515816
2.074,0.29796366141948
2.0745,0.305524322286155
2.075,0.313084983116116
2.0755,0.320316919528062
2.076,0.327877580286982
2.0765,0.335109516631479
2.077,0.342998901697383
2.0775,0.350559562349413
2.078,0.345628696710781
2.0785,0.337739311657743
2.079,0.330507375325133
2.0795,0.322946714578732
2.08,0.31571477817885
2.0805,0.307496668593152
2.081,0.300264732121937
2.0815,0.293032795616955
2.082,0.285143410300001
2.0825,0.277582749332989
2.083,0.270679537112774
2.0835,0.262790151679461
2.084,0.254900766204484
2.0845,0.247997553879456
2.085,0.240108168325517
2.0855,0.232547507129725
2.086,0.225315570296922
2.0865,0.217754909023861
2.087,0.210194247710901
2.0875,0.202633586357768
2.088,0.195072924964188
2.0885,0.187840987940924
2.089,0.180280326467414
2.0895,0.172390940538021
2.09,0.164830278979909
2.0905,0.157598341798241
2.091,0.150037680158053
2.0915,0.142477018475511
2.092,0.134916356750339
2.0925,0.127684419407859
2.093,0.120123757598489
2.0935,0.112563095745678
2.094,0.104673709417874
2.0945,0.0977704963417544
2.095,0.0898811099238632
2.0955,0.0823204478945494
2.096,0.0750885102593651
2.0965,0.0671991237012131
2.097,0.0596384615366421
2.0975,0.0524065237713115
2.098,0.0573373904340318
2.0985,0.0648980526124625
2.099,0.0721299903058262
2.0995,0.0800193768332677
2.1,0.0875800388761907
2.1005,0.095140700874493
2.101,0.102701362828449
2.1015,0.109933300308381
2.102,0.117493962176365
2.1025,0.125054624000814
2.103,0.132615285782001
2.1035,0.140504671942631
2.104,0.147736609215689
2.1045,0.155297270868738
2.105,0.162529208062631
2.1055,0.170089869633441
2.106,0.177650531162623
2.1065,0.185539917062033
2.107,0.192443129687324
2.1075,0.200332515503147
2.108,0.207564452462208
2.1085,0.21512511378911
2.109,0.222357050673067
2.1095,0.230246436323206
2.11,0.237478373131428
2.1105,0.245367758699519
2.111,0.252928419829193
2.1115,0.260489080920244
2.112,0.268049741972946
2.1125,0.275610402987574
2.113,0.282842339574888
2.1135,0.290403000515816
2.114,0.29796366141948
2.1145,0.305195597901413
2.115,0.312756258732964
2.1155,0.320645643909635
2.116,0.328206304666988
2.1165,0.335766965388449
2.117,0.342998901697383
2.1175,0.350559562349413
2.118,0.34529997233434
2.1185,0.337739311657743
2.119,0.330178650945601
2.1195,0.322617990197638
2.12,0.315386053796249
2.1205,0.308154117361596
2.121,0.300264732121937
2.1215,0.292704071229559
2.122,0.285143410300001
2.1225,0.278240198114223
2.123,0.270350812720547
2.1235,0.262790151679461
2.124,0.255558214995664
2.1245,0.24766882948222
2.125,0.240108168325517
2.1255,0.232547507129725
2.126,0.225315570296922
2.1265,0.217754909023861
2.127,0.210522972116646
2.1275,0.202633586357768
2.128,0.195072924964188
2.1285,0.187183539118771
2.129,0.180280326467414
2.1295,0.172390940538021
2.13,0.164830278979909
2.1305,0.157598341798241
2.131,0.150037680158053
2.1315,0.14313446731916
2.132,0.135245081174063
2.1325,0.127355694982264
2.133,0.119795033171011
2.1335,0.112563095745678
2.134,0.105002433849153
2.1345,0.0974417719086398
2.135,0.0898811099238632
2.1355,0.0823204478945494
2.136,0.0747597858204241
2.1365,0.06752784814212
2.137,0.0596384615366421
2.1375,0.0524065237713115
2.138,0.0573373904340318
2.1385,0.0648980526124625
2.139,0.0724587147454497
2.1395,0.0796906523956024
2.14,0.0879087633118253
2.1405,0.095140700874493
2.141,0.102701362828449
2.1415,0.109933300308381
2.142,0.117493962176365
2.1425,0.125054624000814
2.143,0.132944010206293
2.1435,0.140175947520202
2.144,0.147736609215689
2.1445,0.155297270868738
2.145,0.162529208062631
2.1455,0.170089869633441
2.146,0.177650531162623
2.1465,0.185211192650452
2.147,0.192771854097202
2.1475,0.200332515503147
2.148,0.207564452462208
2.1485,0.21512511378911
2.149,0.222685775076018
2.1495,0.230246436323206
2.15,0.238135821930394
2.1505,0.245367758699519
2.151,0.252599695433056
2.1515,0.260489080920244
2.152,0.268049741972946
2.1525,0.275281678596422
2.153,0.282842339574888
2.1535,0.290074276127857
2.154,0.29796366141948
2.1545,0.305853046670828
2.155,0.313084983116116
2.1555,0.319988195146421
2.156,0.327877580286982
2.1565,0.335438241009997
2.157,0.342998901697383
2.1575,0.35088828672479
2.158,0.345628696710781
2.1585,0.338068036035724
2.159,0.330178650945601
2.1595,0.322617990197638
2.16,0.31571477817885
2.1605,0.307825392977409
2.161,0.300264732121937
2.1615,0.292704071229559
2.162,0.285472134689019
2.1625,0.277911473723641
2.163,0.269693363935877
2.1635,0.262790151679461
2.164,0.255229490600111
2.1645,0.24766882948222
2.165,0.240436892724445
2.1655,0.232547507129725
2.166,0.224986845894571
2.1665,0.218083633427865
2.167,0.20986552330508
2.1675,0.202633586357768
2.168,0.195072924964188
2.1685,0.187512263529886
2.169,0.180280326467414
2.1695,0.172390940538021
2.17,0.164830278979909
2.1705,0.157269617379979
2.171,0.150037680158053
2.1715,0.142805742897376
2.172,0.134916356750339
2.1725,0.127684419407859
2.173,0.119795033171011
2.1735,0.112234371316306
2.174,0.105002433849153
2.1745,0.0977704963417544
2.175,0.0898811099238632
2.1755,0.0823204478945494
2.176,0.0747597858204241
2.1765,0.06752784814212
2.177,0.0599671859795269
2.1775,0.0524065237713115
2.178,0.057666114877521
2.1785,0.0648980526124625
2.179,0.0724587147454497
2.1795,0.0800193768332677
2.18,0.0872513144404717
2.1805,0.095140700874493
2.181,0.102701362828449
2.1815,0.110262024738333
2.182,0.117822686604418
2.1825,0.125054624000814
2.183,0.132615285782001
2.1835,0.139847223097692
2.184,0.147407884795031
2.1845,0.155297270868738
2.185,0.162529208062631
2.1855,0.170089869633441
2.186,0.177650531162623
2.1865,0.184882468238794
2.187,0.192771854097202
2.1875,0.200332515503147
2.188,0.207564452462208
2.1885,0.21512511378911
2.189,0.222685775076018
2.1895,0.230246436323206
2.19,0.237807097530948
2.1905,0.245039034301696
2.191,0.252928419829193
2.1915,0.26016035652578
2.192,0.267721017580144
2.1925,0.274952954205198
2.193,0.283171063964402
2.1935,0.290403000515816
2.194,0.29796366141948
2.1945,0.305195597901413
2.195,0.313084983116116
2.1955,0.320316919528062
2.196,0.328206304666988
2.1965,0.335766965388449
2.197,0.342670177320408
2.1975,0.350559562349413
2.198,0.345628696710781
2.1985,0.338068036035724
2.199,0.330507375325133
2.1995,0.322946714578732
2.2,0.315386053796249
2.2005,0.308154117361596
2.201,0.299936007736081
2.2015,0.293032795616955
2.202,0.284814685910912
2.2025,0.277911473723641
2.203,0.270022088328248
2.2035,0.262790151679461
2.204,0.255229490600111
2.2045,0.247340105084912
2.205,0.240108168325517
2.2055,0.232876231530359
2.206,0.225644294699198
2.2065,0.217754909023861
2.207,0.210194247710901
2.2075,0.202633586357768
2.208,0.195072924964188
2.2085,0.187512263529886
2.209,0.179951602054589
2.2095,0.172719664952647
2.21,0.165159003396347
2.2105,0.157269617379979
2.211,0.150037680158053
2.2115,0.142477018475511
2.212,0.134587632326535
2.2125,0.127684419407859
2.213,0.119795033171011
2.2135,0.112563095745678
2.214,0.105002433849153
2.2145,0.0974417719086398
2.215,0.0895523854887342
2.2155,0.0826491723315363
2.216,0.0747597858204241
2.2165,0.0678565725829413
2.217,0.0596384615366421
2.2175,0.0520777993264369
2.218,0.057666114877521
2.2185,0.0645693281708689
2.219,0.0721299903058262
2.2195,0.0796906523956024
2.22,0.0875800388761907
2.2205,0.0948119764407084
2.221,0.102701362828449
2.2215,0.109604575878346
2.222,0.117822686604418
2.2225,0.125383348426981
2.223,0.132944010206293
2.2235,0.139847223097692
2.224,0.147736609215689
2.2245,0.154968546449919
2.225,0.162529208062631
2.2255,0.170418594048617
2.226,0.177650531162623
2.2265,0.185211192650452
2.227,0.193100578507003
2.2275,0.200332515503147
2.228,0.207564452462208
2.2285,0.215782562598251
2.229,0.222685775076018
2.2295,0.229917711921976
2.23,0.237807097530948
2.2305,0.245039034301696
2.231,0.252928419829193
2.2315,0.260817805314635
2.232,0.267721017580144
2.2325,0.275281678596422
2.233,0.283171063964402
2.2335,0.290074276127857
2.234,0.297634937033136
2.2345,0.305195597901413
2.235,0.312756258732964
2.2355,0.320645643909635
2.236,0.328206304666988
2.2365,0.335438241009997
2.237,0.342998901697383
2.2375,0.350559562349413
2.238,0.34529997233434
2.2385,0.337739311657743
2.239,0.330507375325133
2.2395,0.322946714578732
2.24,0.315386053796249
2.2405,0.308154117361596
2.241,0.299936007736081
2.2415,0.292704071229559
2.242,0.285143410300001
2.2425,0.277582749332989
2.243,0.270022088328248
2.2435,0.263118876073346
2.244,0.254900766204484
2.2445,0.24766882948222
2.245,0.240108168325517
2.2455,0.232876231530359
2.246,0.225315570296922
2.2465,0.217754909023861
2.247,0.210522972116646
2.2475,0.202962310765265
2.248,0.195072924964188
2.2485,0.187512263529886
2.249,0.180280326467414
2.2495,0.172719664952647
2.25,0.164501554563393
2.2505,0.157598341798241
2.251,0.149708955737956
2.2515,0.142477018475511
2.252,0.134916356750339
2.2525,0.127684419407859
2.253,0.119795033171011
2.2535,0.112563095745678
2.254,0.104673709417874
2.2545,0.0974417719086398
2.255,0.090209834358908
2.2555,0.0823204478945494
2.256,0.0750885102593651
2.2565,0.0668703992602205
2.257,0.0599671859795269
2.2575,0.0527352482160993
2.258,0.057666114877521
2.2585,0.0645693281708689
2.259,0.0727874391849877
2.2595,0.0800193768332677
2.26,0.0872513144404717
2.2605,0.095140700874493
2.261,0.103030087260228
2.2615,0.110262024738333
2.262,0.117493962176365
2.2625,0.125054624000814
2.263,0.132615285782001
2.2635,0.140175947520202
2.264,0.147407884795031
2.2645,0.154968546449919
2.265,0.16220048364556
2.2655,0.170089869633441
2.266,0.177650531162623
2.2665,0.185539917062033
2.267,0.192771854097202
2.2675,0.200332515503147
2.268,0.207564452462208
2.2685,0.215453838193718
2.269,0.222685775076018
2.2695,0.230246436323206
2.27,0.237807097530948
2.2705,0.245696483097268
2.271,0.252928419829193
2.2715,0.260489080920244
2.272,0.268378466365676
2.2725,0.275939127378655
2.273,0.283171063964402
2.2735,0.290074276127857
2.274,0.29796366141948
2.2745,0.305853046670828
2.275,0.313084983116116
2.2755,0.320645643909635
2.276,0.327877580286982
2.2765,0.335438241009997
2.277,0.342998901697383
2.2775,0.350559562349413
2.278,0.34529997233434
2.2785,0.338068036035724
2.279,0.330507375325133
2.2795,0.322617990197638
2.28,0.31571477817885
2.2805,0.307825392977409
2.281,0.300264732121937
2.2815,0.293032795616955
2.282,0.285143410300001
2.2825,0.277911473723641
2.283,0.270022088328248
2.2835,0.262461427285504
2.284,0.255229490600111
2.2845,0.247997553879456
2.285,0.240108168325517
2.2855,0.232547507129725
2.286,0.225644294699198
2.2865,0.217754909023861
2.287,0.210194247710901
2.2875,0.202962310765265
2.288,0.195072924964188
2.2885,0.187512263529886
2.289,0.180280326467414
2.2895,0.172719664952647
2.29,0.164830278979909
2.2905,0.157269617379979
2.291,0.149708955737956
2.2915,0.142477018475511
2.292,0.134587632326535
2.2925,0.127684419407859
2.293,0.119795033171011
2.2935,0.112563095745678
2.294,0.104673709417874
2.2945,0.0977704963417544
2.295,0.0898811099238632
2.2955,0.0823204478945494
2.296,0.0747597858204241
2.2965,0.0671991237012131
2.297,0.0596384615366421
2.2975,0.0524065237713115
2.298,0.057666114877521
2.2985,0.0652267770539701
2.299,0.0727874391849877
2.2995,0.0800193768332677
2.3,0.0875800388761907
2.3005,0.0954694253081939
2.301,0.102701362828449
2.3015,0.110262024738333
2.302,0.117493962176365
2.3025,0.125054624000814
2.303,0.132944010206293
2.3035,0.140175947520202
2.304,0.147736609215689
2.3045,0.155297270868738
2.305,0.162857932479623
2.3055,0.170089869633441
2.306,0.177979255575996
2.3065,0.184882468238794
2.307,0.192443129687324
2.3075,0.200003791095037
2.308,0.207564452462208
2.3085,0.21512511378911
2.309,0.222685775076018
2.3095,0.230246436323206
2.31,0.238135821930394
2.3105,0.245367758699519
2.311,0.252928419829193
2.3115,0.260489080920244
2.312,0.26739229318727
2.3125,0.275281678596422
2.313,0.282513615185302
2.3135,0.290074276127857
2.314,0.297634937033136
2.3145,0.305524322286155
2.315,0.313084983116116
2.3155,0.320645643909635
2.316,0.328206304666988
2.3165,0.336095689766833
2.317,0.342998901697383
2.3175,0.350559562349413
2.318,0.345957421087155
2.3185,0.338068036035724
2.319,0.330178650945601
2.3195,0.322946714578732
2.32,0.315057329413579
2.3205,0.307496668593152
2.321,0.300264732121937
2.3215,0.293032795616955
2.322,0.285143410300001
2.3225,0.277582749332989
2.323,0.270350812720547
2.3235,0.263118876073346
2.324,0.255229490600111
2.3245,0.247997553879456
2.325,0.240108168325517
2.3255,0.232876231530359
2.326,0.225315570296922
2.3265,0.217426184619781
2.327,0.210194247710901
2.3275,0.202633586357768
2.328,0.195072924964188
2.3285,0.187512263529886
2.329,0.179951602054589
2.3295,0.173048389367194
2.33,0.165159003396347
2.3305,0.157598341798241
2.331,0.149708955737956
2.3315,0.142148294053566
2.332,0.134587632326535
2.3325,0.127026970556588
2.333,0.119795033171011
2.3335,0.112563095745678
2.334,0.105002433849153
2.3345,0.0974417719086398
2.335,0.0898811099238632
2.3355,0.0823204478945494
2.336,0.0750885102593651
2.3365,0.0671991237012131
2.337,0.0593097370936711
2.3375,0.0524065237713115
2.338,0.057666114877521
2.3385,0.0652267770539701
2.339,0.0724587147454497
2.3395,0.080348101270848
2.34,0.0875800388761907
2.3405,0.095140700874493
2.341,0.102372638396587
2.3415,0.110262024738333
2.342,0.117822686604418
2.3425,0.125054624000814
2.343,0.132944010206293
2.3435,0.140504671942631
2.344,0.148065333636267
2.3445,0.155297270868738
2.345,0.162529208062631
2.3455,0.170089869633441
2.346,0.177979255575996
2.3465,0.184882468238794
2.347,0.192771854097202
2.3475,0.200332515503147
2.348,0.207893176868561
2.3485,0.215453838193718
2.349,0.222685775076018
2.3495,0.230575160724361
2.35,0.237807097530948
2.3505,0.245696483097268
2.351,0.252599695433056
2.3515,0.260489080920244
2.352,0.268049741972946
2.3525,0.275281678596422
2.353,0.282842339574888
2.3535,0.290731724903704
2.354,0.298292385805755
2.3545,0.305524322286155
2.355,0.313413707499198
2.3555,0.320316919528062
2.356,0.327877580286982
2.3565,0.335766965388449
2.357,0.342998901697383
2.3575,0.350559562349413
2.358,0.34529997233434
2.3585,0.338068036035724
2.359,0.330178650945601
2.3595,0.322946714578732
2.36,0.31571477817885
2.3605,0.307825392977409
2.361,0.300264732121937
2.3615,0.293032795616955
2.362,0.285472134689019
2.3625,0.277911473723641
2.363,0.270022088328248
2.3635,0.262790151679461
2.364,0.255229490600111
2.3645,0.24766882948222
2.365,0.240108168325517
2.3655,0.233204955930918
2.366,0.224986845894571
2.3665,0.217754909023861
2.367,0.210522972116646
2.3675,0.202633586357768
2.368,0.195072924964188
2.3685,0.187840987940924
2.369,0.179951602054589
2.3695,0.172062216123317
2.37,0.164830278979909
2.3705,0.157598341798241
2.371,0.150037680158053
2.3715,0.142477018475511
2.372,0.134916356750339
2.3725,0.127684419407859
2.373,0.119795033171011
2.3735,0.112891820174968
2.374,0.105002433849153
2.3745,0.0974417719086398
2.375,0.0898811099238632
2.3755,0.0826491723315363
2.376,0.0747597858204241
2.3765,0.06752784814212
2.377,0.0599671859795269
2.3775,0.0520777993264369
2.378,0.057666114877521
2.3785,0.0652267770539701
2.379,0.0724587147454497
2.3795,0.080348101270848
2.38,0.0872513144404717
2.3805,0.095140700874493
2.381,0.102372638396587
2.3815,0.110262024738333
2.382,0.117493962176365
2.3825,0.125383348426981
2.383,0.132615285782001
2.3835,0.139847223097692
2.384,0.147736609215689
2.3845,0.155297270868738
2.385,0.162857932479623
2.3855,0.169432420802853
2.386,0.177650531162623
2.3865,0.185211192650452
2.387,0.192443129687324
2.3875,0.200332515503147
2.388,0.208221901274837
2.3885,0.215453838193718
2.389,0.222685775076018
2.3895,0.229917711921976
2.39,0.237478373131428
2.3905,0.245367758699519
2.391,0.252928419829193
2.3915,0.260489080920244
2.392,0.267721017580144
2.3925,0.275281678596422
2.393,0.283171063964402
2.3935,0.290403000515816
2.394,0.29796366141948
2.3945,0.305195597901413
2.395,0.313084983116116
2.3955,0.320316919528062
2.396,0.328206304666988
2.3965,0.335438241009997
2.397,0.342998901697383
2.3975,0.35088828672479
2.398,0.34529997233434
2.3985,0.337739311657743
2.399,0.330178650945601
2.3995,0.322617990197638
2.4,0.314728605030841
2.4005,0.308154117361596
2.401,0.300264732121937
2.4015,0.292704071229559
2.402,0.285143410300001
2.4025,0.277911473723641
2.403,0.270350812720547
2.4035,0.262790151679461
2.404,0.254900766204484
2.4045,0.24766882948222
2.405,0.240108168325517
2.4055,0.232876231530359
2.406,0.225315570296922
2.4065,0.217754909023861
2.407,0.20986552330508
2.4075,0.202633586357768
2.408,0.195401649373449
2.4085,0.187512263529886
2.409,0.180280326467414
2.4095,0.172390940538021
2.41,0.165159003396347
2.4105,0.157269617379979
2.411,0.150037680158053
2.4115,0.142477018475511
2.412,0.135245081174063
2.4125,0.127355694982264
2.413,0.120123757598489
2.4135,0.112234371316306
2.414,0.105659882711463
2.4145,0.0974417719086398
2.415,0.0898811099238632
2.4155,0.0823204478945494
2.416,0.0750885102593651
2.4165,0.06752784814212
2.417,0.0599671859795269
2.4175,0.0520777993264369
2.418,0.0570086659904563
2.4185,0.0648980526124625
2.419,0.0724587147454497
2.4195,0.0800193768332677
2.42,0.0872513144404717
2.4205,0.095140700874493
2.421,0.102372638396587
2.4215,0.110262024738333
2.422,0.117493962176365
2.4225,0.125054624000814
2.423,0.132615285782001
2.4235,0.140175947520202
2.424,0.148065333636267
2.4245,0.155297270868738
2.425,0.162529208062631
2.4255,0.170418594048617
2.426,0.177979255575996
2.4265,0.185211192650452
2.427,0.192114405277369
2.4275,0.200332515503147
2.428,0.207893176868561
2.4285,0.214796389384426
2.429,0.222685775076018
2.4295,0.230246436323206
2.43,0.237807097530948
2.4305,0.245367758699519
2.431,0.252928419829193
2.4315,0.260489080920244
2.432,0.267721017580144
2.4325,0.275610402987574
2.433,0.283171063964402
2.4335,0.290403000515816
2.434,0.298292385805755
2.4345,0.305524322286155
2.435,0.313413707499198
2.4355,0.320645643909635
2.436,0.328535029046926
2.4365,0.335438241009997
2.437,0.342998901697383
2.4375,0.350559562349413
2.438,0.34529997233434
2.4385,0.337739311657743
2.439,0.330507375325133
2.4395,0.322617990197638
2.44,0.315057329413579
2.4405,0.307825392977409
2.441,0.300264732121937
2.4415,0.292704071229559
2.442,0.285143410300001
2.4425,0.277254024942265
2.443,0.270350812720547
2.4435,0.262461427285504
2.444,0.255229490600111
2.4445,0.247997553879456
2.445,0.239779443926514
2.4455,0.232547507129725
2.446,0.225315570296922
2.4465,0.217754909023861
2.447,0.20986552330508
2.4475,0.202304861950194
2.448,0.194744200554849
2.4485,0.187512263529886
2.449,0.180280326467414
2.4495,0.172390940538021
2.45,0.165159003396347
2.4505,0.157269617379979
2.451,0.150037680158053
2.4515,0.142148294053566
2.452,0.135245081174063
2.4525,0.127355694982264
2.453,0.120123757598489
2.4535,0.112563095745678
2.454,0.105002433849153
2.4545,0.0974417719086398
2.455,0.0898811099238632
2.4555,0.0823204478945494
2.456,0.0744310613813979
2.4565,0.0668703992602205
2.457,0.0596384615366421
2.4575,0.0520777993264369
2.458,0.057666114877521
2.4585,0.0648980526124625
2.459,0.0724587147454497
2.4595,0.0800193768332677
2.46,0.0875800388761907
2.4605,0.095140700874493
2.461,0.102701362828449
2.4615,0.110262024738333
2.462,0.117822686604418
2.4625,0.124725899574566
2.463,0.132615285782001
2.4635,0.139847223097692
2.464,0.147736609215689
2.4645,0.155297270868738
2.465,0.162529208062631
2.4655,0.170089869633441
2.466,0.177979255575996
2.4665,0.185211192650452
2.467,0.193100578507003
2.4675,0.200332515503147
2.468,0.208221901274837
2.4685,0.21512511378911
2.469,0.223014499478893
2.4695,0.230246436323206
2.47,0.238135821930394
2.4705,0.245039034301696
2.471,0.252928419829193
2.4715,0.26016035652578
2.472,0.268049741972946
2.4725,0.275610402987574
2.473,0.282513615185302
2.4735,0.290731724903704
2.474,0.297306212646721
2.4745,0.305853046670828
2.475,0.313413707499198
2.4755,0.320316919528062
2.476,0.327548855906908
2.4765,0.335766965388449
2.477,0.343327626074291
2.4775,0.35088828672479
2.478,0.34529997233434
2.4785,0.338068036035724
2.479,0.330178650945601
2.4795,0.322946714578732
2.48,0.315386053796249
2.4805,0.307825392977409
2.481,0.300593456507723
2.4815,0.293032795616955
2.482,0.285472134689019
2.4825,0.277254024942265
2.483,0.270022088328248
2.4835,0.262790151679461
2.484,0.255229490600111
2.4845,0.247340105084912
2.485,0.239779443926514
2.4855,0.232547507129725
2.486,0.224986845894571
2.4865,0.217754909023861
2.487,0.20986552330508
2.4875,0.202633586357768
2.488,0.195072924964188
2.4885,0.187512263529886
2.489,0.180280326467414
2.4895,0.172390940538021
2.49,0.165159003396347
2.4905,0.157598341798241
2.491,0.150037680158053
2.4915,0.142148294053566
2.492,0.134916356750339
2.4925,0.127355694982264
2.493,0.119795033171011
2.4935,0.112234371316306
2.494,0.105002433849153
2.4945,0.0974417719086398
2.495,0.0895523854887342
2.4955,0.0823204478945494
2.496,0.0750885102593651
2.4965,0.0671991237012131
2.497,0.0602959104223255
2.4975,0.0520777993264369
2.498,0.057666114877521
2.4985,0.0648980526124625
2.499,0.0727874391849877
2.4995,0.080348101270848
2.5,0.0875800388761907
2.5005,0.0954694253081939
2.501,0.102701362828449
2.5015,0.109933300308381
2.502,0.117822686604418
2.5025,0.125712072853065
2.503,0.132615285782001
2.5035,0.140175947520202
2.504,0.147407884795031
2.5045,0.155297270868738
2.505,0.162529208062631
2.5055,0.170089869633441
2.506,0.177650531162623
2.5065,0.185211192650452
2.507,0.192771854097202
2.5075,0.200003791095037
2.508,0.207893176868561
2.5085,0.215453838193718
2.509,0.223014499478893
2.5095,0.230246436323206
2.51,0.237807097530948
2.5105,0.245696483097268
2.511,0.252928419829193
2.5115,0.26016035652578
2.512,0.267721017580144
2.5125,0.275281678596422
2.513,0.282842339574888
2.5135,0.290403000515816
2.514,0.297634937033136
2.5145,0.305853046670828
2.515,0.313084983116116
2.5155,0.320645643909635
2.516,0.328206304666988
2.5165,0.335438241009997
2.517,0.343327626074291
2.5175,0.350559562349413
2.518,0.34529997233434
2.5185,0.337739311657743
2.519,0.330836099704596
2.5195,0.322617990197638
2.52,0.315386053796249
2.5205,0.307825392977409
2.521,0.300264732121937
2.5215,0.292704071229559
2.522,0.285143410300001
2.5225,0.277911473723641
2.523,0.269693363935877
2.5235,0.262461427285504
2.524,0.255229490600111
2.5245,0.24766882948222
2.525,0.240436892724445
2.5255,0.232547507129725
2.526,0.225315570296922
2.5265,0.217426184619781
2.527,0.210194247710901
2.5275,0.202304861950194
2.528,0.194744200554849
2.5285,0.187840987940924
2.529,0.179951602054589
2.5295,0.172390940538021
2.53,0.165159003396347
2.5305,0.157269617379979
2.531,0.149708955737956
2.5315,0.142477018475511
2.532,0.135245081174063
2.5325,0.127026970556588
2.533,0.120123757598489
2.5335,0.112563095745678
2.534,0.105002433849153
2.5345,0.0971130474754414
2.535,0.0898811099238632
2.5355,0.0826491723315363
2.536,0.0747597858204241
2.5365,0.0671991237012131
2.537,0.0596384615366421
2.5375,0.0520777993264369
2.538,0.0573373904340318
2.5385,0.0648980526124625
2.539,0.0724587147454497
2.5395,0.0796906523956024
2.54,0.0875800388761907
2.5405,0.095140700874493
2.541,0.102043913964641
2.5415,0.110590749168202
2.542,0.11716523774823
2.5425,0.125054624000814
2.543,0.132944010206293
2.5435,0.140175947520202
2.544,0.148065333636267
2.5445,0.155297270868738
2.545,0.162529208062631
2.5455,0.170418594048617
2.546,0.177979255575996
2.5465,0.185211192650452
2.547,0.192443129687324
2.5475,0.200332515503147
2.548,0.207564452462208
2.5485,0.215453838193718
2.549,0.223014499478893
2.5495,0.230575160724361
2.55,0.238135821930394
2.5505,0.245367758699519
2.551,0.252928419829193
2.5515,0.26016035652578
2.552,0.268049741972946
2.5525,0.275610402987574
2.553,0.282842339574888
2.5535,0.290731724903704
2.554,0.298292385805755
2.5545,0.305524322286155
2.555,0.313084983116116
2.5555,0.320316919528062
2.556,0.328206304666988
2.5565,0.335766965388449
2.557,0.343327626074291
2.5575,0.350559562349413
2.558,0.344971247957832
2.5585,0.338068036035724
2.559,0.330178650945601
2.5595,0.322617990197638
2.56,0.31571477817885
2.5605,0.307825392977409
2.561,0.300264732121937
2.5615,0.292704071229559
2.562,0.285143410300001
2.5625,0.277582749332989
2.563,0.270350812720547
2.5635,0.262790151679461
2.564,0.255558214995664
2.5645,0.24766882948222
2.565,0.240108168325517
2.5655,0.231890058328235
2.566,0.225315570296922
2.5665,0.217426184619781
2.567,0.210194247710901
2.5675,0.202633586357768
2.568,0.194415476145434
2.5685,0.187512263529886
2.569,0.179951602054589
2.5695,0.172062216123317
2.57,0.165159003396347
2.5705,0.157269617379979
2.571,0.149708955737956
2.5715,0.142805742897376
2.572,0.134916356750339
2.5725,0.127355694982264
2.573,0.120123757598489
2.5735,0.112234371316306
2.574,0.105002433849153
2.5745,0.0971130474754414
2.575,0.0898811099238632
2.5755,0.0823204478945494
2.576,0.0747597858204241
2.5765,0.0671991237012131
2.577,0.0596384615366421
2.5775,0.0524065237713115
2.578,0.057666114877521
2.5785,0.0652267770539701
2.579,0.0727874391849877
2.5795,0.0800193768332677
2.58,0.0872513144404717
2.5805,0.095140700874493
2.581,0.102701362828449
2.5815,0.109933300308381
2.582,0.117822686604418
2.5825,0.125054624000814
2.583,0.132944010206293
2.5835,0.139847223097692
2.584,0.147736609215689
2.5845,0.155297270868738
2.585,0.162857932479623
2.5855,0.170418594048617
2.586,0.177979255575996
2.5865,0.185539917062033
2.587,0.192771854097202
2.5875,0.200989964319135
2.588,0.207893176868561
2.5885,0.215453838193718
2.589,0.223014499478893
2.5895,0.230575160724361
2.59,0.237807097530948
2.5905,0.245367758699519
2.591,0.252928419829193
2.5915,0.260489080920244
2.592,0.268049741972946
2.5925,0.275281678596422
2.593,0.282842339574888
2.5935,0.290074276127857
2.594,0.29796366141948
2.5945,0.305853046670828
2.595,0.313084983116116
2.5955,0.320645643909635
2.596,0.328206304666988
2.5965,0.335438241009997
2.597,0.342670177320408
2.5975,0.35088828672479
2.598,0.344971247957832
2.5985,0.338068036035724
2.599,0.330178650945601
2.5995,0.322946714578732
2.6,0.315386053796249
2.6005,0.308154117361596
2.601,0.300264732121937
2.6015,0.293032795616955
2.602,0.285472134689019
2.6025,0.277911473723641
2.603,0.270022088328248
2.6035,0.262790151679461
2.604,0.255229490600111
2.6045,0.247997553879456
2.605,0.240108168325517
2.6055,0.232876231530359
2.606,0.225315570296922
2.6065,0.217426184619781
2.607,0.210194247710901
2.6075,0.202633586357768
2.608,0.195072924964188
2.6085,0.187512263529886
2.609,0.179951602054589
2.6095,0.172390940538021
2.61,0.164830278979909
2.6105,0.157598341798241
2.611,0.150037680158053
2.6115,0.142805742897376
2.612,0.134916356750339
2.6125,0.127684419407859
2.613,0.120123757598489
2.6135,0.112234371316306
2.614,0.104673709417874
2.6145,0.0967843230421594
2.615,0.0898811099238632
2.6155,0.0819917234574778
2.616,0.0744310613813979
2.6165,0.0671991237012131
2.617,0.0599671859795269
2.6175,0.0524065237713115
2.618,0.057666114877521
2.6185,0.0648980526124625
2.619,0.0724587147454497
2.6195,0.080348101270848
2.62,0.0872513144404717
2.6205,0.0954694253081939
2.621,0.102372638396587
2.6215,0.110590749168202
2.622,0.117822686604418
2.6225,0.125054624000814
2.623,0.132615285782001
2.6235,0.140175947520202
2.624,0.148065333636267
2.6245,0.155297270868738
2.625,0.162857932479623
2.6255,0.170089869633441
2.626,0.177650531162623
2.6265,0.185539917062033
2.627,0.192771854097202
2.6275,0.200332515503147
2.628,0.207893176868561
2.6285,0.215453838193718
2.629,0.223014499478893
2.6295,0.230246436323206
2.63,0.238135821930394
2.6305,0.245367758699519
2.631,0.253257144225257
2.6315,0.260817805314635
2.632,0.268049741972946
2.6325,0.275610402987574
2.633,0.282842339574888
2.6335,0.290403000515816
2.634,0.298292385805755
2.6345,0.305524322286155
2.635,0.313084983116116
2.6355,0.320645643909635
2.636,0.327877580286982
2.6365,0.335766965388449
2.637,0.342998901697383
2.6375,0.350559562349413
2.638,0.34529997233434
2.6385,0.338068036035724
2.639,0.330178650945601
2.6395,0.322946714578732
2.64,0.31571477817885
2.6405,0.307825392977409
2.641,0.300264732121937
2.6415,0.292704071229559
2.642,0.285472134689019
2.6425,0.277582749332989
2.643,0.270350812720547
2.6435,0.262790151679461
2.644,0.255229490600111
2.6445,0.247997553879456
2.645,0.240108168325517
2.6455,0.232218782729017
2.646,0.225315570296922
2.6465,0.217754909023861
2.647,0.20986552330508
2.6475,0.202633586357768
2.648,0.195072924964188
2.6485,0.187512263529886
2.649,0.179622877641685
2.6495,0.172390940538021
2.65,0.164830278979909
2.6505,0.157598341798241
2.651,0.149708955737956
2.6515,0.142477018475511
2.652,0.134916356750339
2.6525,0.127026970556588
2.653,0.119795033171011
2.6535,0.112891820174968
2.654,0.105002433849153
2.6545,0.0971130474754414
2.655,0.0895523854887342
2.6555,0.0823204478945494
2.656,0.0747597858204241
2.6565,0.0671991237012131
2.657,0.0596384615366421
2.6575,0.0520777993264369
2.658,0.0573373904340318
2.6585,0.0652267770539701
2.659,0.0724587147454497
2.6595,0.0796906523956024
2.66,0.0879087633118253
2.6605,0.0954694253081939
2.661,0.103030087260228
2.6615,0.109933300308381
2.662,0.117822686604418
2.6625,0.125383348426981
2.663,0.132615285782001
2.6635,0.140175947520202
2.664,0.147736609215689
2.6645,0.155625995287477
2.665,0.162857932479623
2.6655,0.170089869633441
2.666,0.177650531162623
2.6665,0.185211192650452
2.667,0.192443129687324
2.6675,0.200661239911179
2.668,0.207564452462208
2.6685,0.215453838193718
2.669,0.222685775076018
2.6695,0.230246436323206
2.67,0.237807097530948
2.6705,0.245367758699519
2.671,0.252928419829193
2.6715,0.26016035652578
2.672,0.268049741972946
2.6725,0.275610402987574
2.673,0.283171063964402
2.6735,0.290731724903704
2.674,0.29796366141948
2.6745,0.305195597901413
2.675,0.312756258732964
2.6755,0.320645643909635
2.676,0.327877580286982
2.6765,0.335438241009997
2.677,0.342998901697383
2.6775,0.35088828672479
2.678,0.34529997233434
2.6785,0.337739311657743
2.679,0.329849926566001
2.6795,0.322617990197638
2.68,0.315386053796249
2.6805,0.307496668593152
2.681,0.300264732121937
2.6815,0.292375346842092
2.682,0.285143410300001
2.6825,0.277911473723641
2.683,0.269693363935877
2.6835,0.262790151679461
2.684,0.255229490600111
2.6845,0.247340105084912
2.685,0.240108168325517
2.6855,0.232218782729017
2.686,0.224986845894571
2.6865,0.217426184619781
2.687,0.20986552330508
2.6875,0.202962310765265
2.688,0.195072924964188
2.6885,0.187183539118771
2.689,0.179951602054589
2.6895,0.172390940538021
2.69,0.165159003396347
2.6905,0.157598341798241
2.691,0.150037680158053
2.6915,0.142477018475511
2.692,0.134916356750339
2.6925,0.127355694982264
2.693,0.119795033171011
2.6935,0.112563095745678
2.694,0.104673709417874
2.6945,0.0974417719086398
2.695,0.0898811099238632
2.6955,0.0819917234574778
2.696,0.0744310613813979
2.6965,0.06752784814212
2.697,0.0599671859795269
2.6975,0.0524065237713115
2.698,0.057666114877521
2.6985,0.0652267770539701
2.699,0.0727874391849877
2.6995,0.0796906523956024
2.7,0.0875800388761907
2.7005,0.0948119764407084
2.701,0.103030087260228
2.7015,0.110590749168202
2.702,0.117493962176365
2.7025,0.125383348426981
2.703,0.132615285782001
2.7035,0.140175947520202
2.704,0.148065333636267
2.7045,0.154968546449919
2.705,0.162529208062631
2.7055,0.170418594048617
2.706,0.17830797998929
2.7065,0.185539917062033
2.707,0.192771854097202
2.7075,0.200332515503147
2.708,0.207893176868561
2.7085,0.215453838193718
2.709,0.223014499478893
2.7095,0.230575160724361
2.71,0.237807097530948
2.7105,0.245367758699519
2.711,0.253257144225257
2.7115,0.260489080920244
2.712,0.268049741972946
2.7125,0.275281678596422
2.713,0.282513615185302
2.7135,0.290731724903704
2.714,0.298292385805755
2.7145,0.305195597901413
2.715,0.313084983116116
2.7155,0.320645643909635
2.716,0.328206304666988
2.7165,0.335766965388449
2.717,0.343656350451133
2.7175,0.35088828672479
2.718,0.344971247957832
2.7185,0.337739311657743
2.719,0.330178650945601
2.7195,0.322617990197638
2.72,0.315386053796249
2.7205,0.307496668593152
2.721,0.299936007736081
2.7215,0.292704071229559
2.722,0.285472134689019
2.7225,0.277582749332989
2.723,0.270022088328248
2.7235,0.262461427285504
2.724,0.255229490600111
2.7245,0.247340105084912
2.725,0.240108168325517
2.7255,0.232547507129725
2.726,0.225315570296922
2.7265,0.217426184619781
2.727,0.210194247710901
2.7275,0.201976137542544
2.728,0.194744200554849
2.7285,0.187183539118771
2.729,0.179622877641685
2.7295,0.172390940538021
2.73,0.164830278979909
2.7305,0.157269617379979
2.731,0.149708955737956
2.7315,0.142477018475511
2.732,0.134587632326535
2.7325,0.127355694982264
2.733,0.119466308743451
2.7335,0.112234371316306
2.734,0.104673709417874
2.7345,0.0974417719086398
2.735,0.0898811099238632
2.7355,0.0823204478945494
2.736,0.0747597858204241
2.7365,0.0671991237012131
2.737,0.0596384615366421
2.7375,0.0517490748814755
2.738,0.057666114877521
2.7385,0.0658842259367277
2.739,0.0724587147454497
2.7395,0.080348101270848
2.74,0.0879087633118253
2.7405,0.095140700874493
2.741,0.102701362828449
2.7415,0.109933300308381
2.742,0.117493962176365
2.7425,0.125054624000814
2.743,0.132615285782001
2.7435,0.140504671942631
2.744,0.147736609215689
2.7445,0.155297270868738
2.745,0.162529208062631
2.7455,0.170418594048617
2.746,0.177650531162623
2.7465,0.185539917062033
2.747,0.192443129687324
2.7475,0.200332515503147
2.748,0.207564452462208
2.7485,0.215453838193718
2.749,0.222685775076018
2.7495,0.230246436323206
2.75,0.237807097530948
2.7505,0.245367758699519
2.751,0.252928419829193
2.7515,0.26016035652578
2.752,0.267721017580144
2.7525,0.275610402987574
2.753,0.283171063964402
2.7535,0.290403000515816
2.754,0.29796366141948
2.7545,0.305524322286155
2.755,0.312756258732964
2.7555,0.320645643909635
2.756,0.328206304666988
2.7565,0.336095689766833
2.757,0.342998901697383
2.7575,0.350559562349413
2.758,0.344971247957832
2.7585,0.337739311657743
2.759,0.330507375325133
2.7595,0.322946714578732
2.76,0.314728605030841
2.7605,0.307825392977409
2.761,0.299936007736081
2.7615,0.292704071229559
2.762,0.285143410300001
2.7625,0.278240198114223
2.763,0.270350812720547
2.7635,0.262461427285504
2.764,0.255229490600111
2.7645,0.247340105084912
2.765,0.240108168325517
2.7655,0.232547507129725
2.766,0.225315570296922
2.7665,0.217097460215626
2.767,0.20986552330508
2.7675,0.202304861950194
2.768,0.195072924964188
2.7685,0.187512263529886
2.769,0.179951602054589
2.7695,0.172719664952647
2.77,0.164830278979909
2.7705,0.157269617379979
2.771,0.150366404578071
2.7715,0.14181956963154
2.772,0.134916356750339
2.7725,0.127684419407859
2.773,0.119795033171011
2.7735,0.11190564688685
2.774,0.10533115828035
2.7745,0.0971130474754414
2.775,0.0895523854887342
2.7755,0.0819917234574778
2.776,0.0747597858204241
2.7765,0.0671991237012131
2.777,0.0593097370936711
2.7775,0.0520777993264369
2.778,0.057666114877521
2.7785,0.0648980526124625
2.779,0.0721299903058262
2.7795,0.0800193768332677
2.78,0.0879087633118253
2.7805,0.0948119764407084
2.781,0.102372638396587
2.7815,0.109933300308381
2.782,0.117822686604418
2.7825,0.125383348426981
2.783,0.132944010206293
2.7835,0.140175947520202
2.784,0.148065333636267
2.7845,0.155297270868738
2.785,0.162857932479623
2.7855,0.170418594048617
2.786,0.17830797998929
2.7865,0.185211192650452
2.787,0.192443129687324
2.7875,0.200332515503147
2.788,0.207564452462208
2.7885,0.215453838193718
2.789,0.222357050673067
2.7895,0.230246436323206
2.79,0.237807097530948
2.7905,0.245039034301696
2.791,0.252928419829193
2.7915,0.260489080920244
2.792,0.267721017580144
2.7925,0.275610402987574
2.793,0.282842339574888
2.7935,0.290403000515816
2.794,0.298292385805755
2.7945,0.305524322286155
2.795,0.313084983116116
2.7955,0.320645643909635
2.796,0.328206304666988
2.7965,0.335766965388449
2.797,0.343327626074291
2.7975,0.35088828672479
2.798,0.34529997233434
2.7985,0.337739311657743
2.799,0.330178650945601
2.7995,0.322946714578732
2.8,0.31571477817885
2.8005,0.307496668593152
2.801,0.299936007736081
2.8015,0.292704071229559
2.802,0.285143410300001
2.8025,0.277582749332989
2.803,0.270350812720547
2.8035,0.262461427285504
2.804,0.255229490600111
2.8045,0.247997553879456
2.805,0.2407656171233
2.8055,0.232547507129725
2.806,0.224986845894571
2.8065,0.217754909023861
2.807,0.20986552330508
2.8075,0.202633586357768
2.808,0.195072924964188
2.8085,0.187183539118771
2.809,0.180280326467414
2.8095,0.172390940538021
2.81,0.164830278979909
2.8105,0.157598341798241
2.811,0.150037680158053
2.8115,0.142477018475511
2.812,0.134916356750339
2.8125,0.127684419407859
2.813,0.119795033171011
2.8135,0.11190564688685
2.814,0.105002433849153
2.8145,0.0971130474754414
2.815,0.0895523854887342
2.8155,0.0819917234574778
2.816,0.0744310613813979
2.8165,0.0671991237012131
2.817,0.0596384615366421
2.8175,0.0520777993264369
2.818,0.0573373904340318
2.8185,0.0652267770539701
2.819,0.0724587147454497
2.8195,0.0800193768332677
2.82,0.0879087633118253
2.8205,0.095140700874493
2.821,0.102701362828449
2.8215,0.110262024738333
2.822,0.117822686604418
2.8225,0.125383348426981
2.823,0.132286561357628
2.8235,0.140504671942631
2.824,0.147736609215689
2.8245,0.155625995287477
2.825,0.162529208062631
2.8255,0.170418594048617
2.826,0.177979255575996
2.8265,0.185211192650452
2.827,0.193100578507003
2.8275,0.200332515503147
2.828,0.207564452462208
2.8285,0.215453838193718
2.829,0.223014499478893
2.8295,0.230575160724361
2.83,0.237807097530948
2.8305,0.245367758699519
2.831,0.252599695433056
2.8315,0.260817805314635
2.832,0.268378466365676
2.8325,0.275610402987574
2.833,0.283499788353846
2.8335,0.290731724903704
2.834,0.29796366141948
2.8345,0.305524322286155
2.835,0.313084983116116
2.8355,0.320645643909635
2.836,0.328535029046926
2.8365,0.335766965388449
2.837,0.342670177320408
2.8375,0.35088828672479
2.838,0.34529997233434
2.8385,0.337410587279696
2.839,0.330507375325133
2.8395,0.322617990197638
2.84,0.315386053796249
2.8405,0.307825392977409
2.841,0.300264732121937
2.8415,0.292375346842092
2.842,0.285143410300001
2.8425,0.277911473723641
2.843,0.270022088328248
2.8435,0.262790151679461
2.844,0.254900766204484
2.8445,0.247340105084912
2.845,0.240108168325517
2.8455,0.232547507129725
2.846,0.224986845894571
2.8465,0.217426184619781
2.847,0.20986552330508
2.8475,0.202633586357768
2.848,0.194744200554849
2.8485,0.187840987940924
2.849,0.180280326467414
2.8495,0.172390940538021
2.85,0.164830278979909
2.8505,0.156940892961638
2.851,0.150037680158053
2.8515,0.142148294053566
2.852,0.134916356750339
2.8525,0.127684419407859
2.853,0.120123757598489
2.8535,0.112234371316306
2.854,0.105002433849153
2.8545,0.0974417719086398
2.855,0.0898811099238632
2.8555,0.0826491723315363
2.856,0.0747597858204241
2.8565,0.06752784814212
2.857,0.0593097370936711
2.8575,0.0520777993264369
2.858,0.057666114877521
2.8585,0.0652267770539701
2.859,0.0724587147454497
2.8595,0.0800193768332677
2.86,0.0879087633118253
2.8605,0.0954694253081939
2.861,0.103030087260228
2.8615,0.110262024738333
2.862,0.117822686604418
2.8625,0.125383348426981
2.863,0.132944010206293
2.8635,0.140175947520202
2.864,0.148065333636267
2.8645,0.155297270868738
2.865,0.162857932479623
2.8655,0.170089869633441
2.866,0.177650531162623
2.8665,0.185211192650452
2.867,0.193100578507003
2.8675,0.200332515503147
2.868,0.207893176868561
2.8685,0.215782562598251
2.869,0.223014499478893
2.8695,0.229917711921976
2.87,0.238135821930394
2.8705,0.245367758699519
2.871,0.252928419829193
2.8715,0.260489080920244
2.872,0.268049741972946
2.8725,0.275610402987574
2.873,0.282842339574888
2.8735,0.290731724903704
2.874,0.297634937033136
2.8745,0.306181771055432
2.875,0.313084983116116
2.8755,0.320645643909635
2.876,0.328206304666988
2.8765,0.335766965388449
2.877,0.343327626074291
2.8775,0.350559562349413
2.878,0.344971247957832
2.8785,0.337739311657743
2.879,0.330507375325133
2.8795,0.322617990197638
2.88,0.315386053796249
2.8805,0.307825392977409
2.881,0.300264732121937
2.8815,0.292375346842092
2.882,0.285143410300001
2.8825,0.277582749332989
2.883,0.270350812720547
2.8835,0.262461427285504
2.884,0.254900766204484
2.8845,0.247340105084912
2.885,0.240436892724445
2.8855,0.232876231530359
2.886,0.224658121492146
2.8865,0.217097460215626
2.887,0.210194247710901
2.8875,0.202304861950194
2.888,0.194744200554849
2.8885,0.186854814707579
2.889,0.180609050880162
2.8895,0.172719664952647
2.89,0.164830278979909
2.8905,0.157269617379979
2.891,0.149708955737956
2.8915,0.142148294053566
2.892,0.134587632326535
2.8925,0.127684419407859
2.893,0.120123757598489
2.8935,0.112234371316306
2.894,0.105002433849153
2.8945,0.0974417719086398
2.895,0.0898811099238632
2.8955,0.0823204478945494
2.896,0.0750885102593651
2.8965,0.0668703992602205
2.897,0.0596384615366421
2.8975,0.0524065237713115
2.898,0.057666114877521
2.8985,0.0652267770539701
2.899,0.0727874391849877
2.8995,0.080348101270848
2.9,0.0875800388761907
2.9005,0.095140700874493
2.901,0.102701362828449
2.9015,0.110590749168202
2.902,0.117493962176365
2.9025,0.125383348426981
2.903,0.132615285782001
2.9035,0.140504671942631
2.904,0.148065333636267
2.9045,0.155297270868738
2.905,0.162857932479623
2.9055,0.170089869633441
2.906,0.17830797998929
2.9065,0.185868641473536
2.907,0.192771854097202
2.9075,0.200332515503147
2.908,0.207893176868561
2.9085,0.215782562598251
2.909,0.223343223881694
2.9095,0.230575160724361
2.91,0.238135821930394
2.9105,0.245696483097268
2.911,0.252928419829193
2.9115,0.26016035652578
2.912,0.268049741972946
2.9125,0.275610402987574
2.913,0.283171063964402
2.9135,0.290731724903704
2.914,0.298292385805755
2.9145,0.305853046670828
2.915,0.312756258732964
2.9155,0.320316919528062
2.916,0.328206304666988
2.9165,0.335438241009997
2.917,0.342998901697383
2.9175,0.35088828672479
2.918,0.344971247957832
2.9185,0.338068036035724
2.919,0.330507375325133
2.9195,0.322617990197638
2.92,0.315057329413579
2.9205,0.307167944208826
2.921,0.300593456507723
2.9215,0.292704071229559
2.922,0.285143410300001
2.9225,0.277582749332989
2.923,0.270022088328248
2.9235,0.262132702891475
2.924,0.254900766204484
2.9245,0.24766882948222
2.925,0.240108168325517
2.9255,0.232218782729017
2.926,0.224986845894571
2.9265,0.217097460215626
2.927,0.20986552330508
2.9275,0.202633586357768
2.928,0.195072924964188
2.9285,0.187512263529886
2.929,0.179622877641685
2.9295,0.172719664952647
2.93,0.164830278979909
2.9305,0.157269617379979
2.931,0.149708955737956
2.9315,0.142477018475511
2.932,0.134587632326535
2.9325,0.127355694982264
2.933,0.119466308743451
2.9335,0.112234371316306
2.934,0.105002433849153
2.9345,0.0974417719086398
2.935,0.0895523854887342
2.9355,0.0823204478945494
2.936,0.0747597858204241
2.9365,0.0671991237012131
2.937,0.0596384615366421
2.9375,0.0524065237713115
2.938,0.0573373904340318
2.9385,0.0652267770539701
2.939,0.0727874391849877
2.9395,0.0800193768332677
2.94,0.0882374877473757
2.9405,0.0948119764407084
2.941,0.102701362828449
2.9415,0.110590749168202
2.942,0.117493962176365
2.9425,0.125383348426981
2.943,0.133272734630504
2.9435,0.140175947520202
2.944,0.148065333636267
2.9445,0.155297270868738
2.945,0.162529208062631
2.9455,0.170418594048617
2.946,0.17830797998929
2.9465,0.185539917062033
2.947,0.192771854097202
2.9475,0.200332515503147
2.948,0.207564452462208
2.9485,0.21512511378911
2.949,0.223014499478893
2.9495,0.230246436323206
2.95,0.238135821930394
2.9505,0.245367758699519
2.951,0.252928419829193
2.9515,0.260489080920244
2.952,0.268049741972946
2.9525,0.275610402987574
2.953,0.283171063964402
2.9535,0.290074276127857
2.954,0.29796366141948
2.9545,0.305853046670828
2.955,0.313084983116116
2.9555,0.320645643909635
2.956,0.328535029046926
2.9565,0.335766965388449
2.957,0.343327626074291
2.9575,0.35088828672479
2.958,0.34529997233434
2.9585,0.337739311657743
2.959,0.330507375325133
2.9595,0.322617990197638
2.96,0.315386053796249
2.9605,0.308154117361596
2.961,0.299936007736081
2.9615,0.293032795616955
2.962,0.285472134689019
2.9625,0.277911473723641
2.963,0.270350812720547
2.9635,0.262790151679461
2.964,0.255229490600111
2.9645,0.24766882948222
2.965,0.239779443926514
2.9655,0.232547507129725
2.966,0.225315570296922
2.9665,0.217426184619781
2.967,0.20986552330508
2.9675,0.202304861950194
2.968,0.194744200554849
2.9685,0.187512263529886
2.969,0.179951602054589
2.9695,0.172062216123317
2.97,0.164501554563393
2.9705,0.157598341798241
2.971,0.150037680158053
2.9715,0.142148294053566
2.972,0.135245081174063
2.9725,0.127355694982264
2.973,0.119795033171011
2.9735,0.112234371316306
2.974,0.105002433849153
2.9745,0.0967843230421594
2.975,0.0895523854887342
2.9755,0.0819917234574778
2.976,0.0747597858204241
2.9765,0.0668703992602205
2.977,0.0599671859795269
2.9775,0.0524065237713115
2.978,0.057666114877521
2.9785,0.0652267770539701
2.979,0.0734448880638077
2.9795,0.0800193768332677
2.98,0.0879087633118253
2.9805,0.095140700874493
2.981,0.103030087260228
2.9815,0.110262024738333
2.982,0.118151411032389
2.9825,0.125054624000814
2.983,0.132615285782001
2.9835,0.140504671942631
2.984,0.148065333636267
2.9845,0.155297270868738
2.985,0.162857932479623
2.9855,0.169761145218187
2.986,0.177650531162623
2.9865,0.185211192650452
2.987,0.192771854097202
2.9875,0.200661239911179
2.988,0.207564452462208
2.9885,0.215453838193718
2.989,0.223014499478893
2.9895,0.230246436323206
2.99,0.238135821930394
2.9905,0.245367758699519
2.991,0.252599695433056
2.9915,0.260489080920244
2.992,0.268049741972946
2.9925,0.275281678596422
2.993,0.282842339574888
2.9935,0.290731724903704
2.994,0.29796366141948
2.9945,0.305524322286155
2.995,0.313084983116116
2.9955,0.320645643909635
2.996,0.327548855906908
2.9965,0.335438241009997
2.997,0.342998901697383
2.9975,0.350559562349413
2.998,0.34529997233434
2.9985,0.338068036035724
2.999,0.330178650945601
2.9995,0.322617990197638
3,0.315057329413579
3.0005,0.307825392977409
3.001,0.300264732121937
3.0015,0.292375346842092
3.002,0.284814685910912
3.0025,0.277911473723641
3.003,0.270022088328248
3.0035,0.262461427285504
3.004,0.255229490600111
3.0045,0.247340105084912
3.005,0.239779443926514
3.0055,0.232547507129725
3.006,0.225315570296922
3.0065,0.217754909023861
3.007,0.20986552330508
3.0075,0.202633586357768
3.008,0.194744200554849
3.0085,0.187840987940924
3.009,0.179622877641685
3.0095,0.172390940538021
3.01,0.164830278979909
3.0105,0.157269617379979
3.011,0.150037680158053
3.0115,0.142477018475511
3.012,0.134587632326535
3.0125,0.12669824613083
3.013,0.119466308743451
3.0135,0.112234371316306
3.014,0.105002433849153
3.0145,0.0971130474754414
3.015,0.0898811099238632
3.0155,0.0819917234574778
3.016,0.0747597858204241
3.0165,0.0671991237012131
3.017,0.0596384615366421
3.0175,0.0524065237713115
3.018,0.057666114877521
3.0185,0.0655555014953919
3.019,0.0724587147454497
3.0195,0.0800193768332677
3.02,0.0879087633118253
3.0205,0.095140700874493
3.021,0.103030087260228
3.0215,0.109933300308381
3.022,0.117822686604418
3.0225,0.125383348426981
3.023,0.132615285782001
3.0235,0.140175947520202
3.024,0.147736609215689
3.0245,0.155297270868738
3.025,0.162857932479623
3.0255,0.170418594048617
3.026,0.177979255575996
3.0265,0.185211192650452
3.027,0.193100578507003
3.0275,0.200661239911179
3.028,0.207564452462208
3.0285,0.21512511378911
3.029,0.223014499478893
3.0295,0.230246436323206
3.03,0.238135821930394
3.0305,0.245367758699519
3.031,0.253257144225257
3.0315,0.26016035652578
3.032,0.268049741972946
3.0325,0.275610402987574
3.033,0.282842339574888
3.0335,0.290731724903704
3.034,0.29796366141948
3.0345,0.305853046670828
3.035,0.312756258732964
3.0355,0.320645643909635
3.036,0.328206304666988
3.0365,0.335766965388449
3.037,0.343327626074291
3.0375,0.35088828672479
3.038,0.345628696710781
3.0385,0.338068036035724
3.039,0.329849926566001
3.0395,0.322617990197638
3.04,0.315057329413579
3.0405,0.307496668593152
3.041,0.300264732121937
3.0415,0.292704071229559
3.042,0.285143410300001
3.0425,0.277254024942265
3.043,0.270350812720547
3.0435,0.262461427285504
3.044,0.255229490600111
3.0445,0.24766882948222
3.045,0.240108168325517
3.0455,0.232547507129725
3.046,0.224986845894571
3.0465,0.217426184619781
3.047,0.20986552330508
3.0475,0.202304861950194
3.048,0.194744200554849
3.0485,0.187512263529886
3.049,0.179951602054589
3.0495,0.172719664952647
3.05,0.164830278979909
3.0505,0.157269617379979
3.051,0.150037680158053
3.0515,0.142148294053566
3.052,0.135245081174063
3.0525,0.127026970556588
3.053,0.119795033171011
3.0535,0.112563095745678
3.054,0.105002433849153
3.0545,0.0974417719086398
3.055,0.0898811099238632
3.0555,0.0819917234574778
3.056,0.0744310613813979
3.0565,0.06752784814212
3.057,0.0596384615366421
3.0575,0.0520777993264369
3.058,0.0579948393209237
3.0585,0.0655555014953919
3.059,0.0724587147454497
3.0595,0.0800193768332677
3.06,0.0875800388761907
3.0605,0.095140700874493
3.061,0.103030087260228
3.0615,0.110262024738333
3.062,0.117822686604418
3.0625,0.125383348426981
3.063,0.132615285782001
3.0635,0.140504671942631
3.064,0.147736609215689
3.0645,0.155297270868738
3.065,0.163186656896535
3.0655,0.170418594048617
3.066,0.177650531162623
3.0665,0.185539917062033
3.067,0.192771854097202
3.0675,0.200332515503147
3.068,0.208221901274837
3.0685,0.215453838193718
3.069,0.223014499478893
3.0695,0.230575160724361
3.07,0.238135821930394
3.0705,0.245696483097268
3.071,0.253914593017167
3.0715,0.260489080920244
3.072,0.268378466365676
3.0725,0.275939127378655
3.073,0.283499788353846
3.0735,0.291060449291523
3.074,0.29796366141948
3.0745,0.305195597901413
3.075,0.313084983116116
3.0755,0.32097436829114
3.076,0.328535029046926
3.0765,0.336095689766833
3.077,0.342998901697383
3.0775,0.351217011100102
3.078,0.344971247957832
3.0785,0.337739311657743
3.079,0.330507375325133
3.0795,0.322946714578732
3.08,0.315057329413579
3.0805,0.307496668593152
3.081,0.299936007736081
3.0815,0.293032795616955
3.082,0.285472134689019
3.0825,0.277254024942265
3.083,0.270022088328248
3.0835,0.262790151679461
3.084,0.255229490600111
3.0845,0.24766882948222
3.085,0.239779443926514
3.0855,0.232218782729017
3.086,0.225315570296922
3.0865,0.217097460215626
3.087,0.20986552330508
3.0875,0.202633586357768
3.088,0.195072924964188
3.0885,0.187512263529886
3.089,0.179951602054589
3.0895,0.172390940538021
3.09,0.165159003396347
3.0905,0.157269617379979
3.091,0.150037680158053
3.0915,0.142148294053566
3.092,0.135245081174063
3.0925,0.127026970556588
3.093,0.119795033171011
3.0935,0.112234371316306
3.094,0.105002433849153
3.0945,0.0974417719086398
3.095,0.0895523854887342
3.0955,0.0819917234574778
3.096,0.0750885102593651
3.0965,0.0668703992602205
3.097,0.0596384615366421
3.0975,0.0520777993264369
3.098,0.057666114877521
3.0985,0.0652267770539701
3.099,0.0727874391849877
3.0995,0.080348101270848
3.1,0.0879087633118253
3.1005,0.0954694253081939
3.101,0.102701362828449
3.1015,0.110590749168202
3.102,0.117822686604418
3.1025,0.125383348426981
3.103,0.132615285782001
3.1035,0.140175947520202
3.104,0.147736609215689
3.1045,0.155297270868738
3.105,0.162857932479623
3.1055,0.170747318463714
3.106,0.17830797998929
3.1065,0.185539917062033
3.107,0.193100578507003
3.1075,0.200661239911179
3.108,0.207893176868561
3.1085,0.215782562598251
3.109,0.222685775076018
3.1095,0.230246436323206
3.11,0.237807097530948
3.1105,0.245696483097268
3.111,0.252928419829193
3.1115,0.261146529708954
3.112,0.268378466365676
3.1125,0.275610402987574
3.113,0.283171063964402
3.1135,0.290731724903704
3.114,0.29796366141948
3.1145,0.305524322286155
3.115,0.313742431882212
3.1155,0.320645643909635
3.116,0.327877580286982
3.1165,0.335766965388449
3.117,0.343327626074291
3.1175,0.35088828672479
3.118,0.34529997233434
3.1185,0.337739311657743
3.119,0.330178650945601
3.1195,0.322617990197638
3.12,0.31571477817885
3.1205,0.307496668593152
3.121,0.299936007736081
3.1215,0.292704071229559
3.122,0.285143410300001
3.1225,0.277582749332989
3.123,0.270022088328248
3.1235,0.262790151679461
3.124,0.255229490600111
3.1245,0.247340105084912
3.125,0.240108168325517
3.1255,0.232547507129725
3.126,0.225315570296922
3.1265,0.217754909023861
3.127,0.209536798899184
3.1275,0.202633586357768
3.128,0.194744200554849
3.1285,0.187512263529886
3.129,0.179951602054589
3.1295,0.172062216123317
3.13,0.164830278979909
3.1305,0.157269617379979
3.131,0.149708955737956
3.1315,0.142477018475511
3.132,0.134916356750339
3.1325,0.127355694982264
3.133,0.119466308743451
3.1335,0.112563095745678
3.134,0.104673709417874
3.1345,0.0974417719086398
3.135,0.0895523854887342
3.1355,0.0823204478945494
3.136,0.0744310613813979
3.1365,0.0668703992602205
3.137,0.0596384615366421
3.1375,0.0520777993264369
3.138,0.0579948393209237
3.1385,0.0652267770539701
3.139,0.0724587147454497
3.1395,0.080348101270848
3.14,0.0875800388761907
3.1405,0.0954694253081939
3.141,0.103030087260228
3.1415,0.110590749168202
3.142,0.117493962176365
3.1425,0.125712072853065
3.143,0.132615285782001
3.1435,0.140504671942631
3.144,0.147736609215689
3.1445,0.155297270868738
3.145,0.162529208062631
3.1455,0.170418594048617
3.146,0.177979255575996
3.1465,0.185211192650452
3.147,0.192771854097202
3.1475,0.200332515503147
3.148,0.207893176868561
3.1485,0.21512511378911
3.149,0.223014499478893
3.1495,0.230575160724361
3.15,0.238135821930394
3.1505,0.245367758699519
3.151,0.253257144225257
3.1515,0.260817805314635
3.152,0.268049741972946
3.1525,0.275610402987574
3.153,0.283171063964402
3.1535,0.290731724903704
3.154,0.29796366141948
3.1545,0.305195597901413
3.155,0.313084983116116
3.1555,0.320645643909635
3.156,0.327877580286982
3.1565,0.335766965388449
3.157,0.342998901697383
3.1575,0.35088828672479
3.158,0.34529997233434
3.1585,0.337739311657743
3.159,0.330178650945601
3.1595,0.322946714578732
3.16,0.315057329413579
3.1605,0.307496668593152
3.161,0.299936007736081
3.1615,0.292375346842092
3.162,0.285143410300001
3.1625,0.277582749332989
3.163,0.270022088328248
3.1635,0.262461427285504
3.164,0.254900766204484
3.1645,0.24701138068753
3.165,0.240108168325517
3.1655,0.232218782729017
3.166,0.224658121492146
3.1665,0.217097460215626
3.167,0.210194247710901
3.1675,0.202633586357768
3.168,0.194744200554849
3.1685,0.187512263529886
3.169,0.179951602054589
3.1695,0.172390940538021
3.17,0.164830278979909
3.1705,0.157269617379979
3.171,0.149708955737956
3.1715,0.142477018475511
3.172,0.134587632326535
3.1725,0.127026970556588
3.173,0.119466308743451
3.1735,0.112563095745678
3.174,0.104673709417874
3.1745,0.0974417719086398
3.175,0.0898811099238632
3.1755,0.0823204478945494
3.176,0.0744310613813979
3.1765,0.0668703992602205
3.177,0.0599671859795269
3.1775,0.0517490748814755
3.178,0.057666114877521
3.1785,0.0652267770539701
3.179,0.0727874391849877
3.1795,0.080348101270848
3.18,0.0875800388761907
3.1805,0.0954694253081939
3.181,0.102701362828449
3.1815,0.110590749168202
3.182,0.117822686604418
3.1825,0.125383348426981
3.183,0.132944010206293
3.1835,0.140175947520202
3.184,0.148065333636267
3.1845,0.155297270868738
3.185,0.162857932479623
3.1855,0.170418594048617
3.186,0.177650531162623
3.1865,0.185211192650452
3.187,0.192771854097202
3.1875,0.200661239911179
3.188,0.207564452462208
3.1885,0.21512511378911
3.189,0.222685775076018
3.1895,0.230575160724361
3.19,0.237807097530948
3.1905,0.245039034301696
3.191,0.252928419829193
3.1915,0.260817805314635
3.192,0.268049741972946
3.1925,0.275610402987574
3.193,0.283171063964402
3.1935,0.290731724903704
3.194,0.29796366141948
3.1945,0.305524322286155
3.195,0.313084983116116
3.1955,0.320645643909635
3.196,0.328206304666988
3.1965,0.335438241009997
3.197,0.343656350451133
3.1975,0.35088828672479
3.198,0.344971247957832
3.1985,0.337410587279696
3.199,0.330178650945601
3.1995,0.322617990197638
3.2,0.315057329413579
3.2005,0.307825392977409
3.201,0.300264732121937
3.2015,0.293361520004281
3.202,0.285143410300001
3.2025,0.277582749332989
3.203,0.270022088328248
3.2035,0.262790151679461
3.204,0.254900766204484
3.2045,0.247340105084912
3.205,0.240108168325517
3.2055,0.232547507129725
3.206,0.224986845894571
3.2065,0.217426184619781
3.207,0.20986552330508
3.2075,0.202633586357768
3.208,0.194415476145434
3.2085,0.187512263529886
3.209,0.179622877641685
3.2095,0.172062216123317
3.21,0.164830278979909
3.2105,0.157269617379979
3.211,0.150037680158053
3.2115,0.142477018475511
3.212,0.134916356750339
3.2125,0.127355694982264
3.213,0.119795033171011
3.2135,0.112234371316306
3.214,0.104673709417874
3.2145,0.0967843230421594
3.215,0.0898811099238632
3.2155,0.0823204478945494
3.216,0.0747597858204241
3.2165,0.0668703992602205
3.217,0.0596384615366421
3.2175,0.0520777993264369
3.218,0.057666114877521
3.2185,0.0652267770539701
3.219,0.0727874391849877
3.2195,0.0800193768332677
3.22,0.0875800388761907
3.2205,0.095140700874493
3.221,0.102701362828449
3.2215,0.110262024738333
3.222,0.117822686604418
3.2225,0.125054624000814
3.223,0.132944010206293
3.2235,0.141162120787247
3.224,0.148065333636267
3.2245,0.155297270868738
3.225,0.162857932479623
3.2255,0.170418594048617
3.226,0.17830797998929
3.2265,0.185539917062033
3.227,0.192771854097202
3.2275,0.200989964319135
3.228,0.207893176868561
3.2285,0.215453838193718
3.229,0.223014499478893
3.2295,0.230575160724361
3.23,0.238135821930394
3.2305,0.245367758699519
3.231,0.253585868621248
3.2315,0.260817805314635
3.232,0.268378466365676
3.2325,0.275610402987574
3.233,0.283171063964402
3.2335,0.290731724903704
3.234,0.298292385805755
3.2345,0.305524322286155
3.235,0.313084983116116
3.2355,0.320316919528062
3.236,0.328535029046926
3.2365,0.335766965388449
3.237,0.343327626074291
3.2375,0.35088828672479
3.238,0.34529997233434
3.2385,0.337739311657743
3.239,0.330178650945601
3.2395,0.322617990197638
3.24,0.315057329413579
3.2405,0.307825392977409
3.241,0.300264732121937
3.2415,0.292375346842092
3.242,0.284814685910912
3.2425,0.277582749332989
3.243,0.269693363935877
3.2435,0.262461427285504
3.244,0.255229490600111
3.2445,0.247340105084912
3.245,0.240436892724445
3.2455,0.232547507129725
3.246,0.224986845894571
3.2465,0.217754909023861
3.247,0.20986552330508
3.2475,0.202304861950194
3.248,0.194415476145434
3.2485,0.187512263529886
3.249,0.179951602054589
3.2495,0.172390940538021
3.25,0.164830278979909
3.2505,0.156940892961638
3.251,0.149708955737956
3.2515,0.142477018475511
3.252,0.134587632326535
3.2525,0.127355694982264
3.253,0.119795033171011
3.2535,0.11190564688685
3.254,0.104673709417874
3.2545,0.0971130474754414
3.255,0.0898811099238632
3.2555,0.0819917234574778
3.256,0.0747597858204241
3.2565,0.0668703992602205
3.257,0.0596384615366421
3.2575,0.0527352482160993
3.258,0.057666114877521
3.2585,0.0652267770539701
3.259,0.0727874391849877
3.2595,0.080348101270848
3.26,0.0879087633118253
3.2605,0.0954694253081939
3.261,0.103030087260228
3.2615,0.110262024738333
3.262,0.117822686604418
3.2625,0.125383348426981
3.263,0.132944010206293
3.2635,0.140175947520202
3.264,0.147736609215689
3.2645,0.154968546449919
3.265,0.163186656896535
3.2655,0.170747318463714
3.266,0.177979255575996
3.2665,0.185539917062033
3.267,0.192771854097202
3.2675,0.200332515503147
3.268,0.207893176868561
3.2685,0.215453838193718
3.269,0.223014499478893
3.2695,0.230246436323206
3.27,0.237807097530948
3.2705,0.245696483097268
3.271,0.253257144225257
3.2715,0.260489080920244
3.272,0.267721017580144
3.2725,0.275610402987574
3.273,0.283171063964402
3.2735,0.290731724903704
3.274,0.297634937033136
3.2745,0.305524322286155
3.275,0.313084983116116
3.2755,0.320645643909635
3.276,0.327877580286982
3.2765,0.335766965388449
3.277,0.343327626074291
3.2775,0.350559562349413
3.278,0.344971247957832
3.2785,0.337410587279696
3.279,0.330507375325133
3.2795,0.322617990197638
3.28,0.315057329413579
3.2805,0.307496668593152
3.281,0.300264732121937
3.2815,0.292375346842092
3.282,0.285143410300001
3.2825,0.277582749332989
3.283,0.270022088328248
3.2835,0.262790151679461
3.284,0.255229490600111
3.2845,0.247340105084912
3.285,0.240108168325517
3.2855,0.232218782729017
3.286,0.224986845894571
3.2865,0.217754909023861
3.287,0.20986552330508
3.2875,0.202304861950194
3.288,0.194744200554849
3.2885,0.187183539118771
3.289,0.179951602054589
3.2895,0.172390940538021
3.29,0.164830278979909
3.2905,0.157598341798241
3.291,0.150037680158053
3.2915,0.142148294053566
3.292,0.134916356750339
3.2925,0.127355694982264
3.293,0.119795033171011
3.2935,0.112234371316306
3.294,0.104673709417874
3.2945,0.0974417719086398
3.295,0.0898811099238632
3.2955,0.0823204478945494
3.296,0.0744310613813979
3.2965,0.0671991237012131
3.297,0.0596384615366421
3.2975,0.0517490748814755
3.298,0.057666114877521
3.2985,0.0652267770539701
3.299,0.0727874391849877
3.2995,0.0796906523956024
3.3,0.0879087633118253
3.3005,0.0954694253081939
3.301,0.103030087260228
3.3015,0.110262024738333
3.302,0.117822686604418
3.3025,0.125383348426981
3.303,0.132615285782001
3.3035,0.140175947520202
3.304,0.147736609215689
3.3045,0.155297270868738
3.305,0.162857932479623
3.3055,0.170418594048617
3.306,0.177979255575996
3.3065,0.185868641473536
3.307,0.193429302916726
3.3075,0.200661239911179
3.308,0.207893176868561
3.3085,0.21512511378911
3.309,0.223014499478893
3.3095,0.230246436323206
3.31,0.237807097530948
3.3105,0.245367758699519
3.311,0.252928419829193
3.3115,0.260489080920244
3.312,0.268378466365676
3.3125,0.275610402987574
3.313,0.283171063964402
3.3135,0.290731724903704
3.314,0.29796366141948
3.3145,0.305853046670828
3.315,0.313084983116116
3.3155,0.320645643909635
3.316,0.328535029046926
3.3165,0.335766965388449
3.317,0.343327626074291
3.3175,0.350559562349413
3.318,0.344971247957832
3.3185,0.337739311657743
3.319,0.330178650945601
3.3195,0.322617990197638
3.32,0.315057329413579
3.3205,0.308154117361596
3.321,0.299936007736081
3.3215,0.292375346842092
3.322,0.285472134689019
3.3225,0.277582749332989
3.323,0.270022088328248
3.3235,0.262790151679461
3.324,0.254572041808784
3.3245,0.24701138068753
3.325,0.239779443926514
3.3255,0.232547507129725
3.326,0.224658121492146
3.3265,0.217426184619781
3.327,0.20986552330508
3.3275,0.202633586357768
3.328,0.194744200554849
3.3285,0.187512263529886
3.329,0.179951602054589
3.3295,0.172062216123317
3.33,0.164830278979909
3.3305,0.157598341798241
3.331,0.150037680158053
3.3315,0.14181956963154
3.332,0.134258907902649
3.3325,0.127026970556588
3.333,0.119466308743451
3.3335,0.112234371316306
3.334,0.104673709417874
3.3345,0.0971130474754414
3.335,0.0895523854887342
3.3355,0.0819917234574778
3.336,0.0744310613813979
3.3365,0.0671991237012131
3.337,0.0593097370936711
3.3375,0.0524065237713115
3.338,0.057666114877521
3.3385,0.0648980526124625
3.339,0.0727874391849877
3.3395,0.0800193768332677
3.34,0.0875800388761907
3.3405,0.095140700874493
3.341,0.102372638396587
3.3415,0.110262024738333
3.342,0.117822686604418
3.3425,0.125383348426981
3.343,0.132615285782001
3.3435,0.140504671942631
3.344,0.147736609215689
3.3445,0.155297270868738
3.345,0.162857932479623
3.3455,0.170089869633441
3.346,0.177650531162623
3.3465,0.185211192650452
3.347,0.193100578507003
3.3475,0.200332515503147
3.348,0.207893176868561
3.3485,0.215453838193718
3.349,0.223014499478893
3.3495,0.230246436323206
3.35,0.237807097530948
3.3505,0.245367758699519
3.351,0.253257144225257
3.3515,0.260817805314635
3.352,0.268049741972946
3.3525,0.275939127378655
3.353,0.282842339574888
3.3535,0.290731724903704
3.354,0.298292385805755
3.3545,0.306181771055432
3.355,0.313084983116116
3.3555,0.32097436829114
3.356,0.328535029046926
3.3565,0.336095689766833
3.357,0.343327626074291
3.3575,0.350559562349413
3.358,0.344971247957832
3.3585,0.337739311657743
3.359,0.330507375325133
3.3595,0.322289265816474
3.36,0.315057329413579
3.3605,0.307496668593152
3.361,0.299936007736081
3.3615,0.292375346842092
3.362,0.285472134689019
3.3625,0.277582749332989
3.363,0.270022088328248
3.3635,0.262461427285504
3.364,0.255229490600111
3.3645,0.24766882948222
3.365,0.240108168325517
3.3655,0.232218782729017
3.366,0.224986845894571
3.3665,0.217426184619781
3.367,0.209536798899184
3.3675,0.202304861950194
3.368,0.195072924964188
3.3685,0.187183539118771
3.369,0.179951602054589
3.3695,0.172390940538021
3.37,0.164830278979909
3.3705,0.157269617379979
3.371,0.150037680158053
3.3715,0.142148294053566
3.372,0.134587632326535
3.3725,0.127026970556588
3.373,0.119466308743451
3.3735,0.112234371316306
3.374,0.104673709417874
3.3745,0.0967843230421594
3.375,0.0892236610535209
3.3755,0.0816629990203214
3.376,0.0747597858204241
3.3765,0.0671991237012131
3.377,0.0593097370936711
3.3775,0.0520777993264369
3.378,0.057666114877521
3.3785,0.0652267770539701
3.379,0.0727874391849877
3.3795,0.080348101270848
3.38,0.0875800388761907
3.3805,0.095140700874493
3.381,0.103030087260228
3.3815,0.110262024738333
3.382,0.117493962176365
3.3825,0.125054624000814
3.383,0.132615285782001
3.3835,0.140504671942631
3.384,0.148065333636267
3.3845,0.155954719706137
3.385,0.163186656896535
3.3855,0.170418594048617
3.386,0.17830797998929
3.3865,0.185539917062033
3.387,0.192771854097202
3.3875,0.200332515503147
3.388,0.207893176868561
3.3885,0.215453838193718
3.389,0.223014499478893
3.3895,0.230575160724361
3.39,0.238135821930394
3.3905,0.245696483097268
3.391,0.253257144225257
3.3915,0.260817805314635
3.392,0.268378466365676
3.3925,0.275939127378655
3.393,0.283171063964402
3.3935,0.291060449291523
3.394,0.29796366141948
3.3945,0.305524322286155
3.395,0.313084983116116
3.3955,0.320645643909635
3.396,0.328206304666988
3.3965,0.335766965388449
3.397,0.343656350451133
3.3975,0.35088828672479
3.398,0.344971247957832
3.3985,0.337739311657743
3.399,0.330178650945601
3.3995,0.322289265816474
3.4,0.314728605030841
3.4005,0.307496668593152
3.401,0.300264732121937
3.4015,0.292704071229559
3.402,0.285143410300001
3.4025,0.277911473723641
3.403,0.269693363935877
3.4035,0.262461427285504
3.404,0.254900766204484
3.4045,0.247340105084912
3.405,0.239779443926514
3.4055,0.232218782729017
3.406,0.224986845894571
3.4065,0.217097460215626
3.407,0.210194247710901
3.4075,0.202633586357768
3.408,0.194744200554849
3.4085,0.186854814707579
3.409,0.179622877641685
3.4095,0.172062216123317
3.41,0.164501554563393
3.4105,0.157269617379979
3.411,0.149708955737956
3.4115,0.142148294053566
3.412,0.134587632326535
3.4125,0.127026970556588
3.413,0.119795033171011
3.4135,0.112563095745678
3.414,0.104344984986511
3.4145,0.0971130474754414
3.415,0.0895523854887342
3.4155,0.0819917234574778
3.416,0.0744310613813979
3.4165,0.06752784814212
3.417,0.0593097370936711
3.4175,0.0517490748814755
3.418,0.057666114877521
3.4185,0.0652267770539701
3.419,0.0731161636244404
3.4195,0.080348101270848
3.42,0.0879087633118253
3.4205,0.095140700874493
3.421,0.102701362828449
3.4215,0.110262024738333
3.422,0.117822686604418
3.4225,0.125383348426981
3.423,0.132944010206293
3.4235,0.140175947520202
3.424,0.147736609215689
3.4245,0.155625995287477
3.425,0.162529208062631
3.4255,0.170089869633441
3.426,0.177650531162623
3.4265,0.185539917062033
3.427,0.193100578507003
3.4275,0.200661239911179
3.428,0.207893176868561
3.4285,0.215782562598251
3.429,0.223343223881694
3.4295,0.230246436323206
3.43,0.238135821930394
3.4305,0.245696483097268
3.431,0.253257144225257
3.4315,0.260817805314635
3.432,0.268049741972946
3.4325,0.275610402987574
3.433,0.282842339574888
3.4335,0.290731724903704
3.434,0.298292385805755
3.4345,0.305853046670828
3.435,0.313413707499198
3.4355,0.320645643909635
3.436,0.328206304666988
3.4365,0.335766965388449
3.437,0.343327626074291
3.4375,0.350559562349413
3.438,0.34529997233434
3.4385,0.337410587279696
3.439,0.330178650945601
3.4395,0.322289265816474
3.44,0.314728605030841
3.4405,0.307825392977409
3.441,0.300264732121937
3.4415,0.292704071229559
3.442,0.284814685910912
3.4425,0.277582749332989
3.443,0.270022088328248
3.4435,0.262461427285504
3.444,0.254572041808784
3.4445,0.24766882948222
3.445,0.239779443926514
3.4455,0.232547507129725
3.446,0.224658121492146
3.4465,0.217426184619781
3.447,0.20986552330508
3.4475,0.202304861950194
3.448,0.194415476145434
3.4485,0.186854814707579
3.449,0.179951602054589
3.4495,0.172062216123317
3.45,0.165159003396347
3.4505,0.157598341798241
3.451,0.149708955737956
3.4515,0.142148294053566
3.452,0.134587632326535
3.4525,0.127026970556588
3.453,0.119795033171011
3.4535,0.11190564688685
3.454,0.104673709417874
3.4545,0.0971130474754414
3.455,0.0898811099238632
3.4555,0.0819917234574778
3.456,0.0744310613813979
3.4565,0.0671991237012131
3.457,0.0593097370936711
3.4575,0.0520777993264369
3.458,0.057666114877521
3.4585,0.0652267770539701
3.459,0.0727874391849877
3.4595,0.080348101270848
3.46,0.0879087633118253
3.4605,0.0948119764407084
3.461,0.102701362828449
3.4615,0.110262024738333
3.462,0.117822686604418
3.4625,0.125383348426981
3.463,0.132615285782001
3.4635,0.140504671942631
3.464,0.147736609215689
3.4645,0.155625995287477
3.465,0.163186656896535
3.4655,0.170089869633441
3.466,0.17830797998929
3.4665,0.185539917062033
3.467,0.192771854097202
3.4675,0.200661239911179
3.468,0.207893176868561
3.4685,0.215453838193718
3.469,0.223014499478893
3.4695,0.230575160724361
3.47,0.237807097530948
3.4705,0.246025207494944
3.471,0.252928419829193
3.4715,0.260817805314635
3.472,0.268378466365676
3.4725,0.275610402987574
3.473,0.283171063964402
3.4735,0.290403000515816
3.474,0.298292385805755
3.4745,0.306181771055432
3.475,0.313413707499198
3.4755,0.32097436829114
3.476,0.328206304666988
3.4765,0.336095689766833
3.477,0.343327626074291
3.4775,0.35088828672479
3.478,0.344971247957832
3.4785,0.337410587279696
3.479,0.330178650945601
3.4795,0.322617990197638
3.48,0.315057329413579
3.4805,0.307496668593152
3.481,0.299936007736081
3.4815,0.292375346842092
3.482,0.285143410300001
3.4825,0.277254024942265
3.483,0.270022088328248
3.4835,0.262132702891475
3.484,0.255229490600111
3.4845,0.247340105084912
3.485,0.240108168325517
3.4855,0.232547507129725
3.486,0.224658121492146
3.4865,0.217426184619781
3.487,0.20986552330508
3.4875,0.202633586357768
3.488,0.194415476145434
3.4885,0.187512263529886
3.489,0.179622877641685
3.4895,0.172062216123317
3.49,0.165159003396347
3.4905,0.156940892961638
3.491,0.150037680158053
3.4915,0.142477018475511
3.492,0.134916356750339
3.4925,0.127026970556588
3.493,0.119795033171011
3.4935,0.11190564688685
3.494,0.104673709417874
3.4945,0.0971130474754414
3.495,0.0895523854887342
3.4955,0.0819917234574778
3.496,0.0747597858204241
3.4965,0.0671991237012131
3.497,0.0593097370936711
3.4975,0.0524065237713115
3.498,0.0579948393209237
3.4985,0.0652267770539701
3.499,0.0724587147454497
3.4995,0.0800193768332677
3.5,0.0875800388761907
3.5005,0.095140700874493
3.501,0.103030087260228
3.5015,0.110262024738333
3.502,0.117822686604418
3.5025,0.125383348426981
3.503,0.132944010206293
3.5035,0.140504671942631
3.504,0.147407884795031
3.5045,0.155625995287477
3.505,0.163186656896535
3.5055,0.170747318463714
3.506,0.17830797998929
3.5065,0.185868641473536
3.507,0.192771854097202
3.5075,0.200989964319135
3.508,0.208221901274837
3.5085,0.215453838193718
3.509,0.223014499478893
3.5095,0.230575160724361
3.51,0.238464546329766
3.5105,0.245367758699519
3.511,0.252928419829193
3.5115,0.260817805314635
3.512,0.268049741972946
3.5125,0.275939127378655
3.513,0.282842339574888
3.5135,0.291060449291523
3.514,0.29796366141948
3.5145,0.305853046670828
3.515,0.313742431882212
3.5155,0.320645643909635
3.516,0.328206304666988
3.5165,0.335438241009997
3.517,0.343656350451133
3.5175,0.35088828672479
3.518,0.344971247957832
3.5185,0.337410587279696
3.519,0.330507375325133
3.5195,0.322617990197638
3.52,0.315057329413579
3.5205,0.307167944208826
3.521,0.300264732121937
3.5215,0.292375346842092
3.522,0.284814685910912
3.5225,0.277582749332989
3.523,0.270022088328248
3.5235,0.262790151679461
3.524,0.254900766204484
3.5245,0.24766882948222
3.525,0.239779443926514
3.5255,0.232547507129725
3.526,0.224986845894571
3.5265,0.217754909023861
3.527,0.210194247710901
3.5275,0.202304861950194
3.528,0.195072924964188
3.5285,0.187512263529886
3.529,0.179951602054589
3.5295,0.172390940538021
3.53,0.165159003396347
3.5305,0.157269617379979
3.531,0.149708955737956
3.5315,0.142148294053566
3.532,0.134587632326535
3.5325,0.127355694982264
3.533,0.119466308743451
3.5335,0.112234371316306
3.534,0.104673709417874
3.5345,0.0971130474754414
3.535,0.0898811099238632
3.5355,0.0816629990203214
3.536,0.0744310613813979
3.5365,0.0668703992602205
3.537,0.0596384615366421
3.5375,0.0520777993264369
3.538,0.057666114877521
3.5385,0.0652267770539701
3.539,0.0727874391849877
3.5395,0.0806768257083436
3.54,0.0879087633118253
3.5405,0.095140700874493
3.541,0.103030087260228
3.5415,0.110262024738333
3.542,0.117822686604418
3.5425,0.125383348426981
3.543,0.132944010206293
3.5435,0.140175947520202
3.544,0.148065333636267
3.5445,0.155297270868738
3.545,0.163186656896535
3.5455,0.169761145218187
3.546,0.177979255575996
3.5465,0.185539917062033
3.547,0.193100578507003
3.5475,0.200332515503147
3.548,0.207893176868561
3.5485,0.215453838193718
3.549,0.223014499478893
3.5495,0.230575160724361
3.55,0.237807097530948
3.5505,0.245696483097268
3.551,0.252928419829193
3.5515,0.260489080920244
3.552,0.268049741972946
3.5525,0.275610402987574
3.553,0.283499788353846
3.5535,0.290731724903704
3.554,0.298292385805755
3.5545,0.305524322286155
3.555,0.313084983116116
3.5555,0.32097436829114
3.556,0.328206304666988
3.5565,0.335438241009997
3.557,0.343327626074291
3.5575,0.35088828672479
3.558,0.344971247957832
3.5585,0.337739311657743
3.559,0.330178650945601
3.5595,0.322289265816474
3.56,0.315386053796249
3.5605,0.307496668593152
3.561,0.299607283350155
3.5615,0.293032795616955
3.562,0.285143410300001
3.5625,0.277911473723641
3.563,0.270022088328248
3.5635,0.262790151679461
3.564,0.255229490600111
3.5645,0.247340105084912
3.565,0.239779443926514
3.5655,0.232547507129725
3.566,0.224986845894571
3.5665,0.217426184619781
3.567,0.209536798899184
3.5675,0.201976137542544
3.568,0.194744200554849
3.5685,0.187183539118771
3.569,0.179951602054589
3.5695,0.172062216123317
3.57,0.164830278979909
3.5705,0.157269617379979
3.571,0.150037680158053
3.5715,0.142805742897376
3.572,0.134258907902649
3.5725,0.127026970556588
3.573,0.119795033171011
3.5735,0.112234371316306
3.574,0.104673709417874
3.5745,0.0974417719086398
3.575,0.0895523854887342
3.5755,0.0819917234574778
3.576,0.0744310613813979
3.5765,0.0668703992602205
3.577,0.0596384615366421
3.5775,0.0520777993264369
3.578,0.057666114877521
3.5785,0.0648980526124625
3.579,0.0727874391849877
3.5795,0.0800193768332677
3.58,0.0882374877473757
3.5805,0.0954694253081939
3.581,0.103030087260228
3.5815,0.110262024738333
3.582,0.117493962176365
3.5825,0.125383348426981
3.583,0.132944010206293
3.5835,0.140504671942631
3.584,0.148065333636267
3.5845,0.155297270868738
3.585,0.163186656896535
3.5855,0.170418594048617
3.586,0.17830797998929
3.5865,0.185539917062033
3.587,0.193100578507003
3.5875,0.200661239911179
3.588,0.207893176868561
3.5885,0.215782562598251
3.589,0.223343223881694
3.5895,0.230575160724361
3.59,0.238464546329766
3.5905,0.246025207494944
3.591,0.252928419829193
3.5915,0.260817805314635
3.592,0.268049741972946
3.5925,0.275939127378655
3.593,0.283171063964402
3.5935,0.290731724903704
3.594,0.29796366141948
3.5945,0.305524322286155
3.595,0.313742431882212
3.5955,0.32097436829114
3.596,0.328863753426797
3.5965,0.335766965388449
3.597,0.342998901697383
3.5975,0.351217011100102
3.598,0.344971247957832
3.5985,0.337410587279696
3.599,0.329849926566001
3.5995,0.322946714578732
3.6,0.315386053796249
3.6005,0.307167944208826
3.601,0.300593456507723
3.6015,0.292704071229559
3.602,0.285143410300001
3.6025,0.277582749332989
3.603,0.269693363935877
3.6035,0.262790151679461
3.604,0.255558214995664
3.6045,0.247340105084912
3.605,0.239779443926514
3.6055,0.232218782729017
3.606,0.224658121492146
3.6065,0.217754909023861
3.607,0.20986552330508
3.6075,0.201976137542544
3.608,0.194744200554849
3.6085,0.187512263529886
3.609,0.179951602054589
3.6095,0.172390940538021
3.61,0.164501554563393
3.6105,0.157269617379979
3.611,0.149708955737956
3.6115,0.142477018475511
3.612,0.134916356750339
3.6125,0.127026970556588
3.613,0.119795033171011
3.6135,0.112563095745678
3.614,0.105002433849153
3.6145,0.0974417719086398
3.615,0.090209834358908
3.6155,0.0819917234574778
3.616,0.0747597858204241
3.6165,0.0668703992602205
3.617,0.0593097370936711
3.6175,0.0520777993264369
3.618,0.0579948393209237
3.6185,0.0652267770539701
3.619,0.0727874391849877
3.6195,0.0800193768332677
3.62,0.0882374877473757
3.6205,0.0954694253081939
3.621,0.102372638396587
3.6215,0.110590749168202
3.622,0.118151411032389
3.6225,0.125383348426981
3.623,0.133272734630504
3.6235,0.140504671942631
3.624,0.147736609215689
3.6245,0.155625995287477
3.625,0.163186656896535
3.6255,0.170089869633441
3.626,0.177650531162623
3.6265,0.185539917062033
3.627,0.192771854097202
3.6275,0.200332515503147
3.628,0.207893176868561
3.6285,0.215782562598251
3.629,0.223343223881694
3.6295,0.230575160724361
3.63,0.238135821930394
3.6305,0.245367758699519
3.631,0.252928419829193
3.6315,0.260817805314635
3.632,0.268378466365676
3.6325,0.275610402987574
3.633,0.283171063964402
3.6335,0.290731724903704
3.634,0.29796366141948
3.6345,0.305853046670828
3.635,0.313413707499198
3.6355,0.32097436829114
3.636,0.328535029046926
3.6365,0.336095689766833
3.637,0.342998901697383
3.6375,0.351217011100102
3.638,0.344971247957832
3.6385,0.337410587279696
3.639,0.330178650945601
3.6395,0.322617990197638
3.64,0.315057329413579
3.6405,0.307825392977409
3.641,0.299936007736081
3.6415,0.291717898066948
3.642,0.285143410300001
3.6425,0.277582749332989
3.643,0.270022088328248
3.6435,0.262461427285504
3.644,0.254900766204484
3.6445,0.247340105084912
3.645,0.240108168325517
3.6455,0.232547507129725
3.646,0.224658121492146
3.6465,0.217097460215626
3.647,0.20986552330508
3.6475,0.202304861950194
3.648,0.194744200554849
3.6485,0.186854814707579
3.649,0.179951602054589
3.6495,0.172062216123317
3.65,0.164830278979909
3.6505,0.157598341798241
3.651,0.150037680158053
3.6515,0.142477018475511
3.652,0.134587632326535
3.6525,0.127026970556588
3.653,0.119466308743451
3.6535,0.112563095745678
3.654,0.104673709417874
3.6545,0.0974417719086398
3.655,0.0895523854887342
3.6555,0.0819917234574778
3.656,0.0747597858204241
3.6565,0.0668703992602205
3.657,0.0593097370936711
3.6575,0.0517490748814755
3.658,0.057666114877521
3.6585,0.0655555014953919
3.659,0.0731161636244404
3.6595,0.0800193768332677
3.66,0.0879087633118253
3.6605,0.0954694253081939
3.661,0.102372638396587
3.6615,0.110590749168202
3.662,0.117493962176365
3.6625,0.125383348426981
3.663,0.133272734630504
3.6635,0.140504671942631
3.664,0.147736609215689
3.6645,0.155625995287477
3.665,0.163186656896535
3.6655,0.170747318463714
3.666,0.177979255575996
3.6665,0.185539917062033
3.667,0.192771854097202
3.6675,0.200661239911179
3.668,0.207893176868561
3.6685,0.215453838193718
3.669,0.223014499478893
3.6695,0.230903885125441
3.67,0.238793270729064
3.6705,0.246025207494944
3.671,0.252928419829193
3.6715,0.260817805314635
3.672,0.268049741972946
3.6725,0.275939127378655
3.673,0.283499788353846
3.6735,0.291060449291523
3.674,0.298292385805755
3.6745,0.306181771055432
3.675,0.313084983116116
3.6755,0.320645643909635
3.676,0.328206304666988
3.6765,0.336095689766833
3.677,0.343327626074291
3.6775,0.35088828672479
3.678,0.344971247957832
3.6785,0.337739311657743
3.679,0.330178650945601
3.6795,0.322289265816474
3.68,0.314728605030841
3.6805,0.307496668593152
3.681,0.299936007736081
3.6815,0.292704071229559
3.682,0.284814685910912
3.6825,0.277582749332989
3.683,0.269693363935877
3.6835,0.262461427285504
3.684,0.254900766204484
3.6845,0.24701138068753
3.685,0.239779443926514
3.6855,0.232547507129725
3.686,0.224986845894571
3.6865,0.217426184619781
3.687,0.20986552330508
3.6875,0.202633586357768
3.688,0.194744200554849
3.6885,0.187512263529886
3.689,0.179951602054589
3.6895,0.172062216123317
3.69,0.164830278979909
3.6905,0.157269617379979
3.691,0.149708955737956
3.6915,0.142148294053566
3.692,0.134916356750339
3.6925,0.127026970556588
3.693,0.119795033171011
3.6935,0.112234371316306
3.694,0.104344984986511
3.6945,0.0974417719086398
3.695,0.0898811099238632
3.6955,0.0819917234574778
3.696,0.0744310613813979
3.6965,0.0671991237012131
3.697,0.0593097370936711
3.6975,0.0520777993264369
3.698,0.0573373904340318
3.6985,0.0655555014953919
3.699,0.0734448880638077
3.6995,0.0800193768332677
3.7,0.0879087633118253
3.7005,0.095140700874493
3.701,0.102701362828449
3.7015,0.110262024738333
3.702,0.118151411032389
3.7025,0.126040797279069
3.703,0.132944010206293
3.7035,0.140175947520202
3.704,0.148065333636267
3.7045,0.155625995287477
3.705,0.163186656896535
3.7055,0.170418594048617
3.706,0.17830797998929
3.7065,0.185868641473536
3.707,0.192771854097202
3.7075,0.200989964319135
3.708,0.207893176868561
3.7085,0.215782562598251
3.709,0.223343223881694
3.7095,0.230575160724361
3.71,0.238135821930394
3.7105,0.246025207494944
3.711,0.252928419829193
3.7115,0.260489080920244
3.712,0.268049741972946
3.7125,0.275939127378655
3.713,0.283499788353846
3.7135,0.290731724903704
3.714,0.298292385805755
3.7145,0.305524322286155
3.715,0.313413707499198
3.7155,0.320645643909635
3.716,0.328535029046926
3.7165,0.335766965388449
3.717,0.343327626074291
3.7175,0.35088828672479
3.718,0.34529997233434
3.7185,0.338068036035724
3.719,0.329849926566001
3.7195,0.322946714578732
3.72,0.315057329413579
3.7205,0.307825392977409
3.721,0.299607283350155
3.7215,0.292046622454555
3.722,0.285143410300001
3.7225,0.277254024942265
3.723,0.270022088328248
3.7235,0.262461427285504
3.724,0.254900766204484
3.7245,0.24701138068753
3.725,0.240436892724445
3.7255,0.232876231530359
3.726,0.224986845894571
3.7265,0.217426184619781
3.727,0.209536798899184
3.7275,0.202304861950194
3.728,0.194744200554849
3.7285,0.187183539118771
3.729,0.179622877641685
3.7295,0.172719664952647
3.73,0.164830278979909
3.7305,0.157269617379979
3.731,0.149708955737956
3.7315,0.142148294053566
3.732,0.134587632326535
3.7325,0.127026970556588
3.733,0.119795033171011
3.7335,0.11190564688685
3.734,0.104344984986511
3.7345,0.0974417719086398
3.735,0.0895523854887342
3.7355,0.0819917234574778
3.736,0.0744310613813979
3.7365,0.0671991237012131
3.737,0.0596384615366421
3.7375,0.0520777993264369
3.738,0.0579948393209237
3.7385,0.0648980526124625
3.739,0.0727874391849877
3.7395,0.0806768257083436
3.74,0.0879087633118253
3.7405,0.095140700874493
3.741,0.102701362828449
3.7415,0.110262024738333
3.742,0.117493962176365
3.7425,0.125383348426981
3.743,0.132944010206293
3.7435,0.140504671942631
3.744,0.147736609215689
3.7445,0.155625995287477
3.745,0.163186656896535
3.7455,0.170747318463714
3.746,0.177979255575996
3.7465,0.185211192650452
3.747,0.193100578507003
3.7475,0.200661239911179
3.748,0.207564452462208
3.7485,0.215782562598251
3.749,0.223014499478893
3.7495,0.230575160724361
3.75,0.238135821930394
3.7505,0.245367758699519
3.751,0.252928419829193
3.7515,0.260489080920244
3.752,0.267721017580144
3.7525,0.275610402987574
3.753,0.283171063964402
3.7535,0.290731724903704
3.754,0.29796366141948
3.7545,0.305853046670828
3.755,0.313413707499198
3.7555,0.32097436829114
3.756,0.328206304666988
3.7565,0.335766965388449
3.757,0.343656350451133
3.7575,0.35088828672479
3.758,0.344971247957832
3.7585,0.337081862901581
3.759,0.330178650945601
3.7595,0.322617990197638
3.76,0.315057329413579
3.7605,0.307167944208826
3.761,0.299936007736081
3.7615,0.292375346842092
3.762,0.284814685910912
3.7625,0.277582749332989
3.763,0.269693363935877
3.7635,0.262461427285504
3.764,0.254900766204484
3.7645,0.247340105084912
3.765,0.239779443926514
3.7655,0.232218782729017
3.766,0.224986845894571
3.7665,0.217426184619781
3.767,0.20986552330508
3.7675,0.202304861950194
3.768,0.194744200554849
3.7685,0.187512263529886
3.769,0.179622877641685
3.7695,0.172062216123317
3.77,0.164501554563393
3.7705,0.156940892961638
3.771,0.149708955737956
3.7715,0.142148294053566
3.772,0.134258907902649
3.7725,0.12669824613083
3.773,0.119795033171011
3.7735,0.112563095745678
3.774,0.104344984986511
3.7745,0.0974417719086398
3.775,0.0895523854887342
3.7755,0.0819917234574778
3.776,0.0747597858204241
3.7765,0.0671991237012131
3.777,0.0593097370936711
3.7775,0.0517490748814755
3.778,0.057666114877521
3.7785,0.0652267770539701
3.779,0.0731161636244404
3.7795,0.0796906523956024
3.78,0.0879087633118253
3.7805,0.095140700874493
3.781,0.103030087260228
3.7815,0.110590749168202
3.782,0.118151411032389
3.7825,0.125712072853065
3.783,0.132944010206293
3.7835,0.140504671942631
3.784,0.148394058056765
3.7845,0.155625995287477
3.785,0.162857932479623
3.7855,0.170747318463714
3.786,0.177650531162623
3.7865,0.185211192650452
3.787,0.193758027326373
3.7875,0.200661239911179
3.788,0.208221901274837
3.7885,0.215453838193718
3.789,0.223014499478893
3.7895,0.230575160724361
3.79,0.238135821930394
3.7905,0.245696483097268
3.791,0.253257144225257
3.7915,0.260489080920244
3.792,0.267721017580144
3.7925,0.275610402987574
3.793,0.283171063964402
3.7935,0.290731724903704
3.794,0.297634937033136
3.7945,0.305853046670828
3.795,0.313413707499198
3.7955,0.32097436829114
3.796,0.328206304666988
3.7965,0.335766965388449
3.797,0.342998901697383
3.7975,0.35088828672479
3.798,0.344971247957832
3.7985,0.337739311657743
3.799,0.330178650945601
3.7995,0.322617990197638
3.8,0.315057329413579
3.8005,0.307496668593152
3.801,0.299936007736081
3.8015,0.293032795616955
3.802,0.284485961521752
3.8025,0.277911473723641
3.803,0.270350812720547
3.8035,0.262461427285504
3.804,0.254900766204484
3.8045,0.247340105084912
3.805,0.239779443926514
3.8055,0.232218782729017
3.806,0.224986845894571
3.8065,0.217426184619781
3.807,0.20986552330508
3.8075,0.201976137542544
3.808,0.194744200554849
3.8085,0.187183539118771
3.809,0.179622877641685
3.8095,0.172062216123317
3.81,0.164830278979909
3.8105,0.157269617379979
3.811,0.149051506897521
3.8115,0.142148294053566
3.812,0.134916356750339
3.8125,0.127684419407859
3.813,0.120123757598489
3.8135,0.112234371316306
3.814,0.104673709417874
3.8145,0.0967843230421594
3.815,0.0892236610535209
3.8155,0.0819917234574778
3.816,0.0747597858204241
3.8165,0.0668703992602205
3.817,0.0593097370936711
3.8175,0.0517490748814755
3.818,0.057666114877521
3.8185,0.0652267770539701
3.819,0.0727874391849877
3.8195,0.080348101270848
3.82,0.0875800388761907
3.8205,0.0954694253081939
3.821,0.102701362828449
3.8215,0.110590749168202
3.822,0.117822686604418
3.8225,0.125712072853065
3.823,0.132944010206293
3.8235,0.140504671942631
3.824,0.147736609215689
3.8245,0.155954719706137
3.825,0.163186656896535
3.8255,0.170747318463714
3.826,0.17830797998929
3.8265,0.185211192650452
3.827,0.192771854097202
3.8275,0.200989964319135
3.828,0.207893176868561
3.8285,0.215453838193718
3.829,0.223343223881694
3.8295,0.230903885125441
3.83,0.238464546329766
3.8305,0.245696483097268
3.831,0.253585868621248
3.8315,0.260817805314635
3.832,0.269035915150921
3.8325,0.275939127378655
3.833,0.283171063964402
3.8335,0.290731724903704
3.834,0.298292385805755
3.8345,0.305524322286155
3.835,0.313413707499198
3.8355,0.320645643909635
3.836,0.328535029046926
3.8365,0.335766965388449
3.837,0.343985074827908
3.8375,0.35088828672479
3.838,0.34529997233434
3.8385,0.337410587279696
3.839,0.330178650945601
3.8395,0.322617990197638
3.84,0.315386053796249
3.8405,0.307496668593152
3.841,0.300264732121937
3.8415,0.292704071229559
3.842,0.284814685910912
3.8425,0.27692530055147
3.843,0.270022088328248
3.8435,0.262461427285504
3.844,0.255229490600111
3.8445,0.247340105084912
3.845,0.240108168325517
3.8455,0.232218782729017
3.846,0.224986845894571
3.8465,0.217426184619781
3.847,0.209536798899184
3.8475,0.202304861950194
3.848,0.194744200554849
3.8485,0.187183539118771
3.849,0.179951602054589
3.8495,0.172062216123317
3.85,0.164501554563393
3.8505,0.157269617379979
3.851,0.149708955737956
3.8515,0.142477018475511
3.852,0.134258907902649
3.8525,0.127026970556588
3.853,0.119795033171011
3.8535,0.112234371316306
3.854,0.104344984986511
3.8545,0.0967843230421594
3.855,0.0895523854887342
3.8555,0.0819917234574778
3.856,0.0744310613813979
3.8565,0.0668703992602205
3.857,0.0593097370936711
3.8575,0.0524065237713115
3.858,0.0579948393209237
3.8585,0.0652267770539701
3.859,0.0727874391849877
3.8595,0.0806768257083436
3.86,0.0879087633118253
3.8605,0.095140700874493
3.861,0.102701362828449
3.8615,0.110919473597988
3.862,0.117822686604418
3.8625,0.125383348426981
3.863,0.132944010206293
3.8635,0.140175947520202
3.864,0.148065333636267
3.8645,0.155625995287477
3.865,0.162857932479623
3.8655,0.170418594048617
3.866,0.177979255575996
3.8665,0.185539917062033
3.867,0.193100578507003
3.8675,0.200661239911179
3.868,0.207893176868561
3.8685,0.215453838193718
3.869,0.223014499478893
3.8695,0.230575160724361
3.87,0.237807097530948
3.8705,0.246025207494944
3.871,0.252928419829193
3.8715,0.260817805314635
3.872,0.268049741972946
3.8725,0.275610402987574
3.873,0.283499788353846
3.8735,0.290731724903704
3.874,0.29796366141948
3.8745,0.305524322286155
3.875,0.313413707499198
3.8755,0.320645643909635
3.876,0.328535029046926
3.8765,0.336095689766833
3.877,0.343656350451133
3.8775,0.35088828672479
3.878,0.34529997233434
3.8785,0.337410587279696
3.879,0.330178650945601
3.8795,0.322289265816474
3.88,0.315057329413579
3.8805,0.307496668593152
3.881,0.299936007736081
3.8815,0.293032795616955
3.882,0.285143410300001
3.8825,0.277254024942265
3.883,0.270022088328248
3.8835,0.262790151679461
3.884,0.254572041808784
3.8845,0.247340105084912
3.885,0.240108168325517
3.8855,0.232218782729017
3.886,0.224658121492146
3.8865,0.217426184619781
3.887,0.20986552330508
3.8875,0.202304861950194
3.888,0.194415476145434
3.8885,0.187183539118771
3.889,0.179951602054589
3.8895,0.172390940538021
3.89,0.164830278979909
3.8905,0.156940892961638
3.891,0.149380231317779
3.8915,0.142148294053566
3.892,0.134587632326535
3.8925,0.127026970556588
3.893,0.119795033171011
3.8935,0.111576922457312
3.894,0.104344984986511
3.8945,0.0971130474754414
3.895,0.0898811099238632
3.8955,0.0816629990203214
3.896,0.0747597858204241
3.8965,0.0671991237012131
3.897,0.0593097370936711
3.8975,0.0517490748814755
3.898,0.057666114877521
3.8985,0.0648980526124625
3.899,0.0734448880638077
3.8995,0.0806768257083436
3.9,0.0882374877473757
3.9005,0.0954694253081939
3.901,0.103030087260228
3.9015,0.110262024738333
3.902,0.117822686604418
3.9025,0.125383348426981
3.903,0.132944010206293
3.9035,0.140504671942631
3.904,0.148065333636267
3.9045,0.155625995287477
3.905,0.163186656896535
3.9055,0.170747318463714
3.906,0.177979255575996
3.9065,0.185539917062033
3.907,0.193758027326373
3.9075,0.200661239911179
3.908,0.208221901274837
3.9085,0.21512511378911
3.909,0.223343223881694
3.9095,0.230575160724361
3.91,0.238135821930394
3.9105,0.246025207494944
3.911,0.253257144225257
3.9115,0.260817805314635
3.912,0.268049741972946
3.9125,0.275610402987574
3.913,0.283499788353846
3.9135,0.290731724903704
3.914,0.298292385805755
3.9145,0.305853046670828
3.915,0.312756258732964
3.9155,0.320645643909635
3.916,0.328535029046926
3.9165,0.336095689766833
3.917,0.343656350451133
3.9175,0.351217011100102
3.918,0.34529997233434
3.9185,0.337739311657743
3.919,0.329849926566001
3.9195,0.321960541435243
3.92,0.315386053796249
3.9205,0.307167944208826
3.921,0.299936007736081
3.9215,0.292375346842092
3.922,0.284814685910912
3.9225,0.277582749332989
3.923,0.270350812720547
3.9235,0.262790151679461
3.924,0.254900766204484
3.9245,0.247340105084912
3.925,0.239450719527438
3.9255,0.232218782729017
3.926,0.225315570296922
3.9265,0.217097460215626
3.927,0.209536798899184
3.9275,0.202304861950194
3.928,0.194744200554849
3.9285,0.187183539118771
3.929,0.180280326467414
3.9295,0.172390940538021
3.93,0.164501554563393
3.9305,0.157598341798241
3.931,0.149380231317779
3.9315,0.142148294053566
3.932,0.134587632326535
3.9325,0.127355694982264
3.933,0.119466308743451
3.9335,0.11190564688685
3.934,0.104673709417874
3.9345,0.0974417719086398
3.935,0.0892236610535209
3.9355,0.0819917234574778
3.936,0.0747597858204241
3.9365,0.0671991237012131
3.937,0.0593097370936711
3.9375,0.0517490748814755
3.938,0.057666114877521
3.9385,0.0652267770539701
3.939,0.0727874391849877
3.9395,0.080348101270848
3.94,0.0875800388761907
3.9405,0.0954694253081939
3.941,0.102701362828449
3.9415,0.110590749168202
3.942,0.118151411032389
3.9425,0.125712072853065
3.943,0.132944010206293
3.9435,0.140504671942631
3.944,0.148065333636267
3.9445,0.155297270868738
3.945,0.163186656896535
3.9455,0.170747318463714
3.946,0.177979255575996
3.9465,0.186197365884961
3.947,0.192771854097202
3.9475,0.200661239911179
3.948,0.208221901274837
3.9485,0.215782562598251
3.949,0.223014499478893
3.9495,0.230246436323206
3.95,0.238135821930394
3.9505,0.245696483097268
3.951,0.253257144225257
3.9515,0.260489080920244
3.952,0.268049741972946
3.9525,0.275939127378655
3.953,0.283499788353846
3.9535,0.290731724903704
3.954,0.298292385805755
3.9545,0.305853046670828
3.955,0.313742431882212
3.9555,0.32097436829114
3.956,0.328206304666988
3.9565,0.336095689766833
3.957,0.343327626074291
3.9575,0.351217011100102
3.958,0.34529997233434
3.9585,0.337739311657743
3.959,0.329849926566001
3.9595,0.322289265816474
3.96,0.315057329413579
3.9605,0.307496668593152
3.961,0.299936007736081
3.9615,0.292375346842092
3.962,0.285143410300001
3.9625,0.277582749332989
3.963,0.269693363935877
3.9635,0.262461427285504
3.964,0.254900766204484
3.9645,0.247340105084912
3.965,0.240108168325517
3.9655,0.232547507129725
3.966,0.224986845894571
3.9665,0.217097460215626
3.967,0.20986552330508
3.9675,0.202633586357768
3.968,0.194744200554849
3.9685,0.187512263529886
3.969,0.179622877641685
3.9695,0.172062216123317
3.97,0.164501554563393
3.9705,0.156940892961638
3.971,0.149708955737956
3.9715,0.142148294053566
3.972,0.134587632326535
3.9725,0.127355694982264
3.973,0.119795033171011
3.9735,0.112234371316306
3.974,0.104673709417874
3.9745,0.0967843230421594
3.975,0.0892236610535209
3.9755,0.0819917234574778
3.976,0.0744310613813979
3.9765,0.0671991237012131
3.977,0.0593097370936711
3.9775,0.0520777993264369
3.978,0.057666114877521
3.9785,0.0648980526124625
3.979,0.0727874391849877
3.9795,0.080348101270848
3.98,0.0879087633118253
3.9805,0.0954694253081939
3.981,0.103030087260228
3.9815,0.110590749168202
3.982,0.117822686604418
3.9825,0.125712072853065
3.983,0.133272734630504
3.9835,0.140175947520202
3.984,0.147736609215689
3.9845,0.155297270868738
3.985,0.163186656896535
3.9855,0.170747318463714
3.986,0.17830797998929
3.9865,0.185211192650452
3.987,0.193429302916726
3.9875,0.200661239911179
3.988,0.208221901274837
3.9885,0.216111287002708
3.989,0.223343223881694
3.9895,0.230575160724361
3.99,0.238135821930394
3.9905,0.246025207494944
3.991,0.253585868621248
3.9915,0.26016035652578
3.992,0.268378466365676
3.9925,0.275610402987574
3.993,0.283171063964402
3.9935,0.290731724903704
3.994,0.29862111019196
3.9945,0.305853046670828
3.995,0.313742431882212
3.9955,0.320645643909635
3.996,0.328863753426797
3.9965,0.336095689766833
3.997,0.342998901697383
3.9975,0.351217011100102
3.998,0.344642523581257
3.9985,0.337410587279696
3.999,0.330507375325133
3.9995,0.322289265816474
4,0.315057329413579
4.0005,0.307496668593152
4.001,0.299936007736081
4.0015,0.292704071229559
4.002,0.284814685910912
4.0025,0.277582749332989
4.003,0.269693363935877
4.0035,0.262461427285504
4.004,0.254572041808784
4.0045,0.24766882948222
4.005,0.239779443926514
4.0055,0.232218782729017
4.006,0.224986845894571
4.0065,0.217097460215626
4.007,0.20986552330508
4.0075,0.201976137542544
4.008,0.194744200554849
4.0085,0.187183539118771
4.009,0.180280326467414
4.0095,0.172062216123317
4.01,0.164830278979909
4.0105,0.156940892961638
4.011,0.149708955737956
4.0115,0.14181956963154
4.012,0.134587632326535
4.0125,0.127026970556588
4.013,0.119466308743451
4.0135,0.112234371316306
4.014,0.104673709417874
4.0145,0.0967843230421594
4.015,0.0892236610535209
4.0155,0.0819917234574778
4.016,0.0747597858204241
4.0165,0.0668703992602205
4.017,0.0596384615366421
4.0175,0.0520777993264369
4.018,0.057666114877521
4.0185,0.0648980526124625
4.019,0.0727874391849877
4.0195,0.0800193768332677
4.02,0.0875800388761907
4.0205,0.095140700874493
4.021,0.103030087260228
4.0215,0.110590749168202
4.022,0.118151411032389
4.0225,0.125383348426981
4.023,0.132944010206293
4.0235,0.140504671942631
4.024,0.148394058056765
4.0245,0.155297270868738
4.025,0.162857932479623
4.0255,0.170747318463714
4.026,0.177650531162623
4.0265,0.185868641473536
4.027,0.192771854097202
4.0275,0.200661239911179
4.028,0.207564452462208
4.0285,0.215782562598251
4.029,0.223014499478893
4.0295,0.230575160724361
4.03,0.238135821930394
4.0305,0.246025207494944
4.031,0.253257144225257
4.0315,0.260817805314635
4.032,0.268049741972946
4.0325,0.275939127378655
4.033,0.283171063964402
4.0335,0.291060449291523
4.034,0.29796366141948
4.0345,0.305853046670828
4.035,0.313742431882212
4.0355,0.320645643909635
4.036,0.328206304666988
4.0365,0.336095689766833
4.037,0.343327626074291
4.0375,0.351217011100102
4.038,0.344971247957832
4.0385,0.337410587279696
4.039,0.330178650945601
4.0395,0.322617990197638
4.04,0.314728605030841
4.0405,0.307825392977409
4.041,0.299936007736081
4.0415,0.292375346842092
4.042,0.285143410300001
4.0425,0.277254024942265
4.043,0.269364639543435
4.0435,0.262132702891475
4.044,0.254900766204484
4.0445,0.247340105084912
4.045,0.239779443926514
4.0455,0.232547507129725
4.046,0.224986845894571
4.0465,0.217097460215626
4.047,0.209536798899184
4.0475,0.201976137542544
4.048,0.194415476145434
4.0485,0.187512263529886
4.049,0.179622877641685
4.0495,0.172062216123317
4.05,0.164172830146797
4.0505,0.157269617379979
4.051,0.149708955737956
4.0515,0.142148294053566
4.052,0.134587632326535
4.0525,0.12669824613083
4.053,0.119466308743451
4.0535,0.112234371316306
4.054,0.104673709417874
4.0545,0.0971130474754414
4.055,0.0895523854887342
4.0555,0.0819917234574778
4.056,0.0744310613813979
4.0565,0.0668703992602205
4.057,0.0593097370936711
4.0575,0.0524065237713115
4.058,0.057666114877521
4.0585,0.0652267770539701
4.059,0.0727874391849877
4.0595,0.080348101270848
4.06,0.0879087633118253
4.0605,0.095140700874493
4.061,0.102701362828449
4.0615,0.110590749168202
4.062,0.117822686604418
4.0625,0.125712072853065
4.063,0.133272734630504
4.0635,0.140504671942631
4.064,0.148394058056765
4.0645,0.155297270868738
4.065,0.163186656896535
4.0655,0.170747318463714
4.066,0.177979255575996
4.0665,0.185868641473536
4.067,0.193100578507003
4.0675,0.200661239911179
4.068,0.207564452462208
4.0685,0.215782562598251
4.069,0.223343223881694
4.0695,0.230575160724361
4.07,0.238135821930394
4.0705,0.246025207494944
4.071,0.252928419829193
4.0715,0.260817805314635
4.072,0.268378466365676
4.0725,0.276267851769665
4.073,0.283171063964402
4.0735,0.291060449291523
4.074,0.29796366141948
4.0745,0.305524322286155
4.075,0.313084983116116
4.0755,0.320645643909635
4.076,0.328535029046926
4.0765,0.335766965388449
4.077,0.343327626074291
4.0775,0.35088828672479
4.078,0.34529997233434
4.0785,0.337410587279696
4.079,0.330178650945601
4.0795,0.322289265816474
4.08,0.314728605030841
4.0805,0.307496668593152
4.081,0.299936007736081
4.0815,0.292046622454555
4.082,0.285143410300001
4.0825,0.277254024942265
4.083,0.269693363935877
4.0835,0.262132702891475
4.084,0.254900766204484
4.0845,0.247340105084912
4.085,0.239779443926514
4.0855,0.232218782729017
4.086,0.224986845894571
4.0865,0.217426184619781
4.087,0.20986552330508
4.0875,0.202304861950194
4.088,0.194744200554849
4.0885,0.187183539118771
4.089,0.179951602054589
4.0895,0.172390940538021
4.09,0.164501554563393
4.0905,0.157269617379979
4.091,0.149708955737956
4.0915,0.14181956963154
4.092,0.134916356750339
4.0925,0.127026970556588
4.093,0.119795033171011
4.0935,0.112234371316306
4.094,0.104673709417874
4.0945,0.0971130474754414
4.095,0.0895523854887342
4.0955,0.0823204478945494
4.096,0.0744310613813979
4.0965,0.06752784814212
4.097,0.0589810126506137
4.0975,0.0520777993264369
4.098,0.057666114877521
4.0985,0.0652267770539701
4.099,0.0731161636244404
4.0995,0.080348101270848
4.1,0.0879087633118253
4.1005,0.0957981497418109
4.101,0.103030087260228
4.1015,0.110590749168202
4.102,0.117822686604418
4.1025,0.125383348426981
4.103,0.132615285782001
4.1035,0.140504671942631
4.104,0.148065333636267
4.1045,0.155297270868738
4.105,0.163186656896535
4.1055,0.170747318463714
4.106,0.17830797998929
4.1065,0.185539917062033
4.107,0.193100578507003
4.1075,0.200989964319135
4.108,0.208221901274837
4.1085,0.215782562598251
4.109,0.223014499478893
4.1095,0.230575160724361
4.11,0.238464546329766
4.1105,0.245696483097268
4.111,0.253257144225257
4.1115,0.260817805314635
4.112,0.268378466365676
4.1125,0.275939127378655
4.113,0.283171063964402
4.1135,0.291060449291523
4.114,0.298292385805755
4.1145,0.305524322286155
4.115,0.313413707499198
4.1155,0.320645643909635
4.116,0.328535029046926
4.1165,0.335766965388449
4.117,0.343327626074291
4.1175,0.35088828672479
4.118,0.344971247957832
4.1185,0.337739311657743
4.119,0.329849926566001
4.1195,0.322289265816474
4.12,0.315057329413579
4.1205,0.307825392977409
4.121,0.29927855896416
4.1215,0.292375346842092
4.122,0.284814685910912
4.1225,0.277254024942265
4.123,0.270022088328248
4.1235,0.262461427285504
4.124,0.254900766204484
4.1245,0.247340105084912
4.125,0.240108168325517
4.1255,0.232218782729017
4.126,0.224658121492146
4.1265,0.217097460215626
4.127,0.20986552330508
4.1275,0.202633586357768
4.128,0.194415476145434
4.1285,0.187183539118771
4.129,0.179622877641685
4.1295,0.172390940538021
4.13,0.164501554563393
4.1305,0.157269617379979
4.131,0.149380231317779
4.1315,0.142148294053566
4.132,0.134587632326535
4.1325,0.12669824613083
4.133,0.119795033171011
4.1335,0.112234371316306
4.134,0.104673709417874
4.1345,0.0971130474754414
4.135,0.0895523854887342
4.1355,0.0816629990203214
4.136,0.0744310613813979
4.1365,0.0668703992602205
4.137,0.0593097370936711
4.1375,0.0520777993264369
4.138,0.057666114877521
4.1385,0.0652267770539701
4.139,0.0727874391849877
4.1395,0.080348101270848
4.14,0.0879087633118253
4.1405,0.0954694253081939
4.141,0.103358811691924
4.1415,0.110590749168202
4.142,0.118151411032389
4.1425,0.125712072853065
4.143,0.133272734630504
4.1435,0.140175947520202
4.144,0.148065333636267
4.1445,0.155625995287477
4.145,0.163186656896535
4.1455,0.170747318463714
4.146,0.17830797998929
4.1465,0.185539917062033
4.147,0.193100578507003
4.1475,0.200661239911179
4.148,0.207893176868561
4.1485,0.216111287002708
4.149,0.223014499478893
4.1495,0.230903885125441
4.15,0.238135821930394
4.1505,0.245696483097268
4.151,0.253257144225257
4.1515,0.260817805314635
4.152,0.268049741972946
4.1525,0.275939127378655
4.153,0.283171063964402
4.1535,0.290731724903704
4.154,0.298292385805755
4.1545,0.305853046670828
4.155,0.313742431882212
4.1555,0.320645643909635
4.156,0.328535029046926
4.1565,0.335766965388449
4.157,0.343327626074291
4.1575,0.351217011100102
4.158,0.34529997233434
4.1585,0.337410587279696
4.159,0.330178650945601
4.1595,0.321960541435243
4.16,0.314728605030841
4.1605,0.307496668593152
4.161,0.299607283350155
4.1615,0.292046622454555
4.162,0.284814685910912
4.1625,0.277254024942265
4.163,0.269693363935877
4.1635,0.262132702891475
4.164,0.254243317413012
4.1645,0.247340105084912
4.165,0.240108168325517
4.1655,0.232218782729017
4.166,0.224986845894571
4.1665,0.217097460215626
4.167,0.209536798899184
4.1675,0.202304861950194
4.168,0.194744200554849
4.1685,0.187512263529886
4.169,0.179951602054589
4.1695,0.172062216123317
4.17,0.164501554563393
4.1705,0.156940892961638
4.171,0.149380231317779
4.1715,0.14181956963154
4.172,0.134587632326535
4.1725,0.127026970556588
4.173,0.119795033171011
4.1735,0.11190564688685
4.174,0.104344984986511
4.1745,0.0971130474754414
4.175,0.0892236610535209
4.1755,0.0819917234574778
4.176,0.0744310613813979
4.1765,0.066541674819142
4.177,0.0593097370936711
4.1775,0.0517490748814755
4.178,0.05832356376424
4.1785,0.0655555014953919
4.179,0.0731161636244404
4.1795,0.0810055501457543
4.18,0.0879087633118253
4.1805,0.0954694253081939
4.181,0.103030087260228
4.1815,0.110262024738333
4.182,0.118151411032389
4.1825,0.125383348426981
4.183,0.133272734630504
4.1835,0.140504671942631
4.184,0.148394058056765
4.1845,0.155297270868738
4.185,0.163186656896535
4.1855,0.170418594048617
4.186,0.17830797998929
4.1865,0.185539917062033
4.187,0.193100578507003
4.1875,0.200332515503147
4.188,0.207564452462208
4.1885,0.215453838193718
4.189,0.223343223881694
4.1895,0.230246436323206
4.19,0.238464546329766
4.1905,0.245367758699519
4.191,0.253257144225257
4.1915,0.260817805314635
4.192,0.268378466365676
4.1925,0.275610402987574
4.193,0.283171063964402
4.1935,0.290731724903704
4.194,0.298292385805755
4.1945,0.305853046670828
4.195,0.313742431882212
4.1955,0.321303092672576
4.196,0.328863753426797
4.1965,0.335766965388449
4.197,0.343656350451133
4.1975,0.35088828672479
4.198,0.344971247957832
4.1985,0.337739311657743
4.199,0.329849926566001
4.1995,0.322617990197638
4.2,0.315057329413579
4.2005,0.307167944208826
4.201,0.299607283350155
4.2015,0.292704071229559
4.202,0.285143410300001
4.2025,0.277254024942265
4.203,0.270022088328248
4.2035,0.262132702891475
4.204,0.254572041808784
4.2045,0.247340105084912
4.205,0.239779443926514
4.2055,0.232218782729017
4.206,0.224658121492146
4.2065,0.217097460215626
4.207,0.209536798899184
4.2075,0.201976137542544
4.208,0.194744200554849
4.2085,0.187512263529886
4.209,0.179622877641685
4.2095,0.171733491708534
4.21,0.164501554563393
4.2105,0.157269617379979
4.211,0.149380231317779
4.2115,0.14181956963154
4.212,0.134258907902649
4.2125,0.127026970556588
4.213,0.119137584315809
4.2135,0.112234371316306
4.214,0.104344984986511
4.2145,0.0967843230421594
4.215,0.0895523854887342
4.2155,0.0819917234574778
4.216,0.0744310613813979
4.2165,0.066541674819142
4.217,0.0593097370936711
4.2175,0.0517490748814755
4.218,0.0579948393209237
4.2185,0.0652267770539701
4.219,0.0727874391849877
4.2195,0.0806768257083436
4.22,0.0879087633118253
4.2205,0.0957981497418109
4.221,0.103030087260228
4.2215,0.110590749168202
4.222,0.117822686604418
4.2225,0.125712072853065
4.223,0.132944010206293
4.2235,0.140175947520202
4.224,0.148065333636267
4.2245,0.155625995287477
4.225,0.162857932479623
4.2255,0.170747318463714
4.226,0.177979255575996
4.2265,0.185211192650452
4.227,0.193100578507003
4.2275,0.200989964319135
4.228,0.208221901274837
4.2285,0.215453838193718
4.229,0.223343223881694
4.2295,0.231232609526447
4.23,0.238135821930394
4.2305,0.246025207494944
4.231,0.252928419829193
4.2315,0.260817805314635
4.232,0.268049741972946
4.2325,0.275939127378655
4.233,0.283171063964402
4.2335,0.290731724903704
4.234,0.298292385805755
4.2345,0.306181771055432
4.235,0.313413707499198
4.2355,0.321303092672576
4.236,0.328206304666988
4.2365,0.335766965388449
4.237,0.343327626074291
4.2375,0.351217011100102
4.238,0.344971247957832
4.2385,0.337081862901581
4.239,0.330507375325133
4.2395,0.322289265816474
4.24,0.314728605030841
4.2405,0.307167944208826
4.241,0.299936007736081
4.2415,0.292375346842092
4.242,0.284485961521752
4.2425,0.277254024942265
4.243,0.269693363935877
4.2435,0.262132702891475
4.244,0.254900766204484
4.2445,0.247340105084912
4.245,0.239779443926514
4.2455,0.232547507129725
4.246,0.224658121492146
4.2465,0.217097460215626
4.247,0.209536798899184
4.2475,0.201976137542544
4.248,0.194744200554849
4.2485,0.187183539118771
4.249,0.179622877641685
4.2495,0.172062216123317
4.25,0.164830278979909
4.2505,0.156940892961638
4.251,0.149708955737956
4.2515,0.14181956963154
4.252,0.134587632326535
4.2525,0.127355694982264
4.253,0.119466308743451
4.2535,0.11190564688685
4.254,0.104344984986511
4.2545,0.0971130474754414
4.255,0.0895523854887342
4.2555,0.0819917234574778
4.256,0.0741023369422865
4.2565,0.0668703992602205
4.257,0.0593097370936711
4.2575,0.0520777993264369
4.258,0.0579948393209237
4.2585,0.0652267770539701
4.259,0.0731161636244404
4.2595,0.080348101270848
4.26,0.0879087633118253
4.2605,0.095140700874493
4.261,0.103030087260228
4.2615,0.110262024738333
4.262,0.118151411032389
4.2625,0.125383348426981
4.263,0.133272734630504
4.2635,0.140833396364979
4.264,0.148394058056765
4.2645,0.155954719706137
4.265,0.162857932479623
4.2655,0.170418594048617
4.266,0.177979255575996
4.2665,0.185868641473536
4.267,0.193100578507003
4.2675,0.200332515503147
4.268,0.207893176868561
4.2685,0.215782562598251
4.269,0.223343223881694
4.2695,0.230575160724361
4.27,0.238135821930394
4.2705,0.246353931892546
4.271,0.253257144225257
4.2715,0.261146529708954
4.272,0.268049741972946
4.2725,0.275610402987574
4.273,0.283499788353846
4.2735,0.290731724903704
4.274,0.298292385805755
4.2745,0.305853046670828
4.275,0.313084983116116
4.2755,0.32097436829114
4.276,0.328535029046926
4.2765,0.336095689766833
4.277,0.343656350451133
4.2775,0.35088828672479
4.278,0.344971247957832
4.2785,0.337739311657743
4.279,0.329849926566001
4.2795,0.322617990197638
4.28,0.314728605030841
4.2805,0.30683921982443
4.281,0.299936007736081
4.2815,0.292375346842092
4.282,0.284157237132521
4.2825,0.277582749332989
4.283,0.269364639543435
4.2835,0.262790151679461
4.284,0.254572041808784
4.2845,0.24701138068753
4.285,0.239779443926514
4.2855,0.232218782729017
4.286,0.224658121492146
4.2865,0.216768735811395
4.287,0.209536798899184
4.2875,0.201976137542544
4.288,0.194415476145434
4.2885,0.187183539118771
4.289,0.179951602054589
4.2895,0.172390940538021
4.29,0.164501554563393
4.2905,0.156940892961638
4.291,0.149708955737956
4.2915,0.14181956963154
4.292,0.134258907902649
4.2925,0.127355694982264
4.293,0.119466308743451
4.2935,0.112234371316306
4.294,0.105002433849153
4.2945,0.0971130474754414
4.295,0.0895523854887342
4.2955,0.0819917234574778
4.296,0.0747597858204241
4.2965,0.0668703992602205
4.297,0.0593097370936711
4.2975,0.0520777993264369
4.298,0.057666114877521
4.2985,0.0658842259367277
4.299,0.0731161636244404
4.2995,0.0800193768332677
4.3,0.0879087633118253
4.3005,0.0954694253081939
4.301,0.103030087260228
4.3015,0.110590749168202
4.302,0.118151411032389
4.3025,0.125712072853065
4.303,0.132944010206293
4.3035,0.140175947520202
4.304,0.148065333636267
4.3045,0.155625995287477
4.305,0.162857932479623
4.3055,0.170747318463714
4.306,0.17830797998929
4.3065,0.185868641473536
4.307,0.193429302916726
4.3075,0.200332515503147
4.308,0.208221901274837
4.3085,0.215782562598251
4.309,0.223014499478893
4.3095,0.230903885125441
4.31,0.238464546329766
4.3105,0.245696483097268
4.311,0.253257144225257
4.3115,0.261146529708954
4.312,0.268378466365676
4.3125,0.275939127378655
4.313,0.283828512743219
4.3135,0.290731724903704
4.314,0.298292385805755
4.3145,0.306181771055432
4.315,0.314071156265157
4.3155,0.32097436829114
4.316,0.328863753426797
4.3165,0.336095689766833
4.317,0.343327626074291
4.3175,0.35088828672479
4.318,0.344642523581257
4.3185,0.337410587279696
4.319,0.329849926566001
4.3195,0.322617990197638
4.32,0.315057329413579
4.3205,0.307496668593152
4.321,0.299936007736081
4.3215,0.292046622454555
4.322,0.284814685910912
4.3225,0.277254024942265
4.323,0.270022088328248
4.3235,0.262461427285504
4.324,0.254572041808784
4.3245,0.24766882948222
4.325,0.239450719527438
4.3255,0.232218782729017
4.326,0.224658121492146
4.3265,0.217097460215626
4.327,0.20986552330508
4.3275,0.202633586357768
4.328,0.194415476145434
4.3285,0.187183539118771
4.329,0.179622877641685
4.3295,0.172390940538021
4.33,0.164501554563393
4.3305,0.157269617379979
4.331,0.149708955737956
4.3315,0.142148294053566
4.332,0.134587632326535
4.3325,0.127026970556588
4.333,0.119466308743451
4.3335,0.11190564688685
4.334,0.104344984986511
4.3345,0.0971130474754414
4.335,0.0892236610535209
4.3355,0.0819917234574778
4.336,0.0744310613813979
4.3365,0.0668703992602205
4.337,0.0593097370936711
4.3375,0.0517490748814755
4.338,0.0579948393209237
4.3385,0.0655555014953919
4.339,0.0731161636244404
4.3395,0.080348101270848
4.34,0.0882374877473757
4.3405,0.0954694253081939
4.341,0.102701362828449
4.3415,0.110262024738333
4.342,0.118151411032389
4.3425,0.125054624000814
4.343,0.132944010206293
4.3435,0.140833396364979
4.344,0.148065333636267
4.3445,0.155297270868738
4.345,0.163186656896535
4.3455,0.170747318463714
4.346,0.17830797998929
4.3465,0.185211192650452
4.347,0.193100578507003
4.3475,0.200661239911179
4.348,0.208221901274837
4.3485,0.215782562598251
4.349,0.223343223881694
4.3495,0.230575160724361
4.35,0.238464546329766
4.3505,0.245696483097268
4.351,0.253257144225257
4.3515,0.261146529708954
4.352,0.268049741972946
4.3525,0.275939127378655
4.353,0.282842339574888
4.3535,0.290731724903704
4.354,0.29862111019196
4.3545,0.305853046670828
4.355,0.313413707499198
4.3555,0.320645643909635
4.356,0.328535029046926
4.3565,0.336095689766833
4.357,0.343327626074291
4.3575,0.35088828672479
4.358,0.344971247957832
4.3585,0.337739311657743
4.359,0.329849926566001
4.3595,0.322617990197638
4.36,0.315057329413579
4.3605,0.307496668593152
4.361,0.299936007736081
4.3615,0.292704071229559
4.362,0.284485961521752
4.3625,0.277254024942265
4.363,0.269693363935877
4.3635,0.262132702891475
4.364,0.254572041808784
4.3645,0.247340105084912
4.365,0.239450719527438
4.3655,0.231890058328235
4.366,0.224329397089645
4.3665,0.217097460215626
4.367,0.20986552330508
4.3675,0.201976137542544
4.368,0.194415476145434
4.3685,0.187512263529886
4.369,0.179951602054589
4.3695,0.172062216123317
4.37,0.164172830146797
4.3705,0.156612168543217
4.371,0.149708955737956
4.3715,0.14181956963154
4.372,0.134258907902649
4.3725,0.127026970556588
4.373,0.120123757598489
4.3735,0.112234371316306
4.374,0.104673709417874
4.3745,0.0971130474754414
4.375,0.0895523854887342
4.3755,0.0816629990203214
4.376,0.0747597858204241
4.3765,0.0668703992602205
4.377,0.0596384615366421
4.3775,0.0524065237713115
4.378,0.057666114877521
4.3785,0.0658842259367277
4.379,0.0727874391849877
4.3795,0.0806768257083436
4.38,0.0879087633118253
4.3805,0.0954694253081939
4.381,0.103030087260228
4.3815,0.110262024738333
4.382,0.117822686604418
4.3825,0.125712072853065
4.383,0.132944010206293
4.3835,0.140833396364979
4.384,0.148065333636267
4.3845,0.155625995287477
4.385,0.162857932479623
4.3855,0.170747318463714
4.386,0.177650531162623
4.3865,0.185868641473536
4.387,0.192771854097202
4.3875,0.200989964319135
4.388,0.208221901274837
4.3885,0.215453838193718
4.389,0.223014499478893
4.3895,0.230575160724361
4.39,0.238135821930394
4.3905,0.245696483097268
4.391,0.253257144225257
4.3915,0.260817805314635
4.392,0.268378466365676
4.3925,0.275939127378655
4.393,0.283499788353846
4.3935,0.290731724903704
4.394,0.29862111019196
4.3945,0.305853046670828
4.395,0.313084983116116
4.3955,0.321303092672576
4.396,0.328535029046926
4.3965,0.336095689766833
4.397,0.343327626074291
4.3975,0.351217011100102
4.398,0.344971247957832
4.3985,0.337081862901581
4.399,0.329849926566001
4.3995,0.322289265816474
4.4,0.315057329413579
4.4005,0.307167944208826
4.401,0.299936007736081
4.4015,0.292375346842092
4.402,0.284485961521752
4.4025,0.277254024942265
4.403,0.270022088328248
4.4035,0.262461427285504
4.404,0.254572041808784
4.4045,0.247340105084912
4.405,0.239450719527438
4.4055,0.232218782729017
4.406,0.224986845894571
4.4065,0.217426184619781
4.407,0.209536798899184
4.4075,0.201976137542544
4.408,0.194415476145434
4.4085,0.187183539118771
4.409,0.179951602054589
4.4095,0.172062216123317
4.41,0.164501554563393
4.4105,0.157269617379979
4.411,0.149380231317779
4.4115,0.14181956963154
4.412,0.134587632326535
4.4125,0.127026970556588
4.413,0.119466308743451
4.4135,0.112234371316306
4.414,0.104344984986511
4.4145,0.0967843230421594
4.415,0.0895523854887342
4.4155,0.0816629990203214
4.416,0.0741023369422865
4.4165,0.0671991237012131
4.417,0.0593097370936711
4.4175,0.0520777993264369
4.418,0.057666114877521
4.4185,0.0655555014953919
4.419,0.0731161636244404
4.4195,0.0806768257083436
4.42,0.0882374877473757
4.4205,0.0954694253081939
4.421,0.103030087260228
4.4215,0.110590749168202
4.422,0.117822686604418
4.4225,0.125712072853065
4.423,0.133272734630504
4.4235,0.140504671942631
4.424,0.148065333636267
4.4245,0.155954719706137
4.425,0.163186656896535
4.4255,0.170747318463714
4.426,0.17830797998929
4.4265,0.185539917062033
4.427,0.192771854097202
4.4275,0.201318688727015
4.428,0.208221901274837
4.4285,0.215782562598251
4.429,0.223343223881694
4.4295,0.230575160724361
4.43,0.237807097530948
4.4305,0.245696483097268
4.431,0.253257144225257
4.4315,0.260817805314635
4.432,0.268049741972946
4.4325,0.275939127378655
4.433,0.283499788353846
4.4335,0.291060449291523
4.434,0.29796366141948
4.4345,0.305853046670828
4.435,0.313742431882212
4.4355,0.32097436829114
4.436,0.328206304666988
4.4365,0.336095689766833
4.437,0.343327626074291
4.4375,0.35088828672479
4.438,0.344971247957832
4.4385,0.337410587279696
4.439,0.330178650945601
4.4395,0.322289265816474
4.44,0.314728605030841
4.4405,0.307825392977409
4.441,0.299936007736081
4.4415,0.292046622454555
4.442,0.284814685910912
4.4425,0.277254024942265
4.443,0.269693363935877
4.4435,0.262132702891475
4.444,0.254900766204484
4.4445,0.247340105084912
4.445,0.239779443926514
4.4455,0.232218782729017
4.446,0.224658121492146
4.4465,0.216768735811395
4.447,0.20986552330508
4.4475,0.202304861950194
4.448,0.194744200554849
4.4485,0.187183539118771
4.449,0.179622877641685
4.4495,0.171733491708534
4.45,0.164172830146797
4.4505,0.157269617379979
4.451,0.150037680158053
4.4515,0.142148294053566
4.452,0.134587632326535
4.4525,0.127026970556588
4.453,0.119466308743451
4.4535,0.111576922457312
4.454,0.104016260555065
4.4545,0.0967843230421594
4.455,0.0895523854887342
4.4555,0.0819917234574778
4.456,0.0741023369422865
4.4565,0.0668703992602205
4.457,0.0596384615366421
4.4575,0.0520777993264369
4.458,0.057666114877521
4.4585,0.0655555014953919
4.459,0.0731161636244404
4.4595,0.0800193768332677
4.46,0.0879087633118253
4.4605,0.0957981497418109
4.461,0.102701362828449
4.4615,0.110590749168202
4.462,0.117822686604418
4.4625,0.125712072853065
4.463,0.132944010206293
4.4635,0.140833396364979
4.464,0.148065333636267
4.4645,0.155625995287477
4.465,0.163186656896535
4.4655,0.170747318463714
4.466,0.17830797998929
4.4665,0.185868641473536
4.467,0.192771854097202
4.4675,0.200989964319135
4.468,0.208221901274837
4.4685,0.215782562598251
4.469,0.223343223881694
4.4695,0.230903885125441
4.47,0.238793270729064
4.4705,0.245696483097268
4.471,0.253257144225257
4.4715,0.260489080920244
4.472,0.268707190758335
4.4725,0.275939127378655
4.473,0.283171063964402
4.4735,0.291060449291523
4.474,0.298292385805755
4.4745,0.306181771055432
4.475,0.313413707499198
4.4755,0.321303092672576
4.476,0.328863753426797
4.4765,0.336095689766833
4.477,0.342998901697383
4.4775,0.35088828672479
4.478,0.344971247957832
4.4785,0.337410587279696
4.479,0.329849926566001
4.4795,0.322617990197638
4.48,0.315057329413579
4.4805,0.307496668593152
4.481,0.299607283350155
4.4815,0.292375346842092
4.482,0.284814685910912
4.4825,0.277582749332989
4.483,0.270022088328248
4.4835,0.262461427285504
4.484,0.254900766204484
4.4845,0.24701138068753
4.485,0.239779443926514
4.4855,0.232218782729017
4.486,0.224658121492146
4.4865,0.216768735811395
4.487,0.209536798899184
4.4875,0.201976137542544
4.488,0.194415476145434
4.4885,0.187183539118771
4.489,0.179622877641685
4.4895,0.171733491708534
4.49,0.164172830146797
4.4905,0.156612168543217
4.491,0.149380231317779
4.4915,0.14181956963154
4.492,0.134258907902649
4.4925,0.127026970556588
4.493,0.119137584315809
4.4935,0.112234371316306
4.494,0.105002433849153
4.4945,0.0974417719086398
4.495,0.0895523854887342
4.4955,0.0823204478945494
4.496,0.0741023369422865
4.4965,0.0671991237012131
4.497,0.0593097370936711
4.4975,0.0517490748814755
4.498,0.0579948393209237
4.4985,0.0652267770539701
4.499,0.0731161636244404
4.4995,0.080348101270848
4.5,0.0882374877473757
4.5005,0.0957981497418109
4.501,0.103358811691924
4.5015,0.110590749168202
4.502,0.118480135460278
4.5025,0.125383348426981
4.503,0.132944010206293
4.5035,0.140833396364979
4.504,0.148065333636267
4.5045,0.155625995287477
4.505,0.163186656896535
4.5055,0.170747318463714
4.506,0.178965428815644
4.5065,0.185868641473536
4.507,0.193429302916726
4.5075,0.200989964319135
4.508,0.207893176868561
4.5085,0.215782562598251
4.509,0.223671948284419
4.5095,0.230575160724361
4.51,0.238464546329766
4.5105,0.245696483097268
4.511,0.253585868621248
4.5115,0.260817805314635
4.512,0.268707190758335
4.5125,0.275939127378655
4.513,0.283499788353846
4.5135,0.291060449291523
4.514,0.298949834578095
4.5145,0.306181771055432
4.515,0.313742431882212
4.5155,0.320316919528062
4.516,0.328535029046926
4.5165,0.336095689766833
4.517,0.343656350451133
4.5175,0.351217011100102
4.518,0.344971247957832
4.5185,0.337739311657743
4.519,0.329521202186334
4.5195,0.322289265816474
4.52,0.315057329413579
4.5205,0.307496668593152
4.521,0.299936007736081
4.5215,0.292704071229559
4.522,0.285143410300001
4.5225,0.277582749332989
4.523,0.270022088328248
4.5235,0.262132702891475
4.524,0.254900766204484
4.5245,0.24701138068753
4.525,0.240108168325517
4.5255,0.231561333927378
4.526,0.224658121492146
4.5265,0.217097460215626
4.527,0.209208074493211
4.5275,0.202304861950194
4.528,0.194086751735942
4.5285,0.186854814707579
4.529,0.179622877641685
4.5295,0.171733491708534
4.53,0.164501554563393
4.5305,0.156940892961638
4.531,0.149380231317779
4.5315,0.14181956963154
4.532,0.134258907902649
4.5325,0.127026970556588
4.533,0.119137584315809
4.5335,0.112234371316306
4.534,0.104344984986511
4.5345,0.0971130474754414
4.535,0.0895523854887342
4.5355,0.0819917234574778
4.536,0.0744310613813979
4.5365,0.0671991237012131
4.537,0.0593097370936711
4.5375,0.0517490748814755
4.538,0.0579948393209237
4.5385,0.0648980526124625
4.539,0.0724587147454497
4.5395,0.080348101270848
4.54,0.0882374877473757
4.5405,0.0957981497418109
4.541,0.102701362828449
4.5415,0.110590749168202
4.542,0.118151411032389
4.5425,0.125712072853065
4.543,0.133272734630504
4.5435,0.140504671942631
4.544,0.148394058056765
4.5445,0.155297270868738
4.545,0.163186656896535
4.5455,0.170747318463714
4.546,0.178636704402506
4.5465,0.185539917062033
4.547,0.193100578507003
4.5475,0.200661239911179
4.548,0.208221901274837
4.5485,0.215782562598251
4.549,0.223343223881694
4.5495,0.230903885125441
4.55,0.238464546329766
4.5505,0.246025207494944
4.551,0.253257144225257
4.5515,0.261146529708954
4.552,0.268378466365676
4.5525,0.275939127378655
4.553,0.283828512743219
4.5535,0.291389173679271
4.554,0.298292385805755
4.5545,0.306181771055432
4.555,0.313742431882212
4.5555,0.320645643909635
4.556,0.328535029046926
4.5565,0.335766965388449
4.557,0.343327626074291
4.5575,0.35088828672479
4.558,0.344642523581257
4.5585,0.337081862901581
4.559,0.329521202186334
4.5595,0.322617990197638
4.56,0.315386053796249
4.5605,0.307496668593152
4.561,0.299607283350155
4.5615,0.292046622454555
4.562,0.284485961521752
4.5625,0.27692530055147
4.563,0.269364639543435
4.5635,0.262461427285504
4.564,0.253914593017167
4.5645,0.247340105084912
4.565,0.239779443926514
4.5655,0.232218782729017
4.566,0.224658121492146
4.5665,0.217097460215626
4.567,0.209536798899184
4.5675,0.201976137542544
4.568,0.194415476145434
4.5685,0.187183539118771
4.569,0.179622877641685
4.5695,0.172062216123317
4.57,0.164501554563393
4.5705,0.156940892961638
4.571,0.149708955737956
4.5715,0.14181956963154
4.572,0.134258907902649
4.5725,0.127026970556588
4.573,0.119795033171011
4.5735,0.11190564688685
4.574,0.104344984986511
4.5745,0.0967843230421594
4.575,0.0888949366182234
4.5755,0.0819917234574778
4.576,0.0744310613813979
4.5765,0.0671991237012131
4.577,0.0593097370936711
4.5775,0.0514203504364273
4.578,0.057666114877521
4.5785,0.0658842259367277
4.579,0.0731161636244404
4.5795,0.0800193768332677
4.58,0.0882374877473757
4.5805,0.0954694253081939
4.581,0.102701362828449
4.5815,0.110919473597988
4.582,0.118151411032389
4.5825,0.125712072853065
4.583,0.133272734630504
4.5835,0.140833396364979
4.584,0.148065333636267
4.5845,0.155625995287477
4.585,0.163186656896535
4.5855,0.170747318463714
4.586,0.17830797998929
4.5865,0.185868641473536
4.587,0.193100578507003
4.5875,0.200661239911179
4.588,0.207893176868561
4.5885,0.215782562598251
4.589,0.223343223881694
4.5895,0.230903885125441
4.59,0.238464546329766
4.5905,0.245696483097268
4.591,0.253257144225257
4.5915,0.261146529708954
4.592,0.268378466365676
4.5925,0.275610402987574
4.593,0.283499788353846
4.5935,0.291060449291523
4.594,0.298292385805755
4.5945,0.306181771055432
4.595,0.313413707499198
4.5955,0.32097436829114
4.596,0.328535029046926
4.5965,0.335766965388449
4.597,0.343656350451133
4.5975,0.351217011100102
4.598,0.344642523581257
4.5985,0.337410587279696
4.599,0.330178650945601
4.5995,0.321631817053944
4.6,0.314728605030841
4.6005,0.307496668593152
4.601,0.299607283350155
4.6015,0.292375346842092
4.602,0.284814685910912
4.6025,0.277582749332989
4.603,0.269364639543435
4.6035,0.262461427285504
4.604,0.254572041808784
4.6045,0.24766882948222
4.605,0.240108168325517
4.6055,0.232218782729017
4.606,0.224986845894571
4.6065,0.217426184619781
4.607,0.209536798899184
4.6075,0.202304861950194
4.608,0.194744200554849
4.6085,0.186854814707579
4.609,0.179951602054589
4.6095,0.172062216123317
4.61,0.164501554563393
4.6105,0.157269617379979
4.611,0.149708955737956
4.6115,0.142148294053566
4.612,0.134587632326535
4.6125,0.127026970556588
4.613,0.119466308743451
4.6135,0.112234371316306
4.614,0.104016260555065
4.6145,0.0967843230421594
4.615,0.0895523854887342
4.6155,0.0816629990203214
4.616,0.0741023369422865
4.6165,0.0668703992602205
4.617,0.0596384615366421
4.6175,0.0517490748814755
4.618,0.0579948393209237
4.6185,0.0652267770539701
4.619,0.0731161636244404
4.6195,0.080348101270848
4.62,0.0875800388761907
4.6205,0.0954694253081939
4.621,0.102701362828449
4.6215,0.110590749168202
4.622,0.118151411032389
4.6225,0.125712072853065
4.623,0.133272734630504
4.6235,0.140504671942631
4.624,0.148394058056765
4.6245,0.155954719706137
4.625,0.163186656896535
4.6255,0.171076042878733
4.626,0.17830797998929
4.6265,0.186197365884961
4.627,0.192771854097202
4.6275,0.200989964319135
4.628,0.208550625681038
4.6285,0.215453838193718
4.629,0.223343223881694
4.6295,0.230903885125441
4.63,0.238135821930394
4.6305,0.245367758699519
4.631,0.253257144225257
4.6315,0.2614752541032
4.632,0.268049741972946
4.6325,0.276267851769665
4.633,0.283499788353846
4.6335,0.291060449291523
4.634,0.29862111019196
4.6345,0.306181771055432
4.635,0.313413707499198
4.6355,0.32097436829114
4.636,0.328535029046926
4.6365,0.336095689766833
4.637,0.343327626074291
4.6375,0.35088828672479
4.638,0.344971247957832
4.6385,0.337081862901581
4.639,0.329849926566001
4.6395,0.321960541435243
4.64,0.314728605030841
4.6405,0.307496668593152
4.641,0.299936007736081
4.6415,0.292375346842092
4.642,0.284814685910912
4.6425,0.27692530055147
4.643,0.269693363935877
4.6435,0.262461427285504
4.644,0.254572041808784
4.6445,0.247340105084912
4.645,0.239450719527438
4.6455,0.232547507129725
4.646,0.224986845894571
4.6465,0.217426184619781
4.647,0.209536798899184
4.6475,0.202304861950194
4.648,0.194415476145434
4.6485,0.187183539118771
4.649,0.179622877641685
4.6495,0.171733491708534
4.65,0.164501554563393
4.6505,0.156940892961638
4.651,0.149708955737956
4.6515,0.14181956963154
4.652,0.134587632326535
4.6525,0.127026970556588
4.653,0.119466308743451
4.6535,0.11190564688685
4.654,0.104344984986511
4.6545,0.0967843230421594
4.655,0.0892236610535209
4.6555,0.0819917234574778
4.656,0.0741023369422865
4.6565,0.0668703992602205
4.657,0.0593097370936711
4.6575,0.0520777993264369
4.658,0.05832356376424
4.6585,0.0652267770539701
4.659,0.0727874391849877
4.6595,0.0806768257083436
4.66,0.0882374877473757
4.6605,0.0954694253081939
4.661,0.102701362828449
4.6615,0.110590749168202
4.662,0.117822686604418
4.6625,0.126040797279069
4.663,0.133272734630504
4.6635,0.140833396364979
4.664,0.148065333636267
4.6645,0.155625995287477
4.665,0.163515381313368
4.6655,0.170747318463714
4.666,0.178636704402506
4.6665,0.185868641473536
4.667,0.193100578507003
4.6675,0.200989964319135
4.668,0.208221901274837
4.6685,0.215453838193718
4.669,0.223014499478893
4.6695,0.230903885125441
4.67,0.238135821930394
4.6705,0.246025207494944
4.671,0.253257144225257
4.6715,0.261146529708954
4.672,0.268707190758335
4.6725,0.275939127378655
4.673,0.283171063964402
4.6735,0.290731724903704
4.674,0.298292385805755
4.6745,0.306181771055432
4.675,0.313084983116116
4.6755,0.32097436829114
4.676,0.328863753426797
4.6765,0.336424414145149
4.677,0.343656350451133
4.6775,0.35088828672479
4.678,0.344971247957832
4.6785,0.337410587279696
4.679,0.329521202186334
4.6795,0.321960541435243
4.68,0.315057329413579
4.6805,0.307167944208826
4.681,0.299607283350155
4.6815,0.292375346842092
4.682,0.284485961521752
4.6825,0.277254024942265
4.683,0.269693363935877
4.6835,0.262461427285504
4.684,0.254572041808784
4.6845,0.247340105084912
4.685,0.239779443926514
4.6855,0.232218782729017
4.686,0.224986845894571
4.6865,0.217097460215626
4.687,0.209536798899184
4.6875,0.202304861950194
4.688,0.194744200554849
4.6885,0.187183539118771
4.689,0.179951602054589
4.6895,0.171733491708534
4.69,0.164830278979909
4.6905,0.156940892961638
4.691,0.149708955737956
4.6915,0.14181956963154
4.692,0.134587632326535
4.6925,0.12669824613083
4.693,0.119137584315809
4.6935,0.111576922457312
4.694,0.104673709417874
4.6945,0.0967843230421594
4.695,0.0892236610535209
4.6955,0.0819917234574778
4.696,0.0744310613813979
4.6965,0.0668703992602205
4.697,0.0593097370936711
4.6975,0.0517490748814755
4.698,0.057666114877521
4.6985,0.0655555014953919
4.699,0.0731161636244404
4.6995,0.080348101270848
4.7,0.0882374877473757
4.7005,0.0957981497418109
4.701,0.103030087260228
4.7015,0.110590749168202
4.702,0.118151411032389
4.7025,0.125712072853065
4.703,0.133272734630504
4.7035,0.140833396364979
4.704,0.148394058056765
4.7045,0.155625995287477
4.705,0.163186656896535
4.7055,0.170747318463714
4.706,0.17830797998929
4.7065,0.185539917062033
4.707,0.193100578507003
4.7075,0.200989964319135
4.708,0.208221901274837
4.7085,0.215782562598251
4.709,0.223343223881694
4.7095,0.230903885125441
4.71,0.238464546329766
4.7105,0.246025207494944
4.711,0.253257144225257
4.7115,0.261146529708954
4.712,0.268707190758335
4.7125,0.275939127378655
4.713,0.283828512743219
4.7135,0.291060449291523
4.714,0.298292385805755
4.7145,0.305853046670828
4.715,0.313413707499198
4.7155,0.32097436829114
4.716,0.328535029046926
4.7165,0.335766965388449
4.717,0.343656350451133
4.7175,0.351217011100102
4.718,0.344971247957832
4.7185,0.337081862901581
4.719,0.329849926566001
4.7195,0.322617990197638
4.72,0.314399880648033
4.7205,0.307167944208826
4.721,0.299936007736081
4.7215,0.292046622454555
4.722,0.284814685910912
4.7225,0.277254024942265
4.723,0.269364639543435
4.7235,0.262132702891475
4.724,0.254243317413012
4.7245,0.24701138068753
4.725,0.239450719527438
4.7255,0.232218782729017
4.726,0.224329397089645
4.7265,0.216768735811395
4.727,0.209536798899184
4.7275,0.201976137542544
4.728,0.194415476145434
4.7285,0.187183539118771
4.729,0.179294153228703
4.7295,0.172062216123317
4.73,0.164501554563393
4.7305,0.156940892961638
4.731,0.149380231317779
4.7315,0.14181956963154
4.732,0.134587632326535
4.7325,0.12669824613083
4.733,0.119466308743451
4.7335,0.11190564688685
4.734,0.104673709417874
4.7345,0.0971130474754414
4.735,0.0892236610535209
4.7355,0.0819917234574778
4.736,0.0741023369422865
4.7365,0.0668703992602205
4.737,0.0593097370936711
4.7375,0.0517490748814755
4.738,0.0579948393209237
4.7385,0.0658842259367277
4.739,0.0734448880638077
4.7395,0.080348101270848
4.74,0.0882374877473757
4.7405,0.0954694253081939
4.741,0.103358811691924
4.7415,0.110590749168202
4.742,0.117822686604418
4.7425,0.126040797279069
4.743,0.133272734630504
4.7435,0.140504671942631
4.744,0.148394058056765
4.7445,0.155954719706137
4.745,0.163186656896535
4.7455,0.170747318463714
4.746,0.17830797998929
4.7465,0.185868641473536
4.747,0.193429302916726
4.7475,0.200989964319135
4.748,0.208550625681038
4.7485,0.215453838193718
4.749,0.223343223881694
4.7495,0.230575160724361
4.75,0.238464546329766
4.7505,0.246353931892546
4.751,0.253585868621248
4.7515,0.260817805314635
4.752,0.268378466365676
4.7525,0.275939127378655
4.753,0.283171063964402
4.7535,0.291060449291523
4.754,0.298292385805755
4.7545,0.305853046670828
4.755,0.313413707499198
4.7555,0.321303092672576
4.756,0.328206304666988
4.7565,0.336095689766833
4.757,0.343327626074291
4.7575,0.351217011100102
4.758,0.344971247957832
4.7585,0.337410587279696
4.759,0.329849926566001
4.7595,0.321960541435243
4.76,0.314728605030841
4.7605,0.307496668593152
4.761,0.299607283350155
4.7615,0.292046622454555
4.762,0.284814685910912
4.7625,0.277254024942265
4.763,0.269693363935877
4.7635,0.262461427285504
4.764,0.254572041808784
4.7645,0.247340105084912
4.765,0.239450719527438
4.7655,0.231890058328235
4.766,0.224658121492146
4.7665,0.217426184619781
4.767,0.20986552330508
4.7675,0.201976137542544
4.768,0.194415476145434
4.7685,0.187183539118771
4.769,0.179622877641685
4.7695,0.172390940538021
4.77,0.164501554563393
4.7705,0.156940892961638
4.771,0.149708955737956
4.7715,0.14181956963154
4.772,0.134587632326535
4.7725,0.127026970556588
4.773,0.119137584315809
4.7735,0.11190564688685
4.774,0.104344984986511
4.7745,0.0971130474754414
4.775,0.0895523854887342
4.7755,0.0819917234574778
4.776,0.0741023369422865
4.7765,0.0668703992602205
4.777,0.0593097370936711
4.7775,0.0520777993264369
4.778,0.05832356376424
4.7785,0.0648980526124625
4.779,0.0727874391849877
4.7795,0.080348101270848
4.78,0.0882374877473757
4.7805,0.0954694253081939
4.781,0.103030087260228
4.7815,0.110590749168202
4.782,0.118151411032389
4.7825,0.12636952170499
4.783,0.132944010206293
4.7835,0.140833396364979
4.784,0.148394058056765
4.7845,0.155625995287477
4.785,0.163186656896535
4.7855,0.170747318463714
4.786,0.17830797998929
4.7865,0.185539917062033
4.787,0.193429302916726
4.7875,0.200661239911179
4.788,0.208221901274837
4.7885,0.216111287002708
4.789,0.223343223881694
4.7895,0.230575160724361
4.79,0.238135821930394
4.7905,0.245696483097268
4.791,0.253257144225257
4.7915,0.260817805314635
4.792,0.268049741972946
4.7925,0.275610402987574
4.793,0.283171063964402
4.7935,0.291389173679271
4.794,0.298292385805755
4.7945,0.305853046670828
4.795,0.313742431882212
4.7955,0.32097436829114
4.796,0.328535029046926
4.7965,0.336095689766833
4.797,0.343985074827908
4.7975,0.351217011100102
4.798,0.344971247957832
4.7985,0.337410587279696
4.799,0.329849926566001
4.7995,0.322289265816474
4.8,0.314728605030841
4.8005,0.307496668593152
4.801,0.299607283350155
4.8015,0.292046622454555
4.802,0.284485961521752
4.8025,0.277254024942265
4.803,0.269693363935877
4.8035,0.262132702891475
4.804,0.254572041808784
4.8045,0.24701138068753
4.805,0.239779443926514
4.8055,0.231890058328235
4.806,0.224658121492146
4.8065,0.217097460215626
4.807,0.209208074493211
4.8075,0.201976137542544
4.808,0.194744200554849
4.8085,0.187183539118771
4.809,0.179622877641685
4.8095,0.172062216123317
4.81,0.164501554563393
4.8105,0.156940892961638
4.811,0.149708955737956
4.8115,0.142148294053566
4.812,0.134258907902649
4.8125,0.127026970556588
4.813,0.119795033171011
4.8135,0.11190564688685
4.814,0.104673709417874
4.8145,0.0964555986087937
4.815,0.0895523854887342
4.8155,0.0816629990203214
4.816,0.0744310613813979
4.8165,0.0671991237012131
4.817,0.0593097370936711
4.8175,0.0517490748814755
4.818,0.0579948393209237
4.8185,0.0655555014953919
4.819,0.0727874391849877
4.8195,0.0806768257083436
4.82,0.0879087633118253
4.8205,0.0957981497418109
4.821,0.103030087260228
4.8215,0.110919473597988
4.822,0.118151411032389
4.8225,0.126040797279069
4.823,0.132944010206293
4.8235,0.141162120787247
4.824,0.148065333636267
4.8245,0.155625995287477
4.825,0.163186656896535
4.8255,0.170747318463714
4.826,0.178636704402506
4.8265,0.185539917062033
4.827,0.193100578507003
4.8275,0.200661239911179
4.828,0.208550625681038
4.8285,0.215453838193718
4.829,0.223014499478893
4.8295,0.230903885125441
4.83,0.237807097530948
4.8305,0.246353931892546
4.831,0.253914593017167
4.8315,0.260817805314635
4.832,0.268378466365676
4.8325,0.275939127378655
4.833,0.283171063964402
4.8335,0.290731724903704
4.834,0.29862111019196
4.8345,0.306181771055432
4.835,0.313742431882212
4.8355,0.321303092672576
4.836,0.328535029046926
4.8365,0.336095689766833
4.837,0.343985074827908
4.8375,0.351217011100102
4.838,0.344642523581257
4.8385,0.337081862901581
4.839,0.329521202186334
4.8395,0.321960541435243
4.84,0.314728605030841
4.8405,0.307167944208826
4.841,0.29927855896416
4.8415,0.292046622454555
4.842,0.284485961521752
4.8425,0.27692530055147
4.843,0.269693363935877
4.8435,0.262132702891475
4.844,0.254900766204484
4.8445,0.24701138068753
4.845,0.240436892724445
4.8455,0.231890058328235
4.846,0.224658121492146
4.8465,0.217426184619781
4.847,0.209536798899184
4.8475,0.201976137542544
4.848,0.194415476145434
4.8485,0.187183539118771
4.849,0.179622877641685
4.8495,0.171733491708534
4.85,0.165159003396347
4.8505,0.157269617379979
4.851,0.149380231317779
4.8515,0.14181956963154
4.852,0.134258907902649
4.8525,0.12669824613083
4.853,0.119137584315809
4.8535,0.11190564688685
4.854,0.104344984986511
4.8545,0.0967843230421594
4.855,0.0892236610535209
4.8555,0.0819917234574778
4.856,0.0741023369422865
4.8565,0.0668703992602205
4.857,0.0596384615366421
4.8575,0.0517490748814755
4.858,0.0579948393209237
4.8585,0.0652267770539701
4.859,0.0727874391849877
4.8595,0.0806768257083436
4.86,0.0882374877473757
4.8605,0.0954694253081939
4.861,0.103030087260228
4.8615,0.110590749168202
4.862,0.118151411032389
4.8625,0.125712072853065
4.863,0.132944010206293
4.8635,0.140504671942631
4.864,0.148065333636267
4.8645,0.155297270868738
4.865,0.163515381313368
4.8655,0.170747318463714
4.866,0.178636704402506
4.8665,0.185539917062033
4.867,0.193100578507003
4.8675,0.200989964319135
4.868,0.207893176868561
4.8685,0.215782562598251
4.869,0.223343223881694
4.8695,0.230903885125441
4.87,0.238135821930394
4.8705,0.245696483097268
4.871,0.253257144225257
4.8715,0.261146529708954
4.872,0.268378466365676
4.8725,0.275939127378655
4.873,0.283499788353846
4.8735,0.290731724903704
4.874,0.298292385805755
4.8745,0.306181771055432
4.875,0.313413707499198
4.8755,0.32097436829114
4.876,0.328535029046926
4.8765,0.336424414145149
4.877,0.343656350451133
4.8775,0.351545735475346
4.878,0.344971247957832
4.8785,0.337739311657743
4.879,0.329849926566001
4.8795,0.322289265816474
4.88,0.314728605030841
4.8805,0.307167944208826
4.881,0.299936007736081
4.8815,0.292375346842092
4.882,0.284485961521752
4.8825,0.277582749332989
4.883,0.269364639543435
4.8835,0.261803978497374
4.884,0.254572041808784
4.8845,0.247340105084912
4.885,0.239779443926514
4.8855,0.231890058328235
4.886,0.224658121492146
4.8865,0.217097460215626
4.887,0.209536798899184
4.8875,0.202304861950194
4.888,0.194415476145434
4.8885,0.186854814707579
4.889,0.178965428815644
4.8895,0.172062216123317
4.89,0.164501554563393
4.8905,0.156940892961638
4.891,0.149708955737956
4.8915,0.14181956963154
4.892,0.134258907902649
4.8925,0.127026970556588
4.893,0.119466308743451
4.8935,0.112234371316306
4.894,0.104673709417874
4.8945,0.0964555986087937
4.895,0.0892236610535209
4.8955,0.0816629990203214
4.896,0.0741023369422865
4.8965,0.0668703992602205
4.897,0.0589810126506137
4.8975,0.0514203504364273
4.898,0.0579948393209237
4.8985,0.0655555014953919
4.899,0.0731161636244404
4.8995,0.080348101270848
4.9,0.0885662121828417
4.9005,0.0957981497418109
4.901,0.103030087260228
4.9015,0.110590749168202
4.902,0.118151411032389
4.9025,0.125712072853065
4.903,0.132944010206293
4.9035,0.140833396364979
4.904,0.148394058056765
4.9045,0.155954719706137
4.905,0.163186656896535
4.9055,0.170747318463714
4.906,0.17830797998929
4.9065,0.185539917062033
4.907,0.193100578507003
4.9075,0.200989964319135
4.908,0.208550625681038
4.9085,0.216111287002708
4.909,0.223343223881694
4.9095,0.230575160724361
4.91,0.238464546329766
4.9105,0.246025207494944
4.911,0.253257144225257
4.9115,0.260817805314635
4.912,0.268378466365676
4.9125,0.275281678596422
4.913,0.283171063964402
4.9135,0.291060449291523
4.914,0.298292385805755
4.9145,0.306181771055432
4.915,0.313413707499198
4.9155,0.321303092672576
4.916,0.328535029046926
4.9165,0.336424414145149
4.917,0.343985074827908
4.9175,0.351217011100102
4.918,0.344642523581257
4.9185,0.337081862901581
4.919,0.330178650945601
4.9195,0.321960541435243
4.92,0.315057329413579
4.9205,0.307496668593152
4.921,0.300264732121937
4.9215,0.292375346842092
4.922,0.284485961521752
4.9225,0.277254024942265
4.923,0.269693363935877
4.9235,0.262132702891475
4.924,0.254900766204484
4.9245,0.24701138068753
4.925,0.239779443926514
4.9255,0.231890058328235
4.926,0.224658121492146
4.9265,0.217097460215626
4.927,0.209536798899184
4.9275,0.202304861950194
4.928,0.194744200554849
4.9285,0.186854814707579
4.929,0.179622877641685
4.9295,0.172062216123317
4.93,0.164501554563393
4.9305,0.156940892961638
4.931,0.149708955737956
4.9315,0.142148294053566
4.932,0.134258907902649
4.9325,0.12669824613083
4.933,0.119466308743451
4.9335,0.11190564688685
4.934,0.104673709417874
4.9345,0.0971130474754414
4.935,0.0895523854887342
4.9355,0.0813342745830802
4.936,0.0744310613813979
4.9365,0.0668703992602205
4.937,0.0589810126506137
4.9375,0.0514203504364273
4.938,0.0579948393209237
4.9385,0.0655555014953919
4.939,0.0731161636244404
4.9395,0.0806768257083436
4.94,0.0882374877473757
4.9405,0.0954694253081939
4.941,0.103358811691924
4.9415,0.110919473597988
4.942,0.118151411032389
4.9425,0.125712072853065
4.943,0.133272734630504
4.9435,0.140504671942631
4.944,0.148065333636267
4.9445,0.155625995287477
4.945,0.162857932479623
4.9455,0.170747318463714
4.946,0.17830797998929
4.9465,0.185868641473536
4.947,0.193429302916726
4.9475,0.200989964319135
4.948,0.208221901274837
4.9485,0.215782562598251
4.949,0.223343223881694
4.9495,0.230575160724361
4.95,0.238135821930394
4.9505,0.246025207494944
4.951,0.253585868621248
4.9515,0.260817805314635
4.952,0.268049741972946
4.9525,0.275939127378655
4.953,0.283828512743219
4.9535,0.290731724903704
4.954,0.29862111019196
4.9545,0.305853046670828
4.955,0.314071156265157
4.9555,0.32097436829114
4.956,0.328863753426797
4.9565,0.336095689766833
4.957,0.343656350451133
4.9575,0.351545735475346
4.958,0.344642523581257
4.9585,0.337081862901581
4.959,0.329849926566001
4.9595,0.321960541435243
4.96,0.315057329413579
4.9605,0.30683921982443
4.961,0.300264732121937
4.9615,0.292046622454555
4.962,0.284814685910912
4.9625,0.277254024942265
4.963,0.269364639543435
4.9635,0.262132702891475
4.964,0.254900766204484
4.9645,0.246353931892546
4.965,0.239779443926514
4.9655,0.232218782729017
4.966,0.224329397089645
4.9665,0.216768735811395
4.967,0.209536798899184
4.9675,0.201976137542544
4.968,0.194415476145434
4.9685,0.187512263529886
4.969,0.179622877641685
4.9695,0.172062216123317
4.97,0.164172830146797
4.9705,0.156940892961638
4.971,0.149380231317779
4.9715,0.14181956963154
4.972,0.134587632326535
4.9725,0.12669824613083
4.973,0.119466308743451
4.9735,0.11190564688685
4.974,0.104673709417874
4.9745,0.0971130474754414
4.975,0.0892236610535209
4.9755,0.0816629990203214
4.976,0.0744310613813979
4.9765,0.066541674819142
4.977,0.0593097370936711
4.9775,0.0520777993264369
4.978,0.05832356376424
4.9785,0.0652267770539701
4.979,0.0734448880638077
4.9795,0.0810055501457543
4.98,0.0879087633118253
4.9805,0.0957981497418109
4.981,0.103358811691924
4.9815,0.110590749168202
4.982,0.118480135460278
4.9825,0.125712072853065
4.983,0.133272734630504
4.9835,0.140833396364979
4.984,0.148394058056765
4.9845,0.155954719706137
4.985,0.163515381313368
4.9855,0.170089869633441
4.986,0.17830797998929
4.9865,0.185868641473536
4.987,0.193100578507003
4.9875,0.200989964319135
4.988,0.208221901274837
4.9885,0.215782562598251
4.989,0.223343223881694
4.9895,0.230903885125441
4.99,0.238135821930394
4.9905,0.246025207494944
4.991,0.253585868621248
4.9915,0.261146529708954
4.992,0.268049741972946
4.9925,0.276267851769665
4.993,0.283499788353846
4.9935,0.291060449291523
4.994,0.298292385805755
4.9945,0.305853046670828
4.995,0.313413707499198
4.9955,0.320645643909635
4.996,0.328535029046926
4.9965,0.335766965388449
4.997,0.343656350451133
4.9975,0.351217011100102
4.998,0.344971247957832
4.9985,0.337081862901581
4.999,0.330507375325133
4.9995,0.322289265816474
5,0.314728605030841
5.0005,0.30683921982443
5.001,0.299607283350155
5.0015,0.292375346842092
5.002,0.284814685910912
5.0025,0.277254024942265
5.003,0.269364639543435
5.0035,0.262132702891475
5.004,0.254900766204484
5.0045,0.247340105084912
5.005,0.239779443926514
5.0055,0.232218782729017
5.006,0.224658121492146
5.0065,0.217097460215626
5.007,0.209536798899184
5.0075,0.201976137542544
5.008,0.194086751735942
5.0085,0.187512263529886
5.009,0.179622877641685
5.0095,0.172390940538021
5.01,0.164501554563393
5.0105,0.156940892961638
5.011,0.149708955737956
5.0115,0.14181956963154
5.012,0.134587632326535
5.0125,0.127026970556588
5.013,0.119466308743451
5.0135,0.11190564688685
5.014,0.104673709417874
5.0145,0.0971130474754414
5.015,0.0892236610535209
5.0155,0.0819917234574778
5.016,0.0741023369422865
5.0165,0.0668703992602205
5.017,0.0596384615366421
5.0175,0.0514203504364273
5.018,0.0579948393209237
5.0185,0.0658842259367277
5.019,0.0731161636244404
5.0195,0.0806768257083436
5.02,0.0882374877473757
5.0205,0.0954694253081939
5.021,0.103358811691924
5.0215,0.110590749168202
5.022,0.118151411032389
5.0225,0.125712072853065
5.023,0.133601459054633
5.0235,0.140833396364979
5.024,0.148065333636267
5.0245,0.155954719706137
5.025,0.163186656896535
5.0255,0.170747318463714
5.026,0.17830797998929
5.0265,0.185868641473536
5.027,0.193429302916726
5.0275,0.200989964319135
5.028,0.208550625681038
5.0285,0.215782562598251
5.029,0.223671948284419
5.0295,0.230903885125441
5.03,0.238135821930394
5.0305,0.246025207494944
5.031,0.253585868621248
5.0315,0.261146529708954
5.032,0.268707190758335
5.0325,0.275939127378655
5.033,0.283171063964402
5.0335,0.291060449291523
5.034,0.29862111019196
5.0345,0.306181771055432
5.035,0.313413707499198
5.0355,0.320645643909635
5.036,0.328863753426797
5.0365,0.336424414145149
5.037,0.343656350451133
5.0375,0.351217011100102
5.038,0.344971247957832
5.0385,0.337410587279696
5.039,0.329849926566001
5.0395,0.321960541435243
5.04,0.314728605030841
5.0405,0.307167944208826
5.041,0.300264732121937
5.0415,0.292375346842092
5.042,0.284814685910912
5.0425,0.27692530055147
5.043,0.269693363935877
5.0435,0.262461427285504
5.044,0.254900766204484
5.0445,0.24701138068753
5.045,0.239779443926514
5.0455,0.231890058328235
5.046,0.224658121492146
5.0465,0.217097460215626
5.047,0.209536798899184
5.0475,0.201976137542544
5.048,0.194415476145434
5.0485,0.187183539118771
5.049,0.179294153228703
5.0495,0.171404767293673
5.05,0.164501554563393
5.0505,0.156940892961638
5.051,0.149380231317779
5.0515,0.14181956963154
5.052,0.134916356750339
5.0525,0.12636952170499
5.053,0.119466308743451
5.0535,0.111576922457312
5.054,0.104344984986511
5.0545,0.0967843230421594
5.055,0.0892236610535209
5.0555,0.0819917234574778
5.056,0.0741023369422865
5.0565,0.0668703992602205
5.057,0.0589810126506137
5.0575,0.0517490748814755
5.058,0.0579948393209237
5.0585,0.0652267770539701
5.059,0.0734448880638077
5.0595,0.0806768257083436
5.06,0.0882374877473757
5.0605,0.0954694253081939
5.061,0.102701362828449
5.0615,0.110919473597988
5.062,0.118480135460278
5.0625,0.125712072853065
5.063,0.132944010206293
5.0635,0.140833396364979
5.064,0.148394058056765
5.0645,0.155954719706137
5.065,0.163186656896535
5.0655,0.170747318463714
5.066,0.17830797998929
5.0665,0.186197365884961
5.067,0.193429302916726
5.0675,0.200989964319135
5.068,0.208221901274837
5.0685,0.215782562598251
5.069,0.223671948284419
5.0695,0.231232609526447
5.07,0.238464546329766
5.0705,0.246025207494944
5.071,0.253257144225257
5.0715,0.2614752541032
5.072,0.268378466365676
5.0725,0.275610402987574
5.073,0.283499788353846
5.0735,0.291060449291523
5.074,0.29862111019196
5.0745,0.305853046670828
5.075,0.313742431882212
5.0755,0.321303092672576
5.076,0.328863753426797
5.0765,0.335766965388449
5.077,0.343656350451133
5.0775,0.35088828672479
5.078,0.344642523581257
5.0785,0.337410587279696
5.079,0.329849926566001
5.0795,0.322617990197638
5.08,0.314728605030841
5.0805,0.307496668593152
5.081,0.299936007736081
5.0815,0.292375346842092
5.082,0.284814685910912
5.0825,0.277582749332989
5.083,0.269693363935877
5.0835,0.262132702891475
5.084,0.254572041808784
5.0845,0.247340105084912
5.085,0.239450719527438
5.0855,0.231890058328235
5.086,0.224658121492146
5.0865,0.216768735811395
5.087,0.20986552330508
5.0875,0.202304861950194
5.088,0.194415476145434
5.0885,0.186526090296308
5.089,0.179622877641685
5.0895,0.171733491708534
5.09,0.164830278979909
5.0905,0.156940892961638
5.091,0.149380231317779
5.0915,0.14181956963154
5.092,0.134258907902649
5.0925,0.12669824613083
5.093,0.119137584315809
5.0935,0.11190564688685
5.094,0.104344984986511
5.0945,0.0971130474754414
5.095,0.0892236610535209
5.0955,0.0816629990203214
5.096,0.0741023369422865
5.0965,0.0671991237012131
5.097,0.0593097370936711
5.0975,0.0514203504364273
5.098,0.0579948393209237
5.0985,0.0655555014953919
5.099,0.0734448880638077
5.0995,0.0806768257083436
5.1,0.0885662121828417
5.1005,0.0957981497418109
5.101,0.103358811691924
5.1015,0.110919473597988
5.102,0.117822686604418
5.1025,0.126040797279069
5.103,0.133601459054633
5.1035,0.140833396364979
5.104,0.148065333636267
5.1045,0.155954719706137
5.105,0.163186656896535
5.1055,0.170418594048617
5.106,0.17830797998929
5.1065,0.185868641473536
5.107,0.193100578507003
5.1075,0.200989964319135
5.108,0.207893176868561
5.1085,0.215782562598251
5.109,0.223671948284419
5.1095,0.230575160724361
5.11,0.238135821930394
5.1105,0.245696483097268
5.111,0.253585868621248
5.1115,0.260817805314635
5.112,0.268049741972946
5.1125,0.275939127378655
5.113,0.283499788353846
5.1135,0.290403000515816
5.114,0.298292385805755
5.1145,0.306181771055432
5.115,0.313742431882212
5.1155,0.32097436829114
5.116,0.328535029046926
5.1165,0.336424414145149
5.117,0.343985074827908
5.1175,0.351217011100102
5.118,0.344642523581257
5.1185,0.337410587279696
5.119,0.329521202186334
5.1195,0.322289265816474
5.12,0.314399880648033
5.1205,0.307167944208826
5.121,0.299607283350155
5.1215,0.292046622454555
5.122,0.284814685910912
5.1225,0.277254024942265
5.123,0.269693363935877
5.1235,0.262461427285504
5.124,0.254572041808784
5.1245,0.24701138068753
5.125,0.239450719527438
5.1255,0.232218782729017
5.126,0.224658121492146
5.1265,0.217097460215626
5.127,0.20986552330508
5.1275,0.201976137542544
5.128,0.194415476145434
5.1285,0.186854814707579
5.129,0.179951602054589
5.1295,0.171733491708534
5.13,0.164830278979909
5.1305,0.156940892961638
5.131,0.149380231317779
5.1315,0.14181956963154
5.132,0.133930183478682
5.1325,0.12669824613083
5.133,0.119137584315809
5.1335,0.11190564688685
5.134,0.104016260555065
5.1345,0.0967843230421594
5.135,0.0892236610535209
5.1355,0.0816629990203214
5.136,0.0737736125030898
5.1365,0.0668703992602205
5.137,0.0593097370936711
5.1375,0.0517490748814755
5.138,0.05832356376424
5.1385,0.0655555014953919
5.139,0.0731161636244404
5.1395,0.0806768257083436
5.14,0.0882374877473757
5.1405,0.0957981497418109
5.141,0.103030087260228
5.1415,0.110919473597988
5.142,0.118151411032389
5.1425,0.125712072853065
5.143,0.133272734630504
5.1435,0.140504671942631
5.144,0.148065333636267
5.1445,0.155954719706137
5.145,0.163515381313368
5.1455,0.170747318463714
5.146,0.177979255575996
5.1465,0.185868641473536
5.147,0.193100578507003
5.1475,0.201318688727015
5.148,0.208550625681038
5.1485,0.216111287002708
5.149,0.223671948284419
5.1495,0.231232609526447
5.15,0.238464546329766
5.1505,0.246025207494944
5.151,0.253257144225257
5.1515,0.260817805314635
5.152,0.268707190758335
5.1525,0.276267851769665
5.153,0.283828512743219
5.1535,0.291389173679271
5.154,0.29862111019196
5.1545,0.306181771055432
5.155,0.313084983116116
5.1555,0.32097436829114
5.156,0.328863753426797
5.1565,0.336095689766833
5.157,0.343985074827908
5.1575,0.351545735475346
5.158,0.344642523581257
5.1585,0.337081862901581
5.159,0.329849926566001
5.1595,0.322289265816474
5.16,0.315057329413579
5.1605,0.307496668593152
5.161,0.29927855896416
5.1615,0.292375346842092
5.162,0.284485961521752
5.1625,0.27692530055147
5.163,0.270022088328248
5.1635,0.262132702891475
5.164,0.254572041808784
5.1645,0.24701138068753
5.165,0.239450719527438
5.1655,0.231890058328235
5.166,0.224329397089645
5.1665,0.217097460215626
5.167,0.209208074493211
5.1675,0.201647413134818
5.168,0.194415476145434
5.1685,0.186854814707579
5.169,0.179622877641685
5.1695,0.171733491708534
5.17,0.164501554563393
5.1705,0.156940892961638
5.171,0.149380231317779
5.1715,0.14181956963154
5.172,0.134258907902649
5.1725,0.127026970556588
5.173,0.119137584315809
5.1735,0.111576922457312
5.174,0.104016260555065
5.1745,0.0967843230421594
5.175,0.0892236610535209
5.1755,0.0816629990203214
5.176,0.0741023369422865
5.1765,0.0668703992602205
5.177,0.0589810126506137
5.1775,0.0517490748814755
5.178,0.0579948393209237
5.1785,0.0658842259367277
5.179,0.0734448880638077
5.1795,0.0806768257083436
5.18,0.0882374877473757
5.1805,0.0957981497418109
5.181,0.103030087260228
5.1815,0.110919473597988
5.182,0.118480135460278
5.1825,0.125712072853065
5.183,0.132944010206293
5.1835,0.140833396364979
5.184,0.148394058056765
5.1845,0.155954719706137
5.185,0.163515381313368
5.1855,0.170747318463714
5.186,0.178636704402506
5.1865,0.185868641473536
5.187,0.193429302916726
5.1875,0.200989964319135
5.188,0.208221901274837
5.1885,0.215782562598251
5.189,0.223671948284419
5.1895,0.230903885125441
5.19,0.238793270729064
5.1905,0.246025207494944
5.191,0.252928419829193
5.1915,0.2614752541032
5.192,0.268378466365676
5.1925,0.275939127378655
5.193,0.283499788353846
5.1935,0.291060449291523
5.194,0.29862111019196
5.1945,0.306510495439966
5.195,0.313742431882212
5.1955,0.320645643909635
5.196,0.328535029046926
5.1965,0.336095689766833
5.197,0.343656350451133
5.1975,0.35088828672479
5.198,0.344642523581257
5.1985,0.337410587279696
5.199,0.329849926566001
5.1995,0.322289265816474
5.2,0.314728605030841
5.2005,0.307167944208826
5.201,0.299936007736081
5.2015,0.292046622454555
5.202,0.284814685910912
5.2025,0.277254024942265
5.203,0.269693363935877
5.2035,0.262461427285504
5.204,0.254900766204484
5.2045,0.24766882948222
5.205,0.239450719527438
5.2055,0.231890058328235
5.206,0.224658121492146
5.2065,0.216440011407089
5.207,0.208879350087163
5.2075,0.201976137542544
5.208,0.194415476145434
5.2085,0.187183539118771
5.209,0.179622877641685
5.2095,0.172062216123317
5.21,0.164172830146797
5.2105,0.156940892961638
5.211,0.149051506897521
5.2115,0.142148294053566
5.212,0.134587632326535
5.2125,0.127026970556588
5.213,0.119466308743451
5.2135,0.111576922457312
5.214,0.104016260555065
5.2145,0.0967843230421594
5.215,0.0895523854887342
5.2155,0.0816629990203214
5.216,0.0741023369422865
5.2165,0.066541674819142
5.217,0.0593097370936711
5.2175,0.0517490748814755
5.218,0.0579948393209237
5.2185,0.0655555014953919
5.219,0.0731161636244404
5.2195,0.0806768257083436
5.22,0.0882374877473757
5.2205,0.0957981497418109
5.221,0.103030087260228
5.2215,0.110590749168202
5.222,0.118151411032389
5.2225,0.125712072853065
5.223,0.132944010206293
5.2235,0.140833396364979
5.224,0.148394058056765
5.2245,0.155625995287477
5.225,0.163186656896535
5.2255,0.170747318463714
5.226,0.17830797998929
5.2265,0.185868641473536
5.227,0.193429302916726
5.2275,0.200989964319135
5.228,0.208879350087163
5.2285,0.215782562598251
5.229,0.223671948284419
5.2295,0.231232609526447
5.23,0.238464546329766
5.2305,0.246025207494944
5.231,0.253585868621248
5.2315,0.261146529708954
5.232,0.268707190758335
5.2325,0.276596576160603
5.233,0.283828512743219
5.2335,0.291060449291523
5.234,0.29862111019196
5.2345,0.305853046670828
5.235,0.313413707499198
5.2355,0.32097436829114
5.236,0.328863753426797
5.2365,0.336424414145149
5.237,0.343656350451133
5.2375,0.351217011100102
5.238,0.344642523581257
5.2385,0.337081862901581
5.239,0.329521202186334
5.2395,0.321960541435243
5.24,0.314728605030841
5.2405,0.307496668593152
5.241,0.299936007736081
5.2415,0.292375346842092
5.242,0.284814685910912
5.2425,0.277254024942265
5.243,0.269693363935877
5.2435,0.262132702891475
5.244,0.254572041808784
5.2445,0.24701138068753
5.245,0.239779443926514
5.2455,0.231890058328235
5.246,0.224986845894571
5.2465,0.217097460215626
5.247,0.209536798899184
5.2475,0.202304861950194
5.248,0.194415476145434
5.2485,0.186197365884961
5.249,0.179622877641685
5.2495,0.171733491708534
5.25,0.164501554563393
5.2505,0.156940892961638
5.251,0.149380231317779
5.2515,0.14181956963154
5.252,0.134258907902649
5.2525,0.12669824613083
5.253,0.119137584315809
5.2535,0.112234371316306
5.254,0.104673709417874
5.2545,0.0967843230421594
5.255,0.0892236610535209
5.2555,0.0816629990203214
5.256,0.0741023369422865
5.2565,0.0668703992602205
5.257,0.0589810126506137
5.2575,0.0517490748814755
5.258,0.05832356376424
5.2585,0.0658842259367277
5.259,0.0731161636244404
5.2595,0.0806768257083436
5.26,0.0882374877473757
5.2605,0.0957981497418109
5.261,0.103358811691924
5.2615,0.110919473597988
5.262,0.118480135460278
5.2625,0.125383348426981
5.263,0.132944010206293
5.2635,0.140833396364979
5.264,0.148065333636267
5.2645,0.155954719706137
5.265,0.163186656896535
5.2655,0.171076042878733
5.266,0.17830797998929
5.2665,0.185868641473536
5.267,0.193100578507003
5.2675,0.200989964319135
5.268,0.208221901274837
5.2685,0.215782562598251
5.269,0.223014499478893
5.2695,0.231232609526447
5.27,0.238135821930394
5.2705,0.246025207494944
5.271,0.253585868621248
5.2715,0.261146529708954
5.272,0.268378466365676
5.2725,0.276267851769665
5.273,0.283499788353846
5.2735,0.291060449291523
5.274,0.298292385805755
5.2745,0.305853046670828
5.275,0.313742431882212
5.2755,0.321303092672576
5.276,0.328535029046926
5.2765,0.336095689766833
5.277,0.343985074827908
5.2775,0.351545735475346
5.278,0.344971247957832
5.2785,0.337081862901581
5.279,0.329849926566001
5.2795,0.322289265816474
5.28,0.314728605030841
5.2805,0.307167944208826
5.281,0.29927855896416
5.2815,0.292375346842092
5.282,0.284814685910912
5.2825,0.277254024942265
5.283,0.269693363935877
5.2835,0.262132702891475
5.284,0.254900766204484
5.2845,0.24701138068753
5.285,0.239450719527438
5.2855,0.231890058328235
5.286,0.224658121492146
5.2865,0.216768735811395
5.287,0.209536798899184
5.2875,0.201976137542544
5.288,0.194086751735942
5.2885,0.187183539118771
5.289,0.179294153228703
5.2895,0.171733491708534
5.29,0.164172830146797
5.2905,0.156940892961638
5.291,0.149708955737956
5.2915,0.14181956963154
5.292,0.134587632326535
5.2925,0.12669824613083
5.293,0.119137584315809
5.2935,0.111576922457312
5.294,0.104344984986511
5.2945,0.0971130474754414
5.295,0.0892236610535209
5.2955,0.0816629990203214
5.296,0.0741023369422865
5.2965,0.0668703992602205
5.297,0.0593097370936711
5.2975,0.0517490748814755
5.298,0.05832356376424
5.2985,0.0655555014953919
5.299,0.0731161636244404
5.2995,0.0806768257083436
5.3,0.0882374877473757
5.3005,0.0957981497418109
5.301,0.103030087260228
5.3015,0.110919473597988
5.302,0.117822686604418
5.3025,0.126040797279069
5.303,0.133601459054633
5.3035,0.140833396364979
5.304,0.148722782477183
5.3045,0.155625995287477
5.305,0.163186656896535
5.3055,0.171076042878733
5.306,0.17830797998929
5.3065,0.185868641473536
5.307,0.193100578507003
5.3075,0.201318688727015
5.308,0.208221901274837
5.3085,0.215782562598251
5.309,0.223343223881694
5.3095,0.230903885125441
5.31,0.238464546329766
5.3105,0.246353931892546
5.311,0.253585868621248
5.3115,0.261146529708954
5.312,0.268378466365676
5.3125,0.275939127378655
5.313,0.283828512743219
5.3135,0.291717898066948
5.314,0.29862111019196
5.3145,0.305853046670828
5.315,0.313742431882212
5.3155,0.32097436829114
5.316,0.328535029046926
5.3165,0.336095689766833
5.317,0.343985074827908
5.3175,0.351217011100102
5.318,0.344313799204616
5.3185,0.337410587279696
5.319,0.329849926566001
5.3195,0.321631817053944
5.32,0.314728605030841
5.3205,0.30683921982443
5.321,0.299607283350155
5.3215,0.292046622454555
5.322,0.284485961521752
5.3225,0.277582749332989
5.323,0.269693363935877
5.3235,0.262132702891475
5.324,0.254572041808784
5.3245,0.246682656290075
5.325,0.239779443926514
5.3255,0.231890058328235
5.326,0.224329397089645
5.3265,0.217426184619781
5.327,0.209536798899184
5.3275,0.201976137542544
5.328,0.194086751735942
5.3285,0.187183539118771
5.329,0.179622877641685
5.3295,0.171733491708534
5.33,0.164501554563393
5.3305,0.157269617379979
5.331,0.149051506897521
5.3315,0.14181956963154
5.332,0.134258907902649
5.3325,0.12669824613083
5.333,0.119137584315809
5.3335,0.111248198027691
5.334,0.104344984986511
5.3345,0.0971130474754414
5.335,0.0888949366182234
5.3355,0.0813342745830802
5.336,0.0744310613813979
5.3365,0.066541674819142
5.337,0.0593097370936711
5.3375,0.0517490748814755
5.338,0.05832356376424
5.3385,0.0658842259367277
5.339,0.0731161636244404
5.3395,0.0806768257083436
5.34,0.0879087633118253
5.3405,0.0961268741753442
5.341,0.103030087260228
5.3415,0.110590749168202
5.342,0.118151411032389
5.3425,0.125712072853065
5.343,0.133272734630504
5.3435,0.140833396364979
5.344,0.148065333636267
5.3445,0.155954719706137
5.345,0.163186656896535
5.3455,0.170747318463714
5.346,0.17830797998929
5.3465,0.185868641473536
5.347,0.193429302916726
5.3475,0.200989964319135
5.348,0.208221901274837
5.3485,0.216111287002708
5.349,0.223671948284419
5.3495,0.231232609526447
5.35,0.238464546329766
5.3505,0.246025207494944
5.351,0.253257144225257
5.3515,0.261146529708954
5.352,0.268707190758335
5.3525,0.276267851769665
5.353,0.283499788353846
5.3535,0.291060449291523
5.354,0.29862111019196
5.3545,0.306181771055432
5.355,0.314071156265157
5.3555,0.32097436829114
5.356,0.328535029046926
5.3565,0.336424414145149
5.357,0.343985074827908
5.3575,0.351217011100102
5.358,0.344642523581257
5.3585,0.337410587279696
5.359,0.329192477806599
5.3595,0.321960541435243
5.36,0.314728605030841
5.3605,0.307167944208826
5.361,0.299607283350155
5.3615,0.292046622454555
5.362,0.284485961521752
5.3625,0.277582749332989
5.363,0.269693363935877
5.3635,0.262132702891475
5.364,0.254572041808784
5.3645,0.247340105084912
5.365,0.239121995128288
5.3655,0.231890058328235
5.366,0.224658121492146
5.3665,0.216768735811395
5.367,0.209536798899184
5.3675,0.202304861950194
5.368,0.194086751735942
5.3685,0.186854814707579
5.369,0.179294153228703
5.3695,0.171733491708534
5.37,0.164172830146797
5.3705,0.156940892961638
5.371,0.149051506897521
5.3715,0.14181956963154
5.372,0.133930183478682
5.3725,0.127355694982264
5.373,0.119137584315809
5.3735,0.111576922457312
5.374,0.104016260555065
5.3745,0.0964555986087937
5.375,0.0895523854887342
5.3755,0.0816629990203214
5.376,0.0741023369422865
5.3765,0.066541674819142
5.377,0.0593097370936711
5.3775,0.0517490748814755
5.378,0.05832356376424
5.3785,0.0652267770539701
5.379,0.0731161636244404
5.3795,0.0806768257083436
5.38,0.0879087633118253
5.3805,0.0957981497418109
5.381,0.103358811691924
5.3815,0.110919473597988
5.382,0.118151411032389
5.3825,0.126040797279069
5.383,0.133272734630504
5.3835,0.140833396364979
5.384,0.148394058056765
5.3845,0.155954719706137
5.385,0.163844105730122
5.3855,0.171076042878733
5.386,0.17830797998929
5.3865,0.185868641473536
5.387,0.193429302916726
5.3875,0.200989964319135
5.388,0.208221901274837
5.3885,0.216111287002708
5.389,0.223671948284419
5.3895,0.230903885125441
5.39,0.238464546329766
5.3905,0.246682656290075
5.391,0.253585868621248
5.3915,0.261146529708954
5.392,0.268707190758335
5.3925,0.275939127378655
5.393,0.283828512743219
5.3935,0.291060449291523
5.394,0.29862111019196
5.3945,0.306181771055432
5.395,0.313413707499198
5.3955,0.32097436829114
5.396,0.328863753426797
5.3965,0.336095689766833
5.397,0.343985074827908
5.3975,0.351545735475346
5.398,0.34529997233434
5.3985,0.337081862901581
5.399,0.329849926566001
5.3995,0.322617990197638
5.4,0.314399880648033
5.4005,0.307167944208826
5.401,0.29927855896416
5.4015,0.291717898066948
5.402,0.284485961521752
5.4025,0.277254024942265
5.403,0.270022088328248
5.4035,0.262132702891475
5.404,0.254243317413012
5.4045,0.247340105084912
5.405,0.239450719527438
5.4055,0.231890058328235
5.406,0.224658121492146
5.4065,0.217097460215626
5.407,0.209536798899184
5.4075,0.201976137542544
5.408,0.194415476145434
5.4085,0.186854814707579
5.409,0.179294153228703
5.4095,0.172062216123317
5.41,0.164501554563393
5.4105,0.156612168543217
5.411,0.149380231317779
5.4115,0.14181956963154
5.412,0.133930183478682
5.4125,0.12669824613083
5.413,0.119466308743451
5.4135,0.111576922457312
5.414,0.104673709417874
5.4145,0.0967843230421594
5.415,0.0892236610535209
5.4155,0.0819917234574778
5.416,0.0741023369422865
5.4165,0.066541674819142
5.417,0.0593097370936711
5.4175,0.0514203504364273
5.418,0.0579948393209237
5.4185,0.0655555014953919
5.419,0.0731161636244404
5.4195,0.080348101270848
5.42,0.0882374877473757
5.4205,0.0957981497418109
5.421,0.103358811691924
5.4215,0.110919473597988
5.422,0.118480135460278
5.4225,0.126040797279069
5.423,0.133272734630504
5.4235,0.140833396364979
5.424,0.148394058056765
5.4245,0.156283444124717
5.425,0.163186656896535
5.4255,0.171076042878733
5.426,0.17830797998929
5.4265,0.186197365884961
5.427,0.193758027326373
5.4275,0.200989964319135
5.428,0.208550625681038
5.4285,0.216111287002708
5.429,0.223343223881694
5.4295,0.230903885125441
5.43,0.239121995128288
5.4305,0.246025207494944
5.431,0.253257144225257
5.4315,0.261146529708954
5.432,0.268707190758335
5.4325,0.276267851769665
5.433,0.283828512743219
5.4335,0.291060449291523
5.434,0.29862111019196
5.4345,0.305853046670828
5.435,0.313742431882212
5.4355,0.32097436829114
5.436,0.328535029046926
5.4365,0.336424414145149
5.437,0.343656350451133
5.4375,0.351217011100102
5.438,0.344642523581257
5.4385,0.336753138523399
5.439,0.329849926566001
5.4395,0.321960541435243
5.44,0.314399880648033
5.4405,0.307167944208826
5.441,0.299607283350155
5.4415,0.291717898066948
5.442,0.284814685910912
5.4425,0.277911473723641
5.443,0.269693363935877
5.4435,0.262132702891475
5.444,0.254572041808784
5.4445,0.247340105084912
5.445,0.239779443926514
5.4455,0.232218782729017
5.446,0.224986845894571
5.4465,0.217426184619781
5.447,0.209536798899184
5.4475,0.201976137542544
5.448,0.194744200554849
5.4485,0.187183539118771
5.449,0.179294153228703
5.4495,0.172062216123317
5.45,0.164501554563393
5.4505,0.156612168543217
5.451,0.149380231317779
5.4515,0.14181956963154
5.452,0.134258907902649
5.4525,0.127026970556588
5.453,0.119137584315809
5.4535,0.111248198027691
5.454,0.104016260555065
5.4545,0.0967843230421594
5.455,0.0892236610535209
5.4555,0.0816629990203214
5.456,0.0741023369422865
5.4565,0.0671991237012131
5.457,0.0589810126506137
5.4575,0.0517490748814755
5.458,0.05832356376424
5.4585,0.0655555014953919
5.459,0.0731161636244404
5.4595,0.0810055501457543
5.46,0.0885662121828417
5.4605,0.0957981497418109
5.461,0.103030087260228
5.4615,0.110262024738333
5.462,0.118151411032389
5.4625,0.125712072853065
5.463,0.132944010206293
5.4635,0.140504671942631
5.464,0.148065333636267
5.4645,0.155625995287477
5.465,0.163515381313368
5.4655,0.170747318463714
5.466,0.17830797998929
5.4665,0.185868641473536
5.467,0.193100578507003
5.4675,0.200661239911179
5.468,0.208221901274837
5.4685,0.216111287002708
5.469,0.223343223881694
5.4695,0.230575160724361
5.47,0.238464546329766
5.4705,0.246025207494944
5.471,0.253585868621248
5.4715,0.2614752541032
5.472,0.268378466365676
5.4725,0.275939127378655
5.473,0.283499788353846
5.4735,0.291060449291523
5.474,0.29862111019196
5.4745,0.306510495439966
5.475,0.313742431882212
5.4755,0.32097436829114
5.476,0.328863753426797
5.4765,0.336095689766833
5.477,0.343327626074291
5.4775,0.351217011100102
5.478,0.344971247957832
5.4785,0.337081862901581
5.479,0.329849926566001
5.4795,0.322289265816474
5.48,0.314399880648033
5.4805,0.307167944208826
5.481,0.299607283350155
5.4815,0.292046622454555
5.482,0.284814685910912
5.4825,0.27692530055147
5.483,0.269035915150921
5.4835,0.262132702891475
5.484,0.254900766204484
5.4845,0.24701138068753
5.485,0.239779443926514
5.4855,0.231890058328235
5.486,0.224329397089645
5.4865,0.217097460215626
5.487,0.209536798899184
5.4875,0.201647413134818
5.488,0.194086751735942
5.4885,0.186854814707579
5.489,0.179622877641685
5.4895,0.172062216123317
5.49,0.164172830146797
5.4905,0.156283444124717
5.491,0.149380231317779
5.4915,0.142148294053566
5.492,0.134587632326535
5.4925,0.127026970556588
5.493,0.119137584315809
5.4935,0.11190564688685
5.494,0.104016260555065
5.4945,0.0967843230421594
5.495,0.0892236610535209
5.4955,0.0816629990203214
5.496,0.0741023369422865
5.4965,0.066541674819142
5.497,0.0596384615366421
5.4975,0.0517490748814755
5.498,0.0579948393209237
5.4985,0.0658842259367277
5.499,0.0731161636244404
5.4995,0.0810055501457543
5.5,0.0882374877473757
5.5005,0.0957981497418109
5.501,0.103030087260228
5.5015,0.110919473597988
5.502,0.117822686604418
5.5025,0.126040797279069
5.503,0.133272734630504
5.5035,0.140504671942631
5.504,0.148394058056765
5.5045,0.155297270868738
5.505,0.163515381313368
5.5055,0.170747318463714
5.506,0.178636704402506
5.5065,0.185539917062033
5.507,0.193429302916726
5.5075,0.201318688727015
5.508,0.208221901274837
5.5085,0.216111287002708
5.509,0.223014499478893
5.5095,0.230575160724361
5.51,0.238464546329766
5.5105,0.246025207494944
5.511,0.253257144225257
5.5115,0.260817805314635
5.512,0.268378466365676
5.5125,0.276267851769665
5.513,0.284157237132521
5.5135,0.291060449291523
5.514,0.29862111019196
5.5145,0.306181771055432
5.515,0.313742431882212
5.5155,0.32097436829114
5.516,0.329192477806599
5.5165,0.336095689766833
5.517,0.343656350451133
5.5175,0.351545735475346
5.518,0.344642523581257
5.5185,0.337410587279696
5.519,0.329849926566001
5.5195,0.321960541435243
5.52,0.314728605030841
5.5205,0.307496668593152
5.521,0.29927855896416
5.5215,0.292046622454555
5.522,0.284485961521752
5.5225,0.27692530055147
5.523,0.269693363935877
5.5235,0.261803978497374
5.524,0.254900766204484
5.5245,0.24701138068753
5.525,0.239121995128288
5.5255,0.231561333927378
5.526,0.224329397089645
5.5265,0.216768735811395
5.527,0.20986552330508
5.5275,0.202304861950194
5.528,0.194086751735942
5.5285,0.187183539118771
5.529,0.179622877641685
5.5295,0.171733491708534
5.53,0.164501554563393
5.5305,0.156612168543217
5.531,0.149380231317779
5.5315,0.141162120787247
5.532,0.134258907902649
5.5325,0.12669824613083
5.533,0.119137584315809
5.5335,0.111576922457312
5.534,0.104344984986511
5.5345,0.0971130474754414
5.535,0.0892236610535209
5.5355,0.0813342745830802
5.536,0.0741023369422865
5.5365,0.066541674819142
5.537,0.0593097370936711
5.5375,0.0514203504364273
5.538,0.0579948393209237
5.5385,0.066541674819142
5.539,0.0734448880638077
5.5395,0.0806768257083436
5.54,0.0885662121828417
5.5405,0.0957981497418109
5.541,0.103358811691924
5.5415,0.111248198027691
5.542,0.118151411032389
5.5425,0.126040797279069
5.543,0.133601459054633
5.5435,0.140833396364979
5.544,0.148394058056765
5.5445,0.155954719706137
5.545,0.163186656896535
5.5455,0.171076042878733
5.546,0.17830797998929
5.5465,0.186197365884961
5.547,0.193429302916726
5.5475,0.201318688727015
5.548,0.208550625681038
5.5485,0.215782562598251
5.549,0.223671948284419
5.5495,0.230903885125441
5.55,0.238793270729064
5.5505,0.246353931892546
5.551,0.253914593017167
5.5515,0.261146529708954
5.552,0.268707190758335
5.5525,0.276596576160603
5.553,0.283828512743219
5.5535,0.291060449291523
5.554,0.298949834578095
5.5545,0.306181771055432
5.555,0.313742431882212
5.5555,0.321303092672576
5.556,0.328863753426797
5.5565,0.336424414145149
5.557,0.343656350451133
5.5575,0.351874459850525
5.558,0.344971247957832
5.5585,0.337081862901581
5.559,0.329521202186334
5.5595,0.322289265816474
5.56,0.314728605030841
5.5605,0.307167944208826
5.561,0.299607283350155
5.5615,0.292375346842092
5.562,0.284157237132521
5.5625,0.277254024942265
5.563,0.269364639543435
5.5635,0.262132702891475
5.564,0.254572041808784
5.5645,0.246682656290075
5.565,0.239121995128288
5.5655,0.232218782729017
5.566,0.224658121492146
5.5665,0.217097460215626
5.567,0.209208074493211
5.5675,0.202633586357768
5.568,0.194086751735942
5.5685,0.186854814707579
5.569,0.178965428815644
5.5695,0.171733491708534
5.57,0.164501554563393
5.5705,0.156940892961638
5.571,0.149051506897521
5.5715,0.141490845209434
5.572,0.134258907902649
5.5725,0.12669824613083
5.573,0.119466308743451
5.5735,0.111576922457312
5.574,0.104344984986511
5.5745,0.0964555986087937
5.575,0.0888949366182234
5.5755,0.0819917234574778
5.576,0.0744310613813979
5.5765,0.066541674819142
5.577,0.0593097370936711
5.5775,0.0517490748814755
5.578,0.05832356376424
5.5785,0.0658842259367277
5.579,0.0731161636244404
5.5795,0.0806768257083436
5.58,0.0882374877473757
5.5805,0.0961268741753442
5.581,0.103687536123536
5.5815,0.111248198027691
5.582,0.118480135460278
5.5825,0.125712072853065
5.583,0.133601459054633
5.5835,0.140504671942631
5.584,0.148722782477183
5.5845,0.155954719706137
5.585,0.163844105730122
5.5855,0.171076042878733
5.586,0.178636704402506
5.5865,0.185868641473536
5.587,0.193429302916726
5.5875,0.200661239911179
5.588,0.208550625681038
5.5885,0.216440011407089
5.589,0.223343223881694
5.5895,0.231232609526447
5.59,0.238464546329766
5.5905,0.246025207494944
5.591,0.253257144225257
5.5915,0.261146529708954
5.592,0.268378466365676
5.5925,0.275939127378655
5.593,0.283171063964402
5.5935,0.290403000515816
5.594,0.29862111019196
5.5945,0.306181771055432
5.595,0.313742431882212
5.5955,0.321303092672576
5.596,0.328863753426797
5.5965,0.336424414145149
5.597,0.343985074827908
5.5975,0.351217011100102
5.598,0.344642523581257
5.5985,0.337410587279696
5.599,0.329849926566001
5.5995,0.322289265816474
5.6,0.315057329413579
5.6005,0.307167944208826
5.601,0.299607283350155
5.6015,0.291717898066948
5.602,0.284485961521752
5.6025,0.277582749332989
5.603,0.269693363935877
5.6035,0.262132702891475
5.604,0.254572041808784
5.6045,0.24701138068753
5.605,0.239450719527438
5.6055,0.231890058328235
5.606,0.224329397089645
5.6065,0.216768735811395
5.607,0.20986552330508
5.6075,0.202304861950194
5.608,0.194086751735942
5.6085,0.186526090296308
5.609,0.179294153228703
5.6095,0.171733491708534
5.61,0.163844105730122
5.6105,0.156612168543217
5.611,0.149708955737956
5.6115,0.14181956963154
5.612,0.134258907902649
5.6125,0.127026970556588
5.613,0.119466308743451
5.6135,0.11190564688685
5.614,0.104016260555065
5.6145,0.0971130474754414
5.615,0.0888949366182234
5.6155,0.0816629990203214
5.616,0.0741023369422865
5.6165,0.066541674819142
5.617,0.05865228820747
5.6175,0.0510916259912923
5.618,0.05832356376424
5.6185,0.0658842259367277
5.619,0.0731161636244404
5.6195,0.0806768257083436
5.62,0.0885662121828417
5.6205,0.0957981497418109
5.621,0.103358811691924
5.6215,0.110919473597988
5.622,0.118480135460278
5.6225,0.126040797279069
5.623,0.133272734630504
5.6235,0.140504671942631
5.624,0.148394058056765
5.6245,0.155625995287477
5.625,0.163186656896535
5.6255,0.171076042878733
5.626,0.178965428815644
5.6265,0.186197365884961
5.627,0.193429302916726
5.6275,0.200661239911179
5.628,0.208550625681038
5.6285,0.216111287002708
5.629,0.223671948284419
5.6295,0.230903885125441
5.63,0.238464546329766
5.6305,0.246025207494944
5.631,0.253257144225257
5.6315,0.260817805314635
5.632,0.269035915150921
5.6325,0.276267851769665
5.633,0.283828512743219
5.6335,0.291389173679271
5.634,0.298949834578095
5.6345,0.306181771055432
5.635,0.314071156265157
5.6355,0.32097436829114
5.636,0.328535029046926
5.6365,0.336424414145149
5.637,0.343985074827908
5.6375,0.351217011100102
5.638,0.344642523581257
5.6385,0.337081862901581
5.639,0.329849926566001
5.6395,0.322289265816474
5.64,0.314728605030841
5.6405,0.306510495439966
5.641,0.299607283350155
5.6415,0.292046622454555
5.642,0.284157237132521
5.6425,0.277254024942265
5.643,0.269693363935877
5.6435,0.261803978497374
5.644,0.254243317413012
5.6445,0.247340105084912
5.645,0.239779443926514
5.6455,0.232218782729017
5.646,0.224329397089645
5.6465,0.216768735811395
5.647,0.209208074493211
5.6475,0.201647413134818
5.648,0.194744200554849
5.6485,0.186854814707579
5.649,0.179294153228703
5.6495,0.172062216123317
5.65,0.163844105730122
5.6505,0.156283444124717
5.651,0.149380231317779
5.6515,0.142148294053566
5.652,0.133930183478682
5.6525,0.127026970556588
5.653,0.119466308743451
5.6535,0.111576922457312
5.654,0.104344984986511
5.6545,0.0964555986087937
5.655,0.0892236610535209
5.6555,0.0816629990203214
5.656,0.0737736125030898
5.6565,0.0671991237012131
5.657,0.0593097370936711
5.6575,0.0517490748814755
5.658,0.0579948393209237
5.6585,0.0658842259367277
5.659,0.0734448880638077
5.6595,0.080348101270848
5.66,0.0879087633118253
5.6605,0.0957981497418109
5.661,0.103358811691924
5.6615,0.110919473597988
5.662,0.118480135460278
5.6625,0.126040797279069
5.663,0.133601459054633
5.6635,0.140833396364979
5.664,0.148394058056765
5.6645,0.155954719706137
5.665,0.163186656896535
5.6655,0.170747318463714
5.666,0.17830797998929
5.6665,0.185868641473536
5.667,0.193100578507003
5.6675,0.200989964319135
5.668,0.208550625681038
5.6685,0.216111287002708
5.669,0.223343223881694
5.6695,0.230903885125441
5.67,0.238464546329766
5.6705,0.246025207494944
5.671,0.253585868621248
5.6715,0.260817805314635
5.672,0.268707190758335
5.6725,0.275939127378655
5.673,0.283499788353846
5.6735,0.291060449291523
5.674,0.29862111019196
5.6745,0.305853046670828
5.675,0.313413707499198
5.6755,0.320645643909635
5.676,0.328535029046926
5.6765,0.336424414145149
5.677,0.343656350451133
5.6775,0.351217011100102
5.678,0.344313799204616
5.6785,0.337410587279696
5.679,0.329521202186334
5.6795,0.321960541435243
5.68,0.314728605030841
5.6805,0.307167944208826
5.681,0.29927855896416
5.6815,0.291389173679271
5.682,0.284814685910912
5.6825,0.27692530055147
5.683,0.269364639543435
5.6835,0.262132702891475
5.684,0.254572041808784
5.6845,0.24701138068753
5.685,0.239450719527438
5.6855,0.232218782729017
5.686,0.224658121492146
5.6865,0.216768735811395
5.687,0.20986552330508
5.6875,0.201647413134818
5.688,0.194415476145434
5.6885,0.186854814707579
5.689,0.179294153228703
5.6895,0.172062216123317
5.69,0.164501554563393
5.6905,0.156940892961638
5.691,0.149380231317779
5.6915,0.141490845209434
5.692,0.133930183478682
5.6925,0.12669824613083
5.693,0.119137584315809
5.6935,0.11190564688685
5.694,0.104344984986511
5.6945,0.0964555986087937
5.695,0.0895523854887342
5.6955,0.0813342745830802
5.696,0.0744310613813979
5.6965,0.0662129503779778
5.697,0.05865228820747
5.6975,0.0517490748814755
5.698,0.05832356376424
5.6985,0.0655555014953919
5.699,0.0734448880638077
5.6995,0.0810055501457543
5.7,0.0882374877473757
5.7005,0.0961268741753442
5.701,0.103030087260228
5.7015,0.111248198027691
5.702,0.118480135460278
5.7025,0.126040797279069
5.703,0.133601459054633
5.7035,0.141162120787247
5.704,0.148722782477183
5.7045,0.155954719706137
5.705,0.163515381313368
5.7055,0.170747318463714
5.706,0.178965428815644
5.7065,0.185868641473536
5.707,0.193429302916726
5.7075,0.201318688727015
5.708,0.208550625681038
5.7085,0.216111287002708
5.709,0.223343223881694
5.7095,0.230903885125441
5.71,0.238464546329766
5.7105,0.246353931892546
5.711,0.253585868621248
5.7115,0.2614752541032
5.712,0.268707190758335
5.7125,0.275939127378655
5.713,0.283828512743219
5.7135,0.291060449291523
5.714,0.298949834578095
5.7145,0.306510495439966
5.715,0.313742431882212
5.7155,0.32097436829114
5.716,0.328863753426797
5.7165,0.336424414145149
5.717,0.343985074827908
5.7175,0.351545735475346
5.718,0.344642523581257
5.7185,0.337081862901581
5.719,0.329521202186334
5.7195,0.322617990197638
5.72,0.314728605030841
5.7205,0.307167944208826
5.721,0.299936007736081
5.7215,0.292046622454555
5.722,0.284485961521752
5.7225,0.277254024942265
5.723,0.269693363935877
5.7235,0.262132702891475
5.724,0.254900766204484
5.7245,0.24701138068753
5.725,0.239450719527438
5.7255,0.232218782729017
5.726,0.224658121492146
5.7265,0.217097460215626
5.727,0.209208074493211
5.7275,0.201318688727015
5.728,0.194415476145434
5.7285,0.186854814707579
5.729,0.179622877641685
5.7295,0.172062216123317
5.73,0.164501554563393
5.7305,0.156612168543217
5.731,0.149380231317779
5.7315,0.142148294053566
5.732,0.134587632326535
5.7325,0.12636952170499
5.733,0.119137584315809
5.7335,0.111576922457312
5.734,0.104016260555065
5.7345,0.0967843230421594
5.735,0.0892236610535209
5.7355,0.0813342745830802
5.736,0.0744310613813979
5.7365,0.066541674819142
5.737,0.0593097370936711
5.7375,0.0517490748814755
5.738,0.0579948393209237
5.7385,0.0658842259367277
5.739,0.0734448880638077
5.7395,0.0810055501457543
5.74,0.0879087633118253
5.7405,0.0961268741753442
5.741,0.103687536123536
5.7415,0.110919473597988
5.742,0.117822686604418
5.7425,0.125712072853065
5.743,0.133601459054633
5.7435,0.140833396364979
5.744,0.148394058056765
5.7445,0.155954719706137
5.745,0.163515381313368
5.7455,0.170747318463714
5.746,0.178636704402506
5.7465,0.185868641473536
5.747,0.193100578507003
5.7475,0.200989964319135
5.748,0.208879350087163
5.7485,0.216440011407089
5.749,0.223671948284419
5.7495,0.230575160724361
5.75,0.238464546329766
5.7505,0.246025207494944
5.751,0.253585868621248
5.7515,0.261146529708954
5.752,0.268707190758335
5.7525,0.275939127378655
5.753,0.283499788353846
5.7535,0.291060449291523
5.754,0.29862111019196
5.7545,0.306510495439966
5.755,0.314399880648033
5.7555,0.321303092672576
5.756,0.328863753426797
5.7565,0.336095689766833
5.757,0.343656350451133
5.7575,0.351545735475346
5.758,0.344313799204616
5.7585,0.337081862901581
5.759,0.329521202186334
5.7595,0.322289265816474
5.76,0.314728605030841
5.7605,0.306510495439966
5.761,0.299607283350155
5.7615,0.292375346842092
5.762,0.284485961521752
5.7625,0.277254024942265
5.763,0.269364639543435
5.7635,0.262132702891475
5.764,0.254572041808784
5.7645,0.24701138068753
5.765,0.239450719527438
5.7655,0.231890058328235
5.766,0.223671948284419
5.7665,0.216768735811395
5.767,0.209536798899184
5.7675,0.201976137542544
5.768,0.194744200554849
5.7685,0.186854814707579
5.769,0.179294153228703
5.7695,0.171733491708534
5.77,0.164501554563393
5.7705,0.156612168543217
5.771,0.148722782477183
5.7715,0.141490845209434
5.772,0.133930183478682
5.7725,0.12636952170499
5.773,0.118808859888085
5.7735,0.11190564688685
5.774,0.103358811691924
5.7745,0.0964555986087937
5.775,0.0888949366182234
5.7755,0.0813342745830802
5.776,0.0741023369422865
5.7765,0.066541674819142
5.777,0.0596384615366421
5.7775,0.0514203504364273
5.778,0.05865228820747
5.7785,0.0658842259367277
5.779,0.0731161636244404
5.7795,0.0806768257083436
5.78,0.0885662121828417
5.7805,0.0961268741753442
5.781,0.103358811691924
5.7815,0.111248198027691
5.782,0.118480135460278
5.7825,0.125712072853065
5.783,0.132615285782001
5.7835,0.141162120787247
5.784,0.148394058056765
5.7845,0.155954719706137
5.785,0.163515381313368
5.7855,0.171076042878733
5.786,0.17830797998929
5.7865,0.185868641473536
5.787,0.193429302916726
5.7875,0.200989964319135
5.788,0.208879350087163
5.7885,0.216111287002708
5.789,0.223671948284419
5.7895,0.231232609526447
5.79,0.238793270729064
5.7905,0.246025207494944
5.791,0.253585868621248
5.7915,0.2614752541032
5.792,0.268707190758335
5.7925,0.275939127378655
5.793,0.283828512743219
5.7935,0.291389173679271
5.794,0.29862111019196
5.7945,0.306510495439966
5.795,0.314071156265157
5.7955,0.321303092672576
5.796,0.328863753426797
5.7965,0.336095689766833
5.797,0.343985074827908
5.7975,0.351217011100102
5.798,0.344971247957832
5.7985,0.336753138523399
5.799,0.329521202186334
5.7995,0.321960541435243
5.8,0.314399880648033
5.8005,0.307167944208826
5.801,0.299936007736081
5.8015,0.292046622454555
5.802,0.284814685910912
5.8025,0.27692530055147
5.803,0.269035915150921
5.8035,0.262132702891475
5.804,0.254243317413012
5.8045,0.24701138068753
5.805,0.239450719527438
5.8055,0.231890058328235
5.806,0.224329397089645
5.8065,0.216768735811395
5.807,0.209208074493211
5.8075,0.201647413134818
5.808,0.194415476145434
5.8085,0.186526090296308
5.809,0.179622877641685
5.8095,0.172062216123317
5.81,0.164172830146797
5.8105,0.156940892961638
5.811,0.149051506897521
5.8115,0.141490845209434
5.812,0.134258907902649
5.8125,0.127026970556588
5.813,0.118808859888085
5.8135,0.11190564688685
5.814,0.104344984986511
5.8145,0.0967843230421594
5.815,0.0888949366182234
5.8155,0.0816629990203214
5.816,0.0741023369422865
5.8165,0.066541674819142
5.817,0.0593097370936711
5.8175,0.0517490748814755
5.818,0.05832356376424
5.8185,0.0658842259367277
5.819,0.0731161636244404
5.8195,0.080348101270848
5.82,0.0885662121828417
5.8205,0.0957981497418109
5.821,0.103358811691924
5.8215,0.110919473597988
5.822,0.118480135460278
5.8225,0.125712072853065
5.823,0.133272734630504
5.8235,0.140833396364979
5.824,0.148394058056765
5.8245,0.155954719706137
5.825,0.163515381313368
5.8255,0.171076042878733
5.826,0.17830797998929
5.8265,0.185868641473536
5.827,0.193100578507003
5.8275,0.201318688727015
5.828,0.208550625681038
5.8285,0.216440011407089
5.829,0.223671948284419
5.8295,0.231232609526447
5.83,0.238793270729064
5.8305,0.246025207494944
5.831,0.253585868621248
5.8315,0.261146529708954
5.832,0.268707190758335
5.8325,0.275939127378655
5.833,0.284157237132521
5.8335,0.290731724903704
5.834,0.298949834578095
5.8345,0.306510495439966
5.835,0.313742431882212
5.8355,0.32097436829114
5.836,0.328863753426797
5.8365,0.336753138523399
5.837,0.343985074827908
5.8375,0.351874459850525
5.838,0.344642523581257
5.8385,0.337410587279696
5.839,0.329521202186334
5.8395,0.322289265816474
5.84,0.314399880648033
5.8405,0.307167944208826
5.841,0.299607283350155
5.8415,0.292046622454555
5.842,0.284485961521752
5.8425,0.277254024942265
5.843,0.269693363935877
5.8435,0.262132702891475
5.844,0.254572041808784
5.8445,0.24701138068753
5.845,0.239779443926514
5.8455,0.232218782729017
5.846,0.224329397089645
5.8465,0.217097460215626
5.847,0.209536798899184
5.8475,0.201976137542544
5.848,0.194415476145434
5.8485,0.187183539118771
5.849,0.179294153228703
5.8495,0.171404767293673
5.85,0.164172830146797
5.8505,0.156940892961638
5.851,0.149051506897521
5.8515,0.142148294053566
5.852,0.134258907902649
5.8525,0.12636952170499
5.853,0.119466308743451
5.8535,0.111576922457312
5.854,0.104344984986511
5.8545,0.0967843230421594
5.855,0.0888949366182234
5.8555,0.0816629990203214
5.856,0.0741023369422865
5.8565,0.0662129503779778
5.857,0.0589810126506137
5.8575,0.0517490748814755
5.858,0.05832356376424
5.8585,0.0655555014953919
5.859,0.0734448880638077
5.8595,0.0806768257083436
5.86,0.0882374877473757
5.8605,0.0957981497418109
5.861,0.103358811691924
5.8615,0.110919473597988
5.862,0.118480135460278
5.8625,0.125712072853065
5.863,0.133601459054633
5.8635,0.140833396364979
5.864,0.148722782477183
5.8645,0.156283444124717
5.865,0.163515381313368
5.8655,0.171076042878733
5.866,0.17830797998929
5.8665,0.186197365884961
5.867,0.193429302916726
5.8675,0.200989964319135
5.868,0.208550625681038
5.8685,0.216111287002708
5.869,0.223671948284419
5.8695,0.230903885125441
5.87,0.238464546329766
5.8705,0.246025207494944
5.871,0.253585868621248
5.8715,0.261146529708954
5.872,0.268707190758335
5.8725,0.276596576160603
5.873,0.283499788353846
5.8735,0.290731724903704
5.874,0.29862111019196
5.8745,0.306181771055432
5.875,0.313742431882212
5.8755,0.321303092672576
5.876,0.328863753426797
5.8765,0.336424414145149
5.877,0.343656350451133
5.8775,0.351545735475346
5.878,0.344642523581257
5.8785,0.337410587279696
5.879,0.329849926566001
5.8795,0.321960541435243
5.88,0.314399880648033
5.8805,0.307167944208826
5.881,0.299607283350155
5.8815,0.292046622454555
5.882,0.284814685910912
5.8825,0.277254024942265
5.883,0.269364639543435
5.8835,0.261803978497374
5.884,0.254572041808784
5.8845,0.24701138068753
5.885,0.239450719527438
5.8855,0.231890058328235
5.886,0.224329397089645
5.8865,0.216768735811395
5.887,0.208879350087163
5.8875,0.202304861950194
5.888,0.194415476145434
5.8885,0.186526090296308
5.889,0.179294153228703
5.8895,0.171733491708534
5.89,0.164172830146797
5.8905,0.156940892961638
5.891,0.149051506897521
5.8915,0.14181956963154
5.892,0.134258907902649
5.8925,0.127026970556588
5.893,0.118808859888085
5.8935,0.111248198027691
5.894,0.104016260555065
5.8945,0.0964555986087937
5.895,0.0892236610535209
5.8955,0.0813342745830802
5.896,0.0741023369422865
5.8965,0.0668703992602205
5.897,0.0589810126506137
5.8975,0.0517490748814755
5.898,0.05832356376424
5.8985,0.0658842259367277
5.899,0.0734448880638077
5.8995,0.0806768257083436
5.9,0.0882374877473757
5.9005,0.0957981497418109
5.901,0.103687536123536
5.9015,0.110919473597988
5.902,0.118808859888085
5.9025,0.12636952170499
5.903,0.133601459054633
5.9035,0.140833396364979
5.904,0.148394058056765
5.9045,0.155954719706137
5.905,0.163186656896535
5.9055,0.170747318463714
5.906,0.178636704402506
5.9065,0.186197365884961
5.907,0.193758027326373
5.9075,0.201318688727015
5.908,0.208550625681038
5.9085,0.216111287002708
5.909,0.223014499478893
5.9095,0.231561333927378
5.91,0.238464546329766
5.9105,0.246025207494944
5.911,0.253585868621248
5.9115,0.261146529708954
5.912,0.269035915150921
5.9125,0.275610402987574
5.913,0.283499788353846
5.9135,0.291060449291523
5.914,0.298292385805755
5.9145,0.305853046670828
5.915,0.313742431882212
5.9155,0.321303092672576
5.916,0.328863753426797
5.9165,0.336424414145149
5.917,0.343656350451133
5.9175,0.351217011100102
5.918,0.34529997233434
5.9185,0.337081862901581
5.919,0.329521202186334
5.9195,0.321960541435243
5.92,0.315057329413579
5.9205,0.307167944208826
5.921,0.29927855896416
5.9215,0.292046622454555
5.922,0.284485961521752
5.9225,0.277254024942265
5.923,0.269364639543435
5.9235,0.261803978497374
5.924,0.254243317413012
5.9245,0.246682656290075
5.925,0.239450719527438
5.9255,0.231890058328235
5.926,0.224658121492146
5.9265,0.216768735811395
5.927,0.209208074493211
5.9275,0.201976137542544
5.928,0.194415476145434
5.9285,0.186854814707579
5.929,0.179294153228703
5.9295,0.172062216123317
5.93,0.164172830146797
5.9305,0.156612168543217
5.931,0.148722782477183
5.9315,0.14181956963154
5.932,0.134258907902649
5.9325,0.12636952170499
5.933,0.118808859888085
5.9335,0.11190564688685
5.934,0.104344984986511
5.9345,0.0967843230421594
5.935,0.0888949366182234
5.9355,0.0813342745830802
5.936,0.0744310613813979
5.9365,0.066541674819142
5.937,0.0589810126506137
5.9375,0.0514203504364273
5.938,0.0579948393209237
5.9385,0.0658842259367277
5.939,0.0737736125030898
5.9395,0.0806768257083436
5.94,0.0882374877473757
5.9405,0.0957981497418109
5.941,0.103030087260228
5.9415,0.110590749168202
5.942,0.118151411032389
5.9425,0.125712072853065
5.943,0.133272734630504
5.9435,0.141162120787247
5.944,0.148394058056765
5.9445,0.155625995287477
5.945,0.163844105730122
5.9455,0.171076042878733
5.946,0.178636704402506
5.9465,0.186197365884961
5.947,0.193429302916726
5.9475,0.200989964319135
5.948,0.208550625681038
5.9485,0.215782562598251
5.949,0.223671948284419
5.9495,0.230903885125441
5.95,0.238464546329766
5.9505,0.246025207494944
5.951,0.253914593017167
5.9515,0.2614752541032
5.952,0.268707190758335
5.9525,0.276267851769665
5.953,0.283828512743219
5.9535,0.291389173679271
5.954,0.298949834578095
5.9545,0.306510495439966
5.955,0.313742431882212
5.9555,0.321303092672576
5.956,0.328863753426797
5.9565,0.336424414145149
5.957,0.343985074827908
5.9575,0.351545735475346
5.958,0.344313799204616
5.9585,0.336753138523399
5.959,0.329521202186334
5.9595,0.322289265816474
5.96,0.314399880648033
5.9605,0.30683921982443
5.961,0.29927855896416
5.9615,0.292046622454555
5.962,0.284157237132521
5.9625,0.277254024942265
5.963,0.269364639543435
5.9635,0.261803978497374
5.964,0.254572041808784
5.9645,0.24701138068753
5.965,0.239450719527438
5.9655,0.231890058328235
5.966,0.224329397089645
5.9665,0.216768735811395
5.967,0.209536798899184
5.9675,0.201976137542544
5.968,0.193758027326373
5.9685,0.186854814707579
5.969,0.179622877641685
5.9695,0.172062216123317
5.97,0.164501554563393
5.9705,0.156940892961638
5.971,0.149051506897521
5.9715,0.141490845209434
5.972,0.133930183478682
5.9725,0.127026970556588
5.973,0.119137584315809
5.9735,0.111576922457312
5.974,0.104016260555065
5.9745,0.0964555986087937
5.975,0.0892236610535209
5.9755,0.0816629990203214
5.976,0.0737736125030898
5.9765,0.0662129503779778
5.977,0.0589810126506137
5.9775,0.0514203504364273
5.978,0.0579948393209237
5.9785,0.0655555014953919
5.979,0.0731161636244404
5.9795,0.0810055501457543
5.98,0.0882374877473757
5.9805,0.0964555986087937
5.981,0.103030087260228
5.9815,0.110590749168202
5.982,0.118480135460278
5.9825,0.126040797279069
5.983,0.133272734630504
5.9835,0.140833396364979
5.984,0.148394058056765
5.9845,0.155954719706137
5.985,0.163515381313368
5.9855,0.171076042878733
5.986,0.178636704402506
5.9865,0.185868641473536
5.987,0.193758027326373
5.9875,0.200989964319135
5.988,0.208221901274837
5.9885,0.216111287002708
5.989,0.223671948284419
5.9895,0.231232609526447
5.99,0.238464546329766
5.9905,0.246025207494944
5.991,0.253914593017167
5.9915,0.261146529708954
5.992,0.268707190758335
5.9925,0.276267851769665
5.993,0.283499788353846
5.9935,0.291389173679271
5.994,0.298949834578095
5.9945,0.305853046670828
5.995,0.313742431882212
5.9955,0.321631817053944
5.996,0.328863753426797
5.9965,0.336424414145149
5.997,0.343656350451133
5.9975,0.351217011100102
5.998,0.344313799204616
5.9985,0.337081862901581
5.999,0.329849926566001
5.9995,0.321960541435243
6,0.314399880648033
6.0005,0.30683921982443
6.001,0.299607283350155
6.0015,0.292046622454555
6.002,0.284485961521752
6.0025,0.277254024942265
6.003,0.269364639543435
6.0035,0.262132702891475
6.004,0.254243317413012
6.0045,0.24701138068753
6.005,0.239779443926514
6.0055,0.232218782729017
6.006,0.224329397089645
6.0065,0.216768735811395
6.007,0.209536798899184
6.0075,0.201647413134818
6.008,0.194086751735942
6.0085,0.186526090296308
6.009,0.179294153228703
6.0095,0.171404767293673
6.01,0.164172830146797
6.0105,0.156612168543217
6.011,0.149051506897521
6.0115,0.141490845209434
6.012,0.134258907902649
6.0125,0.12669824613083
6.013,0.119466308743451
6.0135,0.111576922457312
6.014,0.104344984986511
6.0145,0.0964555986087937
6.015,0.0892236610535209
6.0155,0.0816629990203214
6.016,0.0737736125030898
6.0165,0.066541674819142
6.017,0.05865228820747
6.0175,0.0514203504364273
6.018,0.05832356376424
6.0185,0.0658842259367277
6.019,0.0734448880638077
6.0195,0.0810055501457543
6.02,0.0882374877473757
6.0205,0.0957981497418109
6.021,0.103030087260228
6.0215,0.110919473597988
6.022,0.118480135460278
6.0225,0.125712072853065
6.023,0.133272734630504
6.0235,0.141162120787247
6.024,0.148722782477183
6.0245,0.155954719706137
6.025,0.163515381313368
6.0255,0.171404767293673
6.026,0.17830797998929
6.0265,0.185868641473536
6.027,0.193429302916726
6.0275,0.200989964319135
6.028,0.208550625681038
6.0285,0.216111287002708
6.029,0.223671948284419
6.0295,0.230903885125441
6.03,0.238135821930394
6.0305,0.246025207494944
6.031,0.253585868621248
6.0315,0.2614752541032
6.032,0.268707190758335
6.0325,0.276267851769665
6.033,0.283828512743219
6.0335,0.291060449291523
6.034,0.298949834578095
6.0345,0.306510495439966
6.035,0.314071156265157
6.0355,0.321631817053944
6.036,0.328863753426797
6.0365,0.336095689766833
6.037,0.343985074827908
6.0375,0.351545735475346
6.038,0.344642523581257
6.0385,0.336424414145149
6.039,0.329521202186334
6.0395,0.321960541435243
6.04,0.314728605030841
6.0405,0.306510495439966
6.041,0.299936007736081
6.0415,0.291717898066948
6.042,0.284814685910912
6.0425,0.276596576160603
6.043,0.269693363935877
6.0435,0.261803978497374
6.044,0.254243317413012
6.0445,0.246682656290075
6.045,0.239450719527438
6.0455,0.231890058328235
6.046,0.224329397089645
6.0465,0.216768735811395
6.047,0.209536798899184
6.0475,0.201647413134818
6.048,0.194086751735942
6.0485,0.187183539118771
6.049,0.179294153228703
6.0495,0.171733491708534
6.05,0.164172830146797
6.0505,0.156612168543217
6.051,0.149380231317779
6.0515,0.141490845209434
6.052,0.133930183478682
6.0525,0.12669824613083
6.053,0.119137584315809
6.0535,0.111576922457312
6.054,0.103687536123536
6.0545,0.0964555986087937
6.055,0.0892236610535209
6.0555,0.0816629990203214
6.056,0.0737736125030898
6.0565,0.066541674819142
6.057,0.0589810126506137
6.0575,0.0514203504364273
6.058,0.05832356376424
6.0585,0.0655555014953919
6.059,0.0737736125030898
6.0595,0.0806768257083436
6.06,0.0882374877473757
6.0605,0.0964555986087937
6.061,0.103358811691924
6.0615,0.110919473597988
6.062,0.118151411032389
6.0625,0.12636952170499
6.063,0.133601459054633
6.0635,0.140504671942631
6.064,0.148722782477183
6.0645,0.155625995287477
6.065,0.163515381313368
6.0655,0.170747318463714
6.066,0.17830797998929
6.0665,0.185868641473536
6.067,0.193100578507003
6.0675,0.201318688727015
6.068,0.208879350087163
6.0685,0.216111287002708
6.069,0.22400067268707
6.0695,0.231232609526447
6.07,0.238464546329766
6.0705,0.246353931892546
6.071,0.253585868621248
6.0715,0.261146529708954
6.072,0.268707190758335
6.0725,0.275939127378655
6.073,0.283828512743219
6.0735,0.291060449291523
6.074,0.29862111019196
6.0745,0.306510495439966
6.075,0.314071156265157
6.0755,0.321631817053944
6.076,0.329192477806599
6.0765,0.336095689766833
6.077,0.343985074827908
6.0775,0.351545735475346
6.078,0.344642523581257
6.0785,0.337739311657743
6.079,0.329192477806599
6.0795,0.322289265816474
6.08,0.314399880648033
6.0805,0.30683921982443
6.081,0.299607283350155
6.0815,0.291717898066948
6.082,0.284157237132521
6.0825,0.27692530055147
6.083,0.269364639543435
6.0835,0.262132702891475
6.084,0.254243317413012
6.0845,0.247340105084912
6.085,0.239121995128288
6.0855,0.231561333927378
6.086,0.224658121492146
6.0865,0.216768735811395
6.087,0.209536798899184
6.0875,0.201647413134818
6.088,0.194086751735942
6.0885,0.186526090296308
6.089,0.179294153228703
6.0895,0.172062216123317
6.09,0.163844105730122
6.0905,0.156283444124717
6.091,0.149380231317779
6.0915,0.142148294053566
6.092,0.134258907902649
6.0925,0.12669824613083
6.093,0.119137584315809
6.0935,0.111576922457312
6.094,0.104344984986511
6.0945,0.0964555986087937
6.095,0.0888949366182234
6.0955,0.0816629990203214
6.096,0.0741023369422865
6.0965,0.066541674819142
6.097,0.05832356376424
6.0975,0.0514203504364273
6.098,0.05832356376424
6.0985,0.0658842259367277
6.099,0.0734448880638077
6.0995,0.0806768257083436
6.1,0.0885662121828417
6.1005,0.0957981497418109
6.101,0.103687536123536
6.1015,0.110590749168202
6.102,0.118808859888085
6.1025,0.125712072853065
6.103,0.133272734630504
6.1035,0.140833396364979
6.104,0.148394058056765
6.1045,0.156283444124717
6.105,0.163515381313368
6.1055,0.170747318463714
6.106,0.17830797998929
6.1065,0.185868641473536
6.107,0.193429302916726
6.1075,0.201318688727015
6.108,0.208550625681038
6.1085,0.216111287002708
6.109,0.223671948284419
6.1095,0.231232609526447
6.11,0.238464546329766
6.1105,0.246025207494944
6.111,0.253585868621248
6.1115,0.2614752541032
6.112,0.268707190758335
6.1125,0.276267851769665
6.113,0.283499788353846
6.1135,0.291389173679271
6.114,0.298949834578095
6.1145,0.306181771055432
6.115,0.313742431882212
6.1155,0.321631817053944
6.116,0.328863753426797
6.1165,0.336424414145149
6.117,0.343656350451133
6.1175,0.351545735475346
6.118,0.344313799204616
6.1185,0.337410587279696
6.119,0.329521202186334
6.1195,0.321960541435243
6.12,0.314728605030841
6.1205,0.307167944208826
6.121,0.299936007736081
6.1215,0.292046622454555
6.122,0.284485961521752
6.1225,0.276596576160603
6.123,0.269364639543435
6.1235,0.262132702891475
6.124,0.254243317413012
6.1245,0.24701138068753
6.125,0.239450719527438
6.1255,0.231890058328235
6.126,0.224329397089645
6.1265,0.216768735811395
6.127,0.209208074493211
6.1275,0.201976137542544
6.128,0.194086751735942
6.1285,0.186526090296308
6.129,0.179294153228703
6.1295,0.171733491708534
6.13,0.163844105730122
6.1305,0.156940892961638
6.131,0.149051506897521
6.1315,0.14181956963154
6.132,0.134258907902649
6.1325,0.127355694982264
6.133,0.119137584315809
6.1335,0.111576922457312
6.134,0.104016260555065
6.1345,0.0964555986087937
6.135,0.0888949366182234
6.1355,0.0813342745830802
6.136,0.0737736125030898
6.1365,0.066541674819142
6.137,0.0589810126506137
6.1375,0.0510916259912923
6.138,0.05832356376424
6.1385,0.0658842259367277
6.139,0.0734448880638077
6.1395,0.0806768257083436
6.14,0.0885662121828417
6.1405,0.0957981497418109
6.141,0.103030087260228
6.1415,0.110919473597988
6.142,0.118480135460278
6.1425,0.126040797279069
6.143,0.132944010206293
6.1435,0.140833396364979
6.144,0.148394058056765
6.1445,0.155625995287477
6.145,0.163844105730122
6.1455,0.171076042878733
6.146,0.178636704402506
6.1465,0.185868641473536
6.147,0.193429302916726
6.1475,0.200661239911179
6.148,0.208550625681038
6.1485,0.216440011407089
6.149,0.223671948284419
6.1495,0.230903885125441
6.15,0.238793270729064
6.1505,0.246025207494944
6.151,0.253585868621248
6.1515,0.2614752541032
6.152,0.268707190758335
6.1525,0.275939127378655
6.153,0.283499788353846
6.1535,0.291060449291523
6.154,0.29862111019196
6.1545,0.306181771055432
6.155,0.314071156265157
6.1555,0.321631817053944
6.156,0.328863753426797
6.1565,0.336424414145149
6.157,0.343985074827908
6.1575,0.351874459850525
6.158,0.344313799204616
6.1585,0.337081862901581
6.159,0.329521202186334
6.1595,0.321960541435243
6.16,0.314728605030841
6.1605,0.30683921982443
6.161,0.299607283350155
6.1615,0.291717898066948
6.162,0.284157237132521
6.1625,0.27692530055147
6.163,0.269693363935877
6.1635,0.261803978497374
6.164,0.254572041808784
6.1645,0.246682656290075
6.165,0.239450719527438
6.1655,0.231890058328235
6.166,0.224329397089645
6.1665,0.216768735811395
6.167,0.209536798899184
6.1675,0.201647413134818
6.168,0.194415476145434
6.1685,0.186526090296308
6.169,0.179294153228703
6.1695,0.171733491708534
6.17,0.164501554563393
6.1705,0.156612168543217
6.171,0.149051506897521
6.1715,0.14181956963154
6.172,0.134258907902649
6.1725,0.12669824613083
6.173,0.119137584315809
6.1735,0.111576922457312
6.174,0.103687536123536
6.1745,0.0967843230421594
6.175,0.0892236610535209
6.1755,0.0819917234574778
6.176,0.0744310613813979
6.1765,0.0662129503779778
6.177,0.05865228820747
6.1775,0.0517490748814755
6.178,0.0579948393209237
6.1785,0.0655555014953919
6.179,0.0734448880638077
6.1795,0.0806768257083436
6.18,0.0885662121828417
6.1805,0.0961268741753442
6.181,0.103030087260228
6.1815,0.110919473597988
6.182,0.118808859888085
6.1825,0.126040797279069
6.183,0.133601459054633
6.1835,0.140833396364979
6.184,0.148394058056765
6.1845,0.155954719706137
6.185,0.163844105730122
6.1855,0.171076042878733
6.186,0.178965428815644
6.1865,0.186197365884961
6.187,0.193758027326373
6.1875,0.201318688727015
6.188,0.208221901274837
6.1885,0.215782562598251
6.189,0.223671948284419
6.1895,0.230903885125441
6.19,0.238464546329766
6.1905,0.246353931892546
6.191,0.253257144225257
6.1915,0.260817805314635
6.192,0.268378466365676
6.1925,0.276267851769665
6.193,0.283828512743219
6.1935,0.291389173679271
6.194,0.298949834578095
6.1945,0.305853046670828
6.195,0.314071156265157
6.1955,0.321303092672576
6.196,0.328863753426797
6.1965,0.336424414145149
6.197,0.343656350451133
6.1975,0.351545735475346
6.198,0.344313799204616
6.1985,0.337081862901581
6.199,0.330178650945601
6.1995,0.321960541435243
6.2,0.314399880648033
6.2005,0.30683921982443
6.201,0.29927855896416
6.2015,0.292375346842092
6.202,0.284485961521752
6.2025,0.277254024942265
6.203,0.269364639543435
6.2035,0.261803978497374
6.204,0.253914593017167
6.2045,0.24701138068753
6.205,0.239450719527438
6.2055,0.232218782729017
6.206,0.224329397089645
6.2065,0.216768735811395
6.207,0.209208074493211
6.2075,0.201647413134818
6.208,0.194415476145434
6.2085,0.186854814707579
6.209,0.179294153228703
6.2095,0.171733491708534
6.21,0.164501554563393
6.2105,0.156612168543217
6.211,0.148722782477183
6.2115,0.141490845209434
6.212,0.133930183478682
6.2125,0.127026970556588
6.213,0.119137584315809
6.2135,0.111576922457312
6.214,0.103687536123536
6.2145,0.0967843230421594
6.215,0.0892236610535209
6.2155,0.0813342745830802
6.216,0.0741023369422865
6.2165,0.066541674819142
6.217,0.0589810126506137
6.2175,0.0517490748814755
6.218,0.05832356376424
6.2185,0.0662129503779778
6.219,0.0734448880638077
6.2195,0.0810055501457543
6.22,0.0885662121828417
6.2205,0.0954694253081939
6.221,0.103358811691924
6.2215,0.110919473597988
6.222,0.118480135460278
6.2225,0.126040797279069
6.223,0.133601459054633
6.2235,0.140504671942631
6.224,0.148722782477183
6.2245,0.155954719706137
6.225,0.163844105730122
6.2255,0.171076042878733
6.226,0.17830797998929
6.2265,0.185868641473536
6.227,0.193429302916726
6.2275,0.200989964319135
6.228,0.208550625681038
6.2285,0.216111287002708
6.229,0.223671948284419
6.2295,0.230903885125441
6.23,0.238464546329766
6.2305,0.246353931892546
6.231,0.253585868621248
6.2315,0.261146529708954
6.232,0.268707190758335
6.2325,0.276267851769665
6.233,0.283828512743219
6.2335,0.291060449291523
6.234,0.29927855896416
6.2345,0.306510495439966
6.235,0.313742431882212
6.2355,0.321303092672576
6.236,0.328863753426797
6.2365,0.336424414145149
6.237,0.343985074827908
6.2375,0.351545735475346
6.238,0.344642523581257
6.2385,0.337410587279696
6.239,0.329521202186334
6.2395,0.321631817053944
6.24,0.314399880648033
6.2405,0.30683921982443
6.241,0.29927855896416
6.2415,0.292046622454555
6.242,0.284485961521752
6.2425,0.27692530055147
6.243,0.269364639543435
6.2435,0.261803978497374
6.244,0.254572041808784
6.2445,0.24701138068753
6.245,0.239450719527438
6.2455,0.231561333927378
6.246,0.224658121492146
6.2465,0.216440011407089
6.247,0.209536798899184
6.2475,0.201976137542544
6.248,0.194086751735942
6.2485,0.186854814707579
6.249,0.178636704402506
6.2495,0.171733491708534
6.25,0.164172830146797
6.2505,0.156283444124717
6.251,0.149051506897521
6.2515,0.141490845209434
6.252,0.133930183478682
6.2525,0.12669824613083
6.253,0.119137584315809
6.2535,0.111576922457312
6.254,0.104016260555065
6.2545,0.0964555986087937
6.255,0.0888949366182234
6.2555,0.0816629990203214
6.256,0.0737736125030898
6.2565,0.0668703992602205
6.257,0.0589810126506137
6.2575,0.0514203504364273
6.258,0.0579948393209237
6.2585,0.0655555014953919
6.259,0.0731161636244404
6.2595,0.0806768257083436
6.26,0.0882374877473757
6.2605,0.0957981497418109
6.261,0.103358811691924
6.2615,0.110919473597988
6.262,0.118480135460278
6.2625,0.126040797279069
6.263,0.133601459054633
6.2635,0.141162120787247
6.264,0.148722782477183
6.2645,0.156612168543217
6.265,0.163844105730122
6.2655,0.171076042878733
6.266,0.178636704402506
6.2665,0.185868641473536
6.267,0.193429302916726
6.2675,0.200989964319135
6.268,0.208550625681038
6.2685,0.216440011407089
6.269,0.223671948284419
6.2695,0.230903885125441
6.27,0.238135821930394
6.2705,0.246682656290075
6.271,0.253585868621248
6.2715,0.261146529708954
6.272,0.268707190758335
6.2725,0.276267851769665
6.273,0.283499788353846
6.2735,0.291389173679271
6.274,0.298949834578095
6.2745,0.30683921982443
6.275,0.313742431882212
6.2755,0.321631817053944
6.276,0.328863753426797
6.2765,0.336095689766833
6.277,0.343985074827908
6.2775,0.351545735475346
6.278,0.344642523581257
6.2785,0.336753138523399
6.279,0.329521202186334
6.2795,0.321960541435243
6.28,0.314728605030841
6.2805,0.30683921982443
6.281,0.29927855896416
6.2815,0.291717898066948
6.282,0.284814685910912
6.2825,0.27692530055147
6.283,0.269364639543435
6.2835,0.261803978497374
6.284,0.254243317413012
6.2845,0.24701138068753
6.285,0.239450719527438
6.2855,0.231890058328235
6.286,0.224329397089645
6.2865,0.216768735811395
6.287,0.209208074493211
6.2875,0.201647413134818
6.288,0.194086751735942
6.2885,0.186854814707579
6.289,0.179294153228703
6.2895,0.171733491708534
6.29,0.164172830146797
6.2905,0.156612168543217
6.291,0.149051506897521
6.2915,0.141490845209434
6.292,0.134258907902649
6.2925,0.12669824613083
6.293,0.119137584315809
6.2935,0.111576922457312
6.294,0.104016260555065
6.2945,0.0964555986087937
6.295,0.0888949366182234
6.2955,0.0816629990203214
6.296,0.0737736125030898
6.2965,0.066541674819142
6.297,0.0589810126506137
6.2975,0.0517490748814755
6.298,0.0579948393209237
6.2985,0.0658842259367277
6.299,0.0731161636244404
6.2995,0.0806768257083436
6.3,0.0882374877473757
6.3005,0.0957981497418109
6.301,0.103687536123536
6.3015,0.110919473597988
6.302,0.118480135460278
6.3025,0.125712072853065
6.303,0.133272734630504
6.3035,0.141162120787247
6.304,0.148394058056765
6.3045,0.155954719706137
6.305,0.163844105730122
6.3055,0.170747318463714
6.306,0.17830797998929
6.3065,0.185868641473536
6.307,0.193758027326373
6.3075,0.201318688727015
6.308,0.208550625681038
6.3085,0.215782562598251
6.309,0.223343223881694
6.3095,0.230903885125441
6.31,0.238793270729064
6.3105,0.246025207494944
6.311,0.253914593017167
6.3115,0.261146529708954
6.312,0.268707190758335
6.3125,0.276267851769665
6.313,0.283828512743219
6.3135,0.291389173679271
6.314,0.298949834578095
6.3145,0.306510495439966
6.315,0.313742431882212
6.3155,0.321303092672576
6.316,0.328863753426797
6.3165,0.336424414145149
6.317,0.343985074827908
6.3175,0.351545735475346
6.318,0.343985074827908
6.3185,0.336753138523399
6.319,0.329521202186334
6.3195,0.321631817053944
6.32,0.314399880648033
6.3205,0.306181771055432
6.321,0.299607283350155
6.3215,0.292375346842092
6.322,0.284157237132521
6.3225,0.27692530055147
6.323,0.269364639543435
6.3235,0.261803978497374
6.324,0.254572041808784
6.3245,0.24701138068753
6.325,0.239450719527438
6.3255,0.231561333927378
6.326,0.224329397089645
6.3265,0.216440011407089
6.327,0.209208074493211
6.3275,0.201976137542544
6.328,0.194415476145434
6.3285,0.186854814707579
6.329,0.179294153228703
6.3295,0.171733491708534
6.33,0.164172830146797
6.3305,0.156612168543217
6.331,0.149051506897521
6.3315,0.141490845209434
6.332,0.133930183478682
6.3325,0.12636952170499
6.333,0.119137584315809
6.3335,0.111576922457312
6.334,0.104016260555065
6.3345,0.0964555986087937
6.335,0.0892236610535209
6.3355,0.0816629990203214
6.336,0.0737736125030898
6.3365,0.066541674819142
6.337,0.05865228820747
6.3375,0.0514203504364273
6.338,0.05865228820747
6.3385,0.0658842259367277
6.339,0.0731161636244404
6.3395,0.0810055501457543
6.34,0.0882374877473757
6.3405,0.0957981497418109
6.341,0.103358811691924
6.3415,0.110919473597988
6.342,0.118808859888085
6.3425,0.12636952170499
6.343,0.133601459054633
6.3435,0.141162120787247
6.344,0.148722782477183
6.3445,0.155954719706137
6.345,0.163515381313368
6.3455,0.171076042878733
6.346,0.178636704402506
6.3465,0.186197365884961
6.347,0.193429302916726
6.3475,0.201318688727015
6.348,0.208550625681038
6.3485,0.215782562598251
6.349,0.22400067268707
6.3495,0.230903885125441
6.35,0.238793270729064
6.3505,0.246353931892546
6.351,0.254243317413012
6.3515,0.2614752541032
6.352,0.269035915150921
6.3525,0.276267851769665
6.353,0.284157237132521
6.3535,0.291717898066948
6.354,0.298949834578095
6.3545,0.306181771055432
6.355,0.313742431882212
6.3555,0.321303092672576
6.356,0.328863753426797
6.3565,0.336753138523399
6.357,0.344313799204616
6.3575,0.351545735475346
6.358,0.344642523581257
6.3585,0.337081862901581
6.359,0.329521202186334
6.3595,0.322289265816474
6.36,0.314728605030841
6.3605,0.307167944208826
6.361,0.299607283350155
6.3615,0.292046622454555
6.362,0.284485961521752
6.3625,0.277254024942265
6.363,0.268707190758335
6.3635,0.261803978497374
6.364,0.254243317413012
6.3645,0.246682656290075
6.365,0.239121995128288
6.3655,0.231561333927378
6.366,0.224329397089645
6.3665,0.216768735811395
6.367,0.209208074493211
6.3675,0.201647413134818
6.368,0.194086751735942
6.3685,0.186854814707579
6.369,0.178965428815644
6.3695,0.171733491708534
6.37,0.164501554563393
6.3705,0.156612168543217
6.371,0.149051506897521
6.3715,0.141490845209434
6.372,0.133930183478682
6.3725,0.12669824613083
6.373,0.119137584315809
6.3735,0.111576922457312
6.374,0.104016260555065
6.3745,0.0964555986087937
6.375,0.0892236610535209
6.3755,0.0813342745830802
6.376,0.0744310613813979
6.3765,0.0662129503779778
6.377,0.05865228820747
6.3775,0.0514203504364273
6.378,0.0579948393209237
6.3785,0.0658842259367277
6.379,0.0734448880638077
6.3795,0.0806768257083436
6.38,0.0885662121828417
6.3805,0.0961268741753442
6.381,0.103358811691924
6.3815,0.110919473597988
6.382,0.119137584315809
6.3825,0.12636952170499
6.383,0.133272734630504
6.3835,0.141162120787247
6.384,0.148394058056765
6.3845,0.156283444124717
6.385,0.163515381313368
6.3855,0.170747318463714
6.386,0.178636704402506
6.3865,0.186197365884961
6.387,0.193429302916726
6.3875,0.200989964319135
6.388,0.208550625681038
6.3885,0.216111287002708
6.389,0.22400067268707
6.3895,0.230903885125441
6.39,0.238793270729064
6.3905,0.246682656290075
6.391,0.253914593017167
6.3915,0.261146529708954
6.392,0.268707190758335
6.3925,0.276267851769665
6.393,0.283828512743219
6.3935,0.291389173679271
6.394,0.298949834578095
6.3945,0.306181771055432
6.395,0.314071156265157
6.3955,0.321960541435243
6.396,0.328535029046926
6.3965,0.336095689766833
6.397,0.343985074827908
6.3975,0.351545735475346
6.398,0.344642523581257
6.3985,0.337081862901581
6.399,0.329521202186334
6.3995,0.321960541435243
6.4,0.314071156265157
6.4005,0.30683921982443
6.401,0.29927855896416
6.4015,0.292375346842092
6.402,0.284485961521752
6.4025,0.276596576160603
6.403,0.269364639543435
6.4035,0.261803978497374
6.404,0.254243317413012
6.4045,0.24701138068753
6.405,0.239450719527438
6.4055,0.231561333927378
6.406,0.224329397089645
6.4065,0.216440011407089
6.407,0.209208074493211
6.4075,0.201647413134818
6.408,0.194415476145434
6.4085,0.186526090296308
6.409,0.179294153228703
6.4095,0.171733491708534
6.41,0.163844105730122
6.4105,0.156612168543217
6.411,0.149051506897521
6.4115,0.141490845209434
6.412,0.133930183478682
6.4125,0.12669824613083
6.413,0.119137584315809
6.4135,0.11190564688685
6.414,0.103687536123536
6.4145,0.0964555986087937
6.415,0.0892236610535209
6.4155,0.0813342745830802
6.416,0.0737736125030898
6.4165,0.0662129503779778
6.417,0.0589810126506137
6.4175,0.0517490748814755
6.418,0.05832356376424
6.4185,0.0655555014953919
6.419,0.0734448880638077
6.4195,0.0806768257083436
6.42,0.0882374877473757
6.4205,0.0957981497418109
6.421,0.103358811691924
6.4215,0.111248198027691
6.422,0.118480135460278
6.4225,0.12636952170499
6.423,0.133272734630504
6.4235,0.140833396364979
6.424,0.148394058056765
6.4245,0.156283444124717
6.425,0.163844105730122
6.4255,0.171076042878733
6.426,0.178636704402506
6.4265,0.186197365884961
6.427,0.193758027326373
6.4275,0.201318688727015
6.428,0.208550625681038
6.4285,0.216440011407089
6.429,0.223671948284419
6.4295,0.231890058328235
6.43,0.238793270729064
6.4305,0.246353931892546
6.431,0.253585868621248
6.4315,0.261146529708954
6.432,0.268707190758335
6.4325,0.276596576160603
6.433,0.283828512743219
6.4335,0.291389173679271
6.434,0.298949834578095
6.4345,0.306510495439966
6.435,0.313742431882212
6.4355,0.321303092672576
6.436,0.328863753426797
6.4365,0.336424414145149
6.437,0.344313799204616
6.4375,0.351545735475346
6.438,0.344971247957832
6.4385,0.337081862901581
6.439,0.329521202186334
6.4395,0.322289265816474
6.44,0.314071156265157
6.4405,0.307167944208826
6.441,0.299936007736081
6.4415,0.292046622454555
6.442,0.284485961521752
6.4425,0.27692530055147
6.443,0.269364639543435
6.4435,0.261803978497374
6.444,0.254243317413012
6.4445,0.24701138068753
6.445,0.239121995128288
6.4455,0.231232609526447
6.446,0.22400067268707
6.4465,0.217097460215626
6.447,0.209536798899184
6.4475,0.201976137542544
6.448,0.194086751735942
6.4485,0.186526090296308
6.449,0.179294153228703
6.4495,0.172062216123317
6.45,0.164172830146797
6.4505,0.156612168543217
6.451,0.149708955737956
6.4515,0.141162120787247
6.452,0.133930183478682
6.4525,0.12669824613083
6.453,0.119137584315809
6.4535,0.111248198027691
6.454,0.104016260555065
6.4545,0.0964555986087937
6.455,0.0888949366182234
6.4555,0.0813342745830802
6.456,0.0744310613813979
6.4565,0.066541674819142
6.457,0.0593097370936711
6.4575,0.0517490748814755
6.458,0.0579948393209237
6.4585,0.0658842259367277
6.459,0.0737736125030898
6.4595,0.0810055501457543
6.46,0.0885662121828417
6.4605,0.0961268741753442
6.461,0.103358811691924
6.4615,0.110919473597988
6.462,0.118151411032389
6.4625,0.126040797279069
6.463,0.133601459054633
6.4635,0.140833396364979
6.464,0.148722782477183
6.4645,0.156283444124717
6.465,0.163844105730122
6.4655,0.171076042878733
6.466,0.178636704402506
6.4665,0.185868641473536
6.467,0.193100578507003
6.4675,0.200989964319135
6.468,0.208879350087163
6.4685,0.216440011407089
6.469,0.22400067268707
6.4695,0.230903885125441
6.47,0.238793270729064
6.4705,0.246025207494944
6.471,0.253914593017167
6.4715,0.2614752541032
6.472,0.268707190758335
6.4725,0.276267851769665
6.473,0.283828512743219
6.4735,0.291389173679271
6.474,0.298949834578095
6.4745,0.306510495439966
6.475,0.314071156265157
6.4755,0.321303092672576
6.476,0.328863753426797
6.4765,0.336095689766833
6.477,0.343985074827908
6.4775,0.351545735475346
6.478,0.344313799204616
6.4785,0.336753138523399
6.479,0.329849926566001
6.4795,0.321960541435243
6.48,0.314399880648033
6.4805,0.307496668593152
6.481,0.299607283350155
6.4815,0.291717898066948
6.482,0.284485961521752
6.4825,0.27692530055147
6.483,0.269693363935877
6.4835,0.261803978497374
6.484,0.254572041808784
6.4845,0.24701138068753
6.485,0.239121995128288
6.4855,0.231561333927378
6.486,0.224658121492146
6.4865,0.217426184619781
6.487,0.208879350087163
6.4875,0.201647413134818
6.488,0.194415476145434
6.4885,0.186197365884961
6.489,0.178965428815644
6.4895,0.171733491708534
6.49,0.164172830146797
6.4905,0.156283444124717
6.491,0.149051506897521
6.4915,0.141490845209434
6.492,0.133930183478682
6.4925,0.12669824613083
6.493,0.119137584315809
6.4935,0.111248198027691
6.494,0.104344984986511
6.4945,0.0967843230421594
6.495,0.0892236610535209
6.4955,0.0816629990203214
6.496,0.0737736125030898
6.4965,0.0662129503779778
6.497,0.05832356376424
6.4975,0.0514203504364273
6.498,0.05832356376424
6.4985,0.0662129503779778
6.499,0.0737736125030898
6.4995,0.0810055501457543
6.5,0.0885662121828417
6.5005,0.0961268741753442
6.501,0.103358811691924
6.5015,0.111248198027691
6.502,0.118480135460278
6.5025,0.126040797279069
6.503,0.133601459054633
6.5035,0.141162120787247
6.504,0.148722782477183
6.5045,0.155954719706137
6.505,0.164172830146797
6.5055,0.171076042878733
6.506,0.178636704402506
6.5065,0.186197365884961
6.507,0.194086751735942
6.5075,0.200989964319135
6.508,0.208550625681038
6.5085,0.216111287002708
6.509,0.223671948284419
6.5095,0.230903885125441
6.51,0.239121995128288
6.5105,0.246353931892546
6.511,0.253914593017167
6.5115,0.2614752541032
6.512,0.268707190758335
6.5125,0.276267851769665
6.513,0.283828512743219
6.5135,0.291060449291523
6.514,0.298949834578095
6.5145,0.306510495439966
6.515,0.314071156265157
6.5155,0.321631817053944
6.516,0.328863753426797
6.5165,0.336424414145149
6.517,0.344313799204616
6.5175,0.351545735475346
6.518,0.344642523581257
6.5185,0.337081862901581
6.519,0.329192477806599
6.5195,0.321960541435243
6.52,0.314071156265157
6.5205,0.30683921982443
6.521,0.29927855896416
6.5215,0.292046622454555
6.522,0.284485961521752
6.5225,0.27692530055147
6.523,0.269364639543435
6.5235,0.262132702891475
6.524,0.254243317413012
6.5245,0.24701138068753
6.525,0.239779443926514
6.5255,0.231890058328235
6.526,0.224329397089645
6.5265,0.216768735811395
6.527,0.209208074493211
6.5275,0.201647413134818
6.528,0.194086751735942
6.5285,0.186526090296308
6.529,0.179294153228703
6.5295,0.171404767293673
6.53,0.164172830146797
6.5305,0.156283444124717
6.531,0.149380231317779
6.5315,0.141162120787247
6.532,0.133930183478682
6.5325,0.12669824613083
6.533,0.118808859888085
6.5335,0.111248198027691
6.534,0.104344984986511
6.5345,0.0971130474754414
6.535,0.0885662121828417
6.5355,0.0816629990203214
6.536,0.0737736125030898
6.5365,0.0668703992602205
6.537,0.05865228820747
6.5375,0.0507629015460704
6.538,0.05865228820747
6.5385,0.0655555014953919
6.539,0.0734448880638077
6.5395,0.0813342745830802
6.54,0.0885662121828417
6.5405,0.0957981497418109
6.541,0.103687536123536
6.5415,0.110919473597988
6.542,0.118480135460278
6.5425,0.126040797279069
6.543,0.133601459054633
6.5435,0.141162120787247
6.544,0.148722782477183
6.5445,0.155954719706137
6.545,0.163515381313368
6.5455,0.171404767293673
6.546,0.178965428815644
6.5465,0.185868641473536
6.547,0.193758027326373
6.5475,0.201318688727015
6.548,0.208879350087163
6.5485,0.216111287002708
6.549,0.223671948284419
6.5495,0.231232609526447
6.55,0.238464546329766
6.5505,0.246353931892546
6.551,0.253585868621248
6.5515,0.2614752541032
6.552,0.268707190758335
6.5525,0.276267851769665
6.553,0.283828512743219
6.5535,0.291389173679271
6.554,0.298949834578095
6.5545,0.30683921982443
6.555,0.314071156265157
6.5555,0.321303092672576
6.556,0.328535029046926
6.5565,0.336424414145149
6.557,0.343985074827908
6.5575,0.351545735475346
6.558,0.343985074827908
6.5585,0.336753138523399
6.559,0.329521202186334
6.5595,0.321960541435243
6.56,0.314399880648033
6.5605,0.307167944208826
6.561,0.299607283350155
6.5615,0.291717898066948
6.562,0.284814685910912
6.5625,0.27692530055147
6.563,0.269035915150921
6.5635,0.261803978497374
6.564,0.254243317413012
6.5645,0.247340105084912
6.565,0.239450719527438
6.5655,0.231561333927378
6.566,0.224329397089645
6.5665,0.216768735811395
6.567,0.208879350087163
6.5675,0.201647413134818
6.568,0.194415476145434
6.5685,0.186526090296308
6.569,0.178965428815644
6.5695,0.171733491708534
6.57,0.164172830146797
6.5705,0.156283444124717
6.571,0.149051506897521
6.5715,0.14181956963154
6.572,0.133930183478682
6.5725,0.12669824613083
6.573,0.118808859888085
6.5735,0.111248198027691
6.574,0.104016260555065
6.5745,0.0961268741753442
6.575,0.0888949366182234
6.5755,0.0810055501457543
6.576,0.0737736125030898
6.5765,0.066541674819142
6.577,0.0589810126506137
6.5775,0.0510916259912923
6.578,0.0579948393209237
6.5785,0.0655555014953919
6.579,0.0737736125030898
6.5795,0.0810055501457543
6.58,0.0882374877473757
6.5805,0.0961268741753442
6.581,0.103358811691924
6.5815,0.110919473597988
6.582,0.118808859888085
6.5825,0.12636952170499
6.583,0.133601459054633
6.5835,0.141162120787247
6.584,0.148722782477183
6.5845,0.155954719706137
6.585,0.163844105730122
6.5855,0.171404767293673
6.586,0.178636704402506
6.5865,0.186197365884961
6.587,0.193429302916726
6.5875,0.201318688727015
6.588,0.208550625681038
6.5885,0.216111287002708
6.589,0.223671948284419
6.5895,0.231232609526447
6.59,0.239121995128288
6.5905,0.246353931892546
6.591,0.253914593017167
6.5915,0.2614752541032
6.592,0.268707190758335
6.5925,0.276596576160603
6.593,0.284485961521752
6.5935,0.291389173679271
6.594,0.29927855896416
6.5945,0.30683921982443
6.595,0.314071156265157
6.5955,0.321303092672576
6.596,0.328535029046926
6.5965,0.336753138523399
6.597,0.343985074827908
6.5975,0.351217011100102
6.598,0.344642523581257
6.5985,0.336753138523399
6.599,0.329192477806599
6.5995,0.321960541435243
6.6,0.314399880648033
6.6005,0.307167944208826
6.601,0.29927855896416
6.6015,0.292046622454555
6.602,0.284157237132521
6.6025,0.277254024942265
6.603,0.269364639543435
6.6035,0.261146529708954
6.604,0.254572041808784
6.6045,0.24701138068753
6.605,0.239450719527438
6.6055,0.231890058328235
6.606,0.223671948284419
6.6065,0.216768735811395
6.607,0.209536798899184
6.6075,0.201647413134818
6.608,0.194086751735942
6.6085,0.187183539118771
6.609,0.178965428815644
6.6095,0.171404767293673
6.61,0.164172830146797
6.6105,0.156940892961638
6.611,0.148722782477183
6.6115,0.14181956963154
6.612,0.134258907902649
6.6125,0.12669824613083
6.613,0.119137584315809
6.6135,0.111576922457312
6.614,0.104016260555065
6.6145,0.0967843230421594
6.615,0.0892236610535209
6.6155,0.0813342745830802
6.616,0.0734448880638077
6.6165,0.066541674819142
6.617,0.05865228820747
6.6175,0.0510916259912923
6.618,0.05865228820747
6.6185,0.0658842259367277
6.619,0.0737736125030898
6.6195,0.0810055501457543
6.62,0.0888949366182234
6.6205,0.0957981497418109
6.621,0.103687536123536
6.6215,0.111248198027691
6.622,0.118808859888085
6.6225,0.126040797279069
6.623,0.133601459054633
6.6235,0.141162120787247
6.624,0.148394058056765
6.6245,0.155954719706137
6.625,0.163844105730122
6.6255,0.170747318463714
6.626,0.178636704402506
6.6265,0.186197365884961
6.627,0.193429302916726
6.6275,0.201318688727015
6.628,0.208221901274837
6.6285,0.216111287002708
6.629,0.223671948284419
6.6295,0.231232609526447
6.63,0.238464546329766
6.6305,0.246682656290075
6.631,0.254243317413012
6.6315,0.261146529708954
6.632,0.269035915150921
6.6325,0.276267851769665
6.633,0.283828512743219
6.6335,0.291717898066948
6.634,0.29862111019196
6.6345,0.306510495439966
6.635,0.314071156265157
6.6355,0.321303092672576
6.636,0.329192477806599
6.6365,0.337081862901581
6.637,0.343985074827908
6.6375,0.351545735475346
6.638,0.344313799204616
6.6385,0.337410587279696
6.639,0.329521202186334
6.6395,0.321960541435243
6.64,0.314071156265157
6.6405,0.30683921982443
6.641,0.299607283350155
6.6415,0.292375346842092
6.642,0.284485961521752
6.6425,0.277254024942265
6.643,0.269364639543435
6.6435,0.261803978497374
6.644,0.254572041808784
6.6445,0.24701138068753
6.645,0.239121995128288
6.6455,0.231890058328235
6.646,0.224329397089645
6.6465,0.217097460215626
6.647,0.208879350087163
6.6475,0.201976137542544
6.648,0.194415476145434
6.6485,0.186526090296308
6.649,0.179294153228703
6.6495,0.171733491708534
6.65,0.164501554563393
6.6505,0.156612168543217
6.651,0.148722782477183
6.6515,0.141490845209434
6.652,0.134258907902649
6.6525,0.12669824613083
6.653,0.118808859888085
6.6535,0.111576922457312
6.654,0.103687536123536
6.6545,0.0964555986087937
6.655,0.0885662121828417
6.6555,0.0813342745830802
6.656,0.0737736125030898
6.6565,0.0662129503779778
6.657,0.05865228820747
6.6575,0.0510916259912923
6.658,0.0579948393209237
6.6585,0.0655555014953919
6.659,0.0734448880638077
6.6595,0.0813342745830802
6.66,0.0885662121828417
6.6605,0.0961268741753442
6.661,0.103687536123536
6.6615,0.11190564688685
6.662,0.118480135460278
6.6625,0.125712072853065
6.663,0.133601459054633
6.6635,0.140833396364979
6.664,0.148722782477183
6.6645,0.155954719706137
6.665,0.163844105730122
6.6655,0.171076042878733
6.666,0.178636704402506
6.6665,0.186197365884961
6.667,0.193758027326373
6.6675,0.200989964319135
6.668,0.208550625681038
6.6685,0.216111287002708
6.669,0.22400067268707
6.6695,0.230903885125441
6.67,0.238464546329766
6.6705,0.246025207494944
6.671,0.253914593017167
6.6715,0.2614752541032
6.672,0.269035915150921
6.6725,0.276596576160603
6.673,0.284157237132521
6.6735,0.291389173679271
6.674,0.298949834578095
6.6745,0.306510495439966
6.675,0.313742431882212
6.6755,0.321631817053944
6.676,0.328863753426797
6.6765,0.336753138523399
6.677,0.343985074827908
6.6775,0.351545735475346
6.678,0.344313799204616
6.6785,0.336753138523399
6.679,0.329521202186334
6.6795,0.321631817053944
6.68,0.314728605030841
6.6805,0.306510495439966
6.681,0.299607283350155
6.6815,0.291717898066948
6.682,0.284157237132521
6.6825,0.27692530055147
6.683,0.269035915150921
6.6835,0.262132702891475
6.684,0.254243317413012
6.6845,0.246682656290075
6.685,0.239450719527438
6.6855,0.231561333927378
6.686,0.224329397089645
6.6865,0.216440011407089
6.687,0.209208074493211
6.6875,0.201976137542544
6.688,0.194415476145434
6.6885,0.186854814707579
6.689,0.179294153228703
6.6895,0.171733491708534
6.69,0.163844105730122
6.6905,0.156612168543217
6.691,0.148722782477183
6.6915,0.141490845209434
6.692,0.133930183478682
6.6925,0.12669824613083
6.693,0.119137584315809
6.6935,0.111576922457312
6.694,0.104344984986511
6.6945,0.0964555986087937
6.695,0.0888949366182234
6.6955,0.0813342745830802
6.696,0.0737736125030898
6.6965,0.0662129503779778
6.697,0.05865228820747
6.6975,0.0507629015460704
6.698,0.05865228820747
6.6985,0.0662129503779778
6.699,0.0734448880638077
6.6995,0.0810055501457543
6.7,0.0888949366182234
6.7005,0.0957981497418109
6.701,0.103687536123536
6.7015,0.110919473597988
6.702,0.118808859888085
6.7025,0.126040797279069
6.703,0.133601459054633
6.7035,0.141162120787247
6.704,0.148722782477183
6.7045,0.155954719706137
6.705,0.163186656896535
6.7055,0.171076042878733
6.706,0.178636704402506
6.7065,0.186526090296308
6.707,0.193758027326373
6.7075,0.201318688727015
6.708,0.208550625681038
6.7085,0.216111287002708
6.709,0.223671948284419
6.7095,0.231561333927378
6.71,0.238793270729064
6.7105,0.246682656290075
6.711,0.253257144225257
6.7115,0.2614752541032
6.712,0.268707190758335
6.7125,0.276596576160603
6.713,0.283499788353846
6.7135,0.291060449291523
6.714,0.298949834578095
6.7145,0.30683921982443
6.715,0.314071156265157
6.7155,0.321631817053944
6.716,0.328863753426797
6.7165,0.336424414145149
6.717,0.343985074827908
6.7175,0.351545735475346
6.718,0.344313799204616
6.7185,0.337410587279696
6.719,0.329849926566001
6.7195,0.321960541435243
6.72,0.314728605030841
6.7205,0.30683921982443
6.721,0.299607283350155
6.7215,0.292046622454555
6.722,0.284485961521752
6.7225,0.27692530055147
6.723,0.269364639543435
6.7235,0.2614752541032
6.724,0.254243317413012
6.7245,0.246682656290075
6.725,0.238793270729064
6.7255,0.231561333927378
6.726,0.224658121492146
6.7265,0.216440011407089
6.727,0.208879350087163
6.7275,0.201647413134818
6.728,0.194086751735942
6.7285,0.186854814707579
6.729,0.178965428815644
6.7295,0.171733491708534
6.73,0.163844105730122
6.7305,0.156283444124717
6.731,0.148722782477183
6.7315,0.14181956963154
6.732,0.133930183478682
6.7325,0.127355694982264
6.733,0.119137584315809
6.7335,0.111576922457312
6.734,0.104016260555065
6.7345,0.0961268741753442
6.735,0.0888949366182234
6.7355,0.0813342745830802
6.736,0.0741023369422865
6.7365,0.066541674819142
6.737,0.05832356376424
6.7375,0.0514203504364273
6.738,0.05832356376424
6.7385,0.0658842259367277
6.739,0.0734448880638077
6.7395,0.0806768257083436
6.74,0.0885662121828417
6.7405,0.0957981497418109
6.741,0.103358811691924
6.7415,0.110919473597988
6.742,0.118480135460278
6.7425,0.126040797279069
6.743,0.133601459054633
6.7435,0.140833396364979
6.744,0.148722782477183
6.7445,0.155954719706137
6.745,0.163515381313368
6.7455,0.170747318463714
6.746,0.17830797998929
6.7465,0.186197365884961
6.747,0.193429302916726
6.7475,0.200989964319135
6.748,0.208879350087163
6.7485,0.216111287002708
6.749,0.223343223881694
6.7495,0.231561333927378
6.75,0.238793270729064
6.7505,0.246353931892546
6.751,0.253914593017167
6.7515,0.261146529708954
6.752,0.268707190758335
6.7525,0.276596576160603
6.753,0.283828512743219
6.7535,0.291389173679271
6.754,0.298949834578095
6.7545,0.306510495439966
6.755,0.314071156265157
6.7555,0.321303092672576
6.756,0.328863753426797
6.7565,0.336424414145149
6.757,0.343985074827908
6.7575,0.351545735475346
6.758,0.344313799204616
6.7585,0.336753138523399
6.759,0.329521202186334
6.7595,0.321960541435243
6.76,0.314399880648033
6.7605,0.30683921982443
6.761,0.29927855896416
6.7615,0.292046622454555
6.762,0.284157237132521
6.7625,0.277254024942265
6.763,0.269364639543435
6.7635,0.261803978497374
6.764,0.254572041808784
6.7645,0.246682656290075
6.765,0.239121995128288
6.7655,0.231561333927378
6.766,0.22400067268707
6.7665,0.216768735811395
6.767,0.209208074493211
6.7675,0.201976137542544
6.768,0.193758027326373
6.7685,0.186526090296308
6.769,0.179294153228703
6.7695,0.171404767293673
6.77,0.164172830146797
6.7705,0.156283444124717
6.771,0.149051506897521
6.7715,0.141490845209434
6.772,0.133601459054633
6.7725,0.12669824613083
6.773,0.118808859888085
6.7735,0.111576922457312
6.774,0.104344984986511
6.7745,0.0964555986087937
6.775,0.0885662121828417
6.7755,0.0810055501457543
6.776,0.0737736125030898
6.7765,0.0668703992602205
6.777,0.0589810126506137
6.7775,0.0514203504364273
6.778,0.05832356376424
6.7785,0.0658842259367277
6.779,0.0734448880638077
6.7795,0.0813342745830802
6.78,0.0892236610535209
6.7805,0.0964555986087937
6.781,0.103358811691924
6.7815,0.110919473597988
6.782,0.118808859888085
6.7825,0.125712072853065
6.783,0.133272734630504
6.7835,0.140833396364979
6.784,0.148722782477183
6.7845,0.156283444124717
6.785,0.163844105730122
6.7855,0.171076042878733
6.786,0.178636704402506
6.7865,0.186197365884961
6.787,0.193429302916726
6.7875,0.201647413134818
6.788,0.208879350087163
6.7885,0.216111287002708
6.789,0.223671948284419
6.7895,0.231232609526447
6.79,0.239121995128288
6.7905,0.246353931892546
6.791,0.253914593017167
6.7915,0.261146529708954
6.792,0.269035915150921
6.7925,0.276596576160603
6.793,0.283828512743219
6.7935,0.291717898066948
6.794,0.298949834578095
6.7945,0.306181771055432
6.795,0.314071156265157
6.7955,0.321303092672576
6.796,0.329192477806599
6.7965,0.336753138523399
6.797,0.344313799204616
6.7975,0.351874459850525
6.798,0.344313799204616
6.7985,0.336753138523399
6.799,0.329192477806599
6.7995,0.321303092672576
6.8,0.314399880648033
6.8005,0.307167944208826
6.801,0.29927855896416
6.8015,0.292046622454555
6.802,0.284485961521752
6.8025,0.27692530055147
6.803,0.269035915150921
6.8035,0.2614752541032
6.804,0.253914593017167
6.8045,0.246682656290075
6.805,0.239450719527438
6.8055,0.231232609526447
6.806,0.22400067268707
6.8065,0.216768735811395
6.807,0.209208074493211
6.8075,0.201976137542544
6.808,0.194086751735942
6.8085,0.186197365884961
6.809,0.179294153228703
6.8095,0.171404767293673
6.81,0.164172830146797
6.8105,0.156612168543217
6.811,0.149051506897521
6.8115,0.141490845209434
6.812,0.133930183478682
6.8125,0.12669824613083
6.813,0.119466308743451
6.8135,0.111248198027691
6.814,0.104016260555065
6.8145,0.0957981497418109
6.815,0.0892236610535209
6.8155,0.0813342745830802
6.816,0.0737736125030898
6.8165,0.066541674819142
6.817,0.0589810126506137
6.8175,0.0510916259912923
6.818,0.05832356376424
6.8185,0.0658842259367277
6.819,0.0734448880638077
6.8195,0.0813342745830802
6.82,0.0892236610535209
6.8205,0.0961268741753442
6.821,0.103687536123536
6.8215,0.110919473597988
6.822,0.118480135460278
6.8225,0.12636952170499
6.823,0.133930183478682
6.8235,0.140833396364979
6.824,0.148394058056765
6.8245,0.156283444124717
6.825,0.163515381313368
6.8255,0.171076042878733
6.826,0.17830797998929
6.8265,0.186197365884961
6.827,0.193758027326373
6.8275,0.200989964319135
6.828,0.208550625681038
6.8285,0.216111287002708
6.829,0.22400067268707
6.8295,0.231232609526447
6.83,0.238793270729064
6.8305,0.246353931892546
6.831,0.253914593017167
6.8315,0.261146529708954
6.832,0.268707190758335
6.8325,0.275939127378655
6.833,0.283828512743219
6.8335,0.291389173679271
6.834,0.298949834578095
6.8345,0.306510495439966
6.835,0.314071156265157
6.8355,0.321960541435243
6.836,0.328863753426797
6.8365,0.336424414145149
6.837,0.344313799204616
6.8375,0.351874459850525
6.838,0.344313799204616
6.8385,0.336753138523399
6.839,0.329521202186334
6.8395,0.321960541435243
6.84,0.314399880648033
6.8405,0.30683921982443
6.841,0.299607283350155
6.8415,0.291717898066948
6.842,0.284485961521752
6.8425,0.276596576160603
6.843,0.269035915150921
6.8435,0.261803978497374
6.844,0.254243317413012
6.8445,0.246682656290075
6.845,0.239121995128288
6.8455,0.231890058328235
6.846,0.224329397089645
6.8465,0.217097460215626
6.847,0.209536798899184
6.8475,0.201318688727015
6.848,0.194086751735942
6.8485,0.186526090296308
6.849,0.178965428815644
6.8495,0.171404767293673
6.85,0.164172830146797
6.8505,0.156612168543217
6.851,0.149051506897521
6.8515,0.141490845209434
6.852,0.133930183478682
6.8525,0.12636952170499
6.853,0.119137584315809
6.8535,0.111576922457312
6.854,0.104016260555065
6.8545,0.0967843230421594
6.855,0.0888949366182234
6.8555,0.0813342745830802
6.856,0.0741023369422865
6.8565,0.066541674819142
6.857,0.0589810126506137
6.8575,0.0507629015460704
6.858,0.05865228820747
6.8585,0.0658842259367277
6.859,0.0737736125030898
6.8595,0.0810055501457543
6.86,0.0888949366182234
6.8605,0.0961268741753442
6.861,0.103358811691924
6.8615,0.111248198027691
6.862,0.118480135460278
6.8625,0.12636952170499
6.863,0.133930183478682
6.8635,0.140833396364979
6.864,0.148394058056765
6.8645,0.156283444124717
6.865,0.163844105730122
6.8655,0.171076042878733
6.866,0.178965428815644
6.8665,0.185539917062033
6.867,0.193758027326373
6.8675,0.201318688727015
6.868,0.208550625681038
6.8685,0.216111287002708
6.869,0.223671948284419
6.8695,0.231561333927378
6.87,0.238793270729064
6.8705,0.246682656290075
6.871,0.254243317413012
6.8715,0.261803978497374
6.872,0.268707190758335
6.8725,0.276596576160603
6.873,0.284157237132521
6.8735,0.291717898066948
6.874,0.29927855896416
6.8745,0.306510495439966
6.875,0.314071156265157
6.8755,0.321960541435243
6.876,0.328863753426797
6.8765,0.336424414145149
6.877,0.343656350451133
6.8775,0.351545735475346
6.878,0.344642523581257
6.8785,0.336753138523399
6.879,0.329192477806599
6.8795,0.321631817053944
6.88,0.314399880648033
6.8805,0.30683921982443
6.881,0.298949834578095
6.8815,0.291717898066948
6.882,0.284485961521752
6.8825,0.27692530055147
6.883,0.269364639543435
6.8835,0.261803978497374
6.884,0.254572041808784
6.8845,0.246682656290075
6.885,0.239121995128288
6.8855,0.231561333927378
6.886,0.22400067268707
6.8865,0.216440011407089
6.887,0.208879350087163
6.8875,0.201318688727015
6.888,0.194415476145434
6.8885,0.186197365884961
6.889,0.179294153228703
6.8895,0.171404767293673
6.89,0.163844105730122
6.8905,0.156283444124717
6.891,0.148722782477183
6.8915,0.141490845209434
6.892,0.133930183478682
6.8925,0.12636952170499
6.893,0.118808859888085
6.8935,0.111248198027691
6.894,0.104344984986511
6.8945,0.0964555986087937
6.895,0.0888949366182234
6.8955,0.0813342745830802
6.896,0.0737736125030898
6.8965,0.066541674819142
6.897,0.0589810126506137
6.8975,0.0514203504364273
6.898,0.05832356376424
6.8985,0.0658842259367277
6.899,0.0737736125030898
6.8995,0.0810055501457543
6.9,0.0885662121828417
6.9005,0.0961268741753442
6.901,0.103358811691924
6.9015,0.110919473597988
6.902,0.118480135460278
6.9025,0.126040797279069
6.903,0.133601459054633
6.9035,0.141162120787247
6.904,0.148722782477183
6.9045,0.156283444124717
6.905,0.163515381313368
6.9055,0.171076042878733
6.906,0.178636704402506
6.9065,0.186197365884961
6.907,0.193758027326373
6.9075,0.200989964319135
6.908,0.208879350087163
6.9085,0.216440011407089
6.909,0.223671948284419
6.9095,0.231232609526447
6.91,0.238793270729064
6.9105,0.246353931892546
6.911,0.253914593017167
6.9115,0.2614752541032
6.912,0.269035915150921
6.9125,0.276596576160603
6.913,0.283828512743219
6.9135,0.290731724903704
6.914,0.298949834578095
6.9145,0.306181771055432
6.915,0.314071156265157
6.9155,0.321631817053944
6.916,0.328863753426797
6.9165,0.336424414145149
6.917,0.344313799204616
6.9175,0.351217011100102
6.918,0.344642523581257
6.9185,0.336753138523399
6.919,0.329521202186334
6.9195,0.321631817053944
6.92,0.314399880648033
6.9205,0.30683921982443
6.921,0.299607283350155
6.9215,0.291717898066948
6.922,0.284485961521752
6.9225,0.27692530055147
6.923,0.268707190758335
6.9235,0.261803978497374
6.924,0.253914593017167
6.9245,0.246682656290075
6.925,0.239121995128288
6.9255,0.231561333927378
6.926,0.22400067268707
6.9265,0.216440011407089
6.927,0.209208074493211
6.9275,0.201976137542544
6.928,0.194086751735942
6.9285,0.186526090296308
6.929,0.179294153228703
6.9295,0.171733491708534
6.93,0.164172830146797
6.9305,0.156612168543217
6.931,0.149051506897521
6.9315,0.14181956963154
6.932,0.133930183478682
6.9325,0.12669824613083
6.933,0.118808859888085
6.9335,0.111248198027691
6.934,0.104016260555065
6.9345,0.0964555986087937
6.935,0.0888949366182234
6.9355,0.0813342745830802
6.936,0.0737736125030898
6.9365,0.0662129503779778
6.937,0.05865228820747
6.9375,0.0514203504364273
6.938,0.05865228820747
6.9385,0.0658842259367277
6.939,0.0734448880638077
6.9395,0.0813342745830802
6.94,0.0882374877473757
6.9405,0.0961268741753442
6.941,0.103030087260228
6.9415,0.111248198027691
6.942,0.118480135460278
6.9425,0.126040797279069
6.943,0.133601459054633
6.9435,0.140833396364979
6.944,0.148394058056765
6.9445,0.156283444124717
6.945,0.163515381313368
6.9455,0.171404767293673
6.946,0.178636704402506
6.9465,0.186197365884961
6.947,0.193758027326373
6.9475,0.201318688727015
6.948,0.209208074493211
6.9485,0.216111287002708
6.949,0.223671948284419
6.9495,0.230903885125441
6.95,0.238793270729064
6.9505,0.246353931892546
6.951,0.253585868621248
6.9515,0.2614752541032
6.952,0.269035915150921
6.9525,0.276267851769665
6.953,0.283828512743219
6.9535,0.291389173679271
6.954,0.298949834578095
6.9545,0.306510495439966
6.955,0.314071156265157
6.9555,0.321631817053944
6.956,0.329192477806599
6.9565,0.336424414145149
6.957,0.343985074827908
6.9575,0.351874459850525
6.958,0.344313799204616
6.9585,0.336753138523399
6.959,0.329521202186334
6.9595,0.321631817053944
6.96,0.314728605030841
6.9605,0.307167944208826
6.961,0.29927855896416
6.9615,0.291389173679271
6.962,0.284485961521752
6.9625,0.27692530055147
6.963,0.269364639543435
6.9635,0.2614752541032
6.964,0.253914593017167
6.9645,0.246682656290075
6.965,0.239121995128288
6.9655,0.231561333927378
6.966,0.224329397089645
6.9665,0.216440011407089
6.967,0.209208074493211
6.9675,0.201976137542544
6.968,0.194086751735942
6.9685,0.186526090296308
6.969,0.178636704402506
6.9695,0.171404767293673
6.97,0.163844105730122
6.9705,0.156940892961638
6.971,0.149708955737956
6.9715,0.141490845209434
6.972,0.133930183478682
6.9725,0.12669824613083
6.973,0.118808859888085
6.9735,0.111576922457312
6.974,0.104016260555065
6.9745,0.0964555986087937
6.975,0.0885662121828417
6.9755,0.0813342745830802
6.976,0.0741023369422865
6.9765,0.066541674819142
6.977,0.05865228820747
6.9775,0.0514203504364273
6.978,0.05832356376424
6.9785,0.0658842259367277
6.979,0.0737736125030898
6.9795,0.0813342745830802
6.98,0.0885662121828417
6.9805,0.0964555986087937
6.981,0.103358811691924
6.9815,0.110919473597988
6.982,0.119137584315809
6.9825,0.12636952170499
6.983,0.133601459054633
6.9835,0.140833396364979
6.984,0.148722782477183
6.9845,0.156283444124717
6.985,0.163515381313368
6.9855,0.171076042878733
6.986,0.178636704402506
6.9865,0.186197365884961
6.987,0.193758027326373
6.9875,0.201318688727015
6.988,0.208879350087163
6.9885,0.216111287002708
6.989,0.22400067268707
6.9895,0.230575160724361
6.99,0.238793270729064
6.9905,0.246025207494944
6.991,0.253914593017167
6.9915,0.2614752541032
6.992,0.269035915150921
6.9925,0.276596576160603
6.993,0.284157237132521
6.9935,0.291060449291523
6.994,0.298949834578095
6.9945,0.306510495439966
6.995,0.313742431882212
6.9955,0.321303092672576
6.996,0.328863753426797
6.9965,0.336424414145149
6.997,0.343985074827908
6.9975,0.351874459850525
6.998,0.344313799204616
6.9985,0.336753138523399
6.999,0.329192477806599
6.9995,0.321960541435243
7,0.314399880648033
7.0005,0.30683921982443
7.001,0.29927855896416
7.0015,0.292046622454555
7.002,0.284157237132521
7.0025,0.27692530055147
7.003,0.269035915150921
7.0035,0.261803978497374
7.004,0.254243317413012
7.0045,0.24701138068753
7.005,0.239450719527438
7.0055,0.231561333927378
7.006,0.224329397089645
7.0065,0.216768735811395
7.007,0.208879350087163
7.0075,0.201647413134818
7.008,0.193429302916726
7.0085,0.186526090296308
7.009,0.179294153228703
7.0095,0.171733491708534
7.01,0.164172830146797
7.0105,0.156612168543217
7.011,0.148722782477183
7.0115,0.14181956963154
7.012,0.134258907902649
7.0125,0.127026970556588
7.013,0.118808859888085
7.0135,0.111248198027691
7.014,0.103687536123536
7.0145,0.0964555986087937
7.015,0.0888949366182234
7.0155,0.0813342745830802
7.016,0.0741023369422865
7.0165,0.0662129503779778
7.017,0.0589810126506137
7.0175,0.0514203504364273
7.018,0.05832356376424
7.0185,0.0662129503779778
7.019,0.0737736125030898
7.0195,0.0806768257083436
7.02,0.0885662121828417
7.0205,0.0961268741753442
7.021,0.103687536123536
7.0215,0.111248198027691
7.022,0.118480135460278
7.0225,0.125712072853065
7.023,0.133601459054633
7.0235,0.141162120787247
7.024,0.149051506897521
7.0245,0.156283444124717
7.025,0.163844105730122
7.0255,0.171733491708534
7.026,0.178965428815644
7.0265,0.186197365884961
7.027,0.193429302916726
7.0275,0.201647413134818
7.028,0.208879350087163
7.0285,0.216440011407089
7.029,0.22400067268707
7.0295,0.231232609526447
7.03,0.238793270729064
7.0305,0.246353931892546
7.031,0.253257144225257
7.0315,0.2614752541032
7.032,0.269364639543435
7.0325,0.276596576160603
7.033,0.283828512743219
7.0335,0.291060449291523
7.034,0.298949834578095
7.0345,0.30683921982443
7.035,0.314071156265157
7.0355,0.321631817053944
7.036,0.328863753426797
7.0365,0.336424414145149
7.037,0.344313799204616
7.0375,0.352203184225637
7.038,0.344313799204616
7.0385,0.336424414145149
7.039,0.329192477806599
7.0395,0.321960541435243
7.04,0.314399880648033
7.0405,0.30683921982443
7.041,0.29927855896416
7.0415,0.291717898066948
7.042,0.284157237132521
7.0425,0.277254024942265
7.043,0.269035915150921
7.0435,0.261803978497374
7.044,0.254243317413012
7.0445,0.246353931892546
7.045,0.239121995128288
7.0455,0.231232609526447
7.046,0.22400067268707
7.0465,0.216440011407089
7.047,0.209208074493211
7.0475,0.201647413134818
7.048,0.194086751735942
7.0485,0.186526090296308
7.049,0.178965428815644
7.0495,0.171733491708534
7.05,0.163844105730122
7.0505,0.156283444124717
7.051,0.149380231317779
7.0515,0.141490845209434
7.052,0.133930183478682
7.0525,0.12636952170499
7.053,0.118808859888085
7.0535,0.111576922457312
7.054,0.103687536123536
7.0545,0.0964555986087937
7.055,0.0882374877473757
7.0555,0.0813342745830802
7.056,0.0741023369422865
7.0565,0.066541674819142
7.057,0.0589810126506137
7.0575,0.0510916259912923
7.058,0.05832356376424
7.0585,0.0655555014953919
7.059,0.0737736125030898
7.0595,0.0810055501457543
7.06,0.0888949366182234
7.0605,0.0964555986087937
7.061,0.103687536123536
7.0615,0.111248198027691
7.062,0.118480135460278
7.0625,0.126040797279069
7.063,0.133930183478682
7.0635,0.140833396364979
7.064,0.148394058056765
7.0645,0.156283444124717
7.065,0.163844105730122
7.0655,0.171404767293673
7.066,0.178636704402506
7.0665,0.185868641473536
7.067,0.193429302916726
7.0675,0.201647413134818
7.068,0.208879350087163
7.0685,0.216768735811395
7.069,0.223671948284419
7.0695,0.231232609526447
7.07,0.238793270729064
7.0705,0.246353931892546
7.071,0.253914593017167
7.0715,0.2614752541032
7.072,0.269035915150921
7.0725,0.276267851769665
7.073,0.283828512743219
7.0735,0.291060449291523
7.074,0.298949834578095
7.0745,0.306181771055432
7.075,0.314071156265157
7.0755,0.321631817053944
7.076,0.328863753426797
7.0765,0.336424414145149
7.077,0.343985074827908
7.0775,0.351545735475346
7.078,0.344313799204616
7.0785,0.337081862901581
7.079,0.329521202186334
7.0795,0.321631817053944
7.08,0.314728605030841
7.0805,0.306510495439966
7.081,0.299936007736081
7.0815,0.292046622454555
7.082,0.284157237132521
7.0825,0.276596576160603
7.083,0.269035915150921
7.0835,0.261803978497374
7.084,0.254243317413012
7.0845,0.246682656290075
7.085,0.239121995128288
7.0855,0.231561333927378
7.086,0.224329397089645
7.0865,0.216768735811395
7.087,0.209208074493211
7.0875,0.201647413134818
7.088,0.194415476145434
7.0885,0.186526090296308
7.089,0.178636704402506
7.0895,0.171076042878733
7.09,0.163515381313368
7.0905,0.156612168543217
7.091,0.148722782477183
7.0915,0.141490845209434
7.092,0.133930183478682
7.0925,0.12636952170499
7.093,0.119137584315809
7.0935,0.11190564688685
7.094,0.103687536123536
7.0945,0.0964555986087937
7.095,0.0892236610535209
7.0955,0.0813342745830802
7.096,0.0737736125030898
7.0965,0.0662129503779778
7.097,0.0589810126506137
7.0975,0.0510916259912923
7.098,0.05832356376424
7.0985,0.0658842259367277
7.099,0.0737736125030898
7.0995,0.0810055501457543
7.1,0.0885662121828417
7.1005,0.0957981497418109
7.101,0.104016260555065
7.1015,0.111576922457312
7.102,0.118808859888085
7.1025,0.126040797279069
7.103,0.133272734630504
7.1035,0.141490845209434
7.104,0.149051506897521
7.1045,0.156612168543217
7.105,0.163515381313368
7.1055,0.171076042878733
7.106,0.178636704402506
7.1065,0.186526090296308
7.107,0.193758027326373
7.1075,0.201318688727015
7.108,0.208550625681038
7.1085,0.216768735811395
7.109,0.223343223881694
7.1095,0.231232609526447
7.11,0.238793270729064
7.1105,0.246025207494944
7.111,0.253914593017167
7.1115,0.2614752541032
7.112,0.268707190758335
7.1125,0.276267851769665
7.113,0.284157237132521
7.1135,0.291717898066948
7.114,0.298949834578095
7.1145,0.306510495439966
7.115,0.314399880648033
7.1155,0.321631817053944
7.116,0.329192477806599
7.1165,0.336753138523399
7.117,0.344313799204616
7.1175,0.351874459850525
7.118,0.344313799204616
7.1185,0.336753138523399
7.119,0.329521202186334
7.1195,0.321960541435243
7.12,0.314399880648033
7.1205,0.30683921982443
7.121,0.29927855896416
7.1215,0.291717898066948
7.122,0.284157237132521
7.1225,0.276596576160603
7.123,0.269035915150921
7.1235,0.261803978497374
7.124,0.253914593017167
7.1245,0.246682656290075
7.125,0.239121995128288
7.1255,0.231561333927378
7.126,0.22400067268707
7.1265,0.216440011407089
7.127,0.209208074493211
7.1275,0.201318688727015
7.128,0.194086751735942
7.1285,0.186526090296308
7.129,0.178965428815644
7.1295,0.171733491708534
7.13,0.164172830146797
7.1305,0.156612168543217
7.131,0.149051506897521
7.1315,0.141162120787247
7.132,0.134258907902649
7.1325,0.12636952170499
7.133,0.119137584315809
7.1335,0.111248198027691
7.134,0.104016260555065
7.1345,0.0964555986087937
7.135,0.0888949366182234
7.1355,0.0813342745830802
7.136,0.0741023369422865
7.1365,0.0658842259367277
7.137,0.05865228820747
7.1375,0.0514203504364273
7.138,0.05865228820747
7.1385,0.0662129503779778
7.139,0.0737736125030898
7.1395,0.0806768257083436
7.14,0.0885662121828417
7.1405,0.0961268741753442
7.141,0.103687536123536
7.1415,0.111248198027691
7.142,0.118480135460278
7.1425,0.126040797279069
7.143,0.133930183478682
7.1435,0.141162120787247
7.144,0.148722782477183
7.1445,0.156283444124717
7.145,0.163515381313368
7.1455,0.171076042878733
7.146,0.178965428815644
7.1465,0.186197365884961
7.147,0.194415476145434
7.1475,0.201647413134818
7.148,0.208550625681038
7.1485,0.216440011407089
7.149,0.223671948284419
7.1495,0.231232609526447
7.15,0.239121995128288
7.1505,0.246353931892546
7.151,0.253585868621248
7.1515,0.2614752541032
7.152,0.269035915150921
7.1525,0.276596576160603
7.153,0.284157237132521
7.1535,0.291389173679271
7.154,0.298949834578095
7.1545,0.306510495439966
7.155,0.313742431882212
7.1555,0.321631817053944
7.156,0.329192477806599
7.1565,0.336424414145149
7.157,0.343985074827908
7.1575,0.351545735475346
7.158,0.344313799204616
7.1585,0.337081862901581
7.159,0.329849926566001
7.1595,0.321960541435243
7.16,0.314399880648033
7.1605,0.30683921982443
7.161,0.298949834578095
7.1615,0.291389173679271
7.162,0.284485961521752
7.1625,0.276267851769665
7.163,0.269364639543435
7.1635,0.2614752541032
7.164,0.253914593017167
7.1645,0.246025207494944
7.165,0.239121995128288
7.1655,0.231890058328235
7.166,0.22400067268707
7.1665,0.216111287002708
7.167,0.209536798899184
7.1675,0.201647413134818
7.168,0.194086751735942
7.1685,0.186526090296308
7.169,0.178965428815644
7.1695,0.172062216123317
7.17,0.164172830146797
7.1705,0.155954719706137
7.171,0.148722782477183
7.1715,0.141490845209434
7.172,0.133930183478682
7.1725,0.12669824613083
7.173,0.119137584315809
7.1735,0.111248198027691
7.174,0.103687536123536
7.1745,0.0964555986087937
7.175,0.0885662121828417
7.1755,0.0813342745830802
7.176,0.0744310613813979
7.1765,0.066541674819142
7.177,0.0589810126506137
7.1775,0.0514203504364273
7.178,0.05865228820747
7.1785,0.0662129503779778
7.179,0.0737736125030898
7.1795,0.0810055501457543
7.18,0.0882374877473757
7.1805,0.0961268741753442
7.181,0.103687536123536
7.1815,0.111248198027691
7.182,0.118480135460278
7.1825,0.126040797279069
7.183,0.133601459054633
7.1835,0.141490845209434
7.184,0.149051506897521
7.1845,0.156283444124717
7.185,0.163844105730122
7.1855,0.171076042878733
7.186,0.178636704402506
7.1865,0.186197365884961
7.187,0.193758027326373
7.1875,0.200989964319135
7.188,0.208879350087163
7.1885,0.216440011407089
7.189,0.223671948284419
7.1895,0.231232609526447
7.19,0.238793270729064
7.1905,0.246353931892546
7.191,0.254572041808784
7.1915,0.261803978497374
7.192,0.269035915150921
7.1925,0.276596576160603
7.193,0.283828512743219
7.1935,0.291389173679271
7.194,0.29927855896416
7.1945,0.306510495439966
7.195,0.314399880648033
7.1955,0.321303092672576
7.196,0.328863753426797
7.1965,0.336753138523399
7.197,0.344313799204616
7.1975,0.351874459850525
7.198,0.344313799204616
7.1985,0.337081862901581
7.199,0.329521202186334
7.1995,0.321960541435243
7.2,0.314071156265157
7.2005,0.307167944208826
7.201,0.29927855896416
7.2015,0.291717898066948
7.202,0.284485961521752
7.2025,0.27692530055147
7.203,0.269035915150921
7.2035,0.261146529708954
7.204,0.254572041808784
7.2045,0.246682656290075
7.205,0.239121995128288
7.2055,0.231561333927378
7.206,0.22400067268707
7.2065,0.216768735811395
7.207,0.209208074493211
7.2075,0.201647413134818
7.208,0.193758027326373
7.2085,0.186526090296308
7.209,0.179294153228703
7.2095,0.171076042878733
7.21,0.163844105730122
7.2105,0.156612168543217
7.211,0.148722782477183
7.2115,0.141490845209434
7.212,0.133601459054633
7.2125,0.12669824613083
7.213,0.119466308743451
7.2135,0.111248198027691
7.214,0.103687536123536
7.2145,0.0964555986087937
7.215,0.0888949366182234
7.2155,0.0813342745830802
7.216,0.0737736125030898
7.2165,0.0658842259367277
7.217,0.0589810126506137
7.2175,0.0514203504364273
7.218,0.05832356376424
7.2185,0.066541674819142
7.219,0.0734448880638077
7.2195,0.0810055501457543
7.22,0.0888949366182234
7.2205,0.0964555986087937
7.221,0.103687536123536
7.2215,0.111248198027691
7.222,0.118808859888085
7.2225,0.12636952170499
7.223,0.133601459054633
7.2235,0.141162120787247
7.224,0.148722782477183
7.2245,0.155954719706137
7.225,0.163844105730122
7.2255,0.171076042878733
7.226,0.178965428815644
7.2265,0.186197365884961
7.227,0.193758027326373
7.2275,0.201647413134818
7.228,0.208879350087163
7.2285,0.216111287002708
7.229,0.223671948284419
7.2295,0.231561333927378
7.23,0.239121995128288
7.2305,0.246682656290075
7.231,0.254243317413012
7.2315,0.2614752541032
7.232,0.268707190758335
7.2325,0.276596576160603
7.233,0.284157237132521
7.2335,0.291717898066948
7.234,0.298949834578095
7.2345,0.306181771055432
7.235,0.314071156265157
7.2355,0.321631817053944
7.236,0.329521202186334
7.2365,0.336753138523399
7.237,0.343985074827908
7.2375,0.351545735475346
7.238,0.344313799204616
7.2385,0.336753138523399
7.239,0.329192477806599
7.2395,0.321631817053944
7.24,0.314071156265157
7.2405,0.306510495439966
7.241,0.29927855896416
7.2415,0.292375346842092
7.242,0.284485961521752
7.2425,0.27692530055147
7.243,0.269364639543435
7.2435,0.2614752541032
7.244,0.254572041808784
7.2445,0.246682656290075
7.245,0.239450719527438
7.2455,0.231561333927378
7.246,0.22400067268707
7.2465,0.216440011407089
7.247,0.208879350087163
7.2475,0.201647413134818
7.248,0.194086751735942
7.2485,0.186854814707579
7.249,0.178965428815644
7.2495,0.171404767293673
7.25,0.163844105730122
7.2505,0.156283444124717
7.251,0.149051506897521
7.2515,0.14181956963154
7.252,0.134258907902649
7.2525,0.12636952170499
7.253,0.118808859888085
7.2535,0.111248198027691
7.254,0.104016260555065
7.2545,0.0964555986087937
7.255,0.0885662121828417
7.2555,0.0813342745830802
7.256,0.0741023369422865
7.2565,0.0662129503779778
7.257,0.0589810126506137
7.2575,0.0514203504364273
7.258,0.0589810126506137
7.2585,0.066541674819142
7.259,0.0734448880638077
7.2595,0.0810055501457543
7.26,0.0882374877473757
7.2605,0.0961268741753442
7.261,0.103687536123536
7.2615,0.111248198027691
7.262,0.118480135460278
7.2625,0.12636952170499
7.263,0.133601459054633
7.2635,0.140833396364979
7.264,0.148722782477183
7.2645,0.156283444124717
7.265,0.163844105730122
7.2655,0.171076042878733
7.266,0.178636704402506
7.2665,0.186197365884961
7.267,0.194086751735942
7.2675,0.201647413134818
7.268,0.208879350087163
7.2685,0.216440011407089
7.269,0.22400067268707
7.2695,0.231232609526447
7.27,0.238464546329766
7.2705,0.246353931892546
7.271,0.253585868621248
7.2715,0.261803978497374
7.272,0.269035915150921
7.2725,0.27692530055147
7.273,0.284157237132521
7.2735,0.291389173679271
7.274,0.29862111019196
7.2745,0.306510495439966
7.275,0.313742431882212
7.2755,0.321631817053944
7.276,0.329192477806599
7.2765,0.336424414145149
7.277,0.344313799204616
7.2775,0.351874459850525
7.278,0.344642523581257
7.2785,0.336424414145149
7.279,0.329192477806599
7.2795,0.321960541435243
7.28,0.314399880648033
7.2805,0.30683921982443
7.281,0.298949834578095
7.2815,0.291389173679271
7.282,0.284485961521752
7.2825,0.277254024942265
7.283,0.269364639543435
7.2835,0.261803978497374
7.284,0.253914593017167
7.2845,0.246682656290075
7.285,0.239121995128288
7.2855,0.231890058328235
7.286,0.22400067268707
7.2865,0.216768735811395
7.287,0.208879350087163
7.2875,0.201318688727015
7.288,0.194086751735942
7.2885,0.186526090296308
7.289,0.178636704402506
7.2895,0.171733491708534
7.29,0.163844105730122
7.2905,0.156283444124717
7.291,0.148394058056765
7.2915,0.141490845209434
7.292,0.133930183478682
7.2925,0.12669824613083
7.293,0.118808859888085
7.2935,0.111576922457312
7.294,0.103687536123536
7.2945,0.0961268741753442
7.295,0.0885662121828417
7.2955,0.0813342745830802
7.296,0.0737736125030898
7.2965,0.0662129503779778
7.297,0.05865228820747
7.2975,0.0510916259912923
7.298,0.05865228820747
7.2985,0.0658842259367277
7.299,0.0737736125030898
7.2995,0.0810055501457543
7.3,0.0885662121828417
7.3005,0.0964555986087937
7.301,0.103358811691924
7.3015,0.110919473597988
7.302,0.118480135460278
7.3025,0.126040797279069
7.303,0.133930183478682
7.3035,0.140833396364979
7.304,0.148722782477183
7.3045,0.156283444124717
7.305,0.163844105730122
7.3055,0.171404767293673
7.306,0.17830797998929
7.3065,0.185868641473536
7.307,0.193758027326373
7.3075,0.201318688727015
7.308,0.208879350087163
7.3085,0.216440011407089
7.309,0.223671948284419
7.3095,0.231561333927378
7.31,0.238793270729064
7.3105,0.246682656290075
7.311,0.253914593017167
7.3115,0.261146529708954
7.312,0.269035915150921
7.3125,0.276596576160603
7.313,0.284157237132521
7.3135,0.291389173679271
7.314,0.29927855896416
7.3145,0.306510495439966
7.315,0.314399880648033
7.3155,0.321960541435243
7.316,0.328863753426797
7.3165,0.336753138523399
7.317,0.343985074827908
7.3175,0.351545735475346
7.318,0.344313799204616
7.3185,0.336753138523399
7.319,0.329192477806599
7.3195,0.321631817053944
7.32,0.314399880648033
7.3205,0.306510495439966
7.321,0.298949834578095
7.3215,0.292046622454555
7.322,0.284157237132521
7.3225,0.277582749332989
7.323,0.269035915150921
7.3235,0.261803978497374
7.324,0.254243317413012
7.3245,0.246353931892546
7.325,0.238793270729064
7.3255,0.231561333927378
7.326,0.224329397089645
7.3265,0.216440011407089
7.327,0.209208074493211
7.3275,0.201647413134818
7.328,0.193429302916726
7.3285,0.186197365884961
7.329,0.178965428815644
7.3295,0.171076042878733
7.33,0.164501554563393
7.3305,0.156283444124717
7.331,0.148722782477183
7.3315,0.141162120787247
7.332,0.133930183478682
7.3325,0.12669824613083
7.333,0.119137584315809
7.3335,0.111576922457312
7.334,0.103358811691924
7.3345,0.0961268741753442
7.335,0.0885662121828417
7.3355,0.0813342745830802
7.336,0.0741023369422865
7.3365,0.0662129503779778
7.337,0.05832356376424
7.3375,0.0510916259912923
7.338,0.05832356376424
7.3385,0.066541674819142
7.339,0.0737736125030898
7.3395,0.0813342745830802
7.34,0.0885662121828417
7.3405,0.0961268741753442
7.341,0.103358811691924
7.3415,0.111248198027691
7.342,0.118480135460278
7.3425,0.12636952170499
7.343,0.133930183478682
7.3435,0.141162120787247
7.344,0.148722782477183
7.3445,0.156283444124717
7.345,0.164172830146797
7.3455,0.171733491708534
7.346,0.178965428815644
7.3465,0.186197365884961
7.347,0.193758027326373
7.3475,0.201318688727015
7.348,0.208879350087163
7.3485,0.216440011407089
7.349,0.22400067268707
7.3495,0.231232609526447
7.35,0.239121995128288
7.3505,0.246682656290075
7.351,0.253914593017167
7.3515,0.261146529708954
7.352,0.268707190758335
7.3525,0.276596576160603
7.353,0.283828512743219
7.3535,0.291717898066948
7.354,0.299607283350155
7.3545,0.30683921982443
7.355,0.314071156265157
7.3555,0.321631817053944
7.356,0.329192477806599
7.3565,0.336753138523399
7.357,0.344313799204616
7.3575,0.351545735475346
7.358,0.344313799204616
7.3585,0.336753138523399
7.359,0.329521202186334
7.3595,0.321631817053944
7.36,0.314071156265157
7.3605,0.306510495439966
7.361,0.29927855896416
7.3615,0.292046622454555
7.362,0.283828512743219
7.3625,0.27692530055147
7.363,0.269035915150921
7.3635,0.2614752541032
7.364,0.254243317413012
7.3645,0.246682656290075
7.365,0.239450719527438
7.3655,0.231561333927378
7.366,0.22400067268707
7.3665,0.216768735811395
7.367,0.208879350087163
7.3675,0.201647413134818
7.368,0.193758027326373
7.3685,0.186526090296308
7.369,0.178965428815644
7.3695,0.171404767293673
7.37,0.163844105730122
7.3705,0.156612168543217
7.371,0.148722782477183
7.3715,0.141490845209434
7.372,0.133930183478682
7.3725,0.12669824613083
7.373,0.118808859888085
7.3735,0.110919473597988
7.374,0.103358811691924
7.3745,0.0964555986087937
7.375,0.0888949366182234
7.3755,0.0813342745830802
7.376,0.0734448880638077
7.3765,0.0662129503779778
7.377,0.05865228820747
7.3775,0.0514203504364273
7.378,0.05865228820747
7.3785,0.0655555014953919
7.379,0.0737736125030898
7.3795,0.0813342745830802
7.38,0.0888949366182234
7.3805,0.0961268741753442
7.381,0.103687536123536
7.3815,0.111248198027691
7.382,0.118480135460278
7.3825,0.126040797279069
7.383,0.133930183478682
7.3835,0.141162120787247
7.384,0.149051506897521
7.3845,0.155954719706137
7.385,0.163844105730122
7.3855,0.171404767293673
7.386,0.178965428815644
7.3865,0.186197365884961
7.387,0.193758027326373
7.3875,0.201976137542544
7.388,0.208550625681038
7.3885,0.216440011407089
7.389,0.22400067268707
7.3895,0.231232609526447
7.39,0.239121995128288
7.3905,0.246353931892546
7.391,0.254243317413012
7.3915,0.2614752541032
7.392,0.269035915150921
7.3925,0.276596576160603
7.393,0.283828512743219
7.3935,0.291717898066948
7.394,0.298949834578095
7.3945,0.30683921982443
7.395,0.314071156265157
7.3955,0.321303092672576
7.396,0.328863753426797
7.3965,0.336753138523399
7.397,0.343985074827908
7.3975,0.352203184225637
7.398,0.344313799204616
7.3985,0.336753138523399
7.399,0.329521202186334
7.3995,0.321303092672576
7.4,0.314071156265157
7.4005,0.306510495439966
7.401,0.29927855896416
7.4015,0.291717898066948
7.402,0.283828512743219
7.4025,0.27692530055147
7.403,0.269035915150921
7.4035,0.2614752541032
7.404,0.254243317413012
7.4045,0.246353931892546
7.405,0.238793270729064
7.4055,0.231561333927378
7.406,0.224329397089645
7.4065,0.216111287002708
7.407,0.208879350087163
7.4075,0.201647413134818
7.408,0.193758027326373
7.4085,0.186197365884961
7.409,0.178636704402506
7.4095,0.171076042878733
7.41,0.164172830146797
7.4105,0.156283444124717
7.411,0.148722782477183
7.4115,0.14181956963154
7.412,0.133601459054633
7.4125,0.12636952170499
7.413,0.118808859888085
7.4135,0.110919473597988
7.414,0.103687536123536
7.4145,0.0961268741753442
7.415,0.0885662121828417
7.4155,0.0813342745830802
7.416,0.0741023369422865
7.4165,0.0662129503779778
7.417,0.05865228820747
7.4175,0.0510916259912923
7.418,0.05832356376424
7.4185,0.0658842259367277
7.419,0.0737736125030898
7.4195,0.0810055501457543
7.42,0.0888949366182234
7.4205,0.0961268741753442
7.421,0.103687536123536
7.4215,0.111248198027691
7.422,0.118808859888085
7.4225,0.126040797279069
7.423,0.133601459054633
7.4235,0.141162120787247
7.424,0.149051506897521
7.4245,0.156283444124717
7.425,0.163844105730122
7.4255,0.171404767293673
7.426,0.178636704402506
7.4265,0.186526090296308
7.427,0.194086751735942
7.4275,0.201318688727015
7.428,0.208879350087163
7.4285,0.216111287002708
7.429,0.223671948284419
7.4295,0.231561333927378
7.43,0.238464546329766
7.4305,0.246353931892546
7.431,0.253914593017167
7.4315,0.2614752541032
7.432,0.268707190758335
7.4325,0.276596576160603
7.433,0.283828512743219
7.4335,0.291717898066948
7.434,0.299607283350155
7.4345,0.306510495439966
7.435,0.314399880648033
7.4355,0.321631817053944
7.436,0.328863753426797
7.4365,0.336753138523399
7.437,0.344313799204616
7.4375,0.351874459850525
7.438,0.343985074827908
7.4385,0.336753138523399
7.439,0.329192477806599
7.4395,0.32097436829114
7.44,0.313742431882212
7.4405,0.307167944208826
7.441,0.298949834578095
7.4415,0.292046622454555
7.442,0.284157237132521
7.4425,0.276596576160603
7.443,0.269364639543435
7.4435,0.261803978497374
7.444,0.254243317413012
7.4445,0.246682656290075
7.445,0.239121995128288
7.4455,0.231890058328235
7.446,0.22400067268707
7.4465,0.216440011407089
7.447,0.209208074493211
7.4475,0.201647413134818
7.448,0.193758027326373
7.4485,0.186526090296308
7.449,0.179294153228703
7.4495,0.171404767293673
7.45,0.163844105730122
7.4505,0.156283444124717
7.451,0.148722782477183
7.4515,0.141162120787247
7.452,0.133930183478682
7.4525,0.12636952170499
7.453,0.118808859888085
7.4535,0.111248198027691
7.454,0.103687536123536
7.4545,0.0961268741753442
7.455,0.0892236610535209
7.4555,0.0810055501457543
7.456,0.0737736125030898
7.4565,0.0655555014953919
7.457,0.05865228820747
7.4575,0.0510916259912923
7.458,0.05832356376424
7.4585,0.0662129503779778
7.459,0.0734448880638077
7.4595,0.0806768257083436
7.46,0.0888949366182234
7.4605,0.0964555986087937
7.461,0.104016260555065
7.4615,0.111576922457312
7.462,0.118808859888085
7.4625,0.12636952170499
7.463,0.133601459054633
7.4635,0.140833396364979
7.464,0.148394058056765
7.4645,0.156283444124717
7.465,0.163515381313368
7.4655,0.171404767293673
7.466,0.178636704402506
7.4665,0.186526090296308
7.467,0.194086751735942
7.4675,0.201647413134818
7.468,0.209208074493211
7.4685,0.216768735811395
7.469,0.22400067268707
7.4695,0.231232609526447
7.47,0.238793270729064
7.4705,0.246682656290075
7.471,0.253914593017167
7.4715,0.2614752541032
7.472,0.268707190758335
7.4725,0.276596576160603
7.473,0.283828512743219
7.4735,0.291717898066948
7.474,0.29927855896416
7.4745,0.306181771055432
7.475,0.314071156265157
7.4755,0.321631817053944
7.476,0.328863753426797
7.4765,0.337081862901581
7.477,0.344313799204616
7.4775,0.351545735475346
7.478,0.344313799204616
7.4785,0.336753138523399
7.479,0.329192477806599
7.4795,0.321631817053944
7.48,0.314071156265157
7.4805,0.30683921982443
7.481,0.29927855896416
7.4815,0.291389173679271
7.482,0.284485961521752
7.4825,0.276596576160603
7.483,0.268707190758335
7.4835,0.2614752541032
7.484,0.253914593017167
7.4845,0.246353931892546
7.485,0.239121995128288
7.4855,0.231561333927378
7.486,0.224329397089645
7.4865,0.216440011407089
7.487,0.208879350087163
7.4875,0.201318688727015
7.488,0.193758027326373
7.4885,0.186197365884961
7.489,0.178636704402506
7.4895,0.171404767293673
7.49,0.163844105730122
7.4905,0.156283444124717
7.491,0.148722782477183
7.4915,0.141490845209434
7.492,0.133601459054633
7.4925,0.12636952170499
7.493,0.118480135460278
7.4935,0.110919473597988
7.494,0.103687536123536
7.4945,0.0961268741753442
7.495,0.0885662121828417
7.4955,0.0810055501457543
7.496,0.0734448880638077
7.4965,0.0662129503779778
7.497,0.05865228820747
7.4975,0.0510916259912923
7.498,0.05865228820747
7.4985,0.0658842259367277
7.499,0.0734448880638077
7.4995,0.0813342745830802
7.5,0.0888949366182234
7.5005,0.0961268741753442
7.501,0.103687536123536
7.5015,0.110919473597988
7.502,0.118808859888085
7.5025,0.12636952170499
7.503,0.133601459054633
7.5035,0.141162120787247
7.504,0.149051506897521
7.5045,0.156283444124717
7.505,0.163844105730122
7.5055,0.171076042878733
7.506,0.178965428815644
7.5065,0.186526090296308
7.507,0.193758027326373
7.5075,0.201318688727015
7.508,0.208550625681038
7.5085,0.216768735811395
7.509,0.223671948284419
7.5095,0.231561333927378
7.51,0.239121995128288
7.5105,0.246353931892546
7.511,0.254243317413012
7.5115,0.261803978497374
7.512,0.269035915150921
7.5125,0.276596576160603
7.513,0.284157237132521
7.5135,0.291389173679271
7.514,0.29927855896416
7.5145,0.306510495439966
7.515,0.314399880648033
7.5155,0.321631817053944
7.516,0.329192477806599
7.5165,0.336424414145149
7.517,0.343985074827908
7.5175,0.351545735475346
7.518,0.344313799204616
7.5185,0.336424414145149
7.519,0.329521202186334
7.5195,0.321960541435243
7.52,0.314071156265157
7.5205,0.306510495439966
7.521,0.29927855896416
7.5215,0.291389173679271
7.522,0.284157237132521
7.5225,0.276596576160603
7.523,0.269364639543435
7.5235,0.261803978497374
7.524,0.254243317413012
7.5245,0.246353931892546
7.525,0.239121995128288
7.5255,0.231561333927378
7.526,0.22400067268707
7.5265,0.216768735811395
7.527,0.209208074493211
7.5275,0.201647413134818
7.528,0.193758027326373
7.5285,0.186197365884961
7.529,0.178636704402506
7.5295,0.171404767293673
7.53,0.163844105730122
7.5305,0.156612168543217
7.531,0.149051506897521
7.5315,0.141162120787247
7.532,0.133601459054633
7.5325,0.126040797279069
7.533,0.118808859888085
7.5335,0.110919473597988
7.534,0.104016260555065
7.5345,0.0964555986087937
7.535,0.0885662121828417
7.5355,0.0813342745830802
7.536,0.0734448880638077
7.5365,0.0662129503779778
7.537,0.05865228820747
7.5375,0.0514203504364273
7.538,0.05865228820747
7.5385,0.0658842259367277
7.539,0.0737736125030898
7.5395,0.0810055501457543
7.54,0.0888949366182234
7.5405,0.0961268741753442
7.541,0.103358811691924
7.5415,0.111248198027691
7.542,0.118808859888085
7.5425,0.126040797279069
7.543,0.133601459054633
7.5435,0.141490845209434
7.544,0.148722782477183
7.5445,0.155954719706137
7.545,0.163844105730122
7.5455,0.171404767293673
7.546,0.178965428815644
7.5465,0.186197365884961
7.547,0.193758027326373
7.5475,0.201318688727015
7.548,0.208879350087163
7.5485,0.216440011407089
7.549,0.223671948284419
7.5495,0.231561333927378
7.55,0.239121995128288
7.5505,0.246682656290075
7.551,0.254243317413012
7.5515,0.261803978497374
7.552,0.269035915150921
7.5525,0.276596576160603
7.553,0.284157237132521
7.5535,0.291717898066948
7.554,0.29927855896416
7.5545,0.306181771055432
7.555,0.314071156265157
7.5555,0.321303092672576
7.556,0.329192477806599
7.5565,0.336753138523399
7.557,0.344313799204616
7.5575,0.351545735475346
7.558,0.343985074827908
7.5585,0.336424414145149
7.559,0.329192477806599
7.5595,0.321631817053944
7.56,0.314071156265157
7.5605,0.30683921982443
7.561,0.29927855896416
7.5615,0.291717898066948
7.562,0.284157237132521
7.5625,0.27692530055147
7.563,0.269035915150921
7.5635,0.261803978497374
7.564,0.253914593017167
7.5645,0.246682656290075
7.565,0.238793270729064
7.5655,0.231561333927378
7.566,0.224329397089645
7.5665,0.216440011407089
7.567,0.208550625681038
7.5675,0.201318688727015
7.568,0.194086751735942
7.5685,0.186197365884961
7.569,0.178965428815644
7.5695,0.171404767293673
7.57,0.164172830146797
7.5705,0.156283444124717
7.571,0.149051506897521
7.5715,0.141162120787247
7.572,0.133930183478682
7.5725,0.125712072853065
7.573,0.119137584315809
7.5735,0.111248198027691
7.574,0.104016260555065
7.5745,0.0964555986087937
7.575,0.0882374877473757
7.5755,0.0810055501457543
7.576,0.0737736125030898
7.5765,0.0662129503779778
7.577,0.05865228820747
7.5775,0.0514203504364273
7.578,0.05865228820747
7.5785,0.0662129503779778
7.579,0.0737736125030898
7.5795,0.0810055501457543
7.58,0.0888949366182234
7.5805,0.0961268741753442
7.581,0.103687536123536
7.5815,0.111576922457312
7.582,0.118808859888085
7.5825,0.12669824613083
7.583,0.133601459054633
7.5835,0.141490845209434
7.584,0.148394058056765
7.5845,0.156612168543217
7.585,0.163844105730122
7.5855,0.171404767293673
7.586,0.178965428815644
7.5865,0.186197365884961
7.587,0.193758027326373
7.5875,0.201318688727015
7.588,0.209536798899184
7.5885,0.216440011407089
7.589,0.22400067268707
7.5895,0.231232609526447
7.59,0.238793270729064
7.5905,0.246353931892546
7.591,0.253914593017167
7.5915,0.2614752541032
7.592,0.269035915150921
7.5925,0.27692530055147
7.593,0.283828512743219
7.5935,0.291717898066948
7.594,0.298949834578095
7.5945,0.306181771055432
7.595,0.314071156265157
7.5955,0.321631817053944
7.596,0.329521202186334
7.5965,0.336753138523399
7.597,0.344313799204616
7.5975,0.351545735475346
7.598,0.344313799204616
7.5985,0.336753138523399
7.599,0.328863753426797
7.5995,0.321303092672576
7.6,0.314399880648033
7.6005,0.30683921982443
7.601,0.298949834578095
7.6015,0.291389173679271
7.602,0.283828512743219
7.6025,0.276267851769665
7.603,0.268707190758335
7.6035,0.2614752541032
7.604,0.253914593017167
7.6045,0.246682656290075
7.605,0.239121995128288
7.6055,0.231561333927378
7.606,0.223671948284419
7.6065,0.216440011407089
7.607,0.208879350087163
7.6075,0.201647413134818
7.608,0.194086751735942
7.6085,0.186526090296308
7.609,0.178965428815644
7.6095,0.171076042878733
7.61,0.163844105730122
7.6105,0.156283444124717
7.611,0.148722782477183
7.6115,0.141162120787247
7.612,0.133930183478682
7.6125,0.12636952170499
7.613,0.118808859888085
7.6135,0.110919473597988
7.614,0.103687536123536
7.6145,0.0961268741753442
7.615,0.0885662121828417
7.6155,0.0810055501457543
7.616,0.0737736125030898
7.6165,0.066541674819142
7.617,0.05832356376424
7.6175,0.0514203504364273
7.618,0.05865228820747
7.6185,0.0662129503779778
7.619,0.0734448880638077
7.6195,0.0816629990203214
7.62,0.0885662121828417
7.6205,0.0961268741753442
7.621,0.103687536123536
7.6215,0.110919473597988
7.622,0.119137584315809
7.6225,0.126040797279069
7.623,0.133601459054633
7.6235,0.141490845209434
7.624,0.148722782477183
7.6245,0.156283444124717
7.625,0.163844105730122
7.6255,0.171404767293673
7.626,0.178636704402506
7.6265,0.186197365884961
7.627,0.193758027326373
7.6275,0.201647413134818
7.628,0.209208074493211
7.6285,0.216440011407089
7.629,0.22400067268707
7.6295,0.231232609526447
7.63,0.238793270729064
7.6305,0.246353931892546
7.631,0.253585868621248
7.6315,0.261146529708954
7.632,0.268707190758335
7.6325,0.276267851769665
7.633,0.283828512743219
7.6335,0.291717898066948
7.634,0.298949834578095
7.6345,0.306510495439966
7.635,0.314399880648033
7.6355,0.321631817053944
7.636,0.328863753426797
7.6365,0.336424414145149
7.637,0.343985074827908
7.6375,0.351545735475346
7.638,0.344642523581257
7.6385,0.336753138523399
7.639,0.328863753426797
7.6395,0.321631817053944
7.64,0.314071156265157
7.6405,0.306181771055432
7.641,0.29862111019196
7.6415,0.291717898066948
7.642,0.284485961521752
7.6425,0.27692530055147
7.643,0.269035915150921
7.6435,0.261146529708954
7.644,0.253914593017167
7.6445,0.246353931892546
7.645,0.239121995128288
7.6455,0.231561333927378
7.646,0.223671948284419
7.6465,0.216440011407089
7.647,0.208879350087163
7.6475,0.201647413134818
7.648,0.194086751735942
7.6485,0.186526090296308
7.649,0.178965428815644
7.6495,0.172062216123317
7.65,0.163844105730122
7.6505,0.156283444124717
7.651,0.149051506897521
7.6515,0.141162120787247
7.652,0.133930183478682
7.6525,0.12636952170499
7.653,0.118808859888085
7.6535,0.111248198027691
7.654,0.103687536123536
7.6545,0.0964555986087937
7.655,0.0888949366182234
7.6555,0.0813342745830802
7.656,0.0734448880638077
7.6565,0.0658842259367277
7.657,0.05865228820747
7.6575,0.0514203504364273
7.658,0.05865228820747
7.6585,0.0658842259367277
7.659,0.0737736125030898
7.6595,0.0813342745830802
7.66,0.0885662121828417
7.6605,0.0961268741753442
7.661,0.103687536123536
7.6615,0.111248198027691
7.662,0.118808859888085
7.6625,0.126040797279069
7.663,0.133930183478682
7.6635,0.141490845209434
7.664,0.148722782477183
7.6645,0.156283444124717
7.665,0.163844105730122
7.6655,0.171076042878733
7.666,0.179294153228703
7.6665,0.186197365884961
7.667,0.193758027326373
7.6675,0.201647413134818
7.668,0.208879350087163
7.6685,0.216768735811395
7.669,0.22400067268707
7.6695,0.231232609526447
7.67,0.238793270729064
7.6705,0.246682656290075
7.671,0.254243317413012
7.6715,0.261803978497374
7.672,0.268707190758335
7.6725,0.276596576160603
7.673,0.283828512743219
7.6735,0.292046622454555
7.674,0.298949834578095
7.6745,0.306510495439966
7.675,0.314071156265157
7.6755,0.321631817053944
7.676,0.328863753426797
7.6765,0.336753138523399
7.677,0.344313799204616
7.6775,0.351874459850525
7.678,0.343985074827908
7.6785,0.336753138523399
7.679,0.329192477806599
7.6795,0.321631817053944
7.68,0.314071156265157
7.6805,0.30683921982443
7.681,0.29927855896416
7.6815,0.291389173679271
7.682,0.283828512743219
7.6825,0.276596576160603
7.683,0.268707190758335
7.6835,0.261803978497374
7.684,0.254243317413012
7.6845,0.246682656290075
7.685,0.239450719527438
7.6855,0.231232609526447
7.686,0.22400067268707
7.6865,0.216440011407089
7.687,0.209208074493211
7.6875,0.201976137542544
7.688,0.194086751735942
7.6885,0.186197365884961
7.689,0.178965428815644
7.6895,0.171404767293673
7.69,0.163515381313368
7.6905,0.155954719706137
7.691,0.148722782477183
7.6915,0.141490845209434
7.692,0.133601459054633
7.6925,0.12636952170499
7.693,0.118808859888085
7.6935,0.111248198027691
7.694,0.103687536123536
7.6945,0.0964555986087937
7.695,0.0885662121828417
7.6955,0.0813342745830802
7.696,0.0737736125030898
7.6965,0.0662129503779778
7.697,0.05832356376424
7.6975,0.0510916259912923
7.698,0.05865228820747
7.6985,0.0662129503779778
7.699,0.0737736125030898
7.6995,0.0813342745830802
7.7,0.0885662121828417
7.7005,0.0964555986087937
7.701,0.103687536123536
7.7015,0.111576922457312
7.702,0.118808859888085
7.7025,0.126040797279069
7.703,0.134258907902649
7.7035,0.141490845209434
7.704,0.149051506897521
7.7045,0.156612168543217
7.705,0.164172830146797
7.7055,0.171404767293673
7.706,0.178965428815644
7.7065,0.186526090296308
7.707,0.194086751735942
7.7075,0.201318688727015
7.708,0.209208074493211
7.7085,0.216111287002708
7.709,0.224329397089645
7.7095,0.231561333927378
7.71,0.238793270729064
7.7105,0.246682656290075
7.711,0.254243317413012
7.7115,0.2614752541032
7.712,0.269035915150921
7.7125,0.276267851769665
7.713,0.284485961521752
7.7135,0.291717898066948
7.714,0.298949834578095
7.7145,0.30683921982443
7.715,0.314071156265157
7.7155,0.321631817053944
7.716,0.329521202186334
7.7165,0.336753138523399
7.717,0.344642523581257
7.7175,0.351874459850525
7.718,0.343985074827908
7.7185,0.336753138523399
7.719,0.329192477806599
7.7195,0.321960541435243
7.72,0.314071156265157
7.7205,0.306510495439966
7.721,0.29927855896416
7.7215,0.292046622454555
7.722,0.284485961521752
7.7225,0.276267851769665
7.723,0.268707190758335
7.7235,0.2614752541032
7.724,0.253914593017167
7.7245,0.246682656290075
7.725,0.238793270729064
7.7255,0.231232609526447
7.726,0.22400067268707
7.7265,0.217097460215626
7.727,0.208879350087163
7.7275,0.201647413134818
7.728,0.193758027326373
7.7285,0.185868641473536
7.729,0.178965428815644
7.7295,0.171404767293673
7.73,0.164172830146797
7.7305,0.156283444124717
7.731,0.149051506897521
7.7315,0.141490845209434
7.732,0.133930183478682
7.7325,0.12669824613083
7.733,0.118808859888085
7.7335,0.111248198027691
7.734,0.103358811691924
7.7345,0.0961268741753442
7.735,0.0885662121828417
7.7355,0.0810055501457543
7.736,0.0737736125030898
7.7365,0.0662129503779778
7.737,0.05865228820747
7.7375,0.0510916259912923
7.738,0.0589810126506137
7.7385,0.0658842259367277
7.739,0.0737736125030898
7.7395,0.0813342745830802
7.74,0.0888949366182234
7.7405,0.0961268741753442
7.741,0.103687536123536
7.7415,0.111248198027691
7.742,0.118480135460278
7.7425,0.12636952170499
7.743,0.133601459054633
7.7435,0.141490845209434
7.744,0.149051506897521
7.7445,0.156283444124717
7.745,0.163515381313368
7.7455,0.171076042878733
7.746,0.179294153228703
7.7465,0.186197365884961
7.747,0.193758027326373
7.7475,0.201318688727015
7.748,0.209536798899184
7.7485,0.216440011407089
7.749,0.22400067268707
7.7495,0.231232609526447
7.75,0.239121995128288
7.7505,0.246353931892546
7.751,0.253585868621248
7.7515,0.261803978497374
7.752,0.269035915150921
7.7525,0.276267851769665
7.753,0.284157237132521
7.7535,0.291389173679271
7.754,0.298949834578095
7.7545,0.306181771055432
7.755,0.314071156265157
7.7555,0.321303092672576
7.756,0.329192477806599
7.7565,0.336753138523399
7.757,0.343985074827908
7.7575,0.351545735475346
7.758,0.344313799204616
7.7585,0.336753138523399
7.759,0.329521202186334
7.7595,0.321631817053944
7.76,0.314071156265157
7.7605,0.306510495439966
7.761,0.298949834578095
7.7615,0.291389173679271
7.762,0.283828512743219
7.7625,0.276596576160603
7.763,0.269035915150921
7.7635,0.2614752541032
7.764,0.254243317413012
7.7645,0.246353931892546
7.765,0.238793270729064
7.7655,0.231232609526447
7.766,0.22400067268707
7.7665,0.216111287002708
7.767,0.208879350087163
7.7675,0.201318688727015
7.768,0.193758027326373
7.7685,0.186197365884961
7.769,0.178965428815644
7.7695,0.171404767293673
7.77,0.163844105730122
7.7705,0.155954719706137
7.771,0.148722782477183
7.7715,0.141490845209434
7.772,0.133601459054633
7.7725,0.126040797279069
7.773,0.118480135460278
7.7735,0.110919473597988
7.774,0.103358811691924
7.7745,0.0961268741753442
7.775,0.0885662121828417
7.7755,0.0810055501457543
7.776,0.0737736125030898
7.7765,0.0662129503779778
7.777,0.05865228820747
7.7775,0.0510916259912923
7.778,0.05865228820747
7.7785,0.0658842259367277
7.779,0.0737736125030898
7.7795,0.0813342745830802
7.78,0.0885662121828417
7.7805,0.0964555986087937
7.781,0.104016260555065
7.7815,0.111576922457312
7.782,0.118480135460278
7.7825,0.126040797279069
7.783,0.133930183478682
7.7835,0.141490845209434
7.784,0.148722782477183
7.7845,0.156283444124717
7.785,0.164172830146797
7.7855,0.171404767293673
7.786,0.178965428815644
7.7865,0.186526090296308
7.787,0.194086751735942
7.7875,0.201318688727015
7.788,0.209208074493211
7.7885,0.216111287002708
7.789,0.22400067268707
7.7895,0.231561333927378
7.79,0.239121995128288
7.7905,0.246353931892546
7.791,0.253585868621248
7.7915,0.261803978497374
7.792,0.269035915150921
7.7925,0.276267851769665
7.793,0.284157237132521
7.7935,0.291389173679271
7.794,0.299607283350155
7.7945,0.306510495439966
7.795,0.314071156265157
7.7955,0.321960541435243
7.796,0.328863753426797
7.7965,0.336424414145149
7.797,0.343985074827908
7.7975,0.351545735475346
7.798,0.343985074827908
7.7985,0.336753138523399
7.799,0.329192477806599
7.7995,0.321303092672576
7.8,0.314071156265157
7.8005,0.307496668593152
7.801,0.298949834578095
7.8015,0.291717898066948
7.802,0.284157237132521
7.8025,0.276267851769665
7.803,0.269035915150921
7.8035,0.2614752541032
7.804,0.253914593017167
7.8045,0.246353931892546
7.805,0.238793270729064
7.8055,0.231561333927378
7.806,0.22400067268707
7.8065,0.216440011407089
7.807,0.208879350087163
7.8075,0.200989964319135
7.808,0.194086751735942
7.8085,0.186197365884961
7.809,0.178965428815644
7.8095,0.171076042878733
7.81,0.164172830146797
7.8105,0.155954719706137
7.811,0.148722782477183
7.8115,0.141490845209434
7.812,0.133601459054633
7.8125,0.12669824613083
7.813,0.118808859888085
7.8135,0.111248198027691
7.814,0.103687536123536
7.8145,0.0964555986087937
7.815,0.0885662121828417
7.8155,0.0813342745830802
7.816,0.0737736125030898
7.8165,0.0662129503779778
7.817,0.05832356376424
7.8175,0.0510916259912923
7.818,0.05865228820747
7.8185,0.0662129503779778
7.819,0.0734448880638077
7.8195,0.0810055501457543
7.82,0.0888949366182234
7.8205,0.0961268741753442
7.821,0.103687536123536
7.8215,0.111248198027691
7.822,0.118480135460278
7.8225,0.126040797279069
7.823,0.133930183478682
7.8235,0.141162120787247
7.824,0.148722782477183
7.8245,0.156612168543217
7.825,0.164172830146797
7.8255,0.171404767293673
7.826,0.178965428815644
7.8265,0.186526090296308
7.827,0.193758027326373
7.8275,0.201647413134818
7.828,0.208879350087163
7.8285,0.216440011407089
7.829,0.224329397089645
7.8295,0.231232609526447
7.83,0.239450719527438
7.8305,0.246682656290075
7.831,0.254243317413012
7.8315,0.261803978497374
7.832,0.269035915150921
7.8325,0.276596576160603
7.833,0.284157237132521
7.8335,0.291717898066948
7.834,0.29927855896416
7.8345,0.306181771055432
7.835,0.314071156265157
7.8355,0.321960541435243
7.836,0.329192477806599
7.8365,0.336753138523399
7.837,0.343985074827908
7.8375,0.351874459850525
7.838,0.344313799204616
7.8385,0.336424414145149
7.839,0.328863753426797
7.8395,0.321631817053944
7.84,0.313742431882212
7.8405,0.30683921982443
7.841,0.29927855896416
7.8415,0.291717898066948
7.842,0.284157237132521
7.8425,0.27692530055147
7.843,0.268707190758335
7.8435,0.2614752541032
7.844,0.254243317413012
7.8445,0.246353931892546
7.845,0.238793270729064
7.8455,0.231232609526447
7.846,0.22400067268707
7.8465,0.216440011407089
7.847,0.209208074493211
7.8475,0.201318688727015
7.848,0.193758027326373
7.8485,0.185868641473536
7.849,0.178636704402506
7.8495,0.170747318463714
7.85,0.163844105730122
7.8505,0.156283444124717
7.851,0.149051506897521
7.8515,0.141162120787247
7.852,0.133930183478682
7.8525,0.12636952170499
7.853,0.118808859888085
7.8535,0.110919473597988
7.854,0.104016260555065
7.8545,0.0957981497418109
7.855,0.0888949366182234
7.8555,0.0810055501457543
7.856,0.0734448880638077
7.8565,0.0662129503779778
7.857,0.05865228820747
7.8575,0.0510916259912923
7.858,0.0589810126506137
7.8585,0.0658842259367277
7.859,0.0737736125030898
7.8595,0.0813342745830802
7.86,0.0888949366182234
7.8605,0.0961268741753442
7.861,0.103687536123536
7.8615,0.111248198027691
7.862,0.118480135460278
7.8625,0.12636952170499
7.863,0.133930183478682
7.8635,0.14181956963154
7.864,0.148722782477183
7.8645,0.156283444124717
7.865,0.164172830146797
7.8655,0.171404767293673
7.866,0.178636704402506
7.8665,0.186197365884961
7.867,0.193758027326373
7.8675,0.201318688727015
7.868,0.208879350087163
7.8685,0.216440011407089
7.869,0.22400067268707
7.8695,0.231561333927378
7.87,0.238793270729064
7.8705,0.246682656290075
7.871,0.254243317413012
7.8715,0.2614752541032
7.872,0.269364639543435
7.8725,0.276596576160603
7.873,0.284157237132521
7.8735,0.291060449291523
7.874,0.29927855896416
7.8745,0.30683921982443
7.875,0.314399880648033
7.8755,0.321960541435243
7.876,0.329192477806599
7.8765,0.336753138523399
7.877,0.343985074827908
7.8775,0.351874459850525
7.878,0.344313799204616
7.8785,0.336753138523399
7.879,0.329192477806599
7.8795,0.321303092672576
7.88,0.314399880648033
7.8805,0.306510495439966
7.881,0.29862111019196
7.8815,0.291717898066948
7.882,0.283828512743219
7.8825,0.27692530055147
7.883,0.268707190758335
7.8835,0.2614752541032
7.884,0.253914593017167
7.8845,0.246353931892546
7.885,0.238793270729064
7.8855,0.231232609526447
7.886,0.22400067268707
7.8865,0.216440011407089
7.887,0.208879350087163
7.8875,0.201647413134818
7.888,0.193758027326373
7.8885,0.186526090296308
7.889,0.179294153228703
7.8895,0.171076042878733
7.89,0.163515381313368
7.8905,0.156283444124717
7.891,0.148394058056765
7.8915,0.141162120787247
7.892,0.133601459054633
7.8925,0.12669824613083
7.893,0.119137584315809
7.8935,0.111248198027691
7.894,0.103687536123536
7.8945,0.0964555986087937
7.895,0.0885662121828417
7.8955,0.0813342745830802
7.896,0.0734448880638077
7.8965,0.0662129503779778
7.897,0.05865228820747
7.8975,0.0510916259912923
7.898,0.0589810126506137
7.8985,0.0662129503779778
7.899,0.0734448880638077
7.8995,0.0810055501457543
7.9,0.0888949366182234
7.9005,0.0961268741753442
7.901,0.104016260555065
7.9015,0.111576922457312
7.902,0.118808859888085
7.9025,0.12636952170499
7.903,0.133601459054633
7.9035,0.140833396364979
7.904,0.149051506897521
7.9045,0.156283444124717
7.905,0.163844105730122
7.9055,0.171404767293673
7.906,0.17830797998929
7.9065,0.186854814707579
7.907,0.194086751735942
7.9075,0.201647413134818
7.908,0.209208074493211
7.9085,0.216111287002708
7.909,0.22400067268707
7.9095,0.231232609526447
7.91,0.238793270729064
7.9105,0.246353931892546
7.911,0.253914593017167
7.9115,0.2614752541032
7.912,0.269035915150921
7.9125,0.276596576160603
7.913,0.284157237132521
7.9135,0.291389173679271
7.914,0.29927855896416
7.9145,0.30683921982443
7.915,0.314399880648033
7.9155,0.321631817053944
7.916,0.329192477806599
7.9165,0.337081862901581
7.917,0.344313799204616
7.9175,0.351874459850525
7.918,0.343985074827908
7.9185,0.336424414145149
7.919,0.329192477806599
7.9195,0.321631817053944
7.92,0.314071156265157
7.9205,0.30683921982443
7.921,0.298949834578095
7.9215,0.291717898066948
7.922,0.283828512743219
7.9225,0.27692530055147
7.923,0.269364639543435
7.9235,0.261146529708954
7.924,0.254243317413012
7.9245,0.246682656290075
7.925,0.239121995128288
7.9255,0.231561333927378
7.926,0.223671948284419
7.9265,0.216440011407089
7.927,0.208550625681038
7.9275,0.201318688727015
7.928,0.193429302916726
7.9285,0.186197365884961
7.929,0.178965428815644
7.9295,0.171076042878733
7.93,0.163844105730122
7.9305,0.156283444124717
7.931,0.149051506897521
7.9315,0.141162120787247
7.932,0.133930183478682
7.9325,0.12636952170499
7.933,0.118808859888085
7.9335,0.111576922457312
7.934,0.104016260555065
7.9345,0.0961268741753442
7.935,0.0892236610535209
7.9355,0.0810055501457543
7.936,0.0737736125030898
7.9365,0.0662129503779778
7.937,0.05865228820747
7.9375,0.0514203504364273
7.938,0.0589810126506137
7.9385,0.0662129503779778
7.939,0.0734448880638077
7.9395,0.0816629990203214
7.94,0.0885662121828417
7.9405,0.0961268741753442
7.941,0.103687536123536
7.9415,0.111248198027691
7.942,0.118480135460278
7.9425,0.12636952170499
7.943,0.133930183478682
7.9435,0.141490845209434
7.944,0.149051506897521
7.9445,0.155954719706137
7.945,0.163844105730122
7.9455,0.171076042878733
7.946,0.178636704402506
7.9465,0.186197365884961
7.947,0.193758027326373
7.9475,0.201647413134818
7.948,0.208879350087163
7.9485,0.216440011407089
7.949,0.22400067268707
7.9495,0.231232609526447
7.95,0.239121995128288
7.9505,0.246682656290075
7.951,0.253914593017167
7.9515,0.2614752541032
7.952,0.269035915150921
7.9525,0.276596576160603
7.953,0.284485961521752
7.9535,0.291717898066948
7.954,0.298949834578095
7.9545,0.30683921982443
7.955,0.314071156265157
7.9555,0.321631817053944
7.956,0.329192477806599
7.9565,0.337081862901581
7.957,0.344313799204616
7.9575,0.351874459850525
7.958,0.343985074827908
7.9585,0.336095689766833
7.959,0.329521202186334
7.9595,0.321303092672576
7.96,0.314071156265157
7.9605,0.306181771055432
7.961,0.29927855896416
7.9615,0.291389173679271
7.962,0.283828512743219
7.9625,0.276596576160603
7.963,0.268707190758335
7.9635,0.261146529708954
7.964,0.253585868621248
7.9645,0.246682656290075
7.965,0.239121995128288
7.9655,0.231561333927378
7.966,0.224329397089645
7.9665,0.216768735811395
7.967,0.208879350087163
7.9675,0.201647413134818
7.968,0.194086751735942
7.9685,0.186197365884961
7.969,0.178965428815644
7.9695,0.171404767293673
7.97,0.163515381313368
7.9705,0.156283444124717
7.971,0.148394058056765
7.9715,0.141162120787247
7.972,0.133601459054633
7.9725,0.12636952170499
7.973,0.118808859888085
7.9735,0.110919473597988
7.974,0.103687536123536
7.9745,0.0964555986087937
7.975,0.0888949366182234
7.9755,0.0810055501457543
7.976,0.0737736125030898
7.9765,0.0662129503779778
7.977,0.05865228820747
7.9775,0.0514203504364273
7.978,0.05865228820747
7.9785,0.0662129503779778
7.979,0.0734448880638077
7.9795,0.0813342745830802
7.98,0.0885662121828417
7.9805,0.0967843230421594
7.981,0.103687536123536
7.9815,0.111248198027691
7.982,0.119137584315809
7.9825,0.12636952170499
7.983,0.133930183478682
7.9835,0.141490845209434
7.984,0.148722782477183
7.9845,0.156283444124717
7.985,0.163844105730122
7.9855,0.171404767293673
7.986,0.178636704402506
7.9865,0.186526090296308
7.987,0.194086751735942
7.9875,0.201647413134818
7.988,0.209208074493211
7.9885,0.216440011407089
7.989,0.224329397089645
7.9895,0.231561333927378
7.99,0.239121995128288
7.9905,0.246682656290075
7.991,0.254243317413012
7.9915,0.261803978497374
7.992,0.268707190758335
7.9925,0.27692530055147
7.993,0.284157237132521
7.9935,0.291717898066948
7.994,0.29927855896416
7.9945,0.30683921982443
7.995,0.314399880648033
7.9955,0.321631817053944
7.996,0.329192477806599
7.9965,0.336753138523399
7.997,0.344313799204616
7.9975,0.351874459850525
7.998,0.343985074827908
7.9985,0.336753138523399
7.999,0.329192477806599
7.9995,0.321631817053944
8,0.314399880648033
8.0005,0.30683921982443
8.001,0.298949834578095
8.0015,0.291389173679271
8.002,0.284485961521752
8.0025,0.276267851769665
8.003,0.269035915150921
8.0035,0.2614752541032
8.004,0.254243317413012
8.0045,0.246353931892546
8.005,0.238793270729064
8.0055,0.231561333927378
8.006,0.22400067268707
8.0065,0.216440011407089
8.007,0.208879350087163
8.0075,0.201976137542544
8.008,0.193758027326373
8.0085,0.186197365884961
8.009,0.178965428815644
8.0095,0.171076042878733
8.01,0.163515381313368
8.0105,0.156283444124717
8.011,0.148722782477183
8.0115,0.141162120787247
8.012,0.133601459054633
8.0125,0.12636952170499
8.013,0.118808859888085
8.0135,0.111248198027691
8.014,0.103687536123536
8.0145,0.0961268741753442
8.015,0.0888949366182234
8.0155,0.0813342745830802
8.016,0.0734448880638077
8.0165,0.0658842259367277
8.017,0.05865228820747
8.0175,0.0514203504364273
8.018,0.05865228820747
8.0185,0.0662129503779778
8.019,0.0737736125030898
8.0195,0.0813342745830802
8.02,0.0892236610535209
8.0205,0.0964555986087937
8.021,0.103358811691924
8.0215,0.111576922457312
8.022,0.118808859888085
8.0225,0.12636952170499
8.023,0.133930183478682
8.0235,0.141490845209434
8.024,0.149380231317779
8.0245,0.156283444124717
8.025,0.163515381313368
8.0255,0.171404767293673
8.026,0.178636704402506
8.0265,0.186526090296308
8.027,0.194086751735942
8.0275,0.201318688727015
8.028,0.208879350087163
8.0285,0.216111287002708
8.029,0.223671948284419
8.0295,0.231561333927378
8.03,0.239450719527438
8.0305,0.246682656290075
8.031,0.254243317413012
8.0315,0.261803978497374
8.032,0.269364639543435
8.0325,0.277254024942265
8.033,0.284157237132521
8.0335,0.291717898066948
8.034,0.29927855896416
8.0345,0.306181771055432
8.035,0.314399880648033
8.0355,0.321631817053944
8.036,0.329521202186334
8.0365,0.337081862901581
8.037,0.344313799204616
8.0375,0.351874459850525
8.038,0.344313799204616
8.0385,0.336753138523399
8.039,0.329192477806599
8.0395,0.321960541435243
8.04,0.314071156265157
8.0405,0.306510495439966
8.041,0.29927855896416
8.0415,0.291389173679271
8.042,0.284157237132521
8.0425,0.276596576160603
8.043,0.269035915150921
8.0435,0.2614752541032
8.044,0.253914593017167
8.0445,0.246353931892546
8.045,0.239121995128288
8.0455,0.231561333927378
8.046,0.223671948284419
8.0465,0.216440011407089
8.047,0.209208074493211
8.0475,0.201647413134818
8.048,0.194086751735942
8.0485,0.186197365884961
8.049,0.178965428815644
8.0495,0.171404767293673
8.05,0.163515381313368
8.0505,0.156283444124717
8.051,0.148722782477183
8.0515,0.141490845209434
8.052,0.133601459054633
8.0525,0.12636952170499
8.053,0.118808859888085
8.0535,0.111248198027691
8.054,0.103358811691924
8.0545,0.0961268741753442
8.055,0.0885662121828417
8.0555,0.0806768257083436
8.056,0.0737736125030898
8.0565,0.0662129503779778
8.057,0.05865228820747
8.0575,0.0514203504364273
8.058,0.05865228820747
8.0585,0.066541674819142
8.059,0.0741023369422865
8.0595,0.0810055501457543
8.06,0.0892236610535209
8.0605,0.0964555986087937
8.061,0.103358811691924
8.0615,0.111248198027691
8.062,0.119137584315809
8.0625,0.12669824613083
8.063,0.134258907902649
8.0635,0.141490845209434
8.064,0.148722782477183
8.0645,0.156283444124717
8.065,0.163844105730122
8.0655,0.171733491708534
8.066,0.178636704402506
8.0665,0.186526090296308
8.067,0.194086751735942
8.0675,0.201647413134818
8.068,0.209536798899184
8.0685,0.216440011407089
8.069,0.224329397089645
8.0695,0.231232609526447
8.07,0.239450719527438
8.0705,0.24701138068753
8.071,0.253914593017167
8.0715,0.2614752541032
8.072,0.269035915150921
8.0725,0.276596576160603
8.073,0.284157237132521
8.0735,0.292046622454555
8.074,0.29927855896416
8.0745,0.306510495439966
8.075,0.314399880648033
8.0755,0.321631817053944
8.076,0.329521202186334
8.0765,0.336753138523399
8.077,0.343985074827908
8.0775,0.351545735475346
8.078,0.343985074827908
8.0785,0.336753138523399
8.079,0.329192477806599
8.0795,0.321631817053944
8.08,0.314399880648033
8.0805,0.30683921982443
8.081,0.298949834578095
8.0815,0.291389173679271
8.082,0.284157237132521
8.0825,0.276596576160603
8.083,0.269035915150921
8.0835,0.261803978497374
8.084,0.254243317413012
8.0845,0.246682656290075
8.085,0.238464546329766
8.0855,0.231561333927378
8.086,0.22400067268707
8.0865,0.216440011407089
8.087,0.208879350087163
8.0875,0.201647413134818
8.088,0.194086751735942
8.0885,0.186526090296308
8.089,0.178636704402506
8.0895,0.171404767293673
8.09,0.163844105730122
8.0905,0.155954719706137
8.091,0.148722782477183
8.0915,0.141490845209434
8.092,0.133601459054633
8.0925,0.125712072853065
8.093,0.118808859888085
8.0935,0.110919473597988
8.094,0.103358811691924
8.0945,0.0961268741753442
8.095,0.0882374877473757
8.0955,0.0810055501457543
8.096,0.0734448880638077
8.0965,0.0658842259367277
8.097,0.05832356376424
8.0975,0.0517490748814755
8.098,0.05865228820747
8.0985,0.0662129503779778
8.099,0.0737736125030898
8.0995,0.0813342745830802
8.1,0.0888949366182234
8.1005,0.0964555986087937
8.101,0.103687536123536
8.1015,0.111248198027691
8.102,0.118808859888085
8.1025,0.12636952170499
8.103,0.133930183478682
8.1035,0.141490845209434
8.104,0.148722782477183
8.1045,0.156612168543217
8.105,0.164172830146797
8.1055,0.171404767293673
8.106,0.178965428815644
8.1065,0.186197365884961
8.107,0.193758027326373
8.1075,0.201318688727015
8.108,0.208879350087163
8.1085,0.216440011407089
8.109,0.22400067268707
8.1095,0.231561333927378
8.11,0.239121995128288
8.1105,0.246353931892546
8.111,0.254243317413012
8.1115,0.261146529708954
8.112,0.269364639543435
8.1125,0.27692530055147
8.113,0.284157237132521
8.1135,0.291389173679271
8.114,0.29927855896416
8.1145,0.306510495439966
8.115,0.314071156265157
8.1155,0.321960541435243
8.116,0.329192477806599
8.1165,0.336424414145149
8.117,0.344642523581257
8.1175,0.351874459850525
8.118,0.344313799204616
8.1185,0.336753138523399
8.119,0.329192477806599
8.1195,0.321631817053944
8.12,0.313742431882212
8.1205,0.30683921982443
8.121,0.299607283350155
8.1215,0.291060449291523
8.122,0.283499788353846
8.1225,0.276267851769665
8.123,0.269035915150921
8.1235,0.261146529708954
8.124,0.253914593017167
8.1245,0.246682656290075
8.125,0.239121995128288
8.1255,0.231890058328235
8.126,0.22400067268707
8.1265,0.216440011407089
8.127,0.208879350087163
8.1275,0.201318688727015
8.128,0.194086751735942
8.1285,0.186197365884961
8.129,0.178965428815644
8.1295,0.170747318463714
8.13,0.163515381313368
8.1305,0.156283444124717
8.131,0.148394058056765
8.1315,0.141162120787247
8.132,0.133601459054633
8.1325,0.126040797279069
8.133,0.118480135460278
8.1335,0.110919473597988
8.134,0.104016260555065
8.1345,0.0964555986087937
8.135,0.0885662121828417
8.1355,0.0813342745830802
8.136,0.0734448880638077
8.1365,0.0655555014953919
8.137,0.05832356376424
8.1375,0.0510916259912923
8.138,0.0589810126506137
8.1385,0.0662129503779778
8.139,0.0741023369422865
8.1395,0.0813342745830802
8.14,0.0895523854887342
8.1405,0.0964555986087937
8.141,0.103687536123536
8.1415,0.111248198027691
8.142,0.119137584315809
8.1425,0.12636952170499
8.143,0.133930183478682
8.1435,0.141162120787247
8.144,0.148394058056765
8.1445,0.156283444124717
8.145,0.163844105730122
8.1455,0.171733491708534
8.146,0.178965428815644
8.1465,0.186854814707579
8.147,0.193758027326373
8.1475,0.201647413134818
8.148,0.208879350087163
8.1485,0.216768735811395
8.149,0.22400067268707
8.1495,0.231561333927378
8.15,0.239121995128288
8.1505,0.246682656290075
8.151,0.254243317413012
8.1515,0.261803978497374
8.152,0.269364639543435
8.1525,0.276596576160603
8.153,0.284485961521752
8.1535,0.292046622454555
8.154,0.29927855896416
8.1545,0.306510495439966
8.155,0.314728605030841
8.1555,0.321631817053944
8.156,0.328863753426797
8.1565,0.336753138523399
8.157,0.343985074827908
8.1575,0.351874459850525
8.158,0.343985074827908
8.1585,0.336753138523399
8.159,0.329192477806599
8.1595,0.321631817053944
8.16,0.314071156265157
8.1605,0.306510495439966
8.161,0.29927855896416
8.1615,0.291717898066948
8.162,0.283828512743219
8.1625,0.275939127378655
8.163,0.269035915150921
8.1635,0.2614752541032
8.164,0.253914593017167
8.1645,0.246682656290075
8.165,0.238793270729064
8.1655,0.231232609526447
8.166,0.223671948284419
8.1665,0.216440011407089
8.167,0.209208074493211
8.1675,0.201647413134818
8.168,0.193758027326373
8.1685,0.186197365884961
8.169,0.178636704402506
8.1695,0.171076042878733
8.17,0.163515381313368
8.1705,0.156283444124717
8.171,0.148722782477183
8.1715,0.141490845209434
8.172,0.133930183478682
8.1725,0.12636952170499
8.173,0.118808859888085
8.1735,0.110919473597988
8.174,0.103687536123536
8.1745,0.0961268741753442
8.175,0.0888949366182234
8.1755,0.0810055501457543
8.176,0.0734448880638077
8.1765,0.0662129503779778
8.177,0.05865228820747
8.1775,0.0510916259912923
8.178,0.05865228820747
8.1785,0.0658842259367277
8.179,0.0734448880638077
8.1795,0.0810055501457543
8.18,0.0888949366182234
8.1805,0.0961268741753442
8.181,0.103687536123536
8.1815,0.111248198027691
8.182,0.118808859888085
8.1825,0.12636952170499
8.183,0.133930183478682
8.1835,0.141490845209434
8.184,0.148722782477183
8.1845,0.156283444124717
8.185,0.163844105730122
8.1855,0.171404767293673
8.186,0.178965428815644
8.1865,0.186197365884961
8.187,0.193758027326373
8.1875,0.201318688727015
8.188,0.209208074493211
8.1885,0.216768735811395
8.189,0.224329397089645
8.1895,0.231561333927378
8.19,0.239121995128288
8.1905,0.246682656290075
8.191,0.253914593017167
8.1915,0.261803978497374
8.192,0.269364639543435
8.1925,0.27692530055147
8.193,0.284157237132521
8.1935,0.291389173679271
8.194,0.298949834578095
8.1945,0.30683921982443
8.195,0.314071156265157
8.1955,0.321631817053944
8.196,0.329192477806599
8.1965,0.336753138523399
8.197,0.344642523581257
8.1975,0.351874459850525
8.198,0.343985074827908
8.1985,0.336424414145149
8.199,0.329192477806599
8.1995,0.321631817053944
8.2,0.314399880648033
8.2005,0.306510495439966
8.201,0.298949834578095
8.2015,0.291389173679271
8.202,0.283828512743219
8.2025,0.276267851769665
8.203,0.268707190758335
8.2035,0.2614752541032
8.204,0.253914593017167
8.2045,0.246682656290075
8.205,0.239121995128288
8.2055,0.231232609526447
8.206,0.223671948284419
8.2065,0.216768735811395
8.207,0.208550625681038
8.2075,0.201647413134818
8.208,0.193429302916726
8.2085,0.186197365884961
8.209,0.178636704402506
8.2095,0.171076042878733
8.21,0.163844105730122
8.2105,0.156283444124717
8.211,0.148722782477183
8.2115,0.141490845209434
8.212,0.133930183478682
8.2125,0.12636952170499
8.213,0.118480135460278
8.2135,0.111248198027691
8.214,0.104016260555065
8.2145,0.0961268741753442
8.215,0.0888949366182234
8.2155,0.0810055501457543
8.216,0.0734448880638077
8.2165,0.0662129503779778
8.217,0.05832356376424
8.2175,0.0514203504364273
8.218,0.0589810126506137
8.2185,0.0662129503779778
8.219,0.0741023369422865
8.2195,0.0816629990203214
8.22,0.0885662121828417
8.2205,0.0964555986087937
8.221,0.104016260555065
8.2215,0.111576922457312
8.222,0.119137584315809
8.2225,0.12636952170499
8.223,0.133930183478682
8.2235,0.14181956963154
8.224,0.148722782477183
8.2245,0.156612168543217
8.225,0.164172830146797
8.2255,0.171404767293673
8.226,0.178965428815644
8.2265,0.186197365884961
8.227,0.194086751735942
8.2275,0.201647413134818
8.228,0.209208074493211
8.2285,0.216111287002708
8.229,0.22400067268707
8.2295,0.231561333927378
8.23,0.239121995128288
8.2305,0.246682656290075
8.231,0.254243317413012
8.2315,0.261803978497374
8.232,0.269364639543435
8.2325,0.276596576160603
8.233,0.284157237132521
8.2335,0.291717898066948
8.234,0.298949834578095
8.2345,0.306510495439966
8.235,0.314399880648033
8.2355,0.321960541435243
8.236,0.329192477806599
8.2365,0.336753138523399
8.237,0.344971247957832
8.2375,0.351545735475346
8.238,0.343985074827908
8.2385,0.336424414145149
8.239,0.329192477806599
8.2395,0.321631817053944
8.24,0.314071156265157
8.2405,0.30683921982443
8.241,0.29927855896416
8.2415,0.291717898066948
8.242,0.283828512743219
8.2425,0.27692530055147
8.243,0.268707190758335
8.2435,0.261146529708954
8.244,0.254243317413012
8.2445,0.246353931892546
8.245,0.238793270729064
8.2455,0.231561333927378
8.246,0.223014499478893
8.2465,0.216111287002708
8.247,0.209208074493211
8.2475,0.201318688727015
8.248,0.193758027326373
8.2485,0.186526090296308
8.249,0.178965428815644
8.2495,0.171076042878733
8.25,0.163844105730122
8.2505,0.156283444124717
8.251,0.148394058056765
8.2515,0.141162120787247
8.252,0.133601459054633
8.2525,0.126040797279069
8.253,0.118480135460278
8.2535,0.111248198027691
8.254,0.103687536123536
8.2545,0.0957981497418109
8.255,0.0885662121828417
8.2555,0.0810055501457543
8.256,0.0737736125030898
8.2565,0.0658842259367277
8.257,0.05832356376424
8.2575,0.0510916259912923
8.258,0.05865228820747
8.2585,0.0662129503779778
8.259,0.0737736125030898
8.2595,0.0810055501457543
8.26,0.0888949366182234
8.2605,0.0964555986087937
8.261,0.104016260555065
8.2615,0.111248198027691
8.262,0.119137584315809
8.2625,0.12636952170499
8.263,0.133601459054633
8.2635,0.141162120787247
8.264,0.149051506897521
8.2645,0.156612168543217
8.265,0.163844105730122
8.2655,0.171733491708534
8.266,0.179294153228703
8.2665,0.186197365884961
8.267,0.193758027326373
8.2675,0.201647413134818
8.268,0.209208074493211
8.2685,0.216440011407089
8.269,0.224329397089645
8.2695,0.231232609526447
8.27,0.238793270729064
8.2705,0.24701138068753
8.271,0.254243317413012
8.2715,0.261803978497374
8.272,0.269364639543435
8.2725,0.27692530055147
8.273,0.284157237132521
8.2735,0.292046622454555
8.274,0.298949834578095
8.2745,0.30683921982443
8.275,0.314399880648033
8.2755,0.321631817053944
8.276,0.329192477806599
8.2765,0.336753138523399
8.277,0.344313799204616
8.2775,0.351874459850525
8.278,0.343985074827908
8.2785,0.336753138523399
8.279,0.329192477806599
8.2795,0.321303092672576
8.28,0.314399880648033
8.2805,0.30683921982443
8.281,0.298949834578095
8.2815,0.291717898066948
8.282,0.284157237132521
8.2825,0.276596576160603
8.283,0.269035915150921
8.2835,0.261146529708954
8.284,0.254243317413012
8.2845,0.246353931892546
8.285,0.238793270729064
8.2855,0.231232609526447
8.286,0.22400067268707
8.2865,0.216440011407089
8.287,0.208879350087163
8.2875,0.201647413134818
8.288,0.193758027326373
8.2885,0.185868641473536
8.289,0.178636704402506
8.2895,0.171404767293673
8.29,0.163515381313368
8.2905,0.155954719706137
8.291,0.148722782477183
8.2915,0.141490845209434
8.292,0.133601459054633
8.2925,0.12636952170499
8.293,0.118808859888085
8.2935,0.110590749168202
8.294,0.103687536123536
8.2945,0.0964555986087937
8.295,0.0882374877473757
8.2955,0.0810055501457543
8.296,0.0734448880638077
8.2965,0.0658842259367277
8.297,0.0579948393209237
8.2975,0.0517490748814755
8.298,0.05865228820747
8.2985,0.0658842259367277
8.299,0.0734448880638077
8.2995,0.0813342745830802
8.3,0.0892236610535209
8.3005,0.0964555986087937
8.301,0.103687536123536
8.3015,0.110919473597988
8.302,0.118480135460278
8.3025,0.12636952170499
8.303,0.133930183478682
8.3035,0.141162120787247
8.304,0.148722782477183
8.3045,0.156612168543217
8.305,0.164172830146797
8.3055,0.171733491708534
8.306,0.178636704402506
8.3065,0.186526090296308
8.307,0.194415476145434
8.3075,0.201647413134818
8.308,0.209208074493211
8.3085,0.216768735811395
8.309,0.223671948284419
8.3095,0.231561333927378
8.31,0.239121995128288
8.3105,0.246682656290075
8.311,0.254243317413012
8.3115,0.2614752541032
8.312,0.269035915150921
8.3125,0.27692530055147
8.313,0.284157237132521
8.3135,0.292046622454555
8.314,0.29927855896416
8.3145,0.30683921982443
8.315,0.314071156265157
8.3155,0.321960541435243
8.316,0.329521202186334
8.3165,0.337081862901581
8.317,0.344313799204616
8.3175,0.351545735475346
8.318,0.344642523581257
8.3185,0.336753138523399
8.319,0.329192477806599
8.3195,0.321631817053944
8.32,0.314071156265157
8.3205,0.306510495439966
8.321,0.298949834578095
8.3215,0.291717898066948
8.322,0.283828512743219
8.3225,0.276596576160603
8.323,0.269035915150921
8.3235,0.2614752541032
8.324,0.254243317413012
8.3245,0.246682656290075
8.325,0.239121995128288
8.3255,0.231232609526447
8.326,0.22400067268707
8.3265,0.216440011407089
8.327,0.208879350087163
8.3275,0.201318688727015
8.328,0.193758027326373
8.3285,0.186197365884961
8.329,0.178965428815644
8.3295,0.171404767293673
8.33,0.163844105730122
8.3305,0.156283444124717
8.331,0.148722782477183
8.3315,0.141490845209434
8.332,0.133601459054633
8.3325,0.126040797279069
8.333,0.118808859888085
8.3335,0.110919473597988
8.334,0.103687536123536
8.3345,0.0961268741753442
8.335,0.0888949366182234
8.3355,0.0813342745830802
8.336,0.0737736125030898
8.3365,0.0662129503779778
8.337,0.05832356376424
8.3375,0.0510916259912923
8.338,0.0589810126506137
8.3385,0.0662129503779778
8.339,0.0734448880638077
8.3395,0.0810055501457543
8.34,0.0888949366182234
8.3405,0.0964555986087937
8.341,0.104016260555065
8.3415,0.111248198027691
8.342,0.118808859888085
8.3425,0.12636952170499
8.343,0.133930183478682
8.3435,0.141490845209434
8.344,0.149051506897521
8.3445,0.156612168543217
8.345,0.164172830146797
8.3455,0.171733491708534
8.346,0.178636704402506
8.3465,0.186854814707579
8.347,0.194086751735942
8.3475,0.201647413134818
8.348,0.209208074493211
8.3485,0.216440011407089
8.349,0.22400067268707
8.3495,0.231232609526447
8.35,0.239121995128288
8.3505,0.24701138068753
8.351,0.254243317413012
8.3515,0.261803978497374
8.352,0.269364639543435
8.3525,0.276596576160603
8.353,0.284157237132521
8.3535,0.292046622454555
8.354,0.29927855896416
8.3545,0.30683921982443
8.355,0.314071156265157
8.3555,0.321631817053944
8.356,0.329192477806599
8.3565,0.336424414145149
8.357,0.344313799204616
8.3575,0.351545735475346
8.358,0.344313799204616
8.3585,0.336424414145149
8.359,0.328863753426797
8.3595,0.321303092672576
8.36,0.314071156265157
8.3605,0.306181771055432
8.361,0.298949834578095
8.3615,0.291389173679271
8.362,0.284157237132521
8.3625,0.27692530055147
8.363,0.269035915150921
8.3635,0.2614752541032
8.364,0.254243317413012
8.3645,0.246353931892546
8.365,0.239121995128288
8.3655,0.231561333927378
8.366,0.22400067268707
8.3665,0.216111287002708
8.367,0.208879350087163
8.3675,0.201647413134818
8.368,0.193758027326373
8.3685,0.186526090296308
8.369,0.178965428815644
8.3695,0.171404767293673
8.37,0.163844105730122
8.3705,0.156612168543217
8.371,0.148722782477183
8.3715,0.141490845209434
8.372,0.133601459054633
8.3725,0.126040797279069
8.373,0.118808859888085
8.3735,0.110919473597988
8.374,0.103358811691924
8.3745,0.0961268741753442
8.375,0.0885662121828417
8.3755,0.0813342745830802
8.376,0.0734448880638077
8.3765,0.0658842259367277
8.377,0.05832356376424
8.3775,0.0514203504364273
8.378,0.05865228820747
8.3785,0.066541674819142
8.379,0.0737736125030898
8.3795,0.0813342745830802
8.38,0.0888949366182234
8.3805,0.0964555986087937
8.381,0.104016260555065
8.3815,0.110919473597988
8.382,0.118808859888085
8.3825,0.12636952170499
8.383,0.133930183478682
8.3835,0.141162120787247
8.384,0.149380231317779
8.3845,0.156612168543217
8.385,0.163844105730122
8.3855,0.171076042878733
8.386,0.178965428815644
8.3865,0.186854814707579
8.387,0.194086751735942
8.3875,0.201318688727015
8.388,0.209208074493211
8.3885,0.216440011407089
8.389,0.224329397089645
8.3895,0.231561333927378
8.39,0.239121995128288
8.3905,0.24701138068753
8.391,0.254572041808784
8.3915,0.262132702891475
8.392,0.269035915150921
8.3925,0.27692530055147
8.393,0.284157237132521
8.3935,0.291717898066948
8.394,0.29927855896416
8.3945,0.307167944208826
8.395,0.314728605030841
8.3955,0.322289265816474
8.396,0.329849926566001
8.3965,0.337081862901581
8.397,0.344313799204616
8.3975,0.351545735475346
8.398,0.344642523581257
8.3985,0.336753138523399
8.399,0.329521202186334
8.3995,0.321303092672576
8.4,0.313742431882212
8.4005,0.306181771055432
8.401,0.298949834578095
8.4015,0.291389173679271
8.402,0.283828512743219
8.4025,0.276267851769665
8.403,0.269364639543435
8.4035,0.2614752541032
8.404,0.253914593017167
8.4045,0.246353931892546
8.405,0.238793270729064
8.4055,0.231232609526447
8.406,0.223671948284419
8.4065,0.216440011407089
8.407,0.208879350087163
8.4075,0.201318688727015
8.408,0.193429302916726
8.4085,0.185868641473536
8.409,0.178636704402506
8.4095,0.171404767293673
8.41,0.163515381313368
8.4105,0.156283444124717
8.411,0.149051506897521
8.4115,0.141490845209434
8.412,0.133272734630504
8.4125,0.12636952170499
8.413,0.118480135460278
8.4135,0.111248198027691
8.414,0.103687536123536
8.4145,0.0964555986087937
8.415,0.0885662121828417
8.4155,0.0810055501457543
8.416,0.0737736125030898
8.4165,0.0658842259367277
8.417,0.05832356376424
8.4175,0.0514203504364273
8.418,0.05832356376424
8.4185,0.0662129503779778
8.419,0.0737736125030898
8.4195,0.0810055501457543
8.42,0.0888949366182234
8.4205,0.0964555986087937
8.421,0.103687536123536
8.4215,0.111576922457312
8.422,0.119137584315809
8.4225,0.12669824613083
8.423,0.134258907902649
8.4235,0.141162120787247
8.424,0.149051506897521
8.4245,0.156283444124717
8.425,0.164172830146797
8.4255,0.171404767293673
8.426,0.178636704402506
8.4265,0.186197365884961
8.427,0.193758027326373
8.4275,0.201647413134818
8.428,0.208879350087163
8.4285,0.216768735811395
8.429,0.22400067268707
8.4295,0.231561333927378
8.43,0.239450719527438
8.4305,0.246353931892546
8.431,0.253914593017167
8.4315,0.261803978497374
8.432,0.269035915150921
8.4325,0.277254024942265
8.433,0.284157237132521
8.4335,0.291717898066948
8.434,0.29927855896416
8.4345,0.30683921982443
8.435,0.314399880648033
8.4355,0.321960541435243
8.436,0.329192477806599
8.4365,0.336753138523399
8.437,0.344313799204616
8.4375,0.351545735475346
8.438,0.344313799204616
8.4385,0.336753138523399
8.439,0.328535029046926
8.4395,0.321631817053944
8.44,0.314071156265157
8.4405,0.30683921982443
8.441,0.29927855896416
8.4415,0.291717898066948
8.442,0.284157237132521
8.4425,0.276267851769665
8.443,0.268707190758335
8.4435,0.2614752541032
8.444,0.253914593017167
8.4445,0.246353931892546
8.445,0.238464546329766
8.4455,0.231890058328235
8.446,0.223671948284419
8.4465,0.216440011407089
8.447,0.208550625681038
8.4475,0.201318688727015
8.448,0.193758027326373
8.4485,0.186197365884961
8.449,0.17830797998929
8.4495,0.171076042878733
8.45,0.163515381313368
8.4505,0.156283444124717
8.451,0.148722782477183
8.4515,0.141162120787247
8.452,0.133930183478682
8.4525,0.12636952170499
8.453,0.118480135460278
8.4535,0.111248198027691
8.454,0.103687536123536
8.4545,0.0957981497418109
8.455,0.0888949366182234
8.4555,0.0810055501457543
8.456,0.0734448880638077
8.4565,0.0655555014953919
8.457,0.05865228820747
8.4575,0.0514203504364273
8.458,0.05865228820747
8.4585,0.0662129503779778
8.459,0.0741023369422865
8.4595,0.0813342745830802
8.46,0.0892236610535209
8.4605,0.0964555986087937
8.461,0.104016260555065
8.4615,0.111248198027691
8.462,0.118808859888085
8.4625,0.126040797279069
8.463,0.133930183478682
8.4635,0.14181956963154
8.464,0.149051506897521
8.4645,0.156283444124717
8.465,0.164172830146797
8.4655,0.171404767293673
8.466,0.178965428815644
8.4665,0.186854814707579
8.467,0.194086751735942
8.4675,0.201647413134818
8.468,0.209208074493211
8.4685,0.216111287002708
8.469,0.223671948284419
8.4695,0.231232609526447
8.47,0.239121995128288
8.4705,0.246682656290075
8.471,0.254243317413012
8.4715,0.261803978497374
8.472,0.269035915150921
8.4725,0.277254024942265
8.473,0.284485961521752
8.4735,0.292046622454555
8.474,0.29927855896416
8.4745,0.306510495439966
8.475,0.314728605030841
8.4755,0.321960541435243
8.476,0.329192477806599
8.4765,0.336753138523399
8.477,0.344642523581257
8.4775,0.351545735475346
8.478,0.343985074827908
8.4785,0.336424414145149
8.479,0.329192477806599
8.4795,0.321303092672576
8.48,0.314071156265157
8.4805,0.306510495439966
8.481,0.298949834578095
8.4815,0.291389173679271
8.482,0.284157237132521
8.4825,0.276596576160603
8.483,0.268707190758335
8.4835,0.260817805314635
8.484,0.254243317413012
8.4845,0.246353931892546
8.485,0.239121995128288
8.4855,0.231232609526447
8.486,0.223671948284419
8.4865,0.216440011407089
8.487,0.208879350087163
8.4875,0.200989964319135
8.488,0.193758027326373
8.4885,0.186197365884961
8.489,0.178636704402506
8.4895,0.171404767293673
8.49,0.163844105730122
8.4905,0.156283444124717
8.491,0.148722782477183
8.4915,0.141162120787247
8.492,0.133272734630504
8.4925,0.12636952170499
8.493,0.118808859888085
8.4935,0.111248198027691
8.494,0.103687536123536
8.4945,0.0957981497418109
8.495,0.0882374877473757
8.4955,0.0813342745830802
8.496,0.0734448880638077
8.4965,0.0658842259367277
8.497,0.05832356376424
8.4975,0.0514203504364273
8.498,0.05865228820747
8.4985,0.0662129503779778
8.499,0.0741023369422865
8.4995,0.0813342745830802
8.5,0.0892236610535209
8.5005,0.0964555986087937
8.501,0.104016260555065
8.5015,0.111576922457312
8.502,0.118480135460278
8.5025,0.12636952170499
8.503,0.134258907902649
8.5035,0.141162120787247
8.504,0.149380231317779
8.5045,0.156283444124717
8.505,0.164172830146797
8.5055,0.171733491708534
8.506,0.178965428815644
8.5065,0.186526090296308
8.507,0.193758027326373
8.5075,0.201976137542544
8.508,0.208879350087163
8.5085,0.216440011407089
8.509,0.22400067268707
8.5095,0.231561333927378
8.51,0.238793270729064
8.5105,0.246682656290075
8.511,0.254243317413012
8.5115,0.261803978497374
8.512,0.269035915150921
8.5125,0.27692530055147
8.513,0.284157237132521
8.5135,0.292046622454555
8.514,0.29927855896416
8.5145,0.30683921982443
8.515,0.314399880648033
8.5155,0.321960541435243
8.516,0.329192477806599
8.5165,0.336753138523399
8.517,0.344313799204616
8.5175,0.351874459850525
8.518,0.343656350451133
8.5185,0.336424414145149
8.519,0.329192477806599
8.5195,0.321303092672576
8.52,0.314071156265157
8.5205,0.306510495439966
8.521,0.298949834578095
8.5215,0.291060449291523
8.522,0.283828512743219
8.5225,0.276596576160603
8.523,0.268707190758335
8.5235,0.2614752541032
8.524,0.253914593017167
8.5245,0.246025207494944
8.525,0.238793270729064
8.5255,0.231561333927378
8.526,0.223343223881694
8.5265,0.216111287002708
8.527,0.208550625681038
8.5275,0.200989964319135
8.528,0.194086751735942
8.5285,0.186197365884961
8.529,0.178965428815644
8.5295,0.171076042878733
8.53,0.163515381313368
8.5305,0.156283444124717
8.531,0.148394058056765
8.5315,0.140833396364979
8.532,0.133272734630504
8.5325,0.12636952170499
8.533,0.118480135460278
8.5335,0.110919473597988
8.534,0.103687536123536
8.5345,0.0957981497418109
8.535,0.0885662121828417
8.5355,0.0806768257083436
8.536,0.0737736125030898
8.5365,0.0658842259367277
8.537,0.05832356376424
8.5375,0.0510916259912923
8.538,0.05865228820747
8.5385,0.066541674819142
8.539,0.0741023369422865
8.5395,0.0813342745830802
8.54,0.0885662121828417
8.5405,0.0964555986087937
8.541,0.103687536123536
8.5415,0.111576922457312
8.542,0.119137584315809
8.5425,0.12669824613083
8.543,0.133601459054633
8.5435,0.141162120787247
8.544,0.148722782477183
8.5445,0.156612168543217
8.545,0.164172830146797
8.5455,0.171733491708534
8.546,0.179294153228703
8.5465,0.186526090296308
8.547,0.194086751735942
8.5475,0.201976137542544
8.548,0.208879350087163
8.5485,0.216768735811395
8.549,0.224329397089645
8.5495,0.231890058328235
8.55,0.239450719527438
8.5505,0.24701138068753
8.551,0.254243317413012
8.5515,0.2614752541032
8.552,0.269364639543435
8.5525,0.27692530055147
8.553,0.284485961521752
8.5535,0.291389173679271
8.554,0.29927855896416
8.5545,0.30683921982443
8.555,0.314071156265157
8.5555,0.322289265816474
8.556,0.329521202186334
8.5565,0.337081862901581
8.557,0.344971247957832
8.5575,0.351874459850525
8.558,0.344313799204616
8.5585,0.336424414145149
8.559,0.329192477806599
8.5595,0.321303092672576
8.56,0.314071156265157
8.5605,0.306510495439966
8.561,0.29862111019196
8.5615,0.291389173679271
8.562,0.283828512743219
8.5625,0.276267851769665
8.563,0.269693363935877
8.5635,0.2614752541032
8.564,0.253585868621248
8.5645,0.246353931892546
8.565,0.238793270729064
8.5655,0.231232609526447
8.566,0.223671948284419
8.5665,0.216768735811395
8.567,0.208879350087163
8.5675,0.201318688727015
8.568,0.194086751735942
8.5685,0.186197365884961
8.569,0.178636704402506
8.5695,0.170747318463714
8.57,0.163515381313368
8.5705,0.155954719706137
8.571,0.148394058056765
8.5715,0.141162120787247
8.572,0.133601459054633
8.5725,0.126040797279069
8.573,0.118808859888085
8.5735,0.110919473597988
8.574,0.103358811691924
8.5745,0.0957981497418109
8.575,0.0885662121828417
8.5755,0.0810055501457543
8.576,0.0737736125030898
8.5765,0.0662129503779778
8.577,0.05832356376424
8.5775,0.0510916259912923
8.578,0.0589810126506137
8.5785,0.0658842259367277
8.579,0.0741023369422865
8.5795,0.0816629990203214
8.58,0.0888949366182234
8.5805,0.0964555986087937
8.581,0.104016260555065
8.5815,0.111576922457312
8.582,0.119137584315809
8.5825,0.12669824613083
8.583,0.133601459054633
8.5835,0.141490845209434
8.584,0.148722782477183
8.5845,0.156283444124717
8.585,0.164172830146797
8.5855,0.171733491708534
8.586,0.178965428815644
8.5865,0.186526090296308
8.587,0.194086751735942
8.5875,0.201318688727015
8.588,0.208879350087163
8.5885,0.216440011407089
8.589,0.224658121492146
8.5895,0.231232609526447
8.59,0.239121995128288
8.5905,0.246682656290075
8.591,0.254243317413012
8.5915,0.261803978497374
8.592,0.269035915150921
8.5925,0.27692530055147
8.593,0.284157237132521
8.5935,0.292046622454555
8.594,0.29927855896416
8.5945,0.30683921982443
8.595,0.314071156265157
8.5955,0.321631817053944
8.596,0.329521202186334
8.5965,0.337081862901581
8.597,0.344313799204616
8.5975,0.351874459850525
8.598,0.343985074827908
8.5985,0.336424414145149
8.599,0.328863753426797
8.5995,0.321303092672576
8.6,0.313413707499198
8.6005,0.306510495439966
8.601,0.298949834578095
8.6015,0.291717898066948
8.602,0.283828512743219
8.6025,0.276267851769665
8.603,0.268707190758335
8.6035,0.261146529708954
8.604,0.253585868621248
8.6045,0.246353931892546
8.605,0.238793270729064
8.6055,0.231232609526447
8.606,0.22400067268707
8.6065,0.216440011407089
8.607,0.208550625681038
8.6075,0.201318688727015
8.608,0.193429302916726
8.6085,0.186197365884961
8.609,0.178965428815644
8.6095,0.171076042878733
8.61,0.163186656896535
8.6105,0.156283444124717
8.611,0.148394058056765
8.6115,0.141162120787247
8.612,0.133601459054633
8.6125,0.126040797279069
8.613,0.118480135460278
8.6135,0.110590749168202
8.614,0.103687536123536
8.6145,0.0957981497418109
8.615,0.0885662121828417
8.6155,0.0806768257083436
8.616,0.0731161636244404
8.6165,0.0658842259367277
8.617,0.05832356376424
8.6175,0.0517490748814755
8.618,0.05865228820747
8.6185,0.066541674819142
8.619,0.0741023369422865
8.6195,0.0813342745830802
8.62,0.0885662121828417
8.6205,0.0961268741753442
8.621,0.103687536123536
8.6215,0.111576922457312
8.622,0.118808859888085
8.6225,0.12636952170499
8.623,0.133930183478682
8.6235,0.141490845209434
8.624,0.149051506897521
8.6245,0.156612168543217
8.625,0.164172830146797
8.6255,0.171404767293673
8.626,0.178965428815644
8.6265,0.186854814707579
8.627,0.194086751735942
8.6275,0.201647413134818
8.628,0.209536798899184
8.6285,0.216768735811395
8.629,0.22400067268707
8.6295,0.231561333927378
8.63,0.239121995128288
8.6305,0.246682656290075
8.631,0.254572041808784
8.6315,0.2614752541032
8.632,0.269364639543435
8.6325,0.276596576160603
8.633,0.284157237132521
8.6335,0.291389173679271
8.634,0.298949834578095
8.6345,0.30683921982443
8.635,0.314399880648033
8.6355,0.321631817053944
8.636,0.329521202186334
8.6365,0.337081862901581
8.637,0.343985074827908
8.6375,0.351545735475346
8.638,0.343985074827908
8.6385,0.336753138523399
8.639,0.328863753426797
8.6395,0.32097436829114
8.64,0.313742431882212
8.6405,0.30683921982443
8.641,0.298949834578095
8.6415,0.291389173679271
8.642,0.283828512743219
8.6425,0.276596576160603
8.643,0.268707190758335
8.6435,0.261146529708954
8.644,0.253585868621248
8.6445,0.246353931892546
8.645,0.238793270729064
8.6455,0.230903885125441
8.646,0.223671948284419
8.6465,0.216440011407089
8.647,0.209208074493211
8.6475,0.201318688727015
8.648,0.193758027326373
8.6485,0.185868641473536
8.649,0.178636704402506
8.6495,0.171404767293673
8.65,0.163515381313368
8.6505,0.156283444124717
8.651,0.148394058056765
8.6515,0.140504671942631
8.652,0.133272734630504
8.6525,0.126040797279069
8.653,0.118808859888085
8.6535,0.111248198027691
8.654,0.103358811691924
8.6545,0.0961268741753442
8.655,0.0885662121828417
8.6555,0.0810055501457543
8.656,0.0737736125030898
8.6565,0.0658842259367277
8.657,0.05832356376424
8.6575,0.0510916259912923
8.658,0.05865228820747
8.6585,0.0662129503779778
8.659,0.0737736125030898
8.6595,0.0813342745830802
8.66,0.0888949366182234
8.6605,0.0964555986087937
8.661,0.104016260555065
8.6615,0.111248198027691
8.662,0.119137584315809
8.6625,0.12636952170499
8.663,0.134587632326535
8.6635,0.141490845209434
8.664,0.148722782477183
8.6645,0.156283444124717
8.665,0.164501554563393
8.6655,0.171404767293673
8.666,0.178965428815644
8.6665,0.186526090296308
8.667,0.194086751735942
8.6675,0.201318688727015
8.668,0.208879350087163
8.6685,0.216768735811395
8.669,0.22400067268707
8.6695,0.231561333927378
8.67,0.239450719527438
8.6705,0.246682656290075
8.671,0.254243317413012
8.6715,0.262132702891475
8.672,0.269364639543435
8.6725,0.276596576160603
8.673,0.284157237132521
8.6735,0.292046622454555
8.674,0.29927855896416
8.6745,0.306510495439966
8.675,0.314399880648033
8.6755,0.321631817053944
8.676,0.329192477806599
8.6765,0.336753138523399
8.677,0.344313799204616
8.6775,0.351545735475346
8.678,0.343985074827908
8.6785,0.336095689766833
8.679,0.329192477806599
8.6795,0.321303092672576
8.68,0.314071156265157
8.6805,0.306181771055432
8.681,0.29862111019196
8.6815,0.291389173679271
8.682,0.284157237132521
8.6825,0.276267851769665
8.683,0.268707190758335
8.6835,0.2614752541032
8.684,0.254243317413012
8.6845,0.246025207494944
8.685,0.238793270729064
8.6855,0.231232609526447
8.686,0.223671948284419
8.6865,0.216440011407089
8.687,0.208879350087163
8.6875,0.201318688727015
8.688,0.193758027326373
8.6885,0.186197365884961
8.689,0.178636704402506
8.6895,0.171076042878733
8.69,0.163515381313368
8.6905,0.155954719706137
8.691,0.148394058056765
8.6915,0.141162120787247
8.692,0.133601459054633
8.6925,0.126040797279069
8.693,0.118480135460278
8.6935,0.110919473597988
8.694,0.103030087260228
8.6945,0.0961268741753442
8.695,0.0888949366182234
8.6955,0.0810055501457543
8.696,0.0737736125030898
8.6965,0.0658842259367277
8.697,0.05865228820747
8.6975,0.0514203504364273
8.698,0.05865228820747
8.6985,0.0662129503779778
8.699,0.0741023369422865
8.6995,0.0813342745830802
8.7,0.0892236610535209
8.7005,0.0964555986087937
8.701,0.103687536123536
8.7015,0.111576922457312
8.702,0.119137584315809
8.7025,0.12669824613083
8.703,0.133930183478682
8.7035,0.141162120787247
8.704,0.148722782477183
8.7045,0.156283444124717
8.705,0.163844105730122
8.7055,0.171404767293673
8.706,0.178965428815644
8.7065,0.186526090296308
8.707,0.194086751735942
8.7075,0.201647413134818
8.708,0.208879350087163
8.7085,0.216768735811395
8.709,0.224329397089645
8.7095,0.231232609526447
8.71,0.239450719527438
8.7105,0.24701138068753
8.711,0.254243317413012
8.7115,0.2614752541032
8.712,0.269035915150921
8.7125,0.27692530055147
8.713,0.284157237132521
8.7135,0.291717898066948
8.714,0.29927855896416
8.7145,0.306510495439966
8.715,0.314728605030841
8.7155,0.321631817053944
8.716,0.329521202186334
8.7165,0.337081862901581
8.717,0.344313799204616
8.7175,0.351874459850525
8.718,0.344313799204616
8.7185,0.336753138523399
8.719,0.329192477806599
8.7195,0.321631817053944
8.72,0.314071156265157
8.7205,0.306181771055432
8.721,0.298949834578095
8.7215,0.291389173679271
8.722,0.283828512743219
8.7225,0.276267851769665
8.723,0.269035915150921
8.7235,0.2614752541032
8.724,0.253585868621248
8.7245,0.246353931892546
8.725,0.238793270729064
8.7255,0.231232609526447
8.726,0.223343223881694
8.7265,0.216440011407089
8.727,0.208550625681038
8.7275,0.200989964319135
8.728,0.193758027326373
8.7285,0.185868641473536
8.729,0.178636704402506
8.7295,0.171076042878733
8.73,0.163844105730122
8.7305,0.156283444124717
8.731,0.148722782477183
8.7315,0.140504671942631
8.732,0.133930183478682
8.7325,0.126040797279069
8.733,0.118480135460278
8.7335,0.111248198027691
8.734,0.103687536123536
8.7345,0.0957981497418109
8.735,0.0882374877473757
8.7355,0.0806768257083436
8.736,0.0734448880638077
8.7365,0.0655555014953919
8.737,0.05832356376424
8.7375,0.0517490748814755
8.738,0.0589810126506137
8.7385,0.0658842259367277
8.739,0.0741023369422865
8.7395,0.0813342745830802
8.74,0.0892236610535209
8.7405,0.0964555986087937
8.741,0.103687536123536
8.7415,0.111576922457312
8.742,0.118808859888085
8.7425,0.12636952170499
8.743,0.133930183478682
8.7435,0.141490845209434
8.744,0.148722782477183
8.7445,0.156283444124717
8.745,0.163844105730122
8.7455,0.171733491708534
8.746,0.178965428815644
8.7465,0.186197365884961
8.747,0.194086751735942
8.7475,0.201976137542544
8.748,0.209208074493211
8.7485,0.216440011407089
8.749,0.22400067268707
8.7495,0.231890058328235
8.75,0.239121995128288
8.7505,0.246682656290075
8.751,0.254243317413012
8.7515,0.261803978497374
8.752,0.269364639543435
8.7525,0.276596576160603
8.753,0.284157237132521
8.7535,0.291717898066948
8.754,0.29927855896416
8.7545,0.30683921982443
8.755,0.314728605030841
8.7555,0.321960541435243
8.756,0.328863753426797
8.7565,0.336753138523399
8.757,0.344313799204616
8.7575,0.351545735475346
8.758,0.343985074827908
8.7585,0.336095689766833
8.759,0.328863753426797
8.7595,0.321303092672576
8.76,0.313742431882212
8.7605,0.306510495439966
8.761,0.29862111019196
8.7615,0.291060449291523
8.762,0.283828512743219
8.7625,0.276267851769665
8.763,0.268707190758335
8.7635,0.261146529708954
8.764,0.254243317413012
8.7645,0.246353931892546
8.765,0.238793270729064
8.7655,0.231232609526447
8.766,0.223343223881694
8.7665,0.216111287002708
8.767,0.208550625681038
8.7675,0.201318688727015
8.768,0.193758027326373
8.7685,0.186197365884961
8.769,0.178636704402506
8.7695,0.171076042878733
8.77,0.163515381313368
8.7705,0.155954719706137
8.771,0.148394058056765
8.7715,0.141162120787247
8.772,0.133930183478682
8.7725,0.126040797279069
8.773,0.118480135460278
8.7735,0.111248198027691
8.774,0.103687536123536
8.7745,0.0961268741753442
8.775,0.0888949366182234
8.7755,0.0810055501457543
8.776,0.0734448880638077
8.7765,0.0658842259367277
8.777,0.05865228820747
8.7775,0.0514203504364273
8.778,0.05865228820747
8.7785,0.0662129503779778
8.779,0.0734448880638077
8.7795,0.0816629990203214
8.78,0.0888949366182234
8.7805,0.0964555986087937
8.781,0.104016260555065
8.7815,0.111576922457312
8.782,0.118808859888085
8.7825,0.12669824613083
8.783,0.133930183478682
8.7835,0.141490845209434
8.784,0.149051506897521
8.7845,0.156283444124717
8.785,0.164172830146797
8.7855,0.171733491708534
8.786,0.179294153228703
8.7865,0.186854814707579
8.787,0.194086751735942
8.7875,0.201647413134818
8.788,0.209208074493211
8.7885,0.216768735811395
8.789,0.224329397089645
8.7895,0.231561333927378
8.79,0.239121995128288
8.7905,0.24701138068753
8.791,0.254243317413012
8.7915,0.2614752541032
8.792,0.269035915150921
8.7925,0.276596576160603
8.793,0.284157237132521
8.7935,0.291717898066948
8.794,0.29927855896416
8.7945,0.307167944208826
8.795,0.314728605030841
8.7955,0.321960541435243
8.796,0.329192477806599
8.7965,0.336753138523399
8.797,0.344642523581257
8.7975,0.351545735475346
8.798,0.343985074827908
8.7985,0.336753138523399
8.799,0.329192477806599
8.7995,0.321303092672576
8.8,0.314071156265157
8.8005,0.306510495439966
8.801,0.298949834578095
8.8015,0.291389173679271
8.802,0.283828512743219
8.8025,0.276267851769665
8.803,0.268707190758335
8.8035,0.2614752541032
8.804,0.253585868621248
8.8045,0.246682656290075
8.805,0.239121995128288
8.8055,0.231561333927378
8.806,0.223343223881694
8.8065,0.216440011407089
8.807,0.209208074493211
8.8075,0.200989964319135
8.808,0.193429302916726
8.8085,0.185868641473536
8.809,0.178636704402506
8.8095,0.170747318463714
8.81,0.163844105730122
8.8105,0.156612168543217
8.811,0.148722782477183
8.8115,0.140833396364979
8.812,0.133272734630504
8.8125,0.12636952170499
8.813,0.118480135460278
8.8135,0.110919473597988
8.814,0.103687536123536
8.8145,0.0961268741753442
8.815,0.0882374877473757
8.8155,0.0806768257083436
8.816,0.0734448880638077
8.8165,0.0658842259367277
8.817,0.05832356376424
8.8175,0.0514203504364273
8.818,0.0589810126506137
8.8185,0.066541674819142
8.819,0.0741023369422865
8.8195,0.0813342745830802
8.82,0.0892236610535209
8.8205,0.0967843230421594
8.821,0.103687536123536
8.8215,0.111248198027691
8.822,0.118808859888085
8.8225,0.12636952170499
8.823,0.133930183478682
8.8235,0.141162120787247
8.824,0.149051506897521
8.8245,0.155954719706137
8.825,0.164172830146797
8.8255,0.171733491708534
8.826,0.179294153228703
8.8265,0.186854814707579
8.827,0.193758027326373
8.8275,0.201318688727015
8.828,0.208879350087163
8.8285,0.217097460215626
8.829,0.224329397089645
8.8295,0.231561333927378
8.83,0.239121995128288
8.8305,0.246682656290075
8.831,0.254243317413012
8.8315,0.261803978497374
8.832,0.269364639543435
8.8325,0.27692530055147
8.833,0.284485961521752
8.8335,0.291717898066948
8.834,0.29927855896416
8.8345,0.30683921982443
8.835,0.314728605030841
8.8355,0.321631817053944
8.836,0.329192477806599
8.8365,0.337081862901581
8.837,0.344313799204616
8.8375,0.351545735475346
8.838,0.344313799204616
8.8385,0.336095689766833
8.839,0.328863753426797
8.8395,0.321303092672576
8.84,0.313742431882212
8.8405,0.306510495439966
8.841,0.29862111019196
8.8415,0.291717898066948
8.842,0.284157237132521
8.8425,0.276596576160603
8.843,0.269035915150921
8.8435,0.2614752541032
8.844,0.253914593017167
8.8445,0.246025207494944
8.845,0.238135821930394
8.8455,0.231232609526447
8.846,0.22400067268707
8.8465,0.216440011407089
8.847,0.208550625681038
8.8475,0.201647413134818
8.848,0.193429302916726
8.8485,0.185868641473536
8.849,0.178636704402506
8.8495,0.171076042878733
8.85,0.164172830146797
8.8505,0.156612168543217
8.851,0.148065333636267
8.8515,0.141162120787247
8.852,0.133601459054633
8.8525,0.126040797279069
8.853,0.118480135460278
8.8535,0.111248198027691
8.854,0.103687536123536
8.8545,0.0961268741753442
8.855,0.0888949366182234
8.8555,0.0810055501457543
8.856,0.0727874391849877
8.8565,0.0662129503779778
8.857,0.05865228820747
8.8575,0.0514203504364273
8.858,0.05865228820747
8.8585,0.0658842259367277
8.859,0.0737736125030898
8.8595,0.0816629990203214
8.86,0.0892236610535209
8.8605,0.0964555986087937
8.861,0.104016260555065
8.8615,0.111576922457312
8.862,0.119137584315809
8.8625,0.12669824613083
8.863,0.133601459054633
8.8635,0.14181956963154
8.864,0.149380231317779
8.8645,0.156612168543217
8.865,0.163844105730122
8.8655,0.171733491708534
8.866,0.178965428815644
8.8665,0.186854814707579
8.867,0.194086751735942
8.8675,0.201647413134818
8.868,0.209536798899184
8.8685,0.216768735811395
8.869,0.22400067268707
8.8695,0.231561333927378
8.87,0.239450719527438
8.8705,0.246682656290075
8.871,0.254572041808784
8.8715,0.261803978497374
8.872,0.269364639543435
8.8725,0.276596576160603
8.873,0.284157237132521
8.8735,0.291717898066948
8.874,0.29927855896416
8.8745,0.30683921982443
8.875,0.314399880648033
8.8755,0.321960541435243
8.876,0.329849926566001
8.8765,0.336753138523399
8.877,0.344313799204616
8.8775,0.351545735475346
8.878,0.343985074827908
8.8785,0.336424414145149
8.879,0.328863753426797
8.8795,0.321631817053944
8.88,0.314071156265157
8.8805,0.306510495439966
8.881,0.29862111019196
8.8815,0.291060449291523
8.882,0.284485961521752
8.8825,0.276267851769665
8.883,0.268707190758335
8.8835,0.261146529708954
8.884,0.254243317413012
8.8845,0.246682656290075
8.885,0.238464546329766
8.8855,0.231561333927378
8.886,0.223671948284419
8.8865,0.216440011407089
8.887,0.208550625681038
8.8875,0.201318688727015
8.888,0.193758027326373
8.8885,0.185868641473536
8.889,0.178636704402506
8.8895,0.171076042878733
8.89,0.164172830146797
8.8905,0.155954719706137
8.891,0.148394058056765
8.8915,0.141490845209434
8.892,0.133272734630504
8.8925,0.126040797279069
8.893,0.118480135460278
8.8935,0.110919473597988
8.894,0.103687536123536
8.8945,0.0957981497418109
8.895,0.0885662121828417
8.8955,0.0810055501457543
8.896,0.0734448880638077
8.8965,0.0658842259367277
8.897,0.05832356376424
8.8975,0.0517490748814755
8.898,0.05865228820747
8.8985,0.066541674819142
8.899,0.0734448880638077
8.8995,0.0813342745830802
8.9,0.0892236610535209
8.9005,0.0964555986087937
8.901,0.103687536123536
8.9015,0.111576922457312
8.902,0.119137584315809
8.9025,0.12669824613083
8.903,0.133601459054633
8.9035,0.14181956963154
8.904,0.149051506897521
8.9045,0.156940892961638
8.905,0.164172830146797
8.9055,0.171404767293673
8.906,0.179294153228703
8.9065,0.186854814707579
8.907,0.194086751735942
8.9075,0.201647413134818
8.908,0.209208074493211
8.9085,0.216440011407089
8.909,0.22400067268707
8.9095,0.231890058328235
8.91,0.239450719527438
8.9105,0.246682656290075
8.911,0.254243317413012
8.9115,0.2614752541032
8.912,0.269693363935877
8.9125,0.276596576160603
8.913,0.284485961521752
8.9135,0.291717898066948
8.914,0.298949834578095
8.9145,0.30683921982443
8.915,0.314399880648033
8.9155,0.321960541435243
8.916,0.329521202186334
8.9165,0.337081862901581
8.917,0.344642523581257
8.9175,0.351545735475346
8.918,0.343985074827908
8.9185,0.336424414145149
8.919,0.329521202186334
8.9195,0.321303092672576
8.92,0.314071156265157
8.9205,0.306181771055432
8.921,0.29862111019196
8.9215,0.291389173679271
8.922,0.283828512743219
8.9225,0.276596576160603
8.923,0.268707190758335
8.9235,0.261146529708954
8.924,0.253585868621248
8.9245,0.246353931892546
8.925,0.238464546329766
8.9255,0.231232609526447
8.926,0.223671948284419
8.9265,0.216111287002708
8.927,0.208221901274837
8.9275,0.200989964319135
8.928,0.193429302916726
8.9285,0.186197365884961
8.929,0.178636704402506
8.9295,0.170747318463714
8.93,0.163515381313368
8.9305,0.156283444124717
8.931,0.148722782477183
8.9315,0.140833396364979
8.932,0.133601459054633
8.9325,0.126040797279069
8.933,0.118480135460278
8.9335,0.111248198027691
8.934,0.103687536123536
8.9345,0.0957981497418109
8.935,0.0882374877473757
8.9355,0.0810055501457543
8.936,0.0737736125030898
8.9365,0.0662129503779778
8.937,0.05832356376424
8.9375,0.0510916259912923
8.938,0.05865228820747
8.9385,0.0662129503779778
8.939,0.0737736125030898
8.9395,0.0816629990203214
8.94,0.0888949366182234
8.9405,0.0964555986087937
8.941,0.103687536123536
8.9415,0.111248198027691
8.942,0.119137584315809
8.9425,0.12636952170499
8.943,0.133930183478682
8.9435,0.141490845209434
8.944,0.149051506897521
8.9445,0.156612168543217
8.945,0.164172830146797
8.9455,0.171733491708534
8.946,0.178965428815644
8.9465,0.186526090296308
8.947,0.194086751735942
8.9475,0.201976137542544
8.948,0.209208074493211
8.9485,0.216440011407089
8.949,0.22400067268707
8.9495,0.231561333927378
8.95,0.239121995128288
8.9505,0.24701138068753
8.951,0.254243317413012
8.9515,0.261803978497374
8.952,0.269364639543435
8.9525,0.27692530055147
8.953,0.284485961521752
8.9535,0.292046622454555
8.954,0.299607283350155
8.9545,0.30683921982443
8.955,0.314728605030841
8.9555,0.321631817053944
8.956,0.329521202186334
8.9565,0.336753138523399
8.957,0.344313799204616
8.9575,0.351545735475346
8.958,0.344313799204616
8.9585,0.336753138523399
8.959,0.329192477806599
8.9595,0.321303092672576
8.96,0.314071156265157
8.9605,0.306181771055432
8.961,0.29862111019196
8.9615,0.291717898066948
8.962,0.283499788353846
8.9625,0.276267851769665
8.963,0.268707190758335
8.9635,0.261146529708954
8.964,0.254243317413012
8.9645,0.246353931892546
8.965,0.238793270729064
8.9655,0.231232609526447
8.966,0.22400067268707
8.9665,0.216111287002708
8.967,0.208879350087163
8.9675,0.201318688727015
8.968,0.193758027326373
8.9685,0.185539917062033
8.969,0.178636704402506
8.9695,0.171076042878733
8.97,0.163515381313368
8.9705,0.156283444124717
8.971,0.148722782477183
8.9715,0.141162120787247
8.972,0.133272734630504
8.9725,0.126040797279069
8.973,0.118808859888085
8.9735,0.110919473597988
8.974,0.103687536123536
8.9745,0.0961268741753442
8.975,0.0879087633118253
8.9755,0.0810055501457543
8.976,0.0731161636244404
8.9765,0.0658842259367277
8.977,0.05832356376424
8.9775,0.0510916259912923
8.978,0.05865228820747
8.9785,0.0662129503779778
8.979,0.0741023369422865
8.9795,0.0813342745830802
8.98,0.0888949366182234
8.9805,0.0964555986087937
8.981,0.104344984986511
8.9815,0.11190564688685
8.982,0.119137584315809
8.9825,0.127026970556588
8.983,0.134258907902649
8.9835,0.141490845209434
8.984,0.149051506897521
8.9845,0.156940892961638
8.985,0.164172830146797
8.9855,0.171733491708534
8.986,0.178965428815644
8.9865,0.186526090296308
8.987,0.193758027326373
8.9875,0.201647413134818
8.988,0.209536798899184
8.9885,0.216768735811395
8.989,0.224329397089645
8.9895,0.231561333927378
8.99,0.239450719527438
8.9905,0.246353931892546
8.991,0.253914593017167
8.9915,0.261803978497374
8.992,0.269035915150921
8.9925,0.277254024942265
8.993,0.284814685910912
8.9935,0.292046622454555
8.994,0.299607283350155
8.9945,0.30683921982443
8.995,0.314728605030841
8.9955,0.321631817053944
8.996,0.329521202186334
8.9965,0.337081862901581
8.997,0.344313799204616
8.9975,0.351545735475346
8.998,0.343985074827908
8.9985,0.336424414145149
8.999,0.328863753426797
8.9995,0.321303092672576
9,0.314071156265157
9.0005,0.306510495439966
9.001,0.298949834578095
9.0015,0.291389173679271
9.002,0.283828512743219
9.0025,0.275939127378655
9.003,0.269364639543435
9.0035,0.261146529708954
9.004,0.253585868621248
9.0045,0.246353931892546
9.005,0.238793270729064
9.0055,0.231232609526447
9.006,0.223671948284419
9.0065,0.216111287002708
9.007,0.208550625681038
9.0075,0.201318688727015
9.008,0.193758027326373
9.0085,0.186197365884961
9.009,0.178965428815644
9.0095,0.171076042878733
9.01,0.163844105730122
9.0105,0.155954719706137
9.011,0.148722782477183
9.0115,0.140833396364979
9.012,0.133601459054633
9.0125,0.12636952170499
9.013,0.118480135460278
9.0135,0.111248198027691
9.014,0.103358811691924
9.0145,0.0957981497418109
9.015,0.0885662121828417
9.0155,0.0810055501457543
9.016,0.0727874391849877
9.0165,0.0655555014953919
9.017,0.05832356376424
9.0175,0.0514203504364273
9.018,0.05865228820747
9.0185,0.0662129503779778
9.019,0.0741023369422865
9.0195,0.0816629990203214
9.02,0.0888949366182234
9.0205,0.0964555986087937
9.021,0.104016260555065
9.0215,0.11190564688685
9.022,0.118808859888085
9.0225,0.127026970556588
9.023,0.133601459054633
9.0235,0.141162120787247
9.024,0.149051506897521
9.0245,0.156940892961638
9.025,0.164172830146797
9.0255,0.171404767293673
9.026,0.179294153228703
9.0265,0.186526090296308
9.027,0.194415476145434
9.0275,0.201647413134818
9.028,0.209536798899184
9.0285,0.216768735811395
9.029,0.224329397089645
9.0295,0.231561333927378
9.03,0.239121995128288
9.0305,0.24701138068753
9.031,0.254243317413012
9.0315,0.262132702891475
9.032,0.269035915150921
9.0325,0.27692530055147
9.033,0.284157237132521
9.0335,0.291717898066948
9.034,0.29927855896416
9.0345,0.30683921982443
9.035,0.314728605030841
9.0355,0.321960541435243
9.036,0.329521202186334
9.0365,0.336753138523399
9.037,0.344313799204616
9.0375,0.351545735475346
9.038,0.343985074827908
9.0385,0.336424414145149
9.039,0.329192477806599
9.0395,0.321303092672576
9.04,0.313742431882212
9.0405,0.306510495439966
9.041,0.29862111019196
9.0415,0.291717898066948
9.042,0.283828512743219
9.0425,0.276596576160603
9.043,0.268707190758335
9.0435,0.261146529708954
9.044,0.253914593017167
9.0445,0.246025207494944
9.045,0.238793270729064
9.0455,0.231232609526447
9.046,0.223671948284419
9.0465,0.216111287002708
9.047,0.208550625681038
9.0475,0.201318688727015
9.048,0.194086751735942
9.0485,0.186197365884961
9.049,0.178636704402506
9.0495,0.171076042878733
9.05,0.163844105730122
9.0505,0.155954719706137
9.051,0.148394058056765
9.0515,0.141490845209434
9.052,0.133272734630504
9.0525,0.126040797279069
9.053,0.118480135460278
9.0535,0.110919473597988
9.054,0.103358811691924
9.0545,0.0961268741753442
9.055,0.0885662121828417
9.0555,0.0806768257083436
9.056,0.0734448880638077
9.0565,0.0655555014953919
9.057,0.0579948393209237
9.0575,0.0514203504364273
9.058,0.0589810126506137
9.0585,0.066541674819142
9.059,0.0741023369422865
9.0595,0.0813342745830802
9.06,0.0885662121828417
9.0605,0.0967843230421594
9.061,0.104016260555065
9.0615,0.111248198027691
9.062,0.119137584315809
9.0625,0.127026970556588
9.063,0.133930183478682
9.0635,0.141162120787247
9.064,0.148722782477183
9.0645,0.156612168543217
9.065,0.163515381313368
9.0655,0.172062216123317
9.066,0.179294153228703
9.0665,0.186526090296308
9.067,0.193758027326373
9.0675,0.201647413134818
9.068,0.209208074493211
9.0685,0.216768735811395
9.069,0.224329397089645
9.0695,0.231890058328235
9.07,0.239450719527438
9.0705,0.24701138068753
9.071,0.254243317413012
9.0715,0.262132702891475
9.072,0.269693363935877
9.0725,0.27692530055147
9.073,0.284485961521752
9.0735,0.292046622454555
9.074,0.29927855896416
9.0745,0.30683921982443
9.075,0.314399880648033
9.0755,0.321960541435243
9.076,0.329192477806599
9.0765,0.337410587279696
9.077,0.344642523581257
9.0775,0.351545735475346
9.078,0.343985074827908
9.0785,0.336424414145149
9.079,0.328863753426797
9.0795,0.321631817053944
9.08,0.314071156265157
9.0805,0.306510495439966
9.081,0.29862111019196
9.0815,0.291389173679271
9.082,0.283828512743219
9.0825,0.276267851769665
9.083,0.268707190758335
9.0835,0.2614752541032
9.084,0.253585868621248
9.0845,0.246025207494944
9.085,0.238793270729064
9.0855,0.230903885125441
9.086,0.22400067268707
9.0865,0.216111287002708
9.087,0.208550625681038
9.0875,0.201318688727015
9.088,0.193758027326373
9.0885,0.186197365884961
9.089,0.178965428815644
9.0895,0.170747318463714
9.09,0.163515381313368
9.0905,0.156283444124717
9.091,0.148722782477183
9.0915,0.141162120787247
9.092,0.133272734630504
9.0925,0.126040797279069
9.093,0.118480135460278
9.0935,0.111248198027691
9.094,0.103358811691924
9.0945,0.0957981497418109
9.095,0.0885662121828417
9.0955,0.0806768257083436
9.096,0.0734448880638077
9.0965,0.0658842259367277
9.097,0.05832356376424
9.0975,0.0517490748814755
9.098,0.0589810126506137
9.0985,0.066541674819142
9.099,0.0741023369422865
9.0995,0.0810055501457543
9.1,0.0892236610535209
9.1005,0.0971130474754414
9.101,0.104016260555065
9.1015,0.111576922457312
9.102,0.118808859888085
9.1025,0.12669824613083
9.103,0.134258907902649
9.1035,0.14181956963154
9.104,0.149051506897521
9.1045,0.156940892961638
9.105,0.164172830146797
9.1055,0.171733491708534
9.106,0.179622877641685
9.1065,0.186854814707579
9.107,0.194086751735942
9.1075,0.201976137542544
9.108,0.208879350087163
9.1085,0.216768735811395
9.109,0.224329397089645
9.1095,0.231890058328235
9.11,0.239121995128288
9.1105,0.246682656290075
9.111,0.253914593017167
9.1115,0.261803978497374
9.112,0.269035915150921
9.1125,0.276596576160603
9.113,0.284814685910912
9.1135,0.292046622454555
9.114,0.29927855896416
9.1145,0.307167944208826
9.115,0.314399880648033
9.1155,0.321960541435243
9.116,0.329192477806599
9.1165,0.337081862901581
9.117,0.344642523581257
9.1175,0.351874459850525
9.118,0.343985074827908
9.1185,0.336095689766833
9.119,0.329192477806599
9.1195,0.321303092672576
9.12,0.314071156265157
9.1205,0.306181771055432
9.121,0.29862111019196
9.1215,0.291389173679271
9.122,0.283828512743219
9.1225,0.276267851769665
9.123,0.269035915150921
9.1235,0.261146529708954
9.124,0.253585868621248
9.1245,0.246353931892546
9.125,0.238464546329766
9.1255,0.231232609526447
9.126,0.22400067268707
9.1265,0.216111287002708
9.127,0.208550625681038
9.1275,0.200989964319135
9.128,0.193758027326373
9.1285,0.185868641473536
9.129,0.178636704402506
9.1295,0.170418594048617
9.13,0.164172830146797
9.1305,0.155954719706137
9.131,0.148394058056765
9.1315,0.140833396364979
9.132,0.133601459054633
9.1325,0.126040797279069
9.133,0.118480135460278
9.1335,0.110919473597988
9.134,0.103030087260228
9.1345,0.0957981497418109
9.135,0.0882374877473757
9.1355,0.0810055501457543
9.136,0.0731161636244404
9.1365,0.0658842259367277
9.137,0.05832356376424
9.1375,0.0517490748814755
9.138,0.0589810126506137
9.1385,0.0668703992602205
9.139,0.0741023369422865
9.1395,0.0816629990203214
9.14,0.0892236610535209
9.1405,0.0967843230421594
9.141,0.104016260555065
9.1415,0.111248198027691
9.142,0.119137584315809
9.1425,0.12669824613083
9.143,0.134258907902649
9.1435,0.14181956963154
9.144,0.149051506897521
9.1445,0.156612168543217
9.145,0.164501554563393
9.1455,0.171733491708534
9.146,0.179294153228703
9.1465,0.186854814707579
9.147,0.193758027326373
9.1475,0.201647413134818
9.148,0.209208074493211
9.1485,0.216768735811395
9.149,0.224658121492146
9.1495,0.231232609526447
9.15,0.239450719527438
9.1505,0.246682656290075
9.151,0.254572041808784
9.1515,0.262132702891475
9.152,0.269364639543435
9.1525,0.276596576160603
9.153,0.284814685910912
9.1535,0.292046622454555
9.154,0.299936007736081
9.1545,0.307167944208826
9.155,0.314071156265157
9.1555,0.321631817053944
9.156,0.329521202186334
9.1565,0.337410587279696
9.157,0.344313799204616
9.1575,0.351217011100102
9.158,0.343656350451133
9.1585,0.336424414145149
9.159,0.329192477806599
9.1595,0.321303092672576
9.16,0.313742431882212
9.1605,0.306510495439966
9.161,0.298292385805755
9.1615,0.291717898066948
9.162,0.284485961521752
9.1625,0.276267851769665
9.163,0.268707190758335
9.1635,0.2614752541032
9.164,0.253585868621248
9.1645,0.246353931892546
9.165,0.238793270729064
9.1655,0.231232609526447
9.166,0.223671948284419
9.1665,0.216440011407089
9.167,0.208550625681038
9.1675,0.200989964319135
9.168,0.193758027326373
9.1685,0.185868641473536
9.169,0.178636704402506
9.1695,0.171076042878733
9.17,0.163515381313368
9.1705,0.156283444124717
9.171,0.148394058056765
9.1715,0.141162120787247
9.172,0.133601459054633
9.1725,0.126040797279069
9.173,0.118480135460278
9.1735,0.110590749168202
9.174,0.103358811691924
9.1745,0.0957981497418109
9.175,0.0885662121828417
9.1755,0.0806768257083436
9.176,0.0734448880638077
9.1765,0.0658842259367277
9.177,0.05832356376424
9.1775,0.0514203504364273
9.178,0.0593097370936711
9.1785,0.0668703992602205
9.179,0.0744310613813979
9.1795,0.0816629990203214
9.18,0.0888949366182234
9.1805,0.0967843230421594
9.181,0.104016260555065
9.1815,0.111576922457312
9.182,0.119466308743451
9.1825,0.12669824613083
9.183,0.134587632326535
9.1835,0.141490845209434
9.184,0.149051506897521
9.1845,0.156612168543217
9.185,0.164501554563393
9.1855,0.171733491708534
9.186,0.179294153228703
9.1865,0.186854814707579
9.187,0.194086751735942
9.1875,0.201318688727015
9.188,0.208879350087163
9.1885,0.216440011407089
9.189,0.224329397089645
9.1895,0.231890058328235
9.19,0.239121995128288
9.1905,0.24701138068753
9.191,0.254572041808784
9.1915,0.261803978497374
9.192,0.269693363935877
9.1925,0.27692530055147
9.193,0.284485961521752
9.1935,0.292046622454555
9.194,0.299607283350155
9.1945,0.30683921982443
9.195,0.314399880648033
9.1955,0.321960541435243
9.196,0.329521202186334
9.1965,0.337081862901581
9.197,0.344642523581257
9.1975,0.351545735475346
9.198,0.343985074827908
9.1985,0.336095689766833
9.199,0.328863753426797
9.1995,0.321303092672576
9.2,0.314071156265157
9.2005,0.306181771055432
9.201,0.29862111019196
9.2015,0.291389173679271
9.202,0.283828512743219
9.2025,0.276267851769665
9.203,0.268707190758335
9.2035,0.261146529708954
9.204,0.253585868621248
9.2045,0.246353931892546
9.205,0.238464546329766
9.2055,0.231232609526447
9.206,0.223343223881694
9.2065,0.216440011407089
9.207,0.208550625681038
9.2075,0.200989964319135
9.208,0.193429302916726
9.2085,0.185868641473536
9.209,0.178636704402506
9.2095,0.170747318463714
9.21,0.163515381313368
9.2105,0.155954719706137
9.211,0.148722782477183
9.2115,0.141162120787247
9.212,0.133272734630504
9.2125,0.126040797279069
9.213,0.118808859888085
9.2135,0.111248198027691
9.214,0.103358811691924
9.2145,0.0957981497418109
9.215,0.0885662121828417
9.2155,0.0810055501457543
9.216,0.0731161636244404
9.2165,0.0658842259367277
9.217,0.05832356376424
9.2175,0.0517490748814755
9.218,0.05865228820747
9.2185,0.066541674819142
9.219,0.0741023369422865
9.2195,0.0813342745830802
9.22,0.0892236610535209
9.2205,0.0967843230421594
9.221,0.104673709417874
9.2215,0.11190564688685
9.222,0.118808859888085
9.2225,0.12636952170499
9.223,0.134258907902649
9.2235,0.14181956963154
9.224,0.149051506897521
9.2245,0.156940892961638
9.225,0.164172830146797
9.2255,0.171733491708534
9.226,0.179294153228703
9.2265,0.186526090296308
9.227,0.194086751735942
9.2275,0.201976137542544
9.228,0.209208074493211
9.2285,0.216768735811395
9.229,0.22400067268707
9.2295,0.231561333927378
9.23,0.239121995128288
9.2305,0.246682656290075
9.231,0.253914593017167
9.2315,0.2614752541032
9.232,0.269035915150921
9.2325,0.27692530055147
9.233,0.284814685910912
9.2335,0.291717898066948
9.234,0.29927855896416
9.2345,0.307167944208826
9.235,0.314399880648033
9.2355,0.321631817053944
9.236,0.329521202186334
9.2365,0.337081862901581
9.237,0.344642523581257
9.2375,0.351217011100102
9.238,0.343985074827908
9.2385,0.336424414145149
9.239,0.328863753426797
9.2395,0.321631817053944
9.24,0.313742431882212
9.2405,0.306181771055432
9.241,0.29862111019196
9.2415,0.291389173679271
9.242,0.283828512743219
9.2425,0.276596576160603
9.243,0.268378466365676
9.2435,0.261146529708954
9.244,0.253585868621248
9.2445,0.246025207494944
9.245,0.238793270729064
9.2455,0.231561333927378
9.246,0.223343223881694
9.2465,0.216111287002708
9.247,0.208879350087163
9.2475,0.200989964319135
9.248,0.193429302916726
9.2485,0.185868641473536
9.249,0.178965428815644
9.2495,0.170747318463714
9.25,0.163186656896535
9.2505,0.156283444124717
9.251,0.148394058056765
9.2515,0.140833396364979
9.252,0.133601459054633
9.2525,0.126040797279069
9.253,0.118151411032389
9.2535,0.110919473597988
9.254,0.103687536123536
9.2545,0.0961268741753442
9.255,0.0885662121828417
9.2555,0.0810055501457543
9.256,0.0731161636244404
9.2565,0.0658842259367277
9.257,0.05832356376424
9.2575,0.0510916259912923
9.258,0.0589810126506137
9.2585,0.066541674819142
9.259,0.0741023369422865
9.2595,0.0816629990203214
9.26,0.0892236610535209
9.2605,0.0964555986087937
9.261,0.103687536123536
9.2615,0.111248198027691
9.262,0.119137584315809
9.2625,0.12636952170499
9.263,0.134587632326535
9.2635,0.14181956963154
9.264,0.149051506897521
9.2645,0.156612168543217
9.265,0.164172830146797
9.2655,0.171733491708534
9.266,0.179294153228703
9.2665,0.186854814707579
9.267,0.194086751735942
9.2675,0.201647413134818
9.268,0.209208074493211
9.2685,0.216768735811395
9.269,0.224329397089645
9.2695,0.231890058328235
9.27,0.239121995128288
9.2705,0.246682656290075
9.271,0.254243317413012
9.2715,0.261803978497374
9.272,0.269364639543435
9.2725,0.27692530055147
9.273,0.284485961521752
9.2735,0.291717898066948
9.274,0.299607283350155
9.2745,0.30683921982443
9.275,0.314728605030841
9.2755,0.322289265816474
9.276,0.329192477806599
9.2765,0.337081862901581
9.277,0.344642523581257
9.2775,0.351217011100102
9.278,0.343985074827908
9.2785,0.336424414145149
9.279,0.328863753426797
9.2795,0.321303092672576
9.28,0.313742431882212
9.2805,0.306510495439966
9.281,0.29862111019196
9.2815,0.291389173679271
9.282,0.283828512743219
9.2825,0.276596576160603
9.283,0.268707190758335
9.2835,0.2614752541032
9.284,0.253585868621248
9.2845,0.246025207494944
9.285,0.238793270729064
9.2855,0.231232609526447
9.286,0.22400067268707
9.2865,0.216111287002708
9.287,0.208221901274837
9.2875,0.200989964319135
9.288,0.193429302916726
9.2885,0.186197365884961
9.289,0.178636704402506
9.2895,0.170747318463714
9.29,0.163844105730122
9.2905,0.156283444124717
9.291,0.148394058056765
9.2915,0.141162120787247
9.292,0.133601459054633
9.2925,0.126040797279069
9.293,0.118480135460278
9.2935,0.110919473597988
9.294,0.103358811691924
9.2945,0.0957981497418109
9.295,0.0888949366182234
9.2955,0.0810055501457543
9.296,0.0734448880638077
9.2965,0.0662129503779778
9.297,0.05865228820747
9.2975,0.0514203504364273
9.298,0.0589810126506137
9.2985,0.066541674819142
9.299,0.0741023369422865
9.2995,0.0813342745830802
9.3,0.0888949366182234
9.3005,0.0967843230421594
9.301,0.104016260555065
9.3015,0.111576922457312
9.302,0.119137584315809
9.3025,0.12669824613083
9.303,0.134258907902649
9.3035,0.141490845209434
9.304,0.149380231317779
9.3045,0.155954719706137
9.305,0.164172830146797
9.3055,0.171733491708534
9.306,0.179294153228703
9.3065,0.186854814707579
9.307,0.194415476145434
9.3075,0.201647413134818
9.308,0.209208074493211
9.3085,0.216440011407089
9.309,0.224329397089645
9.3095,0.231561333927378
9.31,0.239450719527438
9.3105,0.24701138068753
9.311,0.253914593017167
9.3115,0.262132702891475
9.312,0.269035915150921
9.3125,0.27692530055147
9.313,0.284814685910912
9.3135,0.291717898066948
9.314,0.299936007736081
9.3145,0.307167944208826
9.315,0.314399880648033
9.3155,0.322289265816474
9.316,0.329521202186334
9.3165,0.337081862901581
9.317,0.344642523581257
9.3175,0.351545735475346
9.318,0.343656350451133
9.3185,0.336095689766833
9.319,0.328863753426797
9.3195,0.32097436829114
9.32,0.314071156265157
9.3205,0.305853046670828
9.321,0.298949834578095
9.3215,0.291389173679271
9.322,0.283499788353846
9.3225,0.276267851769665
9.323,0.269035915150921
9.3235,0.2614752541032
9.324,0.253585868621248
9.3245,0.246353931892546
9.325,0.238464546329766
9.3255,0.231232609526447
9.326,0.223343223881694
9.3265,0.216111287002708
9.327,0.208550625681038
9.3275,0.201318688727015
9.328,0.193758027326373
9.3285,0.185868641473536
9.329,0.178636704402506
9.3295,0.171076042878733
9.33,0.163515381313368
9.3305,0.155954719706137
9.331,0.148722782477183
9.3315,0.140833396364979
9.332,0.132944010206293
9.3325,0.126040797279069
9.333,0.118480135460278
9.3335,0.110262024738333
9.334,0.103358811691924
9.3345,0.0957981497418109
9.335,0.0882374877473757
9.3355,0.0806768257083436
9.336,0.0727874391849877
9.3365,0.0655555014953919
9.337,0.0579948393209237
9.3375,0.0517490748814755
9.338,0.0589810126506137
9.3385,0.066541674819142
9.339,0.0741023369422865
9.3395,0.0813342745830802
9.34,0.0895523854887342
9.3405,0.0967843230421594
9.341,0.104016260555065
9.3415,0.111576922457312
9.342,0.119466308743451
9.3425,0.12669824613083
9.343,0.133930183478682
9.3435,0.141490845209434
9.344,0.149051506897521
9.3445,0.156612168543217
9.345,0.164172830146797
9.3455,0.171733491708534
9.346,0.179294153228703
9.3465,0.186526090296308
9.347,0.194415476145434
9.3475,0.201976137542544
9.348,0.209536798899184
9.3485,0.216768735811395
9.349,0.224658121492146
9.3495,0.231561333927378
9.35,0.239450719527438
9.3505,0.247340105084912
9.351,0.254900766204484
9.3515,0.2614752541032
9.352,0.270022088328248
9.3525,0.27692530055147
9.353,0.284485961521752
9.3535,0.292046622454555
9.354,0.299607283350155
9.3545,0.307167944208826
9.355,0.314399880648033
9.3555,0.321960541435243
9.356,0.329192477806599
9.3565,0.337410587279696
9.357,0.344642523581257
9.3575,0.351217011100102
9.358,0.344313799204616
9.3585,0.336424414145149
9.359,0.329192477806599
9.3595,0.321303092672576
9.36,0.314071156265157
9.3605,0.306181771055432
9.361,0.29862111019196
9.3615,0.291389173679271
9.362,0.284157237132521
9.3625,0.276596576160603
9.363,0.268707190758335
9.3635,0.261146529708954
9.364,0.253914593017167
9.3645,0.246353931892546
9.365,0.238464546329766
9.3655,0.231232609526447
9.366,0.223671948284419
9.3665,0.216111287002708
9.367,0.208221901274837
9.3675,0.201318688727015
9.368,0.193429302916726
9.3685,0.185868641473536
9.369,0.17830797998929
9.3695,0.170747318463714
9.37,0.163515381313368
9.3705,0.155954719706137
9.371,0.148394058056765
9.3715,0.140833396364979
9.372,0.133272734630504
9.3725,0.12636952170499
9.373,0.118151411032389
9.3735,0.110590749168202
9.374,0.103030087260228
9.3745,0.0961268741753442
9.375,0.0882374877473757
9.3755,0.0810055501457543
9.376,0.0731161636244404
9.3765,0.0658842259367277
9.377,0.0579948393209237
9.3775,0.0517490748814755
9.378,0.0589810126506137
9.3785,0.066541674819142
9.379,0.0741023369422865
9.3795,0.0816629990203214
9.38,0.0895523854887342
9.3805,0.0967843230421594
9.381,0.103687536123536
9.3815,0.111576922457312
9.382,0.119137584315809
9.3825,0.12669824613083
9.383,0.134258907902649
9.3835,0.141490845209434
9.384,0.149051506897521
9.3845,0.156612168543217
9.385,0.164501554563393
9.3855,0.172062216123317
9.386,0.179294153228703
9.3865,0.186854814707579
9.387,0.194086751735942
9.3875,0.201976137542544
9.388,0.209208074493211
9.3885,0.216440011407089
9.389,0.224329397089645
9.3895,0.231890058328235
9.39,0.239121995128288
9.3905,0.246682656290075
9.391,0.254572041808784
9.3915,0.261803978497374
9.392,0.269693363935877
9.3925,0.27692530055147
9.393,0.284485961521752
9.3935,0.291717898066948
9.394,0.29927855896416
9.3945,0.307167944208826
9.395,0.314399880648033
9.3955,0.321960541435243
9.396,0.329521202186334
9.3965,0.337410587279696
9.397,0.344642523581257
9.3975,0.351874459850525
9.398,0.343985074827908
9.3985,0.336095689766833
9.399,0.328863753426797
9.3995,0.321303092672576
9.4,0.313742431882212
9.4005,0.306510495439966
9.401,0.29862111019196
9.4015,0.291060449291523
9.402,0.283828512743219
9.4025,0.276267851769665
9.403,0.269035915150921
9.4035,0.261146529708954
9.404,0.253914593017167
9.4045,0.246353931892546
9.405,0.238793270729064
9.4055,0.231232609526447
9.406,0.223671948284419
9.4065,0.215782562598251
9.407,0.208550625681038
9.4075,0.200989964319135
9.408,0.193758027326373
9.4085,0.186197365884961
9.409,0.178965428815644
9.4095,0.170747318463714
9.41,0.163844105730122
9.4105,0.155954719706137
9.411,0.148722782477183
9.4115,0.140833396364979
9.412,0.133272734630504
9.4125,0.126040797279069
9.413,0.118151411032389
9.4135,0.110919473597988
9.414,0.104016260555065
9.4145,0.0961268741753442
9.415,0.0885662121828417
9.4155,0.0806768257083436
9.416,0.0734448880638077
9.4165,0.0658842259367277
9.417,0.05832356376424
9.4175,0.0514203504364273
9.418,0.0589810126506137
9.4185,0.066541674819142
9.419,0.0741023369422865
9.4195,0.0813342745830802
9.42,0.0892236610535209
9.4205,0.0964555986087937
9.421,0.104016260555065
9.4215,0.11190564688685
9.422,0.119466308743451
9.4225,0.12636952170499
9.423,0.133930183478682
9.4235,0.141490845209434
9.424,0.149051506897521
9.4245,0.156940892961638
9.425,0.164172830146797
9.4255,0.171733491708534
9.426,0.179294153228703
9.4265,0.186854814707579
9.427,0.194086751735942
9.4275,0.201976137542544
9.428,0.209208074493211
9.4285,0.216768735811395
9.429,0.22400067268707
9.4295,0.231561333927378
9.43,0.239450719527438
9.4305,0.24701138068753
9.431,0.254243317413012
9.4315,0.261803978497374
9.432,0.269035915150921
9.4325,0.27692530055147
9.433,0.284485961521752
9.4335,0.292046622454555
9.434,0.299607283350155
9.4345,0.30683921982443
9.435,0.314399880648033
9.4355,0.322289265816474
9.436,0.329521202186334
9.4365,0.337410587279696
9.437,0.344642523581257
9.4375,0.351545735475346
9.438,0.343656350451133
9.4385,0.336095689766833
9.439,0.328863753426797
9.4395,0.321303092672576
9.44,0.313742431882212
9.4405,0.305853046670828
9.441,0.29927855896416
9.4415,0.291389173679271
9.442,0.283828512743219
9.4425,0.276267851769665
9.443,0.269035915150921
9.4435,0.261146529708954
9.444,0.253585868621248
9.4445,0.246025207494944
9.445,0.238464546329766
9.4455,0.231232609526447
9.446,0.223671948284419
9.4465,0.215782562598251
9.447,0.208550625681038
9.4475,0.200661239911179
9.448,0.193429302916726
9.4485,0.186197365884961
9.449,0.178636704402506
9.4495,0.170747318463714
9.45,0.163515381313368
9.4505,0.155954719706137
9.451,0.148722782477183
9.4515,0.141162120787247
9.452,0.133272734630504
9.4525,0.126040797279069
9.453,0.118480135460278
9.4535,0.110919473597988
9.454,0.103358811691924
9.4545,0.0961268741753442
9.455,0.0879087633118253
9.4555,0.0810055501457543
9.456,0.0731161636244404
9.4565,0.0658842259367277
9.457,0.05832356376424
9.4575,0.0517490748814755
9.458,0.0593097370936711
9.4585,0.066541674819142
9.459,0.0741023369422865
9.4595,0.0813342745830802
9.46,0.0885662121828417
9.4605,0.0967843230421594
9.461,0.104016260555065
9.4615,0.111576922457312
9.462,0.119137584315809
9.4625,0.12669824613083
9.463,0.134258907902649
9.4635,0.141490845209434
9.464,0.149708955737956
9.4645,0.156283444124717
9.465,0.164172830146797
9.4655,0.172062216123317
9.466,0.179294153228703
9.4665,0.186526090296308
9.467,0.194086751735942
9.4675,0.201647413134818
9.468,0.209536798899184
9.4685,0.216768735811395
9.469,0.224658121492146
9.4695,0.231890058328235
9.47,0.239121995128288
9.4705,0.24701138068753
9.471,0.254572041808784
9.4715,0.261803978497374
9.472,0.269035915150921
9.4725,0.277254024942265
9.473,0.283828512743219
9.4735,0.291717898066948
9.474,0.299607283350155
9.4745,0.307496668593152
9.475,0.314399880648033
9.4755,0.321960541435243
9.476,0.329192477806599
9.4765,0.336753138523399
9.477,0.344642523581257
9.4775,0.351217011100102
9.478,0.343656350451133
9.4785,0.336095689766833
9.479,0.328535029046926
9.4795,0.321303092672576
9.48,0.314071156265157
9.4805,0.306510495439966
9.481,0.29862111019196
9.4815,0.291060449291523
9.482,0.284157237132521
9.4825,0.275939127378655
9.483,0.268707190758335
9.4835,0.261146529708954
9.484,0.253585868621248
9.4845,0.246025207494944
9.485,0.238464546329766
9.4855,0.230903885125441
9.486,0.223671948284419
9.4865,0.215782562598251
9.487,0.208879350087163
9.4875,0.200989964319135
9.488,0.193429302916726
9.4885,0.186197365884961
9.489,0.17830797998929
9.4895,0.171076042878733
9.49,0.163515381313368
9.4905,0.155954719706137
9.491,0.148394058056765
9.4915,0.141490845209434
9.492,0.133272734630504
9.4925,0.126040797279069
9.493,0.118151411032389
9.4935,0.110590749168202
9.494,0.103358811691924
9.4945,0.0961268741753442
9.495,0.0882374877473757
9.4955,0.0810055501457543
9.496,0.0731161636244404
9.4965,0.0655555014953919
9.497,0.05832356376424
9.4975,0.0514203504364273
9.498,0.0589810126506137
9.4985,0.066541674819142
9.499,0.0741023369422865
9.4995,0.0816629990203214
9.5,0.0892236610535209
9.5005,0.0964555986087937
9.501,0.104016260555065
9.5015,0.111576922457312
9.502,0.119137584315809
9.5025,0.127026970556588
9.503,0.134258907902649
9.5035,0.14181956963154
9.504,0.149051506897521
9.5045,0.156612168543217
9.505,0.164501554563393
9.5055,0.171404767293673
9.506,0.179294153228703
9.5065,0.186854814707579
9.507,0.194415476145434
9.5075,0.201647413134818
9.508,0.209536798899184
9.5085,0.216440011407089
9.509,0.224329397089645
9.5095,0.231561333927378
9.51,0.239450719527438
9.5105,0.246682656290075
9.511,0.254572041808784
9.5115,0.262132702891475
9.512,0.269035915150921
9.5125,0.27692530055147
9.513,0.284814685910912
9.5135,0.292046622454555
9.514,0.29927855896416
9.5145,0.307167944208826
9.515,0.314728605030841
9.5155,0.321631817053944
9.516,0.329521202186334
9.5165,0.336753138523399
9.517,0.344642523581257
9.5175,0.351874459850525
9.518,0.344642523581257
9.5185,0.336095689766833
9.519,0.328535029046926
9.5195,0.32097436829114
9.52,0.313413707499198
9.5205,0.306181771055432
9.521,0.29862111019196
9.5215,0.291389173679271
9.522,0.283499788353846
9.5225,0.276267851769665
9.523,0.269364639543435
9.5235,0.261146529708954
9.524,0.253585868621248
9.5245,0.246025207494944
9.525,0.238793270729064
9.5255,0.230903885125441
9.526,0.223671948284419
9.5265,0.216768735811395
9.527,0.208550625681038
9.5275,0.200989964319135
9.528,0.193758027326373
9.5285,0.185868641473536
9.529,0.178636704402506
9.5295,0.171076042878733
9.53,0.163186656896535
9.5305,0.155954719706137
9.531,0.148394058056765
9.5315,0.141162120787247
9.532,0.133601459054633
9.5325,0.126040797279069
9.533,0.118480135460278
9.5335,0.110919473597988
9.534,0.103687536123536
9.5345,0.0957981497418109
9.535,0.0882374877473757
9.5355,0.0806768257083436
9.536,0.0734448880638077
9.5365,0.0658842259367277
9.537,0.0579948393209237
9.5375,0.0514203504364273
9.538,0.0589810126506137
9.5385,0.0662129503779778
9.539,0.0744310613813979
9.5395,0.0816629990203214
9.54,0.0892236610535209
9.5405,0.0967843230421594
9.541,0.104016260555065
9.5415,0.111576922457312
9.542,0.119137584315809
9.5425,0.12669824613083
9.543,0.133930183478682
9.5435,0.14181956963154
9.544,0.149380231317779
9.5445,0.156612168543217
9.545,0.164830278979909
9.5455,0.171733491708534
9.546,0.179294153228703
9.5465,0.186854814707579
9.547,0.194086751735942
9.5475,0.201976137542544
9.548,0.209536798899184
9.5485,0.216768735811395
9.549,0.224329397089645
9.5495,0.231890058328235
9.55,0.239450719527438
9.5505,0.246682656290075
9.551,0.254243317413012
9.5515,0.261803978497374
9.552,0.270022088328248
9.5525,0.277254024942265
9.553,0.284485961521752
9.5535,0.292046622454555
9.554,0.29927855896416
9.5545,0.30683921982443
9.555,0.314399880648033
9.5555,0.322289265816474
9.556,0.329521202186334
9.5565,0.337081862901581
9.557,0.344971247957832
9.5575,0.351545735475346
9.558,0.343656350451133
9.5585,0.336095689766833
9.559,0.328863753426797
9.5595,0.32097436829114
9.56,0.313742431882212
9.5605,0.306510495439966
9.561,0.29862111019196
9.5615,0.291060449291523
9.562,0.283499788353846
9.5625,0.275939127378655
9.563,0.268707190758335
9.5635,0.260817805314635
9.564,0.253585868621248
9.5645,0.245696483097268
9.565,0.238464546329766
9.5655,0.230903885125441
9.566,0.223343223881694
9.5665,0.216111287002708
9.567,0.208221901274837
9.5675,0.200989964319135
9.568,0.193429302916726
9.5685,0.186197365884961
9.569,0.17830797998929
9.5695,0.171076042878733
9.57,0.163844105730122
9.5705,0.155625995287477
9.571,0.148722782477183
9.5715,0.140504671942631
9.572,0.133601459054633
9.5725,0.125712072853065
9.573,0.118480135460278
9.5735,0.110590749168202
9.574,0.103030087260228
9.5745,0.0961268741753442
9.575,0.0885662121828417
9.5755,0.0806768257083436
9.576,0.0734448880638077
9.5765,0.0655555014953919
9.577,0.057666114877521
9.5775,0.0514203504364273
9.578,0.0589810126506137
9.5785,0.0668703992602205
9.579,0.0741023369422865
9.5795,0.0816629990203214
9.58,0.0892236610535209
9.5805,0.0964555986087937
9.581,0.104344984986511
9.5815,0.111248198027691
9.582,0.119137584315809
9.5825,0.127026970556588
9.583,0.134258907902649
9.5835,0.14181956963154
9.584,0.149051506897521
9.5845,0.156283444124717
9.585,0.164501554563393
9.5855,0.171733491708534
9.586,0.179294153228703
9.5865,0.186526090296308
9.587,0.194415476145434
9.5875,0.201976137542544
9.588,0.209536798899184
9.5885,0.216440011407089
9.589,0.224658121492146
9.5895,0.231561333927378
9.59,0.239450719527438
9.5905,0.24701138068753
9.591,0.254572041808784
9.5915,0.261803978497374
9.592,0.269364639543435
9.5925,0.277254024942265
9.593,0.284485961521752
9.5935,0.291717898066948
9.594,0.29927855896416
9.5945,0.307167944208826
9.595,0.314728605030841
9.5955,0.322289265816474
9.596,0.329521202186334
9.5965,0.336753138523399
9.597,0.344642523581257
9.5975,0.351217011100102
9.598,0.343656350451133
9.5985,0.336424414145149
9.599,0.328535029046926
9.5995,0.321303092672576
9.6,0.313742431882212
9.6005,0.305853046670828
9.601,0.29862111019196
9.6015,0.290731724903704
9.602,0.283828512743219
9.6025,0.276596576160603
9.603,0.268707190758335
9.6035,0.2614752541032
9.604,0.253914593017167
9.6045,0.246025207494944
9.605,0.238464546329766
9.6055,0.231232609526447
9.606,0.223343223881694
9.6065,0.215782562598251
9.607,0.208550625681038
9.6075,0.200989964319135
9.608,0.193429302916726
9.6085,0.185539917062033
9.609,0.177979255575996
9.6095,0.170747318463714
9.61,0.163186656896535
9.6105,0.156283444124717
9.611,0.148394058056765
9.6115,0.140833396364979
9.612,0.133272734630504
9.6125,0.126040797279069
9.613,0.118480135460278
9.6135,0.111248198027691
9.614,0.103358811691924
9.6145,0.0957981497418109
9.615,0.0879087633118253
9.6155,0.0806768257083436
9.616,0.0731161636244404
9.6165,0.0655555014953919
9.617,0.05832356376424
9.6175,0.0514203504364273
9.618,0.0589810126506137
9.6185,0.066541674819142
9.619,0.0741023369422865
9.6195,0.0819917234574778
9.62,0.0892236610535209
9.6205,0.0964555986087937
9.621,0.104016260555065
9.6215,0.11190564688685
9.622,0.119137584315809
9.6225,0.12669824613083
9.623,0.134258907902649
9.6235,0.14181956963154
9.624,0.149051506897521
9.6245,0.156612168543217
9.625,0.164501554563393
9.6255,0.172062216123317
9.626,0.179294153228703
9.6265,0.186526090296308
9.627,0.194086751735942
9.6275,0.201976137542544
9.628,0.209208074493211
9.6285,0.216768735811395
9.629,0.224329397089645
9.6295,0.231561333927378
9.63,0.239121995128288
9.6305,0.24701138068753
9.631,0.254572041808784
9.6315,0.261803978497374
9.632,0.269364639543435
9.6325,0.27692530055147
9.633,0.284485961521752
9.6335,0.292046622454555
9.634,0.299936007736081
9.6345,0.307167944208826
9.635,0.314399880648033
9.6355,0.322289265816474
9.636,0.329521202186334
9.6365,0.337410587279696
9.637,0.344313799204616
9.6375,0.351217011100102
9.638,0.343985074827908
9.6385,0.336095689766833
9.639,0.328863753426797
9.6395,0.321960541435243
9.64,0.313742431882212
9.6405,0.306181771055432
9.641,0.298949834578095
9.6415,0.291389173679271
9.642,0.283499788353846
9.6425,0.276267851769665
9.643,0.268707190758335
9.6435,0.261146529708954
9.644,0.253914593017167
9.6445,0.246353931892546
9.645,0.238135821930394
9.6455,0.230903885125441
9.646,0.223671948284419
9.6465,0.216768735811395
9.647,0.208550625681038
9.6475,0.200989964319135
9.648,0.193758027326373
9.6485,0.185539917062033
9.649,0.17830797998929
9.6495,0.170747318463714
9.65,0.163844105730122
9.6505,0.155625995287477
9.651,0.148394058056765
9.6515,0.141162120787247
9.652,0.133272734630504
9.6525,0.125712072853065
9.653,0.118480135460278
9.6535,0.110590749168202
9.654,0.103358811691924
9.6545,0.0957981497418109
9.655,0.0882374877473757
9.6555,0.0806768257083436
9.656,0.0731161636244404
9.6565,0.0658842259367277
9.657,0.0579948393209237
9.6575,0.0514203504364273
9.658,0.0589810126506137
9.6585,0.0671991237012131
9.659,0.0741023369422865
9.6595,0.0819917234574778
9.66,0.0888949366182234
9.6605,0.0964555986087937
9.661,0.104016260555065
9.6615,0.111576922457312
9.662,0.119137584315809
9.6625,0.127026970556588
9.663,0.134258907902649
9.6635,0.142148294053566
9.664,0.149051506897521
9.6645,0.156940892961638
9.665,0.164172830146797
9.6655,0.172062216123317
9.666,0.179294153228703
9.6665,0.186854814707579
9.667,0.194086751735942
9.6675,0.201976137542544
9.668,0.209208074493211
9.6685,0.216768735811395
9.669,0.224329397089645
9.6695,0.231561333927378
9.67,0.239450719527438
9.6705,0.24701138068753
9.671,0.254572041808784
9.6715,0.261803978497374
9.672,0.269364639543435
9.6725,0.27692530055147
9.673,0.284814685910912
9.6735,0.292046622454555
9.674,0.299607283350155
9.6745,0.30683921982443
9.675,0.314728605030841
9.6755,0.322289265816474
9.676,0.329192477806599
9.6765,0.337081862901581
9.677,0.344313799204616
9.6775,0.351217011100102
9.678,0.343656350451133
9.6785,0.336095689766833
9.679,0.329192477806599
9.6795,0.321303092672576
9.68,0.313742431882212
9.6805,0.306181771055432
9.681,0.29862111019196
9.6815,0.291389173679271
9.682,0.283499788353846
9.6825,0.276267851769665
9.683,0.268707190758335
9.6835,0.260817805314635
9.684,0.253585868621248
9.6845,0.246025207494944
9.685,0.238793270729064
9.6855,0.231232609526447
9.686,0.223671948284419
9.6865,0.216111287002708
9.687,0.208550625681038
9.6875,0.200989964319135
9.688,0.193429302916726
9.6885,0.185539917062033
9.689,0.178636704402506
9.6895,0.170747318463714
9.69,0.163515381313368
9.6905,0.155954719706137
9.691,0.148394058056765
9.6915,0.141162120787247
9.692,0.133930183478682
9.6925,0.125712072853065
9.693,0.117822686604418
9.6935,0.110590749168202
9.694,0.103358811691924
9.6945,0.0957981497418109
9.695,0.0885662121828417
9.6955,0.0806768257083436
9.696,0.0731161636244404
9.6965,0.0655555014953919
9.697,0.0579948393209237
9.6975,0.0520777993264369
9.698,0.0593097370936711
9.6985,0.066541674819142
9.699,0.0741023369422865
9.6995,0.0813342745830802
9.7,0.0895523854887342
9.7005,0.0967843230421594
9.701,0.104016260555065
9.7015,0.11190564688685
9.702,0.119137584315809
9.7025,0.12636952170499
9.703,0.134587632326535
9.7035,0.14181956963154
9.704,0.149051506897521
9.7045,0.156612168543217
9.705,0.164830278979909
9.7055,0.171733491708534
9.706,0.178965428815644
9.7065,0.186526090296308
9.707,0.194415476145434
9.7075,0.201647413134818
9.708,0.209536798899184
9.7085,0.216440011407089
9.709,0.224329397089645
9.7095,0.231561333927378
9.71,0.239121995128288
9.7105,0.246682656290075
9.711,0.254243317413012
9.7115,0.261803978497374
9.712,0.269035915150921
9.7125,0.277254024942265
9.713,0.284485961521752
9.7135,0.292046622454555
9.714,0.298949834578095
9.7145,0.30683921982443
9.715,0.313742431882212
9.7155,0.322289265816474
9.716,0.329192477806599
9.7165,0.337081862901581
9.717,0.344642523581257
9.7175,0.351217011100102
9.718,0.343327626074291
9.7185,0.336095689766833
9.719,0.328535029046926
9.7195,0.321303092672576
9.72,0.313742431882212
9.7205,0.306181771055432
9.721,0.29862111019196
9.7215,0.291060449291523
9.722,0.283828512743219
9.7225,0.275610402987574
9.723,0.268707190758335
9.7235,0.261146529708954
9.724,0.253585868621248
9.7245,0.246025207494944
9.725,0.238793270729064
9.7255,0.230903885125441
9.726,0.223671948284419
9.7265,0.216440011407089
9.727,0.208221901274837
9.7275,0.201318688727015
9.728,0.193758027326373
9.7285,0.186197365884961
9.729,0.17830797998929
9.7295,0.170418594048617
9.73,0.163515381313368
9.7305,0.155954719706137
9.731,0.148394058056765
9.7315,0.140833396364979
9.732,0.133272734630504
9.7325,0.125712072853065
9.733,0.118480135460278
9.7335,0.111248198027691
9.734,0.103030087260228
9.7345,0.0954694253081939
9.735,0.0882374877473757
9.7355,0.0810055501457543
9.736,0.0731161636244404
9.7365,0.0655555014953919
9.737,0.0579948393209237
9.7375,0.0514203504364273
9.738,0.0589810126506137
9.7385,0.066541674819142
9.739,0.0741023369422865
9.7395,0.0813342745830802
9.74,0.0888949366182234
9.7405,0.0964555986087937
9.741,0.104016260555065
9.7415,0.111576922457312
9.742,0.119137584315809
9.7425,0.12669824613083
9.743,0.134258907902649
9.7435,0.141490845209434
9.744,0.149051506897521
9.7445,0.156612168543217
9.745,0.164501554563393
9.7455,0.171404767293673
9.746,0.178965428815644
9.7465,0.187183539118771
9.747,0.194744200554849
9.7475,0.201647413134818
9.748,0.209536798899184
9.7485,0.216768735811395
9.749,0.224329397089645
9.7495,0.231561333927378
9.75,0.239121995128288
9.7505,0.246682656290075
9.751,0.254900766204484
9.7515,0.261803978497374
9.752,0.269693363935877
9.7525,0.277254024942265
9.753,0.284485961521752
9.7535,0.292046622454555
9.754,0.29927855896416
9.7545,0.30683921982443
9.755,0.314399880648033
9.7555,0.322289265816474
9.756,0.329521202186334
9.7565,0.337081862901581
9.757,0.344642523581257
9.7575,0.351545735475346
9.758,0.343656350451133
9.7585,0.336095689766833
9.759,0.328863753426797
9.7595,0.321303092672576
9.76,0.314071156265157
9.7605,0.306510495439966
9.761,0.298949834578095
9.7615,0.291060449291523
9.762,0.283499788353846
9.7625,0.276267851769665
9.763,0.268049741972946
9.7635,0.261146529708954
9.764,0.253257144225257
9.7645,0.246353931892546
9.765,0.239121995128288
9.7655,0.231232609526447
9.766,0.223343223881694
9.7665,0.216111287002708
9.767,0.208550625681038
9.7675,0.200661239911179
9.768,0.193100578507003
9.7685,0.185868641473536
9.769,0.178636704402506
9.7695,0.171076042878733
9.77,0.163515381313368
9.7705,0.155954719706137
9.771,0.148394058056765
9.7715,0.140833396364979
9.772,0.133272734630504
9.7725,0.125712072853065
9.773,0.118151411032389
9.7735,0.110919473597988
9.774,0.103358811691924
9.7745,0.0957981497418109
9.775,0.0882374877473757
9.7755,0.080348101270848
9.776,0.0731161636244404
9.7765,0.0655555014953919
9.777,0.0579948393209237
9.7775,0.0517490748814755
9.778,0.05865228820747
9.7785,0.066541674819142
9.779,0.0737736125030898
9.7795,0.0816629990203214
9.78,0.0888949366182234
9.7805,0.0964555986087937
9.781,0.104016260555065
9.7815,0.111576922457312
9.782,0.118808859888085
9.7825,0.127026970556588
9.783,0.134587632326535
9.7835,0.14181956963154
9.784,0.149051506897521
9.7845,0.156612168543217
9.785,0.164501554563393
9.7855,0.171404767293673
9.786,0.179622877641685
9.7865,0.186854814707579
9.787,0.194415476145434
9.7875,0.202304861950194
9.788,0.209208074493211
9.7885,0.217097460215626
9.789,0.224329397089645
9.7895,0.231890058328235
9.79,0.239779443926514
9.7905,0.24701138068753
9.791,0.254572041808784
9.7915,0.262132702891475
9.792,0.269364639543435
9.7925,0.277254024942265
9.793,0.284485961521752
9.7935,0.292375346842092
9.794,0.299607283350155
9.7945,0.307167944208826
9.795,0.315057329413579
9.7955,0.322289265816474
9.796,0.329521202186334
9.7965,0.337410587279696
9.797,0.344642523581257
9.7975,0.35088828672479
9.798,0.343985074827908
9.7985,0.336095689766833
9.799,0.328863753426797
9.7995,0.32097436829114
9.8,0.313742431882212
9.8005,0.306181771055432
9.801,0.29862111019196
9.8015,0.291060449291523
9.802,0.283499788353846
9.8025,0.275939127378655
9.803,0.268378466365676
9.8035,0.261146529708954
9.804,0.253585868621248
9.8045,0.246025207494944
9.805,0.238464546329766
9.8055,0.230903885125441
9.806,0.223014499478893
9.8065,0.215782562598251
9.807,0.208221901274837
9.8075,0.200989964319135
9.808,0.193429302916726
9.8085,0.185868641473536
9.809,0.178636704402506
9.8095,0.171076042878733
9.81,0.163515381313368
9.8105,0.155954719706137
9.811,0.148394058056765
9.8115,0.140833396364979
9.812,0.133272734630504
9.8125,0.125712072853065
9.813,0.118151411032389
9.8135,0.110919473597988
9.814,0.103358811691924
9.8145,0.0957981497418109
9.815,0.0882374877473757
9.8155,0.0806768257083436
9.816,0.0734448880638077
9.8165,0.0658842259367277
9.817,0.0579948393209237
9.8175,0.0517490748814755
9.818,0.0589810126506137
9.8185,0.0668703992602205
9.819,0.0737736125030898
9.8195,0.0813342745830802
9.82,0.0892236610535209
9.8205,0.0967843230421594
9.821,0.104016260555065
9.8215,0.11190564688685
9.822,0.119466308743451
9.8225,0.12669824613083
9.823,0.133930183478682
9.8235,0.14181956963154
9.824,0.149708955737956
9.8245,0.156612168543217
9.825,0.164501554563393
9.8255,0.171733491708534
9.826,0.179294153228703
9.8265,0.186197365884961
9.827,0.194086751735942
9.8275,0.201647413134818
9.828,0.209536798899184
9.8285,0.217097460215626
9.829,0.224329397089645
9.8295,0.231890058328235
9.83,0.239779443926514
9.8305,0.246682656290075
9.831,0.254243317413012
9.8315,0.261803978497374
9.832,0.269693363935877
9.8325,0.277254024942265
9.833,0.284485961521752
9.8335,0.292046622454555
9.834,0.299607283350155
9.8345,0.30683921982443
9.835,0.314728605030841
9.8355,0.321960541435243
9.836,0.329849926566001
9.8365,0.337410587279696
9.837,0.344642523581257
9.8375,0.351217011100102
9.838,0.343656350451133
9.8385,0.336095689766833
9.839,0.328535029046926
9.8395,0.321303092672576
9.84,0.313742431882212
9.8405,0.306181771055432
9.841,0.298292385805755
9.8415,0.291389173679271
9.842,0.283499788353846
9.8425,0.275939127378655
9.843,0.269035915150921
9.8435,0.261146529708954
9.844,0.253914593017167
9.8445,0.246025207494944
9.845,0.238793270729064
9.8455,0.230903885125441
9.846,0.223671948284419
9.8465,0.216111287002708
9.847,0.208550625681038
9.8475,0.200661239911179
9.848,0.193429302916726
9.8485,0.185539917062033
9.849,0.178636704402506
9.8495,0.171076042878733
9.85,0.163186656896535
9.8505,0.155625995287477
9.851,0.148394058056765
9.8515,0.140833396364979
9.852,0.133272734630504
9.8525,0.125712072853065
9.853,0.118480135460278
9.8535,0.110590749168202
9.854,0.103358811691924
9.8545,0.0961268741753442
9.855,0.0882374877473757
9.8555,0.0810055501457543
9.856,0.0734448880638077
9.8565,0.0658842259367277
9.857,0.0579948393209237
9.8575,0.0514203504364273
9.858,0.0589810126506137
9.8585,0.066541674819142
9.859,0.0741023369422865
9.8595,0.0813342745830802
9.86,0.0892236610535209
9.8605,0.0967843230421594
9.861,0.104016260555065
9.8615,0.11190564688685
9.862,0.118808859888085
9.8625,0.12669824613083
9.863,0.133930183478682
9.8635,0.14181956963154
9.864,0.149380231317779
9.8645,0.156612168543217
9.865,0.164501554563393
9.8655,0.171733491708534
9.866,0.179294153228703
9.8665,0.186526090296308
9.867,0.194086751735942
9.8675,0.201976137542544
9.868,0.209536798899184
9.8685,0.217097460215626
9.869,0.22400067268707
9.8695,0.231890058328235
9.87,0.239779443926514
9.8705,0.246682656290075
9.871,0.254572041808784
9.8715,0.261803978497374
9.872,0.269364639543435
9.8725,0.27692530055147
9.873,0.284485961521752
9.8735,0.292046622454555
9.874,0.299936007736081
9.8745,0.30683921982443
9.875,0.314728605030841
9.8755,0.321960541435243
9.876,0.329521202186334
9.8765,0.337081862901581
9.877,0.344642523581257
9.8775,0.351217011100102
9.878,0.343656350451133
9.8785,0.336095689766833
9.879,0.328863753426797
9.8795,0.32097436829114
9.88,0.313413707499198
9.8805,0.306181771055432
9.881,0.29862111019196
9.8815,0.291060449291523
9.882,0.283499788353846
9.8825,0.276267851769665
9.883,0.268378466365676
9.8835,0.260817805314635
9.884,0.253585868621248
9.8845,0.246025207494944
9.885,0.238135821930394
9.8855,0.231232609526447
9.886,0.223343223881694
9.8865,0.216111287002708
9.887,0.208550625681038
9.8875,0.200989964319135
9.888,0.193758027326373
9.8885,0.185868641473536
9.889,0.17830797998929
9.8895,0.171076042878733
9.89,0.163186656896535
9.8905,0.155625995287477
9.891,0.148065333636267
9.8915,0.140833396364979
9.892,0.133272734630504
9.8925,0.125712072853065
9.893,0.118151411032389
9.8935,0.110919473597988
9.894,0.103358811691924
9.8945,0.0957981497418109
9.895,0.0879087633118253
9.8955,0.0806768257083436
9.896,0.0734448880638077
9.8965,0.0658842259367277
9.897,0.05832356376424
9.8975,0.0517490748814755
9.898,0.0589810126506137
9.8985,0.0668703992602205
9.899,0.0741023369422865
9.8995,0.0816629990203214
9.9,0.0892236610535209
9.9005,0.0967843230421594
9.901,0.104344984986511
9.9015,0.111576922457312
9.902,0.119466308743451
9.9025,0.12669824613083
9.903,0.134258907902649
9.9035,0.141490845209434
9.904,0.149380231317779
9.9045,0.156612168543217
9.905,0.164501554563393
9.9055,0.172062216123317
9.906,0.179294153228703
9.9065,0.186854814707579
9.907,0.194086751735942
9.9075,0.202304861950194
9.908,0.209208074493211
9.9085,0.217097460215626
9.909,0.224658121492146
9.9095,0.231890058328235
9.91,0.239450719527438
9.9105,0.24701138068753
9.911,0.254243317413012
9.9115,0.261803978497374
9.912,0.269364639543435
9.9125,0.27692530055147
9.913,0.284485961521752
9.9135,0.292046622454555
9.914,0.299607283350155
9.9145,0.30683921982443
9.915,0.314728605030841
9.9155,0.321631817053944
9.916,0.329849926566001
9.9165,0.336753138523399
9.917,0.344642523581257
9.9175,0.351217011100102
9.918,0.343985074827908
9.9185,0.336424414145149
9.919,0.328535029046926
9.9195,0.32097436829114
9.92,0.313742431882212
9.9205,0.306181771055432
9.921,0.298292385805755
9.9215,0.291060449291523
9.922,0.283171063964402
9.9225,0.275939127378655
9.923,0.268049741972946
9.9235,0.261803978497374
9.924,0.253585868621248
9.9245,0.246025207494944
9.925,0.239121995128288
9.9255,0.230903885125441
9.926,0.223343223881694
9.9265,0.216111287002708
9.927,0.208550625681038
9.9275,0.200661239911179
9.928,0.193100578507003
9.9285,0.185211192650452
9.929,0.17830797998929
9.9295,0.170747318463714
9.93,0.163186656896535
9.9305,0.155625995287477
9.931,0.148394058056765
9.9315,0.140833396364979
9.932,0.133272734630504
9.9325,0.125712072853065
9.933,0.118480135460278
9.9335,0.110590749168202
9.934,0.103358811691924
9.9345,0.0954694253081939
9.935,0.0879087633118253
9.9355,0.0806768257083436
9.936,0.0731161636244404
9.9365,0.0658842259367277
9.937,0.05832356376424
9.9375,0.0514203504364273
9.938,0.0593097370936711
9.9385,0.066541674819142
9.939,0.0741023369422865
9.9395,0.0813342745830802
9.94,0.0895523854887342
9.9405,0.0967843230421594
9.941,0.104016260555065
9.9415,0.11190564688685
9.942,0.119137584315809
9.9425,0.127026970556588
9.943,0.134258907902649
9.9435,0.14181956963154
9.944,0.149380231317779
9.9445,0.156612168543217
9.945,0.164501554563393
9.9455,0.172062216123317
9.946,0.179622877641685
9.9465,0.186526090296308
9.947,0.194415476145434
9.9475,0.201976137542544
9.948,0.209536798899184
9.9485,0.216768735811395
9.949,0.224329397089645
9.9495,0.231890058328235
9.95,0.239450719527438
9.9505,0.24701138068753
9.951,0.254243317413012
9.9515,0.261803978497374
9.952,0.269364639543435
9.9525,0.27692530055147
9.953,0.285143410300001
9.9535,0.291717898066948
9.954,0.299936007736081
9.9545,0.307167944208826
9.955,0.314728605030841
9.9555,0.322289265816474
9.956,0.329521202186334
9.9565,0.336753138523399
9.957,0.344642523581257
9.9575,0.351217011100102
9.958,0.343985074827908
9.9585,0.336095689766833
9.959,0.328535029046926
9.9595,0.32097436829114
9.96,0.313742431882212
9.9605,0.306181771055432
9.961,0.298292385805755
9.9615,0.291060449291523
9.962,0.283828512743219
9.9625,0.275939127378655
9.963,0.268707190758335
9.9635,0.260817805314635
9.964,0.253585868621248
9.9645,0.246025207494944
9.965,0.238464546329766
9.9655,0.230903885125441
9.966,0.223343223881694
9.9665,0.216111287002708
9.967,0.208550625681038
9.9675,0.200989964319135
9.968,0.193429302916726
9.9685,0.185868641473536
9.969,0.178636704402506
9.9695,0.170747318463714
9.97,0.163515381313368
9.9705,0.155954719706137
9.971,0.148065333636267
9.9715,0.141162120787247
9.972,0.133272734630504
9.9725,0.125712072853065
9.973,0.118151411032389
9.9735,0.110590749168202
9.974,0.103358811691924
9.9745,0.0961268741753442
9.975,0.0885662121828417
9.9755,0.0806768257083436
9.976,0.0731161636244404
9.9765,0.0655555014953919
9.977,0.0579948393209237
9.9775,0.0520777993264369
9.978,0.0589810126506137
9.9785,0.066541674819142
9.979,0.0744310613813979
9.9795,0.0816629990203214
9.98,0.0892236610535209
9.9805,0.0964555986087937
9.981,0.104016260555065
9.9815,0.111248198027691
9.982,0.119137584315809
9.9825,0.127026970556588
9.983,0.133930183478682
9.9835,0.14181956963154
9.984,0.148722782477183
9.9845,0.156612168543217
9.985,0.164830278979909
9.9855,0.171733491708534
9.986,0.179294153228703
9.9865,0.187183539118771
9.987,0.194415476145434
9.9875,0.201976137542544
9.988,0.209536798899184
9.9885,0.216768735811395
9.989,0.224329397089645
9.9895,0.231561333927378
9.99,0.239450719527438
9.9905,0.246682656290075
9.991,0.254243317413012
9.9915,0.262132702891475
9.992,0.269364639543435
9.9925,0.27692530055147
9.993,0.284485961521752
9.9935,0.291717898066948
9.994,0.299607283350155
9.9945,0.307167944208826
9.995,0.314728605030841
9.9955,0.322617990197638
9.996,0.329521202186334
9.9965,0.337081862901581
9.997,0.344971247957832
9.9975,0.351217011100102
9.998,0.343656350451133
9.9985,0.335766965388449
9.999,0.328863753426797
9.9995,0.321303092672576
