Time_s,Voltage_V
0,-1.84499313949283
0.0005,-1.88016675009672
0.001,-1.91435418710806
0.0015,-1.95018525347193
0.002,-1.98535887166612
0.0025,-2.02020376701341
0.003,-2.05504866493241
0.0035,-2.09120846740753
0.004,-2.12539591962103
0.0045,-2.16024082546653
0.005,-2.19574318512182
0.0055,-2.2305880964047
0.006,-2.26576173603841
0.0065,-2.30126410412906
0.007,-2.33578029810303
0.0075,-2.37095394623236
0.008,-2.40678504870629
0.0085,-2.44130125120611
0.009,-2.47614618232658
0.0095,-2.49323992318854
0.01,-2.45905244216805
0.0105,-2.42322133525821
0.011,-2.38771895710577
0.0115,-2.35320275896576
0.012,-2.31802911228738
0.0125,-2.28252674283344
0.013,-2.24866800427796
0.0135,-2.21250818926743
0.014,-2.17766327939246
0.0145,-2.14314709773746
0.015,-2.10731601669159
0.0155,-2.07181366391202
0.016,-2.03795494110194
0.0165,-2.00212386816485
0.017,-1.96662152333513
0.0175,-1.93243408264879
0.018,-1.89693174294858
0.0185,-1.86142940581945
0.019,-1.82658452185054
0.0195,-1.79141091501802
0.02,-1.75623731062634
0.0205,-1.72204988437165
0.021,-1.68687628471231
0.0215,-1.65137396221436
0.022,-1.61685781761825
0.0225,-1.58102677462215
0.023,-1.54585318425337
0.0235,-1.51166577147014
0.024,-1.47616346041593
0.0245,-1.44033242652496
0.025,-1.40647374518869
0.0255,-1.37097144067278
0.026,-1.3357978633194
0.0265,-1.30062428804918
0.027,-1.26545071483451
0.0275,-1.22961969373817
0.028,-1.19477484952502
0.0285,-1.16058745708415
0.029,-1.12508516687911
0.0295,-1.08958287862782
0.03,-1.05473804203134
0.0305,-1.02022193211056
0.031,-0.984390924633592
0.0315,-0.950203543101634
0.032,-0.914043814464969
0.0325,-0.878870262022544
0.033,-0.844682885600506
0.0335,-0.808851887032839
0.034,-0.77400706439953
0.0345,-0.739490968096959
0.035,-0.70365997453248
0.0355,-0.668486431993094
0.036,-0.634299065038156
0.0365,-0.598468076225272
0.037,-0.562637088973455
0.0375,-0.52877845105196
0.038,-0.493276191372596
0.0385,-0.457773933141655
0.039,-0.423915299300304
0.0395,-0.387755594654565
0.04,-0.352582065129805
0.0405,-0.318723435144018
0.041,-0.282563734531369
0.0415,-0.247718933379351
0.042,-0.212874133433415
0.0425,-0.177700610155575
0.043,-0.142198363551519
0.0435,-0.10768229158392
0.044,-0.0725087717348403
0.0445,-0.0366778040386264
0.045,-0.00216173528324876
0.0455,0.0323543324743356
0.046,0.0678565725829413
0.0465,0.101715189532612
0.047,0.13754615213786
0.0475,0.173377113781663
0.048,0.207235728055779
0.0485,0.243395412311479
0.049,0.278240198114223
0.0495,0.312427534349744
0.05,0.348258491719913
0.0505,0.383431999562646
0.051,0.417619333585154
0.0515,0.453450288719649
0.052,0.488623794451084
0.0525,0.523468575188032
0.053,0.558642079651043
0.0535,0.593815583518154
0.054,0.628331638162235
0.0545,0.664162589575137
0.055,0.699336091820234
0.0555,0.734838317893195
0.056,0.770011819190869
0.0565,0.804856595753314
0.057,0.840687544825556
0.0575,0.875203596316325
0.058,0.909390923177352
0.0585,0.945879319782118
0.059,0.979737921755348
0.0595,1.01556886920737
0.06,1.051071092128
0.0605,1.08492969341805
0.061,1.12076064023043
0.0615,1.15593413832123
0.062,1.19045018772597
0.0625,1.22595240987076
0.063,1.26145463194218
0.0635,1.29629940541282
0.064,1.33114417886698
0.0645,1.36697512516584
0.065,1.40149117439044
0.0655,1.43666467223705
0.066,1.47282434301812
0.0665,1.50635421967494
0.067,1.54218516644777
0.0675,1.57735866483369
0.068,1.61154599056279
0.0685,1.64704821366634
0.069,1.68255043703332
0.0695,1.71739521210303
0.07,1.75223998748069
0.0705,1.78807093609583
0.071,1.82225826357169
0.0715,1.85710304003811
0.072,1.89326271416946
0.0725,1.92777876719446
0.073,1.96295226932316
0.0735,1.99878322061082
0.074,2.03264182646546
0.0745,2.06847277885918
0.075,2.10397500752218
0.0755,2.1378336150733
0.076,2.17333584499141
0.0765,2.20850935123322
0.077,2.24335413380713
0.0775,2.27852764146834
0.078,2.31402987426524
0.0785,2.34821721030397
0.079,2.38339072029562
0.0795,2.41922167993259
0.08,2.45373774281647
0.0805,2.48923997982188
0.081,2.4964719171036
0.0815,2.46162712873815
0.082,2.42711106566026
0.0825,2.3912801058282
0.083,2.35676404443209
0.0835,2.32126181067249
0.084,2.2851021289645
0.0845,2.2512435186389
0.085,2.21574128718179
0.0855,2.18089650515399
0.086,2.14539427509252
0.0865,2.11087821872324
0.087,2.07570471427794
0.0875,2.0402024860954
0.088,2.00568643147221
0.0885,1.97051292872444
0.089,1.93468197785397
0.0895,1.90016592473882
0.09,1.86499242344574
0.0905,1.82916147397199
0.091,1.7949741464226
0.0915,1.75881447343774
0.092,1.72429842229404
0.0925,1.69011109575006
0.093,1.65395142374396
0.0935,1.61877792487872
0.094,1.58426187482035
0.0945,1.54941710068005
0.095,1.51358615387264
0.0955,1.47939882862763
0.096,1.44356788210489
0.0965,1.40806565996341
0.097,1.37453578356332
0.0975,1.33870483725843
0.098,1.30287389097066
0.0985,1.26901529033951
0.099,1.23351306828005
0.0995,1.19768212187391
0.1,1.16316607249148
0.1005,1.12799257442904
0.101,1.09216162765139
0.1015,1.05830302639958
0.102,1.02247207923775
0.1025,0.986641131835421
0.103,0.952782529914314
0.1035,0.917609030549766
0.104,0.881120633680431
0.1045,0.847919479452613
0.105,0.812088530461156
0.1055,0.776586305366209
0.106,0.742398977088303
0.1065,0.706896751116997
0.107,0.671394524657178
0.1075,0.636878470659258
0.108,0.601376243152758
0.1085,0.565874015073348
0.109,0.531686683762232
0.1095,0.496184454475646
0.11,0.461339673240818
0.1105,0.426494891346211
0.111,0.391321384397648
0.1115,0.355819152347509
0.112,0.321631817053944
0.1125,0.285800859077967
0.113,0.249969900261327
0.1135,0.216111287002708
0.114,0.180280326467414
0.1145,0.145106813848173
0.115,0.109604575878346
0.1155,0.0754172346982209
0.116,0.0402437192529782
0.1165,0.00441275388956303
0.117,-0.0297745902064749
0.1175,-0.0649481087331678
0.118,-0.101107801808301
0.1185,-0.134966424572544
0.119,-0.170797395445335
0.1195,-0.205642193970654
0.12,-0.240486993669636
0.1205,-0.275989243654415
0.121,-0.311162770359198
0.1215,-0.345678849209651
0.122,-0.381181103053699
0.1225,-0.416683358256515
0.123,-0.450870716429204
0.1235,-0.486372974381806
0.124,-0.52121778451596
0.1245,-0.55639132071102
0.125,-0.591564858377354
0.1255,-0.626738397542574
0.126,-0.661254488861403
0.1265,-0.697085480480128
0.127,-0.732259024307689
0.1275,-0.766775120282245
0.128,-0.801948667325251
0.1285,-0.837450940794516
0.129,-0.87229576643103
0.1295,-0.907140593754838
0.13,-0.942971597224727
0.1305,-0.976830253571718
0.131,-1.01266126065051
0.1315,-1.04816354476609
0.132,-1.08267965613677
0.1325,-1.11752449421838
0.133,-1.15335550891959
0.1335,-1.18754290096952
0.134,-1.22337391963185
0.1345,-1.25920494036434
0.135,-1.29306361326045
0.1355,-1.32856591309463
0.136,-1.36406821504529
0.1365,-1.39792689390348
0.137,-1.43342920007107
0.1375,-1.46958895861492
0.138,-1.50344764371105
0.1385,-1.53862123137296
0.139,-1.57412354642723
0.1395,-1.60831096310958
0.14,-1.6438132827308
0.1405,-1.67964432993541
0.141,-1.71416047863396
0.1415,-1.74933408014203
0.142,-1.7848364093396
0.1425,-1.81935256510486
0.143,-1.85419744856876
0.1435,-1.88969978517764
0.144,-1.92520212435181
0.1445,-1.95971828992417
0.145,-1.99522063424089
0.1455,-2.03105170665465
0.146,-2.06491042896502
0.1465,-2.10074150671177
0.147,-2.13624386172126
0.1475,-2.17010259175721
0.148,-2.20593367776291
0.1485,-2.24110731544118
0.149,-2.27562350466377
0.1495,-2.31079714790444
0.15,-2.34695697102818
0.1505,-2.38147316866409
0.151,-2.41664682056064
0.1515,-2.4524779269091
0.152,-2.48633668160171
0.1525,-2.4833781495283
0.153,-2.44853321780338
0.1535,-2.41401701471031
0.154,-2.3781859116263
0.1545,-2.34301226290382
0.155,-2.30849606835331
0.1555,-2.27332242529804
0.156,-2.23749133386924
0.1565,-2.20330387318817
0.157,-2.16780151293682
0.1575,-2.1322991554732
0.158,-2.09811170274611
0.1585,-2.06195189973335
0.159,-2.02710700130167
0.1595,-1.99259083086765
0.16,-1.95675976134983
0.1605,-1.92125741987156
0.161,-1.88674125702931
0.1615,-1.85189637128381
0.162,-1.81606531207306
0.1625,-1.78187788181208
0.163,-1.74736172859213
0.1635,-1.71120195151322
0.164,-1.67734325343637
0.1645,-1.64184093157885
0.165,-1.60633861208839
0.1655,-1.57215119553046
0.166,-1.53599143034906
0.1665,-1.50081784285369
0.167,-1.4663017077431
0.1675,-1.43047067447345
0.168,-1.39562581857898
0.1685,-1.360780964775
0.169,-1.325607388028
0.1695,-1.28977636338187
0.17,-1.25591769066883
0.1705,-1.22074412002696
0.171,-1.18458437658443
0.1715,-1.150068259781
0.172,-1.11522341994788
0.1725,-1.08004985711166
0.173,-1.04454757129788
0.1735,-1.01003146190163
0.174,-0.974857904612754
0.1745,-0.939026899505325
0.175,-0.904839520199755
0.1755,-0.869665968211254
0.176,-0.833506243657774
0.1765,-0.799318869358279
0.177,-0.763816597708764
0.1775,-0.728314327724051
0.178,-0.694455682874671
0.1785,-0.658624691375267
0.179,-0.623122426156593
0.1795,-0.588606336460218
0.18,-0.5534327989187
0.1805,-0.517601813587556
0.181,-0.483085728214902
0.1815,-0.447912194997395
0.182,-0.412409938575893
0.1825,-0.378880031004414
0.183,-0.342720328116423
0.1835,-0.30721807571233
0.184,-0.273359447315883
0.1845,-0.237528472894216
0.185,-0.202026224258248
0.1855,-0.167838874869024
0.186,-0.132336628592156
0.1865,-0.0971631079616201
0.187,-0.0626470373948002
0.1875,-0.0271447944716227
0.188,0.00802872291924411
0.1885,0.0422160659397431
0.189,0.0773895813295674
0.1895,0.113220544604176
0.19,0.147079160374292
0.1905,0.182581397355011
0.191,0.218412357831794
0.1915,0.252270971036845
0.192,0.288101929798621
0.1925,0.323604163340717
0.193,0.357791498592437
0.1935,0.393293730600669
0.194,0.429453410589975
0.1945,0.463312019365814
0.195,0.498485524911977
0.1955,0.533659029815014
0.196,0.568503809766169
0.1965,0.603677313471163
0.197,0.640165713918919
0.1975,0.674024319227135
0.198,0.709197821333341
0.1985,0.744700047273964
0.199,0.778887375524063
0.1995,0.815047049200423
0.2,0.850220549557941
0.2005,0.884736600953713
0.201,0.919910100610954
0.2015,0.954754875664334
0.202,0.99058582330524
0.2025,1.02510187353268
0.203,1.05994664782373
0.2035,1.09610631904823
0.204,1.12996492011847
0.2045,1.16546714245365
0.205,1.20129808894637
0.2055,1.23548541395152
0.206,1.27131636028616
0.2065,1.30681858230515
0.207,1.34100590720379
0.2075,1.37650812923256
0.208,1.41233907558716
0.2085,1.44652640062083
0.209,1.48137117431134
0.2095,1.51687339669192
0.21,1.55171817066464
0.2105,1.58689166910309
0.211,1.62206516775288
0.2115,1.65658121806191
0.212,1.69241216579695
0.2125,1.72791438954185
0.213,1.76210171642079
0.2135,1.79793266513848
0.214,1.83310616563623
0.2145,1.86696476930102
0.215,1.90312444355963
0.2155,1.93829794534972
0.216,1.97281399898169
0.2165,2.00864495041916
0.217,2.04348972942093
0.2175,2.0783345089819
0.218,2.1135080134728
0.2185,2.14868151858848
0.219,2.18319757564445
0.2195,2.21869980644206
0.22,2.2542020379603
0.2205,2.28838937272251
0.221,2.32389160573792
0.2215,2.3593938395581
0.222,2.39390990101514
0.2225,2.42941213650574
0.223,2.46524309730067
0.2235,2.49943043691193
0.224,2.48661018445636
0.2245,2.45176539634308
0.225,2.41659188469971
0.2255,2.38141837391906
0.226,2.34558741519726
0.2265,2.31140007921627
0.227,2.27622657085092
0.2275,2.24072433887134
0.228,2.20686572943085
0.2285,2.17103477451332
0.229,2.13586126898623
0.2295,2.1010164884433
0.23,2.0661717085039
0.2305,2.03066948047932
0.231,1.99483852869929
0.2315,1.9603224747543
0.232,1.92514897266236
0.2325,1.88964674673533
0.233,1.85545941849755
0.2335,1.81995719344166
0.234,1.78445496878749
0.2345,1.75026764169591
0.235,1.71476541774774
0.2355,1.67926319411715
0.236,1.64540459222077
0.2365,1.60924492055524
0.237,1.57374269770097
0.2375,1.54021282074937
0.238,1.50438187398575
0.2385,1.46920837593471
0.239,1.43436360228191
0.2395,1.39919010444045
0.24,1.36401660666297
0.2405,1.32917183319974
0.241,1.29366961118953
0.2415,1.25816738916012
0.242,1.22398006419824
0.2425,1.18847784204854
0.243,1.1529756197955
0.2435,1.11911701882075
0.244,1.08295734771671
0.2445,1.04778384927437
0.245,1.01326779919522
0.2455,0.977436851726396
0.246,0.942592076858086
0.2465,0.907418577405383
0.247,0.873231250526112
0.2475,0.837071577506106
0.248,0.802226801309891
0.2485,0.767053300407076
0.249,0.731879799071979
0.2495,0.697692470231023
0.25,0.661861519317223
0.2505,0.62668801652454
0.251,0.592171961854993
0.2515,0.556669733622416
0.252,0.521167504781172
0.2525,0.486980172702644
0.253,0.451149218227892
0.2535,0.415975711772627
0.254,0.381459653348143
0.2545,0.346614869839705
0.255,0.310783912432607
0.2555,0.276596576160603
0.256,0.24109434152208
0.2565,0.205263381615605
0.257,0.170747318463714
0.2575,0.136231254444748
0.258,0.0997428429386865
0.2585,0.0655555014953919
0.259,0.0303819857717548
0.2595,-0.00512025542281389
0.26,-0.0406224976753735
0.2605,-0.0748098430931721
0.261,-0.110312087505104
0.2615,-0.145485608557964
0.262,-0.180001681735694
0.2625,-0.215832654137353
0.263,-0.250677454184649
0.2635,-0.28519353089443
0.264,-0.320695782488939
0.2645,-0.356198035393839
0.265,-0.390385391307998
0.2655,-0.426216371462711
0.266,-0.461718628430004
0.2665,-0.495577263715019
0.267,-0.531408248123646
0.2675,-0.566581784742122
0.268,-0.601097873515899
0.2685,-0.636600137768244
0.269,-0.671773678892912
0.2695,-0.706618496874115
0.27,-0.741463316414963
0.2705,-0.776965587012959
0.271,-0.811481685033586
0.2715,-0.847641408496355
0.272,-0.88281495940636
0.2725,-0.916673612848473
0.273,-0.952175891990207
0.2735,-0.987678172947394
0.274,-1.02252300605
0.2745,-1.05736784095565
0.275,-1.09287012745866
0.2755,-1.12738624118474
0.276,-1.16255980659784
0.2765,-1.19839082383402
0.277,-1.23257821833685
0.2775,-1.26840923960584
0.278,-1.30391153798694
0.2785,-1.33777021339598
0.279,-1.37392996596658
0.2795,-1.40877482055627
0.28,-1.44296222710075
0.2805,-1.47912198625138
0.281,-1.5139668472644
0.2815,-1.54848298532434
0.282,-1.58398530101822
0.2825,-1.61948761903288
0.283,-1.65400376379909
0.2835,-1.68950608647407
0.284,-1.72500841155422
0.2845,-1.75919583800519
0.285,-1.7946981678892
0.2855,-1.83020050026251
0.286,-1.86471665915008
0.2865,-1.90021899651608
0.287,-1.93473516031135
0.2875,-1.97056622818597
0.288,-2.00508239702012
0.2885,-2.04058474472759
0.289,-2.07608709512103
0.2895,-2.11027454621315
0.29,-2.14610562749072
0.2905,-2.18160798603508
0.291,-2.215795445056
0.2915,-2.25129780912106
0.292,-2.28647145040783
0.2925,-2.32065891754745
0.293,-2.35616129012579
0.2935,-2.39199239135555
0.294,-2.42650859264545
0.2945,-2.46201097406837
0.295,-2.49685590692286
0.2955,-2.47351637610264
0.296,-2.43768526795427
0.2965,-2.40284034002895
0.297,-2.36799541497014
0.2975,-2.33249304141549
0.298,-2.29699067078029
0.2985,-2.26214575426455
0.299,-2.22730084050692
0.2995,-2.19146975279288
0.3,-2.15728229562121
0.3005,-2.12177993897813
0.301,-2.08594885959971
0.3015,-2.05241886122556
0.302,-2.01658778718843
0.3025,-1.98141416669332
0.303,-1.94722672495612
0.3035,-1.91139565881077
0.304,-1.87589332063759
0.3045,-1.84170588629266
0.305,-1.80653227840231
0.3055,-1.77135867296467
0.306,-1.7365137952028
0.3065,-1.7010114693371
0.307,-1.66583787109192
0.3075,-1.63099300037361
0.308,-1.59581940676384
0.3085,-1.55998836515787
0.309,-1.52612967662087
0.3095,-1.49062736464815
0.31,-1.45479632984189
0.3105,-1.42093764765155
0.311,-1.38510661721155
0.3115,-1.34993303901324
0.312,-1.31541691291078
0.3125,-1.27991461385329
0.313,-1.24474104183597
0.3135,-1.20989619677442
0.314,-1.17505135366027
0.3145,-1.1392203377436
0.315,-1.10470422338671
0.3155,-1.06985938598865
0.316,-1.03435710072008
0.3165,-0.999183542170335
0.317,-0.964009985439483
0.3175,-0.928507705695753
0.318,-0.893662877324007
0.3185,-0.859146775428024
0.319,-0.823644500908764
0.3195,-0.788470952842597
0.32,-0.753626131155161
0.3205,-0.718452586353255
0.321,-0.682292869064113
0.3215,-0.649091675560641
0.322,-0.613260686094766
0.3225,-0.57742969820201
0.323,-0.54389978432517
0.3235,-0.507740074769218
0.324,-0.472237815951607
0.3245,-0.438050456962096
0.325,-0.402548200927816
0.3255,-0.367374670843339
0.326,-0.333187315767563
0.3265,-0.297685063715228
0.327,-0.261854088416751
0.3275,-0.227338012511565
0.328,-0.192493213258629
0.3285,-0.15666224165506
0.329,-0.123132342710833
0.3295,-0.0866439244386661
0.33,-0.0511416807723754
0.3305,-0.0169543360547103
0.331,0.0172330076731055
0.3315,0.0527352482160993
0.332,0.0872513144404717
0.3325,0.122753553015357
0.333,0.158255790634525
0.3335,0.193100578507003
0.334,0.22827408991471
0.3345,0.263776324860897
0.335,0.29796366141948
0.3355,0.33280844597996
0.336,0.368968127269081
0.3365,0.402826737216525
0.337,0.438657692650209
0.3375,0.474159923015719
0.338,0.508675979668461
0.3385,0.543849484390332
0.339,0.57935171283943
0.3395,0.613539043380107
0.34,0.649698719345746
0.3405,0.684872221798478
0.341,0.719059550808896
0.3415,0.754561776619371
0.342,0.790064001979455
0.3425,0.824908778311244
0.343,0.860082278563082
0.3435,0.895255778455671
0.344,0.929771829429576
0.3445,0.965274052982762
0.345,1.00044755196574
0.3455,1.03529232641351
0.346,1.07079454921217
0.3465,1.10596804753083
0.347,1.14147026996439
0.3475,1.17532887085728
0.348,1.21115981732098
0.3485,1.24666203941952
0.349,1.28150681290527
0.3495,1.31700903491886
0.35,1.35185380837595
0.3505,1.38636985758102
0.351,1.42220080395394
0.3515,1.45704557757232
0.352,1.49189035129806
0.3525,1.52739257372289
0.353,1.56256607203132
0.3535,1.59708212195997
0.354,1.63225562067615
0.3545,1.66808656822056
0.355,1.7022738945837
0.3555,1.73744739412065
0.356,1.77327834258608
0.3565,1.80713694560502
0.357,1.84329661912584
0.3575,1.87847012015062
0.358,1.91265744867113
0.3585,1.94881712354855
0.359,1.98366190165279
0.3595,2.01850668027014
0.36,2.05368018376178
0.3605,2.08918241217113
0.361,2.12336974381485
0.3615,2.15887197346229
0.362,2.19503165249867
0.3625,2.22856153734585
0.363,2.26406376906931
0.3635,2.29956600154969
0.364,2.33408206165827
0.3645,2.36925557132147
0.365,2.40508653061244
0.3655,2.43894514433402
0.366,2.47444738095738
0.3665,2.51027834293209
0.367,2.47707717629927
0.3675,2.44157493960835
0.368,2.40574397941496
0.3685,2.37155664207557
0.369,2.33572568358716
0.3695,2.30055217468523
0.37,2.26636483966979
0.3705,2.23086260789813
0.371,2.19536037685684
0.3715,2.16117304392531
0.372,2.12567081423513
0.3725,2.09016858519118
0.373,2.05565252976882
0.3735,2.02047902624551
0.374,1.98497679894962
0.3745,1.95078946946575
0.375,1.91528724319067
0.3755,1.88011374170439
0.376,1.84494024065965
0.3765,1.81009546433198
0.377,1.77492196408401
0.3775,1.73941973989857
0.378,1.70490368893082
0.3785,1.66973018967418
0.379,1.63357051782903
0.3795,1.59971191624857
0.38,1.5645384177363
0.3805,1.52870747085278
0.381,1.49484886982775
0.3815,1.45901792325179
0.382,1.42351570106998
0.3825,1.38965710036475
0.383,1.35382615404387
0.3835,1.31799520775244
0.384,1.28413660712914
0.3845,1.24797693653301
0.385,1.21313216299509
0.3855,1.17828738937662
0.386,1.14245644280762
0.3865,1.10761166894331
0.387,1.07309561920125
0.3875,1.03759339641626
0.388,1.00241989769548
0.3885,0.968232571599079
0.389,0.93240162377714
0.3895,0.897228124233964
0.39,0.862712072959658
0.3905,0.827209848432704
0.391,0.792036347820158
0.3915,0.757520295416189
0.392,0.721689345329446
0.3925,0.686187119076625
0.393,0.651999789615395
0.3935,0.616497562344289
0.394,0.581324058846803
0.3945,0.547136727790814
0.395,0.511634498781297
0.3955,0.475474820423533
0.396,0.441944936231671
0.3965,0.405785256500348
0.397,0.37061174912693
0.3975,0.336424414145149
0.398,0.300593456507723
0.3985,0.265419946828513
0.399,0.230903885125441
0.3995,0.196059098191741
0.4,0.160228137141471
0.4005,0.125383348426981
0.401,0.0908672832287452
0.4015,0.0543788704387379
0.402,0.0205202522110874
0.4025,-0.0146532648114743
0.403,-0.0504842318260046
0.4035,-0.0853290265052452
0.404,-0.120502546758989
0.4045,-0.155676068141804
0.405,-0.191178315196563
0.4055,-0.22536566535251
0.406,-0.260867914803012
0.4065,-0.296698890065682
0.407,-0.33055751927431
0.4075,-0.366717221695562
0.408,-0.402219476341379
0.4085,-0.436406833966764
0.409,-0.471251642116129
0.4095,-0.507082625518675
0.41,-0.541598711853181
0.4105,-0.57677224889739
0.411,-0.612274512095148
0.4115,-0.646790602794814
0.412,-0.681964144369141
0.4125,-0.718123861643063
0.413,-0.751982507530283
0.4135,-0.787156053881703
0.414,-0.822658326641141
0.4145,-0.856845702027093
0.415,-0.892676702961045
0.4155,-0.92817898089175
0.416,-0.962366361337204
0.4165,-0.997868642820738
0.417,-1.03337092615627
0.4175,-1.06755831188589
0.418,-1.10306059893941
0.4185,-1.13823416302204
0.419,-1.17275027918289
0.4195,-1.20792384711244
0.42,-1.24375486694872
0.4205,-1.27827098894746
0.421,-1.31377328790814
0.4215,-1.34927558897348
0.422,-1.38346299201505
0.4225,-1.41896529729434
0.423,-1.45446760476243
0.4235,-1.48865501404912
0.424,-1.52448605101658
0.4245,-1.55965964001642
0.425,-1.59384705578829
0.4255,-1.62967809963644
0.426,-1.66550914588577
0.4265,-1.69969656842565
0.427,-1.73421271845259
0.4275,-1.77004377187401
0.428,-1.80488865192557
0.4285,-1.83940480906543
0.429,-1.87556459529611
0.4295,-1.90942330662255
0.43,-1.94492564723415
0.4305,-1.98075671586769
0.431,-2.0149441600044
0.4315,-2.05044650845513
0.432,-2.08594885959971
0.4325,-2.12079376244411
0.433,-2.15530994240172
0.4335,-2.19048357610737
0.434,-2.22631466374233
0.4345,-2.26083085180869
0.435,-2.29666194513981
0.4355,-2.33183559008099
0.436,-2.3660230608067
0.4365,-2.40185416286535
0.437,-2.43735654220565
0.4375,-2.4715440214456
0.438,-2.49817081010682
0.4385,-2.46299715137314
0.439,-2.4281522213487
0.4395,-2.39297856849622
0.44,-2.35681874149746
0.4405,-2.3229599971631
0.441,-2.28745762730698
0.4415,-2.25195526033429
0.442,-2.21743907295936
0.4425,-2.18226543714554
0.443,-2.14676307854961
0.4435,-2.1122468992381
0.444,-2.07707327155947
0.4445,-2.04157092109101
0.445,-2.00705474960055
0.4455,-1.97220985521674
0.446,-1.93670751260224
0.4465,-1.90186262330811
0.447,-1.86603156048844
0.4475,-1.83118667619757
0.448,-1.79699924491172
0.4485,-1.76116818960059
0.449,-1.7259945872855
0.4495,-1.69147843780405
0.45,-1.65630484019642
0.4505,-1.62080251974503
0.451,-1.5862863771152
0.4515,-1.55078406127175
0.452,-1.51495302260771
0.4525,-1.48109433681697
0.453,-1.44559202768865
0.4535,-1.41041844582444
0.454,-1.37590231617075
0.4545,-1.34007128849361
0.455,-1.30456898797664
0.4555,-1.26972413950882
0.456,-1.2348792930345
0.4565,-1.20003444852683
0.457,-1.16551833087986
0.4575,-1.12968731549858
0.458,-1.0948424767651
0.4585,-1.05999763989038
0.459,-1.02449535514721
0.4595,-0.988664347444616
0.46,-0.954476965700624
0.4605,-0.919303411241783
0.461,-0.883801133755708
0.4615,-0.848956307565037
0.462,-0.813782758291903
0.4625,-0.778609210692113
0.463,-0.743106940017183
0.4635,-0.708590845108117
0.464,-0.673417302347935
0.4645,-0.637257587120904
0.465,-0.602741496826817
0.4655,-0.56789668333581
0.466,-0.532065697392835
0.4665,-0.498207060685249
0.467,-0.462704802254835
0.4675,-0.426873820653046
0.468,-0.393343912552072
0.4685,-0.357184209104622
0.469,-0.321681956162916
0.4695,-0.287165878171341
0.47,-0.251992352323133
0.4705,-0.216490103183828
0.471,-0.181974028808372
0.4715,-0.147129231064947
0.472,-0.111298260977163
0.4725,-0.0767821899754657
0.473,-0.0419373955572677
0.4735,-0.00610642880430083
0.474,0.0274234657119239
0.4745,0.0632544304036353
0.475,0.0987566696405966
0.4755,0.132944010206293
0.476,0.168446247556381
0.4765,0.203948483987298
0.477,0.238135821930394
0.4775,0.273638056639588
0.478,0.309140290513744
0.4785,0.343985074827908
0.479,0.378829858391875
0.4795,0.414660814321493
0.48,0.448519423376604
0.4805,0.484021653551861
0.481,0.519852607404622
0.4815,0.553382490237194
0.482,0.589213442858166
0.4825,0.624715670557744
0.483,0.659231724734051
0.4835,0.694733951367762
0.484,0.730236177503231
0.4845,0.765080954549516
0.485,0.80025445547584
0.4855,0.835427955995948
0.486,0.869944007539982
0.4865,0.905117507336804
0.487,0.940291006809734
0.4875,0.975135781696301
0.488,1.01063800489437
0.4885,1.0464689521324
0.489,1.07999882916362
0.4895,1.11582977600037
0.49,1.15100327411118
0.4905,1.18584804781147
0.491,1.22102154568902
0.4915,1.25619504349068
0.492,1.29202598979992
0.4925,1.32621331469893
0.493,1.36204426099454
0.4935,1.39754648304777
0.494,1.43140508376874
0.4945,1.46756475453358
0.495,1.50273825257844
0.4955,1.53626812935419
0.496,1.57242780056233
0.4965,1.60825874769516
0.497,1.6421173493313
0.4975,1.67794829695137
0.498,1.71377924486495
0.4985,1.74763784731787
0.499,1.78314007158542
0.4995,1.81864229622526
0.5,1.85282962403456
0.5005,1.88866057379958
0.501,1.92449152402976
0.5015,1.95835012882951
0.502,1.99385235572245
0.5025,2.02968330748691
0.503,2.06387063815113
0.5035,2.09937286673469
0.504,2.13454637159598
0.5045,2.16906242839152
0.505,2.20423593455024
0.5055,2.23940944140497
0.506,2.27425422460998
0.5065,2.30909900855199
0.507,2.34492996642129
0.5075,2.37944602754513
0.508,2.41461953827822
0.5085,2.45012177428405
0.509,2.48430911351574
0.5095,2.50107405903051
0.51,2.46655799496213
0.5105,2.4323706561697
0.511,2.3965396962068
0.5115,2.36103746151418
0.512,2.32652140080777
0.5125,2.29069044335708
0.513,2.25518821106859
0.5135,2.22100087698128
0.514,2.18582737049426
0.5145,2.1503251403386
0.515,2.11580908388153
0.5155,2.07997813067356
0.516,2.04480462675253
0.5165,2.01094602071389
0.517,1.9754437935641
0.5175,1.93961284262217
0.518,1.90509678944198
0.5185,1.86992328808647
0.519,1.8347497871645
0.5195,1.79957628664846
0.52,1.76440278651073
0.5205,1.72922928672372
0.521,1.69438451155243
0.5215,1.65921101238134
0.522,1.62403751347838
0.5225,1.5882065662449
0.523,1.55369051636635
0.5235,1.51884574238414
0.524,1.48301479571474
0.5245,1.44948491913749
0.525,1.41365397270238
0.5255,1.37782302634546
0.526,1.34396442570508
0.5265,1.30846220369449
0.527,1.27295998167653
0.5275,1.23844393245835
0.528,1.20294171034262
0.5285,1.16743948813511
0.529,1.13292343865175
0.5295,1.09742121618002
0.53,1.06257644210145
0.5305,1.02740294353969
0.531,0.991900720461127
0.5315,0.956398497121999
0.532,0.922868619259091
0.5325,0.887037671034839
0.533,0.852192895361258
0.5335,0.818005567936899
0.534,0.782174618603572
0.5345,0.747001117457699
0.535,0.712156340179923
0.5355,0.676982838114961
0.536,0.641809335547006
0.5365,0.607293281109526
0.537,0.571462328791663
0.5375,0.535960100207481
0.538,0.501772768387676
0.5385,0.466599262902788
0.539,0.431097032389933
0.5395,0.396580974267303
0.54,0.360750017955388
0.5405,0.325247785244487
0.541,0.291717898066948
0.5415,0.255558214995664
0.542,0.220055979850308
0.5425,0.186197365884961
0.543,0.150366404578071
0.5435,0.115192891177687
0.544,0.0806768257083436
0.5445,0.0455033104106903
0.545,0.00967234520186883
0.5455,-0.0245149987426723
0.546,-0.059688517109427
0.5465,-0.0955194855296286
0.547,-0.130035557114536
0.5475,-0.164880354300963
0.548,-0.201040050702508
0.5485,-0.235227401185974
0.549,-0.270729650984334
0.5495,-0.306231902053121
0.55,-0.341405429855728
0.5505,-0.376250234383639
0.551,-0.411423764806291
0.5515,-0.446926021188972
0.552,-0.480784655905418
0.5525,-0.516286915071914
0.553,-0.552446624990237
0.5535,-0.586633988521344
0.554,-0.62213625214503
0.5545,-0.657309792635452
0.555,-0.691497160579086
0.5555,-0.727328153581299
0.556,-0.762830423520173
0.5565,-0.7970177961448
0.557,-0.832191344616915
0.5575,-0.867693619552721
0.558,-0.90253844665214
0.5585,-0.937054550653982
0.559,-0.97288555565945
0.5595,-1.00740166316296
0.56,-1.04257522214166
0.5605,-1.07873495760305
0.561,-1.1125936207916
0.5615,-1.14776718539406
0.562,-1.18326947686219
0.5625,-1.21778559548477
0.563,-1.25361661589248
0.5635,-1.28879018842178
0.564,-1.32363503799174
0.5645,-1.35880861462165
0.565,-1.39431091839765
0.5655,-1.42882704914804
0.566,-1.46432935722917
0.5665,-1.49983166753537
0.567,-1.53401907958935
0.5675,-1.56919266919869
0.568,-1.60469498624291
0.5685,-1.63855367967518
0.569,-1.67405600131233
0.5695,-1.7095583253423
0.57,-1.7437457507703
0.5705,-1.77990553013664
0.571,-1.81540786146929
0.5715,-1.84926656868548
0.572,-1.88509763028793
0.5725,-1.9202712437565
0.573,-1.95478740897703
0.5735,-1.99061847834726
0.574,-2.02546337408101
0.5745,-2.05965082145502
0.575,-2.09548189879543
0.5755,-2.13098425339808
0.576,-2.165171708585
0.5765,-2.20133151976725
0.577,-2.23650515708202
0.5775,-2.27135007156559
0.578,-2.30652371446205
0.5785,-2.34136863452935
0.579,-2.37719973451991
0.5795,-2.41138720887635
0.58,-2.44656086326446
0.5805,-2.4827206979593
0.581,-2.48765158475223
0.5815,-2.45313537843034
0.582,-2.41697554629309
0.5825,-2.3827880714863
0.583,-2.34728569670684
0.5835,-2.31211205051055
0.584,-2.27759585841544
0.5845,-2.24176476663925
0.585,-2.20593367776291
0.5855,-2.17240367058931
0.586,-2.13690131276592
0.5865,-2.10139895770553
0.587,-2.06688278179657
0.5875,-2.03138043210222
0.588,-1.99620681050961
0.5885,-1.9620193677168
0.589,-1.92618830047687
0.5895,-1.89035723587969
0.59,-1.85616980053577
0.5905,-1.82132491693425
0.591,-1.78549385990361
0.5915,-1.7509777064394
0.592,-1.71580410481943
0.5925,-1.68030178036556
0.593,-1.6464430842781
0.5935,-1.61028331413799
0.594,-1.57478099672773
0.5945,-1.54092230727916
0.595,-1.50574871947139
0.5955,-1.4705751338802
0.596,-1.43507282540968
0.5965,-1.4002279692371
0.597,-1.36472566510156
0.5975,-1.33020953813799
0.598,-1.29536468818612
0.5985,-1.25920494036434
0.599,-1.22534626934283
0.5995,-1.18951525056731
0.6,-1.15434168366447
0.6005,-1.12015429339469
0.601,-1.08498073029238
0.6015,-1.04914971935174
0.602,-1.01463360971889
0.6025,-0.979131327364334
0.603,-0.943957771658063
0.6035,-0.909441667317396
0.604,-0.874268115102169
0.6045,-0.837779665556871
0.605,-0.804249740553981
0.6055,-0.768418743939181
0.606,-0.732916473740262
0.6065,-0.698400379286172
0.607,-0.663226836981705
0.6075,-0.628053296232383
0.608,-0.592551032352088
0.6085,-0.558363668578349
0.609,-0.52253268303916
0.6095,-0.48703042361667
0.61,-0.452843064055866
0.6105,-0.417340807439932
0.611,-0.382167276790854
0.6115,-0.347979921177436
0.612,-0.312477668578393
0.6125,-0.276975417283167
0.613,-0.242459340858056
0.6135,-0.206628367530775
0.614,-0.171454844463416
0.6145,-0.136938771562019
0.615,-0.101765250784108
0.6155,-0.0662630066428917
0.616,-0.0317469370114941
0.6165,0.003426580515942
0.617,0.0386000970115988
0.6175,0.0727874391849877
0.618,0.10796095372693
0.6185,0.143791916162486
0.619,0.177979255575996
0.6195,0.213481491764934
0.62,0.248655002673706
0.6205,0.283499788353846
0.621,0.318673297619171
0.6215,0.354175530474922
0.622,0.388362865088827
0.6225,0.423536372097497
0.623,0.459038602758985
0.6235,0.493883384036555
0.624,0.529385613364867
0.6245,0.5645591177257
0.625,0.599075172831946
0.6255,0.634577400374719
0.626,0.670408351692714
0.6265,0.704595680898601
0.627,0.739769182588038
0.6275,0.775600132440858
0.628,0.810116184633419
0.6285,0.845618409345707
0.629,0.880134460787091
0.6295,0.914979236192476
0.63,0.950152735579551
0.6305,0.985983683256801
0.631,1.02017100922863
0.6315,1.05633068069001
0.632,1.09117545480184
0.6325,1.12536278017574
0.633,1.16053627824836
0.6335,1.19669594903579
0.634,1.23055454977244
0.6345,1.2667142203927
0.635,1.3022164424149
0.6355,1.33673249159103
0.636,1.37190598933789
0.6365,1.40675076284862
0.637,1.44291043354589
0.6375,1.4770977586638
0.638,1.51259998102712
0.6385,1.54810220354634
0.639,1.58196080482391
0.6395,1.61812047630413
0.64,1.65296525087511
0.6405,1.68781002570442
0.641,1.72331224940887
0.6415,1.7584857491396
0.642,1.79300180061349
0.6425,1.82817530105672
0.643,1.86367752620965
0.6435,1.89819357886007
0.644,1.93369580490147
0.6445,1.96919803143556
0.645,2.00338536118278
0.6455,2.0385588644345
0.646,2.07438981692721
0.6465,2.10857714832023
0.647,2.14440810204484
0.6475,2.17925288337686
0.648,2.21376894101105
0.6485,2.24927117242751
0.649,2.28477340458906
0.6495,2.31928946437631
0.65,2.35512042248065
0.6505,2.3899652082365
0.651,2.42448127041285
0.6515,2.46031223108141
0.652,2.49548574383562
0.6525,2.49186977519254
0.653,2.4563675381187
0.6535,2.42086530195559
0.654,2.38634923986539
0.6545,2.35117572980443
0.655,2.31567349617307
0.6555,2.28049998771441
0.656,2.24598392874697
0.6565,2.21015297303711
0.657,2.17629436418175
0.6575,2.1407921342077
0.658,2.10528990489197
0.6585,2.07110257355401
0.659,2.03560034544799
0.6595,1.99976939358975
0.66,1.96558206389485
0.6605,1.93007983741223
0.661,1.89457761141942
0.6615,1.86039028312202
0.662,1.82554550661754
0.6625,1.78938583329983
0.663,1.75486978186207
0.6635,1.71969628216535
0.664,1.68452278278423
0.6645,1.64967800798044
0.665,1.61450450914539
0.6655,1.57900228625837
0.666,1.54415751214674
0.6665,1.50931273820959
0.667,1.47381051585927
0.6675,1.4386370179132
0.668,1.40444969289798
0.6685,1.36861874655643
0.669,1.3324590759785
0.6695,1.29892919963602
0.67,1.26342697761124
0.6705,1.22759603126436
0.671,1.19340870624153
0.6715,1.15790648400455
0.672,1.12240426163977
0.6725,1.08788821196897
0.673,1.05238598926893
0.6735,1.01721249064399
0.674,0.98236771607276
0.6745,0.947194216951015
0.675,0.912678166128398
0.6755,0.877504666403528
0.676,0.842659890634495
0.6765,0.806828941584403
0.677,0.772641613662797
0.6775,0.737139388085236
0.678,0.700979713408385
0.6785,0.667449832796921
0.679,0.631290157107108
0.6795,0.596116653844496
0.68,0.561929323027926
0.6805,0.526098369935462
0.681,0.490924864896513
0.6815,0.456737532274267
0.682,0.42156402592893
0.6825,0.38573307014332
0.683,0.351217011100102
0.6835,0.316043502561383
0.684,0.280212544456215
0.6845,0.246353931892546
0.685,0.210194247710901
0.6855,0.174692011438753
0.686,0.141490845209434
0.6865,0.105002433849153
0.687,0.0698289192260695
0.6875,0.035312852522259
0.688,-0.000189388527612314
0.6885,-0.0353629061626845
0.689,-0.069878975902466
0.6895,-0.105381220158015
0.69,-0.140554741052051
0.6905,-0.175399538580481
0.691,-0.210573061780674
0.6915,-0.246404035246455
0.692,-0.27993393817533
0.6925,-0.315764914134208
0.693,-0.351267166855412
0.6935,-0.385783247169402
0.694,-0.421285502550433
0.6945,-0.456459034716103
0.695,-0.491632568274592
0.6955,-0.526477378620882
0.696,-0.562308364326904
0.6965,-0.597481902243455
0.697,-0.631011818292262
0.6975,-0.666514083859742
0.698,-0.70234507571758
0.6985,-0.73686117034752
0.699,-0.772363440730424
0.6995,-0.807865712784966
0.7,-0.842053087480946
0.7005,-0.877555362899428
0.701,-0.91305764007368
0.7015,-0.94724501977927
0.702,-0.982747300482612
0.7025,-1.01857830787291
0.703,-1.05309441770893
0.7035,-1.08826797910011
0.704,-1.12377026727959
0.7045,-1.15762893282508
0.705,-1.19345994978146
0.7055,-1.22863351887509
0.706,-1.26347836499492
0.7065,-1.29832321310344
0.707,-1.33415423826059
0.7075,-1.36834164042416
0.708,-1.40417266983027
0.7085,-1.43934625131216
0.709,-1.47386238477687
0.7095,-1.50903597057405
0.71,-1.5445382837226
0.7105,-1.57905442370038
0.711,-1.61455674139101
0.7115,-1.65038778662344
0.712,-1.68391775774608
0.7125,-1.71974880768577
0.713,-1.75525113483718
0.7135,-1.78910983802088
0.714,-1.8252696206163
0.7145,-1.8601145044933
0.715,-1.89463066546445
0.7155,-1.93046173037529
0.716,-1.9653066217254
0.7165,-2.00015151560491
0.717,-2.03532513749102
0.7175,-2.07082748748475
0.718,-2.10534366368779
0.7185,-2.14084601905378
0.719,-2.17634837718592
0.7195,-2.21053583580592
0.72,-2.24570947384818
0.7205,-2.2818692915745
0.721,-2.31572803269791
0.7215,-2.35123040487039
0.722,-2.3867327799773
0.7225,-2.42190643231049
0.723,-2.45675136181565
0.7235,-2.49225374581194
0.724,-2.47746108544479
0.7245,-2.44294487996725
0.725,-2.40744250015609
0.7255,-2.37226884902215
0.726,-2.33709520078506
0.7265,-2.30257900670635
0.727,-2.267076638509
0.7275,-2.23223172436271
0.728,-2.19705808738506
0.7285,-2.16122700208593
0.729,-2.12703954719543
0.7295,-2.09120846740753
0.73,-2.0560348413263
0.7305,-2.02184739421574
0.731,-1.98634504791441
0.7315,-1.95084270425568
0.732,-1.91632653931622
0.7325,-1.88115292613101
0.733,-1.84532186481404
0.7335,-1.81113443256566
0.734,-1.77596082680868
0.7345,-1.7398010477209
0.735,-1.70627107301602
0.7355,-1.67044002399957
0.736,-1.63460897741752
0.7365,-1.60075028423421
0.737,-1.56524796744794
0.7375,-1.52941692784407
0.738,-1.49522951607286
0.7385,-1.4600559311392
0.739,-1.42422489826193
0.7395,-1.38970876778641
0.74,-1.3542064642895
0.7405,-1.31936161293553
0.741,-1.2845167636133
0.7415,-1.24967191629597
0.742,-1.2138408961171
0.7425,-1.18031095249717
0.743,-1.14415121137417
0.7435,-1.10897764696913
0.744,-1.07446153421823
0.7445,-1.0386305238467
0.745,-1.00378568991395
0.7455,-0.969269582593074
0.746,-0.933767302580778
0.7465,-0.898265024369212
0.747,-0.864077647026086
0.7475,-0.827917922750407
0.748,-0.793401823966544
0.7485,-0.758557002051109
0.749,-0.723712181735337
0.7495,-0.687552464202329
0.75,-0.653365096429001
0.7505,-0.618520280779539
0.751,-0.582689292657694
0.7515,-0.548173204646892
0.752,-0.512999668791607
0.7525,-0.476839960531785
0.753,-0.442323876764053
0.7535,-0.407150345150337
0.754,-0.37263426404221
0.7545,-0.336803285957618
0.755,-0.30195848287479
0.7555,-0.267113681039833
0.756,-0.231611431369275
0.7565,-0.197095356488917
0.757,-0.161593109234997
0.7575,-0.126090863164216
0.758,-0.091903516187771
0.7585,-0.056401272356873
0.759,-0.0208990296249808
0.7595,0.0129595897603942
0.76,0.0484618304270836
0.7605,0.0836353456419892
0.761,0.118151411032389
0.7615,0.153653648773845
0.762,0.189155885584299
0.7625,0.223343223881694
0.763,0.258516734552374
0.7635,0.294347693165838
0.764,0.328206304666988
0.7645,0.364365986058445
0.765,0.399539493561872
0.7655,0.433726827266706
0.766,0.469557782081075
0.7665,0.504731287511022
0.767,0.539247343620737
0.7675,0.574420847813013
0.768,0.609923075751905
0.7685,0.645096578799707
0.769,0.679941356999229
0.7695,0.715772307654513
0.77,0.749959636262543
0.7705,0.785461861679409
0.771,0.820964086670599
0.7715,0.855151414064079
0.772,0.890324914005367
0.7725,0.925827137905034
0.773,0.960014464326687
0.7735,0.995516687637977
0.774,1.03069018640516
0.7745,1.06586368494703
0.775,1.1010371832912
0.7755,1.13653940574658
0.776,1.17072673093672
0.7765,1.20557150457621
0.777,1.24205989952166
0.7775,1.27624722445704
0.778,1.31174944647313
0.7785,1.34725166848447
0.779,1.3814389934063
0.7795,1.4169412154909
0.78,1.45277216193464
0.7805,1.48728821136491
0.781,1.52246170948783
0.7815,1.55796393205539
0.782,1.59313743052935
0.7825,1.62732475635589
0.783,1.66282697957301
0.7835,1.69865792735917
0.784,1.73251652968035
0.7845,1.76867620239605
0.785,1.80384970257826
0.7855,1.83770830591762
0.786,1.87386797980518
0.7865,1.90937020552539
0.787,1.94388625876238
0.7875,1.97938848544313
0.788,2.01423326399611
0.7885,2.04842059441855
0.789,2.08425154707802
0.7895,2.11975377601703
0.79,2.15426983254471
0.7905,2.18944333841897
0.791,2.2249455693413
0.7915,2.25847545476707
0.792,2.29430641150373
0.7925,2.33046609342084
0.793,2.36366725664763
0.7935,2.40015566460306
0.794,2.43500045143175
0.7945,2.46984523912129
0.795,2.50469002769852
0.7955,2.48069314490268
0.796,2.44617708135031
0.7965,2.41067484544336
0.797,2.37583005919973
0.7975,2.34098527377136
0.798,2.30548304037201
0.7985,2.26998080776271
0.799,2.23579347337765
0.7995,2.20029124223662
0.8,2.16511773615423
0.8005,2.13093040377739
0.801,2.09509945029858
0.8015,2.05959722178836
0.802,2.02573861552165
0.8025,1.99023638814428
0.803,1.95440543698466
0.8035,1.92021810792187
0.804,1.88471588206007
0.8045,1.84954238095913
0.805,1.81502632888298
0.8055,1.77952410428236
0.806,1.74435060434796
0.8065,1.70950582904237
0.807,1.67466105403866
0.8075,1.63883010644405
0.808,1.60464278054306
0.8085,1.56914055771695
0.809,1.53363833509195
0.8095,1.49945100976479
0.81,1.46362006317191
0.8105,1.42811784097706
0.811,1.39294434314898
0.8115,1.35842829393603
0.812,1.32226862336459
0.8125,1.28775257418673
0.813,1.25257907642965
0.8135,1.21773430290036
0.814,1.18223208073455
0.8145,1.14771603130306
0.815,1.1125425331786
0.8155,1.07671158632531
0.816,1.0425242607047
0.8165,1.00669331344056
0.817,0.971848538794167
0.8175,0.937332488174275
0.818,0.901501540083377
0.8185,0.866656764550782
0.819,0.83246943727558
0.8195,0.796967212416248
0.82,0.761464987140442
0.8205,0.726291485734123
0.821,0.69111798386352
0.8215,0.655615757177469
0.822,0.62175715160434
0.8225,0.586254923857293
0.823,0.550752695525244
0.8235,0.516236639614592
0.824,0.480734410045561
0.8245,0.445232179807129
0.825,0.411373570689318
0.8255,0.375542614690745
0.826,0.340040382302197
0.8265,0.306181771055432
0.827,0.270679537112774
0.8275,0.234848577932599
0.828,0.200661239911179
0.8285,0.164830278979909
0.829,0.129985490384739
0.8295,0.0957981497418109
0.83,0.0599671859795269
0.8305,0.0241362211925949
0.831,-0.0097223978767471
0.8315,-0.0455533647401728
0.832,-0.0803981592686147
0.8325,-0.114914230382263
0.833,-0.150416476086451
0.8335,-0.185918722964839
0.834,-0.221092246520951
0.8345,-0.255608322212846
0.835,-0.291439297284913
0.8355,-0.325955375428516
0.836,-0.360800179386338
0.8365,-0.396631158389967
0.837,-0.43081851580511
0.8375,-0.466320772955288
0.838,-0.501823031532328
0.8385,-0.53601039301863
0.839,-0.572170103779593
0.8395,-0.607014917450616
0.84,-0.642188457282954
0.8405,-0.677033273961005
0.841,-0.711878092175905
0.8415,-0.748037810845048
0.842,-0.781896458061203
0.8425,-0.817398730569447
0.843,-0.853229729554675
0.8435,-0.88774583116669
0.844,-0.923576833651855
0.8445,-0.958092938689564
0.845,-0.991951595778972
0.8455,-1.02844005335898
0.846,-1.06361361344267
0.8465,-1.0981297256224
0.847,-1.13264583962845
0.8475,-1.16880558009828
0.848,-1.20299297298476
0.8485,-1.23882399253615
0.849,-1.2746550141703
0.8495,-1.30851368792999
0.85,-1.34434471369861
0.8505,-1.37951829156234
0.851,-1.41337697131892
0.8515,-1.44953672859325
0.852,-1.48503903796889
0.8525,-1.51922644911559
0.853,-1.55505748805681
0.8535,-1.59023107901843
0.854,-1.62474722190083
0.8545,-1.66024954261511
0.855,-1.69575186571116
0.8555,-1.72961056498293
0.856,-1.7651128928142
0.8565,-1.80094394840325
0.857,-1.83480265464278
0.8575,-1.87096244053842
0.858,-1.90547860226999
0.8585,-1.93999476643825
0.859,-1.97582583470428
0.8595,-2.01132818021965
0.86,-2.04518690110795
0.8605,-2.08134670281689
0.861,-2.1165203308212
0.8615,-2.1503790593905
0.862,-2.18588141827025
0.8625,-2.22138377995217
0.863,-2.25622869324411
0.8635,-2.29173106056238
0.864,-2.32690470510411
0.8645,-2.36109217543786
0.865,-2.39626582564832
0.8655,-2.43242565600721
0.866,-2.46661313484392
0.8665,-2.50211551968382
0.867,-2.46759931215959
0.8675,-2.43308310749699
0.868,-2.39758072851629
0.8685,-2.36174962681709
0.869,-2.32657597944099
0.8695,-2.29238851183615
0.87,-2.25688614446468
0.8705,-2.22105505436811
0.871,-2.18621014382848
0.8715,-2.15169396152159
0.872,-2.11586287980583
0.8725,-2.08167542829986
0.873,-2.04617307748104
0.8735,-2.01067072935266
0.874,-1.97681201093289
0.8745,-1.9409809425934
0.875,-1.90514987690871
0.8755,-1.87129116587683
0.876,-1.83578883058692
0.8765,-1.80028649781919
0.877,-1.76609906862235
0.8775,-1.73059674072298
0.878,-1.6954231404863
0.8785,-1.66057826781799
0.879,-1.62573339744432
0.8795,-1.58924490353993
0.88,-1.55571493833439
0.8805,-1.52021262446823
0.881,-1.48438158777498
0.8815,-1.45052290382367
0.882,-1.41502059660018
0.8825,-1.37918956652582
0.883,-1.34533088875029
0.8835,-1.30949986292238
0.884,-1.27399756421312
0.8845,-1.23981016741551
0.885,-1.20397914780719
0.8855,-1.16880558009828
0.886,-1.1349469139611
0.8865,-1.09944462516995
0.887,-1.06361361344267
0.8875,-1.02942622791554
0.888,-0.993923944787186
0.8885,-0.958092938689564
0.889,-0.924234283255709
0.8895,-0.888074555951921
0.89,-0.852901004785348
0.8905,-0.818713629583853
0.891,-0.783540081751146
0.8915,-0.748037810845048
0.892,-0.713521715715017
0.8925,-0.678019448040167
0.893,-0.642517181961499
0.8935,-0.608001091443889
0.894,-0.572827553080579
0.8945,-0.537325291564627
0.895,-0.502480480778873
0.8955,-0.467306946785251
0.896,-0.432133414192966
0.8965,-0.397288607558956
0.897,-0.362443802246265
0.8975,-0.32661282454799
0.898,-0.291110572737054
0.8985,-0.256923220357795
0.899,-0.221420971045822
0.8995,-0.185918722964839
0.9,-0.151731374097869
0.9005,-0.116557852843054
0.901,-0.0803981592686147
0.9015,-0.0468682626276683
0.902,-0.0110372957240021
0.9025,0.0241362211925949
0.903,0.0579948393209237
0.9035,0.0934970787047309
0.904,0.129328041534609
0.9045,0.163844105730122
0.905,0.199346342278589
0.9055,0.233862404731813
0.906,0.269035915150921
0.9065,0.30388070036175
0.907,0.339711657924619
0.9075,0.373898992837759
0.908,0.4090725001431
0.9085,0.445232179807129
0.909,0.479090788290259
0.9095,0.514593017889655
0.91,0.549766522507395
0.9105,0.584282577854456
0.911,0.62011352996189
0.9115,0.655287032853872
0.912,0.689803086587963
0.9125,0.725962761419767
0.913,0.760807538520116
0.9135,0.795652315191413
0.914,0.830825815763101
0.9145,0.866656764550782
0.915,0.900515367195481
0.9155,0.935688866709219
0.916,0.971848538794167
0.9165,1.00570714057664
0.917,1.04120936356154
0.9175,1.07671158632531
0.918,1.1108989117672
0.9185,1.14672985846039
0.919,1.18157463217499
0.9195,1.21674813006364
0.92,1.25225035215135
0.9205,1.28742384990878
0.921,1.32193989908673
0.9215,1.35678467254592
0.922,1.39294434314898
0.9225,1.42713166813971
0.923,1.46263389033172
0.9235,1.49813611263967
0.924,1.53232343796118
0.9245,1.56815438486367
0.925,1.60332788339743
0.9255,1.63784393357831
0.926,1.67334615687427
0.9265,1.70851965616088
0.927,1.74435060434796
0.9275,1.77886665568222
0.928,1.81404015597217
0.9285,1.84987110526651
0.929,1.88340098481481
0.9295,1.91923193497489
0.93,1.95473416130483
0.9305,1.98925021516939
0.931,2.02475244253143
0.9315,2.05992594612365
0.932,2.09411327727614
0.9325,2.13060167943059
0.933,2.16511773615423
0.9335,2.19963379351853
0.934,2.23447857591507
0.9345,2.27030953213518
0.935,2.30482559161289
0.9355,2.33999910061045
0.936,2.37550133480513
0.9365,2.4100173966386
0.937,2.4455196325291
0.9375,2.48102186932165
0.938,2.50699109867419
0.9385,2.47148886120383
0.939,2.43565790024803
0.9395,2.40147056220392
0.94,2.36596832739317
0.9405,2.33013736903603
0.941,2.29595003339125
0.9415,2.26011907661873
0.942,2.22560301806884
0.9425,2.19075823584793
0.943,2.1559134542997
0.9435,2.12008250036201
0.944,2.08589516877441
0.9445,2.05039294042075
0.945,2.01489071265313
0.9455,1.98070338273759
0.946,1.94487243171884
0.9465,1.90937020552539
0.947,1.87551160135626
0.9475,1.84000937606093
0.948,1.80417842688079
0.9485,1.76999109959258
0.949,1.7344888754557
0.9495,1.69898665165218
0.95,1.66479932531513
0.9505,1.62962582637141
0.951,1.59379487910093
0.9515,1.55927882919104
0.952,1.52410533089916
0.9525,1.48860310848843
0.953,1.45441578333356
0.9535,1.41891356116433
0.954,1.38341133907606
0.9545,1.34823784131832
0.955,1.31339306786243
0.9555,1.27756212156916
0.956,1.24271734807856
0.9565,1.20754385025108
0.957,1.17237035233714
0.9575,1.13686813002785
0.958,1.10268080470478
0.9585,1.06717858208477
0.959,1.03134763497801
0.9595,0.997160309081115
0.96,0.961986810073446
0.9605,0.926484586492725
0.961,0.89196853548953
0.9615,0.856795035564536
0.962,0.821292810974173
0.9625,0.786776758908721
0.963,0.751274533508127
0.9635,0.716101031970136
0.964,0.681584978600068
0.9645,0.646411476099495
0.965,0.610909248741996
0.9655,0.576721918160097
0.966,0.541219689666126
0.9665,0.505388736204485
0.967,0.471201403844753
0.9675,0.435370449062718
0.968,0.39986821792762
0.9685,0.366009607920854
0.969,0.330178650945601
0.9695,0.295005141939858
0.97,0.260817805314635
0.9705,0.224986845894571
0.971,0.190142058816018
0.9715,0.155297270868738
0.972,0.120123757598489
0.9725,0.0842927945152012
0.973,0.0504341771007617
0.9735,0.0142744875812981
0.974,-0.0212277540897661
0.9745,-0.0547576499841307
0.975,-0.0912460672177816
0.9755,-0.126748312154945
0.976,-0.160606935717186
0.9765,-0.196109182937858
0.977,-0.231282706841122
0.9775,-0.266127507420888
0.978,-0.301301033772099
0.9785,-0.336474561394319
0.979,-0.371319365739714
0.9795,-0.406821620562246
0.98,-0.442323876764053
0.9805,-0.47618251130457
0.981,-0.512013494909965
0.9815,-0.547515755365221
0.982,-0.581374394040649
0.9825,-0.617534106773558
0.983,-0.652378922380431
0.9835,-0.68722373950516
0.984,-0.72239728288646
0.9845,-0.757899552596467
0.985,-0.793073099223935
0.9855,-0.827589197992476
0.986,-0.863091472703783
0.9865,-0.898922473949528
0.987,-0.932781128161828
0.9875,-0.968283408123721
0.988,-1.00411441475397
0.9885,-1.03797307413314
0.989,-1.07413280934362
0.9895,-1.10930637186125
0.99,-1.14316503664502
0.9905,-1.17932477771191
0.991,-1.21416962106345
0.9915,-1.2486857414008
0.992,-1.28385931364545
0.9925,-1.31969033793877
0.993,-1.35387773926715
0.9935,-1.38938004274414
0.994,-1.42553979851134
0.9945,-1.45906975589225
0.995,-1.49457206586701
0.9955,-1.53040310321483
0.996,-1.5642617920147
0.9965,-1.60009283390223
0.997,-1.6355951529792
0.9975,-1.67011129879055
0.998,-1.70561362255325
0.9985,-1.74045849822704
0.999,-1.77530337625699
0.9995,-1.81047698196832
1,-1.84597931545711
1.0005,-1.88016675009672
1.001,-1.91534036321114
1.0015,-1.95117142964789
1.002,-1.98535887166612
1.0025,-2.02118994333412
1.003,-2.05702101772226
1.0035,-2.09022229093901
1.004,-2.12638209616496
1.0045,-2.16155572762621
1.005,-2.19607191068727
1.0055,-2.23157427317877
1.006,-2.267076638509
1.0065,-2.30126410412906
1.007,-2.33709520078506
1.0075,-2.37226884902215
1.008,-2.40645632298178
1.0085,-2.44228742846202
1.009,-2.477789811225
1.0095,-2.49323992318854
1.01,-2.45773753910798
1.0105,-2.42223515804703
1.011,-2.38771895710577
1.0115,-2.35254530759963
1.012,-2.31704293531897
1.0125,-2.2818692915745
1.013,-2.24735310186228
1.0135,-2.21152201253559
1.014,-2.17634837718592
1.0145,-2.14216092115732
1.015,-2.10600111468812
1.0155,-2.07082748748475
1.016,-2.03631131384339
1.0165,-2.00146641731062
1.017,-1.96563534712749
1.0175,-1.93111918113223
1.018,-1.89561684152775
1.0185,-1.85978577916231
1.019,-1.82625579654166
1.0195,-1.79042473916082
1.02,-1.75492240957455
1.0205,-1.72106370864788
1.021,-1.68556138383637
1.0215,-1.65005906142688
1.022,-1.61587164209109
1.0225,-1.5803693243141
1.023,-1.54486700885499
1.0235,-1.51067959613265
1.024,-1.47550601023239
1.0245,-1.43967497638291
1.025,-1.40515884498276
1.0255,-1.369656540547
1.026,-1.33415423826059
1.0265,-1.29996683806379
1.027,-1.26413581494074
1.0275,-1.22896224382928
1.028,-1.19444612458887
1.0285,-1.15927255741176
1.029,-1.12409899217922
1.0295,-1.08958287862782
1.03,-1.05375186743741
1.0305,-1.01890703272012
1.031,-0.984390924633592
1.0315,-0.9485599190321
1.032,-0.91272891527689
1.0325,-0.8791989868037
1.033,-0.844025436069727
1.0335,-0.807865712784966
1.034,-0.773678339665422
1.0345,-0.738504793939862
1.035,-0.702673800421097
1.0355,-0.668486431993094
1.036,-0.632984166338194
1.0365,-0.597481902243455
1.037,-0.562965813620134
1.0375,-0.527792277152167
1.038,-0.492290017513421
1.0385,-0.458431382355161
1.039,-0.42325785011212
1.0395,-0.387098145492376
1.04,-0.352910789698689
1.0405,-0.317737261473072
1.041,-0.281577560897032
1.0415,-0.247061484312688
1.042,-0.211887959867325
1.0425,-0.17638571211205
1.043,-0.141869639051425
1.0435,-0.106696118115089
1.044,-0.0715225982969856
1.0445,-0.0353629061626845
1.045,-0.00117556190502358
1.0455,0.0333405058244358
1.046,0.0688427459048907
1.0465,0.103030087260228
1.047,0.138532325406844
1.0475,0.174034562610365
1.048,0.207893176868561
1.0485,0.24372413670967
1.049,0.279226371285539
1.0495,0.314071156265157
1.05,0.34924466484724
1.0505,0.384089448300302
1.051,0.418934231034065
1.0515,0.454436461786656
1.052,0.489938691848813
1.0525,0.523797299531651
1.053,0.559299528326835
1.0535,0.595459205180075
1.054,0.629317811144284
1.0545,0.665477486864387
1.055,0.70065098909084
1.0555,0.735167042206464
1.056,0.770669267809076
1.0565,0.805842768669016
1.057,0.840358820523952
1.0575,0.876518493509194
1.058,0.911034544653224
1.0585,0.944893146905177
1.059,0.98072409462455
1.0595,1.01622631778208
1.06,1.05074236784272
1.0605,1.0859158662685
1.061,1.12174681307607
1.0615,1.15560541404064
1.062,1.19110763628505
1.0625,1.22693858270694
1.063,1.26145463194218
1.0635,1.29695685396863
1.064,1.3324590759785
1.0645,1.36697512516584
1.065,1.40247734722623
1.0655,1.43797956935445
1.066,1.47249561873776
1.0665,1.5073403925197
1.067,1.54317133929719
1.0675,1.57702994054881
1.068,1.61286088771041
1.0685,1.64836311082321
1.069,1.68222171274159
1.0695,1.71805266069212
1.07,1.75388360896883
1.0705,1.78807093609583
1.071,1.82357316078961
1.0715,1.85907538588801
1.072,1.89424888710687
1.0725,1.92876494014468
1.073,1.96426716660865
1.0735,2.00009811791616
1.074,2.03395672379054
1.0745,2.06978767620618
1.075,2.10496118054944
1.0755,2.13881978811759
1.076,2.17497946676323
1.0765,2.21048169739807
1.077,2.24434030690909
1.0775,2.27984253896546
1.078,2.31567349617307
1.0785,2.34953210785903
1.079,2.38503434227809
1.0795,2.42119402636041
1.08,2.45472391605422
1.0805,2.49022615308528
1.081,2.49548574383562
1.0815,2.46129840432385
1.082,2.42546744363006
1.0825,2.3906226570322
1.083,2.35544914687079
1.0835,2.32060436190682
1.084,2.2851021289645
1.0845,2.25058606990151
1.085,2.21541256281985
1.0855,2.17958160773217
1.086,2.14572299944186
1.0865,2.10989204569306
1.087,2.07438981692721
1.0875,2.04053121042773
1.088,2.00437153416368
1.0885,1.96952675575772
1.089,1.93501070217155
1.0895,1.89950847611241
1.09,1.86400625051861
1.0905,1.82981892258234
1.091,1.79431669781943
1.0915,1.7584857491396
1.092,1.72462714658916
1.0925,1.68879619858097
1.093,1.65329397516471
1.0935,1.61910664916604
1.094,1.58327570196462
1.0945,1.54843092782974
1.095,1.51424360243639
1.0955,1.47874138006648
1.096,1.44356788210489
1.0965,1.40905183279957
1.097,1.37354961072875
1.0975,1.33771866442472
1.098,1.30353133952642
1.0985,1.26802911750518
1.099,1.23252689544423
1.0995,1.19768212187391
1.1,1.16283734821113
1.1005,1.12700640158415
1.101,1.09216162765139
1.1015,1.05764557782979
1.102,1.02181463066382
1.1025,0.985983683256801
1.103,0.951796357038966
1.1035,0.916622857665989
1.104,0.881120633680431
1.1045,0.847590755151723
1.105,0.812088530461156
1.1055,0.776257581057796
1.106,0.741412804151
1.1065,0.705910578166508
1.107,0.670737076014246
1.1075,0.636221022006766
1.108,0.600390070158419
1.1085,0.565216566399627
1.109,0.53102923507754
1.1095,0.496184454475646
1.11,0.461010948886447
1.1105,0.426166166985487
1.111,0.3906639356628
1.1115,0.354504254849572
1.112,0.32097436829114
1.1125,0.285472134689019
1.113,0.249312451467663
1.1135,0.215453838193718
1.114,0.179294153228703
1.1145,0.144778089426872
1.115,0.110262024738333
1.1155,0.0744310613813979
1.116,0.0392575459084135
1.1165,0.00474147834725658
1.117,-0.0307607636085684
1.1175,-0.0659342821653185
1.118,-0.100779077320543
1.1185,-0.135952598066833
1.119,-0.172112293481904
1.1195,-0.205642193970654
1.12,-0.241144442732015
1.1205,-0.276975417283167
1.121,-0.311162770359198
1.1215,-0.346665022909445
1.122,-0.381838552211686
1.1225,-0.416354633664985
1.123,-0.452185614846494
1.1235,-0.48703042361667
1.124,-0.521546509146571
1.1245,-0.556720045355254
1.125,-0.592551032352088
1.1255,-0.627067122214826
1.126,-0.661911938234294
1.1265,-0.698400379286172
1.127,-0.732259024307689
1.1275,-0.767761294475978
1.128,-0.802934841565263
1.1285,-0.837779665556871
1.129,-0.873281940765924
1.1295,-0.908126768137876
1.13,-0.943629046846796
1.1305,-0.97814515288084
1.131,-1.01364743518398
1.1315,-1.04947844421394
1.132,-1.08300838101565
1.1325,-1.1188393938052
1.133,-1.15467040857976
1.1335,-1.18787162590206
1.134,-1.22403136953481
1.1345,-1.25953366533486
1.135,-1.2943785132169
1.1355,-1.3295520881201
1.136,-1.36505439012996
1.1365,-1.399241794093
1.137,-1.43441537527367
1.1375,-1.47024640879158
1.138,-1.50443381903575
1.1385,-1.53993613188962
1.139,-1.57576717217998
1.1395,-1.60995458896608
1.14,-1.64545690869634
1.1405,-1.68095923079653
1.141,-1.71481792910752
1.1415,-1.75032025591982
1.142,-1.78549385990361
1.1425,-1.81968129040922
1.143,-1.85616980053577
1.1435,-1.89101468658261
1.144,-1.92520212435181
1.1445,-1.96103319151861
1.145,-1.99653553593296
1.1455,-2.0307229812073
1.146,-2.06622533085179
1.1465,-2.10172768320276
1.147,-2.13624386172126
1.1475,-2.17174621949323
1.148,-2.20757730562997
1.1485,-2.2414360410401
1.149,-2.27726713278954
1.1495,-2.31211205051055
1.15,-2.34662824534977
1.1505,-2.38245934578036
1.151,-2.41796172349196
1.1515,-2.4524779269091
1.152,-2.48732285896421
1.1525,-2.48239197217519
1.153,-2.44820449204624
1.1535,-2.41270211179128
1.154,-2.37752846022179
1.1545,-2.34235481155328
1.155,-2.30685244010997
1.1555,-2.27200752280876
1.156,-2.23716260827326
1.1565,-2.2016602453368
1.157,-2.166486610759
1.1575,-2.13197042995406
1.158,-2.09712552626285
1.1585,-2.06129444879552
1.159,-2.02612082496859
1.1595,-1.99127592918648
1.16,-1.95577358516242
1.1605,-1.9202712437565
1.161,-1.88575508098382
1.1615,-1.85058146998291
1.162,-1.81507913616772
1.1625,-1.7808917059734
1.163,-1.74571810230633
1.1635,-1.70988705057606
1.164,-1.67602835258429
1.1645,-1.64019730562448
1.165,-1.60436626107442
1.1655,-1.57050756978861
1.166,-1.53467652984181
1.1665,-1.49950294242965
1.167,-1.46465808231434
1.1675,-1.42948449927764
1.168,-1.39431091839765
1.1685,-1.35946606467203
1.169,-1.32494993801519
1.1695,-1.28846146343544
1.17,-1.2542740658277
1.1705,-1.219757945178
1.171,-1.18326947686219
1.1715,-1.14941080995531
1.172,-1.11390852036841
1.1725,-1.07840623272631
1.173,-1.04454757129788
1.1735,-1.00871656253102
1.174,-0.973214280484608
1.1745,-0.938698174696381
1.175,-0.903195896236411
1.1755,-0.868022344328769
1.176,-0.833834968418357
1.1765,-0.79767524563364
1.177,-0.762172974061826
1.1775,-0.728643052438582
1.178,-0.693140784075254
1.1785,-0.657309792635452
1.179,-0.623122426156593
1.1795,-0.587948887146737
1.18,-0.552117900347672
1.1805,-0.518259262846133
1.181,-0.48209955436724
1.1815,-0.447254745791658
1.182,-0.412738663165998
1.1825,-0.377236408115558
1.183,-0.341734154420731
1.1835,-0.30721807571233
1.184,-0.272373273690735
1.1845,-0.236213574774581
1.185,-0.201697499739564
1.1855,-0.166523976837757
1.186,-0.131021730604349
1.1865,-0.0965056589885326
1.187,-0.0613321394892444
1.1875,-0.0255011721403378
1.188,0.00835744737594857
1.1885,0.0432022392819446
1.189,0.0780470302060023
1.1895,0.11453544232018
1.19,0.148394058056765
1.1905,0.183896295003354
1.191,0.219398531043128
1.1915,0.252928419829193
1.192,0.289088102963556
1.1925,0.32491906086387
1.193,0.35844894734022
1.1935,0.394608628068082
1.194,0.429453410589975
1.1945,0.46429819242752
1.195,0.499800422302929
1.1955,0.53497392718246
1.196,0.569489982775128
1.1965,0.604992210794888
1.197,0.64049443824463
1.1975,0.675339216511054
1.198,0.710183994282576
1.1985,0.746014944522048
1.199,0.779873548448302
1.1995,0.816033222112891
1.2,0.85153544676028
1.2005,0.885394049548469
1.201,0.921224997788176
1.2015,0.956069772830516
1.202,0.991243271883228
1.2025,1.02608804639295
1.203,1.06159026924743
1.2035,1.09610631904823
1.204,1.13160854152597
1.2045,1.16678203957467
1.205,1.20129808894637
1.2055,1.23614286250863
1.206,1.27263125739846
1.2065,1.30616113374941
1.207,1.34232080431546
1.2075,1.37782302634546
1.208,1.41201035130838
1.2085,1.44784129773926
1.209,1.48301479571474
1.2095,1.51753084525594
1.21,1.55237561923182
1.2105,1.5882065662449
1.211,1.62239389204041
1.2115,1.65789611522144
1.212,1.69339833867457
1.2125,1.72725694095109
1.213,1.7630878893163
1.2135,1.79826138944041
1.214,1.83277744133068
1.2145,1.86827966653862
1.215,1.90443934081437
1.2155,1.93796922103171
1.216,1.97380017194975
1.2165,2.00897367474684
1.217,2.04480462675253
1.2175,2.07899195765841
1.218,2.11482291084889
1.2185,2.1503251403386
1.219,2.18418374871269
1.2195,2.22001470389267
1.22,2.25518821106859
1.2205,2.28904682147491
1.221,2.32553522765606
1.2215,2.36070873712282
1.222,2.39456734981261
1.2225,2.4307270341334
1.223,2.46590054613124
1.2235,2.50008788575912
1.224,2.48562401119562
1.2245,2.45012177428405
1.225,2.41560571148863
1.2255,2.38076092512746
1.226,2.3446012420334
1.2265,2.31008518169342
1.227,2.27524039773016
1.2275,2.23908071703853
1.228,2.20489338327003
1.2285,2.16971987709855
1.229,2.13421764724856
1.2295,2.10003031541798
1.23,2.06452808682309
1.2305,2.02902585882554
1.231,1.99483852869929
1.2315,1.95900757747093
1.232,1.92350535108116
1.2325,1.88964674673533
1.233,1.85447324557366
1.2335,1.81897102052931
1.234,1.78412624448693
1.2345,1.74928146880392
1.235,1.71312179627656
1.2355,1.67893446982567
1.236,1.64376097077575
1.2365,1.60825874769516
1.237,1.5744001462704
1.2375,1.53856919933445
1.238,1.50273825257844
1.2385,1.46920837593471
1.239,1.43304870516486
1.2395,1.39820393160482
1.24,1.36335915810682
1.2405,1.32785693608827
1.241,1.29235471407785
1.2415,1.25783866488189
1.242,1.22266516708309
1.2425,1.18716294493008
1.243,1.15231817123411
1.2435,1.11681594884663
1.244,1.08164245058217
1.2445,1.04712640070342
1.245,1.01195290204496
1.2455,0.976121954566482
1.246,0.941605903980375
1.2465,0.906432404519018
1.247,0.871258904734801
1.2475,0.835756680298046
1.248,0.801569352698683
1.2485,0.76639585178804
1.249,0.730236177503231
1.2495,0.696048848640748
1.25,0.660546622025997
1.2505,0.625044394885662
1.251,0.59151451318938
1.2515,0.555354836268954
1.252,0.520510056093006
1.2525,0.485665275302867
1.253,0.450163045159105
1.2535,0.414660814321493
1.254,0.380473480240024
1.2545,0.345628696710781
1.255,0.309469014897655
1.2555,0.275281678596422
1.256,0.239779443926514
1.2565,0.203948483987298
1.257,0.170089869633441
1.2575,0.134587632326535
1.258,0.0990853940733768
1.2585,0.0648980526124625
1.259,0.0293958124192731
1.2595,-0.00643515326497797
1.26,-0.0402937732051328
1.2605,-0.0761247410143189
1.261,-0.111626985468045
1.2615,-0.14581433305916
1.262,-0.181316579783735
1.2625,-0.216490103183828
1.263,-0.251334903253676
1.2635,-0.286837153624914
1.264,-0.322010680721133
1.2645,-0.356198035393839
1.265,-0.391700289637526
1.2655,-0.427859994439445
1.266,-0.46106117921406
1.2665,-0.497220886820479
1.267,-0.532723146662532
1.2675,-0.566581784742122
1.268,-0.60241277216437
1.2685,-0.637586311797435
1.269,-0.672102403583643
1.2695,-0.707604670990491
1.27,-0.743106940017183
1.2705,-0.777294311748502
1.271,-0.813125308788797
1.2715,-0.848298858030399
1.272,-0.882486234623546
1.2725,-0.917988512043902
1.273,-0.953490791252368
1.2735,-0.988006897779643
1.274,-1.0238379054475
1.2745,-1.05868274042171
1.275,-1.09385630211114
1.2755,-1.12870114079164
1.276,-1.16387470627704
1.2765,-1.19937699864919
1.277,-1.23389311816303
1.2775,-1.26906668955698
1.278,-1.30555516296255
1.2785,-1.3394138384648
1.279,-1.37491614106784
1.2795,-1.41008972077043
1.28,-1.44427712739319
1.2805,-1.48010816153331
1.281,-1.51561047283755
1.2815,-1.55045533613582
1.282,-1.58464275133065
1.2825,-1.62080251974503
1.283,-1.65531866459634
1.2835,-1.69016353691657
1.284,-1.72632331252968
1.2845,-1.75985328853615
1.285,-1.79601306904364
1.2855,-1.83151540150969
1.286,-1.86537410981882
1.2865,-1.90087644723223
1.287,-1.93605006183772
1.2875,-1.97056622818597
1.288,-2.00606857330931
1.2885,-2.04157092109101
1.289,-2.07608709512103
1.2895,-2.11158944822884
1.29,-2.14676307854961
1.2905,-2.18160798603508
1.291,-2.21612417063619
1.2915,-2.25228398594127
1.292,-2.28680017604063
1.2925,-2.32164509452409
1.293,-2.35780491855685
1.2935,-2.3916636656425
1.294,-2.42716604412598
1.2945,-2.46266842560462
1.295,-2.49685590692286
1.2955,-2.47285892454925
1.296,-2.43669909070918
1.2965,-2.40316906575066
1.297,-2.3666805121935
1.2975,-2.33150686441411
1.298,-2.29699067078029
1.2985,-2.26148830303613
1.299,-2.22631466374233
1.2995,-2.1917984783552
1.3,-2.1566248445471
1.3005,-2.12112248795521
1.301,-2.08627758508595
1.3015,-2.05143268483931
1.302,-2.01527288544075
1.3025,-1.98075671586769
1.303,-1.94624054878822
1.3035,-1.91008075735107
1.304,-1.87556459529611
1.3045,-1.84039098501865
1.305,-1.80554610251562
1.3055,-1.76971504660188
1.306,-1.73552761945145
1.3065,-1.70035401888096
1.307,-1.66452297026854
1.3075,-1.63066427518901
1.308,-1.59450450611267
1.3085,-1.55933091487517
1.309,-1.52514350125771
1.3095,-1.48964118934777
1.31,-1.45413887968315
1.3105,-1.4199514724721
1.311,-1.3841204420931
1.3115,-1.34894686395388
1.312,-1.31443073790865
1.3125,-1.27892843890926
1.313,-1.24342614198665
1.3135,-1.2092387468864
1.314,-1.17373645395789
1.3145,-1.13889161283624
1.315,-1.10404677360729
1.3155,-1.06920193624418
1.316,-1.03304220130199
1.3165,-0.999183542170335
1.317,-0.963352535798102
1.3175,-0.9278502560879
1.318,-0.893662877324007
1.3185,-0.858160601112444
1.319,-0.82232960188556
1.3195,-0.788470952842597
1.32,-0.752968681704784
1.3205,-0.717466412223097
1.321,-0.683279043149851
1.3215,-0.648105501517335
1.322,-0.612603236761555
1.3225,-0.577758422854514
1.323,-0.542584885768982
1.3235,-0.506096451643798
1.324,-0.472566540563678
1.3245,-0.437064283164536
1.325,-0.401890751755059
1.3255,-0.367703395417401
1.326,-0.331543692958432
1.3265,-0.296370165516055
1.327,-0.261854088416751
1.3275,-0.226351838931561
1.328,-0.191178315196563
1.3285,-0.15666224165506
1.329,-0.12148872024019
1.3295,-0.0859864754717631
1.33,-0.0514704052457016
1.3305,-0.0162968871276142
1.331,0.018547905489367
1.3315,0.0533926971054148
1.332,0.0879087633118253
1.3325,0.124068450721823
1.333,0.159241963888356
1.3335,0.194086751735942
1.334,0.229260263119294
1.3345,0.264762498041683
1.335,0.29862111019196
1.3355,0.334123343495518
1.336,0.369954300383985
1.3365,0.404141634676628
1.337,0.439643865725279
1.3375,0.475146096071666
1.338,0.50933342836059
1.3385,0.54516438175116
1.339,0.580337885843344
1.3395,0.614853940698003
1.34,0.650356167994446
1.3405,0.685858394757153
1.341,0.720703172384547
1.3415,0.75554794955199
1.342,0.791707623513465
1.3425,0.825894951220644
1.343,0.860739727162414
1.3435,0.896570675641315
1.344,0.930429278016626
1.3445,0.966260225855084
1.345,1.00176244911898
1.3455,1.03594977498582
1.346,1.07145199778056
1.3465,1.10629677181336
1.347,1.14114154568329
1.3475,1.17697249225701
1.348,1.21214599015807
1.3485,1.24633331514113
1.349,1.28216426146125
1.3495,1.31766648347458
1.35,1.35251125693192
1.3505,1.38768475469445
1.351,1.42318697679096
1.3515,1.45671685329244
1.352,1.49320524842225
1.3525,1.52870747085278
1.353,1.56256607203132
1.3535,1.59806829481805
1.354,1.63324179354078
1.3545,1.66808656822056
1.355,1.70326006746367
1.3555,1.73876229130582
1.356,1.77294961828659
1.3565,1.8081231185137
1.357,1.84395406773926
1.3575,1.87847012015062
1.358,1.91364362161565
1.3585,1.94947457218744
1.359,1.9833331773287
1.3595,2.01916412892841
1.36,2.05433763243059
1.3605,2.08951113651109
1.361,2.12468464119753
1.3615,2.15985814651752
1.362,2.19568910121507
1.3625,2.22889026171027
1.363,2.26472121781198
1.3635,2.30088089906387
1.364,2.33441078604391
1.3645,2.37024174450137
1.365,2.40607270381633
1.3655,2.4405887663799
1.366,2.47576227862769
1.3665,2.50994961850594
1.367,2.47576227862769
1.3675,2.44026004197057
1.368,2.40508653061244
1.3685,2.37024174450137
1.369,2.33473951042962
1.3695,2.29956600154969
1.37,2.26504994218341
1.3705,2.22954771043931
1.371,2.19437420378251
1.3715,2.15985814651752
1.372,2.12468464119753
1.3725,2.08918241217113
1.373,2.05433763243059
1.3735,2.01916412892841
1.374,1.98399062597693
1.3745,1.94980329650695
1.375,1.91430107024554
1.3755,1.87847012015062
1.376,1.84461151635282
1.3765,1.80845184281667
1.377,1.77327834258608
1.3775,1.73909101560218
1.378,1.70391751605045
1.3785,1.66841529251124
1.379,1.63357051782903
1.3795,1.59806829481805
1.38,1.56289479631544
1.3805,1.52903619513529
1.381,1.49320524842225
1.3815,1.4577030261321
1.382,1.42384442534901
1.3825,1.3883422032512
1.383,1.35251125693192
1.3835,1.31799520775244
1.384,1.28249298573924
1.3845,1.24731948797628
1.385,1.21280343871609
1.3855,1.17730121653693
1.386,1.14179899424548
1.3865,1.10695422037836
1.387,1.07210944634889
1.3875,1.03660722355805
1.388,1.00209117340724
1.3885,0.966917674436512
1.389,0.93108672660357
1.3895,0.896570675641315
1.39,0.861725900061177
1.3905,0.825894951220644
1.391,0.791378899206735
1.3915,0.756534122484263
1.392,0.721031896699555
1.3925,0.685529670437638
1.393,0.650684892318727
1.3935,0.615182665027356
1.394,0.580009161508757
1.3945,0.545821830431257
1.395,0.510319601398368
1.3955,0.474817371719742
1.396,0.440630038799808
1.3965,0.404799083406303
1.397,0.369296851640781
1.3975,0.335438241009997
1.398,0.29927855896416
1.3985,0.264105049254565
1.399,0.229917711921976
1.3995,0.193758027326373
1.4,0.158913239470492
1.4005,0.124725899574566
1.401,0.0892236610535209
1.4015,0.0533926971054148
1.402,0.0192053543969632
1.4025,-0.0162968871276142
1.403,-0.0514704052457016
1.4035,-0.0859864754717631
1.404,-0.121817444734121
1.4045,-0.15699096615968
1.405,-0.191178315196563
1.4055,-0.227009287984791
1.406,-0.26218281295488
1.4065,-0.296698890065682
1.407,-0.331872417520032
1.4075,-0.367374670843339
1.408,-0.401890751755059
1.4085,-0.437064283164536
1.409,-0.473223989788189
1.4095,-0.506753900893591
1.41,-0.542584885768982
1.4105,-0.578087147507149
1.411,-0.612274512095148
1.4115,-0.647776776836503
1.412,-0.683279043149851
1.4125,-0.71779513693301
1.413,-0.753297406429902
1.4135,-0.788470952842597
1.414,-0.823315776152743
1.4145,-0.858160601112444
1.415,-0.893334152536201
1.4155,-0.92817898089175
1.416,-0.963023810977647
1.4165,-0.998854817332698
1.417,-1.03337092615627
1.4175,-1.06854448650038
1.418,-1.10404677360729
1.4185,-1.13889161283624
1.419,-1.17373645395789
1.4195,-1.20891002194265
1.42,-1.24441231687338
1.4205,-1.27958588887176
1.421,-1.31508818790989
1.4215,-1.35026176403339
1.422,-1.38477789217188
1.4225,-1.4199514724721
1.423,-1.45545378000139
1.4235,-1.4899699144477
1.424,-1.52514350125771
1.4245,-1.56130326572565
1.425,-1.59483323127517
1.4255,-1.63066427518901
1.426,-1.66583787109192
1.4265,-1.70035401888096
1.427,-1.73585634470169
1.4275,-1.77135867296467
1.428,-1.80587482781097
1.4285,-1.84071971033683
1.429,-1.87622204597928
1.4295,-1.91040948271566
1.43,-1.94624054878822
1.4305,-1.98174289210648
1.431,-2.01593033631413
1.4315,-2.05176141030116
1.432,-2.08726376154606
1.4325,-2.12145121346655
1.433,-2.15728229562121
1.4335,-2.19212720391776
1.434,-2.22730084050692
1.4345,-2.26181702865022
1.435,-2.29764812206199
1.4355,-2.33216431574812
1.436,-2.3676666892756
1.4365,-2.40284034002895
1.437,-2.43735654220565
1.4375,-2.47253019877295
1.438,-2.49718463271845
1.4385,-2.46233969983636
1.439,-2.42716604412598
1.4395,-2.39133493992971
1.44,-2.35681874149746
1.4405,-2.32164509452409
1.441,-2.28680017604063
1.4415,-2.25162653472755
1.442,-2.21612417063619
1.4425,-2.18127926048021
1.443,-2.14742052960945
1.4435,-2.11126072272456
1.444,-2.07575836964202
1.4445,-2.04189964654594
1.445,-2.00606857330931
1.4455,-1.97056622818597
1.446,-1.93605006183772
1.4465,-1.90054772187405
1.447,-1.86537410981882
1.4475,-1.83020050026251
1.448,-1.79601306904364
1.4485,-1.75952456327057
1.449,-1.72533713679777
1.4495,-1.68950608647407
1.45,-1.65498993939672
1.4505,-1.61915889385535
1.451,-1.58497147648716
1.4515,-1.54979788586454
1.452,-1.51429557237864
1.4525,-1.47977943643914
1.453,-1.44493457754054
1.4535,-1.40910354560953
1.454,-1.37491614106784
1.4545,-1.33875638843673
1.455,-1.30358281299235
1.4555,-1.26906668955698
1.456,-1.23323566824959
1.4565,-1.19839082383402
1.457,-1.16420343119726
1.4575,-1.12870114079164
1.458,-1.09352757722681
1.4585,-1.05901146528863
1.459,-1.0238379054475
1.4595,-0.988006897779643
1.46,-0.953490791252368
1.4605,-0.918317236843142
1.461,-0.882486234623546
1.4615,-0.848298858030399
1.462,-0.813125308788797
1.4625,-0.777294311748502
1.463,-0.74343566473805
1.4635,-0.707933395696228
1.464,-0.672102403583643
1.4645,-0.6379150364741
1.465,-0.602741496826817
1.4655,-0.566581784742122
1.466,-0.532723146662532
1.4665,-0.496892162199138
1.467,-0.461718628430004
1.4675,-0.427531269843859
1.468,-0.3920290142202
1.4685,-0.356198035393839
1.469,-0.322010680721133
1.4695,-0.286508429078597
1.47,-0.251006178719109
1.4705,-0.217147552230725
1.471,-0.181316579783735
1.4715,-0.146471782061853
1.472,-0.111626985468045
1.4725,-0.0757960165338889
1.473,-0.0406224976753735
1.4735,-0.00610642880430083
1.474,0.0284096390659964
1.4745,0.0635831548455727
1.475,0.0980992207747854
1.4755,0.133601459054633
1.476,0.169432420802853
1.4765,0.20361975958003
1.477,0.239121995128288
1.4775,0.274624229813903
1.478,0.309469014897655
1.4785,0.344313799204616
1.479,0.379487307131328
1.4795,0.414989538684369
1.48,0.449505596446283
1.4805,0.485007826602636
1.481,0.520838780437116
1.4815,0.554368663253309
1.482,0.590199615857557
1.4825,0.625373119213532
1.483,0.659889173380114
1.4835,0.696048848640748
1.484,0.730893626130851
1.4845,0.765738403168854
1.485,0.800911904087332
1.4855,0.83608540460011
1.486,0.870601456137453
1.4865,0.905774955927968
1.487,0.941605903980375
1.4875,0.975464505986385
1.488,1.01129545346971
1.4885,1.0474551249889
1.489,1.0809850020148
1.4895,1.11648722456456
1.49,1.15231817123411
1.4905,1.18617677209113
1.491,1.22167899424667
1.4915,1.25783866488189
1.492,1.29235471407785
1.4925,1.32785693608827
1.493,1.36303043382874
1.4935,1.39754648304777
1.494,1.43239125660639
1.4945,1.46887965165447
1.495,1.50273825257844
1.4955,1.53824047505151
1.496,1.57374269770097
1.4965,1.60760129912187
1.497,1.64343224648682
1.4975,1.67926319411715
1.498,1.71279307198241
1.4985,1.74862402020941
1.499,1.78412624448693
1.4995,1.81831357192124
1.5,1.85414452126576
1.5005,1.88931802242338
1.501,1.92383407539732
1.5015,1.9593363017917
1.502,1.99450980437363
1.5025,2.02902585882554
1.503,2.06452808682309
1.5035,2.10003031541798
1.504,2.13421764724856
1.5045,2.17004860145216
1.505,2.20555083199006
1.5055,2.23940944140497
1.506,2.27524039773016
1.5065,2.30975645731288
1.507,2.34558741519726
1.5075,2.38010347633615
1.508,2.41527698708509
1.5085,2.45110794751923
1.509,2.48562401119562
1.5095,2.50074533460663
1.51,2.46458564847041
1.5105,2.43006958531941
1.511,2.39489607421145
1.5115,2.3590651151671
1.512,2.32487777888859
1.5125,2.28937554585121
1.513,2.253873313591
1.5135,2.22001470389267
1.514,2.18418374871269
1.5145,2.14933896728836
1.515,2.11449418650479
1.5155,2.07932068199674
1.516,2.04381845375375
1.5165,2.00963112340233
1.517,1.97412889627253
1.5175,1.93895539398586
1.518,1.90411061650063
1.5185,1.86893711515765
1.519,1.83343488994181
1.5195,1.7992475623464
1.52,1.76407406221208
1.5205,1.72857183813273
1.521,1.69405578725979
1.5215,1.65822483951138
1.522,1.62305134061553
1.5225,1.5885352905304
1.523,1.55336179208269
1.5235,1.51753084525594
1.524,1.48334351999545
1.5245,1.44817002201889
1.525,1.41266779986596
1.5255,1.37782302634546
1.526,1.34264952859338
1.5265,1.30681858230515
1.527,1.27295998167653
1.5275,1.23778648390132
1.528,1.20096936466709
1.5285,1.16743948813511
1.529,1.13160854152597
1.5295,1.0964350433312
1.53,1.06191899353212
1.5305,1.02608804639295
1.531,0.991243271883228
1.5315,0.956727221413458
1.532,0.921224997788176
1.5325,0.885394049548469
1.533,0.851864171060785
1.5335,0.816361946416979
1.534,0.78085972137221
1.5345,0.746343668833971
1.535,0.710841442915192
1.5355,0.674681767869183
1.536,0.640165713918919
1.5365,0.605649659456457
1.537,0.570476155783626
1.5375,0.535302651524188
1.538,0.500786595345555
1.5385,0.464955641135032
1.539,0.429453410589975
1.5395,0.395266076801409
1.54,0.360092569208526
1.5405,0.32426161210243
1.541,0.290074276127857
1.5415,0.254572041808784
1.542,0.218741082235647
1.5425,0.185211192650452
1.543,0.149708955737956
1.5435,0.113877993462343
1.544,0.0796906523956024
1.5445,0.0438596881763085
1.545,0.00868617183256326
1.5455,-0.0255011721403378
1.546,-0.0610034150130919
1.5465,-0.0968343834750278
1.547,-0.131350455101151
1.5475,-0.166195252330194
1.548,-0.201697499739564
1.5485,-0.236213574774581
1.549,-0.271715824607847
1.5495,-0.30721807571233
1.55,-0.341405429855728
1.5505,-0.377236408115558
1.551,-0.412409938575893
1.5515,-0.446926021188972
1.552,-0.48209955436724
1.5525,-0.517273088958457
1.553,-0.551789175705236
1.5535,-0.587620162490193
1.554,-0.623122426156593
1.5545,-0.656981067950836
1.555,-0.692812059375745
1.5555,-0.728314327724051
1.556,-0.762830423520173
1.5565,-0.798003970378278
1.557,-0.833177518897338
1.5575,-0.867693619552721
1.558,-0.903524621028776
1.5585,-0.938369449887592
1.559,-0.973214280484608
1.5595,-1.00871656253102
1.56,-1.0442188464381
1.5605,-1.07840623272631
1.561,-1.11357979547396
1.5615,-1.14908208504272
1.562,-1.18326947686219
1.5625,-1.21910049527956
1.563,-1.25493151576362
1.5635,-1.28911891340829
1.564,-1.32494993801519
1.5645,-1.36045223974898
1.565,-1.39562581857898
1.5655,-1.430141949408
1.566,-1.46498680739971
1.5665,-1.50081784285369
1.567,-1.53533398009504
1.5675,-1.57050756978861
1.568,-1.60600988691889
1.5685,-1.64019730562448
1.569,-1.676357077797
1.5695,-1.71153067674802
1.57,-1.74571810230633
1.5705,-1.78154915653231
1.571,-1.81639403737528
1.5715,-1.85025274465822
1.572,-1.88542635563577
1.5725,-1.92125741987156
1.573,-1.956102310558
1.5735,-1.99160465460644
1.574,-2.02677827585708
1.5745,-2.06096572332696
1.575,-2.09646807527518
1.5755,-2.13197042995406
1.576,-2.16615788521514
1.5765,-2.2016602453368
1.577,-2.23716260827326
1.5775,-2.27233624843071
1.578,-2.30750989140656
1.5785,-2.34268353722843
1.579,-2.37687100881829
1.5795,-2.41237338606217
1.58,-2.44820449204624
1.5805,-2.48239197217519
1.581,-2.48732285896421
1.5815,-2.45149174962918
1.582,-2.41730427202579
1.5825,-2.38180189436926
1.583,-2.34564206831604
1.5835,-2.31211205051055
1.584,-2.2766096815385
1.5845,-2.24077858984251
1.585,-2.20626240333584
1.5855,-2.17141749394555
1.586,-2.13558641067755
1.5865,-2.10107023220853
1.587,-2.06589660537975
1.5875,-2.03039425576019
1.588,-1.99653553593296
1.5885,-1.96103319151861
1.589,-1.92520212435181
1.5895,-1.89068596123104
1.59,-1.85551234987923
1.5905,-1.82001001571379
1.591,-1.78582258518593
1.5915,-1.7506489811795
1.592,-1.71481792910752
1.5925,-1.67997305515039
1.593,-1.64545690869634
1.5935,-1.60929713862288
1.594,-1.57445227157738
1.5945,-1.53993613188962
1.595,-1.50410509392732
1.5955,-1.46860278335137
1.596,-1.43474410034158
1.5965,-1.39891306904534
1.597,-1.36308203996228
1.5975,-1.3295520881201
1.598,-1.29372106323832
1.5985,-1.25821876545384
1.599,-1.22436009448655
1.5995,-1.18852907576764
1.6,-1.15302678400497
1.6005,-1.1188393938052
1.601,-1.08333710589469
1.6015,-1.04816354476609
1.602,-1.01331871033933
1.6025,-0.97814515288084
1.603,-0.942642872413924
1.6035,-0.908126768137876
1.604,-0.872624491209178
1.6045,-0.837122216032308
1.605,-0.802606116818447
1.6055,-0.768090019207508
1.606,-0.731930299591613
1.6065,-0.698071654584453
1.607,-0.662240662920943
1.6075,-0.626409672870455
1.608,-0.592551032352088
1.6085,-0.557048769999616
1.609,-0.521546509146571
1.6095,-0.48703042361667
1.61,-0.451856890241989
1.6105,-0.416354633664985
1.611,-0.381838552211686
1.6115,-0.346993747476272
1.612,-0.310505321250271
1.6125,-0.276646692740141
1.613,-0.241144442732015
1.6135,-0.205313469450823
1.614,-0.171126119954324
1.6145,-0.135952598066833
1.615,-0.100121628345319
1.6155,-0.066920455598323
1.616,-0.0307607636085684
1.6165,0.00408402943177943
1.617,0.0386000970115988
1.6175,0.0741023369422865
1.618,0.109604575878346
1.6185,0.143791916162486
1.619,0.178965428815644
1.6195,0.214796389384426
1.62,0.249312451467663
1.6205,0.284814685910912
1.621,0.319659470764711
1.6215,0.354175530474922
1.622,0.38967776256005
1.6225,0.425508718263857
1.623,0.461010948886447
1.6235,0.494869557082218
1.624,0.530371786392633
1.6245,0.566531463746862
1.625,0.600718794489914
1.6255,0.63589229768045
1.626,0.671723248978578
1.6265,0.705910578166508
1.627,0.741412804151
1.6275,0.776915029674585
1.628,0.810773633242804
1.6285,0.84660458224886
1.629,0.881778082275842
1.6295,0.916622857665989
1.63,0.951467632747133
1.6305,0.98729858041395
1.631,1.02181463066382
1.6315,1.05698812925994
1.632,1.09281907621768
1.6325,1.1273351258658
1.633,1.16185117537001
1.6335,1.19801084615326
1.634,1.23219817116562
1.6345,1.26802911750518
1.635,1.30353133952642
1.6355,1.33771866442472
1.636,1.3728921621724
1.6365,1.40872310852084
1.637,1.44356788210489
1.6375,1.47841265578592
1.638,1.51391487815451
1.6385,1.54843092782974
1.639,1.58327570196462
1.6395,1.61910664916604
1.64,1.65362269945432
1.6405,1.68879619858097
1.641,1.72429842229404
1.6415,1.75881447343774
1.642,1.79431669781943
1.6425,1.83014764688757
1.643,1.86400625051861
1.6435,1.89983720042559
1.644,1.93533942648918
1.6445,1.96985548007991
1.645,2.00535770714501
1.6455,2.04085993476011
1.646,2.07438981692721
1.6465,2.10989204569306
1.647,2.14605172379126
1.6475,2.17991033208753
1.648,2.21574128718179
1.6485,2.2512435186389
1.649,2.28477340458906
1.6495,2.32060436190682
1.65,2.35643532004166
1.6505,2.39095138143017
1.651,2.42546744363006
1.6515,2.46129840432385
1.652,2.49712936594933
1.6525,2.49121232634939
1.653,2.45538136487978
1.6535,2.41987912874156
1.654,2.38536306667481
1.6545,2.34986083224797
1.655,2.31501604740973
1.6555,2.2801712633399
1.656,2.24499775564405
1.6565,2.20883807559387
1.657,2.17530819111777
1.6575,2.13947723681407
1.658,2.10397500752218
1.6585,2.07011640054306
1.659,2.03428544812193
1.6595,1.99911194493709
1.66,1.96459589093013
1.6605,1.92909366446151
1.661,1.89359143848189
1.6615,1.85940411019646
1.662,1.82423060939878
1.6625,1.78839966039678
1.663,1.75388360896883
1.6635,1.71871010928133
1.664,1.68320788561686
1.6645,1.64902055940178
1.665,1.61318961199737
1.6655,1.57735866483369
1.666,1.54382878786354
1.6665,1.50832656536459
1.667,1.47249561873776
1.6675,1.4386370179132
1.668,1.40313479578346
1.6685,1.36730384944395
1.669,1.33278780025638
1.6695,1.29761430252443
1.67,1.26211208049855
1.6705,1.22759603126436
1.671,1.19209380912359
1.6715,1.15692031116294
1.672,1.1227329859216
1.6725,1.08690203911881
1.673,1.05139981641326
1.6735,1.01721249064399
1.674,0.981052818914238
1.6745,0.945879319782118
1.675,0.911363268948314
1.6755,0.876518493509194
1.676,0.841016269127127
1.6765,0.806500217279309
1.677,0.771326716427133
1.6775,0.735495766519692
1.678,0.701308437725889
1.6785,0.666134935508743
1.679,0.630303984125908
1.6795,0.596116653844496
1.68,0.560614425677796
1.6805,0.524783472562182
1.681,0.489609967499466
1.6815,0.455093910497697
1.682,0.419591679758151
1.6825,0.384746897037701
1.683,0.349902113598459
1.6835,0.314399880648033
1.684,0.278897646895172
1.6845,0.245039034301696
1.685,0.209536798899184
1.6855,0.173705838196053
1.686,0.139518498675101
1.6865,0.103358811691924
1.687,0.0685140214643266
1.6875,0.0346554036233366
1.688,-0.00117556190502358
1.6885,-0.0366778040386264
1.689,-0.0715225982969856
1.6895,-0.106367393625674
1.69,-0.142198363551519
1.6905,-0.17638571211205
1.691,-0.211559235345505
1.6915,-0.247390208845966
1.692,-0.281577560897032
1.6925,-0.317079812359669
1.693,-0.352910789698689
1.6935,-0.387098145492376
1.694,-0.422600400924414
1.6945,-0.457445208535084
1.695,-0.491961292893944
1.6955,-0.527792277152167
1.696,-0.562965813620134
1.6965,-0.597481902243455
1.697,-0.632655441663537
1.6975,-0.668815156682463
1.698,-0.702673800421097
1.6985,-0.738176069221112
1.699,-0.773349614931457
1.6995,-0.808194437534111
1.7,-0.84369671130456
1.7005,-0.8791989868037
1.701,-0.913386364870624
1.7015,-0.948888643845696
1.702,-0.984062199803081
1.7025,-1.01923575756749
1.703,-1.05440931716653
1.7035,-1.08958287862782
1.704,-1.12409899217922
1.7045,-1.15927255741176
1.705,-1.19444612458887
1.7055,-1.22896224382928
1.706,-1.26413581494074
1.7065,-1.30062428804918
1.707,-1.33448296327199
1.7075,-1.37031399060952
1.708,-1.40548757003396
1.7085,-1.44000370145384
1.709,-1.4751772851409
1.7095,-1.51100832124495
1.71,-1.54618190938655
1.7105,-1.58069804946802
1.711,-1.61554291691577
1.7115,-1.65137396221436
1.712,-1.68621883427393
1.7125,-1.72172115913019
1.713,-1.75656603588981
1.7135,-1.79075346444634
1.714,-1.82625579654166
1.7145,-1.86175813115153
1.715,-1.89561684152775
1.7155,-1.93144790651104
1.716,-1.96695024873813
1.7165,-2.00146641731062
1.717,-2.03729749019783
1.7175,-2.07181366391202
1.718,-2.10698729119037
1.7185,-2.14150347010507
1.719,-2.17799200494469
1.7195,-2.21152201253559
1.72,-2.24702437625897
1.7205,-2.28252674283344
1.721,-2.31704293531897
1.7215,-2.35287403328257
1.722,-2.38771895710577
1.7225,-2.42256388378383
1.723,-2.4583949906375
1.7235,-2.49323992318854
1.724,-2.47713235966485
1.7245,-2.44162997695782
1.725,-2.40612759725752
1.7255,-2.37161139762675
1.726,-2.33610902377316
1.7265,-2.30093537848536
1.727,-2.26641918727321
1.7275,-2.23091682199581
1.728,-2.19574318512182
1.7285,-2.16155572762621
1.729,-2.12638209616496
1.7295,-2.09022229093901
1.73,-2.05570611586144
1.7305,-2.02086121789366
1.731,-1.98503014625047
1.7315,-1.95117142964789
1.732,-1.91501163784322
1.7325,-1.87950929940829
1.733,-1.84565059013547
1.7335,-1.81047698196832
1.734,-1.77497465098147
1.7345,-1.74012977297386
1.735,-1.70495617209132
1.7355,-1.66945384837313
1.736,-1.63493770260454
1.7365,-1.59976410873653
1.737,-1.5642617920147
1.7375,-1.52974565296746
1.738,-1.49457206586701
1.7385,-1.45841230572856
1.739,-1.42356744813835
1.7395,-1.38938004274414
1.74,-1.353220289223
1.7405,-1.31837543792691
1.741,-1.28353058866179
1.7415,-1.2486857414008
1.742,-1.21285472127909
1.7425,-1.17866732785593
1.743,-1.14283631173564
1.7435,-1.10733402251103
1.744,-1.0734753595949
1.7445,-1.03797307413314
1.745,-1.00247079055545
1.7455,-0.967954683300916
1.746,-0.932123678549966
1.7465,-0.897607574789504
1.747,-0.862762747929982
1.7475,-0.827260473234691
1.748,-0.792086924996976
1.7485,-0.757242103142394
1.749,-0.721739833462862
1.7495,-0.686566290111235
1.75,-0.651721473015393
1.7505,-0.616876657436901
1.751,-0.581374394040649
1.7515,-0.546858306084061
1.752,-0.511356045656163
1.7525,-0.475853786691147
1.753,-0.442323876764053
1.7535,-0.406492895974273
1.754,-0.370990641164379
1.7545,-0.336145836831134
1.755,-0.300972309220919
1.7555,-0.265798782881458
1.756,-0.230953982313075
1.7565,-0.195780458421046
1.757,-0.160278211211452
1.7575,-0.126419587659531
1.758,-0.0905886182481786
1.7585,-0.0550863744584909
1.759,-0.0205703051602873
1.7595,0.0142744875812981
1.76,0.0494480037643139
1.7605,0.0836353456419892
1.761,0.119466308743451
1.7615,0.15463982203102
1.762,0.188827161173571
1.7625,0.224329397089645
1.763,0.26016035652578
1.7635,0.294676417552883
1.764,0.329521202186334
1.7645,0.365352159176086
1.765,0.399210769196061
1.7655,0.435041724703637
1.766,0.470872679492134
1.7665,0.505060011857781
1.767,0.540890965325361
1.7675,0.576064469489756
1.768,0.610909248741996
1.7685,0.646082751774617
1.769,0.681584978600068
1.7695,0.71675848060126
1.77,0.751274533508127
1.7705,0.786448034601448
1.771,0.821950259581219
1.7715,0.856137586964448
1.772,0.89196853548953
1.7725,0.926813310786531
1.773,0.961329361491291
1.7735,0.996831584792531
1.774,1.03200508355079
1.7745,1.06684985780036
1.775,1.10202335613939
1.7755,1.13752557859036
1.776,1.17204162805707
1.7765,1.20754385025108
1.777,1.243046072357
1.7775,1.27723339729113
1.778,1.31273561930671
1.7785,1.34856656559628
1.779,1.38275389051946
1.7795,1.41792738832758
1.78,1.45408705905375
1.7805,1.48695948708406
1.781,1.52377660661687
1.7815,1.55829265633928
1.782,1.59280870624359
1.7825,1.62863965350749
1.783,1.66414187673433
1.7835,1.69800047877323
1.784,1.7338314268638
1.7845,1.76933365099425
1.785,1.80384970257826
1.7855,1.83869447883596
1.786,1.87485415273571
1.7865,1.90871275689673
1.787,1.94487243171884
1.7875,1.98004593409027
1.788,2.01390453966767
1.7885,2.05006421608693
1.789,2.08490899575642
1.7895,2.1194250516721
1.79,2.15525600559753
1.7905,2.18977206277612
1.791,2.2249455693413
1.7915,2.25979035224827
1.792,2.29529258463604
1.7925,2.3298086446513
1.793,2.36498215421608
1.7935,2.40147056220392
1.794,2.43532917583985
1.7945,2.47083141237057
1.795,2.50666237424885
1.7955,2.48069314490268
1.796,2.4455196325291
1.7965,2.40968867223634
1.797,2.37451516162176
1.7975,2.33967037622363
1.798,2.30449686723343
1.7985,2.26899463464568
1.799,2.23480730028062
1.7995,2.19930506915958
1.8,2.16413156309622
1.8005,2.12961550639049
1.801,2.09378455293544
1.8015,2.05861104878279
1.802,2.02475244253143
1.8025,1.98925021516939
1.803,1.95309053970445
1.8035,1.91923193497489
1.804,1.88372970912607
1.8045,1.84822748372998
1.805,1.81469760457934
1.8055,1.77853793138219
1.806,1.74303570716081
1.8065,1.70884838045468
1.807,1.67334615687427
1.8075,1.63784393357831
1.808,1.60299915911108
1.8085,1.56848310914808
1.809,1.53265216224385
1.8095,1.4987935612022
1.81,1.46296261461178
1.8105,1.4268029438606
1.811,1.39327306742743
1.8115,1.35744212110196
1.812,1.32193989908673
1.8125,1.28742384990878
1.813,1.25159290359473
1.8135,1.21674813006364
1.814,1.18157463217499
1.8145,1.14672985846039
1.815,1.11122763604951
1.8155,1.07671158632531
1.816,1.04120936356154
1.8165,1.00570714057664
1.817,0.971848538794167
1.8175,0.93634631529532
1.818,0.900515367195481
1.8185,0.865999315952572
1.819,0.830825815763101
1.8195,0.795323590885115
1.82,0.761136262830298
1.8205,0.725634037105371
1.821,0.689803086587963
1.8215,0.655615757177469
1.822,0.620770978619013
1.8225,0.584940026522269
1.823,0.550095246846731
1.8235,0.515250466579795
1.824,0.479419512641435
1.8245,0.445560904164345
1.825,0.41005867323471
1.8255,0.374556441579147
1.826,0.339382933546974
1.8265,0.304538149131721
1.827,0.268378466365676
1.8275,0.233862404731813
1.828,0.199346342278589
1.8285,0.164172830146797
1.829,0.128341868258804
1.8295,0.0944832520068398
1.83,0.05865228820747
1.8305,0.0231500478350676
1.831,-0.0110372957240021
1.8315,-0.0468682626276683
1.832,-0.0820417816784245
1.8325,-0.115900403858442
1.833,-0.151731374097869
1.8335,-0.187233621020292
1.834,-0.221420971045822
1.8345,-0.256594495821396
1.835,-0.292754195477453
1.8355,-0.326941549107896
1.836,-0.362443802246265
1.8365,-0.397946056728415
1.837,-0.432133414192966
1.8375,-0.467635671395484
1.838,-0.502809205402333
1.8385,-0.536996566927937
1.839,-0.572827553080579
1.8395,-0.608329816108578
1.84,-0.642517181961499
1.8405,-0.678348172733495
1.841,-0.713192991006916
1.8415,-0.748037810845048
1.842,-0.783211357012869
1.8425,-0.818384904830032
1.843,-0.853887179093774
1.8435,-0.888732005522836
1.844,-0.924234283255709
1.8445,-0.958092938689564
1.845,-0.993595219952088
1.8455,-1.02975495276805
1.846,-1.06328488857347
1.8465,-1.09911590028281
1.847,-1.13428946415093
1.8475,-1.16847685517567
1.848,-1.20430787274834
1.8485,-1.23948144245555
1.849,-1.27432628919162
1.8495,-1.3098285879202
1.85,-1.34533088875029
1.8505,-1.37951829156234
1.851,-1.415349321657
1.8515,-1.45085162890085
1.852,-1.48471031287184
1.8525,-1.52054134958616
1.853,-1.55637238861276
1.8535,-1.58990235385873
1.854,-1.62573339744432
1.8545,-1.66090699302108
1.855,-1.69608059093623
1.8555,-1.73092546597008
1.856,-1.76642779389216
1.8565,-1.80225884957393
1.857,-1.83611755590207
1.8575,-1.87129116587683
1.858,-1.90712222907968
1.8585,-1.9409809425934
1.859,-1.97681201093289
1.8595,-2.01198563108755
1.86,-2.0465018029392
1.8605,-2.08200415378307
1.861,-2.11717778183752
1.8615,-2.15202268705496
1.862,-2.18719632050462
1.8625,-2.22269868229087
1.863,-2.25754359568623
1.8635,-2.29271723747341
1.864,-2.32789088209499
1.8645,-2.36240707819733
1.865,-2.39790945423392
1.8655,-2.43341183324227
1.866,-2.46792803793199
1.8665,-2.50145806808504
1.867,-2.46628440907255
1.8675,-2.43176820451846
1.868,-2.3969232770818
1.8685,-2.36076344974863
1.869,-2.32657597944099
1.8695,-2.29140233492586
1.87,-2.25524251641509
1.8705,-2.22138377995217
1.871,-2.18555269271225
1.8715,-2.1503790593905
1.872,-2.1161916053134
1.8725,-2.08101797733416
1.873,-2.04485817565071
1.8735,-2.01067072935266
1.874,-1.97516838388633
1.8745,-1.93999476643825
1.875,-1.90482115154766
1.8755,-1.86964753918695
1.876,-1.8344739293285
1.8765,-1.80028649781919
1.877,-1.76478416754524
1.8775,-1.72928183973666
1.878,-1.69476569003719
1.8785,-1.65992081741243
1.879,-1.62408977153951
1.8795,-1.58924490353993
1.88,-1.55440003778002
1.8805,-1.51889772399843
1.881,-1.48405286267832
1.8815,-1.44920800351683
1.882,-1.4137056963748
1.8825,-1.37918956652582
1.883,-1.34401598868174
1.8835,-1.30785623793597
1.884,-1.2730113892787
1.8845,-1.23849526757672
1.885,-1.2033216979254
1.8855,-1.16749068040887
1.886,-1.13297456453261
1.8865,-1.0981297256224
1.887,-1.06262743883554
1.8875,-1.02811132850711
1.888,-0.993266495117148
1.8885,-0.957106764236164
1.889,-0.923248108850159
1.8895,-0.88741710638161
1.89,-0.851914830478263
1.8905,-0.817727455322829
1.891,-0.782225182798903
1.8915,-0.746722911954504
1.892,-0.712206816883449
1.8925,-0.677033273961005
1.893,-0.642188457282954
1.8935,-0.607014917450616
1.894,-0.571841379129294
1.8945,-0.535681668382448
1.895,-0.501823031532328
1.8955,-0.466978222175141
1.896,-0.431147240401894
1.8965,-0.397288607558956
1.897,-0.361128903958093
1.8975,-0.325626650868948
1.898,-0.291439297284913
1.8985,-0.255937046748921
1.899,-0.220763521996186
1.8995,-0.186247447478547
1.9,-0.150745200589154
1.9005,-0.115242954874224
1.901,-0.0810556082322509
1.9015,-0.0455533647401728
1.902,-0.0097223978767471
1.9025,0.0241362211925949
1.903,0.0589810126506137
1.9035,0.0944832520068398
1.904,0.128999317109422
1.9045,0.164172830146797
1.905,0.199675066686851
1.9055,0.233862404731813
1.906,0.269364639543435
1.9065,0.304866873516602
1.907,0.339382933546974
1.9075,0.374885165949744
1.908,0.41005867323471
1.9085,0.444903455449853
1.909,0.480076961343612
1.9095,0.515907915269715
1.91,0.549766522507395
1.9105,0.585268750856101
1.911,0.621099702947503
1.9115,0.655615757177469
1.912,0.69111798386352
1.9125,0.726620210048437
1.913,0.761793711450548
1.9135,0.796309763803902
1.914,0.831483264368192
1.9145,0.867642937447866
1.915,0.901501540083377
1.9155,0.937003763881316
1.916,0.972505987374783
1.9165,1.00603586486463
1.917,1.04186681213316
1.9175,1.07769775917698
1.918,1.11188508461408
1.9185,1.14738730702218
1.919,1.18288952929407
1.9195,1.21740557862146
1.92,1.25225035215135
1.9205,1.28873874702057
1.921,1.32292607192031
1.9215,1.35842829393603
1.922,1.39360179170588
1.9225,1.42778911669794
1.923,1.46362006317191
1.9235,1.49912228548349
1.924,1.53330961080923
1.9245,1.5688118334325
1.925,1.60431405625662
1.9255,1.63850138215545
1.926,1.67433232974753
1.9265,1.70950582904237
1.927,1.74435060434796
1.9275,1.77952410428236
1.928,1.81469760457934
1.9285,1.84921365665179
1.929,1.8843871577487
1.9295,1.92021810792187
1.93,1.95473416130483
1.9305,1.99023638814428
1.931,2.02573861552165
1.9315,2.05992594612365
1.932,2.0954281746395
1.9325,2.13060167943059
1.933,2.16511773615423
1.9335,2.20061996659576
1.934,2.23612219774346
1.9345,2.27030953213518
1.935,2.30548304037201
1.9355,2.34098527377136
1.936,2.37583005919973
1.9365,2.41067484544336
1.937,2.44650580576103
1.9375,2.48102186932165
1.938,2.50469002769852
1.9385,2.46951651470501
1.939,2.43500045143175
1.9395,2.40048438900316
1.94,2.36432470543171
1.9405,2.3298086446513
1.941,2.29496386025854
1.9415,2.25913290350754
1.942,2.22428812061401
1.9425,2.18977206277612
1.943,2.15394110819389
1.9435,2.11876760298241
1.944,2.08359409839984
1.9445,2.04907804308575
1.945,2.01291836668265
1.9455,1.97938848544313
1.946,1.94421498308115
1.9465,1.90772658395404
1.947,1.87386797980518
1.9475,1.83836575452981
1.948,1.8025348053685
1.9485,1.768347478097
1.949,1.73317397827202
1.9495,1.69800047877323
1.95,1.66348442815362
1.9505,1.62765348064376
1.951,1.59215125767212
1.9515,1.55796393205539
1.952,1.52246170948783
1.9525,1.48695948708406
1.953,1.45277216193464
1.9535,1.41726993976978
1.954,1.38176771768458
1.9545,1.34758039276242
1.955,1.31207817075099
1.9555,1.27657594873507
1.956,1.24238862380012
1.9565,1.20622895313453
1.957,1.17105545521682
1.9575,1.13719685430911
1.958,1.1010371832912
1.9585,1.06586368494703
1.959,1.03134763497801
1.9595,0.995845411926649
1.96,0.960343188617875
1.9605,0.926484586492725
1.961,0.890653638302258
1.9615,0.855480138364234
1.962,0.821621535277713
1.9625,0.785461861679409
1.963,0.750288360573997
1.9635,0.716101031970136
1.964,0.680270081319484
1.9645,0.644767854474645
1.965,0.610909248741996
1.9655,0.575078296483863
1.966,0.539576067961768
1.9665,0.505388736204485
1.967,0.470215230786721
1.9675,0.434713000344495
1.968,0.400196942293306
1.9685,0.365023434803604
1.969,0.328863753426797
1.9695,0.295005141939858
1.97,0.2588454589472
1.9705,0.22400067268707
1.971,0.188827161173571
1.9715,0.154311097612042
1.972,0.118808859888085
1.9725,0.0836353456419892
1.973,0.0484618304270836
1.9735,0.0129595897603942
1.974,-0.0222139274846729
1.9745,-0.056401272356873
1.975,-0.091903516187771
1.9755,-0.12740576114607
1.976,-0.161921833741136
1.9765,-0.197095356488917
1.977,-0.232926329482949
1.9775,-0.266784956500076
1.978,-0.302615931977926
1.9785,-0.337789459648196
1.979,-0.37263426404221
1.9795,-0.407807794326874
1.98,-0.443638775168757
1.9805,-0.477497409759492
1.981,-0.512999668791607
1.9815,-0.548830653929075
1.982,-0.582360568003237
1.9825,-0.617862831442085
1.983,-0.653693821112128
1.9835,-0.687881188899635
1.984,-0.723712181735337
1.9845,-0.758557002051109
1.985,-0.793401823966544
1.9855,-0.829232821783605
1.986,-0.864406371800487
1.9865,-0.898922473949528
1.987,-0.934424752194183
1.9875,-0.969598307416505
1.988,-1.00444313959415
1.9885,-1.03928797356091
1.989,-1.07511898396793
1.9895,-1.10930637186125
1.99,-1.14447993628422
1.9905,-1.18031095249717
1.991,-1.21416962106345
1.9915,-1.24967191629597
1.992,-1.28550293856643
1.9925,-1.32034778794579
1.993,-1.35552136438073
1.9935,-1.39135239300053
1.994,-1.4252110734487
1.9945,-1.46071338130479
1.995,-1.49621569138307
1.9955,-1.53073182833881
1.996,-1.56524796744794
1.9965,-1.60140773456699
1.997,-1.6355951529792
1.9975,-1.6707687492088
1.998,-1.70692852347961
1.9985,-1.74111594873401
1.999,-1.77661827736122
1.9995,-1.81212060846328
2,-1.84696549142334
2.0005,-1.88148165147622
2.001,-1.91698399005404
2.0015,-1.95248633121899
2.002,-1.98700249874774
2.0025,-2.02217611965689
2.003,-2.05833591958679
2.0035,-2.09186591838771
2.004,-2.12736827271102
2.0045,-2.16319935533117
2.005,-2.19672936181889
2.0055,-2.23256044995504
2.006,-2.26806281536452
2.0065,-2.30257900670635
2.007,-2.3384101034711
2.0075,-2.37358375181598
2.008,-2.40777122588138
2.0085,-2.44360233147351
2.009,-2.47877598856717
2.0095,-2.49159629422885
2.01,-2.45642263605205
2.0105,-2.4209202551024
2.011,-2.3867327799773
2.0115,-2.35090167918872
2.012,-2.31572803269791
2.0125,-2.28121184031654
2.013,-2.24636692505309
2.0135,-2.21020711022984
2.014,-2.17634837718592
2.0145,-2.14018856800343
2.015,-2.10501493818798
2.0155,-2.07049876200945
2.016,-2.03499641204069
2.0165,-1.99982279017905
2.017,-1.96563534712749
2.0175,-1.92980427961924
2.018,-1.89463066546445
2.0185,-1.85978577916231
2.019,-1.82461217000047
2.0195,-1.78943856330555
2.02,-1.75492240957455
2.0205,-1.71974880768577
2.021,-1.68391775774608
2.0215,-1.65005906142688
2.022,-1.61389929104218
2.0225,-1.57872569854745
2.023,-1.5445382837226
2.0235,-1.50903597057405
2.024,-1.47320493459601
2.0245,-1.43901752624161
2.025,-1.40351521972954
2.0255,-1.36801291539391
2.026,-1.33382551324938
2.0265,-1.29832321310344
2.027,-1.26282091504981
2.0275,-1.22863351887509
2.028,-1.19345994978146
2.0285,-1.15795765774208
2.029,-1.12245536768274
2.0295,-1.0879392542186
2.03,-1.05276569284494
2.0305,-1.01726340848567
2.031,-0.982747300482612
2.0315,-0.94724501977927
2.032,-0.911414016091258
2.0325,-0.877884087679981
2.033,-0.842381812245373
2.0335,-0.806550813789842
2.034,-0.772363440730424
2.0345,-0.73686117034752
2.035,-0.701030176904896
2.0355,-0.667171533236982
2.036,-0.63134054296625
2.0365,-0.595838278943053
2.037,-0.561322190388027
2.0375,-0.526148653988377
2.038,-0.490646394417278
2.0385,-0.456787759322308
2.039,-0.421285502550433
2.0395,-0.38545452258895
2.04,-0.351267166855412
2.0405,-0.316093638690405
2.041,-0.27993393817533
2.0415,-0.246075310713499
2.042,-0.210573061780674
2.0425,-0.174413365049834
2.043,-0.141212190051538
2.0435,-0.105381220158015
2.044,-0.069878975902466
2.0445,-0.0353629061626845
2.045,-0.000189388527612314
2.0455,0.0346554036233366
2.046,0.0688427459048907
2.0465,0.104344984986511
2.047,0.140175947520202
2.0475,0.173705838196053
2.048,0.20986552330508
2.0485,0.245367758699519
2.049,0.278897646895172
2.0495,0.315057329413579
2.05,0.350559562349413
2.0505,0.384746897037701
2.051,0.42024912848199
2.0515,0.455422634853129
2.052,0.489609967499466
2.0525,0.525769645592224
2.053,0.560943150015406
2.0535,0.595459205180075
2.054,0.630632708453022
2.0545,0.666463659830855
2.055,0.70065098909084
2.0555,0.736153215146029
2.056,0.771655440736105
2.0565,0.80617149297418
2.057,0.841344993428666
2.0575,0.877504666403528
2.058,0.912349441833419
2.0585,0.946865492658829
2.059,0.982038991783164
2.0595,1.0178699392185
2.06,1.05205726498373
2.0605,1.08723076340221
2.061,1.12306171020341
2.0615,1.15692031116294
2.062,1.19275125768258
2.0625,1.22825347982175
2.063,1.2627695290549
2.0635,1.29827175108023
2.064,1.33344524881214
2.0645,1.36796129800018
2.065,1.40379224434071
2.0655,1.43929446647198
2.066,1.47315306729849
2.0665,1.50865528964624
2.067,1.54448623642995
2.0675,1.5786735619734
2.068,1.61417578485835
2.0685,1.6493492836911
2.069,1.68419405849235
2.0695,1.71936755787065
2.07,1.75486978186207
2.0705,1.78905710899878
2.071,1.82455933370342
2.0715,1.86039028312202
2.072,1.89457761141942
2.0725,1.93007983741223
2.073,1.96525333957323
2.0735,1.99976939358975
2.074,2.03494289678486
2.0745,2.07077384921698
2.075,2.10496118054944
2.0755,2.1404634098592
2.076,2.17629436418175
2.0765,2.21048169739807
2.077,2.24565520437927
2.0775,2.28082871208899
2.078,2.31501604740973
2.0785,2.35051828102606
2.079,2.38602051546845
2.0795,2.42086530195559
2.08,2.45571008929268
2.0805,2.49121232634939
2.081,2.49548574383562
2.0815,2.45965478225351
2.082,2.42415254600726
2.0825,2.3899652082365
2.083,2.35446297370057
2.0835,2.31896073999386
2.084,2.28444468021369
2.0845,2.24927117242751
2.085,2.21376894101105
2.0855,2.17925288337686
2.086,2.14440810204484
2.0865,2.10890587266336
2.087,2.07274619523996
2.0875,2.0385588644345
2.088,2.00305663685591
2.0885,1.96788313414741
2.089,1.93303835626669
2.0895,1.89786485454709
2.09,1.86269135328297
2.0905,1.82817530105672
2.091,1.79300180061349
2.0915,1.75717085194735
2.092,1.72298352511386
2.0925,1.68781002570442
2.093,1.652307802296
2.0935,1.61779175201687
2.094,1.58196080482391
2.0945,1.54711603069623
2.095,1.51292870530895
2.0955,1.4770977586638
2.096,1.44192426070745
2.0965,1.40707948712731
2.097,1.37256343789422
2.0975,1.33673249159103
2.098,1.3022164424149
2.0985,1.26737166894895
2.099,1.23088327405109
2.0995,1.19636722475641
2.1,1.1611937268092
2.1005,1.12569150445745
2.101,1.09150417908504
2.1015,1.05600195640502
2.102,1.0204997335157
2.1025,0.985983683256801
2.103,0.951138908455275
2.1035,0.915307960487234
2.104,0.880463185084901
2.1045,0.845618409345707
2.105,0.810116184633419
2.1055,0.775928856749346
2.106,0.740755355525934
2.1065,0.70426695658152
2.107,0.670408351692714
2.1075,0.634577400374719
2.108,0.599403897163638
2.1085,0.565545290736513
2.109,0.529385613364867
2.1095,0.494212108385166
2.11,0.460024775822981
2.1105,0.424522545180953
2.111,0.389020313824566
2.1115,0.354504254849572
2.112,0.319330746382933
2.1125,0.283828512743219
2.113,0.248655002673706
2.1135,0.21381021616992
2.114,0.17830797998929
2.1145,0.143791916162486
2.115,0.108947127018028
2.1155,0.0731161636244404
2.116,0.0379426481144332
2.1165,0.00309785605788811
2.117,-0.032075661479321
2.1175,-0.067906629032182
2.118,-0.102093975272158
2.1185,-0.137267496060613
2.119,-0.172441017991302
2.1195,-0.207285816571379
2.12,-0.242459340858056
2.1205,-0.277961590912903
2.121,-0.312148944023427
2.1215,-0.348308645744719
2.122,-0.383153450529058
2.1225,-0.417669532031819
2.123,-0.453500513265725
2.1235,-0.488345322087884
2.124,-0.522861407670276
2.1245,-0.558692393223354
2.125,-0.593865930986901
2.1255,-0.628053296232383
2.126,-0.663555561668897
2.1265,-0.699386553392156
2.127,-0.733573923173398
2.1275,-0.769076193402957
2.128,-0.803921015806584
2.1285,-0.838765839844823
2.129,-0.874596839881218
2.1295,-0.909441667317396
2.13,-0.943957771658063
2.1305,-0.979460052192481
2.131,-1.01496233456417
2.1315,-1.04914971935174
2.132,-1.08498073029238
2.1325,-1.12015429339469
2.133,-1.15499913349523
2.1335,-1.18951525056731
2.134,-1.22534626934283
2.1345,-1.25986239030556
2.135,-1.29536468818612
2.1355,-1.33086698815661
2.136,-1.36538311515855
2.1365,-1.40088541933409
2.137,-1.43638772568397
2.1375,-1.4705751338802
2.138,-1.50574871947139
2.1385,-1.5412510324094
2.139,-1.57576717217998
2.1395,-1.6112694896549
2.14,-1.64710053466696
2.1405,-1.68095923079653
2.141,-1.71646155529507
2.1415,-1.75229260748108
2.142,-1.78615131046847
2.1425,-1.82165364223991
2.143,-1.85748470185146
2.1435,-1.89134341193441
2.144,-1.92684575122803
2.1445,-1.9620193677168
2.145,-1.99785043762867
2.1455,-2.03236660844632
2.146,-2.06754023274228
2.1465,-2.10337131069244
2.147,-2.13755876381153
2.1475,-2.17273239613771
2.148,-2.20889220792797
2.1485,-2.2424222178383
2.149,-2.27825330966796
2.1495,-2.3140844044272
2.15,-2.34761442238575
2.1505,-2.38377424860562
2.151,-2.41894790069313
2.1515,-2.45379282995261
2.152,-2.48830903632906
2.1525,-2.48074834325855
2.153,-2.4468895890203
2.1535,-2.4117159346047
2.154,-2.37588483171494
2.1545,-2.34169736020374
2.155,-2.30619498881437
2.1555,-2.27069262032341
2.156,-2.23617643148676
2.1565,-2.20067406862888
2.157,-2.165171708585
2.1575,-2.13098425339808
2.158,-2.09581062428845
2.1585,-2.06030827239053
2.159,-2.02612082496859
2.1595,-1.99028975292799
2.16,-1.95478740897703
2.1605,-1.92059996912796
2.161,-1.88509763028793
2.1615,-1.84893784336167
2.162,-1.81540786146929
2.1625,-1.77990553013664
2.163,-1.74440320128147
2.1635,-1.71021577581004
2.164,-1.67471345173549
2.1645,-1.63921113005429
2.165,-1.6053524365805
2.1655,-1.56985011949326
2.166,-1.53336162933768
2.1665,-1.49983166753537
2.167,-1.46400063214418
2.1675,-1.42849832408352
2.168,-1.39431091839765
2.1685,-1.35913733964675
2.169,-1.32363503799174
2.1695,-1.28879018842178
2.17,-1.25394534086
2.1705,-1.21844304538182
2.171,-1.18392692672297
2.1715,-1.14809591030597
2.172,-1.1125936207916
2.1725,-1.07840623272631
2.173,-1.04323267185975
2.1735,-1.00773038800474
2.174,-0.97288555565945
2.1745,-0.937712000270478
2.175,-0.90253844665214
2.1755,-0.867036170001076
2.176,-0.832191344616915
2.1765,-0.797346520889148
2.177,-0.761844249332866
2.1775,-0.727656878295409
2.178,-0.69215460997714
2.1785,-0.656652343266356
2.179,-0.622793701485939
2.1795,-0.586962713177496
2.18,-0.550803001778696
2.1805,-0.516944364329484
2.181,-0.481113380520688
2.1815,-0.446268571983961
2.182,-0.412081213985907
2.1825,-0.376250234383639
2.183,-0.340747980726062
2.1835,-0.306231902053121
2.184,-0.271058375525396
2.1845,-0.235556125715403
2.185,-0.201368775220984
2.1855,-0.165866527822734
2.186,-0.130364281611041
2.1865,-0.095848210015833
2.187,-0.0600172415852015
2.1875,-0.0251724476743572
2.188,0.00901489628908818
2.1885,0.0441884126233595
2.189,0.0793619279578522
2.1895,0.113549269033301
2.19,0.149380231317779
2.1905,0.184882468238794
2.191,0.219398531043128
2.1915,0.254900766204484
2.192,0.290403000515816
2.1925,0.324590336483184
2.193,0.359763844834996
2.1935,0.395266076801409
2.194,0.429782134950088
2.1945,0.4652843654887
2.195,0.500786595345555
2.1955,0.534645202840679
2.196,0.57080488011969
2.1965,0.605978383787169
2.197,0.64049443824463
2.1975,0.675996665152749
2.198,0.711170167231437
2.1985,0.746343668833971
2.199,0.781188445680106
2.1995,0.81701939502505
2.2,0.851864171060785
2.2005,0.886380222440379
2.201,0.921882446376623
2.2015,0.956069772830516
2.202,0.991900720461127
2.2025,1.02740294353969
2.203,1.06257644210145
2.2035,1.09742121618002
2.204,1.13259471437032
2.2045,1.16809693669551
2.205,1.20261298606338
2.2055,1.23778648390132
2.206,1.27394615451071
2.2065,1.30780475513876
2.207,1.34363570142715
2.2075,1.37913792345843
2.208,1.41332524842357
2.2085,1.44882747057817
2.209,1.48400096855691
2.2095,1.51884574238414
2.21,1.55401924065003
2.2105,1.58919273910145
2.211,1.62370878919074
2.2115,1.65855356380134
2.212,1.6947132358451
2.2125,1.72890056242821
2.213,1.76440278651073
2.2135,1.79990501095055
2.214,1.83376361424743
2.2145,1.87025201239615
2.215,1.90542551375585
2.2155,1.93928411830399
2.216,1.97478634491823
2.2165,2.01028857205801
2.217,2.04447590241955
2.2175,2.08030685501205
2.218,2.11580908388153
2.2185,2.14999641598846
2.219,2.18516992178145
2.2195,2.22100087698128
2.22,2.25518821106859
2.2205,2.29069044335708
2.221,2.32619267642379
2.2215,2.36005128834032
2.222,2.39621097180758
2.2225,2.43138448294769
2.223,2.46524309730067
2.2235,2.50107405903051
2.224,2.48365166467629
2.2245,2.44946432546099
2.225,2.41461953827822
2.2255,2.3787885787544
2.226,2.3446012420334
2.2265,2.30844155979139
2.227,2.2732680514904
2.2275,2.23908071703853
2.228,2.2035784858307
2.2285,2.16873370403809
2.229,2.13388892290119
2.2295,2.09838669371017
2.23,2.06354191381523
2.2305,2.02869713449494
2.231,1.99352363139693
2.2315,1.9573639558677
2.232,1.92284790244897
2.2325,1.88833184948774
2.233,1.85250089972686
2.2335,1.81732739900941
2.234,1.78281134728499
2.2345,1.74763784731787
2.235,1.71147817480607
2.2355,1.67729084836863
2.236,1.6421173493313
2.2365,1.60661512626209
2.237,1.57275652484697
2.2375,1.53725430220278
2.238,1.50175207973421
2.2385,1.46789347881379
2.239,1.43173380804795
2.2395,1.39656031021222
2.24,1.36171553671648
2.2405,1.32588459042107
2.241,1.29103981696614
2.2415,1.25652376776893
2.242,1.22102154568902
2.2425,1.18584804781147
2.243,1.15133199839193
2.2435,1.11582977600037
2.244,1.08065627773109
2.2445,1.04614022784686
2.245,1.01030928060667
2.2455,0.974478333116063
2.246,0.940948455395106
2.2465,0.905117507336804
2.247,0.869944007539982
2.2475,0.835427955995948
2.248,0.799925731170041
2.2485,0.76475223023979
2.249,0.730564901817061
2.2495,0.695062675686072
2.25,0.659231724734051
2.2505,0.625044394885662
2.251,0.589870891524477
2.2515,0.553711214575951
2.252,0.520181331748841
2.2525,0.484350377902177
2.253,0.448848147733223
2.2535,0.414332089958554
2.254,0.378829858391875
2.2545,0.343656350451133
2.255,0.309469014897655
2.2555,0.273966781031098
2.256,0.238135821930394
2.2565,0.20361975958003
2.257,0.16877497197195
2.2575,0.132944010206293
2.258,0.0987566696405966
2.2585,0.0629257059616119
2.259,0.0277521901633699
2.2595,-0.00610642880430083
2.26,-0.0419373955572677
2.2605,-0.077439638936995
2.261,-0.112284434450104
2.2615,-0.147457955566645
2.262,-0.182302753320845
2.2625,-0.218133725801859
2.263,-0.252321076858022
2.2635,-0.288152051811282
2.264,-0.323983028072798
2.2645,-0.357841658245717
2.265,-0.393015187968928
2.2655,-0.429174892822987
2.266,-0.463033526863356
2.2665,-0.498535785307087
2.267,-0.534366769838993
2.2675,-0.568225407984556
2.268,-0.603727670814947
2.2685,-0.638901210504899
2.269,-0.673088577656657
2.2695,-0.70891956981427
2.27,-0.744421838901501
2.2705,-0.778609210692113
2.271,-0.813782758291903
2.2715,-0.849285032332578
2.272,-0.883801133755708
2.2725,-0.919303411241783
2.273,-0.955463140150282
2.2735,-0.989321797110221
2.274,-1.02482407999731
2.2745,-1.06032636475795
2.275,-1.09418502699563
2.2755,-1.13034476530404
2.276,-1.16486088103822
2.2765,-1.19970572358792
2.277,-1.2348792930345
2.2775,-1.27038158946138
2.278,-1.30489771297177
2.2785,-1.34072873852314
2.279,-1.37655976624029
2.2795,-1.41041844582444
2.28,-1.44559202768865
2.2805,-1.48175178700704
2.281,-1.51593919795276
2.2815,-1.55177023668074
2.282,-1.5866151022727
2.2825,-1.62080251974503
2.283,-1.6569622905975
2.2835,-1.69213588824903
2.284,-1.72665203777406
2.2845,-1.76182564013408
2.285,-1.79699924491172
2.2855,-1.83151540150969
2.286,-1.86636028582358
2.2865,-1.90252007402646
2.287,-1.93703623798484
2.2875,-1.97253858062357
2.288,-2.00738347503142
2.2885,-2.0422283720011
2.289,-2.07773072251958
2.2895,-2.11323307575375
2.29,-2.14873543173198
2.2905,-2.18292288825696
2.291,-2.21842524970429
2.2915,-2.25392761397983
2.292,-2.28811507857432
2.2925,-2.32328872282348
2.293,-2.35911982130623
2.2935,-2.39330729421028
2.294,-2.42946712431592
2.2945,-2.46398332868024
2.295,-2.49849953590346
2.2955,-2.47121529567034
2.296,-2.4357129134664
2.2965,-2.4021828885863
2.297,-2.3660230608067
2.2975,-2.33019196174911
2.298,-2.29633321949958
2.2985,-2.26017340058224
2.299,-2.22532848697993
2.2995,-2.19048357610737
2.3,-2.15530994240172
2.3005,-2.12013631142261
2.301,-2.08562013411371
2.3015,-2.0501177829942
2.302,-2.01461543456828
2.3025,-1.98042799045521
2.303,-1.94492564723415
2.3035,-1.90942330662255
2.304,-1.87523586995485
2.3045,-1.83907608374812
2.305,-1.8039024760421
2.3055,-1.77004377187401
2.306,-1.73421271845259
2.3065,-1.69903911797117
2.307,-1.66485169547408
2.3075,-1.62934937445265
2.308,-1.59384705578829
2.3085,-1.55900218973411
2.309,-1.52382860077623
2.3095,-1.48832628894996
2.31,-1.45479632984189
2.3105,-1.41863657223546
2.311,-1.38346299201505
2.3115,-1.34927558897348
2.312,-1.31344456290815
2.3125,-1.2772848140061
2.313,-1.24375486694872
2.3135,-1.20858129699908
2.314,-1.17307900410772
2.3145,-1.13856288792905
2.315,-1.10306059893941
2.3155,-1.06788703675722
2.316,-1.03369965101071
2.3165,-0.998197367657899
2.317,-0.962037636517218
2.3175,-0.927521531284204
2.318,-0.892676702961045
2.3185,-0.857174426798207
2.319,-0.822000877130127
2.3195,-0.787156053881703
2.32,-0.751653782805734
2.3205,-0.716808962803689
2.321,-0.681964144369141
2.3215,-0.646461878114521
2.322,-0.610959613430842
2.3225,-0.577100973549635
2.323,-0.541269987214836
2.3235,-0.505439002394505
2.324,-0.471580366727832
2.3245,-0.436406833966764
2.325,-0.400904577996808
2.3255,-0.366717221695562
2.326,-0.33055751927431
2.3265,-0.295383991867837
2.327,-0.261525363878729
2.3275,-0.225694389878754
2.328,-0.190520866166151
2.3285,-0.155676068141804
2.329,-0.120831271252624
2.3295,-0.0850003020221306
2.33,-0.0508129562991431
2.3305,-0.015310713737656
2.331,0.0198628033042033
2.3315,0.0537214215499425
2.332,0.0892236610535209
2.3325,0.124725899574566
2.333,0.159241963888356
2.3335,0.195072924964188
2.334,0.229917711921976
2.3345,0.264762498041683
2.335,0.300264732121937
2.3355,0.335438241009997
2.336,0.369954300383985
2.3365,0.405456532135729
2.337,0.44128748751586
2.3375,0.475474820423533
2.338,0.510648325744183
2.3385,0.546479279111141
2.339,0.580337885843344
2.3395,0.615840113685919
2.34,0.651999789615395
2.3405,0.685858394757153
2.341,0.721689345329446
2.3415,0.757191571105585
2.342,0.791378899206735
2.3425,0.82688112412974
2.343,0.862054624360702
2.3435,0.896241951344948
2.344,0.932072899483787
2.3445,0.967903847308474
2.345,1.00176244911898
2.3455,1.03660722355805
2.346,1.07276689491715
2.3465,1.10728294466084
2.347,1.14212771852656
2.3475,1.17795866509673
2.348,1.21346088727409
2.3485,1.24764821225465
2.349,1.28347915857319
2.3495,1.31898138058601
2.35,1.35316870548789
2.3505,1.38899965180797
2.351,1.42384442534901
2.3515,1.45803175041201
2.352,1.49386269698441
2.3525,1.52969364370035
2.353,1.56355224488373
2.3535,1.59905446767631
2.354,1.63455669069392
2.3545,1.66907274109266
2.355,1.70457496463734
2.3555,1.739748464195
2.356,1.77459323978436
2.3565,1.80943801572575
2.357,1.84559768927343
2.3575,1.87945629308277
2.358,1.91462979456054
2.3585,1.95078946946575
2.359,1.98497679894962
2.3595,2.02047902624551
2.36,2.05565252976882
2.3605,2.09016858519118
2.361,2.1259995385811
2.3615,2.1615017682774
2.362,2.19536037685684
2.3625,2.23053388353333
2.363,2.26570739092647
2.3635,2.30022345030665
2.364,2.33572568358716
2.3645,2.37155664207557
2.365,2.40607270381633
2.3655,2.4405887663799
2.366,2.47641972746333
2.3665,2.50994961850594
2.367,2.47411865654001
2.3675,2.43861641992508
2.368,2.40442908181022
2.3685,2.36892684692832
2.369,2.3334246128872
2.3695,2.29890855279301
2.37,2.26373504469807
2.3705,2.22823281298149
2.371,2.19437420378251
2.3715,2.15854324911066
2.372,2.12304101946932
2.3725,2.08918241217113
2.373,2.05335145942745
2.3735,2.01850668027014
2.374,1.9833331773287
2.3745,1.94750222627129
2.375,1.91265744867113
2.3755,1.8787988444613
2.376,1.84296789481919
2.3765,1.80713694560502
2.377,1.77196344538831
2.3775,1.73744739412065
2.378,1.7022738945837
2.3785,1.6667716710581
2.379,1.63225562067615
2.3795,1.59675339767398
2.38,1.56157989917906
2.3805,1.52706384944045
2.381,1.49189035129806
2.3815,1.45605940473271
2.382,1.42220080395394
2.3825,1.38669858185937
2.383,1.35086763554203
2.3835,1.31635158636315
2.384,1.28084936434928
2.3845,1.24534714230595
2.385,1.21083109304194
2.3855,1.17532887085728
2.386,1.14015537283991
2.3865,1.10563932324829
2.387,1.07079454921217
2.3875,1.03463487784112
2.388,1.00077627625409
2.3885,0.965274052982762
2.389,0.929771829429576
2.3895,0.895255778455671
2.39,0.860411002862763
2.3905,0.824251329704809
2.391,0.790721450593167
2.3915,0.754561776619371
2.392,0.719059550808896
2.3925,0.68520094611808
2.393,0.649041270696863
2.3935,0.614525216368601
2.394,0.579680437174119
2.3945,0.544506933070852
2.395,0.509004704014554
2.3955,0.474488647367759
2.396,0.439315141366983
2.3965,0.403484185946702
2.397,0.369296851640781
2.3975,0.33379461911673
2.398,0.29796366141948
2.3985,0.264105049254565
2.399,0.228602814316312
2.3995,0.193100578507003
2.4,0.158584515052548
2.4005,0.123411001868754
2.401,0.0879087633118253
2.4015,0.0537214215499425
2.402,0.0178904565814145
2.4025,-0.0169543360547103
2.403,-0.0517991297191217
2.4035,-0.086972648922262
2.404,-0.123461067205257
2.4045,-0.15699096615968
2.405,-0.192493213258629
2.4055,-0.228324186092522
2.406,-0.263168986569918
2.4065,-0.298013788265299
2.407,-0.333516040329729
2.4075,-0.36868956914028
2.408,-0.403205650101045
2.4085,-0.438379181561524
2.409,-0.473881439013191
2.4095,-0.508068799394678
2.41,-0.543242335046821
2.4105,-0.579402046118988
2.411,-0.613260686094766
2.4115,-0.648762950879404
2.412,-0.684593941932757
2.4125,-0.718781311063587
2.413,-0.754612305331792
2.4135,-0.789785851805803
2.414,-0.824301950421247
2.4145,-0.859475500200182
2.415,-0.894977776476744
2.4155,-0.929493880108689
2.416,-0.964667435081489
2.4165,-1.0011558911995
2.417,-1.03435710072008
2.4175,-1.06985938598865
2.418,-1.10569039805708
2.4185,-1.13987778755882
2.419,-1.17570880351249
2.4195,-1.21088237160775
2.42,-1.24506976679874
2.4205,-1.28090078879892
2.421,-1.3160743629131
2.4215,-1.35026176403339
2.422,-1.38609279233167
2.4225,-1.42093764765155
2.423,-1.45611123016165
2.4235,-1.49161353995027
2.424,-1.52711585198578
2.4245,-1.56163199086809
2.425,-1.59680558225432
2.4255,-1.63197917592861
2.426,-1.66583787109192
2.4265,-1.70199764502285
2.427,-1.73684252045367
2.4275,-1.77168739823787
2.428,-1.8071897289945
2.4285,-1.84236333693096
2.429,-1.8765507713212
2.4295,-1.91205310954195
2.43,-1.94722672495612
2.4305,-1.98207161751986
2.431,-2.01724523806364
2.4315,-2.05307631215089
2.432,-2.08726376154606
2.4325,-2.12276611551427
2.433,-2.15793974669628
2.4335,-2.19278465504361
2.434,-2.2282870172737
2.4345,-2.26346065672433
2.435,-2.29896302462836
2.4355,-2.33347921841913
2.436,-2.36865286635997
2.4365,-2.40448396864004
2.437,-2.43867144520168
2.4375,-2.47417382765706
2.438,-2.49619845533244
2.4385,-2.46135352253315
2.439,-2.42617986690557
2.4395,-2.39067748850489
2.44,-2.3564900158115
2.4405,-2.32098764320608
2.441,-2.28515654787908
2.4415,-2.25064035790882
2.442,-2.215795445056
2.4425,-2.17996435826312
2.443,-2.14643435302004
2.4435,-2.11060327171672
2.444,-2.07477219320638
2.4445,-2.04058474472759
2.445,-2.00475367159084
2.4455,-1.96958005197022
2.446,-1.93506388569261
2.4465,-1.89956154580082
2.447,-1.8637304831486
2.4475,-1.82954304964021
2.448,-1.7946981678892
2.4485,-1.75853838747508
2.449,-1.72467968631088
2.4495,-1.68950608647407
2.45,-1.65400376379909
2.4505,-1.61948761903288
2.451,-1.58398530101822
2.4515,-1.54815426018978
2.452,-1.51429557237864
2.4525,-1.47879326115778
2.453,-1.44329095217358
2.4535,-1.40910354560953
2.454,-1.37392996596658
2.4545,-1.33809893840938
2.455,-1.30391153798694
2.4555,-1.26840923960584
2.456,-1.23290694329313
2.4565,-1.19904827371063
2.457,-1.16288853151739
2.4575,-1.12804369098785
2.458,-1.09385630211114
2.4585,-1.05802529068835
2.459,-1.02285173089914
2.4595,-0.988664347444616
2.46,-0.952504616805514
2.4605,-0.917002337647101
2.461,-0.883143684189325
2.4615,-0.847970133263303
2.462,-0.811810409784336
2.4625,-0.777623036484189
2.463,-0.742449490575871
2.4635,-0.706947221579435
2.464,-0.671773678892912
2.4645,-0.636928862444507
2.465,-0.601097873515899
2.4655,-0.566253060094023
2.466,-0.531736972758177
2.4665,-0.495905988335862
2.467,-0.460732454606271
2.4675,-0.426545096057818
2.468,-0.391042840472528
2.4685,-0.355540586253892
2.469,-0.321024507046819
2.4695,-0.28519353089443
2.47,-0.250348729650297
2.4705,-0.216161378660538
2.471,-0.18033040624755
2.4715,-0.145156884056868
2.472,-0.110640811995692
2.4725,-0.0751385675733155
2.473,-0.0399650487349853
2.4735,-0.0054489798832188
2.474,0.0300532613210159
2.4745,0.0645693281708689
2.475,0.0990853940733768
2.4755,0.134258907902649
2.476,0.170418594048617
2.4765,0.204605932801604
2.477,0.239779443926514
2.4775,0.276267851769665
2.478,0.309797739281496
2.4785,0.34529997233434
2.479,0.380144755870523
2.4795,0.414989538684369
2.48,0.450820493871689
2.4805,0.485665275302867
2.481,0.520181331748841
2.4815,0.556012284945789
2.482,0.591843237522211
2.4825,0.625701843541356
2.483,0.6612040706717
2.4835,0.69703502159504
2.484,0.730893626130851
2.4845,0.767053300407076
2.485,0.801898077004305
2.4855,0.83608540460011
2.486,0.872245077630594
2.4865,0.907418577405383
2.487,0.941605903980375
2.4875,0.977436851726396
2.488,1.01195290204496
2.4885,1.04712640070342
2.489,1.08197117486583
2.4895,1.11747339741073
2.49,1.15198944695339
2.4905,1.18749166920971
2.491,1.22332261564068
2.4915,1.25783866488189
2.492,1.29334088691161
2.4925,1.32818566036613
2.493,1.36401660666297
2.4935,1.3988613801619
2.494,1.43403487800264
2.4945,1.46953710021497
2.495,1.50372442542279
2.4955,1.53955537218335
2.496,1.5744001462704
2.4965,1.60825874769516
2.497,1.6447471436427
2.4975,1.67992064270018
2.498,1.71410796915919
2.4985,1.74961019310122
2.499,1.78511241738872
2.4995,1.81929974483339
2.5,1.85480196988158
2.5005,1.88997547104733
2.501,1.92482024834604
2.5015,1.95999375043339
2.502,1.99549597735075
2.5025,2.03034075614847
2.503,2.06551425983142
2.5035,2.10068776410147
2.504,2.13487509594346
2.5045,2.17070605015954
2.505,2.20620828071034
2.5055,2.24006689013803
2.506,2.27556912210368
2.5065,2.31140007921627
2.507,2.34558741519726
2.5075,2.38141837391906
2.508,2.41626316029594
2.5085,2.45143667193112
2.509,2.48628146003603
2.5095,2.49877298806507
2.51,2.4649143728855
2.5105,2.42842596328579
2.511,2.39325245221796
2.5115,2.35873639077617
2.512,2.3235628813545
2.5125,2.28806064834641
2.513,2.25288714048348
2.5135,2.21804235771712
2.514,2.1828688512885
2.5145,2.14868151858848
2.515,2.11317928912892
2.5155,2.07734833596752
2.516,2.04316100508815
2.5165,2.00733005310893
2.517,1.97215655033653
2.5175,1.93796922103171
2.518,1.902138270619
2.5185,1.86696476930102
2.519,1.83244871702517
2.5195,1.79727521653472
2.52,1.76177299212235
2.5205,1.72758566524646
2.521,1.69208344150446
2.5215,1.65625249377208
2.522,1.62107899489041
2.5225,1.58656294481768
2.523,1.55138944638108
2.5235,1.51555849956405
2.524,1.48137117431134
2.5245,1.44619767634125
2.525,1.41069545419329
2.5255,1.37617940495434
2.526,1.34067718292587
2.5265,1.30484623663792
2.527,1.27098763600808
2.5275,1.23548541395152
2.528,1.19965446754992
2.5285,1.16579586673392
2.529,1.12963619583693
2.5295,1.09413397335009
2.53,1.0602753721085
2.5305,1.02444442495907
2.531,0.98959965043809
2.5315,0.955083599955916
2.532,0.919910100610954
2.5325,0.884079152358839
2.533,0.849234376655851
2.5335,0.814389600591939
2.534,0.778887375524063
2.5345,0.744700047273964
2.535,0.709197821333341
2.5355,0.673366870584911
2.536,0.63917954094151
2.5365,0.603677313471163
2.537,0.568175085429746
2.5375,0.533987754156956
2.538,0.498156800564098
2.5385,0.463640743719774
2.539,0.428795961869565
2.5395,0.393293730600669
2.54,0.357462774218447
2.5405,0.323275438959759
2.541,0.288101929798621
2.5415,0.252270971036845
2.542,0.218083633427865
2.5425,0.182910121767213
2.543,0.147079160374292
2.5435,0.113220544604176
2.544,0.0770608568912224
2.5445,0.0418873414921677
2.545,0.00769999846244986
2.5455,-0.0274735189381562
2.546,-0.0629757618714257
2.5465,-0.0978205569350956
2.547,-0.132994077586656
2.5475,-0.168496323885268
2.548,-0.202354948777036
2.5485,-0.237857197424392
2.549,-0.273688171857818
2.5495,-0.308532973926168
2.55,-0.343377777247454
2.5505,-0.378880031004414
2.551,-0.414382286118301
2.5515,-0.448898368806908
2.552,-0.484071902063676
2.5525,-0.519574161364796
2.553,-0.554418972848318
2.5535,-0.588935061117154
2.554,-0.625094774183312
2.5545,-0.658953416060559
2.555,-0.69478440757487
2.5555,-0.729957951298109
2.556,-0.764145322438579
2.5565,-0.799647594103642
2.557,-0.835149867462166
2.5575,-0.869665968211254
2.558,-0.905496969786159
2.5585,-0.940013073933085
2.559,-0.974857904612754
2.5595,-1.01036018674468
2.56,-1.04553374587817
2.5605,-1.08004985711166
2.561,-1.11555214484317
2.5615,-1.15072570960736
2.562,-1.18524182644658
2.5625,-1.22041539507713
2.563,-1.25723259054492
2.5635,-1.29010508836892
2.564,-1.32626483804154
2.5645,-1.36176713985416
2.565,-1.39595454362478
2.5655,-1.43145684967096
2.566,-1.46663043282942
2.5665,-1.50114656796018
2.567,-1.53697760573156
2.5675,-1.5718224703817
2.568,-1.60666733725809
2.5685,-1.64184093157885
2.569,-1.67800070386364
2.5695,-1.71185940198304
2.57,-1.74736172859213
2.5705,-1.7831927829333
2.571,-1.8167227626777
2.5715,-1.85288254726177
2.572,-1.88805615842637
2.5725,-1.92191487061605
2.573,-1.95708848674608
2.5735,-1.9932482817096
2.574,-2.02809317763682
2.5745,-2.06260935067209
2.575,-2.09844042824099
2.5755,-2.13295660651217
2.576,-2.16813023848187
2.5765,-2.20363259875916
2.577,-2.23814878506195
2.5775,-2.27332242529804
2.578,-2.30882479400273
2.5785,-2.34334098857947
2.579,-2.37851463732894
2.5795,-2.4143457404407
2.58,-2.44951939507632
2.5805,-2.48403560109835
2.581,-2.48600795581474
2.5815,-2.45083429811053
2.582,-2.41664682056064
2.5825,-2.38114444295917
2.583,-2.3459707939937
2.5835,-2.31079714790444
2.584,-2.27562350466377
2.5845,-2.23979241304797
2.585,-2.20560495219022
2.5855,-2.1707600428509
2.586,-2.13492895963478
2.5865,-2.10107023220853
2.587,-2.06491042896502
2.5875,-2.02973680486665
2.588,-1.99554935966357
2.5885,-1.95971828992417
2.589,-1.92454467360288
2.5895,-1.89002851052855
2.59,-1.85452617389605
2.5905,-1.81968129040922
2.591,-1.7848364093396
2.5915,-1.74933408014203
2.592,-1.71416047863396
2.5925,-1.67964432993541
2.593,-1.6438132827308
2.5935,-1.60863968828048
2.594,-1.57445227157738
2.5945,-1.53894995650183
2.595,-1.50377636881909
2.5955,-1.46991768370316
2.596,-1.43375792513842
2.5965,-1.39858434399787
2.597,-1.36373949001744
2.5975,-1.32856591309463
2.598,-1.29273488827179
2.5985,-1.258876215394
2.599,-1.22337391963185
2.5995,-1.18754290096952
2.6,-1.15335550891959
2.6005,-1.11785321911484
2.601,-1.08267965613677
2.6015,-1.04882099448969
2.602,-1.01331871033933
2.6025,-0.977487703225964
2.603,-0.942971597224727
2.6035,-0.907140593754838
2.604,-0.87229576643103
2.6045,-0.837779665556871
2.605,-0.801948667325251
2.6055,-0.766775120282245
2.606,-0.732587749023905
2.6065,-0.697414205181431
2.607,-0.661911938234294
2.6075,-0.627067122214826
2.608,-0.591893583035468
2.6085,-0.556062596066915
2.609,-0.521546509146571
2.6095,-0.486701698999176
2.61,-0.450870716429204
2.6105,-0.415697184482282
2.611,-0.381509827632634
2.6115,-0.346007573776135
2.612,-0.310505321250271
2.6125,-0.275660519111717
2.613,-0.241144442732015
2.6135,-0.204984744931096
2.614,-0.171454844463416
2.6145,-0.135623873568637
2.615,-0.0997929038578525
2.6155,-0.0652768332104565
2.616,-0.0294458657392952
2.6165,0.00474147834725658
2.617,0.0392575459084135
2.6175,0.0747597858204241
2.618,0.110262024738333
2.6185,0.14444936500549
2.619,0.179294153228703
2.6195,0.215453838193718
2.62,0.249312451467663
2.6205,0.285143410300001
2.621,0.320645643909635
2.6215,0.354504254849572
2.622,0.3906639356628
2.6225,0.426166166985487
2.623,0.460353500177528
2.6235,0.495855730127374
2.624,0.531357959419913
2.6245,0.565216566399627
2.625,0.600718794489914
2.6255,0.636549746333036
2.626,0.671394524657178
2.6265,0.70623930248338
2.627,0.742070252775908
2.6275,0.776257581057796
2.628,0.81175980615662
2.6285,0.847262030850801
2.629,0.880791909382681
2.6295,0.916622857665989
2.63,0.952453805622556
2.6305,0.985983683256801
2.631,1.02214335495079
2.6315,1.05797430211469
2.632,1.09216162765139
2.6325,1.12766385014743
2.633,1.16316607249148
2.6335,1.19702467331517
2.634,1.23252689544423
2.6345,1.2686865660614
2.635,1.30254516669278
2.6355,1.33837611298052
2.636,1.37420705928513
2.6365,1.40839438424212
2.637,1.44356788210489
2.6375,1.47939882862763
2.638,1.51391487815451
2.6385,1.54974582496351
2.639,1.58426187482035
2.6395,1.61976409774075
2.64,1.65395142374396
2.6405,1.68945364716546
2.641,1.72528459517947
2.6415,1.75914319773591
2.642,1.794645422121
2.6425,1.83014764688757
2.643,1.86433497482762
2.6435,1.90016592473882
2.644,1.93533942648918
2.6445,1.97018420440215
2.645,2.00535770714501
2.6455,2.04085993476011
2.646,2.07570471427794
2.6465,2.11054949437979
2.647,2.14638044814071
2.6475,2.18023905644296
2.648,2.21541256281985
2.6485,2.2512435186389
2.649,2.2851021289645
2.6495,2.32093308628962
2.65,2.35577787126101
2.6505,2.3906226570322
2.651,2.42645361684795
2.6515,2.46129840432385
2.652,2.4958144682582
2.6525,2.48858253098002
2.653,2.4530802939917
2.6535,2.41856423112392
2.654,2.38273327150314
2.6545,2.34755976152687
2.655,2.31370114988388
2.6555,2.27819891709423
2.656,2.2426966850728
2.6565,2.20785190251209
2.657,2.17267839628309
2.6575,2.13717616637739
2.658,2.1029888344954
2.6585,2.06781533018598
2.659,2.03231310213432
2.6595,1.9984544962846
2.66,1.96229482068068
2.6605,1.92679259424461
2.661,1.89260526554472
2.6615,1.85710304003811
2.662,1.8219295392673
2.6625,1.78741348749402
2.663,1.75191126318316
2.6635,1.71608031492516
2.664,1.68189298844989
2.6645,1.64671948937718
2.665,1.61121726627594
2.6655,1.57670121626395
2.666,1.54152771788158
2.6665,1.50569677111182
2.667,1.4705232730558
2.6675,1.43633594795772
2.668,1.40050500155469
2.6685,1.36566022805342
2.669,1.33081545458911
2.6695,1.29564195685701
2.67,1.2598110105512
2.6705,1.22496623703453
2.671,1.18979273916687
2.6715,1.15429051691816
2.672,1.11977446738466
2.6725,1.08492969341805
2.673,1.04942747070141
2.6735,1.01491142063257
2.674,0.979409197465567
2.6745,0.943906974028006
2.675,0.909390923177352
2.6755,0.874546147719709
2.676,0.838715199015439
2.6765,0.804527871448009
2.677,0.769025646263277
2.6775,0.733523420639722
2.678,0.699336091820234
2.6785,0.663833865252712
2.679,0.628331638162235
2.6795,0.594473032183071
2.68,0.558642079651043
2.6805,0.522482402156848
2.681,0.488623794451084
2.6815,0.453450288719649
2.682,0.417948057947475
2.6825,0.383760723931506
2.683,0.347929767344004
2.6835,0.312756258732964
2.684,0.278240198114223
2.6845,0.242409239116465
2.685,0.207235728055779
2.6855,0.172719664952647
2.686,0.137874876560936
2.6865,0.102043913964641
2.687,0.0681852970236768
2.6875,0.0323543324743356
2.688,-0.00347663312214948
2.6885,-0.037006528507844
2.689,-0.0731662206938867
2.6895,-0.108339740563629
2.69,-0.142527088051712
2.6905,-0.178358059177953
2.691,-0.213860307000449
2.6915,-0.248047657912843
2.692,-0.283221183621475
2.6925,-0.319052159701224
2.693,-0.353239514267689
2.6935,-0.388413043817221
2.694,-0.424244023894575
2.6945,-0.458431382355161
2.695,-0.49360491599257
2.6955,-0.529107175685477
2.696,-0.564280712208141
2.6965,-0.59879680088614
2.697,-0.634627789713481
2.6975,-0.669801330751386
2.698,-0.704317423940761
2.6985,-0.739490968096959
2.699,-0.774993238602715
2.6995,-0.80950933653215
2.7,-0.845011610366118
2.7005,-0.880513885929829
2.701,-0.914701264059926
2.7015,-0.950203543101634
2.702,-0.986034548788518
2.7025,-1.02022193211056
2.703,-1.05572421662673
2.7035,-1.09089777815818
2.704,-1.12475644197898
2.7045,-1.16091618200268
2.705,-1.19608974927133
2.7055,-1.23060586860282
2.706,-1.26610816478245
2.7065,-1.30226791301581
2.707,-1.33678403835687
2.7075,-1.37162889073678
2.708,-1.40713119529278
2.7085,-1.44098987666777
2.709,-1.47682091060025
2.7095,-1.5123232216961
2.71,-1.54683935965351
2.7105,-1.58234167524064
2.711,-1.61718654279438
2.7115,-1.65203141260932
2.712,-1.68753373515151
2.7125,-1.72237860961333
2.713,-1.75722348641739
2.7135,-1.79272581616393
2.714,-1.8282281483982
2.7145,-1.86208685648383
2.715,-1.89758919366032
2.7155,-1.93342025878855
2.716,-1.96695024873813
2.7165,-2.00311004444789
2.717,-2.03828366655434
2.7175,-2.07279984034138
2.718,-2.10863091869882
2.7185,-2.14380454879208
2.719,-2.17864945604988
2.7195,-2.21349436600146
2.72,-2.24866800427796
2.7205,-2.2835129197237
2.721,-2.31835783794402
2.7215,-2.35484638738548
2.722,-2.38837640852602
2.7225,-2.42420751247168
2.723,-2.45970989369964
2.7235,-2.49356864898126
2.724,-2.47680363388517
2.7245,-2.44064379970345
2.725,-2.40579887153351
2.7255,-2.37095394623236
2.726,-2.33610902377316
2.7265,-2.29962047591303
2.727,-2.26576173603841
2.7275,-2.2299306452232
2.728,-2.19475700842691
2.7285,-2.16024082546653
2.729,-2.12539591962103
2.7295,-2.08923611447259
2.73,-2.05504866493241
2.7305,-2.01987504157363
2.731,-1.9840439700049
2.7315,-1.94985652808038
2.732,-1.91435418710806
2.7325,-1.87885184872074
2.733,-1.84499313949283
2.7335,-1.80883335547873
2.734,-1.77431720043105
2.7345,-1.7398010477209
2.735,-1.70396999639996
2.7355,-1.66912512316472
2.736,-1.6342802522307
2.7365,-1.59877793324066
2.737,-1.56294689143981
2.7375,-1.52875947759787
2.738,-1.49325716545764
2.7385,-1.458083580647
2.739,-1.42323872307684
2.7395,-1.38839386761845
2.74,-1.35223411415815
2.7405,-1.31903288793248
2.741,-1.282873138695
2.7415,-1.24802829147157
2.742,-1.21318344622492
2.7425,-1.17735242814603
2.743,-1.14217886191739
2.7435,-1.10799147229377
2.744,-1.07281790984683
2.7445,-1.036986899564
2.745,-1.00279951539484
2.7455,-0.967625958478269
2.746,-0.931466228938722
2.7465,-0.897607574789504
2.747,-0.862105298382826
2.7475,-0.82627429896222
2.748,-0.792086924996976
2.7485,-0.75658465368889
2.749,-0.721411108751272
2.7495,-0.68722373950516
2.75,-0.651392748333077
2.7505,-0.616219208100774
2.751,-0.581374394040649
2.7515,-0.546200856803413
2.752,-0.510698596402864
2.7525,-0.475853786691147
2.753,-0.44068025376089
2.7535,-0.405835446798683
2.754,-0.370004467439071
2.7545,-0.335817112268061
2.755,-0.299986135568048
2.7555,-0.265141333802922
2.756,-0.229967808729572
2.7565,-0.195123009387733
2.757,-0.159949486705819
2.7575,-0.125104689678864
2.758,-0.0896024447944983
2.7585,-0.0541002010356928
2.759,-0.0199128562311756
2.7595,0.0146032120363005
2.76,0.0507629015460704
2.7605,0.0842927945152012
2.761,0.120452482025884
2.7615,0.155625995287477
2.762,0.190470783226436
2.7625,0.225315570296922
2.763,0.261146529708954
2.7635,0.295333866326763
2.764,0.330178650945601
2.7645,0.366667056665361
2.765,0.400525666658928
2.7655,0.4360278977807
2.766,0.471530128197315
2.7665,0.505388736204485
2.767,0.541219689666126
2.7675,0.577050642495191
2.768,0.61189542173165
2.7685,0.647068924749113
2.769,0.682242427240098
2.7695,0.716101031970136
2.77,0.751931982130686
2.7705,0.787434207523158
2.771,0.821950259581219
2.7715,0.857123759864532
2.772,0.892954708379678
2.7725,0.926813310786531
2.773,0.961986810073446
2.7735,0.998146481946733
2.774,1.03167635926441
2.7745,1.06750730636917
2.775,1.10300952898745
2.7755,1.13719685430911
2.776,1.17302780089724
2.7765,1.20853002308842
2.777,1.24238862380012
2.7775,1.27854829440322
2.778,1.31405051641814
2.7785,1.34823784131832
2.779,1.38374006335437
2.7795,1.41924228544326
2.78,1.45342961049418
2.7805,1.48893183276934
2.781,1.52443405518147
2.7815,1.5589501049071
2.782,1.59445232767259
2.7825,1.62962582637141
2.783,1.66479932531513
2.7835,1.69931537594521
2.784,1.7344888754557
2.7845,1.77031982389179
2.785,1.80450715118335
2.7855,1.84000937606093
2.786,1.87551160135626
2.7865,1.91002765415421
2.787,1.94520115603774
2.7875,1.9813608313851
2.788,2.01521943698171
2.7885,2.05039294042075
2.789,2.08589516877441
2.7895,2.12008250036201
2.79,2.1559134542997
2.7905,2.19141568456277
2.791,2.22527429370504
2.7915,2.26044780098926
2.792,2.29595003339125
2.7925,2.33079481780571
2.793,2.36563960300073
2.7935,2.40179928660433
2.794,2.43565790024803
2.7945,2.47116013678716
2.795,2.50699109867419
2.7955,2.47839207397213
2.796,2.44321856165731
2.7965,2.4077163258243
2.797,2.37320026404495
2.7975,2.33769802990413
2.798,2.30219579657913
2.7985,2.26833718590132
2.799,2.23283495408825
2.7995,2.19733272300712
2.8,2.16314539003873
2.8005,2.12731443596556
2.801,2.09214093123271
2.8015,2.05729615144274
2.802,2.0227800965523
2.8025,1.98694914489624
2.803,1.95210436674474
2.8035,1.91725958908204
2.804,1.88175736325912
2.8045,1.8472413108085
2.805,1.81206781015146
2.8055,1.77590813698313
2.806,1.74237825856742
2.8065,1.70654731039863
2.807,1.67104508683751
2.8075,1.63685776071276
2.808,1.60135553767958
2.8085,1.56585331487328
2.809,1.53199471367853
2.8095,1.49649249123356
2.81,1.4609902689316
2.8105,1.42647421958151
2.811,1.39097199747838
2.8115,1.35579849971188
2.812,1.32029627769744
2.8125,1.28610895279695
2.813,1.24962055792477
2.8135,1.21477578438999
2.814,1.17993101077592
2.8145,1.14508623705572
2.815,1.10892656607304
2.8155,1.07506796490553
2.816,1.03956574213215
2.8165,1.00340607056005
2.817,0.96987619305175
2.8175,0.934373969536703
2.818,0.898543021418916
2.8185,0.864355694456504
2.819,0.828853469947023
2.8195,0.794008693659563
2.82,0.759163916968631
2.8205,0.723332966903461
2.821,0.688159464992548
2.8215,0.653643411235202
2.822,0.618469908318245
2.8225,0.582967680518225
2.823,0.548451625149527
2.8235,0.513278120508714
2.824,0.477447166533521
2.8245,0.443259833662574
2.825,0.407757602686748
2.8255,0.372255370983155
2.826,0.337739311657743
2.8265,0.302565802820975
2.827,0.26739229318727
2.8275,0.232876231530359
2.828,0.197702720236125
2.8285,0.16187175922841
2.829,0.127684419407859
2.8295,0.0921821809674103
2.83,0.0566799415467943
2.8305,0.0221638744767414
2.831,-0.0130096424976183
2.8315,-0.0481831605166609
2.832,-0.0826992306430201
2.8325,-0.118201475306303
2.833,-0.153703721118021
2.8335,-0.187891070048637
2.834,-0.223393318197264
2.8345,-0.258895567578457
2.835,-0.293411644574386
2.8355,-0.328913896469701
2.836,-0.363429975963604
2.8365,-0.398274781313321
2.837,-0.43410576177835
2.8375,-0.468950569837639
2.838,-0.50379537927346
2.8385,-0.538640190112659
2.839,-0.574471176335313
2.8395,-0.608658540773399
2.84,-0.644489530035588
2.8405,-0.679991796202188
2.841,-0.714836614548813
2.8415,-0.750338883908954
2.842,-0.78518370544469
2.8425,-0.820357253355157
2.843,-0.854873353403539
2.8435,-0.890375629452774
2.844,-0.92620663207096
2.8445,-0.96006528760058
2.845,-0.995567568965057
2.8455,-1.03106985217969
2.846,-1.06525723779116
2.8465,-1.10108824960813
2.847,-1.13626181358346
2.8475,-1.17012047979042
2.848,-1.20628022239889
2.8485,-1.2411250672571
2.849,-1.27564118910739
2.8495,-1.31147221291202
2.85,-1.34697451384009
2.8505,-1.38149064178536
2.851,-1.41600677177119
2.8515,-1.45249525428963
2.852,-1.48635393835901
2.8525,-1.52185625005985
2.853,-1.55768728917186
2.8535,-1.59154597965922
2.854,-1.62737702335417
2.8545,-1.66255061903959
2.855,-1.69673804138699
2.8555,-1.73224036696057
2.856,-1.76774269497351
2.8565,-1.80225884957393
2.857,-1.8371037318488
2.8575,-1.8732635179119
2.858,-1.90745095444229
2.8585,-1.94262456952314
2.859,-1.9784556379851
2.8595,-2.01264308195636
2.86,-2.04781670477415
2.8605,-2.08364778120259
2.861,-2.11750650734603
2.8615,-2.15333758919081
2.862,-2.18916867386338
2.8625,-2.22302740787616
2.863,-2.25820104690876
2.8635,-2.29436086566341
2.864,-2.32821960775911
2.8645,-2.36437943234411
2.865,-2.39955308282589
2.8655,-2.43439801047964
2.866,-2.46957166679792
2.8665,-2.5008006164873
2.867,-2.46661313484392
2.8675,-2.43111075303073
2.868,-2.39593709993196
2.8685,-2.36174962681709
2.869,-2.32591852811549
2.8695,-2.289758706747
2.87,-2.25458506519697
2.8705,-2.22006887761736
2.871,-2.1852239671545
2.8715,-2.15005033385832
2.872,-2.1152054287914
2.8725,-2.08003180088734
2.873,-2.04420072473692
2.8735,-2.01001327848659
2.874,-1.97451093306928
2.8745,-1.9390085902851
2.875,-1.90482115154766
2.8755,-1.86931881384963
2.876,-1.83381647870059
2.8765,-1.79962904723599
2.877,-1.76412671700794
2.8775,-1.72862438924476
2.878,-1.69476569003719
2.8785,-1.65926336700768
2.879,-1.62408977153951
2.8795,-1.58924490353993
2.88,-1.55341386236631
2.8805,-1.5182402737647
2.881,-1.48372413758184
2.8815,-1.44855055336454
2.882,-1.41304824626323
2.8825,-1.37886084148948
2.883,-1.34368726366506
2.8835,-1.30752751293923
2.884,-1.27334011425666
2.8845,-1.23816654261746
2.885,-1.2026642480443
2.8855,-1.16847685517567
2.886,-1.13198838982064
2.8865,-1.09780100073592
2.887,-1.06361361344267
2.8875,-1.02745387880387
2.888,-0.992280320613278
2.8885,-0.958421663507677
2.889,-0.922261934445992
2.8895,-0.886759656811904
2.89,-0.852901004785348
2.8905,-0.817398730569447
2.891,-0.781896458061203
2.8915,-0.747709086122199
2.892,-0.711878092175905
2.8925,-0.676047099883073
2.893,-0.642517181961499
2.8935,-0.606686192786456
2.894,-0.571183929829086
2.8945,-0.536667842291374
2.895,-0.500836857663447
2.8955,-0.466320772955288
2.896,-0.431804689595822
2.8965,-0.396302433805649
2.897,-0.360471454814697
2.8975,-0.326284099988196
2.898,-0.291110572737054
2.8985,-0.255279597676878
2.899,-0.220106072946971
2.8995,-0.185918722964839
2.9,-0.150087751583848
2.9005,-0.114914230382263
2.901,-0.0800694347869405
2.9015,-0.044895915796986
2.902,-0.00939367341516094
2.9025,0.0241362211925949
2.903,0.0593097370936711
2.9035,0.0957981497418109
2.904,0.129985490384739
2.9045,0.164830278979909
2.905,0.200003791095037
2.9055,0.234519853532411
2.906,0.270679537112774
2.9065,0.305853046670828
2.907,0.339711657924619
2.9075,0.375542614690745
2.908,0.410387397598455
2.9085,0.445560904164345
2.909,0.480734410045561
2.9095,0.516236639614592
2.91,0.550423971186013
2.9105,0.585926199523613
2.911,0.621428427275945
2.9115,0.656273205824528
2.912,0.691446708182302
2.9125,0.727606382991139
2.913,0.761136262830298
2.9135,0.796967212416248
2.914,0.831811988670688
2.9145,0.867314213148869
2.915,0.902158988675165
2.9155,0.937332488174275
2.916,0.971848538794167
2.9165,1.0070220377285
2.917,1.04285298499045
2.9175,1.0773690348931
2.918,1.11221380889635
2.9185,1.14804475558392
2.919,1.18190335645477
2.9195,1.21740557862146
2.92,1.25356524926453
2.9205,1.28808129846468
2.921,1.32325479619817
2.9215,1.35875701821407
2.922,1.39393051598434
2.9225,1.42844656525619
2.923,1.463948787452
2.9235,1.49912228548349
2.924,1.53363833509195
2.9245,1.56914055771695
2.925,1.60332788339743
2.9255,1.63883010644405
2.926,1.67466105403866
2.9265,1.70851965616088
2.927,1.74402188005113
2.9275,1.77985282858248
2.928,1.81469760457934
2.9285,1.84987110526651
2.929,1.88471588206007
2.9295,1.92054683223761
2.93,1.95506288562503
2.9305,1.99023638814428
2.931,2.02639606418204
2.9315,2.05992594612365
2.932,2.09575689898047
2.9325,2.13125912812426
2.933,2.16544646050702
2.9335,2.20094869095495
2.934,2.23579347337765
2.9345,2.27063825650772
2.935,2.3061404891314
2.9355,2.34098527377136
2.936,2.37550133480513
2.9365,2.41133229424842
2.937,2.44683453017182
2.9375,2.4813505937407
2.938,2.50304640557548
2.9385,2.46820161704072
2.939,2.43302810498475
2.9395,2.3978545938044
2.94,2.36268108347205
2.9405,2.32783629834435
2.941,2.29266278961789
2.9415,2.25748928165685
2.942,2.22297322316017
2.9425,2.18747099227733
2.943,2.15196876209015
2.9435,2.11778142994829
2.944,2.08227920104409
2.9445,2.04677697275143
2.945,2.01291836668265
2.9455,1.97675869085639
2.946,1.94158518853214
2.9465,1.90772658395404
2.947,1.87222435825505
2.9475,1.83672213299959
2.948,1.80220608106614
2.9485,1.76670385660218
2.949,1.73153035679306
2.9495,1.69701430589452
2.95,1.66151208241208
2.9505,1.62568113491687
2.951,1.59182253338642
2.9515,1.55599158635242
2.952,1.52081808807685
2.9525,1.48663076280322
2.953,1.45112854053595
2.9535,1.41595504265427
2.954,1.3814389934063
2.9545,1.34593677137269
2.955,1.31043454936168
2.9555,1.275918500179
2.956,1.24074500240781
2.9565,1.20491405601786
2.957,1.16974055809634
2.9575,1.13522450862136
2.958,1.09939356187725
2.9585,1.064548787809
2.959,1.03003273783222
2.9595,0.99420179048307
2.96,0.95837084287038
2.9605,0.924183516435335
2.961,0.889338741114517
2.9615,0.85350779256283
2.962,0.819649189455963
2.9625,0.784146964449513
2.963,0.748644739016336
2.9635,0.714128686075775
2.964,0.678955184038201
2.9645,0.643124232848642
2.965,0.608936902761378
2.9655,0.573105950470701
2.966,0.538261170597321
2.9665,0.503745114470409
2.967,0.468242884669086
2.9675,0.432740654188371
2.968,0.39756714736606
2.9685,0.363379812940215
2.969,0.327220131526766
2.9695,0.293032795616955
2.97,0.257859285762503
2.9705,0.222028326270041
2.971,0.187840987940924
2.9715,0.152667475515952
2.972,0.116836513320012
2.9725,0.0829778967684386
2.973,0.0468182081966254
2.9735,0.011973416393777
2.974,-0.0225426519498256
2.9745,-0.0580448947319708
2.975,-0.0938758631000598
2.9755,-0.128063210137592
2.976,-0.162908007260165
2.9765,-0.198738979076093
2.977,-0.233255054011634
2.9775,-0.268757303740247
2.978,-0.303930830185531
2.9785,-0.338775633339796
2.979,-0.37394916234656
2.9795,-0.409780141859324
2.98,-0.4433100505674
2.9805,-0.479141032830915
2.981,-0.514314567302222
2.9815,-0.548830653929075
2.982,-0.584332915931932
2.9825,-0.619835179456039
2.983,-0.654351270478788
2.9835,-0.68952481238823
2.984,-0.725355805299582
2.9845,-0.759543176234141
2.985,-0.794716722938427
2.9855,-0.830218996060049
2.986,-0.865392546124585
2.9865,-0.900566097902979
2.987,-0.935739651422846
2.9875,-0.9709132067118
2.988,-1.00542931411566
2.9885,-1.04093159784926
2.989,-1.07676260834507
2.9895,-1.11094999632434
2.99,-1.1454661110154
2.9905,-1.18129712728397
2.991,-1.21548452085059
2.9915,-1.25164426609105
2.992,-1.28681783850642
2.9925,-1.32133396295767
2.993,-1.3571649894989
2.9935,-1.39266729317517
2.994,-1.42619724863717
2.9945,-1.46202828163826
2.995,-1.49753059179938
2.9955,-1.53171800371192
2.996,-1.56689159317396
2.9965,-1.60272263523496
2.997,-1.63723877891938
2.9975,-1.67274110046846
2.998,-1.7082434244093
2.9985,-1.74210212449604
2.999,-1.77793317846884
2.9995,-1.81277805906276
3,-1.84696549142334
3.0005,-1.88279655285922
3.001,-1.91797016616245
3.0015,-1.95281505661232
3.002,-1.98798867499944
3.0025,-2.02381974686609
3.003,-2.05800719412031
3.0035,-2.09318082035088
3.004,-2.1290119002925
3.0045,-2.1628706297897
3.005,-2.19837298965217
3.0055,-2.23420407792035
3.006,-2.26872026660277
3.0065,-2.30422263493354
3.007,-2.33972500616114
3.0075,-2.37358375181598
3.008,-2.40974358023844
3.0085,-2.44425978298081
3.009,-2.47910471434842
3.0095,-2.4912675684377
3.01,-2.45543645876282
3.0105,-2.42190643231049
3.011,-2.38541787714291
3.0115,-2.35024422782611
3.012,-2.3160567583528
3.0125,-2.28022566343146
3.013,-2.24505202264425
3.0135,-2.21086456138223
3.014,-2.17536220053354
3.0145,-2.13985984247861
3.015,-2.10402876168995
3.0155,-2.07017003653439
3.016,-2.03433896114071
3.0165,-1.99949406475342
3.017,-1.96497789632352
3.0175,-1.92914682886408
3.018,-1.89364448940312
3.0185,-1.85879960317064
3.019,-1.82395471938551
3.0195,-1.78845238745219
3.02,-1.75426495904992
3.0205,-1.71942008244576
3.021,-1.68326030731141
3.0215,-1.64940161103436
3.022,-1.61324184069416
3.0225,-1.57773952308984
3.023,-1.54388083345839
3.0235,-1.50837852035197
3.024,-1.47287620950586
3.0245,-1.43836007610106
3.025,-1.40285776962956
3.0255,-1.36768419036385
3.026,-1.33316806322749
3.0265,-1.29799448811191
3.027,-1.26216346510541
3.0275,-1.22863351887509
3.028,-1.1924737749756
3.0285,-1.15664275807512
3.029,-1.1227840925817
3.0295,-1.08761052933725
3.03,-1.05210824311744
3.0305,-1.01824958302586
3.031,-0.98241857565289
3.0315,-0.946916294966451
3.032,-0.912400190480253
3.0325,-0.876897913338772
3.033,-0.841724362716668
3.0335,-0.806879538538404
3.034,-0.772034715997032
3.0345,-0.736203720911569
3.035,-0.702016351014201
3.0355,-0.666514083859742
3.036,-0.63134054296625
3.0365,-0.596824452922901
3.037,-0.561322190388027
3.0375,-0.525491204723746
3.038,-0.491632568274592
3.0385,-0.455801585504057
3.039,-0.420628053364158
3.0395,-0.386440696330655
3.04,-0.350609717718902
3.0405,-0.31510746502215
3.041,-0.280591387263682
3.0415,-0.24574658618065
3.042,-0.209915612737977
3.0425,-0.175399538580481
3.043,-0.140554741052051
3.0435,-0.104723771180064
3.044,-0.069878975902466
3.0445,-0.035034181693931
3.045,0.000468060390209982
3.0455,0.0349841280728418
3.046,0.0698289192260695
3.0465,0.105002433849153
3.047,0.140504671942631
3.0475,0.174692011438753
3.048,0.210194247710901
3.0485,0.245367758699519
3.049,0.279883820066061
3.0495,0.315386053796249
3.05,0.350559562349413
3.0505,0.385404345774844
3.051,0.421235301567287
3.0515,0.456408807919071
3.052,0.490596140547336
3.0525,0.526098369935462
3.053,0.561600598690471
3.0535,0.59578792951231
3.054,0.631618881434081
3.0545,0.667121108474943
3.055,0.70163716204335
3.0555,0.736810663772207
3.056,0.772641613662797
3.0565,0.806828941584403
3.057,0.842331166333087
3.0575,0.877175942105446
3.058,0.912020717538412
3.0585,0.947522941243176
3.059,0.982696440362332
3.0595,1.01721249064399
3.06,1.05271471355412
3.0605,1.08821693625233
3.061,1.12240426163977
3.0615,1.15823520828506
3.062,1.19340870624153
3.0625,1.22759603126436
3.063,1.26342697761124
3.0635,1.29892919963602
3.064,1.33344524881214
3.0645,1.36894747083456
3.065,1.40444969289798
3.0655,1.4386370179132
3.066,1.47413924013967
3.0665,1.50931273820959
3.067,1.54415751214674
3.0675,1.57965973482836
3.068,1.61450450914539
3.0685,1.64902055940178
3.069,1.68419405849235
3.0695,1.72002500646007
3.07,1.7545410575643
3.0705,1.78971455760091
3.071,1.82488805800809
3.0715,1.85940411019646
3.072,1.89523506004464
3.0725,1.93106601036334
3.073,1.96558206389485
3.0735,2.00075556656911
3.074,2.03592906977963
3.0745,2.0714312978911
3.075,2.10561862923455
3.0755,2.1407921342077
3.076,2.17728053724626
3.0765,2.21048169739807
3.077,2.24565520437927
3.0775,2.28148616083834
3.078,2.31600222055484
3.0785,2.35150445419373
3.079,2.3866779642624
3.0795,2.42152275076532
3.08,2.45702498694504
3.0805,2.49219849961424
3.081,2.49384212172392
3.0815,2.45801116018513
3.082,2.42218019957535
3.0825,2.38799286185116
3.083,2.35249062736204
3.0835,2.3173171180826
3.084,2.28312978271287
3.0845,2.24762755058644
3.085,2.21245404356512
3.0855,2.17826671031129
3.086,2.142435755951
3.0865,2.10693352660543
3.087,2.07274619523996
3.0875,2.03757269143855
3.088,2.00207046387557
3.0885,1.96755440982548
3.089,1.93238090763207
3.0895,1.89654995729554
3.09,1.86302007759182
3.0905,1.82686040383685
3.091,1.79168690340807
3.0915,1.75684212764936
3.092,1.72133990363926
3.0925,1.68649512853604
3.093,1.65132162942749
3.0935,1.61614813058087
3.094,1.58031718339843
3.0945,1.54711603069623
3.095,1.51128508389995
3.0955,1.47578286154186
3.096,1.44225298498692
3.0965,1.4057645900126
3.097,1.37059109222526
3.0975,1.33607504303524
3.098,1.30057282102547
3.0985,1.26539932328016
3.099,1.23088327405109
3.0995,1.19505232763877
3.1,1.15987882968747
3.1005,1.12569150445745
3.101,1.09084673051862
3.1015,1.0543583349798
3.102,1.01918483636727
3.1025,0.984668786099288
3.103,0.948837838411566
3.1035,0.913664339013169
3.104,0.87947701219138
3.1045,0.843974787839803
3.105,0.808801287414232
3.1055,0.774285235206537
3.106,0.738783009649785
3.1065,0.703280783630022
3.107,0.668764730084385
3.1075,0.633919951721572
3.108,0.598088999836574
3.1085,0.563572944714423
3.109,0.528399440336614
3.1095,0.492897210990384
3.11,0.458709878404202
3.1105,0.422878923374887
3.111,0.387047967616584
3.1115,0.353518081725425
3.112,0.317358400090826
3.1125,0.282184890795646
3.113,0.247997553879456
3.1135,0.212824042954734
3.114,0.176664357922038
3.1145,0.142477018475511
3.115,0.107303504865783
3.1155,0.0711438169864434
3.116,0.0376139236657188
3.1165,0.0021116826831855
3.117,-0.0330618348833572
3.1175,-0.068235353510325
3.118,-0.103408873225331
3.1185,-0.13858239405599
3.119,-0.172769742500802
3.1195,-0.208600714653841
3.12,-0.243774238985809
3.1205,-0.278947764543624
3.121,-0.313463842243963
3.1215,-0.349623544014995
3.122,-0.383482175108692
3.1225,-0.418984430400557
3.123,-0.454486687081424
3.1235,-0.488674046705997
3.124,-0.524833755459621
3.1245,-0.55967856715914
3.125,-0.594194655645932
3.1255,-0.629696919597648
3.126,-0.664870460419024
3.1265,-0.699715278094427
3.127,-0.734888822041358
3.1275,-0.7707198170649
3.128,-0.804907190049214
3.1285,-0.840080738897497
3.129,-0.875911738998918
3.1295,-0.909770392112658
3.13,-0.945272670904683
3.1305,-0.981103676335576
3.131,-1.01627723394693
3.1315,-1.05079334366439
3.132,-1.08596690493297
3.1325,-1.12146919298686
3.133,-1.15565658332668
3.1335,-1.19083015030261
3.134,-1.22666116915364
3.1345,-1.26117729019013
3.135,-1.29667958814758
3.1355,-1.33218188819602
3.136,-1.36669801527476
3.1365,-1.40220031953033
3.137,-1.43770262596128
3.1375,-1.47189003423657
3.138,-1.50706361991013
3.1385,-1.54256593293233
3.139,-1.5774107979377
3.1395,-1.61192694000052
3.14,-1.64808671025177
3.1405,-1.68260285687756
3.141,-1.7174477310101
3.1415,-1.75327878326455
3.142,-1.78779493688435
3.1425,-1.82263981815816
3.143,-1.85847087784052
3.1435,-1.89298703869667
3.144,-1.92848937810981
3.1445,-1.96366299471829
3.145,-1.99817916305317
3.1455,-2.03335278479248
3.146,-2.06885513463648
3.1465,-2.10304258519403
3.147,-2.13887366590558
3.1475,-2.17437602388331
3.148,-2.20790603120411
3.1485,-2.24406584584018
3.149,-2.2798969378036
3.1495,-2.3137556787738
3.15,-2.34892932510392
3.1505,-2.38476042572723
3.151,-2.41894790069313
3.1515,-2.45445028147592
3.152,-2.48962393948584
3.1525,-2.48107706904135
3.153,-2.44590341175355
3.1535,-2.40974358023844
3.154,-2.37588483171494
3.1545,-2.34005373183428
3.155,-2.30455136057973
3.1555,-2.27036389470269
3.156,-2.23486152910818
3.1565,-2.19968789192312
3.157,-2.16550043412815
3.1575,-2.12966935132675
3.158,-2.09383827133387
3.1585,-2.05932209598762
3.159,-2.02447719775137
3.1595,-1.98897485125317
3.16,-1.95347250739966
3.1605,-1.91928506764343
3.161,-1.88378272889878
3.1615,-1.84828039271469
3.162,-1.81409296026431
3.1625,-1.77859062902392
3.163,-1.74341702551503
3.1635,-1.70890087487538
3.164,-1.67372727610105
3.1645,-1.63756750410803
3.165,-1.60338008557014
3.1655,-1.56820649375833
3.166,-1.53303290421214
3.1665,-1.49851676711365
3.167,-1.46301445689036
3.1675,-1.42718342382734
3.168,-1.3936534683081
3.1685,-1.35782243954745
3.169,-1.32264886297605
3.1695,-1.28813273844928
3.17,-1.25230171602415
3.1705,-1.21712814558842
3.171,-1.1826120270021
3.1715,-1.14743846048231
3.172,-1.11160744611075
3.1725,-1.07742005809707
3.173,-1.04224649728286
3.1735,-1.00674421347989
3.174,-0.97288555565945
3.1745,-0.937054550653982
3.175,-0.901552272276875
3.1755,-0.867364894776824
3.176,-0.831205170337819
3.1765,-0.796360346656541
3.177,-0.761844249332866
3.1775,-0.72634197943981
3.178,-0.691168435880265
3.1785,-0.656652343266356
3.179,-0.621478802804654
3.1795,-0.58564781455367
3.18,-0.551460451062928
3.1805,-0.515958190443318
3.181,-0.480127206675247
3.1815,-0.446268571983961
3.182,-0.410766315627149
3.1825,-0.375592785229607
3.183,-0.340747980726062
3.1835,-0.305245728394915
3.184,-0.27040092644338
3.1845,-0.235556125715403
3.185,-0.200053877147706
3.1855,-0.164551629793909
3.186,-0.129706832618131
3.1865,-0.0951907610435211
3.187,-0.059359792633747
3.1875,-0.0255011721403378
3.188,0.00934362074552336
3.1885,0.0451745859639885
3.189,0.080348101270848
3.1895,0.115192891177687
3.19,0.151023853417865
3.1905,0.185868641473536
3.191,0.220055979850308
3.1915,0.255558214995664
3.192,0.291389173679271
3.1925,0.325576509625037
3.193,0.361078742328721
3.1935,0.396580974267303
3.194,0.431097032389933
3.1945,0.466270538549354
3.195,0.501772768387676
3.1955,0.535960100207481
3.196,0.571791053127573
3.1965,0.60696455677901
3.197,0.641809335547006
3.1975,0.676982838114961
3.198,0.712156340179923
3.1985,0.747329841769505
3.199,0.782174618603572
3.1995,0.818005567936899
3.2,0.852192895361258
3.2005,0.887366395332024
3.201,0.923197343553192
3.2015,0.957055945704892
3.202,0.992558169038936
3.2025,1.02838911639954
3.203,1.06257644210145
3.2035,1.09807866474582
3.204,1.13292343865175
3.2045,1.16776821241532
3.205,1.20327043462184
3.2055,1.23844393245835
3.206,1.27361743023265
3.2065,1.30911965225022
3.207,1.34462187426094
3.2075,1.37880919918018
3.208,1.41398269698121
3.2085,1.44948491913749
3.209,1.48367224427618
3.2095,1.51950319094832
3.21,1.55500541350115
3.2105,1.58886401481592
3.211,1.62436623776603
3.2115,1.65953973667138
3.212,1.69438451155243
3.2125,1.72988673531482
3.213,1.76571768370566
3.2135,1.79957628664846
3.214,1.8347497871645
3.2145,1.87058073670587
3.215,1.90509678944198
3.2155,1.93994156694039
3.216,1.97610124221015
3.2165,2.01061729638593
3.217,2.04579079975175
3.2175,2.08129302802784
3.218,2.11613780822585
3.2185,2.15098258903905
3.219,2.18648481920731
3.2195,2.22198705007045
3.22,2.25551693543815
3.2205,2.29134789211042
3.221,2.32685012519181
3.2215,2.36103746151418
3.222,2.3965396962068
3.2225,2.43204193176228
3.223,2.46655799496213
3.2235,2.50206023230263
3.224,2.48233676699833
3.2245,2.44814942781579
3.225,2.41264719185944
3.2255,2.37714495677886
3.226,2.3426288957076
3.2265,2.30778411103105
3.227,2.2722818783714
3.2275,2.23776581957343
3.228,2.20226358839234
3.2285,2.16676135791875
3.229,2.13224530116519
3.2295,2.09740052068614
3.23,2.06189829213647
3.2305,2.02738223717299
3.231,1.99155128544479
3.2315,1.95604905858591
3.232,1.92219045381695
3.2325,1.88668822792912
3.233,1.85118600249639
3.2335,1.81732739900941
3.234,1.78149645008356
3.2345,1.74599422583254
3.235,1.71180689910012
3.2355,1.67630467549471
3.236,1.64080245217613
3.2365,1.60628640197553
3.237,1.57111290342397
3.2375,1.53626812935419
3.238,1.50109463117146
3.2385,1.46559240885257
3.239,1.43041891093115
3.2395,1.39590286165522
3.24,1.36040063960427
3.2405,1.32456969330962
3.241,1.29103981696614
3.2415,1.25455142209937
3.242,1.21937792429478
3.2425,1.18551932353179
3.243,1.14935965270726
3.2435,1.11451487887183
3.244,1.07967010487987
3.2445,1.04449660641889
3.245,1.00866565916785
3.2455,0.974149608825908
3.246,0.939304833931481
3.2465,0.9034738858584
3.247,0.869286558942388
3.2475,0.834441783089457
3.248,0.798610833946489
3.2485,0.763437333000507
3.249,0.728921280247508
3.2495,0.693419054094092
3.25,0.658245551764617
3.2505,0.623729497573704
3.251,0.588227269858326
3.2515,0.552725041559521
3.252,0.518537710027197
3.2525,0.483035480500572
3.253,0.44720452594953
3.2535,0.413345916869367
3.254,0.377843685282213
3.2545,0.342012728566257
3.255,0.307825392977409
3.2555,0.272651883464628
3.256,0.237149648731834
3.2565,0.202962310765265
3.257,0.167131349893314
3.2575,0.132286561357628
3.258,0.0977704963417544
3.2585,0.062268257077307
3.259,0.0264372923570552
3.2595,-0.00742132664755434
3.26,-0.0435810179117334
3.2605,-0.0787545368612017
3.261,-0.112941883432555
3.2615,-0.148444129072342
3.262,-0.183617651371765
3.2625,-0.218133725801859
3.263,-0.253635974998659
3.2635,-0.289138225452214
3.264,-0.323325578955127
3.2645,-0.358827831958223
3.265,-0.394330086302208
3.2655,-0.429174892822987
3.266,-0.464348425298662
3.2665,-0.499850683795688
3.267,-0.534038045203447
3.2675,-0.569211581931568
3.268,-0.605042569467632
3.2685,-0.639558659859436
3.269,-0.675060925806371
3.2695,-0.710563193347121
3.27,-0.744750563622934
3.2705,-0.779924109638023
3.271,-0.815426382052229
3.2715,-0.849942481868107
3.272,-0.885116032890285
3.2725,-0.920947035242587
3.273,-0.955134415333574
3.2735,-0.99063669644333
3.274,-1.0264677042502
3.2745,-1.06032636475795
3.275,-1.09582865142055
3.2755,-1.13165966491698
3.276,-1.16584705580094
3.2765,-1.20102062334459
3.277,-1.23685164278217
3.2775,-1.2723539393233
3.278,-1.30687006294628
3.2785,-1.34204363858439
3.279,-1.37787466638157
3.2795,-1.41173334604233
3.28,-1.44690692798715
3.2805,-1.48306668738947
3.281,-1.51692537329957
3.2815,-1.55242768695438
3.282,-1.58793000290472
3.2825,-1.62244614563975
3.283,-1.65761974099939
3.2835,-1.69312206391804
3.284,-1.72796693875369
3.2845,-1.7634692664715
3.285,-1.79831414607214
3.2855,-1.83283030276034
3.286,-1.86833263783898
3.2865,-1.90350625010565
3.287,-1.93802241413397
3.2875,-1.97385348225314
3.288,-2.00902710218919
3.2885,-2.04321454836798
3.289,-2.07871689896151
3.2895,-2.11421925227151
3.29,-2.14840670620099
3.2905,-2.18423779048269
3.291,-2.21908270086879
3.2915,-2.25425633958828
3.292,-2.28910125547719
3.2925,-2.32427489980611
3.293,-2.3587910956185
3.2935,-2.39462219706909
3.294,-2.43012457580108
3.2945,-2.4646407802196
3.295,-2.49981443909265
3.2955,-2.47055784412059
3.296,-2.4357129134664
3.2965,-2.40086798570405
3.297,-2.36503688372839
3.2975,-2.33019196174911
3.298,-2.29534704258038
3.2985,-2.25885849813227
3.299,-2.22532848697993
3.2995,-2.18949739942402
3.3,-2.15432376579519
3.3005,-2.12046503693324
3.301,-2.0846339576571
3.3015,-2.04913160661279
3.302,-2.0149441600044
3.3025,-1.97911308880757
3.303,-1.94393947107094
3.3035,-1.90942330662255
3.304,-1.87424969393239
3.3045,-1.83808990779749
3.305,-1.80357375074804
3.3055,-1.76872887078674
3.306,-1.73355526795442
3.3065,-1.69838166751751
3.307,-1.66386551985807
3.3075,-1.62803447371952
3.308,-1.59253215514191
3.3085,-1.55834473945259
3.309,-1.52317115053666
3.3095,-1.48734011365362
3.31,-1.45315270444647
3.3105,-1.41765039705996
3.311,-1.38181936682318
3.3115,-1.34796068889616
3.312,-1.31245838790927
3.3125,-1.27662736404608
3.313,-1.24276869206304
3.3135,-1.20660894734125
3.314,-1.17143537948529
3.3145,-1.1375767132085
3.315,-1.10174569938456
3.3155,-1.06657213727288
3.316,-1.03238475159391
3.3165,-0.996553743473683
3.317,-0.961051462058196
3.3175,-0.926864081677274
3.318,-0.891361803812553
3.3185,-0.855530802944128
3.319,-0.821343427619699
3.3195,-0.786498604402122
3.32,-0.750338883908954
3.3205,-0.716808962803689
3.321,-0.680649245590624
3.3215,-0.645475704074449
3.322,-0.61161706276273
3.3225,-0.57545735028971
3.323,-0.540283813300564
3.3235,-0.506096451643798
3.324,-0.47059419289309
3.3245,-0.434763210974439
3.325,-0.400904577996808
3.3255,-0.365402323401394
3.326,-0.329242621030397
3.3265,-0.295383991867837
3.327,-0.259881741190248
3.3275,-0.224708216300338
3.328,-0.189863417136152
3.3285,-0.154032445621732
3.329,-0.119516373278675
3.3295,-0.0846715775391122
3.33,-0.0491693339343886
3.3305,-0.0143245403485204
3.331,0.0195340788506278
3.3315,0.0550363193271868
3.332,0.0905385587938687
3.3325,0.124725899574566
3.333,0.160556861559018
3.3335,0.196059098191741
3.334,0.230903885125441
3.3345,0.265748671221819
3.335,0.301250905279085
3.3355,0.336424414145149
3.336,0.371269197869614
3.3365,0.406442705229398
3.337,0.442273660589487
3.3375,0.476789717830422
3.338,0.511634498781297
3.3385,0.547465452130572
3.339,0.581652783181188
3.3395,0.617483735331483
3.34,0.653314686911332
3.3405,0.687173292034781
3.341,0.722675518273978
3.3415,0.757849019726754
3.342,0.792693796433437
3.3425,0.828196021341396
3.343,0.863040797259089
3.3435,0.897556848530245
3.344,0.93338779665704
3.3445,0.968232571599079
3.345,1.00241989769548
3.3455,1.03759339641626
3.346,1.07408179205347
3.3465,1.10794039322577
3.347,1.14344261565075
3.3475,1.17894483793637
3.348,1.21346088727409
3.3485,1.24929183364643
3.349,1.28446533140712
3.3495,1.31832393203029
3.35,1.35448360259986
3.3505,1.39031454892156
3.351,1.42417314962805
3.3515,1.45967537181169
3.352,1.49550631839004
3.3525,1.52969364370035
3.353,1.56486714202052
3.3535,1.60036936482092
3.354,1.6342279664056
3.3545,1.67005891396498
3.355,1.70588986181142
3.3555,1.74007718849145
3.356,1.77557941268339
3.3565,1.81108163724157
3.357,1.84526896496652
3.3575,1.88109991463711
3.358,1.91660214045142
3.3585,1.95111819378543
3.359,1.98629169624719
3.3595,2.02179392356339
3.36,2.05565252976882
3.3605,2.0911547582117
3.361,2.12698571161936
3.3615,2.1615017682774
3.362,2.19700399864859
3.3625,2.23217750535796
3.363,2.26702228841337
3.3635,2.30153834782137
3.364,2.3373693055178
3.3645,2.37254281525698
3.365,2.40738760142256
3.3655,2.44223238842771
3.366,2.47872079839054
3.3665,2.50863472080212
3.367,2.47378993212271
3.3675,2.4376302466987
3.368,2.40311418420668
3.3685,2.36794067374928
3.369,2.3321097153459
3.3695,2.29857982841477
3.37,2.26274887158475
3.3705,2.22658919116061
3.371,2.19305930635092
3.3715,2.15722835170472
3.372,2.12172612208774
3.3725,2.08786751481181
3.373,2.05203656209064
3.3735,2.01653433429651
3.374,1.98267572868065
3.3745,1.94684477763292
3.375,1.91134255141235
3.3755,1.8771552229083
3.376,1.84198172189944
3.3765,1.80582204839392
3.377,1.77229216968771
3.3775,1.73678994552823
3.378,1.70095899741078
3.3785,1.6667716710581
3.379,1.63126944781171
3.3795,1.59576722481612
3.38,1.56190862346313
3.3805,1.52640640087562
3.381,1.49123290273604
3.3815,1.45605940473271
3.382,1.42154335539596
3.3825,1.38571240902433
3.383,1.35119635982
3.3835,1.31602286208529
3.384,1.28019191579328
3.3845,1.24600459086274
3.385,1.21017364448382
3.3855,1.17434269801732
3.386,1.14048409712105
3.3865,1.10465315040059
3.387,1.06915092779088
3.3875,1.03463487784112
3.388,0.999461379100584
3.3885,0.964287880110222
3.389,0.930100553723114
3.3895,0.894269605566134
3.39,0.859096105663849
3.3905,0.824580054008044
3.391,0.789406553365599
3.3915,0.753246879375338
3.392,0.718402102178349
3.3925,0.683886048839411
3.393,0.647726373398547
3.3935,0.612881594720869
3.394,0.578694264169901
3.3945,0.543192035709599
3.395,0.507689806629852
3.3955,0.473502474311466
3.396,0.438328968291731
3.3965,0.402498012851342
3.397,0.368310678525487
3.3975,0.33280844597996
3.398,0.296977488260236
3.3985,0.262790151679461
3.399,0.227287916709454
3.3995,0.192114405277369
3.4,0.157269617379979
3.4005,0.121767379734646
3.401,0.0862651411328084
3.4015,0.0524065237713115
3.402,0.0169042832188172
3.4025,-0.0189266828381958
3.403,-0.0531140276137412
3.4035,-0.0882875468576089
3.404,-0.123789791699781
3.4045,-0.158305864179174
3.405,-0.193479386806266
3.4055,-0.229310359674434
3.406,-0.263168986569918
3.4065,-0.299328686466688
3.407,-0.334173489454401
3.4075,-0.368360844565872
3.408,-0.404520548448919
3.4085,-0.439694079960439
3.409,-0.473881439013191
3.4095,-0.509712422523854
3.41,-0.5452146828834
3.4105,-0.579402046118988
3.411,-0.614575584762778
3.4115,-0.650406574286938
3.412,-0.684593941932757
3.4125,-0.719767485195421
3.413,-0.755269754783589
3.4135,-0.789785851805803
3.414,-0.825288124691072
3.4145,-0.860461674517554
3.415,-0.894977776476744
3.4155,-0.930151329718084
3.416,-0.965653609545673
3.4165,-1.00049844152247
3.417,-1.03600072499632
3.4175,-1.07117428547954
3.418,-1.10503294827667
3.4185,-1.14086396228291
3.419,-1.1766949782921
3.4195,-1.21088237160775
3.42,-1.2460559416881
3.4205,-1.28221568872893
3.421,-1.3173892629199
3.4215,-1.3519053891369
3.422,-1.38740769249443
3.4225,-1.42225254789345
3.423,-1.45709740540347
3.4235,-1.49292844035578
3.424,-1.52810202735245
3.4245,-1.56196071601072
3.425,-1.59713430741821
3.4255,-1.63329407667145
3.426,-1.66781022233315
3.4265,-1.7033125459401
3.427,-1.73881487196327
3.4275,-1.77267357405872
3.428,-1.8081759048844
3.4285,-1.84334951289003
3.429,-1.87786567269105
3.4295,-1.91369673637377
3.43,-1.94854162651646
3.4305,-1.98338651917565
3.431,-2.01856013981681
3.4315,-2.05406248854061
3.432,-2.08824993800827
3.4325,-2.12375229205253
3.433,-2.15925464884928
3.4335,-2.19344210617041
3.434,-2.22927319404267
3.4345,-2.26477555918804
3.435,-2.29863429898639
3.4355,-2.33446539542501
3.436,-2.36963904344662
3.4365,-2.40481269436303
3.437,-2.43998634820183
3.4375,-2.47483127921253
3.438,-2.49586972953763
3.4385,-2.46069607099897
3.439,-2.42486496394862
3.4395,-2.39034876279286
3.44,-2.35484638738548
3.4405,-2.31934401491542
3.441,-2.28548527351089
3.4415,-2.24965418109229
3.442,-2.21415181715869
3.4425,-2.17963563270945
3.443,-2.14446199984765
3.4435,-2.10895964420122
3.444,-2.0744434677283
3.4445,-2.03926984291292
3.445,-2.00376749530439
3.4455,-1.96990877737525
3.446,-1.93374898416892
3.4465,-1.89824664437294
3.447,-1.8637304831486
3.4475,-1.8282281483982
3.448,-1.79338326673817
3.4485,-1.75886711274003
3.449,-1.72369351058211
3.4495,-1.68819118559154
3.45,-1.65268886300509
3.4505,-1.61850144350089
3.451,-1.58234167524064
3.4515,-1.54749680992125
3.452,-1.51298067192284
3.4525,-1.47714963569269
3.453,-1.44197605188341
3.4535,-1.40745992034511
3.454,-1.37228634080151
3.4545,-1.33678403835687
3.455,-1.30226791301581
3.4555,-1.26676561473111
3.456,-1.23126331851347
3.4565,-1.1974046490204
3.457,-1.16124490692137
3.4575,-1.12607134158052
3.458,-1.09254140257484
3.4585,-1.05638166635781
3.459,-1.02153683150356
3.4595,-0.986691998451594
3.46,-0.95118971754522
3.4605,-0.915687438453511
3.461,-0.881500060276009
3.4615,-0.84632650943005
3.462,-0.810495510782211
3.4625,-0.776636862277559
3.463,-0.741134591694943
3.4635,-0.705632322758988
3.464,-0.671444954202316
3.4645,-0.63561396374026
3.465,-0.600440424192453
3.4655,-0.566253060094023
3.466,-0.530093349586789
3.4665,-0.4952485390943
3.467,-0.460732454606271
3.4675,-0.424901473083476
3.468,-0.389727942143938
3.4685,-0.355540586253892
3.469,-0.320367057931172
3.4695,-0.284864806348663
3.47,-0.250348729650297
3.4705,-0.214517756045663
3.471,-0.179015508200742
3.4715,-0.145156884056868
3.472,-0.109325914033926
3.4725,-0.0738236696533146
3.473,-0.0399650487349853
3.4735,-0.00446280650227616
3.474,0.0307107102224055
3.4745,0.0648980526124625
3.475,0.100400291803662
3.4755,0.136231254444748
3.476,0.170418594048617
3.4765,0.204934657208643
3.477,0.2407656171233
3.4775,0.275281678596422
3.478,0.310783912432607
3.4785,0.346614869839705
3.479,0.381130928978834
3.4795,0.415975711772627
3.48,0.451806666940119
3.4805,0.486980172702644
3.481,0.520838780437116
3.4815,0.556669733622416
3.482,0.591843237522211
3.4825,0.62668801652454
3.483,0.662190243639917
3.4835,0.69802119454895
3.484,0.732208523385607
3.4845,0.768039473335346
3.485,0.803212974226439
3.4855,0.837071577506106
3.486,0.872902526227636
3.4865,0.907747301700781
3.487,0.942920801150604
3.4875,0.978094300306213
3.488,1.01326779919522
3.4885,1.04778384927437
3.489,1.08295734771671
3.4895,1.11878829453877
3.49,1.15330434407619
3.4905,1.18847784204854
3.491,1.22398006419824
3.4915,1.25849611343834
3.492,1.29432705974536
3.4925,1.32950055747762
3.493,1.36401660666297
3.4935,1.399518828719
3.494,1.43469232656119
3.4945,1.46953710021497
3.495,1.50503932254876
3.4955,1.54021282074937
3.496,1.57472887055514
3.4965,1.60957364484197
3.497,1.64540459222077
3.4975,1.67959191840865
3.498,1.71509414204205
3.4985,1.75092509029072
3.499,1.78478369308809
3.4995,1.82094336635432
3.5,1.85611686711367
3.5005,1.89030419535937
3.501,1.92613514561159
3.5015,1.96130864771729
3.502,1.99549597735075
3.5025,2.03099820481022
3.503,2.0661717085039
3.5035,2.10167393712712
3.504,2.1365187176817
3.5045,2.17267839628309
3.505,2.20653700507057
3.5055,2.24138178760491
3.506,2.27688401959843
3.5065,2.31172880359715
3.507,2.34657358836175
3.5075,2.38240454710701
3.508,2.41724933350748
3.5085,2.45209412075512
3.509,2.48759635771783
3.5095,2.49778681479539
3.51,2.46327075081085
3.5105,2.42743979006653
3.511,2.39226627902275
3.5115,2.35775021760381
3.512,2.32224798382151
3.5125,2.28674575084267
3.513,2.25222969174546
3.5135,2.21705618463018
3.514,2.18221140257676
3.5145,2.14736662118941
3.515,2.11252184044131
3.5155,2.07669088729153
3.516,2.04250355642275
3.5165,2.0066726044541
3.517,1.97182782601403
3.5175,1.93698304807794
3.518,1.90148082199211
3.5185,1.86663604499171
3.519,1.83146254410885
3.5195,1.7959603193276
3.52,1.76078681922721
3.5205,1.72659949236044
3.521,1.69109726862714
3.5215,1.65526632090275
3.522,1.62107899489041
3.5225,1.58557677196157
3.523,1.55040327353049
3.5235,1.51621594812796
3.524,1.48038500146943
3.5245,1.44521150350255
3.525,1.41102417847205
3.5255,1.37519323211972
3.526,1.33969101009214
3.5265,1.30550368519367
3.527,1.26967273889571
3.5275,1.23449924111581
3.528,1.19998319182922
3.5285,1.16480969389309
3.529,1.12865002299224
3.5295,1.09479142191619
3.53,1.05928919925412
3.5305,1.0234582520985
3.531,0.989270926148994
3.5315,0.953768702789436
3.532,0.918595203433297
3.5325,0.884079152358839
3.533,0.848576928054296
3.5335,0.813403427678954
3.534,0.779216099832179
3.5345,0.743713874337488
3.535,0.707554199750447
3.5355,0.673366870584911
3.536,0.63917954094151
3.5365,0.602691140477855
3.537,0.56718891242017
3.5375,0.533330305473018
3.538,0.497499351868172
3.5385,0.46232584630358
3.539,0.427809788788494
3.5395,0.392636281866583
3.54,0.356476601096082
3.5405,0.322289265816474
3.541,0.287444481021645
3.5415,0.251284797847776
3.542,0.217426184619781
3.5425,0.181595224117937
3.543,0.146421711532574
3.5435,0.11190564688685
3.544,0.0764034080142772
3.5445,0.0409011681489166
3.545,0.00671382509152801
3.5455,-0.028788416805213
3.546,-0.0642906597788748
3.5465,-0.0988067303960369
3.547,-0.133980251079152
3.5475,-0.169482497410399
3.548,-0.203998571372541
3.5485,-0.23917209554616
3.549,-0.275003070026647
3.5495,-0.309190423033756
3.55,-0.34403522637894
3.5505,-0.380194929317593
3.551,-0.414382286118301
3.5515,-0.44988454261751
3.552,-0.485386800530437
3.5525,-0.519245436734941
3.553,-0.555076422135372
3.5535,-0.590578684403798
3.554,-0.624437324840539
3.5545,-0.660268314803085
3.555,-0.695441856975682
3.5555,-0.729957951298109
3.556,-0.76546022135927
3.5565,-0.800962493086547
3.557,-0.835149867462166
3.5575,-0.870323417765297
3.558,-0.906811868960797
3.5585,-0.940670523552365
3.559,-0.975844079091528
3.5595,-1.01134636127479
3.56,-1.0458624707386
3.5605,-1.08169348150112
3.561,-1.11686704442598
3.5615,-1.15072570960736
3.562,-1.18655672617295
3.5625,-1.22173029487749
3.563,-1.25657514060652
3.5635,-1.29141998831892
3.564,-1.3269222880558
3.5645,-1.36176713985416
3.565,-1.39694071876329
3.5655,-1.43277174993695
3.566,-1.46761660808954
3.5665,-1.50246146838809
3.567,-1.53796378111581
3.5675,-1.57313737097795
3.568,-1.60732478759808
3.5685,-1.6434845575383
3.569,-1.67865815429173
3.5695,-1.71284557768933
3.57,-1.74834790436614
3.5705,-1.78385023349518
3.571,-1.8173802132832
3.5715,-1.85321127258819
3.572,-1.88871360912622
3.5725,-1.92290104673444
3.573,-1.9587321137307
3.5735,-1.99390573255246
3.574,-2.02842190308232
3.5745,-2.06425297802302
3.575,-2.09975533022289
3.5755,-2.13394278307241
3.576,-2.16911641511846
3.5765,-2.2046187754736
3.577,-2.23913496185283
3.5775,-2.27463732779127
3.578,-2.31013969660287
3.5785,-2.34432716560792
3.579,-2.37982954014203
3.5795,-2.41566064336485
3.58,-2.44919066931841
3.5805,-2.48535050424156
3.581,-2.48502177845537
3.5815,-2.45050557235159
3.582,-2.41500319190226
3.5825,-2.37950081443837
3.583,-2.34531334263864
3.5835,-2.3094822453023
3.584,-2.27430860216759
3.5845,-2.23946368745028
3.585,-2.2039613243304
3.5855,-2.1687876895727
3.586,-2.13492895963478
3.5865,-2.09909787923147
3.587,-2.06359552708196
3.5875,-2.02907935397403
3.588,-1.99357700713092
3.5885,-1.95840338833333
3.589,-1.92421594822875
3.5895,-1.88871360912622
3.59,-1.85222509660958
3.5905,-1.81902383980071
3.591,-1.7831927829333
3.5915,-1.74834790436614
3.592,-1.71350302816123
3.5925,-1.67832942907758
3.593,-1.643155832346
3.5935,-1.60863968828048
3.594,-1.57313737097795
3.5945,-1.53730633085945
3.595,-1.50213274328082
3.5955,-1.46794533317662
3.596,-1.43211429980358
3.5965,-1.39726944380983
3.597,-1.36242458990785
3.5975,-1.3269222880558
3.598,-1.29141998831892
3.5985,-1.25657514060652
3.599,-1.22173029487749
3.5995,-1.18655672617295
3.6,-1.15171188434818
3.6005,-1.11620959463424
3.601,-1.08103603174484
3.6015,-1.04684864532084
3.602,-1.01167508611848
3.6025,-0.975515354265113
3.603,-0.941656697982447
3.6035,-0.906154419373173
3.604,-0.870652142542544
3.6045,-0.836464766508336
3.605,-0.800633768340603
3.6055,-0.76546022135927
3.606,-0.730944125444229
3.6065,-0.695441856975682
3.607,-0.65993959011725
3.6075,-0.625423498854898
3.608,-0.590578684403798
3.6085,-0.554747697491781
3.609,-0.520889059885475
3.6095,-0.485058075913561
3.61,-0.449555818013855
3.6105,-0.415697184482282
3.611,-0.379866204739123
3.6115,-0.344363950944854
3.612,-0.310176596695975
3.6125,-0.274674345484276
3.613,-0.23917209554616
3.6135,-0.204656020411473
3.614,-0.169482497410399
3.6145,-0.133980251079152
3.615,-0.0991354548832116
3.6155,-0.0642906597788748
3.616,-0.0284596923383103
3.6165,0.00507020280486009
3.617,0.0399149948048776
3.6175,0.0764034080142772
3.618,0.110262024738333
3.6185,0.146421711532574
3.619,0.181266499705423
3.6195,0.215782562598251
3.62,0.250956073451274
3.6205,0.28645830785565
3.621,0.32097436829114
3.6215,0.35680532547027
3.622,0.392307557499444
3.6225,0.426166166985487
3.623,0.461668397595131
3.6235,0.497828076216163
3.624,0.532015408104497
3.6245,0.566531463746862
3.625,0.602362416146654
3.6255,0.637864643637646
3.626,0.67270942194251
3.6265,0.707554199750447
3.627,0.743385150025251
3.6275,0.77790120259949
3.628,0.813403427678954
3.6285,0.848248203753471
3.629,0.882764255168734
3.6295,0.917937754844304
3.63,0.953439978497753
3.6305,0.987627304703181
3.631,1.02378697638538
3.6315,1.05928919925412
3.632,1.09347652478392
3.6325,1.12897874727381
3.633,1.16382352105215
3.6335,1.19866829471195
3.634,1.23351306828005
3.6345,1.26934401461761
3.635,1.30418878808217
3.6355,1.33936228581424
3.636,1.37519323211972
3.6365,1.40905183279957
3.637,1.44422533066393
3.6375,1.48038500146943
3.638,1.51391487815451
3.6385,1.55040327353049
3.639,1.58524804767624
3.6395,1.62009282202813
3.64,1.65493759661302
3.6405,1.69043982004239
3.641,1.7249558708843
3.6415,1.76045809492889
3.642,1.7956315950259
3.6425,1.83047637119284
3.643,1.86564987206402
3.6435,1.90148082199211
3.644,1.93501070217155
3.6445,1.97084165304677
3.645,2.0066726044541
3.6455,2.04053121042773
3.646,2.07669088729153
3.6465,2.11186439175392
3.647,2.14605172379126
3.6475,2.18155395386525
3.648,2.21705618463018
3.6485,2.25091479427017
3.649,2.2864170264669
3.6495,2.32224798382151
3.65,2.35643532004166
3.6505,2.39193755462449
3.651,2.42809723887929
3.6515,2.46162712873815
3.652,2.49745809037232
3.6525,2.48792508213848
3.653,2.45275156957943
3.6535,2.41790678231555
3.654,2.38240454710701
3.6545,2.34657358836175
3.655,2.31271497674021
3.6555,2.27721274397228
3.656,2.24171051197178
3.6565,2.20785190251209
3.657,2.172020947575
3.6575,2.1365187176817
3.658,2.10200266146911
3.6585,2.06715788151299
3.659,2.03099820481022
3.6595,1.99746832330623
3.66,1.96130864771729
3.6605,1.92613514561159
3.661,1.89194781692014
3.6615,1.85644559142178
3.662,1.82094336635432
3.6625,1.78675603889235
3.663,1.75125381458817
3.6635,1.71608031492516
3.664,1.68090681557492
3.6645,1.64573331650984
3.665,1.60990236912873
3.6655,1.57604376769428
3.666,1.5411989935985
3.6665,1.50536804683028
3.667,1.4708519973361
3.6675,1.43567849939908
3.668,1.40017627727612
3.6685,1.36598895233152
3.669,1.33015800603336
3.6695,1.29465578402328
3.67,1.2607971833858
3.6705,1.22463751275577
3.671,1.1894640148873
3.6715,1.15494796547942
3.672,1.1201031916666
3.6725,1.084272244851
3.673,1.0500849192721
3.6735,1.01425397205769
3.674,0.978751748885936
3.6745,0.944235698320422
3.675,0.909062198882094
3.6755,0.873559974824557
3.676,0.839701371920645
3.6765,0.803870422837295
3.677,0.768696921954004
3.6775,0.734509593579887
3.678,0.698349918866835
3.6785,0.663176416607729
3.679,0.628660362489632
3.6795,0.593158134853039
3.68,0.557655906636964
3.6805,0.523139850844359
3.681,0.48829507010151
3.6815,0.452464115652109
3.682,0.417619333585154
3.6825,0.383103275193723
3.683,0.346614869839705
3.6835,0.312098809966454
3.684,0.277582749332989
3.6845,0.242080514717979
3.685,0.206578279242692
3.6855,0.172062216123317
3.686,0.136888703291466
3.6865,0.101715189532612
3.687,0.0671991237012131
3.6875,0.0316968835738281
3.688,-0.00380535758210108
3.6885,-0.0379927019160542
3.689,-0.0741523941331716
3.6895,-0.108997189543729
3.69,-0.143513261552894
3.6905,-0.17934423271229
3.691,-0.214517756045663
3.6915,-0.249033831513965
3.692,-0.284207357257458
3.6925,-0.319380884258542
3.693,-0.354225687975374
3.6935,-0.389727942143938
3.694,-0.425230197678105
3.6945,-0.459417556176334
3.695,-0.494591089853235
3.6955,-0.530422074220813
3.696,-0.564280712208141
3.6965,-0.600440424192453
3.697,-0.63561396374026
3.6975,-0.669801330751386
3.698,-0.705632322758988
3.6985,-0.740805866975064
3.699,-0.774993238602715
3.6995,-0.810495510782211
3.7,-0.846655234196404
3.7005,-0.880185161148071
3.701,-0.916344888049999
3.7015,-0.95151844236006
3.702,-0.985705823957217
3.7025,-1.02219428120103
3.703,-1.05638166635781
3.7035,-1.09089777815818
3.704,-1.12640006648132
3.7045,-1.16190235675927
3.705,-1.19608974927133
3.7055,-1.23192076842481
3.706,-1.26742306468047
3.7065,-1.30161046302862
3.707,-1.33744148838276
3.7075,-1.37261506583416
3.708,-1.40713119529278
3.7085,-1.44164732681134
3.709,-1.47780708587815
3.7095,-1.5123232216961
3.71,-1.54815426018978
3.7105,-1.58332785070659
3.711,-1.61850144350089
3.7115,-1.65334631340168
3.712,-1.68884863603239
3.7125,-1.72369351058211
3.713,-1.75853838747508
3.7135,-1.79404071731325
3.714,-1.82921432432938
3.7145,-1.8637304831486
3.715,-1.89890409508644
3.7155,-1.93440643493032
3.716,-1.96826515035237
3.7165,-2.00409622073298
3.717,-2.03926984291292
3.7175,-2.07378601677283
3.718,-2.10928836970385
3.7185,-2.14479072537578
3.719,-2.17930690715602
3.7195,-2.21480926831689
3.72,-2.24998290669756
3.7205,-2.28449909661619
3.721,-2.31967274057305
3.7215,-2.35550383875513
3.722,-2.38969131136956
3.7225,-2.42486496394862
3.723,-2.46069607099897
3.7235,-2.49488355215476
3.724,-2.47483127921253
3.7245,-2.43998634820183
3.725,-2.40514142008627
3.7255,-2.36996776914268
3.726,-2.33446539542501
3.7265,-2.29929175027057
3.727,-2.26444683357175
3.7275,-2.22894446845277
3.728,-2.19475700842691
3.7285,-2.15925464884928
3.729,-2.12342356653954
3.7295,-2.08923611447259
3.73,-2.05406248854061
3.7305,-2.01823141437817
3.731,-1.9840439700049
3.7315,-1.94887035190711
3.732,-1.91336801100697
3.7325,-1.87852312337729
3.733,-1.84367823821016
3.7335,-1.80784717958755
3.734,-1.77398847515616
3.7345,-1.73815742145923
3.735,-1.70265509548106
3.7355,-1.66879639795652
3.736,-1.63263662629963
3.7365,-1.59779175774659
3.737,-1.56294689143981
3.7375,-1.52777330223003
3.738,-1.49227099015264
3.7385,-1.45775485556564
3.739,-1.42225254789345
3.7395,-1.38675024241268
3.74,-1.35157666411583
3.7405,-1.3173892629199
3.741,-1.28155823876357
3.7415,-1.24671339161522
3.742,-1.21219727138795
3.7425,-1.1766949782921
3.743,-1.14152141209981
3.7435,-1.10667657272895
3.744,-1.07150301035267
3.7445,-1.03534327528534
3.745,-1.00181334087716
3.7455,-0.965982334367381
3.746,-0.930808779328094
3.7465,-0.896292675631909
3.747,-0.860790399290309
3.7475,-0.824959399934317
3.748,-0.79110075077132
3.7485,-0.755598479509701
3.749,-0.720424934617342
3.7495,-0.685908840717859
3.75,-0.650406574286938
3.7505,-0.614904309430112
3.751,-0.580388220079233
3.7515,-0.5452146828834
3.752,-0.509712422523854
3.7525,-0.47519633746467
3.753,-0.440022804560468
3.7535,-0.404191823861774
3.754,-0.370004467439071
3.7545,-0.334830938579525
3.755,-0.298671237365772
3.7555,-0.264812609263817
3.756,-0.228981635147024
3.7565,-0.193808111322352
3.757,-0.159620762200287
3.7575,-0.123789791699781
3.758,-0.0886162713416866
3.7585,-0.0544289255098647
3.759,-0.0185979583740526
3.7595,0.016246834309973
3.76,0.0504341771007617
3.7605,0.0859364166967517
3.761,0.122096104161632
3.7615,0.155297270868738
3.762,0.191128232047041
3.7625,0.226630467905576
3.763,0.260817805314635
3.7635,0.296648763873682
3.764,0.331822272842583
3.7645,0.365680883548503
3.765,0.401511839755418
3.7655,0.437342795215937
3.766,0.471858852549818
3.7665,0.506703633590743
3.767,0.542534587028654
3.7675,0.576721918160097
3.768,0.612224146061438
3.7685,0.648055097723195
3.769,0.683228600199816
3.7695,0.718073377863013
3.77,0.753575603686404
3.7705,0.788420380444542
3.771,0.823593881098239
3.7715,0.858767381364041
3.772,0.893940881269564
3.7725,0.928456932255156
3.773,0.963630431528407
3.7735,0.999461379100584
3.774,1.03299125640981
3.7745,1.06915092779088
3.775,1.10465315040059
3.7755,1.13884047571523
3.776,1.17401397373731
3.7765,1.20984492020476
3.777,1.24403224519229
3.7775,1.27986319151527
3.778,1.31503668925172
3.7785,1.34988146270812
3.779,1.38505496046766
3.7795,1.42055718255905
3.78,1.45474450761337
3.7805,1.4902467298931
3.781,1.52607767659323
3.7815,1.55993627775896
3.782,1.59543850053021
3.7825,1.63094072352361
3.783,1.66479932531513
3.7835,1.70063027311761
3.784,1.73646122123207
3.7845,1.77031982389179
3.785,1.80582204839392
3.7855,1.84132427328646
3.786,1.87616904997696
3.7865,1.91167127572698
3.787,1.94717350195208
3.7875,1.9813608313851
3.788,2.01653433429651
3.7885,2.05203656209064
3.789,2.08622389311384
3.7895,2.12172612208774
3.79,2.15755707605611
3.7905,2.19174440892028
3.791,2.22626046679663
3.7915,2.26242014721377
3.792,2.29660748214673
3.7925,2.3321097153459
3.793,2.36728322496362
3.7935,2.4021280110048
3.794,2.43730152229006
3.7945,2.47346120770548
3.795,2.50731982309962
3.7955,2.47806334955379
3.796,2.44223238842771
3.7965,2.40837377462801
3.797,2.37254281525698
3.7975,2.33704058113153
3.798,2.30186707220022
3.7985,2.26735101278526
3.799,2.23184878099291
3.7995,2.19667527429012
3.8,2.16248794133402
3.8005,2.12731443596556
3.801,2.09148348255198
3.8015,2.05729615144274
3.802,2.02179392356339
3.8025,1.98596297192273
3.803,1.95144691810516
3.8035,1.91627341613617
3.804,1.88109991463711
3.8045,1.84658386219436
3.805,1.81173908584813
3.8055,1.77557941268339
3.806,1.74172080997414
3.8065,1.70588986181142
3.807,1.6703876382558
3.8075,1.63587158784742
3.808,1.60036936482092
3.8085,1.56519586630476
3.809,1.53067981654805
3.8095,1.49550631839004
3.81,1.45967537181169
3.8105,1.42581677102334
3.811,1.39031454892156
3.8115,1.35448360259986
3.812,1.32029627769744
3.8125,1.28479405568509
3.813,1.24896310936808
3.8135,1.21510450866895
3.814,1.17927356221623
3.8145,1.14410006421277
3.815,1.10958401463781
3.8155,1.07441051633751
3.816,1.03857956927429
3.8165,1.00406351913632
3.817,0.968890020180219
3.8175,0.933716520950287
3.818,0.899529194307327
3.8185,0.864026970157197
3.819,0.828196021341396
3.8195,0.794008693659563
3.82,0.758506468347769
3.8205,0.722675518273978
3.821,0.689145637949926
3.8215,0.653314686911332
3.822,0.618141183989372
3.8225,0.583296404852358
3.823,0.547794176470276
3.8235,0.512620671817913
3.824,0.478104615236389
3.8245,0.442602384947242
3.825,0.407428878322504
3.8255,0.372912819725191
3.826,0.337410587279696
3.8265,0.301579629664662
3.827,0.267063568794324
3.8275,0.231890058328235
3.828,0.196387822600771
3.8285,0.161543034811181
3.829,0.127026970556588
3.8295,0.0911960076635376
3.83,0.0560224926592108
3.8305,0.0215064255707465
3.831,-0.013995815885658
3.8315,-0.0491693339343886
3.832,-0.0836854040906337
3.8325,-0.119187648785434
3.833,-0.154361170125545
3.8335,-0.188548519077396
3.834,-0.224379491774411
3.8345,-0.259881741190248
3.835,-0.294069093671761
3.8355,-0.329242621030397
3.836,-0.364744874255003
3.8365,-0.399589679654123
3.837,-0.435091935572664
3.8375,-0.470265468281755
3.838,-0.504781553145712
3.8385,-0.539955088662729
3.839,-0.575786074941435
3.8395,-0.609973439434002
3.84,-0.645475704074449
3.8405,-0.680977970285048
3.841,-0.715165339257611
3.8415,-0.750667608632936
3.842,-0.785841154923117
3.8425,-0.820357253355157
3.843,-0.855859527714645
3.8435,-0.891033079025808
3.844,-0.925877907268033
3.8445,-0.961380186877713
3.845,-0.996553743473683
3.8455,-1.03139857703301
3.846,-1.06624341240221
3.8465,-1.10207442427302
3.847,-1.13626181358346
3.8475,-1.17143537948529
3.848,-1.20693767228379
3.8485,-1.24145379221794
3.849,-1.2772848140061
3.8495,-1.31245838790927
3.85,-1.3473032388586
3.8505,-1.38280554193775
3.851,-1.41765039705996
3.8515,-1.45183780413355
3.852,-1.48734011365362
3.8525,-1.52284242541716
3.853,-1.55735856403179
3.8535,-1.5928608803032
3.854,-1.62869192408568
3.8545,-1.66320806944842
3.855,-1.69805294229099
3.8555,-1.73355526795442
3.856,-1.76872887078674
3.8565,-1.80324502545419
3.857,-1.83874735843102
3.8575,-1.87359224325185
3.858,-1.90843713053142
3.8585,-1.94393947107094
3.859,-1.97944181421914
3.8595,-2.01362925826129
3.86,-2.04913160661279
3.8605,-2.0846339576571
3.861,-2.11915013489212
3.8615,-2.15465249133047
3.862,-2.18982612498489
3.8625,-2.22401358463346
3.863,-2.25984467496938
3.8635,-2.29501831694114
3.864,-2.32953451041811
3.8645,-2.3653656094209
3.865,-2.40053925998413
3.8655,-2.43472673622594
3.866,-2.47055784412059
3.8665,-2.49948571329496
3.867,-2.46496950598968
3.8675,-2.42946712431592
3.868,-2.39396474563917
3.8685,-2.3594485469942
3.869,-2.32427489980611
3.8695,-2.28910125547719
3.87,-2.25458506519697
3.8705,-2.21842524970429
3.871,-2.18358033936935
3.8715,-2.14939288279467
3.872,-2.11421925227151
3.8725,-2.07805944799999
3.873,-2.04387199928038
3.8735,-2.0083696513254
3.874,-1.97286730603062
3.8745,-1.93867986490117
3.875,-1.9031775247457
3.8755,-1.86734646183029
3.876,-1.83348775338695
3.8765,-1.79798542078172
3.877,-1.76248309066842
3.8775,-1.72862438924476
3.878,-1.69279333869483
3.8785,-1.65761974099939
3.879,-1.62343232117901
3.8795,-1.58793000290472
3.88,-1.55209896181746
3.8805,-1.51791154864813
3.881,-1.48240923719787
3.8815,-1.44723565306225
3.882,-1.41304824626323
3.8825,-1.37721721631056
3.883,-1.3417149135688
3.8835,-1.30719878794266
3.884,-1.27202521434587
3.8845,-1.23685164278217
3.885,-1.20134934828418
3.8855,-1.16716195548694
3.886,-1.1313309400135
3.8865,-1.09582865142055
3.887,-1.06131253936166
3.8875,-1.02581025454856
3.888,-0.990307971609816
3.8885,-0.956120589784167
3.889,-0.920289585641805
3.8895,-0.885444757674306
3.89,-0.850271206636095
3.8905,-0.816083831557383
3.891,-0.779924109638023
3.8915,-0.746065462510081
3.892,-0.710234468640273
3.8925,-0.674403476422587
3.893,-0.640544833892248
3.8935,-0.604713844804263
3.894,-0.56954030658083
3.8945,-0.535352943746394
3.895,-0.499521959173351
3.8955,-0.464019700689653
3.896,-0.429503617419172
3.8965,-0.394330086302208
3.897,-0.358499107387273
3.8975,-0.32464047719092
3.898,-0.289138225452214
3.8985,-0.253307250463338
3.899,-0.219448623898179
3.8995,-0.18328892685888
3.9,-0.148444129072342
3.9005,-0.114585505890399
3.901,-0.0787545368612017
3.9015,-0.0425948444987742
3.902,-0.00873622449226165
3.9025,0.0261085679052553
3.903,0.0616108081926577
3.9035,0.0961268741753442
3.904,0.131957836933174
3.9045,0.166473901061308
3.905,0.200989964319135
3.9055,0.236492199932423
3.906,0.271994434680964
3.9065,0.306181771055432
3.907,0.342012728566257
3.9075,0.376857512171971
3.908,0.411702295052815
3.9085,0.44720452594953
3.909,0.482706756150028
3.9095,0.516894088304182
3.91,0.552396317220606
3.9105,0.587898545524946
3.911,0.622085875932686
3.9115,0.657916827441382
3.912,0.693747778412573
3.9125,0.727935107305292
3.913,0.763108608690591
3.9135,0.798939558252431
3.914,0.833784334484964
3.9145,0.868300386045767
3.915,0.904460058745528
3.9155,0.939633558224258
3.916,0.97382088453573
3.9165,1.00899438345566
3.917,1.04482533070452
3.9175,1.07868393202849
3.918,1.11418615458966
3.9185,1.15001710126886
3.919,1.184204426413
3.9195,1.21970664857364
3.92,1.25488014637764
3.9205,1.2897249198544
3.921,1.3255558661432
3.9215,1.36072936388232
3.922,1.39524541309824
3.9225,1.43074763521034
3.923,1.46592113313271
3.9235,1.50043718260875
3.924,1.53593940507136
3.9245,1.57111290342397
3.925,1.60530022911599
3.9255,1.64080245217613
3.926,1.67663339978599
3.9265,1.7104920019241
3.927,1.74632295012955
3.9275,1.78116772578328
3.928,1.81535505318665
3.9285,1.85118600249639
3.929,1.88668822792912
3.9295,1.92120428086922
3.93,1.9563777829063
3.9305,1.99155128544479
3.931,2.02639606418204
3.9315,2.06222701647212
3.932,2.09740052068614
3.9325,2.13191657681816
3.933,2.16676135791875
3.9335,2.20226358839234
3.934,2.23645092210933
3.9345,2.27195315399854
3.935,2.30745538665098
3.9355,2.34164272254564
3.936,2.37747368117382
3.9365,2.41264719185944
3.937,2.44749197899365
3.9375,2.48332294025668
3.938,2.50238895672683
3.9385,2.46885906587271
3.939,2.43269938057718
3.9395,2.39752586940489
3.94,2.3633385322557
3.9405,2.32717884957592
3.941,2.29200534086402
3.9415,2.25716055728691
3.942,2.22231577443363
3.9425,2.18681354356392
3.943,2.15164003773972
3.9435,2.11712398125915
3.944,2.08129302802784
3.9445,2.04579079975175
3.945,2.01226091802621
3.9455,1.97642996653325
3.946,1.94092773989531
3.9465,1.90641168669769
3.947,1.87156690963527
3.9475,1.83606468438775
3.948,1.80089118385703
3.9485,1.76604640800447
3.949,1.73054418390603
3.9495,1.69602813301604
3.95,1.66052590954162
3.9505,1.62502368634141
3.951,1.59083636052942
3.9515,1.55566286206864
3.952,1.52016063951256
3.9525,1.48597331424157
3.953,1.45014236769685
3.9535,1.41496886981771
3.954,1.38045282057147
3.9545,1.34495059853888
3.955,1.30944837652809
3.9555,1.27460360306682
3.956,1.23943010529387
3.9565,1.20359915890106
3.957,1.16974055809634
3.9575,1.13456706005868
3.958,1.0984073890287
3.9585,1.064548787809
3.959,1.02871784068611
3.9595,0.993544341905483
3.96,0.959028291452977
3.9605,0.923526067847267
3.961,0.888023843926306
3.9615,0.854165241163425
3.962,0.818663016544627
3.9625,0.783160791526708
3.963,0.748644739016336
3.9635,0.713142513128035
3.964,0.677640286756217
3.9645,0.643124232848642
3.965,0.608279454100783
3.9655,0.572777226134996
3.966,0.538261170597321
3.9665,0.502758941429294
3.967,0.467585435962742
3.9675,0.433726827266706
3.968,0.397238422999871
3.9685,0.362393639821396
3.969,0.327548855906908
3.9695,0.292375346842092
3.97,0.256873112577151
3.9705,0.222357050673067
3.971,0.187512263529886
3.9715,0.151352577837643
3.972,0.116836513320012
3.9725,0.0819917234574778
3.973,0.0461607593038322
3.9735,0.0113159674822513
3.974,-0.0232001008804066
3.9745,-0.059359792633747
3.975,-0.0942045875857799
3.9755,-0.129049383625618
3.976,-0.164222905286957
3.9765,-0.199725152629647
3.977,-0.233912503069322
3.9775,-0.269086028280656
3.978,-0.305245728394915
3.9785,-0.339433082468097
3.979,-0.37493533607604
3.9795,-0.410108866448481
3.98,-0.444296224371833
3.9805,-0.480455931290271
3.981,-0.515300741186502
3.9815,-0.550145552494977
3.982,-0.58564781455367
3.9825,-0.620492628795086
3.983,-0.65467999516232
3.9835,-0.690510986483038
3.984,-0.72634197943981
3.9845,-0.760200625690207
3.985,-0.79570289716886
3.9855,-0.830876445578415
3.986,-0.865721270899584
3.9865,-0.901223547485424
3.987,-0.936397101038105
3.9875,-0.970584481887741
3.988,-1.00641548863859
3.9885,-1.04224649728286
3.989,-1.07577643371829
3.9895,-1.1119361710042
3.99,-1.14678101065933
3.9905,-1.18129712728397
3.991,-1.21679942064051
3.9915,-1.25263044099097
3.992,-1.28648911352116
3.9925,-1.3219914129665
3.993,-1.358151164572
3.9935,-1.39200984308747
3.994,-1.4275121488911
3.9945,-1.46301445689036
3.995,-1.49753059179938
3.9955,-1.53303290421214
3.996,-1.56820649375833
3.9965,-1.60239391006766
3.997,-1.63822495448592
3.9975,-1.67372727610105
3.998,-1.7082434244093
3.9985,-1.74308830025997
3.999,-1.77891935430178
3.9995,-1.81310678436283
4,-1.84828039271469
4.0005,-1.88411145424574
4.001,-1.9186276169025
4.0015,-1.95380123279367
4.002,-1.98930357667153
4.0025,-2.02447719775137
4.003,-2.05932209598762
4.0035,-2.09449572231779
4.004,-2.13032680236194
4.0045,-2.16418553195701
4.005,-2.19968789192312
4.0055,-2.23519025470246
4.006,-2.269377717842
4.0065,-2.30520881187284
4.007,-2.34071118318131
4.0075,-2.37489865461387
4.008,-2.41040103169284
4.0085,-2.44590341175355
4.009,-2.48009089169371
4.0095,-2.48962393948584
4.01,-2.45379282995261
4.0105,-2.41993407789661
4.011,-2.38410297431257
4.0115,-2.348600599424
4.012,-2.31474185573474
4.0125,-2.27891076092148
4.013,-2.24373712023932
4.0135,-2.20922093350308
4.014,-2.17371857278435
4.0145,-2.13821621485808
4.015,-2.10370003619108
4.0155,-2.06885513463648
4.016,-2.03302405934353
4.0165,-1.99850788847789
4.017,-1.96300554391702
4.0175,-1.92750320198007
4.018,-1.89331576404979
4.0185,-1.85748470185146
4.019,-1.82263981815816
4.0195,-1.78779493688435
4.02,-1.75262133274203
4.0205,-1.7174477310101
4.021,-1.68293158209438
4.0215,-1.64775798505663
4.022,-1.61192694000052
4.0225,-1.5774107979377
4.023,-1.54256593293233
4.0235,-1.50673489480015
4.024,-1.47221875932614
4.0245,-1.43704517582224
4.025,-1.40154286943184
4.0255,-1.36768419036385
4.026,-1.33152443817595
4.0265,-1.29602213816649
4.027,-1.26150601516171
4.0275,-1.22600371924789
4.028,-1.19083015030261
4.0285,-1.15664275807512
4.029,-1.12114046808857
4.0295,-1.08563818005261
4.03,-1.05112206852741
4.0305,-1.01627723394693
4.031,-0.980446226677865
4.0315,-0.945601395716727
4.032,-0.91075656649936
4.0325,-0.875583014219268
4.033,-0.839752014134106
4.0335,-0.805564639545028
4.034,-0.770062367599693
4.0345,-0.734560097324157
4.035,-0.700372727499385
4.0355,-0.664870460419024
4.036,-0.629368194924328
4.0365,-0.595180829623811
4.037,-0.55934984251375
4.0375,-0.524176306196001
4.038,-0.489988945179688
4.0385,-0.454486687081424
4.039,-0.418984430400557
4.0395,-0.385125798008615
4.04,-0.348966094879628
4.0405,-0.313792566799376
4.041,-0.279605213631319
4.0415,-0.243774238985809
4.042,-0.208600714653841
4.0425,-0.174084640539823
4.043,-0.138911118555084
4.0435,-0.10275142424855
4.044,-0.0692215269453243
4.0445,-0.034048008288227
4.045,0.00244040714150988
4.0455,0.0356415769715883
4.046,0.0714725414263231
4.0465,0.107303504865783
4.047,0.141162120787247
4.0475,0.176664357922038
4.048,0.211837869738865
4.0485,0.246353931892546
4.049,0.281856166405918
4.0495,0.317029675708568
4.05,0.351545735475346
4.0505,0.386719243248363
4.051,0.42255019901349
4.0515,0.456737532274267
4.052,0.492568486641547
4.0525,0.527741991650842
4.053,0.561929323027926
4.0535,0.598417724168414
4.054,0.633262503068238
4.0545,0.667449832796921
4.055,0.703280783630022
4.0555,0.738125561024085
4.056,0.77297033797162
4.0565,0.808143838804429
4.057,0.843974787839803
4.0575,0.878162114999599
4.058,0.913335614718273
4.0585,0.949495286995609
4.059,0.983682613230913
4.0595,1.01852738779292
4.06,1.0543583349798
4.0605,1.08986055766888
4.061,1.12404788304878
4.0615,1.15922138112654
4.062,1.19505232763877
4.0625,1.2292396526578
4.063,1.26507059900201
4.0635,1.30057282102547
4.064,1.33508887020157
4.0645,1.37026236794711
4.065,1.4057645900126
4.0655,1.44028063931022
4.066,1.4754541372614
4.0665,1.51062763533645
4.067,1.54547240927969
4.0675,1.58097463196857
4.068,1.61614813058087
4.0685,1.6506641808486
4.069,1.68616640424401
4.0695,1.72166862793412
4.07,1.75585595475558
4.0705,1.79135817910679
4.071,1.82718912814176
4.0715,1.86104773173925
4.072,1.89654995729554
4.0725,1.93238090763207
4.073,1.96623951253821
4.0735,2.00174173954888
4.074,2.03724396710667
4.0745,2.07176002222824
4.075,2.10759097529119
4.0755,2.14276448029983
4.076,2.17760926160121
4.0765,2.21278276792651
4.077,2.24729882621842
4.0775,2.28247233396286
4.078,2.3173171180826
4.0785,2.35347680053098
4.079,2.38733541305663
4.0795,2.42283764838568
4.08,2.45866860901225
4.0805,2.49285594845787
4.081,2.4931846728798
4.0815,2.45735371135832
4.082,2.42283764838568
4.0825,2.38766413745386
4.083,2.35216190297253
4.0835,2.3179745668469
4.084,2.28214360958795
4.0845,2.24631265311474
4.085,2.21245404356512
4.0855,2.17695181289136
4.086,2.14177830725351
4.0865,2.10726225094828
4.087,2.0714312978911
4.0875,2.03658651844305
4.088,2.00108429089565
4.0885,1.96656823685996
4.089,1.93139473468046
4.0895,1.8955637843573
4.09,1.86170518035662
4.0905,1.82554550661754
4.091,1.79004328190202
4.0915,1.75618467905348
4.092,1.72068245504961
4.0925,1.68518023136806
4.093,1.6506641808486
4.0935,1.61549068200662
4.094,1.57998845911339
4.0945,1.54547240927969
4.095,1.51029891105471
4.0955,1.47479668870052
4.096,1.44093808786908
4.0965,1.40477841717663
4.097,1.36927619511269
4.0975,1.33508887020157
4.098,1.2995866481918
4.0985,1.26408442616756
4.099,1.2292396526578
4.0995,1.19406615480045
4.1,1.15889265684606
4.1005,1.123719158767
4.101,1.0895318333856
4.1015,1.05370088640958
4.102,1.01918483636727
4.1025,0.984340061809852
4.103,0.947851665535312
4.1035,0.913993063308037
4.104,0.87881956359555
4.1045,0.843317339237214
4.105,0.809130011719081
4.1055,0.773299062280405
4.106,0.738125561024085
4.1065,0.70360950794723
4.107,0.667778557118853
4.1075,0.632276330087884
4.108,0.598088999836574
4.1085,0.562915496039979
4.109,0.527413267307874
4.1095,0.493225935339164
4.11,0.4577237053395
4.1105,0.422221474652031
4.111,0.387705416352833
4.1115,0.351874459850525
4.112,0.316372226943846
4.1125,0.282513615185302
4.113,0.24701138068753
4.1135,0.211509145333424
4.114,0.177321806749173
4.1145,0.141490845209434
4.115,0.10631733157344
4.1155,0.0721299903058262
4.116,0.0366277503190488
4.1165,0.001125509307671
4.117,-0.034048008288227
4.1175,-0.0688928024668961
4.118,-0.104723771180064
4.1185,-0.139897292052965
4.119,-0.174084640539823
4.1195,-0.209586888216786
4.12,-0.245417861647909
4.1205,-0.279276489087417
4.121,-0.314778740466288
4.1215,-0.350609717718902
4.122,-0.384797073428397
4.1225,-0.4202993287712
4.123,-0.455801585504057
4.1235,-0.48966022056108
4.124,-0.52516248009162
4.1245,-0.560993465741992
4.125,-0.594523380305094
4.1255,-0.630683093618408
4.126,-0.665856634483047
4.1265,-0.700701452202071
4.127,-0.735874996193805
4.1275,-0.771048541797718
4.128,-0.805564639545028
4.1285,-0.841066913188555
4.129,-0.87656918855867
4.1295,-0.91075656649936
4.13,-0.945930120528925
4.1305,-0.981761125993918
4.131,-1.015948509101
4.1315,-1.05177951825394
4.132,-1.08728180445606
4.1325,-1.12146919298686
4.133,-1.1563140331588
4.1335,-1.1924737749756
4.134,-1.22698989410678
4.1345,-1.26282091504981
4.135,-1.29766576312056
4.1355,-1.33218188819602
4.136,-1.36768419036385
4.1365,-1.40318649467946
4.137,-1.43737390089167
4.1375,-1.47287620950586
4.138,-1.50903597057405
4.1385,-1.5422372078013
4.139,-1.57839697339471
4.1395,-1.61389929104218
4.14,-1.64775798505663
4.1405,-1.68358903252864
4.141,-1.71942008244576
4.1415,-1.75360750852613
4.142,-1.78878111273643
4.1425,-1.82395471938551
4.143,-1.85814215251061
4.1435,-1.89397321475668
4.144,-1.92947555424155
4.1445,-1.96399172011926
4.145,-1.99883661390284
4.1455,-2.03466768659059
4.146,-2.06918386011061
4.1465,-2.10435748718906
4.147,-2.14018856800343
4.1475,-2.1756909260841
4.148,-2.20954965907843
4.1485,-2.24505202264425
4.149,-2.28055438905958
4.1495,-2.31507058138888
4.15,-2.35024422782611
4.1505,-2.3860753285596
4.151,-2.42026280363162
4.1515,-2.45609391028872
4.152,-2.4912675684377
4.1525,-2.480419617476
4.153,-2.44393105722703
4.1535,-2.40908612878506
4.154,-2.37489865461387
4.1545,-2.33972500616114
4.155,-2.30356518364192
4.1555,-2.269377717842
4.156,-2.23354662673349
4.1565,-2.19870171521954
4.157,-2.16418553195701
4.1575,-2.12868317477573
4.158,-2.09350954584226
4.1585,-2.05899337052044
4.159,-2.02349102142379
4.1595,-1.98765994958198
4.16,-1.95347250739966
4.1605,-1.91797016616245
4.161,-1.88213910216728
4.1615,-1.84828039271469
4.162,-1.81277805906276
4.1625,-1.77760445319162
4.163,-1.74341702551503
4.1635,-1.70791469917656
4.164,-1.67208365004775
4.1645,-1.63789622929687
4.165,-1.60206518490057
4.1655,-1.56722031831975
4.166,-1.53270417908679
4.1665,-1.49720186669501
4.167,-1.46169955655461
4.1675,-1.4275121488911
4.168,-1.39233856813123
4.1685,-1.35650753945108
4.169,-1.32232013797119
4.1695,-1.28714656349187
4.17,-1.25131554112476
4.1705,-1.21679942064051
4.171,-1.18096840235486
4.1715,-1.14612356083703
4.172,-1.1119361710042
4.1725,-1.07643388346931
4.173,-1.04093159784926
4.1735,-1.00608676379745
4.174,-0.971241931536016
4.1745,-0.935739651422846
4.175,-0.900566097902979
4.1755,-0.866049995674732
4.176,-0.829890271301088
4.1765,-0.794716722938427
4.177,-0.760529350418454
4.1775,-0.725027080586453
4.178,-0.689853537086362
4.1785,-0.655008719845988
4.179,-0.619506454786715
4.1795,-0.584004191276824
4.18,-0.550145552494977
4.1805,-0.514314567302222
4.181,-0.478812308216384
4.1815,-0.445282398177353
4.182,-0.409122692681367
4.1825,-0.373620437770298
4.183,-0.339433082468097
4.1835,-0.303930830185531
4.184,-0.268757303740247
4.1845,-0.234241227598325
4.185,-0.19841025455845
4.1855,-0.162908007260165
4.186,-0.12872065912951
4.1865,-0.0938758631000598
4.187,-0.0580448947319708
4.1875,-0.0232001008804066
4.188,0.0113159674822513
4.1885,0.0468182081966254
4.189,0.0810055501457543
4.1895,0.116507788891712
4.19,0.152338751096495
4.1905,0.185539917062033
4.191,0.222028326270041
4.1915,0.257530561367458
4.192,0.291389173679271
4.1925,0.327220131526766
4.193,0.362393639821396
4.1935,0.396909698633618
4.194,0.432083205469178
4.1945,0.467585435962742
4.195,0.502101492734938
4.1955,0.537274997573425
4.196,0.573105950470701
4.1965,0.607293281109526
4.197,0.642795508523302
4.1975,0.678955184038201
4.198,0.712485064496002
4.1985,0.748644739016336
4.199,0.783818240141948
4.1995,0.81833429224078
4.2,0.85350779256283
4.2005,0.88868129252047
4.201,0.923854792141315
4.2015,0.95837084287038
4.202,0.993873066194288
4.2025,1.02838911639954
4.203,1.06422006352445
4.2035,1.10005101044288
4.204,1.13456706005868
4.2045,1.16908310953604
4.205,1.20491405601786
4.2055,1.24008755385085
4.206,1.27526105162292
4.2065,1.31043454936168
4.207,1.34560804709475
4.2075,1.38045282057147
4.208,1.41562631837541
4.2085,1.45112854053595
4.209,1.48564458996077
4.2095,1.52114681235902
4.21,1.5563203106362
4.2105,1.59083636052942
4.211,1.62633858349241
4.2115,1.6611833581219
4.212,1.69569940872327
4.2125,1.73120163249736
4.213,1.76637513230331
4.2135,1.80121990815926
4.214,1.83639340869365
4.2145,1.87222435825505
4.215,1.90641168669769
4.2155,1.94191391285061
4.216,1.97774486382608
4.2165,2.01193219369805
4.217,2.04677697275143
4.2175,2.08260792538295
4.218,2.11712398125915
4.2185,2.15262621079116
4.219,2.18779971663412
4.2195,2.22231577443363
4.22,2.25716055728691
4.2205,2.29266278961789
4.221,2.32685012519181
4.2215,2.36268108347205
4.222,2.39818331820398
4.2225,2.4323706561697
4.223,2.46820161704072
4.2235,2.50403257884906
4.224,2.48233676699833
4.2245,2.4471632545827
4.225,2.41198974305378
4.2255,2.37747368117382
4.226,2.34197144693289
4.2265,2.3061404891314
4.227,2.2722818783714
4.2275,2.23645092210933
4.228,2.20160613967352
4.2285,2.16709008227183
4.229,2.13125912812426
4.2295,2.0960856233215
4.23,2.06189829213647
4.2305,2.02606733985182
4.231,1.99122256111959
4.2315,1.9563777829063
4.232,1.9208755565534
4.2325,1.88603077930595
4.233,1.85118600249639
4.2335,1.81634122609788
4.234,1.78051027718282
4.2345,1.7450080529417
4.235,1.71082072621806
4.2355,1.67466105403866
4.236,1.63981627930999
4.2365,1.60530022911599
4.237,1.56979800628588
4.2375,1.53462450794018
4.238,1.50010845832742
4.2385,1.4646062360122
4.239,1.42910401381448
4.2395,1.39491668881976
4.24,1.35941446677014
4.2405,1.32424096903175
4.241,1.2897249198544
4.2415,1.25356524926453
4.242,1.21806302717926
4.2425,1.184204426413
4.243,1.14870220414561
4.2435,1.11352870602528
4.244,1.0790126563123
4.2445,1.04318170927617
4.245,1.00833693488002
4.2455,0.973492160245529
4.246,0.938318661052995
4.2465,0.902816437266839
4.247,0.868300386045767
4.2475,0.833455610182668
4.248,0.797295936722368
4.2485,0.763766057310385
4.249,0.727606382991139
4.2495,0.69243288113839
4.25,0.657916827441382
4.2505,0.622414600260985
4.251,0.587569821191515
4.2515,0.552725041559521
4.252,0.517222812648895
4.2525,0.482378031799427
4.253,0.44720452594953
4.2535,0.412359743779622
4.254,0.376200063431487
4.2545,0.342670177320408
4.255,0.307167944208826
4.2555,0.271336985897012
4.256,0.237478373131428
4.2565,0.201318688727015
4.257,0.166145176645186
4.2575,0.131629112508638
4.258,0.0964555986087937
4.2585,0.0602959104223255
4.259,0.0264372923570552
4.2595,-0.00873622449226165
4.26,-0.0442384668541729
4.2605,-0.0787545368612017
4.261,-0.113928056906967
4.2615,-0.149430302578944
4.262,-0.184603824911035
4.2625,-0.219448623898179
4.263,-0.254950873141019
4.2635,-0.28979567454672
4.264,-0.32464047719092
4.2645,-0.360471454814697
4.265,-0.3953162600534
4.2655,-0.429832342015477
4.266,-0.465334599126425
4.2665,-0.50017940841815
4.267,-0.534695494474666
4.2675,-0.570526480529395
4.268,-0.606686192786456
4.2685,-0.639558659859436
4.269,-0.675718375190702
4.2695,-0.710891918054109
4.27,-0.745079288344509
4.2705,-0.780910283848965
4.271,-0.816083831557383
4.2715,-0.850928656172516
4.272,-0.886102207242803
4.2725,-0.92193320964491
4.273,-0.955791864967147
4.2735,-0.991622870944824
4.274,-1.02712515395248
4.2745,-1.06131253936166
4.275,-1.09648610119168
4.2755,-1.13231711472446
4.276,-1.16617578072218
4.2765,-1.20167807322395
4.277,-1.23750909269947
4.2775,-1.27136776439154
4.278,-1.30752751293923
4.2785,-1.34302981363225
4.279,-1.37721721631056
4.2795,-1.41304824626323
4.28,-1.44789310321302
4.2805,-1.48306668738947
4.281,-1.5182402737647
4.2815,-1.55374258750402
4.282,-1.58858745322193
4.2825,-1.62310359599905
4.283,-1.65893464180562
4.2835,-1.69312206391804
4.284,-1.72895311449061
4.2845,-1.76412671700794
4.285,-1.79864287136278
4.2855,-1.83381647870059
4.286,-1.86866136317564
4.2865,-1.9031775247457
4.287,-1.93933731566926
4.2875,-1.97385348225314
4.288,-2.00869837675718
4.2885,-2.04420072473692
4.289,-2.07970307540553
4.2895,-2.11421925227151
4.29,-2.14972160832638
4.2905,-2.1852239671545
4.291,-2.21908270086879
4.2915,-2.25491379080591
4.292,-2.2904161580178
4.2925,-2.32493235112911
4.293,-2.35977727268243
4.2935,-2.39560837421586
4.294,-2.43111075303073
4.2945,-2.46529823176001
4.295,-2.50112934228604
4.2955,-2.46891421525077
4.296,-2.43439801047964
4.2965,-2.39922435710699
4.297,-2.36372198096084
4.2975,-2.32920578475299
4.298,-2.29370341438666
4.2985,-2.25820104690876
4.299,-2.22401358463346
4.2995,-2.18818249718292
4.3,-2.15268013812241
4.3005,-2.11915013489212
4.301,-2.08299033023408
4.3015,-2.04748797931507
4.302,-2.01330053282609
4.3025,-1.9774694617531
4.303,-1.94262456952314
4.3035,-1.90777967980511
4.304,-1.87260606723267
4.3045,-1.83743245716482
4.305,-1.80324502545419
4.3055,-1.76741396970285
4.306,-1.73158291646491
4.3065,-1.69772421706468
4.307,-1.66255061903959
4.3075,-1.62639084780765
4.308,-1.59253215514191
4.3085,-1.55702983889191
4.309,-1.52152752494114
4.3095,-1.48734011365362
4.31,-1.4515090790558
4.3105,-1.41600677177119
4.311,-1.38214809186119
4.3115,-1.34664578882176
4.312,-1.31081476291475
4.3125,-1.27629863906634
4.313,-1.24079634229644
4.3135,-1.20562277251468
4.314,-1.17110665456132
4.3145,-1.13626181358346
4.315,-1.10010207494472
4.3155,-1.06624341240221
4.316,-1.03074112732654
4.3165,-0.995238844129166
4.317,-0.960722737238834
4.3175,-0.925549182465261
4.318,-0.890375629452774
4.3185,-0.855530802944128
4.319,-0.820357253355157
4.3195,-0.784854980705693
4.32,-0.749681434461415
4.3205,-0.715494063966547
4.321,-0.679663071508176
4.3215,-0.644489530035588
4.322,-0.609644714768653
4.3225,-0.574142451684106
4.323,-0.538640190112659
4.3235,-0.504452828521503
4.324,-0.469279294448485
4.3245,-0.433448312582742
4.325,-0.399260955068746
4.3255,-0.36375870053628
4.326,-0.328256447348648
4.3265,-0.294069093671761
4.327,-0.258895567578457
4.3275,-0.22273586914636
4.328,-0.18887724359193
4.3285,-0.1530462721109
4.329,-0.117872750813457
4.3295,-0.0836854040906337
4.33,-0.0475257115719773
4.3305,-0.012680918035121
4.331,0.0211777011176157
4.3315,0.0560224926592108
4.332,0.091524732098246
4.3325,0.12636952170499
4.333,0.161543034811181
4.3335,0.197373995827402
4.334,0.231561333927378
4.3345,0.267063568794324
4.335,0.302894527206273
4.3355,0.337081862901581
4.336,0.372255370983155
4.3365,0.407757602686748
4.337,0.442602384947242
4.3375,0.478104615236389
4.338,0.513606844854032
4.3385,0.547465452130572
4.339,0.582310231849807
4.3395,0.618469908318245
4.34,0.652985962587416
4.3405,0.688488189311717
4.341,0.723990415532782
4.3415,0.758506468347769
4.342,0.794008693659563
4.3425,0.829839642855213
4.343,0.86336952155849
4.3435,0.899529194307327
4.344,0.934373969536703
4.3445,0.968232571599079
4.345,1.0037347948482
4.3455,1.03989446641807
4.346,1.07408179205347
4.3465,1.11024146320253
4.347,1.14475751277475
4.3475,1.17927356221623
4.348,1.21477578438999
4.3485,1.25027800648145
4.349,1.28545150424102
4.3495,1.31996755341958
4.35,1.35579849971188
4.3505,1.3913007217568
4.351,1.42581677102334
4.3515,1.46131899321161
4.352,1.49682121551476
4.3525,1.53100854083065
4.353,1.56651076344188
4.3535,1.60234171053842
4.354,1.63620031213584
4.3545,1.67170253541932
4.355,1.70720475898594
4.3555,1.74172080997414
4.356,1.77689430988255
4.3565,1.81173908584813
4.357,1.84658386219436
4.3575,1.88208608757018
4.358,1.91791703771282
4.3585,1.95210436674474
4.359,1.98727786922084
4.3595,2.02310882088203
4.36,2.05696742710785
4.3605,2.09214093123271
4.361,2.12830060900448
4.3615,2.16248794133402
4.362,2.19733272300712
4.3625,2.23283495408825
4.363,2.26702228841337
4.3635,2.30318196971628
4.364,2.33802675429054
4.3645,2.37254281525698
4.365,2.40804505022612
4.3655,2.44354728606734
4.366,2.47839207397213
4.3665,2.50731982309962
4.367,2.4721463100374
4.3675,2.43828769551621
4.368,2.40245673540535
4.3685,2.36662577617825
4.369,2.33243843973112
4.3695,2.29693620652456
4.37,2.2611052497305
4.3705,2.22691791552466
4.371,2.19240185763548
4.3715,2.15657090300209
4.372,2.12172612208774
4.3725,2.08655261745333
4.373,2.05105038908856
4.3735,2.01686305862533
4.374,1.98168955570892
4.3745,1.94585860467568
4.375,1.91167127572698
4.3755,1.87584032566659
4.376,1.84099554898002
4.3765,1.80615077269664
4.377,1.77064854819103
4.3775,1.73514632404771
4.378,1.70030154882447
4.3785,1.66545677389603
4.379,1.62995455065943
4.3795,1.59478105195844
4.38,1.56059372632695
4.3805,1.52509150374613
4.381,1.4895892813312
4.3815,1.45507323189319
4.382,1.41957100972219
4.3825,1.38439751191101
4.383,1.34955273843016
4.3835,1.31470796497386
4.384,1.27920574295925
4.3845,1.24436096947071
4.385,1.2091874716466
4.3855,1.17302780089724
4.386,1.13884047571523
4.3865,1.10366697755275
4.387,1.06849347922225
4.3875,1.03364870498239
4.388,0.998146481946733
4.3885,0.963301707237464
4.389,0.928456932255156
4.3895,0.893283432676336
4.39,0.858109932764332
4.3905,0.822936432491532
4.391,0.78809165613745
4.3915,0.752589430753089
4.392,0.717415929232219
4.3925,0.682571151560048
4.393,0.647397649073853
4.3935,0.613210319050512
4.394,0.577379366830234
4.3945,0.541877138347497
4.395,0.507361082283538
4.3955,0.471858852549818
4.396,0.437014070857218
4.3965,0.402169288486097
4.397,0.36633833229314
4.3975,0.330836099704596
4.398,0.296977488260236
4.3985,0.261803978497374
4.399,0.225973019101399
4.3995,0.191785680867337
4.4,0.156283444124717
4.4005,0.121109930880429
4.401,0.0865938655687805
4.4015,0.0507629015460704
4.402,0.0155893854007719
4.4025,-0.0185979583740526
4.403,-0.0544289255098647
4.4035,-0.089931169278962
4.404,-0.124118516194404
4.4045,-0.159949486705819
4.405,-0.195123009387733
4.4055,-0.22963908420195
4.406,-0.264812609263817
4.4065,-0.300314860118894
4.407,-0.335159663142257
4.4075,-0.370004467439071
4.408,-0.405835446798683
4.4085,-0.44068025376089
4.409,-0.47519633746467
4.4095,-0.510698596402864
4.41,-0.546200856803413
4.4105,-0.580716944732908
4.411,-0.61589048343291
4.4115,-0.651721473015393
4.412,-0.685580116021378
4.4125,-0.721082384039822
4.413,-0.756913378415571
4.4135,-0.790772026029724
4.414,-0.826603023719563
4.4145,-0.862105298382826
4.415,-0.896292675631909
4.4155,-0.931794953744267
4.416,-0.966968508833444
4.4165,-1.00148461603825
4.417,-1.036986899564
4.4175,-1.07248918497304
4.418,-1.10667657272895
4.4185,-1.14185013700851
4.419,-1.17800987800064
4.4195,-1.21186854644264
4.42,-1.24737084154304
4.4205,-1.2832018636783
4.421,-1.3173892629199
4.4215,-1.3528915642012
4.422,-1.38839386761845
4.4225,-1.42290999801552
4.423,-1.45841230572856
4.4235,-1.4935858905597
4.424,-1.52810202735245
4.4245,-1.56327561658324
4.425,-1.59877793324066
4.4255,-1.63329407667145
4.426,-1.66846767274852
4.4265,-1.70429872163021
4.427,-1.73881487196327
4.4275,-1.77398847515616
4.428,-1.80981953137184
4.4285,-1.84367823821016
4.429,-1.87885184872074
4.4295,-1.91468291247553
4.43,-1.94919907729798
4.4305,-1.98470142083506
4.431,-2.02020376701341
4.4315,-2.05439121400431
4.432,-2.08989356544997
4.4325,-2.12506719410686
4.433,-2.15991209992721
4.4335,-2.19475700842691
4.434,-2.23025937081382
4.4345,-2.26477555918804
4.435,-2.29994920155574
4.4355,-2.33610902377316
4.436,-2.37029649483899
4.4365,-2.40514142008627
4.437,-2.44097252545465
4.4375,-2.47614618232658
4.438,-2.49488355215476
4.4385,-2.45872371640265
4.439,-2.42420751247168
4.4395,-2.38903385994728
4.44,-2.3535314846492
4.4405,-2.31770038663099
4.441,-2.2835129197237
4.4415,-2.24801055306963
4.442,-2.2128369148452
4.4425,-2.17864945604988
4.443,-2.14347582326465
4.4435,-2.10764474219305
4.444,-2.07378601677283
4.4445,-2.03795494110194
4.445,-2.0024525935923
4.4455,-1.96793642494847
4.446,-1.93243408264879
4.4465,-1.89693174294858
4.447,-1.86241558181635
4.4475,-1.82724197246896
4.448,-1.79206836559055
4.4485,-1.7575522116815
4.449,-1.72204988437165
4.4495,-1.68687628471231
4.45,-1.6523601378071
4.4505,-1.61718654279438
4.451,-1.58135549977647
4.4515,-1.54716808478728
4.452,-1.51199449658302
4.4525,-1.47616346041593
4.453,-1.44197605188341
4.4535,-1.40614502013693
4.454,-1.37162889073678
4.4545,-1.33711276336973
4.455,-1.30095301304215
4.4555,-1.26577943980839
4.456,-1.23126331851347
4.4565,-1.1957610243345
4.457,-1.1602587321658
4.4575,-1.12640006648132
4.458,-1.09089777815818
4.4585,-1.05572421662673
4.459,-1.02087938180674
4.4595,-0.985705823957217
4.46,-0.950203543101634
4.4605,-0.916016163251678
4.461,-0.879856436366463
4.4615,-0.844682885600506
4.462,-0.810824235532523
4.4625,-0.774664513868176
4.463,-0.74014841753573
4.4635,-0.70464614864511
4.464,-0.670130055441299
4.4645,-0.634299065038156
4.465,-0.599454250208271
4.4655,-0.564609436855465
4.466,-0.529107175685477
4.4665,-0.49360491599257
4.467,-0.459417556176334
4.4675,-0.42325785011212
4.468,-0.388413043817221
4.4685,-0.353896963406031
4.469,-0.318394710586924
4.4695,-0.282892459076367
4.47,-0.249033831513965
4.4705,-0.212874133433415
4.471,-0.17737188564454
4.4715,-0.1431845370524
4.472,-0.108011016073725
4.4725,-0.0721800472554601
4.473,-0.0379927019160542
4.4735,-0.00249045974283812
4.474,0.0323543324743356
4.4745,0.066541674819142
4.475,0.101715189532612
4.4755,0.137874876560936
4.476,0.172062216123317
4.4765,0.207235728055779
4.477,0.242409239116465
4.4775,0.277254024942265
4.478,0.312427534349744
4.4785,0.347601042968029
4.479,0.382117102086567
4.4795,0.417619333585154
4.48,0.453121564363862
4.4805,0.487308897052446
4.481,0.52281112650063
4.4815,0.558313355313068
4.482,0.592500686187725
4.4825,0.628331638162235
4.483,0.664162589575137
4.4835,0.698349918866835
4.484,0.73385214495315
4.4845,0.769025646263277
4.485,0.80419914714267
4.4855,0.839043923317207
4.486,0.874874872018032
4.4865,0.908733474586808
4.487,0.944235698320422
4.4875,0.979737921755348
4.488,1.01392524777022
4.4885,1.04909874641604
4.489,1.08460096913453
4.4895,1.11911701882075
4.49,1.1546192411988
4.4905,1.19012146344642
4.491,1.22430878847701
4.4915,1.2601397348294
4.492,1.29629940541282
4.4925,1.33015800603336
4.493,1.36566022805342
4.4935,1.40116245011185
4.494,1.4360072236784
4.4945,1.4705232730558
4.495,1.50668294395651
4.4955,1.5411989935985
4.496,1.57571504340947
4.4965,1.61121726627594
4.497,1.64704821366634
4.4975,1.68123553986655
4.498,1.71673776351404
4.4985,1.75256871177826
4.499,1.78642731459156
4.4995,1.82225826357169
4.5,1.8577604886546
4.5005,1.89161909260791
4.501,1.92777876719446
4.5015,1.96295226932316
4.502,1.9971395989802
4.5025,2.03297055079666
4.503,2.06814405452255
4.5035,2.10266011015325
4.504,2.13816233942134
4.5045,2.17333584499141
4.505,2.20785190251209
4.5055,2.24302540943993
4.506,2.27852764146834
4.5065,2.31271497674021
4.507,2.34854593469263
4.5075,2.38371944469197
4.508,2.41790678231555
4.5085,2.45373774281647
4.509,2.48891125540091
4.5095,2.49811553921853
4.51,2.462284577567
4.5105,2.42645361684795
4.511,2.39292372781948
4.5115,2.35676404443209
4.512,2.32126181067249
4.5125,2.28674575084267
4.513,2.2512435186389
4.5135,2.21639873590586
4.514,2.18188267822098
4.5145,2.14670917249022
4.515,2.11120694306675
4.5155,2.07636216295362
4.516,2.04151738342502
4.5165,2.00568643147221
4.517,1.97149910169156
4.5175,1.93566815080684
4.518,1.90049464905208
4.5185,1.86663604499171
4.519,1.83047637119284
4.5195,1.7949741464226
4.52,1.76144426782394
4.5205,1.72561331947467
4.521,1.69043982004239
4.5215,1.65592376948228
4.522,1.62042154631554
4.5225,1.58491932339092
4.523,1.55007454924699
4.5235,1.51555849956405
4.524,1.47972755290822
4.5245,1.44422533066393
4.525,1.41003800563578
4.5255,1.37453578356332
4.526,1.33903356153633
4.5265,1.30484623663792
4.527,1.26901529033951
4.5275,1.23351306828005
4.528,1.19899701899128
4.5285,1.16382352105215
4.529,1.12799257442904
4.5295,1.09380524906701
4.53,1.05863175068444
4.5305,1.02247207923775
4.531,0.988942201859877
4.5315,0.953111254206046
4.532,0.917609030549766
4.5325,0.883421703763846
4.533,0.847590755151723
4.5335,0.812745979070124
4.534,0.778229926907718
4.5345,0.742398977088303
4.535,0.707225475433743
4.5355,0.67270942194251
4.536,0.637864643637646
4.5365,0.602033691815404
4.537,0.567846361093272
4.5375,0.532344132446708
4.538,0.496513178823862
4.5385,0.462983295011794
4.539,0.426823615706873
4.5395,0.391321384397648
4.54,0.357134049844392
4.5405,0.321631817053944
4.541,0.286129583466844
4.5415,0.251942246640562
4.542,0.216111287002708
4.5425,0.180609050880162
4.543,0.146421711532574
4.5435,0.111576922457312
4.544,0.0754172346982209
4.5445,0.0409011681489166
4.545,0.00539892726237359
4.5455,-0.0297745902064749
4.546,-0.0639619353018704
4.5465,-0.0994641793704834
4.547,-0.135295149070541
4.5475,-0.16915377290192
4.548,-0.204656020411473
4.5485,-0.240158269138607
4.549,-0.274345620942014
4.5495,-0.309519147587717
4.55,-0.34535012464328
4.5505,-0.379866204739123
4.551,-0.415039735300054
4.5515,-0.450870716429204
4.552,-0.485386800530437
4.5525,-0.520231610624883
4.553,-0.55639132071102
4.5535,-0.591564858377354
4.554,-0.625423498854898
4.5545,-0.661254488861403
4.555,-0.696428031077935
4.5555,-0.730615400728715
4.556,-0.766446395551287
4.5565,-0.801948667325251
4.557,-0.836136041746572
4.5575,-0.871309592097488
4.558,-0.907140593754838
4.5585,-0.940999248362238
4.559,-0.977487703225964
4.5595,-1.01233253580634
4.56,-1.04684864532084
4.5605,-1.08267965613677
4.561,-1.11752449421838
4.5615,-1.15171188434818
4.562,-1.18721417603716
4.5625,-1.22271646972958
4.563,-1.25756131551438
4.5635,-1.29273488827179
4.564,-1.32856591309463
4.5645,-1.36275331493497
4.565,-1.39825561895058
4.5655,-1.43375792513842
4.566,-1.46794533317662
4.5665,-1.50377636881909
4.567,-1.5392786816309
4.5675,-1.57280864582859
4.568,-1.60929713862288
4.5685,-1.6444707331164
4.569,-1.67865815429173
4.5695,-1.71383175339749
4.57,-1.74900535488319
4.5705,-1.78417895877644
4.571,-1.81902383980071
4.5715,-1.85485489922356
4.572,-1.88904233447647
4.5725,-1.92454467360288
4.573,-1.96004701532245
4.5735,-1.99423445797423
4.574,-2.02973680486665
4.5745,-2.06491042896502
4.575,-2.09975533022289
4.5755,-2.13525768515605
4.576,-2.17141749394555
4.5765,-2.20494750104557
4.577,-2.24044986424409
4.5775,-2.27529477903936
4.578,-2.31013969660287
4.5785,-2.34564206831604
4.579,-2.38114444295917
4.5795,-2.41533191763343
4.58,-2.45116302386972
4.5805,-2.48666540738895
4.581,-2.48436432688376
4.5815,-2.44951939507632
4.582,-2.4143457404407
4.5825,-2.3781859116263
4.583,-2.34465589128458
4.5835,-2.30882479400273
4.584,-2.27365115092098
4.5845,-2.23880623625562
4.585,-2.20297514761741
4.5855,-2.16780151293682
4.586,-2.13328533203202
4.5865,-2.09844042824099
4.587,-2.06260935067209
4.5875,-2.02809317763682
4.588,-1.99259083086765
4.5885,-1.95675976134983
4.589,-1.92290104673444
4.5895,-1.88706998237824
4.59,-1.85189637128381
4.5905,-1.81770893858627
4.591,-1.78220660709207
4.5915,-1.74670427807718
4.592,-1.71284557768933
4.5925,-1.67668580300992
4.593,-1.64184093157885
4.5935,-1.60732478759808
4.594,-1.57215119553046
4.5945,-1.53632015547636
4.595,-1.50213274328082
4.5955,-1.46663043282942
4.596,-1.43112812460494
4.5965,-1.39694071876329
4.597,-1.36176713985416
4.5975,-1.325607388028
4.598,-1.29174871330687
4.5985,-1.25624641563759
4.599,-1.22041539507713
4.5995,-1.1862280012411
4.6,-1.1510544345208
4.6005,-1.11555214484317
4.601,-1.08103603174484
4.6015,-1.0458624707386
4.602,-1.01003146190163
4.6025,-0.975844079091528
4.603,-0.940341798742647
4.6035,-0.905168244992881
4.604,-0.870980867319941
4.6045,-0.835478592223487
4.605,-0.798990144613061
4.6055,-0.765788946089799
4.606,-0.729957951298109
4.6065,-0.694455682874671
4.607,-0.65993959011725
4.6075,-0.624108600169353
4.608,-0.589592510431419
4.6085,-0.555076422135372
4.609,-0.519574161364796
4.6095,-0.484071902063676
4.61,-0.449227093410321
4.6105,-0.414382286118301
4.611,-0.37855130642641
4.6115,-0.343049052681881
4.612,-0.309190423033756
4.6125,-0.273359447315883
4.613,-0.238185921954674
4.6135,-0.203341122334026
4.614,-0.168496323885268
4.6145,-0.132007904095055
4.615,-0.098149281421979
4.6155,-0.0633044863481459
4.616,-0.0268160700051814
4.6165,0.00605637617713067
4.617,0.0415586170445049
4.6175,0.0770608568912224
4.618,0.111248198027691
4.6185,0.147079160374292
4.619,0.182581397355011
4.6195,0.217097460215626
4.62,0.251942246640562
4.6205,0.287773205410168
4.621,0.322617990197638
4.6215,0.357462774218447
4.622,0.393293730600669
4.6225,0.427481064428015
4.623,0.461997121949385
4.6235,0.498485524911977
4.624,0.532015408104497
4.6245,0.568175085429746
4.625,0.603348589140109
4.6255,0.638193367963682
4.626,0.673695594906045
4.6265,0.70821164838373
4.627,0.743056425712974
4.6275,0.778558651215909
4.628,0.814389600591939
4.6285,0.848905652355089
4.629,0.883750428061358
4.6295,0.918923927727752
4.63,0.953439978497753
4.6305,0.989270926148994
4.631,1.02477314924589
4.6315,1.05928919925412
4.632,1.09446269763315
4.6325,1.12963619583693
4.633,1.16415224533248
4.6335,1.1993257432706
4.634,1.23515668967296
4.6345,1.26967273889571
4.635,1.30550368519367
4.6355,1.34100590720379
4.636,1.37486450784152
4.6365,1.41003800563578
4.637,1.44586895206167
4.6375,1.48038500146943
4.638,1.51588722384599
4.6385,1.55171817066464
4.639,1.58524804767624
4.6395,1.62107899489041
4.64,1.65658121806191
4.6405,1.69142599291956
4.641,1.72692821665575
4.6415,1.76177299212235
4.642,1.79694649223289
4.6425,1.83179126841425
4.643,1.86729349361036
4.6435,1.90279571924605
4.644,1.93731177239582
4.6445,1.97215655033653
4.645,2.00798750176395
4.6455,2.04217483209012
4.646,2.07800578464372
4.6465,2.11317928912892
4.647,2.1476953455391
4.6475,2.18385502435655
4.648,2.21837108207956
4.6485,2.25255841611444
4.649,2.28838937272251
4.6495,2.3235628813545
4.65,2.35807894199453
4.6505,2.39358117661651
4.651,2.42908341209901
4.6515,2.46327075081085
4.652,2.49877298806507
4.6525,2.48693890887677
4.653,2.45209412075512
4.6535,2.41724933350748
4.654,2.38141837391906
4.6545,2.34690231275005
4.655,2.31140007921627
4.6555,2.27589784647727
4.656,2.24203923633873
4.6565,2.20653700507057
4.657,2.17103477451332
4.6575,2.13717616637739
4.658,2.10134521278518
4.6585,2.06551425983142
4.659,2.03099820481022
4.6595,1.99615342600239
4.66,1.96065119907525
4.6605,1.92646386992808
4.661,1.89096164398356
4.6615,1.85545941849755
4.662,1.82094336635432
4.6625,1.7860985902908
4.663,1.75026764169591
4.6635,1.71608031492516
4.664,1.68057809128332
4.6645,1.64507586793172
4.665,1.61088854198911
4.6655,1.5750575948399
4.666,1.54021282074937
4.6665,1.50536804683028
4.667,1.47019454877552
4.6675,1.43469232656119
4.668,1.39984755299756
4.6685,1.36500277949723
4.669,1.32917183319974
4.6695,1.29432705974536
4.67,1.25948228627299
4.6705,1.22398006419824
4.671,1.18880656632814
4.6715,1.15396179263751
4.672,1.11813084597478
4.6725,1.08295734771671
4.673,1.04877002213065
4.6735,1.01326779919522
4.674,0.977765576016316
4.6745,0.943578249735564
4.675,0.908076025996152
4.6755,0.872902526227636
4.676,0.839043923317207
4.6765,0.803212974226439
4.677,0.76771074902596
4.6775,0.733194696326253
4.678,0.697692470231023
4.6785,0.662518967962565
4.679,0.62800291383479
4.6795,0.592171961854993
4.68,0.55699845796065
4.6805,0.52281112650063
4.681,0.486980172702644
4.6815,0.451806666940119
4.682,0.417619333585154
4.6825,0.382117102086567
4.683,0.346286145463463
4.6835,0.312098809966454
4.684,0.27692530055147
4.6845,0.241423065920787
4.685,0.207235728055779
4.6855,0.171076042878733
4.686,0.136231254444748
4.6865,0.101715189532612
4.687,0.0658842259367277
4.6875,0.0307107102224055
4.688,-0.00380535758210108
4.6885,-0.0383214263856436
4.689,-0.0744811186131241
4.6895,-0.109325914033926
4.69,-0.144828159555873
4.6905,-0.18033040624755
4.691,-0.214189031523003
4.6915,-0.249691280581916
4.692,-0.285522255440307
4.6925,-0.319052159701224
4.693,-0.354883137114403
4.6935,-0.390385391307998
4.694,-0.425230197678105
4.6945,-0.460403729998604
4.695,-0.494919814473705
4.6955,-0.530093349586789
4.696,-0.565266886150501
4.6965,-0.60076914885411
4.697,-0.635942688416121
4.6975,-0.670458780131349
4.698,-0.706289772168934
4.6985,-0.741463316414963
4.699,-0.776308137542303
4.6995,-0.811152960282982
4.7,-0.846655234196404
4.7005,-0.881500060276009
4.701,-0.917002337647101
4.7015,-0.952175891990207
4.702,-0.987020723283369
4.7025,-1.02219428120103
4.703,-1.05769656582192
4.7035,-1.09188395280768
4.704,-1.12738624118474
4.7045,-1.16255980659784
4.705,-1.19674719914552
4.7055,-1.23257821833685
4.706,-1.26840923960584
4.7065,-1.30259663800968
4.707,-1.33842766342296
4.7075,-1.3736012409332
4.708,-1.40778864539762
4.7085,-1.44296222710075
4.709,-1.47912198625138
4.7095,-1.51363812215035
4.71,-1.54848298532434
4.7105,-1.58398530101822
4.711,-1.61817271832396
4.7115,-1.65400376379909
4.712,-1.68983481169522
4.7125,-1.72402223582482
4.713,-1.75919583800519
4.7135,-1.7946981678892
4.714,-1.82855687370838
4.7145,-1.86438793381603
4.715,-1.89923282044352
4.7155,-1.93407770954951
4.716,-1.96958005197022
4.7165,-2.00508239702012
4.717,-2.03959856836624
4.7175,-2.0744434677283
4.718,-2.11060327171672
4.7185,-2.14413327431974
4.719,-2.18029308381704
4.7195,-2.215795445056
4.72,-2.24932545548727
4.7205,-2.28548527351089
4.721,-2.32033019188906
4.7215,-2.35583256444033
4.722,-2.39133493992971
4.7225,-2.42683731838559
4.723,-2.46102479676593
4.7235,-2.49619845533244
4.724,-2.47384510187972
4.7245,-2.43932889670124
4.725,-2.40382651719484
4.7255,-2.36865286635997
4.726,-2.3338079440875
4.7265,-2.29863429898639
4.727,-2.26313193110902
4.7275,-2.22762956609561
4.728,-2.19311338060689
4.7285,-2.15761102115863
4.729,-2.12276611551427
4.7295,-2.08824993800827
4.73,-2.05241886122556
4.7305,-2.01790268893977
4.731,-1.98305779376136
4.7315,-1.94722672495612
4.732,-1.91172438417625
4.7325,-1.87753694734826
4.733,-1.84236333693096
4.7335,-1.80653227840231
4.734,-1.77234484878489
4.7345,-1.73749997095603
4.735,-1.70134019456548
4.7355,-1.66715277191859
4.736,-1.63132172555841
4.7365,-1.59614813192713
4.737,-1.56163199086809
4.7375,-1.52612967662087
4.738,-1.49161353995027
4.7385,-1.45643995524207
4.739,-1.42093764765155
4.7395,-1.38543534225141
4.74,-1.35124793909495
4.7405,-1.3160743629131
4.741,-1.27991461385329
4.7415,-1.24638466665157
4.742,-1.21055364666313
4.7425,-1.1753800785863
4.743,-1.14119268719127
4.7435,-1.10569039805708
4.744,-1.07018811086112
4.7445,-1.03600072499632
4.745,-1.0001697166842
4.7455,-0.964667435081489
4.746,-0.930151329718084
4.7465,-0.894977776476744
4.747,-0.859475500200182
4.7475,-0.825288124691072
4.748,-0.789457127064785
4.7485,-0.753954855880562
4.749,-0.720096209906312
4.7495,-0.684593941932757
4.75,-0.648762950879404
4.7505,-0.614575584762778
4.751,-0.579073321465833
4.7515,-0.54389978432517
4.752,-0.509054973271808
4.7525,-0.473881439013191
4.753,-0.438379181561524
4.7535,-0.404520548448919
4.754,-0.36868956914028
4.7545,-0.333187315767563
4.755,-0.29834251281548
4.7555,-0.263497711108481
4.756,-0.227995461565431
4.7565,-0.192821937774404
4.757,-0.157977139674149
4.7575,-0.122803618216507
4.758,-0.0873013734059541
4.7585,-0.0527853031399454
4.759,-0.0176117849821725
4.7595,0.0172330076731055
4.76,0.0520777993264369
4.7605,0.0869225900046683
4.761,0.123082277442096
4.7615,0.156940892961638
4.762,0.192443129687324
4.7625,0.22827408991471
4.763,0.261803978497374
4.7635,0.297634937033136
4.764,0.33280844597996
4.7645,0.367324505409607
4.765,0.402826737216525
4.7655,0.438657692650209
4.766,0.47284502560698
4.7665,0.508018530976111
4.767,0.543849484390332
4.7675,0.578036815500169
4.768,0.613210319050512
4.7685,0.649369995021327
4.769,0.683228600199816
4.7695,0.719059550808896
4.77,0.754561776619371
4.7705,0.788420380444542
4.771,0.824580054008044
4.7715,0.860082278563082
4.772,0.893940881269564
4.7725,0.929443105136011
4.773,0.964287880110222
4.7735,0.998803930523703
4.774,1.0343061535549
4.7745,1.0701371006437
4.775,1.10465315040059
4.7755,1.1394979242776
4.776,1.17565759513724
4.7765,1.21017364448382
4.777,1.24567586658435
4.7775,1.28150681290527
4.778,1.31536541352958
4.7785,1.35152508409798
4.779,1.38636985758102
4.7795,1.42088590683801
4.78,1.45638812901257
4.7805,1.49221907557909
4.781,1.52640640087562
4.7815,1.56092245061097
4.782,1.59675339767398
4.7825,1.63094072352361
4.783,1.66644294676755
4.7835,1.70194517029043
4.784,1.73678994552823
4.7845,1.77163472108894
4.785,1.80746566990788
4.7855,1.84263917051257
4.786,1.87682649859782
4.7865,1.91298617298593
4.787,1.94815967490983
4.7875,1.98267572868065
4.788,2.01784923161207
4.7885,2.05335145942745
4.789,2.08753879047211
4.7895,2.12336974381485
4.79,2.15920069781397
4.7905,2.19273058199317
4.791,2.22856153734585
4.7915,2.26406376906931
4.792,2.29825110403659
4.7925,2.3337533372727
4.793,2.36892684692832
4.7935,2.4037716330083
4.794,2.43927386874304
4.7945,2.47444738095738
4.795,2.50863472080212
4.7955,2.47674845188126
4.796,2.44190366401799
4.7965,2.40705887702089
4.797,2.37155664207557
4.7975,2.33638313235921
4.798,2.30186707220022
4.7985,2.2660361152981
4.799,2.23053388353333
4.7995,2.19700399864859
4.8,2.16117304392531
4.8005,2.12567081423513
4.801,2.09181220689232
4.8015,2.0559812541035
4.802,2.02047902624551
4.8025,1.98629169624719
4.803,1.9504607451461
4.8035,1.91528724319067
4.804,1.88109991463711
4.8045,1.84526896496652
4.805,1.81042418863514
4.8055,1.77557941268339
4.806,1.74040591278793
4.8065,1.70490368893082
4.807,1.6703876382558
4.8075,1.63521413927063
4.808,1.59938319196243
4.8085,1.56552459058901
4.809,1.53035109226547
4.8095,1.49452014554663
4.81,1.46000409609165
4.8105,1.42417314962805
4.811,1.38965710036475
4.8115,1.35448360259986
4.812,1.31931010486387
4.8125,1.28380788285117
4.813,1.24896310936808
4.8135,1.21411833583205
4.814,1.17828738937662
4.8145,1.14278516708868
4.815,1.10925529035543
4.8155,1.07309561920125
4.816,1.03792212070229
4.8165,1.00340607056005
4.817,0.967903847308474
4.8175,0.932730348070467
4.818,0.898214297122721
4.8185,0.863040797259089
4.819,0.827209848432704
4.8195,0.793022520740022
4.82,0.758177744037281
4.8205,0.721689345329446
4.821,0.687830740673336
4.8215,0.651999789615395
4.822,0.616826286673401
4.8225,0.582638956184041
4.823,0.547136727790814
4.8235,0.511963223126891
4.824,0.477447166533521
4.8245,0.441616211873796
4.825,0.406771429593829
4.8255,0.371597922240859
4.826,0.336753138523399
4.8265,0.301250905279085
4.827,0.266406120008216
4.8275,0.231232609526447
4.828,0.195730373782633
4.8285,0.161543034811181
4.829,0.12636952170499
4.8295,0.0898811099238632
4.83,0.0566799415467943
4.8305,0.0205202522110874
4.831,-0.0149819892745194
4.8315,-0.0491693339343886
4.832,-0.0846715775391122
4.8325,-0.119845097772015
4.833,-0.154032445621732
4.8335,-0.189534692621308
4.834,-0.225036940826371
4.8345,-0.259881741190248
4.835,-0.295055267318652
4.8355,-0.33055751927431
4.836,-0.365073598828141
4.8365,-0.400904577996808
4.837,-0.436078109368059
4.8375,-0.470265468281755
4.838,-0.505767727019089
4.8385,-0.541269987214836
4.839,-0.575128625638114
4.8395,-0.610959613430842
4.84,-0.646461878114521
4.8405,-0.680977970285048
4.841,-0.716151513384839
4.8415,-0.751325058081326
4.842,-0.786498604402122
4.8425,-0.821343427619699
4.843,-0.856845702027093
4.8435,-0.892676702961045
4.844,-0.926864081677274
4.8445,-0.962366361337204
4.845,-0.997539917983737
4.8455,-1.03271347644787
4.846,-1.06788703675722
4.8465,-1.10240314916165
4.847,-1.13790543811518
4.8475,-1.17275027918289
4.848,-1.20825257205567
4.8485,-1.2424399671015
4.849,-1.27827098894746
4.8495,-1.31377328790814
4.85,-1.34796068889616
4.8505,-1.38379171705398
4.851,-1.41896529729434
4.8515,-1.45315270444647
4.852,-1.48898373914848
4.8525,-1.52415732589631
4.853,-1.55867346459325
4.8535,-1.59417578095038
4.854,-1.62902064926906
4.8545,-1.66353679465314
4.855,-1.69903911797117
4.8555,-1.7348701689516
4.856,-1.76872887078674
4.8565,-1.80455992663087
4.857,-1.83940480906543
4.8575,-1.87392096859201
4.858,-1.9097520319867
4.8585,-1.94492564723415
4.859,-1.97944181421914
4.8595,-2.01461543456828
4.86,-2.0501177829942
4.8605,-2.0849626831424
4.861,-2.11980758591221
4.8615,-2.15563866793771
4.862,-2.18949739942402
4.8625,-2.22499976139295
4.863,-2.26115957742229
4.8635,-2.29501831694114
4.864,-2.33084941308111
4.8645,-2.36635178649997
4.865,-2.40021053426446
4.8655,-2.43604163921374
4.866,-2.47121529567034
4.8665,-2.49915698749753
4.867,-2.46365460291095
4.8675,-2.42749476986663
4.868,-2.39396474563917
4.8685,-2.35813364424381
4.869,-2.32263127150297
4.8695,-2.28877252984265
4.87,-2.25294143715596
4.8705,-2.21743907295936
4.871,-2.18259416270113
4.8715,-2.14807798067024
4.872,-2.11257562474308
4.8725,-2.07641582060028
4.873,-2.0425570974565
4.8735,-2.00672602416991
4.874,-1.97155240440376
4.8745,-1.93670751260224
4.875,-1.90219134866717
4.8755,-1.86636028582358
4.876,-1.83184412682203
4.8765,-1.79667051962215
4.877,-1.76116818960059
4.8775,-1.72665203777406
4.878,-1.69147843780405
4.8785,-1.65564738979616
4.879,-1.62145997010232
4.8795,-1.58595765195789
4.88,-1.55078406127175
4.8805,-1.51659664818377
4.881,-1.48076561172223
4.8815,-1.44493457754054
4.882,-1.41107589593301
4.8825,-1.37590231617075
4.883,-1.34007128849361
4.8835,-1.30555516296255
4.884,-1.27038158946138
4.8845,-1.2348792930345
4.885,-1.20069189840516
4.8855,-1.16486088103822
4.886,-1.12968731549858
4.8865,-1.09582865142055
4.887,-1.06065508962569
4.8875,-1.02449535514721
4.888,-0.990307971609816
4.8885,-0.954476965700624
4.889,-0.919632136041637
4.8895,-0.885116032890285
4.89,-0.848956307565037
4.8905,-0.813782758291903
4.891,-0.77926666016478
4.8915,-0.744421838901501
4.892,-0.70891956981427
4.8925,-0.674403476422587
4.893,-0.6392299351821
4.8935,-0.603398946152105
4.894,-0.569211581931568
4.8945,-0.534038045203447
4.895,-0.497878336063534
4.8955,-0.464677149907794
4.896,-0.428188719035151
4.8965,-0.393015187968928
4.897,-0.358499107387273
4.8975,-0.32299685439646
4.898,-0.287823327264525
4.8985,-0.253307250463338
4.899,-0.218133725801859
4.8995,-0.181974028808372
4.9,-0.147786680068444
4.9005,-0.112941883432555
4.901,-0.0767821899754657
4.9015,-0.0416086710866544
4.902,-0.00709260218660472
4.9025,0.0274234657119239
4.903,0.0629257059616119
4.9035,0.0971130474754414
4.904,0.132615285782001
4.9045,0.168117523140732
4.905,0.202304861950194
4.9055,0.237807097530948
4.906,0.273309332248006
4.9065,0.307496668593152
4.907,0.342998901697383
4.9075,0.379158582761633
4.908,0.413017192506181
4.9085,0.448848147733223
4.909,0.484021653551861
4.9095,0.517551536993553
4.91,0.553711214575951
4.9105,0.588884718524936
4.911,0.623400773245596
4.9115,0.658903000410952
4.912,0.694733951367762
4.9125,0.728921280247508
4.913,0.764423505930026
4.9135,0.80025445547584
4.914,0.833784334484964
4.9145,0.869944007539982
4.915,0.905117507336804
4.9155,0.939304833931481
4.916,0.975135781696301
4.9165,1.01030928060667
4.917,1.04449660641889
4.9175,1.08065627773109
4.918,1.11517232743613
4.9185,1.14968837698807
4.919,1.18519059925211
4.9195,1.22102154568902
4.92,1.25520887065591
4.9205,1.29071109268821
4.921,1.32621331469893
4.9215,1.36105808816037
4.922,1.39623158593372
4.9225,1.43173380804795
4.923,1.46624985741286
4.9235,1.50175207973421
4.924,1.53725430220278
4.9245,1.57045545485489
4.925,1.60661512626209
4.9255,1.64178862504247
4.926,1.67663339978599
4.9265,1.71180689910012
4.927,1.74730912302074
4.9275,1.78215389868421
4.928,1.81699867470553
4.9285,1.85315834834231
4.929,1.88767440086417
4.9295,1.92251917813294
4.93,1.95769268018826
4.9305,1.99352363139693
4.931,2.02803968583387
4.9315,2.06354191381523
4.932,2.09871541805163
4.9325,2.13290274985942
4.933,2.16873370403809
4.9335,2.20423593455024
4.934,2.23809454393961
4.9345,2.27359677586353
4.935,2.30975645731288
4.9355,2.34361506887018
4.936,2.37911730314973
4.9365,2.41429081387491
4.937,2.44880687663823
4.9375,2.48496656235552
4.938,2.50107405903051
4.9385,2.46754416820905
4.939,2.43171320735495
4.9395,2.39621097180758
4.94,2.36169491029712
4.9405,2.32652140080777
4.941,2.29069044335708
4.9415,2.25650310854721
4.942,2.22100087698128
4.9425,2.18582737049426
4.943,2.15131131338936
4.9435,2.11646653257023
4.944,2.08030685501205
4.9445,2.04546207541863
4.945,2.01028857205801
4.9455,1.97478634491823
4.946,1.9412564642137
4.9465,1.90575423806976
4.947,1.86992328808647
4.9475,1.83606468438775
4.948,1.79990501095055
4.9485,1.76506023510814
4.949,1.73021545961041
4.9495,1.69438451155243
4.95,1.65953973667138
4.9505,1.62469496205371
4.951,1.58952146338701
4.9515,1.55401924065003
4.952,1.52016063951256
4.9525,1.48432969283766
4.953,1.44882747057817
4.9535,1.41464014553887
4.954,1.37913792345843
4.9545,1.34363570142715
4.955,1.30911965225022
4.9555,1.27394615451071
4.956,1.23811520817984
4.9565,1.20392788318027
4.957,1.16809693669551
4.9575,1.13259471437032
4.958,1.0984073890287
4.9585,1.0635626149553
4.959,1.02773166782633
4.9595,0.991900720461127
4.96,0.957713394287685
4.9605,0.922211170670806
4.961,0.887037671034839
4.9615,0.852521619661699
4.962,0.81701939502505
4.9625,0.781845894295787
4.963,0.747329841769505
4.9635,0.712156340179923
4.964,0.676654113794268
4.9645,0.642138059872485
4.965,0.60696455677901
4.9655,0.571133604455702
4.966,0.53694627323202
4.9665,0.501444044040358
4.967,0.465941814195861
4.9675,0.431425756749742
4.968,0.395594801167977
4.9685,0.360750017955388
4.969,0.326233958385933
4.9695,0.291060449291523
4.97,0.255229490600111
4.9705,0.220713428657186
4.971,0.185868641473536
4.9715,0.150037680158053
4.972,0.115850340034864
4.9725,0.0806768257083436
4.973,0.0445171370703231
4.9735,0.0103297941142907
4.974,-0.0251724476743572
4.9745,-0.0603459660610704
4.975,-0.0948620365575105
4.9755,-0.131021730604349
4.976,-0.165537803315375
4.9765,-0.199725152629647
4.977,-0.235884850244939
4.9775,-0.270729650984334
4.978,-0.305574452947539
4.9785,-0.341076705290838
4.979,-0.375921509806565
4.9795,-0.410437591037755
4.98,-0.445939847381638
4.9805,-0.481770829751599
4.981,-0.515629465814847
4.9815,-0.550803001778696
4.982,-0.586305263865322
4.9825,-0.620492628795086
4.983,-0.656652343266356
4.9835,-0.691497160579086
4.984,-0.72601325472626
4.9845,-0.761515524604049
4.985,-0.7970177961448
4.9855,-0.831205170337819
4.986,-0.867036170001076
4.9865,-0.90253844665214
4.987,-0.937054550653982
4.9875,-0.972228106009605
4.988,-1.00773038800474
4.9885,-1.04257522214166
4.989,-1.07774878297332
4.9895,-1.11292234568555
4.99,-1.14809591030597
4.9905,-1.18294075193206
4.991,-1.21811432043321
4.9915,-1.2542740658277
4.992,-1.28813273844928
4.9925,-1.32363503799174
4.993,-1.35946606467203
4.9935,-1.3933247432636
4.994,-1.42882704914804
4.9945,-1.46465808231434
4.995,-1.49851676711365
4.9955,-1.53369035446342
4.996,-1.56952139434588
4.9965,-1.60370881073803
4.997,-1.63921113005429
4.9975,-1.67471345173549
4.998,-1.7095583253423
4.9985,-1.74473192653737
4.999,-1.77990553013664
4.9995,-1.81442168556523
5,-1.84959529400951
5.0005,-1.88542635563577
5.001,-1.91928506764343
5.0015,-1.95478740897703
5.002,-1.99094720376676
5.0025,-2.02480592319436
5.003,-2.06030827239053
5.0035,-2.09515317330265
5.004,-2.12999807684423
5.0045,-2.16550043412815
5.005,-2.20100279419794
5.0055,-2.23519025470246
5.006,-2.27069262032341
5.0065,-2.30619498881437
5.007,-2.34038245750767
5.0075,-2.3762135574158
5.008,-2.4117159346047
5.0085,-2.44557468599849
5.009,-2.48140579482442
5.0095,-2.48830903632906
5.01,-2.45379282995261
5.0105,-2.41861917495915
5.011,-2.3827880714863
5.0115,-2.34892932510392
5.012,-2.31309822746776
5.0125,-2.27759585841544
5.013,-2.24373712023932
5.0135,-2.20790603120411
5.014,-2.17240367058931
5.0145,-2.13821621485808
5.015,-2.10271385969586
5.0155,-2.06721150726931
5.016,-2.03203788299805
5.0165,-1.9975217122044
5.017,-1.9620193677168
5.0175,-1.92585957510163
5.018,-1.89232958799111
5.0185,-1.85616980053577
5.019,-1.82132491693425
5.0195,-1.78746621160074
5.02,-1.75163515695982
5.0205,-1.71646155529507
5.021,-1.68161668122833
5.0215,-1.64611435908397
5.022,-1.6109407644824
5.0225,-1.57642462248247
5.023,-1.54092230727916
5.0235,-1.50509126925318
5.024,-1.471232584058
5.0245,-1.43540155047797
5.025,-1.4002279692371
5.0255,-1.36604056521629
5.026,-1.33020953813799
5.0265,-1.2950359631962
5.027,-1.26051984024749
5.0275,-1.22501754439056
5.028,-1.19017270043461
5.0285,-1.15499913349523
5.029,-1.11982556849707
5.0295,-1.08498073029238
5.03,-1.05046461880154
5.0305,-1.01463360971889
5.031,-0.979131327364334
5.0315,-0.945272670904683
5.032,-0.909441667317396
5.0325,-0.87393939032327
5.033,-0.839752014134106
5.0335,-0.803921015806584
5.034,-0.768747468670998
5.0345,-0.734231372607096
5.035,-0.698729103988028
5.0355,-0.663226836981705
5.036,-0.628710745578089
5.0365,-0.593537206328001
5.037,-0.558363668578349
5.0375,-0.523190132301518
5.038,-0.488345322087884
5.0385,-0.452514339451119
5.039,-0.41832698121595
5.0395,-0.38282472594954
5.04,-0.347651196610267
5.0405,-0.313463842243963
5.041,-0.277632866369549
5.0415,-0.242788065389833
5.042,-0.208271990133068
5.0425,-0.172441017991302
5.043,-0.136938771562019
5.0435,-0.10275142424855
5.044,-0.067249180076181
5.0445,-0.0314182125437597
5.045,0.00309785605788811
5.0455,0.0372851992169166
5.046,0.0731161636244404
5.0465,0.108289678157379
5.047,0.142148294053566
5.0475,0.17830797998929
5.048,0.213481491764934
5.0485,0.248326278276617
5.049,0.283171063964402
5.0495,0.318344573237188
5.05,0.352860632975664
5.0505,0.388362865088827
5.051,0.424522545180953
5.0515,0.45838115404936
5.052,0.493554659687888
5.0525,0.529714337707509
5.053,0.563572944714423
5.0535,0.599075172831946
5.054,0.634906124701222
5.0545,0.668764730084385
5.055,0.704924405215641
5.0555,0.739769182588038
5.056,0.774613959515174
5.0565,0.809787460328674
5.057,0.845289685044591
5.0575,0.87947701219138
5.058,0.914321787602878
5.0585,0.950481459871484
5.059,0.984340061809852
5.0595,1.02017100922863
5.06,1.05567323212001
5.0605,1.09018928195214
5.061,1.12569150445745
5.0615,1.16053627824836
5.062,1.19505232763877
5.0625,1.23022582549379
5.063,1.26638549611457
5.0635,1.30090154530336
5.064,1.33607504303524
5.0645,1.37157726505973
5.065,1.4057645900126
5.0655,1.44159553642798
5.066,1.4770977586638
5.0665,1.51161380818173
5.067,1.54711603069623
5.0675,1.58261825339423
5.068,1.61647685486803
5.0685,1.65197907800647
5.069,1.68748130141228
5.0695,1.72199735222902
5.07,1.75717085194735
5.0705,1.79267307631208
5.071,1.82686040383685
5.0715,1.86236262897415
5.072,1.89786485454709
5.0725,1.93238090763207
5.073,1.96788313414741
5.0735,2.00338536118278
5.074,2.03790141577049
5.0745,2.07307491957731
5.075,2.10890587266336
5.0755,2.14407937769572
5.076,2.17826671031129
5.0765,2.21409766537269
5.077,2.24861372369089
5.0775,2.28378723146315
5.078,2.31863201561147
5.0785,2.35413424931063
5.079,2.38865031064598
5.0795,2.42415254600726
5.08,2.45998350666742
5.0805,2.49384212172392
5.081,2.49186977519254
5.0815,2.4563675381187
5.082,2.42152275076532
5.0825,2.38634923986539
5.083,2.35084700541521
5.0835,2.31665966931858
5.084,2.28082871208899
5.0845,2.24565520437927
5.085,2.21146787048132
5.0855,2.17629436418175
5.086,2.14013468551077
5.0865,2.10594735357719
5.087,2.07044512487999
5.0875,2.0352716211164
5.088,2.00075556656911
5.0885,1.96558206389485
5.089,1.92975111309528
5.0895,1.89523506004464
5.09,1.86039028312202
5.0905,1.8252167823128
5.091,1.79070073050434
5.0915,1.75486978186207
5.092,1.71969628216535
5.0925,1.68518023136806
5.093,1.64902055940178
5.0935,1.61384706057134
5.094,1.57933101054336
5.0945,1.54448623642995
5.095,1.50931273820959
5.0955,1.47479668870052
5.096,1.43929446647198
5.0965,1.40379224434071
5.097,1.36960491939083
5.0975,1.3344314216458
5.098,1.29827175108023
5.0985,1.26441315044571
5.099,1.22858220410044
5.0995,1.19307998196206
5.1,1.15889265684606
5.1005,1.12404788304878
5.101,1.08788821196897
5.1015,1.05370088640958
5.102,1.01819866350572
5.1025,0.983025164651882
5.103,0.948180389827422
5.1035,0.912678166128398
5.104,0.877504666403528
5.1045,0.842002442031646
5.105,0.807815114499475
5.1055,0.77198416504504
5.106,0.736810663772207
5.1065,0.702294610678145
5.107,0.666792384152921
5.1075,0.631618881434081
5.108,0.597102826840757
5.1085,0.561929323027926
5.109,0.526427094278647
5.1095,0.491582313594696
5.11,0.456737532274267
5.1105,0.42156402592893
5.111,0.386719243248363
5.1115,0.35088828672479
5.112,0.31571477817885
5.1125,0.28119871762625
5.113,0.246025207494944
5.1135,0.210522972116646
5.114,0.176006909094589
5.1145,0.141490845209434
5.115,0.105002433849153
5.1155,0.0711438169864434
5.116,0.0356415769715883
5.1165,-0.000189388527612314
5.117,-0.0347054572252703
5.1175,-0.0692215269453243
5.118,-0.105381220158015
5.1185,-0.139239843054278
5.119,-0.175070814070163
5.1195,-0.210573061780674
5.12,-0.244431688050327
5.1205,-0.280262662719452
5.121,-0.315764914134208
5.1215,-0.349952268582849
5.122,-0.385783247169402
5.1225,-0.420628053364158
5.123,-0.455472860898216
5.1235,-0.490646394417278
5.124,-0.526148653988377
5.1245,-0.560664741096086
5.125,-0.595838278943053
5.1255,-0.63134054296625
5.126,-0.665199185106896
5.1265,-0.701358901607859
5.127,-0.737189895065706
5.1275,-0.7707198170649
5.128,-0.806550813789842
5.1285,-0.842053087480946
5.129,-0.87656918855867
5.1295,-0.912071465683769
5.13,-0.946916294966451
5.1305,-0.981761125993918
5.131,-1.01693468363926
5.1315,-1.05276569284494
5.132,-1.08695307957504
5.1325,-1.12179791788532
5.133,-1.15762893282508
5.1335,-1.193131224846
5.134,-1.22731861906009
5.1345,-1.26347836499492
5.135,-1.29832321310344
5.1355,-1.33316806322749
5.136,-1.36834164042416
5.1365,-1.40384394477981
5.137,-1.43836007610106
5.1375,-1.47386238477687
5.138,-1.50936469568539
5.1385,-1.54322338319497
5.139,-1.57905442370038
5.1395,-1.6142280162165
5.14,-1.64874416064266
5.1405,-1.68457520818158
5.141,-1.71974880768577
5.1415,-1.75393623378792
5.142,-1.79009601387552
5.1425,-1.8252696206163
5.143,-1.85912832850098
5.1435,-1.89463066546445
5.144,-1.93046173037529
5.1445,-1.96464917092188
5.145,-1.99982279017905
5.1455,-2.03598258839237
5.146,-2.06984131105957
5.1465,-2.10501493818798
5.147,-2.14084601905378
5.1475,-2.17503347498322
5.148,-2.21053583580592
5.1485,-2.24636692505309
5.149,-2.28055438905958
5.1495,-2.3160567583528
5.15,-2.35123040487039
5.1505,-2.38574660285112
5.151,-2.4209202551024
5.1515,-2.4570800875795
5.152,-2.4912675684377
5.1525,-2.47844726278619
5.153,-2.44327360572025
5.1535,-2.40842867733271
5.154,-2.37325502611714
5.1545,-2.33775265212758
5.155,-2.30356518364192
5.1555,-2.26806281536452
5.156,-2.23223172436271
5.1565,-2.19804426408503
5.157,-2.16221317870748
5.1575,-2.12703954719543
5.158,-2.09285209485973
5.1585,-2.05702101772226
5.159,-2.02217611965689
5.1595,-1.98765994958198
5.16,-1.95215760582588
5.1605,-1.91632653931622
5.161,-1.88148165147622
5.1615,-1.84696549142334
5.162,-1.81146315786465
5.1625,-1.77596082680868
5.163,-1.74177339924182
5.1635,-1.70594234778453
5.164,-1.6707687492088
5.1645,-1.63625260335466
5.165,-1.60075028423421
5.1655,-1.56557669259275
5.166,-1.53138927858736
5.1665,-1.49588696627947
5.167,-1.4603846562219
5.1675,-1.42553979851134
5.168,-1.39102366795733
5.1685,-1.35519263935765
5.169,-1.32034778794579
5.1695,-1.28517421358187
5.17,-1.24934319133073
5.1705,-1.21548452085059
5.171,-1.17965350264016
5.1715,-1.14447993628422
5.172,-1.11029254653861
5.1725,-1.074790259093
5.173,-1.03961669841826
5.1735,-1.0047718644345
5.174,-0.969598307416505
5.1745,-0.934424752194183
5.175,-0.899579923530452
5.1755,-0.864735096575036
5.176,-0.828575372266712
5.1765,-0.794716722938427
5.177,-0.759214451506321
5.1775,-0.723383457022908
5.178,-0.68952481238823
5.1785,-0.653693821112128
5.179,-0.618191556110746
5.1795,-0.583675466621846
5.18,-0.548173204646892
5.1805,-0.512999668791607
5.181,-0.478154858987692
5.1815,-0.4433100505674
5.182,-0.407807794326874
5.1825,-0.373620437770298
5.183,-0.337789459648196
5.1835,-0.301629758323389
5.184,-0.267771130119672
5.1845,-0.232597604954371
5.185,-0.196766631971793
5.1855,-0.16257928275372
5.186,-0.127077036650458
5.1865,-0.091574791702728
5.187,-0.0577161702567627
5.1875,-0.0222139274846729
5.188,0.0123021408494056
5.1885,0.0471469326428912
5.189,0.0826491723315363
5.1895,0.118480135460278
5.19,0.15299619993533
5.1905,0.187840987940924
5.191,0.223671948284419
5.1915,0.2588454589472
5.192,0.293032795616955
5.1925,0.328535029046926
5.193,0.363708537313024
5.1935,0.39855332046425
5.194,0.43405555162603
5.1945,0.469229057728165
5.195,0.504073838817336
5.1955,0.539247343620737
5.196,0.574749572148463
5.1965,0.609265627091602
5.197,0.644439130149537
5.1975,0.680598805639695
5.198,0.714128686075775
5.1985,0.750288360573997
5.199,0.785461861679409
5.1995,0.820306638063349
5.2,0.855808862664357
5.2005,0.890653638302258
5.201,0.925498413611148
5.2015,0.960343188617875
5.202,0.995516687637977
5.2025,1.03069018640516
5.203,1.06586368494703
5.2035,1.10136590757395
5.204,1.13522450862136
5.2045,1.1703980066566
5.205,1.20688640169282
5.2055,1.24074500240781
5.206,1.27657594873507
5.2065,1.31174944647313
5.207,1.34593677137269
5.2075,1.38242516624116
5.208,1.41726993976978
5.2085,1.4517859890954
5.209,1.48695948708406
5.2095,1.52279043377007
5.21,1.55664903492001
5.2105,1.59215125767212
5.211,1.62798220493165
5.2115,1.6621695309925
5.212,1.6976717544803
5.2125,1.73284525397617
5.213,1.76703258090108
5.2135,1.80319225397331
5.214,1.8380370302237
5.2145,1.872553082565
5.215,1.90871275689673
5.2155,1.94355753444364
5.216,1.97774486382608
5.2165,2.01357581533928
5.217,2.04874931875213
5.2175,2.08326537406082
5.218,2.11843887863765
5.2185,2.15426983254471
5.219,2.18845716534788
5.2195,2.22395939625045
5.22,2.25913290350754
5.2205,2.29430641150373
5.221,2.32882247149751
5.2215,2.36432470543171
5.222,2.39949821580307
5.2225,2.43434300261578
5.223,2.46951651470501
5.2235,2.5053474765483
5.224,2.48200804257904
5.2245,2.44683453017182
5.225,2.41166101865106
5.2255,2.37648750798915
5.226,2.34098527377136
5.2265,2.30515431599242
5.227,2.27096698088033
5.2275,2.23579347337765
5.228,2.19996251787755
5.2285,2.16643263356573
5.229,2.13027295508383
5.2295,2.09509945029858
5.23,2.06091211912983
5.2305,2.02573861552165
5.231,1.99023638814428
5.2315,1.95506288562503
5.232,1.92054683223761
5.2325,1.8843871577487
5.233,1.85052855388138
5.2335,1.81502632888298
5.234,1.77952410428236
5.2345,1.7450080529417
5.235,1.70983455333625
5.2355,1.67367488116533
5.236,1.63981627930999
5.2365,1.60431405625662
5.237,1.5688118334325
5.2375,1.53495323222295
5.238,1.49945100976479
5.2385,1.463948787452
5.239,1.4297614623728
5.2395,1.39425924026281
5.24,1.35875701821407
5.2405,1.32424096903175
5.241,1.28939619557646
5.2415,1.25290780070795
5.242,1.21839175145815
5.2425,1.18321825357382
5.243,1.14738730702218
5.2435,1.11352870602528
5.244,1.07802648346083
5.2445,1.04219553641894
5.245,1.00833693488002
5.2455,0.972834711665055
5.246,0.937332488174275
5.2465,0.903145161562634
5.247,0.867314213148869
5.2475,0.831811988670688
5.248,0.797295936722368
5.2485,0.762779884380638
5.249,0.726620210048437
5.2495,0.69111798386352
5.25,0.656930654471406
5.2505,0.621428427275945
5.251,0.586583648190924
5.2515,0.551738868542619
5.252,0.515907915269715
5.2525,0.480734410045561
5.253,0.446547077235636
5.2535,0.411702295052815
5.254,0.375542614690745
5.2545,0.341355279811838
5.255,0.306181771055432
5.2555,0.270022088328248
5.256,0.236163475532607
5.2565,0.200332515503147
5.257,0.164830278979909
5.2575,0.131300388084021
5.258,0.095140700874493
5.2585,0.0596384615366421
5.259,0.0257798434533668
5.2595,-0.0103798468001925
5.26,-0.0452246402685326
5.2605,-0.0797407103053621
5.261,-0.114914230382263
5.2615,-0.151073925091959
5.262,-0.185261273937731
5.2625,-0.220434797471526
5.263,-0.256265771285104
5.2635,-0.290453123641666
5.264,-0.326284099988196
5.2645,-0.361128903958093
5.265,-0.395644984637365
5.2655,-0.431475964998798
5.266,-0.466978222175141
5.2665,-0.500508133040736
5.267,-0.536339117654938
5.2675,-0.571841379129294
5.268,-0.606028743458531
5.2685,-0.641531007926269
5.269,-0.677361998653922
5.2695,-0.711878092175905
5.27,-0.746722911954504
5.2705,-0.782553907536748
5.271,-0.816741281063122
5.2715,-0.852243555247142
5.272,-0.888074555951921
5.2725,-0.921604484843982
5.273,-0.957435489053808
5.2735,-0.992609045447743
5.274,-1.02712515395248
5.2745,-1.06295616370442
5.275,-1.09780100073592
5.2755,-1.13264583962845
5.276,-1.16781940533097
5.2765,-1.2033216979254
5.277,-1.23816654261746
5.2775,-1.27334011425666
5.278,-1.30917113792474
5.2785,-1.34434471369861
5.279,-1.37853211645333
5.2795,-1.41436314648712
5.28,-1.44953672859325
5.2805,-1.48372413758184
5.281,-1.51922644911559
5.2815,-1.55472876291832
5.282,-1.58924490353993
5.2825,-1.62441849672007
5.283,-1.66024954261511
5.2835,-1.69377951436508
5.284,-1.7299392902294
5.2845,-1.7651128928142
5.285,-1.79995777252748
5.2855,-1.83513137995728
5.286,-1.87030498986224
5.2865,-1.90449242618683
5.287,-1.93999476643825
5.2875,-1.97582583470428
5.288,-2.01067072935266
5.2885,-2.04485817565071
5.289,-2.08101797733416
5.2895,-2.11553415429849
5.29,-2.15070778492291
5.2905,-2.18653886938695
5.291,-2.22006887761736
5.2915,-2.25589996763419
5.292,-2.29173106056238
5.2925,-2.32591852811549
5.293,-2.36076344974863
5.2935,-2.39626582564832
5.294,-2.43143947877447
5.2945,-2.46661313484392
5.295,-2.50145806808504
5.2955,-2.46891421525077
5.296,-2.43341183324227
5.2965,-2.39790945423392
5.297,-2.36372198096084
5.2975,-2.32756215643111
5.298,-2.29238851183615
5.2985,-2.25787232129737
5.299,-2.22236995670584
5.2995,-2.18686759494566
5.3,-2.15235141258856
5.3005,-2.11750650734603
5.301,-2.08134670281689
5.3015,-2.04715925385622
5.302,-2.01198563108755
5.3025,-1.97615456011359
5.303,-1.94229584413674
5.3035,-1.9061360529932
5.304,-1.87129116587683
5.3045,-1.83644628121743
5.305,-1.8012726736956
5.3055,-1.76642779389216
5.306,-1.73125419121739
5.3065,-1.69640931616151
5.307,-1.66090699302108
5.3075,-1.62540467226295
5.308,-1.59121725449873
5.3085,-1.5553862131955
5.309,-1.52054134958616
5.3095,-1.48602521326119
5.31,-1.45052290382367
5.3105,-1.41502059660018
5.311,-1.38050446667302
5.3115,-1.34533088875029
5.312,-1.3098285879202
5.3125,-1.27498373914915
5.313,-1.23948144245555
5.3135,-1.20463659768967
5.314,-1.17012047979042
5.3145,-1.1349469139611
5.315,-1.09911590028281
5.3155,-1.06525723779116
5.316,-1.02975495276805
5.3165,-0.994252669622443
5.317,-0.96006528760058
5.3175,-0.924234283255709
5.318,-0.888403280737303
5.3185,-0.854215903863547
5.319,-0.819042354337821
5.3195,-0.783868806489566
5.32,-0.749352709737858
5.3205,-0.713850440423257
5.321,-0.678348172733495
5.3215,-0.64383208067702
5.322,-0.608658540773399
5.3225,-0.572827553080579
5.323,-0.538640190112659
5.3235,-0.503137930025917
5.324,-0.467635671395484
5.3245,-0.433448312582742
5.325,-0.397946056728415
5.3255,-0.363101251391042
5.326,-0.328256447348648
5.3265,-0.292754195477453
5.327,-0.257251944894302
5.3275,-0.222407144621067
5.328,-0.187562345534413
5.3285,-0.151402649594864
5.329,-0.117215301828058
5.3295,-0.0820417816784245
5.33,-0.0468682626276683
5.3305,-0.0123521935727148
5.331,0.022821323382381
5.3315,0.05832356376424
5.332,0.0925109054018665
5.3325,0.128013143833372
5.333,0.163186656896535
5.3335,0.197702720236125
5.334,0.233204955930918
5.3345,0.268707190758335
5.335,0.303223251591501
5.3355,0.338068036035724
5.336,0.374556441579147
5.3365,0.408743775779105
5.337,0.443588558020149
5.3375,0.479090788290259
5.338,0.514593017889655
5.3385,0.549109073828566
5.339,0.584611302188388
5.3395,0.62011352996189
5.34,0.654300859882807
5.3405,0.689474362268966
5.341,0.725634037105371
5.3415,0.75982136558934
5.342,0.794994866578781
5.3425,0.831154540065663
5.343,0.865013143055024
5.3435,0.900515367195481
5.344,0.935688866709219
5.3445,0.970204917342212
5.345,1.00570714057664
5.3455,1.0408806392757
5.346,1.07539668918952
5.3465,1.1108989117672
5.347,1.14640113417948
5.3475,1.18091718361539
5.348,1.21609068150578
5.3485,1.25126417931642
5.349,1.28610895279695
5.3495,1.32193989908673
5.35,1.35744212110196
5.3505,1.39195817031366
5.351,1.4268029438606
5.3515,1.46263389033172
5.352,1.49714993979597
5.3525,1.53265216224385
5.353,1.5674969362949
5.3535,1.60234171053842
5.354,1.63784393357831
5.3545,1.67301743258323
5.355,1.70786220757336
5.3555,1.7427069828641
5.356,1.77853793138219
5.3565,1.81305398306166
5.357,1.84822748372998
5.3575,1.88405843343737
5.358,1.91791703771282
5.3585,1.95374798834447
5.359,1.98892149084451
5.3595,2.02310882088203
5.36,2.05861104878279
5.3605,2.09411327727614
5.361,2.12895805769738
5.3615,2.16413156309622
5.362,2.19930506915958
5.3625,2.23316367845348
5.363,2.26899463464568
5.3635,2.30482559161289
5.364,2.33901292745018
5.3645,2.37418643722745
5.365,2.41034612104095
5.3655,2.44519090811861
5.366,2.47970697164625
5.3665,2.50633364982359
5.367,2.47116013678716
5.3675,2.4369727978815
5.368,2.40147056220392
5.3685,2.36662577617825
5.369,2.33145226657567
5.3695,2.29595003339125
5.37,2.26044780098926
5.3705,2.2259317424327
5.371,2.19141568456277
5.3715,2.15558472994858
5.372,2.12106867339728
5.3725,2.08589516877441
5.373,2.05006421608693
5.3735,2.01653433429651
5.374,1.98103210706132
5.3745,1.94487243171884
5.375,1.91101382709775
5.3755,1.87551160135626
5.376,1.84000937606093
5.3765,1.80516459978857
5.377,1.7696623752934
5.3775,1.7344888754557
5.378,1.70030154882447
5.3785,1.66512804960557
5.379,1.62896837779544
5.3795,1.59478105195844
5.38,1.55993627775896
5.3805,1.52377660661687
5.381,1.4902467298931
5.3815,1.45408705905375
5.382,1.41891356116433
5.3825,1.38439751191101
5.383,1.34856656559628
5.3835,1.31372179214028
5.384,1.27920574295925
5.3845,1.24337479663544
5.385,1.20820129880931
5.3855,1.17302780089724
5.386,1.13851175143403
5.3865,1.10268080470478
5.387,1.06783603065354
5.3875,1.03266253212349
5.388,0.997489033369676
5.3885,0.963301707237464
5.389,0.927470759374061
5.3895,0.892297259786275
5.39,0.858109932764332
5.3905,0.822607708188129
5.391,0.787434207523158
5.3915,0.752918155064233
5.392,0.717744653547637
5.3925,0.681913702920105
5.393,0.647068924749113
5.3935,0.612224146061438
5.394,0.576064469489756
5.3945,0.541219689666126
5.395,0.506703633590743
5.3955,0.470543955139456
5.396,0.435370449062718
5.3965,0.401183115389984
5.397,0.366009607920854
5.3975,0.330507375325133
5.398,0.295991315100362
5.3985,0.260489080920244
5.399,0.224658121492146
5.3995,0.190470783226436
5.4,0.155625995287477
5.4005,0.119795033171011
5.401,0.0852789678243851
5.4015,0.0504341771007617
5.402,0.0142744875812981
5.4025,-0.0195841317667573
5.403,-0.0554150989329451
5.4035,-0.090259893763522
5.404,-0.124775965183945
5.4045,-0.160606935717186
5.405,-0.195780458421046
5.4055,-0.230625257785135
5.406,-0.265798782881458
5.4065,-0.301301033772099
5.407,-0.335488387705103
5.4075,-0.370661916589161
5.408,-0.406821620562246
5.4085,-0.44068025376089
5.409,-0.47618251130457
5.4095,-0.511684770283001
5.41,-0.545872132163281
5.4105,-0.581703118694715
5.411,-0.616547932768771
5.4115,-0.651392748333077
5.412,-0.686895014808129
5.4125,-0.72239728288646
5.413,-0.75658465368889
5.4135,-0.792086924996976
5.414,-0.827589197992476
5.4145,-0.861776573609473
5.415,-0.897278849999877
5.4155,-0.93310985296799
5.416,-0.966639784011266
5.4165,-1.00247079055545
5.417,-1.03797307413314
5.4175,-1.07248918497304
5.418,-1.10799147229377
5.4185,-1.14283631173564
5.419,-1.17735242814603
5.4195,-1.21252599633343
5.42,-1.2483570164361
5.4205,-1.2832018636783
5.421,-1.31837543792691
5.4215,-1.3542064642895
5.422,-1.38938004274414
5.4225,-1.42356744813835
5.423,-1.45939848097437
5.4235,-1.49424334076438
5.424,-1.52875947759787
5.4245,-1.5642617920147
5.425,-1.59976410873653
5.4255,-1.63460897741752
5.426,-1.67011129879055
5.4265,-1.70561362255325
5.427,-1.7398010477209
5.4275,-1.77464592570615
5.428,-1.81080570726689
5.4285,-1.84466441417184
5.429,-1.88016675009672
5.4295,-1.91534036321114
5.43,-1.95018525347193
5.4305,-1.98535887166612
5.431,-2.02118994333412
5.4315,-2.05537739039681
5.432,-2.09087974191779
5.4325,-2.12605337065008
5.433,-2.16024082546653
5.4335,-2.19574318512182
5.434,-2.23124554758717
5.4345,-2.26641918727321
5.435,-2.30093537848536
5.4355,-2.33676647511418
5.436,-2.37128267192943
5.4365,-2.40645632298178
5.437,-2.44228742846202
5.4375,-2.47614618232658
5.438,-2.49323992318854
5.4385,-2.45773753910798
5.439,-2.42322133525821
5.4395,-2.38771895710577
5.44,-2.35254530759963
5.4405,-2.31802911228738
5.441,-2.28252674283344
5.4415,-2.24702437625897
5.442,-2.21217946368991
5.4425,-2.17733455384047
5.443,-2.14216092115732
5.4435,-2.10764474219305
5.444,-2.07181366391202
5.4445,-2.03696876474612
5.445,-2.0024525935923
5.4455,-1.96695024873813
5.446,-1.93111918113223
5.4465,-1.89660301759304
5.447,-1.86142940581945
5.4475,-1.82559834592454
5.448,-1.79239709087713
5.4485,-1.75623731062634
5.449,-1.72073498340704
5.4495,-1.68687628471231
5.45,-1.65104523701718
5.4505,-1.61554291691577
5.451,-1.58069804946802
5.4515,-1.54585318425337
5.452,-1.51002214590863
5.4525,-1.47484856004961
5.453,-1.44033242652496
5.4535,-1.40515884498276
5.454,-1.369656540547
5.4545,-1.33546913830728
5.455,-1.29963811307136
5.4555,-1.26446453991392
5.456,-1.22961969373817
5.4565,-1.19477484952502
5.457,-1.15894383249408
5.4575,-1.12442771707902
5.458,-1.08991160351017
5.4585,-1.05375186743741
5.459,-1.01989320726271
5.4595,-0.984062199803081
5.46,-0.9485599190321
5.4605,-0.914372539262371
5.461,-0.878870262022544
5.4615,-0.84303926177467
5.462,-0.808523162283402
5.4625,-0.773678339665422
5.463,-0.738504793939862
5.4635,-0.703988699236551
5.464,-0.668157707303862
5.4645,-0.632655441663537
5.465,-0.597810626903929
5.4655,-0.563294538266942
5.466,-0.527463552519156
5.4665,-0.49360491599257
5.467,-0.457773933141655
5.4675,-0.421942951737185
5.468,-0.388084319235834
5.4685,-0.352582065129805
5.469,-0.317079812359669
5.4695,-0.282892459076367
5.47,-0.247390208845966
5.4705,-0.211887959867325
5.471,-0.177043161133608
5.4715,-0.142855812552006
5.472,-0.106696118115089
5.4725,-0.0721800472554601
5.473,-0.0366778040386264
5.4735,-0.00117556190502358
5.474,0.0323543324743356
5.4745,0.0678565725829413
5.475,0.103030087260228
5.4755,0.137874876560936
5.476,0.173048389367194
5.4765,0.208550625681038
5.477,0.242737963514877
5.4775,0.278568922504733
5.478,0.313413707499198
5.4785,0.348258491719913
5.479,0.383431999562646
5.4795,0.419262955396139
5.48,0.454107737431046
5.4805,0.488952518800601
5.481,0.524454748218726
5.4815,0.559628252664653
5.482,0.594144307850638
5.4825,0.629975259798747
5.483,0.665477486864387
5.4835,0.699993540455622
5.484,0.735167042206464
5.4845,0.770669267809076
5.485,0.805185320058583
5.4855,0.840358820523952
5.486,0.876189769211022
5.4865,0.910048371767785
5.487,0.945221871197516
5.4875,0.981381543203903
5.488,1.01524014491998
5.4885,1.051071092128
5.489,1.08657331483539
5.4895,1.1201031916666
5.49,1.15659158688238
5.4905,1.19110763628505
5.491,1.22628113414949
5.4915,1.26145463194218
5.492,1.29728557824653
5.4925,1.33147290314486
5.493,1.36697512516584
5.4935,1.40280607150484
5.494,1.43732212079573
5.4945,1.47282434301812
5.495,1.50799784108295
5.4955,1.54218516644777
5.496,1.57768738911859
5.4965,1.61253216342348
5.497,1.64704821366634
5.4975,1.68287916132508
5.498,1.71772393639756
5.4985,1.75256871177826
5.499,1.78807093609583
5.4995,1.82357316078961
5.5,1.8577604886546
5.5005,1.89392016279436
5.501,1.92909366446151
5.5015,1.96295226932316
5.502,1.99878322061082
5.5025,2.03461417245337
5.503,2.06847277885918
5.5035,2.10397500752218
5.504,2.1391485124658
5.5045,2.17366456934566
5.505,2.20883807559387
5.5055,2.24434030690909
5.506,2.27885636584252
5.5065,2.31468732302817
5.507,2.34986083224797
5.5075,2.38404816908839
5.508,2.41955040433704
5.5085,2.45538136487978
5.509,2.48989742866406
5.5095,2.4964719171036
5.51,2.46129840432385
5.5105,2.42546744363006
5.511,2.3912801058282
5.5115,2.35544914687079
5.512,2.32027563752409
5.5125,2.28575957771557
5.513,2.25025734553292
5.5135,2.21541256281985
5.514,2.18089650515399
5.5145,2.14539427509252
5.515,2.10989204569306
5.5155,2.07537598994018
5.516,2.0402024860954
5.5165,2.00437153416368
5.517,1.97051292872444
5.5175,1.93501070217155
5.518,1.89917975179926
5.5185,1.86564987206402
5.519,1.82949019827715
5.5195,1.79431669781943
5.52,1.7601293706306
5.5205,1.72429842229404
5.521,1.68879619858097
5.5215,1.65460887232331
5.522,1.61910664916604
5.5225,1.58294697767942
5.523,1.54941710068005
5.5235,1.51424360243639
5.524,1.47841265578592
5.5245,1.44422533066393
5.525,1.40905183279957
5.5255,1.37354961072875
5.526,1.33903356153633
5.5265,1.30353133952642
5.527,1.26737166894895
5.5275,1.23351306828005
5.528,1.19801084615326
5.5285,1.16185117537001
5.529,1.12832129871065
5.5295,1.09249035193455
5.53,1.05764557782979
5.5305,1.02280080352469
5.531,0.98729858041395
5.5315,0.952125081330774
5.532,0.917280306255201
5.5325,0.882106806573503
5.533,0.84660458224886
5.5335,0.812745979070124
5.534,0.777243753982924
5.5345,0.741741528463474
5.535,0.707554199750447
5.5355,0.671723248978578
5.536,0.636221022006766
5.5365,0.602033691815404
5.537,0.566531463746862
5.5375,0.531357959419913
5.538,0.496184454475646
5.5385,0.461668397595131
5.539,0.426166166985487
5.5395,0.39033521129528
5.54,0.356147876721829
5.5405,0.320645643909635
5.541,0.285800859077967
5.5415,0.250627349054698
5.542,0.215453838193718
5.5425,0.179951602054589
5.543,0.145435538269394
5.5435,0.110590749168202
5.544,0.0744310613813979
5.5445,0.0399149948048776
5.545,0.00474147834725658
5.5455,-0.0304320391411115
5.546,-0.0649481087331678
5.5465,-0.100779077320543
5.547,-0.135623873568637
5.5475,-0.170139946427663
5.548,-0.20629964301063
5.5485,-0.241473167263365
5.549,-0.275331794569127
5.5495,-0.311162770359198
5.55,-0.346665022909445
5.5505,-0.380852378474881
5.551,-0.416354633664985
5.5515,-0.451856890241989
5.552,-0.485715525147436
5.5525,-0.522203958408171
5.553,-0.557048769999616
5.5535,-0.591236133719371
5.554,-0.626738397542574
5.5545,-0.662569387607728
5.555,-0.696428031077935
5.5555,-0.732259024307689
5.556,-0.767761294475978
5.5565,-0.801948667325251
5.557,-0.837779665556871
5.5575,-0.87229576643103
5.558,-0.907140593754838
5.5585,-0.942642872413924
5.559,-0.977816428053323
5.5595,-1.01266126065051
5.56,-1.04750609504314
5.5605,-1.0836658307739
5.561,-1.11686704442598
5.5615,-1.15302678400497
5.562,-1.18852907576764
5.5625,-1.22271646972958
5.563,-1.258876215394
5.5635,-1.29372106323832
5.564,-1.32856591309463
5.5645,-1.36373949001744
5.565,-1.399241794093
5.5655,-1.43375792513842
5.566,-1.46893150843903
5.5665,-1.50476254414437
5.567,-1.53960740676016
5.5675,-1.57412354642723
5.568,-1.60962586379438
5.5685,-1.64479945830951
5.569,-1.67997305515039
5.5695,-1.71514665434462
5.57,-1.75032025591982
5.5705,-1.7851651346215
5.571,-1.82033874101859
5.5715,-1.85551234987923
5.572,-1.89002851052855
5.5725,-1.92487339897723
5.573,-1.96070446611967
5.5735,-1.99620681050961
5.574,-2.03039425576019
5.5745,-2.06622533085179
5.575,-2.10107023220853
5.5755,-2.13591513619929
5.576,-2.17141749394555
5.5765,-2.20560495219022
5.577,-2.2414360410401
5.5775,-2.2769384071639
5.578,-2.31079714790444
5.5785,-2.34629951967161
5.579,-2.38213062007468
5.5795,-2.41631809482846
5.58,-2.45182047538889
5.5805,-2.48765158475223
5.581,-2.48304942374367
5.5815,-2.44787576628937
5.582,-2.41270211179128
5.5825,-2.37785718592392
5.583,-2.34235481155328
5.5835,-2.30685244010997
5.584,-2.27266497405291
5.5845,-2.23749133386924
5.585,-2.2016602453368
5.5855,-2.16780151293682
5.586,-2.13164170443516
5.5865,-2.09712552626285
5.587,-2.0622806252026
5.5875,-2.02677827585708
5.588,-1.99160465460644
5.5885,-1.95708848674608
5.589,-1.92125741987156
5.5895,-1.88641253168059
5.59,-1.85123892063292
5.5905,-1.8167227626777
5.591,-1.7808917059734
5.5915,-1.74670427807718
5.592,-1.71120195151322
5.5925,-1.67537090215948
5.593,-1.64184093157885
5.5935,-1.6056811617496
5.594,-1.57017884464083
5.5945,-1.53632015547636
5.595,-1.50048911774739
5.5955,-1.46564425757102
5.596,-1.43047067447345
5.5965,-1.39562581857898
5.597,-1.36012351472315
5.5975,-1.32462121300905
5.598,-1.29043381335615
5.5985,-1.25460279079557
5.599,-1.21942922022869
5.5995,-1.18491310151542
5.6,-1.14941080995531
5.6005,-1.11456597015781
5.601,-1.07972113223426
5.6015,-1.04389012157849
5.602,-1.00871656253102
5.6025,-0.974200454961024
5.603,-0.938698174696381
5.6035,-0.903195896236411
5.604,-0.86900851865781
5.6045,-0.833834968418357
5.605,-0.798332695123061
5.6055,-0.763816597708764
5.606,-0.728314327724051
5.6065,-0.692812059375745
5.607,-0.658953416060559
5.6075,-0.622793701485939
5.608,-0.587620162490193
5.6085,-0.5534327989187
5.609,-0.517601813587556
5.6095,-0.482428278983004
5.61,-0.447912194997395
5.6105,-0.412409938575893
5.611,-0.377565132693097
5.6115,-0.342720328116423
5.612,-0.307546800265622
5.6125,-0.271715824607847
5.613,-0.237857197424392
5.6135,-0.202026224258248
5.614,-0.166523976837757
5.6145,-0.132336628592156
5.615,-0.0965056589885326
5.6155,-0.0613321394892444
5.616,-0.0268160700051814
5.6165,0.00769999846244986
5.617,0.0435309637291702
5.6175,0.0777183057678274
5.618,0.112891820174968
5.6185,0.148722782477183
5.619,0.182910121767213
5.6195,0.218083633427865
5.62,0.253914593017167
5.6205,0.288101929798621
5.621,0.323275438959759
5.6215,0.358777671714012
5.622,0.393293730600669
5.6225,0.428795961869565
5.623,0.46429819242752
5.6235,0.498814249259799
5.624,0.533987754156956
5.6245,0.569818707111346
5.625,0.604006037802167
5.6255,0.639508265267359
5.626,0.67501049219014
5.6265,0.710183994282576
5.627,0.745028771586044
5.6275,0.780202272756308
5.628,0.816033222112891
5.6285,0.850549273858574
5.629,0.885065325251106
5.6295,0.920896273493911
5.63,0.955083599955916
5.6305,0.990257099016213
5.631,1.02608804639295
5.6315,1.060932820678
5.632,1.09610631904823
5.6325,1.13160854152597
5.633,1.16546714245365
5.6335,1.20162681322563
5.634,1.23712903534426
5.6345,1.27131636028616
5.635,1.30648985802728
5.6355,1.34232080431546
5.636,1.37683685351078
5.6365,1.41201035130838
5.637,1.44784129773926
5.6375,1.48202862287266
5.638,1.51753084525594
5.6385,1.55336179208269
5.639,1.58754911767396
5.6395,1.62272261632796
5.64,1.65822483951138
5.6405,1.69241216579695
5.641,1.72824311383728
5.6415,1.76374533791345
5.642,1.79727521653472
5.6425,1.83343488994181
5.643,1.86827966653862
5.6435,1.90345316787326
5.644,1.93796922103171
5.6445,1.97412889627253
5.645,2.00831622609153
5.6455,2.04414717808663
5.646,2.07964940633513
5.6465,2.1135080134728
5.647,2.14933896728836
5.6475,2.18451247306888
5.648,2.21902853080462
5.6485,2.253873313591
5.649,2.28937554585121
5.6495,2.3235628813545
5.65,2.35972256394918
5.6505,2.39489607421145
5.651,2.42941213650574
5.6515,2.46458564847041
5.652,2.50041661018284
5.6525,2.48693890887677
5.653,2.45143667193112
5.6535,2.41593443589225
5.654,2.38141837391906
5.6545,2.34591613958535
5.655,2.31041390607403
5.6555,2.27524039773016
5.656,2.24039561450465
5.6565,2.20555083199006
5.657,2.17037732580582
5.6575,2.13553254463859
5.658,2.1003590397597
5.6585,2.06551425983142
5.659,2.03066948047932
5.6595,1.99483852869929
5.66,1.9593363017917
5.6605,1.92482024834604
5.661,1.88931802242338
5.6615,1.85414452126576
5.662,1.81995719344166
5.6625,1.78412624448693
5.663,1.74928146880392
5.6635,1.71476541774774
5.664,1.67893446982567
5.6645,1.64376097077575
5.665,1.60957364484197
5.6655,1.57374269770097
5.666,1.53856919933445
5.6665,1.50405314970426
5.667,1.46887965165447
5.6675,1.43370615372337
5.668,1.3988613801619
5.6685,1.36335915810682
5.669,1.32785693608827
5.6695,1.29366961118953
5.67,1.25783866488189
5.6705,1.22233644280429
5.671,1.18847784204854
5.6715,1.15264689551481
5.672,1.11714467312869
5.6725,1.08295734771671
5.673,1.04712640070342
5.6735,1.01228162633256
5.674,0.977108127436452
5.6745,0.941934628272971
5.675,0.906432404519018
5.6755,0.87257380192913
5.676,0.837071577506106
5.6765,0.802226801309891
5.677,0.76771074902596
5.6775,0.731551074758309
5.678,0.695720124322566
5.6785,0.661861519317223
5.679,0.62635929219686
5.6795,0.590857064523568
5.68,0.55699845796065
5.6805,0.521167504781172
5.681,0.485007826602636
5.6815,0.451149218227892
5.682,0.415646987409936
5.6825,0.380473480240024
5.683,0.345628696710781
5.6835,0.310783912432607
5.684,0.275281678596422
5.6845,0.239121995128288
5.685,0.205263381615605
5.6855,0.169761145218187
5.686,0.134916356750339
5.6865,0.100400291803662
5.687,0.0642406037291895
5.6875,0.0293958124192731
5.688,-0.00512025542281389
5.6885,-0.0402937732051328
5.689,-0.0761247410143189
5.6895,-0.110640811995692
5.69,-0.145485608557964
5.6905,-0.181645304296002
5.691,-0.215175205091298
5.6915,-0.251006178719109
5.692,-0.28617970453239
5.6925,-0.321024507046819
5.693,-0.356526759963985
5.6935,-0.391700289637526
5.694,-0.426545096057818
5.6945,-0.461718628430004
5.695,-0.496892162199138
5.6955,-0.531408248123646
5.696,-0.566581784742122
5.6965,-0.602084047502055
5.697,-0.635942688416121
5.6975,-0.671444954202316
5.698,-0.707604670990491
5.6985,-0.741792041135125
5.699,-0.777294311748502
5.6995,-0.813125308788797
5.7,-0.846983958962906
5.7005,-0.88281495940636
5.701,-0.917988512043902
5.7015,-0.952504616805514
5.702,-0.988006897779643
5.7025,-1.02350918059788
5.703,-1.05802529068835
5.7035,-1.09287012745866
5.704,-1.12902986569378
5.7045,-1.16255980659784
5.705,-1.19839082383402
5.7055,-1.23356439320622
5.706,-1.26775178965542
5.7065,-1.30358281299235
5.707,-1.3394138384648
5.7075,-1.3736012409332
5.708,-1.40910354560953
5.7085,-1.44460585246677
5.709,-1.47879326115778
5.7095,-1.51429557237864
5.71,-1.54979788586454
5.7105,-1.58365657586231
5.711,-1.61981634421062
5.7115,-1.65564738979616
5.712,-1.6908209873599
5.7125,-1.72500841155422
5.713,-1.76018201380194
5.7135,-1.79568434375471
5.714,-1.82954304964021
5.7145,-1.86570283515352
5.715,-1.90054772187405
5.7155,-1.93605006183772
5.716,-1.97056622818597
5.7165,-2.00606857330931
5.717,-2.04058474472759
5.7175,-2.07575836964202
5.718,-2.11158944822884
5.7185,-2.14577690196163
5.719,-2.18095053492558
5.7195,-2.21678162179729
5.72,-2.25162653472755
5.7205,-2.28680017604063
5.721,-2.32197382018346
5.7215,-2.35616129012579
5.722,-2.3916636656425
5.7225,-2.42716604412598
5.723,-2.46201097406837
5.7235,-2.49718463271845
5.724,-2.47253019877295
5.7245,-2.43834271945228
5.725,-2.40251161430749
5.7255,-2.36733796358131
5.726,-2.33282176708312
5.7265,-2.29764812206199
5.727,-2.26214575426455
5.7275,-2.22762956609561
5.728,-2.1917984783552
5.7285,-2.1566248445471
5.729,-2.12243739000199
5.7295,-2.08693503605912
5.73,-2.05110395937768
5.7305,-2.01757396350159
5.731,-1.98141416669332
5.7315,-1.94591182339937
5.732,-1.91139565881077
5.7325,-1.87589332063759
5.733,-1.84104843565522
5.7335,-1.8068610036983
5.734,-1.77070122241892
5.7345,-1.73552761945145
5.735,-1.7010114693371
5.7355,-1.66550914588577
5.736,-1.63066427518901
5.7365,-1.59581940676384
5.737,-1.56031709029952
5.7375,-1.52514350125771
5.738,-1.49062736464815
5.7385,-1.45479632984189
5.739,-1.41962274741266
5.7395,-1.38543534225141
5.74,-1.35026176403339
5.7405,-1.31508818790989
5.741,-1.27958588887176
5.7415,-1.24474104183597
5.742,-1.20956747183032
5.7425,-1.17406517888323
5.743,-1.13987778755882
5.7435,-1.10371804871783
5.744,-1.0688732113722
5.7445,-1.03435710072008
5.745,-0.999183542170335
5.7455,-0.963352535798102
5.746,-0.928836430499911
5.7465,-0.893662877324007
5.747,-0.858160601112444
5.7475,-0.823973225664932
5.748,-0.788470952842597
5.7485,-0.752968681704784
5.749,-0.718781311063587
5.7495,-0.683279043149851
5.75,-0.647776776836503
5.7505,-0.61358941076157
5.751,-0.577758422854514
5.7515,-0.542256161130254
5.752,-0.508068799394678
5.7525,-0.472566540563678
5.753,-0.437721732362789
5.7535,-0.402876925514372
5.754,-0.367374670843339
5.7545,-0.332201142081745
5.755,-0.297685063715228
5.7555,-0.262511537493118
5.756,-0.226680563458123
5.7565,-0.192164488742957
5.757,-0.15699096615968
5.7575,-0.121159995746358
5.758,-0.0873013734059541
5.7585,-0.0514704052457016
5.759,-0.0162968871276142
5.7595,0.0169042832188172
5.76,0.0527352482160993
5.7605,0.0885662121828417
5.761,0.122753553015357
5.7615,0.158584515052548
5.762,0.193758027326373
5.7625,0.227945365513032
5.763,0.263447600467158
5.7635,0.298292385805755
5.764,0.333137170358951
5.7645,0.368639402897317
5.765,0.404799083406303
5.7655,0.438328968291731
5.766,0.474159923015719
5.7665,0.50933342836059
5.767,0.543520760049992
5.7675,0.57935171283943
5.768,0.614853940698003
5.7685,0.649369995021327
5.769,0.68520094611808
5.7695,0.720374448069499
5.77,0.755219225241156
5.7705,0.79039272628633
5.771,0.826552399826741
5.7715,0.860739727162414
5.772,0.895584502752126
5.7725,0.93108672660357
5.773,0.966260225855084
5.7735,1.00077627625409
5.774,1.03627849927195
5.7745,1.07178072206473
5.775,1.10563932324829
5.7755,1.14114154568329
5.776,1.17730121653693
5.7765,1.21115981732098
5.777,1.24666203941952
5.7775,1.28282171001723
5.778,1.31668031064101
5.7785,1.35218253265393
5.779,1.38801347897283
5.7795,1.42220080395394
5.78,1.4573743018522
5.7805,1.49254779986013
5.781,1.52706384944045
5.7815,1.56289479631544
5.782,1.597739570532
5.7825,1.63225562067615
5.783,1.66742911963929
5.7835,1.70326006746367
5.784,1.73744739412065
5.7845,1.77327834258608
5.785,1.80845184281667
5.7855,1.84296789481919
5.786,1.87847012015062
5.7865,1.91397234593057
5.787,1.94815967490983
5.7875,1.98399062597693
5.788,2.01949285325761
5.7885,2.05335145942745
5.789,2.08885368783122
5.7895,2.12435591685178
5.79,2.15887197346229
5.7905,2.19404547942452
5.791,2.22921898607476
5.7915,2.26373504469807
5.792,2.29923727717132
5.7925,2.33441078604391
5.793,2.36892684692832
5.7935,2.40442908181022
5.794,2.44026004197057
5.7945,2.47444738095738
5.795,2.51027834293209
5.7955,2.47576227862769
5.796,2.44190366401799
5.7965,2.40607270381633
5.797,2.37024174450137
5.7975,2.33605440797315
5.798,2.30022345030665
5.7985,2.26570739092647
5.799,2.23086260789813
5.7995,2.19536037685684
5.8,2.16018687086938
5.8005,2.12468464119753
5.801,2.09082603387148
5.8015,2.05433763243059
5.802,2.01883540459925
5.8025,1.98497679894962
5.803,1.94947457218744
5.8035,1.91397234593057
5.804,1.87978501739356
5.8045,1.84461151635282
5.805,1.80910929142269
5.8055,1.77459323978436
5.806,1.73909101560218
5.8065,1.70358879175705
5.807,1.66907274109266
5.8075,1.63389924211731
5.808,1.5987257433902
5.8085,1.56420969345209
5.809,1.52870747085278
5.8095,1.49353397270333
5.81,1.45901792325179
5.8105,1.42351570106998
5.811,1.38801347897283
5.8115,1.35349742976588
5.812,1.31832393203029
5.8125,1.28282171001723
5.813,1.24830566081138
5.8135,1.21313216299509
5.814,1.17762994081683
5.8145,1.14245644280762
5.815,1.10761166894331
5.8155,1.07178072206473
5.816,1.03759339641626
5.8165,1.00241989769548
5.817,0.966917674436512
5.8175,0.93240162377714
5.818,0.896899399937654
5.8185,0.861725900061177
5.819,0.827209848432704
5.8195,0.791707623513465
5.82,0.756534122484263
5.8205,0.722018069644331
5.821,0.686844567715439
5.8215,0.651013616642962
5.822,0.616497562344289
5.8225,0.581324058846803
5.823,0.54516438175116
5.8235,0.511634498781297
5.824,0.476132269127093
5.8245,0.440630038799808
5.825,0.406113980864904
5.8255,0.37028302475549
5.826,0.335438241009997
5.8265,0.300264732121937
5.827,0.265419946828513
5.8275,0.229917711921976
5.828,0.195401649373449
5.8285,0.160556861559018
5.829,0.124725899574566
5.8295,0.0895523854887342
5.83,0.0550363193271868
5.8305,0.0192053543969632
5.831,-0.0162968871276142
5.8315,-0.0504842318260046
5.832,-0.0863151999551664
5.8325,-0.12148872024019
5.833,-0.156004792646122
5.8335,-0.191178315196563
5.834,-0.226680563458123
5.8345,-0.261196639340817
5.835,-0.295712716417132
5.8355,-0.332201142081745
5.836,-0.366059772548247
5.8365,-0.401890751755059
5.837,-0.437064283164536
5.8375,-0.470922917504548
5.838,-0.506753900893591
5.8385,-0.542256161130254
5.839,-0.576443524245275
5.8395,-0.612274512095148
5.84,-0.647448052155805
5.8405,-0.682292869064113
5.841,-0.71779513693301
5.8415,-0.753297406429902
5.842,-0.787156053881703
5.8425,-0.82232960188556
5.843,-0.858489325884155
5.8435,-0.892676702961045
5.844,-0.92817898089175
5.8445,-0.963352535798102
5.845,-0.997868642820738
5.8455,-1.03337092615627
5.846,-1.0688732113722
5.8465,-1.10273187405045
5.847,-1.13856288792905
5.8475,-1.17373645395789
5.848,-1.20825257205567
5.8485,-1.24342614198665
5.849,-1.27958588887176
5.8495,-1.31410201290831
5.85,-1.34927558897348
5.8505,-1.38477789217188
5.851,-1.41962274741266
5.8515,-1.45479632984189
5.852,-1.49029863954783
5.8525,-1.52382860077623
5.853,-1.55998836515787
5.8535,-1.59483323127517
5.854,-1.62934937445265
5.8545,-1.66518042067982
5.855,-1.7000252936532
5.8555,-1.7348701689516
5.856,-1.77004377187401
5.8565,-1.80620355310653
5.857,-1.83973353438295
5.8575,-1.87556459529611
5.858,-1.91139565881077
5.8585,-1.94591182339937
5.859,-1.98075671586769
5.8595,-2.01625906175117
5.86,-2.05176141030116
5.8605,-2.08594885959971
5.861,-2.12112248795521
5.8615,-2.15695357008404
5.862,-2.19081230166897
5.8625,-2.22631466374233
5.863,-2.26214575426455
5.8635,-2.29633321949958
5.864,-2.33216431574812
5.8645,-2.36733796358131
5.865,-2.40152543714466
5.8655,-2.43735654220565
5.866,-2.47285892454925
5.8665,-2.49817081010682
5.867,-2.46299715137314
5.8675,-2.42716604412598
5.868,-2.39330729421028
5.8685,-2.35747619287013
5.869,-2.32197382018346
5.8695,-2.28745762730698
5.87,-2.25228398594127
5.8705,-2.21645289621662
5.871,-2.18259416270113
5.8715,-2.14676307854961
5.872,-2.11126072272456
5.8725,-2.07674454607975
5.873,-2.04189964654594
5.8735,-2.00573984787935
5.874,-1.97155240440376
5.8745,-1.93605006183772
5.875,-1.90021899651608
5.8755,-1.86636028582358
5.876,-1.83020050026251
5.8765,-1.79568434375471
5.877,-1.76083946433417
5.8775,-1.72566586204153
5.878,-1.68983481169522
5.8785,-1.65597611499619
5.879,-1.62047379456669
5.8795,-1.58497147648716
5.88,-1.55111278640788
5.8805,-1.51561047283755
5.881,-1.47945071134516
5.8815,-1.4452633026145
5.882,-1.40976099571661
5.8825,-1.37392996596658
5.883,-1.34040001350828
5.8835,-1.30456898797664
5.884,-1.26939541453281
5.8845,-1.23455056807717
5.885,-1.19904827371063
5.8855,-1.16420343119726
5.886,-1.1293585905961
5.8865,-1.09385630211114
5.887,-1.05901146528863
5.8875,-1.02416663029727
5.888,-0.988993072277339
5.8885,-0.953490791252368
5.889,-0.917988512043902
5.8895,-0.884129858539125
5.89,-0.847970133263303
5.8905,-0.813125308788797
5.891,-0.778280485955994
5.8915,-0.742778215296456
5.892,-0.707933395696228
5.8925,-0.673088577656657
5.893,-0.637586311797435
5.8935,-0.602084047502055
5.894,-0.56789668333581
5.8945,-0.532723146662532
5.895,-0.496892162199138
5.8955,-0.463033526863356
5.896,-0.427202545248392
5.8965,-0.3920290142202
5.897,-0.358170382816437
5.8975,-0.321681956162916
5.898,-0.286508429078597
5.8985,-0.251992352323133
5.899,-0.216490103183828
5.8995,-0.181316579783735
5.9,-0.14680050656335
5.9005,-0.111626985468045
5.901,-0.0757960165338889
5.9015,-0.0416086710866544
5.902,-0.00610642880430083
5.9025,0.0280809146147273
5.903,0.062268257077307
5.9035,0.0984279452077328
5.904,0.133930183478682
5.9045,0.167460074309199
5.905,0.203948483987298
5.9055,0.238793270729064
5.906,0.273309332248006
5.9065,0.308482841745715
5.907,0.344313799204616
5.9075,0.378829858391875
5.908,0.414003365595554
5.9085,0.449505596446283
5.909,0.484021653551861
5.9095,0.519523883060348
5.91,0.55469738759191
5.9105,0.589213442858166
5.911,0.625044394885662
5.9115,0.660546622025997
5.912,0.694733951367762
5.9125,0.730564901817061
5.913,0.765409678859204
5.9135,0.80025445547584
5.914,0.835756680298046
5.9145,0.870601456137453
5.915,0.9054462316324
5.9155,0.940619731102433
5.916,0.975793230276445
5.9165,1.01129545346971
5.917,1.0458115035613
5.9175,1.0809850020148
5.918,1.11648722456456
5.9185,1.15133199839193
5.919,1.18650549637079
5.9195,1.22200771852548
5.92,1.25652376776893
5.9205,1.291697265522
5.921,1.32785693608827
5.9215,1.36171553671648
5.922,1.39721775876925
5.9225,1.43304870516486
5.923,1.4669073059732
5.9235,1.50273825257844
5.924,1.53824047505151
5.9245,1.57209907627771
5.925,1.6079300234085
5.9255,1.6431035221979
5.926,1.67761957265999
5.9265,1.71279307198241
5.927,1.74895274450665
5.9275,1.78346879588589
5.928,1.81831357192124
5.9285,1.85447324557366
5.929,1.88866057379958
5.9295,1.92350535108116
5.93,1.95966502611253
5.9305,1.99385235572245
5.931,2.0293545831562
5.9315,2.06518553549526
5.932,2.09937286673469
5.9325,2.13454637159598
5.933,2.16939115274501
5.9335,2.20489338327003
5.934,2.23940944140497
5.9345,2.27524039773016
5.935,2.3094277329324
5.9355,2.3446012420334
5.936,2.38043220073177
5.9365,2.41461953827822
5.937,2.4504504986957
5.9375,2.48595273561579
5.938,2.50140278345447
5.9385,2.46622927054664
5.939,2.4307270341334
5.9395,2.39588224740844
5.94,2.36103746151418
5.9405,2.32487777888859
5.941,2.29134789211042
5.9415,2.25584565980777
5.942,2.22034342825548
5.9425,2.18615609485076
5.943,2.14999641598846
5.9435,2.11515163519305
5.944,2.0806355793506
5.9445,2.04513335108555
5.945,2.00995984773015
5.9455,1.97412889627253
5.946,1.94027029125866
5.9465,1.90443934081437
5.947,1.86893711515765
5.9475,1.83540723577605
5.948,1.79891883804437
5.9485,1.76374533791345
5.949,1.72922928672372
5.9495,1.69339833867457
5.95,1.65855356380134
5.9505,1.62370878919074
5.951,1.5885352905304
5.9515,1.55270434351543
5.952,1.51884574238414
5.9525,1.48367224427618
5.953,1.44784129773926
5.9535,1.41398269698121
5.954,1.3781517506237
5.9545,1.34264952859338
5.955,1.30846220369449
5.9555,1.27295998167653
5.956,1.23745775962279
5.9565,1.20261298606338
5.957,1.16776821241532
5.9575,1.13226599008888
5.958,1.09807866474582
5.9585,1.06257644210145
5.959,1.02641677067966
5.9595,0.992558169038936
5.96,0.957055945704892
5.9605,0.921553722082413
5.961,0.886708946737624
5.9615,0.851864171060785
5.962,0.816690670721031
5.9625,0.782174618603572
5.963,0.746672393145855
5.9635,0.710841442915192
5.964,0.676982838114961
5.9645,0.641151886895911
5.965,0.606307108117831
5.9655,0.571462328791663
5.966,0.535960100207481
5.9665,0.500786595345555
5.967,0.466270538549354
5.9675,0.431097032389933
5.968,0.395266076801409
5.9685,0.361078742328721
5.969,0.325576509625037
5.9695,0.290074276127857
5.97,0.256215663786553
5.9705,0.220055979850308
5.971,0.184882468238794
5.9715,0.150366404578071
5.972,0.115192891177687
5.9725,0.0800193768332677
5.973,0.0448458615171995
5.9735,0.00967234520186883
5.974,-0.0255011721403378
5.9745,-0.0610034150130919
5.975,-0.0955194855296286
5.9755,-0.131021730604349
5.976,-0.166195252330194
5.9765,-0.200382601665869
5.977,-0.235884850244939
5.9775,-0.271715824607847
5.978,-0.306231902053121
5.9785,-0.341405429855728
5.979,-0.377565132693097
5.9795,-0.41109504021666
5.98,-0.446597296586406
5.9805,-0.482757003598891
5.981,-0.515958190443318
5.9815,-0.552117900347672
5.982,-0.587620162490193
5.9825,-0.621807527474776
5.983,-0.657638517320202
5.9835,-0.692483334676373
5.984,-0.726999428867329
5.9845,-0.762501698790928
5.985,-0.798003970378278
5.9855,-0.832520069376908
5.986,-0.867693619552721
5.9865,-0.903524621028776
5.987,-0.937383275462153
5.9875,-0.973214280484608
5.988,-1.00904528737343
5.9885,-1.04290394700063
5.989,-1.07840623272631
5.9895,-1.11390852036841
5.99,-1.14809591030597
5.9905,-1.18392692672297
5.991,-1.21910049527956
5.9915,-1.25328789092513
5.992,-1.28911891340829
5.9925,-1.32462121300905
5.993,-1.35913733964675
5.9935,-1.39431091839765
5.994,-1.42981322434272
5.9945,-1.46432935722917
5.995,-1.49950294242965
5.9955,-1.53533398009504
5.996,-1.56952139434588
5.9965,-1.60469498624291
5.997,-1.64052603081495
5.9975,-1.67504217694738
5.998,-1.71021577581004
5.9985,-1.74571810230633
5.999,-1.77957680485814
5.9995,-1.81540786146929
6,-1.85123892063292
6.0005,-1.88542635563577
6.001,-1.9202712437565
6.0015,-1.95577358516242
6.002,-1.99094720376676
6.0025,-2.02579209952469
6.003,-2.06129444879552
6.0035,-2.09646807527518
6.004,-2.13098425339808
6.0045,-2.1668153363031
6.005,-2.20198897090659
6.0055,-2.23650515708202
6.006,-2.27200752280876
6.0065,-2.30718116575814
6.007,-2.34169736020374
6.0075,-2.37719973451991
6.008,-2.41270211179128
6.0085,-2.4472183147764
6.009,-2.48239197217519
6.0095,-2.48732285896421
6.01,-2.45280665266959
6.0105,-2.41730427202579
6.011,-2.38180189436926
6.0115,-2.34761442238575
6.012,-2.31178332485865
6.0125,-2.27628095591334
6.013,-2.24275094343819
6.0135,-2.20626240333584
6.014,-2.17141749394555
6.0145,-2.13690131276592
6.015,-2.10139895770553
6.0155,-2.06622533085179
6.016,-2.03170915755002
6.0165,-1.99587808508647
6.017,-1.96070446611967
6.0175,-1.92618830047687
6.018,-1.89101468658261
6.0185,-1.85518362455129
6.019,-1.82099619162882
6.0195,-1.78582258518593
6.02,-1.75032025591982
6.0205,-1.71613283005715
6.021,-1.68030178036556
6.0215,-1.64545690869634
6.022,-1.6109407644824
6.0225,-1.57478099672773
6.023,-1.53960740676016
6.0235,-1.50509126925318
6.024,-1.46958895861492
6.0245,-1.43474410034158
6.025,-1.4002279692371
6.0255,-1.36472566510156
6.026,-1.32889463810294
6.0265,-1.29470723820646
6.027,-1.25920494036434
6.0275,-1.22337391963185
6.028,-1.18984397550088
6.0285,-1.15368423383438
6.029,-1.11851066890825
6.0295,-1.08465200541251
6.03,-1.04914971935174
6.0305,-1.01331871033933
6.031,-0.978802602536345
6.0315,-0.943629046846796
6.032,-0.908455492932527
6.0325,-0.872953215987476
6.033,-0.838437115082024
6.0335,-0.802606116818447
6.034,-0.767432569744591
6.0345,-0.73324519845676
6.035,-0.697742929882873
6.0355,-0.661911938234294
6.036,-0.627724571559731
6.0365,-0.592551032352088
6.037,-0.557048769999616
6.0375,-0.52253268303916
6.038,-0.487359148234288
6.0385,-0.451856890241989
6.039,-0.417340807439932
6.0395,-0.381838552211686
6.04,-0.346665022909445
6.0405,-0.312148944023427
6.041,-0.276646692740141
6.0415,-0.240815718200772
6.042,-0.206957092051025
6.0425,-0.171454844463416
6.043,-0.135952598066833
6.0435,-0.101765250784108
6.044,-0.0659342821653185
6.0445,-0.0307607636085684
6.045,0.00408402943177943
6.0455,0.0386000970115988
6.046,0.0741023369422865
6.0465,0.108618402587745
6.047,0.143791916162486
6.0475,0.179622877641685
6.048,0.213481491764934
6.0485,0.249312451467663
6.049,0.284814685910912
6.0495,0.318673297619171
6.05,0.353846806100207
6.0505,0.38934903819234
6.051,0.42386509645871
6.0515,0.459696051468374
6.052,0.494869557082218
6.0525,0.52905688902217
6.053,0.5645591177257
6.0535,0.600390070158419
6.054,0.634906124701222
6.0545,0.670079627371137
6.055,0.70623930248338
6.0555,0.740097906900709
6.056,0.775928856749346
6.0565,0.810773633242804
6.057,0.845289685044591
6.0575,0.880463185084901
6.058,0.916294133371341
6.0585,0.950481459871484
6.059,0.985654958967457
6.0595,1.02148590637682
6.06,1.05567323212001
6.0605,1.09117545480184
6.061,1.1273351258658
6.0615,1.16185117537001
6.062,1.19636722475641
6.0625,1.23219817116562
6.063,1.26737166894895
6.0635,1.30188771813701
6.064,1.33738994014682
6.0645,1.37322088645057
6.065,1.40740821140601
6.0655,1.4425817092664
6.066,1.47808393150538
6.0665,1.51259998102712
6.067,1.54810220354634
6.0675,1.58360442624985
6.068,1.61779175201687
6.0685,1.65329397516471
6.069,1.68846747428876
6.0695,1.72298352511386
6.07,1.7584857491396
6.0705,1.7939879735179
6.071,1.82817530105672
6.0715,1.86367752620965
6.072,1.89950847611241
6.0725,1.93369580490147
6.073,1.9685405827914
6.0735,2.00470025849074
6.074,2.03921631309871
6.0745,2.07438981692721
6.075,2.10989204569306
6.0755,2.14407937769572
6.076,2.17958160773217
6.0765,2.21475511409615
6.077,2.24894244805917
6.0775,2.2851021289645
6.078,2.32027563752409
6.0785,2.35479169809057
6.079,2.3899652082365
6.0795,2.42546744363006
6.08,2.46064095549548
6.0805,2.49515701941311
6.081,2.49121232634939
6.0815,2.45669626253183
6.082,2.42086530195559
6.0825,2.38536306667481
6.083,2.35084700541521
6.0835,2.31534477179136
6.084,2.27951381459108
6.0845,2.24565520437927
6.085,2.21048169739807
6.0855,2.17465074240875
6.086,2.14112085855624
6.0865,2.10528990489197
6.087,2.06978767620618
6.0875,2.03560034544799
6.088,2.00009811791616
6.0885,1.96492461525166
6.089,1.93007983741223
6.0895,1.89424888710687
6.09,1.85940411019646
6.0905,1.82357316078961
6.091,1.78971455760091
6.0915,1.75421233326655
6.092,1.71838138498671
6.0925,1.68452278278423
6.093,1.64836311082321
6.0935,1.61318961199737
6.094,1.57933101054336
6.0945,1.54350006358035
6.095,1.50832656536459
6.0955,1.47381051585927
6.096,1.4386370179132
6.0965,1.40313479578346
6.097,1.36829002227831
6.0975,1.33311652453426
6.098,1.29728557824653
6.0985,1.26342697761124
6.099,1.22759603126436
6.0995,1.19242253340309
6.1,1.15823520828506
6.1005,1.12240426163977
6.101,1.08723076340221
6.1015,1.05271471355412
6.102,1.01655504206941
6.1025,0.982038991783164
6.103,0.947522941243176
6.1035,0.912349441833419
6.104,0.876847217807335
6.1045,0.842002442031646
6.105,0.806828941584403
6.1055,0.770997992118123
6.106,0.737139388085236
6.1065,0.70163716204335
6.107,0.665477486864387
6.1075,0.631618881434081
6.108,0.596116653844496
6.1085,0.561600598690471
6.109,0.526427094278647
6.1095,0.490924864896513
6.11,0.455751359208502
6.1105,0.421235301567287
6.111,0.386061794511732
6.1115,0.350230837973969
6.112,0.316372226943846
6.1125,0.280541268846298
6.113,0.245039034301696
6.1135,0.210851696522314
6.114,0.175349460266828
6.1145,0.139847223097692
6.115,0.105002433849153
6.1155,0.0701576436662913
6.116,0.0346554036233366
6.1165,0.00013933593134402
6.117,-0.035034181693931
6.1175,-0.0708651493388921
6.118,-0.105709944647137
6.1185,-0.140554741052051
6.119,-0.175728263090902
6.1195,-0.211559235345505
6.12,-0.245089137115274
6.1205,-0.281577560897032
6.121,-0.316422363246714
6.1215,-0.350938442287099
6.122,-0.387098145492376
6.1225,-0.42227167633074
6.123,-0.456787759322308
6.1235,-0.491632568274592
6.124,-0.527463552519156
6.1245,-0.561979639680483
6.125,-0.597153177583112
6.1255,-0.632984166338194
6.126,-0.666842808548294
6.1265,-0.702673800421097
6.127,-0.738504793939862
6.1275,-0.772034715997032
6.128,-0.808194437534111
6.1285,-0.84303926177467
6.129,-0.877226638119025
6.1295,-0.913386364870624
6.13,-0.948231194218659
6.1305,-0.983076025312493
6.131,-1.01857830787291
6.1315,-1.05375186743741
6.132,-1.08826797910011
6.1325,-1.12377026727959
6.133,-1.15927255741176
6.1335,-1.19280249991071
6.134,-1.22863351887509
6.1345,-1.26413581494074
6.135,-1.29865193809515
6.1355,-1.33415423826059
6.136,-1.369656540547
6.1365,-1.40384394477981
6.137,-1.43934625131216
6.1375,-1.47484856004961
6.138,-1.50903597057405
6.1385,-1.54486700885499
6.139,-1.57971187400684
6.1395,-1.61488546656573
6.14,-1.65005906142688
6.1405,-1.68589010905505
6.141,-1.71974880768577
6.1415,-1.75525113483718
6.142,-1.79075346444634
6.1425,-1.82461217000047
6.143,-1.86044322982451
6.1435,-1.89594556688263
6.144,-1.92980427961924
6.1445,-1.96563534712749
6.145,-2.00113769188386
6.1455,-2.03565386294158
6.146,-2.07082748748475
6.1465,-2.10600111468812
6.147,-2.14117474457931
6.1475,-2.17601965163489
6.148,-2.21152201253559
6.1485,-2.24669565065591
6.149,-2.2815405659454
6.1495,-2.31704293531897
6.15,-2.35254530759963
6.1505,-2.3867327799773
6.151,-2.42256388378383
6.1515,-2.45773753910798
6.152,-2.49258247160388
6.1525,-2.47680363388517
6.153,-2.44228742846202
6.1535,-2.40711377443107
6.154,-2.37194012332432
6.1545,-2.33676647511418
6.155,-2.30192155541721
6.1555,-2.26674791289098
6.156,-2.2305880964047
6.1565,-2.19640063625296
6.157,-2.16188445316673
6.1575,-2.12572464513544
6.158,-2.0915371928975
6.1585,-2.05570611586144
6.159,-2.02020376701341
6.1595,-1.98634504791441
6.16,-1.95117142964789
6.1605,-1.91534036321114
6.161,-1.88082420078603
6.1615,-1.84532186481404
6.162,-1.81014825666998
6.1625,-1.77563210153273
6.163,-1.74045849822704
6.1635,-1.70495617209132
6.164,-1.67044002399957
6.1645,-1.6355951529792
6.165,-1.59943538357104
6.1655,-1.56524796744794
6.166,-1.53007437809105
6.1665,-1.49457206586701
6.167,-1.4600559311392
6.1675,-1.424553623324
6.168,-1.38905131770206
6.1685,-1.35486391433475
6.169,-1.31903288793248
6.1695,-1.28385931364545
6.17,-1.24967191629597
6.1705,-1.21416962106345
6.171,-1.1783386029282
6.1715,-1.14415121137417
6.172,-1.10897764696913
6.1725,-1.07314663472078
6.173,-1.03928797356091
6.1735,-1.00345696507409
6.174,-0.967954683300916
6.1745,-0.933767302580778
6.175,-0.898265024369212
6.1755,-0.863420197477735
6.176,-0.828246647508486
6.1765,-0.792744374481471
6.177,-0.757570827869359
6.1775,-0.722068558174591
6.178,-0.687881188899635
6.1785,-0.652050197697845
6.179,-0.617205382105163
6.1795,-0.582689292657694
6.18,-0.547187030724577
6.1805,-0.511684770283001
6.181,-0.477168685145577
6.1815,-0.441666427562426
6.182,-0.406821620562246
6.1825,-0.372305539466412
6.183,-0.336474561394319
6.1835,-0.300972309220919
6.184,-0.267113681039833
6.1845,-0.231282706841122
6.185,-0.195780458421046
6.1855,-0.161921833741136
6.186,-0.126090863164216
6.1865,-0.0905886182481786
6.187,-0.0560725478821362
6.1875,-0.0208990296249808
6.188,0.013617038671025
6.1885,0.0484618304270836
6.189,0.0836353456419892
6.1895,0.119466308743451
6.19,0.153653648773845
6.1905,0.188827161173571
6.191,0.22400067268707
6.1915,0.2588454589472
6.192,0.294018968778722
6.1925,0.329521202186334
6.193,0.364037261685767
6.1935,0.399539493561872
6.194,0.435370449062718
6.1945,0.469557782081075
6.195,0.505060011857781
6.1955,0.540233516643671
6.196,0.574749572148463
6.1965,0.610251800081984
6.197,0.645754027449694
6.1975,0.680598805639695
6.198,0.715772307654513
6.1985,0.751274533508127
6.199,0.785461861679409
6.1995,0.820964086670599
6.2,0.856795035564536
6.2005,0.89098236259912
6.201,0.926155862198893
6.2015,0.96165808578238
6.202,0.995845411926649
6.2025,1.03134763497801
6.203,1.06684985780036
6.2035,1.10169463185668
6.204,1.13686813002785
6.2045,1.171712903777
6.205,1.20655767741368
6.2055,1.24173117524321
6.206,1.27756212156916
6.2065,1.31306434358457
6.207,1.34692294420652
6.2075,1.38308261479776
6.208,1.41825611260649
6.2085,1.4531008862144
6.209,1.48827438420753
6.2095,1.52377660661687
6.21,1.55862138062318
6.2105,1.59313743052935
6.211,1.62929710208342
6.2115,1.66348442815362
6.212,1.69832920306619
6.2125,1.73416015115974
6.213,1.76801875379797
6.2135,1.80417842688079
6.214,1.83935192744837
6.2145,1.87419670411532
6.215,1.90969892983978
6.2155,1.94487243171884
6.216,1.97938848544313
6.2165,2.01423326399611
6.217,2.05006421608693
6.2175,2.08458027141719
6.218,2.1194250516721
6.2185,2.15558472994858
6.219,2.18944333841897
6.2195,2.22527429370504
6.22,2.26044780098926
6.2205,2.2946351358811
6.221,2.33013736903603
6.2215,2.36629705178567
6.222,2.39949821580307
6.2225,2.43565790024803
6.223,2.47116013678716
6.2235,2.5053474765483
6.224,2.4813505937407
6.2245,2.4455196325291
6.225,2.41166101865106
6.2255,2.37550133480513
6.226,2.34032782499735
6.2265,2.30581176475167
6.227,2.27030953213518
6.2275,2.23480730028062
6.228,2.20061996659576
6.2285,2.16577518485986
6.229,2.12961550639049
6.2295,2.0954281746395
6.23,2.05992594612365
6.2305,2.02409499387153
6.231,1.98990766381927
6.2315,1.95407671266454
6.232,1.91923193497489
6.2325,1.88471588206007
6.233,1.84954238095913
6.2335,1.81404015597217
6.234,1.77952410428236
6.2345,1.74435060434796
6.235,1.70884838045468
6.2355,1.67334615687427
6.236,1.63915883073268
6.2365,1.60365660768381
6.237,1.56815438486367
6.2375,1.53396705937468
6.238,1.49780738835843
6.2385,1.46329133889184
6.239,1.42844656525619
6.2395,1.39294434314898
6.24,1.35744212110196
6.2405,1.32292607192031
6.241,1.28742384990878
6.2415,1.25257907642965
6.242,1.21773430290036
6.2425,1.18223208073455
6.243,1.14672985846039
6.2435,1.1125425331786
6.244,1.07704031060922
6.2445,1.04153808784736
6.245,1.0070220377285
6.2455,0.971848538794167
6.246,0.93634631529532
6.2465,0.902158988675165
6.247,0.866328040251693
6.2475,0.831154540065663
6.248,0.796967212416248
6.2485,0.761136262830298
6.249,0.726291485734123
6.2495,0.691446708182302
6.25,0.656273205824528
6.2505,0.620442254290476
6.251,0.586583648190924
6.2515,0.550752695525244
6.252,0.515579190924782
6.2525,0.481391858747279
6.253,0.445560904164345
6.2535,0.410387397598455
6.254,0.376200063431487
6.2545,0.340369106679708
6.255,0.305195597901413
6.2555,0.270350812720547
6.256,0.235177302332712
6.2565,0.200003791095037
6.257,0.165487727812706
6.2575,0.129985490384739
6.258,0.0941545275728874
6.2585,0.0599671859795269
6.259,0.0241362211925949
6.2595,-0.0110372957240021
6.26,-0.044895915796986
6.2605,-0.0810556082322509
6.261,-0.115900403858442
6.2615,-0.150745200589154
6.262,-0.186247447478547
6.2625,-0.221420971045822
6.263,-0.256265771285104
6.2635,-0.291439297284913
6.264,-0.326941549107896
6.2645,-0.362443802246265
6.265,-0.396631158389967
6.2655,-0.43246213879023
6.266,-0.467635671395484
6.2665,-0.501823031532328
6.267,-0.537325291564627
6.2675,-0.572827553080579
6.268,-0.607343642114909
6.2685,-0.642188457282954
6.269,-0.678019448040167
6.2695,-0.712206816883449
6.27,-0.748037810845048
6.2705,-0.783540081751146
6.271,-0.817727455322829
6.2715,-0.852901004785348
6.272,-0.888403280737303
6.2725,-0.922590659247227
6.273,-0.958750388325945
6.2735,-0.993923944787186
6.274,-1.02876877821101
6.2745,-1.06361361344267
6.275,-1.09944462516995
6.2755,-1.13363201434144
6.276,-1.16880558009828
6.2765,-1.20430787274834
6.277,-1.23882399253615
6.2775,-1.27432628919162
6.278,-1.3098285879202
6.2785,-1.34434471369861
6.279,-1.37951829156234
6.2795,-1.41469187154356
6.28,-1.44920800351683
6.2805,-1.48503903796889
6.281,-1.52054134958616
6.2815,-1.55407131264192
6.282,-1.59023107901843
6.2825,-1.62573339744432
6.283,-1.65992081741243
6.2835,-1.69509441526164
6.284,-1.73026801547609
6.2845,-1.76544161808337
6.285,-1.80028649781919
6.2855,-1.83611755590207
6.286,-1.87030498986224
6.2865,-1.90580732763149
6.287,-1.9413096679789
6.2875,-1.97549710929519
6.288,-2.01132818021965
6.2885,-2.0468305283976
6.289,-2.08068925185165
6.2895,-2.1165203308212
6.29,-2.15202268705496
6.2905,-2.18621014382848
6.291,-2.22138377995217
6.2915,-2.25754359568623
6.292,-2.29140233492586
6.2925,-2.32657597944099
6.293,-2.36207835250709
6.2935,-2.39758072851629
6.294,-2.43242565600721
6.2945,-2.46825676370466
6.295,-2.50145806808504
6.2955,-2.46759931215959
6.296,-2.43242565600721
6.2965,-2.39626582564832
6.297,-2.36273580388783
6.2975,-2.32657597944099
6.298,-2.29140233492586
6.2985,-2.25655741885427
6.299,-2.22072632878428
6.2995,-2.18588141827025
6.3,-2.15136523598846
6.3005,-2.1161916053134
6.301,-2.08068925185165
6.3015,-2.04617307748104
6.302,-2.01067072935266
6.3025,-1.97483965847769
6.303,-1.9413096679789
6.3035,-1.90514987690871
6.304,-1.86964753918695
6.3045,-1.83578883058692
6.305,-1.79995777252748
6.3055,-1.76478416754524
6.306,-1.73059674072298
6.3065,-1.69476569003719
6.307,-1.65959209220995
6.3075,-1.62474722190083
6.308,-1.58957362869923
6.3085,-1.55440003778002
6.309,-1.51988389935049
6.3095,-1.48471031287184
6.31,-1.44887927844059
6.3105,-1.415349321657
6.311,-1.37918956652582
6.3115,-1.34401598868174
6.312,-1.30949986292238
6.3125,-1.27366883923481
6.313,-1.23849526757672
6.3135,-1.20397914780719
6.314,-1.16880558009828
6.3145,-1.13330328943694
6.315,-1.09944462516995
6.3155,-1.06361361344267
6.316,-1.02811132850711
6.3165,-0.994252669622443
6.317,-0.958421663507677
6.3175,-0.922919384048616
6.318,-0.888732005522836
6.3185,-0.852901004785348
6.319,-0.817398730569447
6.3195,-0.783868806489566
6.32,-0.747709086122199
6.3205,-0.712535541591132
6.321,-0.677690723346976
6.3215,-0.642517181961499
6.322,-0.607343642114909
6.3225,-0.571841379129294
6.323,-0.537325291564627
6.3235,-0.502151756155538
6.324,-0.466649497565153
6.3245,-0.43246213879023
6.325,-0.396631158389967
6.3255,-0.361457628529963
6.326,-0.326941549107896
6.3265,-0.291439297284913
6.327,-0.255608322212846
6.3275,-0.221092246520951
6.328,-0.185918722964839
6.3285,-0.150745200589154
6.329,-0.116229128350699
6.3295,-0.0813843327142128
6.33,-0.0452246402685326
6.3305,-0.0110372957240021
6.331,0.0238074967401746
6.3315,0.0593097370936711
6.332,0.0934970787047309
6.3325,0.129328041534609
6.333,0.164501554563393
6.3335,0.199017617870249
6.334,0.234519853532411
6.3345,0.270022088328248
6.335,0.30420942474677
6.3355,0.339382933546974
6.336,0.375213890320277
6.3365,0.409401224507032
6.337,0.445232179807129
6.3375,0.480405685694615
6.338,0.514593017889655
6.3385,0.550095246846731
6.339,0.585597475189882
6.3395,0.619784805633257
6.34,0.655944481501022
6.3405,0.690789259544695
6.341,0.725634037105371
6.3415,0.760807538520116
6.342,0.795981039497675
6.3425,0.830497091460505
6.343,0.865999315952572
6.3435,0.901501540083377
6.344,0.935688866709219
6.3445,0.971191090213456
6.345,1.0070220377285
6.3455,1.0408806392757
6.346,1.07704031060922
6.3465,1.11188508461408
6.347,1.14607240989856
6.3475,1.18190335645477
6.348,1.21707685434255
6.3485,1.25159290359473
6.349,1.28709512563083
6.3495,1.32259734764245
6.35,1.35711339682393
6.3505,1.39261561887053
6.351,1.42811784097706
6.3515,1.46329133889184
6.352,1.49780738835843
6.3525,1.53330961080923
6.353,1.56848310914808
6.3535,1.60299915911108
6.354,1.63850138215545
6.3545,1.67400360545642
6.355,1.70819093186711
6.3555,1.74336443145756
6.356,1.77952410428236
6.3565,1.81371143166863
6.357,1.84921365665179
6.3575,1.88471588206007
6.358,1.91857448634377
6.3585,1.95440543698466
6.359,1.99023638814428
6.3595,2.02409499387153
6.36,2.05959722178836
6.3605,2.09477072595771
6.361,2.12961550639049
6.3615,2.16511773615423
6.362,2.20029124223662
6.3625,2.23414985154958
6.363,2.2696520833903
6.3635,2.30581176475167
6.364,2.33967037622363
6.3645,2.37484388601614
6.365,2.41100356984585
6.3655,2.4448621837082
6.366,2.48102186932165
6.3665,2.50501875212337
6.367,2.47083141237057
6.3675,2.43532917583985
6.368,2.39982694020303
6.3685,2.36563960300073
6.369,2.3298086446513
6.3695,2.29397768712643
6.37,2.26044780098926
6.3705,2.2249455693413
6.371,2.18977206277612
6.3715,2.15525600559753
6.372,2.11975377601703
6.3725,2.0839228227389
6.373,2.04973549175315
6.3735,2.01489071265313
6.374,1.97905976111963
6.3745,1.94487243171884
6.375,1.90937020552539
6.3755,1.87386797980518
6.376,1.84000937606093
6.3765,1.80417842688079
6.377,1.768347478097
6.3775,1.7344888754557
6.378,1.69865792735917
6.3785,1.66414187673433
6.379,1.62896837779544
6.3795,1.59313743052935
6.38,1.55829265633928
6.3805,1.52279043377007
6.381,1.48860310848843
6.3815,1.4531008862144
6.382,1.41726993976978
6.3825,1.38341133907606
6.383,1.34758039276242
6.3835,1.31207817075099
6.384,1.27789084584718
6.3845,1.24205989952166
6.385,1.20688640169282
6.3855,1.17237035233714
6.386,1.13719685430911
6.3865,1.10136590757395
6.387,1.06717858208477
6.3875,1.03167635926441
6.388,0.996174136215298
6.3885,0.961986810073446
6.389,0.926484586492725
6.3895,0.89098236259912
6.39,0.856795035564536
6.3905,0.821292810974173
6.391,0.785461861679409
6.3915,0.751603257819425
6.392,0.716101031970136
6.3925,0.680270081319484
6.393,0.646082751774617
6.3935,0.610909248741996
6.394,0.575078296483863
6.3945,0.540890965325361
6.395,0.505717460551133
6.3955,0.469886506433927
6.396,0.4360278977807
6.3965,0.39986821792762
6.397,0.364365986058445
6.3975,0.330178650945601
6.398,0.294676417552883
6.3985,0.259174183341954
6.399,0.224986845894571
6.3995,0.189484609994949
6.4,0.153982373192983
6.4005,0.119795033171011
6.401,0.0846215189516804
6.4015,0.048790554872914
6.402,0.0146032120363005
6.4025,-0.0208990296249808
6.403,-0.0560725478821362
6.4035,-0.0909173427329318
6.404,-0.126090863164216
6.4045,-0.161593109234997
6.405,-0.195451733904337
6.4055,-0.231282706841122
6.406,-0.266784956500076
6.4065,-0.300972309220919
6.407,-0.337132010521031
6.4075,-0.37197681489073
6.408,-0.406821620562246
6.4085,-0.441995152163179
6.409,-0.477497409759492
6.4095,-0.512670944164268
6.41,-0.547515755365221
6.4105,-0.583018017312281
6.411,-0.617862831442085
6.4115,-0.652050197697845
6.412,-0.687881188899635
6.4125,-0.723054732310619
6.413,-0.757899552596467
6.4135,-0.793073099223935
6.414,-0.828246647508486
6.4145,-0.863091472703783
6.415,-0.898593749159294
6.4155,-0.934096027387403
6.416,-0.967954683300916
6.4165,-1.00378568991395
6.417,-1.03928797356091
6.4175,-1.0734753595949
6.418,-1.10897764696913
6.4185,-1.14349376155457
6.419,-1.17866732785593
6.4195,-1.21449834600997
6.42,-1.24901446636568
6.4205,-1.2845167636133
6.421,-1.31936161293553
6.4215,-1.35519263935765
6.422,-1.38938004274414
6.4225,-1.42488234838626
6.423,-1.46071338130479
6.4235,-1.49457206586701
6.424,-1.53007437809105
6.4245,-1.56557669259275
6.425,-1.59976410873653
6.4255,-1.6355951529792
6.426,-1.6707687492088
6.4265,-1.70495617209132
6.427,-1.74078722348042
6.4275,-1.77596082680868
6.428,-1.81113443256566
6.4285,-1.84565059013547
6.429,-1.88148165147622
6.4295,-1.91534036321114
6.43,-1.95117142964789
6.4305,-1.98667377333097
6.431,-2.02053249245342
6.4315,-2.05636356679139
6.432,-2.09186591838771
6.4325,-2.12638209616496
6.433,-2.16155572762621
6.4335,-2.19738681295148
6.434,-2.23091682199581
6.4345,-2.267076638509
6.435,-2.30225028106165
6.4355,-2.33709520078506
6.436,-2.37194012332432
6.4365,-2.40777122588138
6.437,-2.4426161542145
6.4375,-2.47746108544479
6.438,-2.49225374581194
6.4385,-2.45675136181565
6.439,-2.42190643231049
6.4395,-2.3867327799773
6.44,-2.35123040487039
6.4405,-2.31671420966333
6.441,-2.28121184031654
6.4415,-2.24538074824609
6.442,-2.21152201253559
6.4425,-2.1756909260841
6.443,-2.14051729352849
6.4435,-2.10600111468812
6.444,-2.07082748748475
6.4445,-2.03532513749102
6.445,-2.00113769188386
6.4455,-1.96563534712749
6.446,-1.93013300499715
6.4465,-1.8952881161731
6.447,-1.8601145044933
6.4475,-1.82461217000047
6.448,-1.79075346444634
6.4485,-1.75459368431213
6.449,-1.71909135720597
6.4495,-1.68556138383637
6.45,-1.65005906142688
6.4505,-1.6142280162165
6.451,-1.57938314885351
6.4515,-1.5445382837226
6.452,-1.50870724546291
6.4525,-1.47419110986759
6.453,-1.43934625131216
6.4535,-1.40384394477981
6.454,-1.36932781551601
6.4545,-1.33382551324938
6.455,-1.29832321310344
6.4555,-1.26380708996775
6.456,-1.22863351887509
6.4565,-1.19280249991071
6.457,-1.15927255741176
6.4575,-1.12311281748083
6.458,-1.0879392542186
6.4585,-1.05342314257309
6.459,-1.01824958302586
6.4595,-0.982747300482612
6.46,-0.9485599190321
6.4605,-0.91305764007368
6.461,-0.877555362899428
6.4615,-0.84303926177467
6.462,-0.807865712784966
6.4625,-0.772034715997032
6.463,-0.738176069221112
6.4635,-0.70234507571758
6.464,-0.666842808548294
6.4645,-0.632655441663537
6.465,-0.597481902243455
6.4655,-0.56165091503419
6.466,-0.527463552519156
6.4665,-0.491961292893944
6.467,-0.456787759322308
6.4675,-0.421285502550433
6.468,-0.386769420911457
6.4685,-0.350938442287099
6.469,-0.316422363246714
6.4695,-0.281248836352472
6.47,-0.24574658618065
6.4705,-0.21090178630218
6.471,-0.175728263090902
6.4715,-0.140883465551745
6.472,-0.105381220158015
6.4725,-0.0711938738178912
6.473,-0.0353629061626845
6.4735,0.00013933593134402
6.474,0.033669230274293
6.4745,0.0691714703453693
6.475,0.105002433849153
6.4755,0.138861049829678
6.476,0.174363287024598
6.4765,0.20986552330508
6.477,0.243395412311479
6.4775,0.279555095675836
6.478,0.314728605030841
6.4785,0.349573389222883
6.479,0.384746897037701
6.4795,0.42024912848199
6.48,0.454765186142206
6.4805,0.489938691848813
6.481,0.526098369935462
6.4815,0.559299528326835
6.482,0.59513048084779
6.4825,0.630961432780088
6.483,0.665148762542141
6.4835,0.700979713408385
6.484,0.736481939459138
6.4845,0.770340543499991
6.485,0.806500217279309
6.4855,0.841673717730172
6.486,0.87586104491282
6.4865,0.911034544653224
6.487,0.946536768366617
6.4875,0.980395370334839
6.488,1.01622631778208
6.4885,1.05205726498373
6.489,1.0859158662685
6.4895,1.12108936451232
6.49,1.15724903544349
6.4905,1.19143636056457
6.491,1.22693858270694
6.4915,1.2627695290549
6.492,1.29695685396863
6.4925,1.33278780025638
6.493,1.36796129800018
6.4935,1.40280607150484
6.494,1.43830829363382
6.4945,1.47315306729849
6.495,1.5073403925197
6.4955,1.54284261501403
6.496,1.57834483768844
6.4965,1.61384706057134
6.497,1.64803438653396
6.4975,1.68386533420049
6.498,1.71903883357598
6.4985,1.75355488467114
6.499,1.78872838469776
6.4995,1.82455933370342
6.5,1.85907538588801
6.5005,1.89424888710687
6.501,1.93007983741223
6.5015,1.96426716660865
6.502,1.99976939358975
6.5025,2.0352716211164
6.503,2.06913022753258
6.5035,2.10561862923455
6.504,2.1407921342077
6.5045,2.17497946676323
6.505,2.21015297303711
6.5055,2.24565520437927
6.506,2.27984253896546
6.5065,2.31501604740973
6.507,2.35084700541521
6.5075,2.38503434227809
6.508,2.42020785314616
6.5085,2.4563675381187
6.509,2.49055487750657
6.5095,2.49515701941311
6.51,2.45998350666742
6.5105,2.42513871922424
6.511,2.3899652082365
6.5115,2.35446297370057
6.512,2.31994691314143
6.5125,2.28477340458906
6.513,2.24861372369089
6.5135,2.21508383845797
6.514,2.17925288337686
6.5145,2.14407937769572
6.515,2.10989204569306
6.5155,2.07406109258966
6.516,2.0385588644345
6.5165,2.00437153416368
6.517,1.9685405827914
6.5175,1.93336708058406
6.518,1.89950847611241
6.5185,1.86400625051861
6.519,1.82817530105672
6.5195,1.7936592492164
6.52,1.7584857491396
6.5205,1.72265480081889
6.521,1.68879619858097
6.5215,1.65296525087511
6.522,1.61812047630413
6.5225,1.58327570196462
6.523,1.54777347926295
6.5235,1.51259998102712
6.524,1.47841265578592
6.5245,1.4425817092664
6.525,1.40707948712731
6.5255,1.37190598933789
6.526,1.33804738870262
6.5265,1.30188771813701
6.527,1.2667142203927
6.5275,1.23219817116562
6.528,1.19636722475641
6.5285,1.1611937268092
6.529,1.12700640158415
6.5295,1.09084673051862
6.53,1.05600195640502
6.5305,1.02148590637682
6.531,0.986312407546122
6.5315,0.950481459871484
6.532,0.915965409076666
6.5325,0.880463185084901
6.533,0.845289685044591
6.5335,0.811431081852049
6.534,0.775600132440858
6.5345,0.740097906900709
6.535,0.705910578166508
6.5355,0.670079627371137
6.536,0.634577400374719
6.5365,0.601047518821361
6.537,0.5645591177257
6.5375,0.529714337707509
6.538,0.49519828143066
6.5385,0.460024775822981
6.539,0.424522545180953
6.5395,0.390006486927697
6.54,0.354175530474922
6.5405,0.319002022001086
6.541,0.284814685910912
6.5415,0.248983727070721
6.542,0.21381021616992
6.5425,0.179622877641685
6.543,0.143791916162486
6.5435,0.108947127018028
6.544,0.0747597858204241
6.5445,0.03892882146005
6.545,0.00375530497390575
6.5455,-0.0307607636085684
6.546,-0.0665917311205599
6.5465,-0.101765250784108
6.547,-0.136281322565129
6.5475,-0.171454844463416
6.548,-0.207285816571379
6.5485,-0.240815718200772
6.549,-0.277304141826303
6.5495,-0.312148944023427
6.55,-0.346336298342733
6.5505,-0.382167276790854
6.551,-0.417998256623825
6.5515,-0.452185614846494
6.552,-0.487359148234288
6.5525,-0.52253268303916
6.553,-0.557706219288725
6.5535,-0.592879757010595
6.554,-0.628053296232383
6.5545,-0.663226836981705
6.555,-0.697742929882873
6.5555,-0.733573923173398
6.556,-0.768418743939181
6.5565,-0.802606116818447
6.557,-0.838765839844823
6.5575,-0.874596839881218
6.558,-0.908455492932527
6.5585,-0.943957771658063
6.559,-0.979131327364334
6.5595,-1.01397616002879
6.56,-1.04947844421394
6.5605,-1.08498073029238
6.561,-1.1188393938052
6.5615,-1.15434168366447
6.562,-1.19017270043461
6.5625,-1.22403136953481
6.563,-1.25986239030556
6.5635,-1.29536468818612
6.564,-1.3295520881201
6.5645,-1.36538311515855
6.565,-1.4005566942855
6.5655,-1.43540155047797
6.566,-1.470903858969
6.5665,-1.50574871947139
6.567,-1.54059358214912
6.5675,-1.57576717217998
6.568,-1.6112694896549
6.5685,-1.64479945830951
6.569,-1.68128795601233
6.5695,-1.7167902805332
6.57,-1.75032025591982
6.5705,-1.78648003575122
6.571,-1.82165364223991
6.5715,-1.85584107520739
6.572,-1.89134341193441
6.5725,-1.92618830047687
6.573,-1.96136191691779
6.5735,-1.99587808508647
6.574,-2.03203788299805
6.5745,-2.06655405632407
6.575,-2.10205640870023
6.5755,-2.1372300382886
6.576,-2.17174621949323
6.5765,-2.20724858005607
6.577,-2.24275094343819
6.5775,-2.2769384071639
6.578,-2.31276950181511
6.5785,-2.34794314806492
6.579,-2.38213062007468
6.5795,-2.41796172349196
6.58,-2.4524779269091
6.5805,-2.48765158475223
6.581,-2.48239197217519
6.5815,-2.44656086326446
6.582,-2.41270211179128
6.5825,-2.37719973451991
6.583,-2.34169736020374
6.5835,-2.30619498881437
6.584,-2.27167879718705
6.5845,-2.23584770589175
6.585,-2.20034534306005
6.5855,-2.166486610759
6.586,-2.13032680236194
6.5865,-2.09548189879543
6.587,-2.06129444879552
6.5875,-2.02546337408101
6.588,-1.98996102750894
6.5885,-1.95577358516242
6.589,-1.91994251838525
6.5895,-1.88444017959292
6.59,-1.85025274465822
6.5905,-1.81540786146929
6.591,-1.77957680485814
6.5915,-1.7453893770498
6.592,-1.71021577581004
6.5925,-1.67405600131233
6.593,-1.64052603081495
6.5935,-1.60436626107442
6.594,-1.56919266919869
6.5945,-1.53500525496833
6.595,-1.49950294242965
6.5955,-1.46367190705938
6.596,-1.42948449927764
6.5965,-1.39398219335278
6.597,-1.35880861462165
6.5975,-1.3242924880031
6.598,-1.28846146343544
6.5985,-1.25295916595796
6.599,-1.21942922022869
6.5995,-1.18359820179249
6.6,-1.14809591030597
6.6005,-1.11423724526303
6.601,-1.07873495760305
6.6015,-1.04323267185975
6.602,-1.00871656253102
6.6025,-0.97288555565945
6.603,-0.937712000270478
6.6035,-0.903524621028776
6.604,-0.868022344328769
6.6045,-0.832191344616915
6.605,-0.798661419867988
6.6055,-0.762830423520173
6.606,-0.727656878295409
6.6065,-0.693469508774901
6.607,-0.656981067950836
6.6075,-0.621807527474776
6.608,-0.587620162490193
6.6085,-0.55277534963293
6.609,-0.516615639700636
6.6095,-0.482757003598891
6.61,-0.446926021188972
6.6105,-0.412081213985907
6.611,-0.377565132693097
6.6115,-0.341734154420731
6.612,-0.306560626606079
6.6125,-0.270729650984334
6.613,-0.23654229930433
6.6135,-0.201040050702508
6.614,-0.165537803315375
6.6145,-0.131350455101151
6.615,-0.095848210015833
6.6155,-0.0606746905370339
6.616,-0.0255011721403378
6.6165,0.00868617183256326
6.617,0.0441884126233595
6.6175,0.0790332035200172
6.618,0.113877993462343
6.6185,0.149708955737956
6.619,0.183896295003354
6.6195,0.219398531043128
6.62,0.254900766204484
6.6205,0.289088102963556
6.621,0.32491906086387
6.6215,0.360092569208526
6.622,0.394608628068082
6.6225,0.43011085931014
6.623,0.4652843654887
6.6235,0.499471697955275
6.624,0.53497392718246
6.6245,0.570476155783626
6.625,0.604992210794888
6.6255,0.64049443824463
6.626,0.675996665152749
6.6265,0.710512718598905
6.627,0.746014944522048
6.6275,0.781845894295787
6.628,0.815047049200423
6.6285,0.851206722459743
6.629,0.886380222440379
6.6295,0.920896273493911
6.63,0.956069772830516
6.6305,0.991571996172189
6.631,1.02608804639295
6.6315,1.06191899353212
6.632,1.09709249189709
6.6325,1.13193726580744
6.633,1.16645331529443
6.6335,1.20228426178414
6.634,1.23680031106572
6.6345,1.27263125739846
6.635,1.30780475513876
6.6355,1.34232080431546
6.636,1.37749430206723
6.6365,1.41365397270238
6.637,1.44718384918003
6.6375,1.48268607143403
6.638,1.51851701810207
6.6385,1.55270434351543
6.639,1.5882065662449
6.6395,1.62338006490313
6.64,1.65789611522144
6.6405,1.69339833867457
6.641,1.72922928672372
6.6415,1.76407406221208
6.642,1.79891883804437
6.6425,1.83442106285877
6.643,1.86959456377682
6.6435,1.90411061650063
6.644,1.93961284262217
6.6445,1.97511506924114
6.645,2.00963112340233
6.6455,2.04414717808663
6.646,2.08096430368919
6.6465,2.11482291084889
6.647,2.1503251403386
6.6475,2.18615609485076
6.648,2.22001470389267
6.6485,2.25551693543815
6.649,2.29069044335708
6.6495,2.32487777888859
6.65,2.36070873712282
6.6505,2.39588224740844
6.651,2.43039830972637
6.6515,2.46590054613124
6.652,2.50107405903051
6.6525,2.48562401119562
6.653,2.44979304987248
6.6535,2.41461953827822
6.654,2.38043220073177
6.6545,2.3446012420334
6.655,2.30975645731288
6.6555,2.2749116733567
6.656,2.23908071703853
6.6565,2.20423593455024
6.657,2.16971987709855
6.6575,2.13454637159598
6.658,2.09871541805163
6.6585,2.06518553549526
6.659,2.0293545831562
6.6595,1.99385235572245
6.66,1.9593363017917
6.6605,1.92383407539732
6.661,1.88833184948774
6.6615,1.85480196988158
6.662,1.81864229622526
6.6625,1.78314007158542
6.663,1.74862402020941
6.6635,1.71345052057074
6.664,1.67794829695137
6.6645,1.64376097077575
6.665,1.60825874769516
6.6655,1.57209907627771
6.666,1.5388979236174
6.6665,1.50306697685988
6.667,1.46756475453358
6.6675,1.43304870516486
6.668,1.39820393160482
6.6685,1.36270170955067
6.669,1.3275282118104
6.6695,1.29202598979992
6.67,1.25652376776893
6.6705,1.22135026996785
6.671,1.18716294493008
6.6715,1.15100327411118
6.672,1.11582977600037
6.6725,1.08164245058217
6.673,1.0458115035613
6.6735,1.01096672918205
6.674,0.976450678856496
6.6745,0.940619731102433
6.675,0.9054462316324
6.6755,0.871258904734801
6.676,0.835756680298046
6.6765,0.80025445547584
6.677,0.76639585178804
6.6775,0.730564901817061
6.678,0.694733951367762
6.6785,0.660875346348871
6.679,0.625373119213532
6.6795,0.589542167191346
6.68,0.556012284945789
6.6805,0.519852607404622
6.681,0.484350377902177
6.6815,0.450491769515427
6.682,0.414660814321493
6.6825,0.379158582761633
6.683,0.344642523581257
6.6835,0.309469014897655
6.684,0.273966781031098
6.6845,0.239450719527438
6.685,0.204277208394489
6.6855,0.16877497197195
6.686,0.134258907902649
6.6865,0.0987566696405966
6.687,0.0629257059616119
6.6875,0.0290670879682692
6.688,-0.00643515326497797
6.6885,-0.0416086710866544
6.689,-0.0761247410143189
6.6895,-0.111626985468045
6.69,-0.147129231064947
6.6905,-0.181974028808372
6.691,-0.217476276754331
6.6915,-0.252321076858022
6.692,-0.286508429078597
6.6925,-0.321681956162916
6.693,-0.358170382816437
6.6935,-0.391700289637526
6.694,-0.426873820653046
6.6945,-0.462704802254835
6.695,-0.496892162199138
6.6955,-0.53239442202762
6.696,-0.56789668333581
6.6965,-0.60241277216437
6.697,-0.6379150364741
6.6975,-0.673088577656657
6.698,-0.707933395696228
6.6985,-0.743106940017183
6.699,-0.778609210692113
6.6995,-0.813782758291903
6.7,-0.847970133263303
6.7005,-0.884129858539125
6.701,-0.919632136041637
6.7015,-0.953490791252368
6.702,-0.989321797110221
6.7025,-1.02482407999731
6.703,-1.05901146528863
6.7035,-1.09385630211114
6.704,-1.13034476530404
6.7045,-1.16387470627704
6.705,-1.19970572358792
6.7055,-1.2348792930345
6.706,-1.26939541453281
6.7065,-1.30522643796707
6.707,-1.34072873852314
6.7075,-1.37524486610196
6.708,-1.41041844582444
6.7085,-1.44559202768865
6.709,-1.47977943643914
6.7095,-1.51561047283755
6.71,-1.55144151154421
6.7105,-1.58497147648716
6.711,-1.62080251974503
6.7115,-1.65630484019642
6.712,-1.69049226213813
6.7125,-1.7259945872855
6.713,-1.76182564013408
6.7135,-1.79568434375471
6.714,-1.83052922557398
6.7145,-1.86636028582358
6.715,-1.90054772187405
6.7155,-1.93637878721987
6.716,-1.97155240440376
6.7165,-2.00606857330931
6.717,-2.04189964654594
6.7175,-2.07641582060028
6.718,-2.11093199722052
6.7185,-2.14676307854961
6.719,-2.18226543714554
6.7195,-2.21678162179729
6.72,-2.25228398594127
6.7205,-2.28712890167368
6.721,-2.32164509452409
6.7215,-2.35714746718367
6.722,-2.39297856849622
6.7225,-2.42683731838559
6.723,-2.46332587714191
6.7235,-2.49817081010682
6.724,-2.47220147299691
6.7245,-2.43702781645728
6.725,-2.40119671142423
6.7255,-2.36700923788728
6.726,-2.33150686441411
6.7265,-2.2960044938596
6.727,-2.26148830303613
6.7275,-2.22565721256715
6.728,-2.19048357610737
6.7285,-2.15530994240172
6.729,-2.12046503693324
6.7295,-2.08529140862794
6.73,-2.0497890575335
6.7305,-2.01560161087733
6.731,-1.98009926504296
6.7315,-1.94393947107094
6.732,-1.91040948271566
6.7325,-1.87392096859201
6.733,-1.83973353438295
6.7335,-1.80488865192557
6.734,-1.76971504660188
6.7345,-1.73454144370199
6.735,-1.7000252936532
6.7355,-1.66485169547408
6.736,-1.62869192408568
6.7365,-1.59450450611267
6.737,-1.55900218973411
6.7375,-1.52317115053666
6.738,-1.48931246424803
6.7385,-1.45381015460407
6.739,-1.41830784717677
6.7395,-1.3841204420931
6.74,-1.34828941391522
6.7405,-1.31311583790835
6.741,-1.27892843890926
6.7415,-1.24309741702476
6.742,-1.20825257205567
6.7425,-1.17373645395789
6.743,-1.13889161283624
6.7435,-1.10273187405045
6.744,-1.0688732113722
6.7445,-1.03337092615627
6.745,-0.997539917983737
6.7455,-0.963681260618714
6.746,-0.927521531284204
6.7465,-0.892676702961045
6.747,-0.858160601112444
6.7475,-0.82232960188556
6.748,-0.78748477862171
6.7485,-0.752311232254975
6.749,-0.717137687513323
6.7495,-0.681635419674306
6.75,-0.647448052155805
6.7505,-0.612274512095148
6.751,-0.576443524245275
6.7515,-0.542584885768982
6.752,-0.506753900893591
6.7525,-0.470922917504548
6.753,-0.437393007763603
6.7535,-0.401890751755059
6.754,-0.366059772548247
6.7545,-0.331543692958432
6.755,-0.296370165516055
6.7555,-0.260867914803012
6.756,-0.226351838931561
6.7565,-0.190520866166151
6.757,-0.155347343637588
6.7575,-0.120173822265452
6.758,-0.0856577509884561
6.7585,-0.0501555073529599
6.759,-0.0149819892745194
6.7595,0.0188766299432097
6.76,0.0543788704387379
6.7605,0.0895523854887342
6.761,0.124397175148235
6.7615,0.160228137141471
6.762,0.195072924964188
6.7625,0.229588987520672
6.763,0.264762498041683
6.7635,0.300593456507723
6.764,0.335109516631479
6.7645,0.369954300383985
6.765,0.406113980864904
6.7655,0.439972590083516
6.766,0.475803544775342
6.7665,0.510977050089943
6.767,0.54516438175116
6.7675,0.580666610177881
6.768,0.616497562344289
6.7685,0.650684892318727
6.769,0.686515843396054
6.7695,0.722018069644331
6.77,0.756205398173544
6.7705,0.791378899206735
6.771,0.82688112412974
6.7715,0.86139717576162
6.772,0.896570675641315
6.7725,0.932730348070467
6.773,0.966260225855084
6.7735,1.00209117340724
6.774,1.03726467213021
6.7745,1.07178072206473
6.775,1.10728294466084
6.7755,1.14278516708868
6.776,1.17697249225701
6.7765,1.21280343871609
6.777,1.24764821225465
6.7775,1.28315043429521
6.778,1.31799520775244
6.7785,1.35349742976588
6.779,1.38801347897283
6.7795,1.42318697679096
6.78,1.45868919897185
6.7805,1.49287652414118
6.781,1.52870747085278
6.7815,1.5638809691679
6.782,1.59806829481805
6.7825,1.6342279664056
6.783,1.66940146538341
6.7835,1.70358879175705
6.784,1.73909101560218
6.7845,1.77459323978436
6.785,1.80845184281667
6.7855,1.84461151635282
6.786,1.88011374170439
6.7865,1.91495851887558
6.787,1.94947457218744
6.7875,1.98563424759831
6.788,2.02080775057491
6.7885,2.0549950810996
6.789,2.09016858519118
6.7895,2.1259995385811
6.79,2.16018687086938
6.7905,2.19568910121507
6.791,2.231191332263
6.7915,2.26570739092647
6.792,2.30055217468523
6.7925,2.33638313235921
6.793,2.37024174450137
6.7935,2.40640142821777
6.794,2.44157493960835
6.7945,2.47609100304547
6.795,2.51060706735833
6.7955,2.47477610537484
6.796,2.44091749078931
6.7965,2.40541525501366
6.797,2.36925557132147
6.7975,2.33539695920124
6.798,2.29923727717132
6.7985,2.26373504469807
6.799,2.22987643480392
6.7995,2.19437420378251
6.8,2.15887197346229
6.8005,2.12468464119753
6.801,2.08951113651109
6.8015,2.05335145942745
6.802,2.01949285325761
6.8025,1.98366190165279
6.803,1.94848839922917
6.8035,1.91430107024554
6.804,1.87912756877201
6.8045,1.84329661912584
6.805,1.80878056711966
6.8055,1.77294961828659
6.806,1.73876229130582
6.8065,1.70391751605045
6.807,1.66841529251124
6.8075,1.63258434496434
6.808,1.59839701910412
6.8085,1.56322352059958
6.809,1.52739257372289
6.8095,1.49287652414118
6.81,1.4577030261321
6.8105,1.42220080395394
6.811,1.38867092752958
6.8115,1.3528399812099
6.812,1.31700903491886
6.8125,1.28282171001723
6.813,1.24731948797628
6.8135,1.21214599015807
6.814,1.17762994081683
6.8145,1.14147026996439
6.815,1.10629677181336
6.8155,1.07112327349637
6.816,1.03693594784414
6.8165,1.00110500054241
6.817,0.96560277727356
6.8175,0.931415450897002
6.818,0.895584502752126
6.8185,0.86139717576162
6.819,0.826552399826741
6.8195,0.79039272628633
6.82,0.755219225241156
6.8205,0.720703172384547
6.821,0.685858394757153
6.8215,0.650027443670119
6.822,0.615511389356662
6.8225,0.580337885843344
6.823,0.544835657411033
6.8235,0.510319601398368
6.824,0.474817371719742
6.8245,0.439315141366983
6.825,0.405456532135729
6.8255,0.369625576012416
6.826,0.334452067874239
6.8265,0.299936007736081
6.827,0.263776324860897
6.8275,0.22893153871784
6.828,0.194415476145434
6.8285,0.158913239470492
6.829,0.123411001868754
6.8295,0.0888949366182234
6.83,0.0537214215499425
6.8305,0.0175617321273046
6.831,-0.0159681626642034
6.8315,-0.0514704052457016
6.832,-0.0873013734059541
6.8325,-0.12148872024019
6.833,-0.15633351715054
6.8335,-0.192164488742957
6.834,-0.226351838931561
6.8345,-0.261854088416751
6.835,-0.297356339165269
6.8355,-0.331872417520032
6.836,-0.367374670843339
6.8365,-0.403205650101045
6.837,-0.437393007763603
6.8375,-0.472895265175872
6.838,-0.507740074769218
6.8385,-0.542584885768982
6.839,-0.577758422854514
6.8395,-0.61358941076157
6.84,-0.647448052155805
6.8405,-0.683279043149851
6.841,-0.718123861643063
6.8415,-0.752639956979809
6.842,-0.788799677583182
6.8425,-0.824301950421247
6.843,-0.857831876340883
6.8435,-0.893334152536201
6.844,-0.929165155304223
6.8445,-0.964338710260408
6.845,-0.998854817332698
6.8455,-1.03468582557501
6.846,-1.07018811086112
6.8465,-1.10371804871783
6.847,-1.13954906265112
6.8475,-1.17472262873442
6.848,-1.20989619677442
6.8485,-1.24474104183597
6.849,-1.28057206381686
6.8495,-1.31508818790989
6.85,-1.35026176403339
6.8505,-1.38609279233167
6.851,-1.4199514724721
6.8515,-1.45512505492155
6.852,-1.49161353995027
6.8525,-1.52481477613705
6.853,-1.56064581544137
6.8535,-1.59647685709063
6.854,-1.63066427518901
6.8545,-1.66616659629828
6.855,-1.70166891979406
6.8555,-1.73585634470169
6.856,-1.77135867296467
6.8565,-1.8071897289945
6.857,-1.84071971033683
6.8575,-1.87622204597928
6.858,-1.91205310954195
6.8585,-1.94624054878822
6.859,-1.98207161751986
6.8595,-2.01757396350159
6.86,-2.05209013576324
6.8605,-2.08726376154606
6.861,-2.12210866448994
6.8615,-2.15695357008404
6.862,-2.19245592948057
6.8625,-2.22795829168453
6.863,-2.26247447987913
6.8635,-2.29764812206199
6.864,-2.333150492751
6.8645,-2.3676666892756
6.865,-2.40316906575066
6.8655,-2.43867144520168
6.866,-2.47285892454925
6.8665,-2.49652718112752
6.867,-2.46201097406837
6.8675,-2.42716604412598
6.868,-2.39199239135555
6.8685,-2.35583256444033
6.869,-2.32197382018346
6.8695,-2.28647145040783
6.87,-2.25031163230307
6.8705,-2.21678162179729
6.871,-2.18062180937119
6.8715,-2.14544817643278
6.872,-2.11126072272456
6.8725,-2.07542964416324
6.873,-2.04025601927358
6.8735,-2.00475367159084
6.874,-1.96990877737525
6.8745,-1.93506388569261
6.875,-1.89923282044352
6.8755,-1.86537410981882
6.876,-1.82954304964021
6.8765,-1.79404071731325
6.877,-1.75952456327057
6.8775,-1.72435096106775
6.878,-1.68917736125313
6.8785,-1.65466121419731
6.879,-1.61883016867802
6.8795,-1.58365657586231
6.88,-1.54946916072919
6.8805,-1.51363812215035
6.881,-1.47780708587815
6.8815,-1.44394840231979
6.882,-1.40877482055627
6.8825,-1.37294379086699
6.883,-1.33908511345067
6.8835,-1.30292536300372
6.884,-1.26808051463054
6.8845,-1.23356439320622
6.885,-1.19806209889598
6.8855,-1.16255980659784
6.886,-1.12804369098785
6.8865,-1.09254140257484
6.887,-1.05769656582192
6.8875,-1.02318045574843
6.888,-0.987678172947394
6.8885,-0.951847167175055
6.889,-0.917659787244815
6.8895,-0.882486234623546
6.89,-0.847312683729556
6.8905,-0.812796584037462
6.891,-0.777294311748502
6.8915,-0.741463316414963
6.892,-0.707275946284894
6.8925,-0.671773678892912
6.893,-0.636271413092116
6.8935,-0.602084047502055
6.894,-0.566581784742122
6.8945,-0.531408248123646
6.895,-0.496892162199138
6.8955,-0.461718628430004
6.896,-0.426216371462711
6.8965,-0.391371565054968
6.897,-0.356526759963985
6.8975,-0.320367057931172
6.898,-0.286837153624914
6.8985,-0.250677454184649
6.899,-0.215175205091298
6.8995,-0.181316579783735
6.9,-0.145156884056868
6.9005,-0.110640811995692
6.901,-0.0754672920535544
6.9015,-0.0402937732051328
6.902,-0.00479153096249968
6.9025,0.0300532613210159
6.903,0.0642406037291895
6.9035,0.100071567371216
6.904,0.135245081174063
6.9045,0.169432420802853
6.905,0.205592106022491
6.9055,0.240436892724445
6.906,0.275281678596422
6.9065,0.310455188048972
6.907,0.345957421087155
6.9075,0.380473480240024
6.908,0.414989538684369
6.9085,0.451149218227892
6.909,0.485007826602636
6.9095,0.521167504781172
6.91,0.556669733622416
6.9105,0.590528340190588
6.911,0.626030567869131
6.9115,0.661861519317223
6.912,0.696377572958888
6.9125,0.731879799071979
6.913,0.767382024716537
6.9135,0.801569352698683
6.914,0.837071577506106
6.9145,0.871916353332027
6.915,0.906761128814501
6.9155,0.941934628272971
6.916,0.977436851726396
6.9165,1.01195290204496
6.917,1.04712640070342
6.9175,1.0826286234331
6.918,1.11714467312869
6.9185,1.15264689551481
6.919,1.18814911776894
6.9195,1.22233644280429
6.92,1.25783866488189
6.9205,1.29366961118953
6.921,1.32785693608827
6.9215,1.36368788238489
6.922,1.39853265588336
6.9225,1.43337742944411
6.923,1.46855092737423
6.9235,1.50405314970426
6.924,1.53824047505151
6.9245,1.57374269770097
6.925,1.60924492055524
6.9255,1.6431035221979
6.926,1.67893446982567
6.9265,1.71443669345345
6.927,1.74862402020941
6.9275,1.78412624448693
6.928,1.81962846913751
6.9285,1.85414452126576
6.929,1.88964674673533
6.9295,1.92514897266236
6.93,1.9593363017917
6.9305,1.99483852869929
6.931,2.03066948047932
6.9315,2.06485681115915
6.932,2.09970159107631
6.9325,2.13553254463859
6.933,2.17070605015954
6.9335,2.20555083199006
6.934,2.24039561450465
6.9345,2.27556912210368
6.935,2.31041390607403
6.9355,2.34558741519726
6.936,2.38174709831497
6.9365,2.41560571148863
6.937,2.45143667193112
6.9375,2.48693890887677
6.938,2.50008788575912
6.9385,2.46458564847041
6.939,2.42908341209901
6.9395,2.39456734981261
6.94,2.35972256394918
6.9405,2.32389160573792
6.941,2.28937554585121
6.9415,2.2542020379603
6.942,2.21902853080462
6.9425,2.18484119742514
6.943,2.14901024293839
6.9435,2.1135080134728
6.944,2.07932068199674
6.9445,2.04348972942093
6.945,2.00864495041916
6.9455,1.97380017194975
6.946,1.93895539398586
6.9465,1.90345316787326
6.947,1.86893711515765
6.9475,1.83343488994181
6.948,1.79760394083659
6.9485,1.76374533791345
6.949,1.72791438954185
6.9495,1.69274089008946
6.95,1.65855356380134
6.9505,1.62272261632796
6.951,1.58754911767396
6.9515,1.55303306779905
6.952,1.51753084525594
6.9525,1.48202862287266
6.953,1.44817002201889
6.9535,1.41299652414476
6.954,1.377165577789
6.9545,1.34264952859338
6.955,1.30681858230515
6.9555,1.27131636028616
6.956,1.23745775962279
6.9565,1.20162681322563
6.957,1.16612459101418
6.9575,1.13193726580744
6.958,1.0964350433312
6.9585,1.06126154496273
6.959,1.02641677067966
6.9595,0.990914547594246
6.96,0.955741048539007
6.9605,0.919581376316581
6.961,0.886051498143105
6.9615,0.850549273858574
6.962,0.815047049200423
6.9625,0.78085972137221
6.963,0.745028771586044
6.9635,0.710183994282576
6.964,0.675667940831923
6.9645,0.639508265267359
6.965,0.60466348646403
6.9655,0.569818707111346
6.966,0.534645202840679
6.9665,0.499142973607565
6.967,0.464626916781305
6.9675,0.429782134950088
6.968,0.393951179334502
6.9685,0.360092569208526
6.969,0.324590336483184
6.9695,0.288759378575315
6.97,0.254243317413012
6.9705,0.219069806639425
6.971,0.183238846179338
6.9715,0.149708955737956
6.972,0.113220544604176
6.9725,0.0783757546440922
6.973,0.0438596881763085
6.9735,0.00868617183256326
6.974,-0.0268160700051814
6.9745,-0.0616608639654914
6.975,-0.0961769345021343
6.9755,-0.132336628592156
6.976,-0.166195252330194
6.9765,-0.201697499739564
6.977,-0.238185921954674
6.9775,-0.271715824607847
6.978,-0.307546800265622
6.9785,-0.343049052681881
6.979,-0.377565132693097
6.9795,-0.412409938575893
6.98,-0.448240919600445
6.9805,-0.482428278983004
6.981,-0.517601813587556
6.9815,-0.553104074275751
6.982,-0.587620162490193
6.9825,-0.622793701485939
6.983,-0.658624691375267
6.9835,-0.692812059375745
6.984,-0.728643052438582
6.9845,-0.763816597708764
6.985,-0.79767524563364
6.9855,-0.833506243657774
6.986,-0.868679793881313
6.9865,-0.903195896236411
6.987,-0.938698174696381
6.9875,-0.974200454961024
6.988,-1.00871656253102
6.9885,-1.04389012157849
6.989,-1.07906368247996
6.9895,-1.11489469505276
6.99,-1.1487533601303
6.9905,-1.18425565165361
6.991,-1.219757945178
6.9915,-1.2542740658277
6.992,-1.29010508836892
6.9925,-1.325607388028
6.993,-1.36045223974898
6.9935,-1.39529709353337
6.994,-1.43047067447345
6.9945,-1.46531553248527
6.995,-1.50048911774739
6.9955,-1.53632015547636
6.996,-1.57050756978861
6.9965,-1.6056811617496
6.997,-1.64151220638757
6.9975,-1.67602835258429
6.998,-1.71153067674802
6.9985,-1.74670427807718
6.999,-1.7808917059734
6.9995,-1.81639403737528
7,-1.85189637128381
7.0005,-1.8860838063321
7.001,-1.92158614524369
7.0015,-1.95675976134983
7.002,-1.99127592918648
7.0025,-2.02677827585708
7.003,-2.06260935067209
7.0035,-2.09646807527518
7.004,-2.1322991554732
7.0045,-2.16780151293682
7.005,-2.2016602453368
7.0055,-2.23749133386924
7.006,-2.27299369967535
7.0065,-2.30685244010997
7.007,-2.34268353722843
7.0075,-2.3781859116263
7.008,-2.41270211179128
7.0085,-2.44820449204624
7.009,-2.48370687531319
7.0095,-2.48765158475223
7.01,-2.45149174962918
7.0105,-2.41598936909652
7.011,-2.38114444295917
7.0115,-2.3459707939937
7.012,-2.31079714790444
7.0125,-2.27595223028843
7.013,-2.24110731544118
7.0135,-2.20527622661777
7.014,-2.1710887683981
7.0145,-2.13558641067755
7.015,-2.09975533022289
7.0155,-2.06589660537975
7.016,-2.0300655303133
7.0165,-1.99456318339622
7.017,-1.96037574072094
7.0175,-1.92454467360288
7.018,-1.88937105982694
7.0185,-1.85353999791483
7.019,-1.81968129040922
7.0195,-1.78450768405791
7.02,-1.74867662962456
7.0205,-1.71448920387064
7.021,-1.67898687950609
7.0215,-1.6434845575383
7.022,-1.60929713862288
7.0225,-1.57346609612751
7.023,-1.53829250624429
7.0235,-1.50377636881909
7.024,-1.46860278335137
7.0245,-1.43342920007107
7.025,-1.39825561895058
7.0255,-1.36341076498976
7.026,-1.32757973807078
7.0265,-1.29306361326045
7.027,-1.25756131551438
7.0275,-1.22271646972958
7.028,-1.18852907576764
7.0285,-1.15204060926212
7.029,-1.11752449421838
7.0295,-1.0836658307739
7.03,-1.04783481990453
7.0305,-1.01233253580634
7.031,-0.977487703225964
7.0315,-0.942642872413924
7.032,-0.906811868960797
7.0325,-0.872624491209178
7.033,-0.837122216032308
7.0335,-0.801619942578871
7.034,-0.767103845013347
7.0345,-0.732259024307689
7.035,-0.696099306377046
7.0355,-0.662240662920943
7.036,-0.626409672870455
7.0365,-0.591564858377354
7.037,-0.557048769999616
7.0375,-0.52121778451596
7.038,-0.485715525147436
7.0385,-0.451199441033344
7.039,-0.416025909073574
7.0395,-0.380852378474881
7.04,-0.346665022909445
7.0405,-0.310834045804678
7.041,-0.275331794569127
7.0415,-0.241144442732015
7.042,-0.20597091849059
7.0425,-0.169482497410399
7.043,-0.136281322565129
7.0435,-0.100450352832882
7.044,-0.0649481087331678
7.0445,-0.0304320391411115
7.045,0.00441275388956303
7.0455,0.0395862703566894
7.046,0.0737736125030898
7.0465,0.109604575878346
7.047,0.144778089426872
7.0475,0.180280326467414
7.048,0.214467664979666
7.0485,0.250298624658049
7.049,0.285800859077967
7.0495,0.319002022001086
7.05,0.355490427973124
7.0505,0.3906639356628
7.051,0.42517999390295
7.0515,0.461010948886447
7.052,0.496513178823862
7.0525,0.530371786392633
7.053,0.56620273941013
7.0535,0.601704967484106
7.054,0.63589229768045
7.0545,0.671065800335734
7.055,0.707225475433743
7.0555,0.741412804151
7.056,0.776586305366209
7.0565,0.812745979070124
7.057,0.846275857947841
7.0575,0.881778082275842
7.058,0.917280306255201
7.0585,0.951796357038966
7.059,0.987627304703181
7.0595,1.02247207923775
7.06,1.05764557782979
7.0605,1.09249035193455
7.061,1.12799257442904
7.0615,1.16185117537001
7.062,1.19768212187391
7.0625,1.23351306828005
7.063,1.26770039322707
7.0635,1.30353133952642
7.064,1.33870483725843
7.0645,1.37322088645057
7.065,1.40905183279957
7.0655,1.44422533066393
7.066,1.47874138006648
7.0665,1.51391487815451
7.067,1.55007454924699
7.0675,1.58393315053509
7.068,1.61877792487872
7.0685,1.65460887232331
7.069,1.68945364716546
7.0695,1.72429842229404
7.07,1.76045809492889
7.0705,1.794645422121
7.071,1.83047637119284
7.0715,1.86564987206402
7.072,1.89950847611241
7.0725,1.93566815080684
7.073,1.97084165304677
7.0735,2.00502898281785
7.074,2.04118865909254
7.0745,2.07570471427794
7.075,2.1102207700364
7.0755,2.14539427509252
7.076,2.18155395386525
7.0765,2.21672746026799
7.077,2.25091479427017
7.0775,2.2860883020912
7.078,2.32191925943844
7.0785,2.35577787126101
7.079,2.39160883022631
7.0795,2.42711106566026
7.08,2.46129840432385
7.0805,2.4964719171036
7.081,2.48956870424293
7.0815,2.45505264046696
7.082,2.41922167993259
7.0825,2.38437689348488
7.083,2.34920338347016
7.0835,2.31435859864667
7.084,2.27852764146834
7.0845,2.24466903127654
7.085,2.20916679995459
7.0855,2.17366456934566
7.086,2.13947723681407
7.0865,2.10397500752218
7.087,2.06847277885918
7.0875,2.03395672379054
7.088,1.99878322061082
7.0885,1.96328099364446
7.089,1.92909366446151
7.0895,1.89293398985707
7.09,1.8577604886546
7.0905,1.82357316078961
7.091,1.78839966039678
7.0915,1.75223998748069
7.092,1.71805266069212
7.0925,1.68287916132508
7.093,1.64704821366634
7.0935,1.61286088771041
7.094,1.57735866483369
7.0945,1.5425138907309
7.095,1.50799784108295
7.0955,1.47249561873776
7.096,1.43699339651638
7.0965,1.40280607150484
7.097,1.36697512516584
7.0975,1.33213035170062
7.098,1.29695685396863
7.0985,1.26211208049855
7.099,1.22628113414949
7.0995,1.19209380912359
7.1,1.15659158688238
7.1005,1.12043191594852
7.101,1.08657331483539
7.1015,1.051071092128
7.102,1.01524014491998
7.1025,0.981710267493545
7.103,0.945879319782118
7.1035,0.910705820358105
7.104,0.876189769211022
7.1045,0.840687544825556
7.105,0.805185320058583
7.1055,0.769683094881709
7.106,0.735495766519692
7.1065,0.699664816137949
7.107,0.664491313897516
7.1075,0.630303984125908
7.108,0.594801756515455
7.1085,0.558970803988965
7.109,0.525112196905584
7.1095,0.489281243150062
7.11,0.454107737431046
7.1105,0.419591679758151
7.111,0.384746897037701
7.1115,0.348258491719913
7.112,0.314071156265157
7.1125,0.279226371285539
7.113,0.243066687913215
7.1135,0.209536798899184
7.114,0.174034562610365
7.1145,0.138532325406844
7.115,0.104016260555065
7.1155,0.0681852970236768
7.116,0.0333405058244358
7.1165,-0.000846837445796084
7.117,-0.0366778040386264
7.1175,-0.0718513227761752
7.118,-0.106696118115089
7.1185,-0.141869639051425
7.119,-0.177043161133608
7.1195,-0.21221668438925
7.12,-0.247061484312688
7.1205,-0.282892459076367
7.121,-0.316751087803136
7.1215,-0.352910789698689
7.122,-0.388084319235834
7.1225,-0.42227167633074
7.123,-0.458102657748347
7.1235,-0.49360491599257
7.124,-0.527792277152167
7.1245,-0.563294538266942
7.125,-0.59879680088614
7.1255,-0.632655441663537
7.126,-0.668157707303862
7.1265,-0.70365997453248
7.127,-0.738176069221112
7.1275,-0.773678339665422
7.128,-0.809180611782422
7.1285,-0.84303926177467
7.129,-0.878870262022544
7.1295,-0.914043814464969
7.13,-0.948231194218659
7.1305,-0.984390924633592
7.131,-1.01923575756749
7.1315,-1.05408059230189
7.132,-1.08958287862782
7.1325,-1.12475644197898
7.133,-1.15927255741176
7.1335,-1.19477484952502
7.134,-1.22994841869288
7.1345,-1.2651219898608
7.135,-1.29963811307136
7.1355,-1.33546913830728
7.136,-1.37097144067278
7.1365,-1.40548757003396
7.137,-1.44098987666777
7.1375,-1.47682091060025
7.138,-1.51067959613265
7.1385,-1.54618190938655
7.139,-1.58168422493099
7.1395,-1.61620036726661
7.14,-1.65137396221436
7.1405,-1.68753373515151
7.141,-1.72073498340704
7.1415,-1.75689476115349
7.142,-1.79206836559055
7.1425,-1.82625579654166
7.143,-1.86175813115153
7.1435,-1.89726046830434
7.144,-1.93177663189007
7.1445,-1.96695024873813
7.145,-2.00278131901998
7.1455,-2.03696876474612
7.146,-2.07214238938824
7.1465,-2.10764474219305
7.147,-2.14216092115732
7.1475,-2.17766327939246
7.148,-2.21316564042321
7.1485,-2.24735310186228
7.149,-2.28318419409337
7.1495,-2.3186865636009
7.15,-2.35287403328257
7.1505,-2.38837640852602
7.151,-2.4238787867336
7.1515,-2.45806626487261
7.152,-2.49356864898126
7.1525,-2.47581745654768
7.153,-2.44195870270979
7.1535,-2.40645632298178
7.154,-2.37095394623236
7.1545,-2.33643774944354
7.155,-2.30093537848536
7.1555,-2.26543301042137
7.156,-2.23091682199581
7.1565,-2.19574318512182
7.157,-2.16024082546653
7.1575,-2.12572464513544
7.158,-2.09087974191779
7.1585,-2.05471993946825
7.159,-2.02118994333412
7.1595,-1.98503014625047
7.16,-1.94919907729798
7.1605,-1.91534036321114
7.161,-1.87950929940829
7.1615,-1.84433568885106
7.162,-1.81014825666998
7.1625,-1.77497465098147
7.163,-1.73947232246815
7.1635,-1.70396999639996
7.164,-1.66912512316472
7.1645,-1.63395152704408
7.165,-1.59844920807577
7.1655,-1.5642617920147
7.166,-1.52843075247506
7.1665,-1.49325716545764
7.167,-1.45939848097437
7.1675,-1.42356744813835
7.168,-1.38773641753559
7.1685,-1.35354901424499
7.169,-1.31837543792691
7.1695,-1.2832018636783
7.17,-1.2486857414008
7.1705,-1.21318344622492
7.171,-1.17735242814603
7.1715,-1.14316503664502
7.172,-1.10766274740231
7.1725,-1.07281790984683
7.173,-1.03797307413314
7.1735,-1.00247079055545
7.174,-0.966968508833444
7.1745,-0.932781128161828
7.175,-0.897278849999877
7.1755,-0.861776573609473
7.176,-0.827589197992476
7.1765,-0.792415649739151
7.177,-0.756913378415571
7.1775,-0.722068558174591
7.178,-0.686895014808129
7.1785,-0.651392748333077
7.179,-0.617205382105163
7.1795,-0.582031843348911
7.18,-0.545872132163281
7.1805,-0.512013494909965
7.181,-0.47618251130457
7.1815,-0.44068025376089
7.182,-0.406821620562246
7.1825,-0.371319365739714
7.183,-0.335488387705103
7.1835,-0.300972309220919
7.184,-0.265470058342135
7.1845,-0.2302965332573
7.185,-0.195780458421046
7.1855,-0.160606935717186
7.186,-0.124775965183945
7.1865,-0.0909173427329318
7.187,-0.0550863744584909
7.1875,-0.0195841317667573
7.188,0.0146032120363005
7.1885,0.0494480037643139
7.189,0.084950243388075
7.1895,0.119466308743451
7.19,0.154968546449919
7.1905,0.190142058816018
7.191,0.224986845894571
7.1915,0.259831632131244
7.192,0.295662590713598
7.1925,0.330836099704596
7.193,0.365023434803604
7.1935,0.400854391024487
7.194,0.4363566221396
7.1945,0.470543955139456
7.195,0.506374909244262
7.1955,0.541548414006838
7.196,0.575735745154509
7.1965,0.611566697401814
7.197,0.646740200424327
7.1975,0.681256254279987
7.198,0.71708720491676
7.1985,0.752260706441907
7.199,0.786776758908721
7.1995,0.821950259581219
7.2,0.857781208464431
7.2005,0.891311086895953
7.201,0.927142035080309
7.2015,0.962644258655503
7.202,0.996831584792531
7.2025,1.03233380783715
7.203,1.06783603065354
7.2035,1.10235208042209
7.204,1.1378543028716
7.2045,1.17302780089724
7.205,1.20754385025108
7.2055,1.24271734807856
7.206,1.27887701868124
7.2065,1.31306434358457
7.207,1.34856656559628
7.2075,1.38439751191101
7.208,1.41825611260649
7.2085,1.45408705905375
7.209,1.48926055705026
7.2095,1.52344788233459
7.21,1.5589501049071
7.2105,1.59445232767259
7.211,1.62863965350749
7.2115,1.66414187673433
7.212,1.69931537594521
7.2125,1.7338314268638
7.213,1.76933365099425
7.2135,1.80483587548594
7.214,1.83902320314215
7.2145,1.8745254284255
7.215,1.9106851027832
7.2155,1.94421498308115
7.216,1.98004593409027
7.2165,2.01521943698171
7.217,2.04973549175315
7.2175,2.0852377200957
7.218,2.12073994905213
7.2185,2.15558472994858
7.219,2.1904295114906
7.2195,2.22560301806884
7.22,2.25979035224827
7.2205,2.29529258463604
7.221,2.33112354219065
7.2215,2.36629705178567
7.222,2.40081311340334
7.2225,2.43664407347302
7.223,2.47181758562057
7.2235,2.50633364982359
7.224,2.4793782472276
7.2245,2.44354728606734
7.225,2.4100173966386
7.2255,2.37418643722745
7.226,2.33835547867702
7.2265,2.30449686723343
7.227,2.26833718590132
7.2275,2.23349240281879
7.228,2.19963379351853
7.2285,2.16413156309622
7.229,2.1286293333509
7.2295,2.09411327727614
7.23,2.05893977311793
7.2305,2.02310882088203
7.231,1.98892149084451
7.2315,1.95309053970445
7.232,1.91758831339741
7.2325,1.88372970912607
7.233,1.84789875942279
7.2335,1.81272525875823
7.234,1.7782092070822
7.2345,1.7427069828641
7.235,1.70753348327963
7.2355,1.67268870829221
7.236,1.63751520928977
7.2365,1.60201298625212
7.237,1.56782566057927
7.2375,1.53232343796118
7.238,1.49649249123356
7.2385,1.46263389033172
7.239,1.4268029438606
7.2395,1.3913007217568
7.24,1.35711339682393
7.2405,1.32128245053101
7.241,1.28643767707491
7.2415,1.25192162787304
7.242,1.21609068150578
7.2425,1.18058845933558
7.243,1.14607240989856
7.2435,1.1108989117672
7.244,1.07539668918952
7.2445,1.0408806392757
7.245,1.00570714057664
7.2455,0.97053364163265
7.246,0.936017591002283
7.2465,0.900515367195481
7.247,0.865013143055024
7.2475,0.830825815763101
7.248,0.795323590885115
7.2485,0.760150089899637
7.249,0.725305312790935
7.2495,0.689803086587963
7.25,0.654958308530229
7.2505,0.619456081304576
7.251,0.584940026522269
7.2515,0.549109073828566
7.252,0.513606844854032
7.2525,0.479419512641435
7.253,0.444246006735121
7.2535,0.408415051415049
7.254,0.374227717208485
7.2545,0.338725484791483
7.255,0.30355197597666
7.2555,0.269035915150921
7.256,0.233533680331403
7.2565,0.198031444644771
7.257,0.163186656896535
7.2575,0.128341868258804
7.258,0.0925109054018665
7.2585,0.05832356376424
7.259,0.0231500478350676
7.2595,-0.0123521935727148
7.26,-0.0465395381556541
7.2605,-0.0826992306430201
7.261,-0.117872750813457
7.2615,-0.152060098600976
7.262,-0.187562345534413
7.2625,-0.223064593671759
7.263,-0.257580669430917
7.2635,-0.292754195477453
7.264,-0.328585171909118
7.2645,-0.362772526818596
7.265,-0.398274781313321
7.2655,-0.433777037180486
7.266,-0.467635671395484
7.2665,-0.503466654649626
7.267,-0.538311465475461
7.2675,-0.572827553080579
7.268,-0.608987265438351
7.2685,-0.64383208067702
7.269,-0.677690723346976
7.2695,-0.713521715715017
7.27,-0.749681434461415
7.2705,-0.784197531228131
7.271,-0.819042354337821
7.2715,-0.854873353403539
7.272,-0.889060730308521
7.2725,-0.924234283255709
7.273,-0.96006528760058
7.2735,-0.993923944787186
7.274,-1.02975495276805
7.2745,-1.06525723779116
7.275,-1.09944462516995
7.2755,-1.1349469139611
7.276,-1.17012047979042
7.2765,-1.20463659768967
7.277,-1.24013889237564
7.2775,-1.27531246412818
7.278,-1.31015731291821
7.2785,-1.34565961376789
7.279,-1.38116191674773
7.2795,-1.41633549682857
7.28,-1.45085162890085
7.2805,-1.48602521326119
7.281,-1.52152752494114
7.2815,-1.55571493833439
7.282,-1.59154597965922
7.2825,-1.62704829817179
7.283,-1.66156444342787
7.2835,-1.69673804138699
7.284,-1.73224036696057
7.2845,-1.76675651916218
7.285,-1.80193012428094
7.2855,-1.8371037318488
7.286,-1.87129116587683
7.2865,-1.90646477835514
7.287,-1.94295329490975
7.2875,-1.97681201093289
7.288,-2.01231435652184
7.2885,-2.04781670477415
7.289,-2.08200415378307
7.2895,-2.11816395836376
7.29,-2.15300886365649
7.2905,-2.18785377162324
7.291,-2.22269868229087
7.2915,-2.25820104690876
7.292,-2.29271723747341
7.2925,-2.32789088209499
7.293,-2.36372198096084
7.2935,-2.39790945423392
7.294,-2.4337405589878
7.2945,-2.46891421525077
7.295,-2.50211551968382
7.2955,-2.46595568330145
7.296,-2.43078202728726
7.2965,-2.39626582564832
7.297,-2.36076344974863
7.2975,-2.32526107679099
7.298,-2.2910736092896
7.2985,-2.25557124202452
7.299,-2.21974015203426
7.2995,-2.18588141827025
7.3,-2.14972160832638
7.3005,-2.1152054287914
7.301,-2.08036052636938
7.3015,-2.04485817565071
7.302,-2.0096845530539
7.3025,-1.97549710929519
7.303,-1.94032349182308
7.3035,-1.90449242618683
7.304,-1.86964753918695
7.3045,-1.83480265464278
7.305,-1.7993003219447
7.3055,-1.7651128928142
7.306,-1.72895311449061
7.3065,-1.69377951436508
7.307,-1.66024954261511
7.3075,-1.62441849672007
7.308,-1.58891617838083
7.3085,-1.55308513722881
7.309,-1.51856899888147
7.3095,-1.48339541248556
7.31,-1.44756437813754
7.3105,-1.4137056963748
7.311,-1.37853211645333
7.3115,-1.34270108861611
7.312,-1.30818496293289
7.3125,-1.27268266430091
7.313,-1.23750909269947
7.3135,-1.20299297298476
7.314,-1.16716195548694
7.3145,-1.13198838982064
7.315,-1.0981297256224
7.3155,-1.06262743883554
7.316,-1.02712515395248
7.3165,-0.993266495117148
7.317,-0.958092938689564
7.3175,-0.92193320964491
7.318,-0.88774583116669
7.3185,-0.851586105709532
7.319,-0.816412556310179
7.3195,-0.782225182798903
7.32,-0.746722911954504
7.3205,-0.711220642761235
7.321,-0.677033273961005
7.3215,-0.641859732604544
7.322,-0.606028743458531
7.3225,-0.571841379129294
7.323,-0.536339117654938
7.3235,-0.500836857663447
7.324,-0.466649497565153
7.3245,-0.431475964998798
7.325,-0.395644984637365
7.3255,-0.361457628529963
7.326,-0.325626650868948
7.3265,-0.290124399094138
7.327,-0.256265771285104
7.3275,-0.221092246520951
7.328,-0.184932549424332
7.3285,-0.151073925091959
7.329,-0.114914230382263
7.3295,-0.0803981592686147
7.33,-0.0455533647401728
7.3305,-0.0107085712620517
7.331,0.0244649456449266
7.3315,0.05865228820747
7.332,0.0938258031388511
7.3325,0.129985490384739
7.333,0.163844105730122
7.3335,0.199675066686851
7.334,0.235177302332712
7.3345,0.269035915150921
7.335,0.304866873516602
7.3355,0.340040382302197
7.336,0.374885165949744
7.3365,0.41005867323471
7.337,0.445560904164345
7.3375,0.480734410045561
7.338,0.514593017889655
7.3385,0.551410144203546
7.339,0.586254923857293
7.3395,0.620770978619013
7.34,0.65660193014799
7.3405,0.691775432501041
7.341,0.726291485734123
7.3415,0.762122435760616
7.342,0.796638488110093
7.3425,0.831811988670688
7.343,0.866656764550782
7.3435,0.902487712971017
7.344,0.936675039588331
7.3445,0.972177263084487
7.345,1.0076794863043
7.3455,1.04153808784736
7.346,1.07769775917698
7.3465,1.11287125746084
7.347,1.14738730702218
7.3475,1.18256080501431
7.348,1.21773430290036
7.3485,1.25257907642965
7.349,1.28841002274263
7.3495,1.32325479619817
7.35,1.35777084537998
7.3505,1.39360179170588
7.351,1.42943273809364
7.3515,1.46296261461178
7.352,1.49846483692093
7.3525,1.53462450794018
7.353,1.56815438486367
7.3535,1.60398533197021
7.354,1.63948755502133
7.3545,1.67400360545642
7.355,1.70950582904237
7.3555,1.74435060434796
7.356,1.77919537998228
7.3565,1.81502632888298
7.357,1.84987110526651
7.3575,1.8843871577487
7.358,1.91956065929051
7.3585,1.95572033426558
7.359,1.98990766381927
7.3595,2.02540989119153
7.36,2.06058339479439
7.3605,2.0954281746395
7.361,2.13060167943059
7.3615,2.16643263356573
7.362,2.19996251787755
7.3625,2.23546474901191
7.363,2.271295705253
7.3635,2.3061404891314
7.364,2.34065654938432
7.3645,2.37648750798915
7.365,2.41100356984585
7.3655,2.44584835693967
7.366,2.48200804257904
7.3665,2.50403257884906
7.367,2.46951651470501
7.3675,2.43368555380011
7.368,2.39851204260365
7.3685,2.36432470543171
7.369,2.32915119588204
7.3695,2.29299151399492
7.37,2.25913290350754
7.3705,2.22330194752354
7.371,2.18812844099097
7.3715,2.15426983254471
7.372,2.11811015429294
7.3725,2.08326537406082
7.373,2.04842059441855
7.3735,2.01324709101094
7.374,1.97774486382608
7.3745,1.94322881012495
7.375,1.90838403258246
7.3755,1.872553082565
7.376,1.83869447883596
7.3765,1.80286352967089
7.377,1.76703258090108
7.3775,1.73317397827202
7.378,1.6973430301874
7.3785,1.6621695309925
7.379,1.62732475635589
7.3795,1.59182253338642
7.38,1.55664903492001
7.3805,1.52246170948783
7.381,1.48728821136491
7.3815,1.4517859890954
7.382,1.41726993976978
7.3825,1.38242516624116
7.383,1.34593677137269
7.3835,1.31207817075099
7.384,1.27657594873507
7.3845,1.24074500240781
7.385,1.20655767741368
7.3855,1.17072673093672
7.386,1.13555323290268
7.3865,1.10070845900844
7.387,1.06586368494703
7.3875,1.03003273783222
7.388,0.995516687637977
7.3885,0.960671912909038
7.389,0.924512240729329
7.3895,0.890653638302258
7.39,0.855480138364234
7.3905,0.819649189455963
7.391,0.785790585986792
7.3915,0.749959636262543
7.392,0.714128686075775
7.3925,0.680270081319484
7.393,0.644439130149537
7.3935,0.609265627091602
7.394,0.575078296483863
7.3945,0.539576067961768
7.395,0.503745114470409
7.3955,0.468900333375197
7.396,0.434384275985293
7.3965,0.39855332046425
7.397,0.363051088567341
7.3975,0.328863753426797
7.398,0.293361520004281
7.3985,0.257859285762503
7.399,0.223671948284419
7.3995,0.188169712351884
7.4,0.152667475515952
7.4005,0.118151411032389
7.401,0.0826491723315363
7.4015,0.0474756570890699
7.402,0.0126308653049446
7.4025,-0.0222139274846729
7.403,-0.0577161702567627
7.4035,-0.0922322406729107
7.404,-0.127734485641781
7.4045,-0.162908007260165
7.405,-0.197095356488917
7.4055,-0.232597604954371
7.406,-0.268099854659755
7.4065,-0.302615931977926
7.407,-0.337789459648196
7.4075,-0.373620437770298
7.408,-0.407807794326874
7.4085,-0.443638775168757
7.409,-0.478812308216384
7.4095,-0.512999668791607
7.41,-0.548830653929075
7.4105,-0.584004191276824
7.411,-0.618191556110746
7.4115,-0.653365096429001
7.412,-0.68952481238823
7.4125,-0.723712181735337
7.413,-0.759214451506321
7.4135,-0.794387998195239
7.414,-0.828246647508486
7.4145,-0.864077647026086
7.415,-0.899579923530452
7.4155,-0.934424752194183
7.416,-0.969598307416505
7.4165,-1.005100589275
7.417,-1.03961669841826
7.4175,-1.074790259093
7.418,-1.11029254653861
7.4185,-1.14415121137417
7.419,-1.17998222756858
7.4195,-1.21548452085059
7.42,-1.24934319133073
7.4205,-1.28550293856643
7.421,-1.32100523795353
7.4215,-1.35552136438073
7.422,-1.39069494291432
7.4225,-1.42619724863717
7.423,-1.46071338130479
7.4235,-1.49621569138307
7.424,-1.53171800371192
7.4245,-1.56689159317396
7.425,-1.60140773456699
7.4255,-1.63691005373094
7.426,-1.672412375258
7.4265,-1.70659979824771
7.427,-1.74177339924182
7.4275,-1.77727572791461
7.428,-1.81212060846328
7.4285,-1.84696549142334
7.429,-1.88213910216728
7.4295,-1.91665526468502
7.43,-1.95248633121899
7.4305,-1.98798867499944
7.431,-2.02184739421574
7.4315,-2.05800719412031
7.432,-2.09285209485973
7.4325,-2.12703954719543
7.433,-2.1628706297897
7.4335,-2.19837298965217
7.434,-2.23256044995504
7.4345,-2.26806281536452
7.435,-2.30389390928761
7.4355,-2.33808137779921
7.436,-2.37325502611714
7.4365,-2.40875740305876
7.437,-2.44360233147351
7.4375,-2.47910471434842
7.438,-2.4912675684377
7.4385,-2.45576518452564
7.439,-2.4209202551024
7.4395,-2.3860753285596
7.44,-2.35090167918872
7.4405,-2.31638548400794
7.441,-2.2798969378036
7.4415,-2.24538074824609
7.442,-2.21020711022984
7.4425,-2.17470474943315
7.443,-2.14084601905378
7.4435,-2.10501493818798
7.444,-2.06951258558497
7.4445,-2.03532513749102
7.445,-1.99982279017905
7.4455,-1.96432044552046
7.446,-1.93013300499715
7.4465,-1.89463066546445
7.447,-1.85945705383153
7.4475,-1.82461217000047
7.448,-1.78943856330555
7.4485,-1.75393623378792
7.449,-1.71942008244576
7.4495,-1.68391775774608
7.45,-1.64907288583841
7.4505,-1.61455674139101
7.451,-1.57872569854745
7.4515,-1.54322338319497
7.452,-1.50903597057405
7.4525,-1.47386238477687
7.453,-1.43803135103107
7.4535,-1.40318649467946
7.454,-1.36834164042416
7.4545,-1.33251061320633
7.455,-1.29733703812939
7.4555,-1.26314964002228
7.456,-1.22764734401358
7.4565,-1.19181632510589
7.457,-1.15828638265924
7.4575,-1.12212664278394
7.458,-1.08695307957504
7.4585,-1.05276569284494
7.459,-1.01693468363926
7.4595,-0.981761125993918
7.46,-0.94724501977927
7.4605,-0.911742740887437
7.461,-0.87656918855867
7.4615,-0.842381812245373
7.462,-0.806879538538404
7.4625,-0.770391092332225
7.463,-0.737189895065706
7.4635,-0.701030176904896
7.464,-0.665199185106896
7.4645,-0.631997992314626
7.465,-0.595838278943053
7.4655,-0.560664741096086
7.466,-0.526148653988377
7.4665,-0.490646394417278
7.467,-0.455472860898216
7.4675,-0.420628053364158
7.468,-0.38545452258895
7.4685,-0.349623544014995
7.469,-0.315764914134208
7.4695,-0.27993393817533
7.47,-0.244760412582747
7.4705,-0.210244337259273
7.471,-0.174742089559948
7.4715,-0.139239843054278
7.472,-0.105381220158015
7.4725,-0.0695502514238476
7.473,-0.0343767327567023
7.4735,0.000468060390209982
7.474,0.0349841280728418
7.4745,0.0704863681064275
7.475,0.105002433849153
7.4755,0.140175947520202
7.476,0.175678184680748
7.4765,0.210522972116646
7.477,0.245367758699519
7.4775,0.28119871762625
7.478,0.315057329413579
7.4785,0.35088828672479
7.479,0.386061794511732
7.4795,0.42024912848199
7.48,0.456080083563816
7.4805,0.491253589245633
7.481,0.525440921248931
7.4815,0.561600598690471
7.482,0.596445378176633
7.4825,0.632276330087884
7.483,0.666463659830855
7.4835,0.702294610678145
7.484,0.737468112398225
7.4845,0.77198416504504
7.485,0.807486390194486
7.4855,0.843317339237214
7.486,0.877504666403528
7.4865,0.913006890423349
7.487,0.947522941243176
7.4875,0.98236771607276
7.488,1.0178699392185
7.4885,1.05370088640958
7.489,1.08788821196897
7.4895,1.12306171020341
7.49,1.15889265684606
7.4905,1.19275125768258
7.491,1.22891092837912
7.4915,1.26408442616756
7.492,1.29860047535812
7.4925,1.3344314216458
7.493,1.36960491939083
7.4935,1.40379224434071
7.494,1.43962319075138
7.4945,1.47479668870052
7.495,1.50964146249129
7.4955,1.54448623642995
7.496,1.57998845911339
7.4965,1.61417578485835
7.497,1.65000673226981
7.4975,1.68550895566002
7.498,1.71936755787065
7.4985,1.75552723045772
7.499,1.79037200620316
7.4995,1.82488805800809
7.5,1.86071900743061
7.5005,1.89523506004464
7.501,1.93007983741223
7.5015,1.96558206389485
7.502,2.00108429089565
7.5025,2.03592906977963
7.503,2.07077384921698
7.5035,2.10660480226263
7.504,2.1407921342077
7.5045,2.17629436418175
7.505,2.21146787048132
7.5055,2.24565520437927
7.506,2.28115743646363
7.5065,2.31698839370056
7.507,2.35084700541521
7.5075,2.38634923986539
7.508,2.42218019957535
7.5085,2.4563675381187
7.509,2.49219849961424
7.5095,2.4948282949907
7.51,2.45965478225351
7.5105,2.42415254600726
7.511,2.3889790350435
7.5115,2.35413424931063
7.512,2.31896073999386
7.5125,2.28378723146315
7.513,2.24828499932268
7.5135,2.21442638973439
7.514,2.17892415902161
7.5145,2.14342192899766
7.515,2.10923459700654
7.5155,2.07307491957731
7.516,2.03823014010247
7.5165,2.0037140855097
7.517,1.96788313414741
7.5175,1.93303835626669
7.518,1.89786485454709
7.5185,1.86269135328297
7.519,1.82686040383685
7.5195,1.79300180061349
7.52,1.75782830054342
7.5205,1.72199735222902
7.521,1.68813874999657
7.5215,1.65197907800647
7.522,1.61680557915521
7.5225,1.58261825339423
7.523,1.54645858212956
7.5235,1.51194253246351
7.524,1.47775520722484
7.5245,1.44192426070745
7.525,1.40642203856994
7.5255,1.37190598933789
7.526,1.33673249159103
7.5265,1.30123026958124
7.527,1.2667142203927
7.5275,1.23088327405109
7.528,1.1957097761976
7.5285,1.1611937268092
7.529,1.12602022873915
7.5295,1.09018928195214
7.53,1.05600195640502
7.5305,1.0204997335157
7.531,0.9849975103887
7.5315,0.950810184163393
7.532,0.915307960487234
7.5325,0.87947701219138
7.533,0.845618409345707
7.5335,0.810444908938129
7.534,0.774942683823772
7.5345,0.740426631213341
7.535,0.704924405215641
7.5355,0.669422178727849
7.536,0.634906124701222
7.5365,0.599732621495281
7.537,0.563901669051567
7.5375,0.530043062050098
7.538,0.493883384036555
7.5385,0.458709878404202
7.539,0.42517999390295
7.5395,0.389020313824566
7.54,0.353846806100207
7.5405,0.318344573237188
7.541,0.283499788353846
7.5415,0.248655002673706
7.542,0.212166594144231
7.5425,0.17830797998929
7.543,0.142805742897376
7.5435,0.107303504865783
7.544,0.0727874391849877
7.5445,0.0376139236657188
7.545,0.0021116826831855
7.5455,-0.0324043859472405
7.546,-0.067906629032182
7.5465,-0.103080148736892
7.547,-0.137596220559308
7.5475,-0.172769742500802
7.548,-0.208271990133068
7.5485,-0.242459340858056
7.549,-0.277961590912903
7.5495,-0.313792566799376
7.55,-0.347979921177436
7.5505,-0.383810899688444
7.551,-0.418984430400557
7.5515,-0.453500513265725
7.552,-0.488674046705997
7.5525,-0.524176306196001
7.553,-0.558692393223354
7.5535,-0.593537206328001
7.554,-0.629039470251141
7.5545,-0.663884286356225
7.555,-0.699386553392156
7.5555,-0.735217546758699
7.556,-0.769076193402957
7.5565,-0.804578465301525
7.557,-0.839752014134106
7.5575,-0.874268115102169
7.558,-0.909441667317396
7.5585,-0.945272670904683
7.559,-0.979131327364334
7.5595,-1.01529105940962
7.56,-1.05079334366439
7.5605,-1.08498073029238
7.561,-1.11982556849707
7.5615,-1.15565658332668
7.562,-1.18984397550088
7.5625,-1.22501754439056
7.563,-1.26051984024749
7.5635,-1.29569341317621
7.564,-1.33020953813799
7.5645,-1.36669801527476
7.565,-1.4005566942855
7.5655,-1.43605900061511
7.566,-1.471232584058
7.5665,-1.50541999436219
7.567,-1.54157975753984
7.5675,-1.57675334763402
7.568,-1.61159821482761
7.5685,-1.6464430842781
7.569,-1.68194540644453
7.5695,-1.7174477310101
7.57,-1.75163515695982
7.5705,-1.78713748631736
7.571,-1.82231109285186
7.5715,-1.85682725119318
7.572,-1.89200086263865
7.5725,-1.92717447660394
7.573,-1.9620193677168
7.5735,-1.99817916305317
7.574,-2.03335278479248
7.5745,-2.06754023274228
7.575,-2.10271385969586
7.5755,-2.13821621485808
7.576,-2.17273239613771
7.5765,-2.20790603120411
7.577,-2.2434083946387
7.5775,-2.27759585841544
7.578,-2.31342695312065
7.5785,-2.348600599424
7.579,-2.38311679719249
7.5795,-2.41829044922542
7.58,-2.45412155571414
7.5805,-2.48863776211786
7.581,-2.48074834325855
7.5815,-2.44524596024368
7.582,-2.41105848314826
7.5825,-2.37522738031397
7.583,-2.34005373183428
7.5835,-2.30553753751977
7.584,-2.27003516908221
7.5845,-2.23453280351414
7.585,-2.20001661749147
7.5855,-2.1648429830421
7.586,-2.1293406258095
7.5865,-2.09515317330265
7.587,-2.05932209598762
7.5875,-2.02414847230861
7.588,-1.99028975292799
7.5885,-1.95445868358235
7.589,-1.9186276169025
7.5895,-1.88476890494031
7.59,-1.84860911803807
7.5905,-1.81409296026431
7.591,-1.77957680485814
7.5915,-1.74407447602578
7.592,-1.70857214964223
7.5925,-1.67405600131233
7.593,-1.63855367967518
7.5935,-1.60272263523496
7.594,-1.56919266919869
7.5945,-1.53369035446342
7.595,-1.49785931690394
7.5955,-1.46367190705938
7.596,-1.42784087395506
7.5965,-1.39299601821929
7.597,-1.35847988959673
7.5975,-1.32264886297605
7.598,-1.2878040134633
7.5985,-1.25230171602415
7.599,-1.21778559548477
7.5995,-1.18228330207231
7.6,-1.14710973557074
7.6005,-1.11226489589782
7.601,-1.07742005809707
7.6015,-1.04158904756574
7.602,-1.00773038800474
7.6025,-0.971899381184918
7.603,-0.936397101038105
7.6035,-0.902209721860233
7.604,-0.867036170001076
7.6045,-0.831205170337819
7.605,-0.7970177961448
7.6055,-0.761515524604049
7.606,-0.725684530012851
7.6065,-0.691497160579086
7.607,-0.655994893897803
7.6075,-0.620821353464809
7.608,-0.586633988521344
7.6085,-0.550803001778696
7.609,-0.514972016558284
7.6095,-0.481113380520688
7.61,-0.445611122779435
7.6105,-0.410108866448481
7.611,-0.375921509806565
7.6115,-0.340090531596852
7.612,-0.304917003842402
7.6125,-0.27040092644338
7.613,-0.235227401185974
7.6135,-0.199067703593841
7.614,-0.165209078808118
7.6145,-0.129706832618131
7.615,-0.0938758631000598
7.6155,-0.0603459660610704
7.616,-0.0241862742769679
7.6165,0.0106585185703672
7.617,0.0445171370703231
7.6175,0.080348101270848
7.618,0.115521615606317
7.6185,0.150037680158053
7.619,0.185539917062033
7.6195,0.220055979850308
7.62,0.255229490600111
7.6205,0.290731724903704
7.621,0.326562682766278
7.6215,0.36042129358199
7.622,0.396252249900924
7.6225,0.43175448110949
7.623,0.4652843654887
7.6235,0.501444044040358
7.624,0.53661754889056
7.6245,0.57080488011969
7.625,0.606635832448445
7.6255,0.642138059872485
7.626,0.67632538947353
7.6265,0.711827615863802
7.627,0.747658566081271
7.6275,0.783160791526708
7.628,0.816690670721031
7.6285,0.85350779256283
7.629,0.88769511962918
7.6295,0.922539894964962
7.63,0.95837084287038
7.6305,0.993215617616656
7.631,1.02806039211294
7.6315,1.0635626149553
7.632,1.09873611331157
7.6325,1.13292343865175
7.633,1.16809693669551
7.6335,1.20392788318027
7.634,1.23811520817984
7.6345,1.27394615451071
7.635,1.30944837652809
7.6355,1.34429314998301
7.636,1.37946664773669
7.6365,1.41529759409656
7.637,1.44882747057817
7.6375,1.48465841711842
7.638,1.52016063951256
7.6385,1.55434796493372
7.639,1.58985018767258
7.6395,1.62535241062913
7.64,1.65953973667138
7.6405,1.6947132358451
7.641,1.73054418390603
7.6415,1.76506023510814
7.642,1.79990501095055
7.6425,1.83573596008188
7.643,1.86992328808647
7.6435,1.9060829623837
7.644,1.94158518853214
7.6445,1.97511506924114
7.645,2.01094602071389
7.6455,2.04611952408493
7.646,2.0806355793506
7.6465,2.11646653257023
7.647,2.15131131338936
7.6475,2.18615609485076
7.648,2.22132960134427
7.6485,2.25650310854721
7.649,2.29101916773372
7.6495,2.32652140080777
7.65,2.36202363468869
7.6505,2.39621097180758
7.651,2.43269938057718
7.6515,2.46754416820905
7.652,2.50140278345447
7.6525,2.48463783793559
7.653,2.44946432546099
7.6535,2.41494826268162
7.654,2.37911730314973
7.6545,2.34361506887018
7.655,2.31008518169342
7.6555,2.27392550023672
7.656,2.23842326830585
7.6565,2.2035784858307
7.657,2.16873370403809
7.6575,2.13356019855388
7.658,2.09772924502743
7.6585,2.06321318947938
7.659,2.02836841016438
7.6595,1.99253745842065
7.66,1.9586788531502
7.6605,1.92317662676505
7.661,1.88734567655245
7.6615,1.85348707265009
7.662,1.81765612331332
7.6625,1.78182517438387
7.663,1.74763784731787
7.6635,1.71246434768829
7.664,1.67729084836863
7.6645,1.64244607362014
7.665,1.60727257483526
7.6655,1.57177035199312
7.666,1.53758302648568
7.6665,1.50208080401561
7.667,1.46592113313271
7.6675,1.43239125660639
7.668,1.39656031021222
7.6685,1.36105808816037
7.669,1.3265420389768
7.6695,1.291697265522
7.67,1.25520887065591
7.6705,1.22102154568902
7.671,1.18617677209113
7.6715,1.15034582554965
7.672,1.11582977600037
7.6725,1.0809850020148
7.673,1.04482533070452
7.6735,1.01063800489437
7.674,0.975464505986385
7.6745,0.939962282517009
7.675,0.9054462316324
7.6755,0.869944007539982
7.676,0.834770507391654
7.6765,0.800583179781604
7.677,0.765080954549516
7.6775,0.729250004561499
7.678,0.695062675686072
7.6785,0.659889173380114
7.679,0.623729497573704
7.6795,0.589870891524477
7.68,0.554039938914656
7.6805,0.518866434371635
7.681,0.484679102252435
7.6815,0.449505596446283
7.682,0.413674641232491
7.6825,0.379158582761633
7.683,0.343985074827908
7.6835,0.308482841745715
7.684,0.274295505422536
7.6845,0.238793270729064
7.685,0.202962310765265
7.6855,0.167788798725005
7.686,0.133930183478682
7.6865,0.0977704963417544
7.687,0.0625969815195025
7.6875,0.0284096390659964
7.688,-0.00775005110859482
7.6885,-0.0425948444987742
7.689,-0.0767821899754657
7.6895,-0.11261315894128
7.69,-0.148115404570343
7.6905,-0.182302753320845
7.691,-0.217805001278042
7.6915,-0.253307250463338
7.692,-0.287494602717878
7.6925,-0.322668129837905
7.693,-0.358499107387273
7.6935,-0.392357738802992
7.694,-0.428188719035151
7.6945,-0.464348425298662
7.695,-0.497878336063534
7.6955,-0.533709320568028
7.696,-0.568882857282434
7.6965,-0.603070221489395
7.697,-0.6392299351821
7.6975,-0.674732201114411
7.698,-0.708262120402103
7.6985,-0.743764389459059
7.699,-0.77926666016478
7.6995,-0.813782758291903
7.7,-0.849285032332578
7.7005,-0.884787308106414
7.701,-0.919303411241783
7.7015,-0.954476965700624
7.702,-0.99063669644333
7.7025,-1.02449535514721
7.703,-1.06032636475795
7.7035,-1.09517120165008
7.704,-1.12968731549858
7.7045,-1.16486088103822
7.705,-1.20036317346591
7.7055,-1.2348792930345
7.706,-1.27038158946138
7.7065,-1.30621261295406
7.707,-1.34040001350828
7.7075,-1.37557359113626
7.708,-1.41140462098758
7.7085,-1.4452633026145
7.709,-1.48109433681697
7.7095,-1.51659664818377
7.71,-1.55078406127175
7.7105,-1.5862863771152
7.711,-1.62145997010232
7.7115,-1.65597611499619
7.712,-1.69180716302643
7.7125,-1.72698076301866
7.713,-1.76182564013408
7.7135,-1.79634179433279
7.714,-1.83184412682203
7.7145,-1.86734646183029
7.715,-1.90153389794926
7.7155,-1.9376936887507
7.716,-1.9731960314379
7.7165,-2.00738347503142
7.717,-2.0425570974565
7.7175,-2.07805944799999
7.718,-2.11257562474308
7.7185,-2.14840670620099
7.719,-2.18325161381303
7.7195,-2.21776779854076
7.72,-2.25327016276367
7.7205,-2.28877252984265
7.721,-2.32328872282348
7.7215,-2.35846236993103
7.722,-2.39462219706909
7.7225,-2.42848094709012
7.723,-2.46431205444979
7.7235,-2.49981443909265
7.724,-2.47121529567034
7.7245,-2.4357129134664
7.725,-2.39922435710699
7.7255,-2.3653656094209
7.726,-2.33052068741499
7.7265,-2.29501831694114
7.727,-2.26050212619534
7.7275,-2.22401358463346
7.728,-2.18916867386338
7.7285,-2.15498121686598
7.729,-2.11980758591221
7.7295,-2.08397650668719
7.73,-2.04946033207303
7.7305,-2.01428670913239
7.731,-1.97878436339622
7.7315,-1.94459692184619
7.732,-1.90909458125862
7.7325,-1.87392096859201
7.733,-1.83940480906543
7.7335,-1.80357375074804
7.734,-1.76807142024437
7.7345,-1.73421271845259
7.735,-1.6993678431983
7.7355,-1.66386551985807
7.736,-1.62934937445265
7.7365,-1.5931896054647
7.737,-1.55801601431213
7.7375,-1.52349987565635
7.738,-1.48799756385098
7.7385,-1.45282397936795
7.739,-1.41797912211827
7.7395,-1.38313426697631
7.74,-1.3473032388586
7.7405,-1.31344456290815
7.741,-1.27761353898637
7.7415,-1.24211124214014
7.742,-1.20825257205567
7.7425,-1.17242155425824
7.743,-1.13724798830199
7.7435,-1.10207442427302
7.744,-1.06722958701473
7.7445,-1.03172730188648
7.745,-0.996553743473683
7.7455,-0.962037636517218
7.746,-0.92620663207096
7.7465,-0.891033079025808
7.747,-0.856516977256128
7.7475,-0.821014702864705
7.748,-0.786169879662547
7.7485,-0.751325058081326
7.749,-0.715822788675624
7.7495,-0.680649245590624
7.75,-0.646133153434362
7.7505,-0.610959613430842
7.751,-0.575128625638114
7.7515,-0.541269987214836
7.752,-0.505439002394505
7.7525,-0.470265468281755
7.753,-0.436406833966764
7.7535,-0.40024712882523
7.754,-0.365073598828141
7.7545,-0.330886243835571
7.755,-0.295383991867837
7.7555,-0.260210465727728
7.756,-0.225036940826371
7.7565,-0.189863417136152
7.757,-0.154689894629458
7.7575,-0.120502546758989
7.758,-0.0846715775391122
7.7585,-0.0491693339343886
7.759,-0.0149819892745194
7.7595,0.0201915277576898
7.76,0.0553650437712814
7.7605,0.0898811099238632
7.761,0.125383348426981
7.7615,0.160885585976485
7.762,0.195072924964188
7.7625,0.230575160724361
7.763,0.266077395615054
7.7635,0.300264732121937
7.764,0.335766965388449
7.7645,0.371597922240859
7.765,0.405785256500348
7.7655,0.44128748751586
7.766,0.476789717830422
7.7665,0.511305774435648
7.767,0.546150554771226
7.7675,0.581981507515523
7.768,0.616168838015128
7.7685,0.651999789615395
7.769,0.68750201635408
7.7695,0.721689345329446
7.77,0.757191571105585
7.7705,0.792365072126816
7.771,0.827209848432704
7.7715,0.862383348660195
7.772,0.897556848530245
7.7725,0.933059072363767
7.773,0.967903847308474
7.7735,1.00241989769548
7.774,1.03857956927429
7.7745,1.07243817063303
7.775,1.10859784179063
7.7755,1.14377133993177
7.776,1.1786161136565
7.7765,1.21378961155307
7.777,1.24863438508973
7.7775,1.28380788285117
7.778,1.31898138058601
7.7785,1.35546977543387
7.779,1.38932837608636
7.7795,1.42417314962805
7.78,1.46000409609165
7.7805,1.49419142126551
7.781,1.5300223679829
7.7815,1.56486714202052
7.782,1.59938319196243
7.7825,1.63521413927063
7.783,1.67005891396498
7.7835,1.70523241322433
7.784,1.74007718849145
7.7845,1.77557941268339
7.785,1.81009546433198
7.7855,1.84526896496652
7.786,1.88109991463711
7.7865,1.91561596750579
7.787,1.95111819378543
7.7875,1.98629169624719
7.788,2.02047902624551
7.7885,2.0559812541035
7.789,2.09148348255198
7.7895,2.12567081423513
7.79,2.1615017682774
7.7905,2.19667527429012
7.791,2.23086260789813
7.7915,2.2660361152981
7.792,2.30153834782137
7.7925,2.33638313235921
7.793,2.37122791768191
7.7935,2.40738760142256
7.794,2.44091749078931
7.7945,2.47674845188126
7.795,2.50896344522795
7.7955,2.47444738095738
7.796,2.43927386874304
7.7965,2.40344290860745
7.797,2.36925557132147
7.7975,2.3337533372727
7.798,2.29759365528044
7.7985,2.26373504469807
7.799,2.22823281298149
7.7995,2.19305930635092
7.8,2.15920069781397
7.8005,2.12304101946932
7.801,2.08786751481181
7.8015,2.05203656209064
7.802,2.01850668027014
7.8025,1.98234700435669
7.803,1.94684477763292
7.8035,1.91331489730077
7.804,1.8771552229083
7.8045,1.84231044620599
7.805,1.80746566990788
7.8055,1.77196344538831
7.806,1.73646122123207
7.8065,1.702602618877
7.807,1.66710039534868
7.8075,1.63126944781171
7.808,1.59675339767398
7.8085,1.56157989917906
7.809,1.52640640087562
7.8095,1.49221907557909
7.81,1.45671685329244
7.8105,1.42088590683801
7.811,1.38702730613773
7.8115,1.35119635982
7.812,1.31536541352958
7.8125,1.28150681290527
7.813,1.24501841802754
7.8135,1.21050236876288
7.814,1.1759863194172
7.8145,1.14015537283991
7.815,1.10498187468317
7.8155,1.07046582492794
7.816,1.03496360212732
7.8165,0.999790103388993
7.817,0.964945328691939
7.8175,0.929443105136011
7.818,0.893940881269564
7.8185,0.860411002862763
7.819,0.824908778311244
7.8195,0.789406553365599
7.82,0.755219225241156
7.8205,0.719388275124108
7.821,0.683557324519636
7.8215,0.649698719345746
7.822,0.614196492039151
7.8225,0.579022988504691
7.823,0.543849484390332
7.8235,0.50933342836059
7.824,0.47284502560698
7.8245,0.438986417008626
7.825,0.404141634676628
7.8255,0.367653229781632
7.826,0.334123343495518
7.8265,0.29862111019196
7.827,0.263118876073346
7.8275,0.228602814316312
7.828,0.193100578507003
7.8285,0.157927066216423
7.829,0.123739726295329
7.8295,0.0875800388761907
7.83,0.0524065237713115
7.8305,0.0172330076731055
7.831,-0.0176117849821725
7.8315,-0.053442752087631
7.832,-0.0886162713416866
7.8325,-0.122474893722279
7.833,-0.157977139674149
7.8335,-0.193808111322352
7.834,-0.227995461565431
7.8345,-0.263168986569918
7.835,-0.298671237365772
7.8355,-0.333516040329729
7.836,-0.368360844565872
7.8365,-0.404191823861774
7.837,-0.438379181561524
7.8375,-0.473881439013191
7.838,-0.509712422523854
7.8385,-0.54389978432517
7.839,-0.579402046118988
7.8395,-0.614575584762778
7.84,-0.648762950879404
7.8405,-0.684593941932757
7.841,-0.720096209906312
7.8415,-0.753954855880562
7.842,-0.789457127064785
7.8425,-0.824959399934317
7.843,-0.859475500200182
7.8435,-0.894977776476744
7.844,-0.930151329718084
7.8445,-0.964996159902728
7.845,-1.0001697166842
7.8455,-1.03600072499632
7.846,-1.06953066111633
7.8465,-1.10536167316679
7.847,-1.14119268719127
7.8475,-1.17505135366027
7.848,-1.21121109655254
7.8485,-1.24638466665157
7.849,-1.28090078879892
7.8495,-1.31640308791453
7.85,-1.35157666411583
7.8505,-1.38609279233167
7.851,-1.42159509777212
7.8515,-1.45676868032268
7.852,-1.49095608974866
7.8525,-1.52645840174231
7.853,-1.56228944115355
7.8535,-1.59647685709063
7.854,-1.63230790111402
7.8545,-1.66813894754073
7.855,-1.70166891979406
7.8555,-1.73749997095603
7.856,-1.77234484878489
7.8565,-1.8068610036983
7.857,-1.84236333693096
7.8575,-1.87786567269105
7.858,-1.91205310954195
7.8585,-1.94722672495612
7.859,-1.98305779376136
7.8595,-2.01823141437817
7.86,-2.05241886122556
7.8605,-2.08824993800827
7.861,-2.12375229205253
7.8615,-2.15793974669628
7.862,-2.19344210617041
7.8625,-2.22894446845277
7.863,-2.26313193110902
7.8635,-2.29896302462836
7.864,-2.33512284676352
7.8645,-2.36865286635997
7.865,-2.40448396864004
7.8655,-2.43998634820183
7.866,-2.47384510187972
7.8665,-2.49586972953763
7.867,-2.46003861946583
7.8675,-2.42617986690557
7.868,-2.39067748850489
7.8685,-2.35484638738548
7.869,-2.32065891754745
7.8695,-2.28482782224751
7.87,-2.24965418109229
7.8705,-2.21513799389635
7.871,-2.17963563270945
7.8715,-2.14446199984765
7.872,-2.10994582070981
7.8725,-2.0744434677283
7.873,-2.03959856836624
7.8735,-2.0044249461618
7.874,-1.96925132656542
7.8745,-1.93374898416892
7.875,-1.89956154580082
7.8755,-1.86405920848221
7.876,-1.8282281483982
7.8765,-1.79436944260112
7.877,-1.75919583800519
7.8775,-1.7230360600973
7.878,-1.68950608647407
7.8785,-1.65334631340168
7.879,-1.61817271832396
7.8795,-1.58398530101822
7.88,-1.54815426018978
7.8805,-1.51298067192284
7.881,-1.47879326115778
7.8815,-1.44263350202811
7.882,-1.40713119529278
7.8825,-1.3736012409332
7.883,-1.33809893840938
7.8835,-1.30226791301581
7.884,-1.26742306468047
7.8845,-1.23224949338074
7.885,-1.19707592408288
7.8855,-1.1632172564371
7.886,-1.12738624118474
7.8865,-1.09188395280768
7.887,-1.05769656582192
7.8875,-1.02219428120103
7.888,-0.986691998451594
7.8885,-0.95151844236006
7.889,-0.916673612848473
7.8895,-0.881500060276009
7.89,-0.845997784663845
7.8905,-0.811810409784336
7.891,-0.775979412807191
7.8915,-0.740477142255326
7.892,-0.706289772168934
7.8925,-0.670787504821535
7.893,-0.63495651438894
7.8935,-0.60076914885411
7.894,-0.565595610798212
7.8945,-0.530422074220813
7.895,-0.495577263715019
7.8955,-0.46106117921406
7.896,-0.425230197678105
7.8965,-0.390385391307998
7.897,-0.35521186168409
7.8975,-0.319709608815973
7.898,-0.285850979986294
7.8985,-0.249691280581916
7.899,-0.214189031523003
7.8995,-0.180001681735694
7.9,-0.144499435054978
7.9005,-0.109325914033926
7.901,-0.0744811186131241
7.9015,-0.0393075997949695
7.902,-0.0041340820421433
7.9025,0.0300532613210159
7.903,0.0648980526124625
7.9035,0.1013864651005
7.904,0.135245081174063
7.9045,0.170747318463714
7.905,0.205920830429301
7.9055,0.239779443926514
7.906,0.275939127378655
7.9065,0.311441361199668
7.907,0.34529997233434
7.9075,0.381459653348143
7.908,0.416304436135256
7.9085,0.451149218227892
7.909,0.486322724002869
7.9095,0.521824953469119
7.91,0.556012284945789
7.9105,0.591843237522211
7.911,0.627016740852174
7.9115,0.6612040706717
7.912,0.69703502159504
7.9125,0.732537247699196
7.913,0.767053300407076
7.9135,0.802884249920959
7.914,0.838057750411805
7.9145,0.871916353332027
7.915,0.907747301700781
7.9155,0.942920801150604
7.916,0.977436851726396
7.9165,1.01261035062013
7.917,1.04811257355981
7.9175,1.08328607200031
7.918,1.11780212169276
7.9185,1.15363306835686
7.919,1.18880656632814
7.9195,1.22365133991946
7.92,1.25915356199478
7.9205,1.29432705974536
7.921,1.32884310892187
7.9215,1.36467405521914
7.922,1.399518828719
7.9225,1.43436360228191
7.923,1.46953710021497
7.9235,1.50569677111182
7.924,1.53955537218335
7.9245,1.57472887055514
7.925,1.61055981770229
7.9255,1.64441841935369
7.926,1.68024936699174
7.9265,1.71575159063077
7.927,1.74993891739855
7.9275,1.78511241738872
7.928,1.82094336635432
7.9285,1.85545941849755
7.929,1.89096164398356
7.9295,1.92547769697873
7.93,1.96097992339625
7.9305,1.99582470167654
7.931,2.03165565347217
7.9315,2.06584298416763
7.932,2.1010164884433
7.9325,2.1365187176817
7.933,2.17070605015954
7.9335,2.20653700507057
7.934,2.24203923633873
7.9345,2.27589784647727
7.935,2.31172880359715
7.9355,2.34690231275005
7.936,2.38141837391906
7.9365,2.41692060910356
7.937,2.45275156957943
7.9375,2.48726763329726
7.938,2.49910171248846
7.9385,2.46359947522562
7.939,2.42974086091254
7.9395,2.39325245221796
7.94,2.35840766638531
7.9405,2.32389160573792
7.941,2.28838937272251
7.9415,2.25321586485259
7.942,2.21869980644206
7.9425,2.18385502435655
7.943,2.14802406988883
7.9435,2.1135080134728
7.944,2.0783345089819
7.9445,2.04250355642275
7.945,2.00864495041916
7.9455,1.97281399898169
7.946,1.93764049671374
7.9465,1.902138270619
7.947,1.86696476930102
7.9475,1.83211999271969
7.948,1.7966177679311
7.9485,1.76243044071926
7.949,1.72725694095109
7.9495,1.69142599291956
7.95,1.65723866664163
7.9505,1.62140771917788
7.951,1.58623422053229
7.9515,1.55204689494822
7.952,1.51654467240993
7.9525,1.48104245003069
7.953,1.44652640062083
7.9535,1.41135290275082
7.954,1.37552195639792
7.9545,1.3413346314817
7.955,1.30583240947154
7.9555,1.27065891172999
7.956,1.23614286250863
7.9565,1.20031191610852
7.957,1.16448096961279
7.9575,1.13062236868151
7.958,1.09512014619923
7.9585,1.05994664782373
7.959,1.02543059781946
7.9595,0.98959965043809
7.96,0.954426151372726
7.9605,0.919581376316581
7.961,0.884407876656291
7.9615,0.849234376655851
7.962,0.815047049200423
7.9625,0.779873548448302
7.963,0.743713874337488
7.9635,0.709526545649795
7.964,0.674353043548181
7.9645,0.638522092289671
7.965,0.60466348646403
7.9655,0.56916125843886
7.966,0.533330305473018
7.9665,0.499800422302929
7.967,0.463969468073677
7.9675,0.428138513148912
7.968,0.393622454967617
7.9685,0.35844894734022
7.969,0.322946714578732
7.9695,0.288101929798621
7.97,0.252928419829193
7.9705,0.217426184619781
7.971,0.183896295003354
7.9715,0.148394058056765
7.972,0.112563095745678
7.9725,0.0780470302060023
7.973,0.0425447903872311
7.9735,0.00704254954859182
7.974,-0.0271447944716227
7.9745,-0.0629757618714257
7.975,-0.098149281421979
7.9755,-0.133322802084055
7.976,-0.167510150361054
7.9765,-0.203341122334026
7.977,-0.238843371015558
7.9775,-0.272373273690735
7.978,-0.308861698479906
7.9785,-0.34403522637894
7.979,-0.37855130642641
7.9795,-0.414382286118301
7.98,-0.449555818013855
7.9805,-0.484071902063676
7.981,-0.518916712105212
7.9815,-0.554747697491781
7.982,-0.588935061117154
7.9825,-0.624437324840539
7.983,-0.65993959011725
7.9835,-0.694455682874671
7.984,-0.729629226583017
7.9845,-0.76546022135927
7.985,-0.799318869358279
7.9855,-0.835149867462166
7.986,-0.870323417765297
7.9865,-0.905168244992881
7.987,-0.940341798742647
7.9875,-0.975186629438855
7.988,-1.01036018674468
7.9885,-1.04520502101791
7.989,-1.08103603174484
7.9895,-1.11555214484317
7.99,-1.15072570960736
7.9905,-1.18655672617295
7.991,-1.22074412002696
7.9915,-1.25624641563759
7.992,-1.29141998831892
7.9925,-1.32593611303468
7.993,-1.36209586488091
7.9935,-1.39661199371693
7.994,-1.43112812460494
7.9945,-1.46695915791593
7.995,-1.50246146838809
7.9955,-1.53664888060386
7.996,-1.57215119553046
7.9965,-1.60732478759808
7.997,-1.64216965677034
7.9975,-1.6776719786499
7.998,-1.71284557768933
7.9985,-1.74769045384992
7.999,-1.78286405765267
7.9995,-1.81803766388956
8,-1.85189637128381
8.0005,-1.88805615842637
8.001,-1.92322977210768
8.0015,-1.95774593753925
8.002,-1.9932482817096
8.0025,-2.02809317763682
8.003,-2.06293807614182
8.0035,-2.09844042824099
8.004,-2.13394278307241
8.0045,-2.16944514066447
8.005,-2.20297514761741
8.0055,-2.23880623625562
8.006,-2.27463732779127
8.0065,-2.30915351965239
8.007,-2.34498461696148
8.0075,-2.37950081443837
8.008,-2.41401701471031
8.0085,-2.44984812083448
8.009,-2.48535050424156
8.0095,-2.48633668160171
8.01,-2.45083429811053
8.0105,-2.41533191763343
8.011,-2.3808157172545
8.0115,-2.34498461696148
8.012,-2.30981097095246
8.0125,-2.27529477903936
8.013,-2.23979241304797
8.0135,-2.2046187754736
8.014,-2.17043131730393
8.0145,-2.13492895963478
8.015,-2.09942660472706
8.0155,-2.06491042896502
8.016,-2.02940807942022
8.0165,-1.99357700713092
8.017,-1.96004701532245
8.0175,-1.92388722285484
8.018,-1.88871360912622
8.0185,-1.85452617389605
8.019,-1.81869511449678
8.0195,-1.78385023349518
8.02,-1.74900535488319
8.0205,-1.71383175339749
8.021,-1.67800070386364
8.0215,-1.6441420079235
8.022,-1.60831096310958
8.0225,-1.57215119553046
8.023,-1.53862123137296
8.0235,-1.50344764371105
8.024,-1.46728788300264
8.0245,-1.43342920007107
8.025,-1.39759816885656
8.0255,-1.36242458990785
8.026,-1.3282371880865
8.0265,-1.29240616328331
8.027,-1.25723259054492
8.0275,-1.22337391963185
8.028,-1.18754290096952
8.0285,-1.15204060926212
8.029,-1.11752449421838
8.0295,-1.08267965613677
8.03,-1.04651992045993
8.0305,-1.01266126065051
8.031,-0.977158978398762
8.0315,-0.941327973172265
8.032,-0.907140593754838
8.0325,-0.871967041653033
8.033,-0.836793491270248
8.0335,-0.800962493086547
8.034,-0.766446395551287
8.0345,-0.730944125444229
8.035,-0.695770581676295
8.0355,-0.661254488861403
8.036,-0.625752223526617
8.0365,-0.590249959746207
8.037,-0.55639132071102
8.0375,-0.520889059885475
8.038,-0.485058075913561
8.0385,-0.450870716429204
8.039,-0.415039735300054
8.0395,-0.380194929317593
8.04,-0.345678849209651
8.0405,-0.30984787214179
8.041,-0.275003070026647
8.0415,-0.240158269138607
8.042,-0.204984744931096
8.0425,-0.16915377290192
8.043,-0.134966424572544
8.0435,-0.0997929038578525
8.044,-0.0642906597788748
8.0445,-0.0297745902064749
8.045,0.00539892726237359
8.0455,0.0405724437009912
8.046,0.0747597858204241
8.0465,0.110262024738333
8.047,0.145764262690534
8.0475,0.180280326467414
8.048,0.215453838193718
8.0485,0.251284797847776
8.049,0.285800859077967
8.0495,0.320316919528062
8.05,0.35680532547027
8.0505,0.39033521129528
8.051,0.426166166985487
8.0515,0.461668397595131
8.052,0.496184454475646
8.0525,0.531686683762232
8.053,0.566860188083542
8.0535,0.601704967484106
8.054,0.637207194985434
8.0545,0.672051973299933
8.055,0.706896751116997
8.0555,0.742070252775908
8.056,0.77790120259949
8.0565,0.812417254765658
8.057,0.847590755151723
8.0575,0.883092979466305
8.058,0.916622857665989
8.0585,0.952453805622556
8.059,0.988284753281574
8.0595,1.02181463066382
8.06,1.05797430211469
8.0605,1.09314780050081
8.061,1.12799257442904
8.0615,1.16316607249148
8.062,1.19801084615326
8.0625,1.23318434400145
8.063,1.26835784178329
8.0635,1.30386006380429
8.064,1.33969101009214
8.0645,1.37387833500694
8.065,1.40970928135704
8.0655,1.44521150350255
8.066,1.47907010434705
8.0665,1.51457232671828
8.067,1.55007454924699
8.0675,1.58426187482035
8.068,1.61943537345338
8.0685,1.65559504519251
8.069,1.68945364716546
8.0695,1.7249558708843
8.07,1.7601293706306
8.0705,1.794645422121
8.071,1.83014764688757
8.0715,1.86564987206402
8.072,1.90016592473882
8.0725,1.93599687512456
8.073,1.97084165304677
8.0735,2.00535770714501
8.074,2.04085993476011
8.0745,2.07636216295362
8.075,2.11054949437979
8.0755,2.14605172379126
8.076,2.18188267822098
8.0765,2.2160700115438
8.077,2.2512435186389
8.0775,2.28674575084267
8.078,2.32093308628962
8.0785,2.35643532004166
8.079,2.39226627902275
8.0795,2.42645361684795
8.08,2.46195585315253
8.0805,2.49745809037232
8.081,2.48891125540091
8.0815,2.4530802939917
8.082,2.41790678231555
8.0825,2.38339072029562
8.083,2.34788848591539
8.0835,2.31271497674021
8.084,2.27852764146834
8.0845,2.24302540943993
8.085,2.20752317815162
8.0855,2.17300712063722
8.086,2.13849106376944
8.0865,2.10266011015325
8.087,2.06847277885918
8.0875,2.03297055079666
8.088,1.99681087465422
8.0885,1.96295226932316
8.089,1.9274500428778
8.0895,1.89227654123241
8.09,1.8580892129629
8.0905,1.82225826357169
8.091,1.78675603889235
8.0915,1.75191126318316
8.092,1.71706648780852
8.0925,1.68156426415821
8.093,1.64606204079893
8.0935,1.61187471484967
8.094,1.57604376769428
8.0945,1.54152771788158
8.095,1.5070116682381
8.0955,1.47150944589673
8.096,1.4360072236784
8.0965,1.40181989866903
8.097,1.36566022805342
8.0975,1.33048673031123
8.098,1.29564195685701
8.0985,1.2604684591076
8.099,1.22496623703453
8.0995,1.19077891200552
8.1,1.15527668976004
8.1005,1.11944574310271
8.101,1.08558714198503
8.1015,1.04942747070141
8.102,1.01392524777022
8.1025,0.980395370334839
8.103,0.944564422612812
8.1035,0.909390923177352
8.104,0.874874872018032
8.1045,0.839372647618943
8.105,0.803870422837295
8.1055,0.769354370572512
8.106,0.73385214495315
8.1065,0.699007367502477
8.107,0.663505140930243
8.1075,0.628989086816981
8.108,0.593486859185621
8.1085,0.559299528326835
8.109,0.523468575188032
8.1095,0.48829507010151
8.11,0.454107737431046
8.1105,0.417948057947475
8.111,0.383103275193723
8.1115,0.348587216095755
8.112,0.313084983116116
8.1125,0.278240198114223
8.113,0.243066687913215
8.1135,0.207893176868561
8.114,0.172390940538021
8.1145,0.138532325406844
8.115,0.102701362828449
8.1155,0.0668703992602205
8.116,0.033669230274293
8.1165,-0.00281918420251803
8.117,-0.0383214263856436
8.1175,-0.0721800472554601
8.118,-0.108339740563629
8.1185,-0.1431845370524
8.119,-0.177700610155575
8.1195,-0.213531582477999
8.12,-0.249033831513965
8.1205,-0.283549908166693
8.121,-0.318723435144018
8.1215,-0.353896963406031
8.122,-0.389399217562083
8.1225,-0.423915299300304
8.123,-0.459417556176334
8.1235,-0.494919814473705
8.124,-0.528449726418569
8.1245,-0.564609436855465
8.125,-0.599782974869533
8.1255,-0.633970340362965
8.126,-0.669472606061608
8.1265,-0.705303598054223
8.127,-0.74014841753573
8.1275,-0.774664513868176
8.128,-0.810824235532523
8.1285,-0.845340335131879
8.129,-0.880185161148071
8.1295,-0.916016163251678
8.13,-0.950532267916007
8.1305,-0.985377099126074
8.131,-1.02120810665507
8.1315,-1.05539549176144
8.132,-1.09122650304118
8.1325,-1.12607134158052
8.133,-1.16058745708415
8.1335,-1.19641847420834
8.134,-1.23126331851347
8.1345,-1.26643688975669
8.135,-1.3012817380353
8.1355,-1.33744148838276
8.136,-1.37130016570469
8.1365,-1.40680247024064
8.137,-1.44230477695567
8.1375,-1.47682091060025
8.138,-1.5123232216961
8.1385,-1.54782553505542
8.139,-1.58168422493099
8.1395,-1.6175152679707
8.14,-1.6523601378071
8.1405,-1.6872050099318
8.141,-1.72270733485521
8.1415,-1.75788093694581
8.142,-1.79239709087713
8.1425,-1.82757069777849
8.143,-1.86340175781521
8.1435,-1.89693174294858
8.144,-1.93276280802849
8.1445,-1.9685938757565
8.145,-2.0024525935923
8.1455,-2.03894111745983
8.146,-2.07345729129545
8.1465,-2.10797346769474
8.147,-2.14380454879208
8.1475,-2.17897818160283
8.148,-2.21349436600146
8.1485,-2.24833927867367
8.149,-2.28417037098511
8.1495,-2.31934401491542
8.15,-2.35418893601683
8.1505,-2.38969131136956
8.151,-2.42486496394862
8.1515,-2.45970989369964
8.152,-2.49488355215476
8.1525,-2.47483127921253
8.153,-2.44097252545465
8.1535,-2.40514142008627
8.154,-2.36963904344662
8.1545,-2.33545157243315
8.155,-2.29994920155574
8.1555,-2.2641181079557
8.156,-2.22960191963281
8.1565,-2.19442828286243
8.157,-2.15925464884928
8.1575,-2.12473846859292
8.158,-2.08890738898425
8.1585,-2.05406248854061
8.159,-2.01954631613408
8.1595,-1.9840439700049
8.16,-1.94854162651646
8.1605,-1.9140254617408
8.161,-1.87852312337729
8.1615,-1.84302078757012
8.162,-1.80949080607393
8.1625,-1.77365974988149
8.163,-1.73881487196327
8.1635,-1.70396999639996
8.164,-1.66813894754073
8.1645,-1.63296535148543
8.165,-1.59844920807577
8.1655,-1.56294689143981
8.166,-1.52777330223003
8.1665,-1.4935858905597
8.167,-1.458083580647
8.1675,-1.42258127295439
8.168,-1.38806514257693
8.1685,-1.3528915642012
8.169,-1.31706053791793
8.1695,-1.282873138695
8.17,-1.24737084154304
8.1705,-1.21186854644264
8.171,-1.17768115307325
8.1715,-1.14217886191739
8.172,-1.1070052976199
8.1725,-1.07281790984683
8.173,-1.03731562442022
8.1735,-1.00148461603825
8.174,-0.966639784011266
8.1745,-0.932123678549966
8.175,-0.896950125210403
8.1755,-0.862105298382826
8.176,-0.825945574205024
8.1765,-0.790772026029724
8.177,-0.757242103142394
8.1775,-0.721411108751272
8.178,-0.686237565414478
8.1785,-0.650406574286938
8.179,-0.616219208100774
8.1795,-0.580388220079233
8.18,-0.544885958243651
8.1805,-0.510698596402864
8.181,-0.47519633746467
8.1815,-0.439694079960439
8.182,-0.405835446798683
8.1825,-0.370333192014058
8.183,-0.334830938579525
8.1835,-0.299986135568048
8.184,-0.265141333802922
8.1845,-0.228981635147024
8.185,-0.194465560354835
8.1855,-0.159620762200287
8.186,-0.123789791699781
8.1865,-0.0892737203101313
8.187,-0.0537714765616149
8.1875,-0.0182692339100009
8.188,0.0149319364912136
8.1885,0.0504341771007617
8.189,0.0859364166967517
8.1895,0.120781206453198
8.19,0.155625995287477
8.1905,0.190799507636778
8.191,0.225644294699198
8.1915,0.260817805314635
8.192,0.296320039487057
8.1925,0.331164824083993
8.193,0.366009607920854
8.1935,0.402169288486097
8.194,0.4363566221396
8.1945,0.471530128197315
8.195,0.507032357937168
8.1955,0.541548414006838
8.196,0.577050642495191
8.1965,0.612552870391178
8.197,0.647068924749113
8.1975,0.682899875879954
8.198,0.718073377863013
8.1985,0.752260706441907
8.199,0.78809165613745
8.1995,0.823593881098239
8.2,0.857452484164497
8.2005,0.892954708379678
8.201,0.928785656548801
8.2015,0.962644258655503
8.202,0.998146481946733
8.2025,1.03397742926866
8.203,1.06783603065354
8.2035,1.10366697755275
8.204,1.13884047571523
8.2045,1.17269907661719
8.205,1.20885874736751
8.2055,1.24403224519229
8.206,1.27887701868124
8.2065,1.314379240696
8.207,1.35021018698609
8.2075,1.38472623618933
8.208,1.41957100972219
8.2085,1.45507323189319
8.209,1.4902467298931
8.2095,1.5247627794638
8.21,1.56059372632695
8.2105,1.59576722481612
8.211,1.62962582637141
8.2115,1.66512804960557
8.212,1.70063027311761
8.2125,1.73514632404771
8.213,1.77064854819103
8.2135,1.80582204839392
8.214,1.84033810036726
8.2145,1.87551160135626
8.215,1.91134255141235
8.2155,1.94552988035669
8.216,1.9813608313851
8.2165,2.01620560996774
8.217,2.05039294042075
8.2175,2.08655261745333
8.218,2.12139739774248
8.2185,2.15657090300209
8.219,2.19174440892028
8.2195,2.22626046679663
8.22,2.26143397410122
8.2205,2.29660748214673
8.221,2.3321097153459
8.2215,2.36629705178567
8.222,2.4021280110048
8.2225,2.43730152229006
8.223,2.47181758562057
8.2235,2.50731982309962
8.224,2.47806334955379
8.2245,2.44321856165731
8.225,2.40837377462801
8.2255,2.37254281525698
8.226,2.33802675429054
8.2265,2.30351069409547
8.227,2.26735101278526
8.2275,2.23349240281879
8.228,2.19766144736571
8.2285,2.16248794133402
8.229,2.12830060900448
8.2295,2.09214093123271
8.23,2.05696742710785
8.2305,2.02245137222261
8.231,1.98793531787017
8.2315,1.95177564242493
8.232,1.91758831339741
8.2325,1.88175736325912
8.233,1.84658386219436
8.2335,1.81206781015146
8.234,1.77656558558271
8.2345,1.74139208567754
8.235,1.70687603469227
8.2355,1.6713738111284
8.236,1.63587158784742
8.2365,1.60069808910712
8.237,1.56651076344188
8.2375,1.53133726511326
8.238,1.49484886982775
8.2385,1.4609902689316
8.239,1.42581677102334
8.2395,1.38998582464315
8.24,1.35546977543387
8.2405,1.32029627769744
8.241,1.28512277996306
8.2415,1.25027800648145
8.242,1.21510450866895
8.2425,1.17894483793637
8.243,1.14475751277475
8.2435,1.10991273892018
8.244,1.07408179205347
8.2445,1.03923701784622
8.245,1.00406351913632
8.2455,0.968561295889661
8.246,0.934045245243508
8.2465,0.899529194307327
8.247,0.863698245857859
8.2475,0.829182194249787
8.248,0.794008693659563
8.2485,0.758506468347769
8.249,0.724319139847381
8.2495,0.688488189311717
8.25,0.653643411235202
8.2505,0.619127356975847
8.251,0.583625129186441
8.2515,0.547794176470276
8.252,0.513606844854032
8.2525,0.477775890884984
8.253,0.442602384947242
8.2535,0.408743775779105
8.254,0.372912819725191
8.2545,0.337081862901581
8.255,0.30355197597666
8.2555,0.26739229318727
8.256,0.231890058328235
8.2565,0.198031444644771
8.257,0.16220048364556
8.2575,0.127026970556588
8.258,0.0928396298362386
8.2585,0.0570086659904563
8.259,0.0215064255707465
8.2595,-0.0130096424976183
8.26,-0.0478544360442723
8.2605,-0.0840141285733637
8.261,-0.117872750813457
8.2615,-0.1530462721109
8.262,-0.189205968106567
8.2625,-0.22273586914636
8.263,-0.259224292115613
8.2635,-0.294726542769577
8.264,-0.328256447348648
8.2645,-0.364087425109072
8.265,-0.399260955068746
8.2655,-0.435091935572664
8.266,-0.468950569837639
8.2665,-0.504452828521503
8.267,-0.540283813300564
8.2675,-0.574142451684106
8.268,-0.609973439434002
8.2685,-0.645146979394694
8.269,-0.679663071508176
8.2695,-0.715494063966547
8.27,-0.750338883908954
8.2705,-0.78518370544469
8.271,-0.820357253355157
8.2715,-0.855859527714645
8.272,-0.890046904666483
8.2725,-0.925877907268033
8.273,-0.961051462058196
8.2735,-0.995238844129166
8.274,-1.03074112732654
8.2745,-1.06624341240221
8.275,-1.10010207494472
8.2755,-1.13626181358346
8.276,-1.17143537948529
8.2765,-1.2059514974567
8.277,-1.2411250672571
8.2775,-1.276956089026
8.278,-1.3111434879133
8.2785,-1.34664578882176
8.279,-1.38247681689937
8.2795,-1.41666422188614
8.28,-1.4521665292115
8.2805,-1.4876688387522
8.281,-1.52185625005985
8.2815,-1.55735856403179
8.282,-1.5928608803032
8.2825,-1.62737702335417
8.283,-1.6628793442439
8.2835,-1.69805294229099
8.284,-1.73191164171264
8.2845,-1.76807142024437
8.285,-1.80324502545419
8.2855,-1.83743245716482
8.286,-1.87260606723267
8.2865,-1.90810840516816
8.287,-1.94328202029659
8.2875,-1.97812691257421
8.288,-2.01362925826129
8.2885,-2.04781670477415
8.289,-2.08331905571822
8.2895,-2.11915013489212
8.29,-2.15300886365649
8.2905,-2.18883994830299
8.291,-2.22401358463346
8.2915,-2.25852977252039
8.292,-2.29436086566341
8.2925,-2.32953451041811
8.293,-2.36405070665235
8.2935,-2.39922435710699
8.294,-2.43439801047964
8.2945,-2.46990039257188
8.295,-2.50047189068882
8.2955,-2.46529823176001
8.296,-2.42979585005837
8.2965,-2.39527964850002
8.297,-2.3594485469942
8.2975,-2.32460362546748
8.298,-2.29008743238228
8.2985,-2.25458506519697
8.299,-2.21875397528642
8.2995,-2.18555269271225
8.3,-2.14906415726321
8.3005,-2.11389052676535
8.301,-2.07937434992396
8.3015,-2.04387199928038
8.302,-2.00902710218919
8.3025,-1.9741822076611
8.303,-1.93933731566926
8.3035,-1.90252007402646
8.304,-1.86899008851253
8.3045,-1.83381647870059
8.305,-1.79798542078172
8.3055,-1.76379799173962
8.306,-1.72862438924476
8.3065,-1.69279333869483
8.307,-1.65926336700768
8.3075,-1.62310359599905
8.308,-1.58727255258832
8.3085,-1.55308513722881
8.309,-1.51758282353175
8.3095,-1.48273796229358
8.31,-1.44822182828869
8.3105,-1.41271952120772
8.311,-1.37688849127533
8.3115,-1.34302981363225
8.312,-1.30752751293923
8.3125,-1.27169648936862
8.313,-1.23783781765837
8.3135,-1.20233552310401
8.314,-1.16683323056519
8.3145,-1.13264583962845
8.315,-1.09648610119168
8.3155,-1.06196998909827
8.316,-1.02712515395248
8.3165,-0.991622870944824
8.317,-0.956120589784167
8.3175,-0.921604484843982
8.318,-0.886759656811904
8.3185,-0.851257380940949
8.319,-0.816741281063122
8.3195,-0.781239008586234
8.32,-0.745408013066225
8.3205,-0.711878092175905
8.321,-0.675718375190702
8.3215,-0.640544833892248
8.322,-0.606357468122427
8.3225,-0.570197755879744
8.323,-0.535024219110467
8.3235,-0.50017940841815
8.324,-0.465663323735924
8.3245,-0.430161066611901
8.325,-0.394987535469552
8.3255,-0.360471454814697
8.326,-0.324311752631803
8.3265,-0.289466949999412
8.327,-0.254950873141019
8.3275,-0.219448623898179
8.328,-0.184275100397842
8.3285,-0.149430302578944
8.329,-0.113928056906967
8.3295,-0.0787545368612017
8.33,-0.0439097423829065
8.3305,-0.00906494895366582
8.331,0.0264372923570552
8.3315,0.0602959104223255
8.332,0.0954694253081939
8.3325,0.131957836933174
8.333,0.165159003396347
8.3335,0.200989964319135
8.334,0.236492199932423
8.3345,0.270679537112774
8.335,0.306510495439966
8.3355,0.341684004189081
8.336,0.376200063431487
8.3365,0.411373570689318
8.337,0.44720452594953
8.3375,0.481720583098052
8.338,0.516565363959415
8.3385,0.552396317220606
8.339,0.586583648190924
8.3395,0.622085875932686
8.34,0.657916827441382
8.3405,0.692104156819737
8.341,0.727935107305292
8.3415,0.763437333000507
8.342,0.797295936722368
8.3425,0.833126885880339
8.343,0.868300386045767
8.3435,0.903145161562634
8.344,0.937989936760114
8.3445,0.973492160245529
8.345,1.00833693488002
8.3455,1.04318170927617
8.346,1.07934138059609
8.3465,1.11287125746084
8.347,1.14903092842644
8.3475,1.184204426413
8.348,1.21839175145815
8.3485,1.25356524926453
8.349,1.2897249198544
8.3495,1.32391224475389
8.35,1.35974319104818
8.3505,1.39491668881976
8.351,1.42910401381448
8.3515,1.4646062360122
8.352,1.50010845832742
8.3525,1.53528195650574
8.353,1.56979800628588
8.3535,1.60562895340249
8.354,1.64080245217613
8.3545,1.67498977832982
8.355,1.71082072621806
8.3555,1.74599422583254
8.356,1.78051027718282
8.3565,1.8160125017941
8.357,1.85118600249639
8.3575,1.88570205499442
8.358,1.9208755565534
8.3585,1.95670650722672
8.359,1.99089383679444
8.3595,2.02639606418204
8.36,2.06222701647212
8.3605,2.0960856233215
8.361,2.13158785247118
8.3615,2.16709008227183
8.362,2.20094869095495
8.3625,2.23645092210933
8.363,2.27162442962574
8.3635,2.3061404891314
8.364,2.34197144693289
8.3645,2.37780240556886
8.365,2.41198974305378
8.3655,2.4471632545827
8.366,2.4826654914177
8.3665,2.50403257884906
8.367,2.46853034145667
8.3675,2.4323706561697
8.368,2.39818331820398
8.3685,2.3633385322557
8.369,2.3275075739601
8.3695,2.29332023837203
8.37,2.25781800602686
8.3705,2.22198705007045
8.371,2.18845716534788
8.3715,2.15262621079116
8.372,2.11712398125915
8.3725,2.08293664972186
8.373,2.04677697275143
8.3735,2.01160346936995
8.374,1.97774486382608
8.3745,1.94224263716913
8.375,1.90641168669769
8.3755,1.872553082565
8.376,1.83705085730556
8.3765,1.80187735676381
8.377,1.76670385660218
8.3775,1.73153035679306
8.378,1.69635685730884
8.3785,1.66184080670227
8.379,1.62600985920463
8.3795,1.59116508481506
8.38,1.55697775920383
8.3805,1.52114681235902
8.381,1.48597331424157
8.3815,1.45112854053595
8.382,1.41562631837541
8.3825,1.38045282057147
8.383,1.34495059853888
8.3835,1.31076327363954
8.384,1.27493232734487
8.3845,1.23943010529387
8.385,1.20524278029704
8.3855,1.1694118338162
8.386,1.13456706005868
8.3865,1.10037973472567
8.387,1.06389133923989
8.3875,1.02904656497267
8.388,0.99453051477183
8.3885,0.959028291452977
8.389,0.923854792141315
8.3895,0.889338741114517
8.39,0.853836516863143
8.3905,0.81833429224078
8.391,0.784475688757042
8.3915,0.748973463327946
8.392,0.712813788812039
8.3925,0.678955184038201
8.393,0.643781681499182
8.3935,0.607622005439994
8.394,0.574092123477511
8.3945,0.538261170597321
8.395,0.503087665776388
8.3955,0.46857160902217
8.396,0.433398102907322
8.3965,0.397238422999871
8.397,0.363051088567341
8.3975,0.327877580286982
8.398,0.292375346842092
8.3985,0.258516734552374
8.399,0.222357050673067
8.3995,0.187183539118771
8.4,0.152667475515952
8.4005,0.117493962176365
8.401,0.0819917234574778
8.4015,0.0474756570890699
8.402,0.011973416393777
8.4025,-0.0232001008804066
8.403,-0.0580448947319708
8.4035,-0.09321841412891
8.404,-0.12872065912951
8.4045,-0.162908007260165
8.405,-0.198081530040911
8.4055,-0.233912503069322
8.406,-0.267771130119672
8.4065,-0.303930830185531
8.407,-0.33910435790389
8.4075,-0.373620437770298
8.408,-0.409451417270287
8.4085,-0.444296224371833
8.409,-0.478812308216384
8.4095,-0.514314567302222
8.41,-0.549816827853309
8.4105,-0.58499036524254
8.411,-0.619506454786715
8.4115,-0.655008719845988
8.412,-0.690839711181583
8.4125,-0.724698355873464
8.413,-0.761186799875375
8.4135,-0.79570289716886
8.414,-0.829890271301088
8.4145,-0.865721270899584
8.415,-0.901223547485424
8.4155,-0.935410926615449
8.416,-0.970584481887741
8.4165,-1.00641548863859
8.417,-1.04060287299127
8.4175,-1.07610515859372
8.418,-1.1119361710042
8.4185,-1.14579483592613
8.419,-1.18129712728397
8.4195,-1.21647069569277
8.42,-1.25098681615865
8.4205,-1.28681783850642
8.421,-1.32232013797119
8.4215,-1.35650753945108
8.422,-1.39200984308747
8.4225,-1.42718342382734
8.423,-1.46202828163826
8.4235,-1.49720186669501
8.424,-1.53270417908679
8.4245,-1.56722031831975
8.425,-1.60272263523496
8.4255,-1.63855367967518
8.426,-1.67274110046846
8.4265,-1.70791469917656
8.427,-1.74341702551503
8.4275,-1.77793317846884
8.428,-1.81310678436283
8.4285,-1.84828039271469
8.429,-1.88213910216728
8.4295,-1.91797016616245
8.43,-1.95347250739966
8.4305,-1.98831740041712
8.431,-2.02349102142379
8.4315,-2.05932209598762
8.432,-2.09318082035088
8.4325,-2.12868317477573
8.433,-2.16385680641483
8.4335,-2.19837298965217
8.434,-2.2338753523268
8.4345,-2.26970644346198
8.435,-2.30356518364192
8.4355,-2.33906755481562
8.436,-2.37456992891402
8.4365,-2.40908612878506
8.437,-2.44458850873484
8.4375,-2.47943344012992
8.438,-2.4909388426468
8.4385,-2.45576518452564
8.439,-2.41960535216186
8.4395,-2.38508915143494
8.44,-2.34958677646451
8.4405,-2.31474185573474
8.441,-2.27891076092148
8.4415,-2.2443945714413
8.442,-2.20922093350308
8.4425,-2.17404729833371
8.443,-2.13953111695403
8.4435,-2.10370003619108
8.444,-2.06819768368891
8.4445,-2.03466768659059
8.445,-1.99817916305317
8.4455,-1.96333426931754
8.446,-1.92848937810981
8.4465,-1.89331576404979
8.447,-1.85781342718093
8.4475,-1.8232972687714
8.448,-1.78845238745219
8.4485,-1.75262133274203
8.449,-1.71843390672699
8.4495,-1.68326030731141
8.45,-1.64775798505663
8.4505,-1.61324184069416
8.451,-1.57773952308984
8.4515,-1.54190848267047
8.452,-1.50804979524122
8.4525,-1.47254748441591
8.453,-1.43671645075301
8.4535,-1.40285776962956
8.454,-1.36735546533397
8.4545,-1.3318531631859
8.455,-1.29733703812939
8.4555,-1.26183474013347
8.456,-1.22600371924789
8.4565,-1.1924737749756
8.457,-1.15664275807512
8.4575,-1.12114046808857
8.458,-1.08728180445606
8.4585,-1.05145079339059
8.459,-1.01561978425523
8.4595,-0.981432401164668
8.46,-0.945930120528925
8.4605,-0.91075656649936
8.461,-0.876240463778719
8.4615,-0.840738188424721
8.462,-0.805564639545028
8.4625,-0.771048541797718
8.463,-0.735874996193805
8.4635,-0.700372727499385
8.464,-0.665527909794903
8.4645,-0.630025644271101
8.465,-0.594852104964387
8.4655,-0.560664741096086
8.466,-0.524833755459621
8.4665,-0.489988945179688
8.467,-0.455472860898216
8.4675,-0.41964187958564
8.468,-0.384797073428397
8.4685,-0.348966094879628
8.469,-0.314450015910539
8.4695,-0.279605213631319
8.47,-0.243774238985809
8.4705,-0.209915612737977
8.471,-0.173755916029914
8.4715,-0.138253669556996
8.472,-0.104066322202503
8.4725,-0.068235353510325
8.473,-0.0337192838198444
8.4735,0.00145423376626608
8.474,0.0359703014208297
8.4745,0.0711438169864434
8.475,0.105988607142493
8.4755,0.141162120787247
8.476,0.176006909094589
8.4765,0.210851696522314
8.477,0.246353931892546
8.4775,0.281856166405918
8.478,0.316043502561383
8.4785,0.351545735475346
8.479,0.38737669198474
8.4795,0.42156402592893
8.48,0.457394980984481
8.4805,0.492568486641547
8.481,0.526755818621777
8.4815,0.562258047365329
8.482,0.597431551172745
8.4825,0.632605054414716
8.483,0.667778557118853
8.4835,0.703280783630022
8.484,0.737796836711175
8.4845,0.77297033797162
8.485,0.808801287414232
8.4855,0.843317339237214
8.486,0.878162114999599
8.4865,0.913006890423349
8.487,0.947851665535312
8.4875,0.983353888941409
8.488,1.01885611208011
8.4885,1.05370088640958
8.489,1.08887438481899
8.4895,1.12437660733054
8.49,1.15922138112654
8.4905,1.19406615480045
8.491,1.2292396526578
8.4915,1.26408442616756
8.492,1.29925792391391
8.4925,1.33541759447946
8.493,1.36927619511269
8.4935,1.40477841717663
8.494,1.44028063931022
8.4945,1.47479668870052
8.495,1.51029891105471
8.4955,1.54580113356296
8.496,1.57998845911339
8.4965,1.61516195771952
8.497,1.65033545655919
8.4975,1.685837679952
8.498,1.72002500646007
8.4985,1.75618467905348
8.499,1.79135817910679
8.4995,1.82587423092231
8.5,1.86137645604792
8.5005,1.89654995729554
8.501,1.93106601036334
8.5015,1.96623951253821
8.502,2.00174173954888
8.5025,2.03658651844305
8.503,2.07208874656543
8.5035,2.10726225094828
8.504,2.14177830725351
8.5045,2.17695181289136
8.505,2.21245404356512
8.5055,2.24664137748257
8.506,2.28148616083834
8.5065,2.3173171180826
8.507,2.35150445419373
8.5075,2.38733541305663
8.508,2.42283764838568
8.5085,2.45801116018513
8.509,2.49285594845787
8.5095,2.4931846728798
8.51,2.45899733342592
8.5105,2.42316637279096
8.511,2.38766413745386
8.5115,2.35347680053098
8.512,2.3179745668469
8.5125,2.28247233396286
8.513,2.24762755058644
8.5135,2.21245404356512
8.514,2.17760926160121
8.5145,2.14276448029983
8.515,2.10726225094828
8.5155,2.07176002222824
8.516,2.03790141577049
8.5165,2.00207046387557
8.517,1.96623951253821
8.5175,1.93270963194936
8.518,1.89687868160837
8.5185,1.86170518035662
8.519,1.82718912814176
8.5195,1.79135817910679
8.52,1.75651340335141
8.5205,1.72166862793412
8.521,1.68682385282809
8.5215,1.65132162942749
8.522,1.61647685486803
8.5225,1.58097463196857
8.523,1.54612985784626
8.5235,1.51194253246351
8.524,1.47611158582233
8.5245,1.44060936358965
8.525,1.40675076284862
8.5255,1.37059109222526
8.526,1.33508887020157
8.5265,1.30090154530336
8.527,1.2657280475583
8.5275,1.23055454977244
8.528,1.19406615480045
8.5285,1.16020755396792
8.529,1.12503405589402
8.5295,1.0895318333856
8.53,1.05501578354994
8.5305,1.01951356065441
8.531,0.983682613230913
8.5315,0.949824011287593
8.532,0.914321787602878
8.5325,0.878490839297589
8.533,0.844303512141048
8.5335,0.809130011719081
8.534,0.773956510897864
8.5345,0.739440458275326
8.535,0.70426695658152
8.5355,0.668436005762585
8.536,0.634248676048169
8.5365,0.598746448500205
8.537,0.563244220377227
8.5375,0.52905688902217
8.538,0.493225935339164
8.5385,0.4577237053395
8.539,0.42386509645871
8.5395,0.388034140720862
8.54,0.352531908600684
8.5405,0.318344573237188
8.541,0.282842339574888
8.5415,0.247340105084912
8.542,0.212824042954734
8.5425,0.177650531162623
8.543,0.142148294053566
8.5435,0.108289678157379
8.544,0.0727874391849877
8.5445,0.0369564747680266
8.545,0.00276913159974407
8.5455,-0.0330618348833572
8.546,-0.067577904554134
8.5465,-0.10275142424855
8.547,-0.138253669556996
8.5475,-0.173427191520108
8.548,-0.207943265612401
8.5485,-0.243116789921718
8.549,-0.278947764543624
8.5495,-0.313135117688661
8.55,-0.348637370312117
8.5505,-0.384468348848296
8.551,-0.41832698121595
8.5515,-0.453829237870836
8.552,-0.489002771324234
8.5525,-0.523518856932886
8.553,-0.559021117868487
8.5535,-0.594194655645932
8.554,-0.629039470251141
8.5545,-0.664541735731288
8.555,-0.699715278094427
8.5555,-0.735217546758699
8.556,-0.769733642867305
8.5565,-0.805235914797048
8.557,-0.840738188424721
8.5575,-0.874925564660418
8.558,-0.91042784170364
8.5585,-0.945930120528925
8.559,-0.980117501849246
8.5595,-1.015948509101
8.56,-1.05112206852741
8.5605,-1.08530945517241
8.561,-1.12114046808857
8.5615,-1.1563140331588
8.562,-1.19050142536853
8.5625,-1.22600371924789
8.563,-1.26183474013347
8.5635,-1.29602213816649
8.564,-1.33152443817595
8.5645,-1.36735546533397
8.565,-1.40121414438287
8.5655,-1.43704517582224
8.566,-1.47254748441591
8.5665,-1.50640616969037
8.567,-1.54256593293233
8.5675,-1.57773952308984
8.568,-1.61192694000052
8.5685,-1.64742925986169
8.569,-1.68293158209438
8.5695,-1.7174477310101
8.57,-1.75262133274203
8.5705,-1.78812366216816
8.571,-1.82198236754577
8.5715,-1.85781342718093
8.572,-1.89364448940312
8.5725,-1.92717447660394
8.573,-1.96267681851672
8.5735,-1.99817916305317
8.574,-2.03203788299805
8.5745,-2.06885513463648
8.575,-2.10337131069244
8.5755,-2.13821621485808
8.576,-2.17338984723523
8.5765,-2.20856348235311
8.577,-2.24373712023932
8.5775,-2.2785820352946
8.578,-2.31474185573474
8.5785,-2.34827187374433
8.579,-2.38443170001977
8.5795,-2.41960535216186
8.58,-2.45379282995261
8.5805,-2.48962393948584
8.581,-2.47943344012992
8.5815,-2.44491723448913
8.582,-2.40974358023844
8.5825,-2.37391247751507
8.583,-2.33972500616114
8.5835,-2.30422263493354
8.584,-2.26872026660277
8.5845,-2.23420407792035
8.585,-2.19837298965217
8.5855,-2.16319935533117
8.586,-2.12868317477573
8.5865,-2.09383827133387
8.587,-2.0586646450535
8.5875,-2.02283357053988
8.588,-1.98930357667153
8.5885,-1.95347250739966
8.589,-1.91731271542329
8.5895,-1.88378272889878
8.59,-1.84729421674585
8.5905,-1.81244933376291
8.591,-1.77826190374628
8.5915,-1.74275957500512
8.592,-1.70758597394404
8.5925,-1.67274110046846
8.593,-1.63756750410803
8.5935,-1.60206518490057
8.594,-1.56787776861194
8.5945,-1.53270417908679
8.595,-1.49654441648686
8.5955,-1.46268573180614
8.596,-1.42685469876376
8.5965,-1.39168111804391
8.597,-1.35749371452308
8.5975,-1.321662687962
8.598,-1.28583166355116
8.5985,-1.25197299105751
8.599,-1.21647069569277
8.5995,-1.18096840235486
8.6,-1.1464522857481
8.6005,-1.11127872121746
8.601,-1.07610515859372
8.6015,-1.04126032270742
8.602,-1.00674421347989
8.6025,-0.9709132067118
8.603,-0.936068376230399
8.6035,-0.901223547485424
8.604,-0.865721270899584
8.6045,-0.831205170337819
8.605,-0.795374172425238
8.6055,-0.760529350418454
8.606,-0.725684530012851
8.6065,-0.690510986483038
8.607,-0.65467999516232
8.6075,-0.620492628795086
8.608,-0.58531908989804
8.6085,-0.549816827853309
8.609,-0.515300741186502
8.6095,-0.479141032830915
8.61,-0.444624948973552
8.6105,-0.409780141859324
8.611,-0.37493533607604
8.6115,-0.33910435790389
8.612,-0.304917003842402
8.6125,-0.269414752821174
8.613,-0.233912503069322
8.6135,-0.198738979076093
8.614,-0.164222905286957
8.6145,-0.129049383625618
8.615,-0.0928896896434802
8.6155,-0.0590310681581613
8.616,-0.0228713764150702
8.6165,0.0116446919380589
8.617,0.0455033104106903
8.6175,0.0813342745830802
8.618,0.116507788891712
8.6185,0.151023853417865
8.619,0.186526090296308
8.6195,0.22169960186694
8.62,0.256215663786553
8.6205,0.291389173679271
8.621,0.327548855906908
8.6215,0.36173619107519
8.622,0.396580974267303
8.6225,0.433069378547877
8.623,0.466599262902788
8.6235,0.502758941429294
8.624,0.538261170597321
8.6245,0.571791053127573
8.625,0.607622005439994
8.6255,0.643452957173935
8.626,0.677969011076778
8.6265,0.713142513128035
8.627,0.748644739016336
8.6275,0.782832067219032
8.628,0.81833429224078
8.6285,0.854493965463675
8.629,0.888023843926306
8.6295,0.923854792141315
8.63,0.959357015744238
8.6305,0.993544341905483
8.631,1.02937528925921
8.6315,1.06487751209354
8.632,1.09906483759442
8.6325,1.13423833577732
8.633,1.16974055809634
8.6335,1.20425660745948
8.634,1.23943010529387
8.6345,1.27526105162292
8.635,1.30944837652809
8.6355,1.34462187426094
8.636,1.38045282057147
8.6365,1.41464014553887
8.637,1.45014236769685
8.6375,1.48531586567997
8.638,1.52016063951256
8.6385,1.55566286206864
8.639,1.59083636052942
8.6395,1.62502368634141
8.64,1.66052590954162
8.6405,1.69569940872327
8.641,1.73054418390603
8.6415,1.76604640800447
8.642,1.80121990815926
8.6425,1.83639340869365
8.643,1.87123818532543
8.6435,1.90674041101172
8.644,1.94191391285061
8.6445,1.97610124221015
8.645,2.0125896423544
8.6455,2.04710569708475
8.646,2.08195047670529
8.6465,2.11712398125915
8.647,2.15328365949241
8.6475,2.18747099227733
8.648,2.22231577443363
8.6485,2.25781800602686
8.649,2.29167661648719
8.6495,2.3275075739601
8.65,2.3633385322557
8.6505,2.39752586940489
8.651,2.43302810498475
8.6515,2.46885906587271
8.652,2.50271768115111
8.6525,2.48332294025668
8.653,2.44782070340468
8.6535,2.4133046406654
8.654,2.37747368117382
8.6545,2.34230017132021
8.655,2.30811283541118
8.6555,2.2722818783714
8.656,2.23677964647526
8.6565,2.2029210371114
8.657,2.16741880662497
8.6575,2.13224530116519
8.658,2.09772924502743
8.6585,2.06288446514357
8.659,2.02705351284262
8.6595,1.99220873409532
8.66,1.95703523154719
8.6605,1.921861729501
8.661,1.88734567655245
8.6615,1.85217217541919
8.662,1.81666995040169
8.6625,1.78248262298458
8.663,1.74665167442658
8.6635,1.71147817480607
8.664,1.6769621240773
8.6645,1.64145990075367
8.665,1.605957677689
8.6655,1.57144162770853
8.666,1.53659685363704
8.6665,1.50109463117146
8.667,1.46657858169303
8.6675,1.43107635948953
8.668,1.39524541309824
8.6685,1.36138681243842
8.669,1.32588459042107
8.6695,1.29071109268821
8.67,1.25586631921243
8.6705,1.22036409713134
8.671,1.18486187497242
8.6715,1.15001710126886
8.672,1.11484360315399
8.6725,1.07967010487987
8.673,1.04416788213324
8.6735,1.00998055631895
8.674,0.974478333116063
8.6745,0.93864738534585
8.675,0.904460058745528
8.6755,0.868629110344672
8.676,0.834113058787227
8.6765,0.799597006864207
8.677,0.763766057310385
8.6775,0.728592555933476
8.678,0.693419054094092
8.6785,0.658903000410952
8.679,0.62307204891744
8.6795,0.588884718524936
8.68,0.553382490237194
8.6805,0.517551536993553
8.681,0.483692929201489
8.6815,0.448190699019925
8.682,0.412359743779622
8.6825,0.378172409652165
8.683,0.342341452943366
8.6835,0.307167944208826
8.684,0.272980607856353
8.6845,0.237478373131428
8.685,0.201976137542544
8.6855,0.167131349893314
8.686,0.132615285782001
8.6865,0.0971130474754414
8.687,0.062268257077307
8.6875,0.0267660168087666
8.688,-0.00873622449226165
8.6885,-0.0425948444987742
8.689,-0.0784258123800064
8.6895,-0.113599332415398
8.69,-0.148115404570343
8.6905,-0.183617651371765
8.691,-0.218791174849808
8.6915,-0.252978525928125
8.692,-0.289138225452214
8.6925,-0.323983028072798
8.693,-0.358170382816437
8.6935,-0.394330086302208
8.694,-0.429503617419172
8.6945,-0.464019700689653
8.695,-0.499193234551138
8.6955,-0.535024219110467
8.696,-0.568882857282434
8.6965,-0.604385120141026
8.697,-0.64021610921451
8.6975,-0.6740747517309
8.698,-0.709905743933564
8.6985,-0.745408013066225
8.699,-0.779595384901329
8.6995,-0.815426382052229
8.7,-0.850271206636095
8.7005,-0.886102207242803
8.701,-0.920618310442119
8.7015,-0.955791864967147
8.702,-0.991622870944824
8.7025,-1.0261389793993
8.703,-1.06164126422988
8.7035,-1.09648610119168
8.704,-1.13100221511018
8.7045,-1.16617578072218
8.705,-1.20167807322395
8.7055,-1.23652291782379
8.706,-1.27202521434587
8.7065,-1.30719878794266
8.707,-1.3417149135688
8.7075,-1.37721721631056
8.708,-1.41304824626323
8.7085,-1.44690692798715
8.709,-1.48273796229358
8.7095,-1.51856899888147
8.71,-1.55209896181746
8.7105,-1.58760127774642
8.711,-1.62343232117901
8.7115,-1.65761974099939
8.712,-1.69312206391804
8.7125,-1.72895311449061
8.713,-1.7628118159359
8.7135,-1.79798542078172
8.714,-1.83381647870059
8.7145,-1.8676751871663
8.715,-1.90252007402646
8.7155,-1.93867986490117
8.716,-1.97286730603062
8.7165,-2.00869837675718
8.717,-2.04387199928038
8.7175,-2.07838817348064
8.718,-2.11421925227151
8.7185,-2.14972160832638
8.719,-2.18423779048269
8.7195,-2.21908270086879
8.72,-2.25458506519697
8.7205,-2.28910125547719
8.721,-2.32427489980611
8.7215,-2.36010599837091
8.722,-2.394293471354
8.7225,-2.42979585005837
8.723,-2.46496950598968
8.7235,-2.49948571329496
8.724,-2.47022911834611
8.7245,-2.43439801047964
8.725,-2.39988180854505
8.7255,-2.36470815803612
8.726,-2.32887705908811
8.7265,-2.29436086566341
8.727,-2.25918722374439
8.7275,-2.22335613346168
8.728,-2.18916867386338
8.7285,-2.15366631472537
8.729,-2.11882140938243
8.7295,-2.08364778120259
8.73,-2.04913160661279
8.7305,-2.01330053282609
8.731,-1.97779818716354
8.7315,-1.94328202029659
8.732,-1.90777967980511
8.7325,-1.87293479257218
8.733,-1.83841863311415
8.7335,-1.80225884957393
8.734,-1.76675651916218
8.7345,-1.73322654270564
8.735,-1.69739549183858
8.7355,-1.66222189383548
8.736,-1.62770574853674
8.7365,-1.59187470481992
8.737,-1.55637238861276
8.7375,-1.52251370029787
8.738,-1.48701138855522
8.7385,-1.4515090790558
8.739,-1.41699294694389
8.7395,-1.38181936682318
8.74,-1.34631706380362
8.7405,-1.31212966291001
8.741,-1.27629863906634
8.7415,-1.24079634229644
8.742,-1.20693767228379
8.7425,-1.17110665456132
8.743,-1.13593308867761
8.7435,-1.10141697449626
8.744,-1.06591468753169
8.7445,-1.03074112732654
8.745,-0.995896293801107
8.7455,-0.960722737238834
8.746,-0.925549182465261
8.7465,-0.891033079025808
8.747,-0.855530802944128
8.7475,-0.819371079091935
8.748,-0.785512430183832
8.7485,-0.750667608632936
8.749,-0.714836614548813
8.7495,-0.680977970285048
8.75,-0.644818254715074
8.7505,-0.609973439434002
8.751,-0.575128625638114
8.7515,-0.53962636402502
8.752,-0.504781553145712
8.7525,-0.469608019059452
8.753,-0.434763210974439
8.7535,-0.399589679654123
8.754,-0.364744874255003
8.7545,-0.329242621030397
8.755,-0.293740369123018
8.7555,-0.259553016652876
8.756,-0.223722042722874
8.7565,-0.188219794562965
8.757,-0.154361170125545
8.7575,-0.118530199799249
8.758,-0.0840141285733637
8.7585,-0.0485118849891431
8.759,-0.0133383669602069
8.7595,0.020848976664396
8.76,0.0570086659904563
8.7605,0.0908672832287452
8.761,0.127026970556588
8.7615,0.16220048364556
8.762,0.196716547009725
8.7625,0.231561333927378
8.763,0.267063568794324
8.7635,0.301908354050169
8.764,0.337081862901581
8.7645,0.372255370983155
8.765,0.407428878322504
8.7655,0.442273660589487
8.766,0.477775890884984
8.7665,0.511963223126891
8.767,0.547465452130572
8.7675,0.583296404852358
8.768,0.617812459660452
8.7685,0.652657238263455
8.769,0.688816913630844
8.7695,0.722675518273978
8.77,0.758835192658219
8.7705,0.794008693659563
8.771,0.828524745644227
8.7715,0.864026970157197
8.772,0.899200470011219
8.7725,0.93338779665704
8.773,0.968890020180219
8.7735,1.00439224342443
8.774,1.03890829356026
8.7745,1.07408179205347
8.775,1.10991273892018
8.7755,1.14377133993177
8.776,1.17927356221623
8.7765,1.21510450866895
8.777,1.24896310936808
8.7775,1.28545150424102
8.778,1.32029627769744
8.7785,1.35481232687786
8.779,1.38998582464315
8.7795,1.42548804674427
8.78,1.46033282037163
8.7805,1.49517759410889
8.781,1.53166598939589
8.7815,1.56519586630476
8.782,1.60036936482092
8.7825,1.63652903642429
8.783,1.6703876382558
8.7835,1.70621858610501
8.784,1.74139208567754
8.7845,1.77590813698313
8.785,1.81108163724157
8.7855,1.84658386219436
8.786,1.88077119032616
8.7865,1.91660214045142
8.787,1.95210436674474
8.7875,1.98694914489624
8.788,2.02146519923385
8.7885,2.05762487577767
8.789,2.09279837991364
8.7895,2.12698571161936
8.79,2.16248794133402
8.7905,2.19766144736571
8.791,2.23217750535796
8.7915,2.26735101278526
8.792,2.30285324533717
8.7925,2.3373693055178
8.793,2.37287153965093
8.7935,2.40837377462801
8.794,2.44288983724737
8.7945,2.47806334955379
8.795,2.50764854752512
8.7955,2.47313248328834
8.796,2.4376302466987
8.7965,2.40278545980598
8.797,2.36794067374928
8.7975,2.33243843973112
8.798,2.29693620652456
8.7985,2.26274887158475
8.799,2.22724663988878
8.7995,2.19174440892028
8.8,2.15821452475909
8.8005,2.12172612208774
8.801,2.08655261745333
8.8015,2.05236528642477
8.802,2.01719178295419
8.8025,1.98168955570892
8.803,1.94717350195208
8.8035,1.91167127572698
8.804,1.87616904997696
8.8045,1.84198172189944
8.805,1.8064794969994
8.8055,1.77064854819103
8.806,1.73711866982443
8.8065,1.70095899741078
8.807,1.66545677389603
8.8075,1.63159817209983
8.808,1.59576722481612
8.8085,1.56059372632695
8.809,1.52673512515803
8.8095,1.49090417845505
8.81,1.45540195617302
8.8105,1.42088590683801
8.811,1.38571240902433
8.8115,1.34988146270812
8.812,1.31602286208529
8.8125,1.28052064007128
8.813,1.24436096947071
8.8135,1.21083109304194
8.814,1.17434269801732
8.8145,1.1394979242776
8.815,1.10531059896574
8.8155,1.06980837635944
8.816,1.03364870498239
8.8165,0.999461379100584
8.817,0.964287880110222
8.8175,0.928785656548801
8.818,0.893283432676336
8.8185,0.859096105663849
8.819,0.823593881098239
8.8195,0.78809165613745
8.82,0.753904327997432
8.8205,0.718730826493643
8.821,0.683228600199816
8.8215,0.648712546372353
8.822,0.613210319050512
8.8225,0.577708091165227
8.823,0.543192035709599
8.8235,0.508347255322314
8.824,0.472516301254651
8.8245,0.438000243933193
8.825,0.403155461581645
8.8255,0.366995781037516
8.826,0.33280844597996
8.8265,0.29796366141948
8.827,0.261803978497374
8.8275,0.22761664111128
8.828,0.192443129687324
8.8285,0.156612168543217
8.829,0.122424828588535
8.8295,0.0865938655687805
8.83,0.0520777993264369
8.8305,0.0169042832188172
8.831,-0.0179405094460409
8.8315,-0.0541002010356928
8.832,-0.0882875468576089
8.8325,-0.123461067205257
8.833,-0.159620762200287
8.8335,-0.193150662290283
8.834,-0.228981635147024
8.8345,-0.264812609263817
8.835,-0.298671237365772
8.8355,-0.334173489454401
8.836,-0.369347018289444
8.8365,-0.403863099274746
8.837,-0.438707906161072
8.8375,-0.474538888238685
8.838,-0.508726248645973
8.8385,-0.544228508964536
8.839,-0.579730770772273
8.8395,-0.614246860095576
8.84,-0.64974912492352
8.8405,-0.685251391325033
8.841,-0.719110035774059
8.8415,-0.754612305331792
8.842,-0.790772026029724
8.8425,-0.824630675177708
8.843,-0.860461674517554
8.8435,-0.895635226054023
8.844,-0.930151329718084
8.8445,-0.965324884724122
8.845,-1.0011558911995
8.8455,-1.03632944985205
8.846,-1.07117428547954
8.8465,-1.10667657272895
8.847,-1.14152141209981
8.8475,-1.17570880351249
8.848,-1.2115398214975
8.8485,-1.24704211657904
8.849,-1.28155823876357
8.8495,-1.3173892629199
8.85,-1.35223411415815
8.8505,-1.38675024241268
8.851,-1.42225254789345
8.8515,-1.45775485556564
8.852,-1.49292844035578
8.8525,-1.52810202735245
8.853,-1.56327561658324
8.8535,-1.59812048291108
8.854,-1.63296535148543
8.8545,-1.66879639795652
8.855,-1.70298382071048
8.8555,-1.73848614671114
8.856,-1.77365974988149
8.8565,-1.80784717958755
8.857,-1.84334951289003
8.8575,-1.87885184872074
8.858,-1.91271056027402
8.8585,-1.94887035190711
8.859,-1.98437269541986
8.8595,-2.01888886525567
8.86,-2.05307631215089
8.8605,-2.08956483996116
8.861,-2.12375229205253
8.8615,-2.15925464884928
8.862,-2.19442828286243
8.8625,-2.22894446845277
8.863,-2.26444683357175
8.8635,-2.3002779271987
8.864,-2.33446539542501
8.8645,-2.36996776914268
8.865,-2.40514142008627
8.8655,-2.43998634820183
8.866,-2.47516000499065
8.8665,-2.49422610056749
8.867,-2.46036734523227
8.8675,-2.42453623821002
8.868,-2.38936258565829
8.8685,-2.35451766170103
8.869,-2.31901528925803
8.8695,-2.2835129197237
8.87,-2.24965418109229
8.8705,-2.21349436600146
8.871,-2.17864945604988
8.8715,-2.14380454879208
8.872,-2.10863091869882
8.8725,-2.07279984034138
8.873,-2.03894111745983
8.8735,-2.00278131901998
8.874,-1.96793642494847
8.8745,-1.93309153340841
8.875,-1.89758919366032
8.8755,-1.86274430714908
8.876,-1.82691324715964
8.8765,-1.79272581616393
8.877,-1.7575522116815
8.8775,-1.72204988437165
8.878,-1.68819118559154
8.8785,-1.65203141260932
8.879,-1.61685781761825
8.8795,-1.58234167524064
8.88,-1.54683935965351
8.8805,-1.51199449658302
8.881,-1.47714963569269
8.8815,-1.44197605188341
8.882,-1.40647374518869
8.8825,-1.37195761576905
8.883,-1.33678403835687
8.8835,-1.3012817380353
8.884,-1.26676561473111
8.8845,-1.23126331851347
8.885,-1.1957610243345
8.8855,-1.16190235675927
8.886,-1.12607134158052
8.8865,-1.09089777815818
8.887,-1.05671039122359
8.8875,-1.02120810665507
8.888,-0.985705823957217
8.8885,-0.950532267916007
8.889,-0.915029988857635
8.8895,-0.880513885929829
8.89,-0.845669059897788
8.8905,-0.810166786032045
8.891,-0.774664513868176
8.8915,-0.740477142255326
8.892,-0.705303598054223
8.8925,-0.669472606061608
8.893,-0.63561396374026
8.8935,-0.600111699530928
8.894,-0.564280712208141
8.8945,-0.530422074220813
8.895,-0.494262365232889
8.8955,-0.459417556176334
8.896,-0.424901473083476
8.8965,-0.389399217562083
8.897,-0.354225687975374
8.8975,-0.319709608815973
8.898,-0.284207357257458
8.8985,-0.24870510698015
8.899,-0.214517756045663
8.8995,-0.178686783689296
8.9,-0.1431845370524
8.9005,-0.108997189543729
8.901,-0.0734949451735529
8.9015,-0.0379927019160542
8.902,-0.0041340820421433
8.9025,0.0313681591234421
8.903,0.0662129503779778
8.9035,0.101715189532612
8.904,0.136559978868147
8.9045,0.171733491708534
8.905,0.207235728055779
8.9055,0.24109434152208
8.906,0.277254024942265
8.9065,0.312427534349744
8.907,0.346943594215879
8.9075,0.382117102086567
8.908,0.417619333585154
8.9085,0.452464115652109
8.909,0.487637621402191
8.9095,0.522482402156848
8.91,0.557327182298833
8.9105,0.593158134853039
8.911,0.628660362489632
8.9115,0.662847692285169
8.912,0.698349918866835
8.9125,0.73385214495315
8.913,0.768368197644694
8.9135,0.803870422837295
8.914,0.839043923317207
8.9145,0.873559974824557
8.915,0.909062198882094
8.9155,0.944235698320422
8.916,0.978423024596086
8.9165,1.01392524777022
8.917,1.04909874641604
8.9175,1.08394352056745
8.918,1.11944574310271
8.9185,1.15494796547942
8.919,1.18913529060772
8.9195,1.22463751275577
8.92,1.2604684591076
8.9205,1.29432705974536
8.921,1.33048673031123
8.9215,1.36566022805342
8.922,1.39984755299756
8.9225,1.43534977511978
8.923,1.4705232730558
8.9235,1.50536804683028
8.924,1.5405415450324
8.9245,1.57571504340947
8.925,1.6102310934155
8.9255,1.64540459222077
8.926,1.68123553986655
8.9265,1.71608031492516
8.927,1.75092509029072
8.9275,1.78675603889235
8.928,1.82094336635432
8.9285,1.85611686711367
8.929,1.89194781692014
8.9295,1.92580642129514
8.93,1.9619660963595
8.9305,1.99681087465422
8.931,2.03165565347217
8.9315,2.06715788151299
8.932,2.10200266146911
8.9325,2.1378336150733
8.933,2.17234967192902
8.9335,2.20752317815162
8.934,2.24302540943993
8.9345,2.27688401959843
8.935,2.31304370112136
8.9355,2.34788848591539
8.936,2.38273327150314
8.9365,2.41823550671969
8.937,2.45340901840405
8.9375,2.48792508213848
8.938,2.49712936594933
8.9385,2.462284577567
8.939,2.42743979006653
8.9395,2.39226627902275
8.94,2.35742149321316
8.9405,2.32257670820466
8.941,2.28707447521851
8.9415,2.2512435186389
8.942,2.21738490899243
8.9425,2.18188267822098
8.943,2.14638044814071
8.9435,2.11252184044131
8.944,2.0770196116295
8.9445,2.04118865909254
8.945,2.00733005310893
8.9455,1.97182782601403
8.946,1.93632559944231
8.9465,1.90180954630554
8.947,1.86630732068244
8.9475,1.83113381980348
8.948,1.79694649223289
8.9485,1.76144426782394
8.949,1.72561331947467
8.9495,1.69142599291956
8.95,1.65625249377208
8.9505,1.62009282202813
8.951,1.58623422053229
8.9515,1.55073199781401
8.952,1.51490105100019
8.9525,1.48071372575006
8.953,1.44554022778211
8.9535,1.41069545419329
8.954,1.37585068067613
8.9545,1.33969101009214
8.955,1.30418878808217
8.9555,1.26967273889571
8.956,1.23449924111581
8.9565,1.19899701899128
8.957,1.16448096961279
8.9575,1.12963619583693
8.958,1.09347652478392
8.9585,1.05961792353893
8.959,1.02378697638538
8.9595,0.988284753281574
8.96,0.954426151372726
8.9605,0.918923927727752
8.961,0.883421703763846
8.9615,0.848248203753471
8.962,0.813403427678954
8.9625,0.778229926907718
8.963,0.742727701400658
8.9635,0.708540372700309
8.964,0.673366870584911
8.9645,0.637535919311563
8.965,0.603348589140109
8.9655,0.567517636756747
8.966,0.532672856788865
8.9665,0.497828076216163
8.967,0.46232584630358
8.9675,0.427152340067474
8.968,0.392636281866583
8.9685,0.357134049844392
8.969,0.321303092672576
8.9695,0.287444481021645
8.97,0.252270971036845
8.9705,0.216440011407089
8.971,0.181595224117937
8.9715,0.147079160374292
8.972,0.110919473597988
8.9725,0.0770608568912224
8.973,0.0415586170445049
8.9735,0.00638510063437431
8.974,-0.0284596923383103
8.9745,-0.0646193842559739
8.975,-0.0991354548832116
8.9755,-0.133651526581554
8.976,-0.168825048393543
8.9765,-0.204656020411473
8.977,-0.238514646485062
8.9775,-0.274016896399861
8.978,-0.30984787214179
8.9785,-0.344363950944854
8.979,-0.379866204739123
8.9795,-0.415368459891108
8.98,-0.449227093410321
8.9805,-0.485386800530437
8.981,-0.520889059885475
8.9815,-0.554090248204984
8.982,-0.590249959746207
8.9825,-0.625094774183312
8.983,-0.659610865431551
8.9835,-0.695441856975682
8.984,-0.730944125444229
8.9845,-0.76546022135927
8.985,-0.800305043594804
8.9855,-0.836136041746572
8.986,-0.870323417765297
8.9865,-0.905496969786159
8.987,-0.941327973172265
8.9875,-0.975515354265113
8.988,-1.01134636127479
8.9885,-1.04717737018191
8.989,-1.08103603174484
8.9895,-1.11653831953002
8.99,-1.1513831594344
8.9905,-1.18688545110497
8.991,-1.22173029487749
8.9915,-1.25723259054492
8.992,-1.29273488827179
8.9925,-1.3269222880558
8.993,-1.36308203996228
8.9935,-1.39858434399787
8.994,-1.43244302487017
8.9945,-1.46860278335137
8.995,-1.50344764371105
8.9955,-1.53763505598753
8.996,-1.57280864582859
8.9965,-1.60863968828048
8.997,-1.643155832346
8.9975,-1.67832942907758
8.998,-1.71416047863396
8.9985,-1.74801917910792
8.999,-1.78352150821413
8.9995,-1.81902383980071
9,-1.85321127258819
9.0005,-1.88969978517764
9.001,-1.92421594822875
9.0015,-1.95840338833333
9.002,-1.99489190881844
9.0025,-2.02973680486665
9.003,-2.06392425255237
9.0035,-2.09942660472706
9.004,-2.13492895963478
9.0045,-2.16944514066447
9.005,-2.2046187754736
9.0055,-2.24044986424409
9.006,-2.27463732779127
9.0065,-2.30981097095246
9.007,-2.34564206831604
9.0075,-2.37950081443837
9.008,-2.41566064336485
9.0085,-2.45083429811053
9.009,-2.48502177845537
9.0095,-2.48535050424156
9.01,-2.44919066931841
9.0105,-2.41500319190226
9.011,-2.37950081443837
9.0115,-2.34366971425537
9.012,-2.31013969660287
9.0125,-2.27430860216759
9.013,-2.23880623625562
9.0135,-2.20429004990188
9.014,-2.16911641511846
9.0145,-2.1336140575521
9.015,-2.09975533022289
9.0155,-2.06392425255237
9.016,-2.02809317763682
9.0165,-1.99390573255246
9.017,-1.9587321137307
9.0175,-1.92257232136142
9.018,-1.88838488377618
9.0185,-1.85255382193557
9.019,-1.81705148798034
9.0195,-1.78286405765267
9.02,-1.74801917910792
9.0205,-1.71251685245369
9.021,-1.67701452822304
9.0215,-1.64249838196202
9.022,-1.60699606242798
9.0225,-1.57149374523313
9.023,-1.53730633085945
9.0235,-1.50213274328082
9.024,-1.4663017077431
9.0245,-1.43211429980358
9.025,-1.39661199371693
9.0255,-1.36143841482759
9.026,-1.3272510130632
9.0265,-1.29109126333115
9.027,-1.25558896570025
9.0275,-1.22140156992714
9.028,-1.1862280012411
9.0285,-1.15072570960736
9.029,-1.11653831953002
9.0295,-1.08103603174484
9.03,-1.04520502101791
9.0305,-1.01134636127479
9.031,-0.975844079091528
9.0315,-0.940013073933085
9.032,-0.90582569457959
9.0325,-0.870323417765297
9.033,-0.834821142700992
9.0335,-0.800962493086547
9.034,-0.765131496628883
9.0345,-0.729957951298109
9.035,-0.695441856975682
9.0355,-0.659610865431551
9.036,-0.624437324840539
9.0365,-0.589592510431419
9.037,-0.554747697491781
9.0375,-0.519245436734941
9.038,-0.485058075913561
9.0385,-0.449227093410321
9.039,-0.413396112346563
9.0395,-0.379537480160771
9.04,-0.34370650181314
9.0405,-0.308861698479906
9.041,-0.274345620942014
9.0415,-0.238185921954674
9.042,-0.203998571372541
9.0425,-0.168825048393543
9.043,-0.133651526581554
9.0435,-0.0978205569350956
9.044,-0.0636332108249608
9.0445,-0.028788416805213
9.045,0.00671382509152801
9.0455,0.0405724437009912
9.046,0.0767321324527923
9.0465,0.112234371316306
9.047,0.146092987111594
9.0475,0.181923948530373
9.048,0.217097460215626
9.0485,0.251942246640562
9.049,0.286787032244386
9.0495,0.321960541435243
9.05,0.357791498592437
9.0505,0.392307557499444
9.051,0.427481064428015
9.0515,0.463312019365814
9.052,0.497499351868172
9.0525,0.533330305473018
9.053,0.568503809766169
9.0535,0.603348589140109
9.054,0.638522092289671
9.0545,0.674024319227135
9.055,0.708540372700309
9.0555,0.744042598649686
9.056,0.779216099832179
9.0565,0.813732151983317
9.057,0.848905652355089
9.0575,0.884407876656291
9.058,0.918595203433297
9.0585,0.954097427081093
9.059,0.989928374727162
9.0595,1.02378697638538
9.06,1.05961792353893
9.0605,1.09446269763315
9.061,1.12930747155538
9.0615,1.16448096961279
9.062,1.19965446754992
9.0625,1.23449924111581
9.063,1.26967273889571
9.0635,1.30550368519367
9.064,1.33969101009214
9.0645,1.37519323211972
9.065,1.41135290275082
9.0655,1.44455405494346
9.066,1.48071372575006
9.0665,1.51621594812796
9.067,1.55040327353049
9.0675,1.58524804767624
9.068,1.62075027060296
9.0685,1.65526632090275
9.069,1.69043982004239
9.0695,1.7259420437699
9.07,1.76078681922721
9.0705,1.7956315950259
9.071,1.83179126841425
9.0715,1.86564987206402
9.072,1.90082337336539
9.0725,1.93698304807794
9.073,1.97149910169156
9.0735,2.00700132878149
9.074,2.04184610775754
9.0745,2.07636216295362
9.075,2.11186439175392
9.0755,2.14736662118941
9.076,2.18188267822098
9.0765,2.21672746026799
9.077,2.25222969174546
9.0775,2.28740319959441
9.078,2.32191925943844
9.0785,2.35775021760381
9.079,2.39292372781948
9.0795,2.42711106566026
9.08,2.46294202639615
9.0805,2.49811553921853
9.081,2.48792508213848
9.0815,2.45209412075512
9.082,2.41659188469971
9.0825,2.38273327150314
9.083,2.34624486397351
9.0835,2.31140007921627
9.084,2.27721274397228
9.0845,2.24138178760491
9.085,2.20620828071034
9.0855,2.172020947575
9.086,2.1365187176817
9.0865,2.10134521278518
9.087,2.06682915717658
9.0875,2.03132692914117
9.088,1.99549597735075
9.0885,1.9619660963595
9.089,1.92613514561159
9.0895,1.89030419535937
9.09,1.85677431572993
9.0905,1.82094336635432
9.091,1.78576986599007
9.0915,1.75125381458817
9.092,1.71575159063077
9.0925,1.68090681557492
9.093,1.64540459222077
9.0935,1.6102310934155
9.094,1.57472887055514
9.0945,1.54087026931544
9.095,1.50536804683028
9.0955,1.46986582449524
9.096,1.4360072236784
9.0965,1.40017627727612
9.097,1.36434533094106
9.0975,1.33048673031123
9.098,1.29465578402328
9.0985,1.2598110105512
9.099,1.22496623703453
9.0995,1.18913529060772
9.1,1.15396179263751
9.1005,1.11944574310271
9.101,1.084272244851
9.1015,1.04877002213065
9.102,1.01425397205769
9.1025,0.979080473175763
9.103,0.942920801150604
9.1035,0.909062198882094
9.104,0.873888699122971
9.1045,0.838057750411805
9.105,0.80419914714267
9.1055,0.768368197644694
9.106,0.733194696326253
9.1065,0.69802119454895
9.107,0.662518967962565
9.1075,0.627674189507299
9.108,0.592171961854993
9.1085,0.557984630975042
9.109,0.522482402156848
9.1095,0.486651448352785
9.11,0.452792840008015
9.1105,0.416961884860329
9.111,0.381788377717387
9.1115,0.347272318591987
9.112,0.311770085583096
9.1125,0.276267851769665
9.113,0.242080514717979
9.1135,0.206578279242692
9.114,0.170747318463714
9.1145,0.136888703291466
9.115,0.1013864651005
9.1155,0.0658842259367277
9.116,0.0316968835738281
9.1165,-0.00380535758210108
9.117,-0.0396363242649308
9.1175,-0.0738236696533146
9.118,-0.109325914033926
9.1185,-0.144170710554183
9.119,-0.179015508200742
9.1195,-0.214846480568428
9.12,-0.250020005116053
9.1205,-0.284536081803005
9.121,-0.319709608815973
9.1215,-0.35521186168409
9.122,-0.389727942143938
9.1225,-0.425230197678105
9.123,-0.460732454606271
9.1235,-0.494919814473705
9.124,-0.530422074220813
9.1245,-0.565924335446053
9.125,-0.600440424192453
9.1255,-0.63561396374026
9.126,-0.670787504821535
9.1265,-0.705303598054223
9.127,-0.740477142255326
9.1275,-0.776636862277559
9.128,-0.810495510782211
9.1285,-0.845997784663845
9.129,-0.881500060276009
9.1295,-0.916016163251678
9.13,-0.95118971754522
9.1305,-0.986691998451594
9.131,-1.02087938180674
9.1315,-1.05671039122359
9.132,-1.09254140257484
9.1325,-1.12640006648132
9.133,-1.16190235675927
9.1335,-1.1974046490204
9.134,-1.23192076842481
9.1345,-1.26742306468047
9.135,-1.30193918802213
9.1355,-1.33777021339598
9.136,-1.37261506583416
9.1365,-1.40778864539762
9.137,-1.44361967724659
9.1375,-1.47747836078533
9.138,-1.5133093970365
9.1385,-1.54881171045909
9.139,-1.58267040039576
9.1395,-1.61883016867802
9.14,-1.65367503860028
9.1405,-1.68851991081186
9.141,-1.7233647853396
9.1415,-1.75853838747508
9.142,-1.7937119920256
9.1425,-1.8282281483982
9.143,-1.86405920848221
9.1435,-1.89824664437294
9.144,-1.93374898416892
9.1445,-1.96958005197022
9.145,-2.00343876987602
9.1455,-2.0399272938198
9.146,-2.0744434677283
9.1465,-2.10863091869882
9.147,-2.14511945090416
9.1475,-2.17996435826312
9.148,-2.21448054273767
9.1485,-2.24998290669756
9.149,-2.28482782224751
9.1495,-2.31901528925803
9.15,-2.35517511307018
9.1505,-2.39100621421717
9.151,-2.42486496394862
9.1515,-2.46069607099897
9.152,-2.49619845533244
9.1525,-2.47516000499065
9.153,-2.43932889670124
9.1535,-2.40415524291731
9.154,-2.36963904344662
9.1545,-2.33413666975613
9.155,-2.29830557334468
9.1555,-2.26444683357175
9.156,-2.22861574286311
9.1565,-2.19278465504361
9.157,-2.15892592331068
9.1575,-2.12309484102679
9.158,-2.08792121252064
9.1585,-2.0534050376139
9.159,-2.01790268893977
9.1595,-1.98305779376136
9.16,-1.94821290112604
9.1605,-1.91271056027402
9.161,-1.87720822200568
9.1615,-1.84302078757012
9.162,-1.8081759048844
9.1625,-1.77201612351127
9.163,-1.73848614671114
9.1635,-1.70265509548106
9.164,-1.66715277191859
9.1645,-1.63197917592861
9.165,-1.59713430741821
9.1655,-1.56196071601072
9.166,-1.52645840174231
9.1665,-1.49227099015264
9.167,-1.45643995524207
9.1675,-1.42093764765155
9.168,-1.38675024241268
9.1685,-1.35157666411583
9.169,-1.3160743629131
9.1695,-1.28122951378115
9.17,-1.2457272167248
9.1705,-1.21022492171869
9.171,-1.17603752843885
9.1715,-1.14086396228291
9.172,-1.10569039805708
9.1725,-1.07117428547954
9.173,-1.03600072499632
9.1735,-1.0001697166842
9.174,-0.965653609545673
9.1745,-0.930480054523012
9.175,-0.894977776476744
9.1755,-0.860790399290309
9.176,-0.824630675177708
9.1765,-0.789457127064785
9.177,-0.755269754783589
9.1775,-0.719767485195421
9.178,-0.684265217236825
9.1785,-0.650077849605161
9.179,-0.614575584762778
9.1795,-0.579402046118988
9.18,-0.544557233604029
9.1805,-0.509383697897768
9.181,-0.474210163625877
9.1815,-0.439694079960439
9.182,-0.404849273036183
9.1825,-0.369018293714804
9.183,-0.334502214016906
9.1835,-0.298999961916174
9.184,-0.263497711108481
9.1845,-0.22963908420195
9.185,-0.193479386806266
9.1855,-0.158305864179174
9.186,-0.123461067205257
9.1865,-0.0882875468576089
9.187,-0.0531140276137412
9.1875,-0.0182692339100009
9.188,0.016246834309973
9.1885,0.0517490748814755
9.189,0.0859364166967517
9.1895,0.121438655307579
9.19,0.156940892961638
9.1905,0.190799507636778
9.191,0.226959192307552
9.1915,0.262461427285504
9.192,0.296648763873682
9.1925,0.331822272842583
9.193,0.367653229781632
9.1935,0.402826737216525
9.194,0.437342795215937
9.1945,0.47284502560698
9.195,0.508018530976111
9.1955,0.542205862688102
9.196,0.57836553983506
9.1965,0.613210319050512
9.197,0.647726373398547
9.1975,0.683228600199816
9.198,0.718730826493643
9.1985,0.753246879375338
9.199,0.788749104751597
9.1995,0.824251329704809
9.2,0.858438657064203
9.2005,0.893612156972964
9.201,0.929443105136011
9.2015,0.963959155819327
9.202,0.999132654812154
9.2025,1.03463487784112
9.203,1.06915092779088
9.2035,1.10399570183538
9.204,1.1394979242776
9.2045,1.1736852494573
9.205,1.20951619592568
9.2055,1.24501841802754
9.206,1.27986319151527
9.2065,1.31536541352958
9.207,1.35053891126406
9.2075,1.38505496046766
9.208,1.42055718255905
9.2085,1.45605940473271
9.209,1.4902467298931
9.2095,1.52574895231085
9.21,1.56125117489501
9.2105,1.59576722481612
9.211,1.63126944781171
9.2115,1.66644294676755
9.212,1.70095899741078
9.2125,1.73646122123207
9.213,1.77163472108894
9.2135,1.80615077269664
9.214,1.84165299759293
9.2145,1.8771552229083
9.215,1.91167127572698
9.2155,1.94684477763292
9.216,1.98234700435669
9.2165,2.01653433429651
9.217,2.05203656209064
9.2175,2.08819623915156
9.218,2.12172612208774
9.2185,2.15788580040757
9.219,2.19273058199317
9.2195,2.22691791552466
9.22,2.26242014721377
9.2205,2.29726493090247
9.221,2.33276716411641
9.2215,2.36826939814222
9.222,2.40278545980598
9.2225,2.43861641992508
9.223,2.47313248328834
9.2235,2.50863472080212
9.224,2.47740590071737
9.2245,2.44223238842771
9.225,2.40673015261929
9.2255,2.37155664207557
9.226,2.33704058113153
9.2265,2.30186707220022
9.227,2.26570739092647
9.2275,2.23217750535796
9.228,2.19667527429012
9.2285,2.16117304392531
9.229,2.12698571161936
9.2295,2.0911547582117
9.23,2.0559812541035
9.2305,2.02146519923385
9.231,1.98662042057169
9.2315,1.95111819378543
9.232,1.91627341613617
9.2325,1.88109991463711
9.233,1.84526896496652
9.2335,1.81108163724157
9.234,1.77590813698313
9.2345,1.73941973989857
9.235,1.70588986181142
9.2355,1.67005891396498
9.236,1.63521413927063
9.2365,1.60036936482092
9.237,1.56519586630476
9.2375,1.52969364370035
9.238,1.49517759410889
9.2385,1.46000409609165
9.239,1.42417314962805
9.2395,1.38965710036475
9.24,1.35481232687786
9.2405,1.31865265630815
9.241,1.28512277996306
9.2415,1.24863438508973
9.242,1.21346088727409
9.2425,1.17927356221623
9.243,1.14344261565075
9.2435,1.10859784179063
9.244,1.07473924062153
9.2445,1.03857956927429
9.245,1.00340607056005
9.2455,0.968561295889661
9.246,0.933716520950287
9.2465,0.897885572826497
9.247,0.863698245857859
9.2475,0.828524745644227
9.248,0.792693796433437
9.2485,0.758177744037281
9.249,0.72300424258874
9.2495,0.68750201635408
9.25,0.652985962587416
9.2505,0.618141183989372
9.251,0.581981507515523
9.2515,0.547465452130572
9.252,0.511963223126891
9.2525,0.476789717830422
9.253,0.44128748751586
9.2535,0.407100153958198
9.254,0.371926646612039
9.2545,0.336424414145149
9.255,0.302237078435607
9.2555,0.266406120008216
9.256,0.230575160724361
9.2565,0.196716547009725
9.257,0.160885585976485
9.2575,0.126040797279069
9.258,0.0911960076635376
9.2585,0.0556937682152894
9.259,0.020848976664396
9.2595,-0.013995815885658
9.26,-0.0491693339343886
9.2605,-0.0846715775391122
9.261,-0.119187648785434
9.2615,-0.154361170125545
9.262,-0.1901921416511
9.2625,-0.224379491774411
9.263,-0.259881741190248
9.2635,-0.295383991867837
9.264,-0.329242621030397
9.2645,-0.365073598828141
9.265,-0.40024712882523
9.2655,-0.435091935572664
9.266,-0.469936743670542
9.2665,-0.505110277770046
9.267,-0.539955088662729
9.2675,-0.574799900986649
9.268,-0.610959613430842
9.2685,-0.645146979394694
9.269,-0.680649245590624
9.2695,-0.715822788675624
9.27,-0.750010159185114
9.2705,-0.786169879662547
9.271,-0.821343427619699
9.2715,-0.856188252485312
9.272,-0.891690528599449
9.2725,-0.92620663207096
9.273,-0.961380186877713
9.2735,-0.996882468310208
9.274,-1.03205602674012
9.2745,-1.06722958701473
9.275,-1.10207442427302
9.2755,-1.13790543811518
9.276,-1.17143537948529
9.2765,-1.20693767228379
9.277,-1.24276869206304
9.2775,-1.2772848140061
9.278,-1.31278711290872
9.2785,-1.34796068889616
9.279,-1.38247681689937
9.2795,-1.41830784717677
9.28,-1.45348142952517
9.2805,-1.48832628894996
9.281,-1.52349987565635
9.2815,-1.55900218973411
9.282,-1.59417578095038
9.2825,-1.6283631989025
9.283,-1.66452297026854
9.2835,-1.6993678431983
9.284,-1.73355526795442
9.2845,-1.76905759605824
9.285,-1.80488865192557
9.2855,-1.83907608374812
9.286,-1.87392096859201
9.2865,-1.90942330662255
9.287,-1.94328202029659
9.2875,-1.97944181421914
9.288,-2.01527288544075
9.2885,-2.04946033207303
9.289,-2.0846339576571
9.2895,-2.12079376244411
9.29,-2.15465249133047
9.2905,-2.19048357610737
9.291,-2.22532848697993
9.2915,-2.25984467496938
9.292,-2.29534704258038
9.2925,-2.33052068741499
9.293,-2.36569433511367
9.2935,-2.40053925998413
9.294,-2.4357129134664
9.2945,-2.47088656989534
9.295,-2.49948571329496
9.2955,-2.46431205444979
9.296,-2.42979585005837
9.2965,-2.394293471354
9.297,-2.35846236993103
9.2975,-2.32460362546748
9.298,-2.28877252984265
9.2985,-2.25294143715596
9.299,-2.21908270086879
9.2995,-2.18358033936935
9.3,-2.14807798067024
9.3005,-2.11356180125943
9.301,-2.07773072251958
9.3015,-2.0425570974565
9.302,-2.0083696513254
9.3025,-1.9731960314379
9.303,-1.9376936887507
9.3035,-1.9031775247457
9.304,-1.8676751871663
9.3045,-1.83217285213458
9.305,-1.79798542078172
9.3055,-1.76248309066842
9.306,-1.72665203777406
9.3065,-1.69213588824903
9.307,-1.65761974099939
9.3075,-1.62145997010232
9.308,-1.58760127774642
9.3085,-1.55177023668074
9.309,-1.51626792306817
9.3095,-1.48142306191191
9.31,-1.44657820291224
9.3105,-1.41173334604233
9.311,-1.37590231617075
9.3115,-1.3413861885534
9.312,-1.30555516296255
9.3125,-1.27005286448501
9.313,-1.23619419286558
9.3135,-1.20036317346591
9.314,-1.16486088103822
9.3145,-1.1313309400135
9.315,-1.09517120165008
9.3155,-1.06032636475795
9.316,-1.02548152969798
9.3165,-0.989979246776459
9.317,-0.954805690517021
9.3175,-0.920289585641805
9.318,-0.885444757674306
9.3185,-0.849613757100268
9.319,-0.81476893254766
9.3195,-0.779595384901329
9.32,-0.74343566473805
9.3205,-0.709905743933564
9.321,-0.674403476422587
9.3215,-0.6379150364741
9.322,-0.604385120141026
9.3225,-0.568882857282434
9.323,-0.534038045203447
9.3235,-0.499193234551138
9.324,-0.463690976080765
9.3245,-0.428846168226922
9.325,-0.394001361718712
9.3255,-0.358499107387273
9.326,-0.32299685439646
9.3265,-0.288809500905127
9.327,-0.253307250463338
9.3275,-0.217805001278042
9.328,-0.18328892685888
9.3285,-0.148444129072342
9.329,-0.11261315894128
9.3295,-0.0780970878989069
9.33,-0.0425948444987742
9.3305,-0.00709260218660472
9.331,0.0264372923570552
9.3315,0.0619395326350254
9.332,0.0974417719086398
9.3325,0.131957836933174
9.333,0.16680262547735
9.3335,0.202633586357768
9.334,0.236820924332165
9.3345,0.272323159072832
9.335,0.308154117361596
9.3355,0.341684004189081
9.336,0.377186236542116
9.3365,0.413017192506181
9.337,0.446875801592613
9.3375,0.482706756150028
9.338,0.518208985682704
9.3385,0.552725041559521
9.339,0.588555994191656
9.3395,0.623400773245596
9.34,0.659231724734051
9.3405,0.693419054094092
9.341,0.729250004561499
9.3415,0.764423505930026
9.342,0.798610833946489
9.3425,0.834770507391654
9.343,0.869944007539982
9.3435,0.903802610154138
9.344,0.939633558224258
9.3445,0.975135781696301
9.345,1.0096518320312
9.3455,1.04449660641889
9.346,1.07999882916362
9.3465,1.11451487887183
9.347,1.14968837698807
9.3475,1.18519059925211
9.348,1.21970664857364
9.3485,1.25520887065591
9.349,1.29103981696614
9.3495,1.32489841758748
9.35,1.36072936388232
9.3505,1.39623158593372
9.351,1.43041891093115
9.3515,1.46624985741286
9.352,1.50142335545283
9.3525,1.53561068078854
9.353,1.57045545485489
9.3535,1.60628640197553
9.354,1.64113117646489
9.3545,1.67630467549471
9.355,1.71180689910012
9.3555,1.74599422583254
9.356,1.78149645008356
9.3565,1.81699867470553
9.357,1.85151472680395
9.3575,1.88701695224077
9.358,1.92251917813294
9.3585,1.95670650722672
9.359,1.99253745842065
9.3595,2.0277109615034
9.36,2.06222701647212
9.3605,2.09772924502743
9.361,2.13323147420662
9.3615,2.16741880662497
9.362,2.20259231275184
9.3625,2.23809454393961
9.363,2.27162442962574
9.3635,2.30811283541118
9.364,2.34328634448258
9.3645,2.37813112996397
9.365,2.4133046406654
9.3655,2.44814942781579
9.366,2.48299421583715
9.3665,2.50271768115111
9.367,2.46688671937769
9.3675,2.4323706561697
9.368,2.39719714500545
9.3685,2.36202363468869
9.369,2.32652140080777
9.3695,2.29167661648719
9.37,2.25650310854721
9.3705,2.22132960134427
9.371,2.18747099227733
9.3715,2.15164003773972
9.372,2.11580908388153
9.3725,2.08096430368919
9.373,2.04611952408493
9.3735,2.0112747450419
9.374,1.97642996653325
9.3745,1.94092773989531
9.375,1.90575423806976
9.3755,1.87156690963527
9.376,1.83606468438775
9.3765,1.80023373525268
9.377,1.76604640800447
9.3775,1.73120163249736
9.378,1.6947132358451
9.3785,1.66085463383175
9.379,1.62535241062913
9.3795,1.58952146338701
9.38,1.55566286206864
9.3805,1.51950319094832
9.381,1.48465841711842
9.3815,1.45014236769685
9.382,1.41464014553887
9.3825,1.37913792345843
9.383,1.34462187426094
9.3835,1.30977710080595
9.384,1.27394615451071
9.3845,1.23943010529387
9.385,1.20392788318027
9.3855,1.1684256609757
9.386,1.13423833577732
9.3865,1.09873611331157
9.387,1.06290516638608
9.3875,1.02904656497267
9.388,0.993215617616656
9.3885,0.958042118579045
9.389,0.924183516435335
9.3895,0.88769511962918
9.39,0.85350779256283
9.3905,0.818663016544627
9.391,0.783160791526708
9.3915,0.747987290392998
9.392,0.713142513128035
9.3925,0.677969011076778
9.393,0.642138059872485
9.3935,0.608279454100783
9.394,0.572448501799239
9.3945,0.53694627323202
9.395,0.503087665776388
9.3955,0.466927987256164
9.396,0.432083205469178
9.3965,0.396909698633618
9.397,0.361407466701988
9.3975,0.326562682766278
9.398,0.291389173679271
9.3985,0.257201836972341
9.399,0.221370877463764
9.3995,0.185868641473536
9.4,0.151352577837643
9.4005,0.116179064463329
9.401,0.0806768257083436
9.4015,0.0468182081966254
9.402,0.0106585185703672
9.4025,-0.0248437232084687
9.403,-0.0590310681581613
9.4035,-0.0942045875857799
9.404,-0.129706832618131
9.4045,-0.163894180780107
9.405,-0.199396428111692
9.4055,-0.235556125715403
9.406,-0.269414752821174
9.4065,-0.305245728394915
9.407,-0.340747980726062
9.4075,-0.37493533607604
9.408,-0.410766315627149
9.4085,-0.445939847381638
9.409,-0.480127206675247
9.4095,-0.514972016558284
9.41,-0.550474277136772
9.4105,-0.58531908989804
9.411,-0.620821353464809
9.4115,-0.656323618582012
9.412,-0.690839711181583
9.4125,-0.72601325472626
9.413,-0.761186799875375
9.4135,-0.795374172425238
9.414,-0.831205170337819
9.4145,-0.867036170001076
9.415,-0.900566097902979
9.4155,-0.936397101038105
9.416,-0.971899381184918
9.4165,-1.00641548863859
9.417,-1.04191777242422
9.4175,-1.07709133322099
9.418,-1.11127872121746
9.4185,-1.1464522857481
9.419,-1.18195457714269
9.4195,-1.21679942064051
9.42,-1.25230171602415
9.4205,-1.2878040134633
9.421,-1.3219914129665
9.4215,-1.35749371452308
9.422,-1.3936534683081
9.4225,-1.4275121488911
9.423,-1.46301445689036
9.4235,-1.49851676711365
9.424,-1.53270417908679
9.4245,-1.56820649375833
9.425,-1.60338008557014
9.4255,-1.63822495448592
9.426,-1.67372727610105
9.4265,-1.7095583253423
9.427,-1.74440320128147
9.4275,-1.77891935430178
9.428,-1.81442168556523
9.4285,-1.84926656868548
9.429,-1.88444017959292
9.4295,-1.91961379301423
9.43,-1.95478740897703
9.4305,-1.98930357667153
9.431,-2.02447719775137
9.4315,-2.05997954692266
9.432,-2.09515317330265
9.4325,-2.13032680236194
9.433,-2.16550043412815
9.4335,-2.19968789192312
9.434,-2.23519025470246
9.4345,-2.27102134594438
9.435,-2.30488008622616
9.4355,-2.34071118318131
9.436,-2.37588483171494
9.4365,-2.41072975742042
9.437,-2.44623213750888
9.4375,-2.48140579482442
9.438,-2.48995266527569
9.4385,-2.45445028147592
9.439,-2.41861917495915
9.4395,-2.38476042572723
9.44,-2.34892932510392
9.4405,-2.31342695312065
9.441,-2.2785820352946
9.4415,-2.2434083946387
9.442,-2.20823475677849
9.4425,-2.17404729833371
9.443,-2.13854494038171
9.4435,-2.10238513419793
9.444,-2.06852640916258
9.4445,-2.03302405934353
9.445,-1.9975217122044
9.4455,-1.96366299471829
9.446,-1.92783192735643
9.4465,-1.89200086263865
9.447,-1.85847087784052
9.4475,-1.82198236754577
9.448,-1.78746621160074
9.4485,-1.75327878326455
9.449,-1.7174477310101
9.4495,-1.68227413166094
9.45,-1.64808671025177
9.4505,-1.61225566517363
9.451,-1.57675334763402
9.4515,-1.54256593293233
9.452,-1.50706361991013
9.4525,-1.47156130914719
9.453,-1.43704517582224
9.4535,-1.40187159448099
9.454,-1.36636929024543
9.4545,-1.3318531631859
9.455,-1.29635086315695
9.4555,-1.26084856521872
9.456,-1.22534626934283
9.4565,-1.19115887523686
9.457,-1.1563140331588
9.4575,-1.12015429339469
9.458,-1.08629562981349
9.4585,-1.05112206852741
9.459,-1.01496233456417
9.4595,-0.981103676335576
9.46,-0.945272670904683
9.4605,-0.909441667317396
9.461,-0.875254289439767
9.4615,-0.840080738897497
9.462,-0.804578465301525
9.4625,-0.769733642867305
9.463,-0.734560097324157
9.4635,-0.699386553392156
9.464,-0.665199185106896
9.4645,-0.629696919597648
9.465,-0.593537206328001
9.4655,-0.560336016450309
9.466,-0.524505030827748
9.4665,-0.488674046705997
9.467,-0.455144136292497
9.4675,-0.418984430400557
9.468,-0.383810899688444
9.4685,-0.349294819447254
9.469,-0.314121291354902
9.4695,-0.278619039999941
9.47,-0.243774238985809
9.4705,-0.208929439174718
9.471,-0.172769742500802
9.4715,-0.13858239405599
9.472,-0.103408873225331
9.4725,-0.067577904554134
9.473,-0.0337192838198444
9.4735,0.0021116826831855
9.474,0.0369564747680266
9.4745,0.0708150925464782
9.475,0.106974780435085
9.4755,0.14181956963154
9.476,0.176335633508353
9.4765,0.212166594144231
9.477,0.247340105084912
9.4775,0.281856166405918
9.478,0.317029675708568
9.4785,0.352531908600684
9.479,0.387047967616584
9.4795,0.422221474652031
9.48,0.45838115404936
9.4805,0.492239762292653
9.481,0.527413267307874
9.4815,0.563244220377227
9.482,0.597760275504684
9.4825,0.633591227394928
9.483,0.668764730084385
9.4835,0.70360950794723
9.484,0.738783009649785
9.4845,0.774285235206537
9.485,0.809787460328674
9.4855,0.843974787839803
9.486,0.87881956359555
9.4865,0.914979236192476
9.487,0.9491665627036
9.4875,0.984668786099288
9.488,1.02017100922863
9.4885,1.0540296106947
9.489,1.08986055766888
9.4895,1.12503405589402
9.49,1.16020755396792
9.4905,1.19505232763877
9.491,1.23088327405109
9.4915,1.26539932328016
9.492,1.30057282102547
9.4925,1.33640376731314
9.493,1.37059109222526
9.4935,1.40609331429127
9.494,1.44159553642798
9.4945,1.47578286154186
9.495,1.51161380818173
9.4955,1.54678730641289
9.496,1.58097463196857
9.4965,1.61647685486803
9.497,1.65165035371697
9.4975,1.68649512853604
9.498,1.72133990363926
9.4985,1.75684212764936
9.499,1.79168690340807
9.4995,1.82751785244671
9.5,1.86269135328297
9.5005,1.89654995729554
9.501,1.93270963194936
9.5015,1.9685405827914
9.502,2.00207046387557
9.5025,2.03790141577049
9.503,2.07274619523996
9.5035,2.10759097529119
9.504,2.14309320464872
9.5045,2.17826671031129
9.505,2.21245404356512
9.5055,2.24795627495453
9.506,2.28345850708798
9.5065,2.3173171180826
9.507,2.35249062736204
9.5075,2.38799286185116
9.508,2.42283764838568
9.5085,2.45866860901225
9.509,2.49384212172392
9.5095,2.49252722403601
9.51,2.45735371135832
9.5105,2.42152275076532
9.511,2.38700668865948
9.5115,2.35216190297253
9.512,2.31600222055484
9.5125,2.28148616083834
9.513,2.24631265311474
9.5135,2.21146787048132
9.514,2.17596563982703
9.5145,2.14177830725351
9.515,2.10594735357719
9.5155,2.07011640054306
9.516,2.03658651844305
9.5165,2.00141301522224
9.517,1.96525333957323
9.5175,1.93139473468046
9.518,1.8955637843573
9.5185,1.86039028312202
9.519,1.82554550661754
9.5195,1.78971455760091
9.52,1.75552723045772
9.5205,1.72035373075483
9.521,1.68518023136806
9.5215,1.65000673226981
9.522,1.61516195771952
9.5225,1.57965973482836
9.523,1.54481496071318
9.5235,1.51029891105471
9.524,1.47479668870052
9.5245,1.43896574219258
9.525,1.40510714145528
9.5255,1.36894747083456
9.526,1.33410269736791
9.5265,1.2995866481918
9.527,1.26408442616756
9.5275,1.22858220410044
9.528,1.193737430521
9.5285,1.15889265684606
9.529,1.123719158767
9.5295,1.08887438481899
9.53,1.05337216212445
9.5305,1.01754121493126
9.531,0.984011337520394
9.5315,0.947851665535312
9.532,0.912678166128398
9.5325,0.878490839297589
9.533,0.842988614935871
9.5335,0.807815114499475
9.534,0.773627786589153
9.5345,0.737796836711175
9.535,0.701965886360769
9.5355,0.668107281440742
9.536,0.632276330087884
9.5365,0.597431551172745
9.537,0.56258677170268
9.5375,0.527084542964853
9.538,0.491253589245633
9.5385,0.4577237053395
9.539,0.422221474652031
9.5395,0.386390518880079
9.54,0.352531908600684
9.5405,0.316372226943846
9.541,0.28119871762625
9.5415,0.24701138068753
9.542,0.211180420927907
9.5425,0.176006909094589
9.543,0.140833396364979
9.5435,0.10631733157344
9.544,0.0711438169864434
9.5445,0.0346554036233366
9.545,0.001125509307671
9.5455,-0.035034181693931
9.546,-0.069878975902466
9.5465,-0.104066322202503
9.547,-0.139897292052965
9.5475,-0.174742089559948
9.548,-0.209915612737977
9.5485,-0.245417861647909
9.549,-0.280262662719452
9.5495,-0.31510746502215
9.55,-0.349952268582849
9.5505,-0.38611197174997
9.551,-0.41997060417836
9.5515,-0.456130310110019
9.552,-0.491303843655363
9.5525,-0.525819929355998
9.553,-0.560664741096086
9.5535,-0.595838278943053
9.554,-0.630683093618408
9.5545,-0.665856634483047
9.555,-0.701687626310961
9.5555,-0.735874996193805
9.556,-0.77137726653068
9.5565,-0.807208263287112
9.557,-0.841395637952538
9.5575,-0.876897913338772
9.558,-0.912071465683769
9.5585,-0.946587570153787
9.559,-0.982089850823325
9.5595,-1.01726340848567
9.56,-1.05210824311744
9.5605,-1.08695307957504
9.561,-1.12311281748083
9.5615,-1.15664275807512
9.562,-1.19214505004066
9.5625,-1.22797606896724
9.563,-1.26216346510541
9.5635,-1.29766576312056
9.564,-1.33349678823834
9.5645,-1.36735546533397
9.565,-1.40351521972954
9.5655,-1.43836007610106
9.566,-1.47287620950586
9.5665,-1.50837852035197
9.567,-1.54420955859039
9.5675,-1.57806824824218
9.568,-1.61357056586807
9.5685,-1.64940161103436
9.569,-1.68326030731141
9.5695,-1.71942008244576
9.57,-1.75426495904992
9.5705,-1.78976728859043
9.571,-1.82428344469288
9.5715,-1.85978577916231
9.572,-1.89495939081866
9.5725,-1.92914682886408
9.573,-1.96497789632352
9.5735,-2.00080896645731
9.574,-2.03466768659059
9.5745,-2.07049876200945
9.575,-2.10567238918784
9.5755,-2.14018856800343
9.576,-2.1756909260841
9.5765,-2.21053583580592
9.577,-2.24505202264425
9.5775,-2.28055438905958
9.578,-2.31638548400794
9.5785,-2.35057295350729
9.579,-2.38574660285112
9.5795,-2.42223515804703
9.58,-2.45576518452564
9.5805,-2.4912675684377
9.581,-2.47844726278619
9.5815,-2.44393105722703
9.582,-2.40941485451162
9.5825,-2.37292630041856
9.583,-2.33939628048826
9.5835,-2.30356518364192
9.584,-2.26773408974577
9.5845,-2.23354662673349
9.585,-2.19804426408503
9.5855,-2.16254190424847
9.586,-2.1290119002925
9.5865,-2.09285209485973
9.587,-2.05800719412031
9.5875,-2.02316229598172
9.588,-1.98798867499944
9.5885,-1.95215760582588
9.589,-1.91797016616245
9.5895,-1.88246782751314
9.59,-1.84663676610105
9.5905,-1.81310678436283
9.591,-1.77727572791461
9.5915,-1.74177339924182
9.592,-1.70758597394404
9.5925,-1.67208365004775
9.593,-1.63723877891938
9.5935,-1.60206518490057
9.594,-1.56689159317396
9.5945,-1.53138927858736
9.595,-1.49687314159084
9.5955,-1.46137083147115
9.596,-1.42586852357416
9.5965,-1.39168111804391
9.597,-1.35650753945108
9.5975,-1.32034778794579
9.598,-1.28648911352116
9.5985,-1.25131554112476
9.599,-1.21515579590355
9.5995,-1.18129712728397
9.6,-1.1454661110154
9.6005,-1.11062127143139
9.601,-1.07511898396793
9.6015,-1.04060287299127
9.602,-1.005100589275
9.6025,-0.969927032240094
9.603,-0.935082201808206
9.6035,-0.899579923530452
9.604,-0.864077647026086
9.6045,-0.829890271301088
9.605,-0.794387998195239
9.6055,-0.759214451506321
9.606,-0.724698355873464
9.6065,-0.68952481238823
9.607,-0.65402254579539
9.6075,-0.619506454786715
9.608,-0.584004191276824
9.6085,-0.548830653929075
9.609,-0.51398584267438
9.6095,-0.479141032830915
9.61,-0.4433100505674
9.6105,-0.409451417270287
9.611,-0.373620437770298
9.6115,-0.338118184211949
9.612,-0.30425955473771
9.6125,-0.268099854659755
9.613,-0.232597604954371
9.6135,-0.19841025455845
9.614,-0.162908007260165
9.6145,-0.12740576114607
9.615,-0.09321841412891
9.6155,-0.0580448947319708
9.616,-0.0222139274846729
9.6165,0.0113159674822513
9.617,0.0471469326428912
9.6175,0.0823204478945494
9.618,0.116507788891712
9.6185,0.152010026676957
9.619,0.187512263529886
9.6195,0.221370877463764
9.62,0.257530561367458
9.6205,0.292704071229559
9.621,0.327220131526766
9.6215,0.362064915448326
9.622,0.39822459609825
9.6225,0.432411929828805
9.623,0.467585435962742
9.6235,0.503087665776388
9.624,0.537932446256076
9.6245,0.572448501799239
9.625,0.608608178431105
9.6255,0.642466784197917
9.626,0.678955184038201
9.6265,0.714457410391605
9.627,0.748316014704687
9.6275,0.784146964449513
9.628,0.81899174084844
9.6285,0.853836516863143
9.629,0.889010016817508
9.6295,0.924183516435335
9.63,0.960014464326687
9.6305,0.993873066194288
9.631,1.03003273783222
9.6315,1.06553496066255
9.632,1.09939356187725
9.6325,1.13456706005868
9.633,1.1703980066566
9.6335,1.20524278029704
9.634,1.24041627812933
9.6345,1.27657594873507
9.635,1.31043454936168
9.6355,1.34527932281681
9.636,1.3814389934063
9.6365,1.41529759409656
9.637,1.45145726481567
9.6375,1.48695948708406
9.638,1.52114681235902
9.6385,1.55664903492001
9.639,1.59182253338642
9.6395,1.62633858349241
9.64,1.6621695309925
9.6405,1.6973430301874
9.641,1.73120163249736
9.6415,1.76637513230331
9.642,1.8025348053685
9.6425,1.83672213299959
9.643,1.87189563394514
9.6435,1.90772658395404
9.644,1.94191391285061
9.6445,1.97708741517957
9.645,2.01291836668265
9.6455,2.04710569708475
9.646,2.08260792538295
9.6465,2.11811015429294
9.647,2.15229748644063
9.6475,2.18779971663412
9.648,2.22363067188697
9.6485,2.25716055728691
9.649,2.29299151399492
9.6495,2.32816502272867
9.65,2.36268108347205
9.6505,2.39818331820398
9.651,2.43368555380011
9.6515,2.46787289262484
9.652,2.50370385442445
9.6525,2.48167931815983
9.653,2.44749197899365
9.6535,2.41198974305378
9.654,2.37681623238397
9.6545,2.34164272254564
9.655,2.30646921351119
9.6555,2.27096698088033
9.656,2.23677964647526
9.6565,2.20160613967352
9.657,2.16544646050702
9.6575,2.13093040377739
9.658,2.0960856233215
9.6585,2.06058339479439
9.659,2.02540989119153
9.6595,1.99089383679444
9.66,1.95539160994528
9.6605,1.91956065929051
9.661,1.88537333068293
9.6615,1.85052855388138
9.662,1.81469760457934
9.6625,1.78051027718282
9.663,1.74467932864482
9.6635,1.70950582904237
9.664,1.67531850262101
9.6645,1.63981627930999
9.665,1.60464278054306
9.6655,1.57045545485489
9.666,1.53495323222295
9.6665,1.4997797340461
9.667,1.46493496029231
9.6675,1.4297614623728
9.668,1.39393051598434
9.6685,1.36007191532622
9.669,1.32424096903175
9.6695,1.28841002274263
9.67,1.25422269782109
9.6705,1.21839175145815
9.671,1.18321825357382
9.6715,1.14870220414561
9.672,1.11352870602528
9.6725,1.07835520774467
9.673,1.04351043356188
9.6735,1.00833693488002
9.674,0.972505987374783
9.6745,0.93864738534585
9.675,0.902487712971017
9.6755,0.867314213148869
9.676,0.833455610182668
9.6765,0.797624661028452
9.677,0.762122435760616
9.6775,0.727935107305292
9.678,0.692104156819737
9.6785,0.656930654471406
9.679,0.622743324589236
9.6795,0.586912372524505
9.68,0.552067592881639
9.6805,0.517222812648895
9.681,0.482049307448768
9.6815,0.446547077235636
9.682,0.41203101941625
9.6825,0.376857512171971
9.683,0.341026555434528
9.6835,0.307167944208826
9.684,0.271336985897012
9.6845,0.235506026732751
9.685,0.201647413134818
9.6855,0.165816452228985
9.686,0.130971663659322
9.6865,0.0961268741753442
9.687,0.0606246348650378
9.6875,0.0257798434533668
9.688,-0.0100511223384242
9.6885,-0.0445671913255327
9.689,-0.0797407103053621
9.6895,-0.115571679366284
9.69,-0.149430302578944
9.6905,-0.185261273937731
9.691,-0.220434797471526
9.6915,-0.254622148605267
9.692,-0.290453123641666
9.6925,-0.325626650868948
9.693,-0.360142730243172
9.6935,-0.395973709221448
9.694,-0.431147240401894
9.6945,-0.465663323735924
9.695,-0.500836857663447
9.6955,-0.536339117654938
9.696,-0.570526480529395
9.6965,-0.606357468122427
9.697,-0.641859732604544
9.6975,-0.675718375190702
9.698,-0.711549367468501
9.6985,-0.746722911954504
9.699,-0.781239008586234
9.6995,-0.816741281063122
9.7,-0.852572280016171
9.7005,-0.886759656811904
9.701,-0.921604484843982
9.7015,-0.957435489053808
9.702,-0.991622870944824
9.7025,-1.02679642910126
9.703,-1.06295616370442
9.7035,-1.09714355096347
9.704,-1.13165966491698
9.7045,-1.16781940533097
9.705,-1.2020067981639
9.7055,-1.23750909269947
9.706,-1.27334011425666
9.7065,-1.30752751293923
9.707,-1.34335853864856
9.7075,-1.37820339141736
9.708,-1.41304824626323
9.7085,-1.44789310321302
9.709,-1.48438158777498
9.7095,-1.5182402737647
9.71,-1.55308513722881
9.7105,-1.58891617838083
9.711,-1.62343232117901
9.7115,-1.65893464180562
9.712,-1.69476569003719
9.7125,-1.72895311449061
9.713,-1.76445544227648
9.7135,-1.79995777252748
9.714,-1.83381647870059
9.7145,-1.86899008851253
9.715,-1.90416370082621
9.7155,-1.93966604105364
9.716,-1.97451093306928
9.7165,-2.01001327848659
9.717,-2.04551562656542
9.7175,-2.07970307540553
9.718,-2.11586287980583
9.7185,-2.1503790593905
9.719,-2.18489524159699
9.7195,-2.22072632878428
9.72,-2.25589996763419
9.7205,-2.2904161580178
9.721,-2.32558980245311
9.7215,-2.36109217543786
9.722,-2.39560837421586
9.7225,-2.43111075303073
9.723,-2.46661313484392
9.7235,-2.50112934228604
9.724,-2.46891421525077
9.7245,-2.43341183324227
9.725,-2.39889563138834
9.7255,-2.36405070665235
9.726,-2.32789088209499
9.7265,-2.29337468874866
9.727,-2.25885849813227
9.7275,-2.22236995670584
9.728,-2.18916867386338
9.7285,-2.15300886365649
9.729,-2.11750650734603
9.7295,-2.08331905571822
9.73,-2.04748797931507
9.7305,-2.01264308195636
9.731,-1.9784556379851
9.7315,-1.94262456952314
9.732,-1.90712222907968
9.7325,-1.87260606723267
9.733,-1.8371037318488
9.7335,-1.80193012428094
9.734,-1.76741396970285
9.7345,-1.73191164171264
9.735,-1.69608059093623
9.7355,-1.66255061903959
9.736,-1.62639084780765
9.7365,-1.59121725449873
9.737,-1.55702983889191
9.7375,-1.52185625005985
9.738,-1.48569648816356
9.7385,-1.45183780413355
9.739,-1.41600677177119
9.7395,-1.38083319171028
9.74,-1.34631706380362
9.7405,-1.31081476291475
9.741,-1.27498373914915
9.7415,-1.24079634229644
9.742,-1.2059514974567
9.7425,-1.16979175486713
9.743,-1.13593308867761
9.7435,-1.10043079983236
9.744,-1.06492851292113
9.7445,-1.03074112732654
9.745,-0.995567568965057
9.7455,-0.959736562781687
9.746,-0.925220457662642
9.7465,-0.890375629452774
9.747,-0.854873353403539
9.7475,-0.818713629583853
9.748,-0.784854980705693
9.7485,-0.749352709737858
9.749,-0.713521715715017
9.7495,-0.679663071508176
9.75,-0.643503355997938
9.7505,-0.608658540773399
9.751,-0.574142451684106
9.7515,-0.538311465475461
9.752,-0.50379537927346
9.7525,-0.468621845226917
9.753,-0.433448312582742
9.7535,-0.397946056728415
9.754,-0.363429975963604
9.7545,-0.328585171909118
9.755,-0.292754195477453
9.7555,-0.258895567578457
9.756,-0.223064593671759
9.7565,-0.187233621020292
9.757,-0.1530462721109
9.7575,-0.117544026320708
9.758,-0.0826992306430201
9.7585,-0.0478544360442723
9.759,-0.0123521935727148
9.7595,0.0224925989296056
9.76,0.0560224926592108
9.7605,0.0921821809674103
9.761,0.127684419407859
9.7615,0.161543034811181
9.762,0.197045271418602
9.7625,0.232547507129725
9.763,0.267063568794324
9.7635,0.303223251591501
9.764,0.338068036035724
9.7645,0.371926646612039
9.765,0.407757602686748
9.7655,0.443259833662574
9.766,0.477447166533521
9.7665,0.513278120508714
9.767,0.548780349489073
9.7675,0.582638956184041
9.768,0.618141183989372
9.7685,0.654300859882807
9.769,0.688816913630844
9.7695,0.723661691218142
9.77,0.759492641279005
9.7705,0.793351245046572
9.771,0.828853469947023
9.7715,0.864355694456504
9.772,0.898871745715081
9.7725,0.934373969536703
9.773,0.96987619305175
9.7735,1.0037347948482
9.774,1.03923701784622
9.7745,1.07506796490553
9.775,1.11024146320253
9.7755,1.14442878849377
9.776,1.18025973505575
9.7765,1.21576195722685
9.777,1.24994928220311
9.7775,1.28610895279695
9.778,1.3206250019753
9.7785,1.35546977543387
9.779,1.39097199747838
9.7795,1.42614549530242
9.78,1.46066154465161
9.7805,1.49682121551476
9.781,1.53166598939589
9.7815,1.56585331487328
9.782,1.60102681339334
9.7825,1.63718648500126
9.783,1.6713738111284
9.7835,1.70720475898594
9.784,1.74204953427076
9.7845,1.77656558558271
9.785,1.81239653445483
9.7855,1.84789875942279
9.786,1.88175736325912
9.7865,1.91725958908204
9.787,1.9527618153845
9.7875,1.98727786922084
9.788,2.02310882088203
9.7885,2.05795360011266
9.789,2.09246965557315
9.7895,2.12797188465812
9.79,2.16413156309622
9.7905,2.19733272300712
9.791,2.23349240281879
9.7915,2.26833718590132
9.792,2.30252452095812
9.7925,2.33835547867702
9.793,2.37352898843905
9.7935,2.40837377462801
9.794,2.44321856165731
9.7945,2.47904952280903
9.795,2.50731982309962
9.7955,2.47148886120383
9.796,2.43631534906461
9.7965,2.40179928660433
9.797,2.36596832739317
9.7975,2.33079481780571
9.798,2.29627875776895
9.7985,2.26077652535985
9.799,2.2259317424327
9.7995,2.19141568456277
9.8,2.15558472994858
9.8005,2.12041122470704
9.801,2.08622389311384
9.8015,2.05006421608693
9.802,2.01489071265313
9.8025,1.98070338273759
9.803,1.94552988035669
9.8035,1.91002765415421
9.804,1.8745254284255
9.8045,1.84000937606093
9.805,1.80516459978857
9.8055,1.76933365099425
9.806,1.73481759975169
9.8065,1.69964410023827
9.807,1.66414187673433
9.8075,1.62962582637141
9.808,1.59379487910093
9.8085,1.5589501049071
9.809,1.52443405518147
9.8095,1.48860310848843
9.81,1.45375833477396
9.8105,1.41924228544326
9.811,1.38374006335437
9.8115,1.34823784131832
9.812,1.31372179214028
9.8125,1.27887701868124
9.813,1.24271734807856
9.8135,1.20853002308842
9.814,1.17302780089724
9.8145,1.13818302715282
9.815,1.10366697755275
9.8155,1.06783603065354
9.816,1.03233380783715
9.8165,0.998475206235229
9.817,0.962972982946496
9.8175,0.927142035080309
9.818,0.892625984082991
9.8185,0.857781208464431
9.819,0.822278983884691
9.8195,0.787762931830323
9.82,0.752589430753089
9.8205,0.71675848060126
9.821,0.682571151560048
9.8215,0.647068924749113
9.822,0.611237973071929
9.8225,0.577379366830234
9.823,0.541877138347497
9.8235,0.506703633590743
9.824,0.472516301254651
9.8245,0.436685346498439
9.825,0.401183115389984
9.8255,0.366667056665361
9.826,0.331493548463322
9.8265,0.296320039487057
9.827,0.261146529708954
9.8275,0.226301743503525
9.828,0.190799507636778
9.8285,0.155954719706137
9.829,0.121767379734646
9.8295,0.0856076922606106
9.83,0.0514203504364273
9.8305,0.0152606609460374
9.831,-0.0199128562311756
9.8315,-0.0547576499841307
9.832,-0.0892737203101313
9.8325,-0.125104689678864
9.833,-0.160606935717186
9.8335,-0.194794284871232
9.834,-0.230625257785135
9.8345,-0.266127507420888
9.835,-0.299986135568048
9.8355,-0.335817112268061
9.836,-0.371319365739714
9.8365,-0.405506722211065
9.837,-0.441337702961793
9.8375,-0.475853786691147
9.838,-0.510698596402864
9.8385,-0.545872132163281
9.839,-0.581703118694715
9.8395,-0.61589048343291
9.84,-0.651064023650895
9.8405,-0.686895014808129
9.841,-0.721082384039822
9.8415,-0.756255928962352
9.842,-0.792086924996976
9.8425,-0.825616849447974
9.843,-0.861776573609473
9.8435,-0.897278849999877
9.844,-0.931466228938722
9.8445,-0.966968508833444
9.845,-1.00279951539484
9.8455,-1.03665817470795
9.846,-1.07248918497304
9.8465,-1.10766274740231
9.847,-1.14217886191739
9.8475,-1.17735242814603
9.848,-1.21318344622492
9.8485,-1.24737084154304
9.849,-1.2832018636783
9.8495,-1.31903288793248
9.85,-1.35256283917959
9.8505,-1.38839386761845
9.851,-1.42389617320004
9.8515,-1.458083580647
9.852,-1.4935858905597
9.8525,-1.52941692784407
9.853,-1.56360434172686
9.8535,-1.59910665840575
9.854,-1.6342802522307
9.8545,-1.66912512316472
9.855,-1.70396999639996
9.8555,-1.7398010477209
9.856,-1.77365974988149
9.8565,-1.80949080607393
9.857,-1.84466441417184
9.8575,-1.87852312337729
9.858,-1.91435418710806
9.8585,-1.94985652808038
9.859,-1.9840439700049
9.8595,-2.01954631613408
9.86,-2.05537739039681
9.8605,-2.09022229093901
9.861,-2.12506719410686
9.8615,-2.15991209992721
9.862,-2.19574318512182
9.8625,-2.2299306452232
9.863,-2.26543301042137
9.8635,-2.30060665284191
9.864,-2.33578029810303
9.8645,-2.37128267192943
9.865,-2.40645632298178
9.8655,-2.44064379970345
9.866,-2.47614618232658
9.8665,-2.49323992318854
9.867,-2.45872371640265
9.8675,-2.42289260952089
9.868,-2.38771895710577
9.8685,-2.35386021033289
9.869,-2.31737166097486
9.8695,-2.28252674283344
9.87,-2.24768182746583
9.8705,-2.21250818926743
9.871,-2.17700582828871
9.8715,-2.14281837221051
9.872,-2.10764474219305
9.8725,-2.07181366391202
9.873,-2.03762621564977
9.8735,-2.00212386816485
9.874,-1.96629279793236
9.8745,-1.93243408264879
9.875,-1.89660301759304
9.8755,-1.86142940581945
9.876,-1.82691324715964
9.8765,-1.79173964030418
9.877,-1.75623731062634
9.8775,-1.72172115913019
9.878,-1.68687628471231
9.8785,-1.65071651182021
9.879,-1.61620036726661
9.8795,-1.58168422493099
9.88,-1.54585318425337
9.8805,-1.51133704635745
9.881,-1.47583473532407
9.8815,-1.44033242652496
9.882,-1.40614502013693
9.8825,-1.37031399060952
9.883,-1.3357978633194
9.8835,-1.3012817380353
9.884,-1.26545071483451
9.8845,-1.23027714364777
9.885,-1.1957610243345
9.8855,-1.16058745708415
9.886,-1.12475644197898
9.8865,-1.09056905327534
9.887,-1.05539549176144
9.8875,-1.01956448241502
9.888,-0.985377099126074
9.8885,-0.949546093473354
9.889,-0.914372539262371
9.8895,-0.880185161148071
9.89,-0.844354160835043
9.8905,-0.809180611782422
9.891,-0.773678339665422
9.8915,-0.739490968096959
9.892,-0.70365997453248
9.8925,-0.668157707303862
9.893,-0.633970340362965
9.8935,-0.598468076225272
9.894,-0.562637088973455
9.8945,-0.52877845105196
9.895,-0.492947466752747
9.8955,-0.457445208535084
9.896,-0.423586574706153
9.8965,-0.388084319235834
9.897,-0.352582065129805
9.8975,-0.318065986029942
9.898,-0.283549908166693
9.8985,-0.247061484312688
9.899,-0.212874133433415
9.8995,-0.17737188564454
9.9,-0.141869639051425
9.9005,-0.10768229158392
9.901,-0.0718513227761752
9.9015,-0.0363490795695017
9.902,-0.00216173528324876
9.9025,0.0326830569244571
9.903,0.0678565725829413
9.9035,0.102043913964641
9.904,0.137874876560936
9.9045,0.173048389367194
9.905,0.207235728055779
9.9055,0.242737963514877
9.906,0.278240198114223
9.9065,0.312756258732964
9.907,0.348258491719913
9.9075,0.383760723931506
9.908,0.417948057947475
9.9085,0.453450288719649
9.909,0.489281243150062
9.9095,0.523139850844359
9.91,0.558642079651043
9.9105,0.594144307850638
9.911,0.628660362489632
9.9115,0.664491313897516
9.912,0.699664816137949
9.9125,0.734180869266539
9.913,0.769683094881709
9.9135,0.805185320058583
9.914,0.839372647618943
9.9145,0.874874872018032
9.915,0.910377096062959
9.9155,0.944235698320422
9.916,0.980066646045105
9.9165,1.01556886920737
9.917,1.04975619498677
9.9175,1.08558714198503
9.918,1.12043191594852
9.9185,1.15560541404064
9.919,1.19077891200552
9.9195,1.22562368559202
9.92,1.26211208049855
9.9205,1.29629940541282
9.921,1.33180162742274
9.9215,1.36730384944395
9.922,1.40116245011185
9.9225,1.43732212079573
9.923,1.4721668944574
9.9235,1.5070116682381
9.924,1.54218516644777
9.9245,1.57735866483369
9.925,1.61187471484967
9.9255,1.64704821366634
9.926,1.68287916132508
9.9265,1.71739521210303
9.927,1.75256871177826
9.9275,1.78807093609583
9.928,1.82258698787612
9.9285,1.8580892129629
9.929,1.89359143848189
9.9295,1.9274500428778
9.93,1.96328099364446
9.9305,1.99878322061082
9.931,2.03297055079666
9.9315,2.06814405452255
9.932,2.10397500752218
9.9325,2.13849106376944
9.933,2.17366456934566
9.9335,2.20949552431537
9.934,2.24335413380713
9.9345,2.27852764146834
9.935,2.31435859864667
9.9355,2.34854593469263
9.936,2.38437689348488
9.9365,2.41955040433704
9.937,2.45406646722898
9.9375,2.48989742866406
9.938,2.4964719171036
9.9385,2.462284577567
9.939,2.42711106566026
9.9395,2.39193755462449
9.94,2.35709276882259
9.9405,2.32159053505543
9.941,2.28575957771557
9.9415,2.25157224300769
9.942,2.21672746026799
9.9425,2.18122522950959
9.943,2.14670917249022
9.9435,2.11153566741031
9.944,2.07570471427794
9.9445,2.04118865909254
9.945,2.00601515579946
9.9455,1.97051292872444
9.946,1.93632559944231
9.9465,1.90115209767873
9.947,1.86532114775486
9.9475,1.83047637119284
9.948,1.79530287072424
9.9485,1.7601293706306
9.949,1.7249558708843
9.9495,1.69011109575006
9.95,1.65493759661302
9.9505,1.61943537345338
9.951,1.58459059910563
9.9515,1.55007454924699
9.952,1.51424360243639
9.9525,1.48005627718882
9.953,1.44422533066393
9.9535,1.40905183279957
9.954,1.37453578356332
9.9545,1.33870483725843
9.955,1.30353133952642
9.9555,1.26934401461761
9.956,1.23384179255864
9.9565,1.19833957043261
9.957,1.16382352105215
9.9575,1.12832129871065
9.958,1.09314780050081
9.9585,1.05896047496929
9.959,1.0231295278116
9.9595,0.98729858041395
9.96,0.953111254206046
9.9605,0.917609030549766
9.961,0.882106806573503
9.9615,0.848248203753471
9.962,0.812417254765658
9.9625,0.777572478291225
9.963,0.743056425712974
9.9635,0.706896751116997
9.964,0.672051973299933
9.9645,0.637535919311563
9.965,0.602033691815404
9.9655,0.56620273941013
9.966,0.532672856788865
9.9665,0.497170627520125
9.967,0.461010948886447
9.9675,0.427809788788494
9.968,0.391321384397648
9.9685,0.355819152347509
9.969,0.321631817053944
9.9695,0.286129583466844
9.97,0.250956073451274
9.9705,0.216440011407089
9.971,0.180609050880162
9.9715,0.145764262690534
9.972,0.110919473597988
9.9725,0.0757459591369915
9.973,0.0399149948048776
9.9735,0.00572765171979712
9.974,-0.0294458657392952
9.9745,-0.0649481087331678
9.975,-0.0991354548832116
9.9755,-0.134966424572544
9.976,-0.170139946427663
9.9765,-0.204984744931096
9.977,-0.240158269138607
9.9775,-0.275660519111717
9.978,-0.310834045804678
9.9785,-0.34535012464328
9.979,-0.380523653896178
9.9795,-0.416354633664985
9.98,-0.450541991825185
9.9805,-0.486044249764559
9.981,-0.521546509146571
9.9815,-0.556062596066915
9.982,-0.591236133719371
9.9825,-0.626409672870455
9.983,-0.661911938234294
9.9835,-0.696756755778963
9.984,-0.731930299591613
9.9845,-0.766775120282245
9.985,-0.801948667325251
9.9855,-0.837779665556871
9.986,-0.871967041653033
9.9865,-0.906483144166909
9.987,-0.942314147603277
9.9875,-0.97650152874483
9.988,-1.01233253580634
9.9885,-1.04783481990453
9.989,-1.08235093125805
9.9895,-1.11785321911484
9.99,-1.15236933417623
9.9905,-1.18754290096952
9.991,-1.22304519468063
9.9915,-1.25789004048402
9.992,-1.29273488827179
9.9925,-1.32790846307855
9.993,-1.36439694007333
9.9935,-1.39792689390348
9.994,-1.43375792513842
9.9945,-1.46926023352688
9.995,-1.50377636881909
9.9955,-1.5392786816309
9.996,-1.57379482127727
9.9965,-1.60863968828048
9.997,-1.6441420079235
9.9975,-1.67964432993541
9.998,-1.71383175339749
9.9985,-1.74867662962456
9.999,-1.7848364093396
9.9995,-1.81869511449678
