Time_s,Voltage_V
0,-0.975186629438855
0.0005,-0.923576833651855
0.001,-0.871967041653033
0.0015,-0.820357253355157
0.002,-0.768090019207508
0.0025,-0.715822788675624
0.003,-0.662240662920943
0.0035,-0.608987265438351
0.004,-0.555733871422939
0.0045,-0.501494306909243
0.005,-0.447912194997395
0.0055,-0.393015187968928
0.006,-0.33910435790389
0.0065,-0.284207357257458
0.007,-0.22865291061972
0.0075,-0.174742089559948
0.008,-0.119187648785434
0.0085,-0.0646193842559739
0.009,-0.0097223978767471
0.0095,0.0451745859639885
0.01,0.100400291803662
0.0105,0.155625995287477
0.011,0.210194247710901
0.0115,0.265091222435134
0.012,0.319988195146421
0.0125,0.374556441579147
0.013,0.428795961869565
0.0135,0.483692929201489
0.014,0.536288824549048
0.0145,0.591185788856499
0.015,0.644110405824383
0.0155,0.69703502159504
0.016,0.750945809196789
0.0165,0.802884249920959
0.017,0.855151414064079
0.0175,0.906432404519018
0.018,0.957713394287685
0.0185,1.00833693488002
0.019,1.05863175068444
0.0195,1.10859784179063
0.02,1.15790648400455
0.0205,1.20622895313453
0.021,1.25488014637764
0.0215,1.30188771813701
0.022,1.34889528987424
0.0225,1.39524541309824
0.023,1.44093808786908
0.0235,1.48498714139919
0.024,1.52936491941781
0.0245,1.57275652484697
0.025,1.61516195771952
0.0255,1.65723866664163
0.026,1.69865792735917
0.0265,1.73843356700948
0.027,1.77788048278224
0.0275,1.81666995040169
0.028,1.85513069418955
0.0285,1.89096164398356
0.029,1.92679259424461
0.0295,1.9619660963595
0.03,1.99549597735075
0.0305,2.02836841016438
0.031,2.06091211912983
0.0315,2.0904973095313
0.032,2.12205484643305
0.0325,2.1506538646888
0.033,2.17892415902161
0.0335,2.20555083199006
0.034,2.23152005662792
0.0345,2.25650310854721
0.035,2.27951381459108
0.0355,2.30252452095812
0.036,2.32389160573792
0.0365,2.34394379325785
0.037,2.36366725664763
0.0375,2.38141837391906
0.038,2.39851204260365
0.0385,2.41396208947166
0.039,2.42842596328579
0.0395,2.44288983724737
0.04,2.45373774281647
0.0405,2.46590054613124
0.041,2.47576227862769
0.0415,2.48365166467629
0.042,2.49186977519254
0.0425,2.49778681479539
0.043,2.50271768115111
0.0435,2.50666237424885
0.044,2.50962089407986
0.0445,2.51093579178465
0.045,2.51093579178465
0.0455,2.50994961850594
0.046,2.50764854752512
0.0465,2.50436130327375
0.047,2.49943043691193
0.0475,2.4941708461461
0.048,2.48661018445636
0.0485,2.47872079839054
0.049,2.46885906587271
0.0495,2.45866860901225
0.05,2.44650580576103
0.0505,2.43368555380011
0.051,2.41955040433704
0.0515,2.4037716330083
0.052,2.38733541305663
0.0525,2.37024174450137
0.053,2.35117572980443
0.0535,2.33112354219065
0.054,2.30975645731288
0.0545,2.28806064834641
0.055,2.26472121781198
0.0555,2.24039561450465
0.056,2.21475511409615
0.0565,2.18812844099097
0.057,2.16084431957328
0.0575,2.13191657681816
0.058,2.10233138581115
0.0585,2.0714312978911
0.059,2.0402024860954
0.0595,2.00798750176395
0.06,1.97347144762702
0.0605,1.93961284262217
0.061,1.90411061650063
0.0615,1.86762221791974
0.062,1.83047637119284
0.0625,1.79201562770937
0.063,1.75322616037349
0.0635,1.71279307198241
0.064,1.67203125971026
0.0645,1.63094072352361
0.065,1.5885352905304
0.0655,1.54580113356296
0.066,1.50142335545283
0.0665,1.45671685329244
0.067,1.41201035130838
0.0675,1.36533150377532
0.068,1.31963882914172
0.0685,1.27197380884232
0.069,1.22430878847701
0.0695,1.17565759513724
0.07,1.12602022873915
0.0705,1.07704031060922
0.071,1.02641677067966
0.0715,0.975464505986385
0.072,0.925498413611148
0.0725,0.873559974824557
0.073,0.821621535277713
0.0735,0.770011819190869
0.074,0.71708720491676
0.0745,0.663505140930243
0.075,0.610580524412014
0.0755,0.556669733622416
0.076,0.503416390123427
0.0765,0.448519423376604
0.077,0.394608628068082
0.0775,0.339382933546974
0.078,0.285143410300001
0.0785,0.229917711921976
0.079,0.175349460266828
0.0795,0.120123757598489
0.08,0.0645693281708689
0.0805,0.0100010696581246
0.081,-0.0445671913255327
0.0815,-0.0991354548832116
0.082,-0.154032445621732
0.0825,-0.209586888216786
0.083,-0.263826435647152
0.0835,-0.318394710586924
0.084,-0.373620437770298
0.0845,-0.427859994439445
0.085,-0.48209955436724
0.0855,-0.535681668382448
0.086,-0.589921235088748
0.0865,-0.643503355997938
0.087,-0.696099306377046
0.0875,-0.749023985014443
0.088,-0.801619942578871
0.0885,-0.852901004785348
0.089,-0.905168244992881
0.0895,-0.955791864967147
0.09,-1.00674421347989
0.0905,-1.05736784095565
0.091,-1.10667657272895
0.0915,-1.15565658332668
0.092,-1.20430787274834
0.0925,-1.25230171602415
0.093,-1.29930938807911
0.0935,-1.34697451384009
0.094,-1.3933247432636
0.0945,-1.43803135103107
0.095,-1.48339541248556
0.0955,-1.52711585198578
0.096,-1.56985011949326
0.0965,-1.61258439034694
0.097,-1.65466121419731
0.0975,-1.69608059093623
0.098,-1.73585634470169
0.0985,-1.77497465098147
0.099,-1.81409296026431
0.0995,-1.85025274465822
0.1,-1.88706998237824
0.1005,-1.92322977210768
0.101,-1.95774593753925
0.1015,-1.99226210544702
0.102,-2.02447719775137
0.1025,-2.05669229225671
0.103,-2.08726376154606
0.1035,-2.11750650734603
0.104,-2.14610562749072
0.1045,-2.17404729833371
0.105,-2.20067406862888
0.1055,-2.22598593815462
0.106,-2.25064035790882
0.1065,-2.27496605341519
0.107,-2.29666194513981
0.1075,-2.31770038663099
0.108,-2.3384101034711
0.1085,-2.35714746718367
0.109,-2.37522738031397
0.1095,-2.39199239135555
0.11,-2.40744250015609
0.1105,-2.42223515804703
0.111,-2.4350554619725
0.1115,-2.44754704053276
0.112,-2.45872371640265
0.1125,-2.46792803793199
0.113,-2.47680363388517
0.1135,-2.48403560109835
0.114,-2.48995266527569
0.1145,-2.49521227794879
0.115,-2.49882826170037
0.1155,-2.50112934228604
0.116,-2.50211551968382
0.1165,-2.50244424548361
0.117,-2.50047189068882
0.1175,-2.49882826170037
0.118,-2.49521227794879
0.1185,-2.4902813910658
0.119,-2.48403560109835
0.1195,-2.47647490810574
0.12,-2.46891421525077
0.1205,-2.45872371640265
0.121,-2.44820449204624
0.1215,-2.43604163921374
0.122,-2.42289260952089
0.1225,-2.40875740305876
0.123,-2.39297856849622
0.1235,-2.3762135574158
0.124,-2.35813364424381
0.1245,-2.33939628048826
0.125,-2.31934401491542
0.1255,-2.29830557334468
0.126,-2.27595223028843
0.1265,-2.25261271154849
0.127,-2.2282870172737
0.1275,-2.20198897090659
0.128,-2.1756909260841
0.1285,-2.14774925513972
0.129,-2.11915013489212
0.1295,-2.08857866349615
0.13,-2.0586646450535
0.1305,-2.02644955041272
0.131,-1.9932482817096
0.1315,-1.96037574072094
0.132,-1.92487339897723
0.1325,-1.88937105982694
0.133,-1.85321127258819
0.1335,-1.81540786146929
0.134,-1.77760445319162
0.1345,-1.73848614671114
0.135,-1.69838166751751
0.1355,-1.6569622905975
0.136,-1.61554291691577
0.1365,-1.57280864582859
0.137,-1.52974565296746
0.1375,-1.48602521326119
0.138,-1.44131860173946
0.1385,-1.39595454362478
0.139,-1.34927558897348
0.1395,-1.30292536300372
0.14,-1.25558896570025
0.1405,-1.2072663972265
0.141,-1.15894383249408
0.1415,-1.11062127143139
0.142,-1.06065508962569
0.1425,-1.01068891158789
0.143,-0.95940783796295
0.1435,-0.908455492932527
0.144,-0.856845702027093
0.1445,-0.805235914797048
0.145,-0.752639956979809
0.1455,-0.700044002796837
0.146,-0.646133153434362
0.1465,-0.593865930986901
0.147,-0.539955088662729
0.1475,-0.485715525147436
0.148,-0.431804689595822
0.1485,-0.377565132693097
0.149,-0.32299685439646
0.1495,-0.267771130119672
0.15,-0.213202857955654
0.1505,-0.157648415169225
0.151,-0.103080148736892
0.1515,-0.0485118849891431
0.152,0.00572765171979712
0.1525,0.0606246348650378
0.153,0.116507788891712
0.1535,0.171076042878733
0.154,0.225973019101399
0.1545,0.28119871762625
0.155,0.335438241009997
0.1555,0.3906639356628
0.156,0.444903455449853
0.1565,0.499142973607565
0.157,0.553053765898384
0.1575,0.606635832448445
0.158,0.660217897703078
0.1585,0.71347123744399
0.159,0.765409678859204
0.1595,0.81833429224078
0.16,0.870272731838733
0.1605,0.921553722082413
0.161,0.973163435955304
0.1615,1.0234582520985
0.162,1.07309561920125
0.1625,1.12306171020341
0.163,1.17204162805707
0.1635,1.22036409713134
0.164,1.26802911750518
0.1645,1.31635158636315
0.165,1.36270170955067
0.1655,1.40806565996341
0.166,1.45408705905375
0.1665,1.49813611263967
0.167,1.5425138907309
0.1675,1.58491932339092
0.168,1.62798220493165
0.1685,1.66874401680194
0.169,1.7104920019241
0.1695,1.7505963659933
0.17,1.78938583329983
0.1705,1.82817530105672
0.171,1.86532114775486
0.1715,1.90180954630554
0.172,1.93698304807794
0.1725,1.97215655033653
0.173,2.00568643147221
0.1735,2.03823014010247
0.174,2.07011640054306
0.1745,2.1010164884433
0.175,2.13027295508383
0.1755,2.15952942216572
0.176,2.18648481920731
0.1765,2.21344021664948
0.177,2.23875199267216
0.1775,2.26274887158475
0.178,2.2864170264669
0.1785,2.30877028417166
0.179,2.3298086446513
0.1795,2.34986083224797
0.18,2.36859812253523
0.1805,2.3866779642624
0.181,2.40344290860745
0.1815,2.41823550671969
0.182,2.43302810498475
0.1825,2.44584835693967
0.183,2.45735371135832
0.1835,2.46853034145667
0.184,2.47773462513554
0.1845,2.48661018445636
0.185,2.49351339730182
0.1855,2.49975916133549
0.186,2.50436130327375
0.1865,2.50764854752512
0.187,2.51060706735833
0.1875,2.51126451621106
0.188,2.51093579178465
0.1885,2.50962089407986
0.189,2.50731982309962
0.1895,2.50337512999992
0.19,2.49811553921853
0.1905,2.49219849961424
0.191,2.48496656235552
0.1915,2.47576227862769
0.192,2.46655799496213
0.1925,2.45538136487978
0.193,2.44288983724737
0.1935,2.42941213650574
0.194,2.41461953827822
0.1945,2.39982694020303
0.195,2.38240454710701
0.1955,2.36465342982386
0.196,2.34525869080924
0.1965,2.32487777888859
0.197,2.30416814285405
0.1975,2.28148616083834
0.198,2.25748928165685
0.1985,2.23283495408825
0.199,2.20752317815162
0.1995,2.18089650515399
0.2,2.15229748644063
0.2005,2.12435591685178
0.201,2.09378455293544
0.2015,2.06288446514357
0.202,2.03099820481022
0.2025,1.99779704763231
0.203,1.96393844228721
0.2035,1.92975111309528
0.204,1.89359143848189
0.2045,1.85710304003811
0.205,1.81897102052931
0.2055,1.78149645008356
0.206,1.74139208567754
0.2065,1.70095899741078
0.207,1.65986846096143
0.2075,1.61812047630413
0.208,1.57604376769428
0.2085,1.53265216224385
0.209,1.48893183276934
0.2095,1.4438966063844
0.21,1.39787520732629
0.2105,1.35185380837595
0.211,1.30550368519367
0.2115,1.25816738916012
0.212,1.20984492020476
0.2125,1.1611937268092
0.213,1.11188508461408
0.2135,1.06257644210145
0.214,1.01228162633256
0.2145,0.961000637200176
0.215,0.910048371767785
0.2155,0.858767381364041
0.216,0.807157665889462
0.2165,0.754233052308421
0.217,0.70163716204335
0.2175,0.648055097723195
0.218,0.594473032183071
0.2185,0.540890965325361
0.219,0.487308897052446
0.2195,0.433069378547877
0.22,0.378501134022052
0.2205,0.323604163340717
0.221,0.268707190758335
0.2215,0.21381021616992
0.222,0.159241963888356
0.2225,0.103687536123536
0.223,0.048790554872914
0.2235,-0.00512025542281389
0.224,-0.0603459660610704
0.2245,-0.115571679366284
0.225,-0.170139946427663
0.2255,-0.225036940826371
0.226,-0.27993393817533
0.2265,-0.334830938579525
0.227,-0.389070492980345
0.2275,-0.443638775168757
0.228,-0.497878336063534
0.2285,-0.551789175705236
0.229,-0.605371294131133
0.2295,-0.658624691375267
0.23,-0.711549367468501
0.2305,-0.764474047168538
0.231,-0.816412556310179
0.2315,-0.868351069104966
0.232,-0.919303411241783
0.2325,-0.9709132067118
0.233,-1.02153683150356
0.2335,-1.07150301035267
0.234,-1.12146919298686
0.2345,-1.16946302994401
0.235,-1.21844304538182
0.2355,-1.26577943980839
0.236,-1.31344456290815
0.2365,-1.3597947896975
0.237,-1.40548757003396
0.2375,-1.4515090790558
0.238,-1.49522951607286
0.2385,-1.5392786816309
0.239,-1.58267040039576
0.2395,-1.62441849672007
0.24,-1.66649532150485
0.2405,-1.70758597394404
0.241,-1.74670427807718
0.2415,-1.78582258518593
0.242,-1.82362599407835
0.2425,-1.86110068048758
0.243,-1.89791791901652
0.2435,-1.93276280802849
0.244,-1.9676076995448
0.2445,-2.00113769188386
0.245,-2.03368151024166
0.2455,-2.06491042896502
0.246,-2.09515317330265
0.2465,-2.12605337065008
0.247,-2.15366631472537
0.2475,-2.18160798603508
0.248,-2.20790603120411
0.2485,-2.23288917554761
0.249,-2.25721487007533
0.2495,-2.28055438905958
0.25,-2.30323645799648
0.2505,-2.32460362546748
0.251,-2.34334098857947
0.2515,-2.36240707819733
0.252,-2.38015826584593
0.2525,-2.39659455136493
0.253,-2.4120446603333
0.2535,-2.42617986690557
0.254,-2.43867144520168
0.2545,-2.45083429811053
0.255,-2.46135352253315
0.2555,-2.47022911834611
0.256,-2.47877598856717
0.2565,-2.48567923002802
0.257,-2.4912675684377
0.2575,-2.49586972953763
0.258,-2.49915698749753
0.2585,-2.50112934228604
0.259,-2.5017867938843
0.2595,-2.5017867938843
0.26,-2.50014316489061
0.2605,-2.49718463271845
0.261,-2.49356864898126
0.2615,-2.48863776211786
0.262,-2.48239197217519
0.2625,-2.47450255343467
0.263,-2.4656269575306
0.2635,-2.45576518452564
0.264,-2.44491723448913
0.2645,-2.43242565600721
0.265,-2.41894790069313
0.2655,-2.40448396864004
0.266,-2.38837640852602
0.2665,-2.37128267192943
0.267,-2.35386021033289
0.2675,-2.33413666975613
0.268,-2.3137556787738
0.2685,-2.29205978619914
0.269,-2.26904899222226
0.2695,-2.24538074824609
0.27,-2.22105505436811
0.2705,-2.19475700842691
0.271,-2.16747278739201
0.2715,-2.14018856800343
0.272,-2.11060327171672
0.2725,-2.08101797733416
0.273,-2.0497890575335
0.2735,-2.01757396350159
0.274,-1.98470142083506
0.2745,-1.95018525347193
0.275,-1.91566908857928
0.2755,-1.8791805740644
0.276,-1.84236333693096
0.2765,-1.80521737722049
0.277,-1.76642779389216
0.2775,-1.72665203777406
0.278,-1.68753373515151
0.2785,-1.64545690869634
0.279,-1.60338008557014
0.2795,-1.56097454058341
0.28,-1.51758282353175
0.2805,-1.47320493459601
0.281,-1.4281695990192
0.2815,-1.38280554193775
0.282,-1.33678403835687
0.2825,-1.28977636338187
0.283,-1.2424399671015
0.2835,-1.19378867471709
0.284,-1.14513738610484
0.2845,-1.09648610119168
0.285,-1.04651992045993
0.2855,-0.995896293801107
0.286,-0.945272670904683
0.2865,-0.893991602111963
0.287,-0.842053087480946
0.2875,-0.790114576546965
0.288,-0.738504793939862
0.2885,-0.684593941932757
0.289,-0.631669267640371
0.2895,-0.578415872159914
0.29,-0.524833755459621
0.2905,-0.469936743670542
0.291,-0.416683358256515
0.2915,-0.362115077674049
0.292,-0.306889351159149
0.2925,-0.252321076858022
0.293,-0.197752805523476
0.2935,-0.142198363551519
0.294,-0.086972648922262
0.2945,-0.032075661479321
0.295,0.0218351500237884
0.2955,0.0773895813295674
0.296,0.131957836933174
0.2965,0.186854814707579
0.297,0.242409239116465
0.2975,0.296320039487057
0.298,0.351545735475346
0.2985,0.405785256500348
0.299,0.459696051468374
0.2995,0.514264293544502
0.3,0.568503809766169
0.3005,0.621428427275945
0.301,0.675339216511054
0.3015,0.728263831619404
0.302,0.78085972137221
0.3025,0.832798161577976
0.303,0.885065325251106
0.3035,0.93634631529532
0.304,0.986312407546122
0.3045,1.03759339641626
0.305,1.08788821196897
0.3055,1.13653940574658
0.306,1.18551932353179
0.3065,1.23417051683723
0.307,1.28216426146125
0.3075,1.328514384644
0.308,1.37585068067613
0.3085,1.42187207967495
0.309,1.46624985741286
0.3095,1.51161380818173
0.31,1.55467668921743
0.3105,1.597739570532
0.311,1.63948755502133
0.3115,1.68090681557492
0.312,1.72133990363926
0.3125,1.76111554352556
0.313,1.80056245955484
0.3135,1.83770830591762
0.314,1.87551160135626
0.3145,1.91200000004166
0.315,1.94618732899472
0.3155,1.98168955570892
0.316,2.0145619883246
0.3165,2.04677697275143
0.317,2.07866323332013
0.3175,2.10923459700654
0.318,2.13881978811759
0.3185,2.16709008227183
0.319,2.19437420378251
0.3195,2.22067215261835
0.32,2.24565520437927
0.3205,2.2696520833903
0.321,2.29266278961789
0.3215,2.31435859864667
0.322,2.33572568358716
0.3225,2.35512042248065
0.323,2.37385771283321
0.3235,2.39160883022631
0.324,2.40738760142256
0.3245,2.42283764838568
0.325,2.43631534906461
0.3255,2.44979304987248
0.326,2.46096967990963
0.3265,2.47116013678716
0.327,2.48102186932165
0.3275,2.48891125540091
0.328,2.49548574383562
0.3285,2.50140278345447
0.329,2.50501875212337
0.3295,2.50863472080212
0.33,2.50994961850594
0.3305,2.51093579178465
0.331,2.51093579178465
0.3315,2.50863472080212
0.332,2.50633364982359
0.3325,2.50173150787851
0.333,2.49680064152643
0.3335,2.49055487750657
0.334,2.48200804257904
0.3345,2.47313248328834
0.335,2.46327075081085
0.3355,2.45176539634308
0.336,2.43960259315214
0.3365,2.42546744363006
0.337,2.41067484544336
0.3375,2.39423862541384
0.338,2.37714495677886
0.3385,2.35972256394918
0.339,2.33967037622363
0.3395,2.31961818875884
0.34,2.29726493090247
0.3405,2.27425422460998
0.341,2.25058606990151
0.3415,2.22527429370504
0.342,2.19963379351853
0.3425,2.17300712063722
0.343,2.14473682639401
0.3435,2.11482291084889
0.344,2.08458027141719
0.3445,2.05335145942745
0.345,2.02113647490435
0.3455,1.98793531787017
0.346,1.95374798834447
0.3465,1.91857448634377
0.347,1.88274353619242
0.3475,1.84625513788735
0.348,1.8081231185137
0.3485,1.76933365099425
0.349,1.72988673531482
0.3495,1.6891249228732
0.35,1.64803438653396
0.3505,1.605957677689
0.351,1.56322352059958
0.3515,1.51983191523043
0.352,1.47578286154186
0.3525,1.43074763521034
0.353,1.38505496046766
0.3535,1.33837611298052
0.354,1.291697265522
0.3545,1.24370352091387
0.355,1.19538105191819
0.3555,1.14705858274129
0.356,1.09742121618002
0.3565,1.04778384927437
0.357,0.997160309081115
0.3575,0.94620804407438
0.358,0.894927054159188
0.3585,0.843646063538524
0.359,0.791378899206735
0.3595,0.738783009649785
0.36,0.68520094611808
0.3605,0.632605054414716
0.361,0.57935171283943
0.3615,0.525112196905584
0.362,0.471530128197315
0.3625,0.416961884860329
0.363,0.362393639821396
0.3635,0.308154117361596
0.364,0.252928419829193
0.3645,0.198360169053341
0.365,0.14313446731916
0.3655,0.0879087633118253
0.366,0.0330117813744905
0.3665,-0.0212277540897661
0.367,-0.0757960165338889
0.3675,-0.131021730604349
0.368,-0.186576171992359
0.3685,-0.240815718200772
0.369,-0.296370165516055
0.3695,-0.350938442287099
0.37,-0.404849273036183
0.3705,-0.459088831569154
0.371,-0.513657118046664
0.3715,-0.56691050939035
0.372,-0.620492628795086
0.3725,-0.6740747517309
0.373,-0.726670704153499
0.3735,-0.77926666016478
0.374,-0.831862619857069
0.3745,-0.883472408972441
0.375,-0.935082201808206
0.3755,-0.985705823957217
0.376,-1.03632944985205
0.3765,-1.08563818005261
0.377,-1.1349469139611
0.3775,-1.18425565165361
0.378,-1.23257821833685
0.3785,-1.27991461385329
0.379,-1.3272510130632
0.3795,-1.3732725159
0.38,-1.41929402235341
0.3805,-1.46432935722917
0.381,-1.50837852035197
0.3815,-1.55242768695438
0.382,-1.59450450611267
0.3825,-1.63756750410803
0.383,-1.67865815429173
0.3835,-1.71876263196638
0.384,-1.75853838747508
0.3845,-1.79699924491172
0.385,-1.83480265464278
0.3855,-1.87194861655431
0.386,-1.90777967980511
0.3865,-1.94328202029659
0.387,-1.97714073634288
0.3875,-2.01067072935266
0.388,-2.0425570974565
0.3885,-2.07378601677283
0.389,-2.1046862126884
0.3895,-2.1336140575521
0.39,-2.16221317870748
0.3905,-2.18916867386338
0.391,-2.21513799389635
0.3915,-2.24077858984251
0.392,-2.26477555918804
0.3925,-2.28745762730698
0.393,-2.30915351965239
0.3935,-2.32953451041811
0.394,-2.34925805078409
0.3945,-2.36733796358131
0.395,-2.38508915143494
0.3955,-2.40119671142423
0.396,-2.41598936909652
0.3965,-2.43045330154404
0.397,-2.44228742846202
0.3975,-2.45379282995261
0.398,-2.46365460291095
0.3985,-2.47285892454925
0.399,-2.48107706904135
0.3995,-2.48732285896421
0.4,-2.49291119739608
0.4005,-2.49685590692286
0.401,-2.50014316489061
0.4015,-2.5017867938843
0.402,-2.50244424548361
0.4025,-2.50145806808504
0.403,-2.49981443909265
0.4035,-2.49586972953763
0.404,-2.49291119739608
0.4045,-2.48666540738895
0.405,-2.480419617476
0.4055,-2.47220147299691
0.406,-2.46332587714191
0.4065,-2.45313537843034
0.407,-2.44130125120611
0.4075,-2.42946712431592
0.408,-2.41500319190226
0.4085,-2.40021053426446
0.409,-2.38410297431257
0.4095,-2.3660230608067
0.41,-2.34761442238575
0.4105,-2.32789088209499
0.411,-2.30718116575814
0.4115,-2.28548527351089
0.412,-2.26247447987913
0.4125,-2.23814878506195
0.413,-2.21316564042321
0.4135,-2.18653886938695
0.414,-2.15958337438813
0.4145,-2.1313129789165
0.415,-2.10172768320276
0.4155,-2.07181366391202
0.416,-2.0399272938198
0.4165,-2.00771220046252
0.417,-1.97451093306928
0.4175,-1.93999476643825
0.418,-1.90449242618683
0.4185,-1.86899008851253
0.419,-1.83118667619757
0.4195,-1.79338326673817
0.42,-1.75525113483718
0.4205,-1.71514665434462
0.421,-1.67471345173549
0.4215,-1.63362280185766
0.422,-1.59121725449873
0.4225,-1.54815426018978
0.423,-1.50410509392732
0.4235,-1.4600559311392
0.424,-1.41469187154356
0.4245,-1.36899909048521
0.425,-1.3229775879811
0.4255,-1.27564118910739
0.426,-1.22731861906009
0.4265,-1.18031095249717
0.427,-1.13067349020703
0.4275,-1.0813647566229
0.428,-1.03205602674012
0.4285,-0.981103676335576
0.429,-0.930151329718084
0.4295,-0.879527711585006
0.43,-0.826931748477054
0.4305,-0.774335789133781
0.431,-0.721739833462862
0.4315,-0.669472606061608
0.432,-0.615233034097579
0.4325,-0.562308364326904
0.433,-0.508397524020263
0.4335,-0.454486687081424
0.434,-0.399589679654123
0.4345,-0.345678849209651
0.435,-0.291439297284913
0.4355,-0.235556125715403
0.436,-0.18098785527157
0.4365,-0.126419587659531
0.437,-0.0705364248599882
0.4375,-0.0159681626642034
0.438,0.0386000970115988
0.4385,0.0938258031388511
0.439,0.148394058056765
0.4395,0.203291035172686
0.44,0.258188010157475
0.4405,0.313413707499198
0.441,0.367324505409607
0.4415,0.422221474652031
0.442,0.476789717830422
0.4425,0.529714337707509
0.443,0.583953853520473
0.4435,0.638193367963682
0.444,0.690460535225828
0.4445,0.743713874337488
0.445,0.796309763803902
0.4455,0.848576928054296
0.446,0.899857918603407
0.4465,0.951467632747133
0.447,1.00241989769548
0.4475,1.05238598926893
0.448,1.10235208042209
0.4485,1.15166072267267
0.449,1.19998319182922
0.4495,1.24863438508973
0.45,1.29597068113492
0.4505,1.34264952859338
0.451,1.38932837608636
0.4515,1.43502105084048
0.452,1.47972755290822
0.4525,1.52410533089916
0.453,1.56716821201054
0.4535,1.6102310934155
0.454,1.65197907800647
0.4545,1.69339833867457
0.455,1.73317397827202
0.4555,1.77294961828659
0.456,1.81173908584813
0.4565,1.84921365665179
0.457,1.88635950361752
0.4575,1.92219045381695
0.458,1.9573639558677
0.4585,1.99188000977003
0.459,2.02409499387153
0.4595,2.05630997843823
0.46,2.08786751481181
0.4605,2.11778142994829
0.461,2.1476953455391
0.4615,2.17530819111777
0.462,2.20226358839234
0.4625,2.22757536425295
0.463,2.25288714048348
0.4635,2.27655529522464
0.464,2.29923727717132
0.4645,2.32093308628962
0.465,2.34164272254564
0.4655,2.36136618590561
0.466,2.37911730314973
0.4665,2.39588224740844
0.467,2.41198974305378
0.4675,2.42678234125407
0.468,2.44091749078931
0.4685,2.45275156957943
0.469,2.46392819964047
0.4695,2.47444738095738
0.47,2.48299421583715
0.4705,2.49088360192794
0.471,2.49745809037232
0.4715,2.50206023230263
0.472,2.50699109867419
0.4725,2.50896344522795
0.473,2.51093579178465
0.4735,2.51093579178465
0.474,2.51027834293209
0.4745,2.50830599637637
0.475,2.50469002769852
0.4755,2.50041661018284
0.476,2.49515701941311
0.4765,2.48825380655921
0.477,2.48003569606498
0.4775,2.47083141237057
0.478,2.46064095549548
0.4785,2.44847815222697
0.479,2.43532917583985
0.4795,2.42152275076532
0.48,2.40607270381633
0.4805,2.38963648383876
0.481,2.37254281525698
0.4815,2.35347680053098
0.482,2.33408206165827
0.4825,2.31271497674021
0.483,2.29036171898052
0.4835,2.26735101278526
0.484,2.24302540943993
0.4845,2.21837108207956
0.485,2.19174440892028
0.4855,2.16413156309622
0.486,2.1365187176817
0.4865,2.10660480226263
0.487,2.07636216295362
0.4875,2.04447590241955
0.488,2.01226091802621
0.4885,1.97840231247276
0.489,1.94388625876238
0.4895,1.90871275689673
0.49,1.87222435825505
0.4905,1.83507851147026
0.491,1.79727521653472
0.4915,1.75782830054342
0.492,1.71805266069212
0.4925,1.67794829695137
0.493,1.63652903642429
0.4935,1.59412360338675
0.494,1.55171817066464
0.4945,1.5070116682381
0.495,1.46263389033172
0.4955,1.41792738832758
0.496,1.37190598933789
0.4965,1.32456969330962
0.497,1.27756212156916
0.4975,1.23022582549379
0.498,1.18190335645477
0.4985,1.13259471437032
0.499,1.08328607200031
0.4995,1.03364870498239
0.5,0.982038991783164
0.5005,0.931744175190408
0.501,0.880463185084901
0.5015,0.828196021341396
0.502,0.776586305366209
0.5025,0.723661691218142
0.503,0.670737076014246
0.5035,0.617483735331483
0.504,0.563572944714423
0.5045,0.509990877052497
0.505,0.455751359208502
0.5055,0.401511839755418
0.506,0.347272318591987
0.5065,0.292046622454555
0.507,0.237807097530948
0.5075,0.181923948530373
0.508,0.127026970556588
0.5085,0.0727874391849877
0.509,0.0169042832188172
0.5095,-0.0366778040386264
0.51,-0.0922322406729107
0.5105,-0.147129231064947
0.511,-0.202026224258248
0.5115,-0.256923220357795
0.512,-0.311820219468572
0.5125,-0.366717221695562
0.513,-0.421285502550433
0.5135,-0.474538888238685
0.514,-0.529435900319121
0.5145,-0.582360568003237
0.515,-0.636271413092116
0.5155,-0.68952481238823
0.516,-0.742449490575871
0.5165,-0.794387998195239
0.517,-0.846983958962906
0.5175,-0.898265024369212
0.518,-0.949874818287416
0.5185,-1.00082716636091
0.519,-1.05112206852741
0.5195,-1.10075952472016
0.52,-1.14941080995531
0.5205,-1.19806209889598
0.521,-1.24638466665157
0.5215,-1.29372106323832
0.522,-1.34072873852314
0.5225,-1.38675024241268
0.523,-1.43211429980358
0.5235,-1.47780708587815
0.524,-1.52152752494114
0.5245,-1.5642617920147
0.525,-1.60732478759808
0.5255,-1.64973033623052
0.526,-1.69016353691657
0.5265,-1.73059674072298
0.527,-1.77037249714636
0.5275,-1.80850463018146
0.528,-1.84597931545711
0.5285,-1.88246782751314
0.529,-1.91829889153236
0.5295,-1.95314378200588
0.53,-1.98765994958198
0.5305,-2.02020376701341
0.531,-2.05209013576324
0.5315,-2.08331905571822
0.532,-2.11323307575375
0.5325,-2.14248964668379
0.533,-2.16977386621072
0.5335,-2.19705808738506
0.534,-2.22335613346168
0.5345,-2.24768182746583
0.535,-2.27167879718705
0.5355,-2.29403214002491
0.536,-2.31507058138888
0.5365,-2.33578029810303
0.537,-2.35517511307018
0.5375,-2.37325502611714
0.538,-2.38969131136956
0.5385,-2.40514142008627
0.539,-2.42026280363162
0.5395,-2.4337405589878
0.54,-2.44590341175355
0.5405,-2.45675136181565
0.541,-2.46694186061555
0.5415,-2.47548873076903
0.542,-2.4833781495283
0.5425,-2.48863776211786
0.543,-2.49389737477424
0.5435,-2.49817081010682
0.544,-2.5008006164873
0.5445,-2.5017867938843
0.545,-2.50244424548361
0.5455,-2.50112934228604
0.546,-2.49948571329496
0.5465,-2.49554100374308
0.547,-2.4909388426468
0.5475,-2.48535050424156
0.548,-2.47811853700546
0.5485,-2.46957166679792
0.549,-2.46036734523227
0.5495,-2.44951939507632
0.55,-2.43735654220565
0.5505,-2.42453623821002
0.551,-2.41072975742042
0.5515,-2.39560837421586
0.552,-2.37884336303183
0.5525,-2.36142090112735
0.553,-2.34235481155328
0.5535,-2.32230254584309
0.554,-2.30159282977301
0.5545,-2.27891076092148
0.555,-2.25589996763419
0.5555,-2.23124554758717
0.556,-2.20626240333584
0.5565,-2.17996435826312
0.557,-2.15169396152159
0.5575,-2.12342356653954
0.558,-2.09318082035088
0.5585,-2.0622806252026
0.559,-2.03105170665465
0.5595,-1.99817916305317
0.56,-1.96464917092188
0.5605,-1.93013300499715
0.561,-1.89463066546445
0.5615,-1.85781342718093
0.562,-1.82066746632359
0.5625,-1.78253533237226
0.563,-1.74341702551503
0.5635,-1.70364127116993
0.564,-1.66255061903959
0.5645,-1.62113124492357
0.565,-1.57905442370038
0.5655,-1.53566270522195
0.566,-1.49194226505136
0.5665,-1.44723565306225
0.567,-1.40187159448099
0.5675,-1.35617881442745
0.568,-1.30949986292238
0.5685,-1.26216346510541
0.569,-1.21449834600997
0.5695,-1.16551833087986
0.57,-1.1171957693221
0.5705,-1.06657213727288
0.571,-1.01693468363926
0.5715,-0.966639784011266
0.572,-0.916016163251678
0.5725,-0.864077647026086
0.573,-0.812139134535232
0.5735,-0.759214451506321
0.574,-0.707275946284894
0.5745,-0.65402254579539
0.575,-0.60076914885411
0.5755,-0.546858306084061
0.576,-0.492947466752747
0.5765,-0.439365355360529
0.577,-0.384797073428397
0.5775,-0.330228794713163
0.578,-0.275331794569127
0.5785,-0.221092246520951
0.579,-0.165537803315375
0.5795,-0.110969536486379
0.58,-0.0554150989329451
0.5805,-0.000518112986659006
0.581,0.0537214215499425
0.5815,0.108947127018028
0.582,0.164172830146797
0.5825,0.218412357831794
0.583,0.273638056639588
0.5835,0.328535029046926
0.584,0.383431999562646
0.5845,0.437342795215937
0.585,0.491253589245633
0.5855,0.545821830431257
0.586,0.599075172831946
0.5865,0.652657238263455
0.587,0.706568026800209
0.5875,0.757849019726754
0.588,0.811431081852049
0.5885,0.863698245857859
0.589,0.914321787602878
0.5895,0.965931501564334
0.59,1.01622631778208
0.5905,1.06619240923149
0.591,1.11582977600037
0.5915,1.16480969389309
0.592,1.21444706011103
0.5925,1.26178335622037
0.593,1.30911965225022
0.5935,1.35612722398989
0.594,1.40181989866903
0.5945,1.44784129773926
0.595,1.49221907557909
0.5955,1.53659685363704
0.596,1.57933101054336
0.5965,1.62239389204041
0.597,1.66381315244397
0.5975,1.70490368893082
0.598,1.7450080529417
0.5985,1.78445496878749
0.599,1.82225826357169
0.5995,1.86071900743061
0.6,1.89654995729554
0.6005,1.93238090763207
0.601,1.9672256855036
0.6015,2.00075556656911
0.602,2.03395672379054
0.6025,2.06584298416763
0.603,2.09674307200371
0.6035,2.1259995385811
0.604,2.15525600559753
0.6045,2.18352630000047
0.605,2.20949552431537
0.6055,2.23546474901191
0.606,2.26011907661873
0.6065,2.28312978271287
0.607,2.30581176475167
0.6075,2.32685012519181
0.608,2.34690231275005
0.6085,2.36629705178567
0.609,2.38371944469197
0.6095,2.4011418378036
0.61,2.41659188469971
0.6105,2.43138448294769
0.611,2.44420473488762
0.6115,2.45603881370565
0.612,2.46754416820905
0.6125,2.47707717629927
0.613,2.48529528677553
0.6135,2.49252722403601
0.614,2.49877298806507
0.6145,2.50370385442445
0.615,2.50764854752512
0.6155,2.50994961850594
0.616,2.51093579178465
0.6165,2.51060706735833
0.617,2.51027834293209
0.6175,2.50666237424885
0.618,2.50403257884906
0.6185,2.49943043691193
0.619,2.49285594845787
0.6195,2.48529528677553
0.62,2.47740590071737
0.6205,2.46754416820905
0.621,2.45702498694504
0.6215,2.44453345929787
0.622,2.43204193176228
0.6225,2.41692060910356
0.623,2.40147056220392
0.6235,2.38503434227809
0.624,2.36662577617825
0.6245,2.34788848591539
0.625,2.32816502272867
0.6255,2.30646921351119
0.626,2.28411595583838
0.6265,2.26044780098926
0.627,2.23645092210933
0.6275,2.21015297303711
0.628,2.18385502435655
0.6285,2.15657090300209
0.629,2.12698571161936
0.6295,2.09838669371017
0.63,2.06650043284021
0.6305,2.03494289678486
0.631,2.00272791252908
0.6315,1.96821185846938
0.632,1.93402452921893
0.6325,1.89819357886007
0.633,1.86170518035662
0.6335,1.82423060939878
0.634,1.78576986599007
0.6345,1.74698039872365
0.635,1.70621858610501
0.6355,1.66578549818651
0.636,1.62403751347838
0.6365,1.58130335625366
0.637,1.53791175076858
0.6375,1.49386269698441
0.638,1.44948491913749
0.6385,1.40412096861934
0.639,1.35842829393603
0.6395,1.3110919979174
0.64,1.26342697761124
0.6405,1.21641940578471
0.641,1.16743948813511
0.6415,1.11845957025678
0.642,1.06915092779088
0.6425,1.01819866350572
0.643,0.967903847308474
0.6435,0.916622857665989
0.644,0.86567059165342
0.6445,0.813403427678954
0.645,0.760478814209895
0.6455,0.70788292406711
0.646,0.65462958420654
0.6465,0.601376243152758
0.647,0.548451625149527
0.6475,0.493883384036555
0.648,0.439972590083516
0.6485,0.385075621406304
0.649,0.330836099704596
0.6495,0.276596576160603
0.65,0.221042153060513
0.6505,0.166473901061308
0.651,0.111248198027691
0.6515,0.0560224926592108
0.652,0.00244040714150988
0.6525,-0.0531140276137412
0.653,-0.108339740563629
0.6535,-0.16257928275372
0.654,-0.218462450325781
0.6545,-0.273359447315883
0.655,-0.327598998228046
0.6555,-0.382167276790854
0.656,-0.437064283164536
0.6565,-0.490975119036258
0.657,-0.544557233604029
0.6575,-0.59879680088614
0.658,-0.651721473015393
0.6585,-0.704974873349597
0.659,-0.757242103142394
0.6595,-0.80950933653215
0.66,-0.862105298382826
0.6605,-0.913386364870624
0.661,-0.964667435081489
0.6615,-1.01529105940962
0.662,-1.06492851292113
0.6625,-1.11522341994788
0.663,-1.16354598135699
0.6635,-1.21219727138795
0.664,-1.26019111527644
0.6645,-1.30752751293923
0.665,-1.3542064642895
0.6655,-1.4002279692371
0.666,-1.44559202768865
0.6665,-1.4899699144477
0.667,-1.53369035446342
0.6675,-1.5774107979377
0.668,-1.61981634421062
0.6685,-1.66156444342787
0.669,-1.70199764502285
0.6695,-1.74144467398781
0.67,-1.7808917059734
0.6705,-1.81902383980071
0.671,-1.85649852586437
0.6715,-1.89298703869667
0.672,-1.92816065273301
0.6725,-1.96366299471829
0.673,-1.99719298678036
0.6735,-2.02940807942022
0.674,-2.06129444879552
0.6745,-2.09219464387815
0.675,-2.12112248795521
0.6755,-2.1503790593905
0.676,-2.17766327939246
0.6765,-2.2046187754736
0.677,-2.2299306452232
0.6775,-2.25491379080591
0.678,-2.27825330966796
0.6785,-2.3002779271987
0.679,-2.32164509452409
0.6795,-2.34136863452935
0.68,-2.36043472405964
0.6805,-2.37785718592392
0.681,-2.39495092278442
0.6815,-2.41040103169284
0.682,-2.42420751247168
0.6825,-2.43801399370315
0.683,-2.44919066931841
0.6835,-2.46003861946583
0.684,-2.46957166679792
0.6845,-2.477789811225
0.685,-2.48502177845537
0.6855,-2.49159629422885
0.686,-2.49521227794879
0.6865,-2.49915698749753
0.687,-2.50112934228604
0.6875,-2.50244424548361
0.688,-2.50244424548361
0.6885,-2.5008006164873
0.689,-2.49915698749753
0.6895,-2.49422610056749
0.69,-2.48962393948584
0.6905,-2.48370687531319
0.691,-2.47581745654768
0.6915,-2.46727058638744
0.692,-2.4570800875795
0.6925,-2.44656086326446
0.693,-2.43439801047964
0.6935,-2.42059152936688
0.694,-2.40612759725752
0.6945,-2.39067748850489
0.695,-2.37358375181598
0.6955,-2.35583256444033
0.696,-2.33643774944354
0.6965,-2.3160567583528
0.697,-2.29501831694114
0.6975,-2.27200752280876
0.698,-2.24866800427796
0.6985,-2.22401358463346
0.699,-2.19804426408503
0.6995,-2.1707600428509
0.7,-2.14380454879208
0.7005,-2.11421925227151
0.701,-2.0846339576571
0.7015,-2.0534050376139
0.702,-2.02184739421574
0.7025,-1.98831740041712
0.703,-1.95380123279367
0.7035,-1.91895634227285
0.704,-1.88378272889878
0.7045,-1.84696549142334
0.705,-1.80916208077622
0.7055,-1.77102994769169
0.706,-1.73191164171264
0.7065,-1.69180716302643
0.707,-1.65104523701718
0.7075,-1.60896841345158
0.708,-1.56590541773775
0.7085,-1.52284242541716
0.709,-1.47912198625138
0.7095,-1.43375792513842
0.71,-1.38938004274414
0.7105,-1.34270108861611
0.711,-1.29569341317621
0.7115,-1.24901446636568
0.712,-1.20003444852683
0.7125,-1.15171188434818
0.713,-1.10273187405045
0.7135,-1.05309441770893
0.714,-1.00279951539484
0.7145,-0.952175891990207
0.715,-0.900566097902979
0.7155,-0.848956307565037
0.716,-0.797346520889148
0.7165,-0.745408013066225
0.717,-0.691497160579086
0.7175,-0.638901210504899
0.718,-0.58564781455367
0.7185,-0.531736972758177
0.719,-0.477497409759492
0.7195,-0.423586574706153
0.72,-0.36868956914028
0.7205,-0.314450015910539
0.721,-0.259881741190248
0.7215,-0.204327295891955
0.722,-0.149759027081345
0.7225,-0.0945333120715968
0.723,-0.0393075997949695
0.7235,0.0149319364912136
0.724,0.0695001947857622
0.7245,0.124725899574566
0.725,0.179622877641685
0.7255,0.234848577932599
0.726,0.289745551739827
0.7265,0.343985074827908
0.727,0.399210769196061
0.7275,0.452792840008015
0.728,0.507032357937168
0.7285,0.561271874352965
0.729,0.614853940698003
0.7295,0.668764730084385
0.73,0.720703172384547
0.7305,0.773956510897864
0.731,0.826223675523709
0.7315,0.878162114999599
0.732,0.929771829429576
0.7325,0.980066646045105
0.733,1.03101891069159
0.7335,1.0809850020148
0.734,1.12996492011847
0.7345,1.17960228649608
0.735,1.22825347982175
0.7355,1.275918500179
0.736,1.32292607192031
0.7365,1.36993364366897
0.737,1.41562631837541
0.7375,1.46000409609165
0.738,1.50503932254876
0.7385,1.54941710068005
0.739,1.59149380910073
0.7395,1.6342279664056
0.74,1.67564722691222
0.7405,1.71640903921959
0.741,1.75618467905348
0.7415,1.79530287072424
0.742,1.83343488994181
0.7425,1.87090946101563
0.743,1.90706913532578
0.7435,1.9429000858063
0.744,1.97642996653325
0.7445,2.01061729638593
0.745,2.04250355642275
0.7455,2.07438981692721
0.746,2.10496118054944
0.7465,2.13421764724856
0.747,2.16314539003873
0.7475,2.1904295114906
0.748,2.21738490899243
0.7485,2.24203923633873
0.749,2.26636483966979
0.7495,2.29003299460402
0.75,2.31140007921627
0.7505,2.33276716411641
0.751,2.35249062736204
0.7515,2.37122791768191
0.752,2.3889790350435
0.7525,2.40541525501366
0.753,2.42086530195559
0.7535,2.43500045143175
0.754,2.44814942781579
0.7545,2.45965478225351
0.755,2.46984523912129
0.7555,2.47970697164625
0.756,2.48858253098002
0.7565,2.49449957056836
0.757,2.50041661018284
0.7575,2.50501875212337
0.758,2.50863472080212
0.7585,2.51027834293209
0.759,2.51093579178465
0.7595,2.51093579178465
0.76,2.50896344522795
0.7605,2.50600492539841
0.761,2.50238895672683
0.7615,2.49712936594933
0.762,2.49121232634939
0.7625,2.48332294025668
0.763,2.47411865654001
0.7635,2.46458564847041
0.764,2.4530802939917
0.7645,2.44124621519879
0.765,2.42743979006653
0.7655,2.41297591626238
0.766,2.3965396962068
0.7665,2.37977475194061
0.767,2.36235235908034
0.7675,2.34197144693289
0.768,2.32159053505543
0.7685,2.30022345030665
0.769,2.27721274397228
0.7695,2.2542020379603
0.77,2.22856153734585
0.7705,2.20324976147102
0.771,2.17629436418175
0.7715,2.14835279423863
0.772,2.1194250516721
0.7725,2.08885368783122
0.773,2.05762487577767
0.7735,2.02573861552165
0.774,1.99253745842065
0.7745,1.95835012882951
0.775,1.92350535108116
0.7755,1.88767440086417
0.776,1.85085727818887
0.7765,1.81305398306166
0.777,1.77459323978436
0.7775,1.73481759975169
0.778,1.6947132358451
0.7785,1.65329397516471
0.779,1.61154599056279
0.7795,1.56979800628588
0.78,1.52542022802848
0.7805,1.48169989859199
0.781,1.43699339651638
0.7815,1.39097199747838
0.782,1.34495059853888
0.7825,1.29728557824653
0.783,1.25027800648145
0.7835,1.20162681322563
0.784,1.15330434407619
0.7845,1.10432442611799
0.785,1.05370088640958
0.7855,1.0037347948482
0.786,0.952782529914314
0.7865,0.901830264379286
0.787,0.850220549557941
0.7875,0.7979533853345
0.788,0.746343668833971
0.7885,0.692761605457
0.789,0.639836989593163
0.7895,0.586912372524505
0.79,0.532344132446708
0.7905,0.478433339587737
0.791,0.424851269541982
0.7915,0.369625576012416
0.792,0.315386053796249
0.7925,0.259831632131244
0.793,0.204934657208643
0.7935,0.150695128998008
0.794,0.0948119764407084
0.7945,0.0402437192529782
0.795,-0.0146532648114743
0.7955,-0.0688928024668961
0.796,-0.123789791699781
0.7965,-0.179015508200742
0.797,-0.233583778540425
0.7975,-0.289138225452214
0.798,-0.34370650181314
0.7985,-0.397946056728415
0.799,-0.452514339451119
0.7995,-0.506096451643798
0.8,-0.56000729180466
0.8005,-0.61358941076157
0.801,-0.666842808548294
0.8015,-0.720424934617342
0.802,-0.772692165463958
0.8025,-0.824959399934317
0.803,-0.877226638119025
0.8035,-0.9278502560879
0.804,-0.979131327364334
0.8045,-1.02975495276805
0.805,-1.07972113223426
0.8055,-1.12870114079164
0.806,-1.17800987800064
0.8065,-1.22567499429527
0.807,-1.27366883923481
0.8075,-1.32133396295767
0.808,-1.36735546533397
0.8085,-1.41304824626323
0.809,-1.45874103081031
0.8095,-1.50279019349555
0.81,-1.54618190938655
0.8105,-1.58957362869923
0.811,-1.63197917592861
0.8115,-1.67306982567912
0.812,-1.71317430292518
0.8125,-1.75327878326455
0.813,-1.79239709087713
0.8135,-1.82954304964021
0.814,-1.8670177364945
0.8145,-1.9031775247457
0.815,-1.93867986490117
0.8155,-1.9731960314379
0.816,-2.00639729873949
0.8165,-2.03894111745983
0.817,-2.06984131105957
0.8175,-2.10074150671177
0.818,-2.12999807684423
0.8185,-2.15859719777231
0.819,-2.18588141827025
0.8195,-2.21217946368991
0.82,-2.23749133386924
0.8205,-2.26148830303613
0.821,-2.28449909661619
0.8215,-2.30685244010997
0.822,-2.32756215643111
0.8225,-2.34695697102818
0.823,-2.3653656094209
0.8235,-2.3827880714863
0.824,-2.39922435710699
0.8245,-2.4143457404407
0.825,-2.4281522213487
0.8255,-2.44097252545465
0.826,-2.45214920114887
0.8265,-2.46266842560462
0.827,-2.47187274722113
0.8275,-2.480419617476
0.828,-2.48633668160171
0.8285,-2.49225374581194
0.829,-2.49652718112752
0.8295,-2.49981443909265
0.83,-2.50211551968382
0.8305,-2.50244424548361
0.831,-2.5017867938843
0.8315,-2.50014316489061
0.832,-2.49718463271845
0.8325,-2.49356864898126
0.833,-2.48765158475223
0.8335,-2.48107706904135
0.834,-2.47417382765706
0.8345,-2.46431205444979
0.835,-2.45445028147592
0.8355,-2.44327360572025
0.836,-2.43045330154404
0.8365,-2.41697554629309
0.837,-2.4021828885863
0.8375,-2.38574660285112
0.838,-2.36865286635997
0.8385,-2.35057295350729
0.839,-2.33084941308111
0.8395,-2.31013969660287
0.84,-2.28844380420836
0.8405,-2.26609046165569
0.841,-2.24110731544118
0.8415,-2.21645289621662
0.842,-2.19048357610737
0.8425,-2.16319935533117
0.843,-2.13492895963478
0.8435,-2.10567238918784
0.844,-2.07608709512103
0.8445,-2.04420072473692
0.845,-2.01231435652184
0.8455,-1.97911308880757
0.846,-1.94459692184619
0.8465,-1.9097520319867
0.847,-1.8732635179119
0.8475,-1.83611755590207
0.848,-1.79864287136278
0.8485,-1.75985328853615
0.849,-1.72040625816641
0.8495,-1.67997305515039
0.85,-1.63921113005429
0.8505,-1.59680558225432
0.851,-1.55407131264192
0.8515,-1.51100832124495
0.852,-1.46597298265696
0.8525,-1.42126637271174
0.853,-1.37557359113626
0.8535,-1.32922336311143
0.854,-1.28221568872893
0.8545,-1.23422184312001
0.855,-1.1862280012411
0.8555,-1.13724798830199
0.856,-1.0879392542186
0.8565,-1.0386305238467
0.857,-0.988006897779643
0.8575,-0.936725825845967
0.858,-0.885773482458479
0.8585,-0.833177518897338
0.859,-0.782225182798903
0.8595,-0.729300501868065
0.86,-0.676704549268224
0.8605,-0.622793701485939
0.861,-0.56954030658083
0.8615,-0.515958190443318
0.862,-0.461718628430004
0.8625,-0.407150345150337
0.863,-0.353239514267689
0.8635,-0.29834251281548
0.864,-0.243774238985809
0.8645,-0.188219794562965
0.865,-0.133322802084055
0.8655,-0.0780970878989069
0.866,-0.023528825345835
0.8665,0.0303819857717548
0.867,0.0859364166967517
0.8675,0.140833396364979
0.868,0.195401649373449
0.8685,0.250956073451274
0.869,0.305853046670828
0.8695,0.360092569208526
0.87,0.414989538684369
0.8705,0.468900333375197
0.871,0.523139850844359
0.8715,0.576721918160097
0.872,0.631290157107108
0.8725,0.683228600199816
0.873,0.736153215146029
0.8735,0.789735277672545
0.874,0.841344993428666
0.8745,0.892954708379678
0.875,0.943906974028006
0.8755,0.995187963349284
0.876,1.04515405499013
0.8765,1.09544887048224
0.877,1.14475751277475
0.8775,1.193737430521
0.878,1.24173117524321
0.8785,1.28939619557646
0.879,1.33640376731314
0.8795,1.38242516624116
0.88,1.42910401381448
0.8805,1.47348179157887
0.881,1.51851701810207
0.8815,1.56125117489501
0.882,1.60464278054306
0.8825,1.64606204079893
0.883,1.68781002570442
0.8835,1.72857183813273
0.884,1.76801875379797
0.8845,1.8068082213022
0.885,1.84461151635282
0.8855,1.88142863894809
0.886,1.91791703771282
0.8865,1.9524330910646
0.887,1.98727786922084
0.8875,2.02047902624551
0.888,2.05269401075894
0.8885,2.0839228227389
0.889,2.11416546216074
0.8895,2.14342192899766
0.89,2.172020947575
0.8905,2.19831889608308
0.891,2.22527429370504
0.8915,2.24959989679592
0.892,2.27359677586353
0.8925,2.29627875776895
0.893,2.31830329122915
0.8935,2.33868420306357
0.894,2.35840766638531
0.8945,2.37681623238397
0.895,2.39390990101514
0.8955,2.41034612104095
0.896,2.42513871922424
0.8965,2.43861641992508
0.897,2.45110794751923
0.8975,2.46195585315253
0.898,2.4724750344543
0.8985,2.48200804257904
0.899,2.48989742866406
0.8995,2.4958144682582
0.9,2.50107405903051
0.9005,2.50567620097332
0.901,2.50863472080212
0.9015,2.50994961850594
0.902,2.51060706735833
0.9025,2.50994961850594
0.903,2.50830599637637
0.9035,2.5053474765483
0.904,2.50041661018284
0.9045,2.49515701941311
0.905,2.48858253098002
0.9055,2.4813505937407
0.906,2.47181758562057
0.9065,2.46096967990963
0.907,2.44979304987248
0.9075,2.43664407347302
0.908,2.42283764838568
0.9085,2.40837377462801
0.909,2.39160883022631
0.9095,2.37418643722745
0.91,2.35577787126101
0.9105,2.33638313235921
0.911,2.31567349617307
0.9115,2.29332023837203
0.912,2.27096698088033
0.9125,2.24664137748257
0.913,2.22198705007045
0.9135,2.19536037685684
0.914,2.16840497968472
0.9145,2.14013468551077
0.915,2.1102207700364
0.9155,2.07997813067356
0.916,2.04907804308575
0.9165,2.01653433429651
0.917,1.9833331773287
0.9175,1.94815967490983
0.918,1.91331489730077
0.9185,1.8771552229083
0.919,1.84000937606093
0.9195,1.80220608106614
0.92,1.76341661361486
0.9205,1.72331224940887
0.921,1.68320788561686
0.9215,1.64113117646489
0.922,1.59905446767631
0.9225,1.55664903492001
0.923,1.51325742959079
0.9235,1.46855092737423
0.924,1.42318697679096
0.9245,1.37782302634546
0.925,1.33114417886698
0.9255,1.28413660712914
0.926,1.23647158678718
0.9265,1.18782039348933
0.927,1.13916919999642
0.9275,1.09051800623539
0.928,1.03956574213215
0.9285,0.989270926148994
0.929,0.937989936760114
0.9295,0.887037671034839
0.93,0.835099231693818
0.9305,0.783160791526708
0.931,0.730893626130851
0.9315,0.677311562435611
0.932,0.624058221901765
0.9325,0.570147431447512
0.933,0.516894088304182
0.9335,0.462983295011794
0.934,0.408415051415049
0.9345,0.353846806100207
0.935,0.29927855896416
0.9355,0.245039034301696
0.936,0.189813334405522
0.9365,0.133930183478682
0.937,0.0800193768332677
0.9375,0.0244649456449266
0.938,-0.0297745902064749
0.9385,-0.0840141285733637
0.939,-0.139568567553571
0.9395,-0.194794284871232
0.94,-0.250348729650297
0.9405,-0.30458827929
0.941,-0.359485281100467
0.9415,-0.413724836937023
0.942,-0.467964396005839
0.9425,-0.521875233777308
0.943,-0.57611479959329
0.9435,-0.629368194924328
0.944,-0.682292869064113
0.9445,-0.734888822041358
0.945,-0.787813503361861
0.9455,-0.840409463661035
0.946,-0.891690528599449
0.9465,-0.943300322035684
0.947,-0.993595219952088
0.9475,-1.04454757129788
0.948,-1.09352757722681
0.9485,-1.14415121137417
0.949,-1.19181632510589
0.9495,-1.23981016741551
0.95,-1.28714656349187
0.9505,-1.33415423826059
0.951,-1.38050446667302
0.9515,-1.42652597370037
0.952,-1.470903858969
0.9525,-1.51561047283755
0.953,-1.55867346459325
0.9535,-1.60140773456699
0.954,-1.643155832346
0.9545,-1.68490393339964
0.955,-1.72533713679777
0.9555,-1.76478416754524
0.956,-1.80324502545419
0.9565,-1.84104843565522
0.957,-1.87753694734826
0.9575,-1.91336801100697
0.958,-1.94887035190711
0.9585,-1.98240034293346
0.959,-2.01593033631413
0.9595,-2.04814543023347
0.96,-2.07904562444262
0.9605,-2.10961709520671
0.961,-2.13854494038171
0.9615,-2.1668153363031
0.962,-2.19344210617041
0.9625,-2.2194114264514
0.963,-2.24472329704265
0.9635,-2.26839154098352
0.964,-2.2910736092896
0.9645,-2.31244077616271
0.965,-2.333150492751
0.9655,-2.35254530759963
0.966,-2.37062522053555
0.9665,-2.38739023139603
0.967,-2.40349779147262
0.9675,-2.41829044922542
0.968,-2.43176820451846
0.9685,-2.44360233147351
0.969,-2.45510773300026
0.9695,-2.46529823176001
0.97,-2.47450255343467
0.9705,-2.48239197217519
0.971,-2.48798031054052
0.9715,-2.49356864898126
0.972,-2.49751335851431
0.9725,-2.50047189068882
0.973,-2.50211551968382
0.9735,-2.5017867938843
0.974,-2.50145806808504
0.9745,-2.49915698749753
0.975,-2.49619845533244
0.9755,-2.49159629422885
0.976,-2.48567923002802
0.9765,-2.47910471434842
0.977,-2.47121529567034
0.9775,-2.46233969983636
0.978,-2.45083429811053
0.9785,-2.43932889670124
0.979,-2.42650859264545
0.9795,-2.41237338606217
0.98,-2.39725200279891
0.9805,-2.38048699155009
0.981,-2.36306452957858
0.9815,-2.34465589128458
0.982,-2.32460362546748
0.9825,-2.30422263493354
0.983,-2.2818692915745
0.9835,-2.25820104690876
0.984,-2.23453280351414
0.9845,-2.20922093350308
0.985,-2.18259416270113
0.9855,-2.15498121686598
0.986,-2.12671082168007
0.9865,-2.09745425175703
0.987,-2.06688278179657
0.9875,-2.03499641204069
0.988,-2.00311004444789
0.9885,-1.96925132656542
0.989,-1.93440643493032
0.9895,-1.89857536972958
0.99,-1.86208685648383
0.9905,-1.82559834592454
0.991,-1.78812366216816
0.9915,-1.74867662962456
0.992,-1.70922960010873
0.9925,-1.66813894754073
0.993,-1.62639084780765
0.9935,-1.58464275133065
0.994,-1.54190848267047
0.9945,-1.49720186669501
0.995,-1.45348142952517
0.9955,-1.4084460955032
0.996,-1.36242458990785
0.9965,-1.3160743629131
0.997,-1.26808051463054
0.9975,-1.22074412002696
0.998,-1.17176410440944
0.9985,-1.12344154238012
0.999,-1.07380408446918
0.9995,-1.0238379054475
1,-0.973871730135395
1.0005,-0.922919384048616
1.001,-0.870323417765297
1.0015,-0.818713629583853
1.002,-0.766446395551287
1.0025,-0.713850440423257
1.003,-0.661583213547781
1.0035,-0.607672366779333
1.004,-0.554090248204984
1.0045,-0.499850683795688
1.005,-0.446268571983961
1.0055,-0.3920290142202
1.006,-0.336803285957618
1.0065,-0.282563734531369
1.007,-0.227995461565431
1.0075,-0.172441017991302
1.008,-0.117544026320708
1.0085,-0.0629757618714257
1.009,-0.00742132664755434
1.0095,0.0464894837502724
1.01,0.101715189532612
1.0105,0.156283444124717
1.011,0.211509145333424
1.0115,0.266406120008216
1.012,0.321631817053944
1.0125,0.376200063431487
1.013,0.430439583670132
1.0135,0.484679102252435
1.014,0.538918619279652
1.0145,0.592829410520407
1.015,0.645754027449694
1.0155,0.699664816137949
1.016,0.751931982130686
1.0165,0.80419914714267
1.017,0.856795035564536
1.0175,0.908076025996152
1.018,0.959357015744238
1.0185,1.0096518320312
1.019,1.0602753721085
1.0195,1.11024146320253
1.02,1.15922138112654
1.0205,1.2078725745302
1.021,1.25586631921243
1.0215,1.30320261524854
1.022,1.35053891126406
1.0225,1.39623158593372
1.023,1.44225298498692
1.0235,1.48663076280322
1.024,1.53100854083065
1.0245,1.5744001462704
1.025,1.61647685486803
1.0255,1.65888228809133
1.026,1.69931537594521
1.0265,1.73941973989857
1.027,1.77919537998228
1.0275,1.81732739900941
1.028,1.85545941849755
1.0285,1.89227654123241
1.029,1.92777876719446
1.0295,1.96262354500189
1.03,1.99648215032828
1.0305,2.02968330748691
1.031,2.06091211912983
1.0315,2.09246965557315
1.032,2.12238357077842
1.0325,2.15131131338936
1.033,2.17958160773217
1.0335,2.20653700507057
1.034,2.23152005662792
1.0345,2.25650310854721
1.035,2.28049998771441
1.0355,2.30285324533717
1.036,2.32454905450497
1.0365,2.3446012420334
1.037,2.36399598103964
1.0375,2.38174709831497
1.038,2.39884076700338
1.0385,2.41429081387491
1.039,2.42875468769236
1.0395,2.4425611128375
1.04,2.45439519164156
1.0405,2.46524309730067
1.041,2.47576227862769
1.0415,2.48365166467629
1.042,2.49186977519254
1.0425,2.49778681479539
1.043,2.50238895672683
1.0435,2.50633364982359
1.044,2.50929216965387
1.0445,2.51093579178465
1.045,2.51060706735833
1.0455,2.50962089407986
1.046,2.50797727195071
1.0465,2.50436130327375
1.047,2.49975916133549
1.0475,2.49285594845787
1.048,2.48661018445636
1.0485,2.47872079839054
1.049,2.46918779028882
1.0495,2.45866860901225
1.05,2.44584835693967
1.0505,2.43368555380011
1.051,2.41889295552821
1.0515,2.40344290860745
1.052,2.38733541305663
1.0525,2.3695842957147
1.053,2.35117572980443
1.0535,2.33046609342084
1.054,2.3094277329324
1.0545,2.28773192397038
1.055,2.26373504469807
1.0555,2.23940944140497
1.056,2.21409766537269
1.0565,2.18747099227733
1.057,2.1605155952213
1.0575,2.13125912812426
1.058,2.10167393712712
1.0585,2.07110257355401
1.059,2.03921631309871
1.0595,2.00733005310893
1.06,1.97347144762702
1.0605,1.93862666966777
1.061,1.90345316787326
1.0615,1.86630732068244
1.062,1.82883274966686
1.0625,1.79102945480555
1.063,1.75256871177826
1.0635,1.71180689910012
1.064,1.67104508683751
1.0645,1.62929710208342
1.065,1.58656294481768
1.0655,1.54415751214674
1.066,1.4997797340461
1.0665,1.45540195617302
1.067,1.41069545419329
1.0675,1.36434533094106
1.068,1.31766648347458
1.0685,1.2703301874519
1.069,1.22233644280429
1.0695,1.17434269801732
1.07,1.12503405589402
1.0705,1.07539668918952
1.071,1.02543059781946
1.0715,0.974478333116063
1.072,0.923854792141315
1.0725,0.872245077630594
1.073,0.820306638063349
1.0735,0.768039473335346
1.074,0.715114859023141
1.0745,0.662518967962565
1.075,0.608279454100783
1.0755,0.555026111930458
1.076,0.501772768387676
1.0765,0.44720452594953
1.077,0.392965006233658
1.0775,0.338396760413637
1.078,0.283499788353846
1.0785,0.22893153871784
1.079,0.173705838196053
1.0795,0.119137584315809
1.08,0.0632544304036353
1.0805,0.00868617183256326
1.081,-0.0452246402685326
1.0815,-0.100779077320543
1.082,-0.155018619133473
1.0825,-0.21090178630218
1.083,-0.265470058342135
1.0835,-0.320038333373516
1.084,-0.375592785229607
1.0845,-0.429174892822987
1.085,-0.484071902063676
1.0855,-0.537654016201444
1.086,-0.591236133719371
1.0865,-0.645146979394694
1.087,-0.697742929882873
1.0875,-0.750667608632936
1.088,-0.802934841565263
1.0885,-0.854544628633468
1.089,-0.906811868960797
1.0895,-0.957764213871608
1.09,-1.00805911284667
1.0905,-1.05868274042171
1.091,-1.10799147229377
1.0915,-1.1569714829916
1.092,-1.20562277251468
1.0925,-1.25394534086
1.093,-1.30161046302862
1.0935,-1.34763196387729
1.094,-1.39398219335278
1.0945,-1.43901752624161
1.095,-1.48438158777498
1.0955,-1.52843075247506
1.096,-1.5718224703817
1.0965,-1.61389929104218
1.097,-1.65564738979616
1.0975,-1.69706676661268
1.098,-1.73618506995214
1.0985,-1.77596082680868
1.099,-1.81442168556523
1.0995,-1.85156764595826
1.1,-1.88838488377618
1.1005,-1.92388722285484
1.101,-1.95840338833333
1.1015,-1.9932482817096
1.102,-2.02480592319436
1.1025,-2.05767846865406
1.103,-2.08792121252064
1.1035,-2.11750650734603
1.104,-2.14709180407941
1.1045,-2.17437602388331
1.105,-2.20133151976725
1.1055,-2.22697211491848
1.106,-2.25129780912106
1.1065,-2.27529477903936
1.107,-2.29731939642101
1.1075,-2.3186865636009
1.108,-2.33873882914323
1.1085,-2.35813364424381
1.109,-2.3762135574158
1.1095,-2.39232111706885
1.11,-2.40842867733271
1.1105,-2.42289260952089
1.111,-2.43538418771932
1.1115,-2.44754704053276
1.112,-2.45872371640265
1.1125,-2.46858548947758
1.113,-2.47680363388517
1.1135,-2.48403560109835
1.114,-2.48995266527569
1.1145,-2.49488355215476
1.115,-2.49915698749753
1.1155,-2.50112934228604
1.116,-2.50244424548361
1.1165,-2.50277297128365
1.117,-2.5008006164873
1.1175,-2.49882826170037
1.118,-2.49455482636099
1.1185,-2.48995266527569
1.119,-2.48436432688376
1.1195,-2.47713235966485
1.12,-2.46792803793199
1.1205,-2.45872371640265
1.121,-2.44754704053276
1.1215,-2.43604163921374
1.122,-2.42289260952089
1.1225,-2.40809995160691
1.123,-2.39297856849622
1.1235,-2.3762135574158
1.124,-2.35846236993103
1.1245,-2.33906755481562
1.125,-2.3186865636009
1.1255,-2.29764812206199
1.126,-2.27529477903936
1.1265,-2.25162653472755
1.127,-2.22697211491848
1.1275,-2.2016602453368
1.128,-2.17470474943315
1.1285,-2.14709180407941
1.129,-2.11849268387298
1.1295,-2.08857866349615
1.13,-2.05767846865406
1.1305,-2.02579209952469
1.131,-1.99291955628851
1.1315,-1.9587321137307
1.132,-1.92454467360288
1.1325,-1.88871360912622
1.133,-1.85156764595826
1.1335,-1.81475041086637
1.134,-1.77661827736122
1.1345,-1.73684252045367
1.135,-1.69673804138699
1.1355,-1.65663356539686
1.136,-1.6142280162165
1.1365,-1.57215119553046
1.137,-1.52843075247506
1.1375,-1.48503903796889
1.138,-1.44000370145384
1.1385,-1.3946396434427
1.139,-1.34796068889616
1.1395,-1.3012817380353
1.14,-1.25460279079557
1.1405,-1.20628022239889
1.141,-1.15795765774208
1.1415,-1.10963509675353
1.142,-1.05934019015572
1.1425,-1.009374012216
1.143,-0.958421663507677
1.1435,-0.907140593754838
1.144,-0.855859527714645
1.1445,-0.803263566312224
1.145,-0.751325058081326
1.1455,-0.698400379286172
1.146,-0.645146979394694
1.1465,-0.592879757010595
1.147,-0.538640190112659
1.1475,-0.484729351296809
1.148,-0.430489791208445
1.1485,-0.375921509806565
1.149,-0.321024507046819
1.1495,-0.266456231960428
1.15,-0.211887959867325
1.1505,-0.15633351715054
1.151,-0.101436526296156
1.1515,-0.0468682626276683
1.152,0.00802872291924411
1.1525,0.0629257059616119
1.153,0.117822686604418
1.1535,0.172390940538021
1.154,0.22761664111128
1.1545,0.282513615185302
1.155,0.337410587279696
1.1555,0.392636281866583
1.156,0.446547077235636
1.1565,0.500457870998069
1.157,0.554368663253309
1.1575,0.608608178431105
1.158,0.6612040706717
1.1585,0.714786134707394
1.159,0.767382024716537
1.1595,0.819320465152219
1.16,0.871916353332027
1.1605,0.923197343553192
1.161,0.974149608825908
1.1615,1.02477314924589
1.162,1.07506796490553
1.1625,1.12404788304878
1.163,1.17302780089724
1.1635,1.22135026996785
1.164,1.27000146317381
1.1645,1.31733775919672
1.165,1.36401660666297
1.1655,1.41003800563578
1.166,1.45507323189319
1.1665,1.4997797340461
1.167,1.54415751214674
1.1675,1.58623422053229
1.168,1.62929710208342
1.1685,1.67071636254664
1.169,1.71082072621806
1.1695,1.75158253888565
1.17,1.79037200620316
1.1705,1.82850402536177
1.171,1.86597859637321
1.1715,1.902138270619
1.172,1.93829794534972
1.1725,1.97281399898169
1.173,2.00634388012676
1.1735,2.03921631309871
1.174,2.07044512487999
1.1745,2.10134521278518
1.175,2.13125912812426
1.1755,2.15952942216572
1.176,2.18747099227733
1.1765,2.21376894101105
1.177,2.23875199267216
1.1775,2.26274887158475
1.178,2.28740319959441
1.1785,2.30909900855199
1.179,2.33013736903603
1.1795,2.35084700541521
1.18,2.36892684692832
1.1805,2.3866779642624
1.181,2.40344290860745
1.1815,2.41889295552821
1.182,2.43335682939239
1.1825,2.44617708135031
1.183,2.45768243577169
1.1835,2.46918779028882
1.184,2.47839207397213
1.1845,2.48628146003603
1.185,2.49351339730182
1.1855,2.49943043691193
1.186,2.50436130327375
1.1865,2.50764854752512
1.187,2.51027834293209
1.1875,2.51093579178465
1.188,2.51126451621106
1.1885,2.50962089407986
1.189,2.50666237424885
1.1895,2.50337512999992
1.19,2.49844426364176
1.1905,2.49154105077093
1.191,2.48463783793559
1.1915,2.47576227862769
1.192,2.46590054613124
1.1925,2.45439519164156
1.193,2.44223238842771
1.1935,2.42974086091254
1.194,2.41461953827822
1.1945,2.39884076700338
1.195,2.38240454710701
1.1955,2.36399598103964
1.196,2.34492996642129
1.1965,2.32454905450497
1.197,2.30383941847472
1.1975,2.28049998771441
1.198,2.25650310854721
1.1985,2.23184878099291
1.199,2.20653700507057
1.1995,2.18023905644296
1.2,2.15196876209015
1.2005,2.12304101946932
1.201,2.09312710425419
1.2015,2.06156956780088
1.202,2.03001203181766
1.2025,1.99681087465422
1.203,1.96295226932316
1.2035,1.92810749151116
1.204,1.89227654123241
1.2045,1.85611686711367
1.205,1.81798484761726
1.2055,1.78018155288263
1.206,1.74040591278793
1.2065,1.70063027311761
1.207,1.65855356380134
1.2075,1.61713430344241
1.208,1.57472887055514
1.2085,1.53199471367853
1.209,1.48728821136491
1.2095,1.44291043354589
1.21,1.39688903449073
1.2105,1.35086763554203
1.211,1.30451751236005
1.2115,1.25619504349068
1.212,1.2091874716466
1.2125,1.15987882968747
1.213,1.1108989117672
1.2135,1.060932820678
1.214,1.01063800489437
1.2145,0.959685740035475
1.215,0.908404750291494
1.2155,0.857123759864532
1.216,0.805185320058583
1.2165,0.752589430753089
1.217,0.699664816137949
1.2175,0.646740200424327
1.218,0.593815583518154
1.2185,0.539576067961768
1.219,0.485665275302867
1.2195,0.431425756749742
1.22,0.376200063431487
1.2205,0.322617990197638
1.221,0.267721017580144
1.2215,0.21249531854952
1.222,0.157598341798241
1.2225,0.102372638396587
1.223,0.0468182081966254
1.2235,-0.00676387772574592
1.224,-0.0623183129182693
1.2245,-0.116557852843054
1.225,-0.172441017991302
1.2255,-0.226351838931561
1.226,-0.281906285441701
1.2265,-0.337132010521031
1.227,-0.391042840472528
1.2275,-0.445611122779435
1.228,-0.499193234551138
1.2285,-0.553104074275751
1.229,-0.607014917450616
1.2295,-0.660268314803085
1.23,-0.713850440423257
1.2305,-0.765788946089799
1.231,-0.818713629583853
1.2315,-0.870652142542544
1.232,-0.920947035242587
1.2325,-0.97288555565945
1.233,-1.02318045574843
1.2335,-1.07314663472078
1.234,-1.12311281748083
1.2345,-1.17077792963752
1.235,-1.22041539507713
1.2355,-1.26742306468047
1.236,-1.31508818790989
1.2365,-1.36176713985416
1.237,-1.40713119529278
1.2375,-1.45315270444647
1.238,-1.49753059179938
1.2385,-1.54059358214912
1.239,-1.58431402617433
1.2395,-1.62606212262588
1.24,-1.66748149712576
1.2405,-1.70890087487538
1.241,-1.74834790436614
1.2415,-1.78746621160074
1.242,-1.8252696206163
1.2425,-1.86241558181635
1.243,-1.89857536972958
1.2435,-1.93407770954951
1.244,-1.96925132656542
1.2445,-2.00278131901998
1.245,-2.03499641204069
1.2455,-2.06655405632407
1.246,-2.09712552626285
1.2465,-2.12671082168007
1.247,-2.15498121686598
1.2475,-2.18292288825696
1.248,-2.20856348235311
1.2485,-2.2338753523268
1.249,-2.25885849813227
1.2495,-2.28121184031654
1.25,-2.30389390928761
1.2505,-2.32493235112911
1.251,-2.34465589128458
1.2515,-2.36372198096084
1.252,-2.38048699155009
1.2525,-2.3969232770818
1.253,-2.41270211179128
1.2535,-2.42617986690557
1.254,-2.43965762245141
1.2545,-2.45116302386972
1.255,-2.46168224830063
1.2555,-2.47088656989534
1.256,-2.47910471434842
1.2565,-2.48633668160171
1.257,-2.49225374581194
1.2575,-2.49652718112752
1.258,-2.49981443909265
1.2585,-2.50145806808504
1.259,-2.50244424548361
1.2595,-2.50211551968382
1.26,-2.50047189068882
1.2605,-2.49784208431043
1.261,-2.49356864898126
1.2615,-2.48896648790693
1.262,-2.48206324639134
1.2625,-2.47516000499065
1.263,-2.46628440907255
1.2635,-2.45576518452564
1.264,-2.44524596024368
1.2645,-2.43242565600721
1.265,-2.41927662642737
1.2655,-2.40448396864004
1.266,-2.38804768281577
1.2665,-2.37062522053555
1.267,-2.35287403328257
1.2675,-2.33347921841913
1.268,-2.31342695312065
1.2685,-2.2910736092896
1.269,-2.26839154098352
1.2695,-2.24472329704265
1.27,-2.22006887761736
1.2705,-2.19442828286243
1.271,-2.1668153363031
1.2715,-2.13920239142969
1.272,-2.11027454621315
1.2725,-2.08003180088734
1.273,-2.04847415569301
1.2735,-2.01658778718843
1.274,-1.98371524459016
1.2745,-1.94919907729798
1.275,-1.9140254617408
1.2755,-1.87819439803406
1.276,-1.84104843565522
1.2765,-1.8039024760421
1.277,-1.76544161808337
1.2775,-1.7259945872855
1.278,-1.6852326586179
1.2785,-1.6441420079235
1.279,-1.60239391006766
1.2795,-1.55965964001642
1.28,-1.51626792306817
1.2805,-1.47189003423657
1.281,-1.42685469876376
1.2815,-1.38181936682318
1.282,-1.33514041329533
1.2825,-1.28846146343544
1.283,-1.24046761733595
1.2835,-1.19345994978146
1.284,-1.14382248646428
1.2845,-1.09451375188028
1.285,-1.04553374587817
1.2855,-0.994910119293433
1.286,-0.943957771658063
1.2865,-0.893334152536201
1.287,-0.841066913188555
1.2875,-0.789128402323911
1.288,-0.736532445629474
1.2885,-0.683279043149851
1.289,-0.630354368944688
1.2895,-0.57677224889739
1.29,-0.523518856932886
1.2905,-0.468950569837639
1.291,-0.414382286118301
1.2915,-0.360471454814697
1.292,-0.305903177500274
1.2925,-0.250677454184649
1.293,-0.196109182937858
1.2935,-0.140883465551745
1.294,-0.0859864754717631
1.2945,-0.0304320391411115
1.295,0.0231500478350676
1.2955,0.0780470302060023
1.296,0.133601459054633
1.2965,0.187840987940924
1.297,0.24372413670967
1.2975,0.29796366141948
1.298,0.352531908600684
1.2985,0.407428878322504
1.299,0.461339673240818
1.2995,0.515907915269715
1.3,0.569489982775128
1.3005,0.623729497573704
1.301,0.676654113794268
1.3015,0.728921280247508
1.302,0.782174618603572
1.3025,0.834770507391654
1.303,0.885394049548469
1.3035,0.937332488174275
1.304,0.988284753281574
1.3045,1.03857956927429
1.305,1.08887438481899
1.3055,1.13818302715282
1.306,1.18716294493008
1.3065,1.23581413823008
1.307,1.28347915857319
1.3075,1.33015800603336
1.308,1.37650812923256
1.3085,1.42220080395394
1.309,1.46756475453358
1.3095,1.51259998102712
1.31,1.55599158635242
1.3105,1.5987257433902
1.311,1.6404737278874
1.3115,1.68189298844989
1.312,1.72298352511386
1.3125,1.76210171642079
1.313,1.80154863246152
1.3135,1.83935192744837
1.314,1.87649777428737
1.3145,1.91265744867113
1.315,1.94783095059054
1.3155,1.98267572868065
1.316,2.01587688563901
1.3165,2.04743442141813
1.317,2.07964940633513
1.3175,2.10989204569306
1.318,2.13947723681407
1.3185,2.16774753097816
1.319,2.19503165249867
1.3195,2.22132960134427
1.32,2.24598392874697
1.3205,2.27063825650772
1.321,2.29299151399492
1.3215,2.31501604740973
1.322,2.33572568358716
1.3225,2.35577787126101
1.323,2.37418643722745
1.3235,2.39160883022631
1.324,2.40738760142256
1.3245,2.42250892398048
1.325,2.43664407347302
1.3255,2.44913560104957
1.326,2.46129840432385
1.3265,2.47116013678716
1.327,2.48036442048379
1.3275,2.48792508213848
1.328,2.49515701941311
1.3285,2.50107405903051
1.329,2.50469002769852
1.3295,2.50830599637637
1.33,2.50994961850594
1.3305,2.51027834293209
1.331,2.51060706735833
1.3315,2.50863472080212
1.332,2.50567620097332
1.3325,2.50140278345447
1.333,2.4958144682582
1.3335,2.48989742866406
1.334,2.48167931815983
1.3345,2.4724750344543
1.335,2.46327075081085
1.3355,2.45110794751923
1.336,2.43894514433402
1.3365,2.42480999481851
1.337,2.4100173966386
1.3375,2.39390990101514
1.338,2.37714495677886
1.3385,2.35873639077617
1.339,2.33868420306357
1.3395,2.3179745668469
1.34,2.29627875776895
1.3405,2.27359677586353
1.341,2.24959989679592
1.3415,2.22461684497762
1.342,2.19897634480068
1.3425,2.17136349886715
1.343,2.14375065334666
1.3435,2.1135080134728
1.344,2.08326537406082
1.3445,2.05236528642477
1.345,2.02047902624551
1.3455,1.98694914489624
1.346,1.9527618153845
1.3465,1.91758831339741
1.347,1.88208608757018
1.3475,1.84428279204602
1.348,1.8068082213022
1.3485,1.76867620239605
1.349,1.72824311383728
1.3495,1.68813874999657
1.35,1.64671948937718
1.3505,1.60497150482952
1.351,1.56223734774722
1.3515,1.51884574238414
1.352,1.47479668870052
1.3525,1.42943273809364
1.353,1.38341133907606
1.3535,1.33706121586893
1.354,1.2897249198544
1.3545,1.24271734807856
1.355,1.19406615480045
1.3555,1.14508623705572
1.356,1.09610631904823
1.3565,1.04614022784686
1.357,0.995516687637977
1.3575,0.944893146905177
1.358,0.893283432676336
1.3585,0.841673717730172
1.359,0.790064001979455
1.3595,0.737796836711175
1.36,0.684214773159143
1.3605,0.630961432780088
1.361,0.578036815500169
1.3615,0.524126023875216
1.362,0.469886506433927
1.3625,0.415318263047184
1.363,0.361078742328721
1.3635,0.306510495439966
1.364,0.251613522244206
1.3645,0.196716547009725
1.365,0.141490845209434
1.3655,0.0865938655687805
1.366,0.0316968835738281
1.3665,-0.0228713764150702
1.367,-0.0777683634179031
1.3675,-0.132665353089356
1.368,-0.187562345534413
1.3685,-0.242459340858056
1.369,-0.29702761461542
1.3695,-0.352253340561035
1.37,-0.407479069738546
1.3705,-0.46106117921406
1.371,-0.514314567302222
1.3715,-0.56855413263343
1.372,-0.621478802804654
1.3725,-0.675718375190702
1.373,-0.728314327724051
1.3735,-0.780910283848965
1.374,-0.832848794137049
1.3745,-0.884787308106414
1.375,-0.936068376230399
1.3755,-0.986691998451594
1.376,-1.03731562442022
1.3765,-1.08761052933725
1.377,-1.13626181358346
1.3775,-1.18557055137792
1.378,-1.23389311816303
1.3785,-1.28090078879892
1.379,-1.3282371880865
1.3795,-1.37491614106784
1.38,-1.42060892259155
1.3805,-1.46498680739971
1.381,-1.50936469568539
1.3815,-1.55308513722881
1.382,-1.59581940676384
1.3825,-1.63822495448592
1.383,-1.67931560472065
1.3835,-1.71942008244576
1.384,-1.75886711274003
1.3845,-1.79831414607214
1.385,-1.83546010527199
1.3855,-1.87293479257218
1.386,-1.90876585589491
1.3865,-1.94426819645845
1.387,-1.97812691257421
1.3875,-2.01198563108755
1.388,-2.04387199928038
1.3885,-2.0744434677283
1.389,-2.10534366368779
1.3895,-2.13460023411376
1.39,-2.16319935533117
1.3905,-2.18982612498489
1.391,-2.215795445056
1.3915,-2.2414360410401
1.392,-2.26477555918804
1.3925,-2.28844380420836
1.393,-2.30981097095246
1.3935,-2.33052068741499
1.394,-2.35057295350729
1.3945,-2.36832414066493
1.395,-2.38541787714291
1.3955,-2.40185416286535
1.396,-2.41664682056064
1.3965,-2.43045330154404
1.397,-2.44294487996725
1.3975,-2.45445028147592
1.398,-2.46431205444979
1.3985,-2.47351637610264
1.399,-2.48074834325855
1.3995,-2.48699413317645
1.4,-2.49323992318854
1.4005,-2.49718463271845
1.401,-2.50014316489061
1.4015,-2.5017867938843
1.402,-2.50211551968382
1.4025,-2.50145806808504
1.403,-2.49948571329496
1.4035,-2.49652718112752
1.404,-2.49258247160388
1.4045,-2.48699413317645
1.405,-2.47976216591169
1.4055,-2.47187274722113
1.406,-2.46266842560462
1.4065,-2.45280665266959
1.407,-2.44097252545465
1.4075,-2.4281522213487
1.408,-2.4143457404407
1.4085,-2.39922435710699
1.409,-2.38311679719249
1.4095,-2.36569433511367
1.41,-2.34662824534977
1.4105,-2.32756215643111
1.411,-2.30685244010997
1.4115,-2.28482782224751
1.412,-2.26181702865022
1.4125,-2.23749133386924
1.413,-2.21217946368991
1.4135,-2.18588141827025
1.414,-2.15925464884928
1.4145,-2.13032680236194
1.415,-2.10107023220853
1.4155,-2.07049876200945
1.416,-2.03894111745983
1.4165,-2.00672602416991
1.417,-1.9731960314379
1.4175,-1.93933731566926
1.418,-1.90350625010565
1.4185,-1.86734646183029
1.419,-1.83052922557398
1.4195,-1.79239709087713
1.42,-1.75360750852613
1.4205,-1.71416047863396
1.421,-1.67339855088998
1.4215,-1.63165045074341
1.422,-1.58990235385873
1.4225,-1.54749680992125
1.423,-1.50344764371105
1.4235,-1.45906975589225
1.424,-1.41403442143086
1.4245,-1.36768419036385
1.425,-1.321662687962
1.4255,-1.27432628919162
1.426,-1.22666116915364
1.4265,-1.17866732785593
1.427,-1.12968731549858
1.4275,-1.08070730686695
1.428,-1.03074112732654
1.4285,-0.979788777020784
1.429,-0.929165155304223
1.4295,-0.877226638119025
1.43,-0.825945574205024
1.4305,-0.77400706439953
1.431,-0.720753659328512
1.4315,-0.668157707303862
1.432,-0.614904309430112
1.4325,-0.560993465741992
1.433,-0.506753900893591
1.4335,-0.453500513265725
1.434,-0.399260955068746
1.4345,-0.34370650181314
1.435,-0.28979567454672
1.4355,-0.235227401185974
1.436,-0.17967295722394
1.4365,-0.124775965183945
1.437,-0.0702077003811795
1.4375,-0.0149819892745194
1.438,0.0392575459084135
1.4385,0.0944832520068398
1.439,0.149708955737956
1.4395,0.204605932801604
1.44,0.259174183341954
1.4405,0.314399880648033
1.441,0.369625576012416
1.4415,0.423207647736223
1.442,0.477775890884984
1.4425,0.532015408104497
1.443,0.585268750856101
1.4435,0.638850816615614
1.444,0.691775432501041
1.4445,0.745028771586044
1.445,0.7979533853345
1.4455,0.849891825257276
1.446,0.900844091491475
1.4465,0.952125081330774
1.447,1.0037347948482
1.4475,1.05337216212445
1.448,1.10333825327011
1.4485,1.15330434407619
1.449,1.20162681322563
1.4495,1.24929183364643
1.45,1.29695685396863
1.4505,1.34429314998301
1.451,1.39031454892156
1.4515,1.4360072236784
1.452,1.48169989859199
1.4525,1.52509150374613
1.453,1.56815438486367
1.4535,1.61121726627594
1.454,1.65263652658554
1.4545,1.6947132358451
1.455,1.7344888754557
1.4555,1.77393579118516
1.456,1.81239653445483
1.4565,1.85019982957393
1.457,1.88734567655245
1.4575,1.92350535108116
1.458,1.95835012882951
1.4585,1.99220873409532
1.459,2.02475244253143
1.4595,2.05729615144274
1.46,2.08819623915156
1.4605,2.11843887863765
1.461,2.14802406988883
1.4615,2.17596563982703
1.462,2.20324976147102
1.4625,2.22856153734585
1.463,2.25321586485259
1.4635,2.27688401959843
1.464,2.29956600154969
1.4645,2.32224798382151
1.465,2.34230017132021
1.4655,2.36136618590561
1.466,2.37977475194061
1.4665,2.3965396962068
1.467,2.41297591626238
1.4675,2.42711106566026
1.468,2.44124621519879
1.4685,2.45340901840405
1.469,2.4642569240554
1.4695,2.47477610537484
1.47,2.48299421583715
1.4705,2.49088360192794
1.471,2.49712936594933
1.4715,2.50173150787851
1.472,2.50666237424885
1.4725,2.50896344522795
1.473,2.51060706735833
1.4735,2.51126451621106
1.474,2.50994961850594
1.4745,2.50863472080212
1.475,2.50469002769852
1.4755,2.50008788575912
1.476,2.49515701941311
1.4765,2.48726763329726
1.477,2.47970697164625
1.4775,2.47017396353763
1.478,2.45932605783968
1.4785,2.44814942781579
1.479,2.43500045143175
1.4795,2.42119402636041
1.48,2.40541525501366
1.4805,2.38930775944109
1.481,2.37221409086311
1.4815,2.35249062736204
1.482,2.33309588850177
1.4825,2.3120575279781
1.483,2.29003299460402
1.4835,2.26702228841337
1.484,2.24236796070573
1.4845,2.21804235771712
1.485,2.19108696020532
1.4855,2.16446028744883
1.486,2.13520382029099
1.4865,2.10561862923455
1.487,2.07504726560247
1.4875,2.04348972942093
1.488,2.0112747450419
1.4885,1.97774486382608
1.489,1.9425713614877
1.4895,1.90805530826823
1.49,1.87123818532543
1.4905,1.83409233855309
1.491,1.79628904362933
1.4915,1.75684212764936
1.492,1.71739521210303
1.4925,1.67630467549471
1.493,1.63455669069392
1.4935,1.59280870624359
1.494,1.54974582496351
1.4945,1.50635421967494
1.495,1.46164771749162
1.4955,1.41595504265427
1.496,1.37026236794711
1.4965,1.32391224475389
1.497,1.2769046730131
1.4975,1.22858220410044
1.498,1.18025973505575
1.4985,1.1312798172445
1.499,1.08197117486583
1.4995,1.03200508355079
1.5,0.981381543203903
1.5005,0.930100553723114
1.501,0.87914828789348
1.5015,0.82688112412974
1.502,0.774942683823772
1.5025,0.722018069644331
1.503,0.669093454406139
1.5035,0.615511389356662
1.504,0.561929323027926
1.5045,0.508347255322314
1.505,0.453779013075377
1.5055,0.399210769196061
1.506,0.344971247957832
1.5065,0.290403000515816
1.507,0.235177302332712
1.5075,0.180937775292832
1.508,0.125383348426981
1.5085,0.0704863681064275
1.509,0.0152606609460374
1.5095,-0.0383214263856436
1.51,-0.0942045875857799
1.5105,-0.148772853574442
1.511,-0.203998571372541
1.5115,-0.259224292115613
1.512,-0.313792566799376
1.5125,-0.368032119991579
1.513,-0.42325785011212
1.5135,-0.476839960531785
1.514,-0.530750798854964
1.5145,-0.584332915931932
1.515,-0.638243761150899
1.5155,-0.691168435880265
1.516,-0.743764389459059
1.5165,-0.7970177961448
1.517,-0.848298858030399
1.5175,-0.900237373111985
1.518,-0.95151844236006
1.5185,-1.00148461603825
1.519,-1.05276569284494
1.5195,-1.10207442427302
1.52,-1.1513831594344
1.5205,-1.19937699864919
1.521,-1.24769956650722
1.5215,-1.29569341317621
1.522,-1.3417149135688
1.5225,-1.38806514257693
1.523,-1.43342920007107
1.5235,-1.47846453606438
1.524,-1.52284242541716
1.5245,-1.56590541773775
1.525,-1.60831096310958
1.5255,-1.65038778662344
1.526,-1.69147843780405
1.5265,-1.73125419121739
1.527,-1.77037249714636
1.5275,-1.80949080607393
1.528,-1.84663676610105
1.5285,-1.88378272889878
1.529,-1.91928506764343
1.5295,-1.95380123279367
1.53,-1.98765994958198
1.5305,-2.02086121789366
1.531,-2.05274758668811
1.5315,-2.0846339576571
1.532,-2.11389052676535
1.5325,-2.14314709773746
1.533,-2.17141749394555
1.5335,-2.19771553851813
1.534,-2.22368485904745
1.5345,-2.24833927867367
1.535,-2.27200752280876
1.5355,-2.29468959130215
1.536,-2.31638548400794
1.5365,-2.33676647511418
1.537,-2.35583256444033
1.5375,-2.37391247751507
1.538,-2.39034876279286
1.5385,-2.40579887153351
1.539,-2.42124898083817
1.5395,-2.4337405589878
1.54,-2.44623213750888
1.5405,-2.4570800875795
1.541,-2.46694186061555
1.5415,-2.47548873076903
1.542,-2.4833781495283
1.5425,-2.48929521369626
1.543,-2.49389737477424
1.5435,-2.49817081010682
1.544,-2.5008006164873
1.5445,-2.50211551968382
1.545,-2.50211551968382
1.5455,-2.50145806808504
1.546,-2.49915698749753
1.5465,-2.49488355215476
1.547,-2.4909388426468
1.5475,-2.48502177845537
1.548,-2.477789811225
1.5485,-2.46957166679792
1.549,-2.45970989369964
1.5495,-2.44951939507632
1.55,-2.43801399370315
1.5505,-2.42486496394862
1.551,-2.41040103169284
1.5515,-2.39527964850002
1.552,-2.3781859116263
1.5525,-2.36043472405964
1.553,-2.34169736020374
1.5535,-2.32131636886496
1.554,-2.30093537848536
1.5545,-2.27792458404158
1.555,-2.25524251641509
1.5555,-2.23091682199581
1.556,-2.20527622661777
1.5565,-2.17897818160283
1.557,-2.15103651045557
1.5575,-2.12243739000199
1.558,-2.09252336936883
1.5585,-2.06162317426432
1.559,-2.03039425576019
1.5595,-1.99719298678036
1.56,-1.96399172011926
1.5605,-1.92914682886408
1.561,-1.89364448940312
1.5615,-1.85682725119318
1.562,-1.81935256510486
1.5625,-1.78187788181208
1.563,-1.74243084975047
1.5635,-1.70199764502285
1.564,-1.66189316863157
1.5645,-1.61948761903288
1.565,-1.5774107979377
1.5655,-1.53467652984181
1.566,-1.49062736464815
1.5665,-1.44559202768865
1.567,-1.40088541933409
1.5675,-1.35486391433475
1.568,-1.30818496293289
1.5685,-1.26150601516171
1.569,-1.21318344622492
1.5695,-1.16387470627704
1.57,-1.11522341994788
1.5705,-1.06591468753169
1.571,-1.015948509101
1.5715,-0.965324884724122
1.572,-0.914043814464969
1.5725,-0.862434023156329
1.573,-0.810495510782211
1.5735,-0.757899552596467
1.574,-0.705632322758988
1.5745,-0.652378922380431
1.575,-0.599782974869533
1.5755,-0.545543407523276
1.576,-0.490646394417278
1.5765,-0.437721732362789
1.577,-0.383153450529058
1.5775,-0.328585171909118
1.578,-0.273359447315883
1.5785,-0.218791174849808
1.579,-0.163565456273358
1.5795,-0.108997189543729
1.58,-0.0541002010356928
1.5805,0.00145423376626608
1.581,0.0560224926592108
1.5815,0.110590749168202
1.582,0.165487727812706
1.5825,0.220713428657186
1.583,0.275610402987574
1.5835,0.330507375325133
1.584,0.385075621406304
1.5845,0.439643865725279
1.585,0.493883384036555
1.5855,0.547136727790814
1.586,0.601376243152758
1.5865,0.653972135559027
1.587,0.70788292406711
1.5875,0.761136262830298
1.588,0.812745979070124
1.5885,0.864684418755779
1.589,0.916294133371341
1.5895,0.967575123017844
1.59,1.0178699392185
1.5905,1.06849347922225
1.591,1.11813084597478
1.5915,1.16743948813511
1.592,1.21576195722685
1.5925,1.2637557018894
1.593,1.31142072219526
1.5935,1.35777084537998
1.594,1.40379224434071
1.5945,1.44882747057817
1.595,1.49419142126551
1.5955,1.53824047505151
1.596,1.58130335625366
1.5965,1.62370878919074
1.597,1.66545677389603
1.5975,1.70621858610501
1.598,1.74599422583254
1.5985,1.78544114168938
1.599,1.82423060939878
1.5995,1.86137645604792
1.6,1.89786485454709
1.6005,1.93369580490147
1.601,1.96821185846938
1.6015,2.00207046387557
1.602,2.03494289678486
1.6025,2.06682915717658
1.603,2.09772924502743
1.6035,2.12830060900448
1.604,2.15624217865086
1.6045,2.18418374871269
1.605,2.21048169739807
1.6055,2.23612219774346
1.606,2.26044780098926
1.6065,2.28444468021369
1.607,2.30646921351119
1.6075,2.32783629834435
1.608,2.34788848591539
1.6085,2.36728322496362
1.609,2.38470561788145
1.6095,2.40147056220392
1.61,2.41692060910356
1.6105,2.43171320735495
1.611,2.44453345929787
1.6115,2.45669626253183
1.612,2.46787289262484
1.6125,2.47707717629927
1.613,2.48562401119562
1.6135,2.49285594845787
1.614,2.49877298806507
1.6145,2.50370385442445
1.615,2.50731982309962
1.6155,2.50962089407986
1.616,2.51093579178465
1.6165,2.51060706735833
1.617,2.50929216965387
1.6175,2.50666237424885
1.618,2.50337512999992
1.6185,2.49877298806507
1.619,2.49219849961424
1.6195,2.48562401119562
1.62,2.47641972746333
1.6205,2.46721544379333
1.621,2.45669626253183
1.6215,2.44387601047744
1.622,2.43138448294769
1.6225,2.41626316029594
1.623,2.40048438900316
1.6235,2.38437689348488
1.624,2.3669545005709
1.6245,2.34723103713843
1.625,2.3275075739601
1.6255,2.30581176475167
1.626,2.28444468021369
1.6265,2.25979035224827
1.627,2.23579347337765
1.6275,2.21015297303711
1.628,2.18319757564445
1.6285,2.1559134542997
1.629,2.12665698727322
1.6295,2.09674307200371
1.63,2.0661717085039
1.6305,2.03428544812193
1.631,2.00141301522224
1.6315,1.96755440982548
1.632,1.93303835626669
1.6325,1.89687868160837
1.633,1.86071900743061
1.6335,1.82291571218058
1.634,1.78478369308809
1.6345,1.74599422583254
1.635,1.70523241322433
1.6355,1.66381315244397
1.636,1.62272261632796
1.6365,1.58031718339843
1.637,1.53725430220278
1.6375,1.49287652414118
1.638,1.44817002201889
1.6385,1.40379224434071
1.639,1.3564559482679
1.6395,1.31043454936168
1.64,1.2627695290549
1.6405,1.21411833583205
1.641,1.16645331529443
1.6415,1.11714467312869
1.642,1.06783603065354
1.6425,1.01688376635671
1.643,0.966917674436512
1.6435,0.914979236192476
1.644,0.863698245857859
1.6445,0.812417254765658
1.645,0.75982136558934
1.6455,0.706568026800209
1.646,0.653643411235202
1.6465,0.600390070158419
1.647,0.546479279111141
1.6475,0.492897210990384
1.648,0.438328968291731
1.6485,0.384089448300302
1.649,0.329192477806599
1.6495,0.274952954205198
1.65,0.219727255446756
1.6505,0.164501554563393
1.651,0.109933300308381
1.6515,0.0543788704387379
1.652,0.000468060390209982
1.6525,-0.0547576499841307
1.653,-0.109654638524221
1.6535,-0.164880354300963
1.654,-0.220106072946971
1.6545,-0.274016896399861
1.655,-0.329242621030397
1.6555,-0.383810899688444
1.656,-0.438050456962096
1.6565,-0.492618742133022
1.657,-0.545872132163281
1.6575,-0.599782974869533
1.658,-0.653036371746009
1.6585,-0.706289772168934
1.659,-0.758885726778644
1.6595,-0.810824235532523
1.66,-0.862762747929982
1.6605,-0.915029988857635
1.661,-0.965982334367381
1.6615,-1.01693468363926
1.662,-1.06558596266134
1.6625,-1.11653831953002
1.663,-1.16551833087986
1.6635,-1.21318344622492
1.664,-1.26117729019013
1.6645,-1.30851368792999
1.665,-1.355850089404
1.6655,-1.40154286943184
1.666,-1.44657820291224
1.6665,-1.49128481484937
1.667,-1.53500525496833
1.6675,-1.57773952308984
1.668,-1.62080251974503
1.6685,-1.66189316863157
1.669,-1.7033125459401
1.6695,-1.74308830025997
1.67,-1.78220660709207
1.6705,-1.82033874101859
1.671,-1.85781342718093
1.6715,-1.89397321475668
1.672,-1.92947555424155
1.6725,-1.96432044552046
1.673,-1.99817916305317
1.6735,-2.0307229812073
1.674,-2.0622806252026
1.6745,-2.09318082035088
1.675,-2.12309484102679
1.6755,-2.15169396152159
1.676,-2.17897818160283
1.6765,-2.20527622661777
1.677,-2.2305880964047
1.6775,-2.25491379080591
1.678,-2.27891076092148
1.6785,-2.29994920155574
1.679,-2.32164509452409
1.6795,-2.34169736020374
1.68,-2.36109217543786
1.6805,-2.37884336303183
1.681,-2.39495092278442
1.6815,-2.41072975742042
1.682,-2.42486496394862
1.6825,-2.43768526795427
1.683,-2.44951939507632
1.6835,-2.46036734523227
1.684,-2.46990039257188
1.6845,-2.47811853700546
1.685,-2.48567923002802
1.6855,-2.4909388426468
1.686,-2.49521227794879
1.6865,-2.49981443909265
1.687,-2.50112934228604
1.6875,-2.50211551968382
1.688,-2.50244424548361
1.6885,-2.50047189068882
1.689,-2.49784208431043
1.6895,-2.49389737477424
1.69,-2.48896648790693
1.6905,-2.48304942374367
1.691,-2.47516000499065
1.6915,-2.46661313484392
1.692,-2.45642263605205
1.6925,-2.44656086326446
1.693,-2.43406928473359
1.6935,-2.42059152936688
1.694,-2.40612759725752
1.6945,-2.39002003708108
1.695,-2.37325502611714
1.6955,-2.35550383875513
1.696,-2.33578029810303
1.6965,-2.31572803269791
1.697,-2.29403214002491
1.6975,-2.27167879718705
1.698,-2.24801055306963
1.6985,-2.22335613346168
1.699,-2.19771553851813
1.6995,-2.17043131730393
1.7,-2.14248964668379
1.7005,-2.11356180125943
1.701,-2.08331905571822
1.7015,-2.05241886122556
1.702,-2.02020376701341
1.7025,-1.98798867499944
1.703,-1.95380123279367
1.7035,-1.91895634227285
1.704,-1.88345400355204
1.7045,-1.84597931545711
1.705,-1.80883335547873
1.7055,-1.77037249714636
1.706,-1.73092546597008
1.7065,-1.69049226213813
1.707,-1.64973033623052
1.7075,-1.60798223793888
1.708,-1.56491924230333
1.7085,-1.52152752494114
1.709,-1.47747836078533
1.7095,-1.43277174993695
1.71,-1.38675024241268
1.7105,-1.3413861885534
1.711,-1.29404978822752
1.7115,-1.24671339161522
1.712,-1.19871954877224
1.7125,-1.1503969846941
1.713,-1.10108824960813
1.7135,-1.05177951825394
1.714,-1.00148461603825
1.7145,-0.950203543101634
1.715,-0.899251198739914
1.7155,-0.847970133263303
1.716,-0.79504544768176
1.7165,-0.742778215296456
1.717,-0.690510986483038
1.7175,-0.637257587120904
1.718,-0.583675466621846
1.7185,-0.529764624952892
1.719,-0.475853786691147
1.7195,-0.421285502550433
1.72,-0.367374670843339
1.7205,-0.312806393133471
1.721,-0.25790939396764
1.7215,-0.203341122334026
1.722,-0.148115404570343
1.7225,-0.0935471386144365
1.723,-0.0379927019160542
1.7235,0.0159181098554171
1.724,0.0714725414263231
1.7245,0.12636952170499
1.725,0.180937775292832
1.7255,0.236163475532607
1.726,0.291389173679271
1.7265,0.345628696710781
1.727,0.400525666658928
1.7275,0.454765186142206
1.728,0.508675979668461
1.7285,0.56258677170268
1.729,0.616826286673401
1.7295,0.670079627371137
1.73,0.722675518273978
1.7305,0.775271408132334
1.731,0.827538572735635
1.7315,0.87947701219138
1.732,0.931415450897002
1.7325,0.982038991783164
1.733,1.03266253212349
1.7335,1.08295734771671
1.734,1.13193726580744
1.7345,1.18124590789519
1.735,1.22891092837912
1.7355,1.2769046730131
1.736,1.32424096903175
1.7365,1.37091981650341
1.737,1.4169412154909
1.7375,1.46197644177165
1.738,1.50602549539337
1.7385,1.55007454924699
1.739,1.59313743052935
1.7395,1.63521413927063
1.74,1.67663339978599
1.7405,1.71739521210303
1.741,1.75749957624537
1.7415,1.79628904362933
1.742,1.8347497871645
1.7425,1.87123818532543
1.743,1.90739785963989
1.7435,1.94355753444364
1.744,1.97774486382608
1.7445,2.01160346936995
1.745,2.04316100508815
1.7455,2.07570471427794
1.746,2.10594735357719
1.7465,2.13520382029099
1.747,2.16413156309622
1.7475,2.19075823584793
1.748,2.21771363335475
1.7485,2.24302540943993
1.749,2.26669356404155
1.7495,2.29036171898052
1.75,2.31271497674021
1.7505,2.3334246128872
1.751,2.35314807614126
1.7515,2.37155664207557
1.752,2.38930775944109
1.7525,2.40541525501366
1.753,2.42152275076532
1.7535,2.43532917583985
1.754,2.44749197899365
1.7545,2.45998350666742
1.755,2.47017396353763
1.7555,2.4793782472276
1.756,2.48759635771783
1.7565,2.4941708461461
1.757,2.50008788575912
1.7575,2.50403257884906
1.758,2.50797727195071
1.7585,2.50994961850594
1.759,2.51027834293209
1.7595,2.51060706735833
1.76,2.50830599637637
1.7605,2.50600492539841
1.761,2.50173150787851
1.7615,2.4964719171036
1.762,2.49055487750657
1.7625,2.48233676699833
1.763,2.47378993212271
1.7635,2.46392819964047
1.764,2.45275156957943
1.7645,2.44026004197057
1.765,2.42678234125407
1.7655,2.41264719185944
1.766,2.39588224740844
1.7665,2.37911730314973
1.767,2.36103746151418
1.7675,2.34164272254564
1.768,2.32126181067249
1.7685,2.29923727717132
1.769,2.27622657085092
1.7695,2.25288714048348
1.77,2.22757536425295
1.7705,2.2019348640329
1.771,2.17563691547237
1.7715,2.14703789683979
1.772,2.11811015429294
1.7725,2.08721006613246
1.773,2.05630997843823
1.7735,2.02475244253143
1.774,1.99122256111959
1.7745,1.95703523154719
1.775,1.92251917813294
1.7755,1.88668822792912
1.776,1.84954238095913
1.7765,1.81206781015146
1.777,1.77327834258608
1.7775,1.7338314268638
1.778,1.69372706296717
1.7785,1.65263652658554
1.779,1.60990236912873
1.7795,1.56815438486367
1.78,1.52410533089916
1.7805,1.48005627718882
1.781,1.43534977511978
1.7815,1.38965710036475
1.782,1.34330697714923
1.7825,1.29629940541282
1.783,1.24896310936808
1.7835,1.20129808894637
1.784,1.15166072267267
1.7845,1.10300952898745
1.785,1.05271471355412
1.7855,1.00274862198369
1.786,0.952125081330774
1.7865,0.900515367195481
1.787,0.848905652355089
1.7875,0.796638488110093
1.788,0.744700047273964
1.7885,0.69111798386352
1.789,0.637864643637646
1.7895,0.584611302188388
1.79,0.531357959419913
1.7905,0.476789717830422
1.791,0.422878923374887
1.7915,0.367653229781632
1.792,0.313742431882212
1.7925,0.2588454589472
1.793,0.20361975958003
1.7935,0.149051506897521
1.794,0.0941545275728874
1.7945,0.0386000970115988
1.795,-0.015639438200884
1.7955,-0.0711938738178912
1.796,-0.125104689678864
1.7965,-0.18098785527157
1.797,-0.235884850244939
1.7975,-0.290781848189305
1.798,-0.345678849209651
1.7985,-0.399589679654123
1.799,-0.454486687081424
1.7995,-0.507740074769218
1.8,-0.561979639680483
1.8005,-0.614904309430112
1.801,-0.668486431993094
1.8015,-0.721411108751272
1.802,-0.774335789133781
1.8025,-0.826603023719563
1.803,-0.878541537241539
1.8035,-0.929493880108689
1.804,-0.980774951506642
1.8045,-1.03106985217969
1.805,-1.0813647566229
1.8055,-1.13001604040123
1.806,-1.17932477771191
1.8065,-1.22764734401358
1.807,-1.27531246412818
1.8075,-1.3229775879811
1.808,-1.36899909048521
1.8085,-1.41403442143086
1.809,-1.45939848097437
1.8095,-1.50377636881909
1.81,-1.54716808478728
1.8105,-1.59023107901843
1.811,-1.63263662629963
1.8115,-1.67438472652381
1.812,-1.71481792910752
1.8125,-1.75459368431213
1.813,-1.79338326673817
1.8135,-1.83085795088567
1.814,-1.86833263783898
1.8145,-1.90416370082621
1.815,-1.93966604105364
1.8155,-1.97352475684541
1.816,-2.00771220046252
1.8165,-2.0399272938198
1.817,-2.07115621296027
1.8175,-2.10238513419793
1.818,-2.13098425339808
1.8185,-2.15925464884928
1.819,-2.18686759494566
1.8195,-2.21250818926743
1.82,-2.23782005946547
1.8205,-2.26181702865022
1.821,-2.28482782224751
1.8215,-2.30750989140656
1.822,-2.32789088209499
1.8225,-2.34761442238575
1.823,-2.3660230608067
1.8235,-2.38344552289893
1.824,-2.39988180854505
1.8245,-2.41467446617136
1.825,-2.4288096728318
1.8255,-2.44162997695782
1.826,-2.45280665266959
1.8265,-2.46332587714191
1.827,-2.47220147299691
1.8275,-2.48074834325855
1.828,-2.48699413317645
1.8285,-2.49258247160388
1.829,-2.49652718112752
1.8295,-2.49981443909265
1.83,-2.5017867938843
1.8305,-2.50244424548361
1.831,-2.5017867938843
1.8315,-2.49981443909265
1.832,-2.49652718112752
1.8325,-2.49291119739608
1.833,-2.48798031054052
1.8335,-2.48107706904135
1.834,-2.47318765032582
1.8345,-2.46398332868024
1.835,-2.45379282995261
1.8355,-2.44228742846202
1.836,-2.42946712431592
1.8365,-2.41631809482846
1.837,-2.40152543714466
1.8375,-2.38541787714291
1.838,-2.3676666892756
1.8385,-2.34991550214519
1.839,-2.33019196174911
1.8395,-2.30981097095246
1.84,-2.28778635294053
1.8405,-2.26510428480459
1.841,-2.24110731544118
1.8415,-2.21546671947605
1.842,-2.18916867386338
1.8425,-2.16254190424847
1.843,-2.13394278307241
1.8435,-2.10501493818798
1.844,-2.07477219320638
1.8445,-2.04321454836798
1.845,-2.01099945478604
1.8455,-1.97779818716354
1.846,-1.94393947107094
1.8465,-1.90810840516816
1.847,-1.87194861655431
1.8475,-1.83546010527199
1.848,-1.7976566954915
1.8485,-1.75820966221034
1.849,-1.71942008244576
1.8495,-1.67865815429173
1.85,-1.63789622929687
1.8505,-1.59549068160075
1.851,-1.55275641209149
1.8515,-1.50903597057405
1.852,-1.46432935722917
1.8525,-1.41962274741266
1.853,-1.37392996596658
1.8535,-1.32757973807078
1.854,-1.27991461385329
1.8545,-1.23257821833685
1.855,-1.18491310151542
1.8555,-1.13593308867761
1.856,-1.08695307957504
1.8565,-1.036986899564
1.857,-0.986691998451594
1.8575,-0.935410926615449
1.858,-0.883801133755708
1.8585,-0.832520069376908
1.859,-0.780252834374859
1.8595,-0.727656878295409
1.86,-0.674732201114411
1.8605,-0.621478802804654
1.861,-0.567239234038708
1.8615,-0.51398584267438
1.862,-0.460732454606271
1.8625,-0.405835446798683
1.863,-0.350938442287099
1.8635,-0.296698890065682
1.864,-0.241801891794822
1.8645,-0.186576171992359
1.865,-0.132336628592156
1.8655,-0.0767821899754657
1.866,-0.0212277540897661
1.8665,0.0316968835738281
1.867,0.0875800388761907
1.8675,0.142477018475511
1.868,0.197373995827402
1.8685,0.251942246640562
1.869,0.307167944208826
1.8695,0.362393639821396
1.87,0.415975711772627
1.8705,0.470872679492134
1.871,0.525440921248931
1.8715,0.578694264169901
1.872,0.631947605761006
1.8725,0.685529670437638
1.873,0.737796836711175
1.8735,0.791050174899969
1.874,0.842659890634495
1.8745,0.894927054159188
1.875,0.94555059548983
1.8755,0.996502860503926
1.876,1.04712640070342
1.8765,1.09676376761415
1.877,1.14640113417948
1.8775,1.19538105191819
1.878,1.243046072357
1.8785,1.29136854124407
1.879,1.33837611298052
1.8795,1.38439751191101
1.88,1.4297614623728
1.8805,1.47512541298095
1.881,1.51917446666622
1.8815,1.56289479631544
1.882,1.60530022911599
1.8825,1.64803438653396
1.883,1.68879619858097
1.8835,1.72955801101925
1.884,1.76900492669514
1.8845,1.80746566990788
1.885,1.84526896496652
1.8855,1.88241481188128
1.886,1.91857448634377
1.8865,1.95341926402443
1.887,1.98793531787017
1.8875,2.02146519923385
1.888,2.05302273509317
1.8885,2.08458027141719
1.889,2.11482291084889
1.8895,2.14375065334666
1.89,2.172020947575
1.8905,2.19963379351853
1.891,2.22527429370504
1.8915,2.25025734553292
1.892,2.27392550023672
1.8925,2.29660748214673
1.893,2.31896073999386
1.8935,2.33999910061045
1.894,2.35873639077617
1.8945,2.37714495677886
1.895,2.39423862541384
1.8955,2.41100356984585
1.896,2.42513871922424
1.8965,2.43927386874304
1.897,2.45176539634308
1.8975,2.46294202639615
1.898,2.47346120770548
1.8985,2.48167931815983
1.899,2.49022615308528
1.8995,2.49680064152643
1.9,2.50140278345447
1.9005,2.50633364982359
1.901,2.50896344522795
1.9015,2.51060706735833
1.902,2.51060706735833
1.9025,2.51027834293209
1.903,2.50830599637637
1.9035,2.50567620097332
1.904,2.50041661018284
1.9045,2.49515701941311
1.905,2.48858253098002
1.9055,2.48069314490268
1.906,2.47148886120383
1.9065,2.46096967990963
1.907,2.44979304987248
1.9075,2.4376302466987
1.908,2.42283764838568
1.9085,2.40837377462801
1.909,2.3912801058282
1.9095,2.37418643722745
1.91,2.35544914687079
1.9105,2.33572568358716
1.911,2.31534477179136
1.9115,2.29266278961789
1.912,2.27030953213518
1.9125,2.24565520437927
1.913,2.22067215261835
1.9135,2.19503165249867
1.914,2.16774753097816
1.9145,2.13947723681407
1.915,2.10989204569306
1.9155,2.07932068199674
1.916,2.04776314575155
1.9165,2.01554816131034
1.917,1.98234700435669
1.9175,1.94750222627129
1.918,1.91232872435638
1.9185,1.87649777428737
1.919,1.83869447883596
1.9195,1.80056245955484
1.92,1.76243044071926
1.9205,1.72232607652394
1.921,1.68189298844989
1.9215,1.64014500359869
1.922,1.59839701910412
1.9225,1.55533413778489
1.923,1.51227125674531
1.9235,1.46756475453358
1.924,1.42220080395394
1.9245,1.37650812923256
1.925,1.32950055747762
1.9255,1.28282171001723
1.926,1.23515668967296
1.9265,1.18650549637079
1.927,1.1378543028716
1.9275,1.08821693625233
1.928,1.0382508449883
1.9285,0.987627304703181
1.929,0.93634631529532
1.9295,0.885722773845802
1.93,0.834113058787227
1.9305,0.781517169987964
1.931,0.729250004561499
1.9315,0.675667940831923
1.932,0.622743324589236
1.9325,0.56916125843886
1.933,0.515250466579795
1.9335,0.461010948886447
1.934,0.406442705229398
1.9345,0.352531908600684
1.935,0.297306212646721
1.9355,0.242080514717979
1.936,0.188169712351884
1.9365,0.132615285782001
1.937,0.0773895813295674
1.9375,0.0224925989296056
1.938,-0.0314182125437597
1.9385,-0.0863151999551664
1.939,-0.141212190051538
1.9395,-0.196109182937858
1.94,-0.251334903253676
1.9405,-0.306231902053121
1.941,-0.360800179386338
1.9415,-0.415697184482282
1.942,-0.469608019059452
1.9425,-0.52384758156438
1.943,-0.57742969820201
1.9435,-0.630683093618408
1.944,-0.68393649254103
1.9445,-0.73686117034752
1.945,-0.789457127064785
1.9455,-0.841395637952538
1.946,-0.893005427748548
1.9465,-0.944286496469486
1.947,-0.994910119293433
1.9475,-1.0458624707386
1.948,-1.09517120165008
1.9485,-1.14415121137417
1.949,-1.193131224846
1.9495,-1.24079634229644
1.95,-1.28846146343544
1.9505,-1.33546913830728
1.951,-1.38149064178536
1.9515,-1.42784087395506
1.952,-1.47221875932614
1.9525,-1.51626792306817
1.953,-1.56031709029952
1.9535,-1.60239391006766
1.954,-1.64512818350282
1.9545,-1.68556138383637
1.955,-1.72665203777406
1.9555,-1.76544161808337
1.956,-1.80455992663087
1.9565,-1.84236333693096
1.957,-1.87852312337729
1.9575,-1.91468291247553
1.958,-1.95018525347193
1.9585,-1.98371524459016
1.959,-2.01724523806364
1.9595,-2.04946033207303
1.96,-2.08003180088734
1.9605,-2.10994582070981
1.961,-2.13920239142969
1.9615,-2.16714406184743
1.962,-2.19377083173418
1.9625,-2.21974015203426
1.963,-2.24505202264425
1.9635,-2.26839154098352
1.964,-2.29173106056238
1.9645,-2.31342695312065
1.965,-2.3338079440875
1.9655,-2.35320275896576
1.966,-2.37128267192943
1.9665,-2.38804768281577
1.967,-2.40382651719484
1.9675,-2.41927662642737
1.968,-2.43275438175197
1.9685,-2.44425978298081
1.969,-2.45642263605205
1.9695,-2.4656269575306
1.97,-2.47450255343467
1.9705,-2.4827206979593
1.971,-2.48863776211786
1.9715,-2.49389737477424
1.972,-2.49751335851431
1.9725,-2.50047189068882
1.973,-2.50211551968382
1.9735,-2.50244424548361
1.974,-2.50145806808504
1.9745,-2.49981443909265
1.975,-2.49619845533244
1.9755,-2.49159629422885
1.976,-2.48600795581474
1.9765,-2.47910471434842
1.977,-2.47055784412059
1.9775,-2.46135352253315
1.978,-2.45116302386972
1.9785,-2.43932889670124
1.979,-2.42617986690557
1.9795,-2.41237338606217
1.98,-2.39659455136493
1.9805,-2.38048699155009
1.981,-2.36273580388783
1.9815,-2.34465589128458
1.982,-2.32394617414498
1.9825,-2.30356518364192
1.983,-2.28088311468794
1.9835,-2.25787232129737
1.984,-2.23354662673349
1.9845,-2.20823475677849
1.985,-2.18193671159019
1.9855,-2.15399504026016
1.986,-2.12572464513544
1.9865,-2.09646807527518
1.987,-2.06523915443636
1.9875,-2.03433896114071
1.988,-2.00080896645731
1.9885,-1.96727897414135
1.989,-1.93374898416892
1.9895,-1.89758919366032
1.99,-1.86142940581945
1.9905,-1.82461217000047
1.991,-1.78648003575122
1.9915,-1.74736172859213
1.992,-1.70758597394404
1.9925,-1.66748149712576
1.993,-1.62540467226295
1.9935,-1.58267040039576
1.994,-1.54026485701927
1.9945,-1.49588696627947
1.995,-1.4515090790558
1.9955,-1.40647374518869
1.996,-1.36045223974898
1.9965,-1.31377328790814
1.997,-1.2670943397057
1.9975,-1.21942922022869
1.998,-1.17110665456132
1.9985,-1.12146919298686
1.999,-1.07216046009942
1.9995,-1.02186555635222
2,-0.971570656360389
2.0005,-0.920618310442119
2.001,-0.869337243434457
2.0015,-0.817398730569447
2.002,-0.765131496628883
2.0025,-0.712535541591132
2.003,-0.659282140745987
2.0035,-0.606357468122427
2.004,-0.553104074275751
2.0045,-0.498207060685249
2.005,-0.444296224371833
2.0055,-0.389727942143938
2.006,-0.335488387705103
2.0065,-0.280591387263682
2.007,-0.226023114405105
2.0075,-0.171126119954324
2.008,-0.115900403858442
2.0085,-0.0610034150130919
2.009,-0.00577770434371443
2.0095,0.0481331059811661
2.01,0.103030087260228
2.0105,0.158584515052548
2.011,0.213481491764934
2.0115,0.268378466365676
2.012,0.323275438959759
2.0125,0.377843685282213
2.013,0.432411929828805
2.0135,0.485993999652897
2.014,0.540562240984543
2.0145,0.594473032183071
2.015,0.647397649073853
2.0155,0.700322264773252
2.016,0.753904327997432
2.0165,0.805514044363817
2.017,0.858109932764332
2.0175,0.909062198882094
2.018,0.960671912909038
2.0185,1.01162417775735
2.019,1.06159026924743
2.0195,1.1115563603318
2.02,1.16020755396792
2.0205,1.20885874736751
2.021,1.25750994060365
2.0215,1.30451751236005
2.022,1.35119635982
2.0225,1.39754648304777
2.023,1.44323915782538
2.0235,1.48761693564577
2.024,1.53265216224385
2.0245,1.57472887055514
2.025,1.61779175201687
2.0255,1.65953973667138
2.026,1.70030154882447
2.0265,1.74040591278793
2.027,1.77952410428236
2.0275,1.81831357192124
2.028,1.85644559142178
2.0285,1.89326271416946
2.029,1.9284362158279
2.0295,1.96328099364446
2.03,1.99681087465422
2.0305,2.03034075614847
2.031,2.06222701647212
2.0315,2.09279837991364
2.032,2.12304101946932
2.0325,2.15196876209015
2.033,2.18023905644296
2.0335,2.20653700507057
2.034,2.23217750535796
2.0345,2.25683183291703
2.035,2.2801712633399
2.0355,2.30318196971628
2.036,2.32454905450497
2.0365,2.3446012420334
2.037,2.36399598103964
2.0375,2.38207582271096
2.038,2.39916949140319
2.0385,2.41494826268162
2.039,2.42908341209901
2.0395,2.4425611128375
2.04,2.45472391605422
2.0405,2.46524309730067
2.041,2.47510482979238
2.0415,2.48398038909597
2.042,2.49186977519254
2.0425,2.49811553921853
2.043,2.50238895672683
2.0435,2.50666237424885
2.044,2.50896344522795
2.0445,2.51027834293209
2.045,2.51027834293209
2.0455,2.50929216965387
2.046,2.50699109867419
2.0465,2.50370385442445
2.047,2.49943043691193
2.0475,2.4931846728798
2.048,2.48595273561579
2.0485,2.47773462513554
2.049,2.46820161704072
2.0495,2.45801116018513
2.05,2.44519090811861
2.0505,2.4323706561697
2.051,2.41823550671969
2.0515,2.40245673540535
2.052,2.38602051546845
2.0525,2.36794067374928
2.053,2.34953210785903
2.0535,2.3298086446513
2.054,2.30844155979139
2.0545,2.2860883020912
2.055,2.26274887158475
2.0555,2.23875199267216
2.056,2.21311149228797
2.0565,2.18615609485076
2.057,2.15920069781397
2.0575,2.13027295508383
2.058,2.1003590397597
2.0585,2.06945895186935
2.059,2.03790141577049
2.0595,2.00535770714501
2.06,1.97215655033653
2.0605,1.93731177239582
2.061,1.90180954630554
2.0615,1.86499242344574
2.062,1.8278465767517
2.0625,1.78905710899878
2.063,1.75026764169591
2.0635,1.7104920019241
2.064,1.66907274109266
2.0645,1.62831092921956
2.065,1.58590549624692
2.0655,1.54218516644777
2.066,1.49846483692093
2.0665,1.45408705905375
2.067,1.4093805570783
2.0675,1.36270170955067
2.068,1.31668031064101
2.0685,1.26901529033951
2.069,1.22069282141018
2.0695,1.17269907661719
2.07,1.12339043448521
2.0705,1.07375306776941
2.071,1.0234582520985
2.0715,0.972834711665055
2.072,0.921882446376623
2.0725,0.870601456137453
2.073,0.81899174084844
2.0735,0.76639585178804
2.074,0.713799961759903
2.0745,0.660546622025997
2.075,0.607293281109526
2.0755,0.553053765898384
2.076,0.500457870998069
2.0765,0.445232179807129
2.077,0.390992660030255
2.0775,0.336753138523399
2.078,0.281856166405918
2.0785,0.226630467905576
2.079,0.171404767293673
2.0795,0.117493962176365
2.08,0.0616108081926577
2.0805,0.00638510063437431
2.081,-0.0478544360442723
2.0815,-0.10275142424855
2.082,-0.157319690664402
2.0825,-0.21221668438925
2.083,-0.267442405579698
2.0835,-0.322010680721133
2.084,-0.376907683538135
2.0845,-0.43081851580511
2.085,-0.485715525147436
2.0855,-0.538968914749986
2.086,-0.592879757010595
2.0865,-0.646461878114521
2.087,-0.699715278094427
2.0875,-0.751982507530283
2.088,-0.804907190049214
2.0885,-0.856845702027093
2.089,-0.907798043343377
2.0895,-0.95907911314437
2.09,-1.01036018674468
2.0905,-1.05999763989038
2.091,-1.10996382164599
2.0915,-1.1596012823296
2.092,-1.20693767228379
2.0925,-1.25526024073185
2.093,-1.30292536300372
2.0935,-1.34960431399327
2.094,-1.39529709353337
2.0945,-1.44098987666777
2.095,-1.48602521326119
2.0955,-1.52941692784407
2.096,-1.57215119553046
2.0965,-1.61521419174065
2.097,-1.65630484019642
2.0975,-1.69838166751751
2.098,-1.73881487196327
2.0985,-1.77661827736122
2.099,-1.81573658677107
2.0995,-1.85288254726177
2.1,-1.88937105982694
2.1005,-1.92487339897723
2.101,-1.95971828992417
2.1015,-1.99390573255246
2.102,-2.02612082496859
2.1025,-2.05833591958679
2.103,-2.08923611447259
2.1035,-2.11882140938243
2.104,-2.14840670620099
2.1045,-2.17536220053354
2.105,-2.20198897090659
2.1055,-2.22762956609561
2.106,-2.25261271154849
2.1065,-2.27595223028843
2.107,-2.29797684770321
2.1075,-2.31967274057305
2.108,-2.33939628048826
2.1085,-2.35846236993103
2.109,-2.3762135574158
2.1095,-2.39264984278241
2.11,-2.40908612878506
2.1105,-2.42289260952089
2.111,-2.43604163921374
2.1115,-2.44820449204624
2.112,-2.45872371640265
2.1125,-2.46825676370466
2.113,-2.47713235966485
2.1135,-2.48403560109835
2.114,-2.49061011685617
2.1145,-2.49488355215476
2.115,-2.49849953590346
2.1155,-2.50112934228604
2.116,-2.50211551968382
2.1165,-2.50211551968382
2.117,-2.5008006164873
2.1175,-2.49849953590346
2.118,-2.49488355215476
2.1185,-2.48995266527569
2.119,-2.48436432688376
2.1195,-2.47581745654768
2.12,-2.46825676370466
2.1205,-2.4583949906375
2.121,-2.44754704053276
2.1215,-2.43538418771932
2.122,-2.42223515804703
2.1225,-2.40809995160691
2.123,-2.39264984278241
2.1235,-2.37522738031397
2.124,-2.35747619287013
2.1245,-2.3384101034711
2.125,-2.3186865636009
2.1255,-2.29764812206199
2.126,-2.27430860216759
2.1265,-2.25129780912106
2.127,-2.22664338933029
2.1275,-2.20100279419794
2.128,-2.17470474943315
2.1285,-2.14610562749072
2.129,-2.11783523285478
2.1295,-2.08759248703323
2.13,-2.05702101772226
2.1305,-2.02480592319436
2.131,-1.99193338002662
2.1315,-1.95840338833333
2.132,-1.92290104673444
2.1325,-1.88805615842637
2.133,-1.85091019530781
2.1335,-1.8137642349636
2.134,-1.77596082680868
2.1345,-1.73585634470169
2.135,-1.69608059093623
2.1355,-1.65564738979616
2.136,-1.61324184069416
2.1365,-1.57116502008476
2.137,-1.52744457710781
2.1375,-1.48372413758184
2.138,-1.43901752624161
2.1385,-1.3933247432636
2.139,-1.34763196387729
2.1395,-1.30062428804918
2.14,-1.25328789092513
2.1405,-1.20529404757284
2.141,-1.15664275807512
2.1415,-1.10799147229377
2.142,-1.05769656582192
2.1425,-1.00773038800474
2.143,-0.957106764236164
2.1435,-0.90582569457959
2.144,-0.854873353403539
2.1445,-0.801948667325251
2.145,-0.749681434461415
2.1455,-0.697414205181431
2.146,-0.64383208067702
2.1465,-0.590907409061519
2.147,-0.536667842291374
2.1475,-0.483085728214902
2.148,-0.428846168226922
2.1485,-0.374277886922937
2.149,-0.319709608815973
2.1495,-0.26448388472482
2.15,-0.210573061780674
2.1505,-0.155347343637588
2.151,-0.100450352832882
2.1515,-0.044895915796986
2.152,0.00901489628908818
2.1525,0.0635831548455727
2.153,0.119137584315809
2.1535,0.174034562610365
2.154,0.229260263119294
2.1545,0.284485961521752
2.155,0.338068036035724
2.1555,0.393293730600669
2.156,0.447861974663187
2.1565,0.501772768387676
2.157,0.556012284945789
2.1575,0.609265627091602
2.158,0.662518967962565
2.1585,0.716101031970136
2.159,0.768696921954004
2.1595,0.820635362366992
2.16,0.872902526227636
2.1605,0.923854792141315
2.161,0.975464505986385
2.1615,1.02510187353268
2.162,1.07572541347349
2.1625,1.12536278017574
2.163,1.17434269801732
2.1635,1.22299389136189
2.164,1.2703301874519
2.1645,1.31832393203029
2.165,1.36434533094106
2.1655,1.41069545419329
2.166,1.45638812901257
2.1665,1.50043718260875
2.167,1.54415751214674
2.1675,1.58754911767396
2.168,1.62962582637141
2.1685,1.6713738111284
2.169,1.71180689910012
2.1695,1.75191126318316
2.17,1.79102945480555
2.1705,1.82916147397199
2.171,1.86630732068244
2.1715,1.90345316787326
2.172,1.93862666966777
2.1725,1.97281399898169
2.173,2.00700132878149
2.1735,2.03954503743089
2.174,2.0714312978911
2.1745,2.10200266146911
2.175,2.13093040377739
2.1755,2.1605155952213
2.176,2.18812844099097
2.1765,2.21442638973439
2.177,2.23973816577147
2.1775,2.26373504469807
2.178,2.28707447521851
2.1785,2.3094277329324
2.179,2.33013736903603
2.1795,2.34986083224797
2.18,2.36925557132147
2.1805,2.38700668865948
2.181,2.4037716330083
2.1815,2.41889295552821
2.182,2.43269938057718
2.1825,2.44617708135031
2.183,2.45801116018513
2.1835,2.46918779028882
2.184,2.47806334955379
2.1845,2.48628146003603
2.185,2.49351339730182
2.1855,2.49910171248846
2.186,2.50436130327375
2.1865,2.50699109867419
2.187,2.50994961850594
2.1875,2.51093579178465
2.188,2.51027834293209
2.1885,2.50929216965387
2.189,2.50600492539841
2.1895,2.50271768115111
2.19,2.49745809037232
2.1905,2.49154105077093
2.191,2.48398038909597
2.1915,2.47477610537484
2.192,2.46524309730067
2.1925,2.45439519164156
2.193,2.44223238842771
2.1935,2.42875468769236
2.194,2.41396208947166
2.1945,2.39818331820398
2.195,2.38174709831497
2.1955,2.3633385322557
2.196,2.34492996642129
2.1965,2.3235628813545
2.197,2.30285324533717
2.1975,2.27984253896546
2.198,2.25584565980777
2.1985,2.23152005662792
2.199,2.20555083199006
2.1995,2.17892415902161
2.2,2.1506538646888
2.2005,2.12172612208774
2.201,2.09181220689232
2.2015,2.06124084346533
2.202,2.02902585882554
2.2025,1.99582470167654
2.203,1.9619660963595
2.2035,1.92712131856118
2.204,1.89161909260791
2.2045,1.85447324557366
2.205,1.81699867470553
2.2055,1.77853793138219
2.206,1.73909101560218
2.2065,1.69865792735917
2.207,1.65789611522144
2.2075,1.61549068200662
2.208,1.57308524913162
2.2085,1.53035109226547
2.209,1.48597331424157
2.2095,1.44126681214853
2.21,1.39590286165522
2.2105,1.3492240141522
2.211,1.30188771813701
2.2115,1.25520887065591
2.212,1.20688640169282
2.2125,1.15823520828506
2.213,1.10892656607304
2.2135,1.05928919925412
2.214,1.00899438345566
2.2145,0.958699567161691
2.215,0.907418577405383
2.2155,0.855808862664357
2.216,0.803541698531885
2.2165,0.750945809196789
2.217,0.698349918866835
2.2175,0.645096578799707
2.218,0.591843237522211
2.2185,0.537603721914778
2.219,0.483692929201489
2.2195,0.429782134950088
2.22,0.375213890320277
2.2205,0.320645643909635
2.221,0.266406120008216
2.2215,0.210194247710901
2.222,0.155954719706137
2.2225,0.100729016236025
2.223,0.0455033104106903
2.2235,-0.00840750003094846
2.224,-0.0636332108249608
2.2245,-0.118530199799249
2.225,-0.173427191520108
2.2255,-0.22865291061972
2.226,-0.282892459076367
2.2265,-0.338446908775816
2.227,-0.393015187968928
2.2275,-0.446597296586406
2.228,-0.500836857663447
2.2285,-0.554418972848318
2.229,-0.608329816108578
2.2295,-0.661911938234294
2.23,-0.715165339257611
2.2305,-0.767761294475978
2.231,-0.819371079091935
2.2315,-0.871967041653033
2.232,-0.923576833651855
2.2325,-0.974200454961024
2.233,-1.02482407999731
2.2335,-1.07446153421823
2.234,-1.12344154238012
2.2345,-1.17307900410772
2.235,-1.22140156992714
2.2355,-1.26939541453281
2.236,-1.31640308791453
2.2365,-1.36308203996228
2.237,-1.4084460955032
2.2375,-1.45381015460407
2.238,-1.49851676711365
2.2385,-1.54256593293233
2.239,-1.58530020164387
2.2395,-1.62770574853674
2.24,-1.66912512316472
2.2405,-1.70922960010873
2.241,-1.74900535488319
2.2415,-1.78845238745219
2.242,-1.82625579654166
2.2425,-1.8637304831486
2.243,-1.90021899651608
2.2435,-1.93506388569261
2.244,-1.9702375027805
2.2445,-2.00343876987602
2.245,-2.03598258839237
2.2455,-2.06754023274228
2.246,-2.09778297725145
2.2465,-2.12769699822684
2.247,-2.15596739347393
2.2475,-2.18325161381303
2.248,-2.20987838465401
2.2485,-2.23486152910818
2.249,-2.25918722374439
2.2495,-2.28252674283344
2.25,-2.30422263493354
2.2505,-2.32526107679099
2.251,-2.34498461696148
2.2515,-2.36437943234411
2.252,-2.38114444295917
2.2525,-2.39758072851629
2.253,-2.41335956325028
2.2535,-2.42683731838559
2.254,-2.44064379970345
2.2545,-2.45182047538889
2.255,-2.46168224830063
2.2555,-2.47088656989534
2.256,-2.47910471434842
2.2565,-2.48633668160171
2.257,-2.49159629422885
2.2575,-2.49619845533244
2.258,-2.49981443909265
2.2585,-2.5017867938843
2.259,-2.50244424548361
2.2595,-2.50211551968382
2.26,-2.5008006164873
2.2605,-2.49784208431043
2.261,-2.49356864898126
2.2615,-2.48863776211786
2.262,-2.48206324639134
2.2625,-2.47417382765706
2.263,-2.46628440907255
2.2635,-2.45510773300026
2.264,-2.44425978298081
2.2645,-2.43176820451846
2.265,-2.41829044922542
2.2655,-2.40316906575066
2.266,-2.38739023139603
2.2665,-2.37062522053555
2.267,-2.35188785623451
2.2675,-2.333150492751
2.268,-2.31244077616271
2.2685,-2.29008743238228
2.269,-2.26806281536452
2.2695,-2.24406584584018
2.27,-2.2194114264514
2.2705,-2.19344210617041
2.271,-2.16615788521514
2.2715,-2.13854494038171
2.272,-2.10895964420122
2.2725,-2.07871689896151
2.273,-2.04748797931507
2.2735,-2.01527288544075
2.274,-1.98207161751986
2.2745,-1.94821290112604
2.275,-1.91303928564038
2.2755,-1.87720822200568
2.276,-1.83973353438295
2.2765,-1.80291630016056
2.277,-1.76379799173962
2.2775,-1.72533713679777
2.278,-1.68457520818158
2.2785,-1.643155832346
2.279,-1.60140773456699
2.2795,-1.55834473945259
2.28,-1.51528174772253
2.2805,-1.471232584058
2.281,-1.42553979851134
2.2815,-1.38050446667302
2.282,-1.33316806322749
2.2825,-1.28747528847749
2.283,-1.23915271749576
2.2835,-1.19083015030261
2.284,-1.14250758682643
2.2845,-1.09352757722681
2.285,-1.04356139671904
2.2855,-0.993595219952088
2.286,-0.942642872413924
2.2865,-0.891033079025808
2.287,-0.839423289370864
2.2875,-0.787156053881703
2.288,-0.735217546758699
2.2885,-0.681964144369141
2.289,-0.629368194924328
2.2895,-0.575128625638114
2.29,-0.52121778451596
2.2905,-0.467964396005839
2.291,-0.413067387756221
2.2915,-0.358499107387273
2.292,-0.30458827929
2.2925,-0.249033831513965
2.293,-0.194465560354835
2.2935,-0.139568567553571
2.294,-0.0843428530561899
2.2945,-0.0291171412722079
2.295,0.0247936700971696
2.2955,0.0796906523956024
2.296,0.135573805597706
2.2965,0.190142058816018
2.297,0.2447103099038
2.2975,0.299936007736081
2.298,0.354504254849572
2.2985,0.408415051415049
2.299,0.463312019365814
2.2995,0.517880261338156
2.3,0.571133604455702
2.3005,0.625044394885662
2.301,0.678297735397296
2.3015,0.730893626130851
2.302,0.783818240141948
2.3025,0.83608540460011
2.303,0.887037671034839
2.3035,0.93864738534585
2.304,0.990257099016213
2.3045,1.04055191498984
2.305,1.09018928195214
2.3055,1.13982664855876
2.306,1.18913529060772
2.3065,1.23680031106572
2.307,1.28479405568509
2.3075,1.33180162742274
2.308,1.37782302634546
2.3085,1.42417314962805
2.309,1.46887965165447
2.3095,1.51325742959079
2.31,1.55664903492001
2.3105,1.60004064053474
2.311,1.6421173493313
2.3115,1.68353660990866
2.312,1.72429842229404
2.3125,1.76374533791345
2.313,1.8025348053685
2.3135,1.84099554898002
2.314,1.87748394721882
2.3145,1.91397234593057
2.315,1.94881712354855
2.3155,1.98300445300465
2.316,2.01686305862533
2.3165,2.04907804308575
2.317,2.0806355793506
2.3175,2.11054949437979
2.318,2.14013468551077
2.3185,2.16873370403809
2.319,2.19634654993171
2.3195,2.22198705007045
2.32,2.24697010185046
2.3205,2.27063825650772
2.321,2.29364896274919
2.3215,2.31633094493668
2.322,2.33704058113153
2.3225,2.3561065956513
2.323,2.37484388601614
2.3235,2.39226627902275
2.324,2.40804505022612
2.3245,2.42382382160175
2.325,2.43730152229006
2.3255,2.44979304987248
2.326,2.46162712873815
2.3265,2.4721463100374
2.327,2.4813505937407
2.3275,2.48891125540091
2.328,2.4948282949907
2.3285,2.50140278345447
2.329,2.5053474765483
2.3295,2.50863472080212
2.33,2.50994961850594
2.3305,2.51126451621106
2.331,2.51060706735833
2.3315,2.50830599637637
2.332,2.50567620097332
2.3325,2.50140278345447
2.333,2.4964719171036
2.3335,2.48989742866406
2.334,2.48167931815983
2.3345,2.47313248328834
2.335,2.46294202639615
2.3355,2.45110794751923
2.336,2.43861641992508
2.3365,2.42480999481851
2.337,2.41034612104095
2.3375,2.39325245221796
2.338,2.3761587835944
2.3385,2.35807894199453
2.339,2.33835547867702
2.3395,2.31764584246472
2.34,2.29562130901361
2.3405,2.27261060274434
2.341,2.24959989679592
2.3415,2.22428812061401
2.342,2.19831889608308
2.3425,2.17037732580582
2.343,2.14276448029983
2.3435,2.1135080134728
2.344,2.08293664972186
2.3445,2.05203656209064
2.345,2.01949285325761
2.3455,1.98662042057169
2.346,1.95210436674474
2.3465,1.91660214045142
2.347,1.88109991463711
2.3475,1.84395406773926
2.348,1.80549332409123
2.3485,1.76736130520001
2.349,1.72758566524646
2.3495,1.68715257712018
2.35,1.64573331650984
2.3505,1.60332788339743
2.351,1.56092245061097
2.3515,1.51785956953797
2.352,1.47348179157887
2.3525,1.42778911669794
2.353,1.38275389051946
2.3535,1.33607504303524
2.354,1.28906747129852
2.3545,1.24107372668628
2.355,1.19340870624153
2.3555,1.14377133993177
2.356,1.09479142191619
2.3565,1.04482533070452
2.357,0.99453051477183
2.3575,0.943249525443097
2.358,0.892625984082991
2.3585,0.840687544825556
2.359,0.78809165613745
2.3595,0.736153215146029
2.36,0.682899875879954
2.3605,0.630632708453022
2.361,0.576064469489756
2.3615,0.522153677813011
2.362,0.468242884669086
2.3625,0.413674641232491
2.363,0.359763844834996
2.3635,0.304866873516602
2.364,0.249641175864531
2.3645,0.195730373782633
2.365,0.140175947520202
2.3655,0.0846215189516804
2.366,0.0303819857717548
2.3665,-0.0241862742769679
2.367,-0.0794119858238795
2.3675,-0.13430897557685
2.368,-0.189534692621308
2.3685,-0.244431688050327
2.369,-0.299986135568048
2.3695,-0.354225687975374
2.37,-0.40813651891532
2.3705,-0.462704802254835
2.371,-0.516286915071914
2.3715,-0.571183929829086
2.372,-0.6237798754983
2.3725,-0.677033273961005
2.373,-0.730286676013342
2.3735,-0.782882632274736
2.374,-0.834492417939966
2.3745,-0.886430932027278
2.375,-0.938369449887592
2.3755,-0.988993072277339
2.376,-1.03895924870372
2.3765,-1.08958287862782
2.377,-1.13856288792905
2.3775,-1.18688545110497
2.378,-1.23520801799201
2.3785,-1.28254441371187
2.379,-1.33020953813799
2.3795,-1.37590231617075
2.38,-1.42192382283269
2.3805,-1.46728788300264
2.381,-1.51100832124495
2.3815,-1.55505748805681
2.382,-1.5974630325823
2.3825,-1.63986858043421
2.383,-1.68095923079653
2.3835,-1.72139243388893
2.384,-1.76051073906795
2.3845,-1.79962904723599
2.385,-1.8371037318488
2.3855,-1.87392096859201
2.386,-1.91008075735107
2.3865,-1.94591182339937
2.387,-1.97977053963094
2.3875,-2.01330053282609
2.388,-2.04518690110795
2.3885,-2.07575836964202
2.389,-2.10632984018863
2.3895,-2.13525768515605
2.39,-2.16418553195701
2.3905,-2.19114102723081
2.391,-2.21678162179729
2.3915,-2.24209349223865
2.392,-2.26576173603841
2.3925,-2.28910125547719
2.393,-2.31046842225353
2.3935,-2.33117813874749
2.394,-2.35057295350729
2.3945,-2.36865286635997
2.395,-2.3860753285596
2.3955,-2.40251161430749
2.396,-2.41730427202579
2.3965,-2.43045330154404
2.397,-2.44327360572025
2.3975,-2.45477900723796
2.398,-2.46398332868024
2.3985,-2.47351637610264
2.399,-2.48140579482442
2.3995,-2.48765158475223
2.4,-2.49323992318854
2.4005,-2.49751335851431
2.401,-2.49948571329496
2.4015,-2.50244424548361
2.402,-2.50244424548361
2.4025,-2.5017867938843
2.403,-2.49981443909265
2.4035,-2.49586972953763
2.404,-2.49192502002027
2.4045,-2.48633668160171
2.405,-2.47976216591169
2.4055,-2.47187274722113
2.406,-2.46299715137314
2.4065,-2.4524779269091
2.407,-2.44064379970345
2.4075,-2.4281522213487
2.408,-2.41467446617136
2.4085,-2.39856690566994
2.409,-2.38311679719249
2.4095,-2.3653656094209
2.41,-2.34629951967161
2.4105,-2.32690470510411
2.411,-2.30652371446205
2.4115,-2.28449909661619
2.412,-2.26083085180869
2.4125,-2.23683388267751
2.413,-2.21217946368991
2.4135,-2.18555269271225
2.414,-2.15826847223418
2.4145,-2.12966935132675
2.415,-2.10074150671177
2.4155,-2.07017003653439
2.416,-2.03795494110194
2.4165,-2.00606857330931
2.417,-1.97253858062357
2.4175,-1.93802241413397
2.418,-1.90284879938597
2.4185,-1.86636028582358
2.419,-1.82921432432938
2.4195,-1.79141091501802
2.42,-1.75262133274203
2.4205,-1.71284557768933
2.421,-1.67208365004775
2.4215,-1.63132172555841
2.422,-1.58825872806323
2.4225,-1.54618190938655
2.423,-1.50213274328082
2.4235,-1.45775485556564
2.424,-1.41304824626323
2.4245,-1.36669801527476
2.425,-1.32001906294219
2.4255,-1.27334011425666
2.426,-1.22567499429527
2.4265,-1.17735242814603
2.427,-1.12804369098785
2.4275,-1.07972113223426
2.428,-1.02909750306319
2.4285,-0.97814515288084
2.429,-0.9278502560879
2.4295,-0.87656918855867
2.43,-0.823973225664932
2.4305,-0.772034715997032
2.431,-0.71943876048467
2.4315,-0.666514083859742
2.432,-0.613260686094766
2.4325,-0.55967856715914
2.433,-0.505110277770046
2.4335,-0.451856890241989
2.434,-0.397617332143627
2.4345,-0.342720328116423
2.435,-0.288152051811282
2.4355,-0.233912503069322
2.436,-0.178358059177953
2.4365,-0.123132342710833
2.437,-0.067906629032182
2.4375,-0.0133383669602069
2.438,0.0409011681489166
2.4385,0.0961268741753442
2.439,0.151023853417865
2.4395,0.206578279242692
2.44,0.260817805314635
2.4405,0.31571477817885
2.441,0.37028302475549
2.4415,0.424851269541982
2.442,0.479419512641435
2.4425,0.533001581130969
2.443,0.587241096858035
2.4435,0.64049443824463
2.444,0.693419054094092
2.4445,0.747001117457699
2.445,0.798610833946489
2.4455,0.850877998159175
2.446,0.902816437266839
2.4465,0.953111254206046
2.447,1.00439224342443
2.4475,1.05501578354994
2.448,1.10498187468317
2.4485,1.15396179263751
2.449,1.20261298606338
2.4495,1.2509354550381
2.45,1.29794302680233
2.4505,1.34527932281681
2.451,1.39195817031366
2.4515,1.43699339651638
2.452,1.48235734715334
2.4525,1.52640640087562
2.453,1.56946928200141
2.4535,1.61187471484967
2.454,1.65428014803362
2.4545,1.69537068443052
2.455,1.73481759975169
2.4555,1.77492196408401
2.456,1.81371143166863
2.4565,1.85118600249639
2.457,1.88800312517594
2.4575,1.92416279971352
2.458,1.95900757747093
2.4585,1.99286618274603
2.459,2.02573861552165
2.4595,2.0582823244477
2.46,2.08918241217113
2.4605,2.11975377601703
2.461,2.14868151858848
2.4615,2.17629436418175
2.462,2.2035784858307
2.4625,2.22921898607476
2.463,2.253873313591
2.4635,2.27721274397228
2.464,2.30022345030665
2.4645,2.32224798382151
2.465,2.34197144693289
2.4655,2.36169491029712
2.466,2.38010347633615
2.4665,2.39621097180758
2.467,2.41264719185944
2.4675,2.42678234125407
2.468,2.44091749078931
2.4685,2.45340901840405
2.469,2.46392819964047
2.4695,2.47444738095738
2.47,2.48299421583715
2.4705,2.49088360192794
2.471,2.49745809037232
2.4715,2.50206023230263
2.472,2.50633364982359
2.4725,2.50863472080212
2.473,2.51060706735833
2.4735,2.51027834293209
2.474,2.50962089407986
2.4745,2.50764854752512
2.475,2.50436130327375
2.4755,2.49975916133549
2.476,2.4941708461461
2.4765,2.48693890887677
2.477,2.47904952280903
2.4775,2.46951651470501
2.478,2.45899733342592
2.4785,2.44749197899365
2.479,2.43467172702372
2.4795,2.42020785314616
2.48,2.40442908181022
2.4805,2.38865031064598
2.481,2.37122791768191
2.4815,2.35183317858309
2.482,2.3321097153459
2.4825,2.31140007921627
2.483,2.28904682147491
2.4835,2.26570739092647
2.484,2.24105306323809
2.4845,2.21672746026799
2.485,2.19010078713333
2.4855,2.16248794133402
2.486,2.13421764724856
2.4865,2.10397500752218
2.487,2.07340364391471
2.4875,2.04184610775754
2.488,2.00963112340233
2.4885,1.97642996653325
2.489,1.94158518853214
2.4895,1.9060829623837
2.49,1.87025201239615
2.4905,1.83277744133068
2.491,1.794645422121
2.4915,1.75552723045772
2.492,1.71608031492516
2.4925,1.67466105403866
2.493,1.63324179354078
2.4935,1.59116508481506
2.494,1.54810220354634
2.4945,1.50405314970426
2.495,1.46033282037163
2.4955,1.41431142126003
2.496,1.36894747083456
2.4965,1.32226862336459
2.497,1.27493232734487
2.4975,1.22726730698565
2.498,1.17894483793637
2.4985,1.12996492011847
2.499,1.08065627773109
2.4995,1.03003273783222
2.5,0.979080473175763
2.5005,0.927799483667786
2.501,0.877504666403528
2.5015,0.825237502614411
2.502,0.77297033797162
2.5025,0.72004572375441
2.503,0.667121108474943
2.5035,0.613867767709653
2.504,0.560285701340133
2.5045,0.506703633590743
2.505,0.452135391296144
2.5055,0.397238422999871
2.506,0.343327626074291
2.5065,0.288430654187003
2.507,0.233862404731813
2.5075,0.178636704402506
2.508,0.124397175148235
2.5085,0.0688427459048907
2.509,0.0132883142157543
2.5095,-0.0399650487349853
2.51,-0.095848210015833
2.5105,-0.151073925091959
2.511,-0.205642193970654
2.5115,-0.260210465727728
2.512,-0.31510746502215
2.5125,-0.3696757428642
2.513,-0.423915299300304
2.5135,-0.478154858987692
2.514,-0.532723146662532
2.5145,-0.58564781455367
2.515,-0.639558659859436
2.5155,-0.692483334676373
2.516,-0.745736737788083
2.5165,-0.79767524563364
2.517,-0.849942481868107
2.5175,-0.901880997068478
2.518,-0.952833341620976
2.5185,-1.00411441475397
2.519,-1.05408059230189
2.5195,-1.10338932382854
2.52,-1.15302678400497
2.5205,-1.20102062334459
2.521,-1.2486857414008
2.5215,-1.29635086315695
2.522,-1.34368726366506
2.5225,-1.38970876778641
2.523,-1.43540155047797
2.5235,-1.48010816153331
2.524,-1.52382860077623
2.5245,-1.56689159317396
2.525,-1.60962586379438
2.5255,-1.65170268741174
2.526,-1.69246461347182
2.5265,-1.73289781745708
2.527,-1.77168739823787
2.5275,-1.81014825666998
2.528,-1.84795166739153
2.5285,-1.88444017959292
2.529,-1.9202712437565
2.5295,-1.95511613437194
2.53,-1.98963230209013
2.5305,-2.02250484509827
2.531,-2.05373376307714
2.5315,-2.0849626831424
2.532,-2.1152054287914
2.5325,-2.14380454879208
2.533,-2.17207494504115
2.5335,-2.19870171521954
2.534,-2.22434231021971
2.5345,-2.24899672988249
2.535,-2.27266497405291
2.5355,-2.29567576821987
2.536,-2.31704293531897
2.5365,-2.33709520078506
2.537,-2.35616129012579
2.5375,-2.37424120321442
2.538,-2.39100621421717
2.5385,-2.40678504870629
2.539,-2.42124898083817
2.5395,-2.43472673622594
2.54,-2.4468895890203
2.5405,-2.45740881334361
2.541,-2.46759931215959
2.5415,-2.47581745654768
2.542,-2.4827206979593
2.5425,-2.48929521369626
2.543,-2.49488355215476
2.5435,-2.49817081010682
2.544,-2.50047189068882
2.5445,-2.50211551968382
2.545,-2.50277297128365
2.5455,-2.50145806808504
2.546,-2.49849953590346
2.5465,-2.49586972953763
2.547,-2.48995266527569
2.5475,-2.48469305266943
2.548,-2.477789811225
2.5485,-2.46891421525077
2.549,-2.45938116793372
2.5495,-2.44919066931841
2.55,-2.43669909070918
2.5505,-2.42453623821002
2.551,-2.41007230596551
2.5515,-2.39462219706909
2.552,-2.37752846022179
2.5525,-2.3594485469942
2.553,-2.34202608587839
2.5535,-2.32131636886496
2.554,-2.3002779271987
2.5545,-2.27759585841544
2.555,-2.25425633958828
2.5555,-2.22960191963281
2.556,-2.20429004990188
2.5565,-2.17799200494469
2.557,-2.1503790593905
2.5575,-2.12145121346655
2.558,-2.0915371928975
2.5585,-2.06030827239053
2.559,-2.02907935397403
2.5595,-1.99620681050961
2.56,-1.96267681851672
2.5605,-1.92783192735643
2.561,-1.89265831334378
2.5615,-1.85551234987923
2.562,-1.81803766388956
2.5625,-1.78023425541535
2.563,-1.74111594873401
2.5635,-1.7010114693371
2.564,-1.66057826781799
2.5645,-1.61883016867802
2.565,-1.57609589733113
2.5655,-1.53270417908679
2.566,-1.48931246424803
2.5665,-1.44460585246677
2.567,-1.39858434399787
2.5675,-1.35387773926715
2.568,-1.30621261295406
2.5685,-1.25854749042383
2.569,-1.21186854644264
2.5695,-1.1632172564371
2.57,-1.11423724526303
2.5705,-1.06459978805127
2.571,-1.01430488487376
2.5715,-0.963681260618714
2.572,-0.912071465683769
2.5725,-0.860790399290309
2.573,-0.809180611782422
2.5735,-0.756913378415571
2.574,-0.704317423940761
2.5745,-0.650406574286938
2.575,-0.597481902243455
2.5755,-0.544228508964536
2.576,-0.490317669798421
2.5765,-0.436078109368059
2.577,-0.382167276790854
2.5775,-0.326941549107896
2.578,-0.271715824607847
2.5785,-0.217476276754331
2.579,-0.16257928275372
2.5795,-0.107353567094212
2.58,-0.0517991297191217
2.5805,0.00276913159974407
2.581,0.0573373904340318
2.5815,0.11190564688685
2.582,0.167131349893314
2.5825,0.222028326270041
2.583,0.277254024942265
2.5835,0.331822272842583
2.584,0.386061794511732
2.5845,0.44128748751586
2.585,0.494869557082218
2.5855,0.548122900809928
2.586,0.602362416146654
2.5865,0.655615757177469
2.587,0.708869097016846
2.5875,0.761136262830298
2.588,0.814060876287645
2.5885,0.866328040251693
2.589,0.917280306255201
2.5895,0.968561295889661
2.59,1.01885611208011
2.5905,1.06947965207517
2.591,1.11911701882075
2.5915,1.16776821241532
2.592,1.21674813006364
2.5925,1.26441315044571
2.593,1.31174944647313
2.5935,1.35842829393603
2.594,1.40444969289798
2.5945,1.45014236769685
2.595,1.49419142126551
2.5955,1.53824047505151
2.596,1.58130335625366
2.5965,1.62403751347838
2.597,1.66578549818651
2.5975,1.70687603469227
2.598,1.74698039872365
2.5985,1.7860985902908
2.599,1.82455933370342
2.5995,1.86170518035662
2.6,1.89819357886007
2.6005,1.93369580490147
2.601,1.96886930711346
2.6015,2.00174173954888
2.602,2.0352716211164
2.6025,2.06748660584946
2.603,2.09772924502743
2.6035,2.12797188465812
2.604,2.15657090300209
2.6045,2.18385502435655
2.605,2.21048169739807
2.6055,2.23645092210933
2.606,2.26044780098926
2.6065,2.28411595583838
2.607,2.30646921351119
2.6075,2.3275075739601
2.608,2.34788848591539
2.6085,2.36662577617825
2.609,2.38404816908839
2.6095,2.40147056220392
2.61,2.41626316029594
2.6105,2.43138448294769
2.611,2.44453345929787
2.6115,2.45669626253183
2.612,2.46754416820905
2.6125,2.47707717629927
2.613,2.48562401119562
2.6135,2.49219849961424
2.614,2.49877298806507
2.6145,2.50370385442445
2.615,2.50666237424885
2.6155,2.50929216965387
2.616,2.51027834293209
2.6165,2.51060706735833
2.617,2.50896344522795
2.6175,2.50633364982359
2.618,2.50304640557548
2.6185,2.49811553921853
2.619,2.49186977519254
2.6195,2.48463783793559
2.62,2.47576227862769
2.6205,2.46622927054664
2.621,2.45571008929268
2.6215,2.44321856165731
2.622,2.43006958531941
2.6225,2.41560571148863
2.623,2.39949821580307
2.6235,2.38339072029562
2.624,2.36498215421608
2.6245,2.34657358836175
2.625,2.32586395203989
2.6255,2.30482559161289
2.626,2.28280105833783
2.6265,2.25847545476707
2.627,2.23414985154958
2.6275,2.20883807559387
2.628,2.18188267822098
2.6285,2.15426983254471
2.629,2.12534208988921
2.6295,2.09509945029858
2.63,2.06387063815113
2.6305,2.03231310213432
2.631,2.00009811791616
2.6315,1.96558206389485
2.632,1.93106601036334
2.6325,1.89523506004464
2.633,1.8587466615796
2.6335,1.8219295392673
2.634,1.78281134728499
2.6345,1.74369315575433
2.635,1.70391751605045
2.6355,1.66282697957301
2.636,1.62075027060296
2.6365,1.57834483768844
2.637,1.53593940507136
2.6375,1.49123290273604
2.638,1.44619767634125
2.6385,1.40149117439044
2.639,1.35514105115587
2.6395,1.30813347941663
2.64,1.2607971833858
2.6405,1.21280343871609
2.641,1.16448096961279
2.6415,1.11517232743613
2.642,1.06586368494703
2.6425,1.01524014491998
2.643,0.964616604401093
2.6435,0.913335614718273
2.644,0.861725900061177
2.6445,0.810116184633419
2.645,0.757520295416189
2.6455,0.704924405215641
2.646,0.651999789615395
2.6465,0.598746448500205
2.647,0.544506933070852
2.6475,0.490924864896513
2.648,0.436685346498439
2.6485,0.381788377717387
2.649,0.326891407146556
2.6495,0.272980607856353
2.65,0.217754909023861
2.6505,0.162857932479623
2.651,0.10796095372693
2.6515,0.0524065237713115
2.652,-0.00150428636434149
2.6525,-0.0570587213066293
2.653,-0.111626985468045
2.6535,-0.166195252330194
2.654,-0.22207842009588
2.6545,-0.275660519111717
2.655,-0.331214968396945
2.6555,-0.38611197174997
2.656,-0.439365355360529
2.6565,-0.494262365232889
2.657,-0.547844480005993
2.6575,-0.601755322839871
2.658,-0.654351270478788
2.6585,-0.707933395696228
2.659,-0.761186799875375
2.6595,-0.812796584037462
2.66,-0.865721270899584
2.6605,-0.916673612848473
2.661,-0.967297233655778
2.6615,-1.01824958302586
2.662,-1.06821576162872
2.6625,-1.1171957693221
2.663,-1.16716195548694
2.6635,-1.21548452085059
2.664,-1.26249219007752
2.6645,-1.3098285879202
2.665,-1.3568362644749
2.6655,-1.40318649467946
2.666,-1.44789310321302
2.6665,-1.49259971525411
2.667,-1.53664888060386
2.6675,-1.57971187400684
2.668,-1.62244614563975
2.6685,-1.66320806944842
2.669,-1.70429872163021
2.6695,-1.7437457507703
2.67,-1.7831927829333
2.6705,-1.82132491693425
2.671,-1.85781342718093
2.6715,-1.8952881161731
2.672,-1.93046173037529
2.6725,-1.96497789632352
2.673,-1.99916533932802
2.6735,-2.03138043210222
2.674,-2.06293807614182
2.6745,-2.09350954584226
2.675,-2.12408101756576
2.6755,-2.15235141258856
2.676,-2.17996435826312
2.6765,-2.20626240333584
2.677,-2.23124554758717
2.6775,-2.25589996763419
2.678,-2.27956821217598
2.6785,-2.30093537848536
2.679,-2.32230254584309
2.6795,-2.34235481155328
2.68,-2.36174962681709
2.6805,-2.37884336303183
2.681,-2.39527964850002
2.6815,-2.41138720887635
2.682,-2.42453623821002
2.6825,-2.43801399370315
2.683,-2.44984812083448
2.6835,-2.46069607099897
2.684,-2.47022911834611
2.6845,-2.477789811225
2.685,-2.48535050424156
2.6855,-2.4909388426468
2.686,-2.49554100374308
2.6865,-2.49915698749753
2.687,-2.50112934228604
2.6875,-2.50244424548361
2.688,-2.50244424548361
2.6885,-2.5008006164873
2.689,-2.49784208431043
2.6895,-2.49389737477424
2.69,-2.48929521369626
2.6905,-2.48304942374367
2.691,-2.47450255343467
2.6915,-2.46661313484392
2.692,-2.45675136181565
2.6925,-2.44557468599849
2.693,-2.43406928473359
2.6935,-2.42026280363162
2.694,-2.40579887153351
2.6945,-2.38969131136956
2.695,-2.37292630041856
2.6955,-2.35451766170103
2.696,-2.33545157243315
2.6965,-2.31474185573474
2.697,-2.29403214002491
2.6975,-2.27102134594438
2.698,-2.24801055306963
2.6985,-2.22236995670584
2.699,-2.19640063625296
2.6995,-2.17010259175721
2.7,-2.14216092115732
2.7005,-2.11290435024829
2.701,-2.08299033023408
2.7015,-2.05241886122556
2.702,-2.01987504157363
2.7025,-1.98700249874774
2.703,-1.95314378200588
2.7035,-1.91731271542329
2.704,-1.88213910216728
2.7045,-1.84499313949283
2.705,-1.80784717958755
2.7055,-1.76938632132995
2.706,-1.7299392902294
2.7065,-1.69016353691657
2.707,-1.64841543544711
2.7075,-1.60699606242798
2.708,-1.56459051715891
2.7085,-1.52119879982262
2.709,-1.47714963569269
2.7095,-1.43178557473718
2.71,-1.38642151737209
2.7105,-1.33974256347911
2.711,-1.29306361326045
2.7115,-1.2457272167248
2.712,-1.19707592408288
2.7125,-1.14908208504272
2.713,-1.09944462516995
2.7135,-1.05013589393884
2.714,-1.0001697166842
2.7145,-0.9485599190321
2.715,-0.897607574789504
2.7155,-0.845997784663845
2.716,-0.794059273452196
2.7165,-0.742120765855427
2.717,-0.688867362992379
2.7175,-0.635942688416121
2.718,-0.582031843348911
2.7185,-0.528121001785305
2.719,-0.474867612851616
2.7195,-0.41997060417836
2.72,-0.365731047974763
2.7205,-0.311491494913829
2.721,-0.256594495821396
2.7215,-0.201368775220984
2.722,-0.14680050656335
2.7225,-0.091574791702728
2.723,-0.0366778040386264
2.7235,0.0175617321273046
2.724,0.0731161636244404
2.7245,0.128013143833372
2.725,0.182581397355011
2.7255,0.237807097530948
2.726,0.292704071229559
2.7265,0.347272318591987
2.727,0.402169288486097
2.7275,0.456080083563816
2.728,0.510648325744183
2.7285,0.56423039338866
2.729,0.618141183989372
2.7295,0.671394524657178
2.73,0.723990415532782
2.7305,0.776586305366209
2.731,0.829510918552516
2.7315,0.880463185084901
2.732,0.932730348070467
2.7325,0.983353888941409
2.733,1.03397742926866
2.7335,1.08361479628389
2.734,1.13325216293316
2.7345,1.18223208073455
2.735,1.22989710121513
2.7355,1.27854829440322
2.736,1.3255558661432
2.7365,1.37223471361605
2.737,1.41825611260649
2.7375,1.46329133889184
2.738,1.5073403925197
2.7385,1.55138944638108
2.739,1.59379487910093
2.7395,1.63685776071276
2.74,1.67794829695137
2.7405,1.71838138498671
2.741,1.75815702484149
2.7415,1.7966177679311
2.742,1.83540723577605
2.7425,1.87288180687499
2.743,1.90904148121104
2.7435,1.94487243171884
2.744,1.97873103679617
2.7445,2.01226091802621
2.745,2.04381845375375
2.7455,2.07603343861575
2.746,2.10660480226263
2.7465,2.13618999333394
2.747,2.16511773615423
2.7475,2.19174440892028
2.748,2.21837108207956
2.7485,2.24368285817438
2.749,2.26735101278526
2.7495,2.29036171898052
2.75,2.31304370112136
2.7505,2.33408206165827
2.751,2.35380552492077
2.7515,2.37221409086311
2.752,2.3899652082365
2.7525,2.40574397941496
2.753,2.42086530195559
2.7535,2.43532917583985
2.754,2.44782070340468
2.7545,2.45998350666742
2.755,2.47017396353763
2.7555,2.47970697164625
2.756,2.48759635771783
2.7565,2.49384212172392
2.757,2.50041661018284
2.7575,2.50436130327375
2.758,2.50764854752512
2.7585,2.50994961850594
2.759,2.51027834293209
2.7595,2.51027834293209
2.76,2.50896344522795
2.7605,2.50600492539841
2.761,2.50173150787851
2.7615,2.49614319268086
2.762,2.49022615308528
2.7625,2.48200804257904
2.763,2.47378993212271
2.7635,2.46327075081085
2.764,2.45176539634308
2.7645,2.43993131756132
2.765,2.42612489244191
2.7655,2.41166101865106
2.766,2.39588224740844
2.7665,2.37845985435915
2.767,2.36038001273154
2.7675,2.34065654938432
2.768,2.32027563752409
2.7685,2.29857982841477
2.769,2.27556912210368
2.7695,2.25190096737654
2.77,2.22691791552466
2.7705,2.20127741531421
2.771,2.17432201805433
2.7715,2.14605172379126
2.772,2.11679525691466
2.7725,2.08688134179287
2.773,2.05532380543418
2.7735,2.02376626954165
2.774,1.99023638814428
2.7745,1.95604905858591
2.775,1.92120428086922
2.7755,1.88537333068293
2.776,1.84855620803722
2.7765,1.81009546433198
2.777,1.77229216968771
2.7775,1.73251652968035
2.778,1.69175471721199
2.7785,1.65099290513804
2.779,1.60891619626853
2.7795,1.56651076344188
2.78,1.52311915805232
2.7805,1.47874138006648
2.781,1.43403487800264
2.7815,1.38801347897283
2.782,1.34166335575962
2.7825,1.29432705974536
2.783,1.2469907636979
2.7835,1.19866829471195
2.784,1.15001710126886
2.7845,1.10070845900844
2.785,1.05139981641326
2.7855,1.00110500054241
2.786,0.950152735579551
2.7865,0.898543021418916
2.787,0.84660458224886
2.7875,0.794666142272411
2.788,0.742398977088303
2.7885,0.689803086587963
2.789,0.636221022006766
2.7895,0.582638956184041
2.79,0.52905688902217
2.7905,0.474817371719742
2.791,0.420906577205583
2.7915,0.36633833229314
2.792,0.311770085583096
2.7925,0.256544388181889
2.793,0.201318688727015
2.7935,0.146750435953473
2.794,0.091524732098246
2.7945,0.0366277503190488
2.795,-0.0179405094460409
2.7955,-0.0721800472554601
2.796,-0.12740576114607
2.7965,-0.182302753320845
2.797,-0.237199748364148
2.7975,-0.292425470929153
2.798,-0.347322472043212
2.7985,-0.401233302582774
2.799,-0.456787759322308
2.7995,-0.509383697897768
2.8,-0.563951987560945
2.8005,-0.617205382105163
2.801,-0.670130055441299
2.8015,-0.723383457022908
2.802,-0.776636862277559
2.8025,-0.828246647508486
2.803,-0.879856436366463
2.8035,-0.931794953744267
2.804,-0.982747300482612
2.8045,-1.03271347644787
2.805,-1.08333710589469
2.8055,-1.13231711472446
2.806,-1.18063967742593
2.8065,-1.22929096878364
2.807,-1.276956089026
2.8075,-1.32363503799174
2.808,-1.37031399060952
2.8085,-1.415678046714
2.809,-1.46071338130479
2.8095,-1.50607744458078
2.81,-1.54979788586454
2.8105,-1.59187470481992
2.811,-1.6342802522307
2.8115,-1.67569962737178
2.812,-1.71613283005715
2.8125,-1.75557986010002
2.813,-1.79502689317749
2.8135,-1.83217285213458
2.814,-1.86997626452449
2.8145,-1.90547860226999
2.815,-1.9413096679789
2.8155,-1.97483965847769
2.816,-2.0083696513254
2.8165,-2.0412421956363
2.817,-2.07214238938824
2.8175,-2.10271385969586
2.818,-2.13197042995406
2.8185,-2.1605695510061
2.819,-2.18851122274283
2.8195,-2.21382309157995
2.82,-2.23880623625562
2.8205,-2.26346065672433
2.821,-2.28548527351089
2.8215,-2.30849606835331
2.822,-2.32854833342349
2.8225,-2.34827187374433
2.823,-2.3666805121935
2.8235,-2.38377424860562
2.824,-2.40053925998413
2.8245,-2.41500319190226
2.825,-2.42946712431592
2.8255,-2.44228742846202
2.826,-2.45313537843034
2.8265,-2.46365460291095
2.827,-2.47253019877295
2.8275,-2.480419617476
2.828,-2.48765158475223
2.8285,-2.49291119739608
2.829,-2.49685590692286
2.8295,-2.49981443909265
2.83,-2.50211551968382
2.8305,-2.50277297128365
2.831,-2.50211551968382
2.8315,-2.5008006164873
2.832,-2.49685590692286
2.8325,-2.49323992318854
2.833,-2.48765158475223
2.8335,-2.48140579482442
2.834,-2.47318765032582
2.8345,-2.4646407802196
2.835,-2.45445028147592
2.8355,-2.4426161542145
2.836,-2.42979585005837
2.8365,-2.41598936909652
2.837,-2.40119671142423
2.8375,-2.38508915143494
2.838,-2.36799541497014
2.8385,-2.34925805078409
2.839,-2.32986323608349
2.8395,-2.30915351965239
2.84,-2.28745762730698
2.8405,-2.26510428480459
2.841,-2.24044986424409
2.8415,-2.21546671947605
2.842,-2.18916867386338
2.8425,-2.16221317870748
2.843,-2.13328533203202
2.8435,-2.10501493818798
2.844,-2.07378601677283
2.8445,-2.04288582291212
2.845,-2.01034200391951
2.8455,-1.97714073634288
2.846,-1.94328202029659
2.8465,-1.90810840516816
2.847,-1.87161989121546
2.8475,-1.8344739293285
2.848,-1.79699924491172
2.8485,-1.75788093694581
2.849,-1.71843390672699
2.8495,-1.67800070386364
2.85,-1.6365813285427
2.8505,-1.59417578095038
2.851,-1.55177023668074
2.8515,-1.50804979524122
2.852,-1.46334318197478
2.8525,-1.41896529729434
2.853,-1.37294379086699
2.8535,-1.32626483804154
2.854,-1.27925716389042
2.8545,-1.23159204346905
2.855,-1.18326947686219
2.8555,-1.13461818905593
2.856,-1.08563818005261
2.8565,-1.03534327528534
2.857,-0.985048374295089
2.8575,-0.934424752194183
2.858,-0.88281495940636
2.8585,-0.830876445578415
2.859,-0.779595384901329
2.8595,-0.72634197943981
2.86,-0.673417302347935
2.8605,-0.620492628795086
2.861,-0.566253060094023
2.8615,-0.512670944164268
2.862,-0.458431382355161
2.8625,-0.404520548448919
2.863,-0.349623544014995
2.8635,-0.295055267318652
2.864,-0.240486993669636
2.8645,-0.184603824911035
2.865,-0.130035557114536
2.8655,-0.0757960165338889
2.866,-0.0202415806956856
2.8665,0.0333405058244358
2.867,0.0888949366182234
2.8675,0.143791916162486
2.868,0.199017617870249
2.8685,0.253585868621248
2.869,0.308482841745715
2.8695,0.363379812940215
2.87,0.417619333585154
2.8705,0.472187576902263
2.871,0.526427094278647
2.8715,0.580337885843344
2.872,0.633591227394928
2.8725,0.687173292034781
2.873,0.739769182588038
2.8735,0.792036347820158
2.874,0.844303512141048
2.8745,0.895913227048551
2.875,0.946536768366617
2.8755,0.997817757658216
2.876,1.04909874641604
2.8765,1.09807866474582
2.877,1.14771603130306
2.8775,1.19636722475641
2.878,1.24534714230595
2.8785,1.29268343835577
2.879,1.33903356153633
2.8795,1.38604113330267
2.88,1.43140508376874
2.8805,1.47611158582233
2.881,1.5204893637947
2.8815,1.5638809691679
2.882,1.60760129912187
2.8825,1.64902055940178
2.883,1.69011109575006
2.8835,1.72988673531482
2.884,1.77031982389179
2.8845,1.80878056711966
2.885,1.84691258650142
2.8855,1.88340098481481
2.886,1.91956065929051
2.8865,1.95440543698466
2.887,1.98957893949431
2.8875,2.02179392356339
2.888,2.05433763243059
2.8885,2.08490899575642
2.889,2.11548035953726
2.8895,2.14440810204484
2.89,2.17300712063722
2.8905,2.19996251787755
2.891,2.22626046679663
2.8915,2.25058606990151
2.892,2.2749116733567
2.8925,2.29726493090247
2.893,2.31928946437631
2.8935,2.34032782499735
2.894,2.3593938395581
2.8945,2.37747368117382
2.895,2.39489607421145
2.8955,2.41100356984585
2.896,2.42612489244191
2.8965,2.43960259315214
2.897,2.45242284516723
2.8975,2.46294202639615
2.898,2.47346120770548
2.8985,2.48233676699833
2.899,2.49022615308528
2.8995,2.49614319268086
2.9,2.50173150787851
2.9005,2.50600492539841
2.901,2.50863472080212
2.9015,2.51027834293209
2.902,2.51060706735833
2.9025,2.50994961850594
2.903,2.50797727195071
2.9035,2.50469002769852
2.904,2.50041661018284
2.9045,2.49515701941311
2.905,2.48792508213848
2.9055,2.48003569606498
2.906,2.47116013678716
2.9065,2.46064095549548
2.907,2.44880687663823
2.9075,2.43598662465628
2.908,2.42250892398048
2.9085,2.4077163258243
2.909,2.39095138143017
2.9095,2.37385771283321
2.91,2.35479169809057
2.9105,2.33473951042962
2.911,2.31468732302817
2.9115,2.29167661648719
2.912,2.26866591027346
2.9125,2.24466903127654
2.913,2.21968597952993
2.9135,2.19371675506659
2.914,2.16610390921277
2.9145,2.13750489072532
2.915,2.10857714832023
2.9155,2.07800578464372
2.916,2.04677697275143
2.9165,2.01390453966767
2.917,1.98103210706132
2.9175,1.94618732899472
2.918,1.91101382709775
2.9185,1.87518287704597
2.919,1.83770830591762
2.9195,1.79990501095055
2.92,1.76045809492889
2.9205,1.72101117934442
2.921,1.68057809128332
2.9215,1.63883010644405
2.922,1.59708212195997
2.9225,1.55369051636635
2.923,1.50997018677299
2.9235,1.46592113313271
2.924,1.42055718255905
2.9245,1.37486450784152
2.925,1.328514384644
2.9255,1.28117808862728
2.926,1.23318434400145
2.9265,1.18486187497242
2.927,1.13653940574658
2.9275,1.08723076340221
2.928,1.03627849927195
2.9285,0.986312407546122
2.929,0.935688866709219
2.9295,0.884079152358839
2.93,0.83246943727558
2.9305,0.779873548448302
2.931,0.727277658676946
2.9315,0.674353043548181
2.932,0.621428427275945
2.9325,0.567517636756747
2.933,0.513606844854032
2.9335,0.460024775822981
2.934,0.405456532135729
2.9345,0.350559562349413
2.935,0.295991315100362
2.9355,0.24109434152208
2.936,0.186526090296308
2.9365,0.130642939234543
2.937,0.0760746835756769
2.9375,0.020848976664396
2.938,-0.0330618348833572
2.9385,-0.0882875468576089
2.939,-0.143513261552894
2.9395,-0.197752805523476
2.94,-0.252978525928125
2.9405,-0.308204249372541
2.941,-0.362443802246265
2.9415,-0.417012082848164
2.942,-0.471580366727832
2.9425,-0.525491204723746
2.943,-0.579073321465833
2.9435,-0.632655441663537
2.944,-0.685908840717859
2.9445,-0.738504793939862
2.945,-0.790772026029724
2.9455,-0.843367986539541
2.946,-0.894649051688332
2.9465,-0.945930120528925
2.947,-0.997211193146893
2.9475,-1.04717737018191
2.948,-1.09747227584961
2.9485,-1.14612356083703
2.949,-1.19477484952502
2.9495,-1.24276869206304
2.95,-1.29010508836892
2.9505,-1.33744148838276
2.951,-1.38313426697631
2.9515,-1.42915577421275
2.952,-1.47419110986759
2.9525,-1.51791154864813
2.953,-1.56130326572565
2.9535,-1.60403753590613
2.954,-1.64611435908397
2.9545,-1.6872050099318
2.955,-1.72763821350847
2.9555,-1.76708524443241
2.956,-1.80587482781097
2.9565,-1.84334951289003
2.957,-1.8798380247524
2.9575,-1.91566908857928
2.958,-1.95150015504033
2.9585,-1.98503014625047
2.959,-2.01790268893977
2.9595,-2.0497890575335
2.96,-2.08134670281689
2.9605,-2.11093199722052
2.961,-2.13985984247861
2.9615,-2.16845896402716
2.962,-2.19508573399164
2.9625,-2.22171250553648
2.963,-2.24603819945051
2.9635,-2.26970644346198
2.964,-2.29205978619914
2.9645,-2.3140844044272
2.965,-2.33446539542501
2.9655,-2.3535314846492
2.966,-2.37194012332432
2.9665,-2.38903385994728
2.967,-2.40514142008627
2.9675,-2.41960535216186
2.968,-2.43308310749699
2.9685,-2.44524596024368
2.969,-2.45609391028872
2.9695,-2.46628440907255
2.97,-2.47516000499065
2.9705,-2.48239197217519
2.971,-2.48896648790693
2.9715,-2.49422610056749
2.972,-2.49784208431043
2.9725,-2.5008006164873
2.973,-2.50211551968382
2.9735,-2.50277297128365
2.974,-2.50145806808504
2.9745,-2.49915698749753
2.975,-2.49619845533244
2.9755,-2.49192502002027
2.976,-2.48600795581474
2.9765,-2.47943344012992
2.977,-2.47055784412059
2.9775,-2.46135352253315
2.978,-2.45050557235159
2.9785,-2.43900017095133
2.979,-2.42617986690557
2.9795,-2.4117159346047
2.98,-2.39659455136493
2.9805,-2.3808157172545
2.981,-2.36240707819733
2.9815,-2.34399843993152
2.982,-2.3236174484841
2.9825,-2.30257900670635
2.983,-2.28088311468794
2.9835,-2.25787232129737
2.984,-2.23288917554761
2.9845,-2.20790603120411
2.985,-2.18160798603508
2.9855,-2.15399504026016
2.986,-2.12506719410686
2.9865,-2.09646807527518
2.987,-2.06458170349391
2.9875,-2.03302405934353
2.988,-2.00113769188386
2.9885,-1.96727897414135
2.989,-1.93276280802849
2.9895,-1.89726046830434
2.99,-1.86110068048758
2.9905,-1.82395471938551
2.991,-1.78615131046847
2.9915,-1.74703300333455
2.992,-1.70692852347961
2.9925,-1.66616659629828
2.993,-1.62441849672007
2.9935,-1.58201295008572
2.994,-1.5392786816309
2.9945,-1.49490079096984
2.995,-1.45019417874667
2.9955,-1.40581629508535
2.996,-1.3597947896975
2.9965,-1.31344456290815
2.997,-1.2651219898608
2.9975,-1.21844304538182
2.998,-1.16946302994401
2.9985,-1.12048301829248
2.999,-1.07150301035267
2.9995,-1.02120810665507
3,-0.969927032240094
3.0005,-0.918974686442083
3.001,-0.868022344328769
3.0015,-0.816412556310179
3.002,-0.763816597708764
3.0025,-0.711549367468501
3.003,-0.65829596669011
3.0035,-0.604713844804263
3.004,-0.551789175705236
3.0045,-0.497220886820479
3.005,-0.4433100505674
3.0055,-0.389399217562083
3.006,-0.334173489454401
3.0065,-0.27993393817533
3.007,-0.224379491774411
3.0075,-0.170139946427663
3.008,-0.114914230382263
3.0085,-0.059688517109427
3.009,-0.00479153096249968
3.0095,0.0494480037643139
3.01,0.105002433849153
3.0105,0.15957068830614
3.011,0.214796389384426
3.0115,0.269693363935877
3.012,0.32426161210243
3.0125,0.378501134022052
3.013,0.433726827266706
3.0135,0.487308897052446
3.014,0.540890965325361
3.0145,0.59513048084779
3.015,0.648712546372353
3.0155,0.70163716204335
3.016,0.754890500930283
3.0165,0.806828941584403
3.017,0.859096105663849
3.0175,0.910377096062959
3.018,0.961329361491291
3.0185,1.01195290204496
3.019,1.06257644210145
3.0195,1.1125425331786
3.02,1.1611937268092
3.0205,1.21050236876288
3.021,1.25816738916012
3.0215,1.30550368519367
3.022,1.35251125693192
3.0225,1.39853265588336
3.023,1.4438966063844
3.0235,1.48860310848843
3.024,1.53298088652654
3.0245,1.57604376769428
3.025,1.61779175201687
3.0255,1.65986846096143
3.026,1.70161644599719
3.0265,1.74172080997414
3.027,1.78149645008356
3.0275,1.81962846913751
3.028,1.85677431572993
3.0285,1.89326271416946
3.029,1.92909366446151
3.0295,1.96426716660865
3.03,1.99812577195843
3.0305,2.03066948047932
3.031,2.06354191381523
3.0315,2.09378455293544
3.032,2.12369846816044
3.0325,2.15295493514176
3.033,2.18023905644296
3.0335,2.20752317815162
3.034,2.23316367845348
3.0345,2.25781800602686
3.035,2.28115743646363
3.0355,2.30383941847472
3.036,2.32553522765606
3.0365,2.34525869080924
3.037,2.36465342982386
3.0375,2.38240454710701
3.038,2.39916949140319
3.0385,2.41494826268162
3.039,2.42941213650574
3.0395,2.44288983724737
3.04,2.45538136487978
3.0405,2.46622927054664
3.041,2.47609100304547
3.0415,2.48430911351574
3.042,2.49219849961424
3.0425,2.49844426364176
3.043,2.50271768115111
3.0435,2.50666237424885
3.044,2.50929216965387
3.0445,2.51093579178465
3.045,2.51027834293209
3.0455,2.50929216965387
3.046,2.50699109867419
3.0465,2.50304640557548
3.047,2.49943043691193
3.0475,2.49285594845787
3.048,2.48496656235552
3.0485,2.47773462513554
3.049,2.46787289262484
3.0495,2.45702498694504
3.05,2.44519090811861
3.0505,2.43204193176228
3.051,2.41790678231555
3.0515,2.40245673540535
3.052,2.38503434227809
3.0525,2.36794067374928
3.053,2.34887465908136
3.0535,2.32882247149751
3.054,2.30778411103105
3.0545,2.28543085334
3.055,2.26176269847201
3.0555,2.23776581957343
3.056,2.21212531920379
3.0565,2.18582737049426
3.057,2.15788580040757
3.0575,2.12895805769738
3.058,2.09904414239313
3.0585,2.06913022753258
3.059,2.03724396710667
3.0595,2.00404280983667
3.06,1.97084165304677
3.0605,1.93599687512456
3.061,1.90082337336539
3.0615,1.86400625051861
3.062,1.82587423092231
3.0625,1.78807093609583
3.063,1.74895274450665
3.0635,1.70917710474851
3.064,1.66775784392991
3.0645,1.62699603206804
3.065,1.58393315053509
3.0655,1.54185644216467
3.066,1.49780738835843
3.0665,1.45244343765488
3.067,1.40773693568471
3.0675,1.36105808816037
3.068,1.314379240696
3.0685,1.26737166894895
3.069,1.21872047573703
3.0695,1.1703980066566
3.07,1.12141808879421
3.0705,1.07178072206473
3.071,1.02214335495079
3.0715,0.971191090213456
3.072,0.92056754919962
3.0725,0.868957834643546
3.073,0.816690670721031
3.0735,0.76475223023979
3.074,0.71149889154764
3.0745,0.658574276087807
3.075,0.605978383787169
3.0755,0.551410144203546
3.076,0.497170627520125
3.0765,0.444246006735121
3.077,0.38934903819234
3.0775,0.334780792252893
3.078,0.279883820066061
3.0785,0.225315570296922
3.079,0.170089869633441
3.0795,0.115192891177687
3.08,0.0596384615366421
3.0805,0.00441275388956303
3.081,-0.049498058407152
3.0815,-0.104066322202503
3.082,-0.158963313189528
3.0825,-0.214517756045663
3.083,-0.269414752821174
3.0835,-0.323654303513906
3.084,-0.378880031004414
3.0845,-0.432790863387614
3.085,-0.48703042361667
3.0855,-0.541598711853181
3.086,-0.594194655645932
3.0865,-0.648434226198303
3.087,-0.700701452202071
3.0875,-0.753626131155161
3.088,-0.805893364293154
3.0885,-0.857831876340883
3.089,-0.909770392112658
3.0895,-0.960722737238834
3.09,-1.01167508611848
3.0905,-1.06196998909827
3.091,-1.11127872121746
3.0915,-1.1602587321658
3.092,-1.20891002194265
3.0925,-1.25690386557563
3.093,-1.3042402629817
3.0935,-1.35091921407425
3.094,-1.39661199371693
3.0945,-1.44197605188341
3.095,-1.48701138855522
3.0955,-1.53106055346299
3.096,-1.57379482127727
3.0965,-1.61652909244233
3.097,-1.65794846620064
3.0975,-1.6993678431983
3.098,-1.73947232246815
3.0985,-1.77859062902392
3.099,-1.81639403737528
3.0995,-1.85353999791483
3.1,-1.89068596123104
3.1005,-1.92618830047687
3.101,-1.96070446611967
3.1015,-1.99489190881844
3.102,-2.02776445219154
3.1025,-2.05965082145502
3.103,-2.09022229093901
3.1035,-2.12046503693324
3.104,-2.14807798067024
3.1045,-2.17601965163489
3.105,-2.20297514761741
3.1055,-2.22861574286311
3.106,-2.25327016276367
3.1065,-2.2766096815385
3.107,-2.29863429898639
3.1075,-2.32033019188906
3.108,-2.34071118318131
3.1085,-2.3594485469942
3.109,-2.37687100881829
3.1095,-2.3936360199246
3.11,-2.40941485451162
3.1105,-2.4238787867336
3.111,-2.43669909070918
3.1115,-2.44886194356076
3.112,-2.45938116793372
3.1125,-2.46858548947758
3.113,-2.47713235966485
3.1135,-2.48436432688376
3.114,-2.4909388426468
3.1145,-2.49521227794879
3.115,-2.49882826170037
3.1155,-2.50145806808504
3.116,-2.50211551968382
3.1165,-2.50310169708396
3.117,-2.50112934228604
3.1175,-2.49849953590346
3.118,-2.49488355215476
3.1185,-2.4902813910658
3.119,-2.48370687531319
3.1195,-2.47647490810574
3.12,-2.46792803793199
3.1205,-2.45905244216805
3.121,-2.4468895890203
3.1215,-2.43538418771932
3.122,-2.42190643231049
3.1225,-2.40711377443107
3.123,-2.39199239135555
3.1235,-2.37522738031397
3.124,-2.35714746718367
3.1245,-2.33775265212758
3.125,-2.31770038663099
3.1255,-2.29666194513981
3.126,-2.27397987654416
3.1265,-2.25064035790882
3.127,-2.22532848697993
3.1275,-2.20001661749147
3.128,-2.17338984723523
3.1285,-2.14544817643278
3.129,-2.11717778183752
3.1295,-2.08660631057242
3.13,-2.05570611586144
3.1305,-2.02414847230861
3.131,-1.99094720376676
3.1315,-1.95741721214255
3.132,-1.92224359598862
3.1325,-1.88641253168059
3.133,-1.85025274465822
3.1335,-1.81244933376291
3.134,-1.77398847515616
3.1345,-1.7348701689516
3.135,-1.69476569003719
3.1355,-1.65400376379909
3.136,-1.61225566517363
3.1365,-1.56952139434588
3.137,-1.52612967662087
3.1375,-1.48240923719787
3.138,-1.43770262596128
3.1385,-1.39200984308747
3.139,-1.34598833878566
3.1395,-1.29930938807911
3.14,-1.25197299105751
3.1405,-1.20365042286621
3.141,-1.15565658332668
3.1415,-1.1070052976199
3.142,-1.05703911608954
3.1425,-1.00641548863859
3.143,-0.955791864967147
3.1435,-0.904510795406782
3.144,-0.853229729554675
3.1445,-0.800962493086547
3.145,-0.74869526029117
3.1455,-0.695770581676295
3.146,-0.642845906640177
3.1465,-0.588935061117154
3.147,-0.535352943746394
3.1475,-0.481770829751599
3.148,-0.427531269843859
3.1485,-0.372962988618123
3.149,-0.318723435144018
3.1495,-0.263497711108481
3.15,-0.2092581636957
3.1505,-0.154361170125545
3.151,-0.0988067303960369
3.1515,-0.0442384668541729
3.152,0.0106585185703672
3.1525,0.0648980526124625
3.153,0.120781206453198
3.1535,0.175678184680748
3.154,0.229917711921976
3.1545,0.285143410300001
3.155,0.340040382302197
3.1555,0.394279903701324
3.156,0.449176872089783
3.1565,0.503745114470409
3.157,0.55699845796065
3.1575,0.610580524412014
3.158,0.664162589575137
3.1585,0.71708720491676
3.159,0.769683094881709
3.1595,0.822607708188129
3.16,0.874217423421355
3.1605,0.925169689317235
3.161,0.976450678856496
3.1615,1.02674549496636
3.162,1.0773690348931
3.1625,1.12700640158415
3.163,1.17631504369714
3.1635,1.22398006419824
3.164,1.27197380884232
3.1645,1.31996755341958
3.165,1.36598895233152
3.1655,1.41168162702959
3.166,1.4577030261321
3.1665,1.50175207973421
3.167,1.54580113356296
3.1675,1.5882065662449
3.168,1.63094072352361
3.1685,1.67235998400122
3.169,1.71312179627656
3.1695,1.75355488467114
3.17,1.79168690340807
3.1705,1.83047637119284
3.171,1.86827966653862
3.1715,1.90411061650063
3.172,1.93994156694039
3.1725,1.97412889627253
3.173,2.00765877743642
3.1735,2.0402024860954
3.174,2.07208874656543
3.1745,2.1029888344954
3.175,2.13191657681816
3.1755,2.16117304392531
3.176,2.18878588970485
3.1765,2.21508383845797
3.177,2.23973816577147
3.1775,2.26439249344061
3.178,2.28740319959441
3.1785,2.30975645731288
3.179,2.33112354219065
3.1795,2.35117572980443
3.18,2.36991302010799
3.1805,2.38766413745386
3.181,2.40442908181022
3.1815,2.41955040433704
3.182,2.4340142782079
3.1825,2.44650580576103
3.183,2.45833988459865
3.1835,2.46918779028882
3.184,2.47839207397213
3.1845,2.48661018445636
3.185,2.49351339730182
3.1855,2.49943043691193
3.186,2.50436130327375
3.1865,2.50731982309962
3.187,2.50994961850594
3.1875,2.51060706735833
3.188,2.51093579178465
3.1885,2.50929216965387
3.189,2.50633364982359
3.1895,2.50238895672683
3.19,2.49745809037232
3.1905,2.49088360192794
3.191,2.48365166467629
3.1915,2.47444738095738
3.192,2.4649143728855
3.1925,2.45439519164156
3.193,2.44190366401799
3.1935,2.42842596328579
3.194,2.4133046406654
3.1945,2.39818331820398
3.195,2.38076092512746
3.1955,2.36300980786384
3.196,2.34394379325785
3.1965,2.32323415697115
3.197,2.30186707220022
3.1975,2.27918509021677
3.198,2.2548594866991
3.1985,2.23053388353333
3.199,2.20489338327003
3.1995,2.17859543466642
3.2,2.14966769163838
3.2005,2.12106867339728
3.201,2.09082603387148
3.2015,2.05992594612365
3.202,2.02836841016438
3.2025,1.99516725302499
3.203,1.9603224747543
3.2035,1.92613514561159
3.204,1.88997547104733
3.2045,1.85381579695791
3.205,1.81568377749036
3.2055,1.77755175848231
3.206,1.7377761184169
3.2065,1.6973430301874
3.207,1.65658121806191
3.2075,1.61417578485835
3.208,1.57177035199312
3.2085,1.52969364370035
3.209,1.48432969283766
3.2095,1.43929446647198
3.21,1.39458796454128
3.2105,1.34823784131832
3.211,1.30090154530336
3.2115,1.25290780070795
3.212,1.20557150457621
3.2125,1.15692031116294
3.213,1.10794039322577
3.2135,1.05830302639958
3.214,1.0070220377285
3.2145,0.956398497121999
3.215,0.905774955927968
3.2155,0.854165241163425
3.216,0.801898077004305
3.2165,0.748973463327946
3.217,0.696706297276986
3.2175,0.643124232848642
3.218,0.589870891524477
3.2185,0.536288824549048
3.219,0.481720583098052
3.2195,0.428138513148912
3.22,0.373570268466967
3.2205,0.318344573237188
3.221,0.26443377364816
3.2215,0.209208074493211
3.222,0.154311097612042
3.2225,0.0987566696405966
3.223,0.0441884126233595
3.2235,-0.0097223978767471
3.224,-0.0659342821653185
3.2245,-0.120831271252624
3.225,-0.175070814070163
3.2255,-0.2302965332573
3.226,-0.28519353089443
3.2265,-0.340090531596852
3.227,-0.394001361718712
3.2275,-0.448569644203616
3.228,-0.502480480778873
3.2285,-0.556720045355254
3.229,-0.610302164099483
3.2295,-0.663226836981705
3.23,-0.716480238094194
3.2305,-0.769076193402957
3.231,-0.821014702864705
3.2315,-0.87393939032327
3.232,-0.924563008057866
3.2325,-0.975844079091528
3.233,-1.0264677042502
3.2335,-1.07643388346931
3.234,-1.12574261667988
3.2345,-1.17373645395789
3.235,-1.22271646972958
3.2355,-1.27071031443792
3.236,-1.31771798792206
3.2365,-1.36439694007333
3.237,-1.41041844582444
3.2375,-1.45479632984189
3.238,-1.49917421732412
3.2385,-1.54322338319497
3.239,-1.5862863771152
3.2395,-1.6283631989025
3.24,-1.67011129879055
3.2405,-1.71087322627862
3.241,-1.74999153066035
3.2415,-1.78943856330555
3.242,-1.82724197246896
3.2425,-1.86438793381603
3.243,-1.90087644723223
3.2435,-1.93605006183772
3.244,-1.97089495359168
3.2445,-2.00376749530439
3.245,-2.03696876474612
3.2455,-2.06786895821548
3.246,-2.09876915373612
3.2465,-2.1280257237429
3.247,-2.1566248445471
3.2475,-2.1839090649259
3.248,-2.21020711022984
3.2485,-2.23584770589175
3.249,-2.25951594935676
3.2495,-2.28285546846328
3.25,-2.30488008622616
3.2505,-2.32624725377811
3.251,-2.3459707939937
3.2515,-2.36503688372839
3.252,-2.38147316866409
3.2525,-2.39758072851629
3.253,-2.41335956325028
3.2535,-2.42749476986663
3.254,-2.43998634820183
3.2545,-2.45182047538889
3.255,-2.46201097406837
3.2555,-2.47187274722113
3.256,-2.47943344012992
3.2565,-2.48666540738895
3.257,-2.49192502002027
3.2575,-2.49685590692286
3.258,-2.49981443909265
3.2585,-2.5017867938843
3.259,-2.50277297128365
3.2595,-2.50211551968382
3.26,-2.5008006164873
3.2605,-2.49817081010682
3.261,-2.49323992318854
3.2615,-2.48830903632906
3.262,-2.48173452060775
3.2625,-2.47417382765706
3.263,-2.46529823176001
3.2635,-2.45510773300026
3.264,-2.44393105722703
3.2645,-2.43143947877447
3.265,-2.41796172349196
3.2655,-2.40349779147262
3.266,-2.38706150568654
3.2665,-2.36996776914268
3.267,-2.35155913055233
3.2675,-2.33249304141549
3.268,-2.31211205051055
3.2685,-2.28910125547719
3.269,-2.26773408974577
3.2695,-2.2434083946387
3.27,-2.21875397528642
3.2705,-2.19212720391776
3.271,-2.16550043412815
3.2715,-2.13788748933468
3.272,-2.10797346769474
3.2725,-2.07805944799999
3.273,-2.04715925385622
3.2735,-2.01461543456828
3.274,-1.98108544128039
3.2745,-1.94722672495612
3.275,-1.91205310954195
3.2755,-1.87622204597928
3.276,-1.83907608374812
3.2765,-1.80193012428094
3.277,-1.7628118159359
3.2775,-1.72369351058211
3.278,-1.68358903252864
3.2785,-1.64151220638757
3.279,-1.59976410873653
3.2795,-1.55735856403179
3.28,-1.5139668472644
3.2805,-1.46926023352688
3.281,-1.42422489826193
3.2815,-1.37918956652582
3.282,-1.33251061320633
3.2825,-1.28550293856643
3.283,-1.23882399253615
3.2835,-1.19017270043461
3.284,-1.14119268719127
3.2845,-1.09254140257484
3.285,-1.04224649728286
3.2855,-0.991622870944824
3.286,-0.940999248362238
3.2865,-0.890046904666483
3.287,-0.837779665556871
3.2875,-0.785841154923117
3.288,-0.733902647890177
3.2885,-0.679991796202188
3.289,-0.627395846887212
3.2895,-0.573485002382083
3.29,-0.519574161364796
3.2905,-0.465992048345544
3.291,-0.411752489396039
3.2915,-0.357512933675112
3.292,-0.302615931977926
3.2925,-0.247718933379351
3.293,-0.193150662290283
3.2935,-0.137596220559308
3.294,-0.0836854040906337
3.2945,-0.0274735189381562
3.295,0.0264372923570552
3.2955,0.0806768257083436
3.296,0.136559978868147
3.2965,0.191128232047041
3.297,0.24701138068753
3.2975,0.301250905279085
3.298,0.356147876721829
3.2985,0.410387397598455
3.299,0.464626916781305
3.2995,0.519195158716019
3.3,0.572448501799239
3.3005,0.625701843541356
3.301,0.678955184038201
3.3015,0.732208523385607
3.302,0.784804413064535
3.3025,0.837071577506106
3.303,0.88868129252047
3.3035,0.940291006809734
3.304,0.991243271883228
3.3045,1.04153808784736
3.305,1.09150417908504
3.3055,1.14048409712105
3.306,1.18913529060772
3.3065,1.23778648390132
3.307,1.28578022851899
3.3075,1.33278780025638
3.308,1.37880919918018
3.3085,1.42450187390709
3.309,1.46986582449524
3.3095,1.51424360243639
3.31,1.55763520777152
3.3105,1.60036936482092
3.311,1.64277479790901
3.3115,1.68452278278423
3.312,1.72462714658916
3.3125,1.76440278651073
3.313,1.80319225397331
3.3135,1.84165299759293
3.314,1.87814139583998
3.3145,1.91462979456054
3.315,1.94947457218744
3.3155,1.98366190165279
3.316,2.01719178295419
3.3165,2.04940676741943
3.317,2.08030685501205
3.3175,2.11120694306675
3.318,2.1404634098592
3.3185,2.16939115274501
3.319,2.19601782557336
3.3195,2.22297322316017
3.32,2.24729882621842
3.3205,2.27063825650772
3.321,2.29496386025854
3.3215,2.31534477179136
3.322,2.33704058113153
3.3225,2.35676404443209
3.323,2.37451516162176
3.3235,2.39259500342108
3.324,2.40870249902998
3.3245,2.42349509719632
3.325,2.4376302466987
3.3255,2.44979304987248
3.326,2.46162712873815
3.3265,2.47148886120383
3.327,2.48102186932165
3.3275,2.48858253098002
3.328,2.49515701941311
3.3285,2.50074533460663
3.329,2.50469002769852
3.3295,2.50797727195071
3.33,2.51027834293209
3.3305,2.51027834293209
3.331,2.51027834293209
3.3315,2.50797727195071
3.332,2.50567620097332
3.3325,2.50107405903051
3.333,2.49548574383562
3.3335,2.48956870424293
3.334,2.4813505937407
3.3345,2.47148886120383
3.335,2.46129840432385
3.3355,2.4504504986957
3.336,2.43730152229006
3.3365,2.42316637279096
3.337,2.40903122343203
3.3375,2.39226627902275
3.338,2.37550133480513
3.3385,2.35709276882259
3.339,2.33769802990413
3.3395,2.31698839370056
3.34,2.29496386025854
3.3405,2.27195315399854
3.341,2.24795627495453
3.3415,2.22297322316017
3.342,2.19733272300712
3.3425,2.17004860145216
3.343,2.14144958290485
3.3435,2.11219311609759
3.344,2.08162175236654
3.3445,2.05039294042075
3.345,2.01784923161207
3.3455,1.98497679894962
3.346,1.95078946946575
3.3465,1.91528724319067
3.347,1.87912756877201
3.3475,1.84263917051257
3.348,1.80450715118335
3.3485,1.76571768370566
3.349,1.7259420437699
3.3495,1.68518023136806
3.35,1.64376097077575
3.3505,1.60201298625212
3.351,1.55960755347499
3.3515,1.51555849956405
3.352,1.47183817017706
3.3525,1.42614549530242
3.353,1.38078154484974
3.3535,1.33476014592368
3.354,1.28709512563083
3.3545,1.23943010529387
3.355,1.19077891200552
3.3555,1.14212771852656
3.356,1.09281907621768
3.3565,1.0425242607047
3.357,0.992886893327808
3.3575,0.941934628272971
3.358,0.890324914005367
3.3585,0.839372647618943
3.359,0.786776758908721
3.3595,0.73385214495315
3.36,0.681584978600068
3.3605,0.627674189507299
3.361,0.574092123477511
3.3615,0.520181331748841
3.362,0.466599262902788
3.3625,0.41203101941625
3.363,0.35680532547027
3.3635,0.303223251591501
3.364,0.247997553879456
3.3645,0.192443129687324
3.365,0.138532325406844
3.3655,0.0826491723315363
3.366,0.0277521901633699
3.3665,-0.0261586210725753
3.367,-0.0813843327142128
3.3675,-0.136281322565129
3.368,-0.191178315196563
3.3685,-0.246404035246455
3.369,-0.301629758323389
3.3695,-0.355869310823808
3.37,-0.410108866448481
3.3705,-0.465005874517048
3.371,-0.518587987475609
3.3715,-0.572498828430021
3.372,-0.625752223526617
3.3725,-0.679005622120562
3.373,-0.731930299591613
3.3735,-0.78452625596684
3.374,-0.836793491270248
3.3745,-0.88774583116669
3.375,-0.939355624314423
3.3755,-0.990307971609816
3.376,-1.04060287299127
3.3765,-1.09056905327534
3.377,-1.13987778755882
3.3775,-1.18885780070069
3.378,-1.23685164278217
3.3785,-1.28418803862929
3.379,-1.33152443817595
3.3795,-1.37721721631056
3.38,-1.42356744813835
3.3805,-1.4682740582639
3.381,-1.5123232216961
3.3815,-1.55637238861276
3.382,-1.59877793324066
3.3825,-1.64085475600562
3.383,-1.68194540644453
3.3835,-1.72237860961333
3.384,-1.76182564013408
3.3845,-1.80061522311111
3.385,-1.83841863311415
3.3855,-1.87523586995485
3.386,-1.91073820808048
3.3865,-1.94624054878822
3.387,-1.98075671586769
3.3875,-2.01297180739111
3.388,-2.04617307748104
3.3885,-2.07707327155947
3.389,-2.10764474219305
3.3895,-2.13624386172126
3.39,-2.1648429830421
3.3905,-2.1917984783552
3.391,-2.21809652412241
3.3915,-2.24275094343819
3.392,-2.26740536412726
3.3925,-2.289758706747
3.393,-2.311454599207
3.3935,-2.33183559008099
3.394,-2.35123040487039
3.3945,-2.36931031775082
3.395,-2.38706150568654
3.3955,-2.40284034002895
3.396,-2.41763299775874
3.3965,-2.43176820451846
3.397,-2.44360233147351
3.3975,-2.45477900723796
3.398,-2.46529823176001
3.3985,-2.47384510187972
3.399,-2.48206324639134
3.3995,-2.48798031054052
3.4,-2.49323992318854
3.4005,-2.49784208431043
3.401,-2.50014316489061
3.4015,-2.50244424548361
3.402,-2.50277297128365
3.4025,-2.50211551968382
3.403,-2.50014316489061
3.4035,-2.49685590692286
3.404,-2.49258247160388
3.4045,-2.48633668160171
3.405,-2.47976216591169
3.4055,-2.47187274722113
3.406,-2.46266842560462
3.4065,-2.45280665266959
3.407,-2.44097252545465
3.4075,-2.42749476986663
3.408,-2.41401701471031
3.4085,-2.39889563138834
3.409,-2.3827880714863
3.4095,-2.3653656094209
3.41,-2.34629951967161
3.4105,-2.32690470510411
3.411,-2.30586626316695
3.4115,-2.28417037098511
3.412,-2.26050212619534
3.4125,-2.23617643148676
3.413,-2.21086456138223
3.4135,-2.18489524159699
3.414,-2.15761102115863
3.4145,-2.1290119002925
3.415,-2.09909787923147
3.4155,-2.06918386011061
3.416,-2.03795494110194
3.4165,-2.00573984787935
3.417,-1.97188112981013
3.4175,-1.93703623798484
3.418,-1.90219134866717
3.4185,-1.86603156048844
3.419,-1.82855687370838
3.4195,-1.79042473916082
3.42,-1.75196388222034
3.4205,-1.71185940198304
3.421,-1.67142619962786
3.4215,-1.63000682482043
3.422,-1.58760127774642
3.4225,-1.5445382837226
3.423,-1.50147529306687
3.4235,-1.45676868032268
3.424,-1.41140462098758
3.4245,-1.36604056521629
3.425,-1.31903288793248
3.4255,-1.27202521434587
3.426,-1.22403136953481
3.4265,-1.17636625336539
3.427,-1.12672879138229
3.4275,-1.07774878297332
3.428,-1.02811132850711
3.4285,-0.976830253571718
3.429,-0.92620663207096
3.4295,-0.875254289439767
3.43,-0.822987051396869
3.4305,-0.770391092332225
3.431,-0.718123861643063
3.4315,-0.664870460419024
3.432,-0.61128833809672
3.4325,-0.558363668578349
3.433,-0.504124103897419
3.4335,-0.44988454261751
3.434,-0.396631158389967
3.4345,-0.340747980726062
3.435,-0.286508429078597
3.4355,-0.231611431369275
3.436,-0.176714436622777
3.4365,-0.122474893722279
3.437,-0.0662630066428917
3.4375,-0.0116947446481761
3.438,0.0418873414921677
3.4385,0.0977704963417544
3.439,0.152010026676957
3.4395,0.207235728055779
3.44,0.262132702891475
3.4405,0.317029675708568
3.441,0.371926646612039
3.4415,0.426166166985487
3.442,0.480076961343612
3.4425,0.533987754156956
3.443,0.588555994191656
3.4435,0.642138059872485
3.444,0.694405227049408
3.4445,0.747658566081271
3.445,0.80025445547584
3.4455,0.851864171060785
3.446,0.903802610154138
3.4465,0.954754875664334
3.447,1.00537841628862
3.4475,1.05600195640502
3.448,1.10563932324829
3.4485,1.15494796547942
3.449,1.20359915890106
3.4495,1.25225035215135
3.45,1.29925792391391
3.4505,1.34560804709475
3.451,1.39261561887053
3.4515,1.43830829363382
3.452,1.48268607143403
3.4525,1.52739257372289
3.453,1.57045545485489
3.4535,1.61286088771041
3.454,1.65460887232331
3.4545,1.69635685730884
3.455,1.73646122123207
3.4555,1.77590813698313
3.456,1.81404015597217
3.4565,1.85184345111155
3.457,1.88833184948774
3.4575,1.92449152402976
3.458,1.9593363017917
3.4585,1.99352363139693
3.459,2.02672478851231
3.4595,2.05861104878279
3.46,2.08983986085111
3.4605,2.1194250516721
3.461,2.14868151858848
3.4615,2.17629436418175
3.462,2.20390721019044
3.4625,2.22921898607476
3.463,2.253873313591
3.4635,2.27754146834619
3.464,2.30022345030665
3.4645,2.32224798382151
3.465,2.34197144693289
3.4655,2.36169491029712
3.466,2.38010347633615
3.4665,2.39686842060609
3.467,2.41297591626238
3.4675,2.42711106566026
3.468,2.44026004197057
3.4685,2.45275156957943
3.469,2.46392819964047
3.4695,2.47411865654001
3.47,2.4826654914177
3.4705,2.49022615308528
3.471,2.4964719171036
3.4715,2.50140278345447
3.472,2.50600492539841
3.4725,2.50863472080212
3.473,2.50962089407986
3.4735,2.51093579178465
3.474,2.50929216965387
3.4745,2.50731982309962
3.475,2.50370385442445
3.4755,2.49910171248846
3.476,2.4931846728798
3.4765,2.48661018445636
3.477,2.47872079839054
3.4775,2.46885906587271
3.478,2.45833988459865
3.4785,2.44683453017182
3.479,2.43302810498475
3.4795,2.41987912874156
3.48,2.40442908181022
3.4805,2.38733541305663
3.481,2.37024174450137
3.4815,2.35150445419373
3.482,2.33178099096075
3.4825,2.31041390607403
3.483,2.28838937272251
3.4835,2.26504994218341
3.484,2.24072433887134
3.4845,2.21574128718179
3.485,2.18911461406188
3.4855,2.1615017682774
3.486,2.13323147420662
3.4865,2.10331755883761
3.487,2.07274619523996
3.4875,2.04118865909254
3.488,2.00831622609153
3.4885,1.97511506924114
3.489,1.94059901557696
3.4895,1.90542551375585
3.49,1.86893711515765
3.4905,1.83146254410885
3.491,1.79333052491493
3.4915,1.75421233326655
3.492,1.71476541774774
3.4925,1.67367488116533
3.493,1.63159817209983
3.4935,1.58952146338701
3.494,1.54678730641289
3.4945,1.50306697685988
3.495,1.45868919897185
3.4955,1.41365397270238
3.496,1.36730384944395
3.4965,1.3206250019753
3.497,1.27328870595459
3.4975,1.22529496131328
3.498,1.17664376797708
3.4985,1.12832129871065
3.499,1.07835520774467
3.4995,1.02806039211294
3.5,0.977436851726396
3.5005,0.926813310786531
3.501,0.875532320614588
3.5015,0.822936432491532
3.502,0.771326716427133
3.5025,0.719059550808896
3.503,0.665148762542141
3.5035,0.612552870391178
3.504,0.558313355313068
3.5045,0.504731287511022
3.505,0.450820493871689
3.5055,0.396580974267303
3.506,0.341684004189081
3.5065,0.287115756633051
3.507,0.232218782729017
3.5075,0.177321806749173
3.508,0.122096104161632
3.5085,0.0668703992602205
3.509,0.0116446919380589
3.5095,-0.0419373955572677
3.51,-0.0971631079616201
3.5105,-0.152717547607491
3.511,-0.207285816571379
3.5115,-0.261854088416751
3.512,-0.317079812359669
3.5125,-0.371648090315164
3.513,-0.426216371462711
3.5135,-0.480127206675247
3.514,-0.534366769838993
3.5145,-0.587948887146737
3.515,-0.641202283248128
3.5155,-0.694455682874671
3.516,-0.746394187232222
3.5165,-0.799318869358279
3.517,-0.851257380940949
3.5175,-0.903524621028776
3.518,-0.954476965700624
3.5185,-1.005100589275
3.519,-1.05572421662673
3.5195,-1.10404677360729
3.52,-1.15401295874934
3.5205,-1.2026642480443
3.521,-1.25032936622696
3.5215,-1.29865193809515
3.522,-1.34500216373288
3.5225,-1.39102366795733
3.523,-1.43605900061511
3.5235,-1.48109433681697
3.524,-1.52580095149962
3.5245,-1.56787776861194
3.525,-1.6109407644824
3.5255,-1.65301758820329
3.526,-1.69345078914146
3.5265,-1.73355526795442
3.527,-1.77300229933277
3.5275,-1.81146315786465
3.528,-1.84926656868548
3.5285,-1.8860838063321
3.529,-1.92158614524369
3.5295,-1.956102310558
3.53,-1.99028975292799
3.5305,-2.02349102142379
3.531,-2.05471993946825
3.5315,-2.08594885959971
3.532,-2.11586287980583
3.5325,-2.14479072537578
3.533,-2.17273239613771
3.5335,-2.19935916635502
3.534,-2.22499976139295
3.5345,-2.24965418109229
3.535,-2.27332242529804
3.5355,-2.29534704258038
3.536,-2.31671420966333
3.5365,-2.33775265212758
3.537,-2.3564900158115
3.5375,-2.37489865461387
3.538,-2.3916636656425
3.5385,-2.40711377443107
3.539,-2.4215777065742
3.5395,-2.4350554619725
3.54,-2.44656086326446
3.5405,-2.45872371640265
3.541,-2.46792803793199
3.5415,-2.47647490810574
3.542,-2.4833781495283
3.5425,-2.4902813910658
3.543,-2.49455482636099
3.5435,-2.49849953590346
3.544,-2.50145806808504
3.5445,-2.50244424548361
3.545,-2.50244424548361
3.5455,-2.50145806808504
3.546,-2.49882826170037
3.5465,-2.49521227794879
3.547,-2.49061011685617
3.5475,-2.48469305266943
3.548,-2.47746108544479
3.5485,-2.46924294102421
3.549,-2.45970989369964
3.5495,-2.44886194356076
3.55,-2.43702781645728
3.5505,-2.42420751247168
3.551,-2.40941485451162
3.5515,-2.394293471354
3.552,-2.37719973451991
3.5525,-2.36010599837091
3.553,-2.34103990885521
3.5535,-2.32065891754745
3.554,-2.29929175027057
3.5545,-2.2769384071639
3.555,-2.25425633958828
3.5555,-2.22927319404267
3.556,-2.20363259875916
3.5565,-2.17766327939246
3.557,-2.14939288279467
3.5575,-2.12046503693324
3.558,-2.09087974191779
3.5585,-2.05997954692266
3.559,-2.02875062852806
3.5595,-1.99522063424089
3.56,-1.9620193677168
3.5605,-1.92684575122803
3.561,-1.89134341193441
3.5615,-1.85485489922356
3.562,-1.8173802132832
3.5625,-1.77924807957986
3.563,-1.74078722348042
3.5635,-1.70068274410892
3.564,-1.65959209220995
3.5645,-1.6175152679707
3.565,-1.57576717217998
3.5655,-1.53270417908679
3.566,-1.48799756385098
3.5665,-1.44427712739319
3.567,-1.39825561895058
3.5675,-1.35223411415815
3.568,-1.30621261295406
3.5685,-1.25821876545384
3.569,-1.21055364666313
3.5695,-1.16157363184023
3.57,-1.1125936207916
3.5705,-1.06361361344267
3.571,-1.01331871033933
3.5715,-0.962366361337204
3.572,-0.911742740887437
3.5725,-0.860132949744947
3.573,-0.808194437534111
3.5735,-0.755269754783589
3.574,-0.702673800421097
3.5745,-0.650077849605161
3.575,-0.59649572826282
3.5755,-0.542584885768982
3.576,-0.488674046705997
3.5765,-0.434763210974439
3.577,-0.380523653896178
3.5775,-0.326284099988196
3.578,-0.271387100066567
3.5785,-0.216161378660538
3.579,-0.161264384728958
3.5795,-0.105709944647137
3.58,-0.0514704052457016
3.5805,0.00375530497390575
3.581,0.0579948393209237
3.5815,0.113549269033301
3.582,0.168117523140732
3.5825,0.222685775076018
3.583,0.278240198114223
3.5835,0.333137170358951
3.584,0.386719243248363
3.5845,0.441944936231671
3.585,0.496184454475646
3.5855,0.549437798168007
3.586,0.603677313471163
3.5865,0.656930654471406
3.587,0.709855269966206
3.5875,0.762779884380638
3.588,0.815047049200423
3.5885,0.866985488849841
3.589,0.917937754844304
3.5895,0.969547468761263
3.59,1.02017100922863
3.5905,1.0701371006437
3.591,1.11977446738466
3.5915,1.16875438525587
3.592,1.21773430290036
3.5925,1.2657280475583
3.593,1.31240689502885
3.5935,1.35974319104818
3.594,1.40510714145528
3.5945,1.45145726481567
3.595,1.49616376695237
3.5955,1.53955537218335
3.596,1.58294697767942
3.5965,1.62535241062913
3.597,1.6667716710581
3.5975,1.70786220757336
3.598,1.74796657161502
3.5985,1.78675603889235
3.599,1.82554550661754
3.5995,1.86302007759182
3.6,1.89885102748616
3.6005,1.93501070217155
3.601,1.96985548007991
3.6015,2.00338536118278
3.602,2.03625779411131
3.6025,2.06814405452255
3.603,2.09904414239313
3.6035,2.12830060900448
3.604,2.15722835170472
3.6045,2.18484119742514
3.605,2.21146787048132
3.6055,2.23677964647526
3.606,2.2611052497305
3.6065,2.28444468021369
3.607,2.30745538665098
3.6075,2.3275075739601
3.608,2.34821721030397
3.6085,2.3669545005709
3.609,2.38470561788145
3.6095,2.40147056220392
3.61,2.41692060910356
3.6105,2.43138448294769
3.611,2.44453345929787
3.6115,2.4563675381187
3.612,2.46754416820905
3.6125,2.47674845188126
3.613,2.48496656235552
3.6135,2.49252722403601
3.614,2.49844426364176
3.6145,2.50271768115111
3.615,2.50699109867419
3.6155,2.50896344522795
3.616,2.51060706735833
3.6165,2.50994961850594
3.617,2.50896344522795
3.6175,2.50600492539841
3.618,2.50238895672683
3.6185,2.49745809037232
3.619,2.49154105077093
3.6195,2.48430911351574
3.62,2.47576227862769
3.6205,2.46557182171592
3.621,2.45472391605422
3.6215,2.44223238842771
3.622,2.42974086091254
3.6225,2.41527698708509
3.623,2.39949821580307
3.6235,2.38273327150314
3.624,2.36432470543171
3.6245,2.34558741519726
3.625,2.32586395203989
3.6255,2.30383941847472
3.626,2.28214360958795
3.6265,2.25781800602686
3.627,2.23349240281879
3.6275,2.20752317815162
3.628,2.18089650515399
3.6285,2.15328365949241
3.629,2.12468464119753
3.6295,2.09477072595771
3.63,2.06321318947938
3.6305,2.03132692914117
3.631,1.99911194493709
3.6315,1.96459589093013
3.632,1.93040856172923
3.6325,1.89490633573201
3.633,1.8580892129629
3.6335,1.82061464205007
3.634,1.78149645008356
3.6345,1.74237825856742
3.635,1.7022738945837
3.6355,1.66151208241208
3.636,1.61976409774075
3.6365,1.57702994054881
3.637,1.53429578365742
3.6375,1.4895892813312
3.638,1.444882779223
3.6385,1.39919010444045
3.639,1.35382615404387
3.6395,1.30714730658302
3.64,1.25948228627299
3.6405,1.21148854160002
3.641,1.16316607249148
3.6415,1.11287125746084
3.642,1.06422006352445
3.6425,1.01359652348273
3.643,0.962644258655503
3.6435,0.912020717538412
3.644,0.860082278563082
3.6445,0.808472563109348
3.645,0.75554794955199
3.6455,0.703280783630022
3.646,0.650027443670119
3.6465,0.596445378176633
3.647,0.543192035709599
3.6475,0.488623794451084
3.648,0.434713000344495
3.6485,0.380473480240024
3.649,0.325247785244487
3.6495,0.271008261504929
3.65,0.216111287002708
3.6505,0.160885585976485
3.651,0.105659882711463
3.6515,0.0504341771007617
3.652,-0.00314790866228846
3.6525,-0.0583736192072733
3.653,-0.114256781398634
3.6535,-0.168167599377095
3.654,-0.223393318197264
3.6545,-0.278619039999941
3.655,-0.332858591205511
3.6555,-0.388084319235834
3.656,-0.441995152163179
3.6565,-0.495577263715019
3.657,-0.54948810321177
3.6575,-0.603727670814947
3.658,-0.656652343266356
3.6585,-0.709577019226994
3.659,-0.762830423520173
3.6595,-0.81476893254766
3.66,-0.867036170001076
3.6605,-0.918645961642536
3.661,-0.968940857769799
3.6615,-1.01989320726271
3.662,-1.06953066111633
3.6625,-1.12015429339469
3.663,-1.16847685517567
3.6635,-1.21679942064051
3.664,-1.26446453991392
3.6645,-1.31212966291001
3.665,-1.35880861462165
3.6655,-1.40483011993174
3.666,-1.44920800351683
3.6665,-1.49424334076438
3.667,-1.53763505598753
3.6675,-1.58135549977647
3.668,-1.62376104635916
3.6685,-1.66452297026854
3.669,-1.70627107301602
3.6695,-1.74506065179348
3.67,-1.78450768405791
3.6705,-1.82263981815816
3.671,-1.85945705383153
3.6715,-1.89660301759304
3.672,-1.93144790651104
3.6725,-1.96563534712749
3.673,-2.00015151560491
3.6735,-2.03236660844632
3.674,-2.06425297802302
3.6745,-2.09449572231779
3.675,-2.12440974307922
3.6755,-2.15300886365649
3.676,-2.18029308381704
3.6765,-2.20691985448242
3.677,-2.23223172436271
3.6775,-2.25688614446468
3.678,-2.27956821217598
3.6785,-2.30225028106165
3.679,-2.32328872282348
3.6795,-2.34334098857947
3.68,-2.36240707819733
3.6805,-2.37982954014203
3.681,-2.39593709993196
3.6815,-2.4117159346047
3.682,-2.42552241542658
3.6825,-2.43834271945228
3.683,-2.45050557235159
3.6835,-2.46102479676593
3.684,-2.47055784412059
3.6845,-2.47844726278619
3.685,-2.48567923002802
3.6855,-2.49192502002027
3.686,-2.49586972953763
3.6865,-2.49981443909265
3.687,-2.50112934228604
3.6875,-2.50244424548361
3.688,-2.50211551968382
3.6885,-2.5008006164873
3.689,-2.49817081010682
3.6895,-2.49389737477424
3.69,-2.48929521369626
3.6905,-2.48304942374367
3.691,-2.47516000499065
3.6915,-2.46661313484392
3.692,-2.45675136181565
3.6925,-2.44557468599849
3.693,-2.43341183324227
3.6935,-2.41960535216186
3.694,-2.40579887153351
3.6945,-2.38969131136956
3.695,-2.37226884902215
3.6955,-2.35418893601683
3.696,-2.33479412109414
3.6965,-2.31474185573474
3.697,-2.29337468874866
3.6975,-2.27102134594438
3.698,-2.24702437625897
3.6985,-2.22171250553648
3.699,-2.19640063625296
3.6995,-2.1687876895727
3.7,-2.14150347010507
3.7005,-2.1122468992381
3.701,-2.08167542829986
3.7015,-2.05176141030116
3.702,-2.01856013981681
3.7025,-1.98601632249809
3.703,-1.95215760582588
3.7035,-1.91665526468502
3.704,-1.88148165147622
3.7045,-1.8440069635305
3.705,-1.80751845429092
3.7055,-1.76872887078674
3.706,-1.72862438924476
3.7065,-1.68884863603239
3.707,-1.64775798505663
3.7075,-1.6056811617496
3.708,-1.56327561658324
3.7085,-1.51988389935049
3.709,-1.47550601023239
3.7095,-1.430141949408
3.71,-1.38543534225141
3.7105,-1.33908511345067
3.711,-1.292077438295
3.7115,-1.24506976679874
3.712,-1.19674719914552
3.7125,-1.14776718539406
3.713,-1.09878717539584
3.7135,-1.04882099448969
3.714,-0.998526092495219
3.7145,-0.948231194218659
3.715,-0.896292675631909
3.7155,-0.844682885600506
3.716,-0.793073099223935
3.7165,-0.740805866975064
3.717,-0.687881188899635
3.7175,-0.634299065038156
3.718,-0.581374394040649
3.7185,-0.526477378620882
3.719,-0.473223989788189
3.7195,-0.418984430400557
3.72,-0.365073598828141
3.7205,-0.310176596695975
3.721,-0.255279597676878
3.7215,-0.200382601665869
3.722,-0.144499435054978
3.7225,-0.0905886182481786
3.723,-0.0353629061626845
3.7235,0.0188766299432097
3.724,0.0734448880638077
3.7245,0.129656765959715
3.725,0.184225019415245
3.7255,0.238793270729064
3.726,0.293690244391537
3.7265,0.348258491719913
3.727,0.403155461581645
3.7275,0.457066256629403
3.728,0.511634498781297
3.7285,0.565216566399627
3.729,0.61879863264707
3.7295,0.672051973299933
3.73,0.725305312790935
3.7305,0.777243753982924
3.731,0.829839642855213
3.7315,0.881449357978152
3.732,0.933059072363767
3.7325,0.983682613230913
3.733,1.03463487784112
3.7335,1.08525841770155
3.734,1.13390961149594
3.7345,1.18321825357382
3.735,1.23186944688699
3.7355,1.27887701868124
3.736,1.3265420389768
3.7365,1.37256343789422
3.737,1.41924228544326
3.7375,1.463948787452
3.738,1.50832656536459
3.7385,1.55171817066464
3.739,1.59478105195844
3.7395,1.63784393357831
3.74,1.67827702124278
3.7405,1.71903883357598
3.741,1.75881447343774
3.7415,1.79793266513848
3.742,1.83639340869365
3.7425,1.87288180687499
3.743,1.90904148121104
3.7435,1.94487243171884
3.744,1.97873103679617
3.7445,2.0125896423544
3.745,2.04480462675253
3.7455,2.07636216295362
3.746,2.10693352660543
3.7465,2.1365187176817
3.747,2.1647890118015
3.7475,2.19207313327785
3.748,2.21869980644206
3.7485,2.24368285817438
3.749,2.26702228841337
3.7495,2.29101916773372
3.75,2.31271497674021
3.7505,2.33441078604391
3.751,2.35380552492077
3.7515,2.37221409086311
3.752,2.38963648383876
3.7525,2.40607270381633
3.753,2.42086530195559
3.7535,2.43532917583985
3.754,2.44749197899365
3.7545,2.45899733342592
3.755,2.46951651470501
3.7555,2.47904952280903
3.756,2.48759635771783
3.7565,2.49351339730182
3.757,2.49975916133549
3.7575,2.50370385442445
3.758,2.50699109867419
3.7585,2.50929216965387
3.759,2.50962089407986
3.7595,2.50962089407986
3.76,2.50764854752512
3.7605,2.50469002769852
3.761,2.50140278345447
3.7615,2.49515701941311
3.762,2.48956870424293
3.7625,2.4813505937407
3.763,2.47280375887128
3.7635,2.462284577567
3.764,2.45176539634308
3.7645,2.43927386874304
3.765,2.42546744363006
3.7655,2.41067484544336
3.766,2.39456734981261
3.7665,2.37714495677886
3.767,2.3590651151671
3.7675,2.33934165183687
3.768,2.31896073999386
3.7685,2.29792237965848
3.769,2.27425422460998
3.7695,2.25091479427017
3.77,2.2259317424327
3.7705,2.19963379351853
3.771,2.17366456934566
3.7715,2.14506555074323
3.772,2.11548035953726
3.7725,2.08556644443503
3.773,2.05433763243059
3.7735,2.02212264789298
3.774,1.98925021516939
3.7745,1.95506288562503
3.775,1.91956065929051
3.7755,1.88372970912607
3.776,1.8472413108085
3.7765,1.80878056711966
3.777,1.77031982389179
3.7775,1.73087290820168
3.778,1.69043982004239
3.7785,1.64967800798044
3.779,1.60727257483526
3.7795,1.56486714202052
3.78,1.52114681235902
3.7805,1.4770977586638
3.781,1.43173380804795
3.7815,1.38636985758102
3.782,1.34001973437005
3.7825,1.29301216263369
3.783,1.24600459086274
3.7835,1.19702467331517
3.784,1.14837347986477
3.7845,1.09939356187725
3.785,1.04942747070141
3.7855,0.998803930523703
3.786,0.948509114119507
3.7865,0.896570675641315
3.787,0.84594713364679
3.7875,0.793022520740022
3.788,0.740426631213341
3.7885,0.688159464992548
3.789,0.634577400374719
3.7895,0.581652783181188
3.79,0.527413267307874
3.7905,0.473173749959252
3.791,0.41860550667193
3.7915,0.363708537313024
3.792,0.310126463665269
3.7925,0.254900766204484
3.793,0.199675066686851
3.7935,0.145106813848173
3.794,0.0898811099238632
3.7945,0.0346554036233366
3.795,-0.0185979583740526
3.7955,-0.0744811186131241
3.796,-0.129378108121825
3.7965,-0.184275100397842
3.797,-0.238843371015558
3.7975,-0.294397818220614
3.798,-0.349294819447254
3.7985,-0.403205650101045
3.799,-0.457445208535084
3.7995,-0.511356045656163
3.8,-0.564938161502918
3.8005,-0.619177730117523
3.801,-0.672102403583643
3.8015,-0.724698355873464
3.802,-0.77795176122002
3.8025,-0.830218996060049
3.803,-0.881171335493799
3.8035,-0.932781128161828
3.804,-0.984390924633592
3.8045,-1.03402837586532
3.805,-1.0836658307739
3.8055,-1.13363201434144
3.806,-1.18228330207231
3.8065,-1.23060586860282
3.807,-1.27827098894746
3.8075,-1.3252786630215
3.808,-1.37195761576905
3.8085,-1.41765039705996
3.809,-1.46301445689036
3.8095,-1.50706361991013
3.81,-1.55045533613582
3.8105,-1.59384705578829
3.811,-1.6355951529792
3.8115,-1.67668580300992
3.812,-1.71777645624885
3.8125,-1.75722348641739
3.813,-1.79667051962215
3.8135,-1.83348775338695
3.814,-1.87096244053842
3.8145,-1.9067935037173
3.815,-1.94229584413674
3.8155,-1.97615456011359
3.816,-2.00935582762143
3.8165,-2.04189964654594
3.817,-2.07345729129545
3.8175,-2.10370003619108
3.818,-2.13328533203202
3.8185,-2.16155572762621
3.819,-2.18883994830299
3.8195,-2.21448054273767
3.82,-2.23946368745028
3.8205,-2.26378938233989
3.821,-2.28712890167368
3.8215,-2.30882479400273
3.822,-2.32953451041811
3.8225,-2.34925805078409
3.823,-2.36799541497014
3.8235,-2.38476042572723
3.824,-2.40152543714466
3.8245,-2.41566064336485
3.825,-2.43012457580108
3.8255,-2.44294487996725
3.826,-2.45379282995261
3.8265,-2.46431205444979
3.827,-2.47285892454925
3.8275,-2.48074834325855
3.828,-2.48798031054052
3.8285,-2.49291119739608
3.829,-2.49718463271845
3.8295,-2.50014316489061
3.83,-2.50277297128365
3.8305,-2.50310169708396
3.831,-2.50211551968382
3.8315,-2.50014316489061
3.832,-2.49685590692286
3.8325,-2.49323992318854
3.833,-2.48765158475223
3.8335,-2.48074834325855
3.834,-2.47318765032582
3.8345,-2.46398332868024
3.835,-2.45379282995261
3.8355,-2.4426161542145
3.836,-2.42979585005837
3.8365,-2.41598936909652
3.837,-2.40086798570405
3.8375,-2.38443170001977
3.838,-2.36799541497014
3.8385,-2.34892932510392
3.839,-2.32986323608349
3.8395,-2.30816734270415
3.84,-2.28712890167368
3.8405,-2.26444683357175
3.841,-2.23946368745028
3.8415,-2.21513799389635
3.842,-2.18916867386338
3.8425,-2.1608982765459
3.843,-2.13328533203202
3.8435,-2.10370003619108
3.844,-2.0731285658183
3.8445,-2.04189964654594
3.845,-2.0096845530539
3.8455,-1.97615456011359
3.846,-1.94196711875057
3.8465,-1.9067935037173
3.847,-1.87096244053842
3.8475,-1.83414520401444
3.848,-1.79634179433279
3.8485,-1.75689476115349
3.849,-1.71777645624885
3.8495,-1.67668580300992
3.85,-1.63592387816683
3.8505,-1.59384705578829
3.851,-1.55012661100008
3.8515,-1.5073923450203
3.852,-1.46268573180614
3.8525,-1.41732167200183
3.853,-1.37228634080151
3.8535,-1.325607388028
3.854,-1.27859971392827
3.8545,-1.23093459355806
3.855,-1.18294075193206
3.8555,-1.13363201434144
3.856,-1.08333710589469
3.8565,-1.03534327528534
3.857,-0.984062199803081
3.8575,-0.93310985296799
3.858,-0.881828785058371
3.8585,-0.829890271301088
3.859,-0.778280485955994
3.8595,-0.725684530012851
3.86,-0.672431128274512
3.8605,-0.618849005448465
3.861,-0.564938161502918
3.8615,-0.512670944164268
3.862,-0.457773933141655
3.8625,-0.403534374687837
3.863,-0.348966094879628
3.8635,-0.294397818220614
3.864,-0.239500820076869
3.8645,-0.184275100397842
3.865,-0.129378108121825
3.8655,-0.0748098430931721
3.866,-0.0189266828381958
3.8665,0.0346554036233366
3.867,0.0898811099238632
3.8675,0.145106813848173
3.868,0.199675066686851
3.8685,0.255229490600111
3.869,0.309469014897655
3.8695,0.364694710431057
3.87,0.419262955396139
3.8705,0.473173749959252
3.871,0.527084542964853
3.8715,0.580995334512367
3.872,0.634248676048169
3.8725,0.68750201635408
3.873,0.740755355525934
3.8735,0.793351245046572
3.874,0.844632236442261
3.8745,0.896899399937654
3.875,0.948180389827422
3.8755,0.998475206235229
3.876,1.04942747070141
3.8765,1.09906483759442
3.877,1.14837347986477
3.8775,1.19735339759454
3.878,1.24501841802754
3.8785,1.29334088691161
3.879,1.33936228581424
3.8795,1.38636985758102
3.88,1.43239125660639
3.8805,1.47644031010281
3.881,1.52114681235902
3.8815,1.56420969345209
3.882,1.60727257483526
3.8825,1.64902055940178
3.883,1.69043982004239
3.8835,1.73087290820168
3.884,1.76999109959258
3.8845,1.80943801572575
3.885,1.8472413108085
3.8855,1.88372970912607
3.886,1.91988938360617
3.8865,1.95506288562503
3.887,1.98925021516939
3.8875,2.02212264789298
3.888,2.05433763243059
3.8885,2.0852377200957
3.889,2.11580908388153
3.8895,2.14506555074323
3.89,2.17333584499141
3.8905,2.19963379351853
3.891,2.2259317424327
3.8915,2.25091479427017
3.892,2.2749116733567
3.8925,2.29726493090247
3.893,2.31896073999386
3.8935,2.33999910061045
3.894,2.35873639077617
3.8945,2.37813112996397
3.895,2.39456734981261
3.8955,2.41067484544336
3.896,2.42546744363006
3.8965,2.43894514433402
3.897,2.45176539634308
3.8975,2.46294202639615
3.898,2.47280375887128
3.8985,2.48167931815983
3.899,2.48956870424293
3.8995,2.49614319268086
3.9,2.50041661018284
3.9005,2.5053474765483
3.901,2.50830599637637
3.9015,2.50962089407986
3.902,2.51027834293209
3.9025,2.50962089407986
3.903,2.50731982309962
3.9035,2.50469002769852
3.904,2.49975916133549
3.9045,2.4941708461461
3.905,2.48726763329726
3.9055,2.47904952280903
3.906,2.47017396353763
3.9065,2.45965478225351
3.907,2.44847815222697
3.9075,2.43500045143175
3.908,2.42119402636041
3.9085,2.40574397941496
3.909,2.38963648383876
3.9095,2.37221409086311
3.91,2.35347680053098
3.9105,2.3337533372727
3.911,2.31337242550259
3.9115,2.29101916773372
3.912,2.26800846152923
3.9125,2.24434030690909
3.913,2.21837108207956
3.9135,2.19240185763548
3.914,2.16511773615423
3.9145,2.13684744202951
3.915,2.10693352660543
3.9155,2.07669088729153
3.916,2.04546207541863
3.9165,2.01226091802621
3.917,1.97905976111963
3.9175,1.94454370739997
3.918,1.90969892983978
3.9185,1.87321053118502
3.919,1.83639340869365
3.9195,1.79760394083659
3.92,1.75914319773591
3.9205,1.71936755787065
3.921,1.67893446982567
3.9215,1.63751520928977
3.922,1.59510977624432
3.9225,1.55237561923182
3.923,1.50832656536459
3.9235,1.46427751173209
3.924,1.41924228544326
3.9245,1.3728921621724
3.925,1.3265420389768
3.9255,1.27953446723726
3.926,1.23219817116562
3.9265,1.18321825357382
3.927,1.13489578434002
3.9275,1.08492969341805
3.928,1.03463487784112
3.9285,0.984011337520394
3.929,0.93338779665704
3.9295,0.881778082275842
3.93,0.830168367157875
3.9305,0.77790120259949
3.931,0.725634037105371
3.9315,0.672051973299933
3.932,0.619784805633257
3.9325,0.565216566399627
3.933,0.511634498781297
3.9335,0.458052429694459
3.934,0.403155461581645
3.9345,0.348258491719913
3.935,0.294018968778722
3.9355,0.239121995128288
3.936,0.184553743827058
3.9365,0.128999317109422
3.937,0.0747597858204241
3.9375,0.0192053543969632
3.938,-0.0353629061626845
3.9385,-0.090259893763522
3.939,-0.144828159555873
3.9395,-0.200382601665869
3.94,-0.254622148605267
3.9405,-0.309519147587717
3.941,-0.364087425109072
3.9415,-0.419313154993039
3.942,-0.472895265175872
3.9425,-0.527134827886272
3.943,-0.581703118694715
3.9435,-0.634299065038156
3.944,-0.687552464202329
3.9445,-0.740477142255326
3.945,-0.792415649739151
3.9455,-0.845011610366118
3.946,-0.896950125210403
3.9465,-0.947573744592244
3.947,-0.998197367657899
3.9475,-1.04914971935174
3.948,-1.09878717539584
3.9485,-1.14743846048231
3.949,-1.19674719914552
3.9495,-1.24441231687338
3.95,-1.29109126333115
3.9505,-1.33875638843673
3.951,-1.38510661721155
3.9515,-1.430141949408
3.952,-1.47484856004961
3.9525,-1.51955517423294
3.953,-1.56261816629658
3.9535,-1.6053524365805
3.954,-1.64742925986169
3.9545,-1.68786246037142
3.955,-1.72862438924476
3.9555,-1.76774269497351
3.956,-1.80620355310653
3.9565,-1.8440069635305
3.957,-1.88082420078603
3.9575,-1.91665526468502
3.958,-1.95150015504033
3.9585,-1.98568759708199
3.959,-2.01888886525567
3.9595,-2.05077523391629
3.96,-2.08167542829986
3.9605,-2.11191817373335
3.961,-2.14051729352849
3.9615,-2.16911641511846
3.962,-2.19607191068727
3.9625,-2.22171250553648
3.963,-2.24636692505309
3.9635,-2.27003516908221
3.964,-2.29304596311091
3.9645,-2.31474185573474
3.965,-2.33446539542501
3.9655,-2.35451766170103
3.966,-2.37226884902215
3.9665,-2.38903385994728
3.967,-2.40481269436303
3.9675,-2.41993407789661
3.968,-2.43341183324227
3.9685,-2.44623213750888
3.969,-2.45609391028872
3.9695,-2.46628440907255
3.97,-2.47516000499065
3.9705,-2.48304942374367
3.971,-2.48896648790693
3.9715,-2.49422610056749
3.972,-2.49817081010682
3.9725,-2.50112934228604
3.973,-2.50244424548361
3.9735,-2.50277297128365
3.974,-2.5017867938843
3.9745,-2.49915698749753
3.975,-2.49619845533244
3.9755,-2.49159629422885
3.976,-2.48567923002802
3.9765,-2.47844726278619
3.977,-2.46990039257188
3.9775,-2.46135352253315
3.978,-2.45083429811053
3.9785,-2.43900017095133
3.979,-2.42552241542658
3.9795,-2.41138720887635
3.98,-2.39593709993196
3.9805,-2.37982954014203
3.981,-2.36207835250709
3.9815,-2.34366971425537
3.982,-2.32328872282348
3.9825,-2.30192155541721
3.983,-2.2798969378036
3.9835,-2.25688614446468
3.984,-2.23256044995504
3.9845,-2.20724858005607
3.985,-2.18062180937119
3.9855,-2.15300886365649
3.986,-2.12473846859292
3.9865,-2.09515317330265
3.987,-2.06425297802302
3.9875,-2.03236660844632
3.988,-2.00015151560491
3.9885,-1.96596407252981
3.989,-1.93177663189007
3.9895,-1.89627429223773
3.99,-1.86044322982451
3.9905,-1.82263981815816
3.991,-1.78450768405791
3.9915,-1.74637555282002
3.992,-1.70627107301602
3.9925,-1.66518042067982
3.993,-1.62310359599905
3.9935,-1.58102677462215
3.994,-1.53796378111581
3.9945,-1.49391461566194
3.995,-1.44953672859325
3.9955,-1.40483011993174
3.996,-1.358151164572
3.9965,-1.31180093791093
3.997,-1.26446453991392
3.9975,-1.21679942064051
3.998,-1.16847685517567
3.9985,-1.11949684359961
3.999,-1.07018811086112
3.9995,-1.01956448241502
4,-0.968940857769799
4.0005,-0.918317236843142
4.001,-0.866707445225478
4.0015,-0.815426382052229
4.002,-0.762501698790928
4.0025,-0.709248294520563
4.003,-0.657309792635452
4.0035,-0.603398946152105
4.004,-0.54948810321177
4.0045,-0.495905988335862
4.005,-0.442323876764053
4.0055,-0.387426870073412
4.006,-0.332858591205511
4.0065,-0.278290315456368
4.007,-0.223064593671759
4.0075,-0.168496323885268
4.008,-0.113928056906967
4.0085,-0.0583736192072733
4.009,-0.00314790866228846
4.0095,0.0510916259912923
4.01,0.105988607142493
4.0105,0.160885585976485
4.011,0.215782562598251
4.0115,0.270679537112774
4.012,0.325905234005519
4.0125,0.380144755870523
4.013,0.434713000344495
4.0135,0.489281243150062
4.014,0.542863311369153
4.0145,0.59677410250872
4.015,0.650027443670119
4.0155,0.703280783630022
4.016,0.755876673862786
4.0165,0.808472563109348
4.017,0.860739727162414
4.0175,0.911691993243377
4.018,0.962972982946496
4.0185,1.01359652348273
4.019,1.0635626149553
4.0195,1.11352870602528
4.02,1.16316607249148
4.0205,1.21115981732098
4.021,1.25948228627299
4.0215,1.30648985802728
4.022,1.35382615404387
4.0225,1.40017627727612
4.023,1.44521150350255
4.0235,1.49057545417407
4.024,1.53330961080923
4.0245,1.57768738911859
4.025,1.61943537345338
4.0255,1.66151208241208
4.026,1.7022738945837
4.0265,1.74237825856742
4.027,1.78182517438387
4.0275,1.82061464205007
4.028,1.8577604886546
4.0285,1.89424888710687
4.029,1.93007983741223
4.0295,1.96525333957323
4.03,1.99911194493709
4.0305,2.03165565347217
4.031,2.06354191381523
4.0315,2.0944420016169
4.032,2.12435591685178
4.0325,2.15295493514176
4.033,2.18122522950959
4.0335,2.20785190251209
4.034,2.23316367845348
4.0345,2.25781800602686
4.035,2.28181488521311
4.0355,2.30416814285405
4.036,2.32586395203989
4.0365,2.34558741519726
4.037,2.36465342982386
4.0375,2.38306199589934
4.038,2.39949821580307
4.0385,2.41494826268162
4.039,2.42941213650574
4.0395,2.44288983724737
4.04,2.45472391605422
4.0405,2.46557182171592
4.041,2.47576227862769
4.0415,2.48398038909597
4.042,2.49186977519254
4.0425,2.49778681479539
4.043,2.50238895672683
4.0435,2.50600492539841
4.044,2.50830599637637
4.0445,2.51060706735833
4.045,2.50994961850594
4.0455,2.50863472080212
4.046,2.50699109867419
4.0465,2.50271768115111
4.047,2.49844426364176
4.0475,2.49252722403601
4.048,2.48496656235552
4.0485,2.47707717629927
4.049,2.46721544379333
4.0495,2.45669626253183
4.05,2.44420473488762
4.0505,2.43105575854051
4.051,2.41692060910356
4.0515,2.40147056220392
4.052,2.38503434227809
4.0525,2.36629705178567
4.053,2.34723103713843
4.0535,2.32783629834435
4.054,2.3061404891314
4.0545,2.28444468021369
4.055,2.26077652535985
4.0555,2.23579347337765
4.056,2.21146787048132
4.0565,2.18418374871269
4.057,2.15689962735337
4.0575,2.12764316031181
4.058,2.09838669371017
4.0585,2.06748660584946
4.059,2.0352716211164
4.0595,2.00305663685591
4.06,1.96919803143556
4.0605,1.93435325353643
4.061,1.89917975179926
4.0615,1.86236262897415
4.062,1.82488805800809
4.0625,1.78675603889235
4.063,1.74698039872365
4.0635,1.70753348327963
4.064,1.6667716710581
4.0645,1.62469496205371
4.065,1.58228952910906
4.0655,1.53955537218335
4.066,1.4958350426712
4.0665,1.45112854053595
4.067,1.40510714145528
4.0675,1.35941446677014
4.068,1.31240689502885
4.0685,1.26507059900201
4.069,1.21740557862146
4.0695,1.16809693669551
4.07,1.11977446738466
4.0705,1.07046582492794
4.071,1.01984228494153
4.0715,0.969218744470753
4.072,0.918266479138814
4.0725,0.866985488849841
4.073,0.814060876287645
4.0735,0.762451160070646
4.074,0.709526545649795
4.0745,0.656930654471406
4.075,0.603348589140109
4.0755,0.549437798168007
4.076,0.495855730127374
4.0765,0.44128748751586
4.077,0.38737669198474
4.0775,0.332479721600902
4.078,0.277254024942265
4.0785,0.223014499478893
4.079,0.167788798725005
4.0795,0.113220544604176
4.08,0.0579948393209237
4.0805,0.003426580515942
4.081,-0.0511416807723754
4.0815,-0.106367393625674
4.082,-0.160935660223021
4.0825,-0.216490103183828
4.083,-0.271058375525396
4.0835,-0.325955375428516
4.084,-0.379866204739123
4.0845,-0.435091935572664
4.085,-0.488345322087884
4.0855,-0.542913610407838
4.086,-0.59649572826282
4.0865,-0.64974912492352
4.087,-0.702673800421097
4.0875,-0.755927204235955
4.088,-0.808523162283402
4.0885,-0.85980422497249
4.089,-0.911414016091258
4.0895,-0.962366361337204
4.09,-1.01298998549484
4.0905,-1.06361361344267
4.091,-1.11292234568555
4.0915,-1.16190235675927
4.092,-1.21022492171869
4.0925,-1.25821876545384
4.093,-1.30555516296255
4.0935,-1.35223411415815
4.094,-1.39891306904534
4.0945,-1.44329095217358
4.095,-1.48832628894996
4.0955,-1.53270417908679
4.096,-1.57576717217998
4.0965,-1.61817271832396
4.097,-1.65992081741243
4.0975,-1.70035401888096
4.098,-1.74012977297386
4.0985,-1.77957680485814
4.099,-1.81803766388956
4.0995,-1.85518362455129
4.1,-1.89167213728642
4.1005,-1.92717447660394
4.101,-1.9620193677168
4.1015,-1.99620681050961
4.102,-2.02907935397403
4.1025,-2.06030827239053
4.103,-2.09120846740753
4.1035,-2.12079376244411
4.104,-2.14972160832638
4.1045,-2.17700582828871
4.105,-2.20363259875916
4.1055,-2.22927319404267
4.106,-2.25359888837163
4.1065,-2.27759585841544
4.107,-2.29962047591303
4.1075,-2.32065891754745
4.108,-2.34103990885521
4.1085,-2.36010599837091
4.109,-2.37752846022179
4.1095,-2.39396474563917
4.11,-2.40974358023844
4.1105,-2.42453623821002
4.111,-2.43735654220565
4.1115,-2.44886194356076
4.112,-2.46003861946583
4.1125,-2.46924294102421
4.113,-2.47811853700546
4.1135,-2.48502177845537
4.114,-2.4912675684377
4.1145,-2.49521227794879
4.115,-2.49915698749753
4.1155,-2.50145806808504
4.116,-2.50244424548361
4.1165,-2.50244424548361
4.117,-2.50112934228604
4.1175,-2.49817081010682
4.118,-2.49488355215476
4.1185,-2.48995266527569
4.119,-2.48436432688376
4.1195,-2.47647490810574
4.12,-2.46792803793199
4.1205,-2.4583949906375
4.121,-2.44656086326446
4.1215,-2.4350554619725
4.122,-2.42124898083817
4.1225,-2.40744250015609
4.123,-2.3916636656425
4.1235,-2.37522738031397
4.124,-2.35714746718367
4.1245,-2.33775265212758
4.125,-2.31704293531897
4.1255,-2.29633321949958
4.126,-2.27397987654416
4.1265,-2.24998290669756
4.127,-2.22532848697993
4.1275,-2.19968789192312
4.128,-2.17273239613771
4.1285,-2.14544817643278
4.129,-2.1165203308212
4.1295,-2.08594885959971
4.13,-2.05570611586144
4.1305,-2.02349102142379
4.131,-1.99094720376676
4.1315,-1.95675976134983
4.132,-1.92158614524369
4.1325,-1.8860838063321
4.133,-1.84893784336167
4.1335,-1.81244933376291
4.134,-1.77398847515616
4.1345,-1.73421271845259
4.135,-1.69443696481295
4.1355,-1.65367503860028
4.136,-1.6112694896549
4.1365,-1.56952139434588
4.137,-1.52547222637857
4.1375,-1.48142306191191
4.138,-1.43638772568397
4.1385,-1.39168111804391
4.139,-1.34533088875029
4.1395,-1.29832321310344
4.14,-1.25065809119272
4.1405,-1.20299297298476
4.141,-1.15467040857976
4.1415,-1.10536167316679
4.142,-1.05539549176144
4.1425,-1.005100589275
4.143,-0.955134415333574
4.1435,-0.903524621028776
4.144,-0.851257380940949
4.1445,-0.799647594103642
4.145,-0.747709086122199
4.1455,-0.69478440757487
4.146,-0.641531007926269
4.1465,-0.588277611803412
4.147,-0.534695494474666
4.1475,-0.480127206675247
4.148,-0.426545096057818
4.1485,-0.370990641164379
4.149,-0.316751087803136
4.1495,-0.26218281295488
4.15,-0.206957092051025
4.1505,-0.152060098600976
4.151,-0.0971631079616201
4.1515,-0.0419373955572677
4.152,0.011973416393777
4.1525,0.0671991237012131
4.153,0.121767379734646
4.1535,0.177650531162623
4.154,0.231890058328235
4.1545,0.287444481021645
4.155,0.342012728566257
4.1555,0.396252249900924
4.156,0.450491769515427
4.1565,0.504731287511022
4.157,0.558970803988965
4.1575,0.61189542173165
4.158,0.665148762542141
4.1585,0.719059550808896
4.159,0.771326716427133
4.1595,0.823922605401541
4.16,0.87586104491282
4.1605,0.926813310786531
4.161,0.978094300306213
4.1615,1.02773166782633
4.162,1.0790126563123
4.1625,1.12766385014743
4.163,1.17730121653693
4.1635,1.22496623703453
4.164,1.27328870595459
4.1645,1.32029627769744
4.165,1.36730384944395
4.1655,1.41266779986596
4.166,1.45868919897185
4.1665,1.50306697685988
4.167,1.54744475497958
4.1675,1.58952146338701
4.168,1.63225562067615
4.1685,1.67400360545642
4.169,1.71410796915919
4.1695,1.75486978186207
4.17,1.79333052491493
4.1705,1.83113381980348
4.171,1.86860839084811
4.1715,1.90509678944198
4.172,1.94059901557696
4.1725,1.97412889627253
4.173,2.00831622609153
4.1735,2.04118865909254
4.174,2.07241747090267
4.1745,2.10364628317987
4.175,2.13290274985942
4.1755,2.1615017682774
4.176,2.18911461406188
4.1765,2.21541256281985
4.177,2.24039561450465
4.1775,2.26504994218341
4.178,2.28806064834641
4.1785,2.31041390607403
4.179,2.33112354219065
4.1795,2.35183317858309
4.18,2.36991302010799
4.1805,2.38766413745386
4.181,2.4047578062113
4.1815,2.41955040433704
4.182,2.4340142782079
4.1825,2.44683453017182
4.183,2.45833988459865
4.1835,2.46918779028882
4.184,2.47806334955379
4.1845,2.48726763329726
4.185,2.49351339730182
4.1855,2.49910171248846
4.186,2.50403257884906
4.1865,2.50699109867419
4.187,2.50929216965387
4.1875,2.50994961850594
4.188,2.50994961850594
4.1885,2.50863472080212
4.189,2.50600492539841
4.1895,2.50140278345447
4.19,2.49680064152643
4.1905,2.49022615308528
4.191,2.4826654914177
4.1915,2.47411865654001
4.192,2.4642569240554
4.1925,2.45340901840405
4.193,2.44124621519879
4.1935,2.42743979006653
4.194,2.41231846745657
4.1945,2.39686842060609
4.195,2.38010347633615
4.1955,2.36202363468869
4.196,2.3426288957076
4.1965,2.32224798382151
4.197,2.30055217468523
4.1975,2.27721274397228
4.198,2.253873313591
4.1985,2.22954771043931
4.199,2.20390721019044
4.1995,2.17728053724626
4.2,2.14901024293839
4.2005,2.11975377601703
4.201,2.09016858519118
4.2015,2.05861104878279
4.202,2.02639606418204
4.2025,1.99385235572245
4.203,1.9593363017917
4.2035,1.92449152402976
4.204,1.88866057379958
4.2045,1.85250089972686
4.205,1.81436888027574
4.2055,1.77557941268339
4.206,1.73646122123207
4.2065,1.69602813301604
4.207,1.65493759661302
4.2075,1.61286088771041
4.208,1.57045545485489
4.2085,1.52739257372289
4.209,1.48268607143403
4.2095,1.43797956935445
4.21,1.39228689459209
4.2105,1.34593677137269
4.211,1.29892919963602
4.2115,1.25159290359473
4.212,1.20327043462184
4.2125,1.1546192411988
4.213,1.10531059896574
4.2135,1.05600195640502
4.214,1.00537841628862
4.2145,0.955083599955916
4.215,0.903802610154138
4.2155,0.851864171060785
4.216,0.799925731170041
4.2165,0.747329841769505
4.217,0.694405227049408
4.2175,0.641809335547006
4.218,0.587898545524946
4.2185,0.533987754156956
4.219,0.480076961343612
4.2195,0.425837442624703
4.22,0.370940473498305
4.2205,0.317029675708568
4.221,0.262132702891475
4.2215,0.206578279242692
4.222,0.152338751096495
4.2225,0.0971130474754414
4.223,0.0422160659397431
4.2235,-0.0120234691103999
4.224,-0.067249180076181
4.2245,-0.122474893722279
4.225,-0.177043161133608
4.2255,-0.2322688804259
4.226,-0.287165878171341
4.2265,-0.341734154420731
4.227,-0.396302433805649
4.2275,-0.450541991825185
4.228,-0.505110277770046
4.2285,-0.558363668578349
4.229,-0.612274512095148
4.2295,-0.665199185106896
4.23,-0.718123861643063
4.2305,-0.771048541797718
4.231,-0.823315776152743
4.2315,-0.874925564660418
4.232,-0.925877907268033
4.2325,-0.977158978398762
4.233,-1.02844005335898
4.2335,-1.07774878297332
4.234,-1.12804369098785
4.2345,-1.17603752843885
4.235,-1.22403136953481
4.2355,-1.2723539393233
4.236,-1.31936161293553
4.2365,-1.36604056521629
4.237,-1.41140462098758
4.2375,-1.45676868032268
4.238,-1.50114656796018
4.2385,-1.54486700885499
4.239,-1.58825872806323
4.2395,-1.63000682482043
4.24,-1.67109747441823
4.2405,-1.71185940198304
4.241,-1.75229260748108
4.2415,-1.79042473916082
4.242,-1.82855687370838
4.2425,-1.86603156048844
4.243,-1.90219134866717
4.2435,-1.93736496336766
4.244,-1.97220985521674
4.2445,-2.00508239702012
4.245,-2.03795494110194
4.2455,-2.07017003653439
4.246,-2.09975533022289
4.2465,-2.12966935132675
4.247,-2.15761102115863
4.2475,-2.1852239671545
4.248,-2.21152201253559
4.2485,-2.23650515708202
4.249,-2.26115957742229
4.2495,-2.28417037098511
4.25,-2.30586626316695
4.2505,-2.32657597944099
4.251,-2.34629951967161
4.2515,-2.3660230608067
4.252,-2.38245934578036
4.2525,-2.39856690566994
4.253,-2.41401701471031
4.2535,-2.42782349560754
4.254,-2.44097252545465
4.2545,-2.4524779269091
4.255,-2.46299715137314
4.2555,-2.47220147299691
4.256,-2.48009089169371
4.2565,-2.48699413317645
4.257,-2.49291119739608
4.2575,-2.49619845533244
4.258,-2.50014316489061
4.2585,-2.5017867938843
4.259,-2.50244424548361
4.2595,-2.50211551968382
4.26,-2.5008006164873
4.2605,-2.49784208431043
4.261,-2.49389737477424
4.2615,-2.48798031054052
4.262,-2.48140579482442
4.2625,-2.47351637610264
4.263,-2.4656269575306
4.2635,-2.45510773300026
4.264,-2.44393105722703
4.2645,-2.43143947877447
4.265,-2.41796172349196
4.2655,-2.40316906575066
4.266,-2.3867327799773
4.2665,-2.36963904344662
4.267,-2.35123040487039
4.2675,-2.33150686441411
4.268,-2.31211205051055
4.2685,-2.289758706747
4.269,-2.26773408974577
4.2695,-2.24307966903832
4.27,-2.21809652412241
4.2705,-2.19212720391776
4.271,-2.1648429830421
4.2715,-2.13690131276592
4.272,-2.10797346769474
4.2725,-2.07740199703941
4.273,-2.04617307748104
4.2735,-2.01362925826129
4.274,-1.98108544128039
4.2745,-1.9465692741773
4.275,-1.91106693344551
4.2755,-1.87556459529611
4.276,-1.83841863311415
4.2765,-1.80094394840325
4.277,-1.76182564013408
4.2775,-1.72270733485521
4.278,-1.68194540644453
4.2785,-1.64118348119649
4.279,-1.59943538357104
4.2795,-1.55637238861276
4.28,-1.51298067192284
4.2805,-1.46893150843903
4.281,-1.42356744813835
4.2815,-1.37853211645333
4.282,-1.33119571316619
4.2825,-1.2845167636133
4.283,-1.23685164278217
4.2835,-1.18951525056731
4.284,-1.14086396228291
4.2845,-1.09056905327534
4.285,-1.04126032270742
4.2855,-0.99063669644333
4.286,-0.939684349123676
4.2865,-0.888732005522836
4.287,-0.836793491270248
4.2875,-0.78452625596684
4.288,-0.732916473740262
4.2885,-0.679005622120562
4.289,-0.626080948198469
4.2895,-0.572170103779593
4.29,-0.518916712105212
4.2905,-0.465334599126425
4.291,-0.410108866448481
4.2915,-0.356198035393839
4.292,-0.301301033772099
4.2925,-0.246404035246455
4.293,-0.191835764227389
4.2935,-0.136938771562019
4.294,-0.0820417816784245
4.2945,-0.0268160700051814
4.295,0.0274234657119239
4.2955,0.0823204478945494
4.296,0.137874876560936
4.2965,0.192443129687324
4.297,0.247340105084912
4.2975,0.302565802820975
4.298,0.356476601096082
4.2985,0.411702295052815
4.299,0.466270538549354
4.2995,0.519852607404622
4.3,0.574092123477511
4.3005,0.62734546517976
4.301,0.680598805639695
4.3015,0.733523420639722
4.302,0.787105483215958
4.3025,0.838386474713638
4.303,0.889996189708446
4.3035,0.941605903980375
4.304,0.991571996172189
4.3045,1.0425242607047
4.305,1.09249035193455
4.3055,1.14212771852656
4.306,1.19077891200552
4.3065,1.23877265673686
4.307,1.28742384990878
4.3075,1.33377397309003
4.308,1.38012409629321
4.3085,1.42581677102334
4.309,1.4705232730558
4.3095,1.51555849956405
4.31,1.5589501049071
4.3105,1.60135553767958
4.311,1.64376097077575
4.3115,1.68550895566002
4.312,1.7259420437699
4.3125,1.76571768370566
4.313,1.80450715118335
4.3135,1.84263917051257
4.314,1.87912756877201
4.3145,1.91528724319067
4.315,1.95078946946575
4.3155,1.98497679894962
4.316,2.01817795594108
4.3165,2.05006421608693
4.317,2.08162175236654
4.3175,2.11153566741031
4.318,2.1407921342077
4.3185,2.16971987709855
4.319,2.19667527429012
4.3195,2.22330194752354
4.32,2.24795627495453
4.3205,2.27162442962574
4.321,2.29430641150373
4.3215,2.31665966931858
4.322,2.3373693055178
4.3225,2.35709276882259
4.323,2.37550133480513
4.3235,2.39325245221796
4.324,2.40837377462801
4.3245,2.42382382160175
4.325,2.4376302466987
4.3255,2.44979304987248
4.326,2.46162712873815
4.3265,2.47116013678716
4.327,2.48102186932165
4.3275,2.48891125540091
4.328,2.49515701941311
4.3285,2.50074533460663
4.329,2.50501875212337
4.3295,2.50830599637637
4.33,2.51027834293209
4.3305,2.50994961850594
4.331,2.50994961850594
4.3315,2.50764854752512
4.332,2.50501875212337
4.3325,2.50041661018284
4.333,2.49515701941311
4.3335,2.48891125540091
4.334,2.48069314490268
4.3345,2.47148886120383
4.335,2.46162712873815
4.3355,2.45012177428405
4.336,2.43730152229006
4.3365,2.42316637279096
4.337,2.40870249902998
4.3375,2.39193755462449
4.338,2.37484388601614
4.3385,2.35676404443209
4.339,2.33638313235921
4.3395,2.31600222055484
4.34,2.29430641150373
4.3405,2.271295705253
4.341,2.24729882621842
4.3415,2.22231577443363
4.342,2.19634654993171
4.3425,2.16906242839152
4.343,2.1404634098592
4.3435,2.11153566741031
4.344,2.08030685501205
4.3445,2.04973549175315
4.345,2.01719178295419
4.3455,1.98431935030112
4.346,1.95013202082651
4.3465,1.91430107024554
4.347,1.87847012015062
4.3475,1.84198172189944
4.348,1.80319225397331
4.3485,1.76440278651073
4.349,1.72462714658916
4.3495,1.68452278278423
4.35,1.64277479790901
4.3505,1.60036936482092
4.351,1.55829265633928
4.3515,1.51457232671828
4.352,1.4705232730558
4.3525,1.42548804674427
4.353,1.37979537201494
4.3535,1.33311652453426
4.354,1.28578022851899
4.3545,1.23811520817984
4.355,1.18979273916687
4.3555,1.14081282140217
4.356,1.09183290336822
4.3565,1.04153808784736
4.357,0.991243271883228
4.3575,0.940619731102433
4.358,0.889010016817508
4.3585,0.837400301808038
4.359,0.785461861679409
4.3595,0.732537247699196
4.36,0.67961263267893
4.3605,0.62668801652454
4.361,0.572777226134996
4.3615,0.519523883060348
4.362,0.464955641135032
4.3625,0.410716121962138
4.363,0.356147876721829
4.3635,0.301579629664662
4.364,0.24701138068753
4.3645,0.191785680867337
4.365,0.136559978868147
4.3655,0.0813342745830802
4.366,0.0267660168087666
4.3665,-0.0281309678715
4.367,-0.0826992306430201
4.3675,-0.138253669556996
4.368,-0.193150662290283
4.3685,-0.247390208845966
4.369,-0.302615931977926
4.3695,-0.357184209104622
4.37,-0.411752489396039
4.3705,-0.465992048345544
4.371,-0.519574161364796
4.3715,-0.574142451684106
4.372,-0.626738397542574
4.3725,-0.680320520896338
4.373,-0.733573923173398
4.3735,-0.78518370544469
4.374,-0.838108390319374
4.3745,-0.889718179880345
4.375,-0.940341798742647
4.3755,-0.991951595778972
4.376,-1.04191777242422
4.3765,-1.09188395280768
4.377,-1.14086396228291
4.3775,-1.18984397550088
4.378,-1.23783781765837
4.3785,-1.28517421358187
4.379,-1.33283933821682
4.3795,-1.37853211645333
4.38,-1.42389617320004
4.3805,-1.46926023352688
4.381,-1.51363812215035
4.3815,-1.55735856403179
4.382,-1.59976410873653
4.3825,-1.64184093157885
4.383,-1.68293158209438
4.3835,-1.7230360600973
4.384,-1.76314054120359
4.3845,-1.80160139898816
4.385,-1.83874735843102
4.3855,-1.87589332063759
4.386,-1.91172438417625
4.3865,-1.94722672495612
4.387,-1.98108544128039
4.3875,-2.01461543456828
4.388,-2.0465018029392
4.3885,-2.07805944799999
4.389,-2.10863091869882
4.3895,-2.13690131276592
4.39,-2.16550043412815
4.3905,-2.19212720391776
4.391,-2.21809652412241
4.3915,-2.24373712023932
4.392,-2.267076638509
4.3925,-2.29008743238228
4.393,-2.31178332485865
4.3935,-2.33249304141549
4.394,-2.35188785623451
4.3945,-2.36996776914268
4.395,-2.38739023139603
4.3955,-2.40316906575066
4.396,-2.41796172349196
4.3965,-2.43143947877447
4.397,-2.44360233147351
4.3975,-2.45510773300026
4.398,-2.4656269575306
4.3985,-2.47417382765706
4.399,-2.48206324639134
4.3995,-2.48830903632906
4.4,-2.49323992318854
4.4005,-2.49751335851431
4.401,-2.50014316489061
4.4015,-2.50244424548361
4.402,-2.50211551968382
4.4025,-2.5017867938843
4.403,-2.49981443909265
4.4035,-2.49619845533244
4.404,-2.49192502002027
4.4045,-2.48633668160171
4.405,-2.47943344012992
4.4055,-2.4715440214456
4.406,-2.46201097406837
4.4065,-2.4524779269091
4.407,-2.44031507395251
4.4075,-2.42749476986663
4.408,-2.41368828898017
4.4085,-2.3982381799518
4.409,-2.38245934578036
4.4095,-2.36437943234411
4.41,-2.34564206831604
4.4105,-2.32624725377811
4.411,-2.30520881187284
4.4115,-2.2835129197237
4.412,-2.25951594935676
4.4125,-2.23551898029698
4.413,-2.21086456138223
4.4135,-2.1839090649259
4.414,-2.15728229562121
4.4145,-2.1283544492592
4.415,-2.09876915373612
4.4155,-2.06786895821548
4.416,-2.03696876474612
4.4165,-2.00376749530439
4.417,-1.97155240440376
4.4175,-1.93637878721987
4.418,-1.90087644723223
4.4185,-1.86438793381603
4.419,-1.82757069777849
4.4195,-1.78976728859043
4.42,-1.7506489811795
4.4205,-1.71087322627862
4.421,-1.67011129879055
4.4215,-1.62902064926906
4.422,-1.5862863771152
4.4225,-1.54355210832658
4.423,-1.50016039264128
4.4235,-1.45578250508143
4.424,-1.41074717087863
4.4245,-1.36439694007333
4.425,-1.31804671292439
4.4255,-1.27071031443792
4.426,-1.22304519468063
4.4265,-1.17472262873442
4.427,-1.12574261667988
4.4275,-1.07610515859372
4.428,-1.0264677042502
4.4285,-0.976172803918101
4.429,-0.924891732860177
4.4295,-0.873610665544522
4.43,-0.821672152374839
4.4305,-0.769733642867305
4.431,-0.716480238094194
4.4315,-0.663884286356225
4.432,-0.610302164099483
4.4325,-0.55639132071102
4.433,-0.503137930025917
4.4335,-0.448898368806908
4.434,-0.394987535469552
4.4345,-0.340090531596852
4.435,-0.28519353089443
4.4355,-0.230625257785135
4.436,-0.175728263090902
4.4365,-0.120502546758989
4.437,-0.0649481087331678
4.4375,-0.0097223978767471
4.438,0.0432022392819446
4.4385,0.0990853940733768
4.439,0.153982373192983
4.4395,0.208879350087163
4.44,0.263776324860897
4.4405,0.318344573237188
4.441,0.373241544096111
4.4415,0.427809788788494
4.442,0.482049307448768
4.4425,0.535631375865861
4.443,0.589213442858166
4.4435,0.642795508523302
4.444,0.696377572958888
4.4445,0.748973463327946
4.445,0.801898077004305
4.4455,0.85350779256283
4.446,0.9054462316324
4.4465,0.956069772830516
4.447,1.00735076201641
4.4475,1.05764557782979
4.448,1.10728294466084
4.4485,1.15659158688238
4.449,1.20491405601786
4.4495,1.25389397354281
4.45,1.30090154530336
4.4505,1.34823784131832
4.451,1.39458796454128
4.4515,1.4399519150308
4.452,1.48465841711842
4.4525,1.52870747085278
4.453,1.57144162770853
4.4535,1.61450450914539
4.454,1.65625249377208
4.4545,1.6976717544803
4.455,1.7377761184169
4.4555,1.77656558558271
4.456,1.81634122609788
4.4565,1.85315834834231
4.457,1.89063291967144
4.4575,1.92580642129514
4.458,1.9603224747543
4.4585,1.99516725302499
4.459,2.02803968583387
4.4595,2.06025467045899
4.46,2.09082603387148
4.4605,2.12073994905213
4.461,2.14999641598846
4.4615,2.17793798595622
4.462,2.20489338327003
4.4625,2.2302051591686
4.463,2.2548594866991
4.4635,2.27852764146834
4.464,2.30120962344259
4.4645,2.3235628813545
4.465,2.34328634448258
4.4655,2.36268108347205
4.466,2.38108964952323
4.4665,2.3978545938044
4.467,2.41396208947166
4.4675,2.42809723887929
4.468,2.44190366401799
4.4685,2.45439519164156
4.469,2.4649143728855
4.4695,2.47444738095738
4.47,2.48365166467629
4.4705,2.49055487750657
4.471,2.49811553921853
4.4715,2.50206023230263
4.472,2.50633364982359
4.4725,2.50929216965387
4.473,2.51060706735833
4.4735,2.51093579178465
4.474,2.50929216965387
4.4745,2.50797727195071
4.475,2.50436130327375
4.4755,2.49975916133549
4.476,2.4941708461461
4.4765,2.48661018445636
4.477,2.47872079839054
4.4775,2.46918779028882
4.478,2.45866860901225
4.4785,2.44683453017182
4.479,2.43335682939239
4.4795,2.41955040433704
4.48,2.4037716330083
4.4805,2.38733541305663
4.481,2.36991302010799
4.4815,2.35117572980443
4.482,2.33178099096075
4.4825,2.30975645731288
4.483,2.28773192397038
4.4835,2.26439249344061
4.484,2.24006689013803
4.4845,2.21541256281985
4.485,2.18845716534788
4.4855,2.16117304392531
4.486,2.13224530116519
4.4865,2.10233138581115
4.487,2.07208874656543
4.4875,2.0402024860954
4.488,2.00765877743642
4.4885,1.97412889627253
4.489,1.93961284262217
4.4895,1.90443934081437
4.49,1.86795094222916
4.4905,1.82981892258234
4.491,1.79201562770937
4.4915,1.75289743607586
4.492,1.71312179627656
4.4925,1.67301743258323
4.493,1.63094072352361
4.4935,1.5885352905304
4.494,1.54547240927969
4.4945,1.50240952829702
4.495,1.4573743018522
4.4955,1.41168162702959
4.496,1.36664640088773
4.4965,1.31963882914172
4.497,1.27230253312039
4.4975,1.22463751275577
4.498,1.1759863194172
4.4985,1.1273351258658
4.499,1.0773690348931
4.4995,1.02740294353969
4.5,0.976450678856496
4.5005,0.924840965023296
4.501,0.874546147719709
4.5015,0.822936432491532
4.502,0.769683094881709
4.5025,0.717415929232219
4.503,0.664491313897516
4.5035,0.610909248741996
4.504,0.557984630975042
4.5045,0.503416390123427
4.505,0.449176872089783
4.5055,0.394937352434777
4.506,0.340040382302197
4.5065,0.285143410300001
4.507,0.231232609526447
4.5075,0.175678184680748
4.508,0.120781206453198
4.5085,0.0655555014953919
4.509,0.0103297941142907
4.5095,-0.0439097423829065
4.51,-0.0988067303960369
4.5105,-0.153703721118021
4.511,-0.208929439174718
4.5115,-0.263826435647152
4.512,-0.318394710586924
4.5125,-0.372962988618123
4.513,-0.427531269843859
4.5135,-0.481442105136082
4.514,-0.535681668382448
4.5145,-0.589263785774221
4.515,-0.642517181961499
4.5155,-0.696428031077935
4.516,-0.748366535568038
4.5165,-0.800633768340603
4.517,-0.852901004785348
4.5175,-0.904839520199755
4.518,-0.955463140150282
4.5185,-1.00608676379745
4.519,-1.05736784095565
4.5195,-1.10667657272895
4.52,-1.15499913349523
4.5205,-1.20430787274834
4.521,-1.25197299105751
4.5215,-1.29963811307136
4.522,-1.34598833878566
4.5225,-1.39200984308747
4.523,-1.43770262596128
4.5235,-1.48240923719787
4.524,-1.52645840174231
4.5245,-1.56985011949326
4.525,-1.61192694000052
4.5255,-1.6543324889981
4.526,-1.69509441526164
4.5265,-1.73519889420142
4.527,-1.77398847515616
4.5275,-1.81244933376291
4.528,-1.84992401933376
4.5285,-1.88641253168059
4.529,-1.92257232136142
4.5295,-1.95708848674608
4.53,-1.99127592918648
4.5305,-2.02447719775137
4.531,-2.0560348413263
4.5315,-2.08693503605912
4.532,-2.11750650734603
4.5325,-2.14544817643278
4.533,-2.17338984723523
4.5335,-2.20001661749147
4.534,-2.22565721256715
4.5345,-2.24998290669756
4.535,-2.27397987654416
4.5355,-2.29699067078029
4.536,-2.31770038663099
4.5365,-2.33775265212758
4.537,-2.35714746718367
4.5375,-2.37555610601433
4.538,-2.39232111706885
4.5385,-2.40777122588138
4.539,-2.42223515804703
4.5395,-2.43538418771932
4.54,-2.4468895890203
4.5405,-2.4583949906375
4.541,-2.46792803793199
4.5415,-2.47614618232658
4.542,-2.4833781495283
4.5425,-2.48995266527569
4.543,-2.49488355215476
4.5435,-2.49849953590346
4.544,-2.50112934228604
4.5445,-2.50244424548361
4.545,-2.50211551968382
4.5455,-2.50145806808504
4.546,-2.49849953590346
4.5465,-2.49488355215476
4.547,-2.4902813910658
4.5475,-2.48469305266943
4.548,-2.47713235966485
4.5485,-2.46924294102421
4.549,-2.45970989369964
4.5495,-2.44853321780338
4.55,-2.43669909070918
4.5505,-2.42355006099577
4.551,-2.40875740305876
4.5515,-2.39396474563917
4.552,-2.37719973451991
4.5525,-2.35911982130623
4.553,-2.34038245750767
4.5535,-2.31967274057305
4.554,-2.29830557334468
4.5545,-2.27628095591334
4.555,-2.25294143715596
4.5555,-2.22861574286311
4.556,-2.20264642204689
4.5565,-2.1766771027372
4.557,-2.14873543173198
4.5575,-2.12013631142261
4.558,-2.09022229093901
4.5585,-2.05932209598762
4.559,-2.02710700130167
4.5595,-1.99423445797423
4.56,-1.96103319151861
4.5605,-1.92618830047687
4.561,-1.89035723587969
4.5615,-1.85419744856876
4.562,-1.81639403737528
4.5625,-1.77826190374628
4.563,-1.7391435972156
4.5635,-1.69903911797117
4.564,-1.65893464180562
4.5645,-1.61652909244233
4.565,-1.57445227157738
4.5655,-1.53106055346299
4.566,-1.48668266345702
4.5665,-1.44230477695567
4.567,-1.39661199371693
4.5675,-1.35059048905373
4.568,-1.3042402629817
4.5685,-1.25690386557563
4.569,-1.20891002194265
4.5695,-1.1602587321658
4.57,-1.11127872121746
4.5705,-1.06196998909827
4.571,-1.01167508611848
4.5715,-0.961380186877713
4.572,-0.910099116908072
4.5725,-0.858489325884155
4.573,-0.806222089041425
4.5735,-0.753954855880562
4.574,-0.701687626310961
4.5745,-0.647776776836503
4.575,-0.594852104964387
4.5755,-0.541598711853181
4.576,-0.48703042361667
4.5765,-0.433448312582742
4.577,-0.37855130642641
4.5775,-0.323654303513906
4.578,-0.270072201902536
4.5785,-0.214189031523003
4.579,-0.159620762200287
4.5795,-0.104395046691234
4.58,-0.0498267828800091
4.5805,0.00441275388956303
4.581,0.0599671859795269
4.5815,0.114864166748975
4.582,0.170089869633441
4.5825,0.224986845894571
4.583,0.279555095675836
4.5835,0.334452067874239
4.584,0.388691589456728
4.5845,0.443588558020149
4.585,0.497499351868172
4.5855,0.551410144203546
4.586,0.605320935125697
4.5865,0.658245551764617
4.587,0.71149889154764
4.5875,0.764094781620224
4.588,0.816690670721031
4.5885,0.868300386045767
4.589,0.920238824905301
4.5895,0.971191090213456
4.59,1.02181463066382
4.5905,1.07145199778056
4.591,1.12141808879421
4.5915,1.17072673093672
4.592,1.21937792429478
4.5925,1.2667142203927
4.593,1.31405051641814
4.5935,1.36105808816037
4.594,1.40675076284862
4.5945,1.45277216193464
4.595,1.49714993979597
4.5955,1.54185644216467
4.596,1.58393315053509
4.5965,1.62666730778022
4.597,1.66841529251124
4.5975,1.70917710474851
4.598,1.74928146880392
4.5985,1.78839966039678
4.599,1.82653167953197
4.5995,1.86400625051861
4.6,1.90082337336539
4.6005,1.93566815080684
4.601,1.97084165304677
4.6015,2.00437153416368
4.602,2.03691524277483
4.6025,2.06913022753258
4.603,2.09904414239313
4.6035,2.12961550639049
4.604,2.15755707605611
4.6045,2.18615609485076
4.605,2.21245404356512
4.6055,2.23677964647526
4.606,2.26209142284286
4.6065,2.28543085334
4.607,2.30778411103105
4.6075,2.32849374711305
4.608,2.34854593469263
4.6085,2.36826939814222
4.609,2.38536306667481
4.6095,2.40245673540535
4.61,2.41790678231555
4.6105,2.43204193176228
4.611,2.44519090811861
4.6115,2.45669626253183
4.612,2.46853034145667
4.6125,2.47740590071737
4.613,2.48562401119562
4.6135,2.49252722403601
4.614,2.49811553921853
4.6145,2.50304640557548
4.615,2.50699109867419
4.6155,2.50896344522795
4.616,2.51027834293209
4.6165,2.51027834293209
4.617,2.50896344522795
4.6175,2.50633364982359
4.618,2.50238895672683
4.6185,2.49811553921853
4.619,2.49186977519254
4.6195,2.48365166467629
4.62,2.47543355421
4.6205,2.46590054613124
4.621,2.45472391605422
4.6215,2.4425611128375
4.622,2.42974086091254
4.6225,2.41461953827822
4.623,2.39916949140319
4.6235,2.38207582271096
4.624,2.36366725664763
4.6245,2.34492996642129
4.625,2.32487777888859
4.6255,2.30318196971628
4.626,2.28049998771441
4.6265,2.25716055728691
4.627,2.23316367845348
4.6275,2.20719445379121
4.628,2.18023905644296
4.6285,2.15262621079116
4.629,2.12304101946932
4.6295,2.09378455293544
4.63,2.06288446514357
4.6305,2.03099820481022
4.631,1.99779704763231
4.6315,1.96393844228721
4.632,1.92942238877837
4.6325,1.89326271416946
4.633,1.85644559142178
4.6335,1.81929974483339
4.634,1.78018155288263
4.6345,1.74172080997414
4.635,1.70095899741078
4.6355,1.65953973667138
4.636,1.61910664916604
4.6365,1.57538631912467
4.637,1.53232343796118
4.6375,1.48860310848843
4.638,1.44356788210489
4.6385,1.39820393160482
4.639,1.35218253265393
4.6395,1.30550368519367
4.64,1.25750994060365
4.6405,1.21017364448382
4.641,1.16152245108961
4.6415,1.11188508461408
4.642,1.06224771781679
4.6425,1.01228162633256
4.643,0.961329361491291
4.6435,0.910377096062959
4.644,0.858438657064203
4.6445,0.807486390194486
4.645,0.754561776619371
4.6455,0.701308437725889
4.646,0.648712546372353
4.6465,0.59513048084779
4.647,0.541548414006838
4.6475,0.487308897052446
4.648,0.433398102907322
4.6485,0.378829858391875
4.649,0.323932887721608
4.6495,0.270022088328248
4.65,0.214467664979666
4.6505,0.159899412723846
4.651,0.105002433849153
4.6515,0.0494480037643139
4.652,-0.00446280650227616
4.6525,-0.059688517109427
4.653,-0.114914230382263
4.6535,-0.170139946427663
4.654,-0.224708216300338
4.6545,-0.279276489087417
4.655,-0.334830938579525
4.6555,-0.389070492980345
4.656,-0.4433100505674
4.6565,-0.497549611441944
4.657,-0.551131726420748
4.6575,-0.604713844804263
4.658,-0.65829596669011
4.6585,-0.710891918054109
4.659,-0.763487872979091
4.6595,-0.816412556310179
4.66,-0.868022344328769
4.6605,-0.919303411241783
4.661,-0.969927032240094
4.6615,-1.02120810665507
4.662,-1.07150301035267
4.6625,-1.12015429339469
4.663,-1.16979175486713
4.6635,-1.21778559548477
4.664,-1.26577943980839
4.6645,-1.31278711290872
4.665,-1.35913733964675
4.6655,-1.40581629508535
4.666,-1.45085162890085
4.6665,-1.49522951607286
4.667,-1.53894995650183
4.6675,-1.58201295008572
4.668,-1.62474722190083
4.6685,-1.66583787109192
4.669,-1.70692852347961
4.6695,-1.74670427807718
4.67,-1.78549385990361
4.6705,-1.82362599407835
4.671,-1.86110068048758
4.6715,-1.89726046830434
4.672,-1.93243408264879
4.6725,-1.96695024873813
4.673,-2.00113769188386
4.6735,-2.03335278479248
4.674,-2.06556787990794
4.6745,-2.09548189879543
4.675,-2.12572464513544
4.6755,-2.15399504026016
4.676,-2.18160798603508
4.6765,-2.20823475677849
4.677,-2.23288917554761
4.6775,-2.25754359568623
4.678,-2.28121184031654
4.6785,-2.30290773235129
4.679,-2.32427489980611
4.6795,-2.34399843993152
4.68,-2.36273580388783
4.6805,-2.38048699155009
4.681,-2.39626582564832
4.6815,-2.41237338606217
4.682,-2.42617986690557
4.6825,-2.43932889670124
4.683,-2.45083429811053
4.6835,-2.46168224830063
4.684,-2.47088656989534
4.6845,-2.47910471434842
4.685,-2.48633668160171
4.6855,-2.49192502002027
4.686,-2.49586972953763
4.6865,-2.49981443909265
4.687,-2.50112934228604
4.6875,-2.50277297128365
4.688,-2.50277297128365
4.6885,-2.50014316489061
4.689,-2.49817081010682
4.6895,-2.49356864898126
4.69,-2.48929521369626
4.6905,-2.4827206979593
4.691,-2.47516000499065
4.6915,-2.46661313484392
4.692,-2.45642263605205
4.6925,-2.44491723448913
4.693,-2.4337405589878
4.6935,-2.41927662642737
4.694,-2.40514142008627
4.6945,-2.38870513423652
4.695,-2.37194012332432
4.6955,-2.35418893601683
4.696,-2.33479412109414
4.6965,-2.31441313008084
4.697,-2.29238851183615
4.6975,-2.26970644346198
4.698,-2.24636692505309
4.6985,-2.22105505436811
4.699,-2.19508573399164
4.6995,-2.16780151293682
4.7,-2.13985984247861
4.7005,-2.11093199722052
4.701,-2.08101797733416
4.7015,-2.0497890575335
4.702,-2.01757396350159
4.7025,-1.98503014625047
4.703,-1.95084270425568
4.7035,-1.91599781394764
4.704,-1.88016675009672
4.7045,-1.84302078757012
4.705,-1.80554610251562
4.7055,-1.76708524443241
4.706,-1.72763821350847
4.7065,-1.68753373515151
4.707,-1.64611435908397
4.7075,-1.60370881073803
4.708,-1.56228944115355
4.7085,-1.5182402737647
4.709,-1.47484856004961
4.7095,-1.42882704914804
4.71,-1.38444916713239
4.7105,-1.33777021339598
4.711,-1.28977636338187
4.7115,-1.24309741702476
4.712,-1.19510357446134
4.7125,-1.1464522857481
4.713,-1.09747227584961
4.7135,-1.04717737018191
4.714,-0.997211193146893
4.7145,-0.946258845341278
4.715,-0.895306501265308
4.7155,-0.84369671130456
4.716,-0.79110075077132
4.7165,-0.739162243377786
4.717,-0.686237565414478
4.7175,-0.632655441663537
4.718,-0.579730770772273
4.7185,-0.525819929355998
4.719,-0.471580366727832
4.7195,-0.417340807439932
4.72,-0.362772526818596
4.7205,-0.308532973926168
4.721,-0.253307250463338
4.7215,-0.199067703593841
4.722,-0.143513261552894
4.7225,-0.0882875468576089
4.723,-0.0337192838198444
4.7235,0.0205202522110874
4.724,0.0757459591369915
4.7245,0.130314214809681
4.725,0.185868641473536
4.7255,0.240436892724445
4.726,0.295662590713598
4.7265,0.349573389222883
4.727,0.405127807771047
4.7275,0.459367327113709
4.728,0.512620671817913
4.7285,0.56718891242017
4.729,0.620442254290476
4.7295,0.674024319227135
4.73,0.726948934362712
4.7305,0.779216099832179
4.731,0.831811988670688
4.7315,0.883092979466305
4.732,0.934702693829871
4.7325,0.985654958967457
4.733,1.03594977498582
4.7335,1.08690203911881
4.734,1.13588195718399
4.7345,1.18453315069272
4.735,1.23318434400145
4.7355,1.28019191579328
4.736,1.3275282118104
4.7365,1.37387833500694
4.737,1.42055718255905
4.7375,1.46526368457243
4.738,1.50997018677299
4.7385,1.55336179208269
4.739,1.59609594910206
4.7395,1.63850138215545
4.74,1.68057809128332
4.7405,1.72068245504961
4.741,1.76078681922721
4.7415,1.79859011374237
4.742,1.83737958161157
4.7425,1.87485415273571
4.743,1.91002765415421
4.7435,1.94618732899472
4.744,1.98070338273759
4.7445,2.01390453966767
4.745,2.04644824841815
4.7455,2.07767706030559
4.746,2.10857714832023
4.7465,2.1378336150733
4.747,2.16610390921277
4.7475,2.19305930635092
4.748,2.21935725516724
4.7485,2.24499775564405
4.749,2.26866591027346
4.7495,2.29233406524092
4.75,2.31435859864667
4.7505,2.33441078604391
4.751,2.35413424931063
4.7515,2.37320026404495
4.752,2.3899652082365
4.7525,2.40705887702089
4.753,2.42185147517029
4.7535,2.43598662465628
4.754,2.44814942781579
4.7545,2.45998350666742
4.755,2.47050268795406
4.7555,2.4793782472276
4.756,2.48792508213848
4.7565,2.4948282949907
4.757,2.50041661018284
4.7575,2.50469002769852
4.758,2.50764854752512
4.7585,2.50962089407986
4.759,2.50994961850594
4.7595,2.51027834293209
4.76,2.50797727195071
4.7605,2.50469002769852
4.761,2.50140278345447
4.7615,2.4964719171036
4.762,2.48989742866406
4.7625,2.48200804257904
4.763,2.4724750344543
4.7635,2.46294202639615
4.764,2.45143667193112
4.7645,2.43894514433402
4.765,2.42513871922424
4.7655,2.41034612104095
4.766,2.39390990101514
4.7665,2.37714495677886
4.767,2.3590651151671
4.7675,2.33967037622363
4.768,2.31896073999386
4.7685,2.29693620652456
4.769,2.27392550023672
4.7695,2.25058606990151
4.77,2.2259317424327
4.7705,2.19963379351853
4.771,2.17267839628309
4.7715,2.14440810204484
4.772,2.11548035953726
4.7725,2.08490899575642
4.773,2.05335145942745
4.7735,2.02146519923385
4.774,1.98826404219491
4.7745,1.95407671266454
4.775,1.91890321065931
4.7755,1.8830722605036
4.776,1.84658386219436
4.7765,1.8081231185137
4.777,1.76999109959258
4.7775,1.72955801101925
4.778,1.68945364716546
4.7785,1.64902055940178
4.779,1.60628640197553
4.7795,1.5638809691679
4.78,1.52016063951256
4.7805,1.47578286154186
4.781,1.43107635948953
4.7815,1.38472623618933
4.782,1.33903356153633
4.7825,1.291697265522
4.783,1.24468969374913
4.7835,1.19603850047701
4.784,1.14672985846039
4.7845,1.09807866474582
4.785,1.04877002213065
4.7855,0.997160309081115
4.786,0.946865492658829
4.7865,0.895584502752126
4.787,0.844303512141048
4.7875,0.792036347820158
4.788,0.738783009649785
4.7885,0.686515843396054
4.789,0.6329337787415
4.7895,0.580009161508757
4.79,0.526098369935462
4.7905,0.471858852549818
4.791,0.417948057947475
4.7915,0.362722364194401
4.792,0.308482841745715
4.7925,0.253914593017167
4.793,0.198688893461833
4.7935,0.143791916162486
4.794,0.0885662121828417
4.7945,0.0333405058244358
4.795,-0.0202415806956856
4.7955,-0.0754672920535544
4.796,-0.130693006107645
4.7965,-0.185589998451233
4.797,-0.240486993669636
4.7975,-0.295383991867837
4.798,-0.349952268582849
4.7985,-0.404520548448919
4.799,-0.458760106962097
4.7995,-0.512342219537053
4.8,-0.56691050939035
4.8005,-0.619835179456039
4.801,-0.673088577656657
4.8015,-0.72634197943981
4.802,-0.778280485955994
4.8025,-0.830547720819159
4.803,-0.883472408972441
4.8035,-0.933767302580778
4.804,-0.985377099126074
4.8045,-1.03567200014075
4.805,-1.08465200541251
4.8055,-1.1349469139611
4.806,-1.18294075193206
4.8065,-1.23192076842481
4.807,-1.27859971392827
4.8075,-1.32626483804154
4.808,-1.37294379086699
4.8085,-1.41830784717677
4.809,-1.46334318197478
4.8095,-1.50837852035197
4.81,-1.55144151154421
4.8105,-1.59450450611267
4.811,-1.63625260335466
4.8115,-1.6776719786499
4.812,-1.7174477310101
4.8125,-1.7575522116815
4.813,-1.79667051962215
4.8135,-1.83414520401444
4.814,-1.87161989121546
4.8145,-1.90712222907968
4.815,-1.94262456952314
4.8155,-1.97714073634288
4.816,-2.01001327848659
4.8165,-2.04288582291212
4.817,-2.0744434677283
4.8175,-2.10435748718906
4.818,-2.1336140575521
4.8185,-2.16188445316673
4.819,-2.18949739942402
4.8195,-2.21513799389635
4.82,-2.23979241304797
4.8205,-2.26444683357175
4.821,-2.28680017604063
4.8215,-2.30915351965239
4.822,-2.32986323608349
4.8225,-2.34958677646451
4.823,-2.3676666892756
4.8235,-2.38541787714291
4.824,-2.40152543714466
4.8245,-2.41566064336485
4.825,-2.42946712431592
4.8255,-2.44195870270979
4.826,-2.45346410419135
4.8265,-2.46398332868024
4.827,-2.47285892454925
4.8275,-2.48074834325855
4.828,-2.48732285896421
4.8285,-2.49258247160388
4.829,-2.49685590692286
4.8295,-2.49981443909265
4.83,-2.50211551968382
4.8305,-2.50244424548361
4.831,-2.50145806808504
4.8315,-2.49981443909265
4.832,-2.49652718112752
4.8325,-2.49258247160388
4.833,-2.48732285896421
4.8335,-2.480419617476
4.834,-2.47285892454925
4.8345,-2.46365460291095
4.835,-2.45313537843034
4.8355,-2.44162997695782
4.836,-2.42913839857373
4.8365,-2.41500319190226
4.837,-2.40053925998413
4.8375,-2.38377424860562
4.838,-2.3666805121935
4.8385,-2.34827187374433
4.839,-2.32920578475299
4.8395,-2.30718116575814
4.84,-2.28581399914296
4.8405,-2.26313193110902
4.841,-2.23880623625562
4.8415,-2.21382309157995
4.842,-2.18719632050462
4.8425,-2.15991209992721
4.843,-2.1322991554732
4.8435,-2.10238513419793
4.844,-2.07214238938824
4.8445,-2.04091347018183
4.845,-2.00869837675718
4.8455,-1.97516838388633
4.846,-1.9409809425934
4.8465,-1.90547860226999
4.847,-1.86931881384963
4.8475,-1.83217285213458
4.848,-1.79535561846599
4.8485,-1.75557986010002
4.849,-1.71646155529507
4.8495,-1.67537090215948
4.85,-1.63395152704408
4.8505,-1.59220342998081
4.851,-1.54946916072919
4.8515,-1.50574871947139
4.852,-1.46137083147115
4.8525,-1.41600677177119
4.853,-1.37031399060952
4.8535,-1.32396376299733
4.854,-1.27662736404608
4.8545,-1.22929096878364
4.855,-1.18096840235486
4.8555,-1.13231711472446
4.856,-1.08267965613677
4.8565,-1.03271347644787
4.857,-0.982089850823325
4.8575,-0.931137504133331
4.858,-0.879527711585006
4.8585,-0.827589197992476
4.859,-0.775979412807191
4.8595,-0.723054732310619
4.86,-0.670458780131349
4.8605,-0.616876657436901
4.861,-0.563623262913879
4.8615,-0.510041147150065
4.862,-0.455472860898216
4.8625,-0.401233302582774
4.863,-0.347322472043212
4.8635,-0.292425470929153
4.864,-0.237199748364148
4.8645,-0.181974028808372
4.865,-0.128063210137592
4.8655,-0.0728374962143158
4.866,-0.0172830605183956
4.8665,0.0362990258699832
4.867,0.091524732098246
4.8675,0.147079160374292
4.868,0.200989964319135
4.8685,0.256544388181889
4.869,0.311112636816172
4.8695,0.365352159176086
4.87,0.420577852843817
4.8705,0.474488647367759
4.871,0.52905688902217
4.8715,0.582310231849807
4.872,0.63589229768045
4.8725,0.689474362268966
4.873,0.742070252775908
4.8735,0.794666142272411
4.874,0.846933306549847
4.8745,0.898543021418916
4.875,0.949495286995609
4.8755,1.00077627625409
4.876,1.051071092128
4.8765,1.10070845900844
4.877,1.15034582554965
4.8775,1.19899701899128
4.878,1.24666203941952
4.8785,1.29498450830119
4.879,1.3413346314817
4.8795,1.38768475469445
4.88,1.43370615372337
4.8805,1.47841265578592
4.881,1.52279043377007
4.8815,1.56585331487328
4.882,1.60891619626853
4.8825,1.65033545655919
4.883,1.69175471721199
4.8835,1.73251652968035
4.884,1.77163472108894
4.8845,1.80976674002885
4.885,1.84822748372998
4.8855,1.88504460637148
4.886,1.9208755565534
4.8865,1.95572033426558
4.887,1.99023638814428
4.8875,2.02343754521182
4.888,2.05532380543418
4.8885,2.08688134179287
4.889,2.11646653257023
4.8895,2.14605172379126
4.89,2.17366456934566
4.8905,2.20061996659576
4.891,2.22658919116061
4.8915,2.2512435186389
4.892,2.27556912210368
4.8925,2.29825110403659
4.893,2.31961818875884
4.8935,2.34032782499735
4.894,2.35972256394918
4.8945,2.37813112996397
4.895,2.39522479861037
4.8955,2.41067484544336
4.896,2.42612489244191
4.8965,2.43960259315214
4.897,2.45176539634308
4.8975,2.46327075081085
4.898,2.47280375887128
4.8985,2.48167931815983
4.899,2.48956870424293
4.8995,2.49614319268086
4.9,2.50107405903051
4.9005,2.50501875212337
4.901,2.50863472080212
4.9015,2.50994961850594
4.902,2.51027834293209
4.9025,2.50929216965387
4.903,2.50699109867419
4.9035,2.50403257884906
4.904,2.49975916133549
4.9045,2.4941708461461
4.905,2.48693890887677
4.9055,2.47904952280903
4.906,2.46984523912129
4.9065,2.45932605783968
4.907,2.44782070340468
4.9075,2.43467172702372
4.908,2.42053657755084
4.9085,2.40574397941496
4.909,2.38930775944109
4.9095,2.3718853664693
4.91,2.35314807614126
4.9105,2.33309588850177
4.911,2.31271497674021
4.9115,2.29003299460402
4.912,2.26702228841337
4.9125,2.24302540943993
4.913,2.21804235771712
4.9135,2.19174440892028
4.914,2.16413156309622
4.9145,2.13553254463859
4.915,2.10627607791988
4.9155,2.07504726560247
4.916,2.04414717808663
4.9165,2.0125896423544
4.917,1.97840231247276
4.9175,1.94355753444364
4.918,1.90805530826823
4.9185,1.87222435825505
4.919,1.8347497871645
4.9195,1.79694649223289
4.92,1.7584857491396
4.9205,1.71772393639756
4.921,1.67794829695137
4.9215,1.63620031213584
4.922,1.59412360338675
4.9225,1.55138944638108
4.923,1.5070116682381
4.9235,1.46296261461178
4.924,1.41726993976978
4.9245,1.37157726505973
4.925,1.32522714186534
4.9255,1.27756212156916
4.926,1.23055454977244
4.9265,1.18124590789519
4.927,1.13292343865175
4.9275,1.08394352056745
4.928,1.03299125640981
4.9285,0.982696440362332
4.929,0.931744175190408
4.9295,0.880463185084901
4.93,0.828853469947023
4.9305,0.776257581057796
4.931,0.724319139847381
4.9315,0.670408351692714
4.932,0.617812459660452
4.9325,0.56423039338866
4.933,0.509990877052497
4.9335,0.455751359208502
4.934,0.401511839755418
4.9345,0.346943594215879
4.935,0.292046622454555
4.9355,0.237478373131428
4.936,0.182252672942731
4.9365,0.127684419407859
4.937,0.0727874391849877
4.9375,0.0178904565814145
4.938,-0.037006528507844
4.9385,-0.091903516187771
4.939,-0.146471782061853
4.9395,-0.201697499739564
4.94,-0.256923220357795
4.9405,-0.311491494913829
4.941,-0.366717221695562
4.9415,-0.420628053364158
4.942,-0.473552714400629
4.9425,-0.528449726418569
4.943,-0.582689292657694
4.9435,-0.63561396374026
4.944,-0.689196087690236
4.9445,-0.741463316414963
4.945,-0.794716722938427
4.9455,-0.846655234196404
4.946,-0.897936299579282
4.9465,-0.949874818287416
4.947,-0.999512267008131
4.9475,-1.05013589393884
4.948,-1.10043079983236
4.9485,-1.1487533601303
4.949,-1.19839082383402
4.9495,-1.2460559416881
4.95,-1.29306361326045
4.9505,-1.34040001350828
4.951,-1.38642151737209
4.9515,-1.43244302487017
4.952,-1.47616346041593
4.9525,-1.52087007470429
4.953,-1.5642617920147
4.9535,-1.60732478759808
4.954,-1.64940161103436
4.9545,-1.69016353691657
4.955,-1.7299392902294
4.9555,-1.76971504660188
4.956,-1.80784717958755
4.9565,-1.84532186481404
4.957,-1.88213910216728
4.9575,-1.91764144079276
4.958,-1.95314378200588
4.9585,-1.98667377333097
4.959,-2.02053249245342
4.9595,-2.05209013576324
4.96,-2.08266160475018
4.9605,-2.11356180125943
4.961,-2.14248964668379
4.9615,-2.17043131730393
4.962,-2.19705808738506
4.9625,-2.22335613346168
4.963,-2.24801055306963
4.9635,-2.27102134594438
4.964,-2.29436086566341
4.9645,-2.31507058138888
4.965,-2.33578029810303
4.9655,-2.35550383875513
4.966,-2.37292630041856
4.9665,-2.39002003708108
4.967,-2.40547014580976
4.9675,-2.4209202551024
4.968,-2.43439801047964
4.9685,-2.44623213750888
4.969,-2.45773753910798
4.9695,-2.46727058638744
4.97,-2.47614618232658
4.9705,-2.48370687531319
4.971,-2.48929521369626
4.9715,-2.49521227794879
4.972,-2.49817081010682
4.9725,-2.50112934228604
4.973,-2.50343042288454
4.9735,-2.50277297128365
4.974,-2.50244424548361
4.9745,-2.49948571329496
4.975,-2.49586972953763
4.9755,-2.4912675684377
4.976,-2.48567923002802
4.9765,-2.47877598856717
4.977,-2.47022911834611
4.9775,-2.46102479676593
4.978,-2.45050557235159
4.9785,-2.43834271945228
4.979,-2.42552241542658
4.9795,-2.41138720887635
4.98,-2.39560837421586
4.9805,-2.37950081443837
4.981,-2.36207835250709
4.9815,-2.34268353722843
4.982,-2.32263127150297
4.9825,-2.30192155541721
4.983,-2.2798969378036
4.9835,-2.25655741885427
4.984,-2.23223172436271
4.9845,-2.20659112890901
4.985,-2.17996435826312
4.9855,-2.15300886365649
4.986,-2.12408101756576
4.9865,-2.09449572231779
4.987,-2.06326680161177
4.9875,-2.03203788299805
4.988,-1.99949406475342
4.9885,-1.9653066217254
4.989,-1.93079045575365
4.9895,-1.89561684152775
4.99,-1.85847087784052
4.9905,-1.82198236754577
4.991,-1.78385023349518
4.9915,-1.74440320128147
4.992,-1.70462744686066
4.9925,-1.6641942450632
4.993,-1.62244614563975
4.9935,-1.58004059916037
4.994,-1.53697760573156
4.9945,-1.49325716545764
4.995,-1.44855055336454
4.9955,-1.40351521972954
4.996,-1.35749371452308
4.9965,-1.31081476291475
4.997,-1.26347836499492
4.9975,-1.21581324579781
4.998,-1.16749068040887
4.9985,-1.11851066890825
4.999,-1.06854448650038
4.9995,-1.01890703272012
5,-0.967625958478269
5.0005,-0.917331062445881
5.001,-0.865721270899584
5.0015,-0.813454033540277
5.002,-0.761186799875375
5.0025,-0.708262120402103
5.003,-0.655008719845988
5.0035,-0.602084047502055
5.004,-0.54850192928792
5.0045,-0.494262365232889
5.005,-0.44068025376089
5.0055,-0.386769420911457
5.006,-0.331214968396945
5.0065,-0.277304141826303
5.007,-0.221749695570798
5.0075,-0.167181425853187
5.008,-0.112284434450104
5.0085,-0.056729996831704
5.009,-0.00183301082374988
5.0095,0.0524065237713115
5.01,0.107303504865783
5.0105,0.16220048364556
5.011,0.217754909023861
5.0115,0.272323159072832
5.012,0.326891407146556
5.0125,0.382117102086567
5.013,0.4360278977807
5.0135,0.489609967499466
5.014,0.544178208730619
5.0145,0.598088999836574
5.015,0.651013616642962
5.0155,0.703938232264396
5.016,0.757191571105585
5.0165,0.809787460328674
5.017,0.861725900061177
5.0175,0.913335614718273
5.018,0.963630431528407
5.0185,1.01458269634514
5.019,1.06553496066255
5.0195,1.11484360315399
5.02,1.16448096961279
5.0205,1.21247471443708
5.021,1.2601397348294
5.0215,1.30747603086089
5.022,1.35514105115587
5.0225,1.40181989866903
5.023,1.44652640062083
5.0235,1.49123290273604
5.024,1.53495323222295
5.0245,1.57801611340351
5.025,1.62075027060296
5.0255,1.66184080670227
5.026,1.70293134317032
5.0265,1.74369315575433
5.027,1.78314007158542
5.0275,1.82127209065861
5.028,1.85907538588801
5.0285,1.89523506004464
5.029,1.93073728604626
5.0295,1.96591078821651
5.03,2.00009811791616
5.0305,2.03231310213432
5.031,2.06485681115915
5.0315,2.09509945029858
5.032,2.12534208988921
5.0325,2.15426983254471
5.033,2.18188267822098
5.0335,2.20850935123322
5.034,2.23414985154958
5.0345,2.25880417913728
5.035,2.28181488521311
5.0355,2.30449686723343
5.036,2.32553522765606
5.0365,2.34558741519726
5.037,2.36498215421608
5.0375,2.38240454710701
5.038,2.39916949140319
5.0385,2.41560571148863
5.039,2.42974086091254
5.0395,2.44321856165731
5.04,2.45538136487978
5.0405,2.46524309730067
5.041,2.47609100304547
5.0415,2.48398038909597
5.042,2.49186977519254
5.0425,2.49811553921853
5.043,2.50238895672683
5.0435,2.50600492539841
5.044,2.50896344522795
5.0445,2.51060706735833
5.045,2.51027834293209
5.0455,2.50863472080212
5.046,2.50633364982359
5.0465,2.50337512999992
5.047,2.49844426364176
5.0475,2.49186977519254
5.048,2.48529528677553
5.0485,2.47641972746333
5.049,2.46688671937769
5.0495,2.45669626253183
5.05,2.44453345929787
5.0505,2.43105575854051
5.051,2.41626316029594
5.0515,2.4011418378036
5.052,2.38470561788145
5.0525,2.36662577617825
5.053,2.34723103713843
5.0535,2.3275075739601
5.054,2.30581176475167
5.0545,2.28378723146315
5.055,2.26077652535985
5.0555,2.23579347337765
5.056,2.21081042175909
5.0565,2.18418374871269
5.057,2.15657090300209
5.0575,2.12731443596556
5.058,2.0970717963449
5.0585,2.06682915717658
5.059,2.03494289678486
5.0595,2.00207046387557
5.06,1.96919803143556
5.0605,1.93303835626669
5.061,1.89786485454709
5.0615,1.86203390466537
5.062,1.82488805800809
5.0625,1.7860985902908
5.063,1.74632295012955
5.0635,1.70687603469227
5.064,1.66545677389603
5.0645,1.62436623776603
5.065,1.58130335625366
5.0655,1.53856919933445
5.066,1.49484886982775
5.0665,1.45014236769685
5.067,1.40477841717663
5.0675,1.35809956965801
5.068,1.3110919979174
5.0685,1.26408442616756
5.069,1.21609068150578
5.0695,1.16776821241532
5.07,1.11845957025678
5.0705,1.06915092779088
5.071,1.01852738779292
5.0715,0.967903847308474
5.072,0.916951581960609
5.0725,0.865999315952572
5.073,0.813732151983317
5.0735,0.761136262830298
5.074,0.708540372700309
5.0745,0.655615757177469
5.075,0.601704967484106
5.0755,0.547794176470276
5.076,0.49454083273372
5.0765,0.440301314441692
5.077,0.386061794511732
5.0775,0.331164824083993
5.078,0.27692530055147
5.0785,0.221370877463764
5.079,0.16680262547735
5.0795,0.111576922457312
5.08,0.0566799415467943
5.0805,0.00244040714150988
5.081,-0.0524565786662436
5.0815,-0.108339740563629
5.082,-0.16257928275372
5.0825,-0.217147552230725
5.083,-0.272373273690735
5.0835,-0.327270273667915
5.084,-0.381509827632634
5.0845,-0.43673555856559
5.085,-0.490646394417278
5.0855,-0.544557233604029
5.086,-0.597810626903929
5.0865,-0.651721473015393
5.087,-0.703988699236551
5.0875,-0.757242103142394
5.088,-0.80950933653215
5.0885,-0.861447848836269
5.089,-0.91272891527689
5.0895,-0.963352535798102
5.09,-1.01496233456417
5.0905,-1.06427106318158
5.091,-1.11456597015781
5.0915,-1.16420343119726
5.092,-1.2115398214975
5.0925,-1.25920494036434
5.093,-1.30687006294628
5.0935,-1.35354901424499
5.094,-1.39957051914085
5.0945,-1.4452633026145
5.095,-1.48931246424803
5.0955,-1.53401907958935
5.096,-1.57642462248247
5.0965,-1.61981634421062
5.097,-1.66057826781799
5.0975,-1.70134019456548
5.098,-1.74177339924182
5.0985,-1.78056298069427
5.099,-1.81935256510486
5.0995,-1.85616980053577
5.1,-1.89200086263865
5.1005,-1.92816065273301
5.101,-1.96267681851672
5.1015,-1.99653553593296
5.102,-2.02875062852806
5.1025,-2.06096572332696
5.103,-2.09186591838771
5.1035,-2.12112248795521
5.104,-2.1503790593905
5.1045,-2.17766327939246
5.105,-2.20429004990188
5.1055,-2.2299306452232
5.106,-2.25425633958828
5.1065,-2.27792458404158
5.107,-2.29962047591303
5.1075,-2.32164509452409
5.108,-2.34136863452935
5.1085,-2.36010599837091
5.109,-2.37785718592392
5.1095,-2.394293471354
5.11,-2.41040103169284
5.1105,-2.42453623821002
5.111,-2.43702781645728
5.1115,-2.44919066931841
5.112,-2.45970989369964
5.1125,-2.46924294102421
5.113,-2.47844726278619
5.1135,-2.48502177845537
5.114,-2.4909388426468
5.1145,-2.49586972953763
5.115,-2.49915698749753
5.1155,-2.5017867938843
5.116,-2.50277297128365
5.1165,-2.50244424548361
5.117,-2.50112934228604
5.1175,-2.49849953590346
5.118,-2.49521227794879
5.1185,-2.48962393948584
5.119,-2.48370687531319
5.1195,-2.47647490810574
5.12,-2.46727058638744
5.1205,-2.45806626487261
5.121,-2.44656086326446
5.1215,-2.43472673622594
5.122,-2.4215777065742
5.1225,-2.40711377443107
5.123,-2.39133493992971
5.1235,-2.37424120321442
5.124,-2.35681874149746
5.1245,-2.33709520078506
5.125,-2.31671420966333
5.1255,-2.2960044938596
5.126,-2.27299369967535
5.1265,-2.24932545548727
5.127,-2.22434231021971
5.1275,-2.19903044078716
5.128,-2.17207494504115
5.1285,-2.14413327431974
5.129,-2.1152054287914
5.1295,-2.0849626831424
5.13,-2.05439121400431
5.1305,-2.02283357053988
5.131,-1.98897485125317
5.1315,-1.95544485976707
5.132,-1.9202712437565
5.1325,-1.88444017959292
5.133,-1.84828039271469
5.1335,-1.81080570726689
5.134,-1.77234484878489
5.1345,-1.73289781745708
5.135,-1.69312206391804
5.1355,-1.65170268741174
5.136,-1.60962586379438
5.1365,-1.56754904346575
5.137,-1.52448605101658
5.1375,-1.48043688662767
5.138,-1.43573027554645
5.1385,-1.39003749282886
5.139,-1.34401598868174
5.1395,-1.29667958814758
5.14,-1.24934319133073
5.1405,-1.20167807322395
5.141,-1.15236933417623
5.1415,-1.10437549849692
5.142,-1.05408059230189
5.1425,-1.00411441475397
5.143,-0.952504616805514
5.1435,-0.901880997068478
5.144,-0.850271206636095
5.1445,-0.798003970378278
5.145,-0.746065462510081
5.1455,-0.692812059375745
5.146,-0.639558659859436
5.1465,-0.586633988521344
5.147,-0.53239442202762
5.1475,-0.478483583601977
5.148,-0.424572748488966
5.1485,-0.370333192014058
5.149,-0.315436189578123
5.1495,-0.260539190265316
5.15,-0.20597091849059
5.1505,-0.150745200589154
5.151,-0.0955194855296286
5.1515,-0.0406224976753735
5.152,0.0132883142157543
5.1525,0.0691714703453693
5.153,0.123739726295329
5.1535,0.178636704402506
5.154,0.233533680331403
5.1545,0.288430654187003
5.155,0.342998901697383
5.1555,0.39756714736606
5.156,0.452464115652109
5.1565,0.505717460551133
5.157,0.560285701340133
5.1575,0.614196492039151
5.158,0.666792384152921
5.1585,0.72004572375441
5.159,0.77297033797162
5.1595,0.825237502614411
5.16,0.876847217807335
5.1605,0.928456932255156
5.161,0.979737921755348
5.1615,1.03003273783222
5.162,1.08032755344737
5.1625,1.12963619583693
5.163,1.17828738937662
5.1635,1.22726730698565
5.164,1.27493232734487
5.1645,1.32193989908673
5.165,1.36829002227831
5.1655,1.41431142126003
5.166,1.45934664753173
5.1665,1.50372442542279
5.167,1.54843092782974
5.1675,1.59050763624379
5.168,1.63291306925255
5.1685,1.67433232974753
5.169,1.71575159063077
5.1695,1.75519850615988
5.17,1.79431669781943
5.1705,1.83277744133068
5.171,1.86992328808647
5.1715,1.90575423806976
5.172,1.94158518853214
5.1725,1.9754437935641
5.173,2.00963112340233
5.1735,2.04217483209012
5.174,2.07307491957731
5.1745,2.10397500752218
5.175,2.13388892290119
5.1755,2.16215921698176
5.176,2.19010078713333
5.1765,2.21639873590586
5.177,2.24171051197178
5.1775,2.26570739092647
5.178,2.28838937272251
5.1785,2.31107135483545
5.179,2.3321097153459
5.1795,2.35183317858309
5.18,2.37057046889481
5.1805,2.38799286185116
5.181,2.4047578062113
5.1815,2.41955040433704
5.182,2.43368555380011
5.1825,2.44683453017182
5.183,2.45833988459865
5.1835,2.46951651470501
5.184,2.47839207397213
5.1845,2.48693890887677
5.185,2.4941708461461
5.1855,2.49975916133549
5.186,2.50403257884906
5.1865,2.50699109867419
5.187,2.50962089407986
5.1875,2.51060706735833
5.188,2.50994961850594
5.1885,2.50830599637637
5.189,2.50501875212337
5.1895,2.50206023230263
5.19,2.49712936594933
5.1905,2.49088360192794
5.191,2.48299421583715
5.1915,2.47411865654001
5.192,2.4642569240554
5.1925,2.4530802939917
5.193,2.44026004197057
5.1935,2.42743979006653
5.194,2.41297591626238
5.1945,2.39686842060609
5.195,2.37977475194061
5.1955,2.36169491029712
5.196,2.34197144693289
5.1965,2.32224798382151
5.197,2.30022345030665
5.1975,2.27721274397228
5.198,2.253873313591
5.1985,2.22921898607476
5.199,2.20324976147102
5.1995,2.17629436418175
5.2,2.14868151858848
5.2005,2.11909632732723
5.201,2.08918241217113
5.2015,2.0582823244477
5.202,2.02573861552165
5.2025,1.99220873409532
5.203,1.9593363017917
5.2035,1.92416279971352
5.204,1.88734567655245
5.2045,1.85151472680395
5.205,1.81305398306166
5.2055,1.77492196408401
5.206,1.73547504834376
5.2065,1.69537068443052
5.207,1.65362269945432
5.2075,1.61220343913656
5.208,1.56979800628588
5.2085,1.52607767659323
5.209,1.48137117431134
5.2095,1.43765084507508
5.21,1.39162944603523
5.2105,1.34495059853888
5.211,1.29860047535812
5.2115,1.25027800648145
5.212,1.20261298606338
5.2125,1.15363306835686
5.213,1.10465315040059
5.2135,1.05501578354994
5.214,1.00472096771251
5.2145,0.954097427081093
5.215,0.902816437266839
5.2155,0.850877998159175
5.216,0.799597006864207
5.2165,0.746672393145855
5.217,0.693419054094092
5.2175,0.640823162570293
5.218,0.587241096858035
5.2185,0.533001581130969
5.219,0.478762063939027
5.2195,0.425508718263857
5.22,0.37028302475549
5.2205,0.31571477817885
5.221,0.261146529708954
5.2215,0.206249554836035
5.222,0.151023853417865
5.2225,0.0967843230421594
5.223,0.0412298925967545
5.2235,-0.0130096424976183
5.224,-0.068235353510325
5.2245,-0.123132342710833
5.225,-0.178358059177953
5.2255,-0.232926329482949
5.226,-0.288480776358149
5.2265,-0.342720328116423
5.227,-0.397617332143627
5.2275,-0.451528165637606
5.228,-0.505439002394505
5.2285,-0.56000729180466
5.229,-0.613260686094766
5.2295,-0.666514083859742
5.23,-0.719767485195421
5.2305,-0.772034715997032
5.231,-0.824301950421247
5.2315,-0.876897913338772
5.232,-0.926864081677274
5.2325,-0.977816428053323
5.233,-1.02942622791554
5.2335,-1.07906368247996
5.234,-1.12837241588966
5.2345,-1.17702370321898
5.235,-1.22534626934283
5.2355,-1.27366883923481
5.236,-1.32034778794579
5.2365,-1.36735546533397
5.237,-1.41239079615241
5.2375,-1.45775485556564
5.238,-1.50246146838809
5.2385,-1.54585318425337
5.239,-1.58924490353993
5.2395,-1.63165045074341
5.24,-1.672412375258
5.2405,-1.71317430292518
5.241,-1.75295005800318
5.2415,-1.79206836559055
5.242,-1.82921432432938
5.2425,-1.86668901115893
5.243,-1.9031775247457
5.2435,-1.93802241413397
5.244,-1.9731960314379
5.2445,-2.00573984787935
5.245,-2.03795494110194
5.2455,-2.07017003653439
5.246,-2.10074150671177
5.2465,-2.13032680236194
5.247,-2.15826847223418
5.2475,-2.18588141827025
5.248,-2.21185073811263
5.2485,-2.23716260827326
5.249,-2.26148830303613
5.2495,-2.28417037098511
5.25,-2.30619498881437
5.2505,-2.32690470510411
5.251,-2.34695697102818
5.2515,-2.36569433511367
5.252,-2.3827880714863
5.2525,-2.39922435710699
5.253,-2.4143457404407
5.2535,-2.42782349560754
5.254,-2.44097252545465
5.2545,-2.4524779269091
5.255,-2.46299715137314
5.2555,-2.47253019877295
5.256,-2.48009089169371
5.2565,-2.48699413317645
5.257,-2.49225374581194
5.2575,-2.49652718112752
5.258,-2.50014316489061
5.2585,-2.5017867938843
5.259,-2.50277297128365
5.2595,-2.50211551968382
5.26,-2.50014316489061
5.2605,-2.49784208431043
5.261,-2.49323992318854
5.2615,-2.48830903632906
5.262,-2.48140579482442
5.2625,-2.47384510187972
5.263,-2.46496950598968
5.2635,-2.45477900723796
5.264,-2.44360233147351
5.2645,-2.43078202728726
5.265,-2.41730427202579
5.2655,-2.40251161430749
5.266,-2.3867327799773
5.2665,-2.36898159205527
5.267,-2.35057295350729
5.2675,-2.33117813874749
5.268,-2.31079714790444
5.2685,-2.28910125547719
5.269,-2.26609046165569
5.2695,-2.24209349223865
5.27,-2.21711034737821
5.2705,-2.19146975279288
5.271,-2.16385680641483
5.2715,-2.13624386172126
5.272,-2.10665856568939
5.2725,-2.07641582060028
5.273,-2.04518690110795
5.2735,-2.01297180739111
5.274,-1.98009926504296
5.2745,-1.94558309801074
5.275,-1.91008075735107
5.2755,-1.87490714461381
5.276,-1.8371037318488
5.2765,-1.80028649781919
5.277,-1.76116818960059
5.2775,-1.72139243388893
5.278,-1.68128795601233
5.2785,-1.63986858043421
5.279,-1.59812048291108
5.2795,-1.55505748805681
5.28,-1.51166577147014
5.2805,-1.46761660808954
5.281,-1.42159509777212
5.2815,-1.37721721631056
5.282,-1.33020953813799
5.2825,-1.282873138695
5.283,-1.23553674294969
5.2835,-1.18721417603716
5.284,-1.13889161283624
5.2845,-1.08925415374565
5.285,-1.03928797356091
5.2855,-0.989321797110221
5.286,-0.938369449887592
5.2865,-0.88741710638161
5.287,-0.835478592223487
5.2875,-0.783211357012869
5.288,-0.730615400728715
5.2885,-0.677690723346976
5.289,-0.624437324840539
5.2895,-0.571183929829086
5.29,-0.517273088958457
5.2905,-0.463033526863356
5.291,-0.408465243503884
5.2915,-0.354554412544831
5.292,-0.299986135568048
5.2925,-0.244760412582747
5.293,-0.1901921416511
5.2935,-0.134966424572544
5.294,-0.0800694347869405
5.2945,-0.0241862742769679
5.295,0.0290670879682692
5.2955,0.0842927945152012
5.296,0.139518498675101
5.2965,0.194086751735942
5.297,0.249641175864531
5.2975,0.30420942474677
5.298,0.35844894734022
5.2985,0.413345916869367
5.299,0.467585435962742
5.2995,0.522153677813011
5.3,0.575078296483863
5.3005,0.629317811144284
5.301,0.682899875879954
5.3015,0.735167042206464
5.302,0.787762931830323
5.3025,0.840358820523952
5.303,0.891639811192756
5.3035,0.943249525443097
5.304,0.993873066194288
5.3045,1.04416788213324
5.305,1.09380524906701
5.3055,1.14377133993177
5.306,1.19209380912359
5.3065,1.24041627812933
5.307,1.28841002274263
5.3075,1.33541759447946
5.308,1.3814389934063
5.3085,1.42713166813971
5.309,1.47249561873776
5.3095,1.51720212097392
5.31,1.56026500204295
5.3105,1.60267043482474
5.311,1.64507586793172
5.3115,1.68616640424401
5.312,1.72725694095109
5.3125,1.76703258090108
5.313,1.80516459978857
5.3135,1.84329661912584
5.314,1.88011374170439
5.3145,1.91660214045142
5.315,1.95210436674474
5.3155,1.98596297192273
5.316,2.01883540459925
5.3165,2.05105038908856
5.317,2.08293664972186
5.3175,2.11317928912892
5.318,2.14210703160223
5.3185,2.17070605015954
5.319,2.19733272300712
5.3195,2.22428812061401
5.32,2.24927117242751
5.3205,2.27293932711734
5.321,2.29529258463604
5.3215,2.3173171180826
5.322,2.33802675429054
5.3225,2.35807894199453
5.323,2.37583005919973
5.3235,2.39358117661651
5.324,2.40968867223634
5.3245,2.42415254600726
5.325,2.43828769551621
5.3255,2.4504504986957
5.326,2.46195585315253
5.3265,2.4724750344543
5.327,2.48200804257904
5.3275,2.48956870424293
5.328,2.49614319268086
5.3285,2.50074533460663
5.329,2.50501875212337
5.3295,2.50830599637637
5.33,2.51027834293209
5.3305,2.51027834293209
5.331,2.51027834293209
5.3315,2.50797727195071
5.332,2.50469002769852
5.3325,2.50074533460663
5.333,2.49548574383562
5.3335,2.48891125540091
5.334,2.48069314490268
5.3345,2.4721463100374
5.335,2.46129840432385
5.3355,2.44946432546099
5.336,2.43730152229006
5.3365,2.42316637279096
5.337,2.40837377462801
5.3375,2.39193755462449
5.338,2.37451516162176
5.3385,2.3561065956513
5.339,2.33671185674533
5.3395,2.31567349617307
5.34,2.29397768712643
5.3405,2.27030953213518
5.341,2.24697010185046
5.3415,2.22165832570733
5.342,2.19601782557336
5.3425,2.16840497968472
5.343,2.14013468551077
5.3435,2.11120694306675
5.344,2.08030685501205
5.3445,2.04907804308575
5.345,2.01653433429651
5.3455,1.98300445300465
5.346,1.94914584786798
5.3465,1.91364362161565
5.347,1.87781267152938
5.3475,1.84066682467362
5.348,1.8025348053685
5.3485,1.76407406221208
5.349,1.72396969799896
5.3495,1.68353660990866
5.35,1.64244607362014
5.3505,1.60004064053474
5.351,1.55763520777152
5.3515,1.51325742959079
5.352,1.46953710021497
5.3525,1.42417314962805
5.353,1.3781517506237
5.3535,1.33180162742274
5.354,1.28413660712914
5.3545,1.23712903534426
5.355,1.18880656632814
5.3555,1.1394979242776
5.356,1.09051800623539
5.3565,1.04022319070396
5.357,0.990257099016213
5.3575,0.938976109638679
5.358,0.88769511962918
5.3585,0.83608540460011
5.359,0.783489515834346
5.3595,0.7312223504446
5.36,0.678297735397296
5.3605,0.624715670557744
5.361,0.571791053127573
5.3615,0.517551536993553
5.362,0.463640743719774
5.3625,0.409401224507032
5.363,0.354504254849572
5.3635,0.300264732121937
5.364,0.245367758699519
5.3645,0.190142058816018
5.365,0.135573805597706
5.3655,0.0796906523956024
5.366,0.025122394549324
5.3665,-0.0291171412722079
5.367,-0.0840141285733637
5.3675,-0.138911118555084
5.368,-0.193808111322352
5.3685,-0.24870510698015
5.369,-0.303602105633463
5.3695,-0.357841658245717
5.37,-0.413067387756221
5.3705,-0.467306946785251
5.371,-0.521546509146571
5.3715,-0.574799900986649
5.372,-0.628710745578089
5.3725,-0.681635419674306
5.373,-0.734231372607096
5.3735,-0.78748477862171
5.374,-0.83909456460777
5.3745,-0.891033079025808
5.375,-0.942642872413924
5.3755,-0.992609045447743
5.376,-1.04323267185975
5.3765,-1.09352757722681
5.377,-1.14217886191739
5.3775,-1.19050142536853
5.378,-1.23948144245555
5.3785,-1.28681783850642
5.379,-1.33415423826059
5.3795,-1.38017574163594
5.38,-1.42553979851134
5.3805,-1.4705751338802
5.381,-1.51495302260771
5.3815,-1.55867346459325
5.382,-1.6010790094005
5.3825,-1.6434845575383
5.383,-1.6852326586179
5.3835,-1.72500841155422
5.384,-1.76412671700794
5.3845,-1.80324502545419
5.385,-1.83973353438295
5.3855,-1.87753694734826
5.386,-1.91336801100697
5.3865,-1.94854162651646
5.387,-1.98207161751986
5.3875,-2.01560161087733
5.388,-2.04781670477415
5.3885,-2.07871689896151
5.389,-2.10928836970385
5.3895,-2.13821621485808
5.39,-2.16615788521514
5.3905,-2.19377083173418
5.391,-2.2194114264514
5.3915,-2.24406584584018
5.392,-2.26839154098352
5.3925,-2.2904161580178
5.393,-2.31211205051055
5.3935,-2.333150492751
5.394,-2.35221658191694
5.3945,-2.37029649483899
5.395,-2.38706150568654
5.3955,-2.40349779147262
5.396,-2.41829044922542
5.3965,-2.43209693026271
5.397,-2.44425978298081
5.3975,-2.45543645876282
5.398,-2.46595568330145
5.3985,-2.47417382765706
5.399,-2.48173452060775
5.3995,-2.48863776211786
5.4,-2.49389737477424
5.4005,-2.49751335851431
5.401,-2.5008006164873
5.4015,-2.5017867938843
5.402,-2.50211551968382
5.4025,-2.5017867938843
5.403,-2.49981443909265
5.4035,-2.49586972953763
5.404,-2.49192502002027
5.4045,-2.48567923002802
5.405,-2.47910471434842
5.4055,-2.47088656989534
5.406,-2.46201097406837
5.4065,-2.45214920114887
5.407,-2.43965762245141
5.4075,-2.42683731838559
5.408,-2.41303083752066
5.4085,-2.39758072851629
5.409,-2.38147316866409
5.4095,-2.36372198096084
5.41,-2.34531334263864
5.4105,-2.32526107679099
5.411,-2.30455136057973
5.4115,-2.28252674283344
5.412,-2.25885849813227
5.4125,-2.23486152910818
5.413,-2.20954965907843
5.4135,-2.18292288825696
5.414,-2.15596739347393
5.4145,-2.12671082168007
5.415,-2.09778297725145
5.4155,-2.06721150726931
5.416,-2.03499641204069
5.4165,-2.00343876987602
5.417,-1.96958005197022
5.4175,-1.93539261107409
5.418,-1.89989027115834
5.4185,-1.86340175781521
5.419,-1.82658452185054
5.4195,-1.78812366216816
5.42,-1.74900535488319
5.4205,-1.7095583253423
5.421,-1.66879639795652
5.4215,-1.62737702335417
5.422,-1.58497147648716
5.4225,-1.54256593293233
5.423,-1.49851676711365
5.4235,-1.45381015460407
5.424,-1.40910354560953
5.4245,-1.36242458990785
5.425,-1.31673181291614
5.4255,-1.26873796458132
5.426,-1.22107284497696
5.4265,-1.17307900410772
5.427,-1.12442771707902
5.4275,-1.074790259093
5.428,-1.02515280484757
5.4285,-0.973871730135395
5.429,-0.923248108850159
5.4295,-0.871638316875186
5.43,-0.819371079091935
5.4305,-0.767432569744591
5.431,-0.714836614548813
5.4315,-0.661911938234294
5.432,-0.608658540773399
5.4325,-0.554747697491781
5.433,-0.500836857663447
5.4335,-0.446926021188972
5.434,-0.393015187968928
5.4345,-0.338446908775816
5.435,-0.283549908166693
5.4355,-0.22865291061972
5.436,-0.173098467010404
5.4365,-0.118858924292292
5.437,-0.0633044863481459
5.4375,-0.00807877556972618
5.438,0.0458320348573049
5.4385,0.100729016236025
5.439,0.155625995287477
5.4395,0.211180420927907
5.44,0.265748671221819
5.4405,0.320645643909635
5.441,0.375542614690745
5.4415,0.429453410589975
5.442,0.483692929201489
5.4425,0.537932446256076
5.443,0.591185788856499
5.4435,0.645096578799707
5.444,0.69802119454895
5.4445,0.750945809196789
5.445,0.803212974226439
5.4455,0.855808862664357
5.446,0.907089853109956
5.4465,0.957713394287685
5.447,1.00899438345566
5.4475,1.05928919925412
5.448,1.10859784179063
5.4485,1.15790648400455
5.449,1.20688640169282
5.4495,1.25488014637764
5.45,1.3022164424149
5.4505,1.3492240141522
5.451,1.39524541309824
5.4515,1.44093808786908
5.452,1.48597331424157
5.4525,1.5300223679829
5.453,1.57275652484697
5.4535,1.61614813058087
5.454,1.65756739093152
5.4545,1.69800047877323
5.455,1.73843356700948
5.4555,1.7782092070822
5.456,1.81699867470553
5.4565,1.85447324557366
5.457,1.89096164398356
5.4575,1.92679259424461
5.458,1.96163737203837
5.4585,1.99582470167654
5.459,2.02869713449494
5.4595,2.06058339479439
5.46,2.09148348255198
5.4605,2.12172612208774
5.461,2.15098258903905
5.4615,2.17859543466642
5.462,2.20555083199006
5.4625,2.231191332263
5.463,2.25551693543815
5.4635,2.27984253896546
5.464,2.30186707220022
5.4645,2.32389160573792
5.465,2.34427251764559
5.4655,2.36300980786384
5.466,2.38174709831497
5.4665,2.3978545938044
5.467,2.41396208947166
5.4675,2.42842596328579
5.468,2.44190366401799
5.4685,2.45472391605422
5.469,2.4649143728855
5.4695,2.47510482979238
5.47,2.48398038909597
5.4705,2.49154105077093
5.471,2.49778681479539
5.4715,2.50238895672683
5.472,2.50666237424885
5.4725,2.50962089407986
5.473,2.51060706735833
5.4735,2.51093579178465
5.474,2.50962089407986
5.4745,2.50830599637637
5.475,2.50436130327375
5.4755,2.49943043691193
5.476,2.49384212172392
5.4765,2.48661018445636
5.477,2.47839207397213
5.4775,2.46918779028882
5.478,2.45768243577169
5.4785,2.44650580576103
5.479,2.43302810498475
5.4795,2.41955040433704
5.48,2.4037716330083
5.4805,2.38733541305663
5.481,2.3695842957147
5.4815,2.35051828102606
5.482,2.33079481780571
5.4825,2.30975645731288
5.483,2.28707447521851
5.4835,2.26472121781198
5.484,2.23940944140497
5.4845,2.21475511409615
5.485,2.18779971663412
5.4855,2.1605155952213
5.486,2.13191657681816
5.4865,2.10134521278518
5.487,2.07208874656543
5.4875,2.03987376176312
5.488,2.0066726044541
5.4885,1.97314272330433
5.489,1.93862666966777
5.4895,1.90345316787326
5.49,1.86696476930102
5.4905,1.82949019827715
5.491,1.79135817910679
5.4915,1.75223998748069
5.492,1.71279307198241
5.4925,1.6713738111284
5.493,1.63028327494747
5.4935,1.58754911767396
5.494,1.54415751214674
5.4945,1.50109463117146
5.495,1.45638812901257
5.4955,1.41102417847205
5.496,1.36467405521914
5.4965,1.31832393203029
5.497,1.27065891172999
5.4975,1.22299389136189
5.498,1.17467142229731
5.4985,1.12602022873915
5.499,1.07539668918952
5.4995,1.02575932210621
5.5,0.975135781696301
5.5005,0.924183516435335
5.501,0.872902526227636
5.5015,0.820306638063349
5.502,0.768696921954004
5.5025,0.715772307654513
5.503,0.662518967962565
5.5035,0.609923075751905
5.504,0.555683560607398
5.5045,0.502101492734938
5.505,0.447861974663187
5.5055,0.393622454967617
5.506,0.339054209169262
5.5065,0.283828512743219
5.507,0.229260263119294
5.5075,0.174363287024598
5.508,0.119466308743451
5.5085,0.0642406037291895
5.509,0.00901489628908818
5.5095,-0.0452246402685326
5.51,-0.0997929038578525
5.5105,-0.155676068141804
5.511,-0.209915612737977
5.5115,-0.265141333802922
5.512,-0.319709608815973
5.5125,-0.374277886922937
5.513,-0.428517443630977
5.5135,-0.482428278983004
5.514,-0.536667842291374
5.5145,-0.590578684403798
5.515,-0.644160805356237
5.5155,-0.697085480480128
5.516,-0.750010159185114
5.5165,-0.802277392071776
5.517,-0.854215903863547
5.5175,-0.905496969786159
5.518,-0.957106764236164
5.5185,-1.00773038800474
5.519,-1.05736784095565
5.5195,-1.10733402251103
5.52,-1.1569714829916
5.5205,-1.20529404757284
5.521,-1.25295916595796
5.5215,-1.30095301304215
5.522,-1.3473032388586
5.5225,-1.39299601821929
5.523,-1.43868880117124
5.5235,-1.48339541248556
5.524,-1.52810202735245
5.5245,-1.57083629493659
5.525,-1.61357056586807
5.5255,-1.65531866459634
5.526,-1.69575186571116
5.5265,-1.73618506995214
5.527,-1.77530337625699
5.5275,-1.8134355096631
5.528,-1.85123892063292
5.5285,-1.8873987077274
5.529,-1.92355849748115
5.5295,-1.95807466293618
5.53,-1.99226210544702
5.5305,-2.02513464863757
5.531,-2.05636356679139
5.5315,-2.08759248703323
5.532,-2.11783523285478
5.5325,-2.14676307854961
5.533,-2.17437602388331
5.5335,-2.20067406862888
5.534,-2.22664338933029
5.5345,-2.25162653472755
5.535,-2.27529477903936
5.5355,-2.29731939642101
5.536,-2.3186865636009
5.5365,-2.33873882914323
5.537,-2.35747619287013
5.5375,-2.37555610601433
5.538,-2.39232111706885
5.5385,-2.40809995160691
5.539,-2.42289260952089
5.5395,-2.43538418771932
5.54,-2.4472183147764
5.5405,-2.45905244216805
5.541,-2.46825676370466
5.5415,-2.47647490810574
5.542,-2.48403560109835
5.5425,-2.48995266527569
5.543,-2.49521227794879
5.5435,-2.49849953590346
5.544,-2.50145806808504
5.5445,-2.5017867938843
5.545,-2.50244424548361
5.5455,-2.50145806808504
5.546,-2.49849953590346
5.5465,-2.49521227794879
5.547,-2.4902813910658
5.5475,-2.48403560109835
5.548,-2.47746108544479
5.5485,-2.46858548947758
5.549,-2.45905244216805
5.5495,-2.44820449204624
5.55,-2.43637036496133
5.5505,-2.42355006099577
5.551,-2.40875740305876
5.5515,-2.39330729421028
5.552,-2.37588483171494
5.5525,-2.35813364424381
5.553,-2.33906755481562
5.5535,-2.31934401491542
5.554,-2.29797684770321
5.5545,-2.27562350466377
5.555,-2.25228398594127
5.5555,-2.22795829168453
5.556,-2.20198897090659
5.5565,-2.1756909260841
5.557,-2.14807798067024
5.5575,-2.11915013489212
5.558,-2.08890738898425
5.5585,-2.05767846865406
5.559,-2.02612082496859
5.5595,-1.99357700713092
5.56,-1.96004701532245
5.5605,-1.92487339897723
5.561,-1.88904233447647
5.5615,-1.85321127258819
5.562,-1.81540786146929
5.5625,-1.77727572791461
5.563,-1.73815742145923
5.5635,-1.69772421706468
5.564,-1.65761974099939
5.5645,-1.61554291691577
5.565,-1.57280864582859
5.5655,-1.53007437809105
5.566,-1.48569648816356
5.5665,-1.44131860173946
5.567,-1.39562581857898
5.5675,-1.34960431399327
5.568,-1.30292536300372
5.5685,-1.25526024073185
5.569,-1.20759512216939
5.5695,-1.15894383249408
5.57,-1.10996382164599
5.5705,-1.06065508962569
5.571,-1.01003146190163
5.5715,-0.95940783796295
5.572,-0.90878421772733
5.5725,-0.856845702027093
5.573,-0.804578465301525
5.5735,-0.752639956979809
5.574,-0.700044002796837
5.5745,-0.646133153434362
5.575,-0.592879757010595
5.5755,-0.53962636402502
5.576,-0.485715525147436
5.5765,-0.431804689595822
5.577,-0.377565132693097
5.5775,-0.322339405279463
5.578,-0.267771130119672
5.5785,-0.212874133433415
5.579,-0.157977139674149
5.5795,-0.10275142424855
5.58,-0.0478544360442723
5.5805,0.00638510063437431
5.581,0.0616108081926577
5.5815,0.116507788891712
5.582,0.171404767293673
5.5825,0.226301743503525
5.583,0.281856166405918
5.5835,0.335109516631479
5.584,0.3906639356628
5.5845,0.445232179807129
5.585,0.499142973607565
5.5855,0.552725041559521
5.586,0.606635832448445
5.5865,0.659889173380114
5.587,0.71347123744399
5.5875,0.76639585178804
5.588,0.817676843632984
5.5885,0.870601456137453
5.589,0.921553722082413
5.5895,0.972834711665055
5.59,1.02280080352469
5.5905,1.07276689491715
5.591,1.12339043448521
5.5915,1.17204162805707
5.592,1.22069282141018
5.5925,1.26835784178329
5.593,1.31569413780743
5.5935,1.36237298527261
5.594,1.40839438424212
5.5945,1.45375833477396
5.595,1.49780738835843
5.5955,1.54152771788158
5.596,1.58524804767624
5.5965,1.62732475635589
5.597,1.66874401680194
5.5975,1.71016327763016
5.598,1.75026764169591
5.5985,1.78938583329983
5.599,1.82751785244671
5.5995,1.86466369913666
5.6,1.90115209767873
5.6005,1.93698304807794
5.601,1.97215655033653
5.6015,2.00535770714501
5.602,2.03790141577049
5.6025,2.06945895186935
5.603,2.09970159107631
5.6035,2.12994423073713
5.604,2.15821452475909
5.6045,2.18615609485076
5.605,2.21278276792651
5.6055,2.23809454393961
5.606,2.26307759595579
5.6065,2.2860883020912
5.607,2.30811283541118
5.6075,2.32915119588204
5.608,2.34953210785903
5.6085,2.36859812253523
5.609,2.38602051546845
5.6095,2.40245673540535
5.61,2.41823550671969
5.6105,2.4323706561697
5.611,2.4455196325291
5.6115,2.45702498694504
5.612,2.46787289262484
5.6125,2.47806334955379
5.613,2.48529528677553
5.6135,2.49285594845787
5.614,2.49877298806507
5.6145,2.50370385442445
5.615,2.50699109867419
5.6155,2.50929216965387
5.616,2.51060706735833
5.6165,2.50994961850594
5.617,2.50896344522795
5.6175,2.50600492539841
5.618,2.50238895672683
5.6185,2.49712936594933
5.619,2.49088360192794
5.6195,2.48365166467629
5.62,2.47510482979238
5.6205,2.46557182171592
5.621,2.45505264046696
5.6215,2.44190366401799
5.622,2.42908341209901
5.6225,2.41429081387491
5.623,2.39851204260365
5.6235,2.38207582271096
5.624,2.36366725664763
5.6245,2.34427251764559
5.625,2.32454905450497
5.6255,2.30285324533717
5.626,2.28049998771441
5.6265,2.25650310854721
5.627,2.23250622972307
5.6275,2.20653700507057
5.628,2.17925288337686
5.6285,2.15229748644063
5.629,2.12271229512384
5.6295,2.09279837991364
5.63,2.06255574080782
5.6305,2.03034075614847
5.631,1.99681087465422
5.6315,1.96328099364446
5.632,1.92810749151116
5.6325,1.89227654123241
5.633,1.85611686711367
5.6335,1.81864229622526
5.634,1.77952410428236
5.6345,1.74040591278793
5.635,1.70030154882447
5.6355,1.65855356380134
5.636,1.61779175201687
5.6365,1.5750575948399
5.637,1.53199471367853
5.6375,1.48728821136491
5.638,1.44291043354589
5.6385,1.39754648304777
5.639,1.35086763554203
5.6395,1.30451751236005
5.64,1.25685249204718
5.6405,1.20853002308842
5.641,1.15987882968747
5.6415,1.1108989117672
5.642,1.06126154496273
5.6425,1.01096672918205
5.643,0.960671912909038
5.6435,0.909062198882094
5.644,0.857452484164497
5.6445,0.805842768669016
5.645,0.752918155064233
5.6455,0.699993540455622
5.646,0.647068924749113
5.6465,0.593486859185621
5.647,0.539576067961768
5.6475,0.485665275302867
5.648,0.43175448110949
5.6485,0.377186236542116
5.649,0.322617990197638
5.6495,0.268378466365676
5.65,0.213152767359872
5.6505,0.157927066216423
5.651,0.103358811691924
5.6515,0.0478043815351615
5.652,-0.00610642880430083
5.6525,-0.0610034150130919
5.653,-0.116229128350699
5.6535,-0.171126119954324
5.654,-0.226680563458123
5.6545,-0.280920111808023
5.655,-0.336145836831134
5.6555,-0.390385391307998
5.656,-0.444624948973552
5.6565,-0.498864509929051
5.657,-0.553104074275751
5.6575,-0.605700018794766
5.658,-0.660268314803085
5.6585,-0.712864266298955
5.659,-0.765131496628883
5.6595,-0.818056180076357
5.66,-0.869665968211254
5.6605,-0.921275760043208
5.661,-0.971899381184918
5.6615,-1.02285173089914
5.662,-1.07314663472078
5.6625,-1.12245536768274
5.663,-1.17176410440944
5.6635,-1.21942922022869
5.664,-1.26742306468047
5.6645,-1.31475946290918
5.665,-1.36143841482759
5.6655,-1.40680247024064
5.666,-1.4521665292115
5.6665,-1.49687314159084
5.667,-1.54026485701927
5.6675,-1.58267040039576
5.668,-1.62639084780765
5.6685,-1.66748149712576
5.669,-1.70857214964223
5.6695,-1.74736172859213
5.67,-1.78680876103418
5.6705,-1.82461217000047
5.671,-1.86175813115153
5.6715,-1.89857536972958
5.672,-1.93374898416892
5.6725,-1.96793642494847
5.673,-2.00212386816485
5.6735,-2.03466768659059
5.674,-2.06589660537975
5.6745,-2.0967968007689
5.675,-2.12572464513544
5.6755,-2.15498121686598
5.676,-2.18226543714554
5.6765,-2.20889220792797
5.677,-2.23420407792035
5.6775,-2.25852977252039
5.678,-2.2815405659454
5.6785,-2.30323645799648
5.679,-2.32460362546748
5.6795,-2.34465589128458
5.68,-2.36339325526958
5.6805,-2.38114444295917
5.681,-2.39725200279891
5.6815,-2.4117159346047
5.682,-2.42683731838559
5.6825,-2.43965762245141
5.683,-2.45116302386972
5.6835,-2.46201097406837
5.684,-2.47121529567034
5.6845,-2.47910471434842
5.685,-2.48600795581474
5.6855,-2.49192502002027
5.686,-2.49619845533244
5.6865,-2.49948571329496
5.687,-2.50145806808504
5.6875,-2.50277297128365
5.688,-2.50277297128365
5.6885,-2.50047189068882
5.689,-2.49751335851431
5.6895,-2.49389737477424
5.69,-2.48830903632906
5.6905,-2.4827206979593
5.691,-2.47450255343467
5.6915,-2.46628440907255
5.692,-2.45642263605205
5.6925,-2.44491723448913
5.693,-2.43308310749699
5.6935,-2.41894790069313
5.694,-2.40448396864004
5.6945,-2.38837640852602
5.695,-2.37161139762675
5.6955,-2.3535314846492
5.696,-2.33413666975613
5.6965,-2.3137556787738
5.697,-2.29205978619914
5.6975,-2.269377717842
5.698,-2.24603819945051
5.6985,-2.21974015203426
5.699,-2.19409955729818
5.6995,-2.16780151293682
5.7,-2.13985984247861
5.7005,-2.11126072272456
5.701,-2.08036052636938
5.7015,-2.0497890575335
5.702,-2.01790268893977
5.7025,-1.98437269541986
5.703,-1.95051397886369
5.7035,-1.91501163784322
5.704,-1.87885184872074
5.7045,-1.84236333693096
5.705,-1.80488865192557
5.7055,-1.76609906862235
5.706,-1.72632331252968
5.7065,-1.68621883427393
5.707,-1.64479945830951
5.7075,-1.60272263523496
5.708,-1.56064581544137
5.7085,-1.51692537329957
5.709,-1.47320493459601
5.7095,-1.42784087395506
5.71,-1.38214809186119
5.7105,-1.3364553133442
5.711,-1.28846146343544
5.7115,-1.24145379221794
5.712,-1.193131224846
5.7125,-1.14480866119445
5.713,-1.09582865142055
5.7135,-1.04553374587817
5.714,-0.995896293801107
5.7145,-0.944615221281063
5.715,-0.893005427748548
5.7155,-0.842381812245373
5.716,-0.790114576546965
5.7165,-0.737189895065706
5.717,-0.684593941932757
5.7175,-0.631011818292262
5.718,-0.577758422854514
5.7185,-0.524176306196001
5.719,-0.470265468281755
5.7195,-0.415697184482282
5.72,-0.361457628529963
5.7205,-0.30721807571233
5.721,-0.25166362778835
5.7215,-0.196766631971793
5.722,-0.142527088051712
5.7225,-0.086972648922262
5.723,-0.032075661479321
5.7235,0.0221638744767414
5.724,0.0770608568912224
5.7245,0.132615285782001
5.725,0.186526090296308
5.7255,0.24175179031942
5.726,0.297634937033136
5.7265,0.351874459850525
5.727,0.406113980864904
5.7275,0.461010948886447
5.728,0.514921742234752
5.7285,0.568503809766169
5.729,0.622085875932686
5.7295,0.675667940831923
5.73,0.728592555933476
5.7305,0.781188445680106
5.731,0.833455610182668
5.7315,0.884407876656291
5.732,0.93634631529532
5.7325,0.987627304703181
5.733,1.03759339641626
5.7335,1.0875594876856
5.734,1.13719685430911
5.7345,1.18650549637079
5.735,1.23449924111581
5.7355,1.28249298573924
5.736,1.32950055747762
5.7365,1.37552195639792
5.737,1.42220080395394
5.7375,1.46723603025339
5.738,1.51095635961819
5.7385,1.55467668921743
5.739,1.597739570532
5.7395,1.63981627930999
5.74,1.68156426415821
5.7405,1.72166862793412
5.741,1.76144426782394
5.7415,1.80056245955484
5.742,1.83869447883596
5.7425,1.87584032566659
5.743,1.91167127572698
5.7435,1.94717350195208
5.744,1.98168955570892
5.7445,2.01489071265313
5.745,2.04710569708475
5.7455,2.07866323332013
5.746,2.10923459700654
5.7465,2.13881978811759
5.747,2.16741880662497
5.7475,2.19437420378251
5.748,2.22034342825548
5.7485,2.24565520437927
5.749,2.2696520833903
5.7495,2.29299151399492
5.75,2.31501604740973
5.7505,2.33572568358716
5.751,2.35544914687079
5.7515,2.37352898843905
5.752,2.39160883022631
5.7525,2.40738760142256
5.753,2.42283764838568
5.7535,2.4369727978815
5.754,2.44913560104957
5.7545,2.46064095549548
5.755,2.47148886120383
5.7555,2.48003569606498
5.756,2.48891125540091
5.7565,2.4948282949907
5.757,2.50074533460663
5.7575,2.50501875212337
5.758,2.50797727195071
5.7585,2.51027834293209
5.759,2.51060706735833
5.7595,2.51060706735833
5.76,2.50863472080212
5.7605,2.50501875212337
5.761,2.50140278345447
5.7615,2.4958144682582
5.762,2.48989742866406
5.7625,2.48167931815983
5.763,2.47313248328834
5.7635,2.46294202639615
5.764,2.45176539634308
5.7645,2.43927386874304
5.765,2.42546744363006
5.7655,2.4100173966386
5.766,2.39390990101514
5.7665,2.37714495677886
5.767,2.35873639077617
5.7675,2.33901292745018
5.768,2.31830329122915
5.7685,2.29693620652456
5.769,2.27392550023672
5.7695,2.24992862116438
5.77,2.2249455693413
5.7705,2.19897634480068
5.771,2.17169222322105
5.7715,2.14342192899766
5.772,2.11449418650479
5.7725,2.08425154707802
5.773,2.05236528642477
5.7735,2.02080775057491
5.774,1.98727786922084
5.7745,1.95309053970445
5.775,1.91857448634377
5.7755,1.88208608757018
5.776,1.84526896496652
5.7765,1.80746566990788
5.777,1.76867620239605
5.7775,1.72857183813273
5.778,1.68846747428876
5.7785,1.64737693795553
5.779,1.60497150482952
5.7795,1.56256607203132
5.78,1.51950319094832
5.7805,1.47446796442009
5.781,1.4297614623728
5.7815,1.38406878763269
5.782,1.33804738870262
5.7825,1.29071109268821
5.783,1.243046072357
5.7835,1.19472360335934
5.784,1.14574368561762
5.7845,1.09709249189709
5.785,1.04712640070342
5.7855,0.995845411926649
5.786,0.94555059548983
5.7865,0.894269605566134
5.787,0.842331166333087
5.7875,0.790721450593167
5.788,0.738125561024085
5.7885,0.685529670437638
5.789,0.631290157107108
5.7895,0.57836553983506
5.79,0.524783472562182
5.7905,0.470215230786721
5.791,0.416304436135256
5.7915,0.36173619107519
5.792,0.30683921982443
5.7925,0.251942246640562
5.793,0.196716547009725
5.7935,0.142148294053566
5.794,0.0869225900046683
5.7945,0.0326830569244571
5.795,-0.0215564785546432
5.7955,-0.077439638936995
5.796,-0.131679179598054
5.7965,-0.187233621020292
5.797,-0.242130616326385
5.7975,-0.296370165516055
5.798,-0.351595891423838
5.7985,-0.406492895974273
5.799,-0.460403729998604
5.7995,-0.51398584267438
5.8,-0.56855413263343
5.8005,-0.62213625214503
5.801,-0.674732201114411
5.8015,-0.72798560300966
5.802,-0.779924109638023
5.8025,-0.832191344616915
5.803,-0.884129858539125
5.8035,-0.936068376230399
5.804,-0.986691998451594
5.8045,-1.036986899564
5.805,-1.08662435469418
5.8055,-1.13560436377194
5.806,-1.18425565165361
5.8065,-1.23323566824959
5.807,-1.28090078879892
5.8075,-1.3272510130632
5.808,-1.3745874160339
5.8085,-1.4199514724721
5.809,-1.46498680739971
5.8095,-1.50903597057405
5.81,-1.55308513722881
5.8105,-1.59581940676384
5.811,-1.63822495448592
5.8115,-1.67931560472065
5.812,-1.71909135720597
5.8125,-1.75853838747508
5.813,-1.7976566954915
5.8135,-1.83546010527199
5.814,-1.87227734189338
5.8145,-1.90843713053142
5.815,-1.94426819645845
5.8155,-1.97779818716354
5.816,-2.01132818021965
5.8165,-2.04387199928038
5.817,-2.0744434677283
5.8175,-2.10501493818798
5.818,-2.13460023411376
5.8185,-2.16221317870748
5.819,-2.18982612498489
5.8195,-2.21546671947605
5.82,-2.24044986424409
5.8205,-2.26510428480459
5.821,-2.28745762730698
5.8215,-2.30915351965239
5.822,-2.33019196174911
5.8225,-2.34958677646451
5.823,-2.36832414066493
5.8235,-2.38508915143494
5.824,-2.40185416286535
5.8245,-2.41631809482846
5.825,-2.43045330154404
5.8255,-2.44294487996725
5.826,-2.45379282995261
5.8265,-2.4646407802196
5.827,-2.47318765032582
5.8275,-2.48107706904135
5.828,-2.48765158475223
5.8285,-2.49291119739608
5.829,-2.49718463271845
5.8295,-2.49981443909265
5.83,-2.50211551968382
5.8305,-2.5017867938843
5.831,-2.5017867938843
5.8315,-2.50014316489061
5.832,-2.49652718112752
5.8325,-2.49291119739608
5.833,-2.48699413317645
5.8335,-2.48009089169371
5.834,-2.47285892454925
5.8345,-2.46332587714191
5.835,-2.45280665266959
5.8355,-2.44195870270979
5.836,-2.42848094709012
5.8365,-2.41500319190226
5.837,-2.39955308282589
5.8375,-2.38344552289893
5.838,-2.3660230608067
5.8385,-2.34761442238575
5.839,-2.32821960775911
5.8395,-2.30750989140656
5.84,-2.28515654787908
5.8405,-2.26247447987913
5.841,-2.23814878506195
5.8415,-2.21316564042321
5.842,-2.18653886938695
5.8425,-2.15958337438813
5.843,-2.1313129789165
5.8435,-2.10205640870023
5.844,-2.07181366391202
5.8445,-2.04025601927358
5.845,-2.00738347503142
5.8455,-1.97385348225314
5.846,-1.93999476643825
5.8465,-1.90514987690871
5.847,-1.86800391250253
5.8475,-1.83118667619757
5.848,-1.7937119920256
5.8485,-1.75426495904992
5.849,-1.71547537958192
5.8495,-1.67438472652381
5.85,-1.63263662629963
5.8505,-1.59055980417833
5.851,-1.54782553505542
5.8515,-1.50443381903575
5.852,-1.4600559311392
5.8525,-1.41469187154356
5.853,-1.36899909048521
5.8535,-1.32232013797119
5.854,-1.27596991408677
5.8545,-1.22797606896724
5.855,-1.17866732785593
5.8555,-1.13100221511018
5.856,-1.0813647566229
5.8565,-1.03139857703301
5.857,-0.980774951506642
5.8575,-0.92982260491331
5.858,-0.878212812460685
5.8585,-0.825945574205024
5.859,-0.774993238602715
5.8595,-0.721739833462862
5.86,-0.668486431993094
5.8605,-0.616219208100774
5.861,-0.561979639680483
5.8615,-0.507740074769218
5.862,-0.453829237870836
5.8625,-0.399918404239617
5.863,-0.34535012464328
5.8635,-0.290453123641666
5.864,-0.23654229930433
5.8645,-0.180659130759509
5.865,-0.125762138669
5.8655,-0.0711938738178912
5.866,-0.015310713737656
5.8665,0.0386000970115988
5.867,0.0938258031388511
5.8675,0.149380231317779
5.868,0.203948483987298
5.8685,0.258516734552374
5.869,0.313084983116116
5.8695,0.368639402897317
5.87,0.422221474652031
5.8705,0.476789717830422
5.871,0.53102923507754
5.8715,0.584940026522269
5.872,0.638193367963682
5.8725,0.690789259544695
5.873,0.744042598649686
5.8735,0.796638488110093
5.874,0.848905652355089
5.8745,0.900515367195481
5.875,0.951796357038966
5.8755,1.00209117340724
5.876,1.05304343783929
5.8765,1.10235208042209
5.877,1.15198944695339
5.8775,1.20096936466709
5.878,1.24863438508973
5.8785,1.29629940541282
5.879,1.34363570142715
5.8795,1.38932837608636
5.88,1.43502105084048
5.8805,1.48038500146943
5.881,1.52443405518147
5.8815,1.56716821201054
5.882,1.61055981770229
5.8825,1.652307802296
5.883,1.69339833867457
5.8835,1.7338314268638
5.884,1.77327834258608
5.8845,1.81206781015146
5.885,1.84987110526651
5.8855,1.88603077930595
5.886,1.92251917813294
5.8865,1.9573639558677
5.887,1.99155128544479
5.8875,2.02442371820145
5.888,2.0559812541035
5.8885,2.08786751481181
5.889,2.11811015429294
5.8895,2.14670917249022
5.89,2.17530819111777
5.8905,2.2019348640329
5.891,2.22823281298149
5.8915,2.25255841611444
5.892,2.27655529522464
5.8925,2.29956600154969
5.893,2.32093308628962
5.8935,2.34197144693289
5.894,2.36038001273154
5.8945,2.3787885787544
5.895,2.39621097180758
5.8955,2.41198974305378
5.896,2.42678234125407
5.8965,2.44026004197057
5.897,2.4530802939917
5.8975,2.46392819964047
5.898,2.47378993212271
5.8985,2.48233676699833
5.899,2.49055487750657
5.8995,2.49680064152643
5.9,2.50206023230263
5.9005,2.50567620097332
5.901,2.50896344522795
5.9015,2.51027834293209
5.902,2.51060706735833
5.9025,2.50994961850594
5.903,2.50764854752512
5.9035,2.50403257884906
5.904,2.50008788575912
5.9045,2.49449957056836
5.905,2.48759635771783
5.9055,2.4793782472276
5.906,2.47083141237057
5.9065,2.45965478225351
5.907,2.44814942781579
5.9075,2.43467172702372
5.908,2.42086530195559
5.9085,2.40574397941496
5.909,2.38930775944109
5.9095,2.37221409086311
5.91,2.35347680053098
5.9105,2.3334246128872
5.911,2.31304370112136
5.9115,2.28970427022758
5.912,2.26735101278526
5.9125,2.2426966850728
5.913,2.21804235771712
5.9135,2.19174440892028
5.914,2.16413156309622
5.9145,2.13586126898623
5.915,2.10627607791988
5.9155,2.07537598994018
5.916,2.04348972942093
5.9165,2.0112747450419
5.917,1.97774486382608
5.9175,1.94322881012495
5.918,1.90772658395404
5.9185,1.87189563394514
5.919,1.83442106285877
5.9195,1.79628904362933
5.92,1.75717085194735
5.9205,1.71739521210303
5.921,1.6769621240773
5.9215,1.63521413927063
5.922,1.59313743052935
5.9225,1.55040327353049
5.923,1.50635421967494
5.9235,1.46230516605168
5.924,1.41661249121201
5.9245,1.37091981650341
5.925,1.32424096903175
5.9255,1.2769046730131
5.926,1.22891092837912
5.9265,1.18091718361539
5.927,1.13226599008888
5.9275,1.08229989914947
5.928,1.03233380783715
5.9285,0.98236771607276
5.929,0.930758002310111
5.9295,0.87914828789348
5.93,0.827538572735635
5.9305,0.775271408132334
5.931,0.722675518273978
5.9315,0.669750903049515
5.932,0.616497562344289
5.9325,0.56258677170268
5.933,0.509004704014554
5.9335,0.454436461786656
5.934,0.400525666658928
5.9345,0.346614869839705
5.935,0.291389173679271
5.9355,0.236163475532607
5.936,0.181923948530373
5.9365,0.12669824613083
5.937,0.0718012658661174
5.9375,0.0159181098554171
5.938,-0.0379927019160542
5.9385,-0.0935471386144365
5.939,-0.148444129072342
5.9395,-0.202683673295928
5.94,-0.258238118504471
5.9405,-0.313135117688661
5.941,-0.367374670843339
5.9415,-0.421942951737185
5.942,-0.475525062077847
5.9425,-0.529764624952892
5.943,-0.584004191276824
5.9435,-0.637257587120904
5.944,-0.690510986483038
5.9445,-0.742778215296456
5.945,-0.79570289716886
5.9455,-0.848298858030399
5.946,-0.898922473949528
5.9465,-0.950532267916007
5.947,-1.00148461603825
5.9475,-1.05145079339059
5.948,-1.10141697449626
5.9485,-1.15072570960736
5.949,-1.19904827371063
5.9495,-1.24704211657904
5.95,-1.2943785132169
5.9505,-1.3413861885534
5.951,-1.38707896745347
5.9515,-1.43310047500392
5.952,-1.47780708587815
5.9525,-1.52185625005985
5.953,-1.56557669259275
5.9535,-1.60798223793888
5.954,-1.65005906142688
5.9545,-1.69049226213813
5.955,-1.73059674072298
5.9555,-1.77037249714636
5.956,-1.8081759048844
5.9565,-1.84663676610105
5.957,-1.88279655285922
5.9575,-1.91829889153236
5.958,-1.9541299581879
5.9585,-1.98798867499944
5.959,-2.02118994333412
5.9595,-2.05241886122556
5.96,-2.08331905571822
5.9605,-2.11356180125943
5.961,-2.14248964668379
5.9615,-2.1710887683981
5.962,-2.19738681295148
5.9625,-2.22335613346168
5.963,-2.24833927867367
5.9635,-2.27167879718705
5.964,-2.29370341438666
5.9645,-2.3160567583528
5.965,-2.33643774944354
5.9655,-2.35583256444033
5.966,-2.37358375181598
5.9665,-2.39002003708108
5.967,-2.40579887153351
5.9675,-2.4209202551024
5.968,-2.43406928473359
5.9685,-2.44590341175355
5.969,-2.4570800875795
5.9695,-2.46727058638744
5.97,-2.47548873076903
5.9705,-2.48370687531319
5.971,-2.48896648790693
5.9715,-2.49422610056749
5.972,-2.49751335851431
5.9725,-2.50112934228604
5.973,-2.50244424548361
5.9735,-2.50277297128365
5.974,-2.50145806808504
5.9745,-2.49948571329496
5.975,-2.49488355215476
5.9755,-2.4909388426468
5.976,-2.48502177845537
5.9765,-2.47811853700546
5.977,-2.47022911834611
5.9775,-2.46069607099897
5.978,-2.44984812083448
5.9785,-2.43768526795427
5.979,-2.42486496394862
5.9795,-2.41072975742042
5.98,-2.39527964850002
5.9805,-2.37851463732894
5.981,-2.36109217543786
5.9815,-2.34235481155328
5.982,-2.32197382018346
5.9825,-2.30060665284191
5.983,-2.2785820352946
5.9835,-2.25557124202452
5.984,-2.23124554758717
5.9845,-2.20560495219022
5.985,-2.17897818160283
5.9855,-2.15169396152159
5.986,-2.12276611551427
5.9865,-2.09350954584226
5.987,-2.06260935067209
5.9875,-2.0307229812073
5.988,-1.99817916305317
5.9885,-1.96432044552046
5.989,-1.92980427961924
5.9895,-1.89430194011045
5.99,-1.85715597652221
5.9905,-1.82033874101859
5.991,-1.78187788181208
5.9915,-1.7437457507703
5.992,-1.7033125459401
5.9925,-1.66222189383548
5.993,-1.62145997010232
5.9935,-1.57839697339471
5.994,-1.53599143034906
5.9945,-1.49095608974866
5.995,-1.44624947783752
5.9955,-1.40187159448099
5.996,-1.35552136438073
5.9965,-1.30884241292728
5.997,-1.26150601516171
5.9975,-1.2138408961171
5.998,-1.16551833087986
5.9985,-1.11653831953002
5.999,-1.06722958701473
5.9995,-1.01693468363926
6,-0.965982334367381
6.0005,-0.915358713655496
6.001,-0.863420197477735
6.0015,-0.811481685033586
6.002,-0.759214451506321
6.0025,-0.706618496874115
6.003,-0.653693821112128
6.0035,-0.599782974869533
6.004,-0.546529581443673
6.0045,-0.492290017513421
6.005,-0.438379181561524
6.0055,-0.384468348848296
6.006,-0.329571345591206
6.0065,-0.274345620942014
6.007,-0.219777348422523
6.0075,-0.164551629793909
6.008,-0.110312087505104
6.0085,-0.0550863744584909
6.009,-0.000189388527612314
6.0095,0.0547075948830057
6.01,0.109275851448229
6.0105,0.164172830146797
6.011,0.219727255446756
6.0115,0.274624229813903
6.012,0.328863753426797
6.0125,0.384089448300302
6.013,0.437671519574595
6.0135,0.492568486641547
6.014,0.546150554771226
6.0145,0.600390070158419
6.015,0.653314686911332
6.0155,0.705910578166508
6.016,0.759492641279005
6.0165,0.81175980615662
6.017,0.86336952155849
6.0175,0.914650511897691
6.018,0.965931501564334
6.0185,1.01622631778208
6.019,1.06717858208477
6.0195,1.11681594884663
6.02,1.16579586673392
6.0205,1.21444706011103
6.021,1.26244080477673
6.0215,1.30977710080595
6.022,1.3564559482679
6.0225,1.40247734722623
6.023,1.44784129773926
6.0235,1.49287652414118
6.024,1.53692557791991
6.0245,1.57998845911339
6.025,1.62239389204041
6.0255,1.66381315244397
6.026,1.70457496463734
6.0265,1.74467932864482
6.027,1.78445496878749
6.0275,1.82258698787612
6.028,1.86006155881346
6.0285,1.89622123298276
6.029,1.93205218331482
6.0295,1.9672256855036
6.03,2.00108429089565
6.0305,2.0336279994592
6.031,2.06551425983142
6.0315,2.09674307200371
6.032,2.12665698727322
6.0325,2.15558472994858
6.033,2.1828688512885
6.0335,2.20982424867621
6.034,2.23513602464624
6.0345,2.25946162787788
6.035,2.28345850708798
6.0355,2.30548304037201
6.036,2.32652140080777
6.0365,2.34723103713843
6.037,2.36629705178567
6.0375,2.38404816908839
6.038,2.40081311340334
6.0385,2.41626316029594
6.039,2.43105575854051
6.0395,2.44420473488762
6.04,2.45603881370565
6.0405,2.46688671937769
6.041,2.47674845188126
6.0415,2.48496656235552
6.042,2.49252722403601
6.0425,2.49811553921853
6.043,2.50337512999992
6.0435,2.50666237424885
6.044,2.50962089407986
6.0445,2.51027834293209
6.045,2.51093579178465
6.0455,2.50929216965387
6.046,2.50633364982359
6.0465,2.50304640557548
6.047,2.49844426364176
6.0475,2.49219849961424
6.048,2.48496656235552
6.0485,2.47641972746333
6.049,2.46688671937769
6.0495,2.45669626253183
6.05,2.44420473488762
6.0505,2.4307270341334
6.051,2.41626316029594
6.0515,2.40048438900316
6.052,2.38437689348488
6.0525,2.36662577617825
6.053,2.34723103713843
6.0535,2.32717884957592
6.054,2.30581176475167
6.0545,2.28378723146315
6.055,2.25979035224827
6.0555,2.23513602464624
6.056,2.20982424867621
6.0565,2.18319757564445
6.057,2.1559134542997
6.0575,2.12665698727322
6.058,2.0970717963449
6.0585,2.06584298416763
6.059,2.03395672379054
6.0595,2.00174173954888
6.06,1.96788313414741
6.0605,1.93238090763207
6.061,1.89720740592124
6.0615,1.86039028312202
6.062,1.82357316078961
6.0625,1.78478369308809
6.063,1.7450080529417
6.0635,1.70556113751786
6.064,1.66479932531513
6.0645,1.62305134061553
6.065,1.58097463196857
6.0655,1.53725430220278
6.066,1.49353397270333
6.0665,1.44849874629852
6.067,1.40379224434071
6.0675,1.35678467254592
6.068,1.31043454936168
6.0685,1.26309825333307
6.069,1.21477578438999
6.0695,1.16612459101418
6.07,1.11714467312869
6.0705,1.06750730636917
6.071,1.01721249064399
6.0715,0.96724639872719
6.072,0.915307960487234
6.0725,0.864026970157197
6.073,0.812745979070124
6.0735,0.75982136558934
6.074,0.706896751116997
6.0745,0.654300859882807
6.075,0.600718794489914
6.0755,0.546808003451004
6.076,0.492897210990384
6.0765,0.438986417008626
6.077,0.384089448300302
6.0775,0.329521202186334
6.078,0.274952954205198
6.0785,0.220713428657186
6.079,0.164501554563393
6.0795,0.110590749168202
6.08,0.0547075948830057
6.0805,0.000796784848985641
6.081,-0.0541002010356928
6.0815,-0.109325914033926
6.082,-0.164222905286957
6.0825,-0.219448623898179
6.083,-0.274016896399861
6.0835,-0.328913896469701
6.084,-0.383153450529058
6.0845,-0.437721732362789
6.085,-0.491632568274592
6.0855,-0.546200856803413
6.086,-0.598468076225272
6.0865,-0.652707647063153
6.087,-0.706289772168934
6.0875,-0.757899552596467
6.088,-0.811152960282982
6.0885,-0.862762747929982
6.089,-0.914372539262371
6.0895,-0.964667435081489
6.09,-1.015948509101
6.0905,-1.06624341240221
6.091,-1.11555214484317
6.0915,-1.16518960595896
6.092,-1.21285472127909
6.0925,-1.26051984024749
6.093,-1.30818496293289
6.0935,-1.35519263935765
6.094,-1.40088541933409
6.0945,-1.44559202768865
6.095,-1.49095608974866
6.0955,-1.53467652984181
6.096,-1.57806824824218
6.0965,-1.62080251974503
6.097,-1.66222189383548
6.0975,-1.70265509548106
6.098,-1.74275957500512
6.0985,-1.78220660709207
6.099,-1.81968129040922
6.0995,-1.85715597652221
6.1,-1.89364448940312
6.1005,-1.92914682886408
6.101,-1.96399172011926
6.1015,-1.99817916305317
6.102,-2.0300655303133
6.1025,-2.06195189973335
6.103,-2.09318082035088
6.1035,-2.12243739000199
6.104,-2.15136523598846
6.1045,-2.17864945604988
6.105,-2.20527622661777
6.1055,-2.23025937081382
6.106,-2.25557124202452
6.1065,-2.2785820352946
6.107,-2.29994920155574
6.1075,-2.32131636886496
6.108,-2.34202608587839
6.1085,-2.36043472405964
6.109,-2.37851463732894
6.1095,-2.39495092278442
6.11,-2.41040103169284
6.1105,-2.42453623821002
6.111,-2.43768526795427
6.1115,-2.44984812083448
6.112,-2.46036734523227
6.1125,-2.46957166679792
6.113,-2.47844726278619
6.1135,-2.48436432688376
6.114,-2.49159629422885
6.1145,-2.49554100374308
6.115,-2.49915698749753
6.1155,-2.50145806808504
6.116,-2.50211551968382
6.1165,-2.50244424548361
6.117,-2.50112934228604
6.1175,-2.49849953590346
6.118,-2.49455482636099
6.1185,-2.48929521369626
6.119,-2.48370687531319
6.1195,-2.47548873076903
6.12,-2.46694186061555
6.1205,-2.45740881334361
6.121,-2.44656086326446
6.1215,-2.43406928473359
6.122,-2.42059152936688
6.1225,-2.40612759725752
6.123,-2.39067748850489
6.1235,-2.37358375181598
6.124,-2.35616129012579
6.1245,-2.33643774944354
6.125,-2.31671420966333
6.1255,-2.29468959130215
6.126,-2.27200752280876
6.1265,-2.24866800427796
6.127,-2.22401358463346
6.1275,-2.19837298965217
6.128,-2.17174621949323
6.1285,-2.14314709773746
6.129,-2.11421925227151
6.1295,-2.0846339576571
6.13,-2.05307631215089
6.1305,-2.02184739421574
6.131,-1.98864612583503
6.1315,-1.95445868358235
6.132,-1.91928506764343
6.1325,-1.88378272889878
6.133,-1.84696549142334
6.1335,-1.80949080607393
6.134,-1.77102994769169
6.1345,-1.73158291646491
6.135,-1.69180716302643
6.1355,-1.65071651182021
6.136,-1.60896841345158
6.1365,-1.56623414288296
6.137,-1.52284242541716
6.1375,-1.47879326115778
6.138,-1.43375792513842
6.1385,-1.38839386761845
6.139,-1.34270108861611
6.1395,-1.29536468818612
6.14,-1.24769956650722
6.1405,-1.20003444852683
6.141,-1.1510544345208
6.1415,-1.10174569938456
6.142,-1.05243696798111
6.1425,-1.00247079055545
6.143,-0.95151844236006
6.1435,-0.899908648321143
6.144,-0.849285032332578
6.1445,-0.796360346656541
6.145,-0.743764389459059
6.1455,-0.691497160579086
6.146,-0.638243761150899
6.1465,-0.58499036524254
6.147,-0.531079523489242
6.1475,-0.476511235918116
6.148,-0.422600400924414
6.1485,-0.367703395417401
6.149,-0.313463842243963
6.1495,-0.259224292115613
6.15,-0.203998571372541
6.1505,-0.149430302578944
6.151,-0.0938758631000598
6.1515,-0.0386501508553259
6.152,0.0146032120363005
6.1525,0.0701576436662913
6.153,0.125383348426981
6.1535,0.180280326467414
6.154,0.235177302332712
6.1545,0.290731724903704
6.155,0.344971247957832
6.1555,0.399210769196061
6.156,0.454107737431046
6.1565,0.507689806629852
6.157,0.561600598690471
6.1575,0.615182665027356
6.158,0.669093454406139
6.1585,0.721360621014521
6.159,0.774285235206537
6.1595,0.82688112412974
6.16,0.878490839297589
6.1605,0.929771829429576
6.161,0.981052818914238
6.1615,1.03134763497801
6.162,1.08131372629849
6.1625,1.1312798172445
6.163,1.17960228649608
6.1635,1.22792475554306
6.164,1.275918500179
6.1645,1.32325479619817
6.165,1.36993364366897
6.1655,1.41529759409656
6.166,1.46131899321161
6.1665,1.50503932254876
6.167,1.54941710068005
6.1675,1.59215125767212
6.168,1.6342279664056
6.1685,1.67597595120345
6.169,1.71608031492516
6.1695,1.75651340335141
6.17,1.79530287072424
6.1705,1.83376361424743
6.171,1.87123818532543
6.1715,1.90674041101172
6.172,1.9425713614877
6.1725,1.97675869085639
6.173,2.00995984773015
6.1735,2.04283228075542
6.174,2.07471854126481
6.1745,2.10463245620697
6.175,2.13454637159598
6.1755,2.16314539003873
6.176,2.1904295114906
6.1765,2.21672746026799
6.177,2.24203923633873
6.1775,2.26669356404155
6.178,2.28937554585121
6.1785,2.31140007921627
6.179,2.33243843973112
6.1795,2.35249062736204
6.18,2.37122791768191
6.1805,2.38865031064598
6.181,2.4047578062113
6.1815,2.42020785314616
6.182,2.43434300261578
6.1825,2.44749197899365
6.183,2.45932605783968
6.1835,2.47017396353763
6.184,2.47839207397213
6.1845,2.48693890887677
6.185,2.4941708461461
6.1855,2.49910171248846
6.186,2.50469002769852
6.1865,2.50764854752512
6.187,2.50962089407986
6.1875,2.51060706735833
6.188,2.51027834293209
6.1885,2.50863472080212
6.189,2.50567620097332
6.1895,2.50173150787851
6.19,2.4964719171036
6.1905,2.48989742866406
6.191,2.48299421583715
6.1915,2.47346120770548
6.192,2.46392819964047
6.1925,2.45275156957943
6.193,2.44026004197057
6.1935,2.42678234125407
6.194,2.41231846745657
6.1945,2.39588224740844
6.195,2.37944602754513
6.1955,2.36103746151418
6.196,2.34164272254564
6.1965,2.32126181067249
6.197,2.29989472592814
6.1975,2.27688401959843
6.198,2.25255841611444
6.1985,2.22823281298149
6.199,2.20259231275184
6.1995,2.17530819111777
6.2,2.1476953455391
6.2005,2.11876760298241
6.201,2.08852496349136
6.2015,2.05729615144274
6.202,2.02540989119153
6.2025,1.99188000977003
6.203,1.95769268018826
6.2035,1.92350535108116
6.204,1.88668822792912
6.2045,1.84987110526651
6.205,1.81305398306166
6.2055,1.77393579118516
6.206,1.73481759975169
6.2065,1.69405578725979
6.207,1.65296525087511
6.2075,1.61088854198911
6.208,1.56782566057927
6.2085,1.52509150374613
6.209,1.48071372575006
6.2095,1.4360072236784
6.21,1.39031454892156
6.2105,1.34396442570508
6.211,1.29662812969073
6.2115,1.24929183364643
6.212,1.20162681322563
6.2125,1.15231817123411
6.213,1.10300952898745
6.2135,1.05370088640958
6.214,1.00307734627188
6.2145,0.952125081330774
6.215,0.900844091491475
6.2155,0.849234376655851
6.216,0.797624661028452
6.2165,0.745028771586044
6.217,0.691775432501041
6.2175,0.638850816615614
6.218,0.584940026522269
6.2185,0.531686683762232
6.219,0.477118442182
6.2195,0.422878923374887
6.22,0.368968127269081
6.2205,0.314399880648033
6.221,0.259174183341954
6.2215,0.204277208394489
6.222,0.149708955737956
6.2225,0.0938258031388511
6.223,0.03892882146005
6.2235,-0.0149819892745194
6.224,-0.0702077003811795
6.2245,-0.124775965183945
6.225,-0.180001681735694
6.2255,-0.235227401185974
6.226,-0.28979567454672
6.2265,-0.344692675510882
6.227,-0.398932230483487
6.2275,-0.453500513265725
6.228,-0.507082625518675
6.2285,-0.561322190388027
6.229,-0.614904309430112
6.2295,-0.667828982614766
6.23,-0.720753659328512
6.2305,-0.774335789133781
6.231,-0.825616849447974
6.2315,-0.877884087679981
6.232,-0.929165155304223
6.2325,-0.980117501849246
6.233,-1.03074112732654
6.2335,-1.08103603174484
6.234,-1.13034476530404
6.2345,-1.17866732785593
6.235,-1.22731861906009
6.2355,-1.2746550141703
6.236,-1.32133396295767
6.2365,-1.36834164042416
6.237,-1.41403442143086
6.2375,-1.45906975589225
6.238,-1.50377636881909
6.2385,-1.54749680992125
6.239,-1.58990235385873
6.2395,-1.63197917592861
6.24,-1.67372727610105
6.2405,-1.71416047863396
6.241,-1.75393623378792
6.2415,-1.79338326673817
6.242,-1.83020050026251
6.2425,-1.86800391250253
6.243,-1.90383497546582
6.2435,-1.93933731566926
6.244,-1.9741822076611
6.2445,-2.00705474960055
6.245,-2.0399272938198
6.2455,-2.07082748748475
6.246,-2.10139895770553
6.2465,-2.13065552787989
6.247,-2.15925464884928
6.2475,-2.18686759494566
6.248,-2.2128369148452
6.2485,-2.23782005946547
6.249,-2.26214575426455
6.2495,-2.28449909661619
6.25,-2.30685244010997
6.2505,-2.32723343076749
6.251,-2.34728569670684
6.2515,-2.3660230608067
6.252,-2.38311679719249
6.2525,-2.39955308282589
6.253,-2.4143457404407
6.2535,-2.4281522213487
6.254,-2.44130125120611
6.2545,-2.4524779269091
6.255,-2.46299715137314
6.2555,-2.47253019877295
6.256,-2.47976216591169
6.2565,-2.48699413317645
6.257,-2.49225374581194
6.2575,-2.49619845533244
6.258,-2.49981443909265
6.2585,-2.5017867938843
6.259,-2.50211551968382
6.2595,-2.5017867938843
6.26,-2.49981443909265
6.2605,-2.49718463271845
6.261,-2.49356864898126
6.2615,-2.48765158475223
6.262,-2.48107706904135
6.2625,-2.47285892454925
6.263,-2.4646407802196
6.2635,-2.45412155571414
6.264,-2.44327360572025
6.2645,-2.42979585005837
6.265,-2.41631809482846
6.2655,-2.4021828885863
6.266,-2.38508915143494
6.2665,-2.36865286635997
6.267,-2.34958677646451
6.2675,-2.33084941308111
6.268,-2.31013969660287
6.2685,-2.28811507857432
6.269,-2.26543301042137
6.2695,-2.2414360410401
6.27,-2.21645289621662
6.2705,-2.19048357610737
6.271,-2.16319935533117
6.2715,-2.13525768515605
6.272,-2.10600111468812
6.2725,-2.07477219320638
6.273,-2.0445294501937
6.2735,-2.01198563108755
6.274,-1.97878436339622
6.2745,-1.94459692184619
6.275,-1.90876585589491
6.2755,-1.8732635179119
6.276,-1.83644628121743
6.2765,-1.79864287136278
6.277,-1.75952456327057
6.2775,-1.72007753292599
6.278,-1.67997305515039
6.2785,-1.63822495448592
6.279,-1.59647685709063
6.2795,-1.55374258750402
6.28,-1.51002214590863
6.2805,-1.46597298265696
6.281,-1.42060892259155
6.2815,-1.37557359113626
6.282,-1.32856591309463
6.2825,-1.28155823876357
6.283,-1.23455056807717
6.2835,-1.18589927630942
6.284,-1.13790543811518
6.2845,-1.08761052933725
6.285,-1.0376443492766
6.2855,-0.987020723283369
6.286,-0.936397101038105
6.2865,-0.885116032890285
6.287,-0.833177518897338
6.2875,-0.781239008586234
6.288,-0.728971777153253
6.2885,-0.675718375190702
6.289,-0.622793701485939
6.2895,-0.568882857282434
6.29,-0.515300741186502
6.2905,-0.461718628430004
6.291,-0.407150345150337
6.2915,-0.352253340561035
6.292,-0.298013788265299
6.2925,-0.242788065389833
6.293,-0.188219794562965
6.2935,-0.132665353089356
6.294,-0.0784258123800064
6.2945,-0.0228713764150702
6.295,0.0316968835738281
6.2955,0.0859364166967517
6.296,0.14181956963154
6.2965,0.196387822600771
6.297,0.251284797847776
6.2975,0.306181771055432
6.298,0.36042129358199
6.2985,0.415318263047184
6.299,0.469557782081075
6.2995,0.523468575188032
6.3,0.577379366830234
6.3005,0.630632708453022
6.301,0.684543497478832
6.3015,0.737468112398225
6.302,0.790064001979455
6.3025,0.842002442031646
6.303,0.893283432676336
6.3035,0.944893146905177
6.304,0.995845411926649
6.3045,1.04614022784686
6.305,1.09577759476524
6.3055,1.14508623705572
6.306,1.19406615480045
6.3065,1.24205989952166
6.307,1.29005364413234
6.3075,1.33706121586893
6.308,1.38275389051946
6.3085,1.42943273809364
6.309,1.47446796442009
6.3095,1.51884574238414
6.31,1.56190862346313
6.3105,1.60464278054306
6.311,1.64671948937718
6.3115,1.68781002570442
6.312,1.72857183813273
6.3125,1.76769002949898
6.313,1.8064794969994
6.3135,1.84494024065965
6.314,1.88208608757018
6.3145,1.91791703771282
6.315,1.95309053970445
6.3155,1.98727786922084
6.316,2.02047902624551
6.3165,2.05236528642477
6.317,2.0839228227389
6.3175,2.11383673781674
6.318,2.14309320464872
6.3185,2.172020947575
6.319,2.19831889608308
6.3195,2.2249455693413
6.32,2.24992862116438
6.3205,2.2732680514904
6.321,2.29627875776895
6.3215,2.3179745668469
6.322,2.33901292745018
6.3225,2.35840766638531
6.323,2.37714495677886
6.3235,2.39456734981261
6.324,2.41067484544336
6.3245,2.42513871922424
6.325,2.43894514433402
6.3255,2.45143667193112
6.326,2.46261330198153
6.3265,2.47280375887128
6.327,2.48233676699833
6.3275,2.48956870424293
6.328,2.49548574383562
6.3285,2.50140278345447
6.329,2.5053474765483
6.3295,2.50863472080212
6.33,2.51060706735833
6.3305,2.51060706735833
6.331,2.50994961850594
6.3315,2.50764854752512
6.332,2.5053474765483
6.3325,2.50107405903051
6.333,2.49548574383562
6.3335,2.48891125540091
6.334,2.48069314490268
6.3345,2.4721463100374
6.335,2.46129840432385
6.3355,2.44913560104957
6.336,2.4369727978815
6.3365,2.42283764838568
6.337,2.40804505022612
6.3375,2.39160883022631
6.338,2.37418643722745
6.3385,2.35577787126101
6.339,2.33572568358716
6.3395,2.31534477179136
6.34,2.29332023837203
6.3405,2.26998080776271
6.341,2.24598392874697
6.3415,2.22067215261835
6.342,2.19536037685684
6.3425,2.16774753097816
6.343,2.1391485124658
6.3435,2.1102207700364
6.344,2.07932068199674
6.3445,2.04776314575155
6.345,2.01587688563901
6.3455,1.98201828003278
6.346,1.94848839922917
6.3465,1.91232872435638
6.347,1.87649777428737
6.3475,1.83968065175463
6.348,1.80089118385703
6.3485,1.76275916501776
6.349,1.72232607652394
6.3495,1.68189298844989
6.35,1.6404737278874
6.3505,1.5987257433902
6.351,1.55599158635242
6.3515,1.51194253246351
6.352,1.46789347881379
6.3525,1.42252952823294
6.353,1.37617940495434
6.3535,1.33048673031123
6.354,1.28315043429521
6.3545,1.23548541395152
6.355,1.18716294493008
6.3555,1.13818302715282
6.356,1.0892031091023
6.3565,1.03890829356026
6.357,0.988613477570737
6.3575,0.937332488174275
6.358,0.885722773845802
6.3585,0.834770507391654
6.359,0.781845894295787
6.3595,0.729250004561499
6.36,0.676654113794268
6.3605,0.62307204891744
6.361,0.569818707111346
6.3615,0.515907915269715
6.362,0.461668397595131
6.3625,0.407428878322504
6.363,0.352860632975664
6.3635,0.29862111019196
6.364,0.243395412311479
6.3645,0.188169712351884
6.365,0.133601459054633
6.3655,0.0787044790820972
6.366,0.0234787722876655
6.3665,-0.0307607636085684
6.367,-0.0856577509884561
6.3675,-0.141212190051538
6.368,-0.195780458421046
6.3685,-0.251006178719109
6.369,-0.306231902053121
6.3695,-0.359814005671762
6.37,-0.414711010709118
6.3705,-0.468621845226917
6.371,-0.522861407670276
6.3715,-0.57677224889739
6.372,-0.630354368944688
6.3725,-0.683607767845372
6.373,-0.736532445629474
6.3735,-0.788799677583182
6.374,-0.841066913188555
6.3745,-0.892347978173695
6.375,-0.943300322035684
6.3755,-0.995567568965057
6.376,-1.04454757129788
6.3765,-1.0948424767651
6.377,-1.14382248646428
6.3775,-1.1924737749756
6.378,-1.2411250672571
6.3785,-1.28813273844928
6.379,-1.33546913830728
6.3795,-1.38116191674773
6.38,-1.42619724863717
6.3805,-1.47221875932614
6.381,-1.51593919795276
6.3815,-1.55965964001642
6.382,-1.60239391006766
6.3825,-1.6441420079235
6.383,-1.68556138383637
6.3835,-1.7259945872855
6.384,-1.76577034335276
6.3845,-1.80423120133638
6.385,-1.84137716097383
6.3855,-1.87786567269105
6.386,-1.91435418710806
6.3865,-1.94985652808038
6.387,-1.98371524459016
6.3875,-2.01658778718843
6.388,-2.04880288115279
6.3885,-2.08003180088734
6.389,-2.11027454621315
6.3895,-2.13887366590558
6.39,-2.16714406184743
6.3905,-2.19409955729818
6.391,-2.21974015203426
6.3915,-2.24472329704265
6.392,-2.26839154098352
6.3925,-2.29140233492586
6.393,-2.31309822746776
6.3935,-2.33347921841913
6.394,-2.3535314846492
6.3945,-2.37062522053555
6.395,-2.38804768281577
6.3955,-2.40415524291731
6.396,-2.41829044922542
6.3965,-2.43275438175197
6.397,-2.44458850873484
6.3975,-2.45609391028872
6.398,-2.46595568330145
6.3985,-2.47384510187972
6.399,-2.48173452060775
6.3995,-2.48830903632906
6.4,-2.49356864898126
6.4005,-2.49817081010682
6.401,-2.50014316489061
6.4015,-2.50211551968382
6.402,-2.50244424548361
6.4025,-2.5017867938843
6.403,-2.49981443909265
6.4035,-2.49652718112752
6.404,-2.49159629422885
6.4045,-2.48600795581474
6.405,-2.47910471434842
6.4055,-2.47055784412059
6.406,-2.46168224830063
6.4065,-2.45116302386972
6.407,-2.43965762245141
6.4075,-2.42650859264545
6.408,-2.41270211179128
6.4085,-2.39725200279891
6.409,-2.3808157172545
6.4095,-2.36339325526958
6.41,-2.34432716560792
6.4105,-2.32493235112911
6.411,-2.30356518364192
6.4115,-2.2818692915745
6.412,-2.25820104690876
6.4125,-2.2338753523268
6.413,-2.20954965907843
6.4135,-2.18259416270113
6.414,-2.15563866793771
6.4145,-2.12736827271102
6.415,-2.09712552626285
6.4155,-2.06655405632407
6.416,-2.03466768659059
6.4165,-2.0024525935923
6.417,-1.9685938757565
6.4175,-1.93440643493032
6.418,-1.89890409508644
6.4185,-1.86274430714908
6.419,-1.82494089530828
6.4195,-1.78812366216816
6.42,-1.74834790436614
6.4205,-1.70890087487538
6.421,-1.66781022233315
6.4215,-1.62671957298962
6.422,-1.58398530101822
6.4225,-1.5412510324094
6.423,-1.49753059179938
6.4235,-1.45282397936795
6.424,-1.40745992034511
6.4245,-1.36176713985416
6.425,-1.31541691291078
6.4255,-1.26775178965542
6.426,-1.22008667012748
6.4265,-1.17209282933375
6.427,-1.1227840925817
6.4275,-1.0734753595949
6.428,-1.02350918059788
6.4285,-0.972556830834449
6.429,-0.922590659247227
6.4295,-0.869994692988201
6.43,-0.818384904830032
6.4305,-0.766117670820472
6.431,-0.713521715715017
6.4315,-0.660597039489056
6.432,-0.606686192786456
6.4325,-0.553761523561778
6.433,-0.499521959173351
6.4335,-0.444953673575392
6.434,-0.3920290142202
6.4345,-0.336474561394319
6.435,-0.281906285441701
6.4355,-0.227666737038445
6.436,-0.172441017991302
6.4365,-0.116886577335507
6.437,-0.0619895884418331
6.4375,-0.00643515326497797
6.438,0.0471469326428912
6.4385,0.102701362828449
6.439,0.157269617379979
6.4395,0.21249531854952
6.44,0.267721017580144
6.4405,0.321631817053944
6.441,0.376528787801761
6.4415,0.431097032389933
6.442,0.48533655095278
6.4425,0.539904792302746
6.443,0.593486859185621
6.4435,0.646082751774617
6.444,0.699336091820234
6.4445,0.752260706441907
6.445,0.805514044363817
6.4455,0.856795035564536
6.446,0.908404750291494
6.4465,0.959357015744238
6.447,1.01096672918205
6.4475,1.060932820678
6.448,1.11024146320253
6.4485,1.15955010540701
6.449,1.20853002308842
6.4495,1.25652376776893
6.45,1.30386006380429
6.4505,1.35053891126406
6.451,1.39688903449073
6.4515,1.44225298498692
6.452,1.48728821136491
6.4525,1.53166598939589
6.453,1.57472887055514
6.4535,1.61713430344241
6.454,1.65921101238134
6.4545,1.70030154882447
6.455,1.74007718849145
6.4555,1.77985282858248
6.456,1.81765612331332
6.4565,1.85513069418955
6.457,1.89260526554472
6.4575,1.9284362158279
6.458,1.96262354500189
6.4585,1.99648215032828
6.459,2.02968330748691
6.4595,2.06189829213647
6.46,2.09279837991364
6.4605,2.12304101946932
6.461,2.15164003773972
6.4615,2.17958160773217
6.462,2.20686572943085
6.4625,2.23250622972307
6.463,2.25650310854721
6.4635,2.28049998771441
6.464,2.30285324533717
6.4645,2.32422033012141
6.465,2.3446012420334
6.4655,2.36399598103964
6.466,2.38207582271096
6.4665,2.39884076700338
6.467,2.41527698708509
6.4675,2.42941213650574
6.468,2.44190366401799
6.4685,2.45472391605422
6.469,2.46590054613124
6.4695,2.47543355421
6.47,2.48430911351574
6.4705,2.49154105077093
6.471,2.49844426364176
6.4715,2.50271768115111
6.472,2.50731982309962
6.4725,2.50929216965387
6.473,2.51060706735833
6.4735,2.51093579178465
6.474,2.50962089407986
6.4745,2.50764854752512
6.475,2.50370385442445
6.4755,2.49910171248846
6.476,2.49384212172392
6.4765,2.48595273561579
6.477,2.47806334955379
6.4775,2.46820161704072
6.478,2.45768243577169
6.4785,2.44650580576103
6.479,2.43302810498475
6.4795,2.41889295552821
6.48,2.40311418420668
6.4805,2.38634923986539
6.481,2.36892684692832
6.4815,2.35018955663698
6.482,2.3298086446513
6.4825,2.30909900855199
6.483,2.28674575084267
6.4835,2.2634063203269
6.484,2.23875199267216
6.4845,2.21376894101105
6.485,2.18779971663412
6.4855,2.15985814651752
6.486,2.13125912812426
6.4865,2.1010164884433
6.487,2.07044512487999
6.4875,2.03921631309871
6.488,2.00634388012676
6.4885,1.97314272330433
6.489,1.93731177239582
6.4895,1.902138270619
6.49,1.86564987206402
6.4905,1.82883274966686
6.491,1.79037200620316
6.4915,1.7505963659933
6.492,1.71180689910012
6.4925,1.6703876382558
6.493,1.62896837779544
6.4935,1.58656294481768
6.494,1.54350006358035
6.4945,1.4997797340461
6.495,1.45507323189319
6.4955,1.41003800563578
6.496,1.36368788238489
6.4965,1.31635158636315
6.497,1.27000146317381
6.4975,1.22200771852548
6.498,1.17335652517727
6.4985,1.12437660733054
6.499,1.07441051633751
6.4995,1.02477314924589
6.5,0.974478333116063
6.5005,0.923197343553192
6.501,0.871587629033429
6.5015,0.819649189455963
6.502,0.767382024716537
6.5025,0.714457410391605
6.503,0.6612040706717
6.5035,0.608279454100783
6.504,0.554368663253309
6.5045,0.500457870998069
6.505,0.44720452594953
6.5055,0.392307557499444
6.506,0.337081862901581
6.5065,0.283171063964402
6.507,0.227945365513032
6.5075,0.172719664952647
6.508,0.118151411032389
6.5085,0.0632544304036353
6.509,0.00769999846244986
6.5095,-0.0465395381556541
6.51,-0.101436526296156
6.5105,-0.15666224165506
6.511,-0.211559235345505
6.5115,-0.266456231960428
6.512,-0.321353231604812
6.5125,-0.375592785229607
6.513,-0.430161066611901
6.5135,-0.483743177447294
6.514,-0.538311465475461
6.5145,-0.591893583035468
6.515,-0.644818254715074
6.5155,-0.698729103988028
6.516,-0.750667608632936
6.5165,-0.803592291059331
6.517,-0.854873353403539
6.5175,-0.907140593754838
6.518,-0.957435489053808
6.5185,-1.00838783768876
6.519,-1.05966891502297
6.5195,-1.10864892207718
6.52,-1.15762893282508
6.5205,-1.20660894734125
6.521,-1.25394534086
6.5215,-1.30161046302862
6.522,-1.34828941391522
6.5225,-1.3946396434427
6.523,-1.44033242652496
6.5235,-1.48471031287184
6.524,-1.52843075247506
6.5245,-1.5718224703817
6.525,-1.61455674139101
6.5255,-1.65630484019642
6.526,-1.69673804138699
6.5265,-1.73684252045367
6.527,-1.77694700263781
6.5275,-1.81409296026431
6.528,-1.85222509660958
6.5285,-1.88838488377618
6.529,-1.92421594822875
6.5295,-1.9587321137307
6.53,-1.9932482817096
6.5305,-2.02579209952469
6.531,-2.05767846865406
6.5315,-2.08890738898425
6.532,-2.11882140938243
6.5325,-2.14709180407941
6.533,-2.17503347498322
6.5335,-2.20133151976725
6.534,-2.22697211491848
6.5345,-2.25162653472755
6.535,-2.27496605341519
6.5355,-2.29797684770321
6.536,-2.3186865636009
6.5365,-2.33906755481562
6.537,-2.35780491855685
6.5375,-2.37588483171494
6.538,-2.39264984278241
6.5385,-2.40809995160691
6.539,-2.42289260952089
6.5395,-2.43604163921374
6.54,-2.44787576628937
6.5405,-2.45872371640265
6.541,-2.46825676370466
6.5415,-2.47680363388517
6.542,-2.48370687531319
6.5425,-2.48962393948584
6.543,-2.49488355215476
6.5435,-2.49849953590346
6.544,-2.50112934228604
6.5445,-2.5017867938843
6.545,-2.50211551968382
6.5455,-2.50112934228604
6.546,-2.49817081010682
6.5465,-2.49488355215476
6.547,-2.48962393948584
6.5475,-2.48370687531319
6.548,-2.47680363388517
6.5485,-2.46792803793199
6.549,-2.4583949906375
6.5495,-2.44754704053276
6.55,-2.43538418771932
6.5505,-2.42256388378383
6.551,-2.40744250015609
6.5515,-2.39232111706885
6.552,-2.37555610601433
6.5525,-2.35780491855685
6.553,-2.3384101034711
6.5535,-2.3186865636009
6.554,-2.29731939642101
6.5545,-2.27463732779127
6.555,-2.25162653472755
6.5555,-2.22664338933029
6.556,-2.20100279419794
6.5565,-2.17470474943315
6.557,-2.14643435302004
6.5575,-2.11816395836376
6.558,-2.08824993800827
6.5585,-2.05702101772226
6.559,-2.02513464863757
6.5595,-1.99291955628851
6.56,-1.95840338833333
6.5605,-1.92355849748115
6.561,-1.88805615842637
6.5615,-1.85091019530781
6.562,-1.8137642349636
6.5625,-1.77530337625699
6.563,-1.7365137952028
6.5635,-1.69640931616151
6.564,-1.65564738979616
6.5645,-1.61389929104218
6.565,-1.57149374523313
6.5655,-1.52875947759787
6.566,-1.48471031287184
6.5665,-1.43934625131216
6.567,-1.39431091839765
6.5675,-1.34796068889616
6.568,-1.30193918802213
6.5685,-1.25361661589248
6.569,-1.2059514974567
6.5695,-1.15795765774208
6.57,-1.10864892207718
6.5705,-1.05868274042171
6.571,-1.009374012216
6.5715,-0.957764213871608
6.572,-0.906483144166909
6.5725,-0.855202078173759
6.573,-0.803263566312224
6.5735,-0.750338883908954
6.574,-0.698400379286172
6.5745,-0.644818254715074
6.575,-0.591236133719371
6.5755,-0.537654016201444
6.576,-0.483743177447294
6.5765,-0.429503617419172
6.577,-0.375264060652766
6.5775,-0.321024507046819
6.578,-0.266127507420888
6.5785,-0.210573061780674
6.579,-0.156004792646122
6.5795,-0.100779077320543
6.58,-0.0458820892119064
6.5805,0.00802872291924411
6.581,0.0629257059616119
6.5815,0.118480135460278
6.582,0.173048389367194
6.5825,0.228602814316312
6.583,0.283499788353846
6.5835,0.338068036035724
6.584,0.392307557499444
6.5845,0.44720452594953
6.585,0.501444044040358
6.5855,0.554368663253309
6.586,0.608936902761378
6.5865,0.661861519317223
6.587,0.714457410391605
6.5875,0.768368197644694
6.588,0.819977913759673
6.5885,0.871916353332027
6.589,0.923197343553192
6.5895,0.974478333116063
6.59,1.02477314924589
6.5905,1.07473924062153
6.591,1.12503405589402
6.5915,1.1736852494573
6.592,1.22200771852548
6.5925,1.2703301874519
6.593,1.31733775919672
6.5935,1.36401660666297
6.594,1.41003800563578
6.5945,1.45540195617302
6.595,1.4997797340461
6.5955,1.54415751214674
6.596,1.58689166910309
6.5965,1.62896837779544
6.597,1.67071636254664
6.5975,1.71180689910012
6.598,1.75158253888565
6.5985,1.79102945480555
6.599,1.82850402536177
6.5995,1.86630732068244
6.6,1.90312444355963
6.6005,1.93796922103171
6.601,1.97314272330433
6.6015,2.0066726044541
6.602,2.03954503743089
6.6025,2.07110257355401
6.603,2.10134521278518
6.6035,2.13158785247118
6.604,2.16018687086938
6.6045,2.18779971663412
6.605,2.21442638973439
6.6055,2.23908071703853
6.606,2.26406376906931
6.6065,2.28674575084267
6.607,2.3094277329324
6.6075,2.33079481780571
6.608,2.35018955663698
6.6085,2.3695842957147
6.609,2.38700668865948
6.6095,2.4037716330083
6.61,2.41856423112392
6.6105,2.43302810498475
6.611,2.44617708135031
6.6115,2.45768243577169
6.612,2.46885906587271
6.6125,2.47839207397213
6.613,2.48661018445636
6.6135,2.49384212172392
6.614,2.49943043691193
6.6145,2.50403257884906
6.615,2.50764854752512
6.6155,2.50962089407986
6.616,2.51060706735833
6.6165,2.51060706735833
6.617,2.50929216965387
6.6175,2.50666237424885
6.618,2.50271768115111
6.6185,2.49778681479539
6.619,2.49121232634939
6.6195,2.48398038909597
6.62,2.47576227862769
6.6205,2.46524309730067
6.621,2.45472391605422
6.6215,2.44223238842771
6.622,2.42875468769236
6.6225,2.41461953827822
6.623,2.39851204260365
6.6235,2.38207582271096
6.624,2.36399598103964
6.6245,2.3446012420334
6.625,2.32454905450497
6.6255,2.30318196971628
6.626,2.28049998771441
6.6265,2.25650310854721
6.627,2.23184878099291
6.6275,2.20686572943085
6.628,2.17958160773217
6.6285,2.15196876209015
6.629,2.12238357077842
6.6295,2.09246965557315
6.63,2.06124084346533
6.6305,2.03001203181766
6.631,1.9971395989802
6.6315,1.96262354500189
6.632,1.92810749151116
6.6325,1.89227654123241
6.633,1.85513069418955
6.6335,1.81732739900941
6.634,1.77886665568222
6.6345,1.739748464195
6.635,1.69964410023827
6.6355,1.65822483951138
6.636,1.61647685486803
6.6365,1.57407142198568
6.637,1.53133726511326
6.6375,1.48695948708406
6.638,1.44192426070745
6.6385,1.39656031021222
6.639,1.35021018698609
6.6395,1.30353133952642
6.64,1.25619504349068
6.6405,1.20820129880931
6.641,1.15955010540701
6.6415,1.10991273892018
6.642,1.06060409639326
6.6425,1.00998055631895
6.643,0.958699567161691
6.6435,0.908404750291494
6.644,0.856795035564536
6.6445,0.804527871448009
6.645,0.752260706441907
6.6455,0.699336091820234
6.646,0.646082751774617
6.6465,0.592500686187725
6.647,0.538918619279652
6.6475,0.485007826602636
6.648,0.430768308030063
6.6485,0.376528787801761
6.649,0.32097436829114
6.6495,0.266734844401306
6.65,0.211837869738865
6.6505,0.156612168543217
6.651,0.102043913964641
6.6515,0.0471469326428912
6.652,-0.00709260218660472
6.6525,-0.0623183129182693
6.653,-0.117872750813457
6.6535,-0.172769742500802
6.654,-0.227995461565431
6.6545,-0.28223500998648
6.655,-0.336474561394319
6.6555,-0.391700289637526
6.656,-0.446268571983961
6.6565,-0.50017940841815
6.657,-0.553761523561778
6.6575,-0.608001091443889
6.658,-0.660268314803085
6.6585,-0.714179165131636
6.659,-0.766775120282245
6.6595,-0.818384904830032
6.66,-0.870652142542544
6.6605,-0.922590659247227
6.661,-0.97288555565945
6.6615,-1.02449535514721
6.662,-1.07413280934362
6.6625,-1.12344154238012
6.663,-1.17143537948529
6.6635,-1.22041539507713
6.664,-1.26840923960584
6.6645,-1.31541691291078
6.665,-1.36209586488091
6.6655,-1.40778864539762
6.666,-1.45282397936795
6.6665,-1.49785931690394
6.667,-1.54157975753984
6.6675,-1.58398530101822
6.668,-1.62671957298962
6.6685,-1.66781022233315
6.669,-1.70922960010873
6.6695,-1.74867662962456
6.67,-1.78746621160074
6.6705,-1.82559834592454
6.671,-1.86241558181635
6.6715,-1.89890409508644
6.672,-1.93440643493032
6.6725,-1.96892260116085
6.673,-2.00278131901998
6.6735,-2.03499641204069
6.674,-2.06688278179657
6.6745,-2.0967968007689
6.675,-2.12671082168007
6.6755,-2.15530994240172
6.676,-2.18226543714554
6.6765,-2.20922093350308
6.677,-2.23420407792035
6.6775,-2.25852977252039
6.678,-2.2818692915745
6.6785,-2.30389390928761
6.679,-2.32493235112911
6.6795,-2.34465589128458
6.68,-2.36339325526958
6.6805,-2.3808157172545
6.681,-2.39725200279891
6.6815,-2.41303083752066
6.682,-2.42650859264545
6.6825,-2.43998634820183
6.683,-2.45149174962918
6.6835,-2.46102479676593
6.684,-2.47121529567034
6.6845,-2.47877598856717
6.685,-2.48567923002802
6.6855,-2.4912675684377
6.686,-2.49554100374308
6.6865,-2.49981443909265
6.687,-2.50145806808504
6.6875,-2.50211551968382
6.688,-2.50211551968382
6.6885,-2.50014316489061
6.689,-2.49784208431043
6.6895,-2.49323992318854
6.69,-2.48830903632906
6.6905,-2.48140579482442
6.691,-2.47384510187972
6.6915,-2.46529823176001
6.692,-2.45543645876282
6.6925,-2.44393105722703
6.693,-2.43176820451846
6.6935,-2.41796172349196
6.694,-2.40349779147262
6.6945,-2.38706150568654
6.695,-2.37062522053555
6.6955,-2.35254530759963
6.696,-2.33347921841913
6.6965,-2.31276950181511
6.697,-2.2910736092896
6.6975,-2.26839154098352
6.698,-2.2443945714413
6.6985,-2.21908270086879
6.699,-2.19377083173418
6.6995,-2.16714406184743
6.7,-2.13854494038171
6.7005,-2.10928836970385
6.701,-2.07937434992396
6.7015,-2.04814543023347
6.702,-2.01625906175117
6.7025,-1.98305779376136
6.703,-1.94887035190711
6.7035,-1.91336801100697
6.704,-1.87753694734826
6.7045,-1.84071971033683
6.705,-1.80357375074804
6.7055,-1.76478416754524
6.706,-1.72533713679777
6.7065,-1.6852326586179
6.707,-1.6434845575383
6.7075,-1.60140773456699
6.708,-1.55965964001642
6.7085,-1.51561047283755
6.709,-1.47189003423657
6.7095,-1.42652597370037
6.71,-1.38083319171028
6.7105,-1.33481168828357
6.711,-1.28747528847749
6.7115,-1.24013889237564
6.712,-1.19214505004066
6.7125,-1.14349376155457
6.713,-1.09418502699563
6.7135,-1.04389012157849
6.714,-0.994252669622443
6.7145,-0.942971597224727
6.715,-0.891690528599449
6.7155,-0.840080738897497
6.716,-0.788142228102157
6.7165,-0.735546271476182
6.717,-0.682950318454468
6.7175,-0.629696919597648
6.718,-0.575786074941435
6.7185,-0.522203958408171
6.719,-0.467964396005839
6.7195,-0.413724836937023
6.72,-0.359485281100467
6.7205,-0.304917003842402
6.721,-0.250348729650297
6.7215,-0.195123009387733
6.722,-0.139897292052965
6.7225,-0.0853290265052452
6.723,-0.0297745902064749
6.7235,0.0247936700971696
6.724,0.0787044790820972
6.7245,0.134258907902649
6.725,0.189813334405522
6.7255,0.24372413670967
6.726,0.298949834578095
6.7265,0.354175530474922
6.727,0.407757602686748
6.7275,0.462983295011794
6.728,0.516236639614592
6.7285,0.570476155783626
6.729,0.623729497573704
6.7295,0.677640286756217
6.73,0.730564901817061
6.7305,0.782503342911321
6.731,0.835099231693818
6.7315,0.886708946737624
6.732,0.937989936760114
6.7325,0.989270926148994
6.733,1.03989446641807
6.7335,1.0892031091023
6.734,1.13884047571523
6.7345,1.18814911776894
6.735,1.23680031106572
6.7355,1.28413660712914
6.736,1.33081545458911
6.7365,1.3781517506237
6.737,1.42351570106998
6.7375,1.46855092737423
6.738,1.51325742959079
6.7385,1.55664903492001
6.739,1.59905446767631
6.7395,1.64113117646489
6.74,1.68287916132508
6.7405,1.72331224940887
6.741,1.76374533791345
6.7415,1.80187735676381
6.742,1.84000937606093
6.7425,1.8771552229083
6.743,1.91298617298593
6.7435,1.94881712354855
6.744,1.98234700435669
6.7445,2.01686305862533
6.745,2.04874931875213
6.7455,2.07997813067356
6.746,2.11054949437979
6.7465,2.1391485124658
6.747,2.16840497968472
6.7475,2.19503165249867
6.748,2.22132960134427
6.7485,2.24664137748257
6.749,2.27096698088033
6.7495,2.29364896274919
6.75,2.31534477179136
6.7505,2.33605440797315
6.751,2.3561065956513
6.7515,2.37451516162176
6.752,2.39193755462449
6.7525,2.40804505022612
6.753,2.42316637279096
6.7535,2.43664407347302
6.754,2.44946432546099
6.7545,2.46096967990963
6.755,2.47148886120383
6.7555,2.48069314490268
6.756,2.48825380655921
6.7565,2.49548574383562
6.757,2.50074533460663
6.7575,2.5053474765483
6.758,2.50764854752512
6.7585,2.51027834293209
6.759,2.51060706735833
6.7595,2.51060706735833
6.76,2.50830599637637
6.7605,2.50567620097332
6.761,2.50206023230263
6.7615,2.49614319268086
6.762,2.49022615308528
6.7625,2.48167931815983
6.763,2.4724750344543
6.7635,2.46261330198153
6.764,2.45143667193112
6.7645,2.43828769551621
6.765,2.42448127041285
6.7655,2.4100173966386
6.766,2.39358117661651
6.7665,2.3761587835944
6.767,2.35807894199453
6.7675,2.33868420306357
6.768,2.3179745668469
6.7685,2.29627875776895
6.769,2.2732680514904
6.7695,2.24927117242751
6.77,2.22461684497762
6.7705,2.19831889608308
6.771,2.17136349886715
6.7715,2.142435755951
6.772,2.11383673781674
6.7725,2.08359409839984
6.773,2.05203656209064
6.7735,2.02015030191616
6.774,1.98629169624719
6.7745,1.9524330910646
6.775,1.91725958908204
6.7755,1.88109991463711
6.776,1.84428279204602
6.7765,1.80615077269664
6.777,1.76736130520001
6.7775,1.72791438954185
6.778,1.68748130141228
6.7785,1.64639076508805
6.779,1.60431405625662
6.7795,1.56092245061097
6.78,1.51785956953797
6.7805,1.47315306729849
6.781,1.42844656525619
6.7815,1.38242516624116
6.782,1.33607504303524
6.7825,1.28939619557646
6.783,1.24074500240781
6.7835,1.193737430521
6.784,1.14442878849377
6.7845,1.09512014619923
6.785,1.0458115035613
6.7855,0.99453051477183
6.786,0.943906974028006
6.7865,0.892297259786275
6.787,0.841016269127127
6.7875,0.788749104751597
6.788,0.736153215146029
6.7885,0.683557324519636
6.789,0.629975259798747
6.7895,0.576393193824951
6.79,0.523139850844359
6.7905,0.46857160902217
6.791,0.414989538684369
6.7915,0.360092569208526
6.792,0.305524322286155
6.7925,0.250298624658049
6.793,0.195401649373449
6.7935,0.140833396364979
6.794,0.0856076922606106
6.7945,0.0307107102224055
6.795,-0.0232001008804066
6.7955,-0.0787545368612017
6.796,-0.133322802084055
6.7965,-0.18887724359193
6.797,-0.24344551445371
6.7975,-0.298671237365772
6.798,-0.353568238836802
6.7985,-0.407479069738546
6.799,-0.462376077646436
6.7995,-0.515958190443318
6.8,-0.56954030658083
6.8005,-0.623122426156593
6.801,-0.676704549268224
6.8015,-0.729300501868065
6.802,-0.782225182798903
6.8025,-0.834163693179088
6.803,-0.885773482458479
6.8035,-0.936725825845967
6.804,-0.988006897779643
6.8045,-1.0386305238467
6.805,-1.0879392542186
6.8055,-1.13823416302204
6.806,-1.1862280012411
6.8065,-1.2348792930345
6.807,-1.28221568872893
6.8075,-1.3295520881201
6.808,-1.37590231617075
6.8085,-1.42126637271174
6.809,-1.4663017077431
6.8095,-1.51067959613265
6.81,-1.55374258750402
6.8105,-1.59713430741821
6.811,-1.63888240486463
6.8115,-1.68030178036556
6.812,-1.72073498340704
6.8125,-1.76018201380194
6.813,-1.79897159665364
6.8135,-1.83644628121743
6.814,-1.8732635179119
6.8145,-1.9097520319867
6.815,-1.94459692184619
6.8155,-1.97911308880757
6.816,-2.01264308195636
6.8165,-2.04485817565071
6.817,-2.07542964416324
6.8175,-2.10600111468812
6.818,-2.13525768515605
6.8185,-2.16319935533117
6.819,-2.19048357610737
6.8195,-2.21678162179729
6.82,-2.24176476663925
6.8205,-2.26576173603841
6.821,-2.28811507857432
6.8215,-2.31013969660287
6.822,-2.33084941308111
6.8225,-2.35057295350729
6.823,-2.36865286635997
6.8235,-2.38574660285112
6.824,-2.4021828885863
6.8245,-2.41664682056064
6.825,-2.43045330154404
6.8255,-2.44360233147351
6.826,-2.45445028147592
6.8265,-2.46496950598968
6.827,-2.47351637610264
6.8275,-2.48107706904135
6.828,-2.48798031054052
6.8285,-2.49323992318854
6.829,-2.49751335851431
6.8295,-2.50014316489061
6.83,-2.5017867938843
6.8305,-2.50244424548361
6.831,-2.5017867938843
6.8315,-2.50014316489061
6.832,-2.49652718112752
6.8325,-2.49225374581194
6.833,-2.48666540738895
6.8335,-2.47976216591169
6.834,-2.47187274722113
6.8345,-2.46266842560462
6.835,-2.45214920114887
6.8355,-2.44130125120611
6.836,-2.42848094709012
6.8365,-2.41467446617136
6.837,-2.39922435710699
6.8375,-2.38245934578036
6.838,-2.3653656094209
6.8385,-2.34629951967161
6.839,-2.32690470510411
6.8395,-2.30619498881437
6.84,-2.28449909661619
6.8405,-2.26181702865022
6.841,-2.23650515708202
6.8415,-2.21217946368991
6.842,-2.18555269271225
6.8425,-2.15826847223418
6.843,-2.12999807684423
6.8435,-2.10107023220853
6.844,-2.06984131105957
6.8445,-2.03861239200697
6.845,-2.00639729873949
6.8455,-1.97352475684541
6.846,-1.93835113951745
6.8465,-1.90350625010565
6.847,-1.8670177364945
6.8475,-1.82954304964021
6.848,-1.79239709087713
6.8485,-1.75295005800318
6.849,-1.71350302816123
6.8495,-1.67274110046846
6.85,-1.63165045074341
6.8505,-1.58924490353993
6.851,-1.54618190938655
6.8515,-1.5031189186032
6.852,-1.45841230572856
6.8525,-1.41271952120772
6.853,-1.36768419036385
6.8535,-1.32067651294957
6.854,-1.27334011425666
6.8545,-1.22633244420068
6.855,-1.17735242814603
6.8555,-1.1293585905961
6.856,-1.07939240735703
6.8565,-1.03008367762072
6.857,-0.978802602536345
6.8575,-0.92817898089175
6.858,-0.877555362899428
6.8585,-0.824959399934317
6.859,-0.772692165463958
6.8595,-0.720753659328512
6.86,-0.667171533236982
6.8605,-0.613918135428507
6.861,-0.560993465741992
6.8615,-0.506425176268632
6.862,-0.452185614846494
6.8625,-0.398603505898345
6.863,-0.34370650181314
6.8635,-0.289138225452214
6.864,-0.234569952127435
6.8645,-0.179015508200742
6.865,-0.124447240689125
6.8655,-0.0692215269453243
6.866,-0.013995815885658
6.8665,0.0402437192529782
6.867,0.0954694253081939
6.8675,0.150366404578071
6.868,0.204605932801604
6.8685,0.26016035652578
6.869,0.314399880648033
6.8695,0.369625576012416
6.87,0.424851269541982
6.8705,0.478433339587737
6.871,0.532672856788865
6.8715,0.586583648190924
6.872,0.639508265267359
6.8725,0.693090329775567
6.873,0.746014944522048
6.8735,0.798282109640512
6.874,0.849891825257276
6.8745,0.901830264379286
6.875,0.953111254206046
6.8755,1.00340607056005
6.876,1.0540296106947
6.8765,1.10432442611799
6.877,1.15264689551481
6.8775,1.20195553750489
6.878,1.24994928220311
6.8785,1.29728557824653
6.879,1.34429314998301
6.8795,1.39064327319997
6.88,1.43666467223705
6.8805,1.48071372575006
6.881,1.52574895231085
6.8815,1.5688118334325
6.882,1.61121726627594
6.8825,1.65428014803362
6.883,1.69405578725979
6.8835,1.73481759975169
6.884,1.77360706688561
6.8845,1.81305398306166
6.885,1.85085727818887
6.8855,1.88734567655245
6.886,1.92416279971352
6.8865,1.95835012882951
6.887,1.99253745842065
6.8875,2.02606733985182
6.888,2.05795360011266
6.8885,2.08885368783122
6.889,2.11909632732723
6.8895,2.14835279423863
6.89,2.17629436418175
6.8905,2.2029210371114
6.891,2.22889026171027
6.8915,2.25321586485259
6.892,2.27721274397228
6.8925,2.30022345030665
6.893,2.32191925943844
6.8935,2.34197144693289
6.894,2.36169491029712
6.8945,2.37944602754513
6.895,2.3965396962068
6.8955,2.41198974305378
6.896,2.42711106566026
6.8965,2.44091749078931
6.897,2.45340901840405
6.8975,2.46458564847041
6.898,2.47411865654001
6.8985,2.48299421583715
6.899,2.49055487750657
6.8995,2.4964719171036
6.9,2.50173150787851
6.9005,2.50633364982359
6.901,2.50896344522795
6.9015,2.51027834293209
6.902,2.51060706735833
6.9025,2.50994961850594
6.903,2.50797727195071
6.9035,2.50469002769852
6.904,2.50008788575912
6.9045,2.4941708461461
6.905,2.48726763329726
6.9055,2.47904952280903
6.906,2.47017396353763
6.9065,2.45899733342592
6.907,2.44782070340468
6.9075,2.43467172702372
6.908,2.42053657755084
6.9085,2.40541525501366
6.909,2.38865031064598
6.9095,2.37155664207557
6.91,2.35281935175161
6.9105,2.33276716411641
6.911,2.31238625235912
6.9115,2.28970427022758
6.912,2.26636483966979
6.9125,2.24203923633873
6.913,2.21705618463018
6.9135,2.19075823584793
6.914,2.16281666568635
6.9145,2.13454637159598
6.915,2.10463245620697
6.9155,2.07438981692721
6.916,2.04316100508815
6.9165,2.01028857205801
6.917,1.97675869085639
6.9175,1.9425713614877
6.918,1.90706913532578
6.9185,1.87058073670587
6.919,1.83310616563623
6.9195,1.7956315950259
6.92,1.75552723045772
6.9205,1.71640903921959
6.921,1.67597595120345
6.9215,1.63389924211731
6.922,1.59215125767212
6.9225,1.54875965211316
6.923,1.50503932254876
6.9235,1.46066154465161
6.924,1.41529759409656
6.9245,1.36960491939083
6.925,1.32259734764245
6.9255,1.27558977590096
6.926,1.22792475554306
6.9265,1.17927356221623
6.927,1.13095109296301
6.9275,1.0809850020148
6.928,1.03069018640516
6.9285,0.980395370334839
6.929,0.929114380842419
6.9295,0.878162114999599
6.93,0.826223675523709
6.9305,0.773956510897864
6.931,0.721360621014521
6.9315,0.668107281440742
6.932,0.614853940698003
6.9325,0.561600598690471
6.933,0.507032357937168
6.9335,0.453121564363862
6.934,0.39855332046425
6.9345,0.344642523581257
6.935,0.290074276127857
6.9355,0.234519853532411
6.936,0.179951602054589
6.9365,0.125054624000814
6.937,0.0695001947857622
6.9375,0.0139457631262062
6.938,-0.0396363242649308
6.9385,-0.0945333120715968
6.939,-0.150087751583848
6.9395,-0.204656020411473
6.94,-0.259553016652876
6.9405,-0.314450015910539
6.941,-0.36868956914028
6.9415,-0.423586574706153
6.942,-0.477497409759492
6.9425,-0.531736972758177
6.943,-0.58531908989804
6.9435,-0.638243761150899
6.944,-0.69215460997714
6.9445,-0.744421838901501
6.945,-0.797346520889148
6.9455,-0.849285032332578
6.946,-0.900566097902979
6.9465,-0.952175891990207
6.947,-1.00312824023438
6.9475,-1.05309441770893
6.948,-1.10273187405045
6.9485,-1.15171188434818
6.949,-1.20102062334459
6.9495,-1.24802829147157
6.95,-1.29536468818612
6.9505,-1.34302981363225
6.951,-1.38839386761845
6.9515,-1.43441537527367
6.952,-1.47879326115778
6.9525,-1.52317115053666
6.953,-1.56623414288296
6.9535,-1.60929713862288
6.954,-1.65137396221436
6.9545,-1.69180716302643
6.955,-1.73158291646491
6.9555,-1.77135867296467
6.956,-1.80949080607393
6.9565,-1.84729421674585
6.957,-1.88411145424574
6.9575,-1.91994251838525
6.958,-1.95445868358235
6.9585,-1.98864612583503
6.959,-2.02151866877482
6.9595,-2.05373376307714
6.96,-2.0846339576571
6.9605,-2.11487670328453
6.961,-2.14347582326465
6.9615,-2.17141749394555
6.962,-2.19837298965217
6.9625,-2.22401358463346
6.963,-2.24866800427796
6.9635,-2.27266497405291
6.964,-2.29436086566341
6.9645,-2.3160567583528
6.965,-2.33676647511418
6.9655,-2.35583256444033
6.966,-2.37358375181598
6.9665,-2.39067748850489
6.967,-2.40612759725752
6.9675,-2.4209202551024
6.968,-2.43472673622594
6.9685,-2.44656086326446
6.969,-2.4570800875795
6.9695,-2.46661313484392
6.97,-2.47581745654768
6.9705,-2.4833781495283
6.971,-2.48929521369626
6.9715,-2.49422610056749
6.972,-2.49817081010682
6.9725,-2.50047189068882
6.973,-2.50244424548361
6.9735,-2.50244424548361
6.974,-2.50112934228604
6.9745,-2.49882826170037
6.975,-2.49488355215476
6.9755,-2.4909388426468
6.976,-2.48469305266943
6.9765,-2.47811853700546
6.977,-2.46957166679792
6.9775,-2.46003861946583
6.978,-2.44919066931841
6.9785,-2.43735654220565
6.979,-2.42420751247168
6.9795,-2.41040103169284
6.98,-2.39462219706909
6.9805,-2.3781859116263
6.981,-2.36010599837091
6.9815,-2.34136863452935
6.982,-2.32164509452409
6.9825,-2.30060665284191
6.983,-2.27825330966796
6.9835,-2.25458506519697
6.984,-2.23025937081382
6.9845,-2.20429004990188
6.985,-2.17832073049717
6.9855,-2.15070778492291
6.986,-2.12177993897813
6.9865,-2.09252336936883
6.987,-2.06162317426432
6.9875,-2.02940807942022
6.988,-1.9975217122044
6.9885,-1.96366299471829
6.989,-1.92848937810981
6.9895,-1.89298703869667
6.99,-1.85649852586437
6.9905,-1.81935256510486
6.991,-1.7808917059734
6.9915,-1.74243084975047
6.992,-1.70166891979406
6.9925,-1.66156444342787
6.993,-1.61981634421062
6.9935,-1.57708207278576
6.994,-1.53369035446342
6.9945,-1.49029863954783
6.995,-1.4452633026145
6.9955,-1.39989924418888
6.996,-1.3542064642895
6.9965,-1.30785623793597
6.997,-1.26019111527644
6.9975,-1.21219727138795
6.998,-1.16387470627704
6.9985,-1.11489469505276
6.999,-1.06459978805127
6.9995,-1.01496233456417
7,-0.964667435081489
7.0005,-0.91305764007368
7.001,-0.862105298382826
7.0015,-0.809838061282025
7.002,-0.757899552596467
7.0025,-0.704974873349597
7.003,-0.651392748333077
7.0035,-0.597810626903929
7.004,-0.5452146828834
7.0045,-0.491303843655363
7.005,-0.43673555856559
7.0055,-0.382496001370139
7.006,-0.327598998228046
7.0065,-0.273359447315883
7.007,-0.217805001278042
7.0075,-0.16323673176671
7.008,-0.108339740563629
7.0085,-0.0527853031399454
7.009,0.00145423376626608
7.0095,0.0560224926592108
7.01,0.111576922457312
7.0105,0.166145176645186
7.011,0.221042153060513
7.0115,0.275939127378655
7.012,0.330507375325133
7.0125,0.385075621406304
7.013,0.439643865725279
7.0135,0.494212108385166
7.014,0.547465452130572
7.0145,0.601376243152758
7.015,0.654958308530229
7.0155,0.707554199750447
7.016,0.760478814209895
7.0165,0.813074703374557
7.017,0.865341867354238
7.0175,0.916622857665989
7.018,0.967575123017844
7.0185,1.01819866350572
7.019,1.0681647549379
7.0195,1.11813084597478
7.02,1.16776821241532
7.0205,1.2154332329479
7.021,1.2637557018894
7.0215,1.3110919979174
7.022,1.35711339682393
7.0225,1.40379224434071
7.023,1.44915619485783
7.0235,1.49353397270333
7.024,1.53758302648568
7.0245,1.58064590768349
7.025,1.62338006490313
7.0255,1.66512804960557
7.026,1.70588986181142
7.0265,1.74599422583254
7.027,1.78544114168938
7.0275,1.82390188509418
7.028,1.86137645604792
7.0285,1.89720740592124
7.029,1.93303835626669
7.0295,1.96788313414741
7.03,2.00141301522224
7.0305,2.03395672379054
7.031,2.06682915717658
7.0315,2.09674307200371
7.032,2.12665698727322
7.0325,2.1559134542997
7.033,2.18319757564445
7.0335,2.21048169739807
7.034,2.23546474901191
7.0345,2.25979035224827
7.035,2.28378723146315
7.0355,2.30581176475167
7.036,2.3275075739601
7.0365,2.34690231275005
7.037,2.36629705178567
7.0375,2.38404816908839
7.038,2.40048438900316
7.0385,2.41659188469971
7.039,2.43105575854051
7.0395,2.44420473488762
7.04,2.45571008929268
7.0405,2.46655799496213
7.041,2.47674845188126
7.0415,2.48496656235552
7.042,2.49219849961424
7.0425,2.49844426364176
7.043,2.50271768115111
7.0435,2.50633364982359
7.044,2.50896344522795
7.0445,2.51027834293209
7.045,2.51093579178465
7.0455,2.50896344522795
7.046,2.50666237424885
7.0465,2.50271768115111
7.047,2.49811553921853
7.0475,2.49219849961424
7.048,2.48430911351574
7.0485,2.47641972746333
7.049,2.46622927054664
7.0495,2.45603881370565
7.05,2.44387601047744
7.0505,2.4307270341334
7.051,2.41593443589225
7.0515,2.39982694020303
7.052,2.38371944469197
7.0525,2.36563960300073
7.053,2.34657358836175
7.0535,2.32652140080777
7.054,2.30515431599242
7.0545,2.28312978271287
7.055,2.25880417913728
7.0555,2.23447857591507
7.056,2.20949552431537
7.0565,2.1825401269326
7.057,2.15492728124653
7.0575,2.12632826292713
7.058,2.09575689898047
7.0585,2.06551425983142
7.059,2.0332992751279
7.0595,2.00075556656911
7.06,1.96689696118176
7.0605,1.93238090763207
7.061,1.89654995729554
7.0615,1.86006155881346
7.062,1.82225826357169
7.0625,1.78412624448693
7.063,1.74467932864482
7.0635,1.70424624034388
7.064,1.66315570386331
7.0645,1.62173644346537
7.065,1.57900228625837
7.0655,1.53626812935419
7.066,1.49254779986013
7.0665,1.44718384918003
7.067,1.40247734722623
7.0675,1.35612722398989
7.068,1.30911965225022
7.0685,1.26178335622037
7.069,1.21444706011103
7.0695,1.16546714245365
7.07,1.11615850028247
7.0705,1.06652113351593
7.071,1.01622631778208
7.0715,0.964945328691939
7.072,0.914321787602878
7.0725,0.862712072959658
7.073,0.810773633242804
7.0735,0.758835192658219
7.074,0.705581853849594
7.0745,0.653314686911332
7.075,0.599732621495281
7.0755,0.545493106091235
7.076,0.491253589245633
7.0765,0.437014070857218
7.077,0.383431999562646
7.0775,0.328206304666988
7.078,0.273966781031098
7.0785,0.219069806639425
7.079,0.163515381313368
7.0795,0.108618402587745
7.08,0.0537214215499425
7.0805,-0.000518112986659006
7.081,-0.0557438234074936
7.0815,-0.110312087505104
7.082,-0.165209078808118
7.0825,-0.220763521996186
7.083,-0.275331794569127
7.0835,-0.329571345591206
7.084,-0.384797073428397
7.0845,-0.43903663076074
7.085,-0.492947466752747
7.0855,-0.547187030724577
7.086,-0.60076914885411
7.0865,-0.65402254579539
7.087,-0.706947221579435
7.0875,-0.759871900962102
7.088,-0.811810409784336
7.0885,-0.864406371800487
7.089,-0.915687438453511
7.0895,-0.966311059189245
7.09,-1.01693468363926
7.0905,-1.06722958701473
7.091,-1.11686704442598
7.0915,-1.16584705580094
7.092,-1.21416962106345
7.0925,-1.26216346510541
7.093,-1.30884241292728
7.0935,-1.35617881442745
7.094,-1.40252904457985
7.0945,-1.44723565306225
7.095,-1.49194226505136
7.0955,-1.53533398009504
7.096,-1.57872569854745
7.0965,-1.62113124492357
7.097,-1.6628793442439
7.0975,-1.70364127116993
7.098,-1.74341702551503
7.0985,-1.78253533237226
7.099,-1.82099619162882
7.0995,-1.85781342718093
7.1,-1.89463066546445
7.1005,-1.93079045575365
7.101,-1.96432044552046
7.1015,-1.99850788847789
7.102,-2.03105170665465
7.1025,-2.06195189973335
7.103,-2.09383827133387
7.1035,-2.12309484102679
7.104,-2.15169396152159
7.1045,-2.17963563270945
7.105,-2.20593367776291
7.1055,-2.23157427317877
7.106,-2.25557124202452
7.1065,-2.27956821217598
7.107,-2.30126410412906
7.1075,-2.32197382018346
7.108,-2.34202608587839
7.1085,-2.36109217543786
7.109,-2.37884336303183
7.1095,-2.39527964850002
7.11,-2.41105848314826
7.1105,-2.42453623821002
7.111,-2.43834271945228
7.1115,-2.45017684659291
7.112,-2.46069607099897
7.1125,-2.47022911834611
7.113,-2.47877598856717
7.1135,-2.48535050424156
7.114,-2.49159629422885
7.1145,-2.49521227794879
7.115,-2.49948571329496
7.1155,-2.50112934228604
7.116,-2.50277297128365
7.1165,-2.50244424548361
7.117,-2.5008006164873
7.1175,-2.49784208431043
7.118,-2.49422610056749
7.1185,-2.48929521369626
7.119,-2.48370687531319
7.1195,-2.47548873076903
7.12,-2.46694186061555
7.1205,-2.45740881334361
7.121,-2.44623213750888
7.1215,-2.43439801047964
7.122,-2.42059152936688
7.1225,-2.40579887153351
7.123,-2.39002003708108
7.1235,-2.37292630041856
7.124,-2.35550383875513
7.1245,-2.33643774944354
7.125,-2.31539930704327
7.1255,-2.29436086566341
7.126,-2.27135007156559
7.1265,-2.24801055306963
7.127,-2.22335613346168
7.1275,-2.19705808738506
7.128,-2.17043131730393
7.1285,-2.14248964668379
7.129,-2.11389052676535
7.1295,-2.08331905571822
7.13,-2.05274758668811
7.1305,-2.02053249245342
7.131,-1.98733122416475
7.1315,-1.95380123279367
7.132,-1.9186276169025
7.1325,-1.88279655285922
7.133,-1.84630804077897
7.1335,-1.80850463018146
7.134,-1.77037249714636
7.1345,-1.73026801547609
7.135,-1.69049226213813
7.1355,-1.65005906142688
7.136,-1.60732478759808
7.1365,-1.56524796744794
7.137,-1.52152752494114
7.1375,-1.47714963569269
7.138,-1.43277174993695
7.1385,-1.38707896745347
7.139,-1.34105746353818
7.1395,-1.2943785132169
7.14,-1.24704211657904
7.1405,-1.19871954877224
7.141,-1.14973953486807
7.1415,-1.10075952472016
7.142,-1.05079334366439
7.1425,-1.00049844152247
7.143,-0.949874818287416
7.1435,-0.898593749159294
7.144,-0.847312683729556
7.1445,-0.795374172425238
7.145,-0.742120765855427
7.1455,-0.690182261784631
7.146,-0.636600137768244
7.1465,-0.583675466621846
7.147,-0.529107175685477
7.1475,-0.475853786691147
7.148,-0.421285502550433
7.1485,-0.366717221695562
7.149,-0.312148944023427
7.1495,-0.257251944894302
7.15,-0.202026224258248
7.1505,-0.147457955566645
7.151,-0.0925609651581471
7.1515,-0.0373352529771545
7.152,0.0169042832188172
7.1525,0.0721299903058262
7.153,0.127355694982264
7.1535,0.182252672942731
7.154,0.236820924332165
7.1545,0.292046622454555
7.155,0.347272318591987
7.1555,0.401183115389984
7.156,0.455751359208502
7.1565,0.50933342836059
7.157,0.563572944714423
7.1575,0.616826286673401
7.158,0.670737076014246
7.1585,0.723661691218142
7.159,0.775600132440858
7.1595,0.828196021341396
7.16,0.879805736489251
7.1605,0.93108672660357
7.161,0.982696440362332
7.1615,1.03266253212349
7.162,1.0826286234331
7.1625,1.13259471437032
7.163,1.18124590789519
7.1635,1.23022582549379
7.164,1.27756212156916
7.1645,1.32522714186534
7.165,1.37124854078157
7.1655,1.41661249121201
7.166,1.46263389033172
7.1665,1.5073403925197
7.167,1.55106072209754
7.1675,1.59379487910093
7.168,1.63620031213584
7.1685,1.67729084836863
7.169,1.71805266069212
7.1695,1.75815702484149
7.17,1.79694649223289
7.1705,1.8347497871645
7.171,1.872553082565
7.1715,1.90805530826823
7.172,1.94355753444364
7.1725,1.9780735881494
7.173,2.01193219369805
7.1735,2.04381845375375
7.174,2.07570471427794
7.1745,2.10660480226263
7.175,2.13586126898623
7.1755,2.16413156309622
7.176,2.19207313327785
7.1765,2.21804235771712
7.177,2.24302540943993
7.1775,2.26735101278526
7.178,2.29003299460402
7.1785,2.31238625235912
7.179,2.3334246128872
7.1795,2.35347680053098
7.18,2.37155664207557
7.1805,2.38963648383876
7.181,2.40574397941496
7.1815,2.42086530195559
7.182,2.43434300261578
7.1825,2.44814942781579
7.183,2.45932605783968
7.1835,2.47050268795406
7.184,2.47970697164625
7.1845,2.48726763329726
7.185,2.49449957056836
7.1855,2.50008788575912
7.186,2.50436130327375
7.1865,2.50731982309962
7.187,2.50994961850594
7.1875,2.51027834293209
7.188,2.50962089407986
7.1885,2.50929216965387
7.189,2.50600492539841
7.1895,2.50173150787851
7.19,2.49680064152643
7.1905,2.49055487750657
7.191,2.48233676699833
7.1915,2.47411865654001
7.192,2.46392819964047
7.1925,2.45209412075512
7.193,2.43993131756132
7.1935,2.42645361684795
7.194,2.41166101865106
7.1945,2.39621097180758
7.195,2.37911730314973
7.1955,2.36038001273154
7.196,2.34164272254564
7.1965,2.32060436190682
7.197,2.29857982841477
7.1975,2.27622657085092
7.198,2.25190096737654
7.1985,2.22790408861719
7.199,2.2019348640329
7.1995,2.17497946676323
7.2,2.14703789683979
7.2005,2.11712398125915
7.201,2.08721006613246
7.2015,2.05565252976882
7.202,2.02442371820145
7.2025,1.99122256111959
7.203,1.95703523154719
7.2035,1.921861729501
7.204,1.88570205499442
7.2045,1.84888493234449
7.205,1.81141036154483
7.2055,1.77262089398713
7.206,1.73317397827202
7.2065,1.69306961438201
7.207,1.65165035371697
7.2075,1.60990236912873
7.208,1.56651076344188
7.2085,1.52344788233459
7.209,1.47939882862763
7.2095,1.43436360228191
7.21,1.38867092752958
7.2105,1.34264952859338
7.211,1.29597068113492
7.2115,1.24797693653301
7.212,1.19998319182922
7.2125,1.15166072267267
7.213,1.10169463185668
7.2135,1.05238598926893
7.214,1.00176244911898
7.2145,0.950810184163393
7.215,0.899529194307327
7.2155,0.847590755151723
7.216,0.795652315191413
7.2165,0.742727701400658
7.217,0.690789259544695
7.2175,0.637535919311563
7.218,0.583296404852358
7.2185,0.530371786392633
7.219,0.475803544775342
7.2195,0.421892750290511
7.22,0.367324505409607
7.2205,0.312427534349744
7.221,0.257859285762503
7.2215,0.202633586357768
7.222,0.148394058056765
7.2225,0.0934970787047309
7.223,0.0369564747680266
7.2235,-0.0162968871276142
7.224,-0.0718513227761752
7.2245,-0.126419587659531
7.225,-0.181316579783735
7.2255,-0.236871023834186
7.226,-0.291439297284913
7.2265,-0.346007573776135
7.227,-0.40057585341096
7.2275,-0.455144136292497
7.228,-0.509054973271808
7.2285,-0.562965813620134
7.229,-0.616219208100774
7.2295,-0.669801330751386
7.23,-0.722726007598469
7.2305,-0.775321963337396
7.231,-0.827260473234691
7.2315,-0.878870262022544
7.232,-0.930808779328094
7.2325,-0.982089850823325
7.233,-1.03139857703301
7.2335,-1.08169348150112
7.234,-1.13198838982064
7.2345,-1.17998222756858
7.235,-1.22830479392108
7.2355,-1.27596991408677
7.236,-1.3229775879811
7.2365,-1.369656540547
7.237,-1.41469187154356
7.2375,-1.46071338130479
7.238,-1.50443381903575
7.2385,-1.54815426018978
7.239,-1.59187470481992
7.2395,-1.63362280185766
7.24,-1.67504217694738
7.2405,-1.71547537958192
7.241,-1.75459368431213
7.2415,-1.7937119920256
7.242,-1.83151540150969
7.2425,-1.86899008851253
7.243,-1.90482115154766
7.2435,-1.93999476643825
7.244,-1.97451093306928
7.2445,-2.00771220046252
7.245,-2.04025601927358
7.2455,-2.07214238938824
7.246,-2.10205640870023
7.2465,-2.13164170443516
7.247,-2.15958337438813
7.2475,-2.18653886938695
7.248,-2.21316564042321
7.2485,-2.23880623625562
7.249,-2.26280320549395
7.2495,-2.28581399914296
7.25,-2.30718116575814
7.2505,-2.32854833342349
7.251,-2.34728569670684
7.2515,-2.36635178649997
7.252,-2.38377424860562
7.2525,-2.39922435710699
7.253,-2.41533191763343
7.2535,-2.42913839857373
7.254,-2.44162997695782
7.2545,-2.45280665266959
7.255,-2.46365460291095
7.2555,-2.47285892454925
7.256,-2.47976216591169
7.2565,-2.48732285896421
7.257,-2.49291119739608
7.2575,-2.49652718112752
7.258,-2.50047189068882
7.2585,-2.50211551968382
7.259,-2.50244424548361
7.2595,-2.5017867938843
7.26,-2.50014316489061
7.2605,-2.49718463271845
7.261,-2.49291119739608
7.2615,-2.48765158475223
7.262,-2.48107706904135
7.2625,-2.47318765032582
7.263,-2.46431205444979
7.2635,-2.45379282995261
7.264,-2.44294487996725
7.2645,-2.43012457580108
7.265,-2.41631809482846
7.2655,-2.40152543714466
7.266,-2.38541787714291
7.2665,-2.36799541497014
7.267,-2.34958677646451
7.2675,-2.32953451041811
7.268,-2.3094822453023
7.2685,-2.28712890167368
7.269,-2.26477555918804
7.2695,-2.24077858984251
7.27,-2.21546671947605
7.2705,-2.18916867386338
7.271,-2.16188445316673
7.2715,-2.13427150859297
7.272,-2.1046862126884
7.2725,-2.07411474225045
7.273,-2.04321454836798
7.2735,-2.01067072935266
7.274,-1.97779818716354
7.2745,-1.94328202029659
7.275,-1.90810840516816
7.2755,-1.87194861655431
7.276,-1.8344739293285
7.2765,-1.7973279702015
7.277,-1.75853838747508
7.2775,-1.71876263196638
7.278,-1.67898687950609
7.2785,-1.63756750410803
7.279,-1.59516195643786
7.2795,-1.55242768695438
7.28,-1.50903597057405
7.2805,-1.46432935722917
7.281,-1.41863657223546
7.2815,-1.37392996596658
7.282,-1.32757973807078
7.2825,-1.27991461385329
7.283,-1.23257821833685
7.2835,-1.18392692672297
7.284,-1.13527563886644
7.2845,-1.08695307957504
7.285,-1.03632944985205
7.2855,-0.986034548788518
7.286,-0.934753477001117
7.2865,-0.884129858539125
7.287,-0.831533895097371
7.2875,-0.779595384901329
7.288,-0.72798560300966
7.2885,-0.6740747517309
7.289,-0.620821353464809
7.2895,-0.56789668333581
7.29,-0.513328393419073
7.2905,-0.459417556176334
7.291,-0.405177997623565
7.2915,-0.351267166855412
7.292,-0.296041440966538
7.2925,-0.241801891794822
7.293,-0.187233621020292
7.2935,-0.131350455101151
7.294,-0.0764534654948445
7.2945,-0.0215564785546432
7.295,0.0326830569244571
7.2955,0.0879087633118253
7.296,0.14313446731916
7.2965,0.197702720236125
7.297,0.252928419829193
7.2975,0.307825392977409
7.298,0.36173619107519
7.2985,0.416633160497823
7.299,0.470543955139456
7.2995,0.524783472562182
7.3,0.579022988504691
7.3005,0.632276330087884
7.301,0.685858394757153
7.3015,0.738125561024085
7.302,0.791378899206735
7.3025,0.843317339237214
7.303,0.894598329862676
7.3035,0.946536768366617
7.304,0.996831584792531
7.3045,1.04778384927437
7.305,1.09709249189709
7.3055,1.14640113417948
7.306,1.1957097761976
7.3065,1.24403224519229
7.307,1.29103981696614
7.3075,1.33870483725843
7.308,1.38472623618933
7.3085,1.43041891093115
7.309,1.47512541298095
7.3095,1.51950319094832
7.31,1.56355224488373
7.3105,1.60497150482952
7.311,1.64770566224473
7.3115,1.6891249228732
7.312,1.72922928672372
7.3125,1.76900492669514
7.313,1.80779439421078
7.3135,1.84559768927343
7.314,1.88274353619242
7.3145,1.91857448634377
7.315,1.95407671266454
7.3155,1.98793531787017
7.316,2.02179392356339
7.3165,2.05302273509317
7.317,2.08458027141719
7.3175,2.11515163519305
7.318,2.14407937769572
7.3185,2.17234967192902
7.319,2.19897634480068
7.3195,2.22560301806884
7.32,2.25025734553292
7.3205,2.27392550023672
7.321,2.29726493090247
7.3215,2.31830329122915
7.322,2.33934165183687
7.3225,2.3590651151671
7.323,2.37747368117382
7.3235,2.39390990101514
7.324,2.41034612104095
7.3245,2.42546744363006
7.325,2.43927386874304
7.3255,2.45143667193112
7.326,2.46294202639615
7.3265,2.47280375887128
7.327,2.48200804257904
7.3275,2.49022615308528
7.328,2.49614319268086
7.3285,2.50140278345447
7.329,2.5053474765483
7.3295,2.50863472080212
7.33,2.51027834293209
7.3305,2.51060706735833
7.331,2.51027834293209
7.3315,2.50764854752512
7.332,2.50469002769852
7.3325,2.50008788575912
7.333,2.49449957056836
7.3335,2.48858253098002
7.334,2.48036442048379
7.3345,2.47116013678716
7.335,2.46096967990963
7.3355,2.44847815222697
7.336,2.43664407347302
7.3365,2.42218019957535
7.337,2.40738760142256
7.3375,2.39095138143017
7.338,2.37320026404495
7.3385,2.35479169809057
7.339,2.33506823481539
7.3395,2.31435859864667
7.34,2.29233406524092
7.3405,2.26899463464568
7.341,2.24532648001163
7.3415,2.22001470389267
7.342,2.19437420378251
7.3425,2.16709008227183
7.343,2.13816233942134
7.3435,2.10890587266336
7.344,2.0783345089819
7.3445,2.04644824841815
7.345,2.01489071265313
7.3455,1.9813608313851
7.346,1.94717350195208
7.3465,1.91134255141235
7.347,1.87518287704597
7.3475,1.83902320314215
7.348,1.79990501095055
7.3485,1.76144426782394
7.349,1.72166862793412
7.3495,1.68123553986655
7.35,1.63981627930999
7.3505,1.597739570532
7.351,1.55467668921743
7.3515,1.51095635961819
7.352,1.46657858169303
7.3525,1.42121463111698
7.353,1.37552195639792
7.3535,1.32950055747762
7.354,1.28183553718326
7.3545,1.23417051683723
7.355,1.18551932353179
7.3555,1.13686813002785
7.356,1.08788821196897
7.3565,1.03693594784414
7.357,0.986969856124697
7.3575,0.93634631529532
7.358,0.884736600953713
7.3585,0.832798161577976
7.359,0.780530997064278
7.3595,0.727935107305292
7.36,0.674681767869183
7.3605,0.62175715160434
7.361,0.568503809766169
7.3615,0.513935569199295
7.362,0.461010948886447
7.3625,0.406113980864904
7.363,0.351217011100102
7.3635,0.297634937033136
7.364,0.242409239116465
7.3645,0.187183539118771
7.365,0.132286561357628
7.3655,0.0770608568912224
7.366,0.0215064255707465
7.3665,-0.0324043859472405
7.367,-0.0873013734059541
7.3675,-0.142527088051712
7.368,-0.197752805523476
7.3685,-0.252321076858022
7.369,-0.30721807571233
7.3695,-0.362115077674049
7.37,-0.416354633664985
7.3705,-0.47059419289309
7.371,-0.524505030827748
7.3715,-0.578087147507149
7.372,-0.631669267640371
7.3725,-0.684922666628827
7.373,-0.737518619784034
7.3735,-0.789785851805803
7.374,-0.842381812245373
7.3745,-0.894320326900072
7.375,-0.945601395716727
7.3755,-0.995896293801107
7.376,-1.04651992045993
7.3765,-1.09648610119168
7.377,-1.1454661110154
7.3775,-1.19411739965289
7.378,-1.24211124214014
7.3785,-1.28944763839499
7.379,-1.33678403835687
7.3795,-1.38247681689937
7.38,-1.42784087395506
7.3805,-1.47353365968634
7.381,-1.51791154864813
7.3815,-1.56097454058341
7.382,-1.60338008557014
7.3825,-1.64578563389005
7.383,-1.68654755949301
7.3835,-1.72698076301866
7.384,-1.76675651916218
7.3845,-1.80554610251562
7.385,-1.84236333693096
7.3855,-1.87950929940829
7.386,-1.91566908857928
7.3865,-1.95051397886369
7.387,-1.98437269541986
7.3875,-2.01757396350159
7.388,-2.04946033207303
7.3885,-2.08068925185165
7.389,-2.11126072272456
7.3895,-2.14018856800343
7.39,-2.16747278739201
7.3905,-2.19475700842691
7.391,-2.2203976032007
7.3915,-2.24570947384818
7.392,-2.26904899222226
7.3925,-2.29173106056238
7.393,-2.31342695312065
7.3935,-2.3338079440875
7.394,-2.35287403328257
7.3945,-2.37062522053555
7.395,-2.38837640852602
7.3955,-2.40448396864004
7.396,-2.41861917495915
7.3965,-2.43242565600721
7.397,-2.44458850873484
7.3975,-2.45609391028872
7.398,-2.46628440907255
7.3985,-2.47417382765706
7.399,-2.48239197217519
7.3995,-2.48863776211786
7.4,-2.49389737477424
7.4005,-2.49882826170037
7.401,-2.50014316489061
7.4015,-2.50244424548361
7.402,-2.50211551968382
7.4025,-2.50112934228604
7.403,-2.49882826170037
7.4035,-2.49554100374308
7.404,-2.49159629422885
7.4045,-2.48535050424156
7.405,-2.47844726278619
7.4055,-2.47055784412059
7.406,-2.46135352253315
7.4065,-2.45149174962918
7.407,-2.43867144520168
7.4075,-2.42617986690557
7.408,-2.41237338606217
7.4085,-2.39659455136493
7.409,-2.38048699155009
7.4095,-2.36273580388783
7.41,-2.34399843993152
7.4105,-2.32427489980611
7.411,-2.30323645799648
7.4115,-2.28088311468794
7.412,-2.25754359568623
7.4125,-2.23288917554761
7.413,-2.20790603120411
7.4135,-2.18127926048021
7.414,-2.15432376579519
7.4145,-2.12605337065008
7.415,-2.09613934978169
7.4155,-2.06556787990794
7.416,-2.03368151024166
7.4165,-2.00179514273762
7.417,-1.9676076995448
7.4175,-1.93342025878855
7.418,-1.89791791901652
7.4185,-1.86175813115153
7.419,-1.82461217000047
7.4195,-1.78648003575122
7.42,-1.74703300333455
7.4205,-1.70791469917656
7.421,-1.66649532150485
7.4215,-1.62573339744432
7.422,-1.58332785070659
7.4225,-1.53993613188962
7.423,-1.49621569138307
7.4235,-1.45183780413355
7.424,-1.40647374518869
7.4245,-1.36045223974898
7.425,-1.31377328790814
7.4255,-1.26643688975669
7.426,-1.21910049527956
7.4265,-1.17077792963752
7.427,-1.12179791788532
7.4275,-1.07183173522596
7.428,-1.02219428120103
7.4285,-0.971241931536016
7.429,-0.920289585641805
7.4295,-0.86900851865781
7.43,-0.817070005816211
7.4305,-0.764802771898639
7.431,-0.712206816883449
7.4315,-0.658953416060559
7.432,-0.605700018794766
7.4325,-0.552117900347672
7.433,-0.498207060685249
7.4335,-0.443638775168757
7.434,-0.389727942143938
7.4345,-0.335488387705103
7.435,-0.280591387263682
7.4355,-0.22536566535251
7.436,-0.170797395445335
7.4365,-0.115900403858442
7.437,-0.0603459660610704
7.4375,-0.0054489798832188
7.438,0.0484618304270836
7.4385,0.104016260555065
7.439,0.158584515052548
7.4395,0.21381021616992
7.44,0.268707190758335
7.4405,0.323275438959759
7.441,0.377843685282213
7.4415,0.432411929828805
7.442,0.486651448352785
7.4425,0.540233516643671
7.443,0.594144307850638
7.4435,0.648383822047797
7.444,0.700322264773252
7.4445,0.753904327997432
7.445,0.806500217279309
7.4455,0.857781208464431
7.446,0.909719647472583
7.4465,0.960671912909038
7.447,1.01195290204496
7.4475,1.06159026924743
7.448,1.11122763604951
7.4485,1.16053627824836
7.449,1.20885874736751
7.4495,1.25750994060365
7.45,1.3051749609158
7.4505,1.35185380837595
7.451,1.39754648304777
7.4515,1.44356788210489
7.452,1.48794565992665
7.4525,1.53199471367853
7.453,1.5750575948399
7.4535,1.61779175201687
7.454,1.65953973667138
7.4545,1.70030154882447
7.455,1.74106336138098
7.4555,1.78018155288263
7.456,1.81864229622526
7.4565,1.85611686711367
7.457,1.89326271416946
7.4575,1.92876494014468
7.458,1.96328099364446
7.4585,1.99681087465422
7.459,2.03001203181766
7.4595,2.06222701647212
7.46,2.09312710425419
7.4605,2.12271229512384
7.461,2.15229748644063
7.4615,2.17991033208753
7.462,2.20686572943085
7.4625,2.23217750535796
7.463,2.25650310854721
7.4635,2.28049998771441
7.464,2.30318196971628
7.4645,2.32520650327229
7.465,2.3446012420334
7.4655,2.36399598103964
7.466,2.38240454710701
7.4665,2.39884076700338
7.467,2.41494826268162
7.4675,2.42941213650574
7.468,2.44223238842771
7.4685,2.45505264046696
7.469,2.46622927054664
7.4695,2.47576227862769
7.47,2.48398038909597
7.4705,2.49154105077093
7.471,2.49811553921853
7.4715,2.50238895672683
7.472,2.50666237424885
7.4725,2.50896344522795
7.473,2.51027834293209
7.4735,2.51027834293209
7.474,2.50896344522795
7.4745,2.50666237424885
7.475,2.50403257884906
7.4755,2.49844426364176
7.476,2.49252722403601
7.4765,2.48562401119562
7.477,2.47740590071737
7.4775,2.46787289262484
7.478,2.45702498694504
7.4785,2.4448621837082
7.479,2.4323706561697
7.4795,2.41757805791147
7.48,2.40245673540535
7.4805,2.38536306667481
7.481,2.36859812253523
7.4815,2.34887465908136
7.482,2.32882247149751
7.4825,2.30778411103105
7.483,2.28575957771557
7.4835,2.26242014721377
7.484,2.23776581957343
7.4845,2.21278276792651
7.485,2.18615609485076
7.4855,2.15854324911066
7.486,2.12961550639049
7.4865,2.09970159107631
7.487,2.06913022753258
7.4875,2.03790141577049
7.488,2.00437153416368
7.4885,1.97117037736914
7.489,1.93632559944231
7.4895,1.90115209767873
7.49,1.86499242344574
7.4905,1.82686040383685
7.491,1.78905710899878
7.4915,1.74961019310122
7.492,1.70983455333625
7.4925,1.66907274109266
7.493,1.62699603206804
7.4935,1.58459059910563
7.494,1.54185644216467
7.4945,1.49780738835843
7.495,1.45375833477396
7.4955,1.40773693568471
7.496,1.36171553671648
7.4965,1.31536541352958
7.497,1.26770039322707
7.4975,1.22036409713134
7.498,1.17138417949692
7.4985,1.12240426163977
7.499,1.07276689491715
7.4995,1.02280080352469
7.5,0.972177263084487
7.5005,0.921224997788176
7.501,0.869615283241201
7.5015,0.817348119329034
7.502,0.765738403168854
7.5025,0.712485064496002
7.503,0.659231724734051
7.5035,0.606307108117831
7.504,0.552067592881639
7.5045,0.498814249259799
7.505,0.444574731092517
7.5055,0.39033521129528
7.506,0.335766965388449
7.5065,0.280212544456215
7.507,0.225973019101399
7.5075,0.170747318463714
7.508,0.115521615606317
7.5085,0.0612820837502039
7.509,0.00572765171979712
7.5095,-0.0485118849891431
7.51,-0.103080148736892
7.5105,-0.158305864179174
7.511,-0.213202857955654
7.5115,-0.268428579199947
7.512,-0.322668129837905
7.5125,-0.377565132693097
7.513,-0.432790863387614
7.5135,-0.485715525147436
7.514,-0.539955088662729
7.5145,-0.593537206328001
7.515,-0.647119327475242
7.5155,-0.700701452202071
7.516,-0.752968681704784
7.5165,-0.804907190049214
7.517,-0.85750315156947
7.5175,-0.909112942522287
7.518,-0.96006528760058
7.5185,-1.01003146190163
7.519,-1.06098381449359
7.5195,-1.11062127143139
7.52,-1.1596012823296
7.5205,-1.20858129699908
7.521,-1.25591769066883
7.5215,-1.30358281299235
7.522,-1.34993303901324
7.5225,-1.39628326867076
7.523,-1.44131860173946
7.5235,-1.48602521326119
7.524,-1.53073182833881
7.5245,-1.57346609612751
7.525,-1.61587164209109
7.5255,-1.65761974099939
7.526,-1.69871039274424
7.5265,-1.73848614671114
7.527,-1.77760445319162
7.5275,-1.81606531207306
7.528,-1.85353999791483
7.5285,-1.88969978517764
7.529,-1.92520212435181
7.5295,-1.96004701532245
7.53,-1.99390573255246
7.5305,-2.02743572674649
7.531,-2.05800719412031
7.5315,-2.08956483996116
7.532,-2.11947886040205
7.5325,-2.14807798067024
7.533,-2.17601965163489
7.5335,-2.20231769647662
7.534,-2.22861574286311
7.5345,-2.25261271154849
7.535,-2.27628095591334
7.5355,-2.29863429898639
7.536,-2.31934401491542
7.5365,-2.33972500616114
7.537,-2.35813364424381
7.5375,-2.37588483171494
7.538,-2.3936360199246
7.5385,-2.40842867733271
7.539,-2.42289260952089
7.5395,-2.43604163921374
7.54,-2.44820449204624
7.5405,-2.45970989369964
7.541,-2.46825676370466
7.5415,-2.47713235966485
7.542,-2.48436432688376
7.5425,-2.49061011685617
7.543,-2.49554100374308
7.5435,-2.49849953590346
7.544,-2.50112934228604
7.5445,-2.50277297128365
7.545,-2.50211551968382
7.5455,-2.50112934228604
7.546,-2.49817081010682
7.5465,-2.49455482636099
7.547,-2.4902813910658
7.5475,-2.48370687531319
7.548,-2.47647490810574
7.5485,-2.46792803793199
7.549,-2.4583949906375
7.5495,-2.4472183147764
7.55,-2.43472673622594
7.5505,-2.42223515804703
7.551,-2.40744250015609
7.5515,-2.39232111706885
7.552,-2.37522738031397
7.5525,-2.35714746718367
7.553,-2.3384101034711
7.5535,-2.31802911228738
7.554,-2.29699067078029
7.5545,-2.27463732779127
7.555,-2.25096908351482
7.5555,-2.22664338933029
7.556,-2.20067406862888
7.5565,-2.17404729833371
7.557,-2.14643435302004
7.5575,-2.11717778183752
7.558,-2.08759248703323
7.5585,-2.05636356679139
7.559,-2.02480592319436
7.5595,-1.99160465460644
7.56,-1.95807466293618
7.5605,-1.92290104673444
7.561,-1.88641253168059
7.5615,-1.85025274465822
7.562,-1.81277805906276
7.5625,-1.77464592570615
7.563,-1.73552761945145
7.5635,-1.6954231404863
7.564,-1.65367503860028
7.5645,-1.61258439034694
7.565,-1.57017884464083
7.5655,-1.52678712686395
7.566,-1.48306668738947
7.5665,-1.43868880117124
7.567,-1.39299601821929
7.5675,-1.34664578882176
7.568,-1.3002955630564
7.5685,-1.25197299105751
7.569,-1.20463659768967
7.5695,-1.15565658332668
7.57,-1.10667657272895
7.5705,-1.05769656582192
7.571,-1.00674421347989
7.5715,-0.956778039418676
7.572,-0.905168244992881
7.5725,-0.853229729554675
7.573,-0.801619942578871
7.5735,-0.74869526029117
7.574,-0.696756755778963
7.5745,-0.643174631318991
7.575,-0.589921235088748
7.5755,-0.536339117654938
7.576,-0.482428278983004
7.5765,-0.428517443630977
7.577,-0.373620437770298
7.5775,-0.319052159701224
7.578,-0.264812609263817
7.5785,-0.2092581636957
7.579,-0.154361170125545
7.5795,-0.0994641793704834
7.58,-0.0442384668541729
7.5805,0.0100010696581246
7.581,0.0645693281708689
7.5815,0.119466308743451
7.582,0.175349460266828
7.5825,0.229588987520672
7.583,0.284485961521752
7.5835,0.339711657924619
7.584,0.393951179334502
7.5845,0.448190699019925
7.585,0.502758941429294
7.5855,0.556341009284129
7.586,0.610580524412014
7.5865,0.662847692285169
7.587,0.716429756285719
7.5875,0.769025646263277
7.588,0.821621535277713
7.5885,0.873559974824557
7.589,0.924840965023296
7.5895,0.975793230276445
7.59,1.02641677067966
7.5905,1.07638286204139
7.591,1.1266776773025
7.5915,1.1750001465773
7.592,1.22398006419824
7.5925,1.27164508456424
7.593,1.31865265630815
7.5935,1.36598895233152
7.594,1.41102417847205
7.5945,1.45671685329244
7.595,1.50109463117146
7.5955,1.54481496071318
7.596,1.5882065662449
7.5965,1.62995455065943
7.597,1.67203125971026
7.5975,1.71246434768829
7.598,1.75256871177826
7.5985,1.79168690340807
7.599,1.82949019827715
7.5995,1.86729349361036
7.6,1.90378189218692
7.6005,1.93829794534972
7.601,1.97347144762702
7.6015,2.00765877743642
7.602,2.0402024860954
7.6025,2.07110257355401
7.603,2.10233138581115
7.6035,2.13224530116519
7.604,2.16018687086938
7.6045,2.18812844099097
7.605,2.21475511409615
7.6055,2.23973816577147
7.606,2.26406376906931
7.6065,2.28707447521851
7.607,2.3094277329324
7.6075,2.33112354219065
7.608,2.35051828102606
7.6085,2.36925557132147
7.609,2.3866779642624
7.6095,2.40344290860745
7.61,2.41955040433704
7.6105,2.43368555380011
7.611,2.44617708135031
7.6115,2.45833988459865
7.612,2.46951651470501
7.6125,2.47839207397213
7.613,2.48595273561579
7.6135,2.4931846728798
7.614,2.49975916133549
7.6145,2.50436130327375
7.615,2.50764854752512
7.6155,2.50994961850594
7.616,2.51126451621106
7.6165,2.51126451621106
7.617,2.50929216965387
7.6175,2.50633364982359
7.618,2.50271768115111
7.6185,2.49778681479539
7.619,2.49154105077093
7.6195,2.48365166467629
7.62,2.47510482979238
7.6205,2.46524309730067
7.621,2.45439519164156
7.6215,2.44223238842771
7.622,2.42875468769236
7.6225,2.4133046406654
7.623,2.39851204260365
7.6235,2.38141837391906
7.624,2.36300980786384
7.6245,2.34427251764559
7.625,2.32389160573792
7.6255,2.30219579657913
7.626,2.27918509021677
7.6265,2.25584565980777
7.627,2.23086260789813
7.6275,2.20522210763002
7.628,2.17859543466642
7.6285,2.1503251403386
7.629,2.12139739774248
7.6295,2.0911547582117
7.63,2.06058339479439
7.6305,2.02803968583387
7.631,1.99582470167654
7.6315,1.96130864771729
7.632,1.92646386992808
7.6325,1.89129036829571
7.633,1.85414452126576
7.6335,1.81666995040169
7.634,1.77788048278224
7.6345,1.73843356700948
7.635,1.69832920306619
7.6355,1.65658121806191
7.636,1.61549068200662
7.6365,1.57242780056233
7.637,1.52969364370035
7.6375,1.48531586567997
7.638,1.44093808786908
7.6385,1.39458796454128
7.639,1.34823784131832
7.6395,1.30188771813701
7.64,1.25422269782109
7.6405,1.20622895313453
7.641,1.15790648400455
7.6415,1.10859784179063
7.642,1.05863175068444
7.6425,1.00833693488002
7.643,0.957055945704892
7.6435,0.906761128814501
7.644,0.854822689763893
7.6445,0.802884249920959
7.645,0.750617084885413
7.6455,0.697363745913053
7.646,0.644439130149537
7.6465,0.591185788856499
7.647,0.537603721914778
7.6475,0.483692929201489
7.648,0.4291246862298
7.6485,0.374885165949744
7.649,0.319659470764711
7.6495,0.265419946828513
7.65,0.20986552330508
7.6505,0.154968546449919
7.651,0.100071567371216
7.6515,0.0451745859639885
7.652,-0.00873622449226165
7.6525,-0.0642906597788748
7.653,-0.119845097772015
7.6535,-0.174084640539823
7.654,-0.229310359674434
7.6545,-0.283878632712021
7.655,-0.338446908775816
7.6555,-0.394001361718712
7.656,-0.447912194997395
7.6565,-0.502151756155538
7.657,-0.555405146779091
7.6575,-0.609315990103436
7.658,-0.662569387607728
7.6585,-0.714836614548813
7.659,-0.768418743939181
7.6595,-0.820685978109858
7.66,-0.871638316875186
7.6605,-0.923576833651855
7.661,-0.974529179786811
7.6615,-1.02515280484757
7.662,-1.07544770884303
7.6625,-1.12442771707902
7.663,-1.17340772903272
7.6635,-1.22205901982801
7.664,-1.26972413950882
7.6645,-1.3173892629199
7.665,-1.36341076498976
7.6655,-1.41008972077043
7.666,-1.45446760476243
7.6665,-1.49851676711365
7.667,-1.54322338319497
7.6675,-1.58562892680078
7.668,-1.62803447371952
7.6685,-1.66945384837313
7.669,-1.71054450104423
7.6695,-1.74999153066035
7.67,-1.78878111273643
7.6705,-1.82658452185054
7.671,-1.8637304831486
7.6715,-1.90021899651608
7.672,-1.93572133645579
7.6725,-1.9702375027805
7.673,-2.00376749530439
7.6735,-2.03598258839237
7.674,-2.06819768368891
7.6745,-2.09876915373612
7.675,-2.1280257237429
7.6755,-2.1566248445471
7.676,-2.18325161381303
7.6765,-2.20987838465401
7.677,-2.23551898029698
7.6775,-2.25918722374439
7.678,-2.28252674283344
7.6785,-2.30488008622616
7.679,-2.32558980245311
7.6795,-2.34531334263864
7.68,-2.36405070665235
7.6805,-2.38213062007468
7.681,-2.39790945423392
7.6815,-2.41335956325028
7.682,-2.42716604412598
7.6825,-2.43965762245141
7.683,-2.45182047538889
7.6835,-2.46168224830063
7.684,-2.47121529567034
7.6845,-2.47943344012992
7.685,-2.48600795581474
7.6855,-2.49192502002027
7.686,-2.49586972953763
7.6865,-2.50014316489061
7.687,-2.5017867938843
7.6875,-2.50211551968382
7.688,-2.50244424548361
7.6885,-2.50047189068882
7.689,-2.49751335851431
7.6895,-2.49323992318854
7.69,-2.48830903632906
7.6905,-2.48206324639134
7.691,-2.47384510187972
7.6915,-2.4656269575306
7.692,-2.45543645876282
7.6925,-2.44425978298081
7.693,-2.43143947877447
7.6935,-2.41796172349196
7.694,-2.40349779147262
7.6945,-2.38706150568654
7.695,-2.37029649483899
7.6955,-2.35188785623451
7.696,-2.33249304141549
7.6965,-2.31211205051055
7.697,-2.29074488365358
7.6975,-2.26773408974577
7.698,-2.24373712023932
7.6985,-2.21842524970429
7.699,-2.19311338060689
7.6995,-2.16582915967152
7.7,-2.13755876381153
7.7005,-2.10895964420122
7.701,-2.07871689896151
7.7015,-2.04715925385622
7.702,-2.01527288544075
7.7025,-1.98174289210648
7.703,-1.94788417573584
7.7035,-1.91303928564038
7.704,-1.8765507713212
7.7045,-1.83940480906543
7.705,-1.80258757486714
7.7055,-1.7634692664715
7.706,-1.7233647853396
7.7065,-1.68391775774608
7.707,-1.643155832346
7.7075,-1.60042155906812
7.708,-1.55768728917186
7.7085,-1.51429557237864
7.709,-1.4705751338802
7.7095,-1.42488234838626
7.71,-1.37951829156234
7.7105,-1.33349678823834
7.711,-1.28616038853607
7.7115,-1.23915271749576
7.712,-1.19050142536853
7.7125,-1.14152141209981
7.713,-1.09319885234266
7.7135,-1.04323267185975
7.714,-0.992937770282366
7.7145,-0.941656697982447
7.715,-0.890375629452774
7.7155,-0.83909456460777
7.716,-0.786169879662547
7.7165,-0.734231372607096
7.717,-0.680977970285048
7.7175,-0.627395846887212
7.718,-0.574799900986649
7.7185,-0.520889059885475
7.719,-0.466978222175141
7.7195,-0.412409938575893
7.72,-0.357841658245717
7.7205,-0.303273381081506
7.721,-0.24870510698015
7.7215,-0.193808111322352
7.722,-0.13858239405599
7.7225,-0.0833566796079997
7.723,-0.028788416805213
7.7235,0.0261085679052553
7.724,0.0810055501457543
7.7245,0.135573805597706
7.725,0.190799507636778
7.7255,0.245696483097268
7.726,0.300593456507723
7.7265,0.355490427973124
7.727,0.409401224507032
7.7275,0.463969468073677
7.728,0.518208985682704
7.7285,0.572448501799239
7.729,0.625373119213532
7.7295,0.67862645971777
7.73,0.732537247699196
7.7305,0.784475688757042
7.731,0.837071577506106
7.7315,0.88769511962918
7.732,0.939962282517009
7.7325,0.990257099016213
7.733,1.04055191498984
7.7335,1.09150417908504
7.734,1.13982664855876
7.7345,1.18913529060772
7.735,1.23745775962279
7.7355,1.28512277996306
7.736,1.33213035170062
7.7365,1.37880919918018
7.737,1.4251593224652
7.7375,1.46920837593471
7.738,1.51391487815451
7.7385,1.55796393205539
7.739,1.60036936482092
7.7395,1.64244607362014
7.74,1.68386533420049
7.7405,1.72462714658916
7.741,1.76473151080942
7.7415,1.8025348053685
7.742,1.84099554898002
7.7425,1.87781267152938
7.743,1.91331489730077
7.7435,1.94914584786798
7.744,1.98366190165279
7.7445,2.01752050728311
7.745,2.05006421608693
7.7455,2.08030685501205
7.746,2.11087821872324
7.7465,2.1407921342077
7.747,2.16840497968472
7.7475,2.19601782557336
7.748,2.22165832570733
7.7485,2.24762755058644
7.749,2.27096698088033
7.7495,2.29364896274919
7.75,2.31567349617307
7.7505,2.33671185674533
7.751,2.3561065956513
7.7515,2.37484388601614
7.752,2.39226627902275
7.7525,2.40870249902998
7.753,2.42283764838568
7.7535,2.4369727978815
7.754,2.44979304987248
7.7545,2.46162712873815
7.755,2.4721463100374
7.7555,2.48102186932165
7.756,2.48891125540091
7.7565,2.49515701941311
7.757,2.50074533460663
7.7575,2.50501875212337
7.758,2.50797727195071
7.7585,2.50994961850594
7.759,2.51060706735833
7.7595,2.51027834293209
7.76,2.50830599637637
7.7605,2.50501875212337
7.761,2.50140278345447
7.7615,2.49614319268086
7.762,2.48956870424293
7.7625,2.48167931815983
7.763,2.4724750344543
7.7635,2.462284577567
7.764,2.45077922310743
7.7645,2.43828769551621
7.765,2.42415254600726
7.7655,2.40935994783414
7.766,2.39358117661651
7.7665,2.37583005919973
7.767,2.35709276882259
7.7675,2.3373693055178
7.768,2.3173171180826
7.7685,2.29529258463604
7.769,2.27293932711734
7.7695,2.24828499932268
7.77,2.22395939625045
7.7705,2.19700399864859
7.771,2.17037732580582
7.7715,2.14177830725351
7.772,2.11252184044131
7.7725,2.08260792538295
7.773,2.05105038908856
7.7735,2.01883540459925
7.774,1.98563424759831
7.7745,1.95144691810516
7.775,1.91627341613617
7.7755,1.88011374170439
7.776,1.84329661912584
7.7765,1.80549332409123
7.777,1.76637513230331
7.7775,1.72692821665575
7.778,1.68649512853604
7.7785,1.64507586793172
7.779,1.60267043482474
7.7795,1.55993627775896
7.78,1.51720212097392
7.7805,1.47183817017706
7.781,1.42713166813971
7.7815,1.3814389934063
7.782,1.33508887020157
7.7825,1.28808129846468
7.783,1.24008755385085
7.7835,1.19209380912359
7.784,1.14311389136972
7.7845,1.09380524906701
7.785,1.04351043356188
7.7855,0.993873066194288
7.786,0.943249525443097
7.7865,0.891311086895953
7.787,0.839701371920645
7.7875,0.787762931830323
7.788,0.734509593579887
7.7885,0.681913702920105
7.789,0.628331638162235
7.7895,0.575078296483863
7.79,0.521167504781172
7.7905,0.467256711609482
7.791,0.413017192506181
7.7915,0.357791498592437
7.792,0.30420942474677
7.7925,0.248983727070721
7.793,0.193429302916726
7.7935,0.13918977425243
7.794,0.0836353456419892
7.7945,0.0290670879682692
7.795,-0.0255011721403378
7.7955,-0.0803981592686147
7.796,-0.135623873568637
7.7965,-0.190849590681305
7.797,-0.24574658618065
7.7975,-0.300314860118894
7.798,-0.354883137114403
7.7985,-0.409122692681367
7.799,-0.463690976080765
7.7995,-0.517601813587556
7.8,-0.570855205179176
7.8005,-0.624766049511859
7.801,-0.678019448040167
7.8015,-0.731272850159883
7.802,-0.783540081751146
7.8025,-0.835478592223487
7.803,-0.88774583116669
7.8035,-0.938369449887592
7.804,-0.989650521943261
7.8045,-1.04060287299127
7.805,-1.08991160351017
7.8055,-1.13954906265112
7.806,-1.18787162590206
7.8065,-1.23553674294969
7.807,-1.2832018636783
7.8075,-1.33086698815661
7.808,-1.37688849127533
7.8085,-1.42290999801552
7.809,-1.46794533317662
7.8095,-1.51199449658302
7.81,-1.5553862131955
7.8105,-1.59877793324066
7.811,-1.64019730562448
7.8115,-1.68128795601233
7.812,-1.72204988437165
7.8125,-1.76149691486723
7.813,-1.80028649781919
7.8135,-1.83743245716482
7.814,-1.87457841927299
7.8145,-1.91073820808048
7.815,-1.94624054878822
7.8155,-1.98042799045521
7.816,-2.01297180739111
7.8165,-2.04518690110795
7.817,-2.07641582060028
7.8175,-2.10698729119037
7.818,-2.13591513619929
7.8185,-2.16385680641483
7.819,-2.1917984783552
7.8195,-2.21711034737821
7.82,-2.2424222178383
7.8205,-2.26641918727321
7.821,-2.28877252984265
7.8215,-2.31079714790444
7.822,-2.33150686441411
7.8225,-2.35057295350729
7.823,-2.36931031775082
7.8235,-2.38541787714291
7.824,-2.40284034002895
7.8245,-2.41730427202579
7.825,-2.43111075303073
7.8255,-2.44393105722703
7.826,-2.45477900723796
7.8265,-2.4646407802196
7.827,-2.47351637610264
7.8275,-2.48140579482442
7.828,-2.48798031054052
7.8285,-2.49291119739608
7.829,-2.49784208431043
7.8295,-2.50014316489061
7.83,-2.50211551968382
7.8305,-2.50277297128365
7.831,-2.50145806808504
7.8315,-2.50014316489061
7.832,-2.49652718112752
7.8325,-2.49225374581194
7.833,-2.48666540738895
7.8335,-2.47943344012992
7.834,-2.47253019877295
7.8345,-2.46266842560462
7.835,-2.4524779269091
7.8355,-2.44097252545465
7.836,-2.42782349560754
7.8365,-2.4143457404407
7.837,-2.39856690566994
7.8375,-2.38245934578036
7.838,-2.3653656094209
7.8385,-2.34662824534977
7.839,-2.32756215643111
7.8395,-2.30619498881437
7.84,-2.28417037098511
7.8405,-2.26115957742229
7.841,-2.23683388267751
7.8415,-2.21185073811263
7.842,-2.18588141827025
7.8425,-2.15793974669628
7.843,-2.12999807684423
7.8435,-2.09975533022289
7.844,-2.06984131105957
7.8445,-2.03861239200697
7.845,-2.00541112244962
7.8455,-1.97220985521674
7.846,-1.9376936887507
7.8465,-1.90284879938597
7.847,-1.86603156048844
7.8475,-1.82921432432938
7.848,-1.79141091501802
7.8485,-1.75229260748108
7.849,-1.71317430292518
7.8495,-1.67208365004775
7.85,-1.63066427518901
7.8505,-1.58858745322193
7.851,-1.54519573398759
7.8515,-1.50180401817375
7.852,-1.45742613048446
7.8525,-1.41206207109728
7.853,-1.36669801527476
7.8535,-1.31969033793877
7.854,-1.27268266430091
7.8545,-1.22468881943847
7.855,-1.1766949782921
7.8555,-1.12738624118474
7.856,-1.07840623272631
7.8565,-1.02876877821101
7.857,-0.977816428053323
7.8575,-0.92653535687404
7.858,-0.875911738998918
7.8585,-0.823644500908764
7.859,-0.771705991263784
7.8595,-0.719110035774059
7.86,-0.666185359171326
7.8605,-0.612274512095148
7.861,-0.558692393223354
7.8615,-0.505439002394505
7.862,-0.451199441033344
7.8625,-0.396631158389967
7.863,-0.342720328116423
7.8635,-0.287494602717878
7.864,-0.232597604954371
7.8645,-0.177700610155575
7.865,-0.122474893722279
7.8655,-0.067906629032182
7.866,-0.0123521935727148
7.8665,0.0415586170445049
7.867,0.0967843230421594
7.8675,0.152010026676957
7.868,0.206578279242692
7.8685,0.261803978497374
7.869,0.316700951326241
7.8695,0.370940473498305
7.87,0.42517999390295
7.8705,0.479748236992552
7.871,0.533659029815014
7.8715,0.587241096858035
7.872,0.641480611221482
7.8725,0.693747778412573
7.873,0.746672393145855
7.8735,0.799268282558336
7.874,0.85153544676028
7.8745,0.902816437266839
7.875,0.954754875664334
7.8755,1.00472096771251
7.876,1.05534450783498
7.8765,1.10531059896574
7.877,1.1546192411988
7.8775,1.20327043462184
7.878,1.2509354550381
7.8785,1.29860047535812
7.879,1.34560804709475
7.8795,1.39228689459209
7.88,1.43830829363382
7.8805,1.48235734715334
7.881,1.52706384944045
7.8815,1.56979800628588
7.882,1.61253216342348
7.8825,1.65428014803362
7.883,1.69569940872327
7.8835,1.73613249693594
7.884,1.77492196408401
7.8845,1.81371143166863
7.885,1.85250089972686
7.8855,1.88767440086417
7.886,1.92383407539732
7.8865,1.9593363017917
7.887,1.99253745842065
7.8875,2.02573861552165
7.888,2.05795360011266
7.8885,2.08951113651109
7.889,2.11909632732723
7.8895,2.14901024293839
7.89,2.17695181289136
7.8905,2.20324976147102
7.891,2.22954771043931
7.8915,2.2542020379603
7.892,2.27721274397228
7.8925,2.30055217468523
7.893,2.32224798382151
7.8935,2.3426288957076
7.894,2.36169491029712
7.8945,2.38010347633615
7.895,2.39686842060609
7.8955,2.41231846745657
7.896,2.42743979006653
7.8965,2.44091749078931
7.897,2.4530802939917
7.8975,2.4642569240554
7.898,2.47411865654001
7.8985,2.48299421583715
7.899,2.49055487750657
7.8995,2.49680064152643
7.9,2.50238895672683
7.9005,2.50633364982359
7.901,2.50863472080212
7.9015,2.50994961850594
7.902,2.51060706735833
7.9025,2.50929216965387
7.903,2.50764854752512
7.9035,2.50469002769852
7.904,2.49975916133549
7.9045,2.4941708461461
7.905,2.48726763329726
7.9055,2.47839207397213
7.906,2.46951651470501
7.9065,2.45866860901225
7.907,2.44782070340468
7.9075,2.43434300261578
7.908,2.42020785314616
7.9085,2.40541525501366
7.909,2.38832158624853
7.9095,2.37089919328832
7.91,2.35183317858309
7.9105,2.33145226657567
7.911,2.31107135483545
7.9115,2.28904682147491
7.912,2.26636483966979
7.9125,2.24138178760491
7.913,2.2160700115438
7.9135,2.18977206277612
7.914,2.16215921698176
7.9145,2.13421764724856
7.915,2.10463245620697
7.9155,2.07373236825216
7.916,2.04184610775754
7.9165,2.00963112340233
7.917,1.9757725178871
7.9175,1.94158518853214
7.918,1.90575423806976
7.9185,1.86959456377682
7.919,1.83244871702517
7.9195,1.79431669781943
7.92,1.75552723045772
7.9205,1.71509414204205
7.921,1.67466105403866
7.9215,1.63258434496434
7.922,1.59017891195818
7.9225,1.54810220354634
7.923,1.50405314970426
7.9235,1.45934664753173
7.924,1.41398269698121
7.9245,1.36796129800018
7.925,1.32128245053101
7.9255,1.27394615451071
7.926,1.22660985842822
7.9265,1.17795866509673
7.927,1.12897874727381
7.9275,1.07967010487987
7.928,1.02904656497267
7.9285,0.978751748885936
7.929,0.927799483667786
7.9295,0.876189769211022
7.93,0.824908778311244
7.9305,0.772312889353937
7.931,0.71971699943928
7.9315,0.666134935508743
7.932,0.612881594720869
7.9325,0.559299528326835
7.933,0.505388736204485
7.9335,0.451477942584035
7.934,0.397238422999871
7.9345,0.342670177320408
7.935,0.288101929798621
7.9355,0.233204955930918
7.936,0.178636704402506
7.9365,0.122753553015357
7.937,0.0685140214643266
7.9375,0.0132883142157543
7.938,-0.0412799466161343
7.9385,-0.095848210015833
7.939,-0.151402649594864
7.9395,-0.206628367530775
7.94,-0.261525363878729
7.9405,-0.315764914134208
7.941,-0.370661916589161
7.9415,-0.425887646867723
7.942,-0.479141032830915
7.9425,-0.53305187129757
7.943,-0.586962713177496
7.9435,-0.64021610921451
7.944,-0.693469508774901
7.9445,-0.746065462510081
7.945,-0.798661419867988
7.9455,-0.850928656172516
7.946,-0.902209721860233
7.9465,-0.953490791252368
7.947,-1.0047718644345
7.9475,-1.05473804203134
7.948,-1.10437549849692
7.9485,-1.15269805909051
7.949,-1.2020067981639
7.9495,-1.25000064126137
7.95,-1.29733703812939
7.9505,-1.34434471369861
7.951,-1.3903662178715
7.9515,-1.43573027554645
7.952,-1.48076561172223
7.9525,-1.52448605101658
7.953,-1.56787776861194
7.9535,-1.61028331413799
7.954,-1.6523601378071
7.9545,-1.69279333869483
7.955,-1.73322654270564
7.9555,-1.77300229933277
7.956,-1.81080570726689
7.9565,-1.84828039271469
7.957,-1.88542635563577
7.9575,-1.92092869449965
7.958,-1.95577358516242
7.9585,-1.98930357667153
7.959,-2.02316229598172
7.9595,-2.05439121400431
7.96,-2.0849626831424
7.9605,-2.11586287980583
7.961,-2.14446199984765
7.9615,-2.17240367058931
7.962,-2.19968789192312
7.9625,-2.22499976139295
7.963,-2.24932545548727
7.9635,-2.27299369967535
7.964,-2.2960044938596
7.9645,-2.31704293531897
7.965,-2.33742392645619
7.9655,-2.3564900158115
7.966,-2.37456992891402
7.9665,-2.39133493992971
7.967,-2.40711377443107
7.9675,-2.4215777065742
7.968,-2.4350554619725
7.9685,-2.4472183147764
7.969,-2.4583949906375
7.9695,-2.46792803793199
7.97,-2.47614618232658
7.9705,-2.48370687531319
7.971,-2.48962393948584
7.9715,-2.49521227794879
7.972,-2.49849953590346
7.9725,-2.50112934228604
7.973,-2.50310169708396
7.9735,-2.50277297128365
7.974,-2.50145806808504
7.9745,-2.49915698749753
7.975,-2.49554100374308
7.9755,-2.4912675684377
7.976,-2.48535050424156
7.9765,-2.47844726278619
7.977,-2.46990039257188
7.9775,-2.46003861946583
7.978,-2.44951939507632
7.9785,-2.43702781645728
7.979,-2.42420751247168
7.9795,-2.41007230596551
7.98,-2.394293471354
7.9805,-2.37785718592392
7.981,-2.36010599837091
7.9815,-2.34071118318131
7.982,-2.32164509452409
7.9825,-2.29962047591303
7.983,-2.27792458404158
7.9835,-2.25359888837163
7.984,-2.22960191963281
7.9845,-2.2039613243304
7.985,-2.17799200494469
7.9855,-2.15005033385832
7.986,-2.12145121346655
7.9865,-2.09120846740753
7.987,-2.06030827239053
7.9875,-2.02907935397403
7.988,-1.99620681050961
7.9885,-1.96267681851672
7.989,-1.92816065273301
7.9895,-1.89200086263865
7.99,-1.85551234987923
7.9905,-1.81803766388956
7.991,-1.77990553013664
7.9915,-1.74111594873401
7.992,-1.7010114693371
7.9925,-1.66057826781799
7.993,-1.61883016867802
7.9935,-1.57609589733113
7.994,-1.53336162933768
7.9945,-1.48898373914848
7.995,-1.44460585246677
7.9955,-1.399241794093
7.996,-1.35256283917959
7.9965,-1.30687006294628
7.997,-1.258876215394
7.9975,-1.21088237160775
7.998,-1.16255980659784
7.9985,-1.11325107057967
7.999,-1.06427106318158
7.9995,-1.01397616002879
8,-0.963023810977647
8.0005,-0.912400190480253
8.001,-0.860132949744947
8.0015,-0.809180611782422
8.002,-0.756255928962352
8.0025,-0.70365997453248
8.003,-0.651064023650895
8.0035,-0.596824452922901
8.004,-0.54389978432517
8.0045,-0.489331495942595
8.005,-0.436078109368059
8.0055,-0.381181103053699
8.006,-0.32661282454799
8.0065,-0.272044549149237
8.007,-0.216490103183828
8.0075,-0.161921833741136
8.008,-0.107024842604601
8.0085,-0.0517991297191217
8.009,0.003426580515942
8.0095,0.0566799415467943
8.01,0.112563095745678
8.0105,0.167460074309199
8.011,0.222357050673067
8.0115,0.277582749332989
8.012,0.332150997221776
8.0125,0.386390518880079
8.013,0.440301314441692
8.0135,0.49519828143066
8.014,0.549109073828566
8.0145,0.602362416146654
8.015,0.656273205824528
8.0155,0.709197821333341
8.016,0.761464987140442
8.0165,0.813732151983317
8.017,0.866328040251693
8.0175,0.916951581960609
8.018,0.968890020180219
8.0185,1.01951356065441
8.019,1.06947965207517
8.0195,1.11878829453877
8.02,1.16875438525587
8.0205,1.21707685434255
8.021,1.26474187472386
8.0215,1.31207817075099
8.022,1.35941446677014
8.0225,1.40444969289798
8.023,1.45014236769685
8.0235,1.49484886982775
8.024,1.53856919933445
8.0245,1.58196080482391
8.025,1.62469496205371
8.0255,1.66545677389603
8.026,1.70687603469227
8.0265,1.74632295012955
8.027,1.78576986599007
8.0275,1.82455933370342
8.028,1.86170518035662
8.0285,1.8985223031731
8.029,1.93369580490147
8.0295,1.96886930711346
8.03,2.00207046387557
8.0305,2.03494289678486
8.031,2.06682915717658
8.0315,2.09740052068614
8.032,2.12797188465812
8.0325,2.15624217865086
8.033,2.18418374871269
8.0335,2.21048169739807
8.034,2.23579347337765
8.0345,2.26077652535985
8.035,2.28444468021369
8.0355,2.3061404891314
8.036,2.3275075739601
8.0365,2.34755976152687
8.037,2.36662577617825
8.0375,2.38470561788145
8.038,2.40081311340334
8.0385,2.41692060910356
8.039,2.4307270341334
8.0395,2.44387601047744
8.04,2.45603881370565
8.0405,2.46688671937769
8.041,2.47707717629927
8.0415,2.48529528677553
8.042,2.49219849961424
8.0425,2.49877298806507
8.043,2.50271768115111
8.0435,2.50666237424885
8.044,2.50896344522795
8.0445,2.50994961850594
8.045,2.50994961850594
8.0455,2.50896344522795
8.046,2.50666237424885
8.0465,2.50238895672683
8.047,2.49778681479539
8.0475,2.49186977519254
8.048,2.48430911351574
8.0485,2.47576227862769
8.049,2.46622927054664
8.0495,2.45472391605422
8.05,2.44354728606734
8.0505,2.42974086091254
8.051,2.41527698708509
8.0515,2.39982694020303
8.052,2.38306199589934
8.0525,2.36531087860837
8.053,2.34591613958535
8.0535,2.32586395203989
8.054,2.30449686723343
8.0545,2.28214360958795
8.055,2.25847545476707
8.0555,2.23349240281879
8.056,2.20850935123322
8.0565,2.18122522950959
8.057,2.15361238384312
8.0575,2.12501336554334
8.058,2.09509945029858
8.0585,2.06419936248709
8.059,2.03231310213432
8.0595,1.9994406692634
8.06,1.96525333957323
8.0605,1.93007983741223
8.061,1.89523506004464
8.0615,1.8580892129629
8.062,1.82094336635432
8.0625,1.78281134728499
8.063,1.74303570716081
8.0635,1.70326006746367
8.064,1.66151208241208
8.0645,1.62042154631554
8.065,1.57801611340351
8.0655,1.53429578365742
8.066,1.49090417845505
8.0665,1.44619767634125
8.067,1.40017627727612
8.0675,1.35481232687786
8.068,1.30747603086089
8.0685,1.2604684591076
8.069,1.21247471443708
8.0695,1.16382352105215
8.07,1.11484360315399
8.0705,1.06487751209354
8.071,1.01458269634514
8.0715,0.963959155819327
8.072,0.912678166128398
8.0725,0.861068451462033
8.073,0.809458736023895
8.0735,0.756862846794943
8.074,0.70426695658152
8.0745,0.651013616642962
8.075,0.597431551172745
8.0755,0.544178208730619
8.076,0.490267416198103
8.0765,0.435370449062718
8.077,0.381459653348143
8.0775,0.327220131526766
8.078,0.271994434680964
8.0785,0.217097460215626
8.079,0.16187175922841
8.0795,0.107303504865783
8.08,0.0520777993264369
8.0805,-0.00216173528324876
8.081,-0.0573874457816488
8.0815,-0.112941883432555
8.082,-0.167181425853187
8.0825,-0.22207842009588
8.083,-0.276646692740141
8.0835,-0.331872417520032
8.084,-0.386440696330655
8.0845,-0.441008978361281
8.085,-0.494919814473705
8.0855,-0.549159378570358
8.086,-0.601755322839871
8.0865,-0.656323618582012
8.087,-0.708590845108117
8.0875,-0.761186799875375
8.088,-0.813782758291903
8.0885,-0.865063821349736
8.089,-0.917002337647101
8.0895,-0.968612132946682
8.09,-1.01824958302586
8.0905,-1.06920193624418
8.091,-1.11851066890825
8.0915,-1.16749068040887
8.092,-1.21548452085059
8.0925,-1.26380708996775
8.093,-1.31147221291202
8.0935,-1.3571649894989
8.094,-1.40351521972954
8.0945,-1.44920800351683
8.095,-1.49292844035578
8.0955,-1.53697760573156
8.096,-1.58004059916037
8.0965,-1.62244614563975
8.097,-1.6641942450632
8.0975,-1.70495617209132
8.098,-1.74506065179348
8.0985,-1.78352150821413
8.099,-1.82165364223991
8.0995,-1.85945705383153
8.1,-1.8952881161731
8.1005,-1.93111918113223
8.101,-1.9653066217254
8.1015,-1.99949406475342
8.102,-2.03170915755002
8.1025,-2.06326680161177
8.103,-2.09416699682571
8.1035,-2.12375229205253
8.104,-2.15268013812241
8.1045,-2.17996435826312
8.105,-2.20659112890901
8.1055,-2.23190299877062
8.106,-2.25655741885427
8.1065,-2.2792394865486
8.107,-2.30159282977301
8.1075,-2.32263127150297
8.108,-2.34301226290382
8.1085,-2.36207835250709
8.109,-2.37917208873498
8.1095,-2.39593709993196
8.11,-2.41105848314826
8.1105,-2.42552241542658
8.111,-2.43867144520168
8.1115,-2.45050557235159
8.112,-2.46069607099897
8.1125,-2.47022911834611
8.113,-2.47844726278619
8.1135,-2.48535050424156
8.114,-2.49159629422885
8.1145,-2.49586972953763
8.115,-2.49915698749753
8.1155,-2.5017867938843
8.116,-2.50244424548361
8.1165,-2.50211551968382
8.117,-2.50112934228604
8.1175,-2.49784208431043
8.118,-2.49389737477424
8.1185,-2.48929521369626
8.119,-2.4833781495283
8.1195,-2.47548873076903
8.12,-2.46694186061555
8.1205,-2.4570800875795
8.121,-2.44590341175355
8.1215,-2.4337405589878
8.122,-2.42059152936688
8.1225,-2.40547014580976
8.123,-2.38969131136956
8.1235,-2.37259757472023
8.124,-2.35451766170103
8.1245,-2.33512284676352
8.125,-2.31507058138888
8.1255,-2.29337468874866
8.126,-2.27069262032341
8.1265,-2.24702437625897
8.127,-2.22236995670584
8.1275,-2.19640063625296
8.128,-2.16911641511846
8.1285,-2.14117474457931
8.129,-2.11257562474308
8.1295,-2.08266160475018
8.13,-2.05110395937768
8.1305,-2.01987504157363
8.131,-1.98634504791441
8.1315,-1.95248633121899
8.132,-1.91797016616245
8.1325,-1.88148165147622
8.133,-1.84532186481404
8.1335,-1.80751845429092
8.134,-1.76905759605824
8.1345,-1.72928183973666
8.135,-1.68950608647407
8.1355,-1.64808671025177
8.136,-1.60600988691889
8.1365,-1.56360434172686
8.137,-1.52054134958616
8.1375,-1.47649218550799
8.138,-1.43145684967096
8.1385,-1.38543534225141
8.139,-1.3394138384648
8.1395,-1.29273488827179
8.14,-1.24539849176168
8.1405,-1.1974046490204
8.141,-1.14809591030597
8.1415,-1.10010207494472
8.142,-1.05013589393884
8.1425,-0.999512267008131
8.143,-0.9485599190321
8.1435,-0.897278849999877
8.144,-0.845997784663845
8.1445,-0.793730548709297
8.145,-0.741134591694943
8.1455,-0.68853863829466
8.146,-0.63495651438894
8.1465,-0.582360568003237
8.147,-0.52877845105196
8.1475,-0.473552714400629
8.148,-0.420628053364158
8.1485,-0.365073598828141
8.149,-0.310834045804678
8.1495,-0.255608322212846
8.15,-0.201040050702508
8.1505,-0.14581433305916
8.151,-0.0909173427329318
8.1515,-0.0356916306315307
8.152,0.0178904565814145
8.1525,0.0734448880638077
8.153,0.128670592684154
8.1535,0.183896295003354
8.154,0.238135821930394
8.1545,0.293032795616955
8.155,0.347601042968029
8.1555,0.402169288486097
8.156,0.456737532274267
8.1565,0.510977050089943
8.157,0.5645591177257
8.1575,0.61879863264707
8.158,0.671394524657178
8.1585,0.72464786416194
8.159,0.777572478291225
8.1595,0.828853469947023
8.16,0.881120633680431
8.1605,0.93240162377714
8.161,0.983353888941409
8.1615,1.03364870498239
8.162,1.08460096913453
8.1625,1.13325216293316
8.163,1.18190335645477
8.1635,1.23088327405109
8.164,1.27821957012521
8.1645,1.3255558661432
8.165,1.37256343789422
8.1655,1.41825611260649
8.166,1.46329133889184
8.1665,1.50799784108295
8.167,1.55171817066464
8.1675,1.59412360338675
8.168,1.63620031213584
8.1685,1.67827702124278
8.169,1.71871010928133
8.1695,1.7584857491396
8.17,1.79727521653472
8.1705,1.83507851147026
8.171,1.872553082565
8.1715,1.90838403258246
8.172,1.94421498308115
8.1725,1.97905976111963
8.173,2.01193219369805
8.1735,2.04447590241955
8.174,2.07537598994018
8.1745,2.10660480226263
8.175,2.13586126898623
8.1755,2.16413156309622
8.176,2.19174440892028
8.1765,2.21837108207956
8.177,2.24302540943993
8.1775,2.26800846152923
8.178,2.29036171898052
8.1785,2.31271497674021
8.179,2.3334246128872
8.1795,2.35314807614126
8.18,2.37221409086311
8.1805,2.38963648383876
8.181,2.40640142821777
8.1815,2.42053657755084
8.182,2.43467172702372
8.1825,2.44782070340468
8.183,2.45965478225351
8.1835,2.47050268795406
8.184,2.4793782472276
8.1845,2.48693890887677
8.185,2.49449957056836
8.1855,2.50008788575912
8.186,2.50436130327375
8.1865,2.50764854752512
8.187,2.50962089407986
8.1875,2.51027834293209
8.188,2.50994961850594
8.1885,2.50830599637637
8.189,2.5053474765483
8.1895,2.50074533460663
8.19,2.4958144682582
8.1905,2.48989742866406
8.191,2.48200804257904
8.1915,2.4724750344543
8.192,2.46294202639615
8.1925,2.45176539634308
8.193,2.43993131756132
8.1935,2.42579616803594
8.194,2.41067484544336
8.1945,2.39522479861037
8.195,2.37747368117382
8.1955,2.3593938395581
8.196,2.34032782499735
8.1965,2.31961818875884
8.197,2.29792237965848
8.1975,2.27556912210368
8.198,2.25190096737654
8.1985,2.22626046679663
8.199,2.20029124223662
8.1995,2.17399329369996
8.2,2.14572299944186
8.2005,2.11613780822585
8.201,2.08622389311384
8.2015,2.0549950810996
8.202,2.02310882088203
8.2025,1.98957893949431
8.203,1.95539160994528
8.2035,1.9208755565534
8.204,1.8843871577487
8.2045,1.84822748372998
8.205,1.81009546433198
8.2055,1.77064854819103
8.206,1.7318590810888
8.2065,1.69142599291956
8.207,1.64967800798044
8.2075,1.60891619626853
8.208,1.56552459058901
8.2085,1.52246170948783
8.209,1.47742648294432
8.2095,1.43304870516486
8.21,1.38735603041609
8.2105,1.34067718292587
8.211,1.29432705974536
8.2115,1.24567586658435
8.212,1.19801084615326
8.2125,1.14935965270726
8.213,1.10037973472567
8.2135,1.05041364355742
8.214,1.00044755196574
8.2145,0.949495286995609
8.215,0.897885572826497
8.2155,0.846275857947841
8.216,0.794994866578781
8.2165,0.741741528463474
8.217,0.688816913630844
8.2175,0.63589229768045
8.218,0.582310231849807
8.2185,0.528070715993755
8.219,0.474817371719742
8.2195,0.420577852843817
8.22,0.366009607920854
8.2205,0.311112636816172
8.221,0.256873112577151
8.2215,0.201318688727015
8.222,0.146750435953473
8.2225,0.0918534565328702
8.223,0.0356415769715883
8.2235,-0.0179405094460409
8.224,-0.0731662206938867
8.2245,-0.127734485641781
8.225,-0.182960202346099
8.2255,-0.237857197424392
8.226,-0.292754195477453
8.2265,-0.347651196610267
8.227,-0.402219476341379
8.2275,-0.456459034716103
8.228,-0.510698596402864
8.2285,-0.564280712208141
8.229,-0.617534106773558
8.2295,-0.670787504821535
8.23,-0.724040906447906
8.2305,-0.776308137542303
8.231,-0.828575372266712
8.2315,-0.880513885929829
8.232,-0.932123678549966
8.2325,-0.982747300482612
8.233,-1.03337092615627
8.2335,-1.08300838101565
8.234,-1.13264583962845
8.2345,-1.18195457714269
8.235,-1.22929096878364
8.2355,-1.276956089026
8.236,-1.32396376299733
8.2365,-1.37097144067278
8.237,-1.41666422188614
8.2375,-1.46169955655461
8.238,-1.50640616969037
8.2385,-1.54946916072919
8.239,-1.59253215514191
8.2395,-1.6342802522307
8.24,-1.67569962737178
8.2405,-1.7167902805332
8.241,-1.75590858536307
8.2415,-1.79502689317749
8.242,-1.83250157744735
8.2425,-1.86964753918695
8.243,-1.90580732763149
8.2435,-1.9409809425934
8.244,-1.97549710929519
8.2445,-2.0083696513254
8.245,-2.0412421956363
8.2455,-2.07279984034138
8.246,-2.10337131069244
8.2465,-2.13262788099257
8.247,-2.1605695510061
8.2475,-2.18785377162324
8.248,-2.21415181715869
8.2485,-2.23913496185283
8.249,-2.26346065672433
8.2495,-2.28647145040783
8.25,-2.30750989140656
8.2505,-2.32887705908811
8.251,-2.34827187374433
8.2515,-2.36635178649997
8.252,-2.38410297431257
8.2525,-2.40021053426446
8.253,-2.41533191763343
8.2535,-2.4288096728318
8.254,-2.44195870270979
8.2545,-2.45346410419135
8.255,-2.46332587714191
8.2555,-2.47253019877295
8.256,-2.480419617476
8.2565,-2.48765158475223
8.257,-2.49323992318854
8.2575,-2.49685590692286
8.258,-2.50014316489061
8.2585,-2.50145806808504
8.259,-2.50277297128365
8.2595,-2.5017867938843
8.26,-2.50047189068882
8.2605,-2.49718463271845
8.261,-2.49291119739608
8.2615,-2.48765158475223
8.262,-2.48074834325855
8.2625,-2.47285892454925
8.263,-2.46365460291095
8.2635,-2.45346410419135
8.264,-2.44228742846202
8.2645,-2.42979585005837
8.265,-2.41566064336485
8.2655,-2.40086798570405
8.266,-2.38410297431257
8.2665,-2.3676666892756
8.267,-2.348600599424
8.2675,-2.32986323608349
8.268,-2.30882479400273
8.2685,-2.28680017604063
8.269,-2.26444683357175
8.2695,-2.24012113864591
8.27,-2.21448054273767
8.2705,-2.18916867386338
8.271,-2.16155572762621
8.2715,-2.13328533203202
8.272,-2.10435748718906
8.2725,-2.07378601677283
8.273,-2.0422283720011
8.2735,-2.01001327848659
8.274,-1.97681201093289
8.2745,-1.94262456952314
8.275,-1.90712222907968
8.2755,-1.87129116587683
8.276,-1.83414520401444
8.2765,-1.79634179433279
8.277,-1.75788093694581
8.2775,-1.71810518148782
8.278,-1.6776719786499
8.2785,-1.63625260335466
8.279,-1.59450450611267
8.2795,-1.55111278640788
8.28,-1.5073923450203
8.2805,-1.46334318197478
8.281,-1.41765039705996
8.2815,-1.37261506583416
8.282,-1.32626483804154
8.2825,-1.27892843890926
8.283,-1.23159204346905
8.2835,-1.18326947686219
8.284,-1.13428946415093
8.2845,-1.08498073029238
8.285,-1.03534327528534
8.2855,-0.985048374295089
8.286,-0.933438577774307
8.2865,-0.88281495940636
8.287,-0.830876445578415
8.2875,-0.778280485955994
8.288,-0.725684530012851
8.2885,-0.673088577656657
8.289,-0.619835179456039
8.2895,-0.565924335446053
8.29,-0.512342219537053
8.2905,-0.458431382355161
8.291,-0.403863099274746
8.2915,-0.349294819447254
8.292,-0.295055267318652
8.2925,-0.239500820076869
8.293,-0.185261273937731
8.2935,-0.130035557114536
8.294,-0.0748098430931721
8.2945,-0.0199128562311756
8.295,0.033669230274293
8.2955,0.0892236610535209
8.296,0.144778089426872
8.2965,0.199675066686851
8.297,0.254243317413012
8.2975,0.309140290513744
8.298,0.363708537313024
8.2985,0.418276782309733
8.299,0.472516301254651
8.2995,0.526098369935462
8.3,0.580337885843344
8.3005,0.633919951721572
8.301,0.68750201635408
8.3015,0.739769182588038
8.302,0.793022520740022
8.3025,0.844960960743442
8.303,0.896241951344948
8.3035,0.947194216951015
8.304,0.997489033369676
8.3045,1.04909874641604
8.305,1.09873611331157
8.3055,1.14771603130306
8.306,1.19636722475641
8.3065,1.24436096947071
8.307,1.29235471407785
8.3075,1.33969101009214
8.308,1.38604113330267
8.3085,1.43140508376874
8.309,1.47611158582233
8.3095,1.52081808807685
8.31,1.5645384177363
8.3105,1.60694385054866
8.311,1.64902055940178
8.3115,1.69011109575006
8.312,1.73054418390603
8.3125,1.76999109959258
8.313,1.80878056711966
8.3135,1.84691258650142
8.314,1.88340098481481
8.3145,1.91956065929051
8.315,1.95440543698466
8.3155,1.98892149084451
8.316,2.02179392356339
8.3165,2.05400890809616
8.317,2.08589516877441
8.3175,2.11548035953726
8.318,2.14473682639401
8.3185,2.17300712063722
8.319,2.19930506915958
8.3195,2.22626046679663
8.32,2.25058606990151
8.3205,2.27458294898331
8.321,2.29792237965848
8.3215,2.31928946437631
8.322,2.33999910061045
8.3225,2.3593938395581
8.323,2.37747368117382
8.3235,2.39489607421145
8.324,2.41034612104095
8.3245,2.42579616803594
8.325,2.43894514433402
8.3255,2.45143667193112
8.326,2.46261330198153
8.3265,2.47280375887128
8.327,2.48167931815983
8.3275,2.48956870424293
8.328,2.4958144682582
8.3285,2.50173150787851
8.329,2.5053474765483
8.3295,2.50830599637637
8.33,2.51027834293209
8.3305,2.51027834293209
8.331,2.51027834293209
8.3315,2.50764854752512
8.332,2.50469002769852
8.3325,2.50008788575912
8.333,2.4941708461461
8.3335,2.48792508213848
8.334,2.48003569606498
8.3345,2.47083141237057
8.335,2.46031223108141
8.3355,2.44880687663823
8.336,2.43598662465628
8.3365,2.42218019957535
8.337,2.40705887702089
8.3375,2.39029393263432
8.338,2.37287153965093
8.3385,2.35446297370057
8.339,2.33441078604391
8.3395,2.31435859864667
8.34,2.29200534086402
8.3405,2.26866591027346
8.341,2.24466903127654
8.3415,2.21935725516724
8.342,2.19273058199317
8.3425,2.16643263356573
8.343,2.13750489072532
8.3435,2.10824842397716
8.344,2.0770196116295
8.3445,2.04644824841815
8.345,2.01357581533928
8.3455,1.98004593409027
8.346,1.94552988035669
8.3465,1.9106851027832
8.347,1.8745254284255
8.3475,1.83737958161157
8.348,1.79859011374237
8.3485,1.7601293706306
8.349,1.72002500646007
8.3495,1.67959191840865
8.35,1.63850138215545
8.3505,1.59609594910206
8.351,1.55303306779905
8.3515,1.50964146249129
8.352,1.4646062360122
8.3525,1.41989973400114
8.353,1.37420705928513
8.3535,1.3275282118104
8.354,1.27986319151527
8.3545,1.23252689544423
8.355,1.184204426413
8.3555,1.13522450862136
8.356,1.0859158662685
8.3565,1.03594977498582
8.357,0.9849975103887
8.3575,0.935031418123013
8.358,0.883092979466305
8.3585,0.831154540065663
8.359,0.778887375524063
8.3595,0.726291485734123
8.36,0.674024319227135
8.3605,0.62011352996189
8.361,0.566860188083542
8.3615,0.512949396163341
8.362,0.45838115404936
8.3625,0.404799083406303
8.363,0.349573389222883
8.3635,0.294676417552883
8.364,0.240436892724445
8.3645,0.185211192650452
8.365,0.130314214809681
8.3655,0.0750885102593651
8.366,0.0205202522110874
8.3665,-0.034048008288227
8.367,-0.0892737203101313
8.3675,-0.143841986053488
8.368,-0.199396428111692
8.3685,-0.253964699534087
8.369,-0.309190423033756
8.3695,-0.363429975963604
8.37,-0.417998256623825
8.3705,-0.471580366727832
8.371,-0.525819929355998
8.3715,-0.580388220079233
8.372,-0.633312891012984
8.3725,-0.686566290111235
8.373,-0.739490968096959
8.3735,-0.791429475513061
8.374,-0.844354160835043
8.3745,-0.89596395084289
8.375,-0.946587570153787
8.3755,-0.997868642820738
8.376,-1.04783481990453
8.3765,-1.0981297256224
8.377,-1.14678101065933
8.3775,-1.19510357446134
8.378,-1.24408359191096
8.3785,-1.29076253834356
8.379,-1.33777021339598
8.3795,-1.38444916713239
8.38,-1.42948449927764
8.3805,-1.4751772851409
8.381,-1.51922644911559
8.3815,-1.56261816629658
8.382,-1.60469498624291
8.3825,-1.64710053466696
8.383,-1.68819118559154
8.3835,-1.72796693875369
8.384,-1.76774269497351
8.3845,-1.80620355310653
8.385,-1.84334951289003
8.3855,-1.88016675009672
8.386,-1.91599781394764
8.3865,-1.95084270425568
8.387,-1.98535887166612
8.3875,-2.01823141437817
8.388,-2.05044650845513
8.3885,-2.08134670281689
8.389,-2.11158944822884
8.3895,-2.14084601905378
8.39,-2.16911641511846
8.3905,-2.19574318512182
8.391,-2.22105505436811
8.3915,-2.24669565065591
8.392,-2.26970644346198
8.3925,-2.29271723747341
8.393,-2.31441313008084
8.3935,-2.33479412109414
8.394,-2.35418893601683
8.3945,-2.37194012332432
8.395,-2.38936258565829
8.3955,-2.40514142008627
8.396,-2.41993407789661
8.3965,-2.43275438175197
8.397,-2.44524596024368
8.3975,-2.45609391028872
8.398,-2.46661313484392
8.3985,-2.47516000499065
8.399,-2.4827206979593
8.3995,-2.48896648790693
8.4,-2.49356864898126
8.4005,-2.49784208431043
8.401,-2.50047189068882
8.4015,-2.50244424548361
8.402,-2.50244424548361
8.4025,-2.50145806808504
8.403,-2.49948571329496
8.4035,-2.49586972953763
8.404,-2.49159629422885
8.4045,-2.48567923002802
8.405,-2.47877598856717
8.4055,-2.47088656989534
8.406,-2.46102479676593
8.4065,-2.45050557235159
8.407,-2.43900017095133
8.4075,-2.42552241542658
8.408,-2.4120446603333
8.4085,-2.39626582564832
8.409,-2.37982954014203
8.4095,-2.36207835250709
8.41,-2.34366971425537
8.4105,-2.3236174484841
8.411,-2.30290773235129
8.4115,-2.28022566343146
8.412,-2.25754359568623
8.4125,-2.23288917554761
8.413,-2.20724858005607
8.4135,-2.18029308381704
8.414,-2.15366631472537
8.4145,-2.12473846859292
8.415,-2.09515317330265
8.4155,-2.06523915443636
8.416,-2.03302405934353
8.4165,-2.00080896645731
8.417,-1.96695024873813
8.4175,-1.93243408264879
8.418,-1.89660301759304
8.4185,-1.8601145044933
8.419,-1.8232972687714
8.4195,-1.78582258518593
8.42,-1.74604682756307
8.4205,-1.70692852347961
8.421,-1.66550914588577
8.4215,-1.62441849672007
8.422,-1.58234167524064
8.4225,-1.53862123137296
8.423,-1.49490079096984
8.4235,-1.45085162890085
8.424,-1.40581629508535
8.4245,-1.35913733964675
8.425,-1.31278711290872
8.4255,-1.2651219898608
8.426,-1.21712814558842
8.4265,-1.16946302994401
8.427,-1.12048301829248
8.4275,-1.07051683573376
8.428,-1.02055065695857
8.4285,-0.969598307416505
8.429,-0.918974686442083
8.4295,-0.867364894776824
8.43,-0.815755106804733
8.4305,-0.763159148249561
8.431,-0.710563193347121
8.4315,-0.657638517320202
8.432,-0.603727670814947
8.4325,-0.550474277136772
8.433,-0.49623471295683
8.4335,-0.442652601365048
8.434,-0.388084319235834
8.4345,-0.333187315767563
8.435,-0.278947764543624
8.4355,-0.224379491774411
8.436,-0.168825048393543
8.4365,-0.114256781398634
8.437,-0.0587023436826701
8.4375,-0.00347663312214948
8.438,0.0497767282098835
8.4385,0.105002433849153
8.439,0.160228137141471
8.4395,0.215782562598251
8.44,0.270022088328248
8.4405,0.32491906086387
8.441,0.379816031500957
8.4415,0.43405555162603
8.442,0.48829507010151
8.4425,0.542534587028654
8.443,0.595459205180075
8.4435,0.649041270696863
8.444,0.702294610678145
8.4445,0.755219225241156
8.445,0.807486390194486
8.4455,0.860082278563082
8.446,0.910705820358105
8.4465,0.961986810073446
8.447,1.01293907490769
8.4475,1.0635626149553
8.448,1.11287125746084
8.4485,1.16217989965039
8.449,1.21050236876288
8.4495,1.25849611343834
8.45,1.30616113374941
8.4505,1.35251125693192
8.451,1.3988613801619
8.4515,1.44455405494346
8.452,1.48926055705026
8.4525,1.53298088652654
8.453,1.5763724919791
8.4535,1.61910664916604
8.454,1.66052590954162
8.4545,1.70161644599719
8.455,1.74139208567754
8.4555,1.78116772578328
8.456,1.81962846913751
8.4565,1.85710304003811
8.457,1.89392016279436
8.4575,1.92975111309528
8.458,1.96426716660865
8.4585,1.99878322061082
8.459,2.03099820481022
8.4595,2.06387063815113
8.46,2.09411327727614
8.4605,2.12369846816044
8.461,2.15328365949241
8.4615,2.18056778079844
8.462,2.20752317815162
8.4625,2.23349240281879
8.463,2.25716055728691
8.4635,2.28148616083834
8.464,2.30383941847472
8.4645,2.32520650327229
8.465,2.34558741519726
8.4655,2.36399598103964
8.466,2.38240454710701
8.4665,2.39916949140319
8.467,2.41461953827822
8.4675,2.42908341209901
8.468,2.44288983724737
8.4685,2.45505264046696
8.469,2.46590054613124
8.4695,2.47576227862769
8.47,2.48430911351574
8.4705,2.49121232634939
8.471,2.49778681479539
8.4715,2.50238895672683
8.472,2.50666237424885
8.4725,2.50896344522795
8.473,2.51027834293209
8.4735,2.51027834293209
8.474,2.50896344522795
8.4745,2.50699109867419
8.475,2.50271768115111
8.4755,2.49844426364176
8.476,2.49285594845787
8.4765,2.48529528677553
8.477,2.47707717629927
8.4775,2.46721544379333
8.478,2.4563675381187
8.4785,2.44519090811861
8.479,2.43138448294769
8.4795,2.41757805791147
8.48,2.4021280110048
8.4805,2.38503434227809
8.481,2.36794067374928
8.4815,2.34854593469263
8.482,2.32915119588204
8.4825,2.30778411103105
8.483,2.28477340458906
8.4835,2.26176269847201
8.484,2.23710837084125
8.4845,2.21179659484253
8.485,2.18549864613783
8.4855,2.15788580040757
8.486,2.12928678204391
8.4865,2.09871541805163
8.487,2.06913022753258
8.4875,2.03658651844305
8.488,2.00404280983667
8.4885,1.97051292872444
8.489,1.93501070217155
8.4895,1.90049464905208
8.49,1.86400625051861
8.4905,1.82587423092231
8.491,1.78774221179491
8.4915,1.74895274450665
8.492,1.70851965616088
8.4925,1.66808656822056
8.493,1.62633858349241
8.4935,1.58426187482035
8.494,1.54087026931544
8.4945,1.49747866407719
8.495,1.45211471337513
8.4955,1.40675076284862
8.496,1.36138681243842
8.4965,1.314379240696
8.497,1.26704294467082
8.4975,1.21904920001591
8.498,1.1703980066566
8.4985,1.12108936451232
8.499,1.07145199778056
8.4995,1.02148590637682
8.5,0.970862365923065
8.5005,0.919581376316581
8.501,0.868957834643546
8.5015,0.816361946416979
8.502,0.764094781620224
8.5025,0.711170167231437
8.503,0.658574276087807
8.5035,0.604992210794888
8.504,0.551410144203546
8.5045,0.497828076216163
8.505,0.442931109304938
8.5055,0.388034140720862
8.506,0.334452067874239
8.5065,0.279555095675836
8.507,0.22400067268707
8.5075,0.169432420802853
8.508,0.114206717891303
8.5085,0.0596384615366421
8.509,0.00441275388956303
8.5095,-0.049498058407152
8.51,-0.105052495668991
8.5105,-0.159620762200287
8.511,-0.214846480568428
8.5115,-0.27040092644338
8.512,-0.323983028072798
8.5125,-0.37855130642641
8.513,-0.433777037180486
8.5135,-0.48768787285203
8.514,-0.541269987214836
8.5145,-0.594523380305094
8.515,-0.649091675560641
8.5155,-0.701358901607859
8.516,-0.753954855880562
8.5165,-0.806879538538404
8.517,-0.858818050656015
8.5175,-0.910099116908072
8.518,-0.961708911697387
8.5185,-1.01167508611848
8.519,-1.06229871396683
8.5195,-1.1119361710042
8.52,-1.16091618200268
8.5205,-1.20956747183032
8.521,-1.25723259054492
8.5215,-1.30489771297177
8.522,-1.35124793909495
8.5225,-1.39726944380983
8.523,-1.44296222710075
8.5235,-1.48734011365362
8.524,-1.53138927858736
8.5245,-1.57445227157738
8.525,-1.61685781761825
8.5255,-1.65860591660375
8.526,-1.69969656842565
8.5265,-1.73947232246815
8.527,-1.77859062902392
8.5275,-1.81705148798034
8.528,-1.85485489922356
8.5285,-1.89068596123104
8.529,-1.92651702585234
8.5295,-1.96136191691779
8.53,-1.99489190881844
8.5305,-2.02743572674649
8.531,-2.05899337052044
8.5315,-2.09022229093901
8.532,-2.12046503693324
8.5325,-2.14906415726321
8.533,-2.17700582828871
8.5335,-2.20297514761741
8.534,-2.22861574286311
8.5345,-2.25327016276367
8.535,-2.27628095591334
8.5355,-2.29896302462836
8.536,-2.31967274057305
8.5365,-2.34038245750767
8.537,-2.35911982130623
8.5375,-2.37687100881829
8.538,-2.3936360199246
8.5385,-2.40941485451162
8.539,-2.4238787867336
8.5395,-2.43637036496133
8.54,-2.44886194356076
8.5405,-2.46003861946583
8.541,-2.46924294102421
8.5415,-2.47746108544479
8.542,-2.48436432688376
8.5425,-2.49061011685617
8.543,-2.49521227794879
8.5435,-2.49882826170037
8.544,-2.50145806808504
8.5445,-2.50277297128365
8.545,-2.50244424548361
8.5455,-2.50145806808504
8.546,-2.49849953590346
8.5465,-2.49455482636099
8.547,-2.48995266527569
8.5475,-2.48370687531319
8.548,-2.47647490810574
8.5485,-2.46792803793199
8.549,-2.4583949906375
8.5495,-2.44754704053276
8.55,-2.4350554619725
8.5505,-2.42223515804703
8.551,-2.40711377443107
8.5515,-2.39232111706885
8.552,-2.37522738031397
8.5525,-2.35714746718367
8.553,-2.33808137779921
8.5535,-2.31737166097486
8.554,-2.29633321949958
8.5545,-2.27397987654416
8.555,-2.24998290669756
8.5555,-2.22532848697993
8.556,-2.19903044078716
8.5565,-2.17306112168635
8.557,-2.14511945090416
8.5575,-2.1165203308212
8.558,-2.08660631057242
8.5585,-2.05504866493241
8.559,-2.02381974686609
8.5595,-1.99028975292799
8.56,-1.9564310359538
8.5605,-1.92191487061605
8.561,-1.8860838063321
8.5615,-1.84959529400951
8.562,-1.81244933376291
8.5625,-1.77398847515616
8.563,-1.73421271845259
8.5635,-1.69410823958891
8.564,-1.65367503860028
8.5645,-1.61192694000052
8.565,-1.56919266919869
8.5655,-1.52580095149962
8.566,-1.48208051210236
8.5665,-1.43671645075301
8.567,-1.39168111804391
8.5675,-1.34565961376789
8.568,-1.29865193809515
8.5685,-1.25098681615865
8.569,-1.20299297298476
8.5695,-1.15434168366447
8.57,-1.10536167316679
8.5705,-1.05605294149219
8.571,-1.00542931411566
8.5715,-0.955134415333574
8.572,-0.903853345821292
8.5725,-0.851914830478263
8.573,-0.799647594103642
8.5735,-0.748037810845048
8.574,-0.69478440757487
8.5745,-0.641531007926269
8.575,-0.588606336460218
8.5755,-0.534695494474666
8.576,-0.480455931290271
8.5765,-0.426873820653046
8.577,-0.372305539466412
8.5775,-0.317408536916315
8.578,-0.262840262031464
8.5785,-0.207943265612401
8.579,-0.15337499661441
8.5795,-0.0978205569350956
8.58,-0.0429235689696673
8.5805,0.0113159674822513
8.581,0.0668703992602205
8.5815,0.121438655307579
8.582,0.176006909094589
8.5825,0.231561333927378
8.583,0.286129583466844
8.5835,0.341026555434528
8.584,0.395594801167977
8.5845,0.450163045159105
8.585,0.504073838817336
8.5855,0.557984630975042
8.586,0.612224146061438
8.5865,0.664491313897516
8.587,0.717744653547637
8.5875,0.771326716427133
8.588,0.822936432491532
8.5885,0.874874872018032
8.589,0.926484586492725
8.5895,0.977108127436452
8.59,1.02740294353969
8.5905,1.07802648346083
8.591,1.12766385014743
8.5915,1.1759863194172
8.592,1.22496623703453
8.5925,1.27263125739846
8.593,1.31963882914172
8.5935,1.36697512516584
8.594,1.41266779986596
8.5945,1.4577030261321
8.595,1.50273825257844
8.5955,1.54678730641289
8.596,1.58952146338701
8.5965,1.63126944781171
8.597,1.67367488116533
8.5975,1.71377924486495
8.598,1.75355488467114
8.5985,1.79300180061349
8.599,1.83113381980348
8.5995,1.86860839084811
8.6,1.90476806512816
8.6005,1.93961284262217
8.601,1.97445762059536
8.6015,2.00831622609153
8.602,2.04118865909254
8.6025,2.07208874656543
8.603,2.10266011015325
8.6035,2.13323147420662
8.604,2.16084431957328
8.6045,2.18911461406188
8.605,2.21541256281985
8.6055,2.24072433887134
8.606,2.26504994218341
8.6065,2.28806064834641
8.607,2.31074263045471
8.6075,2.33178099096075
8.608,2.35117572980443
8.6085,2.37024174450137
8.609,2.38766413745386
8.6095,2.40442908181022
8.61,2.41987912874156
8.6105,2.4340142782079
8.611,2.44749197899365
8.6115,2.45866860901225
8.612,2.46918779028882
8.6125,2.47872079839054
8.613,2.48693890887677
8.6135,2.4941708461461
8.614,2.49943043691193
8.6145,2.50436130327375
8.615,2.50764854752512
8.6155,2.50994961850594
8.616,2.51060706735833
8.6165,2.50994961850594
8.617,2.50896344522795
8.6175,2.50633364982359
8.618,2.50173150787851
8.6185,2.49778681479539
8.619,2.49088360192794
8.6195,2.48299421583715
8.62,2.47477610537484
8.6205,2.4649143728855
8.621,2.45340901840405
8.6215,2.44124621519879
8.622,2.42776851447287
8.6225,2.4133046406654
8.623,2.39752586940489
8.6235,2.38141837391906
8.624,2.36235235908034
8.6245,2.34295762009506
8.625,2.32290543258787
8.6255,2.30120962344259
8.626,2.27918509021677
8.6265,2.25518821106859
8.627,2.2302051591686
8.6275,2.20456465891011
8.628,2.17760926160121
8.6285,2.14999641598846
8.629,2.12041122470704
8.6295,2.0904973095313
8.63,2.05959722178836
8.6305,2.0277109615034
8.631,1.99450980437363
8.6315,1.95999375043339
8.632,1.92514897266236
8.6325,1.88964674673533
8.633,1.85282962403456
8.6335,1.81535505318665
8.634,1.77623686128291
8.6345,1.73711866982443
8.635,1.69701430589452
8.6355,1.65592376948228
8.636,1.61417578485835
8.6365,1.57111290342397
8.637,1.52805002228781
8.6375,1.48400096855691
8.638,1.43896574219258
8.6385,1.39458796454128
8.639,1.34659421992857
8.6395,1.30057282102547
8.64,1.25290780070795
8.6405,1.20458533173867
8.641,1.15692031116294
8.6415,1.10695422037836
8.642,1.05698812925994
8.6425,1.0070220377285
8.643,0.955741048539007
8.6435,0.90478878304118
8.644,0.853179068262485
8.6445,0.801240628393025
8.645,0.748644739016336
8.6455,0.695062675686072
8.646,0.643124232848642
8.6465,0.589213442858166
8.647,0.53497392718246
8.6475,0.481720583098052
8.648,0.427152340067474
8.6485,0.372584095354205
8.649,0.318344573237188
8.6495,0.263118876073346
8.65,0.208550625681038
8.6505,0.153324924354627
8.651,0.0987566696405966
8.6515,0.0428735148346315
8.652,-0.0107085712620517
8.6525,-0.0656055576878401
8.653,-0.121159995746358
8.6535,-0.175728263090902
8.654,-0.230953982313075
8.6545,-0.285522255440307
8.655,-0.340090531596852
8.6555,-0.394987535469552
8.656,-0.448898368806908
8.6565,-0.503466654649626
8.657,-0.557377494644106
8.6575,-0.610630888765097
8.658,-0.664213011043689
8.6585,-0.716808962803689
8.659,-0.769404918135059
8.6595,-0.822000877130127
8.66,-0.873610665544522
8.6605,-0.924891732860177
8.661,-0.976172803918101
8.6615,-1.02679642910126
8.662,-1.07676260834507
8.6625,-1.12574261667988
8.663,-1.17505135366027
8.6635,-1.22337391963185
8.664,-1.27071031443792
8.6645,-1.31837543792691
8.665,-1.36505439012996
8.6655,-1.41074717087863
8.666,-1.45578250508143
8.6665,-1.50016039264128
8.667,-1.54388083345839
8.6675,-1.5862863771152
8.668,-1.62934937445265
8.6685,-1.67044002399957
8.669,-1.71120195151322
8.6695,-1.7506489811795
8.67,-1.78976728859043
8.6705,-1.82757069777849
8.671,-1.86471665915008
8.6715,-1.90120517259063
8.672,-1.93670751260224
8.6725,-1.9712236789976
8.673,-2.00475367159084
8.6735,-2.03664003929464
8.674,-2.06852640916258
8.6745,-2.09909787923147
8.675,-2.1283544492592
8.6755,-2.15728229562121
8.676,-2.1839090649259
8.6765,-2.21053583580592
8.677,-2.23617643148676
8.6775,-2.25984467496938
8.678,-2.28318419409337
8.6785,-2.30488008622616
8.679,-2.32657597944099
8.6795,-2.3459707939937
8.68,-2.36470815803612
8.6805,-2.38245934578036
8.681,-2.3982381799518
8.6815,-2.41368828898017
8.682,-2.42782349560754
8.6825,-2.44064379970345
8.683,-2.45214920114887
8.6835,-2.46233969983636
8.684,-2.4715440214456
8.6845,-2.47976216591169
8.685,-2.48600795581474
8.6855,-2.49192502002027
8.686,-2.49619845533244
8.6865,-2.50014316489061
8.687,-2.50145806808504
8.6875,-2.50211551968382
8.688,-2.50211551968382
8.6885,-2.50047189068882
8.689,-2.49751335851431
8.6895,-2.49356864898126
8.69,-2.48830903632906
8.6905,-2.48206324639134
8.691,-2.47384510187972
8.6915,-2.4656269575306
8.692,-2.45576518452564
8.6925,-2.44360233147351
8.693,-2.43143947877447
8.6935,-2.41796172349196
8.694,-2.40316906575066
8.6945,-2.38706150568654
8.695,-2.36996776914268
8.6955,-2.35155913055233
8.696,-2.33249304141549
8.6965,-2.311454599207
8.697,-2.2904161580178
8.6975,-2.26740536412726
8.698,-2.24373712023932
8.6985,-2.21842524970429
8.699,-2.19212720391776
8.6995,-2.165171708585
8.7,-2.1372300382886
8.7005,-2.10797346769474
8.701,-2.07707327155947
8.7015,-2.0465018029392
8.702,-2.01395798369673
8.7025,-1.98141416669332
8.703,-1.94755545034587
8.7035,-1.91172438417625
8.704,-1.87589332063759
8.7045,-1.83907608374812
8.705,-1.8012726736956
8.7055,-1.76314054120359
8.706,-1.72270733485521
8.7065,-1.68293158209438
8.707,-1.64216965677034
8.7075,-1.59943538357104
8.708,-1.55735856403179
8.7085,-1.51363812215035
8.709,-1.46958895861492
8.7095,-1.42422489826193
8.71,-1.37853211645333
8.7105,-1.33283933821682
8.711,-1.28517421358187
8.7115,-1.23783781765837
8.712,-1.19017270043461
8.7125,-1.14086396228291
8.713,-1.09155522792435
8.7135,-1.04191777242422
8.714,-0.990965421277003
8.7145,-0.940670523552365
8.715,-0.889060730308521
8.7155,-0.837779665556871
8.716,-0.78518370544469
8.7165,-0.732587749023905
8.717,-0.680320520896338
8.7175,-0.626738397542574
8.718,-0.572827553080579
8.7185,-0.519245436734941
8.719,-0.465992048345544
8.7195,-0.410766315627149
8.72,-0.356526759963985
8.7205,-0.302287207426302
8.721,-0.247061484312688
8.7215,-0.192164488742957
8.722,-0.137596220559308
8.7225,-0.0823705061606742
8.723,-0.0264873455388322
8.7235,0.0267660168087666
8.724,0.0826491723315363
8.7245,0.13754615213786
8.725,0.192114405277369
8.7255,0.24766882948222
8.726,0.302237078435607
8.7265,0.356476601096082
8.727,0.411702295052815
8.7275,0.46561308984231
8.728,0.519195158716019
8.7285,0.573763399141959
8.729,0.627016740852174
8.7295,0.679941356999229
8.73,0.733194696326253
8.7305,0.785790585986792
8.731,0.838057750411805
8.7315,0.889338741114517
8.732,0.941277179687754
8.7325,0.992229444750043
8.733,1.0425242607047
8.7335,1.09216162765139
8.734,1.14147026996439
8.7345,1.19045018772597
8.735,1.23910138101537
8.7355,1.28676640135287
8.736,1.33344524881214
8.7365,1.37979537201494
8.737,1.42581677102334
8.7375,1.4708519973361
8.738,1.51490105100019
8.7385,1.5589501049071
8.739,1.60135553767958
8.7395,1.64376097077575
8.74,1.68518023136806
8.7405,1.72561331947467
8.741,1.76538895940689
8.7415,1.80417842688079
8.742,1.84231044620599
8.7425,1.8787988444613
8.743,1.91528724319067
8.7435,1.9504607451461
8.744,1.98464807462535
8.7445,2.01817795594108
8.745,2.05072166475463
8.7455,2.08195047670529
8.746,2.11186439175392
8.7465,2.14112085855624
8.747,2.16939115274501
8.7475,2.19667527429012
8.748,2.22264449879687
8.7485,2.24828499932268
8.749,2.27162442962574
8.7495,2.2946351358811
8.75,2.31665966931858
8.7505,2.33671185674533
8.751,2.35742149321316
8.7515,2.3751726104106
8.752,2.39325245221796
8.7525,2.40903122343203
8.753,2.42349509719632
8.7535,2.4376302466987
8.754,2.45012177428405
8.7545,2.46162712873815
8.755,2.4724750344543
8.7555,2.48102186932165
8.756,2.48891125540091
8.7565,2.4958144682582
8.757,2.50140278345447
8.7575,2.50567620097332
8.758,2.50830599637637
8.7585,2.51027834293209
8.759,2.51093579178465
8.7595,2.51027834293209
8.76,2.50896344522795
8.7605,2.5053474765483
8.761,2.50140278345447
8.7615,2.4958144682582
8.762,2.48923997982188
8.7625,2.48167931815983
8.763,2.47181758562057
8.7635,2.462284577567
8.764,2.45012177428405
8.7645,2.4376302466987
8.765,2.42415254600726
8.7655,2.40837377462801
8.766,2.39292372781948
8.7665,2.3751726104106
8.767,2.35709276882259
8.7675,2.33769802990413
8.768,2.31665966931858
8.7685,2.2946351358811
8.769,2.27162442962574
8.7695,2.24762755058644
8.77,2.22297322316017
8.7705,2.19700399864859
8.771,2.16939115274501
8.7715,2.14144958290485
8.772,2.11219311609759
8.7725,2.08129302802784
8.773,2.05039294042075
8.7735,2.01817795594108
8.774,1.98431935030112
8.7745,1.95013202082651
8.775,1.91528724319067
8.7755,1.8787988444613
8.776,1.84263917051257
8.7765,1.80450715118335
8.777,1.76473151080942
8.7775,1.7259420437699
8.778,1.68518023136806
8.7785,1.64408969506471
8.779,1.60135553767958
8.7795,1.55927882919104
8.78,1.51522977528211
8.7805,1.4708519973361
8.781,1.42647421958151
8.7815,1.37979537201494
8.782,1.33344524881214
8.7825,1.28643767707491
8.783,1.23877265673686
8.7835,1.19077891200552
8.784,1.14147026996439
8.7845,1.09281907621768
8.785,1.0425242607047
8.7855,0.991900720461127
8.786,0.941605903980375
8.7865,0.889338741114517
8.787,0.838057750411805
8.7875,0.785790585986792
8.788,0.733194696326253
8.7885,0.680270081319484
8.789,0.62734546517976
8.7895,0.574092123477511
8.79,0.519523883060348
8.7905,0.46561308984231
8.791,0.411373570689318
8.7915,0.35680532547027
8.792,0.302237078435607
8.7925,0.247997553879456
8.793,0.192771854097202
8.7935,0.13754615213786
8.794,0.0833066212052562
8.7945,0.0277521901633699
8.795,-0.0268160700051814
8.7955,-0.0820417816784245
8.796,-0.136610047063524
8.7965,-0.192164488742957
8.797,-0.247390208845966
8.7975,-0.301629758323389
8.798,-0.356855484534246
8.7985,-0.41109504021666
8.799,-0.464677149907794
8.7995,-0.519245436734941
8.8,-0.572827553080579
8.8005,-0.625752223526617
8.801,-0.679991796202188
8.8015,-0.732587749023905
8.802,-0.78518370544469
8.8025,-0.836793491270248
8.803,-0.889060730308521
8.8035,-0.940341798742647
8.804,-0.99063669644333
8.8045,-1.04126032270742
8.805,-1.09155522792435
8.8055,-1.14020651246668
8.806,-1.18885780070069
8.8065,-1.23750909269947
8.807,-1.28517421358187
8.8075,-1.3318531631859
8.808,-1.37820339141736
8.8085,-1.42389617320004
8.809,-1.46893150843903
8.8095,-1.5133093970365
8.81,-1.55637238861276
8.8105,-1.59910665840575
8.811,-1.64151220638757
8.8115,-1.68293158209438
8.812,-1.7230360600973
8.8125,-1.76182564013408
8.813,-1.8012726736956
8.8135,-1.83907608374812
8.814,-1.87589332063759
8.8145,-1.91172438417625
8.815,-1.9468979995666
8.8155,-1.98108544128039
8.816,-2.01428670913239
8.8165,-2.0465018029392
8.817,-2.07740199703941
8.8175,-2.10764474219305
8.818,-2.1372300382886
8.8185,-2.1648429830421
8.819,-2.1917984783552
8.8195,-2.21842524970429
8.82,-2.24307966903832
8.8205,-2.267076638509
8.821,-2.29008743238228
8.8215,-2.311454599207
8.822,-2.33216431574812
8.8225,-2.35123040487039
8.823,-2.36996776914268
8.8235,-2.3867327799773
8.824,-2.40349779147262
8.8245,-2.41829044922542
8.825,-2.43143947877447
8.8255,-2.44425978298081
8.826,-2.45510773300026
8.8265,-2.46496950598968
8.827,-2.47384510187972
8.8275,-2.48173452060775
8.828,-2.48830903632906
8.8285,-2.49389737477424
8.829,-2.49784208431043
8.8295,-2.50047189068882
8.83,-2.50244424548361
8.8305,-2.50244424548361
8.831,-2.50145806808504
8.8315,-2.49948571329496
8.832,-2.49652718112752
8.8325,-2.49192502002027
8.833,-2.48633668160171
8.8335,-2.47943344012992
8.834,-2.4715440214456
8.8345,-2.46233969983636
8.835,-2.45182047538889
8.8355,-2.44064379970345
8.836,-2.42782349560754
8.8365,-2.41368828898017
8.837,-2.39856690566994
8.8375,-2.38213062007468
8.838,-2.36437943234411
8.8385,-2.34564206831604
8.839,-2.32657597944099
8.8395,-2.30520881187284
8.84,-2.2835129197237
8.8405,-2.26017340058224
8.841,-2.23617643148676
8.8415,-2.21053583580592
8.842,-2.18456651603972
8.8425,-2.15695357008404
8.843,-2.1290119002925
8.8435,-2.09876915373612
8.844,-2.06885513463648
8.8445,-2.03696876474612
8.845,-2.0044249461618
8.8455,-1.9712236789976
8.846,-1.93637878721987
8.8465,-1.90153389794926
8.847,-1.86537410981882
8.8475,-1.82789942308824
8.848,-1.79009601387552
8.8485,-1.7506489811795
8.849,-1.71185940198304
8.8495,-1.67044002399957
8.85,-1.62934937445265
8.8505,-1.58727255258832
8.851,-1.54388083345839
8.8515,-1.50016039264128
8.852,-1.45545378000139
8.8525,-1.41074717087863
8.853,-1.36505439012996
8.8535,-1.31837543792691
8.854,-1.27103903941464
8.8545,-1.22370264458324
8.855,-1.1753800785863
8.8555,-1.12705751628343
8.856,-1.07643388346931
8.8565,-1.02712515395248
8.857,-0.97650152874483
8.8575,-0.925220457662642
8.858,-0.87393939032327
8.8585,-0.822000877130127
8.859,-0.770062367599693
8.8595,-0.716808962803689
8.86,-0.663884286356225
8.8605,-0.61128833809672
8.861,-0.557048769999616
8.8615,-0.503466654649626
8.862,-0.449227093410321
8.8625,-0.394987535469552
8.863,-0.340419256161401
8.8635,-0.28617970453239
8.864,-0.230953982313075
8.8645,-0.175728263090902
8.865,-0.121159995746358
8.8655,-0.0662630066428917
8.866,-0.0107085712620517
8.8665,0.0432022392819446
8.867,0.0984279452077328
8.8675,0.153653648773845
8.868,0.208221901274837
8.8685,0.263118876073346
8.869,0.318015848855136
8.8695,0.372584095354205
8.87,0.427152340067474
8.8705,0.481720583098052
8.871,0.535302651524188
8.8715,0.588555994191656
8.872,0.642466784197917
8.8725,0.695720124322566
8.873,0.748316014704687
8.8735,0.801569352698683
8.874,0.852850343962108
8.8745,0.905117507336804
8.875,0.955741048539007
8.8755,1.00636458915261
8.876,1.05731685354487
8.8765,1.10695422037836
8.877,1.15593413832123
8.8775,1.20524278029704
8.878,1.25257907642965
8.8785,1.30024409674758
8.879,1.34692294420652
8.8795,1.39327306742743
8.88,1.43929446647198
8.8805,1.48334351999545
8.881,1.52837874657029
8.8815,1.57111290342397
8.882,1.61417578485835
8.8825,1.65592376948228
8.883,1.69701430589452
8.8835,1.73744739412065
8.884,1.77656558558271
8.8845,1.81502632888298
8.885,1.85282962403456
8.8855,1.88931802242338
8.886,1.92580642129514
8.8865,1.95966502611253
8.887,1.99450980437363
8.8875,2.02738223717299
8.888,2.05926849745312
8.8885,2.09082603387148
8.889,2.12041122470704
8.8895,2.14966769163838
8.89,2.17760926160121
8.8905,2.20456465891011
8.891,2.2302051591686
8.8915,2.2548594866991
8.892,2.27885636584252
8.8925,2.30153834782137
8.893,2.32290543258787
8.8935,2.34328634448258
8.894,2.36268108347205
8.8945,2.38043220073177
8.895,2.39752586940489
8.8955,2.41297591626238
8.896,2.42809723887929
8.8965,2.44157493960835
8.897,2.45340901840405
8.8975,2.46458564847041
8.898,2.47543355421
8.8985,2.48365166467629
8.899,2.49121232634939
8.8995,2.49680064152643
8.9,2.50238895672683
8.9005,2.50666237424885
8.901,2.50962089407986
8.9015,2.51027834293209
8.902,2.51060706735833
8.9025,2.50994961850594
8.903,2.50764854752512
8.9035,2.50403257884906
8.904,2.49975916133549
8.9045,2.49351339730182
8.905,2.48693890887677
8.9055,2.47839207397213
8.906,2.46984523912129
8.9065,2.45866860901225
8.907,2.44683453017182
8.9075,2.43368555380011
8.908,2.41987912874156
8.9085,2.40442908181022
8.909,2.38799286185116
8.9095,2.37089919328832
8.91,2.35183317858309
8.9105,2.33145226657567
8.911,2.31107135483545
8.9115,2.28838937272251
8.912,2.26537866655491
8.9125,2.24105306323809
8.913,2.21541256281985
8.9135,2.18944333841897
8.914,2.1615017682774
8.9145,2.13356019855388
8.915,2.10331755883761
8.9155,2.07274619523996
8.916,2.04118865909254
8.9165,2.00864495041916
8.917,1.97511506924114
8.9175,1.94027029125866
8.918,1.90509678944198
8.9185,1.86926583946722
8.919,1.83113381980348
8.9195,1.79333052491493
8.92,1.75486978186207
8.9205,1.71476541774774
8.921,1.67301743258323
8.9215,1.63192689638798
8.922,1.58952146338701
8.9225,1.54645858212956
8.923,1.50240952829702
8.9235,1.45836047469192
8.924,1.41332524842357
8.9245,1.36730384944395
8.925,1.3206250019753
8.9255,1.27263125739846
8.926,1.22595240987076
8.9265,1.17697249225701
8.927,1.12766385014743
8.9275,1.07835520774467
8.928,1.02806039211294
8.9285,0.977765576016316
8.929,0.926484586492725
8.9295,0.875532320614588
8.93,0.823593881098239
8.9305,0.770997992118123
8.931,0.718730826493643
8.9315,0.665148762542141
8.932,0.612224146061438
8.9325,0.558642079651043
8.933,0.504402563164207
8.9335,0.450820493871689
8.934,0.395594801167977
8.9345,0.341355279811838
8.935,0.286787032244386
8.9355,0.231561333927378
8.936,0.177321806749173
8.9365,0.121767379734646
8.937,0.0662129503779778
8.9375,0.011973416393777
8.938,-0.0425948444987742
8.9385,-0.0978205569350956
8.939,-0.152717547607491
8.9395,-0.207285816571379
8.94,-0.26218281295488
8.9405,-0.317079812359669
8.941,-0.371648090315164
8.9415,-0.426873820653046
8.942,-0.480455931290271
8.9425,-0.534366769838993
8.943,-0.588277611803412
8.9435,-0.641531007926269
8.944,-0.695113132275207
8.9445,-0.747709086122199
8.945,-0.799318869358279
8.9455,-0.851586105709532
8.946,-0.903195896236411
8.9465,-0.955134415333574
8.947,-1.0047718644345
8.9475,-1.05539549176144
8.948,-1.10569039805708
8.9485,-1.15401295874934
8.949,-1.20299297298476
8.9495,-1.25098681615865
8.95,-1.29799448811191
8.9505,-1.34500216373288
8.951,-1.39069494291432
8.9515,-1.43671645075301
8.952,-1.48142306191191
8.9525,-1.52514350125771
8.953,-1.56919266919869
8.9535,-1.6109407644824
8.954,-1.65334631340168
8.9545,-1.69410823958891
8.955,-1.7338839932034
8.9555,-1.77365974988149
8.956,-1.81212060846328
8.9565,-1.84959529400951
8.957,-1.88575508098382
8.9575,-1.92158614524369
8.958,-1.9564310359538
8.9585,-1.99028975292799
8.959,-2.02349102142379
8.9595,-2.05471993946825
8.96,-2.08594885959971
8.9605,-2.1161916053134
8.961,-2.14479072537578
8.9615,-2.17273239613771
8.962,-2.19968789192312
8.9625,-2.22532848697993
8.963,-2.25031163230307
8.9635,-2.27299369967535
8.964,-2.29633321949958
8.9645,-2.31704293531897
8.965,-2.33676647511418
8.9655,-2.35681874149746
8.966,-2.37489865461387
8.9665,-2.39133493992971
8.967,-2.40678504870629
8.9675,-2.42190643231049
8.968,-2.43472673622594
8.9685,-2.4472183147764
8.969,-2.45806626487261
8.9695,-2.46792803793199
8.97,-2.47581745654768
8.9705,-2.4833781495283
8.971,-2.48962393948584
8.9715,-2.49422610056749
8.972,-2.49817081010682
8.9725,-2.5008006164873
8.973,-2.50244424548361
8.9735,-2.50211551968382
8.974,-2.5008006164873
8.9745,-2.49849953590346
8.975,-2.49488355215476
8.9755,-2.4909388426468
8.976,-2.48436432688376
8.9765,-2.47713235966485
8.977,-2.46858548947758
8.9775,-2.45970989369964
8.978,-2.44853321780338
8.9785,-2.43637036496133
8.979,-2.42322133525821
8.9795,-2.40908612878506
8.98,-2.39330729421028
8.9805,-2.37687100881829
8.981,-2.35911982130623
8.9815,-2.34005373183428
8.982,-2.31967274057305
8.9825,-2.29896302462836
8.983,-2.27726713278954
8.9835,-2.25294143715596
8.984,-2.22861574286311
8.9845,-2.20297514761741
8.985,-2.17634837718592
8.9855,-2.14906415726321
8.986,-2.11980758591221
8.9865,-2.09087974191779
8.987,-2.05932209598762
8.9875,-2.02776445219154
8.988,-1.99456318339622
8.9885,-1.96037574072094
8.989,-1.92651702585234
8.9895,-1.89035723587969
8.99,-1.85452617389605
8.9905,-1.81705148798034
8.991,-1.77859062902392
8.9915,-1.73947232246815
8.992,-1.6993678431983
8.9925,-1.65860591660375
8.993,-1.61685781761825
8.9935,-1.57412354642723
8.994,-1.53204672883668
8.9945,-1.4876688387522
8.995,-1.44296222710075
8.9955,-1.39759816885656
8.996,-1.35091921407425
8.9965,-1.30456898797664
8.997,-1.25723259054492
8.9975,-1.20956747183032
8.998,-1.16091618200268
8.9985,-1.11226489589782
8.999,-1.06262743883554
8.9995,-1.01200381096233
9,-0.961380186877713
9.0005,-0.91042784170364
9.001,-0.858818050656015
9.0015,-0.806550813789842
9.002,-0.754283580606106
9.0025,-0.702016351014201
9.003,-0.648762950879404
9.0035,-0.595509554283367
9.004,-0.541927436491654
9.0045,-0.48768787285203
9.005,-0.433448312582742
9.0055,-0.379866204739123
9.006,-0.324311752631803
9.0065,-0.270072201902536
9.007,-0.215175205091298
9.0075,-0.159949486705819
9.008,-0.105052495668991
9.0085,-0.0498267828800091
9.009,0.00375530497390575
9.0095,0.0596384615366421
9.01,0.11453544232018
9.0105,0.169432420802853
9.011,0.224658121492146
9.0115,0.278897646895172
9.012,0.334123343495518
9.0125,0.388362865088827
9.013,0.442931109304938
9.0135,0.497499351868172
9.014,0.550752695525244
9.0145,0.60466348646403
9.015,0.658245551764617
9.0155,0.711170167231437
9.016,0.764094781620224
9.0165,0.816361946416979
9.017,0.868300386045767
9.0175,0.920238824905301
9.018,0.970862365923065
9.0185,1.02181463066382
9.019,1.07178072206473
9.0195,1.12108936451232
9.02,1.17006928237648
9.0205,1.21872047573703
9.021,1.2667142203927
9.0215,1.314379240696
9.022,1.36072936388232
9.0225,1.40707948712731
9.023,1.45211471337513
9.0235,1.49682121551476
9.024,1.5411989935985
9.0245,1.58360442624985
9.025,1.62633858349241
9.0255,1.66841529251124
9.026,1.70851965616088
9.0265,1.74895274450665
9.027,1.78807093609583
9.0275,1.82620295522712
9.028,1.86367752620965
9.0285,1.90016592473882
9.029,1.93566815080684
9.0295,1.97051292872444
9.03,2.00404280983667
9.0305,2.03691524277483
9.031,2.06913022753258
9.0315,2.09970159107631
9.032,2.12928678204391
9.0325,2.15788580040757
9.033,2.18549864613783
9.0335,2.21245404356512
9.034,2.23677964647526
9.0345,2.26209142284286
9.035,2.28543085334
9.0355,2.30778411103105
9.036,2.32915119588204
9.0365,2.34887465908136
9.037,2.36826939814222
9.0375,2.38602051546845
9.038,2.40278545980598
9.0385,2.41823550671969
9.039,2.4323706561697
9.0395,2.44519090811861
9.04,2.45735371135832
9.0405,2.46820161704072
9.041,2.47806334955379
9.0415,2.48628146003603
9.042,2.4931846728798
9.0425,2.49943043691193
9.043,2.50370385442445
9.0435,2.50764854752512
9.044,2.50962089407986
9.0445,2.51093579178465
9.045,2.51126451621106
9.0455,2.50962089407986
9.046,2.50666237424885
9.0465,2.50304640557548
9.047,2.49877298806507
9.0475,2.49252722403601
9.048,2.48463783793559
9.0485,2.47609100304547
9.049,2.46655799496213
9.0495,2.45538136487978
9.05,2.44387601047744
9.0505,2.42974086091254
9.051,2.41593443589225
9.0515,2.40015566460306
9.052,2.38339072029562
9.0525,2.36531087860837
9.053,2.34624486397351
9.0535,2.32586395203989
9.054,2.30482559161289
9.0545,2.28181488521311
9.055,2.25847545476707
9.0555,2.23349240281879
9.056,2.20850935123322
9.0565,2.18155395386525
9.057,2.15361238384312
9.0575,2.12501336554334
9.058,2.0944420016169
9.0585,2.06387063815113
9.059,2.03165565347217
9.0595,1.99878322061082
9.06,1.96525333957323
9.0605,1.93007983741223
9.061,1.89457761141942
9.0615,1.85841793727123
9.062,1.82028591774585
9.0625,1.78215389868421
9.063,1.7427069828641
9.0635,1.7022738945837
9.064,1.6611833581219
9.0645,1.61910664916604
9.065,1.57735866483369
9.0655,1.53396705937468
9.066,1.48991800561214
9.0665,1.44521150350255
9.067,1.40017627727612
9.0675,1.35349742976588
9.068,1.30681858230515
9.0685,1.2598110105512
9.069,1.21148854160002
9.0695,1.16283734821113
9.07,1.11352870602528
9.0705,1.06389133923989
9.071,1.01326779919522
9.0715,0.962972982946496
9.072,0.912020717538412
9.0725,0.860411002862763
9.073,0.808801287414232
9.0735,0.756205398173544
9.074,0.702294610678145
9.0745,0.650356167994446
9.075,0.596116653844496
9.0755,0.542863311369153
9.076,0.488952518800601
9.0765,0.434713000344495
9.077,0.380144755870523
9.0775,0.325576509625037
9.078,0.271008261504929
9.0785,0.215782562598251
9.079,0.161214310393873
9.0795,0.105988607142493
9.08,0.0504341771007617
9.0805,-0.00380535758210108
9.081,-0.0583736192072733
9.0815,-0.113599332415398
9.082,-0.168825048393543
9.0825,-0.223393318197264
9.083,-0.278619039999941
9.0835,-0.332858591205511
9.084,-0.387426870073412
9.0845,-0.442323876764053
9.085,-0.49623471295683
9.0855,-0.550474277136772
9.086,-0.603398946152105
9.0865,-0.657309792635452
9.087,-0.710234468640273
9.0875,-0.762172974061826
9.088,-0.81476893254766
9.0885,-0.866707445225478
9.089,-0.918317236843142
9.0895,-0.969269582593074
9.09,-1.01956448241502
9.0905,-1.07018811086112
9.091,-1.11949684359961
9.0915,-1.16880558009828
9.092,-1.21647069569277
9.0925,-1.26479326488727
9.093,-1.31245838790927
9.0935,-1.35847988959673
9.094,-1.40450139488091
9.0945,-1.44986545366987
9.095,-1.49490079096984
9.0955,-1.53862123137296
9.096,-1.58102677462215
9.0965,-1.62441849672007
9.097,-1.66485169547408
9.0975,-1.70561362255325
9.098,-1.74604682756307
9.0985,-1.78450768405791
9.099,-1.82296854346467
9.0995,-1.86044322982451
9.1,-1.89627429223773
9.1005,-1.93177663189007
9.101,-1.96596407252981
9.1015,-2.000480241031
9.102,-2.03269533389481
9.1025,-2.06392425255237
9.103,-2.09548189879543
9.1035,-2.12440974307922
9.104,-2.15333758919081
9.1045,-2.18062180937119
9.105,-2.20724858005607
9.1055,-2.23256044995504
9.106,-2.25688614446468
9.1065,-2.28088311468794
9.107,-2.30257900670635
9.1075,-2.3236174484841
9.108,-2.34334098857947
9.1085,-2.36240707819733
9.109,-2.38015826584593
9.1095,-2.39626582564832
9.11,-2.41105848314826
9.1105,-2.42552241542658
9.111,-2.43801399370315
9.1115,-2.45017684659291
9.112,-2.46168224830063
9.1125,-2.47022911834611
9.113,-2.47811853700546
9.1135,-2.48502177845537
9.114,-2.4909388426468
9.1145,-2.49554100374308
9.115,-2.49882826170037
9.1155,-2.50112934228604
9.116,-2.50211551968382
9.1165,-2.5017867938843
9.117,-2.50047189068882
9.1175,-2.49784208431043
9.118,-2.49389737477424
9.1185,-2.48830903632906
9.119,-2.48239197217519
9.1195,-2.47483127921253
9.12,-2.46661313484392
9.1205,-2.45642263605205
9.121,-2.44491723448913
9.1215,-2.43308310749699
9.122,-2.41993407789661
9.1225,-2.40481269436303
9.123,-2.38870513423652
9.1235,-2.37194012332432
9.124,-2.35386021033289
9.1245,-2.33479412109414
9.125,-2.3140844044272
9.1255,-2.29205978619914
9.126,-2.26970644346198
9.1265,-2.24570947384818
9.127,-2.22072632878428
9.1275,-2.19541445955661
9.128,-2.16845896402716
9.1285,-2.14051729352849
9.129,-2.11126072272456
9.1295,-2.08167542829986
9.13,-2.0501177829942
9.1305,-2.01823141437817
9.131,-1.98535887166612
9.1315,-1.95150015504033
9.132,-1.91632653931622
9.1325,-1.88049547544127
9.133,-1.8440069635305
9.1335,-1.80620355310653
9.134,-1.76774269497351
9.1345,-1.72796693875369
9.135,-1.68753373515151
9.1355,-1.64677180947243
9.136,-1.60403753590613
9.1365,-1.56228944115355
9.137,-1.51856899888147
9.1375,-1.4745198349585
9.138,-1.42948449927764
9.1385,-1.38379171705398
9.139,-1.33809893840938
9.1395,-1.29109126333115
9.14,-1.24309741702476
9.1405,-1.19543229939783
9.141,-1.1464522857481
9.1415,-1.09747227584961
9.142,-1.04816354476609
9.1425,-0.997868642820738
9.143,-0.946587570153787
9.1435,-0.895306501265308
9.144,-0.844025436069727
9.1445,-0.791758200254946
9.145,-0.739162243377786
9.1455,-0.686566290111235
9.146,-0.632984166338194
9.1465,-0.579730770772273
9.147,-0.526477378620882
9.1475,-0.472237815951607
9.148,-0.417669532031819
9.1485,-0.363429975963604
9.149,-0.309190423033756
9.1495,-0.253964699534087
9.15,-0.199396428111692
9.1505,-0.144170710554183
9.151,-0.0886162713416866
9.1515,-0.034048008288227
9.152,0.0198628033042033
9.1525,0.0754172346982209
9.153,0.130971663659322
9.1535,0.185539917062033
9.154,0.240108168325517
9.1545,0.295333866326763
9.155,0.349902113598459
9.1555,0.404141634676628
9.156,0.459038602758985
9.1565,0.512949396163341
9.157,0.566860188083542
9.1575,0.620770978619013
9.158,0.673695594906045
9.1585,0.727277658676946
9.159,0.778887375524063
9.1595,0.831811988670688
9.16,0.883092979466305
9.1605,0.934702693829871
9.161,0.98532623467809
9.1615,1.03562105069967
9.162,1.0859158662685
9.1625,1.13522450862136
9.163,1.18387570213328
9.1635,1.23285561972284
9.164,1.28052064007128
9.1645,1.32785693608827
9.165,1.37453578356332
9.1655,1.41989973400114
9.166,1.46559240885257
9.1665,1.50931273820959
9.167,1.55369051636635
9.1675,1.59642467338801
9.168,1.63784393357831
9.1685,1.68024936699174
9.169,1.72068245504961
9.1695,1.76045809492889
9.17,1.7992475623464
9.1705,1.83737958161157
9.171,1.8745254284255
9.1715,1.9106851027832
9.172,1.94585860467568
9.1725,1.98037465841391
9.173,2.01390453966767
9.1735,2.04644824841815
9.174,2.07800578464372
9.1745,2.10890587266336
9.175,2.13750489072532
9.1755,2.16643263356573
9.176,2.19371675506659
9.1765,2.21968597952993
9.177,2.24532648001163
9.1775,2.26899463464568
9.178,2.29200534086402
9.1785,2.31435859864667
9.179,2.33473951042962
9.1795,2.35479169809057
9.18,2.37320026404495
9.1805,2.3906226570322
9.181,2.40738760142256
9.1815,2.42218019957535
9.182,2.43631534906461
9.1825,2.44913560104957
9.183,2.46064095549548
9.1835,2.47083141237057
9.184,2.48003569606498
9.1845,2.48858253098002
9.185,2.4948282949907
9.1855,2.50107405903051
9.186,2.50469002769852
9.1865,2.50764854752512
9.187,2.50994961850594
9.1875,2.51093579178465
9.188,2.51060706735833
9.1885,2.50863472080212
9.189,2.50567620097332
9.1895,2.50173150787851
9.19,2.4964719171036
9.1905,2.48989742866406
9.191,2.48200804257904
9.1915,2.47313248328834
9.192,2.46294202639615
9.1925,2.45176539634308
9.193,2.43894514433402
9.1935,2.42546744363006
9.194,2.41133229424842
9.1945,2.39456734981261
9.195,2.37747368117382
9.1955,2.36005128834032
9.196,2.34065654938432
9.1965,2.31928946437631
9.197,2.29825110403659
9.1975,2.27556912210368
9.198,2.25091479427017
9.1985,2.22658919116061
9.199,2.20029124223662
9.1995,2.17333584499141
9.2,2.14572299944186
9.2005,2.11580908388153
9.201,2.08556644443503
9.2015,2.05433763243059
9.202,2.02212264789298
9.2025,1.98957893949431
9.203,1.95473416130483
9.2035,1.92021810792187
9.204,1.88372970912607
9.2045,1.84691258650142
9.205,1.80878056711966
9.2055,1.76999109959258
9.206,1.73087290820168
9.2065,1.69076854433475
9.207,1.64967800798044
9.2075,1.60727257483526
9.208,1.5645384177363
9.2085,1.5218042609234
9.209,1.47742648294432
9.2095,1.43173380804795
9.21,1.38636985758102
9.2105,1.33969101009214
9.211,1.29301216263369
9.2115,1.24534714230595
9.212,1.19702467331517
9.2125,1.14804475558392
9.213,1.09906483759442
9.2135,1.04942747070141
9.214,0.998146481946733
9.2145,0.948180389827422
9.215,0.897228124233964
9.2155,0.844960960743442
9.216,0.793022520740022
9.2165,0.740426631213341
9.217,0.68750201635408
9.2175,0.634248676048169
9.218,0.580995334512367
9.2185,0.527084542964853
9.219,0.47284502560698
9.2195,0.41860550667193
9.22,0.364365986058445
9.2205,0.309140290513744
9.221,0.254900766204484
9.2215,0.200003791095037
9.222,0.144778089426872
9.2225,0.090209834358908
9.223,0.0349841280728418
9.2235,-0.0192554073024307
9.224,-0.0744811186131241
9.2245,-0.129378108121825
9.225,-0.184275100397842
9.2255,-0.239829544607684
9.226,-0.293740369123018
9.2265,-0.349294819447254
9.227,-0.403863099274746
9.2275,-0.457773933141655
9.228,-0.511684770283001
9.2285,-0.565595610798212
9.229,-0.619177730117523
9.2295,-0.672431128274512
9.23,-0.725684530012851
9.2305,-0.77795176122002
9.231,-0.829890271301088
9.2315,-0.882157509840883
9.232,-0.934096027387403
9.2325,-0.984062199803081
9.233,-1.03501455043009
9.2335,-1.08432328053281
9.234,-1.13363201434144
9.2345,-1.1826120270021
9.235,-1.23126331851347
9.2355,-1.27827098894746
9.236,-1.325607388028
9.2365,-1.37261506583416
9.237,-1.41765039705996
9.2375,-1.46268573180614
9.238,-1.50772107013066
9.2385,-1.55045533613582
9.239,-1.59351833062639
9.2395,-1.6355951529792
9.24,-1.67734325343637
9.2405,-1.71777645624885
9.241,-1.75689476115349
9.2415,-1.79601306904364
9.242,-1.83381647870059
9.2425,-1.87030498986224
9.243,-1.9067935037173
9.2435,-1.94196711875057
9.244,-1.97615456011359
9.2445,-2.00935582762143
9.245,-2.0422283720011
9.2455,-2.0731285658183
9.246,-2.10337131069244
9.2465,-2.13295660651217
9.247,-2.1608982765459
9.2475,-2.18818249718292
9.248,-2.21513799389635
9.2485,-2.23913496185283
9.249,-2.26378938233989
9.2495,-2.28680017604063
9.25,-2.30849606835331
9.2505,-2.32953451041811
9.251,-2.348600599424
9.2515,-2.36700923788728
9.252,-2.38508915143494
9.2525,-2.40021053426446
9.253,-2.41566064336485
9.2535,-2.4288096728318
9.254,-2.4426161542145
9.2545,-2.45379282995261
9.255,-2.46332587714191
9.2555,-2.47318765032582
9.256,-2.48074834325855
9.2565,-2.48732285896421
9.257,-2.49291119739608
9.2575,-2.49685590692286
9.258,-2.50014316489061
9.2585,-2.50145806808504
9.259,-2.50244424548361
9.2595,-2.5017867938843
9.26,-2.49981443909265
9.2605,-2.49652718112752
9.261,-2.49258247160388
9.2615,-2.48699413317645
9.262,-2.480419617476
9.2625,-2.47285892454925
9.263,-2.46398332868024
9.2635,-2.45313537843034
9.264,-2.44228742846202
9.2645,-2.4288096728318
9.265,-2.41533191763343
9.2655,-2.40053925998413
9.266,-2.38377424860562
9.2665,-2.3666805121935
9.267,-2.348600599424
9.2675,-2.32821960775911
9.268,-2.30816734270415
9.2685,-2.28614272477527
9.269,-2.26313193110902
9.2695,-2.23880623625562
9.27,-2.21349436600146
9.2705,-2.18752504606381
9.271,-2.1605695510061
9.2715,-2.13262788099257
9.272,-2.10304258519403
9.2725,-2.07247111486469
9.273,-2.04157092109101
9.2735,-2.0083696513254
9.274,-1.97549710929519
9.2745,-1.9413096679789
9.275,-1.90514987690871
9.2755,-1.86931881384963
9.276,-1.83283030276034
9.2765,-1.7946981678892
9.277,-1.75590858536307
9.2775,-1.71613283005715
9.278,-1.67602835258429
9.2785,-1.63395152704408
9.279,-1.59253215514191
9.2795,-1.54946916072919
9.28,-1.50574871947139
9.2805,-1.46169955655461
9.281,-1.41633549682857
9.2815,-1.37130016570469
9.282,-1.3242924880031
9.2825,-1.276956089026
9.283,-1.22994841869288
9.2835,-1.18096840235486
9.284,-1.13264583962845
9.2845,-1.08333710589469
9.285,-1.03337092615627
9.2855,-0.982747300482612
9.286,-0.932123678549966
9.2865,-0.880185161148071
9.287,-0.828904097025085
9.2875,-0.776636862277559
9.288,-0.724040906447906
9.2885,-0.671116229511858
9.289,-0.618191556110746
9.2895,-0.564280712208141
9.29,-0.510041147150065
9.2905,-0.456459034716103
9.291,-0.402219476341379
9.2915,-0.347651196610267
9.292,-0.293082920025865
9.2925,-0.237857197424392
9.293,-0.18328892685888
9.2935,-0.128063210137592
9.294,-0.0731662206938867
9.2945,-0.0176117849821725
9.295,0.0359703014208297
9.2955,0.0911960076635376
9.296,0.146750435953473
9.2965,0.201647413134818
9.297,0.255886939391145
9.2975,0.311441361199668
9.298,0.365680883548503
9.2985,0.42024912848199
9.299,0.474488647367759
9.2995,0.528399440336614
9.3,0.582638956184041
9.3005,0.635563573354088
9.301,0.689474362268966
9.3015,0.741412804151
9.302,0.794337417966005
9.3025,0.84660458224886
9.303,0.897885572826497
9.3035,0.948837838411566
9.304,1.00044755196574
9.3045,1.051071092128
9.305,1.10070845900844
9.3055,1.14968837698807
9.306,1.19866829471195
9.3065,1.24600459086274
9.307,1.29399833546745
9.3075,1.3413346314817
9.308,1.38735603041609
9.3085,1.43337742944411
9.309,1.47808393150538
9.3095,1.52213298520561
9.31,1.56552459058901
9.3105,1.60858747198183
9.311,1.65033545655919
9.3115,1.69142599291956
9.312,1.7318590810888
9.3125,1.77196344538831
9.313,1.81009546433198
9.3135,1.84789875942279
9.314,1.88504460637148
9.3145,1.92054683223761
9.315,1.9563777829063
9.3155,1.99023638814428
9.316,2.02343754521182
9.3165,2.05532380543418
9.317,2.08688134179287
9.3175,2.11745270560369
9.318,2.14605172379126
9.3185,2.17432201805433
9.319,2.20061996659576
9.3195,2.22691791552466
9.32,2.25255841611444
9.3205,2.27622657085092
9.321,2.29890855279301
9.3215,2.32027563752409
9.322,2.34098527377136
9.3225,2.36005128834032
9.323,2.37911730314973
9.3235,2.39621097180758
9.324,2.41166101865106
9.3245,2.42612489244191
9.325,2.44026004197057
9.3255,2.45209412075512
9.326,2.46392819964047
9.3265,2.47346120770548
9.327,2.48299421583715
9.3275,2.49055487750657
9.328,2.49680064152643
9.3285,2.50173150787851
9.329,2.50567620097332
9.3295,2.50896344522795
9.33,2.51093579178465
9.3305,2.51093579178465
9.331,2.51060706735833
9.3315,2.50830599637637
9.332,2.50469002769852
9.3325,2.50107405903051
9.333,2.4948282949907
9.3335,2.48825380655921
9.334,2.48003569606498
9.3345,2.47116013678716
9.335,2.46031223108141
9.3355,2.44880687663823
9.336,2.43565790024803
9.3365,2.42185147517029
9.337,2.40673015261929
9.3375,2.39029393263432
9.338,2.37221409086311
9.3385,2.35413424931063
9.339,2.33441078604391
9.3395,2.31370114988388
9.34,2.29167661648719
9.3405,2.26833718590132
9.341,2.24401158254171
9.3415,2.21935725516724
9.342,2.19305930635092
9.3425,2.16511773615423
9.343,2.13684744202951
9.3435,2.10759097529119
9.344,2.0770196116295
9.3445,2.04546207541863
9.345,2.01324709101094
9.3455,1.97971720976668
9.346,1.94552988035669
9.3465,1.90937020552539
9.347,1.87419670411532
9.3475,1.83672213299959
9.348,1.79826138944041
9.3485,1.75947192203411
9.349,1.71936755787065
9.3495,1.67893446982567
9.35,1.63751520928977
9.3505,1.59478105195844
9.351,1.55204689494822
9.3515,1.50832656536459
9.352,1.4646062360122
9.3525,1.41924228544326
9.353,1.37322088645057
9.3535,1.32687076325466
9.354,1.27920574295925
9.3545,1.23121199832973
9.355,1.18387570213328
9.3555,1.13456706005868
9.356,1.08460096913453
9.3565,1.03463487784112
9.357,0.983682613230913
9.3575,0.933716520950287
9.358,0.882106806573503
9.3585,0.830168367157875
9.359,0.77790120259949
9.3595,0.725634037105371
9.36,0.672051973299933
9.3605,0.61879863264707
9.361,0.565545290736513
9.3615,0.511634498781297
9.362,0.457394980984481
9.3625,0.403155461581645
9.363,0.348915940471531
9.3635,0.294018968778722
9.364,0.238793270729064
9.3645,0.184225019415245
9.365,0.129328041534609
9.3655,0.0734448880638077
9.366,0.0188766299432097
9.3665,-0.0356916306315307
9.367,-0.0905886182481786
9.3675,-0.145485608557964
9.368,-0.200711326184137
9.3685,-0.255608322212846
9.369,-0.310505321250271
9.3695,-0.365073598828141
9.37,-0.419313154993039
9.3705,-0.474210163625877
9.371,-0.527463552519156
9.3715,-0.581703118694715
9.372,-0.63495651438894
9.3725,-0.688209913597079
9.373,-0.740477142255326
9.3735,-0.793073099223935
9.374,-0.845669059897788
9.3745,-0.897278849999877
9.375,-0.948231194218659
9.3755,-0.999183542170335
9.376,-1.04914971935174
9.3765,-1.09911590028281
9.377,-1.1487533601303
9.3775,-1.19641847420834
9.378,-1.24506976679874
9.3785,-1.292077438295
9.379,-1.33908511345067
9.3795,-1.38543534225141
9.38,-1.43112812460494
9.3805,-1.47583473532407
9.381,-1.51922644911559
9.3815,-1.56327561658324
9.382,-1.60600988691889
9.3825,-1.64808671025177
9.383,-1.68950608647407
9.3835,-1.72862438924476
9.384,-1.76840014551545
9.3845,-1.80784717958755
9.385,-1.84466441417184
9.3855,-1.88148165147622
9.386,-1.91698399005404
9.3865,-1.95215760582588
9.387,-1.98634504791441
9.3875,-2.01888886525567
9.388,-2.05176141030116
9.3885,-2.08200415378307
9.389,-2.11257562474308
9.3895,-2.14117474457931
9.39,-2.16977386621072
9.3905,-2.19574318512182
9.391,-2.22236995670584
9.3915,-2.24669565065591
9.392,-2.27069262032341
9.3925,-2.29304596311091
9.393,-2.31539930704327
9.3935,-2.33512284676352
9.394,-2.35451766170103
9.3945,-2.37292630041856
9.395,-2.38936258565829
9.3955,-2.40547014580976
9.396,-2.42026280363162
9.3965,-2.43341183324227
9.397,-2.44557468599849
9.3975,-2.45675136181565
9.398,-2.46661313484392
9.3985,-2.47516000499065
9.399,-2.4827206979593
9.3995,-2.48929521369626
9.4,-2.49389737477424
9.4005,-2.49817081010682
9.401,-2.50047189068882
9.4015,-2.50211551968382
9.402,-2.50244424548361
9.4025,-2.50112934228604
9.403,-2.49915698749753
9.4035,-2.49619845533244
9.404,-2.4912675684377
9.4045,-2.48567923002802
9.405,-2.47877598856717
9.4055,-2.47022911834611
9.406,-2.46102479676593
9.4065,-2.45050557235159
9.407,-2.43834271945228
9.4075,-2.42519368968747
9.408,-2.4117159346047
9.4085,-2.39560837421586
9.409,-2.37884336303183
9.4095,-2.36174962681709
9.41,-2.34301226290382
9.4105,-2.32328872282348
9.411,-2.30159282977301
9.4115,-2.28022566343146
9.412,-2.25622869324411
9.4125,-2.23157427317877
9.413,-2.20691985448242
9.4135,-2.18062180937119
9.414,-2.15268013812241
9.4145,-2.12473846859292
9.415,-2.09449572231779
9.4155,-2.06359552708196
9.416,-2.03236660844632
9.4165,-1.99982279017905
9.417,-1.96563534712749
9.4175,-1.93144790651104
9.418,-1.89726046830434
9.4185,-1.85879960317064
9.419,-1.82231109285186
9.4195,-1.78417895877644
9.42,-1.74440320128147
9.4205,-1.70462744686066
9.421,-1.6641942450632
9.4215,-1.62310359599905
9.422,-1.58069804946802
9.4225,-1.53697760573156
9.423,-1.49391461566194
9.4235,-1.44887927844059
9.424,-1.40417266983027
9.4245,-1.35782243954745
9.425,-1.31081476291475
9.4255,-1.26413581494074
9.426,-1.2161419707452
9.4265,-1.16781940533097
9.427,-1.11851066890825
9.4275,-1.06920193624418
9.428,-1.01923575756749
9.4285,-0.967954683300916
9.429,-0.917331062445881
9.4295,-0.866049995674732
9.43,-0.813454033540277
9.4305,-0.761844249332866
9.431,-0.709248294520563
9.4315,-0.655666169213729
9.432,-0.602741496826817
9.4325,-0.548830653929075
9.433,-0.4952485390943
9.4335,-0.44068025376089
9.434,-0.386769420911457
9.4345,-0.331543692958432
9.435,-0.276975417283167
9.4355,-0.22207842009588
9.436,-0.166852701345421
9.4365,-0.112284434450104
9.437,-0.0573874457816488
9.4375,-0.00216173528324876
9.438,0.0520777993264369
9.4385,0.107303504865783
9.439,0.16220048364556
9.4395,0.217426184619781
9.44,0.271665710289024
9.4405,0.326562682766278
9.441,0.381130928978834
9.4415,0.435699173421739
9.442,0.489938691848813
9.4425,0.543849484390332
9.443,0.597760275504684
9.4435,0.651671065291296
9.444,0.70426695658152
9.4445,0.757191571105585
9.445,0.809458736023895
9.4455,0.861068451462033
9.446,0.913006890423349
9.4465,0.963301707237464
9.447,1.01425397205769
9.4475,1.06487751209354
9.448,1.11451487887183
9.4485,1.16382352105215
9.449,1.21214599015807
9.4495,1.2601397348294
9.45,1.30780475513876
9.4505,1.35481232687786
9.451,1.40083372583327
9.4515,1.44619767634125
9.452,1.49057545417407
9.4525,1.53495323222295
9.453,1.57768738911859
9.4535,1.62075027060296
9.454,1.66249825528274
9.4545,1.702602618877
9.455,1.74336443145756
9.4555,1.78248262298458
9.456,1.82160081496294
9.4565,1.8587466615796
9.457,1.89490633573201
9.4575,1.93106601036334
9.458,1.96558206389485
9.4585,1.99976939358975
9.459,2.03264182646546
9.4595,2.06419936248709
9.46,2.0954281746395
9.4605,2.12501336554334
9.461,2.15394110819389
9.4615,2.18155395386525
9.462,2.20850935123322
9.4625,2.23414985154958
9.463,2.25814673039694
9.4635,2.28247233396286
9.464,2.30416814285405
9.4645,2.32586395203989
9.465,2.34591613958535
9.4655,2.36531087860837
9.466,2.38339072029562
9.4665,2.39949821580307
9.467,2.41593443589225
9.4675,2.43039830972637
9.468,2.44321856165731
9.4685,2.45505264046696
9.469,2.46655799496213
9.4695,2.47641972746333
9.47,2.48463783793559
9.4705,2.49186977519254
9.471,2.49844426364176
9.4715,2.50271768115111
9.472,2.50633364982359
9.4725,2.50929216965387
9.473,2.51060706735833
9.4735,2.51060706735833
9.474,2.50896344522795
9.4745,2.50699109867419
9.475,2.50337512999992
9.4755,2.49877298806507
9.476,2.49285594845787
9.4765,2.48562401119562
9.477,2.47707717629927
9.4775,2.46787289262484
9.478,2.45669626253183
9.4785,2.44420473488762
9.479,2.43138448294769
9.4795,2.41692060910356
9.48,2.4021280110048
9.4805,2.38503434227809
9.481,2.36728322496362
9.4815,2.34788848591539
9.482,2.32816502272867
9.4825,2.30712666227098
9.483,2.28444468021369
9.4835,2.26143397410122
9.484,2.23645092210933
9.4845,2.21113914612017
9.485,2.18484119742514
9.4855,2.15722835170472
9.486,2.1286293333509
9.4865,2.09871541805163
9.487,2.06781533018598
9.4875,2.03592906977963
9.488,2.00272791252908
9.4885,1.96952675575772
9.489,1.93468197785397
9.4895,1.89885102748616
9.49,1.86302007759182
9.4905,1.8252167823128
9.491,1.78642731459156
9.4915,1.74698039872365
9.492,1.70786220757336
9.4925,1.66644294676755
9.493,1.62502368634141
9.4935,1.58294697767942
9.494,1.53922664790037
9.4945,1.49484886982775
9.495,1.45079981625624
9.4955,1.40543586573393
9.496,1.35941446677014
9.4965,1.31306434358457
9.497,1.2657280475583
9.4975,1.21773430290036
9.498,1.1684256609757
9.4985,1.1201031916666
9.499,1.0701371006437
9.4995,1.01951356065441
9.5,0.969547468761263
9.5005,0.918266479138814
9.501,0.866985488849841
9.5015,0.815047049200423
9.502,0.762451160070646
9.5025,0.709526545649795
9.503,0.65660193014799
9.5035,0.603348589140109
9.504,0.549109073828566
9.5045,0.495855730127374
9.505,0.441944936231671
9.5055,0.386719243248363
9.506,0.332150997221776
9.5065,0.277911473723641
9.507,0.222357050673067
9.5075,0.167788798725005
9.508,0.112891820174968
9.5085,0.0579948393209237
9.509,0.00375530497390575
9.5095,-0.0511416807723754
9.51,-0.106696118115089
9.5105,-0.161593109234997
9.511,-0.216490103183828
9.5115,-0.271058375525396
9.512,-0.32661282454799
9.5125,-0.380194929317593
9.513,-0.435091935572664
9.5135,-0.488674046705997
9.514,-0.54389978432517
9.5145,-0.596167003602871
9.515,-0.650077849605161
9.5155,-0.703002525124752
9.516,-0.755927204235955
9.5165,-0.808194437534111
9.517,-0.860132949744947
9.5175,-0.911085291295233
9.518,-0.963023810977647
9.5185,-1.01397616002879
9.519,-1.06328488857347
9.5195,-1.11292234568555
9.52,-1.16190235675927
9.5205,-1.21055364666313
9.521,-1.25854749042383
9.5215,-1.30621261295406
9.522,-1.35256283917959
9.5225,-1.39858434399787
9.523,-1.44427712739319
9.5235,-1.48865501404912
9.524,-1.53237545396164
9.5245,-1.57576717217998
9.525,-1.61850144350089
9.5255,-1.65992081741243
9.526,-1.70068274410892
9.5265,-1.74078722348042
9.527,-1.77957680485814
9.5275,-1.81770893858627
9.528,-1.85551234987923
9.5285,-1.89167213728642
9.529,-1.92717447660394
9.5295,-1.96267681851672
9.53,-1.99522063424089
9.5305,-2.02842190308232
9.531,-2.06063699785863
9.5315,-2.09087974191779
9.532,-2.12079376244411
9.5325,-2.14939288279467
9.533,-2.17733455384047
9.5335,-2.20330387318817
9.534,-2.22894446845277
9.5345,-2.25392761397983
9.535,-2.27726713278954
9.5355,-2.29929175027057
9.536,-2.32000146623093
9.5365,-2.34103990885521
9.537,-2.35977727268243
9.5375,-2.37719973451991
9.538,-2.394293471354
9.5385,-2.40908612878506
9.539,-2.42420751247168
9.5395,-2.43735654220565
9.54,-2.44886194356076
9.5405,-2.45970989369964
9.541,-2.46924294102421
9.5415,-2.47713235966485
9.542,-2.48436432688376
9.5425,-2.49061011685617
9.543,-2.49521227794879
9.5435,-2.49882826170037
9.544,-2.50145806808504
9.5445,-2.50277297128365
9.545,-2.50244424548361
9.5455,-2.50112934228604
9.546,-2.49817081010682
9.5465,-2.49455482636099
9.547,-2.4902813910658
9.5475,-2.48370687531319
9.548,-2.47647490810574
9.5485,-2.46792803793199
9.549,-2.45806626487261
9.5495,-2.4468895890203
9.55,-2.43439801047964
9.5505,-2.4215777065742
9.551,-2.40678504870629
9.5515,-2.39133493992971
9.552,-2.37424120321442
9.5525,-2.35616129012579
9.553,-2.33709520078506
9.5535,-2.31671420966333
9.554,-2.2960044938596
9.5545,-2.27332242529804
9.555,-2.24899672988249
9.5555,-2.22499976139295
9.556,-2.19870171521954
9.5565,-2.17207494504115
9.557,-2.14413327431974
9.5575,-2.1152054287914
9.558,-2.08562013411371
9.5585,-2.05439121400431
9.559,-2.02283357053988
9.5595,-1.98963230209013
9.56,-1.95544485976707
9.5605,-1.92059996912796
9.561,-1.88509763028793
9.5615,-1.84828039271469
9.562,-1.81113443256566
9.5625,-1.77267357405872
9.563,-1.73355526795442
9.5635,-1.69279333869483
9.564,-1.65203141260932
9.5645,-1.61061203931009
9.565,-1.56722031831975
9.5655,-1.52415732589631
9.566,-1.48043688662767
9.5665,-1.43540155047797
9.567,-1.39003749282886
9.5675,-1.34401598868174
9.568,-1.29733703812939
9.5685,-1.24901446636568
9.569,-1.20167807322395
9.5695,-1.15302678400497
9.57,-1.10371804871783
9.5705,-1.05473804203134
9.571,-1.00411441475397
9.5715,-0.953162066436594
9.572,-0.902209721860233
9.5725,-0.850599931404231
9.573,-0.798661419867988
9.5735,-0.745736737788083
9.574,-0.693469508774901
9.5745,-0.64021610921451
9.575,-0.586305263865322
9.5755,-0.533709320568028
9.576,-0.478483583601977
9.5765,-0.424901473083476
9.577,-0.371319365739714
9.5775,-0.315764914134208
9.578,-0.261196639340817
9.5785,-0.205642193970654
9.579,-0.151731374097869
9.5795,-0.095848210015833
9.58,-0.0406224976753735
9.5805,0.0123021408494056
9.581,0.0681852970236768
9.5815,0.123411001868754
9.582,0.177979255575996
9.5825,0.233204955930918
9.583,0.288430654187003
9.5835,0.342998901697383
9.584,0.397238422999871
9.5845,0.451806666940119
9.585,0.505717460551133
9.5855,0.559628252664653
9.586,0.613210319050512
9.5865,0.666463659830855
9.587,0.71971699943928
9.5875,0.772641613662797
9.588,0.824580054008044
9.5885,0.876189769211022
9.589,0.928128207961485
9.5895,0.978423024596086
9.59,1.02937528925921
9.5905,1.07934138059609
9.591,1.12930747155538
9.5915,1.17730121653693
9.592,1.22628113414949
9.5925,1.27427487878877
9.593,1.32128245053101
9.5935,1.36763257372206
9.594,1.41431142126003
9.5945,1.45901792325179
9.595,1.50339570114133
9.5955,1.54711603069623
9.596,1.59083636052942
9.5965,1.63258434496434
9.597,1.67433232974753
9.5975,1.71476541774774
9.598,1.75486978186207
9.5985,1.7936592492164
9.599,1.83179126841425
9.5995,1.86926583946722
9.6,1.90575423806976
9.6005,1.9412564642137
9.601,1.9757725178871
9.6015,2.00930239907456
9.602,2.04151738342502
9.6025,2.07340364391471
9.603,2.10397500752218
9.6035,2.13388892290119
9.604,2.16248794133402
9.6045,2.18977206277612
9.605,2.21639873590586
9.6055,2.24105306323809
9.606,2.26537866655491
9.6065,2.28838937272251
9.607,2.31107135483545
9.6075,2.3321097153459
9.608,2.35150445419373
9.6085,2.37024174450137
9.609,2.38832158624853
9.6095,2.4047578062113
9.61,2.42020785314616
9.6105,2.4340142782079
9.611,2.4471632545827
9.6115,2.45866860901225
9.612,2.46918779028882
9.6125,2.47904952280903
9.613,2.48693890887677
9.6135,2.49384212172392
9.614,2.49943043691193
9.6145,2.50370385442445
9.615,2.50699109867419
9.6155,2.50962089407986
9.616,2.51027834293209
9.6165,2.50962089407986
9.617,2.50797727195071
9.6175,2.50600492539841
9.618,2.50206023230263
9.6185,2.49712936594933
9.619,2.49022615308528
9.6195,2.48299421583715
9.62,2.47411865654001
9.6205,2.46458564847041
9.621,2.45275156957943
9.6215,2.44091749078931
9.622,2.42711106566026
9.6225,2.41297591626238
9.623,2.3965396962068
9.6235,2.38010347633615
9.624,2.36136618590561
9.6245,2.34230017132021
9.625,2.32224798382151
9.6255,2.30055217468523
9.626,2.27787019272018
9.6265,2.2542020379603
9.627,2.22889026171027
9.6275,2.20324976147102
9.628,2.17629436418175
9.6285,2.14835279423863
9.629,2.11975377601703
9.6295,2.08918241217113
9.63,2.0582823244477
9.6305,2.02639606418204
9.631,1.99352363139693
9.6315,1.95900757747093
9.632,1.92449152402976
9.6325,1.88800312517594
9.633,1.85151472680395
9.6335,1.81404015597217
9.634,1.77557941268339
9.6345,1.73613249693594
9.635,1.69602813301604
9.6355,1.65428014803362
9.636,1.61253216342348
9.6365,1.56979800628588
9.637,1.52673512515803
9.6375,1.48301479571474
9.638,1.43765084507508
9.6385,1.39228689459209
9.639,1.34560804709475
9.6395,1.29860047535812
9.64,1.25159290359473
9.6405,1.20359915890106
9.641,1.15429051691816
9.6415,1.10531059896574
9.642,1.05534450783498
9.6425,1.00504969200057
9.643,0.954426151372726
9.6435,0.903145161562634
9.644,0.85153544676028
9.6445,0.799268282558336
9.645,0.747329841769505
9.6455,0.694405227049408
9.646,0.640823162570293
9.6465,0.587569821191515
9.647,0.533659029815014
9.6475,0.480076961343612
9.648,0.425837442624703
9.6485,0.371597922240859
9.649,0.316700951326241
9.6495,0.261803978497374
9.65,0.206907003649274
9.6505,0.15168130225734
9.651,0.0971130474754414
9.6515,0.0418873414921677
9.652,-0.012680918035121
9.6525,-0.067249180076181
9.653,-0.123132342710833
9.6535,-0.177700610155575
9.654,-0.232926329482949
9.6545,-0.287494602717878
9.655,-0.342062878985848
9.6555,-0.396959882974403
9.656,-0.450541991825185
9.6565,-0.504781553145712
9.657,-0.559021117868487
9.6575,-0.612274512095148
9.658,-0.665856634483047
9.6585,-0.719110035774059
9.659,-0.771705991263784
9.6595,-0.823644500908764
9.66,-0.875583014219268
9.6605,-0.926864081677274
9.661,-0.977487703225964
9.6615,-1.02844005335898
9.662,-1.07873495760305
9.6625,-1.12738624118474
9.663,-1.17702370321898
9.6635,-1.22468881943847
9.664,-1.2723539393233
9.6645,-1.32001906294219
9.665,-1.36636929024543
9.6655,-1.41206207109728
9.666,-1.45676868032268
9.6665,-1.50147529306687
9.667,-1.54552445912038
9.6675,-1.58793000290472
9.668,-1.63033555000462
9.6685,-1.672412375258
9.669,-1.71284557768933
9.6695,-1.75196388222034
9.67,-1.79042473916082
9.6705,-1.82888559901877
9.671,-1.86570283515352
9.6715,-1.90252007402646
9.672,-1.93802241413397
9.6725,-1.97253858062357
9.673,-2.00541112244962
9.6735,-2.03795494110194
9.674,-2.06918386011061
9.6745,-2.10041278121524
9.675,-2.1293406258095
9.6755,-2.15793974669628
9.676,-2.18555269271225
9.6765,-2.21152201253559
9.677,-2.23650515708202
9.6775,-2.26083085180869
9.678,-2.28417037098511
9.6785,-2.30586626316695
9.679,-2.32657597944099
9.6795,-2.34695697102818
9.68,-2.3653656094209
9.6805,-2.38245934578036
9.681,-2.3982381799518
9.6815,-2.4143457404407
9.682,-2.42782349560754
9.6825,-2.43998634820183
9.683,-2.4524779269091
9.6835,-2.46299715137314
9.684,-2.47187274722113
9.6845,-2.47976216591169
9.685,-2.48666540738895
9.6855,-2.49291119739608
9.686,-2.49652718112752
9.6865,-2.50047189068882
9.687,-2.50211551968382
9.6875,-2.50277297128365
9.688,-2.50244424548361
9.6885,-2.50047189068882
9.689,-2.49849953590346
9.6895,-2.49356864898126
9.69,-2.48732285896421
9.6905,-2.48173452060775
9.691,-2.47384510187972
9.6915,-2.46529823176001
9.692,-2.45510773300026
9.6925,-2.44360233147351
9.693,-2.43143947877447
9.6935,-2.41730427202579
9.694,-2.40284034002895
9.6945,-2.3867327799773
9.695,-2.36963904344662
9.6955,-2.35090167918872
9.696,-2.33183559008099
9.6965,-2.31112587355559
9.697,-2.28910125547719
9.6975,-2.26609046165569
9.698,-2.24275094343819
9.6985,-2.21743907295936
9.699,-2.19114102723081
9.6995,-2.16451425749944
9.7,-2.13624386172126
9.7005,-2.10698729119037
9.701,-2.07641582060028
9.7015,-2.04551562656542
9.702,-2.01297180739111
9.7025,-1.97977053963094
9.703,-1.94624054878822
9.7035,-1.91073820808048
9.704,-1.87490714461381
9.7045,-1.83808990779749
9.705,-1.80028649781919
9.7055,-1.76149691486723
9.706,-1.72237860961333
9.7065,-1.68128795601233
9.707,-1.64052603081495
9.7075,-1.59812048291108
9.708,-1.55571493833439
9.7085,-1.51166577147014
9.709,-1.46761660808954
9.7095,-1.42258127295439
9.71,-1.37721721631056
9.7105,-1.33119571316619
9.711,-1.28385931364545
9.7115,-1.23619419286558
9.712,-1.18787162590206
9.7125,-1.13954906265112
9.713,-1.09056905327534
9.7135,-1.04027414813344
9.714,-0.990307971609816
9.7145,-0.939355624314423
9.715,-0.88741710638161
9.7155,-0.836464766508336
9.716,-0.783540081751146
9.7165,-0.731601574875678
9.717,-0.67867689742696
9.7175,-0.624766049511859
9.718,-0.571841379129294
9.7185,-0.517930538216781
9.719,-0.464348425298662
9.7195,-0.409780141859324
9.72,-0.354554412544831
9.7205,-0.300643584669851
9.721,-0.24574658618065
9.7215,-0.190520866166151
9.722,-0.135623873568637
9.7225,-0.0807268837503849
9.723,-0.0251724476743572
9.7235,0.0280809146147273
9.724,0.0839640700786375
9.7245,0.138532325406844
9.725,0.193758027326373
9.7255,0.248655002673706
9.726,0.303223251591501
9.7265,0.358120222966361
9.727,0.412359743779622
9.7275,0.466927987256164
9.728,0.520838780437116
9.7285,0.574420847813013
9.729,0.628331638162235
9.7295,0.681584978600068
9.73,0.734509593579887
9.7305,0.786776758908721
9.731,0.839701371920645
9.7315,0.89098236259912
9.732,0.941934628272971
9.7325,0.993215617616656
9.733,1.04318170927617
9.7335,1.09314780050081
9.734,1.14278516708868
9.7345,1.19110763628505
9.735,1.23975882957236
9.7355,1.28775257418673
9.736,1.33508887020157
9.7365,1.38045282057147
9.737,1.4268029438606
9.7375,1.4721668944574
9.738,1.51621594812796
9.7385,1.55960755347499
9.739,1.60267043482474
9.7395,1.64441841935369
9.74,1.68550895566002
9.7405,1.72627076806516
9.741,1.76604640800447
9.7415,1.80483587548594
9.742,1.84296789481919
9.7425,1.87978501739356
9.743,1.91528724319067
9.7435,1.95111819378543
9.744,1.98497679894962
9.7445,2.01784923161207
9.745,2.05072166475463
9.7455,2.08227920104409
9.746,2.11252184044131
9.7465,2.14112085855624
9.747,2.16971987709855
9.7475,2.19733272300712
9.748,2.22297322316017
9.7485,2.24828499932268
9.749,2.27261060274434
9.7495,2.29496386025854
9.75,2.31698839370056
9.7505,2.3373693055178
9.751,2.35709276882259
9.7515,2.37550133480513
9.752,2.39292372781948
9.7525,2.40935994783414
9.753,2.42349509719632
9.7535,2.43795897110742
9.754,2.44979304987248
9.7545,2.46129840432385
9.755,2.4721463100374
9.7555,2.48102186932165
9.756,2.48923997982188
9.7565,2.49515701941311
9.757,2.50074533460663
9.7575,2.50501875212337
9.758,2.50830599637637
9.7585,2.50962089407986
9.759,2.50962089407986
9.7595,2.50929216965387
9.76,2.50797727195071
9.7605,2.50469002769852
9.761,2.50008788575912
9.7615,2.4948282949907
9.762,2.48825380655921
9.7625,2.48102186932165
9.763,2.47083141237057
9.7635,2.46129840432385
9.764,2.44979304987248
9.7645,2.43730152229006
9.765,2.42316637279096
9.7655,2.40804505022612
9.766,2.39226627902275
9.7665,2.37451516162176
9.767,2.35577787126101
9.7675,2.33671185674533
9.768,2.31567349617307
9.7685,2.29397768712643
9.769,2.271295705253
9.7695,2.24631265311474
9.77,2.22231577443363
9.7705,2.19568910121507
9.771,2.16873370403809
9.7715,2.1404634098592
9.772,2.11120694306675
9.7725,2.0806355793506
9.773,2.04874931875213
9.7735,2.01719178295419
9.774,1.98366190165279
9.7745,1.94881712354855
9.775,1.91364362161565
9.7755,1.87814139583998
9.776,1.84099554898002
9.7765,1.8025348053685
9.777,1.76440278651073
9.7775,1.7249558708843
9.778,1.68353660990866
9.7785,1.64277479790901
9.779,1.60036936482092
9.7795,1.55730648348767
9.78,1.51424360243639
9.7805,1.47019454877552
9.781,1.42450187390709
9.7815,1.37880919918018
9.782,1.33213035170062
9.7825,1.28512277996306
9.783,1.23745775962279
9.7835,1.1894640148873
9.784,1.14048409712105
9.7845,1.09117545480184
9.785,1.04153808784736
9.7855,0.99058582330524
9.786,0.939304833931481
9.7865,0.88868129252047
9.787,0.836414128902142
9.7875,0.784475688757042
9.788,0.731551074758309
9.7885,0.678955184038201
9.789,0.625044394885662
9.7895,0.571791053127573
9.79,0.518537710027197
9.7905,0.46429819242752
9.791,0.41005867323471
9.7915,0.355490427973124
9.792,0.300264732121937
9.7925,0.246025207494944
9.793,0.191128232047041
9.7935,0.136559978868147
9.794,0.080348101270848
9.7945,0.0254511190013897
9.795,-0.0281309678715
9.7955,-0.0833566796079997
9.796,-0.138253669556996
9.7965,-0.193150662290283
9.797,-0.248376382446443
9.7975,-0.303273381081506
9.798,-0.357512933675112
9.7985,-0.412738663165998
9.799,-0.466978222175141
9.7995,-0.520560335255116
9.8,-0.574142451684106
9.8005,-0.627724571559731
9.801,-0.680977970285048
9.8015,-0.734231372607096
9.802,-0.78682732914184
9.8025,-0.83909456460777
9.803,-0.890704354239215
9.8035,-0.941327973172265
9.804,-0.992609045447743
9.8045,-1.04356139671904
9.805,-1.09287012745866
9.8055,-1.14185013700851
9.806,-1.19083015030261
9.8065,-1.23948144245555
9.807,-1.28648911352116
9.8075,-1.33316806322749
9.808,-1.38017574163594
9.8085,-1.42553979851134
9.809,-1.4705751338802
9.8095,-1.51495302260771
9.81,-1.55801601431213
9.8105,-1.60075028423421
9.811,-1.64249838196202
9.8115,-1.68391775774608
9.812,-1.72435096106775
9.8125,-1.76379799173962
9.813,-1.80225884957393
9.8135,-1.83973353438295
9.814,-1.87687949666333
9.8145,-1.91271056027402
9.815,-1.94821290112604
9.8155,-1.98174289210648
9.816,-2.0149441600044
9.8165,-2.04748797931507
9.817,-2.07871689896151
9.8175,-2.10863091869882
9.818,-2.13821621485808
9.8185,-2.16582915967152
9.819,-2.19278465504361
9.8195,-2.21908270086879
9.82,-2.24406584584018
9.8205,-2.26773408974577
9.821,-2.2904161580178
9.8215,-2.31244077616271
9.822,-2.33282176708312
9.8225,-2.35188785623451
9.823,-2.37095394623236
9.8235,-2.38771895710577
9.824,-2.40382651719484
9.8245,-2.41861917495915
9.825,-2.43176820451846
9.8255,-2.44491723448913
9.826,-2.45510773300026
9.8265,-2.4656269575306
9.827,-2.47417382765706
9.8275,-2.48206324639134
9.828,-2.48863776211786
9.8285,-2.49323992318854
9.829,-2.49751335851431
9.8295,-2.5008006164873
9.83,-2.50244424548361
9.8305,-2.50277297128365
9.831,-2.50145806808504
9.8315,-2.49981443909265
9.832,-2.49652718112752
9.8325,-2.49192502002027
9.833,-2.48666540738895
9.8335,-2.47976216591169
9.834,-2.47187274722113
9.8345,-2.46233969983636
9.835,-2.45149174962918
9.8355,-2.43998634820183
9.836,-2.42749476986663
9.8365,-2.41335956325028
9.837,-2.39790945423392
9.8375,-2.38180189436926
9.838,-2.36470815803612
9.8385,-2.3459707939937
9.839,-2.32591852811549
9.8395,-2.30520881187284
9.84,-2.28318419409337
9.8405,-2.26017340058224
9.841,-2.23519025470246
9.8415,-2.21053583580592
9.842,-2.18358033936935
9.8425,-2.1566248445471
9.843,-2.1280257237429
9.8435,-2.09811170274611
9.844,-2.06786895821548
9.8445,-2.03631131384339
9.845,-2.00376749530439
9.8455,-1.9702375027805
9.846,-1.93572133645579
9.8465,-1.90054772187405
9.847,-1.86438793381603
9.8475,-1.82625579654166
9.848,-1.78943856330555
9.8485,-1.74966280540108
9.849,-1.71021577581004
9.8495,-1.67011129879055
9.85,-1.62869192408568
9.8505,-1.58595765195789
9.851,-1.54322338319497
9.8515,-1.49983166753537
9.852,-1.45512505492155
9.8525,-1.40943227066298
9.853,-1.36406821504529
9.8535,-1.3173892629199
9.854,-1.26972413950882
9.8545,-1.22271646972958
9.855,-1.17373645395789
9.8555,-1.12508516687911
9.856,-1.07610515859372
9.8565,-1.02548152969798
9.857,-0.975186629438855
9.8575,-0.924234283255709
9.858,-0.872953215987476
9.8585,-0.820685978109858
9.859,-0.769076193402957
9.8595,-0.716151513384839
9.86,-0.662569387607728
9.8605,-0.609973439434002
9.861,-0.55639132071102
9.8615,-0.502480480778873
9.862,-0.448569644203616
9.8625,-0.394001361718712
9.863,-0.339433082468097
9.8635,-0.284207357257458
9.864,-0.229967808729572
9.8645,-0.175399538580481
9.865,-0.119516373278675
9.8655,-0.0649481087331678
9.866,-0.0097223978767471
9.8665,0.0445171370703231
9.867,0.0987566696405966
9.8675,0.15463982203102
9.868,0.209536798899184
9.8685,0.26443377364816
9.869,0.319330746382933
9.8695,0.373898992837759
9.87,0.428795961869565
9.8705,0.482706756150028
9.871,0.53694627323202
9.8715,0.590528340190588
9.872,0.643452957173935
9.8725,0.69703502159504
9.873,0.749630911951049
9.8735,0.802226801309891
9.874,0.854493965463675
9.8745,0.905774955927968
9.875,0.957055945704892
9.8755,1.0076794863043
9.876,1.05797430211469
9.8765,1.10761166894331
9.877,1.15659158688238
9.8775,1.20622895313453
9.878,1.25389397354281
9.8785,1.30155899385913
9.879,1.34823784131832
9.8795,1.39491668881976
9.88,1.44028063931022
9.8805,1.48465841711842
9.881,1.52936491941781
9.8815,1.57177035199312
9.882,1.61483323343244
9.8825,1.65690994235176
9.883,1.6976717544803
9.8835,1.73810484271317
9.884,1.77755175848231
9.8845,1.8160125017941
9.885,1.85315834834231
9.8855,1.89030419535937
9.886,1.92679259424461
9.8865,1.96130864771729
9.887,1.99516725302499
9.8875,2.02836841016438
9.888,2.05959722178836
9.8885,2.09181220689232
9.889,2.12073994905213
9.8895,2.14966769163838
9.89,2.17826671031129
9.8905,2.20555083199006
9.891,2.231191332263
9.8915,2.25551693543815
9.892,2.27885636584252
9.8925,2.30219579657913
9.893,2.32257670820466
9.8935,2.34394379325785
9.894,2.36300980786384
9.8945,2.38076092512746
9.895,2.3978545938044
9.8955,2.41363336506849
9.896,2.42842596328579
9.8965,2.44190366401799
9.897,2.45373774281647
9.8975,2.46524309730067
9.898,2.47477610537484
9.8985,2.48365166467629
9.899,2.49121232634939
9.8995,2.49712936594933
9.9,2.50238895672683
9.9005,2.50567620097332
9.901,2.50896344522795
9.9015,2.51060706735833
9.902,2.51027834293209
9.9025,2.50962089407986
9.903,2.50731982309962
9.9035,2.50403257884906
9.904,2.49943043691193
9.9045,2.4931846728798
9.905,2.48628146003603
9.9055,2.47806334955379
9.906,2.46918779028882
9.9065,2.45768243577169
9.907,2.44584835693967
9.9075,2.43335682939239
9.908,2.41922167993259
9.9085,2.40344290860745
9.909,2.38733541305663
9.9095,2.36925557132147
9.91,2.35051828102606
9.9105,2.33112354219065
9.911,2.30975645731288
9.9115,2.28707447521851
9.912,2.26406376906931
9.9125,2.24006689013803
9.913,2.21442638973439
9.9135,2.18747099227733
9.914,2.16018687086938
9.9145,2.13191657681816
9.915,2.10233138581115
9.9155,2.0714312978911
9.916,2.0402024860954
9.9165,2.00700132878149
9.917,1.97314272330433
9.9175,1.93928411830399
9.918,1.90312444355963
9.9185,1.86795094222916
9.919,1.82981892258234
9.9195,1.79135817910679
9.92,1.75223998748069
9.9205,1.71246434768829
9.921,1.67203125971026
9.9215,1.63028327494747
9.922,1.5882065662449
9.9225,1.54514368499643
9.923,1.50109463117146
9.9235,1.45704557757232
9.924,1.41102417847205
9.9245,1.36500277949723
9.925,1.31865265630815
9.9255,1.27098763600808
9.926,1.22332261564068
9.9265,1.17467142229731
9.927,1.12602022873915
9.9275,1.07638286204139
9.928,1.02608804639295
9.9285,0.976450678856496
9.929,0.924512240729329
9.9295,0.873231250526112
9.93,0.821621535277713
9.9305,0.769025646263277
9.931,0.71675848060126
9.9315,0.663505140930243
9.932,0.609923075751905
9.9325,0.556341009284129
9.933,0.502758941429294
9.9335,0.448848147733223
9.934,0.394279903701324
9.9345,0.339382933546974
9.935,0.285143410300001
9.9355,0.229917711921976
9.936,0.17502073585283
9.9365,0.119795033171011
9.937,0.0642406037291895
9.9375,0.00967234520186883
9.938,-0.0442384668541729
9.9385,-0.0994641793704834
9.939,-0.154361170125545
9.9395,-0.2092581636957
9.94,-0.264155160185932
9.9405,-0.319380884258542
9.941,-0.37394916234656
9.9415,-0.427859994439445
9.942,-0.482428278983004
9.9425,-0.53601039301863
9.943,-0.589921235088748
9.9435,-0.643503355997938
9.944,-0.696756755778963
9.9445,-0.749023985014443
9.945,-0.801619942578871
9.9455,-0.853887179093774
9.946,-0.904839520199755
9.9465,-0.956449314601344
9.947,-1.00740166316296
9.9475,-1.05736784095565
9.948,-1.10733402251103
9.9485,-1.1563140331588
9.949,-1.20463659768967
9.9495,-1.25230171602415
9.95,-1.29963811307136
9.9505,-1.34763196387729
9.951,-1.39299601821929
9.9515,-1.43770262596128
9.952,-1.48339541248556
9.9525,-1.52678712686395
9.953,-1.57050756978861
9.9535,-1.61291311552045
9.954,-1.6543324889981
9.9545,-1.6954231404863
9.955,-1.73552761945145
9.9555,-1.77497465098147
9.956,-1.81277805906276
9.9565,-1.85025274465822
9.957,-1.8873987077274
9.9575,-1.92290104673444
9.958,-1.95774593753925
9.9585,-1.99193338002662
9.959,-2.02447719775137
9.9595,-2.0560348413263
9.96,-2.08693503605912
9.9605,-2.11717778183752
9.961,-2.14610562749072
9.9615,-2.17404729833371
9.962,-2.20034534306005
9.9625,-2.22565721256715
9.963,-2.25096908351482
9.9635,-2.27430860216759
9.964,-2.29666194513981
9.9645,-2.31802911228738
9.965,-2.33873882914323
9.9655,-2.35714746718367
9.966,-2.37522738031397
9.9665,-2.39232111706885
9.967,-2.40777122588138
9.9675,-2.42190643231049
9.968,-2.43538418771932
9.9685,-2.44754704053276
9.969,-2.45806626487261
9.9695,-2.46825676370466
9.97,-2.47614618232658
9.9705,-2.48403560109835
9.971,-2.48995266527569
9.9715,-2.49488355215476
9.972,-2.49817081010682
9.9725,-2.50112934228604
9.973,-2.50244424548361
9.9735,-2.50244424548361
9.974,-2.50145806808504
9.9745,-2.49849953590346
9.975,-2.49488355215476
9.9755,-2.49061011685617
9.976,-2.48469305266943
9.9765,-2.477789811225
9.977,-2.46891421525077
9.9775,-2.45938116793372
9.978,-2.44886194356076
9.9785,-2.43637036496133
9.979,-2.42322133525821
9.9795,-2.40875740305876
9.98,-2.39330729421028
9.9805,-2.37687100881829
9.981,-2.3587910956185
9.9815,-2.34038245750767
9.982,-2.32000146623093
9.9825,-2.29830557334468
9.983,-2.2766096815385
9.9835,-2.25261271154849
9.984,-2.2282870172737
9.9845,-2.20264642204689
9.985,-2.1756909260841
9.9855,-2.14840670620099
9.986,-2.11915013489212
9.9865,-2.08956483996116
9.987,-2.05899337052044
9.9875,-2.02677827585708
9.988,-1.99456318339622
9.9885,-1.96070446611967
9.989,-1.92553084972661
9.9895,-1.89068596123104
9.99,-1.85419744856876
9.9905,-1.81639403737528
9.991,-1.77793317846884
9.9915,-1.73947232246815
9.992,-1.69903911797117
9.9925,-1.65794846620064
9.993,-1.61620036726661
9.9935,-1.57313737097795
9.994,-1.53040310321483
9.9945,-1.48701138855522
9.995,-1.44164732681134
9.9955,-1.39661199371693
9.996,-1.35059048905373
9.9965,-1.30358281299235
9.997,-1.25624641563759
9.9975,-1.20891002194265
9.998,-1.16058745708415
9.9985,-1.11062127143139
9.999,-1.06164126422988
9.9995,-1.01101763643126
