Time_s,Voltage_V
0,1.35974319104818
0.0005,-1.58102677462215
0.001,-2.33019196174911
0.0015,0.147736609215689
0.002,2.42809723887929
0.0025,1.35842829393603
0.003,-1.58267040039576
0.0035,-2.32953451041811
0.004,0.148722782477183
0.0045,2.42842596328579
0.005,1.35744212110196
0.0055,-1.58332785070659
0.006,-2.32953451041811
0.0065,0.150037680158053
0.007,2.42875468769236
0.0075,1.35678467254592
0.008,-1.58398530101822
0.0085,-2.32887705908811
0.009,0.151023853417865
0.0095,2.42941213650574
0.01,1.35579849971188
0.0105,-1.58497147648716
0.011,-2.32821960775911
0.0115,0.152338751096495
0.012,2.42974086091254
0.0125,1.35415487832187
0.013,-1.58595765195789
0.0135,-2.32821960775911
0.014,0.153653648773845
0.0145,2.43006958531941
0.015,1.35316870548789
0.0155,-1.58694382743041
0.016,-2.32723343076749
0.0165,0.154968546449919
0.017,2.43039830972637
0.0175,1.35251125693192
0.018,-1.58760127774642
0.0185,-2.32723343076749
0.019,0.156283444124717
0.0195,2.4307270341334
0.02,1.35119635982
0.0205,-1.58891617838083
0.021,-2.32657597944099
0.0215,0.157598341798241
0.022,2.43039830972637
0.0225,1.34988146270812
0.023,-1.59023107901843
0.0235,-2.32657597944099
0.024,0.158913239470492
0.0245,2.43138448294769
0.025,1.34889528987424
0.0255,-1.59121725449873
0.026,-2.32558980245311
0.0265,0.160228137141471
0.027,2.43105575854051
0.0275,1.34758039276242
0.028,-1.59187470481992
0.0285,-2.32526107679099
0.029,0.161214310393873
0.0295,2.43138448294769
0.03,1.34659421992857
0.0305,-1.5928608803032
0.031,-2.32460362546748
0.0315,0.162529208062631
0.032,2.4323706561697
0.0325,1.34560804709475
0.033,-1.59384705578829
0.0335,-2.32427489980611
0.034,0.164172830146797
0.0345,2.4323706561697
0.035,1.34462187426094
0.0355,-1.59483323127517
0.036,-2.3236174484841
0.0365,0.164830278979909
0.037,2.43302810498475
0.0375,1.34363570142715
0.038,-1.59581940676384
0.0385,-2.32328872282348
0.039,0.16680262547735
0.0395,2.43302810498475
0.04,1.34264952859338
0.0405,-1.59680558225432
0.041,-2.32263127150297
0.0415,0.167460074309199
0.042,2.43368555380011
0.0425,1.34166335575962
0.043,-1.59779175774659
0.0435,-2.32230254584309
0.044,0.169103696387441
0.0445,2.43335682939239
0.045,1.34001973437005
0.0455,-1.59877793324066
0.046,-2.32197382018346
0.0465,0.170089869633441
0.047,2.43368555380011
0.0475,1.33903356153633
0.048,-1.60009283390223
0.0485,-2.32131636886496
0.049,0.171733491708534
0.0495,2.4340142782079
0.05,1.33804738870262
0.0505,-1.60075028423421
0.051,-2.32131636886496
0.0515,0.172390940538021
0.052,2.43434300261578
0.0525,1.33706121586893
0.053,-1.60206518490057
0.0535,-2.32033019188906
0.054,0.174034562610365
0.0545,2.43467172702372
0.055,1.33574631875735
0.0555,-1.60305136040245
0.056,-2.31934401491542
0.0565,0.175678184680748
0.057,2.43532917583985
0.0575,1.33476014592368
0.058,-1.60370881073803
0.0585,-2.31934401491542
0.059,0.176664357922038
0.0595,2.43565790024803
0.06,1.33377397309003
0.0605,-1.60502371141161
0.061,-2.3186865636009
0.0615,0.177979255575996
0.062,2.43598662465628
0.0625,1.3324590759785
0.063,-1.60600988691889
0.0635,-2.31835783794402
0.064,0.179294153228703
0.0645,2.43631534906461
0.065,1.33180162742274
0.0655,-1.60666733725809
0.066,-2.31835783794402
0.0665,0.180609050880162
0.067,2.4369727978815
0.0675,1.33048673031123
0.068,-1.60765351276838
0.0685,-2.31737166097486
0.069,0.181923948530373
0.0695,2.4369727978815
0.07,1.32884310892187
0.0705,-1.60863968828048
0.071,-2.31671420966333
0.0715,0.182910121767213
0.072,2.43664407347302
0.0725,1.32818566036613
0.073,-1.60962586379438
0.0735,-2.31671420966333
0.074,0.184553743827058
0.0745,2.4376302466987
0.075,1.3275282118104
0.0755,-1.61061203931009
0.076,-2.31572803269791
0.0765,0.185539917062033
0.077,2.43795897110742
0.0775,1.32621331469893
0.078,-1.61159821482761
0.0785,-2.31572803269791
0.079,0.186854814707579
0.0795,2.43795897110742
0.08,1.32489841758748
0.0805,-1.61291311552045
0.081,-2.31474185573474
0.0815,0.188169712351884
0.082,2.43828769551621
0.0825,1.32391224475389
0.083,-1.6142280162165
0.0835,-2.31441313008084
0.084,0.189484609994949
0.0845,2.43861641992508
0.085,1.32292607192031
0.0855,-1.6142280162165
0.086,-2.3137556787738
0.0865,0.190799507636778
0.087,2.43894514433402
0.0875,1.32161117480887
0.088,-1.61554291691577
0.0885,-2.3140844044272
0.089,0.191785680867337
0.0895,2.43927386874304
0.09,1.32095372625316
0.0905,-1.61620036726661
0.091,-2.31309822746776
0.0915,0.193100578507003
0.092,2.43960259315214
0.0925,1.31963882914172
0.093,-1.6175152679707
0.0935,-2.31276950181511
0.094,0.194086751735942
0.0945,2.43993131756132
0.095,1.31898138058601
0.0955,-1.61817271832396
0.096,-2.31211205051055
0.0965,0.195730373782633
0.097,2.44026004197057
0.0975,1.31733775919672
0.098,-1.61948761903288
0.0985,-2.311454599207
0.099,0.197045271418602
0.0995,2.4405887663799
0.1,1.31602286208529
0.1005,-1.62014506938856
0.101,-2.311454599207
0.1015,0.198360169053341
0.102,2.44091749078931
0.1025,1.31569413780743
0.103,-1.62113124492357
0.1035,-2.31079714790444
0.104,0.200003791095037
0.1045,2.44124621519879
0.105,1.314379240696
0.1055,-1.62244614563975
0.106,-2.31079714790444
0.1065,0.200989964319135
0.107,2.44157493960835
0.1075,1.31306434358457
0.108,-1.62310359599905
0.1085,-2.3094822453023
0.109,0.201976137542544
0.1095,2.44157493960835
0.11,1.31207817075099
0.1105,-1.62441849672007
0.111,-2.3094822453023
0.1115,0.20361975958003
0.112,2.44157493960835
0.1125,1.3110919979174
0.113,-1.62540467226295
0.1135,-2.30882479400273
0.114,0.204605932801604
0.1145,2.44223238842771
0.115,1.30944837652809
0.1155,-1.62639084780765
0.116,-2.30849606835331
0.1165,0.205920830429301
0.117,2.4425611128375
0.1175,1.30911965225022
0.118,-1.62704829817179
0.1185,-2.30783861705523
0.119,0.207235728055779
0.1195,2.44288983724737
0.12,1.30780475513876
0.1205,-1.6283631989025
0.121,-2.30718116575814
0.1215,0.208550625681038
0.122,2.44288983724737
0.1225,1.30681858230515
0.123,-1.62902064926906
0.1235,-2.30685244010997
0.124,0.209536798899184
0.1245,2.44354728606734
0.125,1.30550368519367
0.1255,-1.63066427518901
0.126,-2.30586626316695
0.1265,0.211509145333424
0.127,2.44387601047744
0.1275,1.30451751236005
0.128,-1.63132172555841
0.1285,-2.30586626316695
0.129,0.212166594144231
0.1295,2.44387601047744
0.13,1.30320261524854
0.1305,-1.63197917592861
0.131,-2.30520881187284
0.1315,0.21381021616992
0.132,2.44453345929787
0.1325,1.30188771813701
0.133,-1.63329407667145
0.1335,-2.30488008622616
0.134,0.214796389384426
0.1345,2.4448621837082
0.135,1.30123026958124
0.1355,-1.63395152704408
0.136,-2.30422263493354
0.1365,0.215782562598251
0.137,2.4448621837082
0.1375,1.30024409674758
0.138,-1.63493770260454
0.1385,-2.30422263493354
0.139,0.217754909023861
0.1395,2.4448621837082
0.14,1.29860047535812
0.1405,-1.63592387816683
0.141,-2.30323645799648
0.1415,0.218741082235647
0.142,2.44519090811861
0.1425,1.29794302680233
0.143,-1.6365813285427
0.1435,-2.30323645799648
0.144,0.219727255446756
0.1445,2.4455196325291
0.145,1.29662812969073
0.1455,-1.63822495448592
0.146,-2.30257900670635
0.1465,0.221042153060513
0.147,2.4455196325291
0.1475,1.2953132325791
0.148,-1.63888240486463
0.1485,-2.30192155541721
0.149,0.222028326270041
0.1495,2.44617708135031
0.15,1.29432705974536
0.1505,-1.64019730562448
0.151,-2.30192155541721
0.1515,0.22400067268707
0.152,2.44650580576103
0.1525,1.29334088691161
0.153,-1.64085475600562
0.1535,-2.30093537848536
0.154,0.224986845894571
0.1545,2.44683453017182
0.155,1.29202598979992
0.1555,-1.64184093157885
0.156,-2.3002779271987
0.1565,0.226301743503525
0.157,2.4471632545827
0.1575,1.29103981696614
0.158,-1.64249838196202
0.1585,-2.3002779271987
0.159,0.227287916709454
0.1595,2.44749197899365
0.16,1.2897249198544
0.1605,-1.6438132827308
0.161,-2.29929175027057
0.1615,0.228602814316312
0.162,2.44814942781579
0.1625,1.28906747129852
0.163,-1.6444707331164
0.1635,-2.29896302462836
0.164,0.229917711921976
0.1645,2.44782070340468
0.165,1.28775257418673
0.1655,-1.64545690869634
0.166,-2.29830557334468
0.1665,0.231561333927378
0.167,2.44782070340468
0.1675,1.28676640135287
0.168,-1.64677180947243
0.1685,-2.29764812206199
0.169,0.232547507129725
0.1695,2.44913560104957
0.17,1.28545150424102
0.1705,-1.64775798505663
0.171,-2.29731939642101
0.1715,0.233533680331403
0.172,2.44880687663823
0.1725,1.28512277996306
0.173,-1.64874416064266
0.1735,-2.29666194513981
0.174,0.235177302332712
0.1745,2.44913560104957
0.175,1.28347915857319
0.1755,-1.64940161103436
0.176,-2.29666194513981
0.1765,0.236820924332165
0.177,2.44946432546099
0.1775,1.28249298573924
0.178,-1.65038778662344
0.1785,-2.29567576821987
0.179,0.237807097530948
0.1795,2.44979304987248
0.18,1.28117808862728
0.1805,-1.65137396221436
0.181,-2.29567576821987
0.1815,0.238793270729064
0.182,2.44979304987248
0.1825,1.28019191579328
0.183,-1.65203141260932
0.1835,-2.29501831694114
0.184,0.240436892724445
0.1845,2.4504504986957
0.185,1.27953446723726
0.1855,-1.65301758820329
0.186,-2.29403214002491
0.1865,0.24175179031942
0.187,2.45110794751923
0.1875,1.27821957012521
0.188,-1.65400376379909
0.1885,-2.29370341438666
0.189,0.243395412311479
0.1895,2.45110794751923
0.19,1.2769046730131
0.1905,-1.65498993939672
0.191,-2.29337468874866
0.1915,0.2447103099038
0.192,2.45110794751923
0.1925,1.275918500179
0.193,-1.65597611499619
0.1935,-2.29238851183615
0.194,0.245696483097268
0.1945,2.45176539634308
0.195,1.27427487878877
0.1955,-1.6569622905975
0.196,-2.29173106056238
0.1965,0.24701138068753
0.197,2.45176539634308
0.1975,1.27394615451071
0.198,-1.65761974099939
0.1985,-2.29140233492586
0.199,0.248326278276617
0.1995,2.45176539634308
0.2,1.27263125739846
0.2005,-1.65893464180562
0.201,-2.2910736092896
0.2015,0.248983727070721
0.202,2.45209412075512
0.2025,1.27131636028616
0.203,-1.65992081741243
0.2035,-2.2904161580178
0.204,0.250627349054698
0.2045,2.45242284516723
0.205,1.2703301874519
0.2055,-1.66090699302108
0.206,-2.29008743238228
0.2065,0.251942246640562
0.207,2.45275156957943
0.2075,1.26901529033951
0.208,-1.66189316863157
0.2085,-2.289758706747
0.209,0.252928419829193
0.2095,2.45340901840405
0.21,1.26835784178329
0.2105,-1.66320806944842
0.211,-2.28910125547719
0.2115,0.254572041808784
0.212,2.45340901840405
0.2125,1.26704294467082
0.213,-1.66353679465314
0.2135,-2.28844380420836
0.214,0.255229490600111
0.2145,2.45406646722898
0.215,1.26605677183643
0.2155,-1.66518042067982
0.216,-2.28811507857432
0.2165,0.256873112577151
0.217,2.45406646722898
0.2175,1.26474187472386
0.218,-1.66583787109192
0.2185,-2.28811507857432
0.219,0.258188010157475
0.2195,2.45439519164156
0.22,1.26342697761124
0.2205,-1.66715277191859
0.221,-2.28778635294053
0.2215,0.259502907736635
0.222,2.45406646722898
0.2225,1.2627695290549
0.223,-1.66781022233315
0.2235,-2.28680017604063
0.224,0.260489080920244
0.2245,2.45472391605422
0.225,1.26178335622037
0.2255,-1.66879639795652
0.226,-2.28614272477527
0.2265,0.262132702891475
0.227,2.45505264046696
0.2275,1.2604684591076
0.228,-1.66945384837313
0.2285,-2.28515654787908
0.229,0.263776324860897
0.2295,2.45538136487978
0.23,1.25948228627299
0.2305,-1.6707687492088
0.231,-2.28515654787908
0.2315,0.26443377364816
0.232,2.45603881370565
0.2325,1.25849611343834
0.233,-1.67109747441823
0.2335,-2.28449909661619
0.234,0.265748671221819
0.2345,2.45603881370565
0.235,1.25718121632542
0.2355,-1.67274110046846
0.236,-2.28417037098511
0.2365,0.267063568794324
0.237,2.45669626253183
0.2375,1.25652376776893
0.238,-1.67274110046846
0.2385,-2.2835129197237
0.239,0.268378466365676
0.2395,2.45702498694504
0.24,1.25488014637764
0.2405,-1.67372727610105
0.241,-2.28285546846328
0.2415,0.270022088328248
0.242,2.45669626253183
0.2425,1.25422269782109
0.243,-1.67504217694738
0.2435,-2.28285546846328
0.244,0.271008261504929
0.2445,2.45702498694504
0.245,1.25290780070795
0.2455,-1.67569962737178
0.246,-2.2815405659454
0.2465,0.272323159072832
0.247,2.45768243577169
0.2475,1.25159290359473
0.248,-1.67701452822304
0.2485,-2.28121184031654
0.249,0.273966781031098
0.2495,2.45768243577169
0.25,1.2509354550381
0.2505,-1.67800070386364
0.251,-2.28055438905958
0.2515,0.274952954205198
0.252,2.45801116018513
0.2525,1.24994928220311
0.253,-1.67865815429173
0.2535,-2.28055438905958
0.254,0.276267851769665
0.2545,2.45833988459865
0.255,1.24863438508973
0.2555,-1.67997305515039
0.256,-2.2792394865486
0.2565,0.277582749332989
0.257,2.45833988459865
0.2575,1.24731948797628
0.258,-1.68063050558095
0.2585,-2.27956821217598
0.259,0.278897646895172
0.2595,2.45833988459865
0.26,1.24600459086274
0.2605,-1.68161668122833
0.261,-2.2785820352946
0.2615,0.279883820066061
0.262,2.45899733342592
0.2625,1.24468969374913
0.263,-1.68260285687756
0.2635,-2.27825330966796
0.264,0.28119871762625
0.2645,2.45899733342592
0.265,1.24436096947071
0.2655,-1.68358903252864
0.266,-2.27726713278954
0.2665,0.282513615185302
0.267,2.45965478225351
0.2675,1.24337479663544
0.268,-1.68490393339964
0.2685,-2.2769384071639
0.269,0.283828512743219
0.2695,2.45965478225351
0.27,1.24173117524321
0.2705,-1.68621883427393
0.271,-2.27628095591334
0.2715,0.284814685910912
0.272,2.45998350666742
0.2725,1.24074500240781
0.273,-1.68654755949301
0.2735,-2.27595223028843
0.274,0.286129583466844
0.2745,2.45998350666742
0.275,1.24008755385085
0.2755,-1.6872050099318
0.276,-2.27529477903936
0.2765,0.287444481021645
0.277,2.45998350666742
0.2775,1.23844393245835
0.278,-1.68851991081186
0.2785,-2.27496605341519
0.279,0.289088102963556
0.2795,2.46064095549548
0.28,1.23745775962279
0.2805,-1.68917736125313
0.281,-2.27463732779127
0.2815,0.290403000515816
0.282,2.46096967990963
0.2825,1.23614286250863
0.283,-1.69016353691657
0.2835,-2.27365115092098
0.284,0.291389173679271
0.2845,2.46129840432385
0.285,1.23515668967296
0.2855,-1.69114971258187
0.286,-2.27299369967535
0.2865,0.292704071229559
0.287,2.46195585315253
0.2875,1.23384179255864
0.288,-1.69246461347182
0.2885,-2.27266497405291
0.289,0.293690244391537
0.2895,2.46162712873815
0.29,1.23252689544423
0.2905,-1.69312206391804
0.291,-2.27233624843071
0.2915,0.295333866326763
0.292,2.46162712873815
0.2925,1.23186944688699
0.293,-1.69410823958891
0.2935,-2.27167879718705
0.294,0.296648763873682
0.2945,2.46162712873815
0.295,1.23055454977244
0.2955,-1.6954231404863
0.296,-2.27102134594438
0.2965,0.297306212646721
0.297,2.462284577567
0.2975,1.2292396526578
0.298,-1.69608059093623
0.2985,-2.27069262032341
0.299,0.29862111019196
0.2995,2.462284577567
0.3,1.22792475554306
0.3005,-1.69706676661268
0.301,-2.27069262032341
0.3015,0.299607283350155
0.302,2.46261330198153
0.3025,1.22693858270694
0.303,-1.69838166751751
0.3035,-2.269377717842
0.304,0.300922180893439
0.3045,2.46294202639615
0.305,1.22562368559202
0.3055,-1.69871039274424
0.306,-2.26970644346198
0.3065,0.302894527206273
0.307,2.46327075081085
0.3075,1.22496623703453
0.308,-1.69969656842565
0.3085,-2.26872026660277
0.309,0.30388070036175
0.3095,2.46359947522562
0.31,1.22398006419824
0.3105,-1.70068274410892
0.311,-2.26839154098352
0.3115,0.305195597901413
0.312,2.46392819964047
0.3125,1.22332261564068
0.313,-1.70166891979406
0.3135,-2.26773408974577
0.314,0.306181771055432
0.3145,2.46392819964047
0.315,1.22167899424667
0.3155,-1.70265509548106
0.316,-2.267076638509
0.3165,0.307167944208826
0.317,2.46458564847041
0.3175,1.22036409713134
0.318,-1.70364127116993
0.3185,-2.26641918727321
0.319,0.309140290513744
0.3195,2.4642569240554
0.32,1.21872047573703
0.3205,-1.70429872163021
0.321,-2.26576173603841
0.3215,0.310126463665269
0.322,2.46458564847041
0.3225,1.21839175145815
0.323,-1.70594234778453
0.3235,-2.26543301042137
0.324,0.311441361199668
0.3245,2.4649143728855
0.325,1.21674813006364
0.3255,-1.70659979824771
0.326,-2.26444683357175
0.3265,0.312756258732964
0.327,2.46524309730067
0.3275,1.21609068150578
0.328,-1.70758597394404
0.3285,-2.26444683357175
0.329,0.314071156265157
0.3295,2.46524309730067
0.33,1.21477578438999
0.3305,-1.7082434244093
0.331,-2.26378938233989
0.3315,0.315057329413579
0.332,2.46557182171592
0.3325,1.21313216299509
0.333,-1.70922960010873
0.3335,-2.26313193110902
0.334,0.316043502561383
0.3345,2.46557182171592
0.335,1.21247471443708
0.3355,-1.71021577581004
0.336,-2.26280320549395
0.3365,0.317687124473015
0.337,2.46590054613124
0.3375,1.21148854160002
0.338,-1.71087322627862
0.3385,-2.26148830303613
0.339,0.318673297619171
0.3395,2.46622927054664
0.34,1.21017364448382
0.3405,-1.71185940198304
0.341,-2.26181702865022
0.3415,0.319988195146421
0.342,2.46622927054664
0.3425,1.20951619592568
0.343,-1.71284557768933
0.3435,-2.26083085180869
0.344,0.321631817053944
0.3445,2.46688671937769
0.345,1.2078725745302
0.3455,-1.71383175339749
0.346,-2.26050212619534
0.3465,0.322617990197638
0.347,2.46688671937769
0.3475,1.20688640169282
0.348,-1.71416047863396
0.3485,-2.25984467496938
0.349,0.323604163340717
0.3495,2.46754416820905
0.35,1.20590022885538
0.3505,-1.71580410481943
0.351,-2.25951594935676
0.3515,0.325247785244487
0.352,2.46754416820905
0.3525,1.20491405601786
0.353,-1.71711900577155
0.3535,-2.25918722374439
0.354,0.326891407146556
0.3545,2.46787289262484
0.355,1.20359915890106
0.3555,-1.71777645624885
0.356,-2.25885849813227
0.3565,0.327877580286982
0.357,2.46820161704072
0.3575,1.20261298606338
0.358,-1.71876263196638
0.3585,-2.25820104690876
0.359,0.329192477806599
0.3595,2.46820161704072
0.36,1.20129808894637
0.3605,-1.71942008244576
0.361,-2.25754359568623
0.3615,0.330507375325133
0.362,2.46820161704072
0.3625,1.20031191610852
0.363,-1.72073498340704
0.3635,-2.25655741885427
0.364,0.331822272842583
0.3645,2.46853034145667
0.365,1.19899701899128
0.3655,-1.72172115913019
0.366,-2.25655741885427
0.3665,0.333137170358951
0.367,2.46885906587271
0.3675,1.19801084615326
0.368,-1.72204988437165
0.3685,-2.25589996763419
0.369,0.334123343495518
0.3695,2.46951651470501
0.37,1.19702467331517
0.3705,-1.7230360600973
0.371,-2.25491379080591
0.3715,0.336095689766833
0.372,2.46951651470501
0.3725,1.19603850047701
0.373,-1.72369351058211
0.3735,-2.25425633958828
0.374,0.337081862901581
0.3745,2.46951651470501
0.375,1.19472360335934
0.3755,-1.72467968631088
0.376,-2.25392761397983
0.3765,0.338725484791483
0.377,2.46984523912129
0.3775,1.19406615480045
0.378,-1.72566586204153
0.3785,-2.25359888837163
0.379,0.339382933546974
0.3795,2.47017396353763
0.38,1.19275125768258
0.3805,-1.72665203777406
0.381,-2.25294143715596
0.3815,0.341026555434528
0.382,2.47083141237057
0.3825,1.19143636056457
0.383,-1.72698076301866
0.3835,-2.25195526033429
0.384,0.342012728566257
0.3845,2.47050268795406
0.385,1.18979273916687
0.3855,-1.72862438924476
0.386,-2.25162653472755
0.3865,0.343327626074291
0.387,2.47083141237057
0.3875,1.18880656632814
0.388,-1.72928183973666
0.3885,-2.25129780912106
0.389,0.344313799204616
0.3895,2.47050268795406
0.39,1.18782039348933
0.3905,-1.73026801547609
0.391,-2.25064035790882
0.3915,0.345957421087155
0.392,2.47116013678716
0.3925,1.18683422065044
0.393,-1.73158291646491
0.3935,-2.25031163230307
0.394,0.346614869839705
0.3945,2.47148886120383
0.395,1.18617677209113
0.3955,-1.73224036696057
0.396,-2.24932545548727
0.3965,0.348258491719913
0.397,2.4721463100374
0.3975,1.18453315069272
0.398,-1.73322654270564
0.3985,-2.24899672988249
0.399,0.349573389222883
0.3995,2.4721463100374
0.4,1.18354697785356
0.4005,-1.73421271845259
0.401,-2.24833927867367
0.4015,0.35088828672479
0.402,2.47181758562057
0.4025,1.18223208073455
0.403,-1.7348701689516
0.4035,-2.24768182746583
0.404,0.352203184225637
0.4045,2.4724750344543
0.405,1.18124590789519
0.4055,-1.73552761945145
0.406,-2.24735310186228
0.4065,0.353189357350577
0.407,2.4724750344543
0.4075,1.17993101077592
0.408,-1.7365137952028
0.4085,-2.24669565065591
0.409,0.354832979224155
0.4095,2.47280375887128
0.41,1.17927356221623
0.4105,-1.73749997095603
0.411,-2.24603819945051
0.4115,0.356147876721829
0.412,2.47378993212271
0.4125,1.17828738937662
0.413,-1.73815742145923
0.4135,-2.24538074824609
0.414,0.357134049844392
0.4145,2.47346120770548
0.415,1.17697249225701
0.4155,-1.73947232246815
0.416,-2.2443945714413
0.4165,0.35844894734022
0.417,2.47378993212271
0.4175,1.1750001465773
0.418,-1.74012977297386
0.4185,-2.24406584584018
0.419,0.359763844834996
0.4195,2.47346120770548
0.42,1.17434269801732
0.4205,-1.74144467398781
0.421,-2.2434083946387
0.4215,0.361078742328721
0.422,2.47411865654001
0.4225,1.17335652517727
0.423,-1.74210212449604
0.4235,-2.2434083946387
0.424,0.362064915448326
0.4245,2.47444738095738
0.425,1.17204162805707
0.4255,-1.74308830025997
0.426,-2.24209349223865
0.4265,0.363051088567341
0.427,2.47444738095738
0.4275,1.17105545521682
0.428,-1.7437457507703
0.4285,-2.24209349223865
0.429,0.364694710431057
0.4295,2.47510482979238
0.43,1.1703980066566
0.4305,-1.74473192653737
0.431,-2.24077858984251
0.4315,0.366009607920854
0.432,2.47510482979238
0.4325,1.16875438525587
0.433,-1.74571810230633
0.4335,-2.24110731544118
0.434,0.366995781037516
0.4345,2.47477610537484
0.435,1.16776821241532
0.4355,-1.74637555282002
0.436,-2.24012113864591
0.4365,0.368310678525487
0.437,2.47510482979238
0.4375,1.16678203957467
0.438,-1.74703300333455
0.4385,-2.23946368745028
0.439,0.369954300383985
0.4395,2.47543355421
0.44,1.16579586673392
0.4405,-1.74834790436614
0.441,-2.23913496185283
0.4415,0.370940473498305
0.442,2.47543355421
0.4425,1.16448096961279
0.443,-1.74900535488319
0.4435,-2.23913496185283
0.444,0.372255370983155
0.4445,2.47543355421
0.445,1.16349479677182
0.4455,-1.75032025591982
0.446,-2.23814878506195
0.4465,0.373898992837759
0.447,2.47609100304547
0.4475,1.16217989965039
0.448,-1.7509777064394
0.4485,-2.23749133386924
0.449,0.374556441579147
0.4495,2.47609100304547
0.45,1.16086500252879
0.4505,-1.75196388222034
0.451,-2.23716260827326
0.4515,0.376528787801761
0.452,2.47641972746333
0.4525,1.15987882968747
0.453,-1.75327878326455
0.4535,-2.23650515708202
0.454,0.377186236542116
0.4545,2.47707717629927
0.455,1.15856393256557
0.4555,-1.75426495904992
0.456,-2.23617643148676
0.4565,0.378501134022052
0.457,2.47707717629927
0.4575,1.15757775972402
0.458,-1.75525113483718
0.4585,-2.23486152910818
0.459,0.379816031500957
0.4595,2.47740590071737
0.46,1.15626286260181
0.4605,-1.75590858536307
0.461,-2.23519025470246
0.4615,0.380802204609461
0.462,2.47740590071737
0.4625,1.15494796547942
0.463,-1.75656603588981
0.4635,-2.23420407792035
0.464,0.382774550824735
0.4645,2.47773462513554
0.465,1.15429051691816
0.4655,-1.75788093694581
0.466,-2.23354662673349
0.4665,0.383760723931506
0.467,2.47773462513554
0.4675,1.15264689551481
0.468,-1.75820966221034
0.4685,-2.23288917554761
0.469,0.384746897037701
0.4695,2.47806334955379
0.47,1.15198944695339
0.4705,-1.75952456327057
0.471,-2.23256044995504
0.4715,0.386390518880079
0.472,2.47806334955379
0.4725,1.15067454983042
0.473,-1.76051073906795
0.4735,-2.23157427317877
0.474,0.38737669198474
0.4745,2.47904952280903
0.475,1.14968837698807
0.4755,-1.76149691486723
0.476,-2.23124554758717
0.4765,0.388691589456728
0.477,2.47839207397213
0.4775,1.14804475558392
0.478,-1.76215436540114
0.4785,-2.2305880964047
0.479,0.390006486927697
0.4795,2.47904952280903
0.48,1.14738730702218
0.4805,-1.7628118159359
0.481,-2.23025937081382
0.4815,0.391321384397648
0.482,2.47904952280903
0.4825,1.14607240989856
0.483,-1.76379799173962
0.4835,-2.22927319404267
0.484,0.392636281866583
0.4845,2.47904952280903
0.485,1.14541496133668
0.4855,-1.76478416754524
0.486,-2.22927319404267
0.4865,0.393622454967617
0.487,2.4793782472276
0.4875,1.14344261565075
0.488,-1.76577034335276
0.4885,-2.22861574286311
0.489,0.394937352434777
0.4895,2.47904952280903
0.49,1.14212771852656
0.4905,-1.76708524443241
0.491,-2.22762956609561
0.4915,0.396252249900924
0.492,2.47970697164625
0.4925,1.14114154568329
0.493,-1.76840014551545
0.4935,-2.22730084050692
0.494,0.396909698633618
0.4945,2.47970697164625
0.495,1.14015537283991
0.4955,-1.76872887078674
0.496,-2.22664338933029
0.4965,0.39855332046425
0.497,2.48003569606498
0.4975,1.13982664855876
0.498,-1.76938632132995
0.4985,-2.22631466374233
0.499,0.400525666658928
0.4995,2.48036442048379
0.5,1.13818302715282
0.5005,-1.77070122241892
0.501,-2.22532848697993
0.5015,0.400854391024487
0.502,2.48036442048379
0.5025,1.13719685430911
0.503,-1.77135867296467
0.5035,-2.22499976139295
0.504,0.402498012851342
0.5045,2.48069314490268
0.505,1.13588195718399
0.5055,-1.77201612351127
0.506,-2.22467103580621
0.5065,0.403812910311696
0.507,2.48102186932165
0.5075,1.13456706005868
0.508,-1.77300229933277
0.5085,-2.22401358463346
0.509,0.405127807771047
0.5095,2.4813505937407
0.51,1.13358088721456
0.5105,-1.77398847515616
0.511,-2.22335613346168
0.5115,0.406113980864904
0.512,2.48167931815983
0.5125,1.13259471437032
0.513,-1.77464592570615
0.5135,-2.22236995670584
0.514,0.407757602686748
0.5145,2.4813505937407
0.515,1.1312798172445
0.5155,-1.77596082680868
0.516,-2.22171250553648
0.5165,0.4090725001431
0.517,2.48200804257904
0.5175,1.12996492011847
0.518,-1.77661827736122
0.5185,-2.22138377995217
0.519,0.41005867323471
0.5195,2.48167931815983
0.52,1.12897874727381
0.5205,-1.77727572791461
0.521,-2.22072632878428
0.5215,0.411702295052815
0.522,2.48200804257904
0.5225,1.12799257442904
0.523,-1.77859062902392
0.5235,-2.22006887761736
0.524,0.412359743779622
0.5245,2.48200804257904
0.525,1.1266776773025
0.5255,-1.77924807957986
0.526,-2.22006887761736
0.5265,0.413674641232491
0.527,2.4826654914177
0.5275,1.12536278017574
0.528,-1.78056298069427
0.5285,-2.21908270086879
0.529,0.415318263047184
0.5295,2.4826654914177
0.53,1.12470533161229
0.5305,-1.78122043125275
0.531,-2.21842524970429
0.5315,0.416633160497823
0.532,2.48332294025668
0.5325,1.12339043448521
0.533,-1.78253533237226
0.5335,-2.21743907295936
0.534,0.417619333585154
0.5345,2.48332294025668
0.535,1.12240426163977
0.5355,-1.7831927829333
0.536,-2.21678162179729
0.5365,0.418934231034065
0.537,2.48299421583715
0.5375,1.12076064023043
0.538,-1.78352150821413
0.5385,-2.21678162179729
0.539,0.42024912848199
0.5395,2.48332294025668
0.54,1.1201031916666
0.5405,-1.7848364093396
0.541,-2.21612417063619
0.5415,0.42156402592893
0.542,2.48365166467629
0.5425,1.11845957025678
0.543,-1.78615131046847
0.5435,-2.215795445056
0.544,0.42255019901349
0.5445,2.48332294025668
0.545,1.11747339741073
0.5455,-1.78648003575122
0.546,-2.21480926831689
0.5465,0.424522545180953
0.547,2.48332294025668
0.5475,1.11648722456456
0.548,-1.78779493688435
0.5485,-2.21415181715869
0.549,0.425508718263857
0.5495,2.48398038909597
0.55,1.11517232743613
0.5505,-1.78845238745219
0.551,-2.21382309157995
0.5515,0.426494891346211
0.552,2.48496656235552
0.5525,1.11418615458966
0.553,-1.78910983802088
0.5535,-2.21382309157995
0.554,0.427809788788494
0.5545,2.48496656235552
0.555,1.11287125746084
0.5555,-1.79042473916082
0.556,-2.21250818926743
0.5565,0.428795961869565
0.557,2.48463783793559
0.5575,1.11188508461408
0.558,-1.79141091501802
0.5585,-2.21185073811263
0.559,0.429782134950088
0.5595,2.48463783793559
0.56,1.11024146320253
0.5605,-1.79206836559055
0.561,-2.21119328695879
0.5615,0.432083205469178
0.562,2.48496656235552
0.5625,1.10991273892018
0.563,-1.79272581616393
0.5635,-2.21086456138223
0.564,0.432740654188371
0.5645,2.48529528677553
0.565,1.10859784179063
0.5655,-1.79404071731325
0.566,-2.21020711022984
0.5665,0.43405555162603
0.567,2.48562401119562
0.5675,1.10695422037836
0.568,-1.79502689317749
0.5685,-2.20954965907843
0.569,0.435370449062718
0.5695,2.48529528677553
0.57,1.10596804753083
0.5705,-1.79568434375471
0.571,-2.20889220792797
0.5715,0.4363566221396
0.572,2.48529528677553
0.5725,1.10498187468317
0.573,-1.79634179433279
0.5735,-2.20856348235311
0.574,0.437342795215937
0.5745,2.48529528677553
0.575,1.10333825327011
0.5755,-1.7973279702015
0.576,-2.20724858005607
0.5765,0.439315141366983
0.577,2.48595273561579
0.5775,1.10235208042209
0.578,-1.79798542078172
0.5785,-2.20790603120411
0.579,0.440301314441692
0.5795,2.48628146003603
0.58,1.10136590757395
0.5805,-1.79962904723599
0.581,-2.20626240333584
0.5815,0.441616211873796
0.582,2.48661018445636
0.5825,1.09972228616007
0.583,-1.80028649781919
0.5835,-2.20593367776291
0.584,0.442602384947242
0.5845,2.48628146003603
0.585,1.09939356187725
0.5855,-1.80094394840325
0.586,-2.20527622661777
0.5865,0.444246006735121
0.587,2.48661018445636
0.5875,1.09774994046293
0.588,-1.80258757486714
0.5885,-2.2046187754736
0.589,0.445232179807129
0.5895,2.48661018445636
0.59,1.09676376761415
0.5905,-1.80291630016056
0.591,-2.20494750104557
0.5915,0.446218352878599
0.592,2.48693890887677
0.5925,1.09544887048224
0.593,-1.80357375074804
0.5935,-2.2039613243304
0.594,0.447533250306388
0.5945,2.48693890887677
0.595,1.09413397335009
0.5955,-1.80488865192557
0.596,-2.20330387318817
0.5965,0.448519423376604
0.597,2.48759635771783
0.5975,1.09314780050081
0.598,-1.80554610251562
0.5985,-2.20264642204689
0.599,0.449834320802724
0.5995,2.48759635771783
0.6,1.09216162765139
0.6005,-1.80653227840231
0.601,-2.20198897090659
0.6015,0.451149218227892
0.602,2.48792508213848
0.6025,1.09084673051862
0.603,-1.80751845429092
0.6035,-2.20100279419794
0.604,0.452792840008015
0.6045,2.48792508213848
0.605,1.09018928195214
0.6055,-1.8081759048844
0.606,-2.20100279419794
0.6065,0.454107737431046
0.607,2.48792508213848
0.6075,1.08887438481899
0.608,-1.80883335547873
0.6085,-2.20001661749147
0.609,0.455093910497697
0.6095,2.48825380655921
0.61,1.0875594876856
0.6105,-1.80981953137184
0.611,-2.19968789192312
0.6115,0.456737532274267
0.612,2.48858253098002
0.6125,1.08657331483539
0.613,-1.81080570726689
0.6135,-2.19935916635502
0.614,0.457394980984481
0.6145,2.48858253098002
0.615,1.08525841770155
0.6155,-1.81179188316386
0.616,-2.19804426408503
0.6165,0.459696051468374
0.617,2.48891125540091
0.6175,1.08361479628389
0.618,-1.81244933376291
0.6185,-2.19771553851813
0.619,0.460353500177528
0.6195,2.48891125540091
0.62,1.0826286234331
0.6205,-1.8134355096631
0.621,-2.19705808738506
0.6215,0.461339673240818
0.622,2.48956870424293
0.6225,1.08197117486583
0.623,-1.81409296026431
0.6235,-2.19672936181889
0.624,0.462654570657717
0.6245,2.48956870424293
0.625,1.08032755344737
0.6255,-1.81442168556523
0.626,-2.19574318512182
0.6265,0.463969468073677
0.627,2.48923997982188
0.6275,1.07967010487987
0.628,-1.81540786146929
0.6285,-2.19508573399164
0.629,0.4652843654887
0.6295,2.48989742866406
0.63,1.07802648346083
0.6305,-1.81639403737528
0.631,-2.19442828286243
0.6315,0.466599262902788
0.632,2.48989742866406
0.6325,1.07704031060922
0.633,-1.8173802132832
0.6335,-2.19409955729818
0.634,0.467585435962742
0.6345,2.49022615308528
0.635,1.07605413775745
0.6355,-1.81836638919306
0.636,-2.19311338060689
0.6365,0.469229057728165
0.637,2.49022615308528
0.6375,1.07506796490553
0.638,-1.81935256510486
0.6385,-2.19278465504361
0.639,0.470543955139456
0.6395,2.48989742866406
0.64,1.07375306776941
0.6405,-1.82001001571379
0.641,-2.19245592948057
0.6415,0.470872679492134
0.642,2.49022615308528
0.6425,1.07243817063303
0.643,-1.82132491693425
0.6435,-2.1917984783552
0.644,0.471858852549818
0.6445,2.49022615308528
0.645,1.07145199778056
0.6455,-1.82198236754577
0.646,-2.19081230166897
0.6465,0.473831198663621
0.647,2.49088360192794
0.6475,1.06980837635944
0.648,-1.82296854346467
0.6485,-2.19081230166897
0.649,0.475474820423533
0.6495,2.49055487750657
0.65,1.06882220350657
0.6505,-1.82395471938551
0.651,-2.18949739942402
0.6515,0.476789717830422
0.652,2.49055487750657
0.6525,1.06783603065354
0.653,-1.82428344469288
0.6535,-2.18916867386338
0.654,0.477775890884984
0.6545,2.49088360192794
0.655,1.06652113351593
0.6555,-1.82559834592454
0.656,-2.18851122274283
0.6565,0.479090788290259
0.657,2.49154105077093
0.6575,1.06586368494703
0.658,-1.82691324715964
0.6585,-2.18752504606381
0.659,0.480076961343612
0.6595,2.49121232634939
0.66,1.06487751209354
0.6605,-1.82757069777849
0.661,-2.18686759494566
0.6615,0.481391858747279
0.662,2.49154105077093
0.6625,1.06389133923989
0.663,-1.82789942308824
0.6635,-2.18686759494566
0.664,0.482378031799427
0.6645,2.49154105077093
0.665,1.06224771781679
0.6655,-1.82888559901877
0.666,-2.18555269271225
0.6665,0.483692929201489
0.667,2.49186977519254
0.6675,1.060932820678
0.668,-1.82954304964021
0.6685,-2.18555269271225
0.669,0.485665275302867
0.6695,2.49186977519254
0.67,1.05928919925412
0.6705,-1.83052922557398
0.671,-2.18489524159699
0.6715,0.486651448352785
0.672,2.49252722403601
0.6725,1.05830302639958
0.673,-1.83151540150969
0.6735,-2.18423779048269
0.674,0.487637621402191
0.6745,2.49252722403601
0.675,1.05764557782979
0.6755,-1.83217285213458
0.676,-2.18358033936935
0.6765,0.489281243150062
0.677,2.49219849961424
0.6775,1.05665940497498
0.678,-1.83283030276034
0.6785,-2.18259416270113
0.679,0.490596140547336
0.6795,2.49252722403601
0.68,1.05534450783498
0.6805,-1.83381647870059
0.681,-2.18259416270113
0.6815,0.491582313594696
0.682,2.49285594845787
0.6825,1.0540296106947
0.683,-1.83480265464278
0.6835,-2.18127926048021
0.684,0.492897210990384
0.6845,2.49285594845787
0.685,1.05271471355412
0.6855,-1.83578883058692
0.686,-2.18062180937119
0.6865,0.493883384036555
0.687,2.4931846728798
0.6875,1.0517285406985
0.688,-1.83677500653301
0.6885,-2.18029308381704
0.689,0.49519828143066
0.6895,2.49351339730182
0.69,1.05041364355742
0.6905,-1.83743245716482
0.691,-2.17963563270945
0.6915,0.496841903172022
0.692,2.49351339730182
0.6925,1.04942747070141
0.693,-1.83874735843102
0.6935,-2.17930690715602
0.694,0.497828076216163
0.6945,2.49351339730182
0.695,1.04811257355981
0.6955,-1.83940480906543
0.696,-2.17864945604988
0.6965,0.498814249259799
0.697,2.49384212172392
0.6975,1.04712640070342
0.698,-1.84006225970069
0.6985,-2.17766327939246
0.699,0.500129146650527
0.6995,2.49384212172392
0.7,1.0458115035613
0.7005,-1.84071971033683
0.701,-2.17700582828871
0.7015,0.501115319692985
0.702,2.49384212172392
0.7025,1.04449660641889
0.703,-1.84170588629266
0.7035,-2.17634837718592
0.704,0.503087665776388
0.7045,2.4941708461461
0.705,1.04351043356188
0.7055,-1.84269206225043
0.706,-2.17601965163489
0.7065,0.504073838817336
0.707,2.4941708461461
0.7075,1.04186681213316
0.708,-1.84367823821016
0.7085,-2.17536220053354
0.709,0.505060011857781
0.7095,2.4941708461461
0.71,1.0408806392757
0.7105,-1.84466441417184
0.711,-2.17503347498322
0.7115,0.506703633590743
0.712,2.49449957056836
0.7125,1.03989446641807
0.713,-1.84565059013547
0.7135,-2.17371857278435
0.714,0.507689806629852
0.7145,2.4948282949907
0.715,1.03890829356026
0.7155,-1.84597931545711
0.716,-2.17338984723523
0.7165,0.508675979668461
0.717,2.4948282949907
0.7175,1.03759339641626
0.718,-1.84729421674585
0.7185,-2.17371857278435
0.719,0.510648325744183
0.7195,2.4948282949907
0.72,1.03693594784414
0.7205,-1.84795166739153
0.721,-2.17240367058931
0.7215,0.511634498781297
0.722,2.49515701941311
0.7225,1.03529232641351
0.723,-1.84860911803807
0.7235,-2.17174621949323
0.724,0.512949396163341
0.7245,2.49548574383562
0.725,1.03397742926866
0.7255,-1.84992401933376
0.726,-2.1710887683981
0.7265,0.513935569199295
0.727,2.49515701941311
0.7275,1.03266253212349
0.728,-1.85058146998291
0.7285,-2.17043131730393
0.729,0.515250466579795
0.7295,2.49548574383562
0.73,1.03233380783715
0.7305,-1.85123892063292
0.731,-2.16944514066447
0.7315,0.516565363959415
0.732,2.49614319268086
0.7325,1.0303614621187
0.733,-1.85222509660958
0.7335,-2.1687876895727
0.734,0.517551536993553
0.7345,2.4958144682582
0.735,1.02970401354572
0.7355,-1.85321127258819
0.736,-2.16813023848187
0.7365,0.519523883060348
0.737,2.49614319268086
0.7375,1.02806039211294
0.738,-1.85386872324169
0.7385,-2.16747278739201
0.739,0.520510056093006
0.7395,2.49614319268086
0.74,1.02707421925303
0.7405,-1.85485489922356
0.741,-2.1668153363031
0.7415,0.521496229125173
0.742,2.4964719171036
0.7425,1.02608804639295
0.743,-1.85584107520739
0.7435,-2.16615788521514
0.744,0.523468575188032
0.7445,2.4964719171036
0.745,1.02510187353268
0.7455,-1.85649852586437
0.746,-2.16550043412815
0.7465,0.524454748218726
0.747,2.49680064152643
0.7475,1.02411570067223
0.748,-1.85682725119318
0.7485,-2.165171708585
0.749,0.525112196905584
0.7495,2.49712936594933
0.75,1.02247207923775
0.7505,-1.85814215251061
0.751,-2.16451425749944
0.7515,0.527084542964853
0.752,2.49712936594933
0.7525,1.02148590637682
0.753,-1.85879960317064
0.7535,-2.16385680641483
0.754,0.528070715993755
0.7545,2.49712936594933
0.755,1.02017100922863
0.7555,-1.85978577916231
0.756,-2.16319935533117
0.7565,0.529385613364867
0.757,2.49712936594933
0.7575,1.01852738779292
0.758,-1.86044322982451
0.7585,-2.16188445316673
0.759,0.530700510735113
0.7595,2.49745809037232
0.76,1.0178699392185
0.7605,-1.86142940581945
0.761,-2.16221317870748
0.7615,0.531357959419913
0.762,2.49745809037232
0.7625,1.01655504206941
0.763,-1.86241558181635
0.7635,-2.1608982765459
0.764,0.533001581130969
0.7645,2.49745809037232
0.765,1.01556886920737
0.7655,-1.86307303248204
0.766,-2.1608982765459
0.7665,0.534316478498845
0.767,2.49778681479539
0.7675,1.01458269634514
0.768,-1.8637304831486
0.7685,-2.16024082546653
0.769,0.535302651524188
0.7695,2.49811553921853
0.77,1.01293907490769
0.7705,-1.86537410981882
0.771,-2.15925464884928
0.7715,0.53661754889056
0.772,2.49811553921853
0.7725,1.01195290204496
0.773,-1.86636028582358
0.7735,-2.15925464884928
0.774,0.537932446256076
0.7745,2.49811553921853
0.775,1.01129545346971
0.7755,-1.86636028582358
0.776,-2.15793974669628
0.7765,0.539576067961768
0.777,2.49811553921853
0.7775,1.0096518320312
0.778,-1.86734646183029
0.7785,-2.15793974669628
0.779,0.540233516643671
0.7795,2.49811553921853
0.78,1.00866565916785
0.7805,-1.86866136317564
0.781,-2.15695357008404
0.7815,0.541877138347497
0.782,2.49877298806507
0.7825,1.00735076201641
0.783,-1.86931881384963
0.7835,-2.1562961190104
0.784,0.542863311369153
0.7845,2.49877298806507
0.785,1.00603586486463
0.7855,-1.86997626452449
0.786,-2.15563866793771
0.7865,0.543849484390332
0.787,2.49844426364176
0.7875,1.00504969200057
0.788,-1.87096244053842
0.7885,-2.15498121686598
0.789,0.54516438175116
0.7895,2.49943043691193
0.79,1.00406351913632
0.7905,-1.87161989121546
0.791,-2.15399504026016
0.7915,0.547136727790814
0.792,2.49943043691193
0.7925,1.00274862198369
0.793,-1.87227734189338
0.7935,-2.15333758919081
0.794,0.548122900809928
0.7945,2.49943043691193
0.795,1.00176244911898
0.7955,-1.87293479257218
0.796,-2.15235141258856
0.7965,0.549437798168007
0.797,2.49943043691193
0.7975,1.00044755196574
0.798,-1.87457841927299
0.7985,-2.15202268705496
0.799,0.550752695525244
0.7995,2.49943043691193
0.8,0.999790103388993
0.8005,-1.87523586995485
0.801,-2.15136523598846
0.8015,0.552067592881639
0.802,2.49943043691193
0.8025,0.998475206235229
0.803,-1.87556459529611
0.8035,-2.15070778492291
0.804,0.553053765898384
0.8045,2.49975916133549
0.805,0.996831584792531
0.8055,-1.87687949666333
0.806,-2.15005033385832
0.8065,0.55469738759191
0.807,2.49975916133549
0.8075,0.995845411926649
0.808,-1.87753694734826
0.8085,-2.14939288279467
0.809,0.555683560607398
0.8095,2.50008788575912
0.81,0.99453051477183
0.8105,-1.87852312337729
0.811,-2.14939288279467
0.8115,0.557327182298833
0.812,2.50008788575912
0.8125,0.993544341905483
0.813,-1.8791805740644
0.8135,-2.14840670620099
0.814,0.558313355313068
0.8145,2.50008788575912
0.815,0.992558169038936
0.8155,-1.88016675009672
0.816,-2.14742052960945
0.8165,0.559299528326835
0.817,2.50041661018284
0.8175,0.991243271883228
0.818,-1.88082420078603
0.8185,-2.14709180407941
0.819,0.560943150015406
0.8195,2.50074533460663
0.82,0.990257099016213
0.8205,-1.88115292613101
0.821,-2.14643435302004
0.8215,0.561929323027926
0.822,2.50041661018284
0.8225,0.989270926148994
0.823,-1.88246782751314
0.8235,-2.14544817643278
0.824,0.563244220377227
0.8245,2.50074533460663
0.825,0.987627304703181
0.8255,-1.88312527820552
0.826,-2.14511945090416
0.8265,0.5645591177257
0.827,2.50107405903051
0.8275,0.986641131835421
0.828,-1.88411145424574
0.8285,-2.14413327431974
0.829,0.565545290736513
0.8295,2.50140278345447
0.83,0.985983683256801
0.8305,-1.88476890494031
0.831,-2.14347582326465
0.8315,0.56718891242017
0.832,2.50140278345447
0.8325,0.984668786099288
0.833,-1.88575508098382
0.8335,-2.14281837221051
0.834,0.568503809766169
0.8345,2.50107405903051
0.835,0.983353888941409
0.8355,-1.88641253168059
0.836,-2.14216092115732
0.8365,0.56916125843886
0.837,2.50107405903051
0.8375,0.981710267493545
0.838,-1.88805615842637
0.8385,-2.14183219563108
0.839,0.57080488011969
0.8395,2.50140278345447
0.84,0.981052818914238
0.8405,-1.88838488377618
0.841,-2.14117474457931
0.8415,0.571791053127573
0.842,2.50206023230263
0.8425,0.979737921755348
0.843,-1.88969978517764
0.8435,-2.14018856800343
0.844,0.573105950470701
0.8445,2.50140278345447
0.845,0.978423024596086
0.8455,-1.89002851052855
0.846,-2.13953111695403
0.8465,0.574420847813013
0.847,2.50140278345447
0.8475,0.977108127436452
0.848,-1.89101468658261
0.8485,-2.13953111695403
0.849,0.575407020819211
0.8495,2.50140278345447
0.85,0.975793230276445
0.8505,-1.89200086263865
0.851,-2.13821621485808
0.8515,0.577050642495191
0.852,2.50173150787851
0.8525,0.975464505986385
0.853,-1.89265831334378
0.8535,-2.13755876381153
0.854,0.578036815500169
0.8545,2.50206023230263
0.855,0.974149608825908
0.8555,-1.89331576404979
0.856,-2.13690131276592
0.8565,0.579022988504691
0.857,2.50206023230263
0.8575,0.972505987374783
0.858,-1.89397321475668
0.8585,-2.13624386172126
0.859,0.580666610177881
0.8595,2.50238895672683
0.86,0.970862365923065
0.8605,-1.89495939081866
0.861,-2.13591513619929
0.8615,0.581652783181188
0.862,2.50206023230263
0.8625,0.96987619305175
0.863,-1.89561684152775
0.8635,-2.13460023411376
0.864,0.582638956184041
0.8645,2.50206023230263
0.865,0.968561295889661
0.8655,-1.89660301759304
0.866,-2.13460023411376
0.8665,0.583953853520473
0.867,2.50271768115111
0.8675,0.96724639872719
0.868,-1.89758919366032
0.8685,-2.13394278307241
0.869,0.585597475189882
0.8695,2.50238895672683
0.87,0.966260225855084
0.8705,-1.89857536972958
0.871,-2.13295660651217
0.8715,0.587241096858035
0.872,2.50271768115111
0.8725,0.965274052982762
0.873,-1.89956154580082
0.8735,-2.13197042995406
0.874,0.588227269858326
0.8745,2.50238895672683
0.875,0.964287880110222
0.8755,-1.89989027115834
0.876,-2.13197042995406
0.8765,0.589213442858166
0.877,2.50271768115111
0.8775,0.962972982946496
0.878,-1.90087644723223
0.8785,-2.1313129789165
0.879,0.590528340190588
0.8795,2.50271768115111
0.88,0.961986810073446
0.8805,-1.90153389794926
0.881,-2.13065552787989
0.8815,0.59151451318938
0.882,2.50304640557548
0.8825,0.960671912909038
0.883,-1.90252007402646
0.8835,-2.12966935132675
0.884,0.593158134853039
0.8845,2.50304640557548
0.885,0.959357015744238
0.8855,-1.90350625010565
0.886,-2.1293406258095
0.8865,0.593815583518154
0.887,2.50337512999992
0.8875,0.95837084287038
0.888,-1.90449242618683
0.8885,-2.12868317477573
0.889,0.595459205180075
0.8895,2.50337512999992
0.89,0.956727221413458
0.8905,-1.90514987690871
0.891,-2.12769699822684
0.8915,0.597102826840757
0.892,2.50370385442445
0.8925,0.955412324247474
0.893,-1.90580732763149
0.8935,-2.12703954719543
0.894,0.597760275504684
0.8945,2.50304640557548
0.895,0.954426151372726
0.8955,-1.9067935037173
0.896,-2.12671082168007
0.8965,0.599075172831946
0.897,2.50304640557548
0.8975,0.953439978497753
0.898,-1.90745095444229
0.8985,-2.12638209616496
0.899,0.600390070158419
0.8995,2.50370385442445
0.9,0.952125081330774
0.9005,-1.90876585589491
0.901,-2.12506719410686
0.9015,0.601376243152758
0.902,2.50370385442445
0.9025,0.950810184163393
0.903,-1.90942330662255
0.9035,-2.12440974307922
0.904,0.603019864809006
0.9045,2.50370385442445
0.905,0.949824011287593
0.9055,-1.91008075735107
0.906,-2.12408101756576
0.9065,0.604334762133123
0.907,2.50403257884906
0.9075,0.948509114119507
0.908,-1.91106693344551
0.9085,-2.12309484102679
0.909,0.605320935125697
0.9095,2.50370385442445
0.91,0.947194216951015
0.9105,-1.91172438417625
0.911,-2.12276611551427
0.9115,0.606635832448445
0.912,2.50436130327375
0.9125,0.946536768366617
0.913,-1.91271056027402
0.9135,-2.12210866448994
0.914,0.607950729770413
0.9145,2.50436130327375
0.915,0.944893146905177
0.9155,-1.91369673637377
0.916,-2.12112248795521
0.9165,0.609265627091602
0.917,2.50403257884906
0.9175,0.943906974028006
0.918,-1.9140254617408
0.9185,-2.12046503693324
0.919,0.610580524412014
0.9195,2.50469002769852
0.92,0.942920801150604
0.9205,-1.91501163784322
0.921,-2.11980758591221
0.9215,0.611566697401814
0.922,2.50436130327375
0.9225,0.941277179687754
0.923,-1.91566908857928
0.9235,-2.11882140938243
0.924,0.612881594720869
0.9245,2.50469002769852
0.925,0.940619731102433
0.9255,-1.91665526468502
0.926,-2.11849268387298
0.9265,0.614196492039151
0.927,2.50469002769852
0.9275,0.939304833931481
0.928,-1.91764144079276
0.9285,-2.11783523285478
0.929,0.615182665027356
0.9295,2.50501875212337
0.93,0.937989936760114
0.9305,-1.9186276169025
0.931,-2.11717778183752
0.9315,0.616168838015128
0.932,2.50469002769852
0.9325,0.936675039588331
0.933,-1.91895634227285
0.9335,-2.1161916053134
0.934,0.617812459660452
0.9345,2.50469002769852
0.935,0.935688866709219
0.9355,-1.91961379301423
0.936,-2.1161916053134
0.9365,0.618469908318245
0.937,2.5053474765483
0.9375,0.934702693829871
0.938,-1.92059996912796
0.9385,-2.1152054287914
0.939,0.62011352996189
0.9395,2.50501875212337
0.94,0.933059072363767
0.9405,-1.92158614524369
0.941,-2.1145479777779
0.9415,0.621099702947503
0.942,2.50501875212337
0.9425,0.932072899483787
0.943,-1.92224359598862
0.9435,-2.11356180125943
0.944,0.622414600260985
0.9445,2.50567620097332
0.945,0.930758002310111
0.9455,-1.92322977210768
0.946,-2.11257562474308
0.9465,0.624058221901765
0.947,2.50567620097332
0.9475,0.930100553723114
0.948,-1.92388722285484
0.9485,-2.11191817373335
0.949,0.625044394885662
0.9495,2.50567620097332
0.95,0.928456932255156
0.9505,-1.92520212435181
0.951,-2.11126072272456
0.9515,0.62635929219686
0.952,2.50567620097332
0.9525,0.927142035080309
0.953,-1.92553084972661
0.9535,-2.11093199722052
0.954,0.62800291383479
0.9545,2.50501875212337
0.955,0.926155862198893
0.9555,-1.92684575122803
0.956,-2.11027454621315
0.9565,0.629317811144284
0.957,2.50567620097332
0.9575,0.924840965023296
0.958,-1.92717447660394
0.9585,-2.10961709520671
0.959,0.629975259798747
0.9595,2.50567620097332
0.96,0.923854792141315
0.9605,-1.92783192735643
0.961,-2.10830219319666
0.9615,0.631618881434081
0.962,2.50567620097332
0.9625,0.922868619259091
0.963,-1.92881810348683
0.9635,-2.10830219319666
0.964,0.6329337787415
0.9645,2.50600492539841
0.965,0.921553722082413
0.9655,-1.92980427961924
0.966,-2.10731601669159
0.9665,0.633591227394928
0.967,2.50600492539841
0.9675,0.919910100610954
0.968,-1.93079045575365
0.9685,-2.10665856568939
0.969,0.635234849027678
0.9695,2.50633364982359
0.97,0.91925265202218
0.9705,-1.93144790651104
0.971,-2.10632984018863
0.9715,0.63589229768045
0.972,2.50633364982359
0.9725,0.917937754844304
0.973,-1.93210535726932
0.9735,-2.10501493818798
0.974,0.638193367963682
0.9745,2.50600492539841
0.975,0.916294133371341
0.9755,-1.93276280802849
0.976,-2.1046862126884
0.9765,0.638522092289671
0.977,2.50633364982359
0.9775,0.915636684781964
0.978,-1.93309153340841
0.9785,-2.10402876168995
0.979,0.640165713918919
0.9795,2.50666237424885
0.98,0.914321787602878
0.9805,-1.93407770954951
0.981,-2.10337131069244
0.9815,0.641480611221482
0.982,2.50699109867419
0.9825,0.913335614718273
0.983,-1.93572133645579
0.9835,-2.10205640870023
0.984,0.642138059872485
0.9845,2.50699109867419
0.985,0.912349441833419
0.9855,-1.93637878721987
0.986,-2.10205640870023
0.9865,0.643781681499182
0.987,2.50699109867419
0.9875,0.910705820358105
0.988,-1.93670751260224
0.9885,-2.10139895770553
0.989,0.645096578799707
0.9895,2.50699109867419
0.99,0.909719647472583
0.9905,-1.9376936887507
0.991,-2.10041278121524
0.9915,0.646411476099495
0.992,2.50699109867419
0.9925,0.908733474586808
0.993,-1.93835113951745
0.9935,-2.09975533022289
0.994,0.647397649073853
0.9945,2.50731982309962
0.995,0.907418577405383
0.9955,-1.93966604105364
0.996,-2.09909787923147
0.9965,0.648712546372353
0.997,2.50666237424885
0.9975,0.906103680223507
0.998,-1.94065221720813
0.9985,-2.09811170274611
0.999,0.650027443670119
0.9995,2.50764854752512
1,0.905117507336804
1.0005,-1.9409809425934
1.001,-2.09745425175703
1.0015,0.651342340967152
1.002,2.50731982309962
1.0025,0.9034738858584
1.003,-1.9413096679789
1.0035,-2.09646807527518
1.004,0.651999789615395
1.0045,2.50731982309962
1.005,0.902158988675165
1.0055,-1.94229584413674
1.006,-2.09613934978169
1.0065,0.653643411235202
1.007,2.50731982309962
1.0075,0.90117281578744
1.008,-1.94328202029659
1.0085,-2.09515317330265
1.009,0.654958308530229
1.0095,2.50731982309962
1.01,0.899857918603407
1.0105,-1.94426819645845
1.011,-2.09515317330265
1.0115,0.655944481501022
1.012,2.50699109867419
1.0125,0.898543021418916
1.013,-1.94492564723415
1.0135,-2.09416699682571
1.014,0.656930654471406
1.0145,2.50699109867419
1.015,0.897228124233964
1.0155,-1.94624054878822
1.016,-2.09383827133387
1.0165,0.658574276087807
1.017,2.50666237424885
1.0175,0.896570675641315
1.018,-1.9468979995666
1.0185,-2.09285209485973
1.019,0.659560449057105
1.0195,2.50731982309962
1.02,0.894927054159188
1.0205,-1.94755545034587
1.021,-2.09219464387815
1.0215,0.660875346348871
1.022,2.50699109867419
1.0225,0.893612156972964
1.023,-1.94887035190711
1.0235,-2.09120846740753
1.024,0.662190243639917
1.0245,2.50764854752512
1.025,0.892297259786275
1.0255,-1.94919907729798
1.026,-2.09055101642828
1.0265,0.663176416607729
1.027,2.50764854752512
1.0275,0.891311086895953
1.028,-1.94952780268907
1.0285,-2.09022229093901
1.029,0.664491313897516
1.0295,2.50764854752512
1.03,0.889996189708446
1.0305,-1.95051397886369
1.031,-2.08923611447259
1.0315,0.665806211186587
1.032,2.50731982309962
1.0325,0.889010016817508
1.033,-1.95150015504033
1.0335,-2.08857866349615
1.034,0.667121108474943
1.0345,2.50764854752512
1.035,0.888023843926306
1.0355,-1.95248633121899
1.036,-2.08792121252064
1.0365,0.668764730084385
1.037,2.50764854752512
1.0375,0.886380222440379
1.038,-1.95347250739966
1.0385,-2.08726376154606
1.039,0.669422178727849
1.0395,2.50764854752512
1.04,0.885394049548469
1.0405,-1.9541299581879
1.041,-2.08660631057242
1.0415,0.671394524657178
1.042,2.50797727195071
1.0425,0.884407876656291
1.043,-1.95445868358235
1.0435,-2.08562013411371
1.044,0.672051973299933
1.0445,2.50830599637637
1.045,0.883750428061358
1.0455,-1.95511613437194
1.046,-2.0849626831424
1.0465,0.673038146263733
1.047,2.50863472080212
1.0475,0.881778082275842
1.048,-1.956102310558
1.0485,-2.0846339576571
1.049,0.674681767869183
1.0495,2.50896344522795
1.05,0.880791909382681
1.0505,-1.95708848674608
1.051,-2.08364778120259
1.0515,0.675996665152749
1.052,2.50863472080212
1.0525,0.87914828789348
1.053,-1.95807466293618
1.0535,-2.08299033023408
1.054,0.676654113794268
1.0545,2.50863472080212
1.055,0.878490839297589
1.0555,-1.95938956452612
1.056,-2.08200415378307
1.0565,0.677969011076778
1.057,2.50830599637637
1.0575,0.877175942105446
1.058,-1.95938956452612
1.0585,-2.08134670281689
1.059,0.678955184038201
1.0595,2.50830599637637
1.06,0.876189769211022
1.0605,-1.96037574072094
1.061,-2.08068925185165
1.0615,0.680598805639695
1.062,2.50863472080212
1.0625,0.875203596316325
1.063,-1.96103319151861
1.0635,-2.08003180088734
1.064,0.681913702920105
1.0645,2.50797727195071
1.065,0.873559974824557
1.0655,-1.9620193677168
1.066,-2.07904562444262
1.0665,0.683228600199816
1.067,2.50830599637637
1.0675,0.872245077630594
1.068,-1.96234809311665
1.0685,-2.07838817348064
1.069,0.684214773159143
1.0695,2.50797727195071
1.07,0.871258904734801
1.0705,-1.96366299471829
1.071,-2.07773072251958
1.0715,0.684872221798478
1.072,2.50830599637637
1.0725,0.869944007539982
1.073,-1.96432044552046
1.0735,-2.07740199703941
1.074,0.686187119076625
1.0745,2.50863472080212
1.075,0.868957834643546
1.0755,-1.96563534712749
1.076,-2.07674454607975
1.0765,0.68750201635408
1.077,2.50830599637637
1.0775,0.866985488849841
1.078,-1.96629279793236
1.0785,-2.07575836964202
1.079,0.689145637949926
1.0795,2.50896344522795
1.08,0.866656764550782
1.0805,-1.96695024873813
1.081,-2.07542964416324
1.0815,0.690460535225828
1.082,2.50896344522795
1.0825,0.86567059165342
1.083,-1.96727897414135
1.0835,-2.0744434677283
1.084,0.691446708182302
1.0845,2.50863472080212
1.085,0.864026970157197
1.0855,-1.9685938757565
1.086,-2.07378601677283
1.0865,0.69243288113839
1.087,2.50896344522795
1.0875,0.862712072959658
1.088,-1.96892260116085
1.0885,-2.07279984034138
1.089,0.694405227049408
1.0895,2.50863472080212
1.09,0.862054624360702
1.0905,-1.96958005197022
1.091,-2.07181366391202
1.0915,0.695720124322566
1.092,2.50896344522795
1.0925,0.860082278563082
1.093,-1.97056622818597
1.0935,-2.07148493843603
1.094,0.696377572958888
1.0945,2.50929216965387
1.095,0.859753554263369
1.0955,-1.9712236789976
1.096,-2.07082748748475
1.0965,0.69802119454895
1.097,2.50896344522795
1.0975,0.858109932764332
1.098,-1.97220985521674
1.0985,-2.06984131105957
1.099,0.699664816137949
1.0995,2.50896344522795
1.1,0.857123759864532
1.1005,-1.97220985521674
1.101,-2.06918386011061
1.1015,0.70065098909084
1.102,2.50896344522795
1.1025,0.855808862664357
1.103,-1.97385348225314
1.1035,-2.06819768368891
1.104,0.701308437725889
1.1045,2.50929216965387
1.105,0.854822689763893
1.1055,-1.97451093306928
1.106,-2.06786895821548
1.1065,0.702952059312772
1.107,2.50929216965387
1.1075,0.85350779256283
1.108,-1.97549710929519
1.1085,-2.06754023274228
1.109,0.70360950794723
1.1095,2.50929216965387
1.11,0.85153544676028
1.1105,-1.97648328552313
1.111,-2.06622533085179
1.1115,0.704924405215641
1.112,2.50929216965387
1.1125,0.851206722459743
1.113,-1.97681201093289
1.1135,-2.06556787990794
1.114,0.705910578166508
1.1145,2.50929216965387
1.115,0.849563100956579
1.1155,-1.9774694617531
1.116,-2.06523915443636
1.1165,0.707554199750447
1.117,2.50929216965387
1.1175,0.848905652355089
1.118,-1.9784556379851
1.1185,-2.06425297802302
1.119,0.708540372700309
1.1195,2.50929216965387
1.12,0.847590755151723
1.1205,-1.97911308880757
1.121,-2.06392425255237
1.1215,0.709855269966206
1.122,2.50962089407986
1.1225,0.846275857947841
1.123,-1.98009926504296
1.1235,-2.06326680161177
1.124,0.71149889154764
1.1245,2.50962089407986
1.125,0.844960960743442
1.1255,-1.98042799045521
1.126,-2.06195189973335
1.1265,0.712485064496002
1.127,2.50994961850594
1.1275,0.843317339237214
1.128,-1.98174289210648
1.1285,-2.06162317426432
1.129,0.713799961759903
1.1295,2.50994961850594
1.13,0.842331166333087
1.1305,-1.9827290683473
1.131,-2.06096572332696
1.1315,0.714786134707394
1.132,2.50962089407986
1.1325,0.841344993428666
1.133,-1.98338651917565
1.1335,-2.05997954692266
1.134,0.716101031970136
1.1345,2.50962089407986
1.135,0.840030096222315
1.1355,-1.9840439700049
1.136,-2.05932209598762
1.1365,0.717415929232219
1.137,2.50994961850594
1.1375,0.839372647618943
1.138,-1.98503014625047
1.1385,-2.0586646450535
1.139,0.718402102178349
1.1395,2.50994961850594
1.14,0.838057750411805
1.1405,-1.98535887166612
1.141,-2.05734974318805
1.1415,0.720374448069499
1.142,2.50962089407986
1.1425,0.83608540460011
1.143,-1.98634504791441
1.1435,-2.05669229225671
1.144,0.720703172384547
1.1445,2.50994961850594
1.145,0.835427955995948
1.1455,-1.98700249874774
1.146,-2.0560348413263
1.1465,0.722675518273978
1.147,2.50929216965387
1.1475,0.834113058787227
1.148,-1.98798867499944
1.1485,-2.05570611586144
1.149,0.723990415532782
1.1495,2.50994961850594
1.15,0.83246943727558
1.1505,-1.98864612583503
1.151,-2.05537739039681
1.1515,0.72464786416194
1.152,2.50962089407986
1.1525,0.831154540065663
1.153,-1.98963230209013
1.1535,-2.05439121400431
1.154,0.725305312790935
1.1545,2.50994961850594
1.155,0.829839642855213
1.1555,-1.98996102750894
1.156,-2.05373376307714
1.1565,0.726948934362712
1.157,2.50994961850594
1.1575,0.829182194249787
1.158,-1.99094720376676
1.1585,-2.05241886122556
1.159,0.728263831619404
1.1595,2.50962089407986
1.16,0.827867297038533
1.1605,-1.99160465460644
1.161,-2.05209013576324
1.1615,0.72957872887545
1.162,2.51027834293209
1.1625,0.826223675523709
1.163,-1.99291955628851
1.1635,-2.05143268483931
1.164,0.730564901817061
1.1645,2.50962089407986
1.165,0.825566226917544
1.1655,-1.9932482817096
1.166,-2.05077523391629
1.1665,0.731879799071979
1.167,2.50962089407986
1.1675,0.824251329704809
1.168,-1.99456318339622
1.1685,-2.0501177829942
1.169,0.732865972012745
1.1695,2.50962089407986
1.17,0.823265156794903
1.1705,-1.99489190881844
1.171,-2.04946033207303
1.1715,0.734180869266539
1.172,2.50994961850594
1.1725,0.821621535277713
1.173,-1.99587808508647
1.1735,-2.04847415569301
1.174,0.735495766519692
1.1745,2.50962089407986
1.175,0.820306638063349
1.1755,-1.99686426135655
1.176,-2.04781670477415
1.1765,0.736810663772207
1.177,2.50994961850594
1.1775,0.819320465152219
1.178,-1.9975217122044
1.1785,-2.04715925385622
1.179,0.738125561024085
1.1795,2.51027834293209
1.18,0.818005567936899
1.1805,-1.99785043762867
1.181,-2.0468305283976
1.1815,0.739111733962576
1.182,2.50994961850594
1.1825,0.81701939502505
1.183,-1.99850788847789
1.1835,-2.04551562656542
1.184,0.740426631213341
1.1845,2.50994961850594
1.185,0.81570449780877
1.1855,-1.99949406475342
1.186,-2.04485817565071
1.1865,0.742070252775908
1.187,2.50994961850594
1.1875,0.815047049200423
1.188,-2.00015151560491
1.1885,-2.0445294501937
1.189,0.743385150025251
1.1895,2.51027834293209
1.19,0.813074703374557
1.1905,-2.00113769188386
1.191,-2.04354327382406
1.1915,0.744700047273964
1.192,2.51027834293209
1.1925,0.812417254765658
1.193,-2.00212386816485
1.1935,-2.0425570974565
1.194,0.745357495898084
1.1945,2.50994961850594
1.195,0.811102357547444
1.1955,-2.0024525935923
1.196,-2.04157092109101
1.1965,0.747001117457699
1.197,2.51027834293209
1.1975,0.810116184633419
1.198,-2.00343876987602
1.1985,-2.04091347018183
1.199,0.747987290392998
1.1995,2.50994961850594
1.2,0.808801287414232
1.2005,-2.00376749530439
1.201,-2.04058474472759
1.2015,0.749302187639517
1.202,2.51060706735833
1.2025,0.807157665889462
1.203,-2.0044249461618
1.2035,-2.03959856836624
1.204,0.750288360573997
1.2045,2.51027834293209
1.205,0.80617149297418
1.2055,-2.00541112244962
1.206,-2.03894111745983
1.2065,0.751274533508127
1.207,2.50994961850594
1.2075,0.804856595753314
1.208,-2.00606857330931
1.2085,-2.03795494110194
1.209,0.752918155064233
1.2095,2.51027834293209
1.21,0.803870422837295
1.2105,-2.00705474960055
1.211,-2.03762621564977
1.2115,0.754233052308421
1.212,2.51027834293209
1.2125,0.802884249920959
1.213,-2.00771220046252
1.2135,-2.03598258839237
1.214,0.75554794955199
1.2145,2.51027834293209
1.215,0.801240628393025
1.2155,-2.00869837675718
1.216,-2.03598258839237
1.2165,0.756534122484263
1.217,2.51060706735833
1.2175,0.800583179781604
1.218,-2.0096845530539
1.2185,-2.03499641204069
1.219,0.757520295416189
1.2195,2.51027834293209
1.22,0.798939558252431
1.2205,-2.01034200391951
1.221,-2.03433896114071
1.2215,0.758835192658219
1.222,2.51060706735833
1.2225,0.797624661028452
1.223,-2.01067072935266
1.2235,-2.03401023569107
1.224,0.760150089899637
1.2245,2.51027834293209
1.225,0.796967212416248
1.2255,-2.01165690565349
1.226,-2.03269533389481
1.2265,0.761464987140442
1.227,2.51027834293209
1.2275,0.795323590885115
1.228,-2.01231435652184
1.2285,-2.03203788299805
1.229,0.762451160070646
1.2295,2.51027834293209
1.23,0.794008693659563
1.2305,-2.01297180739111
1.231,-2.03138043210222
1.2315,0.764094781620224
1.232,2.51027834293209
1.2325,0.792693796433437
1.233,-2.01395798369673
1.2335,-2.0307229812073
1.234,0.765080954549516
1.2345,2.51060706735833
1.235,0.791707623513465
1.2355,-2.0149441600044
1.236,-2.0300655303133
1.2365,0.76639585178804
1.237,2.51027834293209
1.2375,0.790064001979455
1.238,-2.01527288544075
1.2385,-2.02940807942022
1.239,0.76771074902596
1.2395,2.51060706735833
1.24,0.789077829058616
1.2405,-2.01593033631413
1.241,-2.02842190308232
1.2415,0.768696921954004
1.242,2.51060706735833
1.2425,0.787762931830323
1.243,-2.01724523806364
1.2435,-2.02809317763682
1.244,0.770340543499991
1.2445,2.51027834293209
1.245,0.786776758908721
1.2455,-2.01757396350159
1.246,-2.02677827585708
1.2465,0.771326716427133
1.247,2.51027834293209
1.2475,0.785790585986792
1.248,-2.01856013981681
1.2485,-2.02612082496859
1.249,0.772312889353937
1.2495,2.51027834293209
1.25,0.784804413064535
1.2505,-2.01921759069476
1.251,-2.02546337408101
1.2515,0.773956510897864
1.252,2.51027834293209
1.2525,0.783160791526708
1.253,-2.01954631613408
1.2535,-2.02447719775137
1.254,0.775271408132334
1.2545,2.51060706735833
1.255,0.782174618603572
1.2555,-2.02086121789366
1.256,-2.02414847230861
1.2565,0.775928856749346
1.257,2.51060706735833
1.2575,0.78085972137221
1.258,-2.02118994333412
1.2585,-2.02316229598172
1.259,0.777243753982924
1.2595,2.51027834293209
1.26,0.779544824140259
1.2605,-2.02184739421574
1.261,-2.02250484509827
1.2615,0.778887375524063
1.262,2.51060706735833
1.2625,0.778558651215909
1.263,-2.02316229598172
1.2635,-2.02184739421574
1.264,0.780202272756308
1.2645,2.51126451621106
1.265,0.776915029674585
1.2655,-2.02349102142379
1.266,-2.02151866877482
1.2665,0.781188445680106
1.267,2.51027834293209
1.2675,0.775928856749346
1.268,-2.02414847230861
1.2685,-2.02020376701341
1.269,0.782503342911321
1.2695,2.51027834293209
1.27,0.774613959515174
1.2705,-2.02546337408101
1.271,-2.01954631613408
1.2715,0.783160791526708
1.272,2.51060706735833
1.2725,0.773627786589153
1.273,-2.02612082496859
1.2735,-2.01888886525567
1.274,0.784804413064535
1.2745,2.51060706735833
1.275,0.772312889353937
1.2755,-2.02677827585708
1.276,-2.01790268893977
1.2765,0.785790585986792
1.277,2.51027834293209
1.2775,0.771655440736105
1.278,-2.02743572674649
1.2785,-2.01724523806364
1.279,0.787434207523158
1.2795,2.51027834293209
1.28,0.770011819190869
1.2805,-2.02809317763682
1.281,-2.01658778718843
1.2815,0.78809165613745
1.282,2.51027834293209
1.2825,0.768368197644694
1.283,-2.02907935397403
1.2835,-2.01560161087733
1.284,0.789406553365599
1.2845,2.51060706735833
1.285,0.76771074902596
1.2855,-2.02940807942022
1.286,-2.0149441600044
1.2865,0.791050174899969
1.287,2.51060706735833
1.2875,0.766067127478466
1.288,-2.0300655303133
1.2885,-2.01362925826129
1.289,0.792036347820158
1.2895,2.51027834293209
1.29,0.765080954549516
1.2905,-2.03105170665465
1.291,-2.01330053282609
1.2915,0.793351245046572
1.292,2.51060706735833
1.2925,0.763766057310385
1.293,-2.03170915755002
1.2935,-2.01264308195636
1.294,0.794666142272411
1.2945,2.51093579178465
1.295,0.762779884380638
1.2955,-2.03302405934353
1.296,-2.01132818021965
1.2965,0.795981039497675
1.297,2.51060706735833
1.2975,0.761464987140442
1.298,-2.03302405934353
1.2985,-2.01099945478604
1.299,0.796967212416248
1.2995,2.51093579178465
1.3,0.760150089899637
1.3005,-2.03401023569107
1.301,-2.01034200391951
1.3015,0.798282109640512
1.302,2.51060706735833
1.3025,0.759163916968631
1.303,-2.03466768659059
1.3035,-2.00902710218919
1.304,0.799597006864207
1.3045,2.51093579178465
1.305,0.758177744037281
1.3055,-2.03565386294158
1.306,-2.00869837675718
1.3065,0.80025445547584
1.307,2.51060706735833
1.3075,0.756534122484263
1.308,-2.03664003929464
1.3085,-2.00804092589384
1.309,0.801898077004305
1.3095,2.51027834293209
1.31,0.75554794955199
1.3105,-2.03664003929464
1.311,-2.00705474960055
1.3115,0.802884249920959
1.312,2.51060706735833
1.3125,0.754233052308421
1.313,-2.03795494110194
1.3135,-2.00672602416991
1.314,0.80419914714267
1.3145,2.51027834293209
1.315,0.752918155064233
1.3155,-2.03894111745983
1.316,-2.00573984787935
1.3165,0.805514044363817
1.317,2.51027834293209
1.3175,0.751603257819425
1.318,-2.03894111745983
1.3185,-2.00508239702012
1.319,0.806500217279309
1.3195,2.51060706735833
1.32,0.749959636262543
1.3205,-2.0399272938198
1.321,-2.00409622073298
1.3215,0.807486390194486
1.322,2.51027834293209
1.3225,0.748973463327946
1.323,-2.04091347018183
1.3235,-2.00343876987602
1.324,0.809130011719081
1.3245,2.51027834293209
1.325,0.747658566081271
1.3255,-2.04157092109101
1.326,-2.00311004444789
1.3265,0.810444908938129
1.327,2.51027834293209
1.3275,0.746343668833971
1.328,-2.04189964654594
1.3285,-2.00146641731062
1.329,0.811431081852049
1.3295,2.51060706735833
1.33,0.745357495898084
1.3305,-2.04288582291212
1.331,-2.00146641731062
1.3315,0.812417254765658
1.332,2.51027834293209
1.3325,0.744371322961845
1.333,-2.04387199928038
1.3335,-2.00015151560491
1.334,0.813732151983317
1.3345,2.51060706735833
1.335,0.743056425712974
1.3355,-2.0445294501937
1.336,-2.00015151560491
1.3365,0.814718324896199
1.337,2.51060706735833
1.3375,0.741741528463474
1.338,-2.04518690110795
1.3385,-1.99883661390284
1.339,0.816361946416979
1.3395,2.50994961850594
1.34,0.740755355525934
1.3405,-2.0465018029392
1.341,-1.99817916305317
1.3415,0.81701939502505
1.342,2.51060706735833
1.3425,0.739111733962576
1.343,-2.0468305283976
1.3435,-1.9975217122044
1.344,0.818005567936899
1.3445,2.51027834293209
1.345,0.738125561024085
1.3455,-2.04715925385622
1.346,-1.99653553593296
1.3465,0.819649189455963
1.347,2.51027834293209
1.3475,0.736481939459138
1.348,-2.04814543023347
1.3485,-1.99620681050961
1.349,0.820964086670599
1.3495,2.51060706735833
1.35,0.735495766519692
1.3505,-2.04880288115279
1.351,-1.99489190881844
1.3515,0.822278983884691
1.352,2.50994961850594
1.3525,0.734509593579887
1.353,-2.04946033207303
1.3535,-1.99456318339622
1.354,0.823265156794903
1.3545,2.51027834293209
1.355,0.733194696326253
1.3555,-2.05044650845513
1.356,-1.99357700713092
1.3565,0.824908778311244
1.357,2.51027834293209
1.3575,0.731879799071979
1.358,-2.05077523391629
1.3585,-1.99259083086765
1.359,0.825894951220644
1.3595,2.51093579178465
1.36,0.730893626130851
1.3605,-2.05143268483931
1.361,-1.99193338002662
1.3615,0.827209848432704
1.362,2.50994961850594
1.3625,0.72957872887545
1.363,-2.05241886122556
1.3635,-1.99160465460644
1.364,0.827867297038533
1.3645,2.50962089407986
1.365,0.728263831619404
1.3655,-2.05307631215089
1.366,-1.99061847834726
1.3665,0.829839642855213
1.367,2.50994961850594
1.3675,0.727606382991139
1.368,-2.05406248854061
1.3685,-1.98963230209013
1.369,0.831154540065663
1.3695,2.50962089407986
1.37,0.726291485734123
1.3705,-2.05471993946825
1.371,-1.98897485125317
1.3715,0.832140712973151
1.372,2.51027834293209
1.3725,0.724976588476457
1.373,-2.05537739039681
1.3735,-1.98831740041712
1.374,0.833126885880339
1.3745,2.50994961850594
1.375,0.723661691218142
1.3755,-2.0560348413263
1.376,-1.98700249874774
1.3765,0.834770507391654
1.377,2.50994961850594
1.3775,0.722346793959175
1.378,-2.05669229225671
1.3785,-1.98667377333097
1.379,0.835756680298046
1.3795,2.50962089407986
1.38,0.720703172384547
1.3805,-2.05702101772226
1.381,-1.98568759708199
1.3815,0.836414128902142
1.382,2.50994961850594
1.3825,0.72004572375441
1.383,-2.05800719412031
1.3835,-1.98470142083506
1.384,0.837729026109938
1.3845,2.50994961850594
1.385,0.718730826493643
1.3855,-2.0586646450535
1.386,-1.98437269541986
1.3865,0.839372647618943
1.387,2.50962089407986
1.3875,0.717415929232219
1.388,-2.05932209598762
1.3885,-1.98371524459016
1.389,0.840030096222315
1.3895,2.50994961850594
1.39,0.716101031970136
1.3905,-2.06063699785863
1.391,-1.98240034293346
1.3915,0.841673717730172
1.392,2.50962089407986
1.3925,0.714786134707394
1.393,-2.06096572332696
1.3935,-1.98174289210648
1.394,0.842988614935871
1.3945,2.50962089407986
1.395,0.713799961759903
1.3955,-2.06195189973335
1.396,-1.98108544128039
1.3965,0.844303512141048
1.397,2.50929216965387
1.3975,0.712813788812039
1.398,-2.0622806252026
1.3985,-1.97977053963094
1.399,0.845618409345707
1.3995,2.50994961850594
1.4,0.71149889154764
1.4005,-2.06359552708196
1.401,-1.97911308880757
1.4015,0.84660458224886
1.402,2.50962089407986
1.4025,0.710512718598905
1.403,-2.06392425255237
1.4035,-1.97911308880757
1.404,0.847919479452613
1.4045,2.50929216965387
1.405,0.709197821333341
1.4055,-2.06491042896502
1.406,-1.97779818716354
1.4065,0.849234376655851
1.407,2.50929216965387
1.4075,0.707554199750447
1.408,-2.06556787990794
1.4085,-1.97681201093289
1.409,0.850220549557941
1.4095,2.50994961850594
1.41,0.70623930248338
1.4105,-2.06622533085179
1.411,-1.97648328552313
1.4115,0.851206722459743
1.412,2.50962089407986
1.4125,0.705253129532639
1.413,-2.06688278179657
1.4135,-1.97549710929519
1.414,0.852850343962108
1.4145,2.50962089407986
1.415,0.703938232264396
1.4155,-2.06754023274228
1.416,-1.97483965847769
1.4165,0.853179068262485
1.417,2.50962089407986
1.4175,0.702294610678145
1.418,-2.06819768368891
1.4185,-1.97352475684541
1.419,0.855480138364234
1.4195,2.50929216965387
1.42,0.701308437725889
1.4205,-2.06918386011061
1.421,-1.97352475684541
1.4215,0.856137586964448
1.422,2.50929216965387
1.4225,0.70065098909084
1.423,-2.06918386011061
1.4235,-1.97253858062357
1.424,0.857452484164497
1.4245,2.50962089407986
1.425,0.699007367502477
1.4255,-2.07017003653439
1.426,-1.97155240440376
1.4265,0.858438657064203
1.427,2.50962089407986
1.4275,0.697692470231023
1.428,-2.07082748748475
1.4285,-1.97056622818597
1.429,0.860082278563082
1.4295,2.50929216965387
1.43,0.696706297276986
1.4305,-2.07181366391202
1.431,-1.9702375027805
1.4315,0.861068451462033
1.432,2.50962089407986
1.4325,0.69539140000434
1.433,-2.07247111486469
1.4335,-1.96892260116085
1.434,0.862054624360702
1.4345,2.50929216965387
1.435,0.694405227049408
1.4355,-2.07279984034138
1.436,-1.96826515035237
1.4365,0.86336952155849
1.437,2.50962089407986
1.4375,0.693090329775567
1.438,-2.0744434677283
1.4385,-1.9676076995448
1.439,0.864355694456504
1.4395,2.50929216965387
1.44,0.691775432501041
1.4405,-2.0744434677283
1.441,-1.96695024873813
1.4415,0.86567059165342
1.442,2.50896344522795
1.4425,0.690460535225828
1.443,-2.07542964416324
1.4435,-1.96629279793236
1.444,0.867314213148869
1.4445,2.50929216965387
1.445,0.689474362268966
1.4455,-2.07641582060028
1.446,-1.9653066217254
1.4465,0.867971661746832
1.447,2.50929216965387
1.4475,0.688159464992548
1.448,-2.07707327155947
1.4485,-1.96432044552046
1.449,0.869286558942388
1.4495,2.50929216965387
1.45,0.686844567715439
1.4505,-2.07805944799999
1.451,-1.96399172011926
1.4515,0.870601456137453
1.452,2.50896344522795
1.4525,0.685529670437638
1.453,-2.07805944799999
1.4535,-1.96267681851672
1.454,0.871916353332027
1.4545,2.50929216965387
1.455,0.684214773159143
1.4555,-2.07904562444262
1.456,-1.96234809311665
1.4565,0.873231250526112
1.457,2.50896344522795
1.4575,0.683228600199816
1.458,-2.08003180088734
1.4585,-1.96103319151861
1.459,0.874217423421355
1.4595,2.50929216965387
1.46,0.681913702920105
1.4605,-2.08036052636938
1.461,-1.96037574072094
1.4615,0.875532320614588
1.462,2.50863472080212
1.4625,0.680270081319484
1.463,-2.08101797733416
1.4635,-1.95971828992417
1.464,0.87586104491282
1.4645,2.50863472080212
1.465,0.679283908358587
1.4655,-2.08200415378307
1.466,-1.9587321137307
1.4665,0.877175942105446
1.467,2.50830599637637
1.4675,0.677969011076778
1.468,-2.08266160475018
1.4685,-1.95807466293618
1.469,0.878490839297589
1.4695,2.50797727195071
1.47,0.676654113794268
1.4705,-2.08364778120259
1.471,-1.95741721214255
1.4715,0.879805736489251
1.472,2.50764854752512
1.4725,0.675667940831923
1.473,-2.08430523217203
1.4735,-1.95675976134983
1.474,0.880791909382681
1.4745,2.50797727195071
1.475,0.674024319227135
1.4755,-2.0846339576571
1.476,-1.95577358516242
1.4765,0.881778082275842
1.477,2.50830599637637
1.4775,0.673038146263733
1.478,-2.08594885959971
1.4785,-1.95544485976707
1.479,0.883421703763846
1.4795,2.50830599637637
1.48,0.671723248978578
1.4805,-2.08627758508595
1.481,-1.9541299581879
1.4815,0.884407876656291
1.482,2.50797727195071
1.4825,0.670737076014246
1.483,-2.08693503605912
1.4835,-1.95347250739966
1.484,0.885722773845802
1.4845,2.50830599637637
1.485,0.669422178727849
1.4855,-2.08759248703323
1.486,-1.95248633121899
1.4865,0.887366395332024
1.487,2.50797727195071
1.4875,0.668436005762585
1.488,-2.08759248703323
1.4885,-1.95215760582588
1.489,0.88868129252047
1.4895,2.50764854752512
1.49,0.667121108474943
1.4905,-2.08890738898425
1.491,-1.95051397886369
1.4915,0.889338741114517
1.492,2.50764854752512
1.4925,0.665477486864387
1.493,-2.08989356544997
1.4935,-1.95018525347193
1.494,0.890653638302258
1.4945,2.50764854752512
1.495,0.664491313897516
1.4955,-2.09022229093901
1.496,-1.94919907729798
1.4965,0.891639811192756
1.497,2.50764854752512
1.4975,0.663176416607729
1.498,-2.09120846740753
1.4985,-1.94854162651646
1.499,0.892954708379678
1.4995,2.50731982309962
1.5,0.661861519317223
1.5005,-2.0915371928975
1.501,-1.94788417573584
1.5015,0.893940881269564
1.502,2.50731982309962
1.5025,0.660875346348871
1.503,-2.09252336936883
1.5035,-1.9468979995666
1.504,0.895255778455671
1.5045,2.50731982309962
1.505,0.659231724734051
1.5055,-2.09318082035088
1.506,-1.9465692741773
1.5065,0.896241951344948
1.507,2.50731982309962
1.5075,0.657916827441382
1.508,-2.09416699682571
1.5085,-1.94525437262233
1.509,0.897556848530245
1.5095,2.50731982309962
1.51,0.65660193014799
1.5105,-2.0948244478101
1.511,-1.94459692184619
1.5115,0.899200470011219
1.512,2.50699109867419
1.5125,0.655615757177469
1.513,-2.09548189879543
1.5135,-1.94426819645845
1.514,0.899529194307327
1.5145,2.50699109867419
1.515,0.653972135559027
1.5155,-2.09613934978169
1.516,-1.94262456952314
1.5165,0.900844091491475
1.517,2.50731982309962
1.5175,0.653314686911332
1.518,-2.0967968007689
1.5185,-1.94196711875057
1.519,0.902487712971017
1.5195,2.50666237424885
1.52,0.651671065291296
1.5205,-2.09778297725145
1.521,-1.94163839336463
1.5215,0.903145161562634
1.522,2.50666237424885
1.5225,0.650684892318727
1.523,-2.09844042824099
1.5235,-1.94065221720813
1.524,0.905117507336804
1.5245,2.50666237424885
1.525,0.649369995021327
1.5255,-2.09909787923147
1.526,-1.93999476643825
1.5265,0.905774955927968
1.527,2.50699109867419
1.5275,0.648383822047797
1.528,-2.09975533022289
1.5285,-1.9390085902851
1.529,0.906761128814501
1.5295,2.50666237424885
1.53,0.647397649073853
1.5305,-2.10008405571895
1.531,-1.93802241413397
1.5315,0.908733474586808
1.532,2.50699109867419
1.5325,0.646082751774617
1.533,-2.10074150671177
1.5335,-1.93703623798484
1.534,0.909390923177352
1.5345,2.50666237424885
1.535,0.644767854474645
1.5355,-2.10139895770553
1.536,-1.93637878721987
1.5365,0.910705820358105
1.537,2.50699109867419
1.5375,0.643452957173935
1.538,-2.10205640870023
1.5385,-1.93605006183772
1.539,0.912349441833419
1.5395,2.50666237424885
1.54,0.641809335547006
1.5405,-2.10304258519403
1.541,-1.93473516031135
1.5415,0.913335614718273
1.542,2.50633364982359
1.5425,0.64049443824463
1.543,-2.10370003619108
1.5435,-1.93440643493032
1.544,0.914321787602878
1.5445,2.50666237424885
1.545,0.639836989593163
1.5455,-2.10402876168995
1.546,-1.93309153340841
1.5465,0.915636684781964
1.547,2.50633364982359
1.5475,0.638522092289671
1.548,-2.10501493818798
1.5485,-1.93210535726932
1.549,0.916951581960609
1.5495,2.50633364982359
1.55,0.637207194985434
1.5505,-2.10600111468812
1.551,-1.93177663189007
1.5515,0.918266479138814
1.552,2.50567620097332
1.5525,0.636221022006766
1.553,-2.10665856568939
1.5535,-1.93111918113223
1.554,0.919581376316581
1.5545,2.50633364982359
1.555,0.634577400374719
1.5555,-2.10698729119037
1.556,-1.93013300499715
1.5565,0.92056754919962
1.557,2.50567620097332
1.5575,0.633262503068238
1.558,-2.10797346769474
1.5585,-1.92947555424155
1.559,0.921882446376623
1.5595,2.50567620097332
1.56,0.632276330087884
1.5605,-2.10895964420122
1.561,-1.92848937810981
1.5615,0.922539894964962
1.562,2.50600492539841
1.5625,0.630961432780088
1.563,-2.10895964420122
1.5635,-1.92750320198007
1.564,0.924183516435335
1.5645,2.50567620097332
1.565,0.629317811144284
1.5655,-2.10994582070981
1.566,-1.92684575122803
1.5665,0.925169689317235
1.567,2.5053474765483
1.5675,0.628660362489632
1.568,-2.11060327171672
1.5685,-1.92618830047687
1.569,0.926155862198893
1.5695,2.5053474765483
1.57,0.62734546517976
1.5705,-2.11158944822884
1.571,-1.92520212435181
1.5715,0.927142035080309
1.572,2.5053474765483
1.5725,0.62635929219686
1.573,-2.11191817373335
1.5735,-1.92421594822875
1.574,0.928785656548801
1.5745,2.50469002769852
1.575,0.624715670557744
1.5755,-2.11257562474308
1.576,-1.92355849748115
1.5765,0.930100553723114
1.577,2.50501875212337
1.5775,0.623729497573704
1.578,-2.11323307575375
1.5785,-1.92290104673444
1.579,0.93108672660357
1.5795,2.50501875212337
1.58,0.622414600260985
1.5805,-2.11421925227151
1.581,-1.92158614524369
1.5815,0.932072899483787
1.582,2.50501875212337
1.5825,0.621428427275945
1.583,-2.1145479777779
1.5835,-1.92092869449965
1.584,0.93338779665704
1.5845,2.50501875212337
1.585,0.619784805633257
1.5855,-2.11487670328453
1.586,-1.91994251838525
1.5865,0.934702693829871
1.587,2.50501875212337
1.5875,0.61879863264707
1.588,-2.1161916053134
1.5885,-1.91928506764343
1.589,0.936017591002283
1.5895,2.50501875212337
1.59,0.617812459660452
1.5905,-2.11717778183752
1.591,-1.91829889153236
1.5915,0.937003763881316
1.592,2.50436130327375
1.5925,0.616497562344289
1.593,-2.11717778183752
1.5935,-1.91764144079276
1.594,0.938318661052995
1.5945,2.50469002769852
1.595,0.615182665027356
1.5955,-2.11816395836376
1.596,-1.91632653931622
1.5965,0.939304833931481
1.597,2.50469002769852
1.5975,0.613867767709653
1.598,-2.11882140938243
1.5985,-1.91599781394764
1.599,0.940291006809734
1.5995,2.50469002769852
1.6,0.612881594720869
1.6005,-2.11915013489212
1.601,-1.91566908857928
1.6015,0.941277179687754
1.602,2.50469002769852
1.6025,0.611237973071929
1.603,-2.12013631142261
1.6035,-1.91435418710806
1.604,0.942592076858086
1.6045,2.50436130327375
1.605,0.610580524412014
1.6055,-2.12079376244411
1.606,-1.91369673637377
1.6065,0.943906974028006
1.607,2.50370385442445
1.6075,0.608608178431105
1.608,-2.12145121346655
1.6085,-1.91303928564038
1.609,0.945221871197516
1.6095,2.50403257884906
1.61,0.607622005439994
1.6105,-2.12276611551427
1.611,-1.91205310954195
1.6115,0.94620804407438
1.612,2.50403257884906
1.6125,0.606635832448445
1.613,-2.12276611551427
1.6135,-1.91106693344551
1.614,0.947194216951015
1.6145,2.50337512999992
1.615,0.604992210794888
1.6155,-2.12342356653954
1.616,-1.91040948271566
1.6165,0.948509114119507
1.617,2.50337512999992
1.6175,0.603677313471163
1.618,-2.12408101756576
1.6185,-1.90942330662255
1.619,0.950152735579551
1.6195,2.50370385442445
1.62,0.602691140477855
1.6205,-2.12506719410686
1.621,-1.90909458125862
1.6215,0.951138908455275
1.622,2.50337512999992
1.6225,0.601376243152758
1.623,-2.12572464513544
1.6235,-1.90810840516816
1.624,0.952453805622556
1.6245,2.50370385442445
1.625,0.600390070158419
1.6255,-2.12638209616496
1.626,-1.90745095444229
1.6265,0.953439978497753
1.627,2.50370385442445
1.6275,0.599075172831946
1.628,-2.12671082168007
1.6285,-1.9061360529932
1.629,0.954754875664334
1.6295,2.50337512999992
1.63,0.597760275504684
1.6305,-2.12736827271102
1.631,-1.90514987690871
1.6315,0.956398497121999
1.632,2.50337512999992
1.6325,0.596116653844496
1.633,-2.1280257237429
1.6335,-1.90482115154766
1.634,0.956727221413458
1.6345,2.50337512999992
1.635,0.594801756515455
1.6355,-2.1290119002925
1.636,-1.90383497546582
1.6365,0.958042118579045
1.637,2.50271768115111
1.6375,0.594144307850638
1.638,-2.1293406258095
1.6385,-1.9031775247457
1.639,0.959357015744238
1.6395,2.50337512999992
1.64,0.592829410520407
1.6405,-2.13032680236194
1.641,-1.90219134866717
1.6415,0.961000637200176
1.642,2.50271768115111
1.6425,0.59151451318938
1.643,-2.1313129789165
1.6435,-1.90120517259063
1.644,0.96165808578238
1.6445,2.50238895672683
1.645,0.590199615857557
1.6455,-2.13164170443516
1.646,-1.90021899651608
1.6465,0.962644258655503
1.647,2.50238895672683
1.6475,0.588884718524936
1.648,-2.13197042995406
1.6485,-1.89956154580082
1.649,0.963630431528407
1.6495,2.50271768115111
1.65,0.587569821191515
1.6505,-2.13295660651217
1.651,-1.89857536972958
1.6515,0.965274052982762
1.652,2.50238895672683
1.6525,0.586583648190924
1.653,-2.1336140575521
1.6535,-1.89824664437294
1.654,0.966260225855084
1.6545,2.50238895672683
1.655,0.584940026522269
1.6555,-2.13460023411376
1.656,-1.89726046830434
1.6565,0.967575123017844
1.657,2.50173150787851
1.6575,0.583953853520473
1.658,-2.13492895963478
1.6585,-1.89627429223773
1.659,0.968561295889661
1.6595,2.50206023230263
1.66,0.582310231849807
1.6605,-2.13558641067755
1.661,-1.89561684152775
1.6615,0.970204917342212
1.662,2.50206023230263
1.6625,0.581324058846803
1.663,-2.13624386172126
1.6635,-1.89463066546445
1.664,0.970862365923065
1.6645,2.50173150787851
1.665,0.57935171283943
1.6655,-2.13690131276592
1.666,-1.89397321475668
1.6665,0.972505987374783
1.667,2.50173150787851
1.6675,0.578694264169901
1.668,-2.1372300382886
1.6685,-1.89265831334378
1.669,0.973492160245529
1.6695,2.50173150787851
1.67,0.577708091165227
1.6705,-2.13788748933468
1.671,-1.89232958799111
1.6715,0.974149608825908
1.672,2.50107405903051
1.6725,0.576393193824951
1.673,-2.13920239142969
1.6735,-1.89134341193441
1.674,0.975793230276445
1.6745,2.50173150787851
1.675,0.575078296483863
1.6755,-2.13985984247861
1.676,-1.89068596123104
1.6765,0.977108127436452
1.677,2.50107405903051
1.6775,0.574092123477511
1.678,-2.14018856800343
1.6785,-1.88969978517764
1.679,0.977765576016316
1.6795,2.50173150787851
1.68,0.573105950470701
1.6805,-2.14117474457931
1.681,-1.88871360912622
1.6815,0.979080473175763
1.682,2.50140278345447
1.6825,0.571133604455702
1.683,-2.14117474457931
1.6835,-1.88772743307677
1.684,0.980395370334839
1.6845,2.50107405903051
1.685,0.570476155783626
1.6855,-2.14216092115732
1.686,-1.8873987077274
1.6865,0.981710267493545
1.687,2.50074533460663
1.6875,0.56883253410254
1.688,-2.14347582326465
1.6885,-1.88641253168059
1.689,0.983025164651882
1.6895,2.50140278345447
1.69,0.567846361093272
1.6905,-2.14347582326465
1.691,-1.8860838063321
1.6915,0.984011337520394
1.692,2.50074533460663
1.6925,0.56620273941013
1.693,-2.14446199984765
1.6935,-1.88476890494031
1.694,0.98532623467809
1.6945,2.50041661018284
1.695,0.565216566399627
1.6955,-2.14511945090416
1.696,-1.88378272889878
1.6965,0.986312407546122
1.697,2.50074533460663
1.6975,0.563901669051567
1.698,-2.14577690196163
1.6985,-1.88312527820552
1.699,0.986969856124697
1.6995,2.50041661018284
1.7,0.562258047365329
1.7005,-2.14676307854961
1.701,-1.88213910216728
1.7015,0.988942201859877
1.702,2.50041661018284
1.7025,0.561271874352965
1.703,-2.14709180407941
1.7035,-1.88148165147622
1.704,0.990257099016213
1.7045,2.50041661018284
1.705,0.559956977002419
1.7055,-2.14774925513972
1.706,-1.88049547544127
1.7065,0.990914547594246
1.707,2.50008788575912
1.7075,0.558970803988965
1.708,-2.14807798067024
1.7085,-1.8798380247524
1.709,0.991900720461127
1.7095,2.50008788575912
1.71,0.557327182298833
1.7105,-2.14906415726321
1.711,-1.87852312337729
1.7115,0.993215617616656
1.712,2.49975916133549
1.7125,0.556341009284129
1.713,-2.14972160832638
1.7135,-1.87819439803406
1.714,0.99453051477183
1.7145,2.49943043691193
1.715,0.555026111930458
1.7155,-2.15005033385832
1.716,-1.87687949666333
1.7165,0.995516687637977
1.717,2.49975916133549
1.7175,0.553711214575951
1.718,-2.15103651045557
1.7185,-1.8765507713212
1.719,0.996831584792531
1.7195,2.49943043691193
1.72,0.552725041559521
1.7205,-2.15136523598846
1.721,-1.87523586995485
1.7215,0.998146481946733
1.722,2.49943043691193
1.7225,0.551738868542619
1.723,-2.15235141258856
1.7235,-1.87457841927299
1.724,0.999132654812154
1.7245,2.49943043691193
1.725,0.550095246846731
1.7255,-2.15268013812241
1.726,-1.87392096859201
1.7265,1.00044755196574
1.727,2.49910171248846
1.7275,0.548780349489073
1.728,-2.15300886365649
1.7285,-1.8732635179119
1.729,1.00209117340724
1.7295,2.49844426364176
1.73,0.547794176470276
1.7305,-2.15399504026016
1.731,-1.87194861655431
1.7315,1.00274862198369
1.732,2.49844426364176
1.7325,0.546150554771226
1.733,-2.15498121686598
1.7335,-1.87129116587683
1.734,1.0037347948482
1.7345,2.49877298806507
1.735,0.544835657411033
1.7355,-2.15530994240172
1.736,-1.87063371520022
1.7365,1.00472096771251
1.737,2.49877298806507
1.7375,0.544178208730619
1.738,-2.1562961190104
1.7385,-1.86931881384963
1.739,1.00636458915261
1.7395,2.49877298806507
1.74,0.542863311369153
1.7405,-2.1566248445471
1.741,-1.86866136317564
1.7415,1.00735076201641
1.742,2.49877298806507
1.7425,0.541877138347497
1.743,-2.15695357008404
1.7435,-1.86800391250253
1.744,1.00833693488002
1.7445,2.49811553921853
1.745,0.540562240984543
1.7455,-2.15761102115863
1.746,-1.86668901115893
1.7465,1.0096518320312
1.747,2.49811553921853
1.7475,0.539247343620737
1.748,-2.15859719777231
1.7485,-1.86636028582358
1.749,1.01096672918205
1.7495,2.49844426364176
1.75,0.538261170597321
1.7505,-2.15892592331068
1.751,-1.86504538448434
1.7515,1.01228162633256
1.752,2.49811553921853
1.7525,0.53661754889056
1.753,-2.16024082546653
1.7535,-1.86471665915008
1.754,1.01359652348273
1.7545,2.49811553921853
1.755,0.53497392718246
1.7555,-2.1605695510061
1.756,-1.8637304831486
1.7565,1.01425397205769
1.757,2.49811553921853
1.7575,0.534316478498845
1.758,-2.16122700208593
1.7585,-1.86274430714908
1.759,1.01589759349473
1.7595,2.49778681479539
1.76,0.533001581130969
1.7605,-2.16188445316673
1.761,-1.86175813115153
1.7615,1.01721249064399
1.762,2.49778681479539
1.7625,0.531357959419913
1.763,-2.16221317870748
1.7635,-1.86110068048758
1.764,1.01819866350572
1.7645,2.49712936594933
1.765,0.530043062050098
1.7655,-2.16319935533117
1.766,-1.8601145044933
1.7665,1.01951356065441
1.767,2.49680064152643
1.7675,0.528728164679419
1.768,-2.16385680641483
1.7685,-1.85912832850098
1.769,1.01984228494153
1.7695,2.49712936594933
1.77,0.527741991650842
1.7705,-2.16451425749944
1.771,-1.85847087784052
1.7715,1.02148590637682
1.772,2.49712936594933
1.7725,0.526755818621777
1.773,-2.1648429830421
1.7735,-1.85748470185146
1.774,1.02247207923775
1.7745,2.49680064152643
1.775,0.524454748218726
1.7755,-2.16550043412815
1.776,-1.85682725119318
1.7765,1.02378697638538
1.777,2.49614319268086
1.7775,0.523797299531651
1.778,-2.166486610759
1.7785,-1.85584107520739
1.779,1.02477314924589
1.7795,2.4964719171036
1.78,0.52281112650063
1.7805,-2.16714406184743
1.781,-1.85551234987923
1.7815,1.02608804639295
1.782,2.4964719171036
1.7825,0.521167504781172
1.783,-2.16747278739201
1.7835,-1.85452617389605
1.784,1.02707421925303
1.7845,2.4964719171036
1.785,0.520838780437116
1.7855,-2.16813023848187
1.786,-1.85321127258819
1.7865,1.02838911639954
1.787,2.4958144682582
1.7875,0.518866434371635
1.788,-2.16911641511846
1.7885,-1.85222509660958
1.789,1.02970401354572
1.7895,2.4958144682582
1.79,0.517880261338156
1.7905,-2.16911641511846
1.791,-1.85123892063292
1.7915,1.03101891069159
1.792,2.4958144682582
1.7925,0.516565363959415
1.793,-2.16977386621072
1.7935,-1.85091019530781
1.794,1.03233380783715
1.7945,2.4958144682582
1.795,0.514921742234752
1.7955,-2.17043131730393
1.796,-1.84992401933376
1.7965,1.03331998069611
1.797,2.49515701941311
1.7975,0.514264293544502
1.798,-2.17174621949323
1.7985,-1.84926656868548
1.799,1.03463487784112
1.7995,2.49515701941311
1.8,0.512620671817913
1.8005,-2.17207494504115
1.801,-1.84828039271469
1.8015,1.03529232641351
1.802,2.49515701941311
1.8025,0.511634498781297
1.803,-2.17306112168635
1.8035,-1.84729421674585
1.804,1.03660722355805
1.8045,2.4948282949907
1.805,0.510319601398368
1.8055,-2.17338984723523
1.806,-1.84696549142334
1.8065,1.03792212070229
1.807,2.49449957056836
1.8075,0.509004704014554
1.808,-2.17437602388331
1.8085,-1.84565059013547
1.809,1.03890829356026
1.8095,2.49449957056836
1.81,0.507689806629852
1.8105,-2.17470474943315
1.811,-1.84499313949283
1.8115,1.03989446641807
1.812,2.4941708461461
1.8125,0.506046184897725
1.813,-2.1756909260841
1.8135,-1.8440069635305
1.814,1.0408806392757
1.8145,2.49351339730182
1.815,0.504731287511022
1.8155,-2.1756909260841
1.816,-1.84269206225043
1.8165,1.0425242607047
1.817,2.49384212172392
1.8175,0.503745114470409
1.818,-2.1766771027372
1.8185,-1.84269206225043
1.819,1.04351043356188
1.8195,2.49351339730182
1.82,0.502758941429294
1.8205,-2.17700582828871
1.821,-1.84170588629266
1.8215,1.04449660641889
1.822,2.49351339730182
1.8225,0.501444044040358
1.823,-2.17766327939246
1.8235,-1.84039098501865
1.824,1.04548277927573
1.8245,2.4931846728798
1.825,0.500129146650527
1.8255,-2.17832073049717
1.826,-1.83973353438295
1.8265,1.04679767641792
1.827,2.49351339730182
1.8275,0.498814249259799
1.828,-2.17930690715602
1.8285,-1.83907608374812
1.829,1.04844129784524
1.8295,2.49351339730182
1.83,0.498156800564098
1.8305,-2.17930690715602
1.831,-1.83808990779749
1.8315,1.04975619498677
1.832,2.4931846728798
1.8325,0.496513178823862
1.833,-2.17996435826312
1.8335,-1.83677500653301
1.834,1.05074236784272
1.8345,2.49285594845787
1.835,0.49519828143066
1.8355,-2.18095053492558
1.836,-1.83644628121743
1.8365,1.05139981641326
1.837,2.4931846728798
1.8375,0.494212108385166
1.838,-2.18193671159019
1.8385,-1.83546010527199
1.839,1.05337216212445
1.8395,2.49285594845787
1.84,0.492897210990384
1.8405,-2.18193671159019
1.841,-1.8344739293285
1.8415,1.0543583349798
1.842,2.49285594845787
1.8425,0.491582313594696
1.843,-2.18259416270113
1.8435,-1.83381647870059
1.844,1.05534450783498
1.8445,2.49285594845787
1.845,0.490267416198103
1.8455,-2.18325161381303
1.846,-1.83250157744735
1.8465,1.05600195640502
1.847,2.49252722403601
1.8475,0.488623794451084
1.848,-2.18423779048269
1.8485,-1.83217285213458
1.849,1.05764557782979
1.8495,2.49186977519254
1.85,0.487308897052446
1.8505,-2.18423779048269
1.851,-1.83118667619757
1.8515,1.05896047496929
1.852,2.49186977519254
1.8525,0.486651448352785
1.853,-2.18489524159699
1.8535,-1.83020050026251
1.854,1.05994664782373
1.8545,2.49219849961424
1.855,0.485007826602636
1.8555,-2.18588141827025
1.856,-1.82954304964021
1.8565,1.06126154496273
1.857,2.49154105077093
1.8575,0.484350377902177
1.858,-2.18653886938695
1.8585,-1.82855687370838
1.859,1.06224771781679
1.8595,2.49186977519254
1.86,0.482378031799427
1.8605,-2.18752504606381
1.861,-1.82789942308824
1.8615,1.0635626149553
1.862,2.49154105077093
1.8625,0.481720583098052
1.863,-2.18785377162324
1.8635,-1.82724197246896
1.864,1.064548787809
1.8645,2.49154105077093
1.865,0.480076961343612
1.8655,-2.18883994830299
1.866,-1.82625579654166
1.8665,1.06586368494703
1.867,2.49154105077093
1.8675,0.479090788290259
1.868,-2.18883994830299
1.8685,-1.82494089530828
1.869,1.06652113351593
1.8695,2.49088360192794
1.87,0.477118442182
1.8705,-2.18949739942402
1.871,-1.82428344469288
1.8715,1.06783603065354
1.872,2.49088360192794
1.8725,0.476132269127093
1.873,-2.19015485054601
1.8735,-1.82362599407835
1.874,1.06947965207517
1.8745,2.49088360192794
1.875,0.474488647367759
1.8755,-2.19081230166897
1.876,-1.82231109285186
1.8765,1.06980837635944
1.877,2.49022615308528
1.8775,0.473502474311466
1.878,-2.19114102723081
1.8785,-1.82132491693425
1.879,1.07112327349637
1.8795,2.49022615308528
1.88,0.472516301254651
1.8805,-2.19212720391776
1.881,-1.82033874101859
1.8815,1.07210944634889
1.882,2.49022615308528
1.8825,0.471530128197315
1.883,-2.19344210617041
1.8835,-1.81968129040922
1.884,1.07342434348534
1.8845,2.48989742866406
1.885,0.469886506433927
1.8855,-2.19344210617041
1.886,-1.81902383980071
1.8865,1.07473924062153
1.887,2.48956870424293
1.8875,0.468900333375197
1.888,-2.19377083173418
1.8885,-1.81836638919306
1.889,1.07605413775745
1.8895,2.48989742866406
1.89,0.467585435962742
1.8905,-2.19475700842691
1.891,-1.81705148798034
1.8915,1.07704031060922
1.892,2.48956870424293
1.8925,0.465941814195861
1.893,-2.19508573399164
1.8935,-1.81606531207306
1.894,1.07835520774467
1.8945,2.48891125540091
1.895,0.464955641135032
1.8955,-2.19574318512182
1.896,-1.81573658677107
1.8965,1.07934138059609
1.897,2.48923997982188
1.8975,0.463640743719774
1.898,-2.19640063625296
1.8985,-1.81475041086637
1.899,1.08032755344737
1.8995,2.48858253098002
1.9,0.46232584630358
1.9005,-2.19705808738506
1.901,-1.8137642349636
1.9015,1.08164245058217
1.902,2.48891125540091
1.9025,0.461339673240818
1.903,-2.19771553851813
1.9035,-1.81310678436283
1.904,1.08295734771671
1.9045,2.48891125540091
1.905,0.459696051468374
1.9055,-2.19804426408503
1.906,-1.81212060846328
1.9065,1.08394352056745
1.907,2.48825380655921
1.9075,0.459038602758985
1.908,-2.19903044078716
1.9085,-1.81080570726689
1.909,1.0859158662685
1.9095,2.48825380655921
1.91,0.4577237053395
1.9105,-2.19968789192312
1.911,-1.80981953137184
1.9115,1.08657331483539
1.912,2.48825380655921
1.9125,0.456080083563816
1.913,-2.20001661749147
1.9135,-1.80916208077622
1.914,1.08788821196897
1.9145,2.48792508213848
1.915,0.455093910497697
1.9155,-2.20034534306005
1.916,-1.80850463018146
1.9165,1.0892031091023
1.917,2.48825380655921
1.9175,0.453779013075377
1.918,-2.20133151976725
1.9185,-1.80751845429092
1.919,1.08986055766888
1.9195,2.48825380655921
1.92,0.452792840008015
1.9205,-2.2016602453368
1.921,-1.8068610036983
1.9215,1.09150417908504
1.922,2.48792508213848
1.9225,0.451477942584035
1.923,-2.20264642204689
1.9235,-1.80620355310653
1.924,1.09216162765139
1.9245,2.48726763329726
1.925,0.449834320802724
1.9255,-2.20297514761741
1.926,-1.80488865192557
1.9265,1.09347652478392
1.927,2.48693890887677
1.9275,0.448848147733223
1.928,-2.20330387318817
1.9285,-1.80423120133638
1.929,1.09479142191619
1.9295,2.48693890887677
1.93,0.447533250306388
1.9305,-2.2039613243304
1.931,-1.80291630016056
1.9315,1.09577759476524
1.932,2.48661018445636
1.9325,0.446218352878599
1.933,-2.20494750104557
1.9335,-1.80258757486714
1.934,1.09709249189709
1.9345,2.48661018445636
1.935,0.444903455449853
1.9355,-2.20527622661777
1.936,-1.80160139898816
1.9365,1.09774994046293
1.937,2.48661018445636
1.9375,0.443588558020149
1.938,-2.20560495219022
1.9385,-1.80028649781919
1.939,1.09939356187725
1.9395,2.48595273561579
1.94,0.442602384947242
1.9405,-2.20626240333584
1.941,-1.79962904723599
1.9415,1.10037973472567
1.942,2.48628146003603
1.9425,0.44128748751586
1.943,-2.20724858005607
1.9435,-1.79897159665364
1.944,1.10136590757395
1.9445,2.48595273561579
1.945,0.439972590083516
1.9455,-2.20757730562997
1.946,-1.79798542078172
1.9465,1.10235208042209
1.947,2.48628146003603
1.9475,0.438657692650209
1.948,-2.20856348235311
1.9485,-1.79699924491172
1.949,1.10366697755275
1.9495,2.48595273561579
1.95,0.437342795215937
1.9505,-2.20889220792797
1.951,-1.79535561846599
1.9515,1.10531059896574
1.952,2.48595273561579
1.9525,0.4363566221396
1.953,-2.20954965907843
1.9535,-1.79535561846599
1.954,1.10629677181336
1.9545,2.48529528677553
1.955,0.435041724703637
1.9555,-2.20987838465401
1.956,-1.79436944260112
1.9565,1.10728294466084
1.957,2.48496656235552
1.9575,0.43405555162603
1.958,-2.21020711022984
1.9585,-1.7937119920256
1.959,1.10859784179063
1.9595,2.48463783793559
1.96,0.432740654188371
1.9605,-2.21119328695879
1.961,-1.79272581616393
1.9615,1.10958401463781
1.962,2.48496656235552
1.9625,0.431425756749742
1.963,-2.21217946368991
1.9635,-1.79173964030418
1.964,1.11057018748487
1.9645,2.48496656235552
1.965,0.43011085931014
1.9655,-2.21185073811263
1.966,-1.79075346444634
1.9665,1.1115563603318
1.967,2.48430911351574
1.9675,0.428795961869565
1.968,-2.2128369148452
1.9685,-1.78976728859043
1.969,1.11319998174307
1.9695,2.48430911351574
1.97,0.427481064428015
1.9705,-2.21349436600146
1.971,-1.78910983802088
1.9715,1.11451487887183
1.972,2.48398038909597
1.9725,0.426166166985487
1.973,-2.21382309157995
1.9735,-1.78746621160074
1.974,1.11550105171826
1.9745,2.48430911351574
1.975,0.424851269541982
1.9755,-2.21480926831689
1.976,-1.78680876103418
1.9765,1.11615850028247
1.977,2.48365166467629
1.9775,0.423536372097497
1.978,-2.21513799389635
1.9785,-1.78582258518593
1.979,1.11714467312869
1.9795,2.48398038909597
1.98,0.421892750290511
1.9805,-2.215795445056
1.981,-1.7851651346215
1.9815,1.11911701882075
1.982,2.48332294025668
1.9825,0.421235301567287
1.983,-2.21612417063619
1.9835,-1.78417895877644
1.984,1.12043191594852
1.9845,2.48332294025668
1.985,0.419591679758151
1.9855,-2.21711034737821
1.986,-1.78352150821413
1.9865,1.12108936451232
1.987,2.4826654914177
1.9875,0.417948057947475
1.988,-2.21776779854076
1.9885,-1.78253533237226
1.989,1.12207553735793
1.9895,2.48299421583715
1.99,0.417290609222773
1.9905,-2.21809652412241
1.991,-1.78187788181208
1.9915,1.12339043448521
1.992,2.4826654914177
1.9925,0.415975711772627
1.993,-2.21908270086879
1.9935,-1.78056298069427
1.994,1.12503405589402
1.9945,2.4826654914177
1.995,0.414989538684369
1.9955,-2.2194114264514
1.996,-1.77957680485814
1.9965,1.12569150445745
1.997,2.48200804257904
1.9975,0.413674641232491
1.998,-2.2203976032007
1.9985,-1.77859062902392
1.999,1.12700640158415
1.9995,2.48200804257904
2,0.412359743779622
2.0005,-2.22072632878428
2.001,-1.77826190374628
2.0015,1.12799257442904
2.002,2.4813505937407
2.0025,0.411044846325759
2.003,-2.22105505436811
2.0035,-1.77661827736122
2.004,1.12897874727381
2.0045,2.48102186932165
2.005,0.409729948870902
2.0055,-2.22171250553648
2.006,-1.77661827736122
2.0065,1.12996492011847
2.007,2.48200804257904
2.0075,0.408415051415049
2.008,-2.22204123112104
2.0085,-1.77563210153273
2.009,1.1312798172445
2.0095,2.48102186932165
2.01,0.407100153958198
2.0105,-2.22302740787616
2.011,-1.77464592570615
2.0115,1.13226599008888
2.012,2.48069314490268
2.0125,0.405785256500348
2.013,-2.22368485904745
2.0135,-1.77365974988149
2.014,1.13358088721456
2.0145,2.48069314490268
2.015,0.404470359041497
2.0155,-2.22434231021971
2.016,-1.77267357405872
2.0165,1.13456706005868
2.017,2.48069314490268
2.0175,0.403155461581645
2.018,-2.22499976139295
2.0185,-1.77234484878489
2.019,1.13555323290268
2.0195,2.48003569606498
2.02,0.401840564120789
2.0205,-2.22565721256715
2.021,-1.77102994769169
2.0215,1.13686813002785
2.022,2.48003569606498
2.0225,0.400854391024487
2.023,-2.22664338933029
2.0235,-1.77004377187401
2.024,1.13752557859036
2.0245,2.47970697164625
2.025,0.399539493561872
2.0255,-2.22631466374233
2.026,-1.76905759605824
2.0265,1.13884047571523
2.027,2.47970697164625
2.0275,0.397895871732186
2.028,-2.22730084050692
2.0285,-1.76840014551545
2.029,1.14015537283991
2.0295,2.47970697164625
2.03,0.397238422999871
2.0305,-2.22762956609561
2.031,-1.76741396970285
2.0315,1.14147026996439
2.032,2.47904952280903
2.0325,0.395266076801409
2.033,-2.22795829168453
2.0335,-1.76642779389216
2.034,1.14245644280762
2.0345,2.47904952280903
2.035,0.394279903701324
2.0355,-2.22861574286311
2.036,-1.76577034335276
2.0365,1.14344261565075
2.037,2.4793782472276
2.0375,0.393293730600669
2.038,-2.22960191963281
2.0385,-1.76445544227648
2.039,1.14475751277475
2.0395,2.47839207397213
2.04,0.391650108764977
2.0405,-2.2299306452232
2.041,-1.76379799173962
2.0415,1.14607240989856
2.042,2.47839207397213
2.0425,0.3906639356628
2.043,-2.23025937081382
2.0435,-1.7628118159359
2.044,1.14705858274129
2.0445,2.47839207397213
2.045,0.38967776256005
2.0455,-2.23124554758717
2.046,-1.76149691486723
2.0465,1.14804475558392
2.047,2.47839207397213
2.0475,0.388362865088827
2.048,-2.23157427317877
2.0485,-1.76083946433417
2.049,1.14903092842644
2.0495,2.47773462513554
2.05,0.387047967616584
2.0505,-2.23256044995504
2.051,-1.75985328853615
2.0515,1.15067454983042
2.052,2.47740590071737
2.0525,0.385404345774844
2.053,-2.23321790114043
2.0535,-1.75886711274003
2.054,1.15166072267267
2.0545,2.47773462513554
2.055,0.384418172669033
2.0555,-2.2338753523268
2.056,-1.75853838747508
2.0565,1.15264689551481
2.057,2.47740590071737
2.0575,0.383103275193723
2.058,-2.23453280351414
2.0585,-1.75722348641739
2.059,1.15363306835686
2.0595,2.47707717629927
2.06,0.381788377717387
2.0605,-2.23486152910818
2.061,-1.75656603588981
2.0615,1.15527668976004
2.062,2.47674845188126
2.0625,0.380473480240024
2.063,-2.23486152910818
2.0635,-1.75557986010002
2.064,1.15593413832123
2.0645,2.47674845188126
2.065,0.379487307131328
2.0655,-2.23551898029698
2.066,-1.75459368431213
2.0665,1.15724903544349
2.067,2.47674845188126
2.0675,0.377843685282213
2.068,-2.23617643148676
2.0685,-1.75327878326455
2.069,1.15823520828506
2.0695,2.47674845188126
2.07,0.376857512171971
2.0705,-2.23683388267751
2.071,-1.75262133274203
2.0715,1.15955010540701
2.072,2.47576227862769
2.0725,0.375213890320277
2.073,-2.23749133386924
2.0735,-1.75196388222034
2.074,1.16053627824836
2.0745,2.47609100304547
2.075,0.374227717208485
2.0755,-2.23814878506195
2.076,-1.7509777064394
2.0765,1.16152245108961
2.077,2.47543355421
2.0775,0.373241544096111
2.078,-2.23880623625562
2.0785,-1.75032025591982
2.079,1.16283734821113
2.0795,2.47510482979238
2.08,0.371926646612039
2.0805,-2.23913496185283
2.081,-1.74867662962456
2.0815,1.16415224533248
2.082,2.47477610537484
2.0825,0.37028302475549
2.083,-2.24012113864591
2.0835,-1.74801917910792
2.084,1.16513841817338
2.0845,2.47477610537484
2.085,0.368968127269081
2.0855,-2.24077858984251
2.086,-1.74736172859213
2.0865,1.16645331529443
2.087,2.47477610537484
2.0875,0.367653229781632
2.088,-2.24077858984251
2.0885,-1.74604682756307
2.089,1.16743948813511
2.0895,2.47411865654001
2.09,0.366667056665361
2.0905,-2.24176476663925
2.091,-1.7453893770498
2.0915,1.16875438525587
2.092,2.47378993212271
2.0925,0.365352159176086
2.093,-2.2424222178383
2.0935,-1.74473192653737
2.094,1.16974055809634
2.0945,2.47411865654001
2.095,0.364037261685767
2.0955,-2.24275094343819
2.096,-1.74407447602578
2.0965,1.17138417949692
2.097,2.47346120770548
2.0975,0.362722364194401
2.098,-2.2434083946387
2.0985,-1.74308830025997
2.099,1.17204162805707
2.0995,2.47346120770548
2.1,0.361407466701988
2.1005,-2.24406584584018
2.101,-1.74177339924182
2.1015,1.17302780089724
2.102,2.47411865654001
2.1025,0.360750017955388
2.103,-2.24472329704265
2.1035,-1.74111594873401
2.104,1.17434269801732
2.1045,2.47346120770548
2.105,0.3594351204614
2.1055,-2.24505202264425
2.106,-1.74012977297386
2.1065,1.17565759513724
2.107,2.47280375887128
2.1075,0.357791498592437
2.108,-2.24570947384818
2.1085,-1.73881487196327
2.109,1.17631504369714
2.1095,2.4724750344543
2.11,0.356476601096082
2.1105,-2.24603819945051
2.111,-1.73815742145923
2.1115,1.17795866509673
2.112,2.4724750344543
2.1125,0.355490427973124
2.113,-2.24669565065591
2.1135,-1.73684252045367
2.114,1.17894483793637
2.1145,2.4721463100374
2.115,0.353846806100207
2.1155,-2.24735310186228
2.116,-1.73618506995214
2.1165,1.17993101077592
2.117,2.4721463100374
2.1175,0.352860632975664
2.118,-2.24702437625897
2.1185,-1.73519889420142
2.119,1.18124590789519
2.1195,2.47181758562057
2.12,0.351874459850525
2.1205,-2.24833927867367
2.121,-1.7348701689516
2.1215,1.18190335645477
2.122,2.47181758562057
2.1225,0.350559562349413
2.123,-2.24932545548727
2.1235,-1.73355526795442
2.124,1.18321825357382
2.1245,2.47148886120383
2.125,0.348915940471531
2.1255,-2.24899672988249
2.126,-1.73224036696057
2.1265,1.18486187497242
2.127,2.47148886120383
2.1275,0.348258491719913
2.128,-2.24998290669756
2.1285,-1.73158291646491
2.129,1.18551932353179
2.1295,2.47116013678716
2.13,0.346943594215879
2.1305,-2.24998290669756
2.131,-1.73059674072298
2.1315,1.18683422065044
2.132,2.47083141237057
2.1325,0.34529997233434
2.133,-2.25064035790882
2.1335,-1.7299392902294
2.134,1.18782039348933
2.1345,2.47050268795406
2.135,0.343985074827908
2.1355,-2.25129780912106
2.136,-1.72895311449061
2.1365,1.18913529060772
2.137,2.47050268795406
2.1375,0.342670177320408
2.138,-2.25195526033429
2.1385,-1.72796693875369
2.139,1.18979273916687
2.1395,2.47050268795406
2.14,0.341355279811838
2.1405,-2.25294143715596
2.141,-1.72730948826346
2.1415,1.19110763628505
2.142,2.46984523912129
2.1425,0.340369106679708
2.143,-2.25327016276367
2.1435,-1.72632331252968
2.144,1.19242253340309
2.1445,2.46984523912129
2.145,0.339054209169262
2.1455,-2.25392761397983
2.146,-1.72533713679777
2.1465,1.19340870624153
2.147,2.46951651470501
2.1475,0.337739311657743
2.148,-2.25458506519697
2.1485,-1.72435096106775
2.149,1.19472360335934
2.1495,2.46951651470501
2.15,0.336424414145149
2.1505,-2.25491379080591
2.151,-1.7233647853396
2.1515,1.1957097761976
2.152,2.46918779028882
2.1525,0.335109516631479
2.153,-2.25557124202452
2.1535,-1.72237860961333
2.154,1.19669594903579
2.1545,2.46885906587271
2.155,0.334123343495518
2.1555,-2.25622869324411
2.156,-1.72204988437165
2.1565,1.19801084615326
2.157,2.46885906587271
2.1575,0.33280844597996
2.158,-2.25655741885427
2.1585,-1.72040625816641
2.159,1.19899701899128
2.1595,2.46820161704072
2.16,0.331493548463322
2.1605,-2.25754359568623
2.161,-1.71974880768577
2.1615,1.20031191610852
2.162,2.46787289262484
2.1625,0.329521202186334
2.163,-2.25787232129737
2.1635,-1.71909135720597
2.164,1.20129808894637
2.1645,2.46787289262484
2.165,0.328206304666988
2.1655,-2.25820104690876
2.166,-1.71810518148782
2.1665,1.20228426178414
2.167,2.46754416820905
2.1675,0.327220131526766
2.168,-2.25918722374439
2.1685,-1.71711900577155
2.169,1.20392788318027
2.1695,2.46754416820905
2.17,0.326233958385933
2.1705,-2.25951594935676
2.171,-1.71613283005715
2.1715,1.20458533173867
2.172,2.46721544379333
2.1725,0.32491906086387
2.173,-2.25984467496938
2.1735,-1.71514665434462
2.174,1.20590022885538
2.1745,2.46688671937769
2.175,0.323932887721608
2.1755,-2.26083085180869
2.176,-1.71448920387064
2.1765,1.20721512597196
2.177,2.46655799496213
2.1775,0.322289265816474
2.178,-2.26083085180869
2.1785,-1.71317430292518
2.179,1.2078725745302
2.1795,2.46655799496213
2.18,0.32097436829114
2.1805,-2.26181702865022
2.181,-1.71251685245369
2.1815,1.2091874716466
2.182,2.46622927054664
2.1825,0.319988195146421
2.183,-2.26181702865022
2.1835,-1.71185940198304
2.184,1.21050236876288
2.1845,2.46622927054664
2.185,0.318673297619171
2.1855,-2.26280320549395
2.186,-1.71021577581004
2.1865,1.21181726587905
2.187,2.46590054613124
2.1875,0.317358400090826
2.188,-2.26346065672433
2.1885,-1.7095583253423
2.189,1.21313216299509
2.1895,2.46557182171592
2.19,0.316043502561383
2.1905,-2.26346065672433
2.191,-1.70890087487538
2.1915,1.21346088727409
2.192,2.46524309730067
2.1925,0.314728605030841
2.193,-2.26444683357175
2.1935,-1.70791469917656
2.194,1.2154332329479
2.1945,2.46524309730067
2.195,0.313742431882212
2.1955,-2.26510428480459
2.196,-1.70692852347961
2.1965,1.21576195722685
2.197,2.46524309730067
2.1975,0.312098809966454
2.198,-2.26543301042137
2.1985,-1.70561362255325
2.199,1.21707685434255
2.1995,2.4642569240554
2.2,0.310783912432607
2.2005,-2.26576173603841
2.201,-1.70495617209132
2.2015,1.21839175145815
2.202,2.4642569240554
2.2025,0.309797739281496
2.203,-2.26641918727321
2.2035,-1.70396999639996
2.204,1.21937792429478
2.2045,2.46392819964047
2.205,0.308482841745715
2.2055,-2.26674791289098
2.206,-1.7033125459401
2.2065,1.22069282141018
2.207,2.46359947522562
2.2075,0.307496668593152
2.208,-2.26773408974577
2.2085,-1.70199764502285
2.209,1.22102154568902
2.2095,2.46359947522562
2.21,0.305853046670828
2.2105,-2.26773408974577
2.211,-1.70068274410892
2.2115,1.22266516708309
2.212,2.46327075081085
2.2125,0.304538149131721
2.213,-2.26839154098352
2.2135,-1.70035401888096
2.214,1.22332261564068
2.2145,2.46327075081085
2.215,0.30355197597666
2.2155,-2.269377717842
2.216,-1.69903911797117
2.2165,1.22529496131328
2.217,2.46294202639615
2.2175,0.301908354050169
2.218,-2.27003516908221
2.2185,-1.69838166751751
2.219,1.22595240987076
2.2195,2.462284577567
2.22,0.300922180893439
2.2205,-2.27003516908221
2.221,-1.69706676661268
2.2215,1.22726730698565
2.222,2.462284577567
2.2225,0.29927855896416
2.223,-2.27102134594438
2.2235,-1.69673804138699
2.224,1.22825347982175
2.2245,2.46195585315253
2.225,0.298292385805755
2.2255,-2.27102134594438
2.226,-1.69575186571116
2.2265,1.2292396526578
2.227,2.46162712873815
2.2275,0.296648763873682
2.228,-2.27200752280876
2.2285,-1.69476569003719
2.229,1.23022582549379
2.2295,2.46162712873815
2.23,0.295991315100362
2.2305,-2.27233624843071
2.231,-1.69345078914146
2.2315,1.23186944688699
2.232,2.46129840432385
2.2325,0.295005141939858
2.233,-2.27233624843071
2.2335,-1.69246461347182
2.234,1.23285561972284
2.2345,2.46129840432385
2.235,0.293361520004281
2.2355,-2.27365115092098
2.236,-1.69180716302643
2.2365,1.23417051683723
2.237,2.46096967990963
2.2375,0.292375346842092
2.238,-2.27332242529804
2.2385,-1.69114971258187
2.239,1.23515668967296
2.2395,2.46096967990963
2.24,0.291060449291523
2.2405,-2.27463732779127
2.241,-1.69016353691657
2.2415,1.23548541395152
2.242,2.46096967990963
2.2425,0.289416827351727
2.243,-2.27496605341519
2.2435,-1.68884863603239
2.244,1.23712903534426
2.2445,2.46031223108141
2.245,0.288759378575315
2.2455,-2.27529477903936
2.246,-1.68819118559154
2.2465,1.23811520817984
2.247,2.46031223108141
2.2475,0.287115756633051
2.248,-2.27595223028843
2.2485,-1.68687628471231
2.249,1.23943010529387
2.2495,2.45998350666742
2.25,0.286129583466844
2.2505,-2.2766096815385
2.251,-1.68556138383637
2.2515,1.24074500240781
2.252,2.45965478225351
2.2525,0.284814685910912
2.253,-2.27726713278954
2.2535,-1.6852326586179
2.254,1.24173117524321
2.2545,2.45932605783968
2.255,0.283499788353846
2.2555,-2.27726713278954
2.256,-1.68457520818158
2.2565,1.24271734807856
2.257,2.45866860901225
2.2575,0.281856166405918
2.258,-2.27825330966796
2.2585,-1.68358903252864
2.259,1.24403224519229
2.2595,2.45833988459865
2.26,0.280541268846298
2.2605,-2.2785820352946
2.261,-1.68227413166094
2.2615,1.24501841802754
2.262,2.45801116018513
2.2625,0.279555095675836
2.263,-2.2792394865486
2.2635,-1.68161668122833
2.264,1.24600459086274
2.2645,2.45801116018513
2.265,0.277582749332989
2.2655,-2.2798969378036
2.266,-1.68030178036556
2.2665,1.24731948797628
2.267,2.45768243577169
2.2675,0.27692530055147
2.268,-2.28022566343146
2.2685,-1.67931560472065
2.269,1.24830566081138
2.2695,2.45768243577169
2.27,0.275610402987574
2.2705,-2.28088311468794
2.271,-1.67865815429173
2.2715,1.24929183364643
2.272,2.45702498694504
2.2725,0.273638056639588
2.273,-2.2815405659454
2.2735,-1.6776719786499
2.274,1.24994928220311
2.2745,2.45702498694504
2.275,0.272651883464628
2.2755,-2.28219801720384
2.276,-1.67701452822304
2.2765,1.25126417931642
2.277,2.4563675381187
2.2775,0.271665710289024
2.278,-2.28285546846328
2.2785,-1.67602835258429
2.279,1.25225035215135
2.2795,2.45669626253183
2.28,0.270350812720547
2.2805,-2.28318419409337
2.281,-1.67471345173549
2.2815,1.25356524926453
2.282,2.4563675381187
2.2825,0.268707190758335
2.283,-2.2835129197237
2.2835,-1.67372727610105
2.284,1.25488014637764
2.2845,2.45603881370565
2.285,0.267721017580144
2.2855,-2.28417037098511
2.286,-1.67339855088998
2.2865,1.25586631921243
2.287,2.45538136487978
2.2875,0.266406120008216
2.288,-2.28482782224751
2.2885,-1.672412375258
2.289,1.25750994060365
2.2895,2.45538136487978
2.29,0.265091222435134
2.2905,-2.28548527351089
2.291,-1.67109747441823
2.2915,1.25816738916012
2.292,2.45538136487978
2.2925,0.264105049254565
2.293,-2.28614272477527
2.2935,-1.66978257358174
2.294,1.25915356199478
2.2945,2.45505264046696
2.295,0.262790151679461
2.2955,-2.28614272477527
2.296,-1.66846767274852
2.2965,1.26112590766399
2.297,2.45472391605422
2.2975,0.2614752541032
2.298,-2.28680017604063
2.2985,-1.66813894754073
2.299,1.26178335622037
2.2995,2.45472391605422
2.3,0.260489080920244
2.3005,-2.28712890167368
2.301,-1.66682404671162
2.3015,1.26309825333307
2.302,2.45439519164156
2.3025,0.259174183341954
2.303,-2.28745762730698
2.3035,-1.66616659629828
2.304,1.26408442616756
2.3045,2.45439519164156
2.305,0.257859285762503
2.3055,-2.28811507857432
2.306,-1.66550914588577
2.3065,1.26507059900201
2.307,2.45373774281647
2.3075,0.256873112577151
2.308,-2.28844380420836
2.3085,-1.66452297026854
2.309,1.26605677183643
2.3095,2.45340901840405
2.31,0.255229490600111
2.3105,-2.28942998111197
2.311,-1.66386551985807
2.3115,1.26737166894895
2.312,2.45340901840405
2.3125,0.253257144225257
2.313,-2.289758706747
2.3135,-1.66222189383548
2.314,1.26835784178329
2.3145,2.45275156957943
2.315,0.252928419829193
2.3155,-2.2904161580178
2.316,-1.66156444342787
2.3165,1.26901529033951
2.317,2.45242284516723
2.3175,0.251284797847776
2.318,-2.29074488365358
2.3185,-1.66057826781799
2.319,1.2703301874519
2.3195,2.45242284516723
2.32,0.249969900261327
2.3205,-2.2910736092896
2.321,-1.65959209220995
2.3215,1.27164508456424
2.322,2.45209412075512
2.3225,0.248655002673706
2.323,-2.29205978619914
2.3235,-1.65893464180562
2.324,1.27263125739846
2.3245,2.45209412075512
2.325,0.24766882948222
2.3255,-2.29238851183615
2.326,-1.65761974099939
2.3265,1.27394615451071
2.327,2.45176539634308
2.3275,0.246353931892546
2.328,-2.29271723747341
2.3285,-1.6569622905975
2.329,1.27493232734487
2.3295,2.45077922310743
2.33,0.2447103099038
2.3305,-2.29370341438666
2.331,-1.65564738979616
2.3315,1.27624722445704
2.332,2.45110794751923
2.3325,0.24372413670967
2.333,-2.29370341438666
2.3335,-1.65466121419731
2.334,1.2769046730131
2.3345,2.45077922310743
2.335,0.242080514717979
2.3355,-2.29403214002491
2.336,-1.65367503860028
2.3365,1.27821957012521
2.337,2.4504504986957
2.3375,0.241423065920787
2.338,-2.29468959130215
2.3385,-1.6523601378071
2.339,1.27953446723726
2.3395,2.44979304987248
2.34,0.240436892724445
2.3405,-2.29534704258038
2.341,-1.65170268741174
2.3415,1.28019191579328
2.342,2.4504504986957
2.3425,0.238793270729064
2.343,-2.29567576821987
2.3435,-1.65104523701718
2.344,1.28117808862728
2.3445,2.44979304987248
2.345,0.237478373131428
2.3455,-2.29633321949958
2.346,-1.64973033623052
2.3465,1.28315043429521
2.347,2.44913560104957
2.3475,0.236163475532607
2.348,-2.29666194513981
2.3485,-1.64874416064266
2.349,1.28380788285117
2.3495,2.44880687663823
2.35,0.235506026732751
2.3505,-2.29731939642101
2.351,-1.64775798505663
2.3515,1.28479405568509
2.352,2.44814942781579
2.3525,0.233862404731813
2.353,-2.29764812206199
2.3535,-1.64677180947243
2.354,1.28610895279695
2.3545,2.44880687663823
2.355,0.232218782729017
2.3555,-2.29830557334468
2.356,-1.64677180947243
2.3565,1.28676640135287
2.357,2.44847815222697
2.3575,0.231232609526447
2.358,-2.29896302462836
2.3585,-1.64479945830951
2.359,1.28841002274263
2.3595,2.44814942781579
2.36,0.229917711921976
2.3605,-2.29994920155574
2.361,-1.6441420079235
2.3615,1.28939619557646
2.362,2.44749197899365
2.3625,0.22827408991471
2.363,-2.29962047591303
2.3635,-1.6434845575383
2.364,1.29005364413234
2.3645,2.4471632545827
2.365,0.226630467905576
2.3655,-2.30060665284191
2.366,-1.64249838196202
2.3665,1.291697265522
2.367,2.44683453017182
2.3675,0.225973019101399
2.368,-2.30126410412906
2.3685,-1.64118348119649
2.369,1.29268343835577
2.3695,2.44650580576103
2.37,0.224658121492146
2.3705,-2.30159282977301
2.371,-1.64052603081495
2.3715,1.29334088691161
2.372,2.4455196325291
2.3725,0.223014499478893
2.373,-2.30225028106165
2.3735,-1.63921113005429
2.374,1.29465578402328
2.3745,2.44617708135031
2.375,0.22169960186694
2.3755,-2.30257900670635
2.376,-1.63855367967518
2.3765,1.29629940541282
2.377,2.4455196325291
2.3775,0.220384704253785
2.378,-2.30323645799648
2.3785,-1.63691005373094
2.379,1.29695685396863
2.3795,2.4455196325291
2.38,0.219398531043128
2.3805,-2.30323645799648
2.381,-1.6365813285427
2.3815,1.29827175108023
2.382,2.44519090811861
2.3825,0.218412357831794
2.383,-2.30389390928761
2.3835,-1.6355951529792
2.384,1.2995866481918
2.3845,2.4448621837082
2.385,0.217097460215626
2.3855,-2.30389390928761
2.386,-1.6342802522307
2.3865,1.30024409674758
2.387,2.44420473488762
2.3875,0.215782562598251
2.388,-2.30488008622616
2.3885,-1.63329407667145
2.389,1.30123026958124
2.3895,2.44453345929787
2.39,0.214138940574831
2.3905,-2.30520881187284
2.391,-1.63230790111402
2.3915,1.3022164424149
2.392,2.44453345929787
2.3925,0.213481491764934
2.393,-2.30619498881437
2.3935,-1.63165045074341
2.394,1.30386006380429
2.3945,2.44354728606734
2.395,0.211837869738865
2.3955,-2.30652371446205
2.396,-1.62967809963644
2.3965,1.30451751236005
2.397,2.44354728606734
2.3975,0.211180420927907
2.398,-2.30685244010997
2.3985,-1.62934937445265
2.399,1.30583240947154
2.3995,2.44354728606734
2.4,0.209536798899184
2.4005,-2.30685244010997
2.401,-1.6283631989025
2.4015,1.30681858230515
2.402,2.44321856165731
2.4025,0.208221901274837
2.403,-2.30718116575814
2.4035,-1.62737702335417
2.404,1.30813347941663
2.4045,2.44223238842771
2.405,0.207235728055779
2.4055,-2.30783861705523
2.406,-1.62639084780765
2.4065,1.30879092797236
2.407,2.4425611128375
2.4075,0.205920830429301
2.408,-2.30882479400273
2.4085,-1.62540467226295
2.409,1.31043454936168
2.4095,2.44190366401799
2.41,0.204605932801604
2.4105,-2.30882479400273
2.411,-1.62474722190083
2.4115,1.31142072219526
2.412,2.44223238842771
2.4125,0.202962310765265
2.413,-2.30981097095246
2.4135,-1.62343232117901
2.414,1.31207817075099
2.4145,2.44157493960835
2.415,0.201647413134818
2.4155,-2.31046842225353
2.416,-1.6227748708193
2.4165,1.31339306786243
2.417,2.44091749078931
2.4175,0.200332515503147
2.418,-2.31079714790444
2.4185,-1.62178869528126
2.419,1.31470796497386
2.4195,2.44091749078931
2.42,0.199017617870249
2.4205,-2.311454599207
2.421,-1.62113124492357
2.4215,1.31536541352958
2.422,2.4405887663799
2.4225,0.198031444644771
2.423,-2.31178332485865
2.4235,-1.61915889385535
2.424,1.31635158636315
2.4245,2.43993131756132
2.425,0.196716547009725
2.4255,-2.31244077616271
2.426,-1.61883016867802
2.4265,1.31799520775244
2.427,2.43993131756132
2.4275,0.194744200554849
2.428,-2.31244077616271
2.4285,-1.61817271832396
2.429,1.31865265630815
2.4295,2.43960259315214
2.43,0.193758027326373
2.4305,-2.31309822746776
2.431,-1.61685781761825
2.4315,1.31996755341958
2.432,2.43927386874304
2.4325,0.192443129687324
2.433,-2.3137556787738
2.4335,-1.61620036726661
2.434,1.3206250019753
2.4345,2.43894514433402
2.435,0.191456956457228
2.4355,-2.31441313008084
2.436,-1.61488546656573
2.4365,1.32161117480887
2.437,2.43795897110742
2.4375,0.190142058816018
2.438,-2.31441313008084
2.4385,-1.61389929104218
2.439,1.32292607192031
2.4395,2.43828769551621
2.44,0.188498436762766
2.4405,-2.31474185573474
2.441,-1.61258439034694
2.4415,1.32391224475389
2.442,2.43795897110742
2.4425,0.187512263529886
2.443,-2.31572803269791
2.4435,-1.61225566517363
2.444,1.3255558661432
2.4445,2.43730152229006
2.445,0.186197365884961
2.4455,-2.31572803269791
2.446,-1.6109407644824
2.4465,1.32588459042107
2.447,2.4376302466987
2.4475,0.185211192650452
2.448,-2.31671420966333
2.4485,-1.60995458896608
2.449,1.32719948753253
2.4495,2.4369727978815
2.45,0.183567570591385
2.4505,-2.31737166097486
2.451,-1.60929713862288
2.4515,1.32818566036613
2.452,2.43664407347302
2.4525,0.182581397355011
2.453,-2.31737166097486
2.4535,-1.60831096310958
2.454,1.32917183319974
2.4545,2.4369727978815
2.455,0.181595224117937
2.4555,-2.31835783794402
2.456,-1.60699606242798
2.4565,1.33015800603336
2.457,2.43598662465628
2.4575,0.179951602054589
2.458,-2.3186865636009
2.4585,-1.6056811617496
2.459,1.33147290314486
2.4595,2.43532917583985
2.46,0.178636704402506
2.4605,-2.31901528925803
2.461,-1.60502371141161
2.4615,1.33278780025638
2.462,2.43565790024803
2.4625,0.177650531162623
2.463,-2.31901528925803
2.4635,-1.60403753590613
2.464,1.33410269736791
2.4645,2.43565790024803
2.465,0.176006909094589
2.4655,-2.32033019188906
2.466,-1.60272263523496
2.4665,1.33508887020157
2.467,2.43532917583985
2.4675,0.175349460266828
2.468,-2.32033019188906
2.4685,-1.60206518490057
2.469,1.33607504303524
2.4695,2.43467172702372
2.47,0.173377113781663
2.4705,-2.32098764320608
2.471,-1.60140773456699
2.4715,1.33706121586893
2.472,2.43434300261578
2.4725,0.172390940538021
2.473,-2.32098764320608
2.4735,-1.60009283390223
2.474,1.33804738870262
2.4745,2.4340142782079
2.475,0.171076042878733
2.4755,-2.32230254584309
2.476,-1.59910665840575
2.4765,1.33936228581424
2.477,2.43368555380011
2.4775,0.169761145218187
2.478,-2.32263127150297
2.4785,-1.59812048291108
2.479,1.34067718292587
2.4795,2.43335682939239
2.48,0.168117523140732
2.4805,-2.3229599971631
2.481,-1.59713430741821
2.4815,1.3413346314817
2.482,2.43269938057718
2.4825,0.167460074309199
2.483,-2.32328872282348
2.4835,-1.59647685709063
2.484,1.34264952859338
2.4845,2.43302810498475
2.485,0.166145176645186
2.4855,-2.3236174484841
2.486,-1.59516195643786
2.4865,1.34396442570508
2.487,2.43269938057718
2.4875,0.164501554563393
2.488,-2.32460362546748
2.4885,-1.59450450611267
2.489,1.34495059853888
2.4895,2.43204193176228
2.49,0.163515381313368
2.4905,-2.32460362546748
2.491,-1.5931896054647
2.4915,1.34593677137269
2.492,2.43171320735495
2.4925,0.16187175922841
2.493,-2.32558980245311
2.4935,-1.59220342998081
2.494,1.34659421992857
2.4945,2.43138448294769
2.495,0.160885585976485
2.4955,-2.32591852811549
2.496,-1.59154597965922
2.4965,1.34758039276242
2.497,2.43105575854051
2.4975,0.15957068830614
2.498,-2.32624725377811
2.4985,-1.59055980417833
2.499,1.3492240141522
2.4995,2.43105575854051
2.5,0.158255790634525
2.5005,-2.32657597944099
2.501,-1.58957362869923
2.5015,1.35021018698609
2.502,2.43006958531941
2.5025,0.157269617379979
2.503,-2.32723343076749
2.5035,-1.58825872806323
2.504,1.35119635982
2.5045,2.4307270341334
2.505,0.155954719706137
2.5055,-2.32756215643111
2.506,-1.58727255258832
2.5065,1.35218253265393
2.507,2.42974086091254
2.5075,0.154311097612042
2.508,-2.32756215643111
2.5085,-1.5866151022727
2.509,1.35349742976588
2.5095,2.42941213650574
2.51,0.153324924354627
2.5105,-2.32854833342349
2.511,-1.58530020164387
2.5115,1.35448360259986
2.512,2.42875468769236
2.5125,0.152010026676957
2.513,-2.32887705908811
2.5135,-1.58464275133065
2.514,1.35514105115587
2.5145,2.42842596328579
2.515,0.151023853417865
2.5155,-2.32920578475299
2.516,-1.58332785070659
2.5165,1.35678467254592
2.517,2.42875468769236
2.5175,0.149380231317779
2.518,-2.32986323608349
2.5185,-1.58234167524064
2.519,1.35777084537998
2.5195,2.42809723887929
2.52,0.148065333636267
2.5205,-2.33019196174911
2.521,-1.58168422493099
2.5215,1.35875701821407
2.522,2.42776851447287
2.5225,0.146750435953473
2.523,-2.33117813874749
2.5235,-1.5803693243141
2.524,1.35974319104818
2.5245,2.42743979006653
2.525,0.145764262690534
2.5255,-2.33150686441411
2.526,-1.57971187400684
2.5265,1.36072936388232
2.527,2.42678234125407
2.5275,0.144120640584028
2.528,-2.33183559008099
2.5285,-1.57839697339471
2.529,1.36171553671648
2.5295,2.42678234125407
2.53,0.14313446731916
2.5305,-2.33150686441411
2.531,-1.5774107979377
2.5315,1.36303043382874
2.532,2.42645361684795
2.5325,0.14181956963154
2.533,-2.33249304141549
2.5335,-1.57675334763402
2.534,1.36434533094106
2.5345,2.42612489244191
2.535,0.140833396364979
2.5355,-2.33282176708312
2.536,-1.57543844702904
2.5365,1.36533150377532
2.537,2.42579616803594
2.5375,0.138861049829678
2.538,-2.3338079440875
2.5385,-1.57445227157738
2.539,1.36598895233152
2.5395,2.42513871922424
2.54,0.137874876560936
2.5405,-2.33446539542501
2.541,-1.57379482127727
2.5415,1.36730384944395
2.542,2.42480999481851
2.5425,0.136559978868147
2.543,-2.33512284676352
2.5435,-1.57280864582859
2.544,1.36861874655643
2.5445,2.42480999481851
2.545,0.135573805597706
2.5455,-2.33512284676352
2.546,-1.57149374523313
2.5465,1.36927619511269
2.547,2.42382382160175
2.5475,0.133930183478682
2.548,-2.33578029810303
2.5485,-1.57083629493659
2.549,1.37026236794711
2.5495,2.42415254600726
2.55,0.132615285782001
2.5505,-2.33610902377316
2.551,-1.56985011949326
2.5515,1.37157726505973
2.552,2.42382382160175
2.5525,0.131300388084021
2.553,-2.33676647511418
2.5535,-1.56886394405171
2.554,1.37256343789422
2.5545,2.42349509719632
2.555,0.130314214809681
2.5555,-2.33709520078506
2.556,-1.56754904346575
2.5565,1.37322088645057
2.557,2.42283764838568
2.5575,0.128999317109422
2.558,-2.33709520078506
2.5585,-1.56656286802836
2.559,1.37486450784152
2.5595,2.42283764838568
2.56,0.127684419407859
2.5605,-2.33808137779921
2.561,-1.56590541773775
2.5615,1.37585068067613
2.562,2.42250892398048
2.5625,0.125712072853065
2.563,-2.33808137779921
2.5635,-1.56459051715891
2.564,1.37683685351078
2.5645,2.42185147517029
2.565,0.125712072853065
2.5655,-2.3384101034711
2.566,-1.56393306687068
2.5665,1.37782302634546
2.567,2.42185147517029
2.5675,0.123739726295329
2.568,-2.33906755481562
2.5685,-1.56261816629658
2.569,1.37913792345843
2.5695,2.42152275076532
2.57,0.122753553015357
2.5705,-2.33972500616114
2.571,-1.56163199086809
2.5715,1.37979537201494
2.572,2.42119402636041
2.5725,0.121438655307579
2.573,-2.34005373183428
2.5735,-1.56097454058341
2.574,1.38111026912802
2.5745,2.42119402636041
2.575,0.119795033171011
2.5755,-2.34071118318131
2.576,-1.55998836515787
2.5765,1.38275389051946
2.577,2.42053657755084
2.5775,0.119137584315809
2.578,-2.34103990885521
2.5785,-1.55867346459325
2.579,1.38374006335437
2.5795,2.42020785314616
2.58,0.117493962176365
2.5805,-2.34136863452935
2.581,-1.55768728917186
2.5815,1.38439751191101
2.582,2.42053657755084
2.5825,0.116507788891712
2.583,-2.34235481155328
2.5835,-1.55670111375224
2.584,1.38571240902433
2.5845,2.41955040433704
2.585,0.115192891177687
2.5855,-2.34202608587839
2.586,-1.55571493833439
2.5865,1.38702730613773
2.587,2.41889295552821
2.5875,0.114206717891303
2.588,-2.34268353722843
2.5885,-1.55440003778002
2.589,1.38768475469445
2.5895,2.41922167993259
2.59,0.112891820174968
2.5905,-2.34334098857947
2.591,-1.55374258750402
2.5915,1.38899965180797
2.592,2.41856423112392
2.5925,0.110919473597988
2.593,-2.34366971425537
2.5935,-1.55308513722881
2.594,1.38998582464315
2.5945,2.41823550671969
2.595,0.109604575878346
2.5955,-2.34366971425537
2.596,-1.55177023668074
2.5965,1.39162944603523
2.597,2.41790678231555
2.5975,0.108289678157379
2.598,-2.34465589128458
2.5985,-1.55045533613582
2.599,1.39228689459209
2.5995,2.41757805791147
2.6,0.107303504865783
2.6005,-2.34498461696148
2.601,-1.54979788586454
2.6015,1.39360179170588
2.602,2.41724933350748
2.6025,0.105988607142493
2.603,-2.34498461696148
2.6035,-1.54848298532434
2.604,1.39393051598434
2.6045,2.41659188469971
2.605,0.104673709417874
2.6055,-2.34564206831604
2.606,-1.54782553505542
2.6065,1.39491668881976
2.607,2.41593443589225
2.6075,0.103358811691924
2.608,-2.3459707939937
2.6085,-1.54651063451993
2.609,1.39590286165522
2.6095,2.41527698708509
2.61,0.101715189532612
2.6105,-2.34662824534977
2.611,-1.54585318425337
2.6115,1.39721775876925
2.612,2.41527698708509
2.6125,0.101057740668304
2.613,-2.34728569670684
2.6135,-1.54486700885499
2.614,1.39787520732629
2.6145,2.41494826268162
2.615,0.0997428429386865
2.6155,-2.34761442238575
2.616,-1.54388083345839
2.6165,1.3988613801619
2.617,2.41461953827822
2.6175,0.0980992207747854
2.618,-2.34794314806492
2.6185,-1.54289465806355
2.619,1.40050500155469
2.6195,2.41429081387491
2.62,0.0967843230421594
2.6205,-2.348600599424
2.621,-1.5422372078013
2.6215,1.40116245011185
2.622,2.41429081387491
2.6225,0.0954694253081939
2.623,-2.34925805078409
2.6235,-1.54059358214912
2.624,1.40247734722623
2.6245,2.41396208947166
2.625,0.0944832520068398
2.6255,-2.34925805078409
2.626,-1.5392786816309
2.6265,1.40346352006208
2.627,2.4133046406654
2.6275,0.0928396298362386
2.628,-2.34958677646451
2.6285,-1.53894995650183
2.629,1.40444969289798
2.6295,2.4133046406654
2.63,0.0918534565328702
2.6305,-2.35057295350729
2.631,-1.53796378111581
2.6315,1.4057645900126
2.632,2.41264719185944
2.6325,0.0905385587938687
2.633,-2.35057295350729
2.6335,-1.53664888060386
2.634,1.40675076284862
2.6345,2.41231846745657
2.635,0.0895523854887342
2.6355,-2.35090167918872
2.636,-1.53566270522195
2.6365,1.40773693568471
2.637,2.41231846745657
2.6375,0.0879087633118253
2.638,-2.35123040487039
2.6385,-1.53467652984181
2.639,1.40839438424212
2.6395,2.41166101865106
2.64,0.0865938655687805
2.6405,-2.35188785623451
2.641,-1.53369035446342
2.6415,1.41036672991453
2.642,2.41198974305378
2.6425,0.0852789678243851
2.643,-2.35221658191694
2.6435,-1.53270417908679
2.644,1.41102417847205
2.6445,2.41198974305378
2.645,0.0839640700786375
2.6455,-2.35320275896576
2.646,-1.53171800371192
2.6465,1.41168162702959
2.647,2.41100356984585
2.6475,0.0829778967684386
2.648,-2.35287403328257
2.6485,-1.53040310321483
2.649,1.41332524842357
2.6495,2.41034612104095
2.65,0.0819917234574778
2.6505,-2.35386021033289
2.651,-1.52974565296746
2.6515,1.41398269698121
2.652,2.4100173966386
2.6525,0.0806768257083436
2.653,-2.35418893601683
2.6535,-1.52843075247506
2.654,1.41562631837541
2.6545,2.40968867223634
2.655,0.0790332035200172
2.6555,-2.35484638738548
2.656,-1.52744457710781
2.6565,1.41628376693314
2.657,2.40903122343203
2.6575,0.0777183057678274
2.658,-2.35484638738548
2.6585,-1.52678712686395
2.659,1.4169412154909
2.6595,2.40870249902998
2.66,0.0767321324527923
2.6605,-2.35550383875513
2.661,-1.52580095149962
2.6615,1.41825611260649
2.662,2.40870249902998
2.6625,0.0750885102593651
2.663,-2.35583256444033
2.6635,-1.52481477613705
2.664,1.41957100972219
2.6645,2.40837377462801
2.665,0.0741023369422865
2.6655,-2.35583256444033
2.666,-1.52349987565635
2.6665,1.42022845828009
2.667,2.40804505022612
2.6675,0.0727874391849877
2.668,-2.35681874149746
2.6685,-1.52251370029787
2.669,1.42220080395394
2.6695,2.40738760142256
2.67,0.0714725414263231
2.6705,-2.35714746718367
2.671,-1.52152752494114
2.6715,1.42252952823294
2.672,2.40705887702089
2.6725,0.0698289192260695
2.673,-2.35747619287013
2.6735,-1.52054134958616
2.674,1.42384442534901
2.6745,2.40705887702089
2.675,0.0691714703453693
2.6755,-2.35747619287013
2.676,-1.51988389935049
2.6765,1.42450187390709
2.677,2.40640142821777
2.6775,0.06752784814212
2.678,-2.35846236993103
2.6785,-1.5182402737647
2.679,1.42614549530242
2.6795,2.40574397941496
2.68,0.0668703992602205
2.6805,-2.35846236993103
2.681,-1.51725409841556
2.6815,1.4268029438606
2.682,2.40574397941496
2.6825,0.0648980526124625
2.683,-2.3594485469942
2.6835,-1.51659664818377
2.684,1.42778911669794
2.6845,2.40541525501366
2.685,0.0639118792874241
2.6855,-2.35977727268243
2.686,-1.51528174772253
2.6865,1.42943273809364
2.687,2.40508653061244
2.6875,0.0625969815195025
2.688,-2.36010599837091
2.6885,-1.51429557237864
2.689,1.4297614623728
2.6895,2.40442908181022
2.69,0.0612820837502039
2.6905,-2.36076344974863
2.691,-1.5139668472644
2.6915,1.43107635948953
2.692,2.40410035740923
2.6925,0.0599671859795269
2.693,-2.36076344974863
2.6935,-1.51166577147014
2.694,1.43206253232716
2.6945,2.4037716330083
2.695,0.05865228820747
2.6955,-2.36142090112735
2.696,-1.51133704635745
2.6965,1.43304870516486
2.697,2.4037716330083
2.6975,0.0573373904340318
2.698,-2.36174962681709
2.6985,-1.51035087102054
2.699,1.43436360228191
2.6995,2.40311418420668
2.7,0.0563512171030458
2.7005,-2.36174962681709
2.701,-1.50936469568539
2.7015,1.43567849939908
2.702,2.40311418420668
2.7025,0.0550363193271868
2.703,-2.36240707819733
2.7035,-1.50837852035197
2.704,1.43633594795772
2.7045,2.40278545980598
2.705,0.0540501459943835
2.7055,-2.36306452957858
2.706,-1.5073923450203
2.7065,1.43797956935445
2.707,2.40278545980598
2.7075,0.0530639726608004
2.708,-2.36306452957858
2.7085,-1.50640616969037
2.709,1.4386370179132
2.7095,2.40179928660433
2.71,0.0510916259912923
2.7105,-2.36372198096084
2.711,-1.50509126925318
2.7115,1.43929446647198
2.712,2.40147056220392
2.7125,0.0497767282098835
2.713,-2.36437943234411
2.7135,-1.50443381903575
2.714,1.44060936358965
2.7145,2.40179928660433
2.715,0.048790554872914
2.7155,-2.36470815803612
2.716,-1.50344764371105
2.7165,1.44192426070745
2.717,2.4011418378036
2.7175,0.0474756570890699
2.718,-2.3653656094209
2.7185,-1.50180401817375
2.719,1.44291043354589
2.7195,2.40048438900316
2.72,0.0461607593038322
2.7205,-2.3653656094209
2.721,-1.50114656796018
2.7215,1.44422533066393
2.722,2.40048438900316
2.7225,0.0451745859639885
2.723,-2.36635178649997
2.7235,-1.49983166753537
2.724,1.44455405494346
2.7245,2.40015566460306
2.725,0.0438596881763085
2.7255,-2.36635178649997
2.726,-1.49884549221879
2.7265,1.44586895206167
2.727,2.39916949140319
2.7275,0.0422160659397431
2.728,-2.36635178649997
2.7285,-1.49785931690394
2.729,1.44718384918003
2.7295,2.39916949140319
2.73,0.0409011681489166
2.7305,-2.36700923788728
2.731,-1.49687314159084
2.7315,1.44784129773926
2.732,2.39851204260365
2.7325,0.0395862703566894
2.733,-2.36700923788728
2.7335,-1.49588696627947
2.734,1.44981364341716
2.7345,2.39851204260365
2.735,0.0386000970115988
2.7355,-2.36799541497014
2.736,-1.49490079096984
2.7365,1.45014236769685
2.737,2.39818331820398
2.7375,0.0372851992169166
2.738,-2.36799541497014
2.7385,-1.49391461566194
2.739,1.45145726481567
2.7395,2.39752586940489
2.74,0.0359703014208297
2.7405,-2.36865286635997
2.741,-1.49292844035578
2.7415,1.45244343765488
2.742,2.39719714500545
2.7425,0.0346554036233366
2.743,-2.36931031775082
2.7435,-1.49194226505136
2.744,1.45342961049418
2.7445,2.3965396962068
2.745,0.0333405058244358
2.7455,-2.36931031775082
2.746,-1.49062736464815
2.7465,1.45441578333356
2.747,2.39621097180758
2.7475,0.0320256080241259
2.748,-2.36963904344662
2.7485,-1.48964118934777
2.749,1.45540195617302
2.7495,2.39588224740844
2.75,0.0307107102224055
2.7505,-2.37029649483899
2.751,-1.48832628894996
2.7515,1.45638812901257
2.752,2.39555352300937
2.7525,0.0297245368701887
2.753,-2.37062522053555
2.7535,-1.48734011365362
2.754,1.4573743018522
2.7545,2.39522479861037
2.755,0.0284096390659964
2.7555,-2.37161139762675
2.756,-1.48635393835901
2.7565,1.45836047469192
2.757,2.39456734981261
2.7575,0.0264372923570552
2.758,-2.37161139762675
2.7585,-1.48536776306613
2.759,1.45934664753173
2.7595,2.39456734981261
2.76,0.0254511190013897
2.7605,-2.37194012332432
2.761,-1.48438158777498
2.7615,1.46066154465161
2.762,2.39423862541384
2.7625,0.0244649456449266
2.763,-2.37259757472023
2.7635,-1.48405286267832
2.764,1.46164771749162
2.7645,2.39358117661651
2.765,0.022821323382381
2.7655,-2.37292630041856
2.766,-1.48273796229358
2.7665,1.46296261461178
2.767,2.39292372781948
2.7675,0.0221638744767414
2.768,-2.37325502611714
2.7685,-1.48175178700704
2.769,1.46362006317191
2.7695,2.39259500342108
2.77,0.0201915277576898
2.7705,-2.37325502611714
2.771,-1.48043688662767
2.7715,1.4646062360122
2.772,2.39259500342108
2.7725,0.0188766299432097
2.773,-2.37391247751507
2.7735,-1.47945071134516
2.774,1.46559240885257
2.7745,2.39160883022631
2.775,0.0172330076731055
2.7755,-2.37424120321442
2.776,-1.47846453606438
2.7765,1.4669073059732
2.777,2.39160883022631
2.7775,0.0169042832188172
2.778,-2.37456992891402
2.7785,-1.47747836078533
2.779,1.46789347881379
2.7795,2.3912801058282
2.78,0.0152606609460374
2.7805,-2.37522738031397
2.781,-1.47682091060025
2.7815,1.46887965165447
2.782,2.39095138143017
2.7825,0.0142744875812981
2.783,-2.37555610601433
2.7835,-1.4751772851409
2.784,1.47019454877552
2.7845,2.3906226570322
2.785,0.0132883142157543
2.7855,-2.37588483171494
2.786,-1.4745198349585
2.7865,1.47118072161641
2.787,2.39029393263432
2.7875,0.011973416393777
2.788,-2.37588483171494
2.7885,-1.47353365968634
2.789,1.47183817017706
2.7895,2.38963648383876
2.79,0.0106585185703672
2.7905,-2.37654228311692
2.791,-1.47189003423657
2.7915,1.47348179157887
2.792,2.38930775944109
2.7925,0.0100010696581246
2.793,-2.37719973451991
2.7935,-1.470903858969
2.794,1.47413924013967
2.7945,2.3889790350435
2.795,0.00868617183256326
2.7955,-2.37752846022179
2.796,-1.46991768370316
2.7965,1.47512541298095
2.797,2.38865031064598
2.7975,0.00704254954859182
2.798,-2.3781859116263
2.7985,-1.46926023352688
2.799,1.47611158582233
2.7995,2.38799286185116
2.8,0.00605637617713067
2.8005,-2.3781859116263
2.801,-1.4682740582639
2.8015,1.4767690343833
2.802,2.38733541305663
2.8025,0.00474147834725658
2.803,-2.37884336303183
2.8035,-1.46695915791593
2.804,1.47841265578592
2.8045,2.38733541305663
2.805,0.00375530497390575
2.8055,-2.37950081443837
2.806,-1.4663017077431
2.8065,1.47939882862763
2.807,2.3866779642624
2.8075,0.00244040714150988
2.808,-2.37982954014203
2.8085,-1.46531553248527
2.809,1.48005627718882
2.8095,2.38602051546845
2.81,0.000796784848985641
2.8105,-2.37982954014203
2.811,-1.46367190705938
2.8115,1.48104245003069
2.812,2.38602051546845
2.8125,-0.000189388527612314
2.813,-2.3808157172545
2.8135,-1.46301445689036
2.814,1.48169989859199
2.8145,2.38569179107159
2.815,-0.00183301082374988
2.8155,-2.3808157172545
2.816,-1.46202828163826
2.8165,1.48334351999545
2.817,2.38536306667481
2.8175,-0.00281918420251803
2.818,-2.38114444295917
2.8185,-1.46104210638787
2.819,1.48400096855691
2.8195,2.38470561788145
2.82,-0.0041340820421433
2.8205,-2.38180189436926
2.821,-1.4600559311392
2.8215,1.48531586567997
2.822,2.38437689348488
2.8225,-0.00512025542281389
2.823,-2.3827880714863
2.8235,-1.45874103081031
2.824,1.48630203852239
2.8245,2.38404816908839
2.825,-0.00676387772574592
2.8255,-2.38245934578036
2.826,-1.45775485556564
2.8265,1.48761693564577
2.827,2.38371944469197
2.8275,-0.00775005110859482
2.828,-2.38245934578036
2.8285,-1.45643995524207
2.829,1.48827438420753
2.8295,2.38306199589934
2.83,-0.00906494895366582
2.8305,-2.3827880714863
2.831,-1.45578250508143
2.8315,1.48893183276934
2.832,2.38306199589934
2.8325,-0.0103798468001925
2.833,-2.38344552289893
2.8335,-1.45413887968315
2.834,1.49057545417407
2.8345,2.38207582271096
2.835,-0.0120234691103999
2.8355,-2.38377424860562
2.836,-1.45348142952517
2.8365,1.49189035129806
2.837,2.38207582271096
2.8375,-0.012680918035121
2.838,-2.38410297431257
2.8385,-1.4521665292115
2.839,1.49254779986013
2.8395,2.38174709831497
2.84,-0.013995815885658
2.8405,-2.38443170001977
2.841,-1.45183780413355
2.8415,1.49353397270333
2.842,2.38141837391906
2.8425,-0.015639438200884
2.843,-2.38508915143494
2.8435,-1.45019417874667
2.844,1.49484886982775
2.8445,2.38141837391906
2.845,-0.0166256115911165
2.8455,-2.38541787714291
2.846,-1.44920800351683
2.8465,1.49550631839004
2.847,2.38043220073177
2.8475,-0.0176117849821725
2.848,-2.38541787714291
2.8485,-1.44822182828869
2.849,1.49649249123356
2.8495,2.38043220073177
2.85,-0.0189266828381958
2.8505,-2.38574660285112
2.851,-1.44756437813754
2.8515,1.49780738835843
2.852,2.37977475194061
2.8525,-0.0208990296249808
2.853,-2.38640405426832
2.8535,-1.44624947783752
2.854,1.4987935612022
2.8545,2.37977475194061
2.855,-0.0218852030196121
2.8555,-2.38706150568654
2.856,-1.44559202768865
2.8565,1.4997797340461
2.857,2.3787885787544
2.8575,-0.023528825345835
2.858,-2.38706150568654
2.8585,-1.44427712739319
2.859,1.50109463117146
2.8595,2.3787885787544
2.86,-0.0248437232084687
2.8605,-2.38771895710577
2.861,-1.44263350202811
2.8615,1.50208080401561
2.862,2.37813112996397
2.8625,-0.0255011721403378
2.863,-2.38804768281577
2.8635,-1.44230477695567
2.864,1.50273825257844
2.8645,2.37780240556886
2.865,-0.0264873455388322
2.8655,-2.38870513423652
2.866,-1.44098987666777
2.8665,1.50405314970426
2.867,2.37714495677886
2.8675,-0.027802243404782
2.868,-2.38870513423652
2.8685,-1.44000370145384
2.869,1.50503932254876
2.8695,2.37681623238397
2.87,-0.0291171412722079
2.8705,-2.38903385994728
2.871,-1.43901752624161
2.8715,1.50635421967494
2.872,2.37648750798915
2.8725,-0.0310894880761178
2.873,-2.38936258565829
2.8735,-1.43770262596128
2.874,1.5070116682381
2.8745,2.3761587835944
2.875,-0.032075661479321
2.8755,-2.39002003708108
2.876,-1.43704517582224
2.8765,1.50799784108295
2.877,2.37583005919973
2.8775,-0.0330618348833572
2.878,-2.39067748850489
2.8785,-1.43573027554645
2.879,1.50931273820959
2.8795,2.3751726104106
2.88,-0.0347054572252703
2.8805,-2.39067748850489
2.881,-1.43507282540968
2.8815,1.51029891105471
2.882,2.37484388601614
2.8825,-0.0360203551004698
2.883,-2.39133493992971
2.8835,-1.43375792513842
2.884,1.51128508389995
2.8845,2.37451516162176
2.885,-0.037006528507844
2.8855,-2.3916636656425
2.886,-1.43211429980358
2.8865,1.51194253246351
2.887,2.37418643722745
2.8875,-0.0383214263856436
2.888,-2.39199239135555
2.8885,-1.43178557473718
2.889,1.51325742959079
2.8895,2.37320026404495
2.89,-0.0396363242649308
2.8905,-2.39199239135555
2.891,-1.43047067447345
2.8915,1.51457232671828
2.892,2.37287153965093
2.8925,-0.0409512221457073
2.893,-2.39264984278241
2.8935,-1.42981322434272
2.894,1.51490105100019
2.8945,2.37287153965093
2.895,-0.0422661200279743
2.8955,-2.39264984278241
2.896,-1.4281695990192
2.8965,1.51654467240993
2.897,2.37221409086311
2.8975,-0.0432522934406537
2.898,-2.39330729421028
2.8985,-1.4275121488911
2.899,1.51753084525594
2.8995,2.37155664207557
2.9,-0.044895915796986
2.9005,-2.39330729421028
2.901,-1.42652597370037
2.9015,1.51818829382001
2.902,2.37155664207557
2.9025,-0.0458820892119064
2.903,-2.394293471354
2.9035,-1.42553979851134
2.904,1.51950319094832
2.9045,2.37122791768191
2.905,-0.047196987099776
2.9055,-2.39396474563917
2.906,-1.424553623324
2.9065,1.5204893637947
2.907,2.37089919328832
2.9075,-0.048840609461719
2.908,-2.39495092278442
2.9085,-1.42323872307684
2.909,1.5214755366412
2.9095,2.37024174450137
2.91,-0.0498267828800091
2.9105,-2.39527964850002
2.911,-1.42192382283269
2.9115,1.52279043377007
2.912,2.3695842957147
2.9125,-0.0511416807723754
2.913,-2.39560837421586
2.9135,-1.42093764765155
2.914,1.52377660661687
2.9145,2.36991302010799
2.915,-0.0524565786662436
2.9155,-2.39593709993196
2.916,-1.4199514724721
2.9165,1.52443405518147
2.917,2.36925557132147
2.9175,-0.053442752087631
2.918,-2.39626582564832
2.9185,-1.41896529729434
2.919,1.52542022802848
2.9195,2.36892684692832
2.92,-0.0550863744584909
2.9205,-2.39626582564832
2.921,-1.41765039705996
2.9215,1.52640640087562
2.922,2.36826939814222
2.9225,-0.0560725478821362
2.923,-2.39626582564832
2.9235,-1.41633549682857
2.924,1.52772129800534
2.9245,2.36761194935642
2.925,-0.0573874457816488
2.9255,-2.39725200279891
2.926,-1.415678046714
2.9265,1.52870747085278
2.927,2.36761194935642
2.9275,-0.0583736192072733
2.928,-2.39758072851629
2.9285,-1.41469187154356
2.929,1.5300223679829
2.9295,2.3669545005709
2.93,-0.0600172415852015
2.9305,-2.3982381799518
2.931,-1.41403442143086
2.9315,1.53067981654805
2.932,2.3669545005709
2.9325,-0.0610034150130919
2.933,-2.3982381799518
2.9335,-1.41271952120772
2.934,1.53199471367853
2.9345,2.36629705178567
2.935,-0.0626470373948002
2.9355,-2.39856690566994
2.936,-1.41206207109728
2.9365,1.53298088652654
2.937,2.36563960300073
2.9375,-0.0636332108249608
2.938,-2.39889563138834
2.9385,-1.41041844582444
2.939,1.53330961080923
2.9395,2.36531087860837
2.94,-0.0649481087331678
2.9405,-2.39955308282589
2.941,-1.40910354560953
2.9415,1.53462450794018
2.942,2.36498215421608
2.9425,-0.0662630066428917
2.943,-2.40021053426446
2.9435,-1.4084460955032
2.944,1.53593940507136
2.9445,2.36432470543171
2.945,-0.067906629032182
2.9455,-2.40021053426446
2.946,-1.40745992034511
2.9465,1.53659685363704
2.947,2.3633385322557
2.9475,-0.0692215269453243
2.948,-2.40053925998413
2.9485,-1.40581629508535
2.949,1.53758302648568
2.9495,2.36366725664763
2.95,-0.0702077003811795
2.9505,-2.40119671142423
2.951,-1.40548757003396
2.9515,1.53856919933445
2.952,2.36268108347205
2.9525,-0.0715225982969856
2.953,-2.40119671142423
2.9535,-1.40417266983027
2.954,1.53955537218335
2.9545,2.36235235908034
2.955,-0.0731662206938867
2.9555,-2.40185416286535
2.956,-1.40318649467946
2.9565,1.54087026931544
2.957,2.36235235908034
2.9575,-0.0744811186131241
2.958,-2.40251161430749
2.9585,-1.40220031953033
2.959,1.54152771788158
2.9595,2.36136618590561
2.96,-0.0757960165338889
2.9605,-2.40251161430749
2.961,-1.40088541933409
2.9615,1.5425138907309
2.962,2.36070873712282
2.9625,-0.0771109144561826
2.963,-2.40284034002895
2.9635,-1.4005566942855
2.964,1.54317133929719
2.9645,2.36005128834032
2.965,-0.0780970878989069
2.9655,-2.40316906575066
2.966,-1.39858434399787
2.9665,1.54448623642995
2.967,2.36038001273154
2.9675,-0.0794119858238795
2.968,-2.40382651719484
2.9685,-1.39792689390348
2.969,1.54580113356296
2.9695,2.36005128834032
2.97,-0.0810556082322509
2.9705,-2.40382651719484
2.971,-1.39726944380983
2.9715,1.54645858212956
2.972,2.3593938395581
2.9725,-0.0817130571962707
2.973,-2.40448396864004
2.9735,-1.39562581857898
2.974,1.54744475497958
2.9745,2.35873639077617
2.975,-0.0830279551254619
2.9755,-2.40448396864004
2.976,-1.39496836848794
2.9765,1.54875965211316
2.977,2.35840766638531
2.9775,-0.0850003020221306
2.978,-2.40514142008627
2.9785,-1.3936534683081
2.979,1.54941710068005
2.9795,2.35807894199453
2.98,-0.0856577509884561
2.9805,-2.40547014580976
2.981,-1.39233856813123
2.9815,1.55073199781401
2.982,2.35775021760381
2.9825,-0.0873013734059541
2.983,-2.40547014580976
2.9835,-1.39168111804391
2.984,1.55204689494822
2.9845,2.35742149321316
2.985,-0.0879588223736276
2.9855,-2.40645632298178
2.986,-1.3903662178715
2.9865,1.55237561923182
2.987,2.35676404443209
2.9875,-0.0892737203101313
2.988,-2.40579887153351
2.9885,-1.38970876778641
2.989,1.55369051636635
2.9895,2.35643532004166
2.99,-0.0909173427329318
2.9905,-2.40678504870629
2.991,-1.38839386761845
2.9915,1.55434796493372
2.992,2.35643532004166
2.9925,-0.091574791702728
2.993,-2.40711377443107
2.9935,-1.38707896745347
2.994,1.55566286206864
2.9945,2.35544914687079
2.995,-0.09321841412891
2.9955,-2.40711377443107
2.996,-1.38609279233167
2.9965,1.55697775920383
2.997,2.35479169809057
2.9975,-0.0948620365575105
2.998,-2.40711377443107
2.9985,-1.38477789217188
2.999,1.55730648348767
2.9995,2.35446297370057
3,-0.0961769345021343
3.0005,-2.40809995160691
3.001,-1.3841204420931
3.0015,1.55829265633928
3.002,2.35380552492077
3.0025,-0.0974918324483093
3.003,-2.40809995160691
3.0035,-1.38280554193775
3.004,1.55927882919104
3.0045,2.35380552492077
3.005,-0.098149281421979
3.0055,-2.40908612878506
3.006,-1.38181936682318
3.0065,1.56026500204295
3.007,2.35314807614126
3.0075,-0.100121628345319
3.008,-2.40974358023844
3.0085,-1.38116191674773
3.009,1.56125117489501
3.0095,2.35249062736204
3.01,-0.101436526296156
3.0105,-2.41040103169284
3.011,-1.38017574163594
3.0115,1.56289479631544
3.012,2.35216190297253
3.0125,-0.10275142424855
3.013,-2.41007230596551
3.0135,-1.37886084148948
3.014,1.56322352059958
3.0145,2.35183317858309
3.015,-0.104066322202503
3.0155,-2.41040103169284
3.016,-1.37787466638157
3.0165,1.5645384177363
3.017,2.35150445419373
3.0175,-0.104723771180064
3.018,-2.41105848314826
3.0185,-1.37655976624029
3.019,1.56552459058901
3.0195,2.35051828102606
3.02,-0.106696118115089
3.0205,-2.41105848314826
3.021,-1.37557359113626
3.0215,1.56651076344188
3.022,2.35084700541521
3.0225,-0.107353567094212
3.023,-2.4117159346047
3.0235,-1.37425869100015
3.024,1.56782566057927
3.0245,2.34986083224797
3.025,-0.10866846505363
3.0255,-2.41138720887635
3.026,-1.3732725159
3.0265,1.56848310914808
3.027,2.34953210785903
3.0275,-0.109983363014613
3.028,-2.4120446603333
3.0285,-1.37228634080151
3.029,1.56914055771695
3.0295,2.34920338347016
3.03,-0.110969536486379
3.0305,-2.4120446603333
3.031,-1.37162889073678
3.0315,1.57012673057038
3.032,2.34854593469263
3.0325,-0.11261315894128
3.033,-2.41270211179128
3.0335,-1.37031399060952
3.034,1.57144162770853
3.0345,2.34854593469263
3.035,-0.113928056906967
3.0355,-2.41270211179128
3.036,-1.36932781551601
3.0365,1.57209907627771
3.037,2.34788848591539
3.0375,-0.115242954874224
3.038,-2.41335956325028
3.0385,-1.36834164042416
3.039,1.57308524913162
3.0395,2.34690231275005
3.04,-0.116557852843054
3.0405,-2.41401701471031
3.041,-1.36735546533397
3.0415,1.5744001462704
3.042,2.34690231275005
3.0425,-0.117544026320708
3.043,-2.41401701471031
3.0435,-1.36604056521629
3.044,1.57538631912467
3.0445,2.34657358836175
3.045,-0.118858924292292
3.0455,-2.41467446617136
3.046,-1.36505439012996
3.0465,1.57604376769428
3.047,2.34558741519726
3.0475,-0.120173822265452
3.048,-2.41467446617136
3.0485,-1.36373949001744
3.049,1.57735866483369
3.0495,2.34591613958535
3.05,-0.12148872024019
3.0505,-2.41500319190226
3.051,-1.36308203996228
3.0515,1.57834483768844
3.052,2.34525869080924
3.0525,-0.123132342710833
3.053,-2.41500319190226
3.0535,-1.36143841482759
3.054,1.57933101054336
3.0545,2.3446012420334
3.055,-0.123789791699781
3.0555,-2.41566064336485
3.056,-1.360780964775
3.0565,1.58064590768349
3.057,2.34427251764559
3.0575,-0.125762138669
3.058,-2.41598936909652
3.0585,-1.3597947896975
3.059,1.58097463196857
3.0595,2.34361506887018
3.06,-0.126419587659531
3.0605,-2.41631809482846
3.061,-1.35847988959673
3.0615,1.58228952910906
3.062,2.34328634448258
3.0625,-0.127734485641781
3.063,-2.41664682056064
3.0635,-1.35782243954745
3.064,1.58327570196462
3.0645,2.34295762009506
3.065,-0.129378108121825
3.0655,-2.41664682056064
3.066,-1.35650753945108
3.0665,1.58426187482035
3.067,2.34230017132021
3.0675,-0.130364281611041
3.068,-2.41697554629309
3.0685,-1.35519263935765
3.069,1.58524804767624
3.0695,2.34230017132021
3.07,-0.132007904095055
3.0705,-2.41763299775874
3.071,-1.3542064642895
3.0715,1.58623422053229
3.072,2.34131399815846
3.0725,-0.132994077586656
3.073,-2.41763299775874
3.0735,-1.3528915642012
3.074,1.58722039338851
3.0745,2.34098527377136
3.075,-0.13430897557685
3.0755,-2.41861917495915
3.076,-1.3519053891369
3.0765,1.5885352905304
3.077,2.34065654938432
3.0775,-0.135952598066833
3.078,-2.41861917495915
3.0785,-1.35124793909495
3.079,1.58919273910145
3.0795,2.33934165183687
3.08,-0.137267496060613
3.0805,-2.41894790069313
3.081,-1.34993303901324
3.0815,1.59017891195818
3.082,2.33967037622363
3.0825,-0.138253669556996
3.083,-2.41927662642737
3.0835,-1.34927558897348
3.084,1.59149380910073
3.0845,2.33934165183687
3.085,-0.139239843054278
3.0855,-2.41927662642737
3.086,-1.34796068889616
3.0865,1.59247998195785
3.087,2.33835547867702
3.0875,-0.140554741052051
3.088,-2.42026280363162
3.0885,-1.3473032388586
3.089,1.59313743052935
3.0895,2.33802675429054
3.09,-0.142198363551519
3.0905,-2.42026280363162
3.091,-1.34565961376789
3.0915,1.59445232767259
3.092,2.33769802990413
3.0925,-0.1431845370524
3.093,-2.42059152936688
3.0935,-1.34500216373288
3.094,1.59543850053021
3.0945,2.33704058113153
3.095,-0.144828159555873
3.0955,-2.4209202551024
3.096,-1.34401598868174
3.0965,1.59576722481612
3.097,2.33671185674533
3.0975,-0.145485608557964
3.098,-2.4215777065742
3.0985,-1.34270108861611
3.099,1.59708212195997
3.0995,2.33638313235921
3.1,-0.147129231064947
3.1005,-2.42190643231049
3.101,-1.3413861885534
3.1015,1.59806829481805
3.102,2.33539695920124
3.1025,-0.148115404570343
3.103,-2.42190643231049
3.1035,-1.34007128849361
3.104,1.59905446767631
3.1045,2.33539695920124
3.105,-0.149759027081345
3.1055,-2.42256388378383
3.106,-1.33908511345067
3.1065,1.59971191624857
3.107,2.33473951042962
3.1075,-0.150745200589154
3.108,-2.42256388378383
3.1085,-1.33842766342296
3.109,1.60102681339334
3.1095,2.33441078604391
3.11,-0.152388823104183
3.1105,-2.42289260952089
3.111,-1.33744148838276
3.1115,1.60234171053842
3.112,2.3337533372727
3.1125,-0.15337499661441
3.113,-2.42289260952089
3.1135,-1.33546913830728
3.114,1.60299915911108
3.1145,2.3334246128872
3.115,-0.154689894629458
3.1155,-2.42322133525821
3.116,-1.33514041329533
3.1165,1.60398533197021
3.117,2.33276716411641
3.1175,-0.156004792646122
3.118,-2.42289260952089
3.1185,-1.33382551324938
3.119,1.60497150482952
3.1195,2.33243843973112
3.12,-0.157319690664402
3.1205,-2.4238787867336
3.121,-1.33283933821682
3.1215,1.605957677689
3.122,2.3321097153459
3.1225,-0.158634588684301
3.123,-2.42453623821002
3.1235,-1.3318531631859
3.124,1.60694385054866
3.1245,2.33178099096075
3.125,-0.159620762200287
3.1255,-2.42420751247168
3.126,-1.33053826314721
3.1265,1.60825874769516
3.127,2.33046609342084
3.1275,-0.160935660223021
3.128,-2.42486496394862
3.1285,-1.32922336311143
3.129,1.60924492055524
3.1295,2.33046609342084
3.13,-0.162250558247378
3.1305,-2.42585114116595
3.131,-1.32856591309463
3.1315,1.6102310934155
3.132,2.33079481780571
3.1325,-0.163894180780107
3.133,-2.42552241542658
3.1335,-1.3272510130632
3.134,1.61121726627594
3.1345,2.3298086446513
3.135,-0.164880354300963
3.1355,-2.42585114116595
3.136,-1.32659356304858
3.1365,1.61154599056279
3.137,2.32947992026663
3.1375,-0.165866527822734
3.138,-2.42585114116595
3.1385,-1.32494993801519
3.139,1.61318961199737
3.1395,2.32882247149751
3.14,-0.167181425853187
3.1405,-2.42650859264545
3.141,-1.3242924880031
3.1415,1.61384706057134
3.142,2.32783629834435
3.1425,-0.168496323885268
3.143,-2.42683731838559
3.1435,-1.32330631298633
3.144,1.61483323343244
3.1445,2.32783629834435
3.145,-0.170139946427663
3.1455,-2.42749476986663
3.146,-1.3219914129665
3.1465,1.61581940629373
3.147,2.3275075739601
3.1475,-0.171126119954324
3.148,-2.42749476986663
3.1485,-1.32100523795353
3.149,1.61746302772963
3.1495,2.32685012519181
3.15,-0.172769742500802
3.1505,-2.42782349560754
3.151,-1.31969033793877
3.1515,1.61746302772963
3.152,2.32652140080777
3.1525,-0.173755916029914
3.153,-2.42782349560754
3.1535,-1.31804671292439
3.154,1.61877792487872
3.1545,2.32586395203989
3.155,-0.175070814070163
3.1555,-2.4281522213487
3.156,-1.31771798792206
3.1565,1.61943537345338
3.157,2.32553522765606
3.1575,-0.17638571211205
3.158,-2.4288096728318
3.1585,-1.31640308791453
3.159,1.62075027060296
3.1595,2.32454905450497
3.16,-0.177700610155575
3.1605,-2.42913839857373
3.161,-1.31541691291078
3.1615,1.62173644346537
3.162,2.32487777888859
3.1625,-0.178686783689296
3.163,-2.42946712431592
3.1635,-1.31443073790865
3.164,1.62305134061553
3.1645,2.32389160573792
3.165,-0.17967295722394
3.1655,-2.42946712431592
3.166,-1.31344456290815
3.1665,1.62370878919074
3.167,2.32389160573792
3.1675,-0.181316579783735
3.168,-2.42979585005837
3.1685,-1.31212966291001
3.169,1.62469496205371
3.1695,2.32290543258787
3.17,-0.182960202346099
3.1705,-2.43045330154404
3.171,-1.31147221291202
3.1715,1.62535241062913
3.172,2.32224798382151
3.1725,-0.183617651371765
3.173,-2.43045330154404
3.1735,-1.30949986292238
3.174,1.62666730778022
3.1745,2.32191925943844
3.175,-0.185261273937731
3.1755,-2.43078202728726
3.176,-1.30884241292728
3.1765,1.62732475635589
3.177,2.32126181067249
3.1775,-0.186247447478547
3.178,-2.43111075303073
3.1785,-1.30785623793597
3.179,1.62863965350749
3.1795,2.32060436190682
3.18,-0.187562345534413
3.1805,-2.43143947877447
3.181,-1.30687006294628
3.1815,1.62962582637141
3.182,2.31994691314143
3.1825,-0.18887724359193
3.183,-2.43143947877447
3.1835,-1.30555516296255
3.184,1.63028327494747
3.1845,2.32027563752409
3.185,-0.190520866166151
3.1855,-2.43176820451846
3.186,-1.3042402629817
3.1865,1.63126944781171
3.187,2.31961818875884
3.1875,-0.191835764227389
3.188,-2.43176820451846
3.1885,-1.30358281299235
3.189,1.63225562067615
3.1895,2.31896073999386
3.19,-0.192821937774404
3.1905,-2.43209693026271
3.191,-1.30193918802213
3.1915,1.63357051782903
3.192,2.31863201561147
3.1925,-0.194136835838541
3.193,-2.43308310749699
3.1935,-1.30095301304215
3.194,1.6342279664056
3.1945,2.31830329122915
3.195,-0.195451733904337
3.1955,-2.43308310749699
3.196,-1.29996683806379
3.1965,1.63521413927063
3.197,2.3173171180826
3.1975,-0.196766631971793
3.198,-2.43341183324227
3.1985,-1.29898066308704
3.199,1.63620031213584
3.1995,2.3173171180826
3.2,-0.198081530040911
3.2005,-2.4337405589878
3.201,-1.29766576312056
3.2015,1.63718648500126
3.202,2.31665966931858
3.2025,-0.199396428111692
3.203,-2.43406928473359
3.2035,-1.29667958814758
3.204,1.63817265786687
3.2045,2.31600222055484
3.205,-0.200382601665869
3.2055,-2.43472673622594
3.206,-1.29602213816649
3.2065,1.63915883073268
3.207,2.31567349617307
3.2075,-0.202026224258248
3.208,-2.43472673622594
3.2085,-1.2943785132169
3.209,1.63981627930999
3.2095,2.31501604740973
3.21,-0.203341122334026
3.2105,-2.43472673622594
3.211,-1.29372106323832
3.2115,1.64113117646489
3.212,2.31468732302817
3.2125,-0.204327295891955
3.213,-2.4350554619725
3.2135,-1.29240616328331
3.214,1.64178862504247
3.2145,2.31370114988388
3.215,-0.205642193970654
3.2155,-2.43538418771932
3.216,-1.29141998831892
3.2165,1.64277479790901
3.217,2.31337242550259
3.2175,-0.206628367530775
3.218,-2.43604163921374
3.2185,-1.28977636338187
3.219,1.64376097077575
3.2195,2.31304370112136
3.22,-0.208271990133068
3.2205,-2.43604163921374
3.221,-1.28911891340829
3.2215,1.6447471436427
3.222,2.31238625235912
3.2225,-0.209915612737977
3.223,-2.43637036496133
3.2235,-1.28813273844928
3.224,1.64606204079893
3.2245,2.3120575279781
3.225,-0.210573061780674
3.2255,-2.43669909070918
3.226,-1.28681783850642
3.2265,1.64704821366634
3.227,2.3120575279781
3.2275,-0.211887959867325
3.228,-2.43735654220565
3.2285,-1.28583166355116
3.229,1.64803438653396
3.2295,2.31107135483545
3.23,-0.213202857955654
3.2305,-2.43735654220565
3.231,-1.2848454885975
3.2315,1.64902055940178
3.232,2.31041390607403
3.2325,-0.214846480568428
3.233,-2.43768526795427
3.2335,-1.28385931364545
3.234,1.64967800798044
3.2345,2.31041390607403
3.235,-0.215832654137353
3.2355,-2.43768526795427
3.236,-1.28221568872893
3.2365,1.65099290513804
3.237,2.30975645731288
3.2375,-0.216818827707224
3.238,-2.43801399370315
3.2385,-1.28155823876357
3.239,1.652307802296
3.2395,2.3094277329324
3.24,-0.218462450325781
3.2405,-2.43834271945228
3.241,-1.27958588887176
3.2415,1.65263652658554
3.242,2.30844155979139
3.2425,-0.219448623898179
3.243,-2.43834271945228
3.2435,-1.27925716389042
3.244,1.65395142374396
3.2445,2.30877028417166
3.245,-0.221092246520951
3.2455,-2.43900017095133
3.246,-1.27827098894746
3.2465,1.65493759661302
3.247,2.30778411103105
3.2475,-0.222407144621067
3.248,-2.43932889670124
3.2485,-1.2772848140061
3.249,1.65592376948228
3.2495,2.30712666227098
3.25,-0.223393318197264
3.2505,-2.43932889670124
3.251,-1.27564118910739
3.2515,1.65690994235176
3.252,2.30679793789105
3.2525,-0.224708216300338
3.253,-2.43965762245141
3.2535,-1.2746550141703
3.254,1.65789611522144
3.2545,2.30581176475167
3.255,-0.22536566535251
3.2555,-2.43998634820183
3.256,-1.2730113892787
3.2565,1.65822483951138
3.257,2.30515431599242
3.2575,-0.227338012511565
3.258,-2.44064379970345
3.2585,-1.27268266430091
3.259,1.65953973667138
3.2595,2.30515431599242
3.26,-0.228324186092522
3.2605,-2.44064379970345
3.261,-1.27136776439154
3.2615,1.66052590954162
3.262,2.30482559161289
3.2625,-0.229967808729572
3.263,-2.44064379970345
3.2635,-1.27071031443792
3.264,1.6611833581219
3.2645,2.30416814285405
3.265,-0.230953982313075
3.2655,-2.44162997695782
3.266,-1.26906668955698
3.2665,1.66249825528274
3.267,2.30351069409547
3.2675,-0.2322688804259
3.268,-2.44130125120611
3.2685,-1.26840923960584
3.269,1.66348442815362
3.2695,2.30351069409547
3.27,-0.233255054011634
3.2705,-2.44162997695782
3.271,-1.2670943397057
3.2715,1.66414187673433
3.272,2.30252452095812
3.2725,-0.234569952127435
3.273,-2.44195870270979
3.2735,-1.26610816478245
3.274,1.66512804960557
3.2745,2.30186707220022
3.275,-0.236213574774581
3.2755,-2.44228742846202
3.276,-1.2651219898608
3.2765,1.66611422247702
3.277,2.30153834782137
3.2775,-0.237528472894216
3.278,-2.4426161542145
3.2785,-1.26413581494074
3.279,1.66742911963929
3.2795,2.30055217468523
3.28,-0.238514646485062
3.2805,-2.4426161542145
3.281,-1.26282091504981
3.2815,1.66775784392991
3.282,2.30022345030665
3.2825,-0.239829544607684
3.283,-2.44294487996725
3.2835,-1.26183474013347
3.284,1.66874401680194
3.2845,2.29956600154969
3.285,-0.241144442732015
3.2855,-2.44360233147351
3.286,-1.26051984024749
3.2865,1.66973018967418
3.287,2.29923727717132
3.2875,-0.243116789921718
3.288,-2.44393105722703
3.2885,-1.25953366533486
3.289,1.67071636254664
3.2895,2.29825110403659
3.29,-0.243774238985809
3.2905,-2.44425978298081
3.291,-1.25854749042383
3.2915,1.67203125971026
3.292,2.29825110403659
3.2925,-0.245089137115274
3.293,-2.44425978298081
3.2935,-1.25723259054492
3.294,1.67268870829221
3.2945,2.29792237965848
3.295,-0.246732759779518
3.2955,-2.44491723448913
3.296,-1.25624641563759
3.2965,1.67367488116533
3.297,2.29759365528044
3.2975,-0.247718933379351
3.298,-2.44491723448913
3.2985,-1.25460279079557
3.299,1.67466105403866
3.2995,2.29693620652456
3.3,-0.249362556047887
3.3005,-2.44491723448913
3.301,-1.25394534086
3.3015,1.67630467549471
3.302,2.29627875776895
3.3025,-0.249691280581916
3.303,-2.44524596024368
3.3035,-1.25295916595796
3.304,1.6769621240773
3.3045,2.29562130901361
3.305,-0.25166362778835
3.3055,-2.44557468599849
3.306,-1.25164426609105
3.3065,1.67794829695137
3.307,2.29529258463604
3.3075,-0.25264980139302
3.308,-2.44590341175355
3.3085,-1.25032936622696
3.309,1.67893446982567
3.3095,2.2946351358811
3.31,-0.253964699534087
3.3105,-2.44623213750888
3.311,-1.24967191629597
3.3115,1.67926319411715
3.312,2.2946351358811
3.3125,-0.255608322212846
3.313,-2.4468895890203
3.3135,-1.2486857414008
3.314,1.68057809128332
3.3145,2.29397768712643
3.315,-0.256594495821396
3.3155,-2.44656086326446
3.316,-1.24737084154304
3.3165,1.68156426415821
3.317,2.29332023837203
3.3175,-0.257580669430917
3.318,-2.4468895890203
3.3185,-1.2460559416881
3.319,1.68222171274159
3.3195,2.29233406524092
3.32,-0.259224292115613
3.3205,-2.4472183147764
3.321,-1.24506976679874
3.3215,1.68353660990866
3.322,2.29167661648719
3.3225,-0.260539190265316
3.323,-2.4472183147764
3.3235,-1.24408359191096
3.324,1.68419405849235
3.3245,2.29134789211042
3.325,-0.261525363878729
3.3255,-2.44787576628937
3.326,-1.24309741702476
3.3265,1.68550895566002
3.327,2.29101916773372
3.3275,-0.263168986569918
3.328,-2.44820449204624
3.3285,-1.24178251717895
3.329,1.68616640424401
3.3295,2.29101916773372
3.33,-0.264155160185932
3.3305,-2.44820449204624
3.331,-1.24079634229644
3.3315,1.68715257712018
3.332,2.28970427022758
3.3325,-0.265141333802922
3.333,-2.44853321780338
3.3335,-1.23981016741551
3.334,1.68846747428876
3.3345,2.28937554585121
3.335,-0.266784956500076
3.3355,-2.44886194356076
3.336,-1.23882399253615
3.3365,1.6891249228732
3.337,2.28904682147491
3.3375,-0.267771130119672
3.338,-2.44919066931841
3.3385,-1.23750909269947
3.339,1.69011109575006
3.3395,2.28838937272251
3.34,-0.269414752821174
3.3405,-2.44886194356076
3.341,-1.23619419286558
3.3415,1.69109726862714
3.342,2.28773192397038
3.3425,-0.27040092644338
3.343,-2.44984812083448
3.3435,-1.23520801799201
3.344,1.69175471721199
3.3445,2.28674575084267
3.345,-0.271715824607847
3.3455,-2.44984812083448
3.346,-1.23389311816303
3.3465,1.69306961438201
3.347,2.28707447521851
3.3475,-0.273030722774058
3.348,-2.45017684659291
3.3485,-1.23290694329313
3.349,1.69405578725979
3.3495,2.2864170264669
3.35,-0.274345620942014
3.3505,-2.45017684659291
3.351,-1.23159204346905
3.3515,1.69438451155243
3.352,2.28575957771557
3.3525,-0.275660519111717
3.353,-2.45083429811053
3.3535,-1.23093459355806
3.354,1.69569940872327
3.3545,2.28543085334
3.355,-0.276975417283167
3.3555,-2.45116302386972
3.356,-1.22994841869288
3.3565,1.69635685730884
3.357,2.28477340458906
3.3575,-0.278290315456368
3.358,-2.45083429811053
3.3585,-1.22863351887509
3.359,1.6973430301874
3.3595,2.28411595583838
3.36,-0.279605213631319
3.3605,-2.45149174962918
3.361,-1.22731861906009
3.3615,1.69800047877323
3.362,2.28411595583838
3.3625,-0.280591387263682
3.363,-2.45182047538889
3.3635,-1.22666116915364
3.364,1.69931537594521
3.3645,2.28312978271287
3.365,-0.28223500998648
3.3655,-2.45214920114887
3.366,-1.22534626934283
3.3665,1.70030154882447
3.367,2.28247233396286
3.3675,-0.283549908166693
3.368,-2.45214920114887
3.3685,-1.22403136953481
3.369,1.70161644599719
3.3695,2.28214360958795
3.37,-0.284864806348663
3.3705,-2.45214920114887
3.371,-1.22271646972958
3.3715,1.702602618877
3.372,2.28148616083834
3.3725,-0.285522255440307
3.373,-2.45280665266959
3.3735,-1.22205901982801
3.374,1.70293134317032
3.3745,2.28082871208899
3.375,-0.286837153624914
3.3755,-2.45313537843034
3.376,-1.22074412002696
3.3765,1.70424624034388
3.377,2.28082871208899
3.3775,-0.288809500905127
3.378,-2.45313537843034
3.3785,-1.219757945178
3.379,1.70490368893082
3.3795,2.27984253896546
3.38,-0.28979567454672
3.3805,-2.45346410419135
3.381,-1.21844304538182
3.3815,1.70621858610501
3.382,2.27951381459108
3.3825,-0.290453123641666
3.383,-2.45379282995261
3.3835,-1.21745687053651
3.384,1.70720475898594
3.3845,2.27885636584252
3.385,-0.291768021832882
3.3855,-2.45346410419135
3.386,-1.2161419707452
3.3865,1.70819093186711
3.387,2.27819891709423
3.3875,-0.293740369123018
3.388,-2.45412155571414
3.3885,-1.21515579590355
3.389,1.70884838045468
3.3895,2.27819891709423
3.39,-0.294397818220614
3.3905,-2.45445028147592
3.391,-1.21416962106345
3.3915,1.70983455333625
3.392,2.27721274397228
3.3925,-0.296041440966538
3.393,-2.45477900723796
3.3935,-1.21285472127909
3.394,1.71082072621806
3.3945,2.27688401959843
3.395,-0.297356339165269
3.3955,-2.45445028147592
3.396,-1.21219727138795
3.3965,1.71114945051205
3.397,2.27622657085092
3.3975,-0.298999961916174
3.398,-2.45445028147592
3.3985,-1.21055364666313
3.399,1.71213562339419
3.3995,2.27589784647727
3.4,-0.299986135568048
3.4005,-2.45510773300026
3.401,-1.20989619677442
3.4015,1.71377924486495
3.402,2.2749116733567
3.4025,-0.300972309220919
3.403,-2.45543645876282
3.4035,-1.20858129699908
3.404,1.71443669345345
3.4045,2.27458294898331
3.405,-0.302287207426302
3.4055,-2.45609391028872
3.406,-1.20759512216939
3.4065,1.71575159063077
3.407,2.27425422460998
3.4075,-0.303273381081506
3.408,-2.45675136181565
3.4085,-1.2059514974567
3.409,1.71608031492516
3.4095,2.2732680514904
3.41,-0.304917003842402
3.4105,-2.45642263605205
3.411,-1.20529404757284
3.4115,1.71739521210303
3.412,2.2732680514904
3.4125,-0.306231902053121
3.413,-2.45675136181565
3.4135,-1.20430787274834
3.414,1.71838138498671
3.4145,2.27261060274434
3.415,-0.30721807571233
3.4155,-2.4570800875795
3.416,-1.2026642480443
3.4165,1.71871010928133
3.417,2.27195315399854
3.4175,-0.308861698479906
3.418,-2.45642263605205
3.4185,-1.2020067981639
3.419,1.72002500646007
3.4195,2.271295705253
3.42,-0.30984787214179
3.4205,-2.45773753910798
3.421,-1.20102062334459
3.4215,1.72068245504961
3.422,2.27096698088033
3.4225,-0.311162770359198
3.423,-2.45740881334361
3.4235,-1.19970572358792
3.424,1.72166862793412
3.4245,2.26998080776271
3.425,-0.312477668578393
3.4255,-2.45806626487261
3.426,-1.19839082383402
3.4265,1.72265480081889
3.427,2.2696520833903
3.4275,-0.314121291354902
3.428,-2.45806626487261
3.4285,-1.1977333739581
3.429,1.7236409737039
3.4295,2.26932335901796
3.43,-0.315436189578123
3.4305,-2.45905244216805
3.431,-1.19641847420834
3.4315,1.72462714658916
3.432,2.26833718590132
3.4325,-0.316422363246714
3.433,-2.45872371640265
3.4335,-1.19510357446134
3.434,1.72627076806516
3.4345,2.26833718590132
3.435,-0.317079812359669
3.4355,-2.45905244216805
3.436,-1.19378867471709
3.4365,1.72627076806516
3.437,2.26767973715721
3.4375,-0.319052159701224
3.438,-2.45905244216805
3.4385,-1.19280249991071
3.439,1.72758566524646
3.4395,2.26735101278526
3.44,-0.320038333373516
3.4405,-2.45938116793372
3.441,-1.19181632510589
3.4415,1.72857183813273
3.442,2.26669356404155
3.4425,-0.321681956162916
3.443,-2.45938116793372
3.4435,-1.19083015030261
3.444,1.72922928672372
3.4445,2.2660361152981
3.445,-0.322339405279463
3.4455,-2.45970989369964
3.446,-1.18951525056731
3.4465,1.72988673531482
3.447,2.26537866655491
3.4475,-0.323983028072798
3.448,-2.46036734523227
3.4485,-1.18885780070069
3.449,1.73120163249736
3.4495,2.26472121781198
3.45,-0.325297926309493
3.4505,-2.46069607099897
3.451,-1.18721417603716
3.4515,1.73251652968035
3.452,2.26406376906931
3.4525,-0.32661282454799
3.453,-2.46036734523227
3.4535,-1.1862280012411
3.454,1.73284525397617
3.4545,2.2634063203269
3.455,-0.327927722788291
3.4555,-2.46135352253315
3.456,-1.18491310151542
3.4565,1.7338314268638
3.457,2.26274887158475
3.4575,-0.328585171909118
3.458,-2.46135352253315
3.4585,-1.18392692672297
3.459,1.73481759975169
3.4595,2.26242014721377
3.46,-0.330228794713163
3.4605,-2.46135352253315
3.461,-1.18326947686219
3.4615,1.73547504834376
3.462,2.26176269847201
3.4625,-0.331543692958432
3.463,-2.46168224830063
3.4635,-1.18162585221324
3.464,1.73678994552823
3.4645,2.26077652535985
3.465,-0.332858591205511
3.4655,-2.46135352253315
3.466,-1.18063967742593
3.4665,1.73711866982443
3.467,2.26077652535985
3.4675,-0.334173489454401
3.468,-2.46168224830063
3.4685,-1.17932477771191
3.469,1.73843356700948
3.4695,2.26011907661873
3.47,-0.334830938579525
3.4705,-2.46201097406837
3.471,-1.17866732785593
3.4715,1.73941973989857
3.472,2.25946162787788
3.4725,-0.336474561394319
3.473,-2.46168224830063
3.4735,-1.1766949782921
3.474,1.74040591278793
3.4745,2.25946162787788
3.475,-0.337789459648196
3.4755,-2.46201097406837
3.476,-1.17603752843885
3.4765,1.74139208567754
3.477,2.25880417913728
3.4775,-0.339433082468097
3.478,-2.46233969983636
3.4785,-1.17472262873442
3.479,1.74237825856742
3.4795,2.25814673039694
3.48,-0.340419256161401
3.4805,-2.46266842560462
3.481,-1.17340772903272
3.4815,1.74303570716081
3.482,2.25748928165685
3.4825,-0.341734154420731
3.483,-2.46299715137314
3.4835,-1.17275027918289
3.484,1.74402188005113
3.4845,2.25716055728691
3.485,-0.343049052681881
3.4855,-2.46299715137314
3.486,-1.17143537948529
3.4865,1.7450080529417
3.487,2.25650310854721
3.4875,-0.34403522637894
3.488,-2.46365460291095
3.4885,-1.17044920471389
3.489,1.74599422583254
3.4895,2.25617438417746
3.49,-0.34535012464328
3.4905,-2.46365460291095
3.491,-1.16913430502106
3.4915,1.74665167442658
3.492,2.25551693543815
3.4925,-0.346665022909445
3.493,-2.46431205444979
3.4935,-1.16781940533097
3.494,1.74796657161502
3.4945,2.25453076232967
3.495,-0.347979921177436
3.4955,-2.46431205444979
3.496,-1.16716195548694
3.4965,1.74895274450665
3.497,2.2542020379603
3.4975,-0.349294819447254
3.498,-2.46398332868024
3.4985,-1.16551833087986
3.499,1.74961019310122
3.4995,2.25354458922176
3.5,-0.350609717718902
3.5005,-2.4646407802196
3.501,-1.16486088103822
3.5015,1.75026764169591
3.502,2.25255841611444
3.5025,-0.351924615992379
3.503,-2.4646407802196
3.5035,-1.16387470627704
3.504,1.75092509029072
3.5045,2.25222969174546
3.505,-0.352910789698689
3.5055,-2.46496950598968
3.506,-1.16288853151739
3.5065,1.75256871177826
3.507,2.25190096737654
3.5075,-0.354225687975374
3.508,-2.46529823176001
3.5085,-1.16157363184023
3.509,1.75355488467114
3.5095,2.2512435186389
3.51,-0.355540586253892
3.5105,-2.4656269575306
3.511,-1.16058745708415
3.5115,1.75388360896883
3.512,2.25058606990151
3.5125,-0.356855484534246
3.513,-2.4656269575306
3.5135,-1.15894383249408
3.514,1.75486978186207
3.5145,2.24992862116438
3.515,-0.358170382816437
3.5155,-2.46595568330145
3.516,-1.15762893282508
3.5165,1.75585595475558
3.517,2.25025734553292
3.5175,-0.359156556529288
3.518,-2.46595568330145
3.5185,-1.15664275807512
3.519,1.75684212764936
3.5195,2.24894244805917
3.52,-0.360800179386338
3.5205,-2.46628440907255
3.521,-1.15565658332668
3.5215,1.75782830054342
3.522,2.24861372369089
3.5225,-0.362115077674049
3.523,-2.46661313484392
3.5235,-1.15467040857976
3.524,1.75881447343774
3.5245,2.24795627495453
3.525,-0.363101251391042
3.5255,-2.46694186061555
3.526,-1.15302678400497
3.5265,1.75980064633234
3.527,2.24729882621842
3.5275,-0.364744874255003
3.528,-2.46694186061555
3.5285,-1.15236933417623
3.529,1.7601293706306
3.5295,2.24664137748257
3.53,-0.365731047974763
3.5305,-2.46727058638744
3.531,-1.1510544345208
3.5315,1.76144426782394
3.532,2.24631265311474
3.5325,-0.366717221695562
3.533,-2.46759931215959
3.5335,-1.150068259781
3.534,1.76243044071926
3.5345,2.24598392874697
3.535,-0.368360844565872
3.5355,-2.46792803793199
3.536,-1.14908208504272
3.5365,1.7630878893163
3.537,2.24532648001163
3.5375,-0.369347018289444
3.538,-2.46759931215959
3.5385,-1.14776718539406
3.539,1.76440278651073
3.5395,2.24434030690909
3.54,-0.370661916589161
3.5405,-2.46792803793199
3.541,-1.14612356083703
3.5415,1.76571768370566
3.542,2.24401158254171
3.5425,-0.371648090315164
3.543,-2.46792803793199
3.5435,-1.1454661110154
3.544,1.76604640800447
3.5445,2.24368285817438
3.545,-0.372962988618123
3.5455,-2.46858548947758
3.546,-1.14415121137417
3.5465,1.76736130520001
3.547,2.24302540943993
3.5475,-0.374277886922937
3.548,-2.46858548947758
3.5485,-1.14349376155457
3.549,1.76801875379797
3.5495,2.24203923633873
3.55,-0.375592785229607
3.5505,-2.46891421525077
3.551,-1.14185013700851
3.5515,1.76867620239605
3.552,2.24171051197178
3.5525,-0.377236408115558
3.553,-2.46891421525077
3.5535,-1.14086396228291
3.554,1.7696623752934
3.5545,2.24138178760491
3.555,-0.37855130642641
3.5555,-2.46924294102421
3.556,-1.13987778755882
3.5565,1.77031982389179
3.557,2.24039561450465
3.5575,-0.379866204739123
3.558,-2.46990039257188
3.5585,-1.13856288792905
3.559,1.77163472108894
3.5595,2.24039561450465
3.56,-0.380523653896178
3.5605,-2.46990039257188
3.561,-1.13790543811518
3.5615,1.77262089398713
3.562,2.23940944140497
3.5625,-0.381838552211686
3.563,-2.46990039257188
3.5635,-1.13659053848946
3.564,1.77327834258608
3.5645,2.23908071703853
3.565,-0.383482175108692
3.5655,-2.46990039257188
3.566,-1.13560436377194
3.5665,1.77426451548474
3.567,2.23875199267216
3.5675,-0.384468348848296
3.568,-2.46990039257188
3.5685,-1.13363201434144
3.569,1.77492196408401
3.5695,2.23743709520731
3.57,-0.38545452258895
3.5705,-2.47022911834611
3.571,-1.13330328943694
3.5715,1.77623686128291
3.572,2.23710837084125
3.5725,-0.387426870073412
3.573,-2.47022911834611
3.5735,-1.13165966491698
3.574,1.77689430988255
3.5745,2.23677964647526
3.575,-0.388413043817221
3.5755,-2.47121529567034
3.576,-1.13067349020703
3.5765,1.77788048278224
3.577,2.23612219774346
3.5775,-0.389727942143938
3.578,-2.47088656989534
3.5785,-1.12968731549858
3.579,1.7782092070822
3.5795,2.23513602464624
3.58,-0.390714115890204
3.5805,-2.47121529567034
3.581,-1.12837241588966
3.5815,1.77985282858248
3.582,2.23480730028062
3.5825,-0.3920290142202
3.583,-2.47187274722113
3.5835,-1.12705751628343
3.584,1.78018155288263
3.5845,2.23480730028062
3.585,-0.393343912552072
3.5855,-2.47187274722113
3.586,-1.12607134158052
3.5865,1.78149645008356
3.587,2.23349240281879
3.5875,-0.394330086302208
3.588,-2.47187274722113
3.5885,-1.12442771707902
3.589,1.78248262298458
3.5895,2.23283495408825
3.59,-0.395973709221448
3.5905,-2.47220147299691
3.591,-1.12344154238012
3.5915,1.78314007158542
3.592,2.23250622972307
3.5925,-0.397288607558956
3.593,-2.47187274722113
3.5935,-1.1227840925817
3.594,1.78412624448693
3.5945,2.23184878099291
3.595,-0.398603505898345
3.5955,-2.47220147299691
3.596,-1.12179791788532
3.5965,1.78478369308809
3.597,2.23086260789813
3.5975,-0.399918404239617
3.598,-2.47253019877295
3.5985,-1.12081174319044
3.599,1.78576986599007
3.5995,2.23053388353333
3.6,-0.401233302582774
3.6005,-2.47285892454925
3.601,-1.11949684359961
3.6015,1.78708476319317
3.602,2.22987643480392
3.6025,-0.402219476341379
3.603,-2.47285892454925
3.6035,-1.11851066890825
3.604,1.78774221179491
3.6045,2.22921898607476
3.605,-0.403863099274746
3.6055,-2.47351637610264
3.606,-1.1171957693221
3.6065,1.78839966039678
3.607,2.22856153734585
3.6075,-0.404849273036183
3.608,-2.47351637610264
3.6085,-1.11588086973862
3.609,1.78971455760091
3.6095,2.22823281298149
3.61,-0.406164171386419
3.6105,-2.47351637610264
3.611,-1.11456597015781
3.6115,1.79037200620316
3.612,2.22757536425295
3.6125,-0.407479069738546
3.613,-2.47417382765706
3.6135,-1.11357979547396
3.614,1.79102945480555
3.6145,2.22691791552466
3.615,-0.408465243503884
3.6155,-2.47384510187972
3.616,-1.1125936207916
3.6165,1.79234435201071
3.617,2.22658919116061
3.6175,-0.409122692681367
3.618,-2.47417382765706
3.6185,-1.11127872121746
3.619,1.79300180061349
3.6195,2.22626046679663
3.62,-0.41109504021666
3.6205,-2.47450255343467
3.621,-1.11029254653861
3.6215,1.7939879735179
3.622,2.22560301806884
3.6225,-0.412409938575893
3.623,-2.47417382765706
3.6235,-1.10897764696913
3.624,1.7949741464226
3.6245,2.2249455693413
3.625,-0.413724836937023
3.6255,-2.47483127921253
3.626,-1.10832019718539
3.6265,1.79628904362933
3.627,2.2249455693413
3.6275,-0.415039735300054
3.628,-2.47483127921253
3.6285,-1.1070052976199
3.629,1.7966177679311
3.6295,2.22395939625045
3.63,-0.415697184482282
3.6305,-2.47516000499065
3.631,-1.10569039805708
3.6315,1.79760394083659
3.632,2.22363067188697
3.6325,-0.417340807439932
3.633,-2.47516000499065
3.6335,-1.10470422338671
3.634,1.79859011374237
3.6345,2.22264449879687
3.635,-0.418655705808194
3.6355,-2.47548873076903
3.636,-1.10338932382854
3.6365,1.79957628664846
3.637,2.22198705007045
3.6375,-0.41964187958564
3.638,-2.47516000499065
3.6385,-1.10174569938456
3.639,1.80056245955484
3.6395,2.22132960134427
3.64,-0.420628053364158
3.6405,-2.47548873076903
3.641,-1.10075952472016
3.6415,1.80121990815926
3.642,2.22100087698128
3.6425,-0.421942951737185
3.643,-2.47581745654768
3.6435,-1.10043079983236
3.644,1.80220608106614
3.6445,2.22067215261835
3.645,-0.423586574706153
3.6455,-2.47614618232658
3.646,-1.09878717539584
3.6465,1.80319225397331
3.647,2.21968597952993
3.6475,-0.424572748488966
3.648,-2.47647490810574
3.6485,-1.09747227584961
3.649,1.80384970257826
3.6495,2.21935725516724
3.65,-0.425887646867723
3.6505,-2.47614618232658
3.651,-1.09648610119168
3.6515,1.80516459978857
3.652,2.21869980644206
3.6525,-0.427202545248392
3.653,-2.47647490810574
3.6535,-1.09549992653523
3.654,1.80582204839392
3.6545,2.21804235771712
3.655,-0.428517443630977
3.6555,-2.47680363388517
3.656,-1.09385630211114
3.6565,1.8064794969994
3.657,2.21705618463018
3.6575,-0.429832342015477
3.658,-2.47713235966485
3.6585,-1.09287012745866
3.659,1.80746566990788
3.6595,2.21672746026799
3.66,-0.43081851580511
3.6605,-2.47713235966485
3.661,-1.09188395280768
3.6615,1.80845184281667
3.662,2.21541256281985
3.6625,-0.432790863387614
3.663,-2.47746108544479
3.6635,-1.09056905327534
3.664,1.80910929142269
3.6645,2.21541256281985
3.665,-0.43410576177835
3.6655,-2.47713235966485
3.666,-1.08991160351017
3.6665,1.80943801572575
3.667,2.21475511409615
3.6675,-0.435091935572664
3.668,-2.47746108544479
3.6685,-1.08826797910011
3.669,1.81075291293834
3.6695,2.21442638973439
3.67,-0.436406833966764
3.6705,-2.477789811225
3.671,-1.08728180445606
3.6715,1.81108163724157
3.672,2.21344021664948
3.6725,-0.437721732362789
3.673,-2.47844726278619
3.6735,-1.08629562981349
3.674,1.81272525875823
3.6745,2.21278276792651
3.675,-0.43903663076074
3.6755,-2.47844726278619
3.676,-1.08530945517241
3.6765,1.81338270736513
3.677,2.21245404356512
3.6775,-0.440351529160619
3.678,-2.47877598856717
3.6785,-1.08399455565327
3.679,1.81436888027574
3.6795,2.21212531920379
3.68,-0.441666427562426
3.6805,-2.47910471434842
3.681,-1.08267965613677
3.6815,1.81502632888298
3.682,2.21113914612017
3.6825,-0.442323876764053
3.683,-2.47910471434842
3.6835,-1.0813647566229
3.684,1.81666995040169
3.6845,2.21048169739807
3.685,-0.443967499770234
3.6855,-2.47910471434842
3.686,-1.08037858198922
3.6865,1.81699867470553
3.687,2.20982424867621
3.6875,-0.445282398177353
3.688,-2.47910471434842
3.6885,-1.07873495760305
3.689,1.81798484761726
3.6895,2.20916679995459
3.69,-0.446597296586406
3.6905,-2.47943344012992
3.691,-1.07840623272631
3.6915,1.81864229622526
3.692,2.20818062687262
3.6925,-0.447583470394466
3.693,-2.47943344012992
3.6935,-1.07709133322099
3.694,1.81929974483339
3.6945,2.20785190251209
3.695,-0.448898368806908
3.6955,-2.47976216591169
3.696,-1.07610515859372
3.6965,1.82028591774585
3.697,2.20752317815162
3.6975,-0.450213267221287
3.698,-2.48009089169371
3.6985,-1.07511898396793
3.699,1.82127209065861
3.6995,2.20719445379121
3.7,-0.451528165637606
3.7005,-2.48009089169371
3.701,-1.07380408446918
3.7015,1.82225826357169
3.702,2.20587955635017
3.7025,-0.452843064055866
3.703,-2.48009089169371
3.7035,-1.07281790984683
3.704,1.82324443648508
3.7045,2.20555083199006
3.705,-0.453829237870836
3.7055,-2.48009089169371
3.706,-1.07183173522596
3.7065,1.82390188509418
3.707,2.20522210763002
3.7075,-0.455801585504057
3.708,-2.48107706904135
3.7085,-1.07051683573376
3.709,1.82488805800809
3.7095,2.20423593455024
3.71,-0.456787759322308
3.7105,-2.48074834325855
3.711,-1.0688732113722
3.7115,1.82554550661754
3.712,2.20324976147102
3.7125,-0.457445208535084
3.713,-2.480419617476
3.7135,-1.06755831188589
3.714,1.82653167953197
3.7145,2.2029210371114
3.715,-0.458760106962097
3.7155,-2.48140579482442
3.716,-1.06690086214372
3.7165,1.8278465767517
3.717,2.2019348640329
3.7175,-0.460403729998604
3.718,-2.48140579482442
3.7185,-1.06558596266134
3.719,1.82817530105672
3.7195,2.2019348640329
3.72,-0.461718628430004
3.7205,-2.48107706904135
3.721,-1.06459978805127
3.7215,1.82949019827715
3.722,2.20127741531421
3.7225,-0.462704802254835
3.723,-2.48173452060775
3.7235,-1.06328488857347
3.724,1.83014764688757
3.7245,2.20094869095495
3.725,-0.464019700689653
3.7255,-2.48173452060775
3.726,-1.06229871396683
3.7265,1.83113381980348
3.727,2.20029124223662
3.7275,-0.465005874517048
3.728,-2.48206324639134
3.7285,-1.06065508962569
3.729,1.83211999271969
3.7295,2.19963379351853
3.73,-0.466649497565153
3.7305,-2.48206324639134
3.731,-1.05966891502297
3.7315,1.83310616563623
3.732,2.19897634480068
3.7325,-0.467635671395484
3.733,-2.48206324639134
3.7335,-1.05868274042171
3.734,1.83376361424743
3.7345,2.19831889608308
3.735,-0.468950569837639
3.7355,-2.48239197217519
3.736,-1.05703911608954
3.7365,1.83507851147026
3.737,2.19766144736571
3.7375,-0.469936743670542
3.738,-2.48173452060775
3.7385,-1.05605294149219
3.739,1.83540723577605
3.7395,2.19700399864859
3.74,-0.470922917504548
3.7405,-2.4827206979593
3.741,-1.05539549176144
3.7415,1.83639340869365
3.742,2.19634654993171
3.7425,-0.472566540563678
3.743,-2.48239197217519
3.7435,-1.05408059230189
3.744,1.83737958161157
3.7445,2.19568910121507
3.745,-0.473881439013191
3.7455,-2.48304942374367
3.746,-1.05276569284494
3.7465,1.83770830591762
3.747,2.19503165249867
3.7475,-0.47519633746467
3.748,-2.48304942374367
3.7485,-1.05145079339059
3.749,1.83902320314215
3.7495,2.19404547942452
3.75,-0.47618251130457
3.7505,-2.48304942374367
3.751,-1.05079334366439
3.7515,1.83968065175463
3.752,2.19371675506659
3.7525,-0.477497409759492
3.753,-2.48370687531319
3.7535,-1.04914971935174
3.754,1.84066682467362
3.7545,2.19371675506659
3.755,-0.478812308216384
3.7555,-2.48370687531319
3.756,-1.04783481990453
3.7565,1.84099554898002
3.757,2.19240185763548
3.7575,-0.479798482060346
3.758,-2.48370687531319
3.7585,-1.04717737018191
3.759,1.84231044620599
3.7595,2.19207313327785
3.76,-0.481442105136082
3.7605,-2.48370687531319
3.761,-1.0458624707386
3.7615,1.84362534343253
3.762,2.19108696020532
3.7625,-0.48209955436724
3.763,-2.48403560109835
3.7635,-1.04454757129788
3.764,1.84461151635282
3.7645,2.19108696020532
3.765,-0.484071902063676
3.7655,-2.48469305266943
3.766,-1.04356139671904
3.7665,1.84494024065965
3.767,2.19010078713333
3.7675,-0.485386800530437
3.768,-2.48403560109835
3.7685,-1.04224649728286
3.769,1.84592641358037
3.7695,2.18977206277612
3.77,-0.486701698999176
3.7705,-2.48469305266943
3.771,-1.04093159784926
3.7715,1.84691258650142
3.772,2.18911461406188
3.7725,-0.48768787285203
3.773,-2.48436432688376
3.7735,-1.03961669841826
3.774,1.84789875942279
3.7745,2.18845716534788
3.775,-0.489002771324234
3.7755,-2.48469305266943
3.776,-1.03895924870372
3.7765,1.84855620803722
3.777,2.18747099227733
3.7775,-0.48966022056108
3.778,-2.48502177845537
3.7785,-1.03731562442022
3.779,1.84954238095913
3.7795,2.18681354356392
3.78,-0.490975119036258
3.7805,-2.48535050424156
3.781,-1.03632944985205
3.7815,1.85019982957393
3.782,2.18681354356392
3.7825,-0.491961292893944
3.783,-2.48502177845537
3.7835,-1.03534327528534
3.784,1.85118600249639
3.7845,2.18582737049426
3.785,-0.493933640612667
3.7855,-2.48535050424156
3.786,-1.03435710072008
3.7865,1.85217217541919
3.787,2.18549864613783
3.7875,-0.494591089853235
3.788,-2.48567923002802
3.7885,-1.03271347644787
3.789,1.85315834834231
3.7895,2.18418374871269
3.79,-0.49623471295683
3.7905,-2.48567923002802
3.791,-1.03205602674012
3.7915,1.85381579695791
3.792,2.18451247306888
3.7925,-0.497878336063534
3.793,-2.48567923002802
3.7935,-1.03041240247355
3.794,1.85480196988158
3.7945,2.18319757564445
3.795,-0.498535785307087
3.7955,-2.48567923002802
3.796,-1.02942622791554
3.7965,1.85545941849755
3.797,2.1825401269326
3.7975,-0.499850683795688
3.798,-2.48600795581474
3.7985,-1.02811132850711
3.799,1.85644559142178
3.7995,2.1825401269326
3.8,-0.501165582286283
3.8005,-2.48600795581474
3.801,-1.02679642910126
3.8015,1.85743176434634
3.802,2.18188267822098
3.8025,-0.502480480778873
3.803,-2.48633668160171
3.8035,-1.02581025454856
3.804,1.8580892129629
3.8045,2.18122522950959
3.805,-0.50379537927346
3.8055,-2.48633668160171
3.806,-1.02482407999731
3.8065,1.8587466615796
3.807,2.18023905644296
3.8075,-0.504781553145712
3.808,-2.48633668160171
3.8085,-1.02350918059788
3.809,1.85973283450494
3.8095,2.17991033208753
3.81,-0.506096451643798
3.8105,-2.48633668160171
3.811,-1.02219428120103
3.8115,1.86071900743061
3.812,2.17925288337686
3.8125,-0.507740074769218
3.813,-2.48666540738895
3.8135,-1.02120810665507
3.814,1.86170518035662
3.8145,2.17826671031129
3.815,-0.508397524020263
3.8155,-2.48666540738895
3.816,-1.02022193211056
3.8165,1.86236262897415
3.817,2.17760926160121
3.8175,-0.509383697897768
3.818,-2.48699413317645
3.8185,-1.01890703272012
3.819,1.86302007759182
3.8195,2.17695181289136
3.82,-0.511684770283001
3.8205,-2.48732285896421
3.821,-1.01824958302586
3.8215,1.86433497482762
3.822,2.17662308853653
3.8225,-0.512670944164268
3.823,-2.48765158475223
3.8235,-1.01693468363926
3.824,1.86466369913666
3.8245,2.17563691547237
3.825,-0.514314567302222
3.8255,-2.48732285896421
3.826,-1.015948509101
3.8265,1.86564987206402
3.827,2.17465074240875
3.8275,-0.514972016558284
3.828,-2.48732285896421
3.8285,-1.01430488487376
3.829,1.86663604499171
3.8295,2.17465074240875
3.83,-0.516286915071914
3.8305,-2.48830903632906
3.831,-1.01298998549484
3.8315,1.86729349361036
3.832,2.17399329369996
3.8325,-0.517601813587556
3.833,-2.48798031054052
3.8335,-1.01200381096233
3.834,1.86860839084811
3.8345,2.17333584499141
3.835,-0.518916712105212
3.8355,-2.48830903632906
3.836,-1.01068891158789
3.8365,1.86893711515765
3.837,2.17234967192902
3.8375,-0.519902885994777
3.838,-2.48798031054052
3.8385,-1.009374012216
3.839,1.87025201239615
3.8395,2.17136349886715
3.84,-0.52121778451596
3.8405,-2.48830903632906
3.841,-1.00838783768876
3.8415,1.87025201239615
3.842,2.17103477451332
3.8425,-0.522861407670276
3.843,-2.48896648790693
3.8435,-1.00740166316296
3.844,1.87156690963527
3.8445,2.17070605015954
3.845,-0.524176306196001
3.8455,-2.48863776211786
3.846,-1.00608676379745
3.8465,1.872553082565
3.847,2.17037732580582
3.8475,-0.525491204723746
3.848,-2.48863776211786
3.8485,-1.005100589275
3.849,1.87353925549508
3.8495,2.16906242839152
3.85,-0.525819929355998
3.8505,-2.48863776211786
3.851,-1.00411441475397
3.8515,1.87419670411532
3.852,2.16840497968472
3.8525,-0.527792277152167
3.853,-2.48929521369626
3.8535,-1.00247079055545
3.854,1.8745254284255
3.8545,2.16807625533141
3.855,-0.52877845105196
3.8555,-2.48896648790693
3.856,-1.00181334087716
3.8565,1.87584032566659
3.857,2.16741880662497
3.8575,-0.530422074220813
3.858,-2.48896648790693
3.8585,-1.0001697166842
3.859,1.87682649859782
3.8595,2.16709008227183
3.86,-0.531079523489242
3.8605,-2.48896648790693
3.861,-0.998854817332698
3.8615,1.87748394721882
3.862,2.16610390921277
3.8625,-0.53305187129757
3.863,-2.48962393948584
3.8635,-0.997868642820738
3.864,1.8787988444613
3.8645,2.16544646050702
3.865,-0.534038045203447
3.8655,-2.48962393948584
3.866,-0.997211193146893
3.8665,1.87945629308277
3.867,2.1647890118015
3.8675,-0.535024219110467
3.868,-2.48995266527569
3.8685,-0.996225018637315
3.869,1.88044246601526
3.8695,2.16380283874366
3.87,-0.536667842291374
3.8705,-2.48962393948584
3.871,-0.994581394457859
3.8715,1.88109991463711
3.872,2.16347411439117
3.8725,-0.537982740838389
3.873,-2.48995266527569
3.8735,-0.992937770282366
3.874,1.88175736325912
3.8745,2.16281666568635
3.875,-0.538640190112659
3.8755,-2.48995266527569
3.876,-0.991951595778972
3.8765,1.88241481188128
3.877,2.16215921698176
3.8775,-0.539955088662729
3.878,-2.48995266527569
3.8785,-0.99063669644333
3.879,1.88372970912607
3.8795,2.16183049262955
3.88,-0.541269987214836
3.8805,-2.49061011685617
3.881,-0.989650521943261
3.8815,1.88471588206007
3.882,2.1615017682774
3.8825,-0.542256161130254
3.883,-2.4902813910658
3.8835,-0.98833562261205
3.884,1.88504460637148
3.8845,2.16018687086938
3.885,-0.543571059685931
3.8855,-2.4909388426468
3.886,-0.987349448115302
3.8865,1.88570205499442
3.887,2.16018687086938
3.8875,-0.5452146828834
3.888,-2.49061011685617
3.8885,-0.986034548788518
3.889,1.88668822792912
3.8895,2.15920069781397
3.89,-0.546200856803413
3.8905,-2.4912675684377
3.891,-0.985048374295089
3.8915,1.88767440086417
3.892,2.15854324911066
3.8925,-0.547844480005993
3.893,-2.49159629422885
3.8935,-0.983733474972727
3.894,1.88833184948774
3.8945,2.15788580040757
3.895,-0.548830653929075
3.8955,-2.4909388426468
3.896,-0.983076025312493
3.8965,1.88964674673533
3.897,2.15689962735337
3.8975,-0.550145552494977
3.898,-2.4909388426468
3.8985,-0.981103676335576
3.899,1.89030419535937
3.8995,2.1559134542997
3.9,-0.551789175705236
3.9005,-2.4909388426468
3.901,-0.980117501849246
3.9015,1.89129036829571
3.902,2.15558472994858
3.9025,-0.55277534963293
3.903,-2.49159629422885
3.9035,-0.979131327364334
3.904,1.89227654123241
3.9045,2.15525600559753
3.905,-0.553761523561778
3.9055,-2.49159629422885
3.906,-0.977816428053323
3.9065,1.89260526554472
3.907,2.15492728124653
3.9075,-0.555076422135372
3.908,-2.49192502002027
3.9085,-0.976830253571718
3.909,1.89359143848189
3.9095,2.15361238384312
3.91,-0.55639132071102
3.9105,-2.49159629422885
3.911,-0.975515354265113
3.9115,1.89457761141942
3.912,2.15328365949241
3.9125,-0.557377494644106
3.913,-2.49159629422885
3.9135,-0.974529179786811
3.914,1.89490633573201
3.9145,2.15262621079116
3.915,-0.558692393223354
3.9155,-2.49192502002027
3.916,-0.973214280484608
3.9165,1.89622123298276
3.917,2.15131131338936
3.9175,-0.56000729180466
3.918,-2.49192502002027
3.9185,-0.972228106009605
3.919,1.89687868160837
3.9195,2.15098258903905
3.92,-0.56165091503419
3.9205,-2.49225374581194
3.921,-0.971241931536016
3.9215,1.89753613023414
3.922,2.1506538646888
3.9225,-0.562637088973455
3.923,-2.49258247160388
3.9235,-0.969598307416505
3.924,1.8985223031731
3.9245,2.14966769163838
3.925,-0.563623262913879
3.9255,-2.49225374581194
3.926,-0.968612132946682
3.9265,1.89950847611241
3.927,2.14933896728836
3.9275,-0.565266886150501
3.928,-2.49291119739608
3.9285,-0.967297233655778
3.929,1.89983720042559
3.9295,2.14835279423863
3.93,-0.566253060094023
3.9305,-2.49225374581194
3.931,-0.966311059189245
3.9315,1.90082337336539
3.932,2.14736662118941
3.9325,-0.56789668333581
3.933,-2.49291119739608
3.9335,-0.964996159902728
3.934,1.902138270619
3.9345,2.14703789683979
3.935,-0.56855413263343
3.9355,-2.49323992318854
3.936,-0.964009985439483
3.9365,1.90246699493251
3.937,2.14605172379126
3.9375,-0.570197755879744
3.938,-2.49291119739608
3.9385,-0.962695086157347
3.939,1.90378189218692
3.9395,2.14572299944186
3.94,-0.571512654479125
3.9405,-2.49291119739608
3.941,-0.961380186877713
3.9415,1.90411061650063
3.942,2.14440810204484
3.9425,-0.573156277731266
3.943,-2.49291119739608
3.9435,-0.960394012419629
3.944,1.90476806512816
3.9445,2.14440810204484
3.945,-0.574142451684106
3.9455,-2.49356864898126
3.946,-0.95907911314437
3.9465,1.9060829623837
3.947,2.14407937769572
3.9475,-0.575128625638114
3.948,-2.49323992318854
3.9485,-0.957764213871608
3.949,1.90674041101172
3.9495,2.14309320464872
3.95,-0.576443524245275
3.9505,-2.49389737477424
3.951,-0.956778039418676
3.9515,1.90772658395404
3.952,2.14210703160223
3.9525,-0.577758422854514
3.953,-2.49323992318854
3.9535,-0.955134415333574
3.954,1.90871275689673
3.9545,2.14177830725351
3.955,-0.578415872159914
3.9555,-2.49389737477424
3.956,-0.954476965700624
3.9565,1.90969892983978
3.957,2.14144958290485
3.9575,-0.580059495425688
3.958,-2.49356864898126
3.9585,-0.953162066436594
3.959,1.91035637846869
3.9595,2.1407921342077
3.96,-0.581374394040649
3.9605,-2.49389737477424
3.961,-0.951847167175055
3.9615,1.91134255141235
3.962,2.14013468551077
3.9625,-0.582360568003237
3.963,-2.49389737477424
3.9635,-0.950860992730536
3.964,1.91200000004166
3.9645,2.13980596116239
3.965,-0.583346741966998
3.9655,-2.49389737477424
3.966,-0.949217368659447
3.9665,1.91298617298593
3.967,2.13881978811759
3.9675,-0.584661640587171
3.968,-2.49422610056749
3.9685,-0.9485599190321
3.969,1.91364362161565
3.9695,2.13750489072532
3.97,-0.585976539209431
3.9705,-2.49455482636099
3.971,-0.94724501977927
3.9715,1.91462979456054
3.972,2.13717616637739
3.9725,-0.587291437833779
3.973,-2.49422610056749
3.9735,-0.945930120528925
3.974,1.91528724319067
3.9745,2.1365187176817
3.975,-0.588277611803412
3.9755,-2.49422610056749
3.976,-0.944615221281063
3.9765,1.91660214045142
3.977,2.13586126898623
3.9775,-0.589921235088748
3.978,-2.49488355215476
3.9785,-0.943629046846796
3.979,1.91725958908204
3.9795,2.13553254463859
3.98,-0.590907409061519
3.9805,-2.49422610056749
3.981,-0.942314147603277
3.9815,1.91791703771282
3.982,2.13487509594346
3.9825,-0.592222307693712
3.983,-2.49422610056749
3.9835,-0.941327973172265
3.984,1.91890321065931
3.9845,2.13388892290119
3.985,-0.593537206328001
3.9855,-2.49488355215476
3.986,-0.940013073933085
3.9865,1.91988938360617
3.987,2.13356019855388
3.9875,-0.594852104964387
3.988,-2.49488355215476
3.9885,-0.939355624314423
3.989,1.92021810792187
3.9895,2.13257402551228
3.99,-0.595838278943053
3.9905,-2.49455482636099
3.991,-0.937054550653982
3.9915,1.92153300518509
3.992,2.13191657681816
3.9925,-0.597481902243455
3.993,-2.49488355215476
3.9935,-0.936397101038105
3.994,1.92251917813294
3.9945,2.13158785247118
3.995,-0.598139351564535
3.9955,-2.49488355215476
3.996,-0.935410926615449
3.9965,1.92284790244897
3.997,2.13060167943059
3.9975,-0.599782974869533
3.998,-2.49521227794879
3.9985,-0.934096027387403
3.999,1.92350535108116
3.9995,2.12994423073713
