Time_s,Voltage_V
0,2.48759635771783
0.0005,-2.47976216591169
0.001,2.48759635771783
0.0015,-2.47976216591169
0.002,2.48759635771783
0.0025,-2.47910471434842
0.003,2.48759635771783
0.0035,-2.48009089169371
0.004,2.48792508213848
0.0045,-2.47943344012992
0.005,2.48792508213848
0.0055,-2.47976216591169
0.006,2.48858253098002
0.0065,-2.47943344012992
0.007,2.48726763329726
0.0075,-2.47943344012992
0.008,2.48792508213848
0.0085,-2.47943344012992
0.009,2.48825380655921
0.0095,-2.47943344012992
0.01,2.48726763329726
0.0105,-2.47943344012992
0.011,2.48792508213848
0.0115,-2.47910471434842
0.012,2.48759635771783
0.0125,-2.47910471434842
0.013,2.48759635771783
0.0135,-2.47943344012992
0.014,2.48759635771783
0.0145,-2.47943344012992
0.015,2.48759635771783
0.0155,-2.47943344012992
0.016,2.48726763329726
0.0165,-2.47910471434842
0.017,2.48792508213848
0.0175,-2.47943344012992
0.018,2.48759635771783
0.0185,-2.47943344012992
0.019,2.48792508213848
0.0195,-2.47976216591169
0.02,2.48726763329726
0.0205,-2.47910471434842
0.021,2.48759635771783
0.0215,-2.47910471434842
0.022,2.48726763329726
0.0225,-2.47877598856717
0.023,2.48792508213848
0.0235,-2.47910471434842
0.024,2.48759635771783
0.0245,-2.47910471434842
0.025,2.48726763329726
0.0255,-2.47910471434842
0.026,2.48693890887677
0.0265,-2.47877598856717
0.027,2.48759635771783
0.0275,-2.47910471434842
0.028,2.48726763329726
0.0285,-2.47877598856717
0.029,2.48759635771783
0.0295,-2.47877598856717
0.03,2.48759635771783
0.0305,-2.47943344012992
0.031,2.48759635771783
0.0315,-2.47877598856717
0.032,2.48726763329726
0.0325,-2.47877598856717
0.033,2.48693890887677
0.0335,-2.47877598856717
0.034,2.48726763329726
0.0345,-2.47844726278619
0.035,2.48726763329726
0.0355,-2.47844726278619
0.036,2.48726763329726
0.0365,-2.47811853700546
0.037,2.48693890887677
0.0375,-2.477789811225
0.038,2.48726763329726
0.0385,-2.47877598856717
0.039,2.48759635771783
0.0395,-2.47811853700546
0.04,2.48726763329726
0.0405,-2.47811853700546
0.041,2.48726763329726
0.0415,-2.47811853700546
0.042,2.48726763329726
0.0425,-2.47811853700546
0.043,2.48693890887677
0.0435,-2.47844726278619
0.044,2.48693890887677
0.0445,-2.47844726278619
0.045,2.48726763329726
0.0455,-2.47811853700546
0.046,2.48693890887677
0.0465,-2.47844726278619
0.047,2.48726763329726
0.0475,-2.47811853700546
0.048,2.48628146003603
0.0485,-2.47811853700546
0.049,2.48693890887677
0.0495,-2.47844726278619
0.05,2.48726763329726
0.0505,-2.47811853700546
0.051,2.48726763329726
0.0515,-2.47811853700546
0.052,2.48661018445636
0.0525,-2.47811853700546
0.053,2.48661018445636
0.0535,-2.47811853700546
0.054,2.48661018445636
0.0545,-2.47844726278619
0.055,2.48693890887677
0.0555,-2.477789811225
0.056,2.48661018445636
0.0565,-2.47811853700546
0.057,2.48661018445636
0.0575,-2.47746108544479
0.058,2.48628146003603
0.0585,-2.47844726278619
0.059,2.48661018445636
0.0595,-2.47844726278619
0.06,2.48661018445636
0.0605,-2.477789811225
0.061,2.48628146003603
0.0615,-2.477789811225
0.062,2.48595273561579
0.0625,-2.477789811225
0.063,2.48661018445636
0.0635,-2.477789811225
0.064,2.48693890887677
0.0645,-2.477789811225
0.065,2.48661018445636
0.0655,-2.477789811225
0.066,2.48562401119562
0.0665,-2.477789811225
0.067,2.48628146003603
0.0675,-2.47746108544479
0.068,2.48595273561579
0.0685,-2.47811853700546
0.069,2.48595273561579
0.0695,-2.47746108544479
0.07,2.48595273561579
0.0705,-2.47746108544479
0.071,2.48595273561579
0.0715,-2.47746108544479
0.072,2.48562401119562
0.0725,-2.477789811225
0.073,2.48562401119562
0.0735,-2.477789811225
0.074,2.48595273561579
0.0745,-2.477789811225
0.075,2.48562401119562
0.0755,-2.477789811225
0.076,2.48595273561579
0.0765,-2.47746108544479
0.077,2.48595273561579
0.0775,-2.47746108544479
0.078,2.48562401119562
0.0785,-2.477789811225
0.079,2.48595273561579
0.0795,-2.47746108544479
0.08,2.48595273561579
0.0805,-2.477789811225
0.081,2.48562401119562
0.0815,-2.47713235966485
0.082,2.48562401119562
0.0825,-2.477789811225
0.083,2.48628146003603
0.0835,-2.47746108544479
0.084,2.48529528677553
0.0845,-2.47713235966485
0.085,2.48529528677553
0.0855,-2.47746108544479
0.086,2.48562401119562
0.0865,-2.47713235966485
0.087,2.48529528677553
0.0875,-2.47713235966485
0.088,2.48529528677553
0.0885,-2.47746108544479
0.089,2.48529528677553
0.0895,-2.47713235966485
0.09,2.48529528677553
0.0905,-2.47713235966485
0.091,2.48529528677553
0.0915,-2.47647490810574
0.092,2.48562401119562
0.0925,-2.47680363388517
0.093,2.48496656235552
0.0935,-2.47713235966485
0.094,2.48529528677553
0.0945,-2.47713235966485
0.095,2.48562401119562
0.0955,-2.47647490810574
0.096,2.48529528677553
0.0965,-2.47713235966485
0.097,2.48496656235552
0.0975,-2.47680363388517
0.098,2.48496656235552
0.0985,-2.47680363388517
0.099,2.48529528677553
0.0995,-2.47680363388517
0.1,2.48562401119562
0.1005,-2.47680363388517
0.101,2.48496656235552
0.1015,-2.47680363388517
0.102,2.48496656235552
0.1025,-2.47680363388517
0.103,2.48496656235552
0.1035,-2.47680363388517
0.104,2.48496656235552
0.1045,-2.47680363388517
0.105,2.48529528677553
0.1055,-2.47713235966485
0.106,2.48463783793559
0.1065,-2.47647490810574
0.107,2.48496656235552
0.1075,-2.47647490810574
0.108,2.48430911351574
0.1085,-2.47680363388517
0.109,2.48463783793559
0.1095,-2.47647490810574
0.11,2.48463783793559
0.1105,-2.47647490810574
0.111,2.48430911351574
0.1115,-2.47581745654768
0.112,2.48430911351574
0.1125,-2.47647490810574
0.113,2.48463783793559
0.1135,-2.47647490810574
0.114,2.48430911351574
0.1145,-2.47680363388517
0.115,2.48463783793559
0.1155,-2.47680363388517
0.116,2.48430911351574
0.1165,-2.47647490810574
0.117,2.48463783793559
0.1175,-2.47647490810574
0.118,2.48430911351574
0.1185,-2.47647490810574
0.119,2.48463783793559
0.1195,-2.47614618232658
0.12,2.48430911351574
0.1205,-2.47647490810574
0.121,2.48430911351574
0.1215,-2.47647490810574
0.122,2.48430911351574
0.1225,-2.47647490810574
0.123,2.48463783793559
0.1235,-2.47614618232658
0.124,2.48430911351574
0.1245,-2.47647490810574
0.125,2.48463783793559
0.1255,-2.47647490810574
0.126,2.48430911351574
0.1265,-2.47614618232658
0.127,2.48398038909597
0.1275,-2.47647490810574
0.128,2.48430911351574
0.1285,-2.47581745654768
0.129,2.48463783793559
0.1295,-2.47614618232658
0.13,2.48430911351574
0.1305,-2.47614618232658
0.131,2.48365166467629
0.1315,-2.47516000499065
0.132,2.48430911351574
0.1325,-2.47548873076903
0.133,2.48430911351574
0.1335,-2.47614618232658
0.134,2.48430911351574
0.1345,-2.47581745654768
0.135,2.48430911351574
0.1355,-2.47581745654768
0.136,2.48463783793559
0.1365,-2.47548873076903
0.137,2.48398038909597
0.1375,-2.47548873076903
0.138,2.48398038909597
0.1385,-2.47548873076903
0.139,2.48365166467629
0.1395,-2.47581745654768
0.14,2.48398038909597
0.1405,-2.47581745654768
0.141,2.48430911351574
0.1415,-2.47548873076903
0.142,2.48398038909597
0.1425,-2.47516000499065
0.143,2.48430911351574
0.1435,-2.47548873076903
0.144,2.48430911351574
0.1445,-2.47548873076903
0.145,2.48398038909597
0.1455,-2.47548873076903
0.146,2.48365166467629
0.1465,-2.47516000499065
0.147,2.48365166467629
0.1475,-2.47516000499065
0.148,2.48365166467629
0.1485,-2.47516000499065
0.149,2.48398038909597
0.1495,-2.47548873076903
0.15,2.48398038909597
0.1505,-2.47516000499065
0.151,2.48365166467629
0.1515,-2.47516000499065
0.152,2.48332294025668
0.1525,-2.47516000499065
0.153,2.48332294025668
0.1535,-2.47516000499065
0.154,2.48365166467629
0.1545,-2.47483127921253
0.155,2.48365166467629
0.1555,-2.47548873076903
0.156,2.48365166467629
0.1565,-2.47483127921253
0.157,2.48332294025668
0.1575,-2.47483127921253
0.158,2.48365166467629
0.1585,-2.47516000499065
0.159,2.48365166467629
0.1595,-2.47516000499065
0.16,2.48365166467629
0.1605,-2.47516000499065
0.161,2.48365166467629
0.1615,-2.47450255343467
0.162,2.48332294025668
0.1625,-2.47450255343467
0.163,2.48332294025668
0.1635,-2.47450255343467
0.164,2.48332294025668
0.1645,-2.47516000499065
0.165,2.48332294025668
0.1655,-2.47483127921253
0.166,2.48332294025668
0.1665,-2.47483127921253
0.167,2.48299421583715
0.1675,-2.47450255343467
0.168,2.48299421583715
0.1685,-2.47450255343467
0.169,2.48332294025668
0.1695,-2.47417382765706
0.17,2.48332294025668
0.1705,-2.47483127921253
0.171,2.48299421583715
0.1715,-2.47450255343467
0.172,2.48299421583715
0.1725,-2.47483127921253
0.173,2.48299421583715
0.1735,-2.47483127921253
0.174,2.48299421583715
0.1745,-2.47483127921253
0.175,2.48299421583715
0.1755,-2.47450255343467
0.176,2.4826654914177
0.1765,-2.47417382765706
0.177,2.48299421583715
0.1775,-2.47417382765706
0.178,2.4826654914177
0.1785,-2.47417382765706
0.179,2.4826654914177
0.1795,-2.47417382765706
0.18,2.48332294025668
0.1805,-2.47417382765706
0.181,2.48233676699833
0.1815,-2.47450255343467
0.182,2.48299421583715
0.1825,-2.47417382765706
0.183,2.48299421583715
0.1835,-2.47417382765706
0.184,2.48299421583715
0.1845,-2.47417382765706
0.185,2.4826654914177
0.1855,-2.47384510187972
0.186,2.48233676699833
0.1865,-2.47450255343467
0.187,2.48233676699833
0.1875,-2.47417382765706
0.188,2.48299421583715
0.1885,-2.47417382765706
0.189,2.48299421583715
0.1895,-2.47450255343467
0.19,2.4826654914177
0.1905,-2.47417382765706
0.191,2.48233676699833
0.1915,-2.47417382765706
0.192,2.48233676699833
0.1925,-2.47351637610264
0.193,2.4826654914177
0.1935,-2.47384510187972
0.194,2.48233676699833
0.1945,-2.47384510187972
0.195,2.4826654914177
0.1955,-2.47351637610264
0.196,2.48200804257904
0.1965,-2.47351637610264
0.197,2.48233676699833
0.1975,-2.47351637610264
0.198,2.48233676699833
0.1985,-2.47417382765706
0.199,2.48233676699833
0.1995,-2.47384510187972
0.2,2.48233676699833
0.2005,-2.47384510187972
0.201,2.48233676699833
0.2015,-2.47351637610264
0.202,2.48200804257904
0.2025,-2.47351637610264
0.203,2.48200804257904
0.2035,-2.47351637610264
0.204,2.48200804257904
0.2045,-2.47318765032582
0.205,2.48233676699833
0.2055,-2.47384510187972
0.206,2.48167931815983
0.2065,-2.47351637610264
0.207,2.48167931815983
0.2075,-2.47318765032582
0.208,2.48167931815983
0.2085,-2.47285892454925
0.209,2.48200804257904
0.2095,-2.47351637610264
0.21,2.48200804257904
0.2105,-2.47384510187972
0.211,2.48167931815983
0.2115,-2.47318765032582
0.212,2.4813505937407
0.2125,-2.47285892454925
0.213,2.48167931815983
0.2135,-2.47318765032582
0.214,2.48167931815983
0.2145,-2.47318765032582
0.215,2.48200804257904
0.2155,-2.47318765032582
0.216,2.4813505937407
0.2165,-2.47318765032582
0.217,2.4813505937407
0.2175,-2.47285892454925
0.218,2.4813505937407
0.2185,-2.47351637610264
0.219,2.48102186932165
0.2195,-2.47351637610264
0.22,2.48167931815983
0.2205,-2.47285892454925
0.221,2.4813505937407
0.2215,-2.47318765032582
0.222,2.4813505937407
0.2225,-2.47285892454925
0.223,2.4813505937407
0.2235,-2.47318765032582
0.224,2.4813505937407
0.2245,-2.47318765032582
0.225,2.4813505937407
0.2255,-2.47285892454925
0.226,2.48102186932165
0.2265,-2.47253019877295
0.227,2.48069314490268
0.2275,-2.47253019877295
0.228,2.48102186932165
0.2285,-2.47285892454925
0.229,2.4813505937407
0.2295,-2.47318765032582
0.23,2.48102186932165
0.2305,-2.47285892454925
0.231,2.4813505937407
0.2315,-2.47318765032582
0.232,2.48069314490268
0.2325,-2.47253019877295
0.233,2.48069314490268
0.2335,-2.47285892454925
0.234,2.4813505937407
0.2345,-2.47220147299691
0.235,2.48102186932165
0.2355,-2.47253019877295
0.236,2.48069314490268
0.2365,-2.47220147299691
0.237,2.48069314490268
0.2375,-2.47253019877295
0.238,2.48102186932165
0.2385,-2.47253019877295
0.239,2.48069314490268
0.2395,-2.47253019877295
0.24,2.48102186932165
0.2405,-2.47253019877295
0.241,2.48036442048379
0.2415,-2.47253019877295
0.242,2.48036442048379
0.2425,-2.47253019877295
0.243,2.48069314490268
0.2435,-2.47253019877295
0.244,2.48036442048379
0.2445,-2.47253019877295
0.245,2.48069314490268
0.2455,-2.47220147299691
0.246,2.48036442048379
0.2465,-2.47285892454925
0.247,2.48069314490268
0.2475,-2.47220147299691
0.248,2.48036442048379
0.2485,-2.47285892454925
0.249,2.48069314490268
0.2495,-2.47220147299691
0.25,2.48036442048379
0.2505,-2.47187274722113
0.251,2.48036442048379
0.2515,-2.47187274722113
0.252,2.48069314490268
0.2525,-2.47187274722113
0.253,2.48069314490268
0.2535,-2.47220147299691
0.254,2.48069314490268
0.2545,-2.47220147299691
0.255,2.48069314490268
0.2555,-2.47187274722113
0.256,2.47970697164625
0.2565,-2.47187274722113
0.257,2.48003569606498
0.2575,-2.47187274722113
0.258,2.48036442048379
0.2585,-2.47318765032582
0.259,2.48036442048379
0.2595,-2.47253019877295
0.26,2.48069314490268
0.2605,-2.47220147299691
0.261,2.48003569606498
0.2615,-2.47187274722113
0.262,2.48036442048379
0.2625,-2.47121529567034
0.263,2.48003569606498
0.2635,-2.47187274722113
0.264,2.48036442048379
0.2645,-2.47187274722113
0.265,2.47970697164625
0.2655,-2.47187274722113
0.266,2.48003569606498
0.2665,-2.4715440214456
0.267,2.4793782472276
0.2675,-2.4715440214456
0.268,2.47970697164625
0.2685,-2.47187274722113
0.269,2.47970697164625
0.2695,-2.4715440214456
0.27,2.47970697164625
0.2705,-2.4715440214456
0.271,2.48003569606498
0.2715,-2.47187274722113
0.272,2.47970697164625
0.2725,-2.47187274722113
0.273,2.48003569606498
0.2735,-2.47187274722113
0.274,2.47970697164625
0.2745,-2.47187274722113
0.275,2.48003569606498
0.2755,-2.47187274722113
0.276,2.48003569606498
0.2765,-2.47121529567034
0.277,2.4793782472276
0.2775,-2.47121529567034
0.278,2.4793782472276
0.2785,-2.47121529567034
0.279,2.4793782472276
0.2795,-2.47187274722113
0.28,2.4793782472276
0.2805,-2.4715440214456
0.281,2.4793782472276
0.2815,-2.47121529567034
0.282,2.47970697164625
0.2825,-2.47121529567034
0.283,2.4793782472276
0.2835,-2.4715440214456
0.284,2.4793782472276
0.2845,-2.4715440214456
0.285,2.4793782472276
0.2855,-2.4715440214456
0.286,2.4793782472276
0.2865,-2.47088656989534
0.287,2.4793782472276
0.2875,-2.47121529567034
0.288,2.4793782472276
0.2885,-2.47121529567034
0.289,2.47904952280903
0.2895,-2.47121529567034
0.29,2.4793782472276
0.2905,-2.47088656989534
0.291,2.47872079839054
0.2915,-2.47088656989534
0.292,2.47872079839054
0.2925,-2.47055784412059
0.293,2.47872079839054
0.2935,-2.47088656989534
0.294,2.47904952280903
0.2945,-2.4715440214456
0.295,2.4793782472276
0.2955,-2.47055784412059
0.296,2.47839207397213
0.2965,-2.47088656989534
0.297,2.47904952280903
0.2975,-2.47022911834611
0.298,2.47872079839054
0.2985,-2.47121529567034
0.299,2.47904952280903
0.2995,-2.47088656989534
0.3,2.47872079839054
0.3005,-2.47121529567034
0.301,2.47806334955379
0.3015,-2.47022911834611
0.302,2.47904952280903
0.3025,-2.47055784412059
0.303,2.47872079839054
0.3035,-2.47088656989534
0.304,2.47839207397213
0.3045,-2.47088656989534
0.305,2.47839207397213
0.3055,-2.47088656989534
0.306,2.47872079839054
0.3065,-2.47055784412059
0.307,2.47839207397213
0.3075,-2.46990039257188
0.308,2.47872079839054
0.3085,-2.47055784412059
0.309,2.47872079839054
0.3095,-2.47055784412059
0.31,2.47839207397213
0.3105,-2.47055784412059
0.311,2.47839207397213
0.3115,-2.47055784412059
0.312,2.47806334955379
0.3125,-2.47022911834611
0.313,2.47839207397213
0.3135,-2.47055784412059
0.314,2.47806334955379
0.3145,-2.47022911834611
0.315,2.47872079839054
0.3155,-2.46990039257188
0.316,2.47806334955379
0.3165,-2.47022911834611
0.317,2.47806334955379
0.3175,-2.47055784412059
0.318,2.47806334955379
0.3185,-2.47022911834611
0.319,2.47839207397213
0.3195,-2.46990039257188
0.32,2.47839207397213
0.3205,-2.47022911834611
0.321,2.47806334955379
0.3215,-2.46990039257188
0.322,2.47806334955379
0.3225,-2.46957166679792
0.323,2.47773462513554
0.3235,-2.46990039257188
0.324,2.47773462513554
0.3245,-2.46990039257188
0.325,2.47839207397213
0.3255,-2.46957166679792
0.326,2.47806334955379
0.3265,-2.46990039257188
0.327,2.47773462513554
0.3275,-2.46957166679792
0.328,2.47773462513554
0.3285,-2.46957166679792
0.329,2.47773462513554
0.3295,-2.46957166679792
0.33,2.47773462513554
0.3305,-2.46990039257188
0.331,2.47707717629927
0.3315,-2.46957166679792
0.332,2.47740590071737
0.3325,-2.46957166679792
0.333,2.47773462513554
0.3335,-2.46957166679792
0.334,2.47773462513554
0.3345,-2.46990039257188
0.335,2.47740590071737
0.3355,-2.46957166679792
0.336,2.47740590071737
0.3365,-2.46924294102421
0.337,2.47740590071737
0.3375,-2.46924294102421
0.338,2.47740590071737
0.3385,-2.46957166679792
0.339,2.47806334955379
0.3395,-2.46924294102421
0.34,2.47773462513554
0.3405,-2.46924294102421
0.341,2.47707717629927
0.3415,-2.46891421525077
0.342,2.47740590071737
0.3425,-2.46924294102421
0.343,2.47740590071737
0.3435,-2.46858548947758
0.344,2.47773462513554
0.3445,-2.46957166679792
0.345,2.47773462513554
0.3455,-2.46924294102421
0.346,2.47674845188126
0.3465,-2.46891421525077
0.347,2.47707717629927
0.3475,-2.46891421525077
0.348,2.47674845188126
0.3485,-2.46924294102421
0.349,2.47740590071737
0.3495,-2.46891421525077
0.35,2.47674845188126
0.3505,-2.46924294102421
0.351,2.47674845188126
0.3515,-2.46858548947758
0.352,2.47674845188126
0.3525,-2.46891421525077
0.353,2.47707717629927
0.3535,-2.46891421525077
0.354,2.47740590071737
0.3545,-2.46891421525077
0.355,2.47707717629927
0.3555,-2.46858548947758
0.356,2.47674845188126
0.3565,-2.46858548947758
0.357,2.47707717629927
0.3575,-2.46891421525077
0.358,2.47707717629927
0.3585,-2.46891421525077
0.359,2.47707717629927
0.3595,-2.46858548947758
0.36,2.47707717629927
0.3605,-2.46858548947758
0.361,2.47674845188126
0.3615,-2.46792803793199
0.362,2.47707717629927
0.3625,-2.46891421525077
0.363,2.47674845188126
0.3635,-2.46858548947758
0.364,2.47641972746333
0.3645,-2.46891421525077
0.365,2.47707717629927
0.3655,-2.46825676370466
0.366,2.47674845188126
0.3665,-2.46825676370466
0.367,2.47674845188126
0.3675,-2.46858548947758
0.368,2.47674845188126
0.3685,-2.46858548947758
0.369,2.47609100304547
0.3695,-2.46792803793199
0.37,2.47641972746333
0.3705,-2.46825676370466
0.371,2.47641972746333
0.3715,-2.46792803793199
0.372,2.47641972746333
0.3725,-2.46792803793199
0.373,2.47641972746333
0.3735,-2.46858548947758
0.374,2.47641972746333
0.3745,-2.46825676370466
0.375,2.47674845188126
0.3755,-2.46825676370466
0.376,2.47674845188126
0.3765,-2.46825676370466
0.377,2.47609100304547
0.3775,-2.46759931215959
0.378,2.47576227862769
0.3785,-2.46858548947758
0.379,2.47641972746333
0.3795,-2.46759931215959
0.38,2.47641972746333
0.3805,-2.46792803793199
0.381,2.47609100304547
0.3815,-2.46759931215959
0.382,2.47641972746333
0.3825,-2.46727058638744
0.383,2.47609100304547
0.3835,-2.46792803793199
0.384,2.47641972746333
0.3845,-2.46792803793199
0.385,2.47609100304547
0.3855,-2.46759931215959
0.386,2.47609100304547
0.3865,-2.46759931215959
0.387,2.47543355421
0.3875,-2.46759931215959
0.388,2.47609100304547
0.3885,-2.46759931215959
0.389,2.47609100304547
0.3895,-2.46759931215959
0.39,2.47641972746333
0.3905,-2.46727058638744
0.391,2.47576227862769
0.3915,-2.46694186061555
0.392,2.47641972746333
0.3925,-2.46727058638744
0.393,2.47641972746333
0.3935,-2.46727058638744
0.394,2.47674845188126
0.3945,-2.46727058638744
0.395,2.47576227862769
0.3955,-2.46694186061555
0.396,2.47576227862769
0.3965,-2.46694186061555
0.397,2.47576227862769
0.3975,-2.46694186061555
0.398,2.47543355421
0.3985,-2.46694186061555
0.399,2.47543355421
0.3995,-2.46759931215959
0.4,2.47543355421
0.4005,-2.46694186061555
0.401,2.47576227862769
0.4015,-2.46694186061555
0.402,2.47576227862769
0.4025,-2.46661313484392
0.403,2.47543355421
0.4035,-2.46661313484392
0.404,2.47543355421
0.4045,-2.46727058638744
0.405,2.47576227862769
0.4055,-2.46694186061555
0.406,2.47510482979238
0.4065,-2.46694186061555
0.407,2.47510482979238
0.4075,-2.46694186061555
0.408,2.47510482979238
0.4085,-2.46727058638744
0.409,2.47576227862769
0.4095,-2.46661313484392
0.41,2.47543355421
0.4105,-2.46694186061555
0.411,2.47543355421
0.4115,-2.46661313484392
0.412,2.47543355421
0.4125,-2.46694186061555
0.413,2.47543355421
0.4135,-2.46661313484392
0.414,2.47576227862769
0.4145,-2.46661313484392
0.415,2.47543355421
0.4155,-2.46661313484392
0.416,2.47543355421
0.4165,-2.46628440907255
0.417,2.47510482979238
0.4175,-2.46661313484392
0.418,2.47543355421
0.4185,-2.46628440907255
0.419,2.47510482979238
0.4195,-2.46661313484392
0.42,2.47576227862769
0.4205,-2.46628440907255
0.421,2.47543355421
0.4215,-2.46595568330145
0.422,2.47477610537484
0.4225,-2.46628440907255
0.423,2.47510482979238
0.4235,-2.46628440907255
0.424,2.47543355421
0.4245,-2.46628440907255
0.425,2.47510482979238
0.4255,-2.46595568330145
0.426,2.47543355421
0.4265,-2.46628440907255
0.427,2.47477610537484
0.4275,-2.46595568330145
0.428,2.47510482979238
0.4285,-2.46628440907255
0.429,2.47510482979238
0.4295,-2.4656269575306
0.43,2.47444738095738
0.4305,-2.4656269575306
0.431,2.47510482979238
0.4315,-2.46595568330145
0.432,2.47444738095738
0.4325,-2.4656269575306
0.433,2.47444738095738
0.4335,-2.46595568330145
0.434,2.47444738095738
0.4345,-2.46595568330145
0.435,2.47444738095738
0.4355,-2.4656269575306
0.436,2.47411865654001
0.4365,-2.46595568330145
0.437,2.47411865654001
0.4375,-2.46595568330145
0.438,2.47444738095738
0.4385,-2.4656269575306
0.439,2.47411865654001
0.4395,-2.46595568330145
0.44,2.47477610537484
0.4405,-2.46595568330145
0.441,2.47411865654001
0.4415,-2.4656269575306
0.442,2.47378993212271
0.4425,-2.4656269575306
0.443,2.47411865654001
0.4435,-2.46628440907255
0.444,2.47411865654001
0.4445,-2.46595568330145
0.445,2.47444738095738
0.4455,-2.4656269575306
0.446,2.47411865654001
0.4465,-2.4656269575306
0.447,2.47378993212271
0.4475,-2.4656269575306
0.448,2.47411865654001
0.4485,-2.46529823176001
0.449,2.47411865654001
0.4495,-2.4656269575306
0.45,2.47346120770548
0.4505,-2.4656269575306
0.451,2.47346120770548
0.4515,-2.46496950598968
0.452,2.47313248328834
0.4525,-2.46529823176001
0.453,2.47346120770548
0.4535,-2.46529823176001
0.454,2.47378993212271
0.4545,-2.46529823176001
0.455,2.47378993212271
0.4555,-2.4656269575306
0.456,2.47346120770548
0.4565,-2.46529823176001
0.457,2.47313248328834
0.4575,-2.46529823176001
0.458,2.47411865654001
0.4585,-2.46595568330145
0.459,2.47346120770548
0.4595,-2.46529823176001
0.46,2.47346120770548
0.4605,-2.46529823176001
0.461,2.47378993212271
0.4615,-2.4646407802196
0.462,2.47313248328834
0.4625,-2.46496950598968
0.463,2.47313248328834
0.4635,-2.46496950598968
0.464,2.47313248328834
0.4645,-2.4646407802196
0.465,2.47346120770548
0.4655,-2.4646407802196
0.466,2.47313248328834
0.4665,-2.4646407802196
0.467,2.47346120770548
0.4675,-2.46496950598968
0.468,2.47280375887128
0.4685,-2.46496950598968
0.469,2.47280375887128
0.4695,-2.4646407802196
0.47,2.47313248328834
0.4705,-2.4646407802196
0.471,2.4724750344543
0.4715,-2.46431205444979
0.472,2.47313248328834
0.4725,-2.4646407802196
0.473,2.47280375887128
0.4735,-2.46496950598968
0.474,2.47313248328834
0.4745,-2.4646407802196
0.475,2.47280375887128
0.4755,-2.46431205444979
0.476,2.47280375887128
0.4765,-2.4646407802196
0.477,2.4724750344543
0.4775,-2.46431205444979
0.478,2.47280375887128
0.4785,-2.4646407802196
0.479,2.4721463100374
0.4795,-2.4646407802196
0.48,2.47280375887128
0.4805,-2.46398332868024
0.481,2.4724750344543
0.4815,-2.46398332868024
0.482,2.4724750344543
0.4825,-2.46431205444979
0.483,2.47280375887128
0.4835,-2.4646407802196
0.484,2.47280375887128
0.4845,-2.4646407802196
0.485,2.4724750344543
0.4855,-2.46431205444979
0.486,2.4721463100374
0.4865,-2.46365460291095
0.487,2.4721463100374
0.4875,-2.46398332868024
0.488,2.4724750344543
0.4885,-2.46365460291095
0.489,2.4724750344543
0.4895,-2.46365460291095
0.49,2.47280375887128
0.4905,-2.46332587714191
0.491,2.47148886120383
0.4915,-2.46398332868024
0.492,2.47181758562057
0.4925,-2.46398332868024
0.493,2.47181758562057
0.4935,-2.46365460291095
0.494,2.47181758562057
0.4945,-2.46365460291095
0.495,2.47280375887128
0.4955,-2.46365460291095
0.496,2.47181758562057
0.4965,-2.46365460291095
0.497,2.4721463100374
0.4975,-2.46365460291095
0.498,2.4721463100374
0.4985,-2.46398332868024
0.499,2.4721463100374
0.4995,-2.46365460291095
0.5,2.4721463100374
0.5005,-2.46365460291095
0.501,2.47181758562057
0.5015,-2.46365460291095
0.502,2.47181758562057
0.5025,-2.46299715137314
0.503,2.47181758562057
0.5035,-2.46365460291095
0.504,2.4721463100374
0.5045,-2.46332587714191
0.505,2.4724750344543
0.5055,-2.46365460291095
0.506,2.47148886120383
0.5065,-2.46365460291095
0.507,2.47181758562057
0.5075,-2.46332587714191
0.508,2.47181758562057
0.5085,-2.46332587714191
0.509,2.47181758562057
0.5095,-2.46365460291095
0.51,2.47181758562057
0.5105,-2.46299715137314
0.511,2.4721463100374
0.5115,-2.46266842560462
0.512,2.47148886120383
0.5125,-2.46299715137314
0.513,2.4721463100374
0.5135,-2.46332587714191
0.514,2.47148886120383
0.5145,-2.46266842560462
0.515,2.47181758562057
0.5155,-2.46299715137314
0.516,2.47148886120383
0.5165,-2.46266842560462
0.517,2.47181758562057
0.5175,-2.46266842560462
0.518,2.47116013678716
0.5185,-2.46332587714191
0.519,2.47148886120383
0.5195,-2.46299715137314
0.52,2.47148886120383
0.5205,-2.46266842560462
0.521,2.47116013678716
0.5215,-2.46233969983636
0.522,2.47148886120383
0.5225,-2.46201097406837
0.523,2.47083141237057
0.5235,-2.46266842560462
0.524,2.47116013678716
0.5245,-2.46233969983636
0.525,2.47148886120383
0.5255,-2.46266842560462
0.526,2.47116013678716
0.5265,-2.46201097406837
0.527,2.47083141237057
0.5275,-2.46233969983636
0.528,2.47116013678716
0.5285,-2.46233969983636
0.529,2.47116013678716
0.5295,-2.46233969983636
0.53,2.47116013678716
0.5305,-2.46233969983636
0.531,2.47083141237057
0.5315,-2.46233969983636
0.532,2.47116013678716
0.5325,-2.46233969983636
0.533,2.47083141237057
0.5335,-2.46233969983636
0.534,2.47116013678716
0.5345,-2.46201097406837
0.535,2.47116013678716
0.5355,-2.46233969983636
0.536,2.47083141237057
0.5365,-2.46201097406837
0.537,2.47116013678716
0.5375,-2.46233969983636
0.538,2.47116013678716
0.5385,-2.46233969983636
0.539,2.47116013678716
0.5395,-2.46233969983636
0.54,2.47116013678716
0.5405,-2.46233969983636
0.541,2.47050268795406
0.5415,-2.46201097406837
0.542,2.47050268795406
0.5425,-2.46201097406837
0.543,2.47017396353763
0.5435,-2.46233969983636
0.544,2.47083141237057
0.5445,-2.46201097406837
0.545,2.47083141237057
0.5455,-2.46168224830063
0.546,2.47050268795406
0.5465,-2.46168224830063
0.547,2.47050268795406
0.5475,-2.46168224830063
0.548,2.47017396353763
0.5485,-2.46168224830063
0.549,2.47050268795406
0.5495,-2.46135352253315
0.55,2.47083141237057
0.5505,-2.46168224830063
0.551,2.47050268795406
0.5515,-2.46135352253315
0.552,2.47017396353763
0.5525,-2.46168224830063
0.553,2.47017396353763
0.5535,-2.46168224830063
0.554,2.47017396353763
0.5545,-2.46201097406837
0.555,2.47017396353763
0.5555,-2.46168224830063
0.556,2.47017396353763
0.5565,-2.46102479676593
0.557,2.46984523912129
0.5575,-2.46135352253315
0.558,2.47050268795406
0.5585,-2.46102479676593
0.559,2.47050268795406
0.5595,-2.46168224830063
0.56,2.47017396353763
0.5605,-2.46135352253315
0.561,2.46984523912129
0.5615,-2.46102479676593
0.562,2.46984523912129
0.5625,-2.46168224830063
0.563,2.47017396353763
0.5635,-2.46102479676593
0.564,2.47017396353763
0.5645,-2.46135352253315
0.565,2.46984523912129
0.5655,-2.46102479676593
0.566,2.47017396353763
0.5665,-2.46069607099897
0.567,2.46984523912129
0.5675,-2.46102479676593
0.568,2.46951651470501
0.5685,-2.46102479676593
0.569,2.46918779028882
0.5695,-2.46135352253315
0.57,2.46984523912129
0.5705,-2.46102479676593
0.571,2.46984523912129
0.5715,-2.46102479676593
0.572,2.46918779028882
0.5725,-2.46102479676593
0.573,2.46951651470501
0.5735,-2.46069607099897
0.574,2.46951651470501
0.5745,-2.46102479676593
0.575,2.46951651470501
0.5755,-2.46069607099897
0.576,2.46951651470501
0.5765,-2.46069607099897
0.577,2.46885906587271
0.5775,-2.46036734523227
0.578,2.46918779028882
0.5785,-2.46069607099897
0.579,2.46918779028882
0.5795,-2.46102479676593
0.58,2.46918779028882
0.5805,-2.46102479676593
0.581,2.46853034145667
0.5815,-2.46069607099897
0.582,2.46885906587271
0.5825,-2.46036734523227
0.583,2.46918779028882
0.5835,-2.46069607099897
0.584,2.46918779028882
0.5845,-2.46069607099897
0.585,2.46885906587271
0.5855,-2.46069607099897
0.586,2.46885906587271
0.5865,-2.46036734523227
0.587,2.46853034145667
0.5875,-2.46003861946583
0.588,2.46885906587271
0.5885,-2.46069607099897
0.589,2.46885906587271
0.5895,-2.46069607099897
0.59,2.46853034145667
0.5905,-2.46036734523227
0.591,2.46853034145667
0.5915,-2.46036734523227
0.592,2.46820161704072
0.5925,-2.46003861946583
0.593,2.46820161704072
0.5935,-2.46036734523227
0.594,2.46853034145667
0.5945,-2.46003861946583
0.595,2.46853034145667
0.5955,-2.46036734523227
0.596,2.46820161704072
0.5965,-2.45970989369964
0.597,2.46820161704072
0.5975,-2.45970989369964
0.598,2.46820161704072
0.5985,-2.46036734523227
0.599,2.46820161704072
0.5995,-2.46036734523227
0.6,2.46853034145667
0.6005,-2.45970989369964
0.601,2.46853034145667
0.6015,-2.46003861946583
0.602,2.46820161704072
0.6025,-2.46003861946583
0.603,2.46820161704072
0.6035,-2.45970989369964
0.604,2.46820161704072
0.6045,-2.45970989369964
0.605,2.46787289262484
0.6055,-2.45970989369964
0.606,2.46754416820905
0.6065,-2.45970989369964
0.607,2.46787289262484
0.6075,-2.46003861946583
0.608,2.46787289262484
0.6085,-2.46003861946583
0.609,2.46787289262484
0.6095,-2.45970989369964
0.61,2.46787289262484
0.6105,-2.45970989369964
0.611,2.46820161704072
0.6115,-2.45938116793372
0.612,2.46820161704072
0.6125,-2.45970989369964
0.613,2.46754416820905
0.6135,-2.45938116793372
0.614,2.46820161704072
0.6145,-2.45938116793372
0.615,2.46787289262484
0.6155,-2.45938116793372
0.616,2.46721544379333
0.6165,-2.45938116793372
0.617,2.46787289262484
0.6175,-2.45938116793372
0.618,2.46754416820905
0.6185,-2.45905244216805
0.619,2.46754416820905
0.6195,-2.45938116793372
0.62,2.46754416820905
0.6205,-2.45905244216805
0.621,2.46721544379333
0.6215,-2.45872371640265
0.622,2.46787289262484
0.6225,-2.45872371640265
0.623,2.46721544379333
0.6235,-2.45905244216805
0.624,2.46754416820905
0.6245,-2.45905244216805
0.625,2.46754416820905
0.6255,-2.45905244216805
0.626,2.46688671937769
0.6265,-2.45872371640265
0.627,2.46688671937769
0.6275,-2.4583949906375
0.628,2.46688671937769
0.6285,-2.45872371640265
0.629,2.46721544379333
0.6295,-2.45872371640265
0.63,2.46688671937769
0.6305,-2.45872371640265
0.631,2.46688671937769
0.6315,-2.45872371640265
0.632,2.46688671937769
0.6325,-2.45872371640265
0.633,2.46688671937769
0.6335,-2.4583949906375
0.634,2.46721544379333
0.6345,-2.45872371640265
0.635,2.46721544379333
0.6355,-2.4583949906375
0.636,2.46655799496213
0.6365,-2.45806626487261
0.637,2.46655799496213
0.6375,-2.4583949906375
0.638,2.46688671937769
0.6385,-2.45872371640265
0.639,2.46688671937769
0.6395,-2.45905244216805
0.64,2.46622927054664
0.6405,-2.45872371640265
0.641,2.46655799496213
0.6415,-2.4583949906375
0.642,2.46590054613124
0.6425,-2.4583949906375
0.643,2.46655799496213
0.6435,-2.45872371640265
0.644,2.46622927054664
0.6445,-2.4583949906375
0.645,2.46688671937769
0.6455,-2.4583949906375
0.646,2.46655799496213
0.6465,-2.45806626487261
0.647,2.46590054613124
0.6475,-2.45872371640265
0.648,2.46622927054664
0.6485,-2.45872371640265
0.649,2.46622927054664
0.6495,-2.45806626487261
0.65,2.46622927054664
0.6505,-2.4583949906375
0.651,2.46590054613124
0.6515,-2.45773753910798
0.652,2.46622927054664
0.6525,-2.45773753910798
0.653,2.46622927054664
0.6535,-2.45806626487261
0.654,2.46622927054664
0.6545,-2.45806626487261
0.655,2.46622927054664
0.6555,-2.45773753910798
0.656,2.46557182171592
0.6565,-2.45773753910798
0.657,2.46590054613124
0.6575,-2.45740881334361
0.658,2.46590054613124
0.6585,-2.45773753910798
0.659,2.46622927054664
0.6595,-2.45773753910798
0.66,2.46622927054664
0.6605,-2.45740881334361
0.661,2.46557182171592
0.6615,-2.45773753910798
0.662,2.46557182171592
0.6625,-2.45773753910798
0.663,2.46590054613124
0.6635,-2.45773753910798
0.664,2.46557182171592
0.6645,-2.45806626487261
0.665,2.46557182171592
0.6655,-2.45773753910798
0.666,2.46524309730067
0.6665,-2.45740881334361
0.667,2.4649143728855
0.6675,-2.45740881334361
0.668,2.46524309730067
0.6685,-2.45740881334361
0.669,2.46524309730067
0.6695,-2.45740881334361
0.67,2.46557182171592
0.6705,-2.45740881334361
0.671,2.46557182171592
0.6715,-2.45740881334361
0.672,2.46524309730067
0.6725,-2.4570800875795
0.673,2.4649143728855
0.6735,-2.4570800875795
0.674,2.4649143728855
0.6745,-2.4570800875795
0.675,2.4649143728855
0.6755,-2.4570800875795
0.676,2.46458564847041
0.6765,-2.45740881334361
0.677,2.46458564847041
0.6775,-2.45675136181565
0.678,2.4649143728855
0.6785,-2.4570800875795
0.679,2.4649143728855
0.6795,-2.4570800875795
0.68,2.4649143728855
0.6805,-2.45642263605205
0.681,2.46458564847041
0.6815,-2.45675136181565
0.682,2.46458564847041
0.6825,-2.45642263605205
0.683,2.46458564847041
0.6835,-2.45675136181565
0.684,2.46458564847041
0.6845,-2.45675136181565
0.685,2.4649143728855
0.6855,-2.45675136181565
0.686,2.4642569240554
0.6865,-2.45642263605205
0.687,2.46458564847041
0.6875,-2.45609391028872
0.688,2.46458564847041
0.6885,-2.45609391028872
0.689,2.46458564847041
0.6895,-2.45675136181565
0.69,2.46458564847041
0.6905,-2.45642263605205
0.691,2.46458564847041
0.6915,-2.45642263605205
0.692,2.46392819964047
0.6925,-2.45642263605205
0.693,2.46392819964047
0.6935,-2.45642263605205
0.694,2.4642569240554
0.6945,-2.45642263605205
0.695,2.4649143728855
0.6955,-2.45609391028872
0.696,2.4642569240554
0.6965,-2.45642263605205
0.697,2.46392819964047
0.6975,-2.45642263605205
0.698,2.46392819964047
0.6985,-2.45675136181565
0.699,2.4642569240554
0.6995,-2.45642263605205
0.7,2.4642569240554
0.7005,-2.45576518452564
0.701,2.46392819964047
0.7015,-2.45609391028872
0.702,2.46359947522562
0.7025,-2.45642263605205
0.703,2.4642569240554
0.7035,-2.45609391028872
0.704,2.46359947522562
0.7045,-2.45576518452564
0.705,2.46392819964047
0.7055,-2.45576518452564
0.706,2.46392819964047
0.7065,-2.45576518452564
0.707,2.46359947522562
0.7075,-2.45609391028872
0.708,2.46359947522562
0.7085,-2.45576518452564
0.709,2.46359947522562
0.7095,-2.45543645876282
0.71,2.46359947522562
0.7105,-2.45609391028872
0.711,2.46359947522562
0.7115,-2.45543645876282
0.712,2.46327075081085
0.7125,-2.45543645876282
0.713,2.46327075081085
0.7135,-2.45576518452564
0.714,2.46359947522562
0.7145,-2.45576518452564
0.715,2.46327075081085
0.7155,-2.45510773300026
0.716,2.46261330198153
0.7165,-2.45510773300026
0.717,2.46294202639615
0.7175,-2.45510773300026
0.718,2.46359947522562
0.7185,-2.45543645876282
0.719,2.46392819964047
0.7195,-2.45543645876282
0.72,2.46359947522562
0.7205,-2.45510773300026
0.721,2.46327075081085
0.7215,-2.45510773300026
0.722,2.46294202639615
0.7225,-2.45543645876282
0.723,2.46327075081085
0.7235,-2.45543645876282
0.724,2.46327075081085
0.7245,-2.45543645876282
0.725,2.46327075081085
0.7255,-2.45510773300026
0.726,2.46294202639615
0.7265,-2.45510773300026
0.727,2.46327075081085
0.7275,-2.45510773300026
0.728,2.46327075081085
0.7285,-2.45510773300026
0.729,2.46327075081085
0.7295,-2.45510773300026
0.73,2.46261330198153
0.7305,-2.45445028147592
0.731,2.46294202639615
0.7315,-2.45445028147592
0.732,2.46294202639615
0.7325,-2.45477900723796
0.733,2.46327075081085
0.7335,-2.45477900723796
0.734,2.46294202639615
0.7345,-2.45412155571414
0.735,2.46294202639615
0.7355,-2.45412155571414
0.736,2.46294202639615
0.7365,-2.45445028147592
0.737,2.46294202639615
0.7375,-2.45412155571414
0.738,2.46261330198153
0.7385,-2.45445028147592
0.739,2.46261330198153
0.7395,-2.45445028147592
0.74,2.46294202639615
0.7405,-2.45445028147592
0.741,2.462284577567
0.7415,-2.45412155571414
0.742,2.462284577567
0.7425,-2.45379282995261
0.743,2.462284577567
0.7435,-2.45412155571414
0.744,2.462284577567
0.7445,-2.45477900723796
0.745,2.46261330198153
0.7455,-2.45445028147592
0.746,2.46195585315253
0.7465,-2.45379282995261
0.747,2.462284577567
0.7475,-2.45412155571414
0.748,2.46261330198153
0.7485,-2.45445028147592
0.749,2.462284577567
0.7495,-2.45412155571414
0.75,2.46195585315253
0.7505,-2.45412155571414
0.751,2.46261330198153
0.7515,-2.45379282995261
0.752,2.46195585315253
0.7525,-2.45379282995261
0.753,2.462284577567
0.7535,-2.45379282995261
0.754,2.46261330198153
0.7545,-2.45412155571414
0.755,2.462284577567
0.7555,-2.45346410419135
0.756,2.46195585315253
0.7565,-2.45379282995261
0.757,2.46195585315253
0.7575,-2.45379282995261
0.758,2.46162712873815
0.7585,-2.45379282995261
0.759,2.46195585315253
0.7595,-2.45379282995261
0.76,2.46195585315253
0.7605,-2.45313537843034
0.761,2.46195585315253
0.7615,-2.45313537843034
0.762,2.46162712873815
0.7625,-2.45313537843034
0.763,2.46162712873815
0.7635,-2.45313537843034
0.764,2.46162712873815
0.7645,-2.45346410419135
0.765,2.46195585315253
0.7655,-2.45412155571414
0.766,2.46129840432385
0.7665,-2.4524779269091
0.767,2.46129840432385
0.7675,-2.45313537843034
0.768,2.46195585315253
0.7685,-2.45313537843034
0.769,2.46195585315253
0.7695,-2.45313537843034
0.77,2.46195585315253
0.7705,-2.45313537843034
0.771,2.46162712873815
0.7715,-2.45313537843034
0.772,2.46129840432385
0.7725,-2.4524779269091
0.773,2.46129840432385
0.7735,-2.45280665266959
0.774,2.46129840432385
0.7745,-2.45313537843034
0.775,2.46129840432385
0.7755,-2.45280665266959
0.776,2.46096967990963
0.7765,-2.4524779269091
0.777,2.46129840432385
0.7775,-2.4524779269091
0.778,2.46096967990963
0.7785,-2.45280665266959
0.779,2.46129840432385
0.7795,-2.45280665266959
0.78,2.46129840432385
0.7805,-2.4524779269091
0.781,2.46031223108141
0.7815,-2.4524779269091
0.782,2.46096967990963
0.7825,-2.4524779269091
0.783,2.46064095549548
0.7835,-2.4524779269091
0.784,2.46129840432385
0.7845,-2.45214920114887
0.785,2.46064095549548
0.7855,-2.45214920114887
0.786,2.46129840432385
0.7865,-2.45214920114887
0.787,2.46064095549548
0.7875,-2.4524779269091
0.788,2.46096967990963
0.7885,-2.45214920114887
0.789,2.46064095549548
0.7895,-2.4524779269091
0.79,2.46064095549548
0.7905,-2.4524779269091
0.791,2.46031223108141
0.7915,-2.4524779269091
0.792,2.46031223108141
0.7925,-2.45182047538889
0.793,2.46064095549548
0.7935,-2.4524779269091
0.794,2.46031223108141
0.7945,-2.45214920114887
0.795,2.46064095549548
0.7955,-2.45182047538889
0.796,2.46031223108141
0.7965,-2.45182047538889
0.797,2.46031223108141
0.7975,-2.45149174962918
0.798,2.46031223108141
0.7985,-2.45214920114887
0.799,2.46064095549548
0.7995,-2.4524779269091
0.8,2.45998350666742
0.8005,-2.45182047538889
0.801,2.45998350666742
0.8015,-2.45149174962918
0.802,2.45998350666742
0.8025,-2.45182047538889
0.803,2.46031223108141
0.8035,-2.45182047538889
0.804,2.45998350666742
0.8045,-2.45182047538889
0.805,2.46031223108141
0.8055,-2.45214920114887
0.806,2.45965478225351
0.8065,-2.45149174962918
0.807,2.45998350666742
0.8075,-2.45116302386972
0.808,2.46031223108141
0.8085,-2.45182047538889
0.809,2.45998350666742
0.8095,-2.45214920114887
0.81,2.45998350666742
0.8105,-2.45149174962918
0.811,2.45998350666742
0.8115,-2.45149174962918
0.812,2.45965478225351
0.8125,-2.45116302386972
0.813,2.45932605783968
0.8135,-2.45149174962918
0.814,2.45998350666742
0.8145,-2.45149174962918
0.815,2.45998350666742
0.8155,-2.45116302386972
0.816,2.45899733342592
0.8165,-2.45116302386972
0.817,2.45965478225351
0.8175,-2.45149174962918
0.818,2.45932605783968
0.8185,-2.45116302386972
0.819,2.45965478225351
0.8195,-2.45149174962918
0.82,2.45965478225351
0.8205,-2.45050557235159
0.821,2.45899733342592
0.8215,-2.45116302386972
0.822,2.45899733342592
0.8225,-2.45083429811053
0.823,2.45932605783968
0.8235,-2.45083429811053
0.824,2.45932605783968
0.8245,-2.45083429811053
0.825,2.45932605783968
0.8255,-2.45116302386972
0.826,2.45866860901225
0.8265,-2.45083429811053
0.827,2.45899733342592
0.8275,-2.45050557235159
0.828,2.45866860901225
0.8285,-2.45017684659291
0.829,2.45932605783968
0.8295,-2.45017684659291
0.83,2.45965478225351
0.8305,-2.45050557235159
0.831,2.45932605783968
0.8315,-2.45050557235159
0.832,2.45833988459865
0.8325,-2.44984812083448
0.833,2.45866860901225
0.8335,-2.45017684659291
0.834,2.45899733342592
0.8345,-2.45050557235159
0.835,2.45899733342592
0.8355,-2.45050557235159
0.836,2.45899733342592
0.8365,-2.44984812083448
0.837,2.45866860901225
0.8375,-2.45017684659291
0.838,2.45899733342592
0.8385,-2.45017684659291
0.839,2.45899733342592
0.8395,-2.45017684659291
0.84,2.45899733342592
0.8405,-2.44984812083448
0.841,2.45866860901225
0.8415,-2.44984812083448
0.842,2.45833988459865
0.8425,-2.44984812083448
0.843,2.45833988459865
0.8435,-2.44984812083448
0.844,2.45899733342592
0.8445,-2.44919066931841
0.845,2.45866860901225
0.8455,-2.44951939507632
0.846,2.45833988459865
0.8465,-2.44984812083448
0.847,2.45866860901225
0.8475,-2.44984812083448
0.848,2.45801116018513
0.8485,-2.44951939507632
0.849,2.45801116018513
0.8495,-2.44951939507632
0.85,2.45833988459865
0.8505,-2.44984812083448
0.851,2.45768243577169
0.8515,-2.44919066931841
0.852,2.45801116018513
0.8525,-2.44919066931841
0.853,2.45833988459865
0.8535,-2.44951939507632
0.854,2.45833988459865
0.8545,-2.44951939507632
0.855,2.45833988459865
0.8555,-2.44919066931841
0.856,2.45833988459865
0.8565,-2.44919066931841
0.857,2.45833988459865
0.8575,-2.44919066931841
0.858,2.45768243577169
0.8585,-2.44919066931841
0.859,2.45768243577169
0.8595,-2.44951939507632
0.86,2.45735371135832
0.8605,-2.44919066931841
0.861,2.45735371135832
0.8615,-2.44919066931841
0.862,2.45768243577169
0.8625,-2.44886194356076
0.863,2.45768243577169
0.8635,-2.44886194356076
0.864,2.45768243577169
0.8645,-2.44886194356076
0.865,2.45768243577169
0.8655,-2.44886194356076
0.866,2.45735371135832
0.8665,-2.44919066931841
0.867,2.45735371135832
0.8675,-2.44853321780338
0.868,2.45702498694504
0.8685,-2.44951939507632
0.869,2.45768243577169
0.8695,-2.44886194356076
0.87,2.45735371135832
0.8705,-2.44853321780338
0.871,2.45735371135832
0.8715,-2.44886194356076
0.872,2.45702498694504
0.8725,-2.44853321780338
0.873,2.45702498694504
0.8735,-2.44886194356076
0.874,2.45702498694504
0.8745,-2.44886194356076
0.875,2.45735371135832
0.8755,-2.44919066931841
0.876,2.45702498694504
0.8765,-2.44886194356076
0.877,2.45669626253183
0.8775,-2.44853321780338
0.878,2.45669626253183
0.8785,-2.44886194356076
0.879,2.45735371135832
0.8795,-2.44886194356076
0.88,2.45702498694504
0.8805,-2.44820449204624
0.881,2.45669626253183
0.8815,-2.44820449204624
0.882,2.45669626253183
0.8825,-2.44853321780338
0.883,2.45702498694504
0.8835,-2.44853321780338
0.884,2.45702498694504
0.8845,-2.44820449204624
0.885,2.45669626253183
0.8855,-2.44820449204624
0.886,2.45669626253183
0.8865,-2.44787576628937
0.887,2.4563675381187
0.8875,-2.44787576628937
0.888,2.45702498694504
0.8885,-2.44820449204624
0.889,2.45669626253183
0.8895,-2.44820449204624
0.89,2.45735371135832
0.8905,-2.44754704053276
0.891,2.4563675381187
0.8915,-2.44754704053276
0.892,2.4563675381187
0.8925,-2.44754704053276
0.893,2.45603881370565
0.8935,-2.44754704053276
0.894,2.45669626253183
0.8945,-2.44787576628937
0.895,2.4563675381187
0.8955,-2.44787576628937
0.896,2.45669626253183
0.8965,-2.44754704053276
0.897,2.4563675381187
0.8975,-2.44754704053276
0.898,2.45603881370565
0.8985,-2.44754704053276
0.899,2.45669626253183
0.8995,-2.44787576628937
0.9,2.4563675381187
0.9005,-2.4472183147764
0.901,2.4563675381187
0.9015,-2.4472183147764
0.902,2.4563675381187
0.9025,-2.4468895890203
0.903,2.45603881370565
0.9035,-2.44754704053276
0.904,2.45669626253183
0.9045,-2.4472183147764
0.905,2.45603881370565
0.9055,-2.4472183147764
0.906,2.45603881370565
0.9065,-2.4468895890203
0.907,2.45603881370565
0.9075,-2.4468895890203
0.908,2.45571008929268
0.9085,-2.4472183147764
0.909,2.45603881370565
0.9095,-2.4472183147764
0.91,2.45603881370565
0.9105,-2.4468895890203
0.911,2.45603881370565
0.9115,-2.44656086326446
0.912,2.45571008929268
0.9125,-2.44656086326446
0.913,2.45538136487978
0.9135,-2.4468895890203
0.914,2.45603881370565
0.9145,-2.44656086326446
0.915,2.45571008929268
0.9155,-2.44656086326446
0.916,2.45571008929268
0.9165,-2.44656086326446
0.917,2.45538136487978
0.9175,-2.44656086326446
0.918,2.45571008929268
0.9185,-2.44623213750888
0.919,2.45538136487978
0.9195,-2.4468895890203
0.92,2.45571008929268
0.9205,-2.44656086326446
0.921,2.45538136487978
0.9215,-2.44590341175355
0.922,2.45505264046696
0.9225,-2.44623213750888
0.923,2.45538136487978
0.9235,-2.44590341175355
0.924,2.45538136487978
0.9245,-2.44623213750888
0.925,2.45505264046696
0.9255,-2.44623213750888
0.926,2.45505264046696
0.9265,-2.44623213750888
0.927,2.45472391605422
0.9275,-2.44590341175355
0.928,2.45538136487978
0.9285,-2.44656086326446
0.929,2.45439519164156
0.9295,-2.44623213750888
0.93,2.45505264046696
0.9305,-2.44623213750888
0.931,2.45472391605422
0.9315,-2.44623213750888
0.932,2.45472391605422
0.9325,-2.44590341175355
0.933,2.45439519164156
0.9335,-2.44623213750888
0.934,2.45472391605422
0.9345,-2.4468895890203
0.935,2.45472391605422
0.9355,-2.44623213750888
0.936,2.45472391605422
0.9365,-2.44623213750888
0.937,2.45439519164156
0.9375,-2.44590341175355
0.938,2.45439519164156
0.9385,-2.44590341175355
0.939,2.45439519164156
0.9395,-2.44557468599849
0.94,2.45406646722898
0.9405,-2.44557468599849
0.941,2.45406646722898
0.9415,-2.44590341175355
0.942,2.45406646722898
0.9425,-2.44524596024368
0.943,2.45439519164156
0.9435,-2.44524596024368
0.944,2.45406646722898
0.9445,-2.44557468599849
0.945,2.45439519164156
0.9455,-2.44491723448913
0.946,2.45373774281647
0.9465,-2.44491723448913
0.947,2.45373774281647
0.9475,-2.44524596024368
0.948,2.45373774281647
0.9485,-2.44524596024368
0.949,2.45406646722898
0.9495,-2.44524596024368
0.95,2.45406646722898
0.9505,-2.44557468599849
0.951,2.45373774281647
0.9515,-2.44491723448913
0.952,2.45373774281647
0.9525,-2.44491723448913
0.953,2.45373774281647
0.9535,-2.44491723448913
0.954,2.45340901840405
0.9545,-2.44491723448913
0.955,2.45373774281647
0.9555,-2.44491723448913
0.956,2.45340901840405
0.9565,-2.44458850873484
0.957,2.45340901840405
0.9575,-2.44491723448913
0.958,2.4530802939917
0.9585,-2.44491723448913
0.959,2.45373774281647
0.9595,-2.44458850873484
0.96,2.45340901840405
0.9605,-2.44458850873484
0.961,2.4530802939917
0.9615,-2.44458850873484
0.962,2.4530802939917
0.9625,-2.44425978298081
0.963,2.45340901840405
0.9635,-2.44458850873484
0.964,2.45340901840405
0.9645,-2.44491723448913
0.965,2.4530802939917
0.9655,-2.44458850873484
0.966,2.45340901840405
0.9665,-2.44393105722703
0.967,2.45340901840405
0.9675,-2.44425978298081
0.968,2.4530802939917
0.9685,-2.44458850873484
0.969,2.45340901840405
0.9695,-2.44458850873484
0.97,2.4530802939917
0.9705,-2.44393105722703
0.971,2.4530802939917
0.9715,-2.44393105722703
0.972,2.45275156957943
0.9725,-2.44393105722703
0.973,2.4530802939917
0.9735,-2.44393105722703
0.974,2.4530802939917
0.9745,-2.44393105722703
0.975,2.4530802939917
0.9755,-2.44393105722703
0.976,2.45275156957943
0.9765,-2.44360233147351
0.977,2.45275156957943
0.9775,-2.44360233147351
0.978,2.45242284516723
0.9785,-2.44327360572025
0.979,2.45242284516723
0.9795,-2.44393105722703
0.98,2.45275156957943
0.9805,-2.44327360572025
0.981,2.45209412075512
0.9815,-2.44327360572025
0.982,2.45275156957943
0.9825,-2.44327360572025
0.983,2.45275156957943
0.9835,-2.44327360572025
0.984,2.45242284516723
0.9845,-2.44327360572025
0.985,2.45275156957943
0.9855,-2.44360233147351
0.986,2.45242284516723
0.9865,-2.44360233147351
0.987,2.45275156957943
0.9875,-2.44360233147351
0.988,2.45242284516723
0.9885,-2.44360233147351
0.989,2.45242284516723
0.9895,-2.44327360572025
0.99,2.45242284516723
0.9905,-2.44360233147351
0.991,2.45242284516723
0.9915,-2.44294487996725
0.992,2.45209412075512
0.9925,-2.44294487996725
0.993,2.45242284516723
0.9935,-2.44327360572025
0.994,2.45209412075512
0.9945,-2.44327360572025
0.995,2.45176539634308
0.9955,-2.44294487996725
0.996,2.45209412075512
0.9965,-2.44327360572025
0.997,2.45209412075512
0.9975,-2.44294487996725
0.998,2.45209412075512
0.9985,-2.44294487996725
0.999,2.45209412075512
0.9995,-2.44327360572025
1,2.45176539634308
1.0005,-2.44294487996725
1.001,2.45176539634308
1.0015,-2.44294487996725
1.002,2.45143667193112
1.0025,-2.44294487996725
1.003,2.45176539634308
1.0035,-2.44360233147351
1.004,2.45143667193112
1.0045,-2.44294487996725
1.005,2.45176539634308
1.0055,-2.44294487996725
1.006,2.45110794751923
1.0065,-2.4426161542145
1.007,2.45143667193112
1.0075,-2.4426161542145
1.008,2.45143667193112
1.0085,-2.44294487996725
1.009,2.45143667193112
1.0095,-2.44294487996725
1.01,2.45176539634308
1.0105,-2.4426161542145
1.011,2.45143667193112
1.0115,-2.4426161542145
1.012,2.45110794751923
1.0125,-2.4426161542145
1.013,2.45110794751923
1.0135,-2.4426161542145
1.014,2.45209412075512
1.0145,-2.4426161542145
1.015,2.45176539634308
1.0155,-2.4426161542145
1.016,2.45110794751923
1.0165,-2.44228742846202
1.017,2.45143667193112
1.0175,-2.44162997695782
1.018,2.45110794751923
1.0185,-2.44195870270979
1.019,2.45143667193112
1.0195,-2.44228742846202
1.02,2.45110794751923
1.0205,-2.44195870270979
1.021,2.45110794751923
1.0215,-2.44130125120611
1.022,2.45077922310743
1.0225,-2.44162997695782
1.023,2.45077922310743
1.0235,-2.44195870270979
1.024,2.45077922310743
1.0245,-2.44195870270979
1.025,2.45110794751923
1.0255,-2.44162997695782
1.026,2.45077922310743
1.0265,-2.44162997695782
1.027,2.45012177428405
1.0275,-2.44162997695782
1.028,2.45012177428405
1.0285,-2.44162997695782
1.029,2.45077922310743
1.0295,-2.44162997695782
1.03,2.45077922310743
1.0305,-2.44162997695782
1.031,2.44979304987248
1.0315,-2.44130125120611
1.032,2.45012177428405
1.0325,-2.44130125120611
1.033,2.45012177428405
1.0335,-2.44195870270979
1.034,2.4504504986957
1.0345,-2.44162997695782
1.035,2.45012177428405
1.0355,-2.44130125120611
1.036,2.4504504986957
1.0365,-2.44162997695782
1.037,2.45012177428405
1.0375,-2.44097252545465
1.038,2.45012177428405
1.0385,-2.44130125120611
1.039,2.44979304987248
1.0395,-2.44130125120611
1.04,2.45012177428405
1.0405,-2.44130125120611
1.041,2.44979304987248
1.0415,-2.44097252545465
1.042,2.44979304987248
1.0425,-2.44130125120611
1.043,2.44979304987248
1.0435,-2.44097252545465
1.044,2.44979304987248
1.0445,-2.44097252545465
1.045,2.44946432546099
1.0455,-2.44097252545465
1.046,2.44946432546099
1.0465,-2.44031507395251
1.047,2.44913560104957
1.0475,-2.44064379970345
1.048,2.44913560104957
1.0485,-2.44097252545465
1.049,2.44913560104957
1.0495,-2.44097252545465
1.05,2.44913560104957
1.0505,-2.44064379970345
1.051,2.44880687663823
1.0515,-2.44064379970345
1.052,2.44847815222697
1.0525,-2.44031507395251
1.053,2.44880687663823
1.0535,-2.44097252545465
1.054,2.44880687663823
1.0545,-2.44064379970345
1.055,2.44880687663823
1.0555,-2.44031507395251
1.056,2.44814942781579
1.0565,-2.44031507395251
1.057,2.44880687663823
1.0575,-2.44031507395251
1.058,2.44913560104957
1.0585,-2.44064379970345
1.059,2.44814942781579
1.0595,-2.44031507395251
1.06,2.44814942781579
1.0605,-2.44031507395251
1.061,2.44847815222697
1.0615,-2.44031507395251
1.062,2.44814942781579
1.0625,-2.43998634820183
1.063,2.44880687663823
1.0635,-2.44064379970345
1.064,2.44880687663823
1.0645,-2.43998634820183
1.065,2.44814942781579
1.0655,-2.43965762245141
1.066,2.44814942781579
1.0665,-2.43965762245141
1.067,2.44814942781579
1.0675,-2.43998634820183
1.068,2.44847815222697
1.0685,-2.43965762245141
1.069,2.44847815222697
1.0695,-2.43998634820183
1.07,2.44814942781579
1.0705,-2.43965762245141
1.071,2.44782070340468
1.0715,-2.43965762245141
1.072,2.44749197899365
1.0725,-2.43932889670124
1.073,2.44847815222697
1.0735,-2.43932889670124
1.074,2.44814942781579
1.0745,-2.43998634820183
1.075,2.44814942781579
1.0755,-2.43998634820183
1.076,2.44782070340468
1.0765,-2.43932889670124
1.077,2.44782070340468
1.0775,-2.43932889670124
1.078,2.44782070340468
1.0785,-2.43900017095133
1.079,2.44814942781579
1.0795,-2.43965762245141
1.08,2.44814942781579
1.0805,-2.43965762245141
1.081,2.44749197899365
1.0815,-2.43932889670124
1.082,2.44749197899365
1.0825,-2.43932889670124
1.083,2.44782070340468
1.0835,-2.43932889670124
1.084,2.4471632545827
1.0845,-2.43965762245141
1.085,2.44782070340468
1.0855,-2.43900017095133
1.086,2.4471632545827
1.0865,-2.43900017095133
1.087,2.4471632545827
1.0875,-2.43900017095133
1.088,2.4471632545827
1.0885,-2.43932889670124
1.089,2.44749197899365
1.0895,-2.43900017095133
1.09,2.4471632545827
1.0905,-2.43900017095133
1.091,2.4471632545827
1.0915,-2.43932889670124
1.092,2.44749197899365
1.0925,-2.43867144520168
1.093,2.44749197899365
1.0935,-2.43867144520168
1.094,2.4471632545827
1.0945,-2.43867144520168
1.095,2.44683453017182
1.0955,-2.43867144520168
1.096,2.44683453017182
1.0965,-2.43834271945228
1.097,2.4471632545827
1.0975,-2.43834271945228
1.098,2.4471632545827
1.0985,-2.43867144520168
1.099,2.44683453017182
1.0995,-2.43834271945228
1.1,2.44683453017182
1.1005,-2.43867144520168
1.101,2.44683453017182
1.1015,-2.43834271945228
1.102,2.4471632545827
1.1025,-2.43801399370315
1.103,2.44650580576103
1.1035,-2.43834271945228
1.104,2.44650580576103
1.1045,-2.43867144520168
1.105,2.44683453017182
1.1055,-2.43834271945228
1.106,2.44650580576103
1.1065,-2.43801399370315
1.107,2.44617708135031
1.1075,-2.43768526795427
1.108,2.44683453017182
1.1085,-2.43801399370315
1.109,2.44617708135031
1.1095,-2.43801399370315
1.11,2.44617708135031
1.1105,-2.43768526795427
1.111,2.44584835693967
1.1115,-2.43735654220565
1.112,2.44584835693967
1.1125,-2.43768526795427
1.113,2.44650580576103
1.1135,-2.43801399370315
1.114,2.44584835693967
1.1145,-2.43768526795427
1.115,2.44584835693967
1.1155,-2.43768526795427
1.116,2.44617708135031
1.1165,-2.43768526795427
1.117,2.4455196325291
1.1175,-2.43768526795427
1.118,2.44617708135031
1.1185,-2.43768526795427
1.119,2.44617708135031
1.1195,-2.43768526795427
1.12,2.4455196325291
1.1205,-2.43735654220565
1.121,2.44584835693967
1.1215,-2.43702781645728
1.122,2.44519090811861
1.1225,-2.43735654220565
1.123,2.4448621837082
1.1235,-2.43768526795427
1.124,2.4455196325291
1.1245,-2.43735654220565
1.125,2.44584835693967
1.1255,-2.43735654220565
1.126,2.44519090811861
1.1265,-2.43735654220565
1.127,2.44519090811861
1.1275,-2.43768526795427
1.128,2.44519090811861
1.1285,-2.43735654220565
1.129,2.4448621837082
1.1295,-2.43735654220565
1.13,2.4448621837082
1.1305,-2.43702781645728
1.131,2.4448621837082
1.1315,-2.43669909070918
1.132,2.4448621837082
1.1325,-2.43669909070918
1.133,2.44519090811861
1.1335,-2.43702781645728
1.134,2.4448621837082
1.1345,-2.43702781645728
1.135,2.4455196325291
1.1355,-2.43735654220565
1.136,2.4448621837082
1.1365,-2.43637036496133
1.137,2.44453345929787
1.1375,-2.43702781645728
1.138,2.4448621837082
1.1385,-2.43702781645728
1.139,2.44519090811861
1.1395,-2.43669909070918
1.14,2.4448621837082
1.1405,-2.43637036496133
1.141,2.44519090811861
1.1415,-2.43637036496133
1.142,2.44453345929787
1.1425,-2.43637036496133
1.143,2.44453345929787
1.1435,-2.43669909070918
1.144,2.44453345929787
1.1445,-2.43604163921374
1.145,2.4448621837082
1.1455,-2.43604163921374
1.146,2.44453345929787
1.1465,-2.4357129134664
1.147,2.44420473488762
1.1475,-2.43604163921374
1.148,2.44453345929787
1.1485,-2.4357129134664
1.149,2.44420473488762
1.1495,-2.43637036496133
1.15,2.44420473488762
1.1505,-2.43604163921374
1.151,2.44420473488762
1.1515,-2.4357129134664
1.152,2.44420473488762
1.1525,-2.4357129134664
1.153,2.44420473488762
1.1535,-2.43637036496133
1.154,2.44453345929787
1.1545,-2.43604163921374
1.155,2.44453345929787
1.1555,-2.4357129134664
1.156,2.44387601047744
1.1565,-2.43604163921374
1.157,2.44387601047744
1.1575,-2.43538418771932
1.158,2.44387601047744
1.1585,-2.4357129134664
1.159,2.44387601047744
1.1595,-2.43538418771932
1.16,2.44387601047744
1.1605,-2.43538418771932
1.161,2.44387601047744
1.1615,-2.43538418771932
1.162,2.44387601047744
1.1625,-2.43538418771932
1.163,2.44420473488762
1.1635,-2.43538418771932
1.164,2.44420473488762
1.1645,-2.43538418771932
1.165,2.44420473488762
1.1655,-2.43472673622594
1.166,2.44321856165731
1.1665,-2.4357129134664
1.167,2.44354728606734
1.1675,-2.4350554619725
1.168,2.44354728606734
1.1685,-2.4350554619725
1.169,2.44387601047744
1.1695,-2.4350554619725
1.17,2.44354728606734
1.1705,-2.4350554619725
1.171,2.44354728606734
1.1715,-2.43472673622594
1.172,2.44321856165731
1.1725,-2.43472673622594
1.173,2.44387601047744
1.1735,-2.43472673622594
1.174,2.44387601047744
1.1745,-2.43472673622594
1.175,2.44354728606734
1.1755,-2.43439801047964
1.176,2.44354728606734
1.1765,-2.43472673622594
1.177,2.44354728606734
1.1775,-2.43439801047964
1.178,2.44288983724737
1.1785,-2.43439801047964
1.179,2.44288983724737
1.1795,-2.43439801047964
1.18,2.44321856165731
1.1805,-2.4337405589878
1.181,2.44288983724737
1.1815,-2.43439801047964
1.182,2.4425611128375
1.1825,-2.43406928473359
1.183,2.44321856165731
1.1835,-2.43439801047964
1.184,2.44288983724737
1.1845,-2.43439801047964
1.185,2.44288983724737
1.1855,-2.43406928473359
1.186,2.44223238842771
1.1865,-2.43406928473359
1.187,2.44190366401799
1.1875,-2.43341183324227
1.188,2.4425611128375
1.1885,-2.43439801047964
1.189,2.4425611128375
1.1895,-2.43406928473359
1.19,2.4425611128375
1.1905,-2.43406928473359
1.191,2.44223238842771
1.1915,-2.4337405589878
1.192,2.44223238842771
1.1925,-2.4337405589878
1.193,2.44223238842771
1.1935,-2.43406928473359
1.194,2.44190366401799
1.1945,-2.43406928473359
1.195,2.44223238842771
1.1955,-2.43439801047964
1.196,2.44190366401799
1.1965,-2.43341183324227
1.197,2.44190366401799
1.1975,-2.43406928473359
1.198,2.44223238842771
1.1985,-2.43406928473359
1.199,2.44223238842771
1.1995,-2.4337405589878
1.2,2.44223238842771
1.2005,-2.43341183324227
1.201,2.44157493960835
1.2015,-2.4337405589878
1.202,2.44190366401799
1.2025,-2.4337405589878
1.203,2.44190366401799
1.2035,-2.4337405589878
1.204,2.44190366401799
1.2045,-2.43341183324227
1.205,2.44223238842771
1.2055,-2.43308310749699
1.206,2.44124621519879
1.2065,-2.43341183324227
1.207,2.44157493960835
1.2075,-2.43275438175197
1.208,2.44157493960835
1.2085,-2.4337405589878
1.209,2.44190366401799
1.2095,-2.4337405589878
1.21,2.44190366401799
1.2105,-2.43275438175197
1.211,2.44157493960835
1.2115,-2.43341183324227
1.212,2.44124621519879
1.2125,-2.43275438175197
1.213,2.44157493960835
1.2135,-2.43275438175197
1.214,2.44157493960835
1.2145,-2.43308310749699
1.215,2.44157493960835
1.2155,-2.43308310749699
1.216,2.44157493960835
1.2165,-2.43242565600721
1.217,2.44124621519879
1.2175,-2.43242565600721
1.218,2.44124621519879
1.2185,-2.43308310749699
1.219,2.44157493960835
1.2195,-2.43242565600721
1.22,2.44124621519879
1.2205,-2.43242565600721
1.221,2.44091749078931
1.2215,-2.43242565600721
1.222,2.44124621519879
1.2225,-2.43308310749699
1.223,2.44091749078931
1.2235,-2.43275438175197
1.224,2.44124621519879
1.2245,-2.43275438175197
1.225,2.44091749078931
1.2255,-2.43242565600721
1.226,2.44091749078931
1.2265,-2.43209693026271
1.227,2.4405887663799
1.2275,-2.43209693026271
1.228,2.44091749078931
1.2285,-2.43242565600721
1.229,2.4405887663799
1.2295,-2.43209693026271
1.23,2.44124621519879
1.2305,-2.43209693026271
1.231,2.4405887663799
1.2315,-2.43176820451846
1.232,2.4405887663799
1.2325,-2.43176820451846
1.233,2.4405887663799
1.2335,-2.43176820451846
1.234,2.4405887663799
1.2345,-2.43176820451846
1.235,2.44026004197057
1.2355,-2.43176820451846
1.236,2.44026004197057
1.2365,-2.43143947877447
1.237,2.4405887663799
1.2375,-2.43176820451846
1.238,2.44026004197057
1.2385,-2.43209693026271
1.239,2.4405887663799
1.2395,-2.43176820451846
1.24,2.4405887663799
1.2405,-2.43143947877447
1.241,2.44026004197057
1.2415,-2.43078202728726
1.242,2.44026004197057
1.2425,-2.43111075303073
1.243,2.44026004197057
1.2435,-2.43143947877447
1.244,2.43993131756132
1.2445,-2.43143947877447
1.245,2.43993131756132
1.2455,-2.43111075303073
1.246,2.43993131756132
1.2465,-2.43111075303073
1.247,2.43960259315214
1.2475,-2.43111075303073
1.248,2.43960259315214
1.2485,-2.43143947877447
1.249,2.43927386874304
1.2495,-2.43111075303073
1.25,2.43960259315214
1.2505,-2.43111075303073
1.251,2.43927386874304
1.2515,-2.43111075303073
1.252,2.43927386874304
1.2525,-2.43078202728726
1.253,2.43960259315214
1.2535,-2.43078202728726
1.254,2.43993131756132
1.2545,-2.43111075303073
1.255,2.43960259315214
1.2555,-2.43078202728726
1.256,2.43927386874304
1.2565,-2.43045330154404
1.257,2.43927386874304
1.2575,-2.43078202728726
1.258,2.43927386874304
1.2585,-2.43045330154404
1.259,2.43894514433402
1.2595,-2.43078202728726
1.26,2.43927386874304
1.2605,-2.43078202728726
1.261,2.43894514433402
1.2615,-2.43045330154404
1.262,2.43894514433402
1.2625,-2.43012457580108
1.263,2.43894514433402
1.2635,-2.43045330154404
1.264,2.43894514433402
1.2645,-2.43045330154404
1.265,2.43861641992508
1.2655,-2.42979585005837
1.266,2.43861641992508
1.2665,-2.43045330154404
1.267,2.43861641992508
1.2675,-2.43045330154404
1.268,2.43828769551621
1.2685,-2.43045330154404
1.269,2.43861641992508
1.2695,-2.43012457580108
1.27,2.43861641992508
1.2705,-2.43012457580108
1.271,2.43861641992508
1.2715,-2.43045330154404
1.272,2.43828769551621
1.2725,-2.43012457580108
1.273,2.43861641992508
1.2735,-2.43045330154404
1.274,2.43861641992508
1.2745,-2.43012457580108
1.275,2.43828769551621
1.2755,-2.42979585005837
1.276,2.43828769551621
1.2765,-2.43012457580108
1.277,2.43828769551621
1.2775,-2.42946712431592
1.278,2.43828769551621
1.2785,-2.42979585005837
1.279,2.43828769551621
1.2795,-2.42946712431592
1.28,2.43828769551621
1.2805,-2.42913839857373
1.281,2.43795897110742
1.2815,-2.42913839857373
1.282,2.43795897110742
1.2825,-2.42913839857373
1.283,2.43828769551621
1.2835,-2.42979585005837
1.284,2.43795897110742
1.2845,-2.42946712431592
1.285,2.43795897110742
1.2855,-2.42946712431592
1.286,2.4376302466987
1.2865,-2.42913839857373
1.287,2.4376302466987
1.2875,-2.42946712431592
1.288,2.43795897110742
1.2885,-2.42946712431592
1.289,2.43795897110742
1.2895,-2.42913839857373
1.29,2.43795897110742
1.2905,-2.42913839857373
1.291,2.43730152229006
1.2915,-2.42913839857373
1.292,2.43730152229006
1.2925,-2.4288096728318
1.293,2.4376302466987
1.2935,-2.4288096728318
1.294,2.4376302466987
1.2945,-2.4288096728318
1.295,2.43795897110742
1.2955,-2.42913839857373
1.296,2.4369727978815
1.2965,-2.42848094709012
1.297,2.43730152229006
1.2975,-2.4281522213487
1.298,2.43730152229006
1.2985,-2.42848094709012
1.299,2.4376302466987
1.2995,-2.42848094709012
1.3,2.4369727978815
1.3005,-2.42848094709012
1.301,2.43730152229006
1.3015,-2.4281522213487
1.302,2.43730152229006
1.3025,-2.4281522213487
1.303,2.4369727978815
1.3035,-2.4281522213487
1.304,2.4369727978815
1.3045,-2.42848094709012
1.305,2.43631534906461
1.3055,-2.4281522213487
1.306,2.43631534906461
1.3065,-2.42782349560754
1.307,2.43664407347302
1.3075,-2.42782349560754
1.308,2.43631534906461
1.3085,-2.4281522213487
1.309,2.43664407347302
1.3095,-2.4281522213487
1.31,2.43664407347302
1.3105,-2.4281522213487
1.311,2.43631534906461
1.3115,-2.42782349560754
1.312,2.43631534906461
1.3125,-2.42749476986663
1.313,2.43598662465628
1.3135,-2.42782349560754
1.314,2.43631534906461
1.3145,-2.42782349560754
1.315,2.43664407347302
1.3155,-2.42782349560754
1.316,2.43598662465628
1.3165,-2.42782349560754
1.317,2.43631534906461
1.3175,-2.42749476986663
1.318,2.43598662465628
1.3185,-2.42749476986663
1.319,2.43631534906461
1.3195,-2.42782349560754
1.32,2.43631534906461
1.3205,-2.42749476986663
1.321,2.43598662465628
1.3215,-2.42749476986663
1.322,2.43532917583985
1.3225,-2.42683731838559
1.323,2.43598662465628
1.3235,-2.42683731838559
1.324,2.43598662465628
1.3245,-2.42683731838559
1.325,2.43565790024803
1.3255,-2.42650859264545
1.326,2.43565790024803
1.3265,-2.42716604412598
1.327,2.43565790024803
1.3275,-2.42683731838559
1.328,2.43598662465628
1.3285,-2.42683731838559
1.329,2.43532917583985
1.3295,-2.42683731838559
1.33,2.43598662465628
1.3305,-2.42683731838559
1.331,2.43532917583985
1.3315,-2.42617986690557
1.332,2.43532917583985
1.3325,-2.42650859264545
1.333,2.43532917583985
1.3335,-2.42716604412598
1.334,2.43565790024803
1.3345,-2.42683731838559
1.335,2.43532917583985
1.3355,-2.42650859264545
1.336,2.43500045143175
1.3365,-2.42617986690557
1.337,2.43467172702372
1.3375,-2.42650859264545
1.338,2.43500045143175
1.3385,-2.42617986690557
1.339,2.43532917583985
1.3395,-2.42683731838559
1.34,2.43500045143175
1.3405,-2.42650859264545
1.341,2.43467172702372
1.3415,-2.42585114116595
1.342,2.43500045143175
1.3425,-2.42617986690557
1.343,2.43467172702372
1.3435,-2.42650859264545
1.344,2.43500045143175
1.3445,-2.42650859264545
1.345,2.43467172702372
1.3455,-2.42585114116595
1.346,2.43467172702372
1.3465,-2.42617986690557
1.347,2.43434300261578
1.3475,-2.42617986690557
1.348,2.43467172702372
1.3485,-2.42650859264545
1.349,2.43467172702372
1.3495,-2.42683731838559
1.35,2.43434300261578
1.3505,-2.42617986690557
1.351,2.43467172702372
1.3515,-2.42585114116595
1.352,2.4340142782079
1.3525,-2.42617986690557
1.353,2.43434300261578
1.3535,-2.42617986690557
1.354,2.43434300261578
1.3545,-2.42585114116595
1.355,2.43467172702372
1.3555,-2.42552241542658
1.356,2.4340142782079
1.3565,-2.42552241542658
1.357,2.4340142782079
1.3575,-2.42519368968747
1.358,2.4340142782079
1.3585,-2.42552241542658
1.359,2.43434300261578
1.3595,-2.42552241542658
1.36,2.4340142782079
1.3605,-2.42552241542658
1.361,2.4340142782079
1.3615,-2.42519368968747
1.362,2.43368555380011
1.3625,-2.42552241542658
1.363,2.4340142782079
1.3635,-2.42585114116595
1.364,2.43368555380011
1.3645,-2.42519368968747
1.365,2.43335682939239
1.3655,-2.42486496394862
1.366,2.43335682939239
1.3665,-2.42486496394862
1.367,2.43335682939239
1.3675,-2.42519368968747
1.368,2.43368555380011
1.3685,-2.42552241542658
1.369,2.43368555380011
1.3695,-2.42519368968747
1.37,2.43335682939239
1.3705,-2.42486496394862
1.371,2.43302810498475
1.3715,-2.42453623821002
1.372,2.43335682939239
1.3725,-2.42420751247168
1.373,2.43302810498475
1.3735,-2.42486496394862
1.374,2.43335682939239
1.3745,-2.42486496394862
1.375,2.43335682939239
1.3755,-2.42486496394862
1.376,2.43269938057718
1.3765,-2.42453623821002
1.377,2.43269938057718
1.3775,-2.4238787867336
1.378,2.43335682939239
1.3785,-2.42486496394862
1.379,2.43269938057718
1.3795,-2.42453623821002
1.38,2.43269938057718
1.3805,-2.42486496394862
1.381,2.4323706561697
1.3815,-2.42453623821002
1.382,2.43269938057718
1.3825,-2.42420751247168
1.383,2.43269938057718
1.3835,-2.42420751247168
1.384,2.43269938057718
1.3845,-2.4238787867336
1.385,2.4323706561697
1.3855,-2.42420751247168
1.386,2.43269938057718
1.3865,-2.4238787867336
1.387,2.4323706561697
1.3875,-2.4238787867336
1.388,2.43269938057718
1.3885,-2.42420751247168
1.389,2.4323706561697
1.3895,-2.42420751247168
1.39,2.4323706561697
1.3905,-2.42355006099577
1.391,2.43204193176228
1.3915,-2.4238787867336
1.392,2.43138448294769
1.3925,-2.42355006099577
1.393,2.43204193176228
1.3935,-2.4238787867336
1.394,2.43204193176228
1.3945,-2.42355006099577
1.395,2.43204193176228
1.3955,-2.42355006099577
1.396,2.43204193176228
1.3965,-2.42355006099577
1.397,2.43204193176228
1.3975,-2.42322133525821
1.398,2.43171320735495
1.3985,-2.42355006099577
1.399,2.43204193176228
1.3995,-2.4238787867336
1.4,2.4323706561697
1.4005,-2.42256388378383
1.401,2.43171320735495
1.4015,-2.42322133525821
1.402,2.43138448294769
1.4025,-2.42289260952089
1.403,2.43204193176228
1.4035,-2.42322133525821
1.404,2.43171320735495
1.4045,-2.42289260952089
1.405,2.43171320735495
1.4055,-2.42322133525821
1.406,2.43171320735495
1.4065,-2.42289260952089
1.407,2.43138448294769
1.4075,-2.42289260952089
1.408,2.43171320735495
1.4085,-2.42289260952089
1.409,2.43171320735495
1.4095,-2.42289260952089
1.41,2.43138448294769
1.4105,-2.42289260952089
1.411,2.43105575854051
1.4115,-2.42289260952089
1.412,2.43171320735495
1.4125,-2.42256388378383
1.413,2.43105575854051
1.4135,-2.42289260952089
1.414,2.43138448294769
1.4145,-2.42256388378383
1.415,2.43204193176228
1.4155,-2.42223515804703
1.416,2.4307270341334
1.4165,-2.42256388378383
1.417,2.43039830972637
1.4175,-2.42223515804703
1.418,2.43105575854051
1.4185,-2.42256388378383
1.419,2.43105575854051
1.4195,-2.42223515804703
1.42,2.43105575854051
1.4205,-2.42223515804703
1.421,2.4307270341334
1.4215,-2.42190643231049
1.422,2.4307270341334
1.4225,-2.42223515804703
1.423,2.4307270341334
1.4235,-2.42223515804703
1.424,2.43039830972637
1.4245,-2.42256388378383
1.425,2.4307270341334
1.4255,-2.42223515804703
1.426,2.43039830972637
1.4265,-2.42190643231049
1.427,2.43039830972637
1.4275,-2.42190643231049
1.428,2.43039830972637
1.4285,-2.42190643231049
1.429,2.43006958531941
1.4295,-2.42190643231049
1.43,2.4307270341334
1.4305,-2.4215777065742
1.431,2.43039830972637
1.4315,-2.42124898083817
1.432,2.43006958531941
1.4325,-2.4215777065742
1.433,2.4307270341334
1.4335,-2.42190643231049
1.434,2.43006958531941
1.4345,-2.4215777065742
1.435,2.43006958531941
1.4355,-2.42124898083817
1.436,2.43006958531941
1.4365,-2.42124898083817
1.437,2.43006958531941
1.4375,-2.4215777065742
1.438,2.42974086091254
1.4385,-2.4215777065742
1.439,2.43006958531941
1.4395,-2.4209202551024
1.44,2.42974086091254
1.4405,-2.42059152936688
1.441,2.42974086091254
1.4415,-2.4209202551024
1.442,2.42974086091254
1.4425,-2.4209202551024
1.443,2.42974086091254
1.4435,-2.42124898083817
1.444,2.42941213650574
1.4445,-2.42124898083817
1.445,2.42941213650574
1.4455,-2.42124898083817
1.446,2.42908341209901
1.4465,-2.4209202551024
1.447,2.42974086091254
1.4475,-2.42059152936688
1.448,2.42974086091254
1.4485,-2.42124898083817
1.449,2.42941213650574
1.4495,-2.42124898083817
1.45,2.42974086091254
1.4505,-2.4209202551024
1.451,2.42908341209901
1.4515,-2.42059152936688
1.452,2.42908341209901
1.4525,-2.42026280363162
1.453,2.42875468769236
1.4535,-2.42059152936688
1.454,2.42908341209901
1.4545,-2.42059152936688
1.455,2.42908341209901
1.4555,-2.42026280363162
1.456,2.42908341209901
1.4565,-2.42026280363162
1.457,2.42875468769236
1.4575,-2.42059152936688
1.458,2.42875468769236
1.4585,-2.42059152936688
1.459,2.42842596328579
1.4595,-2.42059152936688
1.46,2.42842596328579
1.4605,-2.42026280363162
1.461,2.42842596328579
1.4615,-2.41960535216186
1.462,2.42809723887929
1.4625,-2.41993407789661
1.463,2.42776851447287
1.4635,-2.42026280363162
1.464,2.42875468769236
1.4645,-2.41993407789661
1.465,2.42776851447287
1.4655,-2.41993407789661
1.466,2.42809723887929
1.4665,-2.41993407789661
1.467,2.42842596328579
1.4675,-2.41993407789661
1.468,2.42842596328579
1.4685,-2.41960535216186
1.469,2.42842596328579
1.4695,-2.41960535216186
1.47,2.42842596328579
1.4705,-2.41993407789661
1.471,2.42776851447287
1.4715,-2.41960535216186
1.472,2.42743979006653
1.4725,-2.41927662642737
1.473,2.42776851447287
1.4735,-2.41993407789661
1.474,2.42776851447287
1.4745,-2.41927662642737
1.475,2.42776851447287
1.4755,-2.41960535216186
1.476,2.42776851447287
1.4765,-2.41927662642737
1.477,2.42743979006653
1.4775,-2.41960535216186
1.478,2.42809723887929
1.4785,-2.41927662642737
1.479,2.42776851447287
1.4795,-2.41960535216186
1.48,2.42776851447287
1.4805,-2.41927662642737
1.481,2.42776851447287
1.4815,-2.41927662642737
1.482,2.42743979006653
1.4825,-2.41894790069313
1.483,2.42743979006653
1.4835,-2.41894790069313
1.484,2.42743979006653
1.4845,-2.41894790069313
1.485,2.42776851447287
1.4855,-2.41861917495915
1.486,2.42743979006653
1.4865,-2.41861917495915
1.487,2.42678234125407
1.4875,-2.41894790069313
1.488,2.42743979006653
1.4885,-2.41894790069313
1.489,2.42743979006653
1.4895,-2.41894790069313
1.49,2.42711106566026
1.4905,-2.41861917495915
1.491,2.42678234125407
1.4915,-2.41829044922542
1.492,2.42678234125407
1.4925,-2.41829044922542
1.493,2.42645361684795
1.4935,-2.41861917495915
1.494,2.42711106566026
1.4945,-2.41894790069313
1.495,2.42678234125407
1.4955,-2.41829044922542
1.496,2.42645361684795
1.4965,-2.41829044922542
1.497,2.42678234125407
1.4975,-2.41829044922542
1.498,2.42711106566026
1.4985,-2.41796172349196
1.499,2.42678234125407
1.4995,-2.41829044922542
1.5,2.42678234125407
1.5005,-2.41796172349196
1.501,2.42645361684795
1.5015,-2.41796172349196
1.502,2.42645361684795
1.5025,-2.41763299775874
1.503,2.42612489244191
1.5035,-2.41796172349196
1.504,2.42645361684795
1.5045,-2.41796172349196
1.505,2.42645361684795
1.5055,-2.41796172349196
1.506,2.42612489244191
1.5065,-2.41763299775874
1.507,2.42612489244191
1.5075,-2.41763299775874
1.508,2.42579616803594
1.5085,-2.41730427202579
1.509,2.42579616803594
1.5095,-2.41730427202579
1.51,2.42579616803594
1.5105,-2.41730427202579
1.511,2.42546744363006
1.5115,-2.41730427202579
1.512,2.42579616803594
1.5125,-2.41730427202579
1.513,2.42579616803594
1.5135,-2.41730427202579
1.514,2.42546744363006
1.5145,-2.41730427202579
1.515,2.42579616803594
1.5155,-2.41730427202579
1.516,2.42513871922424
1.5165,-2.41730427202579
1.517,2.42513871922424
1.5175,-2.41730427202579
1.518,2.42513871922424
1.5185,-2.41697554629309
1.519,2.42546744363006
1.5195,-2.41730427202579
1.52,2.42513871922424
1.5205,-2.41697554629309
1.521,2.42513871922424
1.5215,-2.41697554629309
1.522,2.42513871922424
1.5225,-2.41664682056064
1.523,2.42513871922424
1.5235,-2.41697554629309
1.524,2.42480999481851
1.5245,-2.41664682056064
1.525,2.42513871922424
1.5255,-2.41664682056064
1.526,2.42480999481851
1.5265,-2.41664682056064
1.527,2.42480999481851
1.5275,-2.41631809482846
1.528,2.42480999481851
1.5285,-2.41631809482846
1.529,2.42480999481851
1.5295,-2.41664682056064
1.53,2.42480999481851
1.5305,-2.41631809482846
1.531,2.42480999481851
1.5315,-2.41598936909652
1.532,2.42448127041285
1.5325,-2.41598936909652
1.533,2.42480999481851
1.5335,-2.41631809482846
1.534,2.42480999481851
1.5345,-2.41631809482846
1.535,2.42480999481851
1.5355,-2.41664682056064
1.536,2.42448127041285
1.5365,-2.41598936909652
1.537,2.42448127041285
1.5375,-2.41631809482846
1.538,2.42415254600726
1.5385,-2.41598936909652
1.539,2.42448127041285
1.5395,-2.41631809482846
1.54,2.42448127041285
1.5405,-2.41598936909652
1.541,2.42349509719632
1.5415,-2.41566064336485
1.542,2.42382382160175
1.5425,-2.41533191763343
1.543,2.42382382160175
1.5435,-2.41566064336485
1.544,2.42349509719632
1.5445,-2.41533191763343
1.545,2.42382382160175
1.5455,-2.41533191763343
1.546,2.42415254600726
1.5465,-2.41566064336485
1.547,2.42349509719632
1.5475,-2.41533191763343
1.548,2.42349509719632
1.5485,-2.41566064336485
1.549,2.42349509719632
1.5495,-2.41566064336485
1.55,2.42349509719632
1.5505,-2.41533191763343
1.551,2.42382382160175
1.5515,-2.41500319190226
1.552,2.42349509719632
1.5525,-2.41500319190226
1.553,2.42349509719632
1.5535,-2.41566064336485
1.554,2.42349509719632
1.5545,-2.41500319190226
1.555,2.42316637279096
1.5555,-2.41500319190226
1.556,2.42283764838568
1.5565,-2.41467446617136
1.557,2.42316637279096
1.5575,-2.41467446617136
1.558,2.42349509719632
1.5585,-2.41500319190226
1.559,2.42349509719632
1.5595,-2.41533191763343
1.56,2.42316637279096
1.5605,-2.41467446617136
1.561,2.42316637279096
1.5615,-2.4143457404407
1.562,2.42250892398048
1.5625,-2.41500319190226
1.563,2.42316637279096
1.5635,-2.41467446617136
1.564,2.42316637279096
1.5645,-2.4143457404407
1.565,2.42250892398048
1.5655,-2.4143457404407
1.566,2.42283764838568
1.5665,-2.41467446617136
1.567,2.42283764838568
1.5675,-2.41401701471031
1.568,2.42283764838568
1.5685,-2.4143457404407
1.569,2.42250892398048
1.5695,-2.4143457404407
1.57,2.42250892398048
1.5705,-2.41467446617136
1.571,2.42218019957535
1.5715,-2.41401701471031
1.572,2.42250892398048
1.5725,-2.4143457404407
1.573,2.42218019957535
1.5735,-2.4143457404407
1.574,2.42218019957535
1.5745,-2.41401701471031
1.575,2.42185147517029
1.5755,-2.41401701471031
1.576,2.42218019957535
1.5765,-2.41401701471031
1.577,2.42185147517029
1.5775,-2.41368828898017
1.578,2.42152275076532
1.5785,-2.41401701471031
1.579,2.42218019957535
1.5795,-2.4143457404407
1.58,2.42218019957535
1.5805,-2.41401701471031
1.581,2.42185147517029
1.5815,-2.41368828898017
1.582,2.42119402636041
1.5825,-2.41303083752066
1.583,2.42185147517029
1.5835,-2.41368828898017
1.584,2.42185147517029
1.5845,-2.41335956325028
1.585,2.42152275076532
1.5855,-2.41335956325028
1.586,2.42152275076532
1.5865,-2.41335956325028
1.587,2.42152275076532
1.5875,-2.41335956325028
1.588,2.42152275076532
1.5885,-2.41335956325028
1.589,2.42152275076532
1.5895,-2.41335956325028
1.59,2.42119402636041
1.5905,-2.41303083752066
1.591,2.42119402636041
1.5915,-2.41237338606217
1.592,2.42086530195559
1.5925,-2.41270211179128
1.593,2.42119402636041
1.5935,-2.41335956325028
1.594,2.42119402636041
1.5945,-2.41270211179128
1.595,2.42119402636041
1.5955,-2.41270211179128
1.596,2.42086530195559
1.5965,-2.41270211179128
1.597,2.42086530195559
1.5975,-2.41270211179128
1.598,2.42119402636041
1.5985,-2.41303083752066
1.599,2.42086530195559
1.5995,-2.41270211179128
1.6,2.42053657755084
1.6005,-2.41270211179128
1.601,2.42086530195559
1.6015,-2.41237338606217
1.602,2.42086530195559
1.6025,-2.41237338606217
1.603,2.42053657755084
1.6035,-2.41270211179128
1.604,2.42053657755084
1.6045,-2.41303083752066
1.605,2.42086530195559
1.6055,-2.41237338606217
1.606,2.42053657755084
1.6065,-2.41237338606217
1.607,2.42020785314616
1.6075,-2.41237338606217
1.608,2.42053657755084
1.6085,-2.4120446603333
1.609,2.42020785314616
1.6095,-2.4120446603333
1.61,2.42053657755084
1.6105,-2.4120446603333
1.611,2.42020785314616
1.6115,-2.4117159346047
1.612,2.42020785314616
1.6125,-2.41138720887635
1.613,2.42020785314616
1.6135,-2.41237338606217
1.614,2.42053657755084
1.6145,-2.4120446603333
1.615,2.42020785314616
1.6155,-2.4117159346047
1.616,2.42020785314616
1.6165,-2.41138720887635
1.617,2.41987912874156
1.6175,-2.4120446603333
1.618,2.41987912874156
1.6185,-2.41138720887635
1.619,2.41987912874156
1.6195,-2.4120446603333
1.62,2.41987912874156
1.6205,-2.4117159346047
1.621,2.41987912874156
1.6215,-2.41138720887635
1.622,2.41955040433704
1.6225,-2.41105848314826
1.623,2.41955040433704
1.6235,-2.41138720887635
1.624,2.41955040433704
1.6245,-2.41105848314826
1.625,2.41987912874156
1.6255,-2.41138720887635
1.626,2.41922167993259
1.6265,-2.41105848314826
1.627,2.41922167993259
1.6275,-2.41138720887635
1.628,2.41889295552821
1.6285,-2.41138720887635
1.629,2.41955040433704
1.6295,-2.41105848314826
1.63,2.41922167993259
1.6305,-2.41072975742042
1.631,2.41889295552821
1.6315,-2.41072975742042
1.632,2.41889295552821
1.6325,-2.41072975742042
1.633,2.41955040433704
1.6335,-2.41072975742042
1.634,2.41922167993259
1.6345,-2.41105848314826
1.635,2.41922167993259
1.6355,-2.41040103169284
1.636,2.41922167993259
1.6365,-2.41072975742042
1.637,2.41889295552821
1.6375,-2.41040103169284
1.638,2.41889295552821
1.6385,-2.41040103169284
1.639,2.41823550671969
1.6395,-2.41040103169284
1.64,2.41922167993259
1.6405,-2.41007230596551
1.641,2.41856423112392
1.6415,-2.41007230596551
1.642,2.41856423112392
1.6425,-2.41040103169284
1.643,2.41856423112392
1.6435,-2.41040103169284
1.644,2.41856423112392
1.6445,-2.41007230596551
1.645,2.41856423112392
1.6455,-2.41040103169284
1.646,2.41856423112392
1.6465,-2.41007230596551
1.647,2.41823550671969
1.6475,-2.41040103169284
1.648,2.41823550671969
1.6485,-2.40974358023844
1.649,2.41856423112392
1.6495,-2.41007230596551
1.65,2.41823550671969
1.6505,-2.40974358023844
1.651,2.41757805791147
1.6515,-2.40941485451162
1.652,2.41790678231555
1.6525,-2.40974358023844
1.653,2.41790678231555
1.6535,-2.40941485451162
1.654,2.41790678231555
1.6545,-2.40941485451162
1.655,2.41790678231555
1.6555,-2.40908612878506
1.656,2.41790678231555
1.6565,-2.40941485451162
1.657,2.41724933350748
1.6575,-2.40875740305876
1.658,2.41757805791147
1.6585,-2.40908612878506
1.659,2.41757805791147
1.6595,-2.40941485451162
1.66,2.41757805791147
1.6605,-2.40908612878506
1.661,2.41692060910356
1.6615,-2.40908612878506
1.662,2.41724933350748
1.6625,-2.40908612878506
1.663,2.41724933350748
1.6635,-2.40941485451162
1.664,2.41724933350748
1.6645,-2.40908612878506
1.665,2.41692060910356
1.6655,-2.40875740305876
1.666,2.41692060910356
1.6665,-2.40875740305876
1.667,2.41692060910356
1.6675,-2.40875740305876
1.668,2.41724933350748
1.6685,-2.40875740305876
1.669,2.41659188469971
1.6695,-2.40842867733271
1.67,2.41724933350748
1.6705,-2.40809995160691
1.671,2.41659188469971
1.6715,-2.40842867733271
1.672,2.41659188469971
1.6725,-2.40842867733271
1.673,2.41692060910356
1.6735,-2.40875740305876
1.674,2.41626316029594
1.6745,-2.40875740305876
1.675,2.41659188469971
1.6755,-2.40842867733271
1.676,2.41659188469971
1.6765,-2.40842867733271
1.677,2.41626316029594
1.6775,-2.40809995160691
1.678,2.41593443589225
1.6785,-2.40777122588138
1.679,2.41626316029594
1.6795,-2.40809995160691
1.68,2.41626316029594
1.6805,-2.40777122588138
1.681,2.41593443589225
1.6815,-2.40777122588138
1.682,2.41560571148863
1.6825,-2.40777122588138
1.683,2.41626316029594
1.6835,-2.40777122588138
1.684,2.41593443589225
1.6845,-2.40809995160691
1.685,2.41626316029594
1.6855,-2.40744250015609
1.686,2.41626316029594
1.6865,-2.40744250015609
1.687,2.41560571148863
1.6875,-2.40744250015609
1.688,2.41626316029594
1.6885,-2.40744250015609
1.689,2.41593443589225
1.6895,-2.40744250015609
1.69,2.41560571148863
1.6905,-2.40744250015609
1.691,2.41527698708509
1.6915,-2.40711377443107
1.692,2.41560571148863
1.6925,-2.40711377443107
1.693,2.41560571148863
1.6935,-2.40711377443107
1.694,2.41593443589225
1.6945,-2.40744250015609
1.695,2.41527698708509
1.6955,-2.40678504870629
1.696,2.41527698708509
1.6965,-2.40678504870629
1.697,2.41461953827822
1.6975,-2.40678504870629
1.698,2.41527698708509
1.6985,-2.40678504870629
1.699,2.41527698708509
1.6995,-2.40711377443107
1.7,2.41494826268162
1.7005,-2.40678504870629
1.701,2.41461953827822
1.7015,-2.40678504870629
1.702,2.41461953827822
1.7025,-2.40645632298178
1.703,2.41494826268162
1.7035,-2.40678504870629
1.704,2.41461953827822
1.7045,-2.40678504870629
1.705,2.41494826268162
1.7055,-2.40612759725752
1.706,2.41429081387491
1.7065,-2.40645632298178
1.707,2.41429081387491
1.7075,-2.40645632298178
1.708,2.41461953827822
1.7085,-2.40678504870629
1.709,2.41429081387491
1.7095,-2.40645632298178
1.71,2.41461953827822
1.7105,-2.40579887153351
1.711,2.41429081387491
1.7115,-2.40579887153351
1.712,2.41461953827822
1.7125,-2.40612759725752
1.713,2.41429081387491
1.7135,-2.40612759725752
1.714,2.41429081387491
1.7145,-2.40612759725752
1.715,2.41429081387491
1.7155,-2.40547014580976
1.716,2.41396208947166
1.7165,-2.40579887153351
1.717,2.41429081387491
1.7175,-2.40579887153351
1.718,2.41396208947166
1.7185,-2.40579887153351
1.719,2.41461953827822
1.7195,-2.40579887153351
1.72,2.41461953827822
1.7205,-2.40547014580976
1.721,2.41396208947166
1.7215,-2.40547014580976
1.722,2.4133046406654
1.7225,-2.40547014580976
1.723,2.41396208947166
1.7235,-2.40514142008627
1.724,2.41429081387491
1.7245,-2.40547014580976
1.725,2.41396208947166
1.7255,-2.40481269436303
1.726,2.41363336506849
1.7265,-2.40514142008627
1.727,2.41396208947166
1.7275,-2.40481269436303
1.728,2.41363336506849
1.7285,-2.40481269436303
1.729,2.4133046406654
1.7295,-2.40514142008627
1.73,2.4133046406654
1.7305,-2.40481269436303
1.731,2.41363336506849
1.7315,-2.40481269436303
1.732,2.4133046406654
1.7325,-2.40448396864004
1.733,2.4133046406654
1.7335,-2.40481269436303
1.734,2.41297591626238
1.7345,-2.40481269436303
1.735,2.4133046406654
1.7355,-2.40481269436303
1.736,2.41297591626238
1.7365,-2.40448396864004
1.737,2.41297591626238
1.7375,-2.40448396864004
1.738,2.41297591626238
1.7385,-2.40481269436303
1.739,2.41297591626238
1.7395,-2.40481269436303
1.74,2.41297591626238
1.7405,-2.40415524291731
1.741,2.41264719185944
1.7415,-2.40415524291731
1.742,2.41264719185944
1.7425,-2.40415524291731
1.743,2.41297591626238
1.7435,-2.40415524291731
1.744,2.41264719185944
1.7445,-2.40415524291731
1.745,2.41264719185944
1.7455,-2.40382651719484
1.746,2.41231846745657
1.7465,-2.40415524291731
1.747,2.41231846745657
1.7475,-2.40382651719484
1.748,2.41264719185944
1.7485,-2.40382651719484
1.749,2.41198974305378
1.7495,-2.40415524291731
1.75,2.41231846745657
1.7505,-2.40382651719484
1.751,2.41198974305378
1.7515,-2.40349779147262
1.752,2.41166101865106
1.7525,-2.40382651719484
1.753,2.41264719185944
1.7535,-2.40382651719484
1.754,2.41198974305378
1.7545,-2.40349779147262
1.755,2.41198974305378
1.7555,-2.40316906575066
1.756,2.41166101865106
1.7565,-2.40316906575066
1.757,2.41198974305378
1.7575,-2.40316906575066
1.758,2.41231846745657
1.7585,-2.40316906575066
1.759,2.41231846745657
1.7595,-2.40382651719484
1.76,2.41198974305378
1.7605,-2.40349779147262
1.761,2.41166101865106
1.7615,-2.40349779147262
1.762,2.41166101865106
1.7625,-2.40284034002895
1.763,2.41231846745657
1.7635,-2.40349779147262
1.764,2.41198974305378
1.7645,-2.40349779147262
1.765,2.41198974305378
1.7655,-2.40284034002895
1.766,2.41166101865106
1.7665,-2.40284034002895
1.767,2.41100356984585
1.7675,-2.40284034002895
1.768,2.41166101865106
1.7685,-2.40251161430749
1.769,2.41166101865106
1.7695,-2.40316906575066
1.77,2.41100356984585
1.7705,-2.40284034002895
1.771,2.41133229424842
1.7715,-2.40251161430749
1.772,2.41133229424842
1.7725,-2.4021828885863
1.773,2.41100356984585
1.7735,-2.40316906575066
1.774,2.41133229424842
1.7745,-2.40284034002895
1.775,2.41100356984585
1.7755,-2.40251161430749
1.776,2.41067484544336
1.7765,-2.40251161430749
1.777,2.41034612104095
1.7775,-2.40251161430749
1.778,2.41067484544336
1.7785,-2.40251161430749
1.779,2.41100356984585
1.7795,-2.40251161430749
1.78,2.41100356984585
1.7805,-2.4021828885863
1.781,2.41034612104095
1.7815,-2.4021828885863
1.782,2.41067484544336
1.7825,-2.40152543714466
1.783,2.41100356984585
1.7835,-2.40185416286535
1.784,2.4100173966386
1.7845,-2.40185416286535
1.785,2.41034612104095
1.7855,-2.40185416286535
1.786,2.4100173966386
1.7865,-2.40119671142423
1.787,2.4100173966386
1.7875,-2.40152543714466
1.788,2.40968867223634
1.7885,-2.40185416286535
1.789,2.4100173966386
1.7895,-2.40152543714466
1.79,2.41034612104095
1.7905,-2.40152543714466
1.791,2.40968867223634
1.7915,-2.40152543714466
1.792,2.40935994783414
1.7925,-2.40152543714466
1.793,2.40968867223634
1.7935,-2.40185416286535
1.794,2.40968867223634
1.7945,-2.40119671142423
1.795,2.40968867223634
1.7955,-2.40152543714466
1.796,2.40935994783414
1.7965,-2.40119671142423
1.797,2.40968867223634
1.7975,-2.40086798570405
1.798,2.40968867223634
1.7985,-2.40119671142423
1.799,2.40935994783414
1.7995,-2.40086798570405
1.8,2.40968867223634
1.8005,-2.40119671142423
1.801,2.40935994783414
1.8015,-2.40086798570405
1.802,2.40903122343203
1.8025,-2.40086798570405
1.803,2.40903122343203
1.8035,-2.40086798570405
1.804,2.40903122343203
1.8045,-2.40086798570405
1.805,2.40903122343203
1.8055,-2.40053925998413
1.806,2.40870249902998
1.8065,-2.40021053426446
1.807,2.40903122343203
1.8075,-2.40053925998413
1.808,2.40870249902998
1.8085,-2.40021053426446
1.809,2.40837377462801
1.8095,-2.40053925998413
1.81,2.40837377462801
1.8105,-2.40021053426446
1.811,2.4077163258243
1.8115,-2.39988180854505
1.812,2.40804505022612
1.8125,-2.39988180854505
1.813,2.40804505022612
1.8135,-2.40053925998413
1.814,2.40837377462801
1.8145,-2.40021053426446
1.815,2.40837377462801
1.8155,-2.39955308282589
1.816,2.40837377462801
1.8165,-2.39988180854505
1.817,2.4077163258243
1.8175,-2.39955308282589
1.818,2.40804505022612
1.8185,-2.39988180854505
1.819,2.4077163258243
1.8195,-2.39988180854505
1.82,2.4077163258243
1.8205,-2.39988180854505
1.821,2.4077163258243
1.8215,-2.39955308282589
1.822,2.4077163258243
1.8225,-2.39988180854505
1.823,2.4077163258243
1.8235,-2.40021053426446
1.824,2.40804505022612
1.8245,-2.39988180854505
1.825,2.4077163258243
1.8255,-2.39922435710699
1.826,2.4077163258243
1.8265,-2.39955308282589
1.827,2.40738760142256
1.8275,-2.39922435710699
1.828,2.40705887702089
1.8285,-2.39955308282589
1.829,2.40738760142256
1.8295,-2.39922435710699
1.83,2.4077163258243
1.8305,-2.39922435710699
1.831,2.40705887702089
1.8315,-2.39922435710699
1.832,2.40705887702089
1.8325,-2.39922435710699
1.833,2.40705887702089
1.8335,-2.39922435710699
1.834,2.40738760142256
1.8345,-2.39922435710699
1.835,2.40738760142256
1.8355,-2.39922435710699
1.836,2.40738760142256
1.8365,-2.39889563138834
1.837,2.40705887702089
1.8375,-2.39889563138834
1.838,2.40673015261929
1.8385,-2.39856690566994
1.839,2.40705887702089
1.8395,-2.39889563138834
1.84,2.40705887702089
1.8405,-2.39856690566994
1.841,2.40640142821777
1.8415,-2.39856690566994
1.842,2.40673015261929
1.8425,-2.39856690566994
1.843,2.40705887702089
1.8435,-2.39856690566994
1.844,2.40640142821777
1.8445,-2.3982381799518
1.845,2.40640142821777
1.8455,-2.3982381799518
1.846,2.40640142821777
1.8465,-2.39790945423392
1.847,2.40640142821777
1.8475,-2.3982381799518
1.848,2.40640142821777
1.8485,-2.3982381799518
1.849,2.40640142821777
1.8495,-2.3982381799518
1.85,2.40640142821777
1.8505,-2.39790945423392
1.851,2.40607270381633
1.8515,-2.39758072851629
1.852,2.40640142821777
1.8525,-2.39758072851629
1.853,2.40607270381633
1.8535,-2.39790945423392
1.854,2.40574397941496
1.8545,-2.39790945423392
1.855,2.40574397941496
1.8555,-2.39725200279891
1.856,2.40574397941496
1.8565,-2.39758072851629
1.857,2.40574397941496
1.8575,-2.39758072851629
1.858,2.40607270381633
1.8585,-2.39758072851629
1.859,2.40607270381633
1.8595,-2.39758072851629
1.86,2.40574397941496
1.8605,-2.39725200279891
1.861,2.40574397941496
1.8615,-2.39725200279891
1.862,2.40541525501366
1.8625,-2.39725200279891
1.863,2.40574397941496
1.8635,-2.3969232770818
1.864,2.40574397941496
1.8645,-2.39725200279891
1.865,2.40541525501366
1.8655,-2.3969232770818
1.866,2.40508653061244
1.8665,-2.3969232770818
1.867,2.4047578062113
1.8675,-2.39659455136493
1.868,2.40508653061244
1.8685,-2.3969232770818
1.869,2.40508653061244
1.8695,-2.39659455136493
1.87,2.40508653061244
1.8705,-2.39626582564832
1.871,2.4047578062113
1.8715,-2.39626582564832
1.872,2.40508653061244
1.8725,-2.39626582564832
1.873,2.40508653061244
1.8735,-2.3969232770818
1.874,2.40541525501366
1.8745,-2.39626582564832
1.875,2.4047578062113
1.8755,-2.39593709993196
1.876,2.40442908181022
1.8765,-2.39626582564832
1.877,2.4047578062113
1.8775,-2.39626582564832
1.878,2.40442908181022
1.8785,-2.39626582564832
1.879,2.40508653061244
1.8795,-2.39626582564832
1.88,2.40442908181022
1.8805,-2.39593709993196
1.881,2.40442908181022
1.8815,-2.39626582564832
1.882,2.40410035740923
1.8825,-2.39593709993196
1.883,2.40442908181022
1.8835,-2.39593709993196
1.884,2.40442908181022
1.8845,-2.39560837421586
1.885,2.40442908181022
1.8855,-2.39560837421586
1.886,2.4037716330083
1.8865,-2.39593709993196
1.887,2.40344290860745
1.8875,-2.39527964850002
1.888,2.40410035740923
1.8885,-2.39560837421586
1.889,2.40410035740923
1.8895,-2.39593709993196
1.89,2.40442908181022
1.8905,-2.39495092278442
1.891,2.4037716330083
1.8915,-2.39527964850002
1.892,2.4037716330083
1.8925,-2.39527964850002
1.893,2.40442908181022
1.8935,-2.39527964850002
1.894,2.4037716330083
1.8945,-2.39462219706909
1.895,2.4037716330083
1.8955,-2.39495092278442
1.896,2.4037716330083
1.8965,-2.39462219706909
1.897,2.40344290860745
1.8975,-2.39527964850002
1.898,2.4037716330083
1.8985,-2.39495092278442
1.899,2.4037716330083
1.8995,-2.39495092278442
1.9,2.40344290860745
1.9005,-2.39495092278442
1.901,2.40278545980598
1.9015,-2.39462219706909
1.902,2.40344290860745
1.9025,-2.39462219706909
1.903,2.40311418420668
1.9035,-2.39495092278442
1.904,2.40311418420668
1.9045,-2.394293471354
1.905,2.40311418420668
1.9055,-2.394293471354
1.906,2.40311418420668
1.9065,-2.394293471354
1.907,2.40245673540535
1.9075,-2.394293471354
1.908,2.40278545980598
1.9085,-2.39462219706909
1.909,2.40278545980598
1.9095,-2.39396474563917
1.91,2.40245673540535
1.9105,-2.394293471354
1.911,2.40278545980598
1.9115,-2.394293471354
1.912,2.40245673540535
1.9125,-2.394293471354
1.913,2.40278545980598
1.9135,-2.394293471354
1.914,2.40245673540535
1.9145,-2.394293471354
1.915,2.40278545980598
1.9155,-2.39330729421028
1.916,2.40245673540535
1.9165,-2.39396474563917
1.917,2.40278545980598
1.9175,-2.39396474563917
1.918,2.40245673540535
1.9185,-2.39396474563917
1.919,2.40278545980598
1.9195,-2.39396474563917
1.92,2.40278545980598
1.9205,-2.39330729421028
1.921,2.4021280110048
1.9215,-2.3936360199246
1.922,2.40179928660433
1.9225,-2.3936360199246
1.923,2.40245673540535
1.9235,-2.39330729421028
1.924,2.4021280110048
1.9245,-2.39330729421028
1.925,2.4021280110048
1.9255,-2.39297856849622
1.926,2.4021280110048
1.9265,-2.39297856849622
1.927,2.40179928660433
1.9275,-2.39297856849622
1.928,2.40179928660433
1.9285,-2.39330729421028
1.929,2.4021280110048
1.9295,-2.39297856849622
1.93,2.4021280110048
1.9305,-2.39264984278241
1.931,2.4011418378036
1.9315,-2.39297856849622
1.932,2.4011418378036
1.9325,-2.39264984278241
1.933,2.4021280110048
1.9335,-2.39297856849622
1.934,2.40147056220392
1.9345,-2.39264984278241
1.935,2.40147056220392
1.9355,-2.39232111706885
1.936,2.40147056220392
1.9365,-2.39264984278241
1.937,2.4011418378036
1.9375,-2.39199239135555
1.938,2.4011418378036
1.9385,-2.39232111706885
1.939,2.40081311340334
1.9395,-2.39264984278241
1.94,2.40081311340334
1.9405,-2.39199239135555
1.941,2.40147056220392
1.9415,-2.39232111706885
1.942,2.40081311340334
1.9425,-2.39199239135555
1.943,2.40081311340334
1.9435,-2.39232111706885
1.944,2.40081311340334
1.9445,-2.39199239135555
1.945,2.40147056220392
1.9455,-2.3916636656425
1.946,2.40048438900316
1.9465,-2.3916636656425
1.947,2.40048438900316
1.9475,-2.39199239135555
1.948,2.40081311340334
1.9485,-2.3916636656425
1.949,2.40081311340334
1.9495,-2.39199239135555
1.95,2.40081311340334
1.9505,-2.3916636656425
1.951,2.40015566460306
1.9515,-2.39100621421717
1.952,2.40015566460306
1.9525,-2.39133493992971
1.953,2.40081311340334
1.9535,-2.3916636656425
1.954,2.40048438900316
1.9545,-2.3916636656425
1.955,2.40048438900316
1.9555,-2.39133493992971
1.956,2.40015566460306
1.9565,-2.39100621421717
1.957,2.40015566460306
1.9575,-2.39100621421717
1.958,2.40048438900316
1.9585,-2.39133493992971
1.959,2.40048438900316
1.9595,-2.3916636656425
1.96,2.39982694020303
1.9605,-2.39100621421717
1.961,2.39949821580307
1.9615,-2.39100621421717
1.962,2.39982694020303
1.9625,-2.39067748850489
1.963,2.39949821580307
1.9635,-2.39034876279286
1.964,2.39949821580307
1.9645,-2.39067748850489
1.965,2.40015566460306
1.9655,-2.39034876279286
1.966,2.39916949140319
1.9665,-2.39034876279286
1.967,2.39949821580307
1.9675,-2.39002003708108
1.968,2.39982694020303
1.9685,-2.39034876279286
1.969,2.39982694020303
1.9695,-2.39034876279286
1.97,2.39949821580307
1.9705,-2.39002003708108
1.971,2.39916949140319
1.9715,-2.39034876279286
1.972,2.39916949140319
1.9725,-2.39002003708108
1.973,2.39916949140319
1.9735,-2.39002003708108
1.974,2.39916949140319
1.9745,-2.38969131136956
1.975,2.39916949140319
1.9755,-2.38969131136956
1.976,2.39884076700338
1.9765,-2.39002003708108
1.977,2.39884076700338
1.9775,-2.38969131136956
1.978,2.39916949140319
1.9785,-2.38969131136956
1.979,2.39916949140319
1.9795,-2.38969131136956
1.98,2.39916949140319
1.9805,-2.38969131136956
1.981,2.39851204260365
1.9815,-2.38969131136956
1.982,2.39851204260365
1.9825,-2.38969131136956
1.983,2.39884076700338
1.9835,-2.38969131136956
1.984,2.39884076700338
1.9845,-2.38969131136956
1.985,2.39884076700338
1.9855,-2.38903385994728
1.986,2.39851204260365
1.9865,-2.38903385994728
1.987,2.39818331820398
1.9875,-2.38903385994728
1.988,2.39818331820398
1.9885,-2.38936258565829
1.989,2.39884076700338
1.9895,-2.38936258565829
1.99,2.39818331820398
1.9905,-2.38903385994728
1.991,2.39818331820398
1.9915,-2.38903385994728
1.992,2.39818331820398
1.9925,-2.38903385994728
1.993,2.3978545938044
1.9935,-2.38870513423652
1.994,2.3978545938044
1.9945,-2.38837640852602
1.995,2.3978545938044
1.9955,-2.38870513423652
1.996,2.3978545938044
1.9965,-2.38804768281577
1.997,2.39752586940489
1.9975,-2.38837640852602
1.998,2.3978545938044
1.9985,-2.38870513423652
1.999,2.39752586940489
1.9995,-2.38804768281577
2,2.39752586940489
2.0005,-2.38837640852602
2.001,2.39752586940489
2.0015,-2.38804768281577
2.002,2.39752586940489
2.0025,-2.38804768281577
2.003,2.39752586940489
2.0035,-2.38804768281577
2.004,2.39719714500545
2.0045,-2.38837640852602
2.005,2.39719714500545
2.0055,-2.38804768281577
2.006,2.39686842060609
2.0065,-2.38771895710577
2.007,2.3965396962068
2.0075,-2.38739023139603
2.008,2.39719714500545
2.0085,-2.38771895710577
2.009,2.39686842060609
2.0095,-2.38804768281577
2.01,2.39686842060609
2.0105,-2.38739023139603
2.011,2.39686842060609
2.0115,-2.38706150568654
2.012,2.39686842060609
2.0125,-2.38739023139603
2.013,2.39686842060609
2.0135,-2.38739023139603
2.014,2.39686842060609
2.0145,-2.38739023139603
2.015,2.39686842060609
2.0155,-2.38706150568654
2.016,2.3965396962068
2.0165,-2.38706150568654
2.017,2.3965396962068
2.0175,-2.38706150568654
2.018,2.3965396962068
2.0185,-2.38706150568654
2.019,2.3965396962068
2.0195,-2.3867327799773
2.02,2.3965396962068
2.0205,-2.3867327799773
2.021,2.3965396962068
2.0215,-2.38640405426832
2.022,2.39621097180758
2.0225,-2.38706150568654
2.023,2.39588224740844
2.0235,-2.38640405426832
2.024,2.39621097180758
2.0245,-2.3867327799773
2.025,2.39621097180758
2.0255,-2.38706150568654
2.026,2.39621097180758
2.0265,-2.3860753285596
2.027,2.39588224740844
2.0275,-2.38640405426832
2.028,2.39588224740844
2.0285,-2.3860753285596
2.029,2.39621097180758
2.0295,-2.38640405426832
2.03,2.39588224740844
2.0305,-2.3860753285596
2.031,2.39588224740844
2.0315,-2.38574660285112
2.032,2.39555352300937
2.0325,-2.3860753285596
2.033,2.39489607421145
2.0335,-2.38640405426832
2.034,2.39555352300937
2.0345,-2.38640405426832
2.035,2.39555352300937
2.0355,-2.38574660285112
2.036,2.39456734981261
2.0365,-2.3860753285596
2.037,2.39456734981261
2.0375,-2.38574660285112
2.038,2.39522479861037
2.0385,-2.38574660285112
2.039,2.39522479861037
2.0395,-2.38574660285112
2.04,2.39489607421145
2.0405,-2.38574660285112
2.041,2.39456734981261
2.0415,-2.38574660285112
2.042,2.39489607421145
2.0425,-2.38541787714291
2.043,2.39489607421145
2.0435,-2.38574660285112
2.044,2.39456734981261
2.0445,-2.38541787714291
2.045,2.39522479861037
2.0455,-2.38574660285112
2.046,2.39423862541384
2.0465,-2.38476042572723
2.047,2.39423862541384
2.0475,-2.38508915143494
2.048,2.39423862541384
2.0485,-2.38508915143494
2.049,2.39456734981261
2.0495,-2.38541787714291
2.05,2.39390990101514
2.0505,-2.38508915143494
2.051,2.39390990101514
2.0515,-2.38508915143494
2.052,2.39390990101514
2.0525,-2.38508915143494
2.053,2.39390990101514
2.0535,-2.38508915143494
2.054,2.39390990101514
2.0545,-2.38508915143494
2.055,2.39423862541384
2.0555,-2.38476042572723
2.056,2.39358117661651
2.0565,-2.38476042572723
2.057,2.39325245221796
2.0575,-2.38476042572723
2.058,2.39358117661651
2.0585,-2.38476042572723
2.059,2.39390990101514
2.0595,-2.38443170001977
2.06,2.39358117661651
2.0605,-2.38443170001977
2.061,2.39292372781948
2.0615,-2.38410297431257
2.062,2.39325245221796
2.0625,-2.38410297431257
2.063,2.39358117661651
2.0635,-2.38476042572723
2.064,2.39292372781948
2.0645,-2.38476042572723
2.065,2.39325245221796
2.0655,-2.38410297431257
2.066,2.39292372781948
2.0665,-2.38443170001977
2.067,2.39292372781948
2.0675,-2.38443170001977
2.068,2.39325245221796
2.0685,-2.38443170001977
2.069,2.39325245221796
2.0695,-2.38410297431257
2.07,2.39259500342108
2.0705,-2.38410297431257
2.071,2.39259500342108
2.0715,-2.38344552289893
2.072,2.39259500342108
2.0725,-2.38410297431257
2.073,2.39226627902275
2.0735,-2.38410297431257
2.074,2.39259500342108
2.0745,-2.38410297431257
2.075,2.39259500342108
2.0755,-2.38410297431257
2.076,2.39226627902275
2.0765,-2.38377424860562
2.077,2.39193755462449
2.0775,-2.38344552289893
2.078,2.39226627902275
2.0785,-2.38377424860562
2.079,2.39193755462449
2.0795,-2.38344552289893
2.08,2.39160883022631
2.0805,-2.38344552289893
2.081,2.39160883022631
2.0815,-2.38344552289893
2.082,2.39193755462449
2.0825,-2.3827880714863
2.083,2.39193755462449
2.0835,-2.38377424860562
2.084,2.39193755462449
2.0845,-2.38311679719249
2.085,2.39160883022631
2.0855,-2.38311679719249
2.086,2.3912801058282
2.0865,-2.38311679719249
2.087,2.3912801058282
2.0875,-2.38344552289893
2.088,2.3912801058282
2.0885,-2.38344552289893
2.089,2.3912801058282
2.0895,-2.38344552289893
2.09,2.39160883022631
2.0905,-2.3827880714863
2.091,2.3912801058282
2.0915,-2.38245934578036
2.092,2.3912801058282
2.0925,-2.38245934578036
2.093,2.39095138143017
2.0935,-2.3827880714863
2.094,2.3912801058282
2.0945,-2.3827880714863
2.095,2.3912801058282
2.0955,-2.38245934578036
2.096,2.3906226570322
2.0965,-2.3827880714863
2.097,2.39095138143017
2.0975,-2.38245934578036
2.098,2.3912801058282
2.0985,-2.38245934578036
2.099,2.39095138143017
2.0995,-2.38245934578036
2.1,2.3912801058282
2.1005,-2.38213062007468
2.101,2.39029393263432
2.1015,-2.38180189436926
2.102,2.3906226570322
2.1025,-2.38213062007468
2.103,2.3906226570322
2.1035,-2.38245934578036
2.104,2.39029393263432
2.1045,-2.38180189436926
2.105,2.39029393263432
2.1055,-2.38180189436926
2.106,2.3899652082365
2.1065,-2.38147316866409
2.107,2.3899652082365
2.1075,-2.38180189436926
2.108,2.3899652082365
2.1085,-2.38213062007468
2.109,2.39029393263432
2.1095,-2.38180189436926
2.11,2.3899652082365
2.1105,-2.38147316866409
2.111,2.3899652082365
2.1115,-2.38180189436926
2.112,2.3899652082365
2.1125,-2.38114444295917
2.113,2.3899652082365
2.1135,-2.38147316866409
2.114,2.3899652082365
2.1145,-2.38180189436926
2.115,2.3899652082365
2.1155,-2.38180189436926
2.116,2.38963648383876
2.1165,-2.38114444295917
2.117,2.38963648383876
2.1175,-2.3808157172545
2.118,2.38963648383876
2.1185,-2.38114444295917
2.119,2.38930775944109
2.1195,-2.38114444295917
2.12,2.3899652082365
2.1205,-2.38114444295917
2.121,2.38963648383876
2.1215,-2.38048699155009
2.122,2.38930775944109
2.1225,-2.3808157172545
2.123,2.38963648383876
2.1235,-2.3808157172545
2.124,2.38963648383876
2.1245,-2.3808157172545
2.125,2.38930775944109
2.1255,-2.3808157172545
2.126,2.38865031064598
2.1265,-2.38015826584593
2.127,2.38865031064598
2.1275,-2.38015826584593
2.128,2.3889790350435
2.1285,-2.38015826584593
2.129,2.3889790350435
2.1295,-2.38048699155009
2.13,2.38930775944109
2.1305,-2.38015826584593
2.131,2.38832158624853
2.1315,-2.37982954014203
2.132,2.38865031064598
2.1325,-2.38015826584593
2.133,2.38865031064598
2.1335,-2.38015826584593
2.134,2.38865031064598
2.1345,-2.38015826584593
2.135,2.38832158624853
2.1355,-2.37982954014203
2.136,2.38799286185116
2.1365,-2.37982954014203
2.137,2.38799286185116
2.1375,-2.38015826584593
2.138,2.38832158624853
2.1385,-2.37982954014203
2.139,2.38832158624853
2.1395,-2.37982954014203
2.14,2.38799286185116
2.1405,-2.37982954014203
2.141,2.38766413745386
2.1415,-2.37950081443837
2.142,2.38799286185116
2.1425,-2.37950081443837
2.143,2.38799286185116
2.1435,-2.37982954014203
2.144,2.38799286185116
2.1445,-2.37982954014203
2.145,2.38766413745386
2.1455,-2.37884336303183
2.146,2.38766413745386
2.1465,-2.37917208873498
2.147,2.38733541305663
2.1475,-2.37917208873498
2.148,2.38799286185116
2.1485,-2.37917208873498
2.149,2.38733541305663
2.1495,-2.37950081443837
2.15,2.38766413745386
2.1505,-2.37884336303183
2.151,2.38733541305663
2.1515,-2.37884336303183
2.152,2.38700668865948
2.1525,-2.37851463732894
2.153,2.38700668865948
2.1535,-2.37917208873498
2.154,2.38700668865948
2.1545,-2.37884336303183
2.155,2.38700668865948
2.1555,-2.37884336303183
2.156,2.38700668865948
2.1565,-2.3781859116263
2.157,2.38700668865948
2.1575,-2.37851463732894
2.158,2.38700668865948
2.1585,-2.3781859116263
2.159,2.38733541305663
2.1595,-2.37851463732894
2.16,2.38733541305663
2.1605,-2.3781859116263
2.161,2.3866779642624
2.1615,-2.3781859116263
2.162,2.3866779642624
2.1625,-2.3781859116263
2.163,2.3866779642624
2.1635,-2.3781859116263
2.164,2.38634923986539
2.1645,-2.3781859116263
2.165,2.3866779642624
2.1655,-2.37752846022179
2.166,2.38634923986539
2.1665,-2.37785718592392
2.167,2.38634923986539
2.1675,-2.37752846022179
2.168,2.38602051546845
2.1685,-2.37752846022179
2.169,2.38634923986539
2.1695,-2.37785718592392
2.17,2.38634923986539
2.1705,-2.37752846022179
2.171,2.38602051546845
2.1715,-2.37719973451991
2.172,2.38602051546845
2.1725,-2.37719973451991
2.173,2.38569179107159
2.1735,-2.37752846022179
2.174,2.38569179107159
2.1745,-2.37785718592392
2.175,2.38602051546845
2.1755,-2.37719973451991
2.176,2.38602051546845
2.1765,-2.37719973451991
2.177,2.38569179107159
2.1775,-2.37687100881829
2.178,2.38602051546845
2.1785,-2.37752846022179
2.179,2.38536306667481
2.1795,-2.37687100881829
2.18,2.38569179107159
2.1805,-2.37654228311692
2.181,2.38569179107159
2.1815,-2.37687100881829
2.182,2.38536306667481
2.1825,-2.37687100881829
2.183,2.38569179107159
2.1835,-2.37654228311692
2.184,2.38536306667481
2.1845,-2.37654228311692
2.185,2.38569179107159
2.1855,-2.3762135574158
2.186,2.38470561788145
2.1865,-2.3762135574158
2.187,2.38470561788145
2.1875,-2.37654228311692
2.188,2.38503434227809
2.1885,-2.37654228311692
2.189,2.38503434227809
2.1895,-2.3762135574158
2.19,2.38503434227809
2.1905,-2.37687100881829
2.191,2.38503434227809
2.1915,-2.37588483171494
2.192,2.38503434227809
2.1925,-2.37588483171494
2.193,2.38470561788145
2.1935,-2.3762135574158
2.194,2.38470561788145
2.1945,-2.3762135574158
2.195,2.38470561788145
2.1955,-2.37522738031397
2.196,2.38437689348488
2.1965,-2.37555610601433
2.197,2.38470561788145
2.1975,-2.37555610601433
2.198,2.38437689348488
2.1985,-2.37588483171494
2.199,2.38437689348488
2.1995,-2.37555610601433
2.2,2.38470561788145
2.2005,-2.37555610601433
2.201,2.38437689348488
2.2015,-2.37555610601433
2.202,2.38437689348488
2.2025,-2.37456992891402
2.203,2.38437689348488
2.2035,-2.37555610601433
2.204,2.38404816908839
2.2045,-2.37555610601433
2.205,2.38437689348488
2.2055,-2.37522738031397
2.206,2.38437689348488
2.2065,-2.37489865461387
2.207,2.38404816908839
2.2075,-2.37489865461387
2.208,2.38371944469197
2.2085,-2.37522738031397
2.209,2.38404816908839
2.2095,-2.37522738031397
2.21,2.38339072029562
2.2105,-2.37456992891402
2.211,2.38371944469197
2.2115,-2.37456992891402
2.212,2.38371944469197
2.2125,-2.37456992891402
2.213,2.38339072029562
2.2135,-2.37456992891402
2.214,2.38371944469197
2.2145,-2.37489865461387
2.215,2.38306199589934
2.2155,-2.37391247751507
2.216,2.38339072029562
2.2165,-2.37424120321442
2.217,2.38306199589934
2.2175,-2.37456992891402
2.218,2.38339072029562
2.2185,-2.37456992891402
2.219,2.38339072029562
2.2195,-2.37424120321442
2.22,2.38339072029562
2.2205,-2.37424120321442
2.221,2.38306199589934
2.2215,-2.37391247751507
2.222,2.38306199589934
2.2225,-2.37358375181598
2.223,2.38306199589934
2.2235,-2.37391247751507
2.224,2.38273327150314
2.2245,-2.37391247751507
2.225,2.38240454710701
2.2255,-2.37358375181598
2.226,2.38273327150314
2.2265,-2.37358375181598
2.227,2.38240454710701
2.2275,-2.37358375181598
2.228,2.38273327150314
2.2285,-2.37391247751507
2.229,2.38240454710701
2.2295,-2.37391247751507
2.23,2.38240454710701
2.2305,-2.37325502611714
2.231,2.38207582271096
2.2315,-2.37391247751507
2.232,2.38174709831497
2.2325,-2.37358375181598
2.233,2.38207582271096
2.2335,-2.37358375181598
2.234,2.38240454710701
2.2345,-2.37325502611714
2.235,2.38207582271096
2.2355,-2.37292630041856
2.236,2.38207582271096
2.2365,-2.37292630041856
2.237,2.38174709831497
2.2375,-2.37325502611714
2.238,2.38207582271096
2.2385,-2.37292630041856
2.239,2.38174709831497
2.2395,-2.37292630041856
2.24,2.38141837391906
2.2405,-2.37292630041856
2.241,2.38174709831497
2.2415,-2.37259757472023
2.242,2.38141837391906
2.2425,-2.37292630041856
2.243,2.38141837391906
2.2435,-2.37325502611714
2.244,2.38141837391906
2.2445,-2.37292630041856
2.245,2.38141837391906
2.2455,-2.37259757472023
2.246,2.38108964952323
2.2465,-2.37259757472023
2.247,2.38108964952323
2.2475,-2.37194012332432
2.248,2.38108964952323
2.2485,-2.37259757472023
2.249,2.38141837391906
2.2495,-2.37292630041856
2.25,2.38108964952323
2.2505,-2.37226884902215
2.251,2.38076092512746
2.2515,-2.37226884902215
2.252,2.38076092512746
2.2525,-2.37226884902215
2.253,2.38043220073177
2.2535,-2.37194012332432
2.254,2.38076092512746
2.2545,-2.37194012332432
2.255,2.38076092512746
2.2555,-2.37161139762675
2.256,2.38076092512746
2.2565,-2.37161139762675
2.257,2.38076092512746
2.2575,-2.37161139762675
2.258,2.38076092512746
2.2585,-2.37226884902215
2.259,2.38043220073177
2.2595,-2.37194012332432
2.26,2.38010347633615
2.2605,-2.37161139762675
2.261,2.38043220073177
2.2615,-2.37128267192943
2.262,2.38043220073177
2.2625,-2.37161139762675
2.263,2.38043220073177
2.2635,-2.37161139762675
2.264,2.38010347633615
2.2645,-2.37161139762675
2.265,2.38010347633615
2.2655,-2.37128267192943
2.266,2.38010347633615
2.2665,-2.37128267192943
2.267,2.37944602754513
2.2675,-2.37062522053555
2.268,2.37977475194061
2.2685,-2.37128267192943
2.269,2.37977475194061
2.2695,-2.37095394623236
2.27,2.37944602754513
2.2705,-2.37062522053555
2.271,2.37944602754513
2.2715,-2.37062522053555
2.272,2.37944602754513
2.2725,-2.37062522053555
2.273,2.37977475194061
2.2735,-2.37062522053555
2.274,2.37944602754513
2.2745,-2.37062522053555
2.275,2.37944602754513
2.2755,-2.37062522053555
2.276,2.37944602754513
2.2765,-2.37029649483899
2.277,2.37944602754513
2.2775,-2.37029649483899
2.278,2.37944602754513
2.2785,-2.37095394623236
2.279,2.37911730314973
2.2795,-2.37029649483899
2.28,2.37977475194061
2.2805,-2.36996776914268
2.281,2.37911730314973
2.2815,-2.36963904344662
2.282,2.37944602754513
2.2825,-2.36996776914268
2.283,2.37911730314973
2.2835,-2.36963904344662
2.284,2.37911730314973
2.2845,-2.36963904344662
2.285,2.37911730314973
2.2855,-2.36931031775082
2.286,2.3787885787544
2.2865,-2.36931031775082
2.287,2.37845985435915
2.2875,-2.36931031775082
2.288,2.3787885787544
2.2885,-2.36931031775082
2.289,2.3787885787544
2.2895,-2.36898159205527
2.29,2.37911730314973
2.2905,-2.36898159205527
2.291,2.37845985435915
2.2915,-2.36898159205527
2.292,2.37845985435915
2.2925,-2.36865286635997
2.293,2.37845985435915
2.2935,-2.36963904344662
2.294,2.37845985435915
2.2945,-2.36963904344662
2.295,2.37813112996397
2.2955,-2.36931031775082
2.296,2.37813112996397
2.2965,-2.36865286635997
2.297,2.37813112996397
2.2975,-2.36799541497014
2.298,2.37780240556886
2.2985,-2.36832414066493
2.299,2.37813112996397
2.2995,-2.36865286635997
2.3,2.37813112996397
2.3005,-2.36832414066493
2.301,2.37813112996397
2.3015,-2.36832414066493
2.302,2.37747368117382
2.3025,-2.36799541497014
2.303,2.37780240556886
2.3035,-2.36865286635997
2.304,2.37747368117382
2.3045,-2.36799541497014
2.305,2.37780240556886
2.3055,-2.36799541497014
2.306,2.37747368117382
2.3065,-2.36799541497014
2.307,2.37747368117382
2.3075,-2.36832414066493
2.308,2.37714495677886
2.3085,-2.36832414066493
2.309,2.37747368117382
2.3095,-2.36832414066493
2.31,2.37747368117382
2.3105,-2.36799541497014
2.311,2.37681623238397
2.3115,-2.36799541497014
2.312,2.37681623238397
2.3125,-2.36832414066493
2.313,2.37714495677886
2.3135,-2.3676666892756
2.314,2.37714495677886
2.3145,-2.36733796358131
2.315,2.37681623238397
2.3155,-2.36733796358131
2.316,2.37714495677886
2.3165,-2.3676666892756
2.317,2.37681623238397
2.3175,-2.36733796358131
2.318,2.37681623238397
2.3185,-2.36733796358131
2.319,2.37648750798915
2.3195,-2.36700923788728
2.32,2.37648750798915
2.3205,-2.36700923788728
2.321,2.37648750798915
2.3215,-2.36700923788728
2.322,2.3761587835944
2.3225,-2.3666805121935
2.323,2.37681623238397
2.3235,-2.36700923788728
2.324,2.37648750798915
2.3245,-2.36700923788728
2.325,2.3761587835944
2.3255,-2.36635178649997
2.326,2.37648750798915
2.3265,-2.3666805121935
2.327,2.37583005919973
2.3275,-2.3660230608067
2.328,2.3761587835944
2.3285,-2.36700923788728
2.329,2.3761587835944
2.3295,-2.3666805121935
2.33,2.37583005919973
2.3305,-2.36635178649997
2.331,2.37550133480513
2.3315,-2.3660230608067
2.332,2.37550133480513
2.3325,-2.36635178649997
2.333,2.3751726104106
2.3335,-2.3660230608067
2.334,2.3751726104106
2.3345,-2.3666805121935
2.335,2.37583005919973
2.3355,-2.36635178649997
2.336,2.37484388601614
2.3365,-2.36569433511367
2.337,2.3751726104106
2.3375,-2.3660230608067
2.338,2.37484388601614
2.3385,-2.36569433511367
2.339,2.3751726104106
2.3395,-2.3660230608067
2.34,2.37484388601614
2.3405,-2.36569433511367
2.341,2.37451516162176
2.3415,-2.36569433511367
2.342,2.37418643722745
2.3425,-2.36569433511367
2.343,2.37451516162176
2.3435,-2.36635178649997
2.344,2.37418643722745
2.3445,-2.36569433511367
2.345,2.37418643722745
2.3455,-2.36569433511367
2.346,2.37418643722745
2.3465,-2.36569433511367
2.347,2.37385771283321
2.3475,-2.3653656094209
2.348,2.37385771283321
2.3485,-2.36569433511367
2.349,2.37418643722745
2.3495,-2.3660230608067
2.35,2.37418643722745
2.3505,-2.3653656094209
2.351,2.37352898843905
2.3515,-2.36503688372839
2.352,2.37385771283321
2.3525,-2.3653656094209
2.353,2.37385771283321
2.3535,-2.3653656094209
2.354,2.37352898843905
2.3545,-2.36503688372839
2.355,2.37385771283321
2.3555,-2.36470815803612
2.356,2.37352898843905
2.3565,-2.36470815803612
2.357,2.37320026404495
2.3575,-2.36470815803612
2.358,2.37320026404495
2.3585,-2.36503688372839
2.359,2.37320026404495
2.3595,-2.36503688372839
2.36,2.37352898843905
2.3605,-2.36437943234411
2.361,2.37352898843905
2.3615,-2.36437943234411
2.362,2.37254281525698
2.3625,-2.36405070665235
2.363,2.37352898843905
2.3635,-2.36437943234411
2.364,2.37352898843905
2.3645,-2.36437943234411
2.365,2.37352898843905
2.3655,-2.36405070665235
2.366,2.37352898843905
2.3665,-2.36372198096084
2.367,2.37287153965093
2.3675,-2.36372198096084
2.368,2.37320026404495
2.3685,-2.36405070665235
2.369,2.37320026404495
2.3695,-2.36372198096084
2.37,2.37287153965093
2.3705,-2.36405070665235
2.371,2.37254281525698
2.3715,-2.36339325526958
2.372,2.37254281525698
2.3725,-2.36306452957858
2.373,2.37254281525698
2.3735,-2.36306452957858
2.374,2.37287153965093
2.3745,-2.36405070665235
2.375,2.37254281525698
2.3755,-2.36306452957858
2.376,2.37221409086311
2.3765,-2.36372198096084
2.377,2.37221409086311
2.3775,-2.36273580388783
2.378,2.37254281525698
2.3785,-2.36339325526958
2.379,2.37221409086311
2.3795,-2.36306452957858
2.38,2.37221409086311
2.3805,-2.36306452957858
2.381,2.3718853664693
2.3815,-2.36306452957858
2.382,2.37155664207557
2.3825,-2.36273580388783
2.383,2.37221409086311
2.3835,-2.36306452957858
2.384,2.3718853664693
2.3845,-2.36339325526958
2.385,2.3718853664693
2.3855,-2.36273580388783
2.386,2.37155664207557
2.3865,-2.36306452957858
2.387,2.37155664207557
2.3875,-2.36273580388783
2.388,2.37155664207557
2.3885,-2.36306452957858
2.389,2.37155664207557
2.3895,-2.36306452957858
2.39,2.3718853664693
2.3905,-2.36240707819733
2.391,2.37155664207557
2.3915,-2.36240707819733
2.392,2.37122791768191
2.3925,-2.36207835250709
2.393,2.37122791768191
2.3935,-2.36207835250709
2.394,2.37122791768191
2.3945,-2.36240707819733
2.395,2.37122791768191
2.3955,-2.36174962681709
2.396,2.37089919328832
2.3965,-2.36174962681709
2.397,2.37057046889481
2.3975,-2.36240707819733
2.398,2.37089919328832
2.3985,-2.36174962681709
2.399,2.37122791768191
2.3995,-2.36207835250709
2.4,2.37057046889481
2.4005,-2.36142090112735
2.401,2.37089919328832
2.4015,-2.36142090112735
2.402,2.37024174450137
2.4025,-2.36142090112735
2.403,2.37057046889481
2.4035,-2.36174962681709
2.404,2.37057046889481
2.4045,-2.36174962681709
2.405,2.37057046889481
2.4055,-2.36109217543786
2.406,2.37057046889481
2.4065,-2.36109217543786
2.407,2.37024174450137
2.4075,-2.36109217543786
2.408,2.37089919328832
2.4085,-2.36109217543786
2.409,2.37024174450137
2.4095,-2.36142090112735
2.41,2.37024174450137
2.4105,-2.36076344974863
2.411,2.37024174450137
2.4115,-2.36076344974863
2.412,2.3695842957147
2.4125,-2.36076344974863
2.413,2.37024174450137
2.4135,-2.36142090112735
2.414,2.36991302010799
2.4145,-2.36076344974863
2.415,2.36991302010799
2.4155,-2.36043472405964
2.416,2.36991302010799
2.4165,-2.36076344974863
2.417,2.36991302010799
2.4175,-2.36043472405964
2.418,2.3695842957147
2.4185,-2.36076344974863
2.419,2.36925557132147
2.4195,-2.36043472405964
2.42,2.3695842957147
2.4205,-2.36010599837091
2.421,2.3695842957147
2.4215,-2.36043472405964
2.422,2.36892684692832
2.4225,-2.36010599837091
2.423,2.36892684692832
2.4235,-2.36043472405964
2.424,2.36892684692832
2.4245,-2.36010599837091
2.425,2.36892684692832
2.4255,-2.36010599837091
2.426,2.36859812253523
2.4265,-2.36010599837091
2.427,2.36859812253523
2.4275,-2.35977727268243
2.428,2.36859812253523
2.4285,-2.36010599837091
2.429,2.36859812253523
2.4295,-2.3594485469942
2.43,2.36859812253523
2.4305,-2.3594485469942
2.431,2.36826939814222
2.4315,-2.35977727268243
2.432,2.36826939814222
2.4325,-2.3594485469942
2.433,2.36826939814222
2.4335,-2.3594485469942
2.434,2.36826939814222
2.4345,-2.3594485469942
2.435,2.36826939814222
2.4355,-2.3594485469942
2.436,2.36761194935642
2.4365,-2.3594485469942
2.437,2.36728322496362
2.4375,-2.35911982130623
2.438,2.36728322496362
2.4385,-2.35911982130623
2.439,2.36761194935642
2.4395,-2.35977727268243
2.44,2.36761194935642
2.4405,-2.35911982130623
2.441,2.36728322496362
2.4415,-2.3587910956185
2.442,2.36728322496362
2.4425,-2.35911982130623
2.443,2.36761194935642
2.4435,-2.35911982130623
2.444,2.36761194935642
2.4445,-2.35911982130623
2.445,2.36761194935642
2.4455,-2.3587910956185
2.446,2.36728322496362
2.4465,-2.3587910956185
2.447,2.3669545005709
2.4475,-2.35813364424381
2.448,2.36728322496362
2.4485,-2.35846236993103
2.449,2.36728322496362
2.4495,-2.35813364424381
2.45,2.3669545005709
2.4505,-2.35813364424381
2.451,2.3669545005709
2.4515,-2.35813364424381
2.452,2.36662577617825
2.4525,-2.35813364424381
2.453,2.3669545005709
2.4535,-2.35846236993103
2.454,2.36662577617825
2.4545,-2.35813364424381
2.455,2.36662577617825
2.4555,-2.35780491855685
2.456,2.36662577617825
2.4565,-2.35714746718367
2.457,2.36629705178567
2.4575,-2.35747619287013
2.458,2.36662577617825
2.4585,-2.35780491855685
2.459,2.36662577617825
2.4595,-2.35813364424381
2.46,2.36629705178567
2.4605,-2.35747619287013
2.461,2.36596832739317
2.4615,-2.35714746718367
2.462,2.36629705178567
2.4625,-2.35681874149746
2.463,2.36596832739317
2.4635,-2.35747619287013
2.464,2.36629705178567
2.4645,-2.35780491855685
2.465,2.36596832739317
2.4655,-2.35747619287013
2.466,2.36629705178567
2.4665,-2.35780491855685
2.467,2.36563960300073
2.4675,-2.35681874149746
2.468,2.36596832739317
2.4685,-2.35681874149746
2.469,2.36563960300073
2.4695,-2.35714746718367
2.47,2.36563960300073
2.4705,-2.35681874149746
2.471,2.36531087860837
2.4715,-2.35681874149746
2.472,2.36465342982386
2.4725,-2.3564900158115
2.473,2.36498215421608
2.4735,-2.35681874149746
2.474,2.36531087860837
2.4745,-2.35681874149746
2.475,2.36531087860837
2.4755,-2.3564900158115
2.476,2.36498215421608
2.4765,-2.35681874149746
2.477,2.36432470543171
2.4775,-2.35616129012579
2.478,2.36498215421608
2.4785,-2.35681874149746
2.479,2.36498215421608
2.4795,-2.3564900158115
2.48,2.36531087860837
2.4805,-2.35616129012579
2.481,2.36432470543171
2.4815,-2.35616129012579
2.482,2.36465342982386
2.4825,-2.35583256444033
2.483,2.36432470543171
2.4835,-2.35616129012579
2.484,2.36432470543171
2.4845,-2.35616129012579
2.485,2.36432470543171
2.4855,-2.35583256444033
2.486,2.36399598103964
2.4865,-2.35550383875513
2.487,2.36432470543171
2.4875,-2.35583256444033
2.488,2.36432470543171
2.4885,-2.35583256444033
2.489,2.36432470543171
2.4895,-2.35583256444033
2.49,2.36432470543171
2.4905,-2.35550383875513
2.491,2.36399598103964
2.4915,-2.35583256444033
2.492,2.3633385322557
2.4925,-2.35550383875513
2.493,2.36366725664763
2.4935,-2.35583256444033
2.494,2.36366725664763
2.4945,-2.35550383875513
2.495,2.36432470543171
2.4955,-2.35550383875513
2.496,2.36366725664763
2.4965,-2.35550383875513
2.497,2.36300980786384
2.4975,-2.35550383875513
2.498,2.3633385322557
2.4985,-2.35517511307018
2.499,2.36366725664763
2.4995,-2.35550383875513
2.5,2.3633385322557
2.5005,-2.35517511307018
2.501,2.36300980786384
2.5015,-2.35484638738548
2.502,2.36300980786384
2.5025,-2.35484638738548
2.503,2.36300980786384
2.5035,-2.35484638738548
2.504,2.3633385322557
2.5045,-2.35451766170103
2.505,2.3633385322557
2.5055,-2.35517511307018
2.506,2.36268108347205
2.5065,-2.35484638738548
2.507,2.36268108347205
2.5075,-2.35418893601683
2.508,2.36268108347205
2.5085,-2.35418893601683
2.509,2.36268108347205
2.5095,-2.35451766170103
2.51,2.36235235908034
2.5105,-2.35418893601683
2.511,2.36268108347205
2.5115,-2.35386021033289
2.512,2.36202363468869
2.5125,-2.35418893601683
2.513,2.36202363468869
2.5135,-2.35451766170103
2.514,2.36235235908034
2.5145,-2.35386021033289
2.515,2.36235235908034
2.5155,-2.35418893601683
2.516,2.36202363468869
2.5165,-2.35386021033289
2.517,2.36169491029712
2.5175,-2.35386021033289
2.518,2.36202363468869
2.5185,-2.35386021033289
2.519,2.36235235908034
2.5195,-2.3535314846492
2.52,2.36202363468869
2.5205,-2.35320275896576
2.521,2.36169491029712
2.5215,-2.3535314846492
2.522,2.36202363468869
2.5225,-2.35320275896576
2.523,2.36202363468869
2.5235,-2.35320275896576
2.524,2.36169491029712
2.5245,-2.35320275896576
2.525,2.36169491029712
2.5255,-2.35287403328257
2.526,2.36169491029712
2.5265,-2.35254530759963
2.527,2.36169491029712
2.5275,-2.35287403328257
2.528,2.36103746151418
2.5285,-2.35287403328257
2.529,2.36103746151418
2.5295,-2.35287403328257
2.53,2.36202363468869
2.5305,-2.35287403328257
2.531,2.36136618590561
2.5315,-2.35254530759963
2.532,2.36136618590561
2.5325,-2.35188785623451
2.533,2.36136618590561
2.5335,-2.35221658191694
2.534,2.36103746151418
2.5345,-2.35188785623451
2.535,2.36103746151418
2.5355,-2.35221658191694
2.536,2.36103746151418
2.5365,-2.35188785623451
2.537,2.36070873712282
2.5375,-2.35221658191694
2.538,2.36070873712282
2.5385,-2.35188785623451
2.539,2.36103746151418
2.5395,-2.35221658191694
2.54,2.36103746151418
2.5405,-2.35155913055233
2.541,2.36005128834032
2.5415,-2.35188785623451
2.542,2.36005128834032
2.5425,-2.35123040487039
2.543,2.36038001273154
2.5435,-2.35155913055233
2.544,2.36005128834032
2.5445,-2.35155913055233
2.545,2.36038001273154
2.5455,-2.35155913055233
2.546,2.36005128834032
2.5465,-2.35155913055233
2.547,2.36005128834032
2.5475,-2.35123040487039
2.548,2.36038001273154
2.5485,-2.35123040487039
2.549,2.36038001273154
2.5495,-2.35090167918872
2.55,2.35972256394918
2.5505,-2.35123040487039
2.551,2.35972256394918
2.5515,-2.35123040487039
2.552,2.3593938395581
2.5525,-2.35057295350729
2.553,2.3590651151671
2.5535,-2.35090167918872
2.554,2.35972256394918
2.5545,-2.35090167918872
2.555,2.3593938395581
2.5555,-2.35090167918872
2.556,2.3593938395581
2.5565,-2.35024422782611
2.557,2.3593938395581
2.5575,-2.35090167918872
2.558,2.3593938395581
2.5585,-2.35090167918872
2.559,2.3593938395581
2.5595,-2.35123040487039
2.56,2.3590651151671
2.5605,-2.35057295350729
2.561,2.35873639077617
2.5615,-2.35024422782611
2.562,2.35873639077617
2.5625,-2.35057295350729
2.563,2.35873639077617
2.5635,-2.35057295350729
2.564,2.35873639077617
2.5645,-2.35057295350729
2.565,2.3590651151671
2.5655,-2.34991550214519
2.566,2.35807894199453
2.5665,-2.34991550214519
2.567,2.35807894199453
2.5675,-2.34958677646451
2.568,2.35840766638531
2.5685,-2.34991550214519
2.569,2.3590651151671
2.5695,-2.34958677646451
2.57,2.35840766638531
2.5705,-2.34925805078409
2.571,2.35807894199453
2.5715,-2.34925805078409
2.572,2.35807894199453
2.5725,-2.34958677646451
2.573,2.35840766638531
2.5735,-2.34991550214519
2.574,2.35840766638531
2.5745,-2.34958677646451
2.575,2.35840766638531
2.5755,-2.34925805078409
2.576,2.35807894199453
2.5765,-2.34925805078409
2.577,2.35775021760381
2.5775,-2.34925805078409
2.578,2.35840766638531
2.5785,-2.34892932510392
2.579,2.35775021760381
2.5795,-2.34892932510392
2.58,2.35775021760381
2.5805,-2.34892932510392
2.581,2.35742149321316
2.5815,-2.348600599424
2.582,2.35742149321316
2.5825,-2.34892932510392
2.583,2.35775021760381
2.5835,-2.34892932510392
2.584,2.35775021760381
2.5845,-2.34892932510392
2.585,2.35742149321316
2.5855,-2.34827187374433
2.586,2.35709276882259
2.5865,-2.348600599424
2.587,2.35676404443209
2.5875,-2.34827187374433
2.588,2.35709276882259
2.5885,-2.348600599424
2.589,2.35742149321316
2.5895,-2.348600599424
2.59,2.35676404443209
2.5905,-2.34794314806492
2.591,2.35709276882259
2.5915,-2.34794314806492
2.592,2.35643532004166
2.5925,-2.34794314806492
2.593,2.35643532004166
2.5935,-2.34827187374433
2.594,2.35643532004166
2.5945,-2.34794314806492
2.595,2.35643532004166
2.5955,-2.34728569670684
2.596,2.35676404443209
2.5965,-2.34761442238575
2.597,2.35643532004166
2.5975,-2.34761442238575
2.598,2.35643532004166
2.5985,-2.34794314806492
2.599,2.35676404443209
2.5995,-2.34761442238575
2.6,2.35643532004166
2.6005,-2.34728569670684
2.601,2.35643532004166
2.6015,-2.34662824534977
2.602,2.3561065956513
2.6025,-2.34662824534977
2.603,2.35643532004166
2.6035,-2.34728569670684
2.604,2.3561065956513
2.6045,-2.34695697102818
2.605,2.3561065956513
2.6055,-2.34695697102818
2.606,2.35544914687079
2.6065,-2.34662824534977
2.607,2.35512042248065
2.6075,-2.34662824534977
2.608,2.35577787126101
2.6085,-2.34629951967161
2.609,2.35544914687079
2.6095,-2.34662824534977
2.61,2.35544914687079
2.6105,-2.34662824534977
2.611,2.35512042248065
2.6115,-2.34629951967161
2.612,2.35512042248065
2.6125,-2.3459707939937
2.613,2.35512042248065
2.6135,-2.34662824534977
2.614,2.35512042248065
2.6145,-2.34662824534977
2.615,2.35512042248065
2.6155,-2.3459707939937
2.616,2.35512042248065
2.6165,-2.34629951967161
2.617,2.35479169809057
2.6175,-2.3459707939937
2.618,2.35479169809057
2.6185,-2.34629951967161
2.619,2.35446297370057
2.6195,-2.3459707939937
2.62,2.35512042248065
2.6205,-2.34564206831604
2.621,2.35479169809057
2.6215,-2.3459707939937
2.622,2.35479169809057
2.6225,-2.34564206831604
2.623,2.35479169809057
2.6235,-2.34564206831604
2.624,2.35479169809057
2.6245,-2.34564206831604
2.625,2.35446297370057
2.6255,-2.34531334263864
2.626,2.35380552492077
2.6265,-2.34564206831604
2.627,2.35413424931063
2.6275,-2.34564206831604
2.628,2.35413424931063
2.6285,-2.34531334263864
2.629,2.35413424931063
2.6295,-2.34564206831604
2.63,2.35413424931063
2.6305,-2.34498461696148
2.631,2.35380552492077
2.6315,-2.34498461696148
2.632,2.35413424931063
2.6325,-2.34531334263864
2.633,2.35380552492077
2.6335,-2.34498461696148
2.634,2.35380552492077
2.6345,-2.34498461696148
2.635,2.35380552492077
2.6355,-2.34498461696148
2.636,2.35380552492077
2.6365,-2.34465589128458
2.637,2.35347680053098
2.6375,-2.34465589128458
2.638,2.35347680053098
2.6385,-2.34465589128458
2.639,2.35347680053098
2.6395,-2.34432716560792
2.64,2.35380552492077
2.6405,-2.34432716560792
2.641,2.35281935175161
2.6415,-2.34432716560792
2.642,2.35314807614126
2.6425,-2.34399843993152
2.643,2.35314807614126
2.6435,-2.34432716560792
2.644,2.35281935175161
2.6445,-2.34432716560792
2.645,2.35249062736204
2.6455,-2.34432716560792
2.646,2.35281935175161
2.6465,-2.34399843993152
2.647,2.35281935175161
2.6475,-2.34399843993152
2.648,2.35281935175161
2.6485,-2.34366971425537
2.649,2.35281935175161
2.6495,-2.34432716560792
2.65,2.35281935175161
2.6505,-2.34366971425537
2.651,2.35281935175161
2.6515,-2.34334098857947
2.652,2.35216190297253
2.6525,-2.34334098857947
2.653,2.35281935175161
2.6535,-2.34334098857947
2.654,2.35249062736204
2.6545,-2.34334098857947
2.655,2.35281935175161
2.6555,-2.34334098857947
2.656,2.35183317858309
2.6565,-2.34301226290382
2.657,2.35249062736204
2.6575,-2.34301226290382
2.658,2.35216190297253
2.6585,-2.34301226290382
2.659,2.35183317858309
2.6595,-2.34301226290382
2.66,2.35249062736204
2.6605,-2.34268353722843
2.661,2.35216190297253
2.6615,-2.34268353722843
2.662,2.35183317858309
2.6625,-2.34235481155328
2.663,2.35183317858309
2.6635,-2.34268353722843
2.664,2.35183317858309
2.6645,-2.34235481155328
2.665,2.35183317858309
2.6655,-2.34202608587839
2.666,2.35216190297253
2.6665,-2.34235481155328
2.667,2.35117572980443
2.6675,-2.34202608587839
2.668,2.35183317858309
2.6685,-2.34235481155328
2.669,2.35150445419373
2.6695,-2.34301226290382
2.67,2.35117572980443
2.6705,-2.34202608587839
2.671,2.35117572980443
2.6715,-2.34202608587839
2.672,2.35117572980443
2.6725,-2.34169736020374
2.673,2.35084700541521
2.6735,-2.34202608587839
2.674,2.35117572980443
2.6745,-2.34202608587839
2.675,2.35117572980443
2.6755,-2.34202608587839
2.676,2.35051828102606
2.6765,-2.34169736020374
2.677,2.35084700541521
2.6775,-2.34136863452935
2.678,2.35084700541521
2.6785,-2.34169736020374
2.679,2.35084700541521
2.6795,-2.34136863452935
2.68,2.35084700541521
2.6805,-2.34169736020374
2.681,2.35051828102606
2.6815,-2.34136863452935
2.682,2.35018955663698
2.6825,-2.34136863452935
2.683,2.35018955663698
2.6835,-2.34136863452935
2.684,2.35018955663698
2.6845,-2.34136863452935
2.685,2.35018955663698
2.6855,-2.34103990885521
2.686,2.34986083224797
2.6865,-2.34071118318131
2.687,2.35018955663698
2.6875,-2.34038245750767
2.688,2.34986083224797
2.6885,-2.34071118318131
2.689,2.34953210785903
2.6895,-2.34038245750767
2.69,2.35051828102606
2.6905,-2.34038245750767
2.691,2.34986083224797
2.6915,-2.34038245750767
2.692,2.34920338347016
2.6925,-2.34071118318131
2.693,2.34953210785903
2.6935,-2.34005373183428
2.694,2.34953210785903
2.6945,-2.34071118318131
2.695,2.34986083224797
2.6955,-2.33972500616114
2.696,2.34920338347016
2.6965,-2.34005373183428
2.697,2.34920338347016
2.6975,-2.34005373183428
2.698,2.34887465908136
2.6985,-2.34071118318131
2.699,2.34920338347016
2.6995,-2.34005373183428
2.7,2.34920338347016
2.7005,-2.34005373183428
2.701,2.34854593469263
2.7015,-2.33972500616114
2.702,2.34854593469263
2.7025,-2.34005373183428
2.703,2.34887465908136
2.7035,-2.33972500616114
2.704,2.34887465908136
2.7045,-2.33972500616114
2.705,2.34887465908136
2.7055,-2.33939628048826
2.706,2.34821721030397
2.7065,-2.33939628048826
2.707,2.34821721030397
2.7075,-2.33906755481562
2.708,2.34821721030397
2.7085,-2.33906755481562
2.709,2.34821721030397
2.7095,-2.33906755481562
2.71,2.34821721030397
2.7105,-2.33906755481562
2.711,2.34788848591539
2.7115,-2.33873882914323
2.712,2.34788848591539
2.7125,-2.33906755481562
2.713,2.34821721030397
2.7135,-2.33906755481562
2.714,2.34755976152687
2.7145,-2.33906755481562
2.715,2.34755976152687
2.7155,-2.33873882914323
2.716,2.34723103713843
2.7165,-2.33873882914323
2.717,2.34755976152687
2.7175,-2.33873882914323
2.718,2.34723103713843
2.7185,-2.33873882914323
2.719,2.34723103713843
2.7195,-2.33873882914323
2.72,2.34755976152687
2.7205,-2.3384101034711
2.721,2.34723103713843
2.7215,-2.3384101034711
2.722,2.34723103713843
2.7225,-2.33808137779921
2.723,2.34723103713843
2.7235,-2.33873882914323
2.724,2.34690231275005
2.7245,-2.3384101034711
2.725,2.34690231275005
2.7255,-2.33808137779921
2.726,2.34690231275005
2.7265,-2.33775265212758
2.727,2.34690231275005
2.7275,-2.33808137779921
2.728,2.34657358836175
2.7285,-2.33808137779921
2.729,2.34690231275005
2.7295,-2.33808137779921
2.73,2.34690231275005
2.7305,-2.33775265212758
2.731,2.34624486397351
2.7315,-2.33808137779921
2.732,2.34624486397351
2.7325,-2.33775265212758
2.733,2.34624486397351
2.7335,-2.33709520078506
2.734,2.34624486397351
2.7345,-2.33742392645619
2.735,2.34624486397351
2.7355,-2.33709520078506
2.736,2.34624486397351
2.7365,-2.33709520078506
2.737,2.34591613958535
2.7375,-2.33709520078506
2.738,2.34624486397351
2.7385,-2.33742392645619
2.739,2.34624486397351
2.7395,-2.33709520078506
2.74,2.34558741519726
2.7405,-2.33742392645619
2.741,2.34525869080924
2.7415,-2.33709520078506
2.742,2.34525869080924
2.7425,-2.33676647511418
2.743,2.34558741519726
2.7435,-2.33643774944354
2.744,2.34558741519726
2.7445,-2.33676647511418
2.745,2.34558741519726
2.7455,-2.33643774944354
2.746,2.34525869080924
2.7465,-2.33643774944354
2.747,2.34525869080924
2.7475,-2.33610902377316
2.748,2.34492996642129
2.7485,-2.33643774944354
2.749,2.34492996642129
2.7495,-2.33676647511418
2.75,2.34492996642129
2.7505,-2.33610902377316
2.751,2.3446012420334
2.7515,-2.33578029810303
2.752,2.34492996642129
2.7525,-2.33610902377316
2.753,2.34492996642129
2.7535,-2.33676647511418
2.754,2.34525869080924
2.7545,-2.33643774944354
2.755,2.34492996642129
2.7555,-2.33578029810303
2.756,2.34427251764559
2.7565,-2.33610902377316
2.757,2.3446012420334
2.7575,-2.33545157243315
2.758,2.34427251764559
2.7585,-2.33578029810303
2.759,2.3446012420334
2.7595,-2.33578029810303
2.76,2.34427251764559
2.7605,-2.33578029810303
2.761,2.34427251764559
2.7615,-2.33545157243315
2.762,2.34361506887018
2.7625,-2.33545157243315
2.763,2.34427251764559
2.7635,-2.33512284676352
2.764,2.34427251764559
2.7645,-2.33578029810303
2.765,2.34394379325785
2.7655,-2.33512284676352
2.766,2.34361506887018
2.7665,-2.33512284676352
2.767,2.34361506887018
2.7675,-2.33479412109414
2.768,2.34394379325785
2.7685,-2.33545157243315
2.769,2.34394379325785
2.7695,-2.33512284676352
2.77,2.34361506887018
2.7705,-2.33479412109414
2.771,2.34328634448258
2.7715,-2.33446539542501
2.772,2.34328634448258
2.7725,-2.33413666975613
2.773,2.34361506887018
2.7735,-2.33446539542501
2.774,2.34295762009506
2.7745,-2.33446539542501
2.775,2.34328634448258
2.7755,-2.33413666975613
2.776,2.34328634448258
2.7765,-2.33446539542501
2.777,2.34295762009506
2.7775,-2.33446539542501
2.778,2.34295762009506
2.7785,-2.33413666975613
2.779,2.34295762009506
2.7795,-2.33446539542501
2.78,2.34295762009506
2.7805,-2.3338079440875
2.781,2.3426288957076
2.7815,-2.3338079440875
2.782,2.3426288957076
2.7825,-2.33347921841913
2.783,2.34230017132021
2.7835,-2.3338079440875
2.784,2.34295762009506
2.7845,-2.3338079440875
2.785,2.3426288957076
2.7855,-2.33347921841913
2.786,2.34197144693289
2.7865,-2.33347921841913
2.787,2.34197144693289
2.7875,-2.333150492751
2.788,2.34230017132021
2.7885,-2.33347921841913
2.789,2.34230017132021
2.7895,-2.33347921841913
2.79,2.34230017132021
2.7905,-2.333150492751
2.791,2.34131399815846
2.7915,-2.333150492751
2.792,2.34164272254564
2.7925,-2.333150492751
2.793,2.34164272254564
2.7935,-2.33347921841913
2.794,2.34164272254564
2.7945,-2.33282176708312
2.795,2.34131399815846
2.7955,-2.333150492751
2.796,2.34164272254564
2.7965,-2.33282176708312
2.797,2.34131399815846
2.7975,-2.33282176708312
2.798,2.34164272254564
2.7985,-2.333150492751
2.799,2.34131399815846
2.7995,-2.33347921841913
2.8,2.34098527377136
2.8005,-2.33249304141549
2.801,2.34098527377136
2.8015,-2.33249304141549
2.802,2.34065654938432
2.8025,-2.33249304141549
2.803,2.34098527377136
2.8035,-2.33249304141549
2.804,2.34098527377136
2.8045,-2.33282176708312
2.805,2.34065654938432
2.8055,-2.33216431574812
2.806,2.34065654938432
2.8065,-2.33249304141549
2.807,2.34032782499735
2.8075,-2.33216431574812
2.808,2.34065654938432
2.8085,-2.33183559008099
2.809,2.34098527377136
2.8095,-2.33216431574812
2.81,2.34032782499735
2.8105,-2.33150686441411
2.811,2.34032782499735
2.8115,-2.33150686441411
2.812,2.34032782499735
2.8125,-2.33150686441411
2.813,2.34065654938432
2.8135,-2.33183559008099
2.814,2.33999910061045
2.8145,-2.33183559008099
2.815,2.33999910061045
2.8155,-2.33084941308111
2.816,2.33999910061045
2.8165,-2.33150686441411
2.817,2.33999910061045
2.8175,-2.33117813874749
2.818,2.33967037622363
2.8185,-2.33117813874749
2.819,2.33934165183687
2.8195,-2.33084941308111
2.82,2.33967037622363
2.8205,-2.33084941308111
2.821,2.33934165183687
2.8215,-2.33084941308111
2.822,2.33934165183687
2.8225,-2.33084941308111
2.823,2.33967037622363
2.8235,-2.33117813874749
2.824,2.33967037622363
2.8245,-2.33084941308111
2.825,2.33901292745018
2.8255,-2.33052068741499
2.826,2.33901292745018
2.8265,-2.33019196174911
2.827,2.33901292745018
2.8275,-2.33084941308111
2.828,2.33901292745018
2.8285,-2.33052068741499
2.829,2.33901292745018
2.8295,-2.33052068741499
2.83,2.33934165183687
2.8305,-2.33019196174911
2.831,2.33868420306357
2.8315,-2.32986323608349
2.832,2.33901292745018
2.8325,-2.32986323608349
2.833,2.33868420306357
2.8335,-2.32986323608349
2.834,2.33835547867702
2.8345,-2.33019196174911
2.835,2.33835547867702
2.8355,-2.32953451041811
2.836,2.33835547867702
2.8365,-2.32920578475299
2.837,2.33802675429054
2.8375,-2.32953451041811
2.838,2.33835547867702
2.8385,-2.32986323608349
2.839,2.33835547867702
2.8395,-2.33019196174911
2.84,2.33835547867702
2.8405,-2.32953451041811
2.841,2.33769802990413
2.8415,-2.32920578475299
2.842,2.33769802990413
2.8425,-2.32920578475299
2.843,2.33769802990413
2.8435,-2.32953451041811
2.844,2.3373693055178
2.8445,-2.32920578475299
2.845,2.33769802990413
2.8455,-2.32953451041811
2.846,2.3373693055178
2.8465,-2.32920578475299
2.847,2.33769802990413
2.8475,-2.32920578475299
2.848,2.33802675429054
2.8485,-2.32920578475299
2.849,2.3373693055178
2.8495,-2.32920578475299
2.85,2.3373693055178
2.8505,-2.32854833342349
2.851,2.33704058113153
2.8515,-2.32854833342349
2.852,2.33671185674533
2.8525,-2.32854833342349
2.853,2.33704058113153
2.8535,-2.32854833342349
2.854,2.3373693055178
2.8545,-2.32854833342349
2.855,2.33704058113153
2.8555,-2.32789088209499
2.856,2.33671185674533
2.8565,-2.32821960775911
2.857,2.33671185674533
2.8575,-2.32756215643111
2.858,2.33671185674533
2.8585,-2.32789088209499
2.859,2.33638313235921
2.8595,-2.32789088209499
2.86,2.33638313235921
2.8605,-2.32789088209499
2.861,2.33638313235921
2.8615,-2.32756215643111
2.862,2.33638313235921
2.8625,-2.32789088209499
2.863,2.33671185674533
2.8635,-2.32756215643111
2.864,2.33638313235921
2.8645,-2.32756215643111
2.865,2.33638313235921
2.8655,-2.32723343076749
2.866,2.33638313235921
2.8665,-2.32723343076749
2.867,2.33605440797315
2.8675,-2.32657597944099
2.868,2.33605440797315
2.8685,-2.32690470510411
2.869,2.33572568358716
2.8695,-2.32723343076749
2.87,2.33572568358716
2.8705,-2.32690470510411
2.871,2.33572568358716
2.8715,-2.32657597944099
2.872,2.33539695920124
2.8725,-2.32624725377811
2.873,2.33539695920124
2.8735,-2.32657597944099
2.874,2.33605440797315
2.8745,-2.32690470510411
2.875,2.33539695920124
2.8755,-2.32657597944099
2.876,2.33539695920124
2.8765,-2.32624725377811
2.877,2.33506823481539
2.8775,-2.32591852811549
2.878,2.33539695920124
2.8785,-2.32624725377811
2.879,2.33539695920124
2.8795,-2.32624725377811
2.88,2.33506823481539
2.8805,-2.32624725377811
2.881,2.33441078604391
2.8815,-2.32657597944099
2.882,2.33441078604391
2.8825,-2.32558980245311
2.883,2.33473951042962
2.8835,-2.32624725377811
2.884,2.33441078604391
2.8845,-2.32591852811549
2.885,2.33473951042962
2.8855,-2.32624725377811
2.886,2.33408206165827
2.8865,-2.32558980245311
2.887,2.33408206165827
2.8875,-2.32558980245311
2.888,2.33473951042962
2.8885,-2.32558980245311
2.889,2.33441078604391
2.8895,-2.32558980245311
2.89,2.33473951042962
2.8905,-2.32526107679099
2.891,2.3337533372727
2.8915,-2.32493235112911
2.892,2.33408206165827
2.8925,-2.32526107679099
2.893,2.33408206165827
2.8935,-2.32526107679099
2.894,2.33408206165827
2.8945,-2.32526107679099
2.895,2.33408206165827
2.8955,-2.32493235112911
2.896,2.3337533372727
2.8965,-2.32493235112911
2.897,2.33408206165827
2.8975,-2.32460362546748
2.898,2.3334246128872
2.8985,-2.32427489980611
2.899,2.3337533372727
2.8995,-2.32493235112911
2.9,2.3337533372727
2.9005,-2.32460362546748
2.901,2.3334246128872
2.9015,-2.32394617414498
2.902,2.3334246128872
2.9025,-2.32394617414498
2.903,2.3337533372727
2.9035,-2.32460362546748
2.904,2.3334246128872
2.9045,-2.32427489980611
2.905,2.3334246128872
2.9055,-2.32394617414498
2.906,2.33309588850177
2.9065,-2.3236174484841
2.907,2.33276716411641
2.9075,-2.32427489980611
2.908,2.3334246128872
2.9085,-2.3236174484841
2.909,2.33309588850177
2.9095,-2.3236174484841
2.91,2.33309588850177
2.9105,-2.3236174484841
2.911,2.33276716411641
2.9115,-2.32394617414498
2.912,2.33276716411641
2.9125,-2.3236174484841
2.913,2.33276716411641
2.9135,-2.3236174484841
2.914,2.33276716411641
2.9145,-2.32328872282348
2.915,2.33276716411641
2.9155,-2.3236174484841
2.916,2.3321097153459
2.9165,-2.3229599971631
2.917,2.33276716411641
2.9175,-2.32328872282348
2.918,2.3321097153459
2.9185,-2.32328872282348
2.919,2.3321097153459
2.9195,-2.3229599971631
2.92,2.33276716411641
2.9205,-2.3229599971631
2.921,2.33178099096075
2.9215,-2.3229599971631
2.922,2.33178099096075
2.9225,-2.32263127150297
2.923,2.3321097153459
2.9235,-2.32263127150297
2.924,2.33178099096075
2.9245,-2.32263127150297
2.925,2.3321097153459
2.9255,-2.32230254584309
2.926,2.33112354219065
2.9265,-2.32230254584309
2.927,2.33112354219065
2.9275,-2.32230254584309
2.928,2.33178099096075
2.9285,-2.3229599971631
2.929,2.33145226657567
2.9295,-2.32263127150297
2.93,2.33145226657567
2.9305,-2.32230254584309
2.931,2.33145226657567
2.9315,-2.32164509452409
2.932,2.33112354219065
2.9325,-2.32164509452409
2.933,2.33112354219065
2.9335,-2.32164509452409
2.934,2.33112354219065
2.9345,-2.32197382018346
2.935,2.33112354219065
2.9355,-2.32197382018346
2.936,2.33079481780571
2.9365,-2.32164509452409
2.937,2.33013736903603
2.9375,-2.32131636886496
2.938,2.33079481780571
2.9385,-2.32164509452409
2.939,2.33046609342084
2.9395,-2.32164509452409
2.94,2.33046609342084
2.9405,-2.32164509452409
2.941,2.33079481780571
2.9415,-2.32131636886496
2.942,2.3298086446513
2.9425,-2.32098764320608
2.943,2.33013736903603
2.9435,-2.32131636886496
2.944,2.33013736903603
2.9445,-2.32131636886496
2.945,2.33013736903603
2.9455,-2.32098764320608
2.946,2.32947992026663
2.9465,-2.32098764320608
2.947,2.3298086446513
2.9475,-2.32065891754745
2.948,2.32947992026663
2.9485,-2.32131636886496
2.949,2.3298086446513
2.9495,-2.32098764320608
2.95,2.32947992026663
2.9505,-2.32065891754745
2.951,2.32947992026663
2.9515,-2.32033019188906
2.952,2.32915119588204
2.9525,-2.32065891754745
2.953,2.32915119588204
2.9535,-2.32033019188906
2.954,2.32947992026663
2.9545,-2.32033019188906
2.955,2.32915119588204
2.9555,-2.32033019188906
2.956,2.32915119588204
2.9565,-2.32000146623093
2.957,2.32882247149751
2.9575,-2.31967274057305
2.958,2.32882247149751
2.9585,-2.32000146623093
2.959,2.32915119588204
2.9595,-2.32000146623093
2.96,2.32882247149751
2.9605,-2.31967274057305
2.961,2.32882247149751
2.9615,-2.31901528925803
2.962,2.32816502272867
2.9625,-2.31934401491542
2.963,2.32816502272867
2.9635,-2.31967274057305
2.964,2.32849374711305
2.9645,-2.31967274057305
2.965,2.32816502272867
2.9655,-2.31934401491542
2.966,2.32849374711305
2.9665,-2.31901528925803
2.967,2.32849374711305
2.9675,-2.31901528925803
2.968,2.32849374711305
2.9685,-2.31934401491542
2.969,2.32816502272867
2.9695,-2.31934401491542
2.97,2.3275075739601
2.9705,-2.31901528925803
2.971,2.3275075739601
2.9715,-2.31901528925803
2.972,2.3275075739601
2.9725,-2.3186865636009
2.973,2.32783629834435
2.9735,-2.31901528925803
2.974,2.3275075739601
2.9745,-2.3186865636009
2.975,2.3275075739601
2.9755,-2.3186865636009
2.976,2.3275075739601
2.9765,-2.3186865636009
2.977,2.32717884957592
2.9775,-2.3186865636009
2.978,2.32717884957592
2.9785,-2.31901528925803
2.979,2.32717884957592
2.9795,-2.3186865636009
2.98,2.32717884957592
2.9805,-2.31802911228738
2.981,2.32717884957592
2.9815,-2.31802911228738
2.982,2.32717884957592
2.9825,-2.31802911228738
2.983,2.32685012519181
2.9835,-2.31835783794402
2.984,2.32652140080777
2.9845,-2.31770038663099
2.985,2.32685012519181
2.9855,-2.31770038663099
2.986,2.32586395203989
2.9865,-2.31737166097486
2.987,2.32652140080777
2.9875,-2.31770038663099
2.988,2.32619267642379
2.9885,-2.31770038663099
2.989,2.32619267642379
2.9895,-2.31770038663099
2.99,2.32619267642379
2.9905,-2.31770038663099
2.991,2.32586395203989
2.9915,-2.31737166097486
2.992,2.32586395203989
2.9925,-2.31704293531897
2.993,2.32586395203989
2.9935,-2.31770038663099
2.994,2.32586395203989
2.9945,-2.31671420966333
2.995,2.32586395203989
2.9955,-2.31671420966333
2.996,2.32553522765606
2.9965,-2.31704293531897
2.997,2.32520650327229
2.9975,-2.31671420966333
2.998,2.32586395203989
2.9985,-2.31671420966333
2.999,2.32586395203989
2.9995,-2.31638548400794
3,2.32553522765606
3.0005,-2.31638548400794
3.001,2.32454905450497
3.0015,-2.31671420966333
3.002,2.32520650327229
3.0025,-2.31638548400794
3.003,2.32520650327229
3.0035,-2.31671420966333
3.004,2.32553522765606
3.0045,-2.3160567583528
3.005,2.32553522765606
3.0055,-2.31572803269791
3.006,2.32520650327229
3.0065,-2.3160567583528
3.007,2.32520650327229
3.0075,-2.31572803269791
3.008,2.32520650327229
3.0085,-2.31638548400794
3.009,2.32487777888859
3.0095,-2.3160567583528
3.01,2.32520650327229
3.0105,-2.31572803269791
3.011,2.32520650327229
3.0115,-2.31572803269791
3.012,2.32454905450497
3.0125,-2.31572803269791
3.013,2.32487777888859
3.0135,-2.3160567583528
3.014,2.32487777888859
3.0145,-2.31572803269791
3.015,2.32454905450497
3.0155,-2.31539930704327
3.016,2.32454905450497
3.0165,-2.31539930704327
3.017,2.32454905450497
3.0175,-2.31539930704327
3.018,2.32454905450497
3.0185,-2.31539930704327
3.019,2.32422033012141
3.0195,-2.31539930704327
3.02,2.32454905450497
3.0205,-2.31507058138888
3.021,2.32422033012141
3.0215,-2.31507058138888
3.022,2.32422033012141
3.0225,-2.31474185573474
3.023,2.32422033012141
3.0235,-2.31507058138888
3.024,2.32422033012141
3.0245,-2.31441313008084
3.025,2.32422033012141
3.0255,-2.31474185573474
3.026,2.32389160573792
3.0265,-2.31474185573474
3.027,2.3235628813545
3.0275,-2.3140844044272
3.028,2.3235628813545
3.0285,-2.31474185573474
3.029,2.32389160573792
3.0295,-2.31441313008084
3.03,2.32323415697115
3.0305,-2.3140844044272
3.031,2.32323415697115
3.0315,-2.3140844044272
3.032,2.3235628813545
3.0325,-2.31441313008084
3.033,2.32323415697115
3.0335,-2.3140844044272
3.034,2.32323415697115
3.0345,-2.3137556787738
3.035,2.3235628813545
3.0355,-2.3137556787738
3.036,2.32323415697115
3.0365,-2.31342695312065
3.037,2.32224798382151
3.0375,-2.31276950181511
3.038,2.32290543258787
3.0385,-2.3137556787738
3.039,2.32290543258787
3.0395,-2.3137556787738
3.04,2.32257670820466
3.0405,-2.3137556787738
3.041,2.32224798382151
3.0415,-2.31276950181511
3.042,2.32224798382151
3.0425,-2.31276950181511
3.043,2.32257670820466
3.0435,-2.31342695312065
3.044,2.32257670820466
3.0445,-2.31342695312065
3.045,2.32257670820466
3.0455,-2.31309822746776
3.046,2.32191925943844
3.0465,-2.31309822746776
3.047,2.32224798382151
3.0475,-2.31276950181511
3.048,2.32224798382151
3.0485,-2.31244077616271
3.049,2.32191925943844
3.0495,-2.31276950181511
3.05,2.32224798382151
3.0505,-2.31244077616271
3.051,2.32093308628962
3.0515,-2.31244077616271
3.052,2.32159053505543
3.0525,-2.31244077616271
3.053,2.32191925943844
3.0535,-2.31276950181511
3.054,2.32159053505543
3.0545,-2.31211205051055
3.055,2.32159053505543
3.0555,-2.31211205051055
3.056,2.32126181067249
3.0565,-2.31178332485865
3.057,2.32126181067249
3.0575,-2.31178332485865
3.058,2.32093308628962
3.0585,-2.31211205051055
3.059,2.32093308628962
3.0595,-2.31211205051055
3.06,2.32126181067249
3.0605,-2.31178332485865
3.061,2.32060436190682
3.0615,-2.31178332485865
3.062,2.32060436190682
3.0625,-2.31178332485865
3.063,2.32060436190682
3.0635,-2.31178332485865
3.064,2.32060436190682
3.0645,-2.311454599207
3.065,2.32027563752409
3.0655,-2.31211205051055
3.066,2.32060436190682
3.0665,-2.31112587355559
3.067,2.32027563752409
3.0675,-2.31178332485865
3.068,2.32060436190682
3.0685,-2.311454599207
3.069,2.32093308628962
3.0695,-2.311454599207
3.07,2.32093308628962
3.0705,-2.31112587355559
3.071,2.31994691314143
3.0715,-2.31079714790444
3.072,2.32027563752409
3.0725,-2.311454599207
3.073,2.31994691314143
3.0735,-2.31112587355559
3.074,2.31994691314143
3.0745,-2.31079714790444
3.075,2.31994691314143
3.0755,-2.31046842225353
3.076,2.31961818875884
3.0765,-2.31013969660287
3.077,2.31961818875884
3.0775,-2.31046842225353
3.078,2.31961818875884
3.0785,-2.31013969660287
3.079,2.31928946437631
3.0795,-2.31013969660287
3.08,2.31928946437631
3.0805,-2.30981097095246
3.081,2.31896073999386
3.0815,-2.31013969660287
3.082,2.31896073999386
3.0825,-2.30981097095246
3.083,2.31896073999386
3.0835,-2.31013969660287
3.084,2.31928946437631
3.0845,-2.30981097095246
3.085,2.31896073999386
3.0855,-2.3094822453023
3.086,2.31830329122915
3.0865,-2.3094822453023
3.087,2.31863201561147
3.0875,-2.30981097095246
3.088,2.31896073999386
3.0885,-2.30981097095246
3.089,2.31863201561147
3.0895,-2.30981097095246
3.09,2.31863201561147
3.0905,-2.3094822453023
3.091,2.31830329122915
3.0915,-2.30915351965239
3.092,2.3179745668469
3.0925,-2.30915351965239
3.093,2.3179745668469
3.0935,-2.3094822453023
3.094,2.31830329122915
3.0945,-2.30915351965239
3.095,2.31830329122915
3.0955,-2.30915351965239
3.096,2.3179745668469
3.0965,-2.30882479400273
3.097,2.3173171180826
3.0975,-2.30882479400273
3.098,2.31764584246472
3.0985,-2.30849606835331
3.099,2.3173171180826
3.0995,-2.30915351965239
3.1,2.3173171180826
3.1005,-2.30849606835331
3.101,2.3173171180826
3.1015,-2.30816734270415
3.102,2.31698839370056
3.1025,-2.30816734270415
3.103,2.3173171180826
3.1035,-2.30849606835331
3.104,2.31698839370056
3.1045,-2.30849606835331
3.105,2.3173171180826
3.1055,-2.30816734270415
3.106,2.31698839370056
3.1065,-2.30783861705523
3.107,2.31665966931858
3.1075,-2.30750989140656
3.108,2.31698839370056
3.1085,-2.30783861705523
3.109,2.31665966931858
3.1095,-2.30783861705523
3.11,2.31698839370056
3.1105,-2.30750989140656
3.111,2.31698839370056
3.1115,-2.30783861705523
3.112,2.31633094493668
3.1125,-2.30750989140656
3.113,2.31665966931858
3.1135,-2.30718116575814
3.114,2.31665966931858
3.1145,-2.30718116575814
3.115,2.31633094493668
3.1155,-2.30718116575814
3.116,2.31633094493668
3.1165,-2.30685244010997
3.117,2.31600222055484
3.1175,-2.30685244010997
3.118,2.31633094493668
3.1185,-2.30619498881437
3.119,2.31665966931858
3.1195,-2.30685244010997
3.12,2.31633094493668
3.1205,-2.30685244010997
3.121,2.31633094493668
3.1215,-2.30652371446205
3.122,2.31600222055484
3.1225,-2.30652371446205
3.123,2.31633094493668
3.1235,-2.30652371446205
3.124,2.31567349617307
3.1245,-2.30619498881437
3.125,2.31600222055484
3.1255,-2.30652371446205
3.126,2.31567349617307
3.1265,-2.30652371446205
3.127,2.31567349617307
3.1275,-2.30586626316695
3.128,2.31600222055484
3.1285,-2.30619498881437
3.129,2.31600222055484
3.1295,-2.30586626316695
3.13,2.31534477179136
3.1305,-2.30553753751977
3.131,2.31534477179136
3.1315,-2.30619498881437
3.132,2.31468732302817
3.1325,-2.30553753751977
3.133,2.31501604740973
3.1335,-2.30586626316695
3.134,2.31501604740973
3.1345,-2.30553753751977
3.135,2.31534477179136
3.1355,-2.30553753751977
3.136,2.31501604740973
3.1365,-2.30520881187284
3.137,2.31435859864667
3.1375,-2.30553753751977
3.138,2.31501604740973
3.1385,-2.30553753751977
3.139,2.31501604740973
3.1395,-2.30488008622616
3.14,2.31468732302817
3.1405,-2.30488008622616
3.141,2.31435859864667
3.1415,-2.30520881187284
3.142,2.31402987426524
3.1425,-2.30520881187284
3.143,2.31435859864667
3.1435,-2.30520881187284
3.144,2.31435859864667
3.1445,-2.30488008622616
3.145,2.31402987426524
3.1455,-2.30488008622616
3.146,2.31402987426524
3.1465,-2.30455136057973
3.147,2.31402987426524
3.1475,-2.30422263493354
3.148,2.31402987426524
3.1485,-2.30455136057973
3.149,2.31337242550259
3.1495,-2.30455136057973
3.15,2.31337242550259
3.1505,-2.30389390928761
3.151,2.31337242550259
3.1515,-2.30455136057973
3.152,2.31337242550259
3.1525,-2.30422263493354
3.153,2.31370114988388
3.1535,-2.30455136057973
3.154,2.31337242550259
3.1545,-2.30389390928761
3.155,2.31304370112136
3.1555,-2.30389390928761
3.156,2.31304370112136
3.1565,-2.30422263493354
3.157,2.31271497674021
3.1575,-2.30356518364192
3.158,2.31304370112136
3.1585,-2.30389390928761
3.159,2.31238625235912
3.1595,-2.30356518364192
3.16,2.31271497674021
3.1605,-2.30389390928761
3.161,2.31271497674021
3.1615,-2.30323645799648
3.162,2.31271497674021
3.1625,-2.30356518364192
3.163,2.31304370112136
3.1635,-2.30356518364192
3.164,2.31271497674021
3.1645,-2.30323645799648
3.165,2.31271497674021
3.1655,-2.30290773235129
3.166,2.31238625235912
3.1665,-2.30290773235129
3.167,2.31172880359715
3.1675,-2.30323645799648
3.168,2.31238625235912
3.1685,-2.30257900670635
3.169,2.31238625235912
3.1695,-2.30290773235129
3.17,2.31238625235912
3.1705,-2.30323645799648
3.171,2.31172880359715
3.1715,-2.30257900670635
3.172,2.31140007921627
3.1725,-2.30192155541721
3.173,2.31172880359715
3.1735,-2.30257900670635
3.174,2.31172880359715
3.1745,-2.30257900670635
3.175,2.31172880359715
3.1755,-2.30192155541721
3.176,2.31140007921627
3.1765,-2.30225028106165
3.177,2.31140007921627
3.1775,-2.30225028106165
3.178,2.31140007921627
3.1785,-2.30192155541721
3.179,2.31107135483545
3.1795,-2.30192155541721
3.18,2.31140007921627
3.1805,-2.30192155541721
3.181,2.31041390607403
3.1815,-2.30192155541721
3.182,2.31074263045471
3.1825,-2.30159282977301
3.183,2.31074263045471
3.1835,-2.30192155541721
3.184,2.31107135483545
3.1845,-2.30159282977301
3.185,2.31074263045471
3.1855,-2.30126410412906
3.186,2.31041390607403
3.1865,-2.30126410412906
3.187,2.30975645731288
3.1875,-2.30159282977301
3.188,2.31041390607403
3.1885,-2.30159282977301
3.189,2.31041390607403
3.1895,-2.30093537848536
3.19,2.31008518169342
3.1905,-2.30126410412906
3.191,2.31008518169342
3.1915,-2.30126410412906
3.192,2.31008518169342
3.1925,-2.30093537848536
3.193,2.31008518169342
3.1935,-2.30060665284191
3.194,2.31008518169342
3.1945,-2.30093537848536
3.195,2.30975645731288
3.1955,-2.3002779271987
3.196,2.30975645731288
3.1965,-2.3002779271987
3.197,2.3094277329324
3.1975,-2.30060665284191
3.198,2.30975645731288
3.1985,-2.30060665284191
3.199,2.3094277329324
3.1995,-2.30060665284191
3.2,2.30975645731288
3.2005,-2.29994920155574
3.201,2.30877028417166
3.2015,-2.29994920155574
3.202,2.30877028417166
3.2025,-2.29962047591303
3.203,2.30877028417166
3.2035,-2.29962047591303
3.204,2.30877028417166
3.2045,-2.29994920155574
3.205,2.30909900855199
3.2055,-2.3002779271987
3.206,2.30844155979139
3.2065,-2.3002779271987
3.207,2.30877028417166
3.2075,-2.29962047591303
3.208,2.30811283541118
3.2085,-2.29994920155574
3.209,2.30778411103105
3.2095,-2.29962047591303
3.21,2.30811283541118
3.2105,-2.29962047591303
3.211,2.30778411103105
3.2115,-2.29929175027057
3.212,2.30811283541118
3.2125,-2.29929175027057
3.213,2.30811283541118
3.2135,-2.29962047591303
3.214,2.30811283541118
3.2145,-2.29929175027057
3.215,2.30778411103105
3.2155,-2.29896302462836
3.216,2.30745538665098
3.2165,-2.29896302462836
3.217,2.30745538665098
3.2175,-2.29896302462836
3.218,2.30778411103105
3.2185,-2.29896302462836
3.219,2.30745538665098
3.2195,-2.29896302462836
3.22,2.30745538665098
3.2205,-2.29830557334468
3.221,2.30745538665098
3.2215,-2.29863429898639
3.222,2.30679793789105
3.2225,-2.29830557334468
3.223,2.30679793789105
3.2235,-2.29863429898639
3.224,2.30712666227098
3.2245,-2.29830557334468
3.225,2.30679793789105
3.2255,-2.29830557334468
3.226,2.30679793789105
3.2265,-2.29830557334468
3.227,2.30679793789105
3.2275,-2.29797684770321
3.228,2.30679793789105
3.2285,-2.29797684770321
3.229,2.30646921351119
3.2295,-2.29797684770321
3.23,2.30646921351119
3.2305,-2.29764812206199
3.231,2.30646921351119
3.2315,-2.29797684770321
3.232,2.30646921351119
3.2325,-2.29797684770321
3.233,2.30679793789105
3.2335,-2.29797684770321
3.234,2.3061404891314
3.2345,-2.29764812206199
3.235,2.30646921351119
3.2355,-2.29731939642101
3.236,2.30581176475167
3.2365,-2.29764812206199
3.237,2.3061404891314
3.2375,-2.29764812206199
3.238,2.3061404891314
3.2385,-2.29764812206199
3.239,2.3061404891314
3.2395,-2.29764812206199
3.24,2.3061404891314
3.2405,-2.29666194513981
3.241,2.30581176475167
3.2415,-2.29666194513981
3.242,2.30581176475167
3.2425,-2.29666194513981
3.243,2.30548304037201
3.2435,-2.29699067078029
3.244,2.30548304037201
3.2445,-2.29666194513981
3.245,2.30548304037201
3.2455,-2.29666194513981
3.246,2.30548304037201
3.2465,-2.29633321949958
3.247,2.30515431599242
3.2475,-2.2960044938596
3.248,2.30515431599242
3.2485,-2.29666194513981
3.249,2.30548304037201
3.2495,-2.2960044938596
3.25,2.30548304037201
3.2505,-2.2960044938596
3.251,2.30515431599242
3.2515,-2.2960044938596
3.252,2.30515431599242
3.2525,-2.29633321949958
3.253,2.30482559161289
3.2535,-2.29534704258038
3.254,2.30515431599242
3.2545,-2.2960044938596
3.255,2.30515431599242
3.2555,-2.29501831694114
3.256,2.30482559161289
3.2565,-2.29534704258038
3.257,2.30449686723343
3.2575,-2.29501831694114
3.258,2.30449686723343
3.2585,-2.29567576821987
3.259,2.30449686723343
3.2595,-2.29534704258038
3.26,2.30416814285405
3.2605,-2.29501831694114
3.261,2.30383941847472
3.2615,-2.29501831694114
3.262,2.30383941847472
3.2625,-2.29501831694114
3.263,2.30383941847472
3.2635,-2.29501831694114
3.264,2.30449686723343
3.2645,-2.29501831694114
3.265,2.30416814285405
3.2655,-2.29468959130215
3.266,2.30351069409547
3.2665,-2.29468959130215
3.267,2.30351069409547
3.2675,-2.29468959130215
3.268,2.30383941847472
3.2685,-2.29436086566341
3.269,2.30351069409547
3.2695,-2.29501831694114
3.27,2.30383941847472
3.2705,-2.29436086566341
3.271,2.30252452095812
3.2715,-2.29403214002491
3.272,2.30318196971628
3.2725,-2.29403214002491
3.273,2.30318196971628
3.2735,-2.29436086566341
3.274,2.30285324533717
3.2745,-2.29468959130215
3.275,2.30318196971628
3.2755,-2.29370341438666
3.276,2.30285324533717
3.2765,-2.29403214002491
3.277,2.30252452095812
3.2775,-2.29403214002491
3.278,2.30252452095812
3.2785,-2.29403214002491
3.279,2.30252452095812
3.2795,-2.29370341438666
3.28,2.30252452095812
3.2805,-2.29370341438666
3.281,2.30219579657913
3.2815,-2.29337468874866
3.282,2.30219579657913
3.2825,-2.29370341438666
3.283,2.30252452095812
3.2835,-2.29337468874866
3.284,2.30252452095812
3.2845,-2.29337468874866
3.285,2.30252452095812
3.2855,-2.29304596311091
3.286,2.30219579657913
3.2865,-2.29304596311091
3.287,2.30186707220022
3.2875,-2.29304596311091
3.288,2.30186707220022
3.2885,-2.29271723747341
3.289,2.30186707220022
3.2895,-2.29271723747341
3.29,2.30186707220022
3.2905,-2.29238851183615
3.291,2.30186707220022
3.2915,-2.29238851183615
3.292,2.30120962344259
3.2925,-2.29238851183615
3.293,2.30153834782137
3.2935,-2.29238851183615
3.294,2.30153834782137
3.2945,-2.29271723747341
3.295,2.30153834782137
3.2955,-2.29238851183615
3.296,2.30120962344259
3.2965,-2.29173106056238
3.297,2.30120962344259
3.2975,-2.29173106056238
3.298,2.30120962344259
3.2985,-2.29205978619914
3.299,2.30088089906387
3.2995,-2.29205978619914
3.3,2.30120962344259
3.3005,-2.29173106056238
3.301,2.30088089906387
3.3015,-2.29173106056238
3.302,2.30088089906387
3.3025,-2.29173106056238
3.303,2.30088089906387
3.3035,-2.29173106056238
3.304,2.30088089906387
3.3045,-2.2910736092896
3.305,2.30022345030665
3.3055,-2.2910736092896
3.306,2.30055217468523
3.3065,-2.29074488365358
3.307,2.30022345030665
3.3075,-2.29140233492586
3.308,2.30022345030665
3.3085,-2.2910736092896
3.309,2.30088089906387
3.3095,-2.2910736092896
3.31,2.30055217468523
3.3105,-2.2910736092896
3.311,2.29956600154969
3.3115,-2.29074488365358
3.312,2.29989472592814
3.3125,-2.2910736092896
3.313,2.29956600154969
3.3135,-2.2904161580178
3.314,2.29956600154969
3.3145,-2.2910736092896
3.315,2.29956600154969
3.3155,-2.29074488365358
3.316,2.29989472592814
3.3165,-2.2904161580178
3.317,2.29956600154969
3.3175,-2.2904161580178
3.318,2.29923727717132
3.3185,-2.29008743238228
3.319,2.29923727717132
3.3195,-2.2904161580178
3.32,2.29890855279301
3.3205,-2.29008743238228
3.321,2.29923727717132
3.3215,-2.289758706747
3.322,2.29890855279301
3.3225,-2.289758706747
3.323,2.29857982841477
3.3235,-2.289758706747
3.324,2.29923727717132
3.3245,-2.28942998111197
3.325,2.29890855279301
3.3255,-2.28942998111197
3.326,2.29857982841477
3.3265,-2.289758706747
3.327,2.29792237965848
3.3275,-2.28942998111197
3.328,2.29825110403659
3.3285,-2.28942998111197
3.329,2.29825110403659
3.3295,-2.28942998111197
3.33,2.29825110403659
3.3305,-2.28942998111197
3.331,2.29825110403659
3.3315,-2.28910125547719
3.332,2.29825110403659
3.3325,-2.28844380420836
3.333,2.29759365528044
3.3335,-2.28910125547719
3.334,2.29792237965848
3.3345,-2.28877252984265
3.335,2.29825110403659
3.3355,-2.28877252984265
3.336,2.29759365528044
3.3365,-2.28877252984265
3.337,2.29759365528044
3.3375,-2.28877252984265
3.338,2.29726493090247
3.3385,-2.28844380420836
3.339,2.29726493090247
3.3395,-2.28844380420836
3.34,2.29792237965848
3.3405,-2.28811507857432
3.341,2.29693620652456
3.3415,-2.28844380420836
3.342,2.29693620652456
3.3425,-2.28811507857432
3.343,2.29726493090247
3.3435,-2.28811507857432
3.344,2.29660748214673
3.3445,-2.28811507857432
3.345,2.29660748214673
3.3455,-2.28778635294053
3.346,2.29627875776895
3.3465,-2.28745762730698
3.347,2.29595003339125
3.3475,-2.28811507857432
3.348,2.29693620652456
3.3485,-2.28811507857432
3.349,2.29627875776895
3.3495,-2.28778635294053
3.35,2.29595003339125
3.3505,-2.28745762730698
3.351,2.29693620652456
3.3515,-2.28712890167368
3.352,2.29595003339125
3.3525,-2.28745762730698
3.353,2.29627875776895
3.3535,-2.28712890167368
3.354,2.29693620652456
3.3545,-2.28712890167368
3.355,2.29660748214673
3.3555,-2.28712890167368
3.356,2.29627875776895
3.3565,-2.28680017604063
3.357,2.29595003339125
3.3575,-2.28712890167368
3.358,2.29595003339125
3.3585,-2.28680017604063
3.359,2.29595003339125
3.3595,-2.28680017604063
3.36,2.29595003339125
3.3605,-2.28647145040783
3.361,2.29529258463604
3.3615,-2.28614272477527
3.362,2.29562130901361
3.3625,-2.28614272477527
3.363,2.29562130901361
3.3635,-2.28581399914296
3.364,2.29562130901361
3.3645,-2.28614272477527
3.365,2.29529258463604
3.3655,-2.28614272477527
3.366,2.29529258463604
3.3665,-2.28614272477527
3.367,2.29529258463604
3.3675,-2.28614272477527
3.368,2.29496386025854
3.3685,-2.28581399914296
3.369,2.29529258463604
3.3695,-2.28614272477527
3.37,2.29529258463604
3.3705,-2.28581399914296
3.371,2.29496386025854
3.3715,-2.28548527351089
3.372,2.29430641150373
3.3725,-2.28548527351089
3.373,2.2946351358811
3.3735,-2.28581399914296
3.374,2.2946351358811
3.3745,-2.28515654787908
3.375,2.2946351358811
3.3755,-2.28515654787908
3.376,2.29397768712643
3.3765,-2.28548527351089
3.377,2.29397768712643
3.3775,-2.28482782224751
3.378,2.29430641150373
3.3785,-2.28548527351089
3.379,2.29397768712643
3.3795,-2.28515654787908
3.38,2.29430641150373
3.3805,-2.28515654787908
3.381,2.29364896274919
3.3815,-2.28515654787908
3.382,2.29364896274919
3.3825,-2.28449909661619
3.383,2.29299151399492
3.3835,-2.28449909661619
3.384,2.29364896274919
3.3845,-2.28449909661619
3.385,2.29332023837203
3.3855,-2.28417037098511
3.386,2.29266278961789
3.3865,-2.28384164535428
3.387,2.29266278961789
3.3875,-2.28417037098511
3.388,2.29266278961789
3.3885,-2.28384164535428
3.389,2.29299151399492
3.3895,-2.28417037098511
3.39,2.29266278961789
3.3905,-2.28417037098511
3.391,2.29266278961789
3.3915,-2.28417037098511
3.392,2.29233406524092
3.3925,-2.28417037098511
3.393,2.29167661648719
3.3935,-2.28417037098511
3.394,2.29266278961789
3.3945,-2.28417037098511
3.395,2.29266278961789
3.3955,-2.28384164535428
3.396,2.29200534086402
3.3965,-2.2835129197237
3.397,2.29167661648719
3.3975,-2.2835129197237
3.398,2.29167661648719
3.3985,-2.28384164535428
3.399,2.29167661648719
3.3995,-2.2835129197237
3.4,2.29200534086402
3.4005,-2.28318419409337
3.401,2.29134789211042
3.4015,-2.2835129197237
3.402,2.29167661648719
3.4025,-2.28318419409337
3.403,2.29200534086402
3.4035,-2.2835129197237
3.404,2.29167661648719
3.4045,-2.28318419409337
3.405,2.29167661648719
3.4055,-2.2835129197237
3.406,2.29167661648719
3.4065,-2.28285546846328
3.407,2.29101916773372
3.4075,-2.28285546846328
3.408,2.29134789211042
3.4085,-2.28285546846328
3.409,2.29134789211042
3.4095,-2.28252674283344
3.41,2.29134789211042
3.4105,-2.28252674283344
3.411,2.29101916773372
3.4115,-2.28285546846328
3.412,2.29101916773372
3.4125,-2.28219801720384
3.413,2.29101916773372
3.4135,-2.28252674283344
3.414,2.29069044335708
3.4145,-2.28219801720384
3.415,2.29036171898052
3.4155,-2.28219801720384
3.416,2.29036171898052
3.4165,-2.2818692915745
3.417,2.29003299460402
3.4175,-2.2818692915745
3.418,2.29036171898052
3.4185,-2.28121184031654
3.419,2.29003299460402
3.4195,-2.2818692915745
3.42,2.29036171898052
3.4205,-2.2815405659454
3.421,2.29069044335708
3.4215,-2.28121184031654
3.422,2.29003299460402
3.4225,-2.28121184031654
3.423,2.29003299460402
3.4235,-2.28121184031654
3.424,2.29003299460402
3.4245,-2.28121184031654
3.425,2.29003299460402
3.4255,-2.28088311468794
3.426,2.28970427022758
3.4265,-2.28121184031654
3.427,2.28937554585121
3.4275,-2.28055438905958
3.428,2.28970427022758
3.4285,-2.28022566343146
3.429,2.28970427022758
3.4295,-2.28055438905958
3.43,2.28970427022758
3.4305,-2.28055438905958
3.431,2.28937554585121
3.4315,-2.28022566343146
3.432,2.28937554585121
3.4325,-2.28022566343146
3.433,2.28937554585121
3.4335,-2.2798969378036
3.434,2.28937554585121
3.4345,-2.28022566343146
3.435,2.28937554585121
3.4355,-2.27956821217598
3.436,2.28904682147491
3.4365,-2.2792394865486
3.437,2.28904682147491
3.4375,-2.2798969378036
3.438,2.28904682147491
3.4385,-2.28022566343146
3.439,2.28904682147491
3.4395,-2.2798969378036
3.44,2.28871809709868
3.4405,-2.2798969378036
3.441,2.28838937272251
3.4415,-2.27956821217598
3.442,2.28806064834641
3.4425,-2.27956821217598
3.443,2.28838937272251
3.4435,-2.27956821217598
3.444,2.28806064834641
3.4445,-2.28022566343146
3.445,2.28838937272251
3.4455,-2.2792394865486
3.446,2.28773192397038
3.4465,-2.27891076092148
3.447,2.28740319959441
3.4475,-2.27891076092148
3.448,2.28740319959441
3.4485,-2.2792394865486
3.449,2.28740319959441
3.4495,-2.2792394865486
3.45,2.28773192397038
3.4505,-2.2785820352946
3.451,2.28773192397038
3.4515,-2.2785820352946
3.452,2.28740319959441
3.4525,-2.27825330966796
3.453,2.28740319959441
3.4535,-2.2785820352946
3.454,2.28740319959441
3.4545,-2.27825330966796
3.455,2.28773192397038
3.4555,-2.27825330966796
3.456,2.28740319959441
3.4565,-2.27792458404158
3.457,2.28674575084267
3.4575,-2.27759585841544
3.458,2.28707447521851
3.4585,-2.2785820352946
3.459,2.2864170264669
3.4595,-2.27825330966796
3.46,2.28707447521851
3.4605,-2.27792458404158
3.461,2.28674575084267
3.4615,-2.27759585841544
3.462,2.28674575084267
3.4625,-2.27759585841544
3.463,2.2864170264669
3.4635,-2.27792458404158
3.464,2.28674575084267
3.4645,-2.27792458404158
3.465,2.2864170264669
3.4655,-2.27759585841544
3.466,2.2864170264669
3.4665,-2.27792458404158
3.467,2.28674575084267
3.4675,-2.27726713278954
3.468,2.28674575084267
3.4685,-2.27759585841544
3.469,2.2864170264669
3.4695,-2.27726713278954
3.47,2.2860883020912
3.4705,-2.2769384071639
3.471,2.28543085334
3.4715,-2.2766096815385
3.472,2.28575957771557
3.4725,-2.2769384071639
3.473,2.28575957771557
3.4735,-2.2766096815385
3.474,2.28575957771557
3.4745,-2.2766096815385
3.475,2.28575957771557
3.4755,-2.27628095591334
3.476,2.28543085334
3.4765,-2.2766096815385
3.477,2.2851021289645
3.4775,-2.2766096815385
3.478,2.28543085334
3.4785,-2.2766096815385
3.479,2.2851021289645
3.4795,-2.2766096815385
3.48,2.28543085334
3.4805,-2.2766096815385
3.481,2.28477340458906
3.4815,-2.27628095591334
3.482,2.2851021289645
3.4825,-2.27628095591334
3.483,2.28477340458906
3.4835,-2.27595223028843
3.484,2.2851021289645
3.4845,-2.27562350466377
3.485,2.28411595583838
3.4855,-2.27595223028843
3.486,2.28411595583838
3.4865,-2.27562350466377
3.487,2.28444468021369
3.4875,-2.27529477903936
3.488,2.28378723146315
3.4885,-2.27595223028843
3.489,2.28444468021369
3.4895,-2.27562350466377
3.49,2.28411595583838
3.4905,-2.27529477903936
3.491,2.28345850708798
3.4915,-2.27529477903936
3.492,2.28411595583838
3.4925,-2.27529477903936
3.493,2.28411595583838
3.4935,-2.27496605341519
3.494,2.28411595583838
3.4945,-2.27529477903936
3.495,2.28378723146315
3.4955,-2.27463732779127
3.496,2.28345850708798
3.4965,-2.27463732779127
3.497,2.28345850708798
3.4975,-2.27430860216759
3.498,2.28378723146315
3.4985,-2.27496605341519
3.499,2.28378723146315
3.4995,-2.27496605341519
3.5,2.28345850708798
3.5005,-2.27430860216759
3.501,2.28312978271287
3.5015,-2.27430860216759
3.502,2.28345850708798
3.5025,-2.27463732779127
3.503,2.28312978271287
3.5035,-2.27463732779127
3.504,2.28345850708798
3.5045,-2.27496605341519
3.505,2.28345850708798
3.5055,-2.27397987654416
3.506,2.28280105833783
3.5065,-2.27365115092098
3.507,2.28280105833783
3.5075,-2.27397987654416
3.508,2.28280105833783
3.5085,-2.27397987654416
3.509,2.28280105833783
3.5095,-2.27365115092098
3.51,2.28247233396286
3.5105,-2.27365115092098
3.511,2.28247233396286
3.5115,-2.27299369967535
3.512,2.28214360958795
3.5125,-2.27332242529804
3.513,2.28247233396286
3.5135,-2.27332242529804
3.514,2.28280105833783
3.5145,-2.27365115092098
3.515,2.28247233396286
3.5155,-2.27332242529804
3.516,2.28214360958795
3.5165,-2.27266497405291
3.517,2.28181488521311
3.5175,-2.27299369967535
3.518,2.28214360958795
3.5185,-2.27299369967535
3.519,2.28181488521311
3.5195,-2.27200752280876
3.52,2.28148616083834
3.5205,-2.27266497405291
3.521,2.28148616083834
3.5215,-2.27266497405291
3.522,2.28148616083834
3.5225,-2.27200752280876
3.523,2.28148616083834
3.5235,-2.27233624843071
3.524,2.28148616083834
3.5245,-2.27233624843071
3.525,2.28115743646363
3.5255,-2.27266497405291
3.526,2.28115743646363
3.5265,-2.27233624843071
3.527,2.28115743646363
3.5275,-2.27167879718705
3.528,2.28115743646363
3.5285,-2.27200752280876
3.529,2.28115743646363
3.5295,-2.27200752280876
3.53,2.28115743646363
3.5305,-2.27167879718705
3.531,2.28082871208899
3.5315,-2.27135007156559
3.532,2.28049998771441
3.5325,-2.27135007156559
3.533,2.28049998771441
3.5335,-2.27167879718705
3.534,2.28082871208899
3.5345,-2.27135007156559
3.535,2.28049998771441
3.5355,-2.27102134594438
3.536,2.28049998771441
3.5365,-2.27036389470269
3.537,2.2801712633399
3.5375,-2.27102134594438
3.538,2.2801712633399
3.5385,-2.27135007156559
3.539,2.2801712633399
3.5395,-2.27102134594438
3.54,2.2801712633399
3.5405,-2.27102134594438
3.541,2.27984253896546
3.5415,-2.27036389470269
3.542,2.27951381459108
3.5425,-2.27069262032341
3.543,2.27951381459108
3.5435,-2.27069262032341
3.544,2.27984253896546
3.5445,-2.27036389470269
3.545,2.27984253896546
3.5455,-2.27036389470269
3.546,2.27984253896546
3.5465,-2.27003516908221
3.547,2.27885636584252
3.5475,-2.27036389470269
3.548,2.27951381459108
3.5485,-2.27036389470269
3.549,2.27951381459108
3.5495,-2.27036389470269
3.55,2.27918509021677
3.5505,-2.27003516908221
3.551,2.27918509021677
3.5515,-2.26970644346198
3.552,2.27852764146834
3.5525,-2.26970644346198
3.553,2.27885636584252
3.5535,-2.26970644346198
3.554,2.27852764146834
3.5545,-2.27003516908221
3.555,2.27852764146834
3.5555,-2.269377717842
3.556,2.27852764146834
3.5565,-2.269377717842
3.557,2.27852764146834
3.5575,-2.26904899222226
3.558,2.27852764146834
3.5585,-2.269377717842
3.559,2.27819891709423
3.5595,-2.269377717842
3.56,2.27819891709423
3.5605,-2.26904899222226
3.561,2.27819891709423
3.5615,-2.26839154098352
3.562,2.27787019272018
3.5625,-2.26872026660277
3.563,2.27787019272018
3.5635,-2.26904899222226
3.564,2.27787019272018
3.5645,-2.26872026660277
3.565,2.27754146834619
3.5655,-2.26839154098352
3.566,2.27754146834619
3.5665,-2.26806281536452
3.567,2.27754146834619
3.5675,-2.26839154098352
3.568,2.27787019272018
3.5685,-2.26806281536452
3.569,2.27754146834619
3.5695,-2.26839154098352
3.57,2.27721274397228
3.5705,-2.26806281536452
3.571,2.27721274397228
3.5715,-2.26773408974577
3.572,2.27688401959843
3.5725,-2.26806281536452
3.573,2.27688401959843
3.5735,-2.26839154098352
3.574,2.27721274397228
3.5745,-2.26773408974577
3.575,2.27721274397228
3.5755,-2.26773408974577
3.576,2.27655529522464
3.5765,-2.26740536412726
3.577,2.27688401959843
3.5775,-2.26740536412726
3.578,2.27655529522464
3.5785,-2.26740536412726
3.579,2.27655529522464
3.5795,-2.267076638509
3.58,2.27655529522464
3.5805,-2.267076638509
3.581,2.27622657085092
3.5815,-2.267076638509
3.582,2.27622657085092
3.5825,-2.267076638509
3.583,2.27655529522464
3.5835,-2.26674791289098
3.584,2.27688401959843
3.5845,-2.26641918727321
3.585,2.27622657085092
3.5855,-2.26674791289098
3.586,2.27589784647727
3.5865,-2.26674791289098
3.587,2.27524039773016
3.5875,-2.26609046165569
3.588,2.27589784647727
3.5885,-2.26641918727321
3.589,2.27622657085092
3.5895,-2.26641918727321
3.59,2.27589784647727
3.5905,-2.26609046165569
3.591,2.27524039773016
3.5915,-2.26543301042137
3.592,2.2749116733567
3.5925,-2.26609046165569
3.593,2.27524039773016
3.5935,-2.26609046165569
3.594,2.27524039773016
3.5945,-2.26609046165569
3.595,2.27524039773016
3.5955,-2.26576173603841
3.596,2.27524039773016
3.5965,-2.26543301042137
3.597,2.2749116733567
3.5975,-2.26510428480459
3.598,2.2749116733567
3.5985,-2.26576173603841
3.599,2.27458294898331
3.5995,-2.26543301042137
3.6,2.27425422460998
3.6005,-2.26510428480459
3.601,2.27425422460998
3.6015,-2.26477555918804
3.602,2.27425422460998
3.6025,-2.26510428480459
3.603,2.27425422460998
3.6035,-2.26510428480459
3.604,2.27425422460998
3.6045,-2.26510428480459
3.605,2.27458294898331
3.6055,-2.26444683357175
3.606,2.27425422460998
3.6065,-2.26477555918804
3.607,2.27392550023672
3.6075,-2.26444683357175
3.608,2.27392550023672
3.6085,-2.26477555918804
3.609,2.27359677586353
3.6095,-2.26510428480459
3.61,2.27392550023672
3.6105,-2.26444683357175
3.611,2.27359677586353
3.6115,-2.26444683357175
3.612,2.27293932711734
3.6125,-2.26444683357175
3.613,2.27359677586353
3.6135,-2.2641181079557
3.614,2.2732680514904
3.6145,-2.26444683357175
3.615,2.27359677586353
3.6155,-2.26378938233989
3.616,2.2732680514904
3.6165,-2.2641181079557
3.617,2.27293932711734
3.6175,-2.26378938233989
3.618,2.27359677586353
3.6185,-2.2641181079557
3.619,2.27293932711734
3.6195,-2.2641181079557
3.62,2.2732680514904
3.6205,-2.26346065672433
3.621,2.27261060274434
3.6215,-2.26346065672433
3.622,2.2732680514904
3.6225,-2.26378938233989
3.623,2.2732680514904
3.6235,-2.26378938233989
3.624,2.27261060274434
3.6245,-2.26346065672433
3.625,2.27293932711734
3.6255,-2.26346065672433
3.626,2.27293932711734
3.6265,-2.26346065672433
3.627,2.27261060274434
3.6275,-2.26280320549395
3.628,2.27195315399854
3.6285,-2.26280320549395
3.629,2.27261060274434
3.6295,-2.26313193110902
3.63,2.2722818783714
3.6305,-2.26280320549395
3.631,2.27195315399854
3.6315,-2.26247447987913
3.632,2.27195315399854
3.6325,-2.26247447987913
3.633,2.27195315399854
3.6335,-2.26247447987913
3.634,2.271295705253
3.6345,-2.26247447987913
3.635,2.2722818783714
3.6355,-2.26181702865022
3.636,2.27162442962574
3.6365,-2.26181702865022
3.637,2.271295705253
3.6375,-2.26214575426455
3.638,2.27195315399854
3.6385,-2.26214575426455
3.639,2.27162442962574
3.6395,-2.26181702865022
3.64,2.27162442962574
3.6405,-2.26148830303613
3.641,2.271295705253
3.6415,-2.26115957742229
3.642,2.27063825650772
3.6425,-2.26148830303613
3.643,2.271295705253
3.6435,-2.26115957742229
3.644,2.27096698088033
3.6445,-2.26115957742229
3.645,2.271295705253
3.6455,-2.26115957742229
3.646,2.27030953213518
3.6465,-2.26115957742229
3.647,2.27030953213518
3.6475,-2.26083085180869
3.648,2.27096698088033
3.6485,-2.26083085180869
3.649,2.27096698088033
3.6495,-2.26115957742229
3.65,2.27063825650772
3.6505,-2.26050212619534
3.651,2.26998080776271
3.6515,-2.26050212619534
3.652,2.26998080776271
3.6525,-2.26050212619534
3.653,2.26998080776271
3.6535,-2.26050212619534
3.654,2.27030953213518
3.6545,-2.26017340058224
3.655,2.27030953213518
3.6555,-2.26017340058224
3.656,2.26932335901796
3.6565,-2.26017340058224
3.657,2.26899463464568
3.6575,-2.26017340058224
3.658,2.26998080776271
3.6585,-2.26050212619534
3.659,2.26932335901796
3.6595,-2.25984467496938
3.66,2.26932335901796
3.6605,-2.25951594935676
3.661,2.26899463464568
3.6615,-2.25951594935676
3.662,2.26899463464568
3.6625,-2.25918722374439
3.663,2.26866591027346
3.6635,-2.25951594935676
3.664,2.26899463464568
3.6645,-2.25951594935676
3.665,2.26866591027346
3.6655,-2.25918722374439
3.666,2.26833718590132
3.6665,-2.25918722374439
3.667,2.26800846152923
3.6675,-2.25918722374439
3.668,2.26800846152923
3.6685,-2.25918722374439
3.669,2.26866591027346
3.6695,-2.25951594935676
3.67,2.26833718590132
3.6705,-2.25885849813227
3.671,2.26800846152923
3.6715,-2.25885849813227
3.672,2.26800846152923
3.6725,-2.25885849813227
3.673,2.26800846152923
3.6735,-2.25852977252039
3.674,2.26800846152923
3.6745,-2.25852977252039
3.675,2.26800846152923
3.6755,-2.25820104690876
3.676,2.26735101278526
3.6765,-2.25787232129737
3.677,2.26767973715721
3.6775,-2.25820104690876
3.678,2.26767973715721
3.6785,-2.25852977252039
3.679,2.26735101278526
3.6795,-2.25852977252039
3.68,2.26702228841337
3.6805,-2.25787232129737
3.681,2.26735101278526
3.6815,-2.25787232129737
3.682,2.26702228841337
3.6825,-2.25787232129737
3.683,2.26767973715721
3.6835,-2.25787232129737
3.684,2.26702228841337
3.6845,-2.25754359568623
3.685,2.26702228841337
3.6855,-2.25754359568623
3.686,2.26669356404155
3.6865,-2.25754359568623
3.687,2.26669356404155
3.6875,-2.25721487007533
3.688,2.26669356404155
3.6885,-2.25787232129737
3.689,2.26669356404155
3.6895,-2.25721487007533
3.69,2.26669356404155
3.6905,-2.25721487007533
3.691,2.26702228841337
3.6915,-2.25787232129737
3.692,2.26636483966979
3.6925,-2.25721487007533
3.693,2.26669356404155
3.6935,-2.25688614446468
3.694,2.26669356404155
3.6945,-2.25688614446468
3.695,2.26636483966979
3.6955,-2.25655741885427
3.696,2.2660361152981
3.6965,-2.25622869324411
3.697,2.2660361152981
3.6975,-2.25688614446468
3.698,2.2660361152981
3.6985,-2.25688614446468
3.699,2.2660361152981
3.6995,-2.25655741885427
3.7,2.2660361152981
3.7005,-2.25622869324411
3.701,2.26570739092647
3.7015,-2.25622869324411
3.702,2.26570739092647
3.7025,-2.25622869324411
3.703,2.26537866655491
3.7035,-2.25622869324411
3.704,2.26570739092647
3.7045,-2.25589996763419
3.705,2.26537866655491
3.7055,-2.25557124202452
3.706,2.26504994218341
3.7065,-2.25557124202452
3.707,2.26537866655491
3.7075,-2.25524251641509
3.708,2.26504994218341
3.7085,-2.25557124202452
3.709,2.26537866655491
3.7095,-2.25524251641509
3.71,2.26504994218341
3.7105,-2.25491379080591
3.711,2.26472121781198
3.7115,-2.25524251641509
3.712,2.26439249344061
3.7125,-2.25524251641509
3.713,2.26472121781198
3.7135,-2.25524251641509
3.714,2.26472121781198
3.7145,-2.25491379080591
3.715,2.26439249344061
3.7155,-2.25458506519697
3.716,2.26406376906931
3.7165,-2.25491379080591
3.717,2.26406376906931
3.7175,-2.25458506519697
3.718,2.26373504469807
3.7185,-2.25491379080591
3.719,2.26406376906931
3.7195,-2.25458506519697
3.72,2.26406376906931
3.7205,-2.25392761397983
3.721,2.26373504469807
3.7215,-2.25458506519697
3.722,2.2634063203269
3.7225,-2.25425633958828
3.723,2.2634063203269
3.7235,-2.25425633958828
3.724,2.2634063203269
3.7245,-2.25458506519697
3.725,2.2634063203269
3.7255,-2.25425633958828
3.726,2.26274887158475
3.7265,-2.25425633958828
3.727,2.26307759595579
3.7275,-2.25392761397983
3.728,2.26274887158475
3.7285,-2.25425633958828
3.729,2.26307759595579
3.7295,-2.25392761397983
3.73,2.26274887158475
3.7305,-2.25392761397983
3.731,2.26242014721377
3.7315,-2.25327016276367
3.732,2.26274887158475
3.7325,-2.25327016276367
3.733,2.26242014721377
3.7335,-2.25359888837163
3.734,2.26242014721377
3.7345,-2.25327016276367
3.735,2.26242014721377
3.7355,-2.25294143715596
3.736,2.26209142284286
3.7365,-2.25294143715596
3.737,2.26209142284286
3.7375,-2.25294143715596
3.738,2.26176269847201
3.7385,-2.25327016276367
3.739,2.26209142284286
3.7395,-2.25261271154849
3.74,2.26176269847201
3.7405,-2.25261271154849
3.741,2.26143397410122
3.7415,-2.25261271154849
3.742,2.26143397410122
3.7425,-2.25261271154849
3.743,2.2611052497305
3.7435,-2.25261271154849
3.744,2.26143397410122
3.7445,-2.25261271154849
3.745,2.26176269847201
3.7455,-2.25228398594127
3.746,2.26077652535985
3.7465,-2.25261271154849
3.747,2.26044780098926
3.7475,-2.25228398594127
3.748,2.26077652535985
3.7485,-2.25228398594127
3.749,2.2611052497305
3.7495,-2.25228398594127
3.75,2.26077652535985
3.7505,-2.25195526033429
3.751,2.26044780098926
3.7515,-2.25162653472755
3.752,2.26044780098926
3.7525,-2.25129780912106
3.753,2.26011907661873
3.7535,-2.25195526033429
3.754,2.26044780098926
3.7545,-2.25162653472755
3.755,2.26044780098926
3.7555,-2.25162653472755
3.756,2.26011907661873
3.7565,-2.25129780912106
3.757,2.26011907661873
3.7575,-2.25096908351482
3.758,2.25979035224827
3.7585,-2.25129780912106
3.759,2.26011907661873
3.7595,-2.25096908351482
3.76,2.25979035224827
3.7605,-2.25096908351482
3.761,2.25979035224827
3.7615,-2.25031163230307
3.762,2.25946162787788
3.7625,-2.25031163230307
3.763,2.25946162787788
3.7635,-2.25064035790882
3.764,2.25880417913728
3.7645,-2.25031163230307
3.765,2.25946162787788
3.7655,-2.25064035790882
3.766,2.25913290350754
3.7665,-2.25031163230307
3.767,2.25946162787788
3.7675,-2.24998290669756
3.768,2.25880417913728
3.7685,-2.24998290669756
3.769,2.25946162787788
3.7695,-2.24998290669756
3.77,2.25913290350754
3.7705,-2.25031163230307
3.771,2.25880417913728
3.7715,-2.24965418109229
3.772,2.25814673039694
3.7725,-2.24965418109229
3.773,2.25814673039694
3.7735,-2.24965418109229
3.774,2.25880417913728
3.7745,-2.24998290669756
3.775,2.25847545476707
3.7755,-2.24965418109229
3.776,2.25847545476707
3.7765,-2.24932545548727
3.777,2.25814673039694
3.7775,-2.24932545548727
3.778,2.25847545476707
3.7785,-2.24899672988249
3.779,2.25847545476707
3.7795,-2.24932545548727
3.78,2.25814673039694
3.7805,-2.24866800427796
3.781,2.25781800602686
3.7815,-2.24866800427796
3.782,2.25781800602686
3.7825,-2.24899672988249
3.783,2.25716055728691
3.7835,-2.24866800427796
3.784,2.25781800602686
3.7845,-2.24866800427796
3.785,2.25814673039694
3.7855,-2.24833927867367
3.786,2.25716055728691
3.7865,-2.24833927867367
3.787,2.25716055728691
3.7875,-2.24801055306963
3.788,2.25748928165685
3.7885,-2.24801055306963
3.789,2.25716055728691
3.7895,-2.24833927867367
3.79,2.25748928165685
3.7905,-2.24768182746583
3.791,2.25716055728691
3.7915,-2.24735310186228
3.792,2.25650310854721
3.7925,-2.24768182746583
3.793,2.25683183291703
3.7935,-2.24833927867367
3.794,2.25716055728691
3.7945,-2.24768182746583
3.795,2.25650310854721
3.7955,-2.24768182746583
3.796,2.25683183291703
3.7965,-2.24735310186228
3.797,2.25650310854721
3.7975,-2.24702437625897
3.798,2.25650310854721
3.7985,-2.24768182746583
3.799,2.25650310854721
3.7995,-2.24702437625897
3.8,2.25650310854721
3.8005,-2.24636692505309
3.801,2.25617438417746
3.8015,-2.24636692505309
3.802,2.25617438417746
3.8025,-2.24702437625897
3.803,2.25617438417746
3.8035,-2.24702437625897
3.804,2.25584565980777
3.8045,-2.24702437625897
3.805,2.25617438417746
3.8055,-2.24636692505309
3.806,2.25551693543815
3.8065,-2.24636692505309
3.807,2.25551693543815
3.8075,-2.24603819945051
3.808,2.25551693543815
3.8085,-2.24669565065591
3.809,2.25584565980777
3.8095,-2.24636692505309
3.81,2.25518821106859
3.8105,-2.24570947384818
3.811,2.25518821106859
3.8115,-2.24636692505309
3.812,2.25518821106859
3.8125,-2.24603819945051
3.813,2.25518821106859
3.8135,-2.24603819945051
3.814,2.2548594866991
3.8145,-2.24603819945051
3.815,2.25518821106859
3.8155,-2.24570947384818
3.816,2.25453076232967
3.8165,-2.24570947384818
3.817,2.25453076232967
3.8175,-2.24570947384818
3.818,2.25453076232967
3.8185,-2.24570947384818
3.819,2.25453076232967
3.8195,-2.24570947384818
3.82,2.2548594866991
3.8205,-2.24472329704265
3.821,2.2542020379603
3.8215,-2.24505202264425
3.822,2.25354458922176
3.8225,-2.24505202264425
3.823,2.2542020379603
3.8235,-2.24505202264425
3.824,2.2542020379603
3.8245,-2.24505202264425
3.825,2.2542020379603
3.8255,-2.24505202264425
3.826,2.253873313591
3.8265,-2.2443945714413
3.827,2.2542020379603
3.8275,-2.24472329704265
3.828,2.2542020379603
3.8285,-2.24505202264425
3.829,2.2542020379603
3.8295,-2.24472329704265
3.83,2.2542020379603
3.8305,-2.24406584584018
3.831,2.253873313591
3.8315,-2.24406584584018
3.832,2.25354458922176
3.8325,-2.24406584584018
3.833,2.25354458922176
3.8335,-2.24373712023932
3.834,2.253873313591
3.8345,-2.24373712023932
3.835,2.25321586485259
3.8355,-2.2434083946387
3.836,2.25321586485259
3.8365,-2.2434083946387
3.837,2.25321586485259
3.8375,-2.24307966903832
3.838,2.25255841611444
3.8385,-2.2434083946387
3.839,2.25288714048348
3.8395,-2.24275094343819
3.84,2.25288714048348
3.8405,-2.24307966903832
3.841,2.25288714048348
3.8415,-2.24275094343819
3.842,2.25222969174546
3.8425,-2.2424222178383
3.843,2.25255841611444
3.8435,-2.24275094343819
3.844,2.25288714048348
3.8445,-2.24307966903832
3.845,2.25288714048348
3.8455,-2.24275094343819
3.846,2.25190096737654
3.8465,-2.2424222178383
3.847,2.25157224300769
3.8475,-2.2424222178383
3.848,2.25190096737654
3.8485,-2.24275094343819
3.849,2.25190096737654
3.8495,-2.24275094343819
3.85,2.25190096737654
3.8505,-2.24176476663925
3.851,2.25190096737654
3.8515,-2.24176476663925
3.852,2.25157224300769
3.8525,-2.24176476663925
3.853,2.25157224300769
3.8535,-2.24209349223865
3.854,2.25157224300769
3.8545,-2.24209349223865
3.855,2.25157224300769
3.8555,-2.24176476663925
3.856,2.2512435186389
3.8565,-2.24110731544118
3.857,2.25091479427017
3.8575,-2.2414360410401
3.858,2.25157224300769
3.8585,-2.24176476663925
3.859,2.25091479427017
3.8595,-2.24110731544118
3.86,2.25091479427017
3.8605,-2.24110731544118
3.861,2.25058606990151
3.8615,-2.24110731544118
3.862,2.25091479427017
3.8625,-2.24110731544118
3.863,2.25091479427017
3.8635,-2.2414360410401
3.864,2.25025734553292
3.8645,-2.24110731544118
3.865,2.25058606990151
3.8655,-2.24077858984251
3.866,2.25025734553292
3.8665,-2.24077858984251
3.867,2.25025734553292
3.8675,-2.24077858984251
3.868,2.25058606990151
3.8685,-2.24044986424409
3.869,2.25025734553292
3.8695,-2.24012113864591
3.87,2.24992862116438
3.8705,-2.24044986424409
3.871,2.25025734553292
3.8715,-2.23979241304797
3.872,2.24959989679592
3.8725,-2.23979241304797
3.873,2.25025734553292
3.8735,-2.23946368745028
3.874,2.24992862116438
3.8745,-2.24012113864591
3.875,2.24959989679592
3.8755,-2.23946368745028
3.876,2.24959989679592
3.8765,-2.23946368745028
3.877,2.24959989679592
3.8775,-2.23979241304797
3.878,2.24927117242751
3.8785,-2.23979241304797
3.879,2.24959989679592
3.8795,-2.23913496185283
3.88,2.24927117242751
3.8805,-2.23913496185283
3.881,2.24861372369089
3.8815,-2.23880623625562
3.882,2.24861372369089
3.8825,-2.23880623625562
3.883,2.24861372369089
3.8835,-2.23880623625562
3.884,2.24828499932268
3.8845,-2.23913496185283
3.885,2.24894244805917
3.8855,-2.23880623625562
3.886,2.24828499932268
3.8865,-2.23847751065866
3.887,2.24828499932268
3.8875,-2.23847751065866
3.888,2.24828499932268
3.8885,-2.23913496185283
3.889,2.24861372369089
3.8895,-2.23847751065866
3.89,2.24861372369089
3.8905,-2.23814878506195
3.891,2.24795627495453
3.8915,-2.23782005946547
3.892,2.24762755058644
3.8925,-2.23814878506195
3.893,2.24795627495453
3.8935,-2.23814878506195
3.894,2.24762755058644
3.8945,-2.23847751065866
3.895,2.24729882621842
3.8955,-2.23814878506195
3.896,2.24664137748257
3.8965,-2.23782005946547
3.897,2.24729882621842
3.8975,-2.23749133386924
3.898,2.24697010185046
3.8985,-2.23847751065866
3.899,2.24697010185046
3.8995,-2.23814878506195
3.9,2.24697010185046
3.9005,-2.23782005946547
3.901,2.24697010185046
3.9015,-2.23749133386924
3.902,2.24664137748257
3.9025,-2.23782005946547
3.903,2.24631265311474
3.9035,-2.23749133386924
3.904,2.24631265311474
3.9045,-2.23716260827326
3.905,2.24664137748257
3.9055,-2.23683388267751
3.906,2.24664137748257
3.9065,-2.23716260827326
3.907,2.24598392874697
3.9075,-2.23683388267751
3.908,2.24631265311474
3.9085,-2.23650515708202
3.909,2.24631265311474
3.9095,-2.23683388267751
3.91,2.24598392874697
3.9105,-2.23650515708202
3.911,2.24565520437927
3.9115,-2.23683388267751
3.912,2.24565520437927
3.9125,-2.23617643148676
3.913,2.24598392874697
3.9135,-2.23617643148676
3.914,2.24598392874697
3.9145,-2.23683388267751
3.915,2.24565520437927
3.9155,-2.23617643148676
3.916,2.24499775564405
3.9165,-2.23584770589175
3.917,2.24499775564405
3.9175,-2.23584770589175
3.918,2.24565520437927
3.9185,-2.23617643148676
3.919,2.24532648001163
3.9195,-2.23584770589175
3.92,2.24499775564405
3.9205,-2.23617643148676
3.921,2.24499775564405
3.9215,-2.23551898029698
3.922,2.24466903127654
3.9225,-2.23519025470246
3.923,2.24466903127654
3.9235,-2.23551898029698
3.924,2.24499775564405
3.9245,-2.23519025470246
3.925,2.24434030690909
3.9255,-2.23519025470246
3.926,2.24434030690909
3.9265,-2.23519025470246
3.927,2.24434030690909
3.9275,-2.23486152910818
3.928,2.24434030690909
3.9285,-2.23519025470246
3.929,2.24401158254171
3.9295,-2.23486152910818
3.93,2.24466903127654
3.9305,-2.23453280351414
3.931,2.24434030690909
3.9315,-2.23420407792035
3.932,2.24368285817438
3.9325,-2.23420407792035
3.933,2.24401158254171
3.9335,-2.23453280351414
3.934,2.24368285817438
3.9345,-2.2338753523268
3.935,2.24401158254171
3.9355,-2.2338753523268
3.936,2.24368285817438
3.9365,-2.23420407792035
3.937,2.24335413380713
3.9375,-2.2338753523268
3.938,2.24335413380713
3.9385,-2.2338753523268
3.939,2.24368285817438
3.9395,-2.2338753523268
3.94,2.24368285817438
3.9405,-2.23321790114043
3.941,2.24302540943993
3.9415,-2.23321790114043
3.942,2.24335413380713
3.9425,-2.23321790114043
3.943,2.2426966850728
3.9435,-2.23354662673349
3.944,2.24335413380713
3.9445,-2.2338753523268
3.945,2.2426966850728
3.9455,-2.23288917554761
3.946,2.24302540943993
3.9465,-2.23288917554761
3.947,2.2426966850728
3.9475,-2.23288917554761
3.948,2.2426966850728
3.9485,-2.23288917554761
3.949,2.2426966850728
3.9495,-2.23288917554761
3.95,2.2426966850728
3.9505,-2.23223172436271
3.951,2.24236796070573
3.9515,-2.23256044995504
3.952,2.24203923633873
3.9525,-2.23223172436271
3.953,2.24236796070573
3.9535,-2.23288917554761
3.954,2.24236796070573
3.9545,-2.23288917554761
3.955,2.24171051197178
3.9555,-2.23256044995504
3.956,2.24171051197178
3.9565,-2.23190299877062
3.957,2.24138178760491
3.9575,-2.23190299877062
3.958,2.24171051197178
3.9585,-2.23223172436271
3.959,2.24138178760491
3.9595,-2.23223172436271
3.96,2.24138178760491
3.9605,-2.23157427317877
3.961,2.24105306323809
3.9615,-2.23124554758717
3.962,2.24105306323809
3.9625,-2.23091682199581
3.963,2.24138178760491
3.9635,-2.23157427317877
3.964,2.24105306323809
3.9645,-2.23157427317877
3.965,2.24072433887134
3.9655,-2.23124554758717
3.966,2.24039561450465
3.9665,-2.23091682199581
3.967,2.24006689013803
3.9675,-2.23091682199581
3.968,2.24072433887134
3.9685,-2.23124554758717
3.969,2.24039561450465
3.9695,-2.23091682199581
3.97,2.24039561450465
3.9705,-2.2305880964047
3.971,2.24039561450465
3.9715,-2.2305880964047
3.972,2.24006689013803
3.9725,-2.2305880964047
3.973,2.23973816577147
3.9735,-2.23124554758717
3.974,2.23973816577147
3.9745,-2.2305880964047
3.975,2.23973816577147
3.9755,-2.23025937081382
3.976,2.23940944140497
3.9765,-2.22960191963281
3.977,2.23940944140497
3.9775,-2.23025937081382
3.978,2.23908071703853
3.9785,-2.2299306452232
3.979,2.23973816577147
3.9795,-2.23025937081382
3.98,2.23940944140497
3.9805,-2.22960191963281
3.981,2.23908071703853
3.9815,-2.22960191963281
3.982,2.23875199267216
3.9825,-2.22960191963281
3.983,2.23908071703853
3.9835,-2.22960191963281
3.984,2.23940944140497
3.9845,-2.2299306452232
3.985,2.23908071703853
3.9855,-2.22927319404267
3.986,2.23875199267216
3.9865,-2.22927319404267
3.987,2.23875199267216
3.9875,-2.22927319404267
3.988,2.23875199267216
3.9885,-2.22927319404267
3.989,2.23875199267216
3.9895,-2.22927319404267
3.99,2.23809454393961
3.9905,-2.22894446845277
3.991,2.23842326830585
3.9915,-2.22861574286311
3.992,2.23842326830585
3.9925,-2.22861574286311
3.993,2.23842326830585
3.9935,-2.22861574286311
3.994,2.23875199267216
3.9945,-2.22894446845277
3.995,2.23809454393961
3.9955,-2.2282870172737
3.996,2.23776581957343
3.9965,-2.22795829168453
3.997,2.23710837084125
3.9975,-2.22795829168453
3.998,2.23776581957343
3.9985,-2.22795829168453
3.999,2.23776581957343
3.9995,-2.22795829168453
