Time_s,Voltage_V
0,-0.580059495425688
0.0005,1.63192689638798
0.001,2.50238895672683
0.0015,1.31306434358457
0.002,-0.954805690517021
0.0025,-2.43275438175197
0.003,-1.89956154580082
0.0035,0.202304861950194
0.004,2.14144958290485
0.0045,2.3179745668469
0.005,0.586254923857293
0.0055,-1.62507594708179
0.006,-2.49323992318854
0.0065,-1.30193918802213
0.007,0.96658895014581
0.0075,2.44157493960835
0.008,1.90739785963989
0.0085,-0.196109182937858
0.009,-2.13427150859297
0.0095,-2.30882479400273
0.01,-0.575128625638114
0.0105,1.63521413927063
0.011,2.50173150787851
0.0115,1.30813347941663
0.012,-0.959736562781687
0.0125,-2.43406928473359
0.013,-1.89660301759304
0.0135,0.207564452462208
0.014,2.14407937769572
0.0145,2.31600222055484
0.015,0.581652783181188
0.0155,-1.62869192408568
0.016,-2.49291119739608
0.0165,-1.29766576312056
0.017,0.970862365923065
0.0175,2.4425611128375
0.018,1.90312444355963
0.0185,-0.200711326184137
0.019,-2.1372300382886
0.0195,-2.30685244010997
0.02,-0.570526480529395
0.0205,1.63915883073268
0.021,2.50140278345447
0.0215,1.30386006380429
0.022,-0.964338710260408
0.0225,-2.4357129134664
0.023,-1.89364448940312
0.0235,0.211837869738865
0.024,2.14670917249022
0.0245,2.31402987426524
0.025,0.576393193824951
0.0255,-1.63329407667145
0.026,-2.49258247160388
0.0265,-1.29372106323832
0.027,0.975135781696301
0.0275,2.44387601047744
0.028,1.90016592473882
0.0285,-0.205642193970654
0.029,-2.13985984247861
0.0295,-2.30520881187284
0.03,-0.565924335446053
0.0305,1.64277479790901
0.031,2.50107405903051
0.0315,1.29991537246969
0.032,-0.968940857769799
0.0325,-2.43637036496133
0.033,-1.89035723587969
0.0335,0.217426184619781
0.034,2.14933896728836
0.0345,2.31271497674021
0.035,0.571791053127573
0.0355,-1.6365813285427
0.036,-2.49258247160388
0.0365,-1.28944763839499
0.037,0.980066646045105
0.0375,2.44453345929787
0.038,1.89753613023414
0.0385,-0.21090178630218
0.039,-2.14248964668379
0.0395,-2.30323645799648
0.04,-0.561322190388027
0.0405,1.64639076508805
0.041,2.50041661018284
0.0415,1.29597068113492
0.042,-0.973543005309923
0.0425,-2.43735654220565
0.043,-1.88706998237824
0.0435,0.222028326270041
0.044,2.15164003773972
0.0445,2.31041390607403
0.045,0.567517636756747
0.0455,-1.63986858043421
0.046,-2.49192502002027
0.0465,-1.28517421358187
0.047,0.984340061809852
0.0475,2.44617708135031
0.048,1.89424888710687
0.0485,-0.215175205091298
0.049,-2.14479072537578
0.0495,-2.30093537848536
0.05,-0.556062596066915
0.0505,1.65000673226981
0.051,2.50041661018284
0.0515,1.291697265522
0.052,-0.977816428053323
0.0525,-2.43834271945228
0.053,-1.88345400355204
0.0535,0.226959192307552
0.054,2.15426983254471
0.0545,2.30909900855199
0.055,0.56258677170268
0.0555,-1.6434845575383
0.056,-2.4912675684377
0.0565,-1.28024333883499
0.057,0.988942201859877
0.0575,2.44782070340468
0.058,1.89063291967144
0.0585,-0.220763521996186
0.059,-2.14676307854961
0.0595,-2.29896302462836
0.06,-0.551789175705236
0.0605,1.65362269945432
0.061,2.50008788575912
0.0615,1.28709512563083
0.062,-0.982089850823325
0.0625,-2.43932889670124
0.063,-1.88049547544127
0.0635,0.231890058328235
0.064,2.15755707605611
0.0645,2.30679793789105
0.065,0.557655906636964
0.0655,-1.64710053466696
0.066,-2.4912675684377
0.0665,-1.27629863906634
0.067,0.993215617616656
0.0675,2.44814942781579
0.068,1.88767440086417
0.0685,-0.225036940826371
0.069,-2.14939288279467
0.0695,-2.29731939642101
0.07,-0.546858306084061
0.0705,1.65756739093152
0.071,2.49943043691193
0.0715,1.28315043429521
0.072,-0.986691998451594
0.0725,-2.44064379970345
0.073,-1.87720822200568
0.0735,0.236492199932423
0.074,2.15985814651752
0.0745,2.30416814285405
0.075,0.552725041559521
0.0755,-1.65137396221436
0.076,-2.49061011685617
0.0765,-1.2723539393233
0.077,0.997489033369676
0.0775,2.44913560104957
0.078,1.8843871577487
0.0785,-0.229967808729572
0.079,-2.15169396152159
0.0795,-2.29468959130215
0.08,-0.541598711853181
0.0805,1.66085463383175
0.081,2.49910171248846
0.0815,1.27887701868124
0.082,-0.991294146110834
0.0825,-2.44195870270979
0.083,-1.87424969393239
0.0835,0.2407656171233
0.084,2.16183049262955
0.0845,2.30318196971628
0.085,0.547794176470276
0.0855,-1.65466121419731
0.086,-2.4902813910658
0.0865,-1.26840923960584
0.087,1.00241989769548
0.0875,2.44979304987248
0.088,1.88077119032616
0.0885,-0.235556125715403
0.089,-2.15465249133047
0.0895,-2.29337468874866
0.09,-0.537325291564627
0.0905,1.66479932531513
0.091,2.49811553921853
0.0915,1.27427487878877
0.092,-0.995896293801107
0.0925,-2.44228742846202
0.093,-1.87096244053842
0.0935,0.245696483097268
0.094,2.16413156309622
0.0945,2.30055217468523
0.095,0.542863311369153
0.0955,-1.65860591660375
0.096,-2.4902813910658
0.0965,-1.26446453991392
0.097,1.00603586486463
0.0975,2.45143667193112
0.098,1.87781267152938
0.0985,-0.240158269138607
0.099,-2.15761102115863
0.0995,-2.29140233492586
0.1,-0.53239442202762
0.1005,1.66874401680194
0.101,2.49778681479539
0.1015,1.2703301874519
0.102,-1.0001697166842
0.1025,-2.44360233147351
0.103,-1.86734646183029
0.1035,0.250956073451274
0.104,2.16676135791875
0.1045,2.29857982841477
0.105,0.538261170597321
0.1055,-1.66222189383548
0.106,-2.48929521369626
0.1065,-1.26019111527644
0.107,1.01096672918205
0.1075,2.45143667193112
0.108,1.87485415273571
0.1085,-0.244760412582747
0.109,-2.15958337438813
0.1095,-2.28910125547719
0.11,-0.527792277152167
0.1105,1.67203125971026
0.111,2.49712936594933
0.1115,1.26638549611457
0.112,-1.0047718644345
0.1125,-2.44458850873484
0.113,-1.86438793381603
0.1135,0.255886939391145
0.114,2.16906242839152
0.1145,2.29693620652456
0.115,0.533330305473018
0.1155,-1.66649532150485
0.116,-2.48896648790693
0.1165,-1.25558896570025
0.117,1.01556886920737
0.1175,2.4530802939917
0.118,1.87156690963527
0.1185,-0.249691280581916
0.119,-2.16254190424847
0.1195,-2.28712890167368
0.12,-0.522861407670276
0.1205,1.67597595120345
0.121,2.49680064152643
0.1215,1.26178335622037
0.122,-1.01003146190163
0.1225,-2.44590341175355
0.123,-1.86110068048758
0.1235,0.260489080920244
0.124,2.17136349886715
0.1245,2.29529258463604
0.125,0.528399440336614
0.1255,-1.66945384837313
0.126,-2.48863776211786
0.1265,-1.25098681615865
0.127,1.01984228494153
0.1275,2.45472391605422
0.128,1.86827966653862
0.1285,-0.254622148605267
0.129,-2.16451425749944
0.1295,-2.28581399914296
0.13,-0.517930538216781
0.1305,1.67926319411715
0.131,2.4964719171036
0.1315,1.25783866488189
0.132,-1.01397616002879
0.1325,-2.4472183147764
0.133,-1.85781342718093
0.1335,0.265419946828513
0.134,2.17399329369996
0.1345,2.29266278961789
0.135,0.523797299531651
0.1355,-1.67274110046846
0.136,-2.48732285896421
0.1365,-1.24737084154304
0.137,1.02411570067223
0.1375,2.45538136487978
0.138,1.86532114775486
0.1385,-0.259224292115613
0.139,-2.16714406184743
0.1395,-2.28384164535428
0.14,-0.513328393419073
0.1405,1.68320788561686
0.141,2.4958144682582
0.1415,1.25290780070795
0.142,-1.01824958302586
0.1425,-2.44787576628937
0.143,-1.85452617389605
0.1435,0.270022088328248
0.144,2.17629436418175
0.1445,2.29101916773372
0.145,0.519195158716019
0.1455,-1.67668580300992
0.146,-2.48699413317645
0.1465,-1.24342614198665
0.147,1.02871784068611
0.1475,2.4563675381187
0.148,1.86137645604792
0.1485,-0.264155160185932
0.149,-2.16944514066447
0.1495,-2.2815405659454
0.15,-0.508397524020263
0.1505,1.68649512853604
0.151,2.4948282949907
0.1515,1.24962055792477
0.152,-1.02285173089914
0.1525,-2.44886194356076
0.153,-1.85091019530781
0.1535,0.275610402987574
0.154,2.17925288337686
0.1545,2.28871809709868
0.155,0.514921742234752
0.1555,-1.67964432993541
0.156,-2.48666540738895
0.1565,-1.23849526757672
0.157,1.03364870498239
0.1575,2.45735371135832
0.158,1.8587466615796
0.1585,-0.268757303740247
0.159,-2.17174621949323
0.1595,-2.27956821217598
0.16,-0.503466654649626
0.1605,1.69043982004239
0.161,2.4948282949907
0.1615,1.24534714230595
0.162,-1.02712515395248
0.1625,-2.44984812083448
0.163,-1.84828039271469
0.1635,0.280869993236309
0.164,2.18155395386525
0.1645,2.28674575084267
0.165,0.509662152706572
0.1655,-1.68391775774608
0.166,-2.48633668160171
0.1665,-1.23455056807717
0.167,1.03759339641626
0.1675,2.45866860901225
0.168,1.85513069418955
0.1685,-0.274345620942014
0.169,-2.17437602388331
0.1695,-2.27759585841544
0.17,-0.498864509929051
0.1705,1.69405578725979
0.171,2.49449957056836
0.1715,1.24074500240781
0.172,-1.03238475159391
0.1725,-2.45083429811053
0.173,-1.84466441417184
0.1735,0.285143410300001
0.174,2.18385502435655
0.1745,2.28543085334
0.175,0.505388736204485
0.1755,-1.68753373515151
0.176,-2.48567923002802
0.1765,-1.23027714364777
0.177,1.04219553641894
0.1775,2.45965478225351
0.178,1.85184345111155
0.1785,-0.279276489087417
0.179,-2.17700582828871
0.1795,-2.27562350466377
0.18,-0.494262365232889
0.1805,1.69800047877323
0.181,2.49384212172392
0.1815,1.23647158678718
0.182,-1.03600072499632
0.1825,-2.45182047538889
0.183,-1.84137716097383
0.1835,0.290074276127857
0.184,2.18648481920731
0.1845,2.28312978271287
0.185,0.500129146650527
0.1855,-1.69049226213813
0.186,-2.48502177845537
0.1865,-1.22600371924789
0.187,1.04712640070342
0.1875,2.46031223108141
0.188,1.84855620803722
0.1885,-0.283878632712021
0.189,-2.17897818160283
0.1895,-2.27299369967535
0.19,-0.489331495942595
0.1905,1.70128772170397
0.191,2.4931846728798
0.1915,1.23252689544423
0.192,-1.04027414813344
0.1925,-2.45280665266959
0.193,-1.83808990779749
0.1935,0.295005141939858
0.194,2.18878588970485
0.1945,2.28082871208899
0.195,0.495527005779045
0.1955,-1.69443696481295
0.196,-2.48403560109835
0.1965,-1.22140156992714
0.197,1.0517285406985
0.1975,2.46162712873815
0.198,1.84559768927343
0.1985,-0.288480776358149
0.199,-2.18160798603508
0.1995,-2.27135007156559
0.2,-0.48440062668018
0.2005,1.70490368893082
0.201,2.49285594845787
0.2015,1.22825347982175
0.202,-1.04487629615781
0.2025,-2.45346410419135
0.203,-1.83480265464278
0.2035,0.29927855896416
0.204,2.19174440892028
0.2045,2.27885636584252
0.205,0.490596140547336
0.2055,-1.69805294229099
0.206,-2.48370687531319
0.2065,-1.21745687053651
0.207,1.05665940497498
0.2075,2.46261330198153
0.208,1.84165299759293
0.2085,-0.293411644574386
0.209,-2.18423779048269
0.2095,-2.269377717842
0.21,-0.479798482060346
0.2105,1.70851965616088
0.211,2.49186977519254
0.2115,1.22365133991946
0.212,-1.04947844421394
0.2125,-2.45445028147592
0.213,-1.83184412682203
0.2135,0.30420942474677
0.214,2.19338803070872
0.2145,2.27688401959843
0.215,0.485993999652897
0.2155,-1.70199764502285
0.216,-2.4833781495283
0.2165,-1.21351217117092
0.217,1.0602753721085
0.2175,2.46327075081085
0.218,1.83869447883596
0.2185,-0.29834251281548
0.219,-2.18653886938695
0.2195,-2.26740536412726
0.22,-0.474867612851616
0.2205,1.71246434768829
0.221,2.49186977519254
0.2215,1.21937792429478
0.222,-1.05440931716653
0.2225,-2.45510773300026
0.223,-1.82789942308824
0.2235,0.309469014897655
0.224,2.19536037685684
0.2245,2.2749116733567
0.225,0.481063134396449
0.2255,-1.70528489732218
0.226,-2.4827206979593
0.2265,-1.20891002194265
0.227,1.06520623637805
0.2275,2.46458564847041
0.228,1.83507851147026
0.2285,-0.30294465652966
0.229,-2.18818249718292
0.2295,-2.26510428480459
0.23,-0.469608019059452
0.2305,1.7154228663364
0.231,2.49121232634939
0.2315,1.21510450866895
0.232,-1.05868274042171
0.2325,-2.45642263605205
0.233,-1.82461217000047
0.2335,0.314399880648033
0.234,2.19864762044185
0.2345,2.27293932711734
0.235,0.476460993478786
0.2355,-1.70890087487538
0.236,-2.48140579482442
0.2365,-1.20463659768967
0.237,1.06915092779088
0.2375,2.46524309730067
0.238,1.83179126841425
0.2385,-0.308204249372541
0.239,-2.19081230166897
0.2395,-2.26280320549395
0.24,-0.465663323735924
0.2405,1.71903883357598
0.241,2.49088360192794
0.2415,1.21083109304194
0.242,-1.06262743883554
0.2425,-2.45740881334361
0.243,-1.82099619162882
0.2435,0.319330746382933
0.244,2.20061996659576
0.2445,2.27063825650772
0.245,0.471530128197315
0.2455,-1.71251685245369
0.246,-2.48140579482442
0.2465,-1.20036317346591
0.247,1.07375306776941
0.2475,2.46590054613124
0.248,1.82850402536177
0.2485,-0.312806393133471
0.249,-2.19311338060689
0.2495,-2.26115957742229
0.25,-0.460732454606271
0.2505,1.72331224940887
0.251,2.48956870424293
0.2515,1.20655767741368
0.252,-1.06690086214372
0.2525,-2.4583949906375
0.253,-1.81803766388956
0.2535,0.323604163340717
0.254,2.2029210371114
0.2545,2.26866591027346
0.255,0.466270538549354
0.2555,-1.71613283005715
0.256,-2.48074834325855
0.2565,-1.19608974927133
0.257,1.07802648346083
0.2575,2.46721544379333
0.258,1.8252167823128
0.2585,-0.317737261473072
0.259,-2.19574318512182
0.2595,-2.25918722374439
0.26,-0.456459034716103
0.2605,1.72627076806516
0.261,2.48891125540091
0.2615,1.20261298606338
0.262,-1.07150301035267
0.2625,-2.45938116793372
0.263,-1.81442168556523
0.2635,0.329521202186334
0.264,2.20555083199006
0.2645,2.26702228841337
0.265,0.461997121949385
0.2655,-1.71942008244576
0.266,-2.47976216591169
0.2665,-1.19148760017129
0.267,1.08295734771671
0.2675,2.46820161704072
0.268,1.8219295392673
0.2685,-0.322010680721133
0.269,-2.19804426408503
0.2695,-2.25688614446468
0.27,-0.450541991825185
0.2705,1.72988673531482
0.271,2.48858253098002
0.2715,1.19768212187391
0.272,-1.07577643371829
0.2725,-2.46036734523227
0.273,-1.81146315786465
0.2735,0.333465894737874
0.274,2.20785190251209
0.2745,2.26406376906931
0.275,0.456737532274267
0.2755,-1.7230360600973
0.276,-2.47943344012992
0.2765,-1.18754290096952
0.277,1.08723076340221
0.2775,2.46885906587271
0.278,1.81897102052931
0.2785,-0.327598998228046
0.279,-2.20034534306005
0.2795,-2.25491379080591
0.28,-0.445939847381638
0.2805,1.73317397827202
0.281,2.48792508213848
0.2815,1.193737430521
0.282,-1.08037858198922
0.2825,-2.46135352253315
0.283,-1.80784717958755
0.2835,0.338725484791483
0.284,2.21015297303711
0.2845,2.26209142284286
0.285,0.452135391296144
0.2855,-1.72632331252968
0.286,-2.47877598856717
0.2865,-1.18294075193206
0.287,1.09117545480184
0.2875,2.46984523912129
0.288,1.81502632888298
0.2885,-0.331872417520032
0.289,-2.20264642204689
0.2895,-2.25228398594127
0.29,-0.441337702961793
0.2905,1.73678994552823
0.291,2.48726763329726
0.2915,1.1894640148873
0.292,-1.08399455565327
0.2925,-2.46201097406837
0.293,-1.80455992663087
0.2935,0.343656350451133
0.294,2.21212531920379
0.2945,2.26044780098926
0.295,0.447533250306388
0.2955,-1.73026801547609
0.296,-2.47811853700546
0.2965,-1.17866732785593
0.297,1.09544887048224
0.2975,2.47050268795406
0.298,1.81239653445483
0.2985,-0.337132010521031
0.299,-2.2046187754736
0.2995,-2.24998290669756
0.3,-0.436406833966764
0.3005,1.74073463708444
0.301,2.48693890887677
0.3015,1.18519059925211
0.302,-1.08925415374565
0.3025,-2.46266842560462
0.303,-1.80094394840325
0.3035,0.348587216095755
0.304,2.21442638973439
0.3045,2.25847545476707
0.305,0.442602384947242
0.3055,-1.73355526795442
0.306,-2.47746108544479
0.3065,-1.17439390380874
0.307,1.10005101044288
0.3075,2.47116013678716
0.308,1.80779439421078
0.3085,-0.341734154420731
0.309,-2.20691985448242
0.3095,-2.24833927867367
0.31,-0.431475964998798
0.3105,1.74402188005113
0.311,2.48595273561579
0.3115,1.18058845933558
0.312,-1.09352757722681
0.3125,-2.46365460291095
0.313,-1.7976566954915
0.3135,0.353189357350577
0.314,2.21738490899243
0.3145,2.25584565980777
0.315,0.438000243933193
0.3155,-1.7365137952028
0.316,-2.47713235966485
0.3165,-1.17012047979042
0.317,1.10465315040059
0.3175,2.4721463100374
0.318,1.80516459978857
0.3185,-0.346665022909445
0.319,-2.20954965907843
0.3195,-2.24603819945051
0.32,-0.427202545248392
0.3205,1.74730912302074
0.321,2.48463783793559
0.3215,1.17631504369714
0.322,-1.09780100073592
0.3225,-2.46496950598968
0.323,-1.79436944260112
0.3235,0.357791498592437
0.324,2.21869980644206
0.3245,2.25321586485259
0.325,0.432740654188371
0.3255,-1.74078722348042
0.326,-2.47614618232658
0.3265,-1.16617578072218
0.327,1.10925529035543
0.3275,2.47313248328834
0.328,1.80154863246152
0.3285,-0.351595891423838
0.329,-2.21217946368991
0.3295,-2.2434083946387
0.33,-0.42227167633074
0.3305,1.75092509029072
0.331,2.48463783793559
0.3315,1.17204162805707
0.332,-1.10207442427302
0.3325,-2.46529823176001
0.333,-1.79108218973207
0.3335,0.362722364194401
0.334,2.22165832570733
0.3345,2.2512435186389
0.335,0.428467237509269
0.3355,-1.74440320128147
0.336,-2.47548873076903
0.3365,-1.16124490692137
0.337,1.11319998174307
0.3375,2.47411865654001
0.338,1.79859011374237
0.3385,-0.356198035393839
0.339,-2.21349436600146
0.3395,-2.24110731544118
0.34,-0.417012082848164
0.3405,1.7545410575643
0.341,2.48332294025668
0.3415,1.16809693669551
0.342,-1.10667657272895
0.3425,-2.46595568330145
0.343,-1.78746621160074
0.3435,0.367324505409607
0.344,2.22330194752354
0.3445,2.24959989679592
0.345,0.423207647736223
0.3455,-1.74801917910792
0.346,-2.47483127921253
0.3465,-1.1569714829916
0.347,1.11747339741073
0.3475,2.47477610537484
0.348,1.794645422121
0.3485,-0.361457628529963
0.349,-2.215795445056
0.3495,-2.23946368745028
0.35,-0.412081213985907
0.3505,1.75782830054342
0.351,2.48332294025668
0.3515,1.16349479677182
0.352,-1.11094999632434
0.3525,-2.46694186061555
0.353,-1.78417895877644
0.3535,0.372584095354205
0.354,2.22560301806884
0.3545,2.24762755058644
0.355,0.41860550667193
0.3555,-1.7509777064394
0.356,-2.47351637610264
0.3565,-1.15302678400497
0.357,1.12240426163977
0.3575,2.47543355421
0.358,1.79135817910679
0.3585,-0.366388497121847
0.359,-2.21842524970429
0.3595,-2.23749133386924
0.36,-0.407479069738546
0.3605,1.76111554352556
0.361,2.48233676699833
0.3615,1.15856393256557
0.362,-1.11555214484317
0.3625,-2.46792803793199
0.363,-1.7808917059734
0.3635,0.376857512171971
0.364,2.22757536425295
0.3645,2.24466903127654
0.365,0.413674641232491
0.3655,-1.75459368431213
0.366,-2.47318765032582
0.3665,-1.14842463521805
0.367,1.12634895302083
0.3675,2.47609100304547
0.368,1.78708476319317
0.3685,-0.370990641164379
0.369,-2.22138377995217
0.3695,-2.23519025470246
0.37,-0.403205650101045
0.3705,1.76473151080942
0.371,2.48102186932165
0.3715,1.15429051691816
0.372,-1.12015429339469
0.3725,-2.46891421525077
0.373,-1.77760445319162
0.3735,0.382117102086567
0.374,2.22987643480392
0.3745,2.24236796070573
0.375,0.408415051415049
0.3755,-1.7575522116815
0.376,-2.47318765032582
0.3765,-1.14447993628422
0.377,1.1302936444
0.3775,2.47740590071737
0.378,1.78412624448693
0.3785,-0.376578958960829
0.379,-2.22269868229087
0.3795,-2.23288917554761
0.38,-0.397946056728415
0.3805,1.76801875379797
0.381,2.48069314490268
0.3815,1.15034582554965
0.382,-1.12409899217922
0.3825,-2.46924294102421
0.383,-1.77398847515616
0.3835,0.387047967616584
0.384,2.23184878099291
0.3845,2.24039561450465
0.385,0.404141634676628
0.3855,-1.76149691486723
0.386,-2.47220147299691
0.3865,-1.14020651246668
0.387,1.13522450862136
0.3875,2.47806334955379
0.388,1.78083900148303
0.3885,-0.381181103053699
0.389,-2.22499976139295
0.3895,-2.2305880964047
0.39,-0.393672637135333
0.3905,1.77163472108894
0.391,2.48003569606498
0.3915,1.14574368561762
0.392,-1.12902986569378
0.3925,-2.47022911834611
0.393,-1.77070122241892
0.3935,0.391650108764977
0.394,2.23447857591507
0.3945,2.23809454393961
0.395,0.398882044830187
0.3955,-1.76544161808337
0.396,-2.47121529567034
0.3965,-1.13593308867761
0.397,1.13884047571523
0.3975,2.47839207397213
0.398,1.77722303418241
0.3985,-0.38545452258895
0.399,-2.22730084050692
0.3995,-2.22894446845277
0.4,-0.388413043817221
0.4005,1.77492196408401
0.401,2.47904952280903
0.4015,1.14147026996439
0.402,-1.13297456453261
0.4025,-2.47088656989534
0.403,-1.76675651916218
0.4035,0.396580974267303
0.404,2.23645092210933
0.4045,2.23579347337765
0.405,0.393951179334502
0.4055,-1.76840014551545
0.406,-2.47055784412059
0.4065,-1.13100221511018
0.407,1.14344261565075
0.4075,2.4793782472276
0.408,1.77360706688561
0.4085,-0.390714115890204
0.409,-2.2299306452232
0.4095,-2.22664338933029
0.41,-0.383810899688444
0.4105,1.77853793138219
0.411,2.47872079839054
0.4115,1.13686813002785
0.412,-1.13724798830199
0.4125,-2.47220147299691
0.413,-1.76379799173962
0.4135,0.401511839755418
0.414,2.23875199267216
0.4145,2.23382112718415
0.415,0.38934903819234
0.4155,-1.77201612351127
0.416,-2.46957166679792
0.4165,-1.12672879138229
0.417,1.14804475558392
0.4175,2.48003569606498
0.418,1.76999109959258
0.4185,-0.394987535469552
0.419,-2.23223172436271
0.4195,-2.22434231021971
0.42,-0.378880031004414
0.4205,1.78215389868421
0.421,2.47740590071737
0.4215,1.13325216293316
0.422,-1.14185013700851
0.4225,-2.47285892454925
0.423,-1.76018201380194
0.4235,0.406442705229398
0.424,2.24138178760491
0.4245,2.231191332263
0.425,0.384418172669033
0.4255,-1.77563210153273
0.426,-2.46858548947758
0.4265,-1.12245536768274
0.427,1.15231817123411
0.4275,2.48102186932165
0.428,1.76670385660218
0.4285,-0.399918404239617
0.429,-2.23420407792035
0.4295,-2.22171250553648
0.43,-0.37394916234656
0.4305,1.78544114168938
0.431,2.47707717629927
0.4315,1.12865002299224
0.432,-1.1454661110154
0.4325,-2.47384510187972
0.433,-1.75656603588981
0.4335,0.411044846325759
0.434,2.24335413380713
0.4345,2.22921898607476
0.435,0.380144755870523
0.4355,-1.77891935430178
0.436,-2.46825676370466
0.4365,-1.11818194401146
0.437,1.15692031116294
0.4375,2.48167931815983
0.438,1.7630878893163
0.4385,-0.404849273036183
0.439,-2.23683388267751
0.4395,-2.21974015203426
0.44,-0.36868956914028
0.4405,1.78938583329983
0.441,2.47609100304547
0.4415,1.12404788304878
0.442,-1.150068259781
0.4425,-2.47384510187972
0.443,-1.75295005800318
0.4435,0.415975711772627
0.444,2.24565520437927
0.4445,2.22691791552466
0.445,0.374885165949744
0.4455,-1.78253533237226
0.446,-2.46759931215959
0.4465,-1.11390852036841
0.447,1.16152245108961
0.4475,2.48200804257904
0.448,1.76045809492889
0.4485,-0.409780141859324
0.449,-2.23880623625562
0.4495,-2.21743907295936
0.45,-0.36441614968198
0.4505,1.79300180061349
0.451,2.47576227862769
0.4515,1.11977446738466
0.452,-1.15467040857976
0.4525,-2.47450255343467
0.453,-1.74966280540108
0.4535,0.420577852843817
0.454,2.24762755058644
0.4545,2.2249455693413
0.455,0.37028302475549
0.4555,-1.78582258518593
0.456,-2.46628440907255
0.4565,-1.10963509675353
0.457,1.16546714245365
0.4575,2.48332294025668
0.458,1.75651340335141
0.4585,-0.414711010709118
0.459,-2.24110731544118
0.4595,-2.21480926831689
0.46,-0.358827831958223
0.4605,1.7959603193276
0.461,2.47477610537484
0.4615,1.11517232743613
0.462,-1.15927255741176
0.4625,-2.47516000499065
0.463,-1.74604682756307
0.4635,0.425508718263857
0.464,2.24992862116438
0.4645,2.22330194752354
0.465,0.365680883548503
0.4655,-1.78943856330555
0.466,-2.46529823176001
0.4665,-1.10470422338671
0.467,1.17006928237648
0.4675,2.48398038909597
0.468,1.75322616037349
0.4685,-0.418984430400557
0.469,-2.24275094343819
0.4695,-2.21250818926743
0.47,-0.354225687975374
0.4705,1.79957628664846
0.471,2.47411865654001
0.4715,1.11122763604951
0.472,-1.16288853151739
0.4725,-2.47548873076903
0.473,-1.74275957500512
0.4735,0.430439583670132
0.474,2.25222969174546
0.4745,2.22034342825548
0.475,0.36042129358199
0.4755,-1.79305454145094
0.476,-2.46496950598968
0.4765,-1.10075952472016
0.477,1.17401397373731
0.4775,2.48496656235552
0.478,1.74961019310122
0.4785,-0.424244023894575
0.479,-2.24505202264425
0.4795,-2.21053583580592
0.48,-0.349623544014995
0.4805,1.8025348053685
0.481,2.47313248328834
0.4815,1.10662549609587
0.482,-1.16749068040887
0.4825,-2.47713235966485
0.483,-1.73848614671114
0.4835,0.435699173421739
0.484,2.2542020379603
0.4845,2.21902853080462
0.485,0.355819152347509
0.4855,-1.79634179433279
0.486,-2.46431205444979
0.4865,-1.09615737630603
0.487,1.17894483793637
0.4875,2.48562401119562
0.488,1.74599422583254
0.4885,-0.429174892822987
0.489,-2.24702437625897
0.4895,-2.20856348235311
0.49,-0.344692675510882
0.4905,1.8064794969994
0.491,2.4721463100374
0.4915,1.10235208042209
0.492,-1.17176410440944
0.4925,-2.47746108544479
0.493,-1.73519889420142
0.4935,0.440958763157864
0.494,2.25683183291703
0.4945,2.21639873590586
0.495,0.35088828672479
0.4955,-1.7993003219447
0.496,-2.46266842560462
0.4965,-1.09155522792435
0.497,1.18321825357382
0.4975,2.48562401119562
0.498,1.7427069828641
0.4985,-0.433777037180486
0.499,-2.24932545548727
0.4995,-2.20560495219022
0.5,-0.339433082468097
0.5005,1.81009546433198
0.501,2.47148886120383
0.5015,1.09807866474582
0.502,-1.17636625336539
0.5025,-2.47746108544479
0.503,-1.73191164171264
0.5035,0.445560904164345
0.504,2.25913290350754
0.5045,2.21376894101105
0.505,0.345957421087155
0.5055,-1.80291630016056
0.506,-2.46233969983636
0.5065,-1.08728180445606
0.507,1.18716294493008
0.5075,2.48661018445636
0.508,1.73876229130582
0.5085,-0.438050456962096
0.509,-2.25096908351482
0.5095,-2.20330387318817
0.51,-0.334830938579525
0.5105,1.81305398306166
0.511,2.47050268795406
0.5115,1.09380524906701
0.512,-1.17998222756858
0.5125,-2.47844726278619
0.513,-1.72829566399912
0.5135,0.450163045159105
0.514,2.2611052497305
0.5145,2.21113914612017
0.515,0.341026555434528
0.5155,-1.80653227840231
0.516,-2.46135352253315
0.5165,-1.08267965613677
0.517,1.19176508484409
0.5175,2.48759635771783
0.518,1.73613249693594
0.5185,-0.442981325966164
0.519,-2.25392761397983
0.5195,-2.20133151976725
0.52,-0.329900070152128
0.5205,1.81634122609788
0.521,2.46951651470501
0.5215,1.0895318333856
0.522,-1.18491310151542
0.5225,-2.47943344012992
0.523,-1.72533713679777
0.5235,0.455093910497697
0.524,2.26307759595579
0.5245,2.20949552431537
0.525,0.336095689766833
0.5255,-1.80949080607393
0.526,-2.46003861946583
0.5265,-1.07873495760305
0.527,1.19538105191819
0.5275,2.48825380655921
0.528,1.7318590810888
0.5285,-0.448240919600445
0.529,-2.25557124202452
0.5295,-2.19935916635502
0.53,-0.325297926309493
0.5305,1.81995719344166
0.531,2.46853034145667
0.5315,1.08492969341805
0.532,-1.18885780070069
0.5325,-2.480419617476
0.533,-1.72139243388893
0.5335,0.459367327113709
0.534,2.26504994218341
0.5345,2.20686572943085
0.535,0.331493548463322
0.5355,-1.81310678436283
0.536,-2.45970989369964
0.5365,-1.07380408446918
0.537,1.20031191610852
0.5375,2.48891125540091
0.538,1.72857183813273
0.5385,-0.453171788660735
0.539,-2.25820104690876
0.5395,-2.19640063625296
0.54,-0.320367057931172
0.5405,1.82324443648508
0.541,2.46787289262484
0.5415,1.08065627773109
0.542,-1.193131224846
0.5425,-2.48074834325855
0.543,-1.71810518148782
0.5435,0.463969468073677
0.544,2.26767973715721
0.5445,2.20489338327003
0.545,0.326891407146556
0.5455,-1.81606531207306
0.546,-2.45872371640265
0.5465,-1.06920193624418
0.547,1.20458533173867
0.5475,2.48923997982188
0.548,1.72462714658916
0.5485,-0.457773933141655
0.549,-2.25984467496938
0.5495,-2.19409955729818
0.55,-0.315436189578123
0.5505,1.82686040383685
0.551,2.46688671937769
0.5515,1.07605413775745
0.552,-1.1977333739581
0.5525,-2.48107706904135
0.553,-1.71416047863396
0.5535,0.469229057728165
0.554,2.2696520833903
0.5545,2.20226358839234
0.555,0.321631817053944
0.5555,-1.81968129040922
0.556,-2.45740881334361
0.5565,-1.06492851292113
0.557,1.2091874716466
0.5575,2.49022615308528
0.558,1.72133990363926
0.5585,-0.462376077646436
0.559,-2.26214575426455
0.5595,-2.19212720391776
0.56,-0.310834045804678
0.5605,1.83047637119284
0.561,2.46655799496213
0.5615,1.07243817063303
0.562,-1.2020067981639
0.5625,-2.48173452060775
0.563,-1.71120195151322
0.5635,0.474159923015719
0.564,2.27162442962574
0.5645,2.19963379351853
0.565,0.317029675708568
0.5655,-1.82263981815816
0.566,-2.45675136181565
0.5665,-1.06131253936166
0.567,1.21313216299509
0.5675,2.49088360192794
0.568,1.71772393639756
0.5685,-0.467635671395484
0.569,-2.2641181079557
0.5695,-2.18982612498489
0.57,-0.305903177500274
0.5705,1.83343488994181
0.571,2.46557182171592
0.5715,1.06717858208477
0.572,-1.20628022239889
0.5725,-2.4827206979593
0.573,-1.70725724871172
0.5735,0.478762063939027
0.574,2.2732680514904
0.5745,2.19799017172437
0.575,0.312098809966454
0.5755,-1.82592707123299
0.576,-2.45576518452564
0.5765,-1.05638166635781
0.577,1.21740557862146
0.5775,2.49121232634939
0.578,1.71410796915919
0.5785,-0.471909091339658
0.579,-2.26641918727321
0.5795,-2.18686759494566
0.58,-0.300972309220919
0.5805,1.83672213299959
0.581,2.46392819964047
0.5815,1.06257644210145
0.582,-1.21055364666313
0.5825,-2.48304942374367
0.583,-1.70364127116993
0.5835,0.483364204851059
0.584,2.27589784647727
0.5845,2.19536037685684
0.585,0.307167944208826
0.5855,-1.82954304964021
0.586,-2.45510773300026
0.5865,-1.05177951825394
0.587,1.22167899424667
0.5875,2.49154105077093
0.588,1.71082072621806
0.5885,-0.476511235918116
0.589,-2.26806281536452
0.5895,-2.18423779048269
0.59,-0.296041440966538
0.5905,1.84033810036726
0.591,2.46294202639615
0.5915,1.05830302639958
0.592,-1.21482707095667
0.5925,-2.48370687531319
0.593,-1.70035401888096
0.5935,0.48829507010151
0.594,2.27754146834619
0.5945,2.19273058199317
0.595,0.302565802820975
0.5955,-1.83283030276034
0.596,-2.45412155571414
0.5965,-1.04783481990453
0.597,1.22595240987076
0.5975,2.49219849961424
0.598,1.70720475898594
0.5985,-0.481113380520688
0.599,-2.27036389470269
0.5995,-2.18226543714554
0.6,-0.291110572737054
0.6005,1.84362534343253
0.601,2.462284577567
0.6015,1.05370088640958
0.602,-1.21910049527956
0.6025,-2.48436432688376
0.603,-1.69673804138699
0.6035,0.493225935339164
0.604,2.27984253896546
0.6045,2.19010078713333
0.605,0.29796366141948
0.6055,-1.83578883058692
0.606,-2.45313537843034
0.6065,-1.04323267185975
0.607,1.23022582549379
0.6075,2.49252722403601
0.608,1.70293134317032
0.6085,-0.486701698999176
0.609,-2.27266497405291
0.6095,-2.18029308381704
0.61,-0.286508429078597
0.6105,1.84625513788735
0.611,2.46129840432385
0.6115,1.04942747070141
0.612,-1.22370264458324
0.6125,-2.48469305266943
0.613,-1.69312206391804
0.6135,0.497828076216163
0.614,2.28148616083834
0.6145,2.18812844099097
0.615,0.292375346842092
0.6155,-1.83973353438295
0.616,-2.45214920114887
0.6165,-1.0386305238467
0.617,1.23417051683723
0.6175,2.49351339730182
0.618,1.69964410023827
0.6185,-0.491303843655363
0.619,-2.27463732779127
0.6195,-2.17799200494469
0.62,-0.28223500998648
0.6205,1.85019982957393
0.621,2.46031223108141
0.6215,1.04416788213324
0.622,-1.22764734401358
0.6225,-2.48535050424156
0.623,-1.68950608647407
0.6235,0.502758941429294
0.624,2.28345850708798
0.6245,2.18549864613783
0.625,0.288101929798621
0.6255,-1.84269206225043
0.626,-2.45116302386972
0.6265,-1.03435710072008
0.627,1.23910138101537
0.6275,2.4941708461461
0.628,1.69635685730884
0.6285,-0.495577263715019
0.629,-2.27628095591334
0.6295,-2.17536220053354
0.63,-0.276646692740141
0.6305,1.85315834834231
0.631,2.45932605783968
0.6315,1.04055191498984
0.632,-1.23159204346905
0.6325,-2.48600795581474
0.633,-1.68556138383637
0.6335,0.507689806629852
0.634,2.2860883020912
0.6345,2.18352630000047
0.635,0.282842339574888
0.6355,-1.84565059013547
0.636,-2.44984812083448
0.6365,-1.02975495276805
0.637,1.24337479663544
0.6375,2.4948282949907
0.638,1.69274089008946
0.6385,-0.500508133040736
0.639,-2.27825330966796
0.6395,-2.17306112168635
0.64,-0.271715824607847
0.6405,1.85710304003811
0.641,2.45866860901225
0.6415,1.03594977498582
0.642,-1.23553674294969
0.6425,-2.48633668160171
0.643,-1.68194540644453
0.6435,0.512949396163341
0.644,2.28773192397038
0.6445,2.18122522950959
0.645,0.278240198114223
0.6455,-1.84926656868548
0.646,-2.44886194356076
0.6465,-1.02515280484757
0.647,1.24764821225465
0.6475,2.49515701941311
0.648,1.6891249228732
0.6485,-0.505767727019089
0.649,-2.28055438905958
0.6495,-2.17010259175721
0.65,-0.266784956500076
0.6505,1.86006155881346
0.651,2.45768243577169
0.6515,1.03134763497801
0.652,-1.23981016741551
0.6525,-2.48699413317645
0.653,-1.67865815429173
0.6535,0.517551536993553
0.654,2.29036171898052
0.6545,2.17793798595622
0.655,0.273638056639588
0.6555,-1.85222509660958
0.656,-2.44754704053276
0.6565,-1.02087938180674
0.657,1.25159290359473
0.6575,2.49614319268086
0.658,1.68550895566002
0.6585,-0.510369871776402
0.659,-2.28252674283344
0.6595,-2.16780151293682
0.66,-0.261525363878729
0.6605,1.86400625051861
0.661,2.45669626253183
0.6615,1.02707421925303
0.662,-1.24441231687338
0.6625,-2.48732285896421
0.663,-1.67504217694738
0.6635,0.521824953469119
0.664,2.29233406524092
0.6645,2.17629436418175
0.665,0.268378466365676
0.6655,-1.85584107520739
0.666,-2.4468895890203
0.6665,-1.015948509101
0.667,1.25652376776893
0.6675,2.49680064152643
0.668,1.68222171274159
0.6685,-0.514314567302222
0.669,-2.28449909661619
0.6695,-2.16550043412815
0.67,-0.256923220357795
0.6705,1.86663604499171
0.671,2.45538136487978
0.6715,1.02280080352469
0.672,-1.2486857414008
0.6725,-2.48798031054052
0.673,-1.67044002399957
0.6735,0.527084542964853
0.674,2.29397768712643
0.6745,2.17366456934566
0.675,0.263776324860897
0.6755,-1.85847087784052
0.676,-2.44590341175355
0.6765,-1.01167508611848
0.677,1.2604684591076
0.6775,2.49712936594933
0.678,1.67794829695137
0.6785,-0.519902885994777
0.679,-2.28614272477527
0.6795,-2.1628706297897
0.68,-0.25264980139302
0.6805,1.86992328808647
0.681,2.45472391605422
0.6815,1.01819866350572
0.682,-1.25263044099097
0.6825,-2.48863776211786
0.683,-1.66781022233315
0.6835,0.53102923507754
0.684,2.29595003339125
0.6845,2.17103477451332
0.685,0.2588454589472
0.6855,-1.86208685648383
0.686,-2.44458850873484
0.6865,-1.00740166316296
0.687,1.26441315044571
0.6875,2.49745809037232
0.688,1.67433232974753
0.6885,-0.524505030827748
0.689,-2.28844380420836
0.6895,-2.1605695510061
0.69,-0.247061484312688
0.6905,1.87288180687499
0.691,2.45340901840405
0.6915,1.01392524777022
0.692,-1.25690386557563
0.6925,-2.48896648790693
0.693,-1.6641942450632
0.6935,0.536288824549048
0.694,2.29792237965848
0.6945,2.16906242839152
0.695,0.253914593017167
0.6955,-1.86537410981882
0.696,-2.44393105722703
0.6965,-1.00247079055545
0.697,1.26901529033951
0.6975,2.49844426364176
0.698,1.67104508683751
0.6985,-0.529435900319121
0.699,-2.29008743238228
0.6995,-2.15826847223418
0.7,-0.242130616326385
0.7005,1.87682649859782
0.701,2.45275156957943
0.7015,1.00932310774344
0.702,-1.26117729019013
0.7025,-2.48929521369626
0.703,-1.66024954261511
0.7035,0.541877138347497
0.704,2.30022345030665
0.7045,2.16676135791875
0.705,0.249312451467663
0.7055,-1.86833263783898
0.706,-2.44228742846202
0.7065,-0.998197367657899
0.707,1.27295998167653
0.7075,2.49877298806507
0.708,1.66742911963929
0.7085,-0.534038045203447
0.709,-2.29238851183615
0.7095,-2.15563866793771
0.71,-0.237199748364148
0.7105,1.87978501739356
0.711,2.45176539634308
0.7115,1.00504969200057
0.712,-1.2651219898608
0.7125,-2.48962393948584
0.713,-1.65597611499619
0.7135,0.546150554771226
0.714,2.30252452095812
0.7145,2.16413156309622
0.715,0.244052861107787
0.7155,-1.87161989121546
0.716,-2.44162997695782
0.7165,-0.993266495117148
0.717,1.2769046730131
0.7175,2.49910171248846
0.718,1.66381315244397
0.7185,-0.538968914749986
0.719,-2.29403214002491
0.7195,-2.15300886365649
0.72,-0.232597604954371
0.7205,1.8830722605036
0.721,2.45077922310743
0.7215,1.00077627625409
0.722,-1.26972413950882
0.7225,-2.4902813910658
0.723,-1.65268886300509
0.7235,0.550752695525244
0.724,2.30416814285405
0.7245,2.1615017682774
0.725,0.239121995128288
0.7255,-1.87523586995485
0.726,-2.44097252545465
0.7265,-0.989321797110221
0.727,1.28150681290527
0.7275,2.49943043691193
0.728,1.66019718525152
0.7285,-0.54389978432517
0.729,-2.2960044938596
0.7295,-2.15070778492291
0.73,-0.227666737038445
0.7305,1.88603077930595
0.731,2.44946432546099
0.7315,0.995845411926649
0.732,-1.27399756421312
0.7325,-2.4909388426468
0.733,-1.64874416064266
0.7335,0.555683560607398
0.734,2.30548304037201
0.7345,2.15887197346229
0.735,0.234191129132149
0.7355,-1.87885184872074
0.736,-2.43965762245141
0.7365,-0.984719649464262
0.737,1.28512277996306
0.7375,2.50008788575912
0.738,1.65690994235176
0.7385,-0.548173204646892
0.739,-2.29830557334468
0.7395,-2.14840670620099
0.74,-0.223064593671759
0.7405,1.88898929811146
0.741,2.44782070340468
0.7415,0.991243271883228
0.742,-1.27827098894746
0.7425,-2.49159629422885
0.743,-1.64578563389005
0.7435,0.559956977002419
0.744,2.30811283541118
0.7445,2.15624217865086
0.745,0.229260263119294
0.7455,-1.88148165147622
0.746,-2.43867144520168
0.7465,-0.980117501849246
0.747,1.29005364413234
0.7475,2.50008788575912
0.748,1.65263652658554
0.7485,-0.553104074275751
0.749,-2.29994920155574
0.7495,-2.14577690196163
0.75,-0.217805001278042
0.7505,1.89293398985707
0.751,2.44683453017182
0.7515,0.986641131835421
0.752,-1.28221568872893
0.7525,-2.4912675684377
0.753,-1.64216965677034
0.7535,0.56488784206269
0.754,2.30975645731288
0.7545,2.15394110819389
0.755,0.224329397089645
0.7555,-1.88509763028793
0.756,-2.43702781645728
0.7565,-0.975844079091528
0.757,1.29366961118953
0.7575,2.50041661018284
0.758,1.64869183511248
0.7585,-0.558363668578349
0.759,-2.30257900670635
0.7595,-2.14314709773746
0.76,-0.213202857955654
0.7605,1.89589250867001
0.761,2.44584835693967
0.7615,0.982696440362332
0.762,-1.28648911352116
0.7625,-2.49159629422885
0.763,-1.63756750410803
0.7635,0.570147431447512
0.764,2.31140007921627
0.7645,2.15131131338936
0.765,0.220055979850308
0.7655,-1.88805615842637
0.766,-2.43604163921374
0.7665,-0.9709132067118
0.767,1.29794302680233
0.7675,2.50107405903051
0.768,1.64507586793172
0.7685,-0.562637088973455
0.769,-2.30389390928761
0.7695,-2.14018856800343
0.77,-0.208600714653841
0.7705,1.89885102748616
0.771,2.44453345929787
0.7715,0.978094300306213
0.772,-1.29043381335615
0.7725,-2.49258247160388
0.773,-1.63395152704408
0.7735,0.575078296483863
0.774,2.31337242550259
0.7745,2.14868151858848
0.775,0.21512511378911
0.7755,-1.89101468658261
0.776,-2.4350554619725
0.7765,-0.966968508833444
0.777,1.30254516669278
0.7775,2.50173150787851
0.778,1.64113117646489
0.7785,-0.567567958687195
0.779,-2.30586626316695
0.7795,-2.13788748933468
0.78,-0.203669846853231
0.7805,1.902138270619
0.781,2.44354728606734
0.7815,0.973163435955304
0.782,-1.29470723820646
0.7825,-2.49291119739608
0.783,-1.63033555000462
0.7835,0.57935171283943
0.784,2.31501604740973
0.7845,2.14605172379126
0.785,0.210194247710901
0.7855,-1.89430194011045
0.786,-2.43406928473359
0.7865,-0.961708911697387
0.787,1.30648985802728
0.7875,2.50140278345447
0.788,1.63784393357831
0.7885,-0.572170103779593
0.789,-2.30750989140656
0.7895,-2.13558641067755
0.79,-0.19841025455845
0.7905,1.90542551375585
0.791,2.4425611128375
0.7915,0.968561295889661
0.792,-1.29963811307136
0.7925,-2.49258247160388
0.793,-1.62671957298962
0.7935,0.584282577854456
0.794,2.3173171180826
0.7945,2.14342192899766
0.795,0.204934657208643
0.7955,-1.89758919366032
0.796,-2.43308310749699
0.7965,-0.957764213871608
0.797,1.31076327363954
0.7975,2.50238895672683
0.798,1.63389924211731
0.7985,-0.577100973549635
0.799,-2.3094822453023
0.7995,-2.1336140575521
0.8,-0.193479386806266
0.8005,1.90838403258246
0.801,2.44157493960835
0.8015,0.964287880110222
0.802,-1.30325408799795
0.8025,-2.49389737477424
0.803,-1.62310359599905
0.8035,0.588884718524936
0.804,2.31928946437631
0.8045,2.1407921342077
0.805,0.200003791095037
0.8055,-1.90087644723223
0.806,-2.43209693026271
0.8065,-0.953162066436594
0.807,1.31503668925172
0.8075,2.50271768115111
0.808,1.63061199923553
0.8085,-0.581703118694715
0.809,-2.311454599207
0.8095,-2.13065552787989
0.81,-0.18887724359193
0.8105,1.91167127572698
0.811,2.4405887663799
0.8115,0.960014464326687
0.812,-1.30719878794266
0.8125,-2.49356864898126
0.813,-1.61915889385535
0.8135,0.593486859185621
0.814,2.32126181067249
0.8145,2.13881978811759
0.815,0.195072924964188
0.8155,-1.90416370082621
0.816,-2.43078202728726
0.8165,-0.9485599190321
0.817,1.31898138058601
0.8175,2.50337512999992
0.818,1.62699603206804
0.8185,-0.586305263865322
0.819,-2.31342695312065
0.8195,-2.12736827271102
0.82,-0.18328892685888
0.8205,1.91462979456054
0.821,2.43960259315214
0.8215,0.955412324247474
0.822,-1.3111434879133
0.8225,-2.49455482636099
0.823,-1.61488546656573
0.8235,0.599075172831946
0.824,2.32323415697115
0.8245,2.13618999333394
0.825,0.190470783226436
0.8255,-1.90712222907968
0.826,-2.42946712431592
0.8265,-0.943300322035684
0.827,1.32358352047603
0.8275,2.50370385442445
0.828,1.62305134061553
0.8285,-0.590907409061519
0.829,-2.31474185573474
0.8295,-2.12473846859292
0.83,-0.179015508200742
0.8305,1.91824576202828
0.831,2.43861641992508
0.8315,0.951138908455275
0.832,-1.31574563791185
0.8325,-2.49455482636099
0.833,-1.61192694000052
0.8335,0.603348589140109
0.834,2.32454905450497
0.8345,2.13388892290119
0.835,0.185868641473536
0.8355,-1.91040948271566
0.836,-2.4281522213487
0.8365,-0.939026899505325
0.837,1.32719948753253
0.8375,2.50370385442445
0.838,1.61943537345338
0.8385,-0.595838278943053
0.839,-2.31638548400794
0.8395,-2.12243739000199
0.84,-0.173755916029914
0.8405,1.92153300518509
0.841,2.4369727978815
0.8415,0.945879319782118
0.842,-1.31969033793877
0.8425,-2.49455482636099
0.843,-1.60798223793888
0.8435,0.608608178431105
0.844,2.32685012519181
0.8445,2.13093040377739
0.845,0.181266499705423
0.8455,-1.91336801100697
0.846,-2.42716604412598
0.8465,-0.934753477001117
0.847,1.33147290314486
0.8475,2.50436130327375
0.848,1.61516195771952
0.8485,-0.600440424192453
0.849,-2.3186865636009
0.8495,-2.12013631142261
0.85,-0.16915377290192
0.8505,1.92449152402976
0.851,2.43598662465628
0.8515,0.941605903980375
0.852,-1.3242924880031
0.8525,-2.49554100374308
0.853,-1.60436626107442
0.8535,0.612881594720869
0.854,2.32849374711305
0.8545,2.12830060900448
0.855,0.175678184680748
0.8555,-1.91698399005404
0.856,-2.42585114116595
0.8565,-0.930480054523012
0.857,1.33541759447946
0.8575,2.50436130327375
0.858,1.61187471484967
0.8585,-0.605700018794766
0.859,-2.32065891754745
0.8595,-2.11750650734603
0.86,-0.164551629793909
0.8605,1.92777876719446
0.861,2.43467172702372
0.8615,0.937661212467208
0.862,-1.32856591309463
0.8625,-2.49586972953763
0.863,-1.60042155906812
0.8635,0.617155011002466
0.864,2.33013736903603
0.8645,2.12534208988921
0.865,0.170747318463714
0.8655,-1.91961379301423
0.866,-2.42453623821002
0.8665,-0.925877907268033
0.867,1.34001973437005
0.8675,2.50469002769852
0.868,1.60825874769516
0.8685,-0.610302164099483
0.869,-2.32230254584309
0.8695,-2.11487670328453
0.87,-0.159620762200287
0.8705,1.93073728604626
0.871,2.43368555380011
0.8715,0.932730348070467
0.872,-1.33251061320633
0.8725,-2.49586972953763
0.873,-1.59680558225432
0.8735,0.622414600260985
0.874,2.3321097153459
0.8745,2.12336974381485
0.875,0.166145176645186
0.8755,-1.92290104673444
0.876,-2.4238787867336
0.8765,-0.920947035242587
0.877,1.34396442570508
0.8775,2.50567620097332
0.878,1.60464278054306
0.8785,-0.614575584762778
0.879,-2.32427489980611
0.8795,-2.11158944822884
0.88,-0.154361170125545
0.8805,1.93402452921893
0.881,2.43269938057718
0.8815,0.927799483667786
0.882,-1.3364553133442
0.8825,-2.49619845533244
0.883,-1.5928608803032
0.8835,0.627016740852174
0.884,2.33441078604391
0.8845,2.12106867339728
0.885,0.161214310393873
0.8855,-1.92553084972661
0.886,-2.42223515804703
0.8865,-0.916673612848473
0.887,1.34856656559628
0.8875,2.5053474765483
0.888,1.60069808910712
0.8885,-0.619506454786715
0.889,-2.32591852811549
0.8895,-2.10928836970385
0.89,-0.149759027081345
0.8905,1.9366543237601
0.891,2.43105575854051
0.8915,0.923854792141315
0.892,-1.34040001350828
0.8925,-2.49652718112752
0.893,-1.58924490353993
0.8935,0.631290157107108
0.894,2.33572568358716
0.8945,2.11811015429294
0.895,0.156612168543217
0.8955,-1.92914682886408
0.896,-2.42124898083817
0.8965,-0.912400190480253
0.897,1.35218253265393
0.8975,2.50567620097332
0.898,1.59642467338801
0.8985,-0.624437324840539
0.899,-2.32789088209499
0.8995,-2.10698729119037
0.9,-0.145156884056868
0.9005,1.93994156694039
0.901,2.42941213650574
0.9015,0.918923927727752
0.902,-1.34467343871565
0.9025,-2.49751335851431
0.903,-1.58595765195789
0.9035,0.636221022006766
0.904,2.3373693055178
0.9045,2.11548035953726
0.905,0.151352577837643
0.9055,-1.93276280802849
0.906,-2.41993407789661
0.9065,-0.908126768137876
0.907,1.35612722398989
0.9075,2.50567620097332
0.908,1.59215125767212
0.9085,-0.629696919597648
0.909,-2.32953451041811
0.9095,-2.1046862126884
0.91,-0.140226016552458
0.9105,1.9429000858063
0.911,2.42809723887929
0.9115,0.913664339013169
0.912,-1.34927558897348
0.9125,-2.49784208431043
0.913,-1.58135549977647
0.9135,0.641151886895911
0.914,2.33901292745018
0.9145,2.11219311609759
0.915,0.146092987111594
0.9155,-1.93572133645579
0.916,-2.41894790069313
0.9165,-0.903195896236411
0.917,1.36105808816037
0.9175,2.50600492539841
0.918,1.58886401481592
0.9185,-0.634299065038156
0.919,-2.33183559008099
0.9195,-2.10205640870023
0.92,-0.135295149070541
0.9205,1.94618732899472
0.921,2.42678234125407
0.9215,0.909390923177352
0.922,-1.35387773926715
0.9225,-2.49784208431043
0.923,-1.57839697339471
0.9235,0.645754027449694
0.924,2.34098527377136
0.9245,2.10989204569306
0.925,0.141490845209434
0.9255,-1.9390085902851
0.926,-2.41730427202579
0.9265,-0.898593749159294
0.927,1.36434533094106
0.9275,2.50600492539841
0.928,1.58491932339092
0.9285,-0.6392299351821
0.929,-2.333150492751
0.9295,-2.09942660472706
0.93,-0.130364281611041
0.9305,1.94914584786798
0.931,2.42579616803594
0.9315,0.905117507336804
0.932,-1.3571649894989
0.9325,-2.49751335851431
0.933,-1.57379482127727
0.9335,0.650684892318727
0.934,2.3426288957076
0.9345,2.10693352660543
0.935,0.136888703291466
0.9355,-1.94196711875057
0.936,-2.41598936909652
0.9365,-0.894320326900072
0.937,1.36829002227831
0.9375,2.50600492539841
0.938,1.58097463196857
0.9385,-0.643503355997938
0.939,-2.33479412109414
0.9395,-2.09646807527518
0.94,-0.125762138669
0.9405,1.9524330910646
0.941,2.42415254600726
0.9415,0.900515367195481
0.942,-1.36176713985416
0.9425,-2.49882826170037
0.943,-1.57017884464083
0.9435,0.65462958420654
0.944,2.34427251764559
0.9445,2.10430373186455
0.945,0.131629112508638
0.9455,-1.94492564723415
0.946,-2.41533191763343
0.9465,-0.889718179880345
0.947,1.37256343789422
0.9475,2.50666237424885
0.948,1.57702994054881
0.9485,-0.648434226198303
0.949,-2.33676647511418
0.9495,-2.09416699682571
0.95,-0.120831271252624
0.9505,1.95506288562503
0.951,2.42349509719632
0.9515,0.895584502752126
0.952,-1.36571184018733
0.9525,-2.49882826170037
0.953,-1.56722031831975
0.9535,0.659560449057105
0.954,2.34624486397351
0.9545,2.10167393712712
0.955,0.12669824613083
0.9555,-1.94788417573584
0.956,-2.41401701471031
0.9565,-0.885116032890285
0.957,1.37617940495434
0.9575,2.50666237424885
0.958,1.57341397341629
0.9585,-0.653036371746009
0.959,-2.33906755481562
0.9595,-2.09120846740753
0.96,-0.116229128350699
0.9605,1.95835012882951
0.961,2.42218019957535
0.9615,0.89098236259912
0.962,-1.36998526557817
0.9625,-2.49915698749753
0.963,-1.56294689143981
0.9635,0.664491313897516
0.964,2.34788848591539
0.9645,2.09937286673469
0.965,0.122096104161632
0.9655,-1.95117142964789
0.966,-2.41303083752066
0.9665,-0.880513885929829
0.967,1.38078154484974
0.9675,2.50699109867419
0.968,1.56979800628588
0.9685,-0.657967242005088
0.969,-2.34038245750767
0.9695,-2.08824993800827
0.97,-0.110969536486379
0.9705,1.96163737203837
0.971,2.42053657755084
0.9715,0.886380222440379
0.972,-1.37425869100015
0.9725,-2.49915698749753
0.973,-1.55867346459325
0.9735,0.669750903049515
0.974,2.34953210785903
0.9745,2.09641434766258
0.975,0.116836513320012
0.9755,-1.9541299581879
0.976,-2.41105848314826
0.9765,-0.875911738998918
0.977,1.38505496046766
0.9775,2.50797727195071
0.978,1.56585331487328
0.9785,-0.662240662920943
0.979,-2.34202608587839
0.9795,-2.08562013411371
0.98,-0.105709944647137
0.9805,1.96459589093013
0.981,2.41922167993259
0.9815,0.882106806573503
0.982,-1.37787466638157
0.9825,-2.49948571329496
0.983,-1.55571493833439
0.9835,0.674024319227135
0.984,2.35084700541521
0.9845,2.09378455293544
0.985,0.11190564688685
0.9855,-1.95774593753925
0.986,-2.41007230596551
0.9865,-0.871309592097488
0.987,1.38867092752958
0.9875,2.50764854752512
0.988,1.56190862346313
0.9885,-0.667500257925806
0.989,-2.34366971425537
0.9895,-2.08299033023408
0.99,-0.101436526296156
0.9905,1.9672256855036
0.991,2.41757805791147
0.9915,0.877833390701578
0.992,-1.38247681689937
0.9925,-2.49981443909265
0.993,-1.55177023668074
0.9935,0.678297735397296
0.994,2.35249062736204
0.9945,2.09082603387148
0.995,0.106974780435085
0.9955,-1.96070446611967
0.996,-2.40875740305876
0.9965,-0.867036170001076
0.997,1.39261561887053
0.9975,2.50699109867419
0.998,1.55763520777152
0.9985,-0.672102403583643
0.999,-2.34564206831604
0.9995,-2.08036052636938
1,-0.0965056589885326
1.0005,1.97018420440215
1.001,2.41593443589225
1.0015,0.87257380192913
1.002,-1.38609279233167
1.0025,-2.49981443909265
1.003,-1.54782553505542
1.0035,0.683228600199816
1.004,2.35446297370057
1.0045,2.08753879047211
1.005,0.102043913964641
1.0055,-1.96333426931754
1.006,-2.40777122588138
1.0065,-0.862434023156329
1.007,1.39688903449073
1.0075,2.50764854752512
1.008,1.55434796493372
1.0085,-0.677361998653922
1.009,-2.34728569670684
1.0095,-2.07773072251958
1.01,-0.091903516187771
1.0105,1.97314272330433
1.011,2.41494826268162
1.0115,0.868300386045767
1.012,-1.39069494291432
1.0125,-2.50047189068882
1.013,-1.54388083345839
1.0135,0.687830740673336
1.014,2.35643532004166
1.0145,2.08490899575642
1.015,0.0971130474754414
1.0155,-1.96662152333513
1.016,-2.40612759725752
1.0165,-0.857831876340883
1.017,1.40083372583327
1.0175,2.50797727195071
1.018,1.55073199781401
1.0185,-0.681964144369141
1.019,-2.34925805078409
1.0195,-2.07477219320638
1.02,-0.0866439244386661
1.0205,1.97610124221015
1.021,2.41363336506849
1.0215,0.863040797259089
1.022,-1.39431091839765
1.0225,-2.50014316489061
1.023,-1.54026485701927
1.0235,0.69243288113839
1.024,2.35742149321316
1.0245,2.08227920104409
1.025,0.0925109054018665
1.0255,-1.96925132656542
1.026,-2.40448396864004
1.0265,-0.85355845432415
1.027,1.40477841717663
1.0275,2.50830599637637
1.028,1.54645858212956
1.0285,-0.68722373950516
1.029,-2.35090167918872
1.0295,-2.07214238938824
1.03,-0.0820417816784245
1.0305,1.97873103679617
1.031,2.41231846745657
1.0315,0.859096105663849
1.032,-1.39825561895058
1.0325,-2.50014316489061
1.033,-1.53599143034906
1.0335,0.697363745913053
1.034,2.36005128834032
1.0345,2.07997813067356
1.035,0.0872513144404717
1.0355,-1.97220985521674
1.036,-2.40349779147262
1.0365,-0.847970133263303
1.037,1.4093805570783
1.0375,2.50863472080212
1.038,1.54284261501403
1.0385,-0.690839711181583
1.039,-2.35254530759963
1.0395,-2.06918386011061
1.04,-0.0767821899754657
1.0405,1.98234700435669
1.041,2.41100356984585
1.0415,0.854822689763893
1.042,-1.40220031953033
1.0425,-2.50047189068882
1.043,-1.53237545396164
1.0435,0.701965886360769
1.044,2.36103746151418
1.0445,2.0770196116295
1.045,0.0823204478945494
1.0455,-1.97516838388633
1.046,-2.40185416286535
1.0465,-0.84369671130456
1.047,1.41299652414476
1.0475,2.50896344522795
1.048,1.5388979236174
1.0485,-0.696099306377046
1.049,-2.35386021033289
1.0495,-2.06655405632407
1.05,-0.0718513227761752
1.0505,1.98530552327395
1.051,2.40968867223634
1.0515,0.850549273858574
1.052,-1.40647374518869
1.0525,-2.5008006164873
1.053,-1.52843075247506
1.0535,0.706896751116997
1.054,2.36268108347205
1.0545,2.07438981692721
1.055,0.0780470302060023
1.0555,-1.9784556379851
1.056,-2.40053925998413
1.0565,-0.839423289370864
1.057,1.41726993976978
1.0575,2.50863472080212
1.058,1.53495323222295
1.0585,-0.700372727499385
1.059,-2.35583256444033
1.0595,-2.06392425255237
1.06,-0.066920455598323
1.0605,1.98859276651969
1.061,2.40837377462801
1.0615,0.845289685044591
1.062,-1.41041844582444
1.0625,-2.5008006164873
1.063,-1.52415732589631
1.0635,0.71149889154764
1.064,2.36432470543171
1.0645,2.07176002222824
1.065,0.0731161636244404
1.0655,-1.98108544128039
1.066,-2.39889563138834
1.0665,-0.834492417939966
1.067,1.42154335539596
1.0675,2.50896344522795
1.068,1.53166598939589
1.0685,-0.705303598054223
1.069,-2.35714746718367
1.0695,-2.06129444879552
1.07,-0.0619895884418331
1.0705,1.99155128544479
1.071,2.40705887702089
1.0715,0.841016269127127
1.072,-1.41469187154356
1.0725,-2.5008006164873
1.073,-1.51988389935049
1.0735,0.716429756285719
1.074,2.36629705178567
1.0745,2.06880150319585
1.075,0.0678565725829413
1.0755,-1.9840439700049
1.076,-2.39790945423392
1.0765,-0.829890271301088
1.077,1.42548804674427
1.0775,2.50929216965387
1.078,1.52772129800534
1.0785,-0.709905743933564
1.079,-2.35911982130623
1.0795,-2.05833591958679
1.08,-0.0570587213066293
1.0805,1.99450980437363
1.081,2.40574397941496
1.0815,0.83674285320414
1.082,-1.41830784717677
1.0825,-2.50112934228604
1.083,-1.51692537329957
1.0835,0.721360621014521
1.084,2.36794067374928
1.0845,2.06584298416763
1.085,0.0635831548455727
1.0855,-1.98700249874774
1.086,-2.39626582564832
1.0865,-0.824959399934317
1.087,1.4297614623728
1.0875,2.50962089407986
1.088,1.52377660661687
1.0885,-0.714507889840155
1.089,-2.36076344974863
1.0895,-2.0560348413263
1.09,-0.0524565786662436
1.0905,1.99779704763231
1.091,2.40410035740923
1.0915,0.831811988670688
1.092,-1.42192382283269
1.0925,-2.5008006164873
1.093,-1.51298067192284
1.0935,0.726291485734123
1.094,2.3695842957147
1.0945,2.06321318947938
1.095,0.0579948393209237
1.0955,-1.99061847834726
1.096,-2.39527964850002
1.0965,-0.820357253355157
1.097,1.43370615372337
1.0975,2.50962089407986
1.098,1.51917446666622
1.0985,-0.718781311063587
1.099,-2.36273580388783
1.0995,-2.05274758668811
1.1,-0.0475257115719773
1.1005,2.00042684224261
1.101,2.40278545980598
1.1015,0.827209848432704
1.102,-1.42652597370037
1.1025,-2.50112934228604
1.103,-1.50903597057405
1.1035,0.730564901817061
1.104,2.37122791768191
1.1045,2.06091211912983
1.105,0.0537214215499425
1.1055,-1.99357700713092
1.106,-2.39330729421028
1.1065,-0.816083831557383
1.107,1.43765084507508
1.1075,2.50994961850594
1.108,1.51555849956405
1.1085,-0.724040906447906
1.109,-2.36339325526958
1.1095,-2.05044650845513
1.11,-0.0429235689696673
1.1105,2.00338536118278
1.111,2.40147056220392
1.1115,0.822607708188129
1.112,-1.430141949408
1.1125,-2.50112934228604
1.113,-1.50509126925318
1.1135,0.735167042206464
1.114,2.37287153965093
1.1145,2.05762487577767
1.115,0.048790554872914
1.1155,-1.99587808508647
1.116,-2.39232111706885
1.1165,-0.811152960282982
1.117,1.44192426070745
1.1175,2.50962089407986
1.118,1.51227125674531
1.1185,-0.728314327724051
1.119,-2.3653656094209
1.1195,-2.04715925385622
1.12,-0.037006528507844
1.1205,2.0066726044541
1.121,2.40015566460306
1.1215,0.818005567936899
1.122,-1.43441537527367
1.1225,-2.50145806808504
1.123,-1.50147529306687
1.1235,0.739769182588038
1.124,2.37451516162176
1.1245,2.0549950810996
1.125,0.0438596881763085
1.1255,-1.99883661390284
1.126,-2.39067748850489
1.1265,-0.806550813789842
1.127,1.44554022778211
1.1275,2.51027834293209
1.128,1.50766911680132
1.1285,-0.732916473740262
1.129,-2.3666805121935
1.1295,-2.0445294501937
1.13,-0.0324043859472405
1.1305,2.00963112340233
1.131,2.39851204260365
1.1315,0.813403427678954
1.132,-1.43836007610106
1.1325,-2.50112934228604
1.133,-1.49687314159084
1.1335,0.744371322961845
1.134,2.37648750798915
1.1345,2.05236528642477
1.135,0.03892882146005
1.1355,-2.00146641731062
1.136,-2.38870513423652
1.1365,-0.801619942578871
1.137,1.44981364341716
1.1375,2.50962089407986
1.138,1.50405314970426
1.1385,-0.737518619784034
1.139,-2.36832414066493
1.1395,-2.04157092109101
1.14,-0.027802243404782
1.1405,2.0125896423544
1.141,2.39719714500545
1.1415,0.809130011719081
1.142,-1.44296222710075
1.1425,-2.50211551968382
1.143,-1.49325716545764
1.1435,0.749302187639517
1.144,2.37813112996397
1.1445,2.04940676741943
1.145,0.033669230274293
1.1455,-2.00541112244962
1.146,-2.38739023139603
1.1465,-0.798003970378278
1.147,1.45375833477396
1.1475,2.50994961850594
1.148,1.50043718260875
1.1485,-0.742449490575871
1.149,-2.36996776914268
1.1495,-2.03894111745983
1.15,-0.0228713764150702
1.1505,2.01554816131034
1.151,2.39588224740844
1.1515,0.804527871448009
1.152,-1.44624947783752
1.1525,-2.50145806808504
1.153,-1.48931246424803
1.1535,0.753904327997432
1.154,2.37911730314973
1.1545,2.04644824841815
1.155,0.0290670879682692
1.1555,-2.00804092589384
1.156,-2.3860753285596
1.1565,-0.792744374481471
1.157,1.4577030261321
1.1575,2.51027834293209
1.158,1.49616376695237
1.1585,-0.747051636676928
1.159,-2.37128267192943
1.1595,-2.03598258839237
1.16,-0.0179405094460409
1.1605,2.01817795594108
1.161,2.39456734981261
1.1615,0.799597006864207
1.162,-1.45019417874667
1.1625,-2.50145806808504
1.163,-1.48503903796889
1.1635,0.758506468347769
1.164,2.38043220073177
1.1645,2.04348972942093
1.165,0.0241362211925949
1.1655,-2.01099945478604
1.166,-2.38443170001977
1.1665,-0.787813503361861
1.167,1.46230516605168
1.1675,2.51027834293209
1.168,1.49221907557909
1.1685,-0.751325058081326
1.169,-2.37292630041856
1.1695,-2.03302405934353
1.17,-0.012680918035121
1.1705,2.02113647490435
1.171,2.39292372781948
1.1715,0.794994866578781
1.172,-1.45413887968315
1.1725,-2.50145806808504
1.173,-1.48076561172223
1.1735,0.763437333000507
1.174,2.38240454710701
1.1745,2.04085993476011
1.175,0.0192053543969632
1.1755,-2.01395798369673
1.176,-2.38344552289893
1.1765,-0.783540081751146
1.177,1.46592113313271
1.1775,2.51027834293209
1.178,1.48794565992665
1.1785,-0.756255928962352
1.179,-2.37456992891402
1.1795,-2.03039425576019
1.18,-0.00807877556972618
1.1805,2.02376626954165
1.181,2.3912801058282
1.1815,0.790064001979455
1.182,-1.45841230572856
1.1825,-2.5017867938843
1.183,-1.47747836078533
1.1835,0.76771074902596
1.184,2.38437689348488
1.1845,2.03823014010247
1.185,0.0142744875812981
1.1855,-2.01658778718843
1.186,-2.38147316866409
1.1865,-0.778937935428374
1.187,1.46986582449524
1.1875,2.50994961850594
1.188,1.48498714139919
1.1885,-0.760858075146843
1.189,-2.3762135574158
1.1895,-2.02743572674649
1.19,-0.00347663312214948
1.1905,2.02639606418204
1.191,2.3899652082365
1.1915,0.785461861679409
1.192,-1.4623570067221
1.1925,-2.50145806808504
1.193,-1.47353365968634
1.1935,0.772641613662797
1.194,2.38536306667481
1.1945,2.0352716211164
1.195,0.0100010696581246
1.1955,-2.01987504157363
1.196,-2.38015826584593
1.1965,-0.774664513868176
1.197,1.47381051585927
1.1975,2.51060706735833
1.198,1.48071372575006
1.1985,-0.765788946089799
1.199,-2.37785718592392
1.1995,-2.02447719775137
1.2,0.001125509307671
1.2005,2.03001203181766
1.201,2.38832158624853
1.2015,0.78085972137221
1.202,-1.4663017077431
1.2025,-2.50145806808504
1.203,-1.47024640879158
1.2035,0.776915029674585
1.204,2.38700668865948
1.2045,2.03264182646546
1.205,0.00572765171979712
1.2055,-2.02217611965689
1.206,-2.37884336303183
1.2065,-0.769733642867305
1.207,1.47742648294432
1.2075,2.51027834293209
1.208,1.47644031010281
1.2085,-0.770391092332225
1.209,-2.37950081443837
1.2095,-2.02184739421574
1.21,0.00572765171979712
1.2105,2.03264182646546
1.211,2.38700668865948
1.2115,0.776586305366209
1.212,-1.47024640879158
1.2125,-2.50145806808504
1.213,-1.46531553248527
1.2135,0.782503342911321
1.214,2.38865031064598
1.2145,2.02968330748691
1.215,0.000796784848985641
1.2155,-2.02513464863757
1.216,-2.37719973451991
1.2165,-0.765131496628883
1.217,1.48137117431134
1.2175,2.50962089407986
1.218,1.47249561873776
1.2185,-0.774993238602715
1.219,-2.38048699155009
1.2195,-2.01921759069476
1.22,0.0106585185703672
1.2205,2.03560034544799
1.221,2.38536306667481
1.2215,0.771655440736105
1.222,-1.47419110986759
1.2225,-2.50145806808504
1.223,-1.46137083147115
1.2235,0.786448034601448
1.224,2.3899652082365
1.2245,2.02606733985182
1.225,-0.00380535758210108
1.2255,-2.02809317763682
1.226,-2.37555610601433
1.2265,-0.760200625690207
1.227,1.48564458996077
1.2275,2.51027834293209
1.228,1.468222203094
1.2285,-0.779595384901329
1.229,-2.38213062007468
1.2295,-2.01593033631413
1.23,0.0155893854007719
1.2305,2.03757269143855
1.231,2.38371944469197
1.2315,0.766724576097577
1.232,-1.47813581097117
1.2325,-2.50145806808504
1.233,-1.45742613048446
1.2335,0.791050174899969
1.234,2.39095138143017
1.2345,2.02343754521182
1.235,-0.00939367341516094
1.2355,-2.03138043210222
1.236,-2.37424120321442
1.2365,-0.756255928962352
1.237,1.48926055705026
1.2375,2.50994961850594
1.238,1.46427751173209
1.2385,-0.784197531228131
1.239,-2.38410297431257
1.2395,-2.01297180739111
1.24,0.0205202522110874
1.2405,2.04085993476011
1.241,2.38240454710701
1.2415,0.762122435760616
1.242,-1.48175178700704
1.2425,-2.50211551968382
1.243,-1.45381015460407
1.2435,0.795652315191413
1.244,2.39292372781948
1.2445,2.02047902624551
1.245,-0.0143245403485204
1.2455,-2.03401023569107
1.246,-2.37292630041856
1.2465,-0.75099633335706
1.247,1.49353397270333
1.2475,2.50994961850594
1.248,1.46066154465161
1.2485,-0.789128402323911
1.249,-2.38574660285112
1.2495,-2.0096845530539
1.25,0.025122394549324
1.2505,2.04381845375375
1.251,2.38076092512746
1.2515,0.757520295416189
1.252,-1.48602521326119
1.2525,-2.5017867938843
1.253,-1.44953672859325
1.2535,0.800583179781604
1.254,2.39390990101514
1.2545,2.01752050728311
1.255,-0.0189266828381958
1.2555,-2.03696876474612
1.256,-2.37128267192943
1.2565,-0.746394187232222
1.257,1.49714993979597
1.2575,2.51027834293209
1.258,1.45704557757232
1.2585,-0.793401823966544
1.259,-2.3867327799773
1.2595,-2.00672602416991
1.26,0.0303819857717548
1.2605,2.04644824841815
1.261,2.37911730314973
1.2615,0.753246879375338
1.262,-1.4899699144477
1.2625,-2.50145806808504
1.263,-1.44559202768865
1.2635,0.805185320058583
1.264,2.39588224740844
1.2645,2.01489071265313
1.265,-0.023528825345835
1.2655,-2.03926984291292
1.266,-2.36931031775082
1.2665,-0.742120765855427
1.267,1.50109463117146
1.2675,2.50994961850594
1.268,1.45244343765488
1.2685,-0.798332695123061
1.269,-2.38837640852602
1.2695,-2.00376749530439
1.27,0.0349841280728418
1.2705,2.04973549175315
1.271,2.37780240556886
1.2715,0.748316014704687
1.272,-1.49391461566194
1.2725,-2.50145806808504
1.273,-1.44131860173946
1.2735,0.810116184633419
1.274,2.39719714500545
1.2745,2.01226091802621
1.275,-0.0284596923383103
1.2755,-2.0422283720011
1.276,-2.36799541497014
1.2765,-0.737189895065706
1.277,1.50503932254876
1.2775,2.51027834293209
1.278,1.44915619485783
1.2785,-0.802606116818447
1.279,-2.38969131136956
1.2795,-2.00113769188386
1.28,0.0395862703566894
1.2805,2.05302273509317
1.281,2.3761587835944
1.2815,0.743713874337488
1.282,-1.49753059179938
1.2825,-2.5017867938843
1.283,-1.43737390089167
1.2835,0.814718324896199
1.284,2.39884076700338
1.2845,2.00963112340233
1.285,-0.0333905593515545
1.2855,-2.04551562656542
1.286,-2.36635178649997
1.2865,-0.731930299591613
1.287,1.50964146249129
1.2875,2.51027834293209
1.288,1.444882779223
1.2885,-0.807536988035966
1.289,-2.39133493992971
1.2895,-1.99785043762867
1.29,0.0448458615171995
1.2905,2.05532380543418
1.291,2.37451516162176
1.2915,0.738783009649785
1.292,-1.50180401817375
1.2925,-2.50145806808504
1.293,-1.43342920007107
1.2935,0.81899174084844
1.294,2.40048438900316
1.2945,2.00634388012676
1.295,-0.0376639774465579
1.2955,-2.04781670477415
1.296,-2.36437943234411
1.2965,-0.727656878295409
1.297,1.51292870530895
1.2975,2.51027834293209
1.298,1.44093808786908
1.2985,-0.812139134535232
1.299,-2.39232111706885
1.2995,-1.99522063424089
1.3,0.0497767282098835
1.3005,2.05795360011266
1.301,2.37320026404495
1.3015,0.73385214495315
1.302,-1.50574871947139
1.3025,-2.5008006164873
1.303,-1.42948449927764
1.3035,0.823922605401541
1.304,2.40179928660433
1.3045,2.00338536118278
1.305,-0.0432522934406537
1.3055,-2.05044650845513
1.306,-2.36339325526958
1.3065,-0.723054732310619
1.307,1.51654467240993
1.3075,2.51027834293209
1.308,1.43699339651638
1.3085,-0.816741281063122
1.309,-2.3936360199246
1.3095,-1.99226210544702
1.31,0.0547075948830057
1.3105,2.06091211912983
1.311,2.37089919328832
1.3115,0.729250004561499
1.312,-1.50936469568539
1.3125,-2.5008006164873
1.313,-1.4252110734487
1.3135,0.828196021341396
1.314,2.40311418420668
1.3145,2.00042684224261
1.315,-0.0478544360442723
1.3155,-2.05307631215089
1.316,-2.36142090112735
1.3165,-0.718123861643063
1.317,1.52081808807685
1.3175,2.50962089407986
1.318,1.43239125660639
1.3185,-0.821343427619699
1.319,-2.39527964850002
1.3195,-1.98963230209013
1.32,0.0593097370936711
1.3205,2.06387063815113
1.321,2.3695842957147
1.3215,0.72464786416194
1.322,-1.5133093970365
1.3225,-2.5008006164873
1.323,-1.42159509777212
1.3235,0.832798161577976
1.324,2.40442908181022
1.3245,1.99681087465422
1.325,-0.0531140276137412
1.3255,-2.05636356679139
1.326,-2.36010599837091
1.3265,-0.714179165131636
1.327,1.52410533089916
1.3275,2.50929216965387
1.328,1.42877528953533
1.3285,-0.825945574205024
1.329,-2.39758072851629
1.3295,-1.98700249874774
1.33,0.0642406037291895
1.3305,2.0661717085039
1.331,2.36761194935642
1.3315,0.71971699943928
1.332,-1.51758282353175
1.3325,-2.5008006164873
1.333,-1.41765039705996
1.3335,0.837071577506106
1.334,2.40574397941496
1.3345,1.99385235572245
1.335,-0.0580448947319708
1.3355,-2.05932209598762
1.336,-2.35813364424381
1.3365,-0.709248294520563
1.337,1.52870747085278
1.3375,2.50962089407986
1.338,1.42417314962805
1.3385,-0.830218996060049
1.339,-2.39856690566994
1.3395,-1.98338651917565
1.34,0.0691714703453693
1.3405,2.06913022753258
1.341,2.36629705178567
1.3415,0.715443583338848
1.342,-1.52119879982262
1.3425,-2.5008006164873
1.343,-1.4137056963748
1.3435,0.842331166333087
1.344,2.40705887702089
1.3445,1.99155128544479
1.345,-0.0626470373948002
1.3455,-2.06195189973335
1.346,-2.3564900158115
1.3465,-0.703988699236551
1.347,1.53199471367853
1.3475,2.50896344522795
1.348,1.42055718255905
1.3485,-0.835149867462166
1.349,-2.39955308282589
1.3495,-1.98009926504296
1.35,0.0744310613813979
1.3505,2.07176002222824
1.351,2.36465342982386
1.3515,0.710512718598905
1.352,-1.52481477613705
1.3525,-2.50047189068882
1.353,-1.40943227066298
1.3535,0.846933306549847
1.354,2.40935994783414
1.3545,1.98826404219491
1.355,-0.067249180076181
1.3555,-2.06458170349391
1.356,-2.35484638738548
1.3565,-0.699057828690023
1.357,1.53659685363704
1.3575,2.50896344522795
1.358,1.4169412154909
1.3585,-0.839752014134106
1.359,-2.40053925998413
1.3595,-1.97714073634288
1.36,0.0793619279578522
1.3605,2.07504726560247
1.361,2.3633385322557
1.3615,0.705910578166508
1.362,-1.52843075247506
1.3625,-2.49981443909265
1.363,-1.40548757003396
1.3635,0.85153544676028
1.364,2.41034612104095
1.3645,1.98596297192273
1.365,-0.0725087717348403
1.3655,-2.06721150726931
1.366,-2.35287403328257
1.3665,-0.694455682874671
1.367,1.54021282074937
1.3675,2.50896344522795
1.368,1.41233907558716
1.3685,-0.844354160835043
1.369,-2.40251161430749
1.3695,-1.97451093306928
1.37,0.0842927945152012
1.3705,2.07767706030559
1.371,2.36169491029712
1.3715,0.701308437725889
1.372,-1.53270417908679
1.3725,-2.50014316489061
1.373,-1.40121414438287
1.3735,0.856137586964448
1.374,2.41133229424842
1.3745,1.98201828003278
1.375,-0.077439638936995
1.3755,-2.06984131105957
1.376,-2.35188785623451
1.3765,-0.690182261784631
1.377,1.54382878786354
1.3775,2.50896344522795
1.378,1.40839438424212
1.3785,-0.848956307565037
1.379,-2.40382651719484
1.3795,-1.97155240440376
1.38,0.0885662121828417
1.3805,2.0806355793506
1.381,2.36005128834032
1.3815,0.696706297276986
1.382,-1.53599143034906
1.3825,-2.50014316489061
1.383,-1.39726944380983
1.3835,0.861068451462033
1.384,2.41297591626238
1.3845,1.97938848544313
1.385,-0.0820417816784245
1.3855,-2.0731285658183
1.386,-2.34991550214519
1.3865,-0.685580116021378
1.387,1.54777347926295
1.3875,2.50896344522795
1.388,1.40412096861934
1.3885,-0.85355845432415
1.389,-2.40448396864004
1.3895,-1.9685938757565
1.39,0.0941545275728874
1.3905,2.08326537406082
1.391,2.35840766638531
1.3915,0.691446708182302
1.392,-1.54059358214912
1.3925,-2.49981443909265
1.393,-1.39299601821929
1.3935,0.865341867354238
1.394,2.41429081387491
1.3945,1.97642996653325
1.395,-0.0873013734059541
1.3955,-2.07542964416324
1.396,-2.34827187374433
1.3965,-0.680649245590624
1.397,1.55171817066464
1.3975,2.50830599637637
1.398,1.40050500155469
1.3985,-0.858489325884155
1.399,-2.40612759725752
1.3995,-1.9653066217254
1.4,0.0990853940733768
1.4005,2.08556644443503
1.401,2.35643532004166
1.4015,0.686844567715439
1.402,-1.5445382837226
1.4025,-2.49948571329496
1.403,-1.38905131770206
1.4035,0.869615283241201
1.404,2.41527698708509
1.4045,1.97347144762702
1.405,-0.0922322406729107
1.4055,-2.07838817348064
1.406,-2.34629951967161
1.4065,-0.675718375190702
1.407,1.55533413778489
1.4075,2.50863472080212
1.408,1.39656031021222
1.4085,-0.862762747929982
1.409,-2.40777122588138
1.4095,-1.96267681851672
1.41,0.103030087260228
1.4105,2.08885368783122
1.411,2.35413424931063
1.4115,0.682242427240098
1.412,-1.54782553505542
1.4125,-2.49948571329496
1.413,-1.38510661721155
1.4135,0.874546147719709
1.414,2.41659188469971
1.4145,1.97018420440215
1.415,-0.0971631079616201
1.4155,-2.08101797733416
1.416,-2.34531334263864
1.4165,-0.670787504821535
1.417,1.55927882919104
1.4175,2.50797727195071
1.418,1.39228689459209
1.4185,-0.867693619552721
1.419,-2.40908612878506
1.4195,-1.95938956452612
1.42,0.108289678157379
1.4205,2.0911547582117
1.421,2.35281935175161
1.4215,0.677311562435611
1.422,-1.55242768695438
1.4225,-2.49981443909265
1.423,-1.38116191674773
1.4235,0.87881956359555
1.424,2.41757805791147
1.4245,1.96623951253821
1.425,-0.102093975272158
1.4255,-2.08397650668719
1.426,-2.34334098857947
1.4265,-0.666185359171326
1.427,1.56289479631544
1.4275,2.50830599637637
1.428,1.3883422032512
1.4285,-0.87229576643103
1.429,-2.41040103169284
1.4295,-1.9564310359538
1.43,0.113549269033301
1.4305,2.09378455293544
1.431,2.35183317858309
1.4315,0.673366870584911
1.432,-1.55604366347348
1.4325,-2.49915698749753
1.433,-1.37721721631056
1.4335,0.883092979466305
1.434,2.41922167993259
1.4345,1.96426716660865
1.435,-0.106696118115089
1.4355,-2.08693503605912
1.436,-2.34136863452935
1.4365,-0.661583213547781
1.437,1.5668394877262
1.4375,2.50797727195071
1.438,1.38406878763269
1.4385,-0.876240463778719
1.439,-2.41138720887635
1.4395,-1.95314378200588
1.44,0.118480135460278
1.4405,2.09674307200371
1.441,2.34986083224797
1.4415,0.668436005762585
1.442,-1.55900218973411
1.4425,-2.49882826170037
1.443,-1.37294379086699
1.4435,0.88769511962918
1.444,2.42086530195559
1.4445,1.96065119907525
1.445,-0.111626985468045
1.4455,-2.08956483996116
1.446,-2.33939628048826
1.4465,-0.656652343266356
1.447,1.57111290342397
1.4475,2.50731982309962
1.448,1.38012409629321
1.4485,-0.881171335493799
1.449,-2.41270211179128
1.4495,-1.94985652808038
1.45,0.123411001868754
1.4505,2.09937286673469
1.451,2.34788848591539
1.4515,0.663505140930243
1.452,-1.56327561658324
1.4525,-2.49849953590346
1.453,-1.36899909048521
1.4535,0.892297259786275
1.454,2.42152275076532
1.4545,1.95769268018826
1.455,-0.116557852843054
1.4555,-2.09186591838771
1.456,-2.33775265212758
1.4565,-0.652050197697845
1.457,1.57472887055514
1.4575,2.50731982309962
1.458,1.37617940495434
1.4585,-0.886102207242803
1.459,-2.41401701471031
1.4595,-1.94755545034587
1.46,0.128013143833372
1.4605,2.10233138581115
1.461,2.34624486397351
1.4615,0.658574276087807
1.462,-1.56754904346575
1.4625,-2.49817081010682
1.463,-1.36505439012996
1.4635,0.897228124233964
1.464,2.42382382160175
1.4645,1.95506288562503
1.465,-0.12148872024019
1.4655,-2.09449572231779
1.466,-2.33610902377316
1.4665,-0.647448052155805
1.467,1.57801611340351
1.4675,2.50666237424885
1.468,1.37157726505973
1.4685,-0.890046904666483
1.469,-2.41533191763343
1.4695,-1.94393947107094
1.47,0.132944010206293
1.4705,2.10463245620697
1.471,2.34427251764559
1.4715,0.653972135559027
1.472,-1.57083629493659
1.4725,-2.49817081010682
1.473,-1.360780964775
1.4735,0.901830264379286
1.474,2.42480999481851
1.4745,1.95210436674474
1.475,-0.126419587659531
1.4755,-2.09712552626285
1.476,-2.33446539542501
1.4765,-0.643174631318991
1.477,1.58196080482391
1.4775,2.50633364982359
1.478,1.36730384944395
1.4785,-0.894977776476744
1.479,-2.41664682056064
1.4795,-1.94065221720813
1.48,0.137874876560936
1.4805,2.10660480226263
1.481,2.34295762009506
1.4815,0.649369995021327
1.482,-1.57478099672773
1.4825,-2.49817081010682
1.483,-1.35650753945108
1.4835,0.906103680223507
1.484,2.42612489244191
1.4845,1.94914584786798
1.485,-0.131350455101151
1.4855,-2.10008405571895
1.486,-2.33282176708312
1.4865,-0.6379150364741
1.487,1.58590549624692
1.4875,2.50600492539841
1.488,1.36335915810682
1.4885,-0.899908648321143
1.489,-2.41796172349196
1.4895,-1.93802241413397
1.49,0.142477018475511
1.4905,2.10989204569306
1.491,2.34065654938432
1.4915,0.644110405824383
1.492,-1.57872569854745
1.4925,-2.49751335851431
1.493,-1.3528915642012
1.4935,0.910377096062959
1.494,2.42743979006653
1.4945,1.94552988035669
1.495,-0.136281322565129
1.4955,-2.10304258519403
1.496,-2.33084941308111
1.4965,-0.633970340362965
1.497,1.58985018767258
1.4975,2.50600492539841
1.498,1.3590857424921
1.4985,-0.904182070613961
1.499,-2.41960535216186
1.4995,-1.93473516031135
1.5,0.148065333636267
1.5005,2.11285056478509
1.501,2.33868420306357
1.5015,0.639836989593163
1.502,-1.58234167524064
1.5025,-2.49685590692286
1.503,-1.34796068889616
1.5035,0.915307960487234
1.504,2.42809723887929
1.5045,1.9425713614877
1.505,-0.140883465551745
1.5055,-2.10534366368779
1.506,-2.32920578475299
1.5065,-0.628382020905169
1.507,1.59379487910093
1.5075,2.50567620097332
1.508,1.35514105115587
1.5085,-0.908455492932527
1.509,-2.41993407789661
1.5095,-1.93144790651104
1.51,0.152338751096495
1.5105,2.11515163519305
1.511,2.33671185674533
1.5115,0.634577400374719
1.512,-1.5862863771152
1.5125,-2.49685590692286
1.513,-1.34467343871565
1.5135,0.920238824905301
1.514,2.42941213650574
1.5145,1.93928411830399
1.515,-0.146471782061853
1.5155,-2.10764474219305
1.516,-2.32756215643111
1.5165,-0.6237798754983
1.517,1.59741084624598
1.5175,2.50567620097332
1.518,1.35152508409798
1.5185,-0.91305764007368
1.519,-2.42190643231049
1.5195,-1.92848937810981
1.52,0.157269617379979
1.5205,2.11843887863765
1.521,2.33605440797315
1.5215,0.630303984125908
1.522,-1.58990235385873
1.5225,-2.49652718112752
1.523,-1.33974256347911
1.5235,0.924512240729329
1.524,2.4307270341334
1.5245,1.9366543237601
1.525,-0.150745200589154
1.5255,-2.11060327171672
1.526,-2.32526107679099
1.5265,-0.618849005448465
1.527,1.60135553767958
1.5275,2.5053474765483
1.528,1.34758039276242
1.5285,-0.917331062445881
1.529,-2.42256388378383
1.5295,-1.92553084972661
1.53,0.16220048364556
1.5305,2.12073994905213
1.531,2.33441078604391
1.5315,0.625701843541356
1.532,-1.59384705578829
1.5325,-2.49619845533244
1.533,-1.33612658833171
1.5335,0.929443105136011
1.534,2.43269938057718
1.5345,1.93336708058406
1.535,-0.155676068141804
1.5355,-2.11257562474308
1.536,-2.32394617414498
1.5365,-0.614575584762778
1.537,1.60530022911599
1.5375,2.50567620097332
1.538,1.3429782528713
1.5385,-0.92193320964491
1.539,-2.42420751247168
1.5395,-1.92158614524369
1.54,0.167131349893314
1.5405,2.12336974381485
1.541,2.33178099096075
1.5415,0.621099702947503
1.542,-1.59713430741821
1.5425,-2.49619845533244
1.543,-1.33152443817595
1.5435,0.933716520950287
1.544,2.43335682939239
1.5445,1.93007983741223
1.545,-0.160606935717186
1.5455,-2.11586287980583
1.546,-2.32164509452409
1.5465,-0.609644714768653
1.547,1.60891619626853
1.5475,2.50469002769852
1.548,1.33903356153633
1.5485,-0.92653535687404
1.549,-2.42552241542658
1.5495,-1.9186276169025
1.55,0.172390940538021
1.5505,2.12567081423513
1.551,2.33013736903603
1.5515,0.616168838015128
1.552,-1.60140773456699
1.5525,-2.49619845533244
1.553,-1.32757973807078
1.5535,0.937989936760114
1.554,2.43434300261578
1.5545,1.92712131856118
1.555,-0.165209078808118
1.5555,-2.11849268387298
1.556,-2.32000146623093
1.5565,-0.604713844804263
1.557,1.61220343913656
1.5575,2.50403257884906
1.558,1.3344314216458
1.5585,-0.931137504133331
1.559,-2.42650859264545
1.5595,-1.91599781394764
1.56,0.176993082335644
1.5605,2.12830060900448
1.561,2.32849374711305
1.5615,0.611566697401814
1.562,-1.60502371141161
1.5625,-2.49554100374308
1.563,-1.32363503799174
1.5635,0.942920801150604
1.564,2.43598662465628
1.5645,1.92416279971352
1.565,-0.170139946427663
1.5655,-2.12112248795521
1.566,-2.31802911228738
1.5665,-0.600111699530928
1.567,1.61614813058087
1.5675,2.50403257884906
1.568,1.33048673031123
1.5685,-0.936068376230399
1.569,-2.4281522213487
1.5695,-1.91271056027402
1.57,0.181923948530373
1.5705,2.13093040377739
1.571,2.32652140080777
1.5715,0.606635832448445
1.572,-1.60896841345158
1.5725,-2.49521227794879
1.573,-1.31936161293553
1.5735,0.946865492658829
1.574,2.4369727978815
1.5745,1.92120428086922
1.575,-0.174742089559948
1.5755,-2.12375229205253
1.576,-2.31671420966333
1.5765,-0.595509554283367
1.577,1.61943537345338
1.5775,2.50370385442445
1.578,1.32588459042107
1.5785,-0.940670523552365
1.579,-2.4288096728318
1.5795,-1.90942330662255
1.58,0.186526090296308
1.5805,2.13323147420662
1.581,2.32454905450497
1.5815,0.602033691815404
1.582,-1.61258439034694
1.5825,-2.49521227794879
1.583,-1.31541691291078
1.5835,0.951796357038966
1.584,2.43795897110742
1.5845,1.91758831339741
1.585,-0.180001681735694
1.5855,-2.12638209616496
1.586,-2.31441313008084
1.5865,-0.590578684403798
1.587,1.62370878919074
1.5875,2.50337512999992
1.588,1.32193989908673
1.5885,-0.944943946092796
1.589,-2.43045330154404
1.5895,-1.9061360529932
1.59,0.191456956457228
1.5905,2.1365187176817
1.591,2.32290543258787
1.5915,0.597431551172745
1.592,-1.61620036726661
1.5925,-2.49422610056749
1.593,-1.3111434879133
1.5935,0.956398497121999
1.594,2.43927386874304
1.5945,1.91462979456054
1.595,-0.184603824911035
1.5955,-2.1283544492592
1.596,-2.31276950181511
1.5965,-0.58564781455367
1.597,1.62732475635589
1.5975,2.50271768115111
1.598,1.31799520775244
1.5985,-0.949217368659447
1.599,-2.43111075303073
1.5995,-1.9031775247457
1.6,0.195730373782633
1.6005,2.1391485124658
1.601,2.32093308628962
1.6015,0.592829410520407
1.602,-1.61981634421062
1.6025,-2.49389737477424
1.603,-1.30654133795008
1.6035,0.960671912909038
1.604,2.43993131756132
1.6045,1.91134255141235
1.605,-0.189863417136152
1.6055,-2.1313129789165
1.606,-2.31112587355559
1.6065,-0.581374394040649
1.607,1.63094072352361
1.6075,2.50206023230263
1.608,1.31372179214028
1.6085,-0.954148240884383
1.609,-2.43209693026271
1.6095,-1.90021899651608
1.61,0.200989964319135
1.6105,2.14112085855624
1.611,2.31896073999386
1.6115,0.587569821191515
1.612,-1.62408977153951
1.6125,-2.49389737477424
1.613,-1.30226791301581
1.6135,0.96560277727356
1.614,2.44157493960835
1.6145,1.90772658395404
1.615,-0.194794284871232
1.6155,-2.13394278307241
1.616,-2.30915351965239
1.6165,-0.57677224889739
1.617,1.63455669069392
1.6175,2.50206023230263
1.618,1.30944837652809
1.6185,-0.958750388325945
1.619,-2.43308310749699
1.6195,-1.89726046830434
1.62,0.205920830429301
1.6205,2.14375065334666
1.621,2.31698839370056
1.6215,0.582967680518225
1.622,-1.62737702335417
1.6225,-2.49291119739608
1.623,-1.29865193809515
1.6235,0.969547468761263
1.624,2.4425611128375
1.6245,1.90476806512816
1.625,-0.199396428111692
1.6255,-2.13657258724347
1.626,-2.30718116575814
1.6265,-0.571512654479125
1.627,1.63817265786687
1.6275,2.50173150787851
1.628,1.30550368519367
1.6285,-0.962366361337204
1.629,-2.43472673622594
1.6295,-1.89397321475668
1.63,0.211180420927907
1.6305,2.14638044814071
1.631,2.31534477179136
1.6315,0.578036815500169
1.632,-1.63099300037361
1.6325,-2.49291119739608
1.633,-1.2943785132169
1.6335,0.974478333116063
1.634,2.44321856165731
1.6345,1.90246699493251
1.635,-0.204327295891955
1.6355,-2.13920239142969
1.636,-2.30520881187284
1.6365,-0.567239234038708
1.637,1.64244607362014
1.6375,2.50140278345447
1.638,1.30057282102547
1.6385,-0.967625958478269
1.639,-2.4357129134664
1.6395,-1.89035723587969
1.64,0.216111287002708
1.6405,2.14868151858848
1.641,2.31337242550259
1.6415,0.573105950470701
1.642,-1.63493770260454
1.6425,-2.49225374581194
1.643,-1.29010508836892
1.6435,0.978751748885936
1.644,2.44519090811861
1.6445,1.8985223031731
1.645,-0.208929439174718
1.6455,-2.14150347010507
1.646,-2.30323645799648
1.6465,-0.562308364326904
1.647,1.64606204079893
1.6475,2.50140278345447
1.648,1.29728557824653
1.6485,-0.971899381184918
1.649,-2.43702781645728
1.6495,-1.88772743307677
1.65,0.220713428657186
1.6505,2.15196876209015
1.651,2.31172880359715
1.6515,0.56883253410254
1.652,-1.63888240486463
1.6525,-2.49192502002027
1.653,-1.28583166355116
1.6535,0.983353888941409
1.654,2.44617708135031
1.6545,1.89589250867001
1.655,-0.213860307000449
1.6555,-2.14380454879208
1.656,-2.30192155541721
1.6565,-0.557377494644106
1.657,1.65000673226981
1.6575,2.50074533460663
1.658,1.29334088691161
1.6585,-0.97650152874483
1.659,-2.43801399370315
1.6595,-1.88378272889878
1.66,0.225973019101399
1.6605,2.15394110819389
1.661,2.30975645731288
1.6615,0.5645591177257
1.662,-1.64216965677034
1.6625,-2.49159629422885
1.663,-1.28155823876357
1.6635,0.987627304703181
1.664,2.44683453017182
1.6645,1.89227654123241
1.665,-0.219119899373941
1.6655,-2.14643435302004
1.666,-2.29962047591303
1.6665,-0.552446624990237
1.667,1.65362269945432
1.6675,2.50008788575912
1.668,1.28906747129852
1.6685,-0.980774951506642
1.669,-2.43900017095133
1.6695,-1.88082420078603
1.67,0.230246436323206
1.6705,2.15657090300209
1.671,2.30745538665098
1.6715,0.558970803988965
1.672,-1.64611435908397
1.6725,-2.4912675684377
1.673,-1.27761353898637
1.6735,0.991900720461127
1.674,2.44847815222697
1.6745,1.88866057379958
1.675,-0.224050767248589
1.6755,-2.14906415726321
1.676,-2.29797684770321
1.6765,-0.547844480005993
1.677,1.65658121806191
1.6775,2.49975916133549
1.678,1.28413660712914
1.6785,-0.985705823957217
1.679,-2.44031507395251
1.6795,-1.87786567269105
1.68,0.235506026732751
1.6805,2.15887197346229
1.681,2.30515431599242
1.6815,0.554039938914656
1.682,-1.64973033623052
1.6825,-2.4902813910658
1.683,-1.27334011425666
1.6835,0.996174136215298
1.684,2.44880687663823
1.6845,1.88537333068293
1.685,-0.228981635147024
1.6855,-2.15169396152159
1.686,-2.2960044938596
1.6865,-0.542913610407838
1.687,1.65986846096143
1.6875,2.49910171248846
1.688,1.28019191579328
1.6885,-0.99063669644333
1.689,-2.44130125120611
1.6895,-1.87424969393239
1.69,0.240108168325517
1.6905,2.1615017682774
1.691,2.30351069409547
1.6915,0.549437798168007
1.692,-1.65334631340168
1.6925,-2.49061011685617
1.693,-1.26939541453281
1.6935,1.00110500054241
1.694,2.44979304987248
1.6945,1.88208608757018
1.695,-0.233583778540425
1.6955,-2.15366631472537
1.696,-2.29403214002491
1.6965,-0.538311465475461
1.697,1.66381315244397
1.6975,2.49844426364176
1.698,1.27558977590096
1.6985,-0.994581394457859
1.699,-2.44228742846202
1.6995,-1.87096244053842
1.7,0.2447103099038
1.7005,2.16347411439117
1.701,2.30120962344259
1.7015,0.544506933070852
1.702,-1.6569622905975
1.7025,-2.48962393948584
1.703,-1.2651219898608
1.7035,1.00570714057664
1.704,2.45110794751923
1.7045,1.87912756877201
1.705,-0.238843371015558
1.7055,-2.1566248445471
1.706,-2.29173106056238
1.7065,-0.533709320568028
1.707,1.66808656822056
1.7075,2.49811553921853
1.708,1.27131636028616
1.7085,-0.999183542170335
1.709,-2.44294487996725
1.7095,-1.86833263783898
1.71,0.249641175864531
1.7105,2.16643263356573
1.711,2.29923727717132
1.7115,0.539576067961768
1.712,-1.66090699302108
1.7125,-2.48929521369626
1.713,-1.26084856521872
1.7135,1.00998055631895
1.714,2.45209412075512
1.7145,1.87518287704597
1.715,-0.243774238985809
1.7155,-2.15892592331068
1.716,-2.29008743238228
1.7165,-0.529107175685477
1.717,1.67170253541932
1.7175,2.49778681479539
1.718,1.26704294467082
1.7185,-1.00411441475397
1.719,-2.44425978298081
1.7195,-1.86504538448434
1.72,0.254900766204484
1.7205,2.16873370403809
1.721,2.29759365528044
1.7215,0.535631375865861
1.722,-1.66485169547408
1.7225,-2.48896648790693
1.723,-1.25624641563759
1.7235,1.01491142063257
1.724,2.45275156957943
1.7245,1.87288180687499
1.725,-0.248376382446443
1.7255,-2.16122700208593
1.726,-2.28811507857432
1.7265,-0.524176306196001
1.727,1.67531850262101
1.7275,2.49712936594933
1.728,1.26342697761124
1.7285,-1.00805911284667
1.729,-2.44557468599849
1.7295,-1.86142940581945
1.73,0.259502907736635
1.7305,2.17136349886715
1.731,2.29595003339125
1.7315,0.53102923507754
1.732,-1.66781022233315
1.7325,-2.48830903632906
1.733,-1.25230171602415
1.7335,1.01918483636727
1.734,2.45406646722898
1.7345,1.86926583946722
1.735,-0.253307250463338
1.7355,-2.16385680641483
1.736,-2.28614272477527
1.7365,-0.519245436734941
1.737,1.67893446982567
1.7375,2.4964719171036
1.738,1.25915356199478
1.7385,-1.01266126065051
1.739,-2.44656086326446
1.7395,-1.85847087784052
1.74,0.264105049254565
1.7405,2.17366456934566
1.741,2.29364896274919
1.7415,0.525112196905584
1.742,-1.67208365004775
1.7425,-2.48765158475223
1.743,-1.2483570164361
1.7435,1.0231295278116
1.744,2.45538136487978
1.7445,1.86564987206402
1.745,-0.258238118504471
1.7455,-2.166486610759
1.746,-2.28384164535428
1.7465,-0.51464329193019
1.747,1.68222171274159
1.7475,2.49614319268086
1.748,1.25422269782109
1.7485,-1.01693468363926
1.749,-2.4472183147764
1.7495,-1.85485489922356
1.75,0.269693363935877
1.7505,2.17629436418175
1.751,2.29167661648719
1.7515,0.520838780437116
1.752,-1.67537090215948
1.7525,-2.48732285896421
1.753,-1.24408359191096
1.7535,1.02806039211294
1.754,2.45669626253183
1.7545,1.86269135328297
1.755,-0.262840262031464
1.7555,-2.1687876895727
1.756,-2.2818692915745
1.7565,-0.509383697897768
1.757,1.68616640424401
1.7575,2.49548574383562
1.758,1.25060673075978
1.7585,-1.02153683150356
1.759,-2.44853321780338
1.7595,-1.85123892063292
1.76,0.273966781031098
1.7605,2.17859543466642
1.761,2.28970427022758
1.7615,0.516236639614592
1.762,-1.67898687950609
1.7625,-2.48666540738895
1.763,-1.23981016741551
1.7635,1.03266253212349
1.764,2.45768243577169
1.7645,1.85973283450494
1.765,-0.268099854659755
1.7655,-2.1707600428509
1.766,-2.2798969378036
1.7665,-0.504781553145712
1.767,1.68978237145775
1.7675,2.49548574383562
1.768,1.24633331514113
1.7685,-1.02581025454856
1.769,-2.44951939507632
1.7695,-1.84860911803807
1.77,0.279555095675836
1.7705,2.18089650515399
1.771,2.28773192397038
1.7715,0.511305774435648
1.772,-1.68293158209438
1.7725,-2.48633668160171
1.773,-1.23586546790755
1.7735,1.03693594784414
1.774,2.45833988459865
1.7745,1.85611686711367
1.775,-0.273030722774058
1.7755,-2.17404729833371
1.776,-2.27792458404158
1.7765,-0.499850683795688
1.777,1.69339833867457
1.7775,2.4948282949907
1.778,1.24205989952166
1.7785,-1.03074112732654
1.779,-2.45017684659291
1.7795,-1.84499313949283
1.78,0.284157237132521
1.7805,2.18385502435655
1.781,2.28575957771557
1.7815,0.506374909244262
1.782,-1.68589010905505
1.7825,-2.48567923002802
1.783,-1.23126331851347
1.7835,1.04120936356154
1.784,2.45899733342592
1.7845,1.85315834834231
1.785,-0.277304141826303
1.7855,-2.17634837718592
1.786,-2.27628095591334
1.7865,-0.495577263715019
1.787,1.69701430589452
1.7875,2.4941708461461
1.788,1.23778648390132
1.7885,-1.03534327528534
1.789,-2.45182047538889
1.7895,-1.8420346116117
1.79,0.288759378575315
1.7905,2.18549864613783
1.791,2.28378723146315
1.7915,0.501444044040358
1.792,-1.68950608647407
1.7925,-2.48535050424156
1.793,-1.22666116915364
1.7935,1.04548277927573
1.794,2.45998350666742
1.7945,1.84921365665179
1.795,-0.282563734531369
1.7955,-2.17897818160283
1.796,-2.27430860216759
1.7965,-0.490646394417278
1.797,1.70030154882447
1.7975,2.49351339730182
1.798,1.23351306828005
1.7985,-1.03961669841826
1.799,-2.45280665266959
1.7995,-1.83874735843102
1.8,0.293690244391537
1.8005,2.18845716534788
1.801,2.28181488521311
1.8015,0.496513178823862
1.802,-1.69345078914146
1.8025,-2.48469305266943
1.803,-1.22271646972958
1.8035,1.05041364355742
1.804,2.46096967990963
1.8045,1.84592641358037
1.805,-0.287165878171341
1.8055,-2.18095053492558
1.806,-2.27200752280876
1.8065,-0.485386800530437
1.807,1.70391751605045
1.8075,2.4931846728798
1.808,1.2292396526578
1.8085,-1.04389012157849
1.809,-2.45379282995261
1.8095,-1.83546010527199
1.81,0.298292385805755
1.8105,2.19010078713333
1.811,2.27951381459108
1.8115,0.491582313594696
1.812,-1.69706676661268
1.8125,-2.48436432688376
1.813,-1.2187717703306
1.8135,1.05468705926488
1.814,2.46162712873815
1.8145,1.84263917051257
1.815,-0.292425470929153
1.8155,-2.18325161381303
1.816,-2.27003516908221
1.8165,-0.480455931290271
1.817,1.70753348327963
1.8175,2.49186977519254
1.818,1.22496623703453
1.8185,-1.04849226962781
1.819,-2.45412155571414
1.8195,-1.83184412682203
1.82,0.302894527206273
1.8205,2.19273058199317
1.821,2.27721274397228
1.8215,0.486980172702644
1.822,-1.7010114693371
1.8225,-2.4833781495283
1.823,-1.21449834600997
1.8235,1.05928919925412
1.824,2.46294202639615
1.8245,1.83935192744837
1.825,-0.29702761461542
1.8255,-2.18588141827025
1.826,-2.26806281536452
1.8265,-0.476511235918116
1.827,1.71114945051205
1.8275,2.49154105077093
1.828,1.22036409713134
1.8285,-1.05243696798111
1.829,-2.45576518452564
1.8295,-1.82888559901877
1.83,0.308154117361596
1.8305,2.19503165249867
1.831,2.27524039773016
1.8315,0.482049307448768
1.832,-1.70462744686066
1.8325,-2.4827206979593
1.833,-1.21022492171869
1.8335,1.0635626149553
1.834,2.4642569240554
1.8345,1.83639340869365
1.835,-0.302287207426302
1.8355,-2.18851122274283
1.836,-2.26543301042137
1.8365,-0.471580366727832
1.837,1.71476541774774
1.8375,2.49121232634939
1.838,1.21609068150578
1.8385,-1.05703911608954
1.839,-2.45675136181565
1.8395,-1.82559834592454
1.84,0.313084983116116
1.8405,2.19700399864859
1.841,2.27293932711734
1.8415,0.477775890884984
1.842,-1.7082434244093
1.8425,-2.48239197217519
1.843,-1.20562277251468
1.8435,1.06783603065354
1.844,2.4649143728855
1.8445,1.83244871702517
1.845,-0.306889351159149
1.8455,-2.19081230166897
1.846,-2.2641181079557
1.8465,-0.466649497565153
1.847,1.71838138498671
1.8475,2.49022615308528
1.848,1.21214599015807
1.8485,-1.06131253936166
1.849,-2.4570800875795
1.8495,-1.82198236754577
1.85,0.318015848855136
1.8505,2.19996251787755
1.851,2.27063825650772
1.8515,0.472516301254651
1.852,-1.71120195151322
1.8525,-2.48140579482442
1.853,-1.20134934828418
1.8535,1.07210944634889
1.854,2.46590054613124
1.8545,1.82883274966686
1.855,-0.311820219468572
1.8555,-2.19278465504361
1.856,-2.26148830303613
1.8565,-0.461718628430004
1.857,1.72166862793412
1.8575,2.48989742866406
1.858,1.2078725745302
1.8585,-1.06624341240221
1.859,-2.45773753910798
1.8595,-1.81869511449678
1.86,0.322617990197638
1.8605,2.20226358839234
1.861,2.26866591027346
1.8615,0.467914160315943
1.862,-1.71514665434462
1.8625,-2.48107706904135
1.863,-1.19707592408288
1.8635,1.0773690348931
1.864,2.46655799496213
1.8645,1.82587423092231
1.865,-0.316751087803136
1.8655,-2.19541445955661
1.866,-2.25951594935676
1.8665,-0.457116483928635
1.867,1.72528459517947
1.8675,2.48923997982188
1.868,1.20359915890106
1.8685,-1.07051683573376
1.869,-2.45938116793372
1.8695,-1.81573658677107
1.87,0.327220131526766
1.8705,2.20489338327003
1.871,2.26702228841337
1.8715,0.462654570657717
1.872,-1.71909135720597
1.8725,-2.480419617476
1.873,-1.1924737749756
1.8735,1.08131372629849
1.874,2.46787289262484
1.8745,1.82258698787612
1.875,-0.321681956162916
1.8755,-2.19738681295148
1.876,-2.25787232129737
1.8765,-0.452185614846494
1.877,1.72922928672372
1.8775,2.48891125540091
1.878,1.19965446754992
1.8785,-1.074790259093
1.879,-2.46003861946583
1.8795,-1.81212060846328
1.88,0.33280844597996
1.8805,2.20719445379121
1.881,2.26472121781198
1.8815,0.45838115404936
1.882,-1.72172115913019
1.8825,-2.48009089169371
1.883,-1.18852907576764
1.8835,1.0859158662685
1.884,2.46853034145667
1.8845,1.81929974483339
1.885,-0.326284099988196
1.8855,-2.20001661749147
1.886,-2.25557124202452
1.8865,-0.447583470394466
1.887,1.73251652968035
1.8875,2.48825380655921
1.888,1.19505232763877
1.8885,-1.07939240735703
1.889,-2.46102479676593
1.8895,-1.80916208077622
1.89,0.337081862901581
1.8905,2.20949552431537
1.891,2.26274887158475
1.8915,0.453779013075377
1.892,-1.72566586204153
1.8925,-2.47877598856717
1.893,-1.18392692672297
1.8935,1.09051800623539
1.894,2.46951651470501
1.8945,1.8160125017941
1.895,-0.330886243835571
1.8955,-2.2016602453368
1.896,-2.25327016276367
1.8965,-0.442652601365048
1.897,1.73580377263983
1.8975,2.48726763329726
1.898,1.19045018772597
1.8985,-1.08399455565327
1.899,-2.46201097406837
1.8995,-1.80521737722049
1.9,0.342341452943366
1.9005,2.21212531920379
1.901,2.26077652535985
1.9015,0.448519423376604
1.902,-1.72895311449061
1.9025,-2.47811853700546
1.903,-1.17998222756858
1.9035,1.09446269763315
1.904,2.47017396353763
1.9045,1.81173908584813
1.905,-0.336145836831134
1.9055,-2.2046187754736
1.906,-2.25096908351482
1.9065,-0.438050456962096
1.907,1.739748464195
1.9075,2.48661018445636
1.908,1.18650549637079
1.9085,-1.08859670398179
1.909,-2.46266842560462
1.9095,-1.80193012428094
1.91,0.346614869839705
1.9105,2.21376894101105
1.911,2.25847545476707
1.9115,0.443917282377665
1.912,-1.73256909220872
1.9125,-2.477789811225
1.913,-1.1753800785863
1.9135,1.09873611331157
1.914,2.47083141237057
1.9145,1.80910929142269
1.915,-0.340747980726062
1.9155,-2.20659112890901
1.916,-2.24866800427796
1.9165,-0.432790863387614
1.917,1.74336443145756
1.9175,2.48595273561579
1.918,1.18157463217499
1.9185,-1.09287012745866
1.919,-2.46332587714191
1.9195,-1.79831414607214
1.92,0.351874459850525
1.9205,2.21639873590586
1.921,2.25617438417746
1.9215,0.439643865725279
1.922,-1.73585634470169
1.9225,-2.47746108544479
1.923,-1.17110665456132
1.9235,1.10300952898745
1.924,2.4721463100374
1.9245,1.80582204839392
1.925,-0.346007573776135
1.9255,-2.20889220792797
1.926,-2.24669565065591
1.9265,-0.427859994439445
1.927,1.74665167442658
1.9275,2.48562401119562
1.928,1.17730121653693
1.9285,-1.09681482607749
1.929,-2.46431205444979
1.9295,-1.79535561846599
1.93,0.356147876721829
1.9305,2.21869980644206
1.931,2.2542020379603
1.9315,0.434384275985293
1.932,-1.7398010477209
1.9325,-2.47647490810574
1.933,-1.1665045056436
1.9335,1.10761166894331
1.934,2.47313248328834
1.9345,1.80220608106614
1.935,-0.350609717718902
1.9355,-2.21119328695879
1.936,-2.24472329704265
1.9365,-0.423586574706153
1.937,1.75092509029072
1.9375,2.48430911351574
1.938,1.1736852494573
1.9385,-1.10108824960813
1.939,-2.46529823176001
1.9395,-1.79173964030418
1.94,0.362064915448326
1.9405,2.22132960134427
1.941,2.25190096737654
1.9415,0.429453410589975
1.942,-1.74341702551503
1.9425,-2.47581745654768
1.943,-1.16255980659784
1.9435,1.11221380889635
1.944,2.47378993212271
1.9445,1.79891883804437
1.945,-0.355540586253892
1.9455,-2.21316564042321
1.946,-2.2424222178383
1.9465,-0.41832698121595
1.947,1.75355488467114
1.9475,2.48430911351574
1.948,1.1694118338162
1.9485,-1.10569039805708
1.949,-2.46595568330145
1.9495,-1.78812366216816
1.95,0.36633833229314
1.9505,2.22330194752354
1.951,2.24992862116438
1.9515,0.424851269541982
1.952,-1.74670427807718
1.9525,-2.47483127921253
1.953,-1.15828638265924
1.9535,1.11714467312869
1.954,2.47477610537484
1.9545,1.7959603193276
1.955,-0.360142730243172
1.9555,-2.215795445056
1.956,-2.23979241304797
1.9565,-0.413396112346563
1.957,1.75749957624537
1.9575,2.48365166467629
1.958,1.16480969389309
1.9585,-1.10996382164599
1.959,-2.46694186061555
1.9595,-1.7851651346215
1.96,0.371269197869614
1.9605,2.22560301806884
1.961,2.24795627495453
1.9615,0.419920404120101
1.962,-1.75032025591982
1.9625,-2.47384510187972
1.963,-1.15368423383438
1.9635,1.12141808879421
1.964,2.47543355421
1.9645,1.79168690340807
1.965,-0.365402323401394
1.9655,-2.21776779854076
1.966,-2.23782005946547
1.9665,-0.408793968092566
1.967,1.76045809492889
1.9675,2.48233676699833
1.968,1.15987882968747
1.9685,-1.11456597015781
1.969,-2.46727058638744
1.9695,-1.78122043125275
1.97,0.376200063431487
1.9705,2.22757536425295
1.971,2.24532648001163
1.9715,0.414332089958554
1.972,-1.75360750852613
1.9725,-2.47351637610264
1.973,-1.14941080995531
1.9735,1.12536278017574
1.974,2.47641972746333
1.9745,1.78872838469776
1.975,-0.3696757428642
1.9755,-2.22006887761736
1.976,-2.23584770589175
1.9765,-0.404191823861774
1.977,1.76440278651073
1.9775,2.48233676699833
1.978,1.15527668976004
1.9785,-1.11851066890825
1.979,-2.46858548947758
1.9795,-1.77826190374628
1.98,0.380473480240024
1.9805,2.22954771043931
1.981,2.24302540943993
1.9815,0.409729948870902
1.982,-1.75722348641739
1.9825,-2.47318765032582
1.983,-1.1454661110154
1.9835,1.12963619583693
1.984,2.47707717629927
1.9845,1.78576986599007
1.985,-0.37493533607604
1.9855,-2.22236995670584
1.986,-2.23321790114043
1.9865,-0.399260955068746
1.987,1.76769002949898
1.9875,2.4813505937407
1.988,1.15133199839193
1.9885,-1.12311281748083
1.989,-2.46924294102421
1.9895,-1.77431720043105
1.99,0.38573307014332
1.9905,2.23184878099291
1.991,2.24105306323809
1.9915,0.405456532135729
1.992,-1.76051073906795
1.9925,-2.47253019877295
1.993,-1.14086396228291
1.9935,1.13456706005868
1.994,2.47806334955379
1.9945,1.78215389868421
1.995,-0.379537480160771
1.9955,-2.22499976139295
1.996,-2.23157427317877
1.9965,-0.394658810885821
1.997,1.77130599678961
1.9975,2.48036442048379
1.998,1.14705858274129
1.9985,-1.12705751628343
1.999,-2.46990039257188
1.9995,-1.77102994769169
2,0.39033521129528
2.0005,2.23447857591507
2.001,2.23940944140497
2.0015,0.400525666658928
2.002,-1.7634692664715
2.0025,-2.47121529567034
2.003,-1.13659053848946
2.0035,1.13851175143403
2.004,2.47904952280903
2.0045,1.77853793138219
2.005,-0.384139624268312
2.0055,-2.22697211491848
2.006,-2.22894446845277
2.0065,-0.389399217562083
2.007,1.77459323978436
2.0075,2.47970697164625
2.008,1.14344261565075
2.0085,-1.1313309400135
2.009,-2.47088656989534
2.0095,-1.76774269497351
2.01,0.395266076801409
2.0105,2.23645092210933
2.011,2.23710837084125
2.0115,0.395266076801409
2.012,-1.76774269497351
2.0125,-2.47055784412059
2.013,-1.13165966491698
2.0135,1.14278516708868
2.014,2.48003569606498
2.0145,1.77492196408401
2.015,-0.389399217562083
2.0155,-2.22927319404267
2.016,-2.22664338933029
2.0165,-0.385125798008615
2.017,1.7782092070822
2.0175,2.47904952280903
2.018,1.13851175143403
2.0185,-1.13593308867761
2.019,-2.4715440214456
2.0195,-1.76379799173962
2.02,0.400525666658928
2.0205,2.23875199267216
2.021,2.23447857591507
2.0215,0.390992660030255
2.022,-1.77102994769169
2.0225,-2.46957166679792
2.023,-1.12771496608621
2.0235,1.14738730702218
2.024,2.48003569606498
2.0245,1.77130599678961
2.025,-0.394001361718712
2.0255,-2.23157427317877
2.026,-2.22467103580621
2.0265,-0.379537480160771
2.027,1.78182517438387
2.0275,2.47806334955379
2.028,1.13423833577732
2.0285,-1.14020651246668
2.029,-2.4715440214456
2.0295,-1.76116818960059
2.03,0.405456532135729
2.0305,2.24138178760491
2.031,2.23217750535796
2.0315,0.38573307014332
2.032,-1.77464592570615
2.0325,-2.46891421525077
2.033,-1.12344154238012
2.0335,1.15166072267267
2.034,2.4813505937407
2.0345,1.76801875379797
2.035,-0.398603505898345
2.0355,-2.2338753523268
2.036,-2.22269868229087
2.0365,-0.375264060652766
2.037,1.78511241738872
2.0375,2.47707717629927
2.038,1.12963619583693
2.0385,-1.14447993628422
2.039,-2.47285892454925
2.0395,-1.75722348641739
2.04,0.41005867323471
2.0405,2.24302540943993
2.041,2.2302051591686
2.0415,0.381130928978834
2.042,-1.77793317846884
2.0425,-2.46825676370466
2.043,-1.11916811870232
2.0435,1.15593413832123
2.044,2.48167931815983
2.0445,1.76440278651073
2.045,-0.403534374687837
2.0455,-2.23584770589175
2.046,-2.2194114264514
2.0465,-0.370333192014058
2.047,1.78839966039678
2.0475,2.47641972746333
2.048,1.12569150445745
2.0485,-1.1487533601303
2.049,-2.47384510187972
2.0495,-1.75327878326455
2.05,0.414660814321493
2.0505,2.24532648001163
2.051,2.22790408861719
2.0515,0.375871339061148
2.052,-1.78154915653231
2.0525,-2.46727058638744
2.053,-1.11489469505276
2.0535,1.16020755396792
2.054,2.48200804257904
2.0545,1.76111554352556
2.055,-0.408465243503884
2.0555,-2.23782005946547
2.056,-2.21809652412241
2.0565,-0.365073598828141
2.057,1.79234435201071
2.0575,2.47641972746333
2.058,1.12076064023043
2.0585,-1.15335550891959
2.059,-2.47417382765706
2.0595,-1.74999153066035
2.06,0.419920404120101
2.0605,2.24762755058644
2.061,2.22560301806884
2.0615,0.371597922240859
2.062,-1.78450768405791
2.0625,-2.46628440907255
2.063,-1.11062127143139
2.0635,1.16480969389309
2.064,2.48332294025668
2.0645,1.75749957624537
2.065,-0.413396112346563
2.0655,-2.24044986424409
2.066,-2.21546671947605
2.0665,-0.360471454814697
2.067,1.79530287072424
2.0675,2.47477610537484
2.068,1.11615850028247
2.0685,-1.15762893282508
2.069,-2.47483127921253
2.0695,-1.74670427807718
2.07,0.424522545180953
2.0705,2.24992862116438
2.071,2.22363067188697
2.0715,0.366667056665361
2.072,-1.78845238745219
2.0725,-2.46595568330145
2.073,-1.10601912294754
2.0735,1.16875438525587
2.074,2.48365166467629
2.0745,1.75421233326655
2.075,-0.417998256623825
2.0755,-2.2424222178383
2.076,-2.21349436600146
2.0765,-0.355540586253892
2.077,1.79891883804437
2.0775,2.47378993212271
2.078,1.11221380889635
2.0785,-1.16190235675927
2.079,-2.47581745654768
2.0795,-1.74308830025997
2.08,0.429453410589975
2.0805,2.25190096737654
2.081,2.22067215261835
2.0815,0.361407466701988
2.082,-1.79173964030418
2.0825,-2.46496950598968
2.083,-1.10141697449626
2.0835,1.17335652517727
2.084,2.48463783793559
2.0845,1.75026764169591
2.085,-0.42325785011212
2.0855,-2.24472329704265
2.086,-2.21119328695879
2.0865,-0.350609717718902
2.087,1.8025348053685
2.0875,2.47313248328834
2.088,1.10728294466084
2.0885,-1.1665045056436
2.089,-2.47680363388517
2.0895,-1.7398010477209
2.09,0.43405555162603
2.0905,2.2542020379603
2.091,2.21869980644206
2.0915,0.35680532547027
2.092,-1.79535561846599
2.0925,-2.46398332868024
2.093,-1.09714355096347
2.0935,1.17762994081683
2.094,2.48529528677553
2.0945,1.74698039872365
2.095,-0.428188719035151
2.0955,-2.24636692505309
2.096,-2.20889220792797
2.0965,-0.34535012464328
2.097,1.80549332409123
2.0975,2.4721463100374
2.098,1.10333825327011
2.0985,-1.17077792963752
2.099,-2.47746108544479
2.0995,-1.73618506995214
2.1,0.438657692650209
2.1005,2.25617438417746
2.101,2.21639873590586
2.1015,0.351874459850525
2.102,-1.79831414607214
2.1025,-2.46332587714191
2.103,-1.09287012745866
2.1035,1.18124590789519
2.104,2.48595273561579
2.1045,1.74369315575433
2.105,-0.432790863387614
2.1055,-2.24899672988249
2.106,-2.20659112890901
2.1065,-0.341076705290838
2.107,1.80878056711966
2.1075,2.47148886120383
2.108,1.09939356187725
2.1085,-1.17505135366027
2.109,-2.47811853700546
2.1095,-1.73256909220872
2.11,0.443917282377665
2.1105,2.25814673039694
2.111,2.21442638973439
2.1115,0.346943594215879
2.112,-1.80193012428094
2.1125,-2.46266842560462
2.113,-1.08859670398179
2.1135,1.18617677209113
2.114,2.48628146003603
2.1145,1.73941973989857
2.115,-0.437393007763603
2.1155,-2.25129780912106
2.116,-2.2046187754736
2.1165,-0.336145836831134
2.117,1.81239653445483
2.1175,2.47050268795406
2.118,1.09479142191619
2.1185,-1.17965350264016
2.119,-2.47877598856717
2.1195,-1.72928183973666
2.12,0.448190699019925
2.1205,2.26011907661873
2.121,2.21212531920379
2.1215,0.342012728566257
2.122,-1.80554610251562
2.1225,-2.46168224830063
2.123,-1.08399455565327
2.1235,1.19045018772597
2.124,2.48726763329726
2.1245,1.73613249693594
2.125,-0.442323876764053
2.1255,-2.25327016276367
2.126,-2.2016602453368
2.1265,-0.331543692958432
2.127,1.8160125017941
2.1275,2.47017396353763
2.128,1.09018928195214
2.1285,-1.18392692672297
2.129,-2.47976216591169
2.1295,-1.72566586204153
2.13,0.453121564363862
2.1305,2.26242014721377
2.131,2.20949552431537
2.1315,0.337410587279696
2.132,-1.80916208077622
2.1325,-2.46102479676593
2.133,-1.07972113223426
2.1335,1.19505232763877
2.134,2.48759635771783
2.1345,1.73284525397617
2.135,-0.447583470394466
2.1355,-2.25557124202452
2.136,-2.19968789192312
2.1365,-0.326284099988196
2.137,1.81929974483339
2.1375,2.46853034145667
2.138,1.08558714198503
2.1385,-1.18852907576764
2.139,-2.48009089169371
2.1395,-1.72237860961333
2.14,0.45838115404936
2.1405,2.26472121781198
2.141,2.20719445379121
2.1415,0.332479721600902
2.142,-1.81212060846328
2.1425,-2.46003861946583
2.143,-1.07544770884303
2.1435,1.19899701899128
2.144,2.48891125540091
2.1445,1.72922928672372
2.145,-0.451856890241989
2.1455,-2.25721487007533
2.146,-2.19705808738506
2.1465,-0.321681956162916
2.147,1.82291571218058
2.1475,2.46787289262484
2.148,1.08164245058217
2.1485,-1.1924737749756
2.149,-2.48074834325855
2.1495,-1.71843390672699
2.15,0.463312019365814
2.1505,2.26702228841337
2.151,2.20489338327003
2.1515,0.327877580286982
2.152,-1.81540786146929
2.1525,-2.45905244216805
2.153,-1.07084556060657
2.1535,1.20327043462184
2.154,2.48891125540091
2.1545,1.7259420437699
2.155,-0.456787759322308
2.1555,-2.25984467496938
2.156,-2.19475700842691
2.1565,-0.316751087803136
2.157,1.82554550661754
2.1575,2.46655799496213
2.158,1.07704031060922
2.1585,-1.19674719914552
2.159,-2.48140579482442
2.1595,-1.71514665434462
2.16,0.467914160315943
2.1605,2.26899463464568
2.161,2.2019348640329
2.1615,0.322617990197638
2.162,-1.81869511449678
2.1625,-2.45872371640265
2.163,-1.06591468753169
2.1635,1.20754385025108
2.164,2.48956870424293
2.1645,1.72199735222902
2.165,-0.461718628430004
2.1655,-2.26148830303613
2.166,-2.19245592948057
2.1665,-0.311820219468572
2.167,1.82883274966686
2.1675,2.46590054613124
2.168,1.07243817063303
2.1685,-1.20134934828418
2.169,-2.48206324639134
2.1695,-1.71185940198304
2.17,0.472516301254651
2.1705,2.27063825650772
2.171,2.19996251787755
2.1715,0.318015848855136
2.172,-1.82198236754577
2.1725,-2.45740881334361
2.173,-1.06196998909827
2.1735,1.21214599015807
2.174,2.49055487750657
2.1745,1.71805266069212
2.175,-0.466649497565153
2.1755,-2.26378938233989
2.176,-2.19048357610737
2.1765,-0.30721807571233
2.177,1.83277744133068
2.1775,2.4649143728855
2.178,1.06783603065354
2.1785,-1.20562277251468
2.179,-2.4827206979593
2.1795,-1.70791469917656
2.18,0.477447166533521
2.1805,2.27293932711734
2.181,2.19799017172437
2.1815,0.312756258732964
2.182,-1.8252696206163
2.1825,-2.45609391028872
2.183,-1.05736784095565
2.1835,1.21641940578471
2.184,2.49088360192794
2.1845,1.7154228663364
2.185,-0.471251642116129
2.1855,-2.26576173603841
2.186,-2.18785377162324
2.1865,-0.302615931977926
2.187,1.83639340869365
2.1875,2.46458564847041
2.188,1.0635626149553
2.1885,-1.20956747183032
2.189,-2.4833781495283
2.1895,-1.70495617209132
2.19,0.482378031799427
2.1905,2.2749116733567
2.191,2.19536037685684
2.1915,0.308154117361596
2.192,-1.82888559901877
2.1925,-2.45543645876282
2.193,-1.05342314257309
2.1935,1.22069282141018
2.194,2.49186977519254
2.1945,1.71180689910012
2.195,-0.475853786691147
2.1955,-2.26773408974577
2.196,-2.1852239671545
2.1965,-0.296698890065682
2.197,1.83935192744837
2.1975,2.46359947522562
2.198,1.05928919925412
2.1985,-1.21416962106345
2.199,-2.4833781495283
2.1995,-1.70068274410892
2.2,0.487637621402191
2.2005,2.27721274397228
2.201,2.19371675506659
2.2015,0.30355197597666
2.202,-1.83151540150969
2.2025,-2.45445028147592
2.203,-1.04849226962781
2.2035,1.22496623703453
2.204,2.49285594845787
2.2045,1.70786220757336
2.205,-0.480127206675247
2.2055,-2.27003516908221
2.206,-2.18292288825696
2.2065,-0.292096746380962
2.207,1.84296789481919
2.2075,2.46261330198153
2.208,1.05501578354994
2.2085,-1.21778559548477
2.209,-2.48403560109835
2.2095,-1.69739549183858
2.21,0.492239762292653
2.2105,2.27918509021677
2.211,2.19108696020532
2.2115,0.298949834578095
2.212,-1.83513137995728
2.2125,-2.45346410419135
2.213,-1.04356139671904
2.2135,1.2292396526578
2.214,2.49285594845787
2.2145,1.70457496463734
2.215,-0.485058075913561
2.2155,-2.27167879718705
2.216,-2.18029308381704
2.2165,-0.287165878171341
2.217,1.84625513788735
2.2175,2.46195585315253
2.218,1.05041364355742
2.2185,-1.22205901982801
2.219,-2.48469305266943
2.2195,-1.69345078914146
2.22,0.496841903172022
2.2205,2.28148616083834
2.221,2.18911461406188
2.2215,0.294018968778722
2.222,-1.83808990779749
2.2225,-2.4524779269091
2.223,-1.03961669841826
2.2235,1.23384179255864
2.224,2.49351339730182
2.2245,1.70063027311761
2.225,-0.490317669798421
2.2255,-2.27397987654416
2.226,-2.17832073049717
2.2265,-0.282563734531369
2.227,1.84954238095913
2.2275,2.46129840432385
2.228,1.04614022784686
2.2285,-1.22633244420068
2.229,-2.48502177845537
2.2295,-1.68950608647407
2.23,0.501772768387676
2.2305,2.28312978271287
2.231,2.18648481920731
2.2315,0.289088102963556
2.232,-1.84170588629266
2.2325,-2.45116302386972
2.233,-1.03501455043009
2.2335,1.23811520817984
2.234,2.4941708461461
2.2345,1.6976717544803
2.235,-0.494919814473705
2.2355,-2.27562350466377
2.236,-2.1756909260841
2.2365,-0.277961590912903
2.237,1.85282962403456
2.2375,2.45932605783968
2.238,1.04120936356154
2.2385,-1.23060586860282
2.239,-2.48567923002802
2.2395,-1.68621883427393
2.24,0.506374909244262
2.2405,2.28543085334
2.241,2.18385502435655
2.2415,0.284157237132521
2.242,-1.84466441417184
2.2425,-2.44984812083448
2.243,-1.03074112732654
2.2435,1.24173117524321
2.244,2.4941708461461
2.2445,1.69372706296717
2.245,-0.50017940841815
2.2455,-2.27792458404158
2.246,-2.17338984723523
2.2465,-0.273359447315883
2.247,1.85644559142178
2.2475,2.45833988459865
2.248,1.03726467213021
2.2485,-1.23553674294969
2.249,-2.48633668160171
2.2495,-1.68293158209438
2.25,0.510648325744183
2.2505,2.28707447521851
2.251,2.18089650515399
2.2515,0.279226371285539
2.252,-1.84828039271469
2.2525,-2.44919066931841
2.253,-1.0261389793993
2.2535,1.24600459086274
2.254,2.4948282949907
2.2545,1.68978237145775
2.255,-0.504781553145712
2.2555,-2.28055438905958
2.256,-2.17141749394555
2.2565,-0.268099854659755
2.257,1.85940411019646
2.2575,2.45702498694504
2.258,1.03200508355079
2.2585,-1.23915271749576
2.259,-2.48732285896421
2.2595,-1.67931560472065
2.26,0.515579190924782
2.2605,2.28904682147491
2.261,2.17859543466642
2.2615,0.274295505422536
2.262,-1.85156764595826
2.2625,-2.44853321780338
2.263,-1.02186555635222
2.2635,1.24994928220311
2.264,2.49515701941311
2.2645,1.68616640424401
2.265,-0.509383697897768
2.2655,-2.28219801720384
2.266,-2.1687876895727
2.2665,-0.263168986569918
2.267,1.86236262897415
2.2675,2.4563675381187
2.268,1.02806039211294
2.2685,-1.24408359191096
2.269,-2.48765158475223
2.2695,-1.67569962737178
2.27,0.520838780437116
2.2705,2.29134789211042
2.271,2.17629436418175
2.2715,0.269364639543435
2.272,-1.85518362455129
2.2725,-2.4472183147764
2.273,-1.01759213333224
2.2735,1.25455142209937
2.274,2.4958144682582
2.2745,1.68255043703332
2.275,-0.51398584267438
2.2755,-2.28384164535428
2.276,-2.16615788521514
2.2765,-0.25856684304141
2.277,1.86564987206402
2.2775,2.45538136487978
2.278,1.02378697638538
2.2785,-1.24802829147157
2.279,-2.48830903632906
2.2795,-1.67208365004775
2.28,0.525440921248931
2.2805,2.29332023837203
2.281,2.17399329369996
2.2815,0.264762498041683
2.282,-1.85847087784052
2.2825,-2.44656086326446
2.283,-1.01331871033933
2.2835,1.25882483771656
2.284,2.49680064152643
2.2845,1.67893446982567
2.285,-0.518916712105212
2.2855,-2.28581399914296
2.286,-2.16418553195701
2.2865,-0.253635974998659
2.287,1.86893711515765
2.2875,2.45472391605422
2.288,1.01918483636727
2.2885,-1.25197299105751
2.289,-2.48830903632906
2.2895,-1.66879639795652
2.29,0.530371786392633
2.2905,2.29529258463604
2.291,2.17136349886715
2.2915,0.259831632131244
2.292,-1.86175813115153
2.2925,-2.44524596024368
2.293,-1.00838783768876
2.2935,1.26342697761124
2.294,2.49680064152643
2.2945,1.67531850262101
2.295,-0.52384758156438
2.2955,-2.28844380420836
2.296,-2.16122700208593
2.2965,-0.24870510698015
2.297,1.872553082565
2.2975,2.45340901840405
2.298,1.01491142063257
2.2985,-1.25591769066883
2.299,-2.48896648790693
2.2995,-1.66452297026854
2.3,0.53497392718246
2.3005,2.29759365528044
2.301,2.16939115274501
2.3015,0.254900766204484
2.302,-1.86471665915008
2.3025,-2.44491723448913
2.303,-1.00378568991395
2.3035,1.26704294467082
2.304,2.49778681479539
2.3045,1.67170253541932
2.305,-0.528121001785305
2.3055,-2.289758706747
2.306,-2.15859719777231
2.3065,-0.24344551445371
2.307,1.87584032566659
2.3075,2.45242284516723
2.308,1.01030928060667
2.3085,-1.26051984024749
2.309,-2.48929521369626
2.3095,-1.66090699302108
2.31,0.539904792302746
2.3105,2.29956600154969
2.311,2.16676135791875
2.3115,0.250298624658049
2.312,-1.8676751871663
2.3125,-2.44360233147351
2.313,-0.999183542170335
2.3135,1.27197380884232
2.314,2.49811553921853
2.3145,1.66808656822056
2.315,-0.533380595932735
2.3155,-2.29205978619914
2.316,-2.15596739347393
2.3165,-0.238843371015558
2.317,1.8787988444613
2.3175,2.45110794751923
2.318,1.00537841628862
2.3185,-1.26479326488727
2.319,-2.48962393948584
2.3195,-1.65729101579834
2.32,0.544506933070852
2.3205,2.30120962344259
2.321,2.16413156309622
2.3215,0.245367758699519
2.322,-1.87161989121546
2.3225,-2.44228742846202
2.323,-0.995238844129166
2.3235,1.27558977590096
2.324,2.49844426364176
2.3245,1.66414187673433
2.325,-0.538311465475461
2.3255,-2.29403214002491
2.326,-2.15399504026016
2.3265,-0.234569952127435
2.327,1.88175736325912
2.3275,2.45012177428405
2.328,1.00110500054241
2.3285,-1.26906668955698
2.329,-2.4909388426468
2.3295,-1.65367503860028
2.33,0.548780349489073
2.3305,2.30318196971628
2.331,2.16117304392531
2.3315,0.239450719527438
2.332,-1.87490714461381
2.3325,-2.44097252545465
2.333,-0.99063669644333
2.3335,1.27953446723726
2.334,2.49877298806507
2.3345,1.65986846096143
2.335,-0.543242335046821
2.3355,-2.2960044938596
2.336,-2.15169396152159
2.3365,-0.22963908420195
2.337,1.88471588206007
2.3375,2.44880687663823
2.338,0.996502860503926
2.3385,-1.27334011425666
2.339,-2.4912675684377
2.3395,-1.65005906142688
2.34,0.554039938914656
2.3405,2.30515431599242
2.341,2.15887197346229
2.3415,0.235177302332712
2.342,-1.87753694734826
2.3425,-2.44064379970345
2.343,-0.985705823957217
2.3435,1.28413660712914
2.344,2.49910171248846
2.3445,1.65690994235176
2.345,-0.547515755365221
2.3455,-2.29830557334468
2.346,-2.14906415726321
2.3465,-0.224379491774411
2.347,1.88800312517594
2.3475,2.44814942781579
2.348,0.991571996172189
2.3485,-1.2772848140061
2.349,-2.49159629422885
2.3495,-1.64611435908397
2.35,0.558970803988965
2.3505,2.30712666227098
2.351,2.15689962735337
2.3515,0.230246436323206
2.352,-1.88115292613101
2.3525,-2.43932889670124
2.353,-0.981432401164668
2.3535,1.28873874702057
2.354,2.50008788575912
2.3545,1.65362269945432
2.355,-0.55277534963293
2.3555,-2.29994920155574
2.356,-2.14643435302004
2.3565,-0.219448623898179
2.357,1.89194781692014
2.3575,2.44683453017182
2.358,0.987627304703181
2.3585,-1.28122951378115
2.359,-2.49192502002027
2.3595,-1.64282710715391
2.36,0.563572944714423
2.3605,2.30909900855199
2.361,2.15459855689559
2.3615,0.225644294699198
2.362,-1.88411145424574
2.3625,-2.43801399370315
2.363,-0.97650152874483
2.3635,1.29268343835577
2.364,2.50008788575912
2.3645,1.64967800798044
2.365,-0.557048769999616
2.3655,-2.30126410412906
2.366,-2.14347582326465
2.3665,-0.214189031523003
2.367,1.89490633573201
2.3675,2.44584835693967
2.368,0.983353888941409
2.3685,-1.28583166355116
2.369,-2.49192502002027
2.3695,-1.63855367967518
2.37,0.568503809766169
2.3705,2.31074263045471
2.371,2.15164003773972
2.3715,0.220055979850308
2.372,-1.88772743307677
2.3725,-2.43735654220565
2.373,-0.972556830834449
2.3735,1.29662812969073
2.374,2.50074533460663
2.3745,1.64573331650984
2.375,-0.561979639680483
2.3755,-2.30323645799648
2.376,-2.14183219563108
2.3765,-0.209586888216786
2.377,1.89819357886007
2.3775,2.44519090811861
2.378,0.978423024596086
2.3785,-1.28944763839499
2.379,-2.49225374581194
2.3795,-1.63460897741752
2.38,0.573105950470701
2.3805,2.31271497674021
2.381,2.14901024293839
2.3815,0.215453838193718
2.382,-1.89035723587969
2.3825,-2.4357129134664
2.383,-0.967625958478269
2.3835,1.30123026958124
2.384,2.50074533460663
2.3845,1.6421173493313
2.385,-0.566581784742122
2.3855,-2.30520881187284
2.386,-2.13887366590558
2.3865,-0.204984744931096
2.387,1.90115209767873
2.3875,2.44387601047744
2.388,0.97382088453573
2.3885,-1.29404978822752
2.389,-2.49291119739608
2.3895,-1.63132172555841
2.39,0.577708091165227
2.3905,2.31402987426524
2.391,2.14572299944186
2.3915,0.210851696522314
2.392,-1.89364448940312
2.3925,-2.4350554619725
2.393,-0.963681260618714
2.3935,1.30451751236005
2.394,2.50107405903051
2.3945,1.63817265786687
2.395,-0.571512654479125
2.3955,-2.30750989140656
2.396,-2.13657258724347
2.3965,-0.200053877147706
2.397,1.90443934081437
2.3975,2.44223238842771
2.398,0.969547468761263
2.3985,-1.29832321310344
2.399,-2.49356864898126
2.3995,-1.62770574853674
2.4,0.582310231849807
2.4005,2.31633094493668
2.401,2.14342192899766
2.4015,0.205920830429301
2.402,-1.89758919366032
2.4025,-2.43341183324227
2.403,-0.95907911314437
2.4035,1.30911965225022
2.404,2.50173150787851
2.4045,1.63455669069392
2.405,-0.57611479959329
2.4055,-2.3094822453023
2.406,-2.1336140575521
2.4065,-0.195123009387733
2.407,1.90739785963989
2.4075,2.44124621519879
2.408,0.964945328691939
2.4085,-1.30259663800968
2.409,-2.49356864898126
2.4095,-1.62376104635916
2.41,0.587569821191515
2.4105,2.31830329122915
2.411,2.14177830725351
2.4115,0.200989964319135
2.412,-1.89956154580082
2.4125,-2.43242565600721
2.413,-0.954476965700624
2.4135,1.31339306786243
2.414,2.50173150787851
2.4145,1.63126944781171
2.415,-0.580716944732908
2.4155,-2.31112587355559
2.416,-2.13098425339808
2.4165,-0.190520866166151
2.417,1.91101382709775
2.4175,2.4405887663799
2.418,0.961000637200176
2.4185,-1.30654133795008
2.419,-2.49455482636099
2.4195,-1.62047379456669
2.42,0.592171961854993
2.4205,2.32027563752409
2.421,2.13881978811759
2.4215,0.196387822600771
2.422,-1.90350625010565
2.4225,-2.43143947877447
2.423,-0.949874818287416
2.4235,1.31766648347458
2.424,2.50271768115111
2.4245,1.62765348064376
2.425,-0.585976539209431
2.4255,-2.31276950181511
2.426,-2.12868317477573
2.4265,-0.184932549424332
2.427,1.91430107024554
2.4275,2.43894514433402
2.428,0.956398497121999
2.4285,-1.31048603791639
2.429,-2.49422610056749
2.4295,-1.61652909244233
2.43,0.597431551172745
2.4305,2.32224798382151
2.431,2.13618999333394
2.4315,0.191456956457228
2.432,-1.90646477835514
2.4325,-2.43012457580108
2.433,-0.945272670904683
2.4335,1.32161117480887
2.434,2.50271768115111
2.4345,1.62370878919074
2.435,-0.590249959746207
2.4355,-2.31441313008084
2.436,-2.12638209616496
2.4365,-0.18033040624755
2.437,1.91725958908204
2.4375,2.43828769551621
2.438,0.951796357038966
2.4385,-1.31541691291078
2.439,-2.49488355215476
2.4395,-1.61324184069416
2.44,0.601704967484106
2.4405,2.32422033012141
2.441,2.13356019855388
2.4415,0.186854814707579
2.442,-1.91008075735107
2.4425,-2.42913839857373
2.443,-0.940670523552365
2.4435,1.32621331469893
2.444,2.50337512999992
2.4445,1.62009282202813
2.445,-0.595180829623811
2.4455,-2.31704293531897
2.446,-2.12375229205253
2.4465,-0.175399538580481
2.447,1.92021810792187
2.4475,2.43664407347302
2.448,0.947194216951015
2.4485,-1.31936161293553
2.449,-2.49488355215476
2.4495,-1.60929713862288
2.45,0.606635832448445
2.4505,2.32619267642379
2.451,2.13093040377739
2.4515,0.181923948530373
2.452,-1.91271056027402
2.4525,-2.42782349560754
2.453,-0.936068376230399
2.4535,1.33048673031123
2.454,2.50436130327375
2.4545,1.61647685486803
2.455,-0.600111699530928
2.4555,-2.31835783794402
2.456,-2.12145121346655
2.4565,-0.170797395445335
2.457,1.92317662676505
2.4575,2.43565790024803
2.458,0.942592076858086
2.4585,-1.32330631298633
2.459,-2.49521227794879
2.4595,-1.6053524365805
2.46,0.610909248741996
2.4605,2.3275075739601
2.461,2.1286293333509
2.4615,0.176664357922038
2.462,-1.91632653931622
2.4625,-2.42683731838559
2.463,-0.932123678549966
2.4635,1.33476014592368
2.464,2.50403257884906
2.4645,1.61253216342348
2.465,-0.604713844804263
2.4655,-2.32098764320608
2.466,-2.11882140938243
2.4665,-0.165866527822734
2.467,1.92679259424461
2.4675,2.43467172702372
2.468,0.938318661052995
2.4685,-1.3272510130632
2.469,-2.49586972953763
2.4695,-1.6010790094005
2.47,0.616168838015128
2.4705,2.3298086446513
2.471,2.12632826292713
2.4715,0.172062216123317
2.472,-1.91895634227285
2.4725,-2.42519368968747
2.473,-0.926864081677274
2.4735,1.33870483725843
2.474,2.50403257884906
2.4745,1.60891619626853
2.475,-0.609644714768653
2.4755,-2.32230254584309
2.476,-2.11553415429849
2.4765,-0.161264384728958
2.477,1.92942238877837
2.4775,2.43335682939239
2.478,0.93338779665704
2.4785,-1.3318531631859
2.479,-2.49652718112752
2.4795,-1.5974630325823
2.48,0.620442254290476
2.4805,2.33112354219065
2.481,2.12336974381485
2.4815,0.16680262547735
2.482,-1.92224359598862
2.4825,-2.4238787867336
2.483,-0.922590659247227
2.4835,1.34264952859338
2.484,2.50436130327375
2.4845,1.60464278054306
2.485,-0.614575584762778
2.4855,-2.32394617414498
2.486,-2.11290435024829
2.4865,-0.155676068141804
2.487,1.93336708058406
2.4875,2.43204193176228
2.488,0.929114380842419
2.4885,-1.33612658833171
2.489,-2.49652718112752
2.4895,-1.59384705578829
2.49,0.625701843541356
2.4905,2.33309588850177
2.491,2.12106867339728
2.4915,0.162529208062631
2.492,-1.92487339897723
2.4925,-2.42289260952089
2.493,-0.917659787244815
2.4935,1.34692294420652
2.494,2.50501875212337
2.4945,1.60135553767958
2.495,-0.618849005448465
2.4955,-2.32624725377811
2.496,-2.11060327171672
2.4965,-0.151073925091959
2.497,1.93599687512456
2.4975,2.43105575854051
2.498,0.924512240729329
2.4985,-1.34007128849361
2.499,-2.49685590692286
2.4995,-1.59023107901843
2.5,0.630303984125908
2.5005,2.33539695920124
2.501,2.11811015429294
2.5015,0.157598341798241
2.502,-1.92848937810981
2.5025,-2.4215777065742
2.503,-0.913386364870624
2.5035,1.35119635982
2.504,2.5053474765483
2.5045,1.597739570532
2.505,-0.62345115082738
2.5055,-2.32756215643111
2.506,-2.10764474219305
2.5065,-0.146143057560456
2.507,1.93928411830399
2.5075,2.42974086091254
2.508,0.92056754919962
2.5085,-1.34368726366506
2.509,-2.49718463271845
2.5095,-1.5862863771152
2.51,0.634906124701222
2.5105,2.3373693055178
2.511,2.11580908388153
2.5115,0.152667475515952
2.512,-1.93177663189007
2.5125,-2.42059152936688
2.513,-0.90878421772733
2.5135,1.35546977543387
2.514,2.50600492539841
2.5145,1.59379487910093
2.515,-0.628382020905169
2.5155,-2.32953451041811
2.516,-2.10501493818798
2.5165,-0.141212190051538
2.517,1.9429000858063
2.5175,2.42875468769236
2.518,0.915636684781964
2.5185,-1.34796068889616
2.519,-2.49718463271845
2.5195,-1.58234167524064
2.52,0.639836989593163
2.5205,2.33868420306357
2.521,2.11317928912892
2.5215,0.147736609215689
2.522,-1.93440643493032
2.5225,-2.41927662642737
2.523,-0.904182070613961
2.5235,1.36007191532622
2.524,2.50600492539841
2.5245,1.59017891195818
2.525,-0.632655441663537
2.5255,-2.33150686441411
2.526,-2.10238513419793
2.5265,-0.135952598066833
2.527,1.94585860467568
2.5275,2.42711106566026
2.528,0.911034544653224
2.5285,-1.35223411415815
2.529,-2.49751335851431
2.5295,-1.57872569854745
2.53,0.644767854474645
2.5305,2.34065654938432
2.531,2.11054949437979
2.5315,0.142805742897376
2.532,-1.93802241413397
2.5325,-2.41763299775874
2.533,-0.899579923530452
2.5335,1.36368788238489
2.534,2.50666237424885
2.5345,1.58623422053229
2.535,-0.637586311797435
2.5355,-2.33249304141549
2.536,-2.09975533022289
2.5365,-0.131350455101151
2.537,1.94848839922917
2.5375,2.42612489244191
2.538,0.906761128814501
2.5385,-1.35617881442745
2.539,-2.49784208431043
2.5395,-1.57478099672773
2.54,0.649041270696863
2.5405,2.34230017132021
2.541,2.10726225094828
2.5415,0.13754615213786
2.542,-1.94065221720813
2.5425,-2.41697554629309
2.543,-0.895306501265308
2.5435,1.36730384944395
2.544,2.50666237424885
2.5445,1.58261825339423
2.545,-0.642517181961499
2.5455,-2.33479412109414
2.546,-2.09712552626285
2.5465,-0.126748312154945
2.547,1.95144691810516
2.5475,2.42480999481851
2.548,0.901501540083377
2.5485,-1.36012351472315
2.549,-2.49817081010682
2.5495,-1.57116502008476
2.55,0.653972135559027
2.5505,2.34394379325785
2.551,2.10496118054944
2.5515,0.132944010206293
2.552,-1.94426819645845
2.5525,-2.41566064336485
2.553,-0.890704354239215
2.5535,1.37157726505973
2.554,2.50633364982359
2.5545,1.57834483768844
2.555,-0.646790602794814
2.5555,-2.33643774944354
2.556,-2.09449572231779
2.5565,-0.122146169228151
2.557,1.95506288562503
2.5575,2.42283764838568
2.558,0.896570675641315
2.5585,-1.36472566510156
2.559,-2.49882826170037
2.5595,-1.56722031831975
2.56,0.658574276087807
2.5605,2.34558741519726
2.561,2.10233138581115
2.5615,0.128013143833372
2.562,-1.94722672495612
2.5625,-2.41401701471031
2.563,-0.886102207242803
2.5635,1.37585068067613
2.564,2.50666237424885
2.5645,1.57472887055514
2.565,-0.651721473015393
2.5655,-2.33808137779921
2.566,-2.09186591838771
2.5665,-0.116886577335507
2.567,1.95769268018826
2.5675,2.42185147517029
2.568,0.892625984082991
2.5685,-1.36899909048521
2.569,-2.49915698749753
2.5695,-1.56360434172686
2.57,0.663176416607729
2.5705,2.34723103713843
2.571,2.09937286673469
2.5715,0.123082277442096
2.572,-1.95018525347193
2.5725,-2.41303083752066
2.573,-0.881171335493799
2.5735,1.38012409629321
2.574,2.50764854752512
2.5745,1.57111290342397
2.575,-0.656323618582012
2.5755,-2.34005373183428
2.576,-2.08890738898425
2.5765,-0.111955709959026
2.577,1.9603224747543
2.5775,2.42086530195559
2.578,0.88769511962918
2.5785,-1.37261506583416
2.579,-2.49882826170037
2.5795,-1.55965964001642
2.58,0.667778557118853
2.5805,2.34920338347016
2.581,2.09674307200371
2.5815,0.118151411032389
2.582,-1.95314378200588
2.5825,-2.41105848314826
2.583,-0.877226638119025
2.5835,1.38406878763269
2.584,2.50731982309962
2.5845,1.5668394877262
2.585,-0.661254488861403
2.5855,-2.34169736020374
2.586,-2.08660631057242
2.5865,-0.107353567094212
2.587,1.96360971796581
2.5875,2.41955040433704
2.588,0.883421703763846
2.5885,-1.37721721631056
2.589,-2.49948571329496
2.5895,-1.55637238861276
2.59,0.672051973299933
2.5905,2.35084700541521
2.591,2.09378455293544
2.5915,0.112891820174968
2.592,-1.9564310359538
2.5925,-2.41040103169284
2.593,-0.87229576643103
2.5935,1.38801347897283
2.594,2.50731982309962
2.5945,1.56289479631544
2.595,-0.666514083859742
2.5955,-2.34334098857947
2.596,-2.08364778120259
2.5965,-0.102422699760305
2.597,1.96689696118176
2.5975,2.41790678231555
2.598,0.878162114999599
2.5985,-1.38083319171028
2.599,-2.49948571329496
2.5995,-1.55275641209149
2.6,0.677640286756217
2.6005,2.35216190297253
2.601,2.09148348255198
2.6015,0.10796095372693
2.602,-1.95938956452612
2.6025,-2.40875740305876
2.603,-0.867693619552721
2.6035,1.39195817031366
2.604,2.50764854752512
2.6045,1.55927882919104
2.605,-0.670787504821535
2.6055,-2.34498461696148
2.606,-2.08101797733416
2.6065,-0.0971631079616201
2.607,1.96985548007991
2.6075,2.41692060910356
2.608,0.874217423421355
2.6085,-1.38510661721155
2.609,-2.50014316489061
2.6095,-1.54815426018978
2.61,0.681913702920105
2.6105,2.35446297370057
2.611,2.08852496349136
2.6115,0.103687536123536
2.612,-1.96234809311665
2.6125,-2.40777122588138
2.613,-0.863091472703783
2.6135,1.39590286165522
2.614,2.50797727195071
2.6145,1.55500541350115
2.615,-0.675389650498468
2.6155,-2.34695697102818
2.616,-2.07838817348064
2.6165,-0.0928896896434802
2.617,1.97281399898169
2.6175,2.41527698708509
2.618,0.869615283241201
2.6185,-1.38905131770206
2.619,-2.50014316489061
2.6195,-1.54486700885499
2.62,0.686844567715439
2.6205,2.35577787126101
2.621,2.08589516877441
2.6215,0.0984279452077328
2.622,-1.96497789632352
2.6225,-2.40612759725752
2.623,-0.858818050656015
2.6235,1.40017627727612
2.624,2.50797727195071
2.6245,1.55138944638108
2.625,-0.680977970285048
2.6255,-2.348600599424
2.626,-2.07575836964202
2.6265,-0.0879588223736276
2.627,1.9757725178871
2.6275,2.41396208947166
2.628,0.865013143055024
2.6285,-1.3936534683081
2.629,-2.50047189068882
2.6295,-1.5412510324094
2.63,0.691446708182302
2.6305,2.35775021760381
2.631,2.08326537406082
2.6315,0.0934970787047309
2.632,-1.9685938757565
2.6325,-2.40514142008627
2.633,-0.854215903863547
2.6335,1.40412096861934
2.634,2.50830599637637
2.6345,1.54810220354634
2.635,-0.685251391325033
2.6355,-2.35024422782611
2.636,-2.07279984034138
2.6365,-0.0830279551254619
2.637,1.97905976111963
2.6375,2.41264719185944
2.638,0.860411002862763
2.6385,-1.39759816885656
2.639,-2.50047189068882
2.6395,-1.53664888060386
2.64,0.696706297276986
2.6405,2.3593938395581
2.641,2.0806355793506
2.6415,0.0888949366182234
2.642,-1.9712236789976
2.6425,-2.40349779147262
2.643,-0.849285032332578
2.6435,1.40806565996341
2.644,2.50896344522795
2.6445,1.54448623642995
2.645,-0.689853537086362
2.6455,-2.35155913055233
2.646,-2.07017003653439
2.6465,-0.077439638936995
2.647,1.98201828003278
2.6475,2.41198974305378
2.648,0.855808862664357
2.6485,-1.40121414438287
2.649,-2.5008006164873
2.6495,-1.53270417908679
2.65,0.700979713408385
2.6505,2.36070873712282
2.651,2.07767706030559
2.6515,0.0839640700786375
2.652,-1.9741822076611
2.6525,-2.4021828885863
2.653,-0.844682885600506
2.6535,1.41233907558716
2.654,2.50896344522795
2.6545,1.54021282074937
2.655,-0.694455682874671
2.6555,-2.3535314846492
2.656,-2.06754023274228
2.6565,-0.0728374962143158
2.657,1.98497679894962
2.6575,2.4100173966386
2.658,0.85153544676028
2.6585,-1.40515884498276
2.659,-2.50047189068882
2.6595,-1.52908820272087
2.66,0.705581853849594
2.6605,2.36235235908034
2.661,2.07471854126481
2.6615,0.0787044790820972
2.662,-1.9774694617531
2.6625,-2.40086798570405
2.663,-0.840409463661035
2.6635,1.41595504265427
2.664,2.50896344522795
2.6645,1.53626812935419
2.665,-0.699386553392156
2.6655,-2.35517511307018
2.666,-2.06491042896502
2.6665,-0.068235353510325
2.667,1.98793531787017
2.6675,2.40903122343203
2.668,0.846275857947841
2.6685,-1.40943227066298
2.669,-2.5008006164873
2.6695,-1.52514350125771
2.67,0.710512718598905
2.6705,2.36432470543171
2.671,2.07241747090267
2.6715,0.0741023369422865
2.672,-1.98042799045521
2.6725,-2.39988180854505
2.673,-0.835807316984956
2.6735,1.42055718255905
2.674,2.50929216965387
2.6745,1.53298088652654
2.675,-0.70365997453248
2.6755,-2.3564900158115
2.676,-2.06162317426432
2.6765,-0.0633044863481459
2.677,1.99122256111959
2.6775,2.4077163258243
2.678,0.842002442031646
2.6785,-1.41337697131892
2.679,-2.5008006164873
2.6795,-1.52152752494114
2.68,0.715443583338848
2.6805,2.36596832739317
2.681,2.06978767620618
2.6815,0.0695001947857622
2.682,-1.98305779376136
2.6825,-2.3982381799518
2.683,-0.830876445578415
2.6835,1.42483059818614
2.684,2.50929216965387
2.6845,1.52870747085278
2.685,-0.708262120402103
2.6855,-2.35813364424381
2.686,-2.0586646450535
2.6865,-0.0580448947319708
2.687,1.99418108004802
2.6875,2.40640142821777
2.688,0.837400301808038
2.6885,-1.41699294694389
2.689,-2.5008006164873
2.6895,-1.51725409841556
2.69,0.71971699943928
2.6905,2.36728322496362
2.691,2.06715788151299
2.6915,0.0642406037291895
2.692,-1.98601632249809
2.6925,-2.3969232770818
2.693,-0.82627429896222
2.6935,1.42877528953533
2.694,2.50962089407986
2.6945,1.52542022802848
2.695,-0.713192991006916
2.6955,-2.36010599837091
2.696,-2.05570611586144
2.6965,-0.053442752087631
2.697,1.99681087465422
2.6975,2.40508653061244
2.698,0.832798161577976
2.6985,-1.42126637271174
2.699,-2.50145806808504
2.6995,-1.51363812215035
2.7,0.72464786416194
2.7005,2.36991302010799
2.701,2.06419936248709
2.7015,0.0596384615366421
2.702,-1.98930357667153
2.7025,-2.39495092278442
2.703,-0.821343427619699
2.7035,1.43239125660639
2.704,2.50929216965387
2.7045,1.52081808807685
2.705,-0.71779513693301
2.7055,-2.36142090112735
2.706,-2.05373376307714
2.7065,-0.0481831605166609
2.707,2.00042684224261
2.7075,2.4037716330083
2.708,0.828524745644227
2.7085,-1.4252110734487
2.709,-2.50112934228604
2.7095,-1.50969342079691
2.71,0.729250004561499
2.7105,2.37122791768191
2.711,2.06156956780088
2.7115,0.0550363193271868
2.712,-1.99193338002662
2.7125,-2.3936360199246
2.713,-0.817070005816211
2.7135,1.43666467223705
2.714,2.50994961850594
2.7145,1.51720212097392
2.715,-0.72239728288646
2.7155,-2.36306452957858
2.716,-2.05077523391629
2.7165,-0.0439097423829065
2.717,2.00305663685591
2.7175,2.40179928660433
2.718,0.823593881098239
2.7185,-1.42915577421275
2.719,-2.50145806808504
2.7195,-1.50574871947139
2.72,0.73385214495315
2.7205,2.37221409086311
2.721,2.05861104878279
2.7215,0.0497767282098835
2.722,-1.99456318339622
2.7225,-2.3916636656425
2.723,-0.812139134535232
2.7235,1.44093808786908
2.724,2.50962089407986
2.7245,1.51292870530895
2.725,-0.727328153581299
2.7255,-2.36437943234411
2.726,-2.04748797931507
2.7265,-0.0389788753251012
2.727,2.00568643147221
2.7275,2.40048438900316
2.728,0.818663016544627
2.7285,-1.43342920007107
2.729,-2.5017867938843
2.7295,-1.50180401817375
2.73,0.738783009649785
2.7305,2.37451516162176
2.731,2.05532380543418
2.7315,0.0448458615171995
2.732,-1.99817916305317
2.7325,-2.39100621421717
2.733,-0.808194437534111
2.7335,1.44422533066393
2.734,2.50962089407986
2.7345,1.50931273820959
2.735,-0.732259024307689
2.7355,-2.3666805121935
2.736,-2.04518690110795
2.7365,-0.034048008288227
2.737,2.00864495041916
2.7375,2.39851204260365
2.738,0.814389600591939
2.7385,-1.43704517582224
2.739,-2.5017867938843
2.7395,-1.4981880420087
2.74,0.743713874337488
2.7405,2.37583005919973
2.741,2.05269401075894
2.7415,0.0402437192529782
2.742,-2.00113769188386
2.7425,-2.38936258565829
2.743,-0.802934841565263
2.7435,1.44849874629852
2.744,2.50962089407986
2.7445,1.50569677111182
2.745,-0.736532445629474
2.7455,-2.36799541497014
2.746,-2.0422283720011
2.7465,-0.028788416805213
2.747,2.01160346936995
2.7475,2.39752586940489
2.748,0.809787460328674
2.7485,-1.44164732681134
2.749,-2.50112934228604
2.7495,-1.49391461566194
2.75,0.747987290392998
2.7505,2.37714495677886
2.751,2.05006421608693
2.7515,0.0349841280728418
2.752,-2.00409622073298
2.7525,-2.38804768281577
2.753,-0.798990144613061
2.7535,1.45277216193464
2.754,2.50962089407986
2.7545,1.50142335545283
2.755,-0.741463316414963
2.7555,-2.36963904344662
2.756,-2.03926984291292
2.7565,-0.0238575498113555
2.757,2.01489071265313
2.7575,2.39588224740844
2.758,0.805185320058583
2.7585,-1.4452633026145
2.759,-2.5017867938843
2.7595,-1.4899699144477
2.76,0.752589430753089
2.7605,2.37845985435915
2.761,2.04710569708475
2.7615,0.0303819857717548
2.762,-2.00639729873949
2.7625,-2.38640405426832
2.763,-0.794059273452196
2.7635,1.45638812901257
2.764,2.50962089407986
2.7645,1.49714993979597
2.765,-0.745736737788083
2.7655,-2.37128267192943
2.766,-2.03664003929464
2.7665,-0.0192554073024307
2.767,2.01784923161207
2.7675,2.39489607421145
2.768,0.800583179781604
2.7685,-1.44920800351683
2.769,-2.5017867938843
2.7695,-1.48635393835901
2.77,0.757191571105585
2.7705,2.38010347633615
2.771,2.04447590241955
2.7715,0.025122394549324
2.772,-2.0096845530539
2.7725,-2.38476042572723
2.773,-0.789128402323911
2.7735,1.46033282037163
2.774,2.50962089407986
2.7745,1.49320524842225
2.775,-0.75099633335706
2.7755,-2.37259757472023
2.776,-2.03401023569107
2.7765,-0.0143245403485204
2.777,2.02047902624551
2.7775,2.39259500342108
2.778,0.795981039497675
2.7785,-1.45348142952517
2.779,-2.50145806808504
2.7795,-1.48208051210236
2.78,0.761793711450548
2.7805,2.38141837391906
2.781,2.04151738342502
2.7815,0.020848976664396
2.782,-2.01297180739111
2.7825,-2.38377424860562
2.783,-0.78452625596684
2.7835,1.4646062360122
2.784,2.50962089407986
2.7845,1.48926055705026
2.785,-0.754941030057619
2.7855,-2.37424120321442
2.786,-2.03105170665465
2.7865,-0.00939367341516094
2.787,2.02376626954165
2.7875,2.39193755462449
2.788,0.791707623513465
2.7885,-1.45709740540347
2.789,-2.5017867938843
2.7895,-1.47813581097117
2.79,0.767053300407076
2.7905,2.38306199589934
2.791,2.0385588644345
2.7915,0.0159181098554171
2.792,-2.01527288544075
2.7925,-2.38180189436926
2.793,-0.779924109638023
2.7935,1.46887965165447
2.794,2.50994961850594
2.7945,1.48564458996077
2.795,-0.759543176234141
2.7955,-2.37555610601433
2.796,-2.02776445219154
2.7965,-0.00446280650227616
2.797,2.02672478851231
2.7975,2.39029393263432
2.798,0.786776758908721
2.7985,-1.46137083147115
2.799,-2.50112934228604
2.7995,-1.47419110986759
2.8,0.771326716427133
2.8005,2.38536306667481
2.801,2.03625779411131
2.8015,0.010987243026354
2.802,-2.01856013981681
2.8025,-2.38048699155009
2.803,-0.774993238602715
2.8035,1.47249561873776
2.804,2.51027834293209
2.8045,1.48169989859199
2.805,-0.764474047168538
2.8055,-2.37752846022179
2.806,-2.02480592319436
2.8065,-0.000518112986659006
2.807,2.02902585882554
2.8075,2.38832158624853
2.808,0.782174618603572
2.8085,-1.46531553248527
2.809,-2.50145806808504
2.8095,-1.4705751338802
2.81,0.776257581057796
2.8105,2.38700668865948
2.811,2.0332992751279
2.8115,0.00671382509152801
2.812,-2.02118994333412
2.8125,-2.37917208873498
2.813,-0.771048541797718
2.8135,1.47611158582233
2.814,2.50994961850594
2.8145,1.47742648294432
2.815,-0.769076193402957
2.8155,-2.37884336303183
2.816,-2.02217611965689
2.8165,0.00441275388956303
2.817,2.03198437780322
2.8175,2.38733541305663
2.818,0.777572478291225
2.8185,-1.46926023352688
2.819,-2.50145806808504
2.8195,-1.46663043282942
2.82,0.78085972137221
2.8205,2.38832158624853
2.821,2.03001203181766
2.8215,0.0021116826831855
2.822,-2.02414847230861
2.8225,-2.37785718592392
2.823,-0.766117670820472
2.8235,1.48038500146943
2.824,2.51027834293209
2.8245,1.47381051585927
2.825,-0.77400706439953
2.8255,-2.38048699155009
2.826,-2.01954631613408
2.8265,0.00934362074552336
2.827,2.0352716211164
2.8275,2.38634923986539
2.828,0.77297033797162
2.8285,-1.47320493459601
2.829,-2.50145806808504
2.8295,-1.4623570067221
2.83,0.78513313737199
2.8305,2.38930775944109
2.831,2.02738223717299
2.8315,-0.00281918420251803
2.832,-2.02743572674649
2.8325,-2.3762135574158
2.833,-0.761515524604049
2.8335,1.48400096855691
2.834,2.50962089407986
2.8345,1.46920837593471
2.835,-0.778609210692113
2.8355,-2.38213062007468
2.836,-2.01625906175117
2.8365,0.0139457631262062
2.837,2.03724396710667
2.8375,2.38371944469197
2.838,0.768039473335346
2.8385,-1.47682091060025
2.839,-2.5017867938843
2.8395,-1.458083580647
2.84,0.790064001979455
2.8405,2.39095138143017
2.841,2.02376626954165
2.8415,-0.00807877556972618
2.842,-2.0300655303133
2.8425,-2.37456992891402
2.843,-0.75658465368889
2.8435,1.48827438420753
2.844,2.50962089407986
2.8445,1.46559240885257
2.845,-0.782553907536748
2.8455,-2.38344552289893
2.846,-2.01362925826129
2.8465,0.0192053543969632
2.847,2.0402024860954
2.8475,2.38240454710701
2.848,0.763437333000507
2.8485,-1.48076561172223
2.849,-2.50211551968382
2.8495,-1.45413887968315
2.85,0.794337417966005
2.8505,2.39193755462449
2.851,2.02146519923385
2.8515,-0.012680918035121
2.852,-2.03302405934353
2.8525,-2.37325502611714
2.853,-0.751982507530283
2.8535,1.49221907557909
2.854,2.50994961850594
2.8545,1.46164771749162
2.855,-0.78748477862171
2.8555,-2.38476042572723
2.856,-2.01034200391951
2.8565,0.0238074967401746
2.857,2.04283228075542
2.8575,2.38108964952323
2.858,0.758506468347769
2.8585,-1.48536776306613
2.859,-2.5017867938843
2.8595,-1.45052290382367
2.86,0.799268282558336
2.8605,2.39423862541384
2.861,2.01883540459925
2.8615,-0.0176117849821725
2.862,-2.03565386294158
2.8625,-2.37161139762675
2.863,-0.747380361399493
2.8635,1.49649249123356
2.864,2.50962089407986
2.8645,1.45803175041201
2.865,-0.792744374481471
2.8655,-2.38640405426832
2.866,-2.00804092589384
2.8665,0.0290670879682692
2.867,2.04611952408493
2.8675,2.37944602754513
2.868,0.753904327997432
2.8685,-1.48931246424803
2.869,-2.5017867938843
2.8695,-1.44657820291224
2.87,0.80419914714267
2.8705,2.39555352300937
2.871,2.01521943698171
2.8715,-0.0225426519498256
2.872,-2.03861239200697
2.8725,-2.36996776914268
2.873,-0.742778215296456
2.8735,1.50010845832742
2.874,2.50994961850594
2.8745,1.45342961049418
2.875,-0.7970177961448
2.8755,-2.38837640852602
2.876,-2.00475367159084
2.8765,0.033669230274293
2.877,2.04874931875213
2.8775,2.37747368117382
2.878,0.749302187639517
2.8785,-1.49292844035578
2.879,-2.5017867938843
2.8795,-1.44263350202811
2.88,0.808472563109348
2.8805,2.3965396962068
2.881,2.0125896423544
2.8815,-0.0271447944716227
2.882,-2.04157092109101
2.8825,-2.36865286635997
2.883,-0.738176069221112
2.8835,1.50405314970426
2.884,2.50962089407986
2.8845,1.44981364341716
2.885,-0.801948667325251
2.8855,-2.38903385994728
2.886,-2.00179514273762
2.8865,0.0386000970115988
2.887,2.05137911342253
2.8875,2.37583005919973
2.888,0.744371322961845
2.8885,-1.49687314159084
2.889,-2.50145806808504
2.8895,-1.43836007610106
2.89,0.813074703374557
2.8905,2.3978545938044
2.891,2.00930239907456
2.8915,-0.0324043859472405
2.892,-2.04485817565071
2.8925,-2.36635178649997
2.893,-0.733573923173398
2.8935,1.50799784108295
2.894,2.50962089407986
2.8945,1.44521150350255
2.895,-0.806222089041425
2.8955,-2.39100621421717
2.896,-1.99916533932802
2.8965,0.0432022392819446
2.897,2.05466635676507
2.8975,2.37484388601614
2.898,0.740097906900709
2.8985,-1.50081784285369
2.899,-2.5017867938843
2.8995,-1.43441537527367
2.9,0.817676843632984
2.9005,2.39982694020303
2.901,2.0066726044541
2.9015,-0.0373352529771545
2.902,-2.04715925385622
2.9025,-2.3653656094209
2.903,-0.728314327724051
2.9035,1.51161380818173
2.904,2.50962089407986
2.9045,1.44159553642798
2.905,-0.810824235532523
2.9055,-2.39264984278241
2.906,-1.99653553593296
2.9065,0.0484618304270836
2.907,2.05762487577767
2.9075,2.37287153965093
2.908,0.734838317893195
2.9085,-1.50476254414437
2.909,-2.50112934228604
2.9095,-1.430141949408
2.91,0.822278983884691
2.9105,2.4011418378036
2.911,2.0037140855097
2.9115,-0.0422661200279743
2.912,-2.0501177829942
2.9125,-2.36372198096084
2.913,-0.724040906447906
2.9135,1.51555849956405
2.914,2.50962089407986
2.9145,1.43765084507508
2.915,-0.815755106804733
2.9155,-2.39330729421028
2.916,-1.99357700713092
2.9165,0.0530639726608004
2.917,2.06025467045899
2.9175,2.3718853664693
2.918,0.730564901817061
2.9185,-1.50870724546291
2.919,-2.50145806808504
2.9195,-1.42685469876376
2.92,0.827209848432704
2.9205,2.40245673540535
2.921,2.00075556656911
2.9215,-0.047196987099776
2.922,-2.05307631215089
2.9225,-2.36207835250709
2.923,-0.719767485195421
2.9235,1.51983191523043
2.924,2.50929216965387
2.9245,1.43370615372337
2.925,-0.820357253355157
2.9255,-2.39495092278442
2.926,-1.99061847834726
2.9265,0.0579948393209237
2.927,2.06288446514357
2.9275,2.36991302010799
2.928,0.725634037105371
2.9285,-1.51265194680937
2.929,-2.50112934228604
2.9295,-1.42258127295439
2.93,0.831483264368192
2.9305,2.40344290860745
2.931,1.99746832330623
2.9315,-0.0521278541926356
2.932,-2.05504866493241
2.9325,-2.36043472405964
2.933,-0.714507889840155
2.9335,1.52344788233459
2.934,2.50929216965387
2.9345,1.4297614623728
2.935,-0.825288124691072
2.9355,-2.39626582564832
2.936,-1.98733122416475
2.9365,0.0625969815195025
2.937,2.06551425983142
2.9375,2.36826939814222
2.938,0.721031896699555
2.9385,-1.51659664818377
2.939,-2.50047189068882
2.9395,-1.41896529729434
2.94,0.83608540460011
2.9405,2.40508653061244
2.941,1.99450980437363
2.9415,-0.0570587213066293
2.942,-2.0586646450535
2.9425,-2.35846236993103
2.943,-0.710234468640273
2.9435,1.52739257372289
2.944,2.50896344522795
2.9445,1.42548804674427
2.945,-0.829890271301088
2.9455,-2.3982381799518
2.946,-1.98470142083506
2.9465,0.06752784814212
2.947,2.06847277885918
2.9475,2.36662577617825
2.948,0.716429756285719
2.9485,-1.52087007470429
2.949,-2.50112934228604
2.9495,-1.41469187154356
2.95,0.840687544825556
2.9505,2.40673015261929
2.951,1.99188000977003
2.9515,-0.0619895884418331
2.952,-2.06129444879552
2.9525,-2.35714746718367
2.953,-0.705632322758988
2.9535,1.53133726511326
2.954,2.50929216965387
2.9545,1.42121463111698
2.955,-0.834492417939966
2.9555,-2.39922435710699
2.956,-1.98108544128039
2.9565,0.0727874391849877
2.957,2.0714312978911
2.9575,2.36531087860837
2.958,0.711827615863802
2.9585,-1.52415732589631
2.959,-2.50112934228604
2.9595,-1.41008972077043
2.96,0.845289685044591
2.9605,2.40837377462801
2.961,1.98859276651969
2.9615,-0.066920455598323
2.962,-2.06392425255237
2.9625,-2.35550383875513
2.963,-0.700701452202071
2.9635,1.53495323222295
2.964,2.50896344522795
2.9645,1.41759866404868
2.965,-0.838437115082024
2.9655,-2.40086798570405
2.966,-1.97812691257421
2.9665,0.0773895813295674
2.967,2.07438981692721
2.9675,2.3633385322557
2.968,0.706896751116997
2.9685,-1.52810202735245
2.969,-2.5008006164873
2.9695,-1.40614502013693
2.97,0.849891825257276
2.9705,2.40968867223634
2.971,1.98563424759831
2.9715,-0.0718513227761752
2.972,-2.06688278179657
2.9725,-2.35418893601683
2.973,-0.696099306377046
2.9735,1.5388979236174
2.974,2.50830599637637
2.9745,1.41332524842357
2.975,-0.843367986539541
2.9755,-2.4021828885863
2.976,-1.97549710929519
2.9765,0.0823204478945494
2.977,2.07669088729153
2.9775,2.36169491029712
2.978,0.70262333499548
2.9785,-1.53171800371192
2.979,-2.50047189068882
2.9795,-1.40220031953033
2.98,0.854822689763893
2.9805,2.41100356984585
2.981,1.98300445300465
2.9815,-0.0764534654948445
2.982,-2.06918386011061
2.9825,-2.35221658191694
2.983,-0.691497160579086
2.9835,1.54284261501403
2.984,2.50863472080212
2.9845,1.40905183279957
2.985,-0.848298858030399
2.9855,-2.40349779147262
2.986,-1.97220985521674
2.9865,0.0869225900046683
2.987,2.07899195765841
2.9875,2.35972256394918
2.988,0.69703502159504
2.9885,-1.53599143034906
2.989,-2.50014316489061
2.9895,-1.39825561895058
2.99,0.858767381364041
2.9905,2.41198974305378
2.991,1.97938848544313
2.9915,-0.0817130571962707
2.992,-2.07247111486469
2.9925,-2.35057295350729
2.993,-0.686566290111235
2.9935,1.54645858212956
2.994,2.50797727195071
2.9945,1.40510714145528
2.995,-0.852572280016171
2.9955,-2.40448396864004
2.996,-1.96925132656542
2.9965,0.0918534565328702
2.997,2.08260792538295
2.9975,2.35807894199453
2.998,0.692761605457
2.9985,-1.53960740676016
2.999,-2.50014316489061
2.9995,-1.39431091839765
3,0.863698245857859
3.0005,2.41363336506849
3.001,1.97675869085639
3.0015,-0.0863151999551664
3.002,-2.0744434677283
3.0025,-2.348600599424
3.003,-0.681964144369141
3.0035,1.55073199781401
3.004,2.50797727195071
3.0045,1.40149117439044
3.005,-0.857174426798207
3.0055,-2.40612759725752
3.006,-1.96629279793236
3.0065,0.0971130474754414
3.007,2.0852377200957
3.0075,2.35643532004166
3.008,0.688159464992548
3.0085,-1.54322338319497
3.009,-2.50014316489061
3.0095,-1.39003749282886
3.01,0.868300386045767
3.0105,2.41461953827822
3.011,1.97380017194975
3.0115,-0.091574791702728
3.012,-2.07740199703941
3.0125,-2.34728569670684
3.013,-0.676704549268224
3.0135,1.55401924065003
3.014,2.50797727195071
3.0145,1.39688903449073
3.015,-0.862105298382826
3.0155,-2.40744250015609
3.016,-1.96366299471829
3.0165,0.101715189532612
3.017,2.08753879047211
3.0175,2.35446297370057
3.018,0.682571151560048
3.0185,-1.54716808478728
3.019,-2.49981443909265
3.0195,-1.38609279233167
3.02,0.87257380192913
3.0205,2.41560571148863
3.021,1.97051292872444
3.0215,-0.0961769345021343
3.022,-2.08036052636938
3.0225,-2.3459707939937
3.023,-0.672431128274512
3.0235,1.55730648348767
3.024,2.50764854752512
3.0245,1.39261561887053
3.025,-0.867036170001076
3.0255,-2.40875740305876
3.026,-1.96103319151861
3.0265,0.10631733157344
3.027,2.09016858519118
3.0275,2.35281935175161
3.028,0.678297735397296
3.0285,-1.55144151154421
3.029,-2.50014316489061
3.0295,-1.38247681689937
3.03,0.877175942105446
3.0305,2.41724933350748
3.031,1.96755440982548
3.0315,-0.101107801808301
3.032,-2.08331905571822
3.0325,-2.34432716560792
3.033,-0.667828982614766
3.0335,1.56157989917906
3.034,2.50731982309962
3.0345,1.38899965180797
3.035,-0.870980867319941
3.0355,-2.41040103169284
3.036,-1.95774593753925
3.0365,0.111576922457312
3.037,2.09345582859478
3.0375,2.35117572980443
3.038,0.673695594906045
3.0385,-1.5553862131955
3.039,-2.49948571329496
3.0395,-1.37853211645333
3.04,0.881778082275842
3.0405,2.41856423112392
3.041,1.96492461525166
3.0415,-0.106038669136357
3.042,-2.08627758508595
3.0425,-2.34169736020374
3.043,-0.662898112294648
3.0435,1.56552459058901
3.044,2.50731982309962
3.0445,1.38505496046766
3.045,-0.875583014219268
3.0455,-2.41138720887635
3.046,-1.95445868358235
3.0465,0.116836513320012
3.047,2.0960856233215
3.0475,2.34986083224797
3.048,0.669093454406139
3.0485,-1.55867346459325
3.049,-2.49882826170037
3.0495,-1.3736012409332
3.05,0.886708946737624
3.0505,2.42020785314616
3.051,1.96163737203837
3.0515,-0.110312087505104
3.052,-2.08857866349615
3.0525,-2.34005373183428
3.053,-0.657967242005088
3.0535,1.56946928200141
3.054,2.50731982309962
3.0545,1.38111026912802
3.055,-0.880513885929829
3.0555,-2.41270211179128
3.056,-1.95051397886369
3.0565,0.121438655307579
3.057,2.09904414239313
3.0575,2.34788848591539
3.058,0.665148762542141
3.0585,-1.56228944115355
3.059,-2.49882826170037
3.0595,-1.36998526557817
3.06,0.891311086895953
3.0605,2.42152275076532
3.061,1.9586788531502
3.0615,-0.115571679366284
3.062,-2.09120846740753
3.0625,-2.33808137779921
3.063,-0.653693821112128
3.0635,1.57374269770097
3.064,2.50699109867419
3.0645,1.37617940495434
3.065,-0.884458583322694
3.0655,-2.41368828898017
3.066,-1.94788417573584
3.0665,0.12669824613083
3.067,2.10167393712712
3.0675,2.34690231275005
3.068,0.660217897703078
3.0685,-1.56623414288296
3.069,-2.49817081010682
3.0695,-1.36571184018733
3.07,0.895913227048551
3.0705,2.42316637279096
3.071,1.95572033426558
3.0715,-0.120173822265452
3.072,-2.09350954584226
3.0725,-2.33643774944354
3.073,-0.648434226198303
3.0735,1.57768738911859
3.074,2.50666237424885
3.0745,1.3728921621724
3.075,-0.888732005522836
3.0755,-2.41500319190226
3.076,-1.94492564723415
3.0765,0.131629112508638
3.077,2.10430373186455
3.0775,2.34394379325785
3.078,0.655287032853872
3.0785,-1.56985011949326
3.079,-2.49849953590346
3.0795,-1.36143841482759
3.08,0.900186642899458
3.0805,2.42448127041285
3.081,1.9524330910646
3.0815,-0.125104689678864
3.082,-2.09613934978169
3.0825,-2.33512284676352
3.083,-0.64383208067702
3.0835,1.58130335625366
3.084,2.50699109867419
3.0845,1.36861874655643
3.085,-0.893991602111963
3.0855,-2.41631809482846
3.086,-1.94229584413674
3.0865,0.136888703291466
3.087,2.10693352660543
3.0875,2.34328634448258
3.088,0.650027443670119
3.0885,-1.57379482127727
3.089,-2.49784208431043
3.0895,-1.35749371452308
3.09,0.9054462316324
3.0905,2.42546744363006
3.091,1.94980329650695
3.0915,-0.129706832618131
3.092,-2.09844042824099
3.0925,-2.333150492751
3.093,-0.6392299351821
3.0935,1.58524804767624
3.094,2.50633364982359
3.0945,1.36467405521914
3.095,-0.898265024369212
3.0955,-2.41730427202579
3.096,-1.93802241413397
3.0965,0.141490845209434
3.097,2.10956332134977
3.0975,2.34131399815846
3.098,0.646411476099495
3.0985,-1.5774107979377
3.099,-2.49784208431043
3.0995,-1.3528915642012
3.1,0.910048371767785
3.1005,2.42678234125407
3.101,1.94618732899472
3.1015,-0.134966424572544
3.102,-2.10139895770553
3.1025,-2.33117813874749
3.103,-0.634299065038156
3.1035,1.58886401481592
3.104,2.50600492539841
3.1045,1.36072936388232
3.105,-0.903195896236411
3.1055,-2.41829044922542
3.106,-1.93539261107409
3.1065,0.146421711532574
3.107,2.11219311609759
3.1075,2.33967037622363
3.108,0.641480611221482
3.1085,-1.58102677462215
3.109,-2.49751335851431
3.1095,-1.34894686395388
3.11,0.914321787602878
3.1105,2.42842596328579
3.111,1.94355753444364
3.1115,-0.139897292052965
3.112,-2.1046862126884
3.1125,-2.32953451041811
3.113,-0.629696919597648
3.1135,1.59247998195785
3.114,2.5053474765483
3.1145,1.3564559482679
3.115,-0.907140593754838
3.1155,-2.41993407789661
3.116,-1.93243408264879
3.1165,0.150695128998008
3.117,2.11482291084889
3.1175,2.33769802990413
3.118,0.636221022006766
3.1185,-1.58530020164387
3.119,-2.49751335851431
3.1195,-1.34533088875029
3.12,0.918923927727752
3.1205,2.42941213650574
3.121,1.94027029125866
3.1215,-0.145485608557964
3.122,-2.10731601669159
3.1225,-2.32821960775911
3.123,-0.625094774183312
3.1235,1.59675339767398
3.124,2.5053474765483
3.1245,1.35251125693192
3.125,-0.912400190480253
3.1255,-2.42124898083817
3.126,-1.92914682886408
3.1265,0.156283444124717
3.127,2.11712398125915
3.1275,2.33539695920124
3.128,0.631290157107108
3.1285,-1.58858745322193
3.129,-2.49718463271845
3.1295,-1.34105746353818
3.13,0.923197343553192
3.1305,2.43006958531941
3.131,1.93698304807794
3.1315,-0.149430302578944
3.132,-2.11027454621315
3.1325,-2.32624725377811
3.133,-0.619835179456039
3.1335,1.60069808910712
3.134,2.5053474765483
3.1345,1.34823784131832
3.135,-0.916673612848473
3.1355,-2.42256388378383
3.136,-1.92618830047687
3.1365,0.161214310393873
3.137,2.12008250036201
3.1375,2.3337533372727
3.138,0.627016740852174
3.1385,-1.59253215514191
3.139,-2.49619845533244
3.1395,-1.3364553133442
3.14,0.928128207961485
3.1405,2.43171320735495
3.141,1.93336708058406
3.1415,-0.154689894629458
3.142,-2.11257562474308
3.1425,-2.3236174484841
3.143,-0.615561758765178
3.1435,1.60398533197021
3.144,2.5053474765483
3.1445,1.34396442570508
3.145,-0.921275760043208
3.1455,-2.4238787867336
3.146,-1.92257232136142
3.1465,0.165816452228985
3.147,2.12271229512384
3.1475,2.3321097153459
3.148,0.622085875932686
3.1485,-1.59680558225432
3.149,-2.49619845533244
3.1495,-1.33283933821682
3.15,0.932730348070467
3.1505,2.43302810498475
3.151,1.93073728604626
3.1515,-0.159292037694857
3.152,-2.1145479777779
3.1525,-2.32230254584309
3.153,-0.610630888765097
3.1535,1.60760129912187
3.154,2.50469002769852
3.1545,1.33936228581424
3.155,-0.925877907268033
3.1555,-2.42552241542658
3.156,-1.91961379301423
3.1565,0.170747318463714
3.157,2.12534208988921
3.1575,2.33046609342084
3.158,0.617812459660452
3.1585,-1.60075028423421
3.159,-2.49586972953763
3.1595,-1.32856591309463
3.16,0.937332488174275
3.1605,2.43467172702372
3.161,1.92777876719446
3.1615,-0.164551629793909
3.162,-2.11783523285478
3.1625,-2.32033019188906
3.163,-0.605700018794766
3.1635,1.61154599056279
3.164,2.50436130327375
3.1645,1.33574631875735
3.165,-0.930480054523012
3.1655,-2.42650859264545
3.166,-1.91698399005404
3.1665,0.175678184680748
3.167,2.12797188465812
3.1675,2.32882247149751
3.168,0.612224146061438
3.1685,-1.60436626107442
3.169,-2.49586972953763
3.1695,-1.32462121300905
3.17,0.941277179687754
3.1705,2.43565790024803
3.171,1.92482024834604
3.1715,-0.16915377290192
3.172,-2.11980758591221
3.1725,-2.31901528925803
3.173,-0.601426598177819
3.1735,1.61483323343244
3.174,2.50370385442445
3.1745,1.33147290314486
3.175,-0.934753477001117
3.1755,-2.42749476986663
3.176,-1.91369673637377
3.1765,0.180609050880162
3.177,2.13093040377739
3.1775,2.32685012519181
3.178,0.608279454100783
3.1785,-1.60732478759808
3.179,-2.49521227794879
3.1795,-1.32001906294219
3.18,0.945879319782118
3.1805,2.43664407347302
3.181,1.921861729501
3.1815,-0.173755916029914
3.182,-2.12243739000199
3.1825,-2.31671420966333
3.183,-0.59649572826282
3.1835,1.61877792487872
3.184,2.50370385442445
3.1845,1.3275282118104
3.185,-0.939355624314423
3.1855,-2.42848094709012
3.186,-1.91008075735107
3.1865,0.185211192650452
3.187,2.13388892290119
3.1875,2.32553522765606
3.188,0.603677313471163
3.1885,-1.6112694896549
3.189,-2.49488355215476
3.1895,-1.3160743629131
3.19,0.950481459871484
3.1905,2.43795897110742
3.191,1.91857448634377
3.1915,-0.179015508200742
3.192,-2.12506719410686
3.1925,-2.31441313008084
3.193,-0.591236133719371
3.1935,1.62305134061553
3.194,2.50403257884906
3.1945,1.32325479619817
3.195,-0.943629046846796
3.1955,-2.42979585005837
3.196,-1.90712222907968
3.1965,0.190142058816018
3.197,2.13586126898623
3.1975,2.3235628813545
3.198,0.599075172831946
3.1985,-1.61488546656573
3.199,-2.49422610056749
3.1995,-1.31180093791093
3.2,0.955412324247474
3.2005,2.43927386874304
3.201,1.91495851887558
3.2015,-0.183617651371765
3.202,-2.12736827271102
3.2025,-2.31276950181511
3.203,-0.586633988521344
3.2035,1.62666730778022
3.204,2.50304640557548
3.2045,1.31963882914172
3.205,-0.9485599190321
3.2055,-2.43045330154404
3.206,-1.90383497546582
3.2065,0.195401649373449
3.207,2.13849106376944
3.2075,2.32126181067249
3.208,0.593815583518154
3.2085,-1.61915889385535
3.209,-2.49422610056749
3.2095,-1.30752751293923
3.21,0.959357015744238
3.2105,2.44026004197057
3.211,1.91265744867113
3.2115,-0.188548519077396
3.212,-2.12999807684423
3.2125,-2.311454599207
3.213,-0.582031843348911
3.2135,1.63028327494747
3.214,2.50238895672683
3.2145,1.31503668925172
3.215,-0.952504616805514
3.2155,-2.43242565600721
3.216,-1.90087644723223
3.2165,0.200332515503147
3.217,2.1407921342077
3.2175,2.31928946437631
3.218,0.589213442858166
3.2185,-1.62310359599905
3.219,-2.49323992318854
3.2195,-1.30358281299235
3.22,0.964287880110222
3.2205,2.44091749078931
3.221,1.90838403258246
3.2215,-0.193808111322352
3.222,-2.13262788099257
3.2225,-2.30915351965239
3.223,-0.57742969820201
3.2235,1.63357051782903
3.224,2.50238895672683
3.2245,1.31043454936168
3.225,-0.957435489053808
3.2255,-2.43275438175197
3.226,-1.89758919366032
3.2265,0.204934657208643
3.227,2.14342192899766
3.2275,2.3173171180826
3.228,0.583953853520473
3.2285,-1.62704829817179
3.229,-2.49356864898126
3.2295,-1.29930938807911
3.23,0.968561295889661
3.2305,2.44190366401799
3.231,1.90542551375585
3.2315,-0.19841025455845
3.232,-2.13525768515605
3.2325,-2.30816734270415
3.233,-0.572827553080579
3.2335,1.63751520928977
3.234,2.50140278345447
3.2345,1.30616113374941
3.235,-0.962366361337204
3.2355,-2.43472673622594
3.236,-1.89463066546445
3.2365,0.209536798899184
3.237,2.14605172379126
3.2375,2.31567349617307
3.238,0.57935171283943
3.2385,-1.63066427518901
3.239,-2.49356864898126
3.2395,-1.29536468818612
3.24,0.973163435955304
3.2405,2.44354728606734
3.241,1.90246699493251
3.2415,-0.203341122334026
3.242,-2.13788748933468
3.2425,-2.30619498881437
3.243,-0.568225407984556
3.2435,1.64113117646489
3.244,2.50107405903051
3.2445,1.3022164424149
3.245,-0.966311059189245
3.2455,-2.43538418771932
3.246,-1.89101468658261
3.2465,0.214467664979666
3.247,2.14868151858848
3.2475,2.31402987426524
3.248,0.574420847813013
3.2485,-1.63395152704408
3.249,-2.49258247160388
3.2495,-1.29109126333115
3.25,0.977765576016316
3.2505,2.4448621837082
3.251,1.89917975179926
3.2515,-0.207943265612401
3.252,-2.14051729352849
3.2525,-2.30356518364192
3.253,-0.563294538266942
3.2535,1.64507586793172
3.254,2.50140278345447
3.2545,1.29794302680233
3.255,-0.9709132067118
3.2555,-2.43604163921374
3.256,-1.88805615842637
3.2565,0.219398531043128
3.257,2.15131131338936
3.2575,2.3120575279781
3.258,0.570147431447512
3.2585,-1.63789622929687
3.259,-2.49159629422885
3.2595,-1.28681783850642
3.26,0.982038991783164
3.2605,2.44584835693967
3.261,1.89622123298276
3.2615,-0.213202857955654
3.262,-2.14281837221051
3.2625,-2.30192155541721
3.263,-0.559021117868487
3.2635,1.64869183511248
3.264,2.50041661018284
3.2645,1.29432705974536
3.265,-0.975515354265113
3.2655,-2.43801399370315
3.266,-1.88509763028793
3.2665,0.224329397089645
3.267,2.15361238384312
3.2675,2.31008518169342
3.268,0.565216566399627
3.2685,-1.64184093157885
3.269,-2.49159629422885
3.2695,-1.28254441371187
3.27,0.986969856124697
3.2705,2.44683453017182
3.271,1.89260526554472
3.2715,-0.218133725801859
3.272,-2.14577690196163
3.2725,-2.29994920155574
3.273,-0.553761523561778
3.2735,1.652307802296
3.274,2.50074533460663
3.2745,1.29005364413234
3.275,-0.979788777020784
3.2755,-2.43900017095133
3.276,-1.88213910216728
3.2765,0.229588987520672
3.277,2.15657090300209
3.2775,2.30811283541118
3.278,0.560285701340133
3.2785,-1.64512818350282
3.279,-2.4912675684377
3.2795,-1.27827098894746
3.28,0.991900720461127
3.2805,2.44782070340468
3.281,1.88997547104733
3.2815,-0.22273586914636
3.282,-2.14807798067024
3.2825,-2.29797684770321
3.283,-0.548830653929075
3.2835,1.65625249377208
3.284,2.50008788575912
3.2845,1.28610895279695
3.285,-0.984390924633592
3.2855,-2.43965762245141
3.286,-1.87819439803406
3.2865,0.234191129132149
3.287,2.15887197346229
3.2875,2.30646921351119
3.288,0.555683560607398
3.2885,-1.64874416064266
3.289,-2.4902813910658
3.2895,-1.27366883923481
3.29,0.996502860503926
3.2905,2.44946432546099
3.291,1.88668822792912
3.2915,-0.227338012511565
3.292,-2.15070778492291
3.2925,-2.29567576821987
3.293,-0.54389978432517
3.2935,1.66052590954162
3.294,2.49975916133549
3.2945,1.28183553718326
3.295,-0.988664347444616
3.2955,-2.44064379970345
3.296,-1.87523586995485
3.2965,0.239121995128288
3.297,2.16117304392531
3.2975,2.30449686723343
3.298,0.550752695525244
3.2985,-1.65203141260932
3.299,-2.48995266527569
3.2995,-1.26972413950882
3.3,1.00044755196574
3.3005,2.4504504986957
3.301,1.88340098481481
3.3015,-0.2322688804259
3.302,-2.15300886365649
3.3025,-2.29370341438666
3.303,-0.538968914749986
3.3035,1.66348442815362
3.304,2.49910171248846
3.3045,1.27756212156916
3.305,-0.993266495117148
3.3055,-2.44130125120611
3.306,-1.87161989121546
3.3065,0.24372413670967
3.307,2.16380283874366
3.3075,2.30252452095812
3.308,0.546150554771226
3.3085,-1.65564738979616
3.309,-2.48962393948584
3.3095,-1.26545071483451
3.31,1.00472096771251
3.3105,2.45176539634308
3.311,1.88044246601526
3.3115,-0.237199748364148
3.312,-2.15498121686598
3.3125,-2.29140233492586
3.313,-0.534695494474666
3.3135,1.66742911963929
3.314,2.49877298806507
3.3145,1.27328870595459
3.315,-0.997539917983737
3.3155,-2.44294487996725
3.316,-1.86866136317564
3.3165,0.248983727070721
3.317,2.16643263356573
3.3175,2.30088089906387
3.318,0.541219689666126
3.3185,-1.65959209220995
3.319,-2.48929521369626
3.3195,-1.26117729019013
3.32,1.00932310774344
3.3205,2.45242284516723
3.321,1.8771552229083
3.3215,-0.241801891794822
3.322,-2.15728229562121
3.3225,-2.29008743238228
3.323,-0.529435900319121
3.3235,1.67104508683751
3.324,2.49844426364176
3.3245,1.26934401461761
3.325,-1.00214206571622
3.3255,-2.44360233147351
3.326,-1.86504538448434
3.3265,0.254243317413012
3.327,2.16873370403809
3.3275,2.29825110403659
3.328,0.53661754889056
3.3285,-1.66320806944842
3.329,-2.48896648790693
3.3295,-1.25690386557563
3.33,1.01359652348273
3.3305,2.45340901840405
3.331,1.87386797980518
3.3315,-0.247390208845966
3.332,-2.16024082546653
3.3325,-2.28844380420836
3.333,-0.524833755459621
3.3335,1.67466105403866
3.334,2.49745809037232
3.3345,1.26474187472386
3.335,-1.00674421347989
3.3355,-2.44524596024368
3.336,-1.86241558181635
3.3365,0.258516734552374
3.337,2.17136349886715
3.3375,2.29660748214673
3.338,0.531686683762232
3.3385,-1.66715277191859
3.339,-2.48830903632906
3.3395,-1.25263044099097
3.34,1.01885611208011
3.3405,2.45472391605422
3.341,1.87058073670587
3.3415,-0.251992352323133
3.342,-2.1628706297897
3.3425,-2.28680017604063
3.343,-0.519902885994777
3.3435,1.67827702124278
3.344,2.49712936594933
3.3445,1.2604684591076
3.345,-1.01134636127479
3.3455,-2.44590341175355
3.346,-1.85879960317064
3.3465,0.263776324860897
3.347,2.17399329369996
3.3475,2.29430641150373
3.348,0.526755818621777
3.3485,-1.6707687492088
3.349,-2.48765158475223
3.3495,-1.2483570164361
3.35,1.02280080352469
3.3505,2.45538136487978
3.351,1.86696476930102
3.3515,-0.257251944894302
3.352,-2.1648429830421
3.3525,-2.28417037098511
3.353,-0.514972016558284
3.3535,1.68189298844989
3.354,2.49680064152643
3.3545,1.25652376776893
3.355,-1.015948509101
3.3555,-2.4468895890203
3.356,-1.85584107520739
3.3565,0.268378466365676
3.357,2.17596563982703
3.3575,2.29233406524092
3.358,0.522153677813011
3.3585,-1.67438472652381
3.359,-2.48732285896421
3.3595,-1.24474104183597
3.36,1.02707421925303
3.3605,2.45669626253183
3.361,1.86367752620965
3.3615,-0.261854088416751
3.362,-2.16780151293682
3.3625,-2.28219801720384
3.363,-0.510369871776402
3.3635,1.685837679952
3.364,2.4964719171036
3.3645,1.25192162787304
3.365,-1.02055065695857
3.3655,-2.44787576628937
3.366,-1.85222509660958
3.3665,0.273309332248006
3.367,2.17859543466642
3.3675,2.29003299460402
3.368,0.517551536993553
3.3685,-1.6776719786499
3.369,-2.48699413317645
3.3695,-1.24013889237564
3.37,1.03167635926441
3.3705,2.45735371135832
3.371,1.86104773173925
3.3715,-0.266784956500076
3.372,-2.17043131730393
3.3725,-2.28022566343146
3.373,-0.505439002394505
3.3735,1.6891249228732
3.374,2.49515701941311
3.3745,1.24830566081138
3.375,-1.02482407999731
3.3755,-2.44919066931841
3.376,-1.84893784336167
3.3765,0.277911473723641
3.377,2.18122522950959
3.3775,2.28806064834641
3.378,0.512291947472429
3.3785,-1.68161668122833
3.379,-2.48633668160171
3.3795,-1.23586546790755
3.38,1.03627849927195
3.3805,2.45801116018513
3.381,1.85710304003811
3.3815,-0.271715824607847
3.382,-2.17273239613771
3.3825,-2.2785820352946
3.383,-0.500836857663447
3.3835,1.69306961438201
3.384,2.4948282949907
3.3845,1.24337479663544
3.385,-1.02942622791554
3.3855,-2.45083429811053
3.386,-1.84597931545711
3.3865,0.282842339574888
3.387,2.18352630000047
3.3875,2.2860883020912
3.388,0.507689806629852
3.3885,-1.68556138383637
3.389,-2.48567923002802
3.3895,-1.23192076842481
3.39,1.04022319070396
3.3905,2.45932605783968
3.391,1.85315834834231
3.3915,-0.276646692740141
3.392,-2.17536220053354
3.3925,-2.2766096815385
3.393,-0.49623471295683
3.3935,1.69635685730884
3.394,2.4941708461461
3.3945,1.23877265673686
3.395,-1.03402837586532
3.3955,-2.45116302386972
3.396,-1.84269206225043
3.3965,0.288101929798621
3.397,2.18516992178145
3.3975,2.28378723146315
3.398,0.503087665776388
3.3985,-1.68917736125313
3.399,-2.48535050424156
3.3995,-1.22731861906009
3.4,1.04449660641889
3.4005,2.46031223108141
3.401,1.85019982957393
3.4015,-0.281577560897032
3.402,-2.17766327939246
3.4025,-2.27397987654416
3.403,-0.491303843655363
3.4035,1.69997282453136
3.404,2.49351339730182
3.4045,1.23482796539439
3.405,-1.03830179898984
3.4055,-2.45182047538889
3.406,-1.83907608374812
3.4065,0.292375346842092
3.407,2.18812844099097
3.4075,2.28247233396286
3.408,0.498485524911977
3.4085,-1.69213588824903
3.409,-2.48469305266943
3.4095,-1.22271646972958
3.41,1.0500849192721
3.4105,2.46162712873815
3.411,1.84757003511563
3.4115,-0.285850979986294
3.412,-2.17996435826312
3.4125,-2.27233624843071
3.413,-0.486701698999176
3.4135,1.70358879175705
3.414,2.49351339730182
3.4145,1.23055454977244
3.415,-1.04257522214166
3.4155,-2.45313537843034
3.416,-1.83611755590207
3.4165,0.297634937033136
3.417,2.19075823584793
3.4175,2.2801712633399
3.418,0.493554659687888
3.4185,-1.69608059093623
3.419,-2.48403560109835
3.4195,-1.2187717703306
3.42,1.0540296106947
3.4205,2.46261330198153
3.421,1.84395406773926
3.4215,-0.290453123641666
3.422,-2.18226543714554
3.4225,-2.27036389470269
3.423,-0.481442105136082
3.4235,1.70720475898594
3.424,2.49285594845787
3.4245,1.22628113414949
3.425,-1.04651992045993
3.4255,-2.45412155571414
3.426,-1.83283030276034
3.4265,0.301908354050169
3.427,2.19273058199317
3.4275,2.27819891709423
3.428,0.488952518800601
3.4285,-1.69969656842565
3.429,-2.48403560109835
3.4295,-1.21449834600997
3.43,1.05863175068444
3.4305,2.46294202639615
3.431,1.84033810036726
3.4315,-0.295712716417132
3.432,-2.18489524159699
3.4325,-2.26839154098352
3.433,-0.477168685145577
3.4335,1.7104920019241
3.434,2.49186977519254
3.4345,1.22200771852548
3.435,-1.05177951825394
3.4355,-2.45543645876282
3.436,-1.82921432432938
3.4365,0.307167944208826
3.437,2.19503165249867
3.4375,2.27556912210368
3.438,0.483692929201489
3.4385,-1.7033125459401
3.439,-2.48304942374367
3.4395,-1.21088237160775
3.44,1.06290516638608
3.4405,2.4642569240554
3.441,1.83705085730556
3.4415,-0.300643584669851
3.442,-2.18719632050462
3.4425,-2.26609046165569
3.443,-0.471909091339658
3.4435,1.71410796915919
3.444,2.49154105077093
3.4445,1.21773430290036
3.445,-1.05605294149219
3.4455,-2.45642263605205
3.446,-1.82592707123299
3.4465,0.311770085583096
3.447,2.19733272300712
3.4475,2.27359677586353
3.448,0.479090788290259
3.4485,-1.70725724871172
3.449,-2.48239197217519
3.4495,-1.20660894734125
3.45,1.06684985780036
3.4505,2.46524309730067
3.451,1.83376361424743
3.4515,-0.305903177500274
3.452,-2.18982612498489
3.4525,-2.2641181079557
3.453,-0.467635671395484
3.4535,1.71772393639756
3.454,2.49088360192794
3.4545,1.21346088727409
3.455,-1.06032636475795
3.4555,-2.4570800875795
3.456,-1.82231109285186
3.4565,0.317029675708568
3.457,2.19930506915958
3.4575,2.27162442962574
3.458,0.473502474311466
3.4585,-1.71087322627862
3.459,-2.48206324639134
3.4595,-1.2020067981639
3.46,1.07112327349637
3.4605,2.46590054613124
3.461,1.83014764688757
3.4615,-0.310505321250271
3.462,-2.1917984783552
3.4625,-2.26181702865022
3.463,-0.463033526863356
3.4635,1.72133990363926
3.464,2.48989742866406
3.4645,1.2091874716466
3.465,-1.06492851292113
3.4655,-2.45806626487261
3.466,-1.81935256510486
3.4665,0.321631817053944
3.467,2.20259231275184
3.4675,2.26932335901796
3.468,0.469229057728165
3.4685,-1.71416047863396
3.469,-2.48140579482442
3.4695,-1.1977333739581
3.47,1.07572541347349
3.4705,2.46688671937769
3.471,1.82718912814176
3.4715,-0.315436189578123
3.472,-2.19409955729818
3.4725,-2.25984467496938
3.473,-0.458102657748347
3.4735,1.72462714658916
3.474,2.48956870424293
3.4745,1.20458533173867
3.475,-1.06920193624418
3.4755,-2.4583949906375
3.476,-1.81606531207306
3.4765,0.326233958385933
3.477,2.20423593455024
3.4775,2.26767973715721
3.478,0.46429819242752
3.4785,-1.71777645624885
3.479,-2.48074834325855
3.4795,-1.19378867471709
3.48,1.08032755344737
3.4805,2.46754416820905
3.481,1.82390188509418
3.4815,-0.320038333373516
3.482,-2.19672936181889
3.4825,-2.25721487007533
3.483,-0.453171788660735
3.4835,1.72824311383728
3.484,2.48891125540091
3.4845,1.20096936466709
3.485,-1.07413280934362
3.4855,-2.45970989369964
3.486,-1.81277805906276
3.4865,0.331493548463322
3.487,2.20653700507057
3.4875,2.26537866655491
3.488,0.459696051468374
3.4885,-1.72139243388893
3.489,-2.47976216591169
3.4895,-1.18885780070069
3.49,1.08460096913453
3.4905,2.46820161704072
3.491,1.82061464205007
3.4915,-0.32496920175015
3.492,-2.19870171521954
3.4925,-2.25589996763419
3.493,-0.448240919600445
3.4935,1.7318590810888
3.494,2.48792508213848
3.4945,1.19636722475641
3.495,-1.07807750784973
3.4955,-2.46069607099897
3.496,-1.80949080607393
3.4965,0.335766965388449
3.497,2.20916679995459
3.4975,2.26307759595579
3.498,0.454765186142206
3.4985,-1.72467968631088
3.499,-2.47877598856717
3.4995,-1.18458437658443
3.5,1.0895318333856
3.5005,2.46951651470501
3.501,1.81634122609788
3.5015,-0.330228794713163
3.502,-2.20100279419794
3.5025,-2.25327016276367
3.503,-0.443638775168757
3.5035,1.73580377263983
3.504,2.48759635771783
3.5045,1.19176508484409
3.505,-1.08267965613677
3.5055,-2.46135352253315
3.506,-1.80620355310653
3.5065,0.340697831057151
3.507,2.21146787048132
3.5075,2.26077652535985
3.508,0.449505596446283
3.5085,-1.72862438924476
3.509,-2.47844726278619
3.5095,-1.18031095249717
3.51,1.09413397335009
3.5105,2.47050268795406
3.511,1.81305398306166
3.5115,-0.334830938579525
3.512,-2.2039613243304
3.5125,-2.25096908351482
3.513,-0.438379181561524
3.5135,1.73909101560218
3.514,2.48726763329726
3.5145,1.18782039348933
3.515,-1.08695307957504
3.5155,-2.46233969983636
3.516,-1.80291630016056
3.5165,0.346286145463463
3.517,2.21376894101105
3.5175,2.25880417913728
3.518,0.444903455449853
3.5185,-1.73191164171264
3.519,-2.47811853700546
3.5195,-1.1766949782921
3.52,1.0984073890287
3.5205,2.47083141237057
3.521,1.80976674002885
3.5215,-0.339433082468097
3.522,-2.20593367776291
3.5225,-2.24866800427796
3.523,-0.43410576177835
3.5235,1.74237825856742
3.524,2.48628146003603
3.5245,1.18321825357382
3.525,-1.09122650304118
3.5255,-2.46332587714191
3.526,-1.79897159665364
3.5265,0.350559562349413
3.527,2.21639873590586
3.5275,2.25716055728691
3.528,0.440301314441692
3.5285,-1.73519889420142
3.529,-2.47746108544479
3.5295,-1.17176410440944
3.53,1.10268080470478
3.5305,2.47181758562057
3.531,1.8068082213022
3.5315,-0.344363950944854
3.532,-2.20790603120411
3.5325,-2.24702437625897
3.533,-0.428846168226922
3.5335,1.74632295012955
3.534,2.48529528677553
3.5345,1.17894483793637
3.535,-1.09582865142055
3.5355,-2.46365460291095
3.536,-1.79601306904364
3.5365,0.356147876721829
3.537,2.21869980644206
3.5375,2.2548594866991
3.538,0.435370449062718
3.5385,-1.73848614671114
3.539,-2.47647490810574
3.5395,-1.16749068040887
3.54,1.10695422037836
3.5405,2.4724750344543
3.541,1.80352097827577
3.5415,-0.349294819447254
3.542,-2.21020711022984
3.5425,-2.24505202264425
3.543,-0.423915299300304
3.5435,1.74993891739855
3.544,2.48496656235552
3.5445,1.17532887085728
3.545,-1.10010207494472
3.5455,-2.4646407802196
3.546,-1.79272581616393
3.5465,0.360750017955388
3.547,2.22067215261835
3.5475,2.25255841611444
3.548,0.430768308030063
3.5485,-1.74177339924182
3.549,-2.47548873076903
3.5495,-1.16288853151739
3.55,1.11122763604951
3.5505,2.47378993212271
3.551,1.79990501095055
3.5515,-0.353896963406031
3.552,-2.2128369148452
3.5525,-2.2424222178383
3.553,-0.41964187958564
3.5535,1.75355488467114
3.554,2.48430911351574
3.5545,1.17006928237648
3.555,-1.10437549849692
3.5555,-2.46595568330145
3.556,-1.78943856330555
3.5565,0.365352159176086
3.557,2.22297322316017
3.5575,2.25058606990151
3.558,0.425837442624703
3.5585,-1.7453893770498
3.559,-2.47516000499065
3.5595,-1.15894383249408
3.56,1.11582977600037
3.5605,2.47477610537484
3.561,1.79694649223289
3.5615,-0.358827831958223
3.562,-2.21448054273767
3.5625,-2.24044986424409
3.563,-0.414382286118301
3.5635,1.75684212764936
3.564,2.48365166467629
3.5645,1.16645331529443
3.565,-1.10864892207718
3.5655,-2.46694186061555
3.566,-1.78549385990361
3.5665,0.37028302475549
3.567,2.22527429370504
3.5675,2.24894244805917
3.568,0.420906577205583
3.5685,-1.74900535488319
3.569,-2.47417382765706
3.5695,-1.15434168366447
3.57,1.12076064023043
3.5705,2.47543355421
3.571,1.7936592492164
3.5715,-0.36375870053628
3.572,-2.21711034737821
3.5725,-2.23814878506195
3.573,-0.409451417270287
3.5735,1.7601293706306
3.574,2.48233676699833
3.5745,1.16152245108961
3.575,-1.1125936207916
3.5755,-2.46727058638744
3.576,-1.78220660709207
3.5765,0.375213890320277
3.577,2.22757536425295
3.5775,2.24664137748257
3.578,0.415975711772627
3.5785,-1.75262133274203
3.579,-2.47351637610264
3.5795,-1.150068259781
3.58,1.12503405589402
3.5805,2.47641972746333
3.581,1.79004328190202
3.5815,-0.36868956914028
3.582,-2.2194114264514
3.5825,-2.23617643148676
3.583,-0.404849273036183
3.5835,1.76374533791345
3.584,2.48167931815983
3.5845,1.15757775972402
3.585,-1.1171957693221
3.5855,-2.46792803793199
3.586,-1.77891935430178
3.5865,0.380473480240024
3.587,2.2302051591686
3.5875,2.24434030690909
3.588,0.411373570689318
3.5885,-1.75590858536307
3.589,-2.47285892454925
3.5895,-1.14579483592613
3.59,1.12897874727381
3.5905,2.47740590071737
3.591,1.78642731459156
3.5915,-0.373620437770298
3.592,-2.22138377995217
3.5925,-2.2338753523268
3.593,-0.40024712882523
3.5935,1.76736130520001
3.594,2.48200804257904
3.5945,1.1529756197955
3.595,-1.12179791788532
3.5955,-2.46924294102421
3.596,-1.77530337625699
3.5965,0.384418172669033
3.597,2.23217750535796
3.5975,2.24203923633873
3.598,0.406771429593829
3.5985,-1.75952456327057
3.599,-2.47220147299691
3.5995,-1.14152141209981
3.6,1.13358088721456
3.6005,2.47806334955379
3.601,1.78281134728499
3.6015,-0.378222581848523
3.602,-2.22434231021971
3.6025,-2.23124554758717
3.603,-0.3953162600534
3.6035,1.77064854819103
3.604,2.48069314490268
3.6045,1.14903092842644
3.605,-1.12607134158052
3.6055,-2.46990039257188
3.606,-1.77201612351127
3.6065,0.38967776256005
3.607,2.23414985154958
3.6075,2.23973816577147
3.608,0.401840564120789
3.6085,-1.7634692664715
3.609,-2.47187274722113
3.6095,-1.13724798830199
3.61,1.13752557859036
3.6105,2.47872079839054
3.611,1.77952410428236
3.6115,-0.383482175108692
3.612,-2.22631466374233
3.6125,-2.22960191963281
3.613,-0.390385391307998
3.6135,1.77426451548474
3.614,2.47970697164625
3.6145,1.14475751277475
3.615,-1.13067349020703
3.6155,-2.47055784412059
3.616,-1.76840014551545
3.6165,0.394937352434777
3.617,2.23645092210933
3.6175,2.23743709520731
3.618,0.396580974267303
3.6185,-1.76675651916218
3.619,-2.47088656989534
3.6195,-1.13264583962845
3.62,1.14212771852656
3.6205,2.47904952280903
3.621,1.77590813698313
3.6215,-0.388084319235834
3.622,-2.2282870172737
3.6225,-2.22730084050692
3.623,-0.38545452258895
3.6235,1.77788048278224
3.624,2.47904952280903
3.6245,1.14048409712105
3.625,-1.1349469139611
3.6255,-2.47088656989534
3.626,-1.76478416754524
3.6265,0.399210769196061
3.627,2.23842326830585
3.6275,2.23546474901191
3.628,0.391978833132242
3.6285,-1.76971504660188
3.629,-2.46990039257188
3.6295,-1.12837241588966
3.63,1.14672985846039
3.6305,2.48003569606498
3.631,1.77262089398713
3.6315,-0.393015187968928
3.632,-2.23091682199581
3.6325,-2.22499976139295
3.633,-0.380852378474881
3.6335,1.78116772578328
3.634,2.47839207397213
3.6345,1.13588195718399
3.635,-1.13954906265112
3.6355,-2.47187274722113
3.636,-1.76083946433417
3.6365,0.404141634676628
3.637,2.24072433887134
3.6375,2.23349240281879
3.638,0.38737669198474
3.6385,-1.77333102460702
3.639,-2.46891421525077
3.6395,-1.12409899217922
3.64,1.15100327411118
3.6405,2.48102186932165
3.641,1.76900492669514
3.6415,-0.397617332143627
3.642,-2.23288917554761
3.6425,-2.22269868229087
3.643,-0.375592785229607
3.6435,1.78478369308809
3.644,2.47773462513554
3.6445,1.1312798172445
3.645,-1.14316503664502
3.6455,-2.47285892454925
3.646,-1.75788093694581
3.6465,0.4090725001431
3.647,2.24302540943993
3.6475,2.23053388353333
3.648,0.382445826455683
3.6485,-1.77727572791461
3.649,-2.46858548947758
3.6495,-1.11949684359961
3.65,1.15494796547942
3.6505,2.48167931815983
3.651,1.76571768370566
3.6515,-0.402548200927816
3.652,-2.23486152910818
3.6525,-2.22006887761736
3.653,-0.370990641164379
3.6535,1.78807093609583
3.654,2.47707717629927
3.6545,1.12700640158415
3.655,-1.14809591030597
3.6555,-2.47318765032582
3.656,-1.75426495904992
3.6565,0.413674641232491
3.657,2.24532648001163
3.6575,2.22856153734585
3.658,0.377514960912197
3.6585,-1.78023425541535
3.659,-2.46759931215959
3.6595,-1.11555214484317
3.66,1.15955010540701
3.6605,2.48233676699833
3.661,1.76210171642079
3.6615,-0.407150345150337
3.662,-2.23716260827326
3.6625,-2.21809652412241
3.663,-0.365731047974763
3.6635,1.79135817910679
3.664,2.47543355421
3.6645,1.12240426163977
3.665,-1.15204060926212
3.6655,-2.47450255343467
3.666,-1.7513064316995
3.6665,0.418276782309733
3.667,2.24697010185046
3.6675,2.22626046679663
3.668,0.372584095354205
3.6685,-1.78450768405791
3.669,-2.46727058638744
3.6695,-1.11094999632434
3.67,1.16349479677182
3.6705,2.48299421583715
3.671,1.75815702484149
3.6715,-0.412409938575893
3.672,-2.23979241304797
3.6725,-2.21612417063619
3.673,-0.361457628529963
3.6735,1.794645422121
3.674,2.47510482979238
3.6745,1.11747339741073
3.675,-1.15730020790826
3.6755,-2.47516000499065
3.676,-1.74769045384992
3.6765,0.423207647736223
3.677,2.24959989679592
3.6775,2.22395939625045
3.678,0.367653229781632
3.6785,-1.78812366216816
3.679,-2.46628440907255
3.6795,-1.10667657272895
3.68,1.16776821241532
3.6805,2.48365166467629
3.681,1.75486978186207
3.6815,-0.417012082848164
3.682,-2.2414360410401
3.6825,-2.21448054273767
3.683,-0.356855484534246
3.6835,1.79826138944041
3.684,2.47411865654001
3.6845,1.11319998174307
3.685,-1.16091618200268
3.6855,-2.47581745654768
3.686,-1.74407447602578
3.6865,0.428138513148912
3.687,2.2512435186389
3.6875,2.22198705007045
3.688,0.362722364194401
3.6885,-1.79075346444634
3.689,-2.4656269575306
3.6895,-1.10273187405045
3.69,1.171712903777
3.6905,2.48398038909597
3.691,1.75125381458817
3.6915,-0.421942951737185
3.692,-2.24373712023932
3.6925,-2.21185073811263
3.693,-0.351924615992379
3.6935,1.80121990815926
3.694,2.47346120770548
3.6945,1.10892656607304
3.695,-1.16518960595896
3.6955,-2.47614618232658
3.696,-1.74078722348042
3.6965,0.433069378547877
3.697,2.25354458922176
3.6975,2.21968597952993
3.698,0.358120222966361
3.6985,-1.79436944260112
3.699,-2.4646407802196
3.6995,-1.09780100073592
3.7,1.17631504369714
3.7005,2.48496656235552
3.701,1.74763784731787
3.7015,-0.426873820653046
3.702,-2.24636692505309
3.7025,-2.20954965907843
3.703,-0.346993747476272
3.7035,1.80516459978857
3.704,2.4721463100374
3.7045,1.10465315040059
3.705,-1.16979175486713
3.7055,-2.47713235966485
3.706,-1.73717124570474
3.7065,0.438000243933193
3.707,2.25617438417746
3.7075,2.21738490899243
3.708,0.353846806100207
3.7085,-1.7976566954915
3.709,-2.46332587714191
3.7095,-1.09319885234266
3.71,1.18124590789519
3.7105,2.48562401119562
3.711,1.74435060434796
3.7115,-0.431804689595822
3.712,-2.24833927867367
3.7125,-2.20691985448242
3.713,-0.341734154420731
3.7135,1.80845184281667
3.714,2.47148886120383
3.7145,1.10037973472567
3.715,-1.17406517888323
3.7155,-2.477789811225
3.716,-1.73355526795442
3.7165,0.442602384947242
3.717,2.25814673039694
3.7175,2.21475511409615
3.718,0.347929767344004
3.7185,-1.80094394840325
3.719,-2.46266842560462
3.7195,-1.08925415374565
3.72,1.18519059925211
3.7205,2.48628146003603
3.721,1.74073463708444
3.7215,-0.436078109368059
3.722,-2.25031163230307
3.7225,-2.20494750104557
3.723,-0.337132010521031
3.7235,1.81206781015146
3.724,2.47083141237057
3.7245,1.09610631904823
3.725,-1.17866732785593
3.7255,-2.47811853700546
3.726,-1.73026801547609
3.7265,0.446875801592613
3.727,2.25979035224827
3.7275,2.21245404356512
3.728,0.343327626074291
3.7285,-1.80423120133638
3.729,-2.46201097406837
3.7295,-1.08465200541251
3.73,1.18979273916687
3.7305,2.48693890887677
3.731,1.7377761184169
3.7315,-0.441008978361281
3.732,-2.25228398594127
3.7325,-2.20231769647662
3.733,-0.332201142081745
3.7335,1.81469760457934
3.734,2.46951651470501
3.7345,1.09183290336822
3.735,-1.1826120270021
3.7355,-2.47910471434842
3.736,-1.72632331252968
3.7365,0.452135391296144
3.737,2.26209142284286
3.7375,2.21048169739807
3.738,0.338725484791483
3.7385,-1.80784717958755
3.739,-2.46102479676593
3.7395,-1.08070730686695
3.74,1.19340870624153
3.7405,2.48759635771783
3.741,1.7338314268638
3.7415,-0.445939847381638
3.742,-2.25458506519697
3.7425,-2.20001661749147
3.743,-0.327598998228046
3.7435,1.81831357192124
3.744,2.46853034145667
3.7445,1.08723076340221
3.745,-1.18721417603716
3.7455,-2.47976216591169
3.746,-1.7230360600973
3.7465,0.456737532274267
3.747,2.26439249344061
3.7475,2.20850935123322
3.748,0.333465894737874
3.7485,-1.81146315786465
3.749,-2.46036734523227
3.7495,-1.07577643371829
3.75,1.19801084615326
3.7505,2.48825380655921
3.751,1.73021545961041
3.7515,-0.451199441033344
3.752,-2.25622869324411
3.7525,-2.19804426408503
3.753,-0.32299685439646
3.7535,1.82225826357169
3.754,2.46820161704072
3.7545,1.08295734771671
3.755,-1.19115887523686
3.7555,-2.480419617476
3.756,-1.71909135720597
3.7565,0.461668397595131
3.757,2.26636483966979
3.7575,2.20555083199006
3.758,0.329192477806599
3.7585,-1.81442168556523
3.759,-2.45938116793372
3.7595,-1.07117428547954
3.76,1.20261298606338
3.7605,2.48923997982188
3.761,1.72659949236044
3.7615,-0.455801585504057
3.762,-2.25820104690876
3.7625,-2.19541445955661
3.763,-0.317408536916315
3.7635,1.82554550661754
3.764,2.46721544379333
3.7645,1.07835520774467
3.765,-1.1957610243345
3.7655,-2.48074834325855
3.766,-1.71580410481943
3.7665,0.466927987256164
3.767,2.26833718590132
3.7675,2.2029210371114
3.768,0.323932887721608
3.7685,-1.81770893858627
3.769,-2.4583949906375
3.7695,-1.06690086214372
3.77,1.20688640169282
3.7705,2.48989742866406
3.771,1.72298352511386
3.7715,-0.460732454606271
3.772,-2.26050212619534
3.7725,-2.19311338060689
3.773,-0.312806393133471
3.7735,1.82850402536177
3.774,2.46622927054664
3.7745,1.07342434348534
3.775,-1.19970572358792
3.7755,-2.48140579482442
3.776,-1.71251685245369
3.7765,0.471201403844753
3.777,2.27063825650772
3.7775,2.20094869095495
3.778,0.319330746382933
3.7785,-1.82132491693425
3.779,-2.45740881334361
3.7795,-1.06262743883554
3.78,1.21115981732098
3.7805,2.49022615308528
3.781,1.71969628216535
3.7815,-0.465663323735924
3.782,-2.26280320549395
3.7825,-2.19048357610737
3.783,-0.307875524819026
3.7835,1.83211999271969
3.784,2.46557182171592
3.7845,1.06947965207517
3.785,-1.20397914780719
3.7855,-2.48173452060775
3.786,-1.70890087487538
3.7865,0.476460993478786
3.787,2.2732680514904
3.7875,2.19831889608308
3.788,0.314399880648033
3.7885,-1.82428344469288
3.789,-2.45609391028872
3.7895,-1.05835401555495
3.79,1.2154332329479
3.7905,2.49121232634939
3.791,1.71608031492516
3.7915,-0.469608019059452
3.792,-2.26510428480459
3.7925,-2.18851122274283
3.793,-0.30294465652966
3.7935,1.83540723577605
3.794,2.4642569240554
3.7945,1.06520623637805
3.795,-1.20792384711244
3.7955,-2.48304942374367
3.796,-1.70528489732218
3.7965,0.481063134396449
3.797,2.27524039773016
3.7975,2.19667527429012
3.798,0.309797739281496
3.7985,-1.82789942308824
3.799,-2.45543645876282
3.7995,-1.05309441770893
3.8,1.21970664857364
3.8005,2.49186977519254
3.801,1.71279307198241
3.8015,-0.474210163625877
3.802,-2.26674791289098
3.8025,-2.18588141827025
3.803,-0.298671237365772
3.8035,1.8380370302237
3.804,2.46359947522562
3.8045,1.060932820678
3.805,-1.21285472127909
3.8055,-2.48304942374367
3.806,-1.70166891979406
3.8065,0.485665275302867
3.807,2.27754146834619
3.8075,2.19404547942452
3.808,0.304538149131721
3.8085,-1.83118667619757
3.809,-2.45445028147592
3.8095,-1.04947844421394
3.81,1.22430878847701
3.8105,2.49219849961424
3.811,1.70917710474851
3.8115,-0.479469757445569
3.812,-2.269377717842
3.8125,-2.1839090649259
3.813,-0.293411644574386
3.8135,1.84231044620599
3.814,2.46294202639615
3.8145,1.05633068069001
3.815,-1.21647069569277
3.8155,-2.48403560109835
3.816,-1.69805294229099
3.8165,0.490924864896513
3.817,2.27918509021677
3.8175,2.19174440892028
3.818,0.300264732121937
3.8185,-1.8344739293285
3.819,-2.45412155571414
3.8195,-1.04520502101791
3.82,1.22858220410044
3.8205,2.4931846728798
3.821,1.70556113751786
3.8215,-0.484071902063676
3.822,-2.27135007156559
3.8225,-2.18160798603508
3.823,-0.288480776358149
3.8235,1.84592641358037
3.824,2.46162712873815
3.8245,1.05205726498373
3.825,-1.22107284497696
3.8255,-2.48403560109835
3.826,-1.69410823958891
3.8265,0.495855730127374
3.827,2.28115743646363
3.8275,2.18944333841897
3.828,0.295333866326763
3.8285,-1.83776118248104
3.829,-2.4524779269091
3.8295,-1.03994542327577
3.83,1.23252689544423
3.8305,2.49384212172392
3.831,1.7022738945837
3.8315,-0.489002771324234
3.832,-2.27332242529804
3.8325,-2.17897818160283
3.833,-0.283549908166693
3.8335,1.84888493234449
3.834,2.46096967990963
3.8345,1.04811257355981
3.835,-1.22534626934283
3.8355,-2.48469305266943
3.836,-1.6908209873599
3.8365,0.500786595345555
3.837,2.28345850708798
3.8375,2.18747099227733
3.838,0.291060449291523
3.8385,-1.84071971033683
3.839,-2.45149174962918
3.8395,-1.03567200014075
3.84,1.23680031106572
3.8405,2.4941708461461
3.841,1.69832920306619
3.8415,-0.49360491599257
3.842,-2.27529477903936
3.8425,-2.17601965163489
3.843,-0.278947764543624
3.8435,1.85250089972686
3.844,2.45998350666742
3.8445,1.04318170927617
3.845,-1.22961969373817
3.8455,-2.48535050424156
3.846,-1.6872050099318
3.8465,0.505060011857781
3.847,2.2851021289645
3.8475,2.18484119742514
3.848,0.285800859077967
3.8485,-1.84433568885106
3.849,-2.45050557235159
3.8495,-1.03139857703301
3.85,1.24140245096475
3.8505,2.4948282949907
3.851,1.69438451155243
3.8515,-0.498535785307087
3.852,-2.2769384071639
3.8525,-2.17338984723523
3.853,-0.274016896399861
3.8535,1.85545941849755
3.854,2.45899733342592
3.8545,1.0382508449883
3.855,-1.23356439320622
3.8555,-2.48600795581474
3.856,-1.68326030731141
3.8565,0.510319601398368
3.857,2.28707447521851
3.8575,2.1825401269326
3.858,0.280541268846298
3.8585,-1.84762294206858
3.859,-2.44951939507632
3.8595,-1.02679642910126
3.86,1.24501841802754
3.8605,2.4948282949907
3.861,1.69109726862714
3.8615,-0.503466654649626
3.862,-2.2792394865486
3.8625,-2.17141749394555
3.863,-0.269086028280656
3.8635,1.8587466615796
3.864,2.45801116018513
3.8645,1.03397742926866
3.865,-1.23849526757672
3.8655,-2.48699413317645
3.866,-1.67964432993541
3.8665,0.514921742234752
3.867,2.28937554585121
3.8675,2.17958160773217
3.868,0.275610402987574
3.8685,-1.85091019530781
3.869,-2.44886194356076
3.8695,-1.02219428120103
3.87,1.24994928220311
3.8705,2.49515701941311
3.871,1.68715257712018
3.8715,-0.508068799394678
3.872,-2.28121184031654
3.8725,-2.1687876895727
3.873,-0.264155160185932
3.8735,1.86203390466537
3.874,2.45702498694504
3.8745,1.02937528925921
3.875,-1.24276869206304
3.8755,-2.48699413317645
3.876,-1.676357077797
3.8765,0.519852607404622
3.877,2.29134789211042
3.8775,2.17728053724626
3.878,0.271336985897012
3.8785,-1.85419744856876
3.879,-2.44787576628937
3.8795,-1.01824958302586
3.88,1.25356524926453
3.8805,2.49548574383562
3.881,1.68353660990866
3.8815,-0.513328393419073
3.882,-2.28318419409337
3.8825,-2.16615788521514
3.883,-0.259881741190248
3.8835,1.86499242344574
3.884,2.45538136487978
3.8845,1.02510187353268
3.885,-1.24671339161522
3.8855,-2.48732285896421
3.886,-1.672412375258
3.8865,0.524126023875216
3.887,2.29299151399492
3.8875,2.17432201805433
3.888,0.266077395615054
3.8885,-1.85715597652221
3.889,-2.44656086326446
3.8895,-1.01397616002879
3.89,1.25750994060365
3.8905,2.49680064152643
3.891,1.67992064270018
3.8915,-0.517930538216781
3.892,-2.28548527351089
3.8925,-2.16385680641483
3.893,-0.254950873141019
3.8935,1.86827966653862
3.894,2.45439519164156
3.8945,1.02017100922863
3.895,-1.25098681615865
3.8955,-2.48896648790693
3.896,-1.66912512316472
3.8965,0.52905688902217
3.897,2.2946351358811
3.8975,2.17234967192902
3.898,0.260817805314635
3.8985,-1.86110068048758
3.899,-2.44524596024368
3.8995,-1.009374012216
3.9,1.26211208049855
3.9005,2.49712936594933
3.901,1.67597595120345
3.9015,-0.52253268303916
3.902,-2.28745762730698
3.9025,-2.16155572762621
3.903,-0.250020005116053
3.9035,1.87123818532543
3.904,2.45373774281647
3.9045,1.01556886920737
3.905,-1.25526024073185
3.9055,-2.48896648790693
3.906,-1.66518042067982
3.9065,0.533987754156956
3.907,2.29693620652456
3.9075,2.17004860145216
3.908,0.255886939391145
3.9085,-1.8637304831486
3.909,-2.44458850873484
3.9095,-1.00542931411566
3.91,1.2667142203927
3.9105,2.49778681479539
3.911,1.67301743258323
3.9115,-0.527792277152167
3.912,-2.28877252984265
3.9125,-2.15925464884928
3.913,-0.244760412582747
3.9135,1.87485415273571
3.914,2.4530802939917
3.9145,1.01096672918205
3.915,-1.25953366533486
3.9155,-2.48962393948584
3.916,-1.66156444342787
3.9165,0.538589894938513
3.917,2.29857982841477
3.9175,2.16709008227183
3.918,0.250627349054698
3.9185,-1.86734646183029
3.919,-2.44393105722703
3.9195,-1.0001697166842
3.92,1.27065891172999
3.9205,2.49745809037232
3.921,1.66907274109266
3.9215,-0.53239442202762
3.922,-2.29140233492586
3.9225,-2.15695357008404
3.923,-0.240158269138607
3.9235,1.87814139583998
3.924,2.45143667193112
3.9245,1.0070220377285
3.925,-1.26380708996775
3.9255,-2.48962393948584
3.926,-1.65794846620064
3.9265,0.543192035709599
3.927,2.30055217468523
3.9275,2.16446028744883
3.928,0.246353931892546
3.9285,-1.87096244053842
3.929,-2.44294487996725
3.9295,-0.996553743473683
3.93,1.27493232734487
3.9305,2.49811553921853
3.931,1.66545677389603
3.9315,-0.536996566927937
3.932,-2.29337468874866
3.9325,-2.15432376579519
3.933,-0.235227401185974
3.9335,1.88109991463711
3.934,2.4504504986957
3.9345,1.00241989769548
3.935,-1.26775178965542
3.9355,-2.49061011685617
3.936,-1.65498993939672
3.9365,0.548122900809928
3.937,2.30285324533717
3.9375,2.16183049262955
3.938,0.24109434152208
3.9385,-1.87392096859201
3.939,-2.44195870270979
3.9395,-0.990965421277003
3.94,1.27887701868124
3.9405,2.49943043691193
3.941,1.66184080670227
3.9415,-0.541927436491654
3.942,-2.29501831694114
3.9425,-2.15202268705496
3.943,-0.230625257785135
3.9435,1.88471588206007
3.944,2.44913560104957
3.9445,0.997817757658216
3.945,-1.27202521434587
3.9455,-2.4909388426468
3.946,-1.65071651182021
3.9465,0.552725041559521
3.947,2.30548304037201
3.9475,2.15985814651752
3.948,0.236820924332165
3.9485,-1.87687949666333
3.949,-2.44031507395251
3.9495,-0.986691998451594
3.95,1.28347915857319
3.9505,2.49975916133549
3.951,1.65756739093152
3.9515,-0.546529581443673
3.952,-2.29764812206199
3.9525,-2.14939288279467
3.953,-0.22536566535251
3.9535,1.88800312517594
3.954,2.44847815222697
3.9545,0.993873066194288
3.955,-1.27629863906634
3.9555,-2.49061011685617
3.956,-1.64710053466696
3.9565,0.557984630975042
3.957,2.30745538665098
3.9575,2.15755707605611
3.958,0.232218782729017
3.9585,-1.87950929940829
3.959,-2.43900017095133
3.9595,-0.982089850823325
3.96,1.28775257418673
3.9605,2.49943043691193
3.961,1.65428014803362
3.9615,-0.551131726420748
3.962,-2.29863429898639
3.9625,-2.14709180407941
3.963,-0.220763521996186
3.9635,1.89063291967144
3.964,2.4471632545827
3.9645,0.989270926148994
3.965,-1.28024333883499
3.9655,-2.49159629422885
3.966,-1.6434845575383
3.9665,0.56258677170268
3.967,2.3094277329324
3.9675,2.15492728124653
3.968,0.226959192307552
3.9685,-1.88345400355204
3.969,-2.43867144520168
3.9695,-0.977816428053323
3.97,1.291697265522
3.9705,2.50008788575912
3.971,1.6506641808486
3.9715,-0.556062596066915
3.972,-2.30093537848536
3.9725,-2.14446199984765
3.973,-0.215832654137353
3.9735,1.89392016279436
3.974,2.44617708135031
3.9745,0.984340061809852
3.975,-1.2845167636133
3.9755,-2.49192502002027
3.976,-1.63986858043421
3.9765,0.566860188083542
3.977,2.31074263045471
3.9775,2.15196876209015
3.978,0.222357050673067
3.9785,-1.88674125702931
3.979,-2.43735654220565
3.9795,-0.973214280484608
3.98,1.29564195685701
3.9805,2.50008788575912
3.981,1.64671948937718
3.9815,-0.560664741096086
3.982,-2.30323645799648
3.9825,-2.14216092115732
3.983,-0.210573061780674
3.9835,1.89753613023414
3.984,2.44453345929787
3.9845,0.980395370334839
3.985,-1.28911891340829
3.9855,-2.49258247160388
3.986,-1.63592387816683
3.9865,0.571791053127573
3.987,2.31238625235912
3.9875,2.14933896728836
3.988,0.217097460215626
3.9885,-1.89002851052855
3.989,-2.43604163921374
3.9895,-0.968612132946682
3.99,1.30024409674758
3.9905,2.50107405903051
3.991,1.64343224648682
3.9915,-0.565595610798212
3.992,-2.30455136057973
3.9925,-2.13985984247861
3.993,-0.205642193970654
3.9935,1.90049464905208
3.994,2.44354728606734
3.9945,0.975464505986385
3.995,-1.2933923382493
3.9955,-2.49258247160388
3.996,-1.63197917592861
3.9965,0.576721918160097
3.997,2.31435859864667
3.9975,2.14703789683979
3.998,0.212166594144231
3.9985,-1.89298703869667
3.999,-2.4350554619725
3.9995,-0.963681260618714
