Time_s,Voltage_V
0,1.12207553735793
0.0005,2.48365166467629
0.001,0.419591679758151
0.0015,-2.21645289621662
0.002,-1.7831927829333
0.0025,1.12108936451232
0.003,2.48332294025668
0.0035,0.420577852843817
0.004,-2.21612417063619
0.0045,-1.78385023349518
0.005,1.12043191594852
0.0055,2.48365166467629
0.006,0.421235301567287
0.0065,-2.215795445056
0.007,-1.78352150821413
0.0075,1.11977446738466
0.008,2.48365166467629
0.0085,0.422221474652031
0.009,-2.21546671947605
0.0095,-1.78417895877644
0.01,1.11878829453877
0.0105,2.48430911351574
0.011,0.422878923374887
0.0115,-2.21513799389635
0.012,-1.7848364093396
0.0125,1.11878829453877
0.013,2.48398038909597
0.0135,0.424193820819862
0.014,-2.21480926831689
0.0145,-1.78549385990361
0.015,1.11747339741073
0.0155,2.48398038909597
0.016,0.424522545180953
0.0165,-2.21546671947605
0.017,-1.78615131046847
0.0175,1.11681594884663
0.018,2.48398038909597
0.0185,0.42517999390295
0.019,-2.21382309157995
0.0195,-1.78713748631736
0.02,1.11582977600037
0.0205,2.48430911351574
0.021,0.425837442624703
0.0215,-2.21349436600146
0.022,-1.78680876103418
0.0225,1.11517232743613
0.023,2.48463783793559
0.0235,0.426823615706873
0.024,-2.21250818926743
0.0245,-1.78812366216816
0.025,1.11451487887183
0.0255,2.48463783793559
0.026,0.428467237509269
0.0265,-2.21217946368991
0.027,-1.78878111273643
0.0275,1.11352870602528
0.028,2.48430911351574
0.0285,0.428795961869565
0.029,-2.21217946368991
0.0295,-1.78943856330555
0.03,1.11287125746084
0.0305,2.48463783793559
0.031,0.4291246862298
0.0315,-2.21185073811263
0.032,-1.79009601387552
0.0325,1.11221380889635
0.033,2.48496656235552
0.0335,0.43011085931014
0.034,-2.21119328695879
0.0345,-1.79108218973207
0.035,1.11122763604951
0.0355,2.48496656235552
0.036,0.431425756749742
0.0365,-2.21119328695879
0.037,-1.79108218973207
0.0375,1.11057018748487
0.038,2.48529528677553
0.0385,0.43175448110949
0.039,-2.21086456138223
0.0395,-1.79173964030418
0.04,1.10925529035543
0.0405,2.48529528677553
0.041,0.432411929828805
0.0415,-2.21053583580592
0.042,-1.79206836559055
0.0425,1.10925529035543
0.043,2.48496656235552
0.0435,0.433726827266706
0.044,-2.20987838465401
0.0445,-1.79272581616393
0.045,1.10794039322577
0.0455,2.48496656235552
0.046,0.434384275985293
0.0465,-2.20922093350308
0.047,-1.7937119920256
0.0475,1.10728294466084
0.048,2.48562401119562
0.0485,0.435041724703637
0.049,-2.20922093350308
0.0495,-1.79436944260112
0.05,1.10629677181336
0.0505,2.48562401119562
0.051,0.4360278977807
0.0515,-2.20856348235311
0.052,-1.79502689317749
0.0525,1.10563932324829
0.053,2.48562401119562
0.0535,0.436685346498439
0.054,-2.20856348235311
0.0545,-1.79535561846599
0.055,1.10498187468317
0.0555,2.48595273561579
0.056,0.437671519574595
0.0565,-2.20823475677849
0.057,-1.79601306904364
0.0575,1.10399570183538
0.058,2.48595273561579
0.0585,0.438657692650209
0.059,-2.20724858005607
0.0595,-1.79667051962215
0.06,1.10333825327011
0.0605,2.48595273561579
0.061,0.439643865725279
0.0615,-2.20757730562997
0.062,-1.7973279702015
0.0625,1.10268080470478
0.063,2.48562401119562
0.0635,0.440301314441692
0.064,-2.20691985448242
0.0645,-1.7976566954915
0.065,1.10202335613939
0.0655,2.48628146003603
0.066,0.44128748751586
0.0665,-2.20691985448242
0.067,-1.79831414607214
0.0675,1.10070845900844
0.068,2.48661018445636
0.0685,0.441616211873796
0.069,-2.20626240333584
0.0695,-1.7993003219447
0.07,1.10005101044288
0.0705,2.48661018445636
0.071,0.442602384947242
0.0715,-2.20560495219022
0.072,-1.7993003219447
0.0725,1.09972228616007
0.073,2.48661018445636
0.0735,0.443588558020149
0.074,-2.20560495219022
0.0745,-1.79995777252748
0.075,1.09906483759442
0.0755,2.48661018445636
0.076,0.444574731092517
0.0765,-2.20494750104557
0.077,-1.80094394840325
0.0775,1.09774994046293
0.078,2.48693890887677
0.0785,0.445889628521502
0.079,-2.2039613243304
0.0795,-1.8012726736956
0.08,1.09742121618002
0.0805,2.48693890887677
0.081,0.446218352878599
0.0815,-2.20429004990188
0.082,-1.80225884957393
0.0825,1.09676376761415
0.083,2.48661018445636
0.0835,0.446547077235636
0.084,-2.20363259875916
0.0845,-1.80258757486714
0.085,1.09544887048224
0.0855,2.48726763329726
0.086,0.447861974663187
0.0865,-2.20330387318817
0.087,-1.80324502545419
0.0875,1.09479142191619
0.088,2.48693890887677
0.0885,0.448848147733223
0.089,-2.20264642204689
0.0895,-1.8039024760421
0.09,1.09413397335009
0.0905,2.48726763329726
0.091,0.449176872089783
0.0915,-2.20264642204689
0.092,-1.80423120133638
0.0925,1.09380524906701
0.093,2.48759635771783
0.0935,0.450163045159105
0.094,-2.2016602453368
0.0945,-1.80488865192557
0.095,1.09281907621768
0.0955,2.48759635771783
0.096,0.450820493871689
0.0965,-2.20198897090659
0.097,-1.80554610251562
0.0975,1.09183290336822
0.098,2.48759635771783
0.0985,0.451806666940119
0.099,-2.20133151976725
0.0995,-1.80587482781097
0.1,1.09084673051862
0.1005,2.48759635771783
0.101,0.453121564363862
0.1015,-2.20067406862888
0.102,-1.8071897289945
0.1025,1.09051800623539
0.103,2.48792508213848
0.1035,0.453779013075377
0.104,-2.20034534306005
0.1045,-1.8071897289945
0.105,1.08986055766888
0.1055,2.48792508213848
0.106,0.454765186142206
0.1065,-2.20001661749147
0.107,-1.8071897289945
0.1075,1.08887438481899
0.108,2.48825380655921
0.1085,0.455751359208502
0.109,-2.19935916635502
0.1095,-1.8081759048844
0.11,1.08788821196897
0.1105,2.48825380655921
0.111,0.456408807919071
0.1115,-2.19870171521954
0.112,-1.80883335547873
0.1125,1.08723076340221
0.113,2.48792508213848
0.1135,0.457066256629403
0.114,-2.19870171521954
0.1145,-1.80981953137184
0.115,1.08657331483539
0.1155,2.48858253098002
0.116,0.4577237053395
0.1165,-2.19870171521954
0.117,-1.80981953137184
0.1175,1.0859158662685
0.118,2.48858253098002
0.1185,0.45838115404936
0.119,-2.19804426408503
0.1195,-1.81113443256566
0.12,1.08492969341805
0.1205,2.48891125540091
0.121,0.459038602758985
0.1215,-2.19771553851813
0.122,-1.81146315786465
0.1225,1.08460096913453
0.123,2.48956870424293
0.1235,0.460353500177528
0.124,-2.19672936181889
0.1245,-1.81179188316386
0.125,1.08394352056745
0.1255,2.48923997982188
0.126,0.461339673240818
0.1265,-2.19672936181889
0.127,-1.81244933376291
0.1275,1.0826286234331
0.128,2.48956870424293
0.1285,0.46232584630358
0.129,-2.19640063625296
0.1295,-1.81310678436283
0.13,1.08197117486583
0.1305,2.48891125540091
0.131,0.462654570657717
0.1315,-2.19607191068727
0.132,-1.8137642349636
0.1325,1.08164245058217
0.133,2.48956870424293
0.1335,0.463969468073677
0.134,-2.19541445955661
0.1345,-1.81409296026431
0.135,1.08032755344737
0.1355,2.48956870424293
0.136,0.464955641135032
0.1365,-2.19508573399164
0.137,-1.81475041086637
0.1375,1.07967010487987
0.138,2.48956870424293
0.1385,0.46561308984231
0.139,-2.19442828286243
0.1395,-1.81507913616772
0.14,1.07868393202849
0.1405,2.48989742866406
0.141,0.465941814195861
0.1415,-2.19442828286243
0.142,-1.81573658677107
0.1425,1.07769775917698
0.143,2.48956870424293
0.1435,0.466927987256164
0.144,-2.19377083173418
0.1445,-1.81639403737528
0.145,1.07704031060922
0.1455,2.48989742866406
0.146,0.467914160315943
0.1465,-2.19377083173418
0.147,-1.81705148798034
0.1475,1.07638286204139
0.148,2.48989742866406
0.1485,0.468242884669086
0.149,-2.19377083173418
0.1495,-1.8173802132832
0.15,1.07572541347349
0.1505,2.48989742866406
0.151,0.469557782081075
0.1515,-2.19278465504361
0.152,-1.81803766388956
0.1525,1.07473924062153
0.153,2.48989742866406
0.1535,0.470543955139456
0.154,-2.19212720391776
0.1545,-1.81869511449678
0.155,1.07441051633751
0.1555,2.49022615308528
0.156,0.471201403844753
0.1565,-2.1917984783552
0.157,-1.81968129040922
0.1575,1.07342434348534
0.158,2.49055487750657
0.1585,0.471858852549818
0.159,-2.1917984783552
0.1595,-1.82001001571379
0.16,1.07243817063303
0.1605,2.49022615308528
0.161,0.472516301254651
0.1615,-2.19146975279288
0.162,-1.82066746632359
0.1625,1.07178072206473
0.163,2.49055487750657
0.1635,0.473831198663621
0.164,-2.19114102723081
0.1645,-1.82099619162882
0.165,1.07112327349637
0.1655,2.49088360192794
0.166,0.474488647367759
0.1665,-2.18982612498489
0.167,-1.82198236754577
0.1675,1.0701371006437
0.168,2.49055487750657
0.1685,0.475474820423533
0.169,-2.18982612498489
0.1695,-1.82198236754577
0.17,1.06980837635944
0.1705,2.49121232634939
0.171,0.476460993478786
0.1715,-2.18949739942402
0.172,-1.82296854346467
0.1725,1.06882220350657
0.173,2.49088360192794
0.1735,0.477447166533521
0.174,-2.18916867386338
0.1745,-1.82395471938551
0.175,1.06783603065354
0.1755,2.49121232634939
0.176,0.477775890884984
0.1765,-2.18883994830299
0.177,-1.82395471938551
0.1775,1.06684985780036
0.178,2.49121232634939
0.1785,0.478762063939027
0.179,-2.18818249718292
0.1795,-1.82428344469288
0.18,1.06652113351593
0.1805,2.49121232634939
0.181,0.479419512641435
0.1815,-2.18818249718292
0.182,-1.8252696206163
0.1825,1.06586368494703
0.183,2.49154105077093
0.1835,0.480076961343612
0.184,-2.18752504606381
0.1845,-1.82625579654166
0.185,1.06487751209354
0.1855,2.49121232634939
0.186,0.480734410045561
0.1865,-2.18686759494566
0.187,-1.82625579654166
0.1875,1.064548787809
0.188,2.49186977519254
0.1885,0.482049307448768
0.189,-2.18686759494566
0.1895,-1.82757069777849
0.19,1.0635626149553
0.1905,2.49186977519254
0.191,0.482706756150028
0.1915,-2.18621014382848
0.192,-1.82789942308824
0.1925,1.06257644210145
0.193,2.49154105077093
0.1935,0.484021653551861
0.194,-2.18588141827025
0.1945,-1.8282281483982
0.195,1.06191899353212
0.1955,2.49219849961424
0.196,0.484021653551861
0.1965,-2.1852239671545
0.197,-1.82888559901877
0.1975,1.060932820678
0.198,2.49219849961424
0.1985,0.485665275302867
0.199,-2.1852239671545
0.1995,-1.82921432432938
0.2,1.0602753721085
0.2005,2.49219849961424
0.201,0.486651448352785
0.2015,-2.18456651603972
0.202,-1.83020050026251
0.2025,1.05928919925412
0.203,2.49252722403601
0.2035,0.486980172702644
0.204,-2.1839090649259
0.2045,-1.83052922557398
0.205,1.05863175068444
0.2055,2.49219849961424
0.206,0.48829507010151
0.2065,-2.18358033936935
0.207,-1.83118667619757
0.2075,1.05797430211469
0.208,2.49219849961424
0.2085,0.488623794451084
0.209,-2.18358033936935
0.2095,-1.83184412682203
0.21,1.05764557782979
0.2105,2.49219849961424
0.211,0.489609967499466
0.2115,-2.18292288825696
0.212,-1.83250157744735
0.2125,1.05633068069001
0.213,2.49252722403601
0.2135,0.490267416198103
0.214,-2.18292288825696
0.2145,-1.83283030276034
0.215,1.05534450783498
0.2155,2.49252722403601
0.216,0.491253589245633
0.2165,-2.18226543714554
0.217,-1.83315902807354
0.2175,1.05468705926488
0.218,2.49252722403601
0.2185,0.492239762292653
0.219,-2.18193671159019
0.2195,-1.83381647870059
0.22,1.05370088640958
0.2205,2.49252722403601
0.221,0.492897210990384
0.2215,-2.18160798603508
0.222,-1.83480265464278
0.2225,1.05337216212445
0.223,2.4931846728798
0.2235,0.493883384036555
0.224,-2.18127926048021
0.2245,-1.83513137995728
0.225,1.05271471355412
0.2255,2.49285594845787
0.226,0.49519828143066
0.2265,-2.18029308381704
0.227,-1.83546010527199
0.2275,1.0517285406985
0.228,2.4931846728798
0.2285,0.495527005779045
0.229,-2.17996435826312
0.2295,-1.83611755590207
0.23,1.05074236784272
0.2305,2.49384212172392
0.231,0.496513178823862
0.2315,-2.17963563270945
0.232,-1.83677500653301
0.2325,1.05041364355742
0.233,2.49384212172392
0.2335,0.497499351868172
0.234,-2.17897818160283
0.2345,-1.8371037318488
0.235,1.04975619498677
0.2355,2.49384212172392
0.236,0.498156800564098
0.2365,-2.17864945604988
0.237,-1.83808990779749
0.2375,1.04877002213065
0.238,2.4941708461461
0.2385,0.499142973607565
0.239,-2.17832073049717
0.2395,-1.83874735843102
0.24,1.04778384927437
0.2405,2.4941708461461
0.241,0.500129146650527
0.2415,-2.17799200494469
0.242,-1.83874735843102
0.2425,1.0474551249889
0.243,2.49384212172392
0.2435,0.500786595345555
0.244,-2.17733455384047
0.2445,-1.83940480906543
0.245,1.04614022784686
0.2455,2.49449957056836
0.246,0.501115319692985
0.2465,-2.1766771027372
0.247,-1.83973353438295
0.2475,1.0458115035613
0.248,2.4948282949907
0.2485,0.502430217082144
0.249,-2.1766771027372
0.2495,-1.84039098501865
0.25,1.04515405499013
0.2505,2.49449957056836
0.251,0.503087665776388
0.2515,-2.1756909260841
0.252,-1.84104843565522
0.2525,1.04416788213324
0.253,2.4948282949907
0.2535,0.504402563164207
0.254,-2.1756909260841
0.2545,-1.84170588629266
0.255,1.04383915784757
0.2555,2.4948282949907
0.256,0.504731287511022
0.2565,-2.17503347498322
0.257,-1.84236333693096
0.2575,1.0425242607047
0.258,2.49515701941311
0.2585,0.506374909244262
0.259,-2.17437602388331
0.2595,-1.84334951289003
0.26,1.04186681213316
0.2605,2.4948282949907
0.261,0.506703633590743
0.2615,-2.17371857278435
0.262,-1.84302078757012
0.2625,1.0408806392757
0.263,2.4948282949907
0.2635,0.508018530976111
0.264,-2.17404729833371
0.2645,-1.84367823821016
0.265,1.04022319070396
0.2655,2.49515701941311
0.266,0.508347255322314
0.2665,-2.17338984723523
0.267,-1.84466441417184
0.2675,1.03923701784622
0.268,2.49515701941311
0.2685,0.509662152706572
0.269,-2.17306112168635
0.2695,-1.84532186481404
0.27,1.03857956927429
0.2705,2.49515701941311
0.271,0.510319601398368
0.2715,-2.17273239613771
0.272,-1.84565059013547
0.2725,1.03792212070229
0.273,2.49548574383562
0.2735,0.510648325744183
0.274,-2.17240367058931
0.2745,-1.84630804077897
0.275,1.03693594784414
0.2755,2.49548574383562
0.276,0.511634498781297
0.2765,-2.17174621949323
0.277,-1.84663676610105
0.2775,1.03627849927195
0.278,2.49614319268086
0.2785,0.512949396163341
0.279,-2.17141749394555
0.2795,-1.84762294206858
0.28,1.03594977498582
0.2805,2.4958144682582
0.281,0.513278120508714
0.2815,-2.1710887683981
0.282,-1.84795166739153
0.2825,1.0343061535549
0.283,2.49548574383562
0.2835,0.514593017889655
0.284,-2.1707600428509
0.2845,-1.84893784336167
0.285,1.03364870498239
0.2855,2.49548574383562
0.286,0.514921742234752
0.2865,-2.17043131730393
0.287,-1.84926656868548
0.2875,1.03331998069611
0.288,2.49614319268086
0.2885,0.515579190924782
0.289,-2.16944514066447
0.2895,-1.84992401933376
0.29,1.03266253212349
0.2905,2.49548574383562
0.291,0.516236639614592
0.2915,-2.16911641511846
0.292,-1.85058146998291
0.2925,1.03134763497801
0.293,2.4958144682582
0.2935,0.517222812648895
0.294,-2.16911641511846
0.2945,-1.85123892063292
0.295,1.0303614621187
0.2955,2.4958144682582
0.296,0.517880261338156
0.2965,-2.1687876895727
0.297,-1.85156764595826
0.2975,1.02970401354572
0.298,2.4958144682582
0.2985,0.518866434371635
0.299,-2.16813023848187
0.2995,-1.85255382193557
0.3,1.02871784068611
0.3005,2.4958144682582
0.301,0.519523883060348
0.3015,-2.16780151293682
0.302,-1.85288254726177
0.3025,1.02806039211294
0.303,2.4958144682582
0.3035,0.520510056093006
0.304,-2.16747278739201
0.3045,-1.85386872324169
0.305,1.02740294353969
0.3055,2.4958144682582
0.306,0.521167504781172
0.3065,-2.1668153363031
0.307,-1.85353999791483
0.3075,1.02674549496636
0.308,2.49614319268086
0.3085,0.522153677813011
0.309,-2.16615788521514
0.3095,-1.85452617389605
0.31,1.02575932210621
0.3105,2.49614319268086
0.311,0.52281112650063
0.3115,-2.16615788521514
0.312,-1.85518362455129
0.3125,1.02510187353268
0.313,2.49614319268086
0.3135,0.524126023875216
0.314,-2.16550043412815
0.3145,-1.85584107520739
0.315,1.02411570067223
0.3155,2.49680064152643
0.316,0.525112196905584
0.3165,-2.165171708585
0.317,-1.85616980053577
0.3175,1.0234582520985
0.318,2.49680064152643
0.3185,0.525769645592224
0.319,-2.16418553195701
0.3195,-1.85748470185146
0.32,1.02280080352469
0.3205,2.49680064152643
0.321,0.526098369935462
0.3215,-2.16418553195701
0.322,-1.85781342718093
0.3225,1.02181463066382
0.323,2.49680064152643
0.3235,0.527413267307874
0.324,-2.16352808087288
0.3245,-1.85814215251061
0.325,1.0211571820898
0.3255,2.49712936594933
0.326,0.528070715993755
0.3265,-2.16352808087288
0.327,-1.85879960317064
0.3275,1.0204997335157
0.328,2.49680064152643
0.3285,0.528728164679419
0.329,-2.16319935533117
0.3295,-1.85945705383153
0.33,1.01951356065441
0.3305,2.49680064152643
0.331,0.529385613364867
0.3315,-2.1628706297897
0.332,-1.8601145044933
0.3325,1.01885611208011
0.333,2.49712936594933
0.3335,0.530371786392633
0.334,-2.16221317870748
0.3345,-1.8601145044933
0.335,1.01819866350572
0.3355,2.49712936594933
0.336,0.531357959419913
0.3365,-2.16155572762621
0.337,-1.86077195515594
0.3375,1.01754121493126
0.338,2.49745809037232
0.3385,0.532015408104497
0.339,-2.16155572762621
0.3395,-1.86142940581945
0.34,1.01655504206941
0.3405,2.49778681479539
0.341,0.533001581130969
0.3415,-2.16122700208593
0.342,-1.86208685648383
0.3425,1.01556886920737
0.343,2.49712936594933
0.3435,0.533659029815014
0.344,-2.16024082546653
0.3445,-1.86274430714908
0.345,1.01491142063257
0.3455,2.49778681479539
0.346,0.53497392718246
0.3465,-2.16024082546653
0.347,-1.86340175781521
0.3475,1.01458269634514
0.348,2.49712936594933
0.3485,0.535631375865861
0.349,-2.15958337438813
0.3495,-1.86405920848221
0.35,1.01359652348273
0.3505,2.49778681479539
0.351,0.53661754889056
0.3515,-2.15925464884928
0.352,-1.86438793381603
0.3525,1.01293907490769
0.353,2.49811553921853
0.3535,0.537274997573425
0.354,-2.15892592331068
0.3545,-1.86504538448434
0.355,1.01228162633256
0.3555,2.49877298806507
0.356,0.537932446256076
0.3565,-2.15826847223418
0.357,-1.86570283515352
0.3575,1.01129545346971
0.358,2.49811553921853
0.3585,0.538918619279652
0.359,-2.15793974669628
0.3595,-1.86603156048844
0.36,1.00998055631895
0.3605,2.49811553921853
0.361,0.539576067961768
0.3615,-2.15761102115863
0.362,-1.86636028582358
0.3625,1.00998055631895
0.363,2.49844426364176
0.3635,0.540562240984543
0.364,-2.15695357008404
0.3645,-1.8670177364945
0.365,1.00866565916785
0.3655,2.49844426364176
0.366,0.541219689666126
0.3665,-2.1566248445471
0.367,-1.86800391250253
0.3675,1.00833693488002
0.368,2.49844426364176
0.3685,0.542534587028654
0.369,-2.1562961190104
0.3695,-1.86833263783898
0.37,1.00735076201641
0.3705,2.49844426364176
0.371,0.543192035709599
0.3715,-2.15563866793771
0.372,-1.86899008851253
0.3725,1.00636458915261
0.373,2.49877298806507
0.3735,0.544178208730619
0.374,-2.15563866793771
0.3745,-1.86931881384963
0.375,1.00570714057664
0.3755,2.49910171248846
0.376,0.544506933070852
0.3765,-2.15465249133047
0.377,-1.87030498986224
0.3775,1.00472096771251
0.378,2.49877298806507
0.3785,0.545821830431257
0.379,-2.15432376579519
0.3795,-1.87063371520022
0.38,1.00439224342443
0.3805,2.49910171248846
0.381,0.546808003451004
0.3815,-2.15399504026016
0.382,-1.87096244053842
0.3825,1.0037347948482
0.383,2.49910171248846
0.3835,0.547465452130572
0.384,-2.15366631472537
0.3845,-1.87161989121546
0.385,1.00274862198369
0.3855,2.49910171248846
0.386,0.548451625149527
0.3865,-2.15300886365649
0.387,-1.87227734189338
0.3875,1.00241989769548
0.388,2.49943043691193
0.3885,0.548780349489073
0.389,-2.15268013812241
0.3895,-1.87293479257218
0.39,1.00077627625409
0.3905,2.49943043691193
0.391,0.549766522507395
0.3915,-2.15202268705496
0.392,-1.87293479257218
0.3925,1.00044755196574
0.393,2.49943043691193
0.3935,0.551081419864421
0.394,-2.15202268705496
0.3945,-1.87359224325185
0.395,0.999132654812154
0.3955,2.49943043691193
0.396,0.551410144203546
0.3965,-2.15136523598846
0.397,-1.87457841927299
0.3975,0.998803930523703
0.398,2.50008788575912
0.3985,0.552725041559521
0.399,-2.15136523598846
0.3995,-1.87523586995485
0.4,0.997489033369676
0.4005,2.49910171248846
0.401,0.553053765898384
0.4015,-2.15070778492291
0.402,-1.87556459529611
0.4025,0.997489033369676
0.403,2.49975916133549
0.4035,0.554039938914656
0.404,-2.15005033385832
0.4045,-1.8765507713212
0.405,0.996502860503926
0.4055,2.50008788575912
0.406,0.55469738759191
0.4065,-2.14972160832638
0.407,-1.8765507713212
0.4075,0.995516687637977
0.408,2.50008788575912
0.4085,0.556012284945789
0.409,-2.14906415726321
0.4095,-1.87720822200568
0.41,0.995187963349284
0.4105,2.50041661018284
0.411,0.55699845796065
0.4115,-2.14840670620099
0.412,-1.87786567269105
0.4125,0.99420179048307
0.413,2.50041661018284
0.4135,0.557327182298833
0.414,-2.14807798067024
0.4145,-1.87786567269105
0.415,0.993215617616656
0.4155,2.50041661018284
0.416,0.558313355313068
0.4165,-2.14774925513972
0.417,-1.8791805740644
0.4175,0.992886893327808
0.418,2.50074533460663
0.4185,0.559299528326835
0.419,-2.14709180407941
0.4195,-1.8791805740644
0.42,0.991900720461127
0.4205,2.50074533460663
0.421,0.559956977002419
0.4215,-2.14709180407941
0.422,-1.8798380247524
0.4225,0.991243271883228
0.423,2.50074533460663
0.4235,0.560285701340133
0.424,-2.14676307854961
0.4245,-1.88049547544127
0.425,0.99058582330524
0.4255,2.50074533460663
0.426,0.561271874352965
0.4265,-2.14577690196163
0.427,-1.88148165147622
0.4275,0.989270926148994
0.428,2.50107405903051
0.4285,0.562915496039979
0.429,-2.14577690196163
0.4295,-1.88115292613101
0.43,0.988613477570737
0.4305,2.50107405903051
0.431,0.563572944714423
0.4315,-2.14479072537578
0.432,-1.88213910216728
0.4325,0.987956028992388
0.433,2.50107405903051
0.4335,0.56423039338866
0.434,-2.14446199984765
0.4345,-1.88246782751314
0.435,0.98729858041395
0.4355,2.50074533460663
0.436,0.56488784206269
0.4365,-2.14446199984765
0.437,-1.88345400355204
0.4375,0.986312407546122
0.438,2.50074533460663
0.4385,0.565874015073348
0.439,-2.14380454879208
0.4395,-1.88444017959292
0.44,0.985654958967457
0.4405,2.50107405903051
0.441,0.566860188083542
0.4415,-2.14347582326465
0.442,-1.88444017959292
0.4425,0.9849975103887
0.443,2.50074533460663
0.4435,0.567517636756747
0.444,-2.14314709773746
0.4445,-1.88509763028793
0.445,0.984011337520394
0.4455,2.50074533460663
0.446,0.568175085429746
0.4465,-2.14248964668379
0.447,-1.88575508098382
0.4475,0.983025164651882
0.448,2.50107405903051
0.4485,0.56883253410254
0.449,-2.14183219563108
0.4495,-1.8860838063321
0.45,0.982038991783164
0.4505,2.50107405903051
0.451,0.570147431447512
0.4515,-2.14183219563108
0.452,-1.88641253168059
0.4525,0.981710267493545
0.453,2.50140278345447
0.4535,0.571133604455702
0.454,-2.14150347010507
0.4545,-1.8873987077274
0.455,0.98072409462455
0.4555,2.50107405903051
0.456,0.571133604455702
0.4565,-2.14051729352849
0.457,-1.88772743307677
0.4575,0.980395370334839
0.458,2.50173150787851
0.4585,0.572448501799239
0.459,-2.14018856800343
0.4595,-1.88805615842637
0.46,0.979080473175763
0.4605,2.50107405903051
0.461,0.573434674806356
0.4615,-2.13953111695403
0.462,-1.88871360912622
0.4625,0.978751748885936
0.463,2.50173150787851
0.4635,0.574420847813013
0.464,-2.13953111695403
0.4645,-1.88937105982694
0.465,0.977765576016316
0.4655,2.50140278345447
0.466,0.575078296483863
0.4665,-2.13920239142969
0.467,-1.89002851052855
0.4675,0.977108127436452
0.468,2.50173150787851
0.4685,0.576393193824951
0.469,-2.13854494038171
0.4695,-1.89068596123104
0.47,0.976121954566482
0.4705,2.50173150787851
0.471,0.576721918160097
0.4715,-2.13788748933468
0.472,-1.89134341193441
0.4725,0.975793230276445
0.473,2.50238895672683
0.4735,0.577379366830234
0.474,-2.13788748933468
0.4745,-1.89167213728642
0.475,0.974478333116063
0.4755,2.50206023230263
0.476,0.578694264169901
0.4765,-2.13755876381153
0.477,-1.89232958799111
0.4775,0.974149608825908
0.478,2.50206023230263
0.4785,0.579680437174119
0.479,-2.13657258724347
0.4795,-1.89265831334378
0.48,0.973163435955304
0.4805,2.50304640557548
0.481,0.580009161508757
0.4815,-2.13624386172126
0.482,-1.89331576404979
0.4825,0.972505987374783
0.483,2.50238895672683
0.4835,0.580666610177881
0.484,-2.13558641067755
0.4845,-1.89397321475668
0.485,0.971848538794167
0.4855,2.50271768115111
0.486,0.581652783181188
0.4865,-2.13558641067755
0.487,-1.89463066546445
0.4875,0.971519814503823
0.488,2.50271768115111
0.4885,0.582638956184041
0.489,-2.13492895963478
0.4895,-1.89495939081866
0.49,0.970204917342212
0.4905,2.50304640557548
0.491,0.583625129186441
0.4915,-2.13427150859297
0.492,-1.89561684152775
0.4925,0.969218744470753
0.493,2.50337512999992
0.4935,0.584611302188388
0.494,-2.13394278307241
0.4945,-1.89594556688263
0.495,0.968561295889661
0.4955,2.50304640557548
0.496,0.585268750856101
0.4965,-2.13328533203202
0.497,-1.89660301759304
0.4975,0.96724639872719
0.498,2.50337512999992
0.4985,0.586583648190924
0.499,-2.13295660651217
0.4995,-1.89726046830434
0.5,0.966917674436512
0.5005,2.50271768115111
0.501,0.586912372524505
0.5015,-2.1322991554732
0.502,-1.89758919366032
0.5025,0.966260225855084
0.503,2.50337512999992
0.5035,0.587898545524946
0.504,-2.13197042995406
0.5045,-1.89791791901652
0.505,0.965274052982762
0.5055,2.50337512999992
0.506,0.588884718524936
0.5065,-2.13164170443516
0.507,-1.89824664437294
0.5075,0.964616604401093
0.508,2.50370385442445
0.5085,0.589870891524477
0.509,-2.1313129789165
0.5095,-1.89923282044352
0.51,0.963301707237464
0.5105,2.50337512999992
0.511,0.590199615857557
0.5115,-2.13098425339808
0.512,-1.89956154580082
0.5125,0.963301707237464
0.513,2.50337512999992
0.5135,0.591185788856499
0.514,-2.13032680236194
0.5145,-1.90054772187405
0.515,0.962315534364487
0.5155,2.50370385442445
0.516,0.592171961854993
0.5165,-2.13032680236194
0.517,-1.90120517259063
0.5175,0.961329361491291
0.518,2.50304640557548
0.5185,0.592500686187725
0.519,-2.12999807684423
0.5195,-1.90153389794926
0.52,0.960343188617875
0.5205,2.50304640557548
0.521,0.593158134853039
0.5215,-2.1290119002925
0.522,-1.90219134866717
0.5225,0.959685740035475
0.523,2.50370385442445
0.5235,0.594473032183071
0.524,-2.1290119002925
0.5245,-1.90284879938597
0.525,0.959357015744238
0.5255,2.50337512999992
0.526,0.595459205180075
0.5265,-2.1283544492592
0.527,-1.9031775247457
0.5275,0.958042118579045
0.528,2.50403257884906
0.5285,0.596116653844496
0.529,-2.1280257237429
0.5295,-1.90383497546582
0.53,0.957713394287685
0.5305,2.50370385442445
0.531,0.597102826840757
0.5315,-2.12736827271102
0.532,-1.90416370082621
0.5325,0.956398497121999
0.533,2.50403257884906
0.5335,0.598088999836574
0.534,-2.12671082168007
0.5345,-1.90514987690871
0.535,0.956069772830516
0.5355,2.50403257884906
0.536,0.598746448500205
0.5365,-2.12605337065008
0.537,-1.90547860226999
0.5375,0.954754875664334
0.538,2.50370385442445
0.5385,0.599403897163638
0.539,-2.12572464513544
0.5395,-1.9061360529932
0.54,0.954426151372726
0.5405,2.50436130327375
0.541,0.600061345826875
0.5415,-2.12539591962103
0.542,-1.9067935037173
0.5425,0.954097427081093
0.543,2.50403257884906
0.5435,0.601047518821361
0.544,-2.12506719410686
0.5445,-1.90712222907968
0.545,0.953111254206046
0.5455,2.50436130327375
0.546,0.601704967484106
0.5465,-2.12440974307922
0.547,-1.90777967980511
0.5475,0.951796357038966
0.548,2.50337512999992
0.5485,0.602691140477855
0.549,-2.12408101756576
0.5495,-1.90777967980511
0.55,0.950810184163393
0.5505,2.50436130327375
0.551,0.603348589140109
0.5515,-2.12375229205253
0.552,-1.90876585589491
0.5525,0.950481459871484
0.553,2.50436130327375
0.5535,0.604334762133123
0.554,-2.12276611551427
0.5545,-1.90909458125862
0.555,0.949495286995609
0.5555,2.50403257884906
0.556,0.605320935125697
0.5565,-2.12276611551427
0.557,-1.91008075735107
0.5575,0.948509114119507
0.558,2.50370385442445
0.5585,0.605649659456457
0.559,-2.12243739000199
0.5595,-1.91073820808048
0.56,0.947851665535312
0.5605,2.50403257884906
0.561,0.606307108117831
0.5615,-2.12210866448994
0.562,-1.91073820808048
0.5625,0.946865492658829
0.563,2.50436130327375
0.5635,0.607622005439994
0.564,-2.12177993897813
0.5645,-1.91172438417625
0.565,0.94620804407438
0.5655,2.50436130327375
0.566,0.608279454100783
0.5665,-2.12112248795521
0.567,-1.91172438417625
0.5675,0.945221871197516
0.568,2.50403257884906
0.5685,0.609923075751905
0.569,-2.12079376244411
0.5695,-1.91271056027402
0.57,0.944893146905177
0.5705,2.50436130327375
0.571,0.609594351421778
0.5715,-2.12013631142261
0.572,-1.91336801100697
0.5725,0.943906974028006
0.573,2.50436130327375
0.5735,0.610909248741996
0.574,-2.11980758591221
0.5745,-1.9140254617408
0.575,0.943249525443097
0.5755,2.50501875212337
0.576,0.61189542173165
0.5765,-2.11882140938243
0.577,-1.91435418710806
0.5775,0.942592076858086
0.578,2.50469002769852
0.5785,0.612552870391178
0.579,-2.11882140938243
0.5795,-1.91468291247553
0.58,0.941277179687754
0.5805,2.50501875212337
0.581,0.614196492039151
0.5815,-2.11849268387298
0.582,-1.91534036321114
0.5825,0.940619731102433
0.583,2.5053474765483
0.5835,0.614196492039151
0.584,-2.11783523285478
0.5845,-1.91599781394764
0.585,0.939962282517009
0.5855,2.50501875212337
0.586,0.614853940698003
0.5865,-2.11750650734603
0.587,-1.91599781394764
0.5875,0.939304833931481
0.588,2.5053474765483
0.5885,0.615840113685919
0.589,-2.11684905632924
0.5895,-1.91665526468502
0.59,0.93864738534585
0.5905,2.50501875212337
0.591,0.616826286673401
0.5915,-2.1165203308212
0.592,-1.91764144079276
0.5925,0.937989936760114
0.593,2.5053474765483
0.5935,0.617812459660452
0.594,-2.11586287980583
0.5945,-1.91829889153236
0.595,0.937003763881316
0.5955,2.50567620097332
0.596,0.61879863264707
0.5965,-2.11553415429849
0.597,-1.91829889153236
0.5975,0.936017591002283
0.598,2.5053474765483
0.5985,0.619127356975847
0.599,-2.11487670328453
0.5995,-1.91895634227285
0.6,0.935031418123013
0.6005,2.5053474765483
0.601,0.62011352996189
0.6015,-2.11421925227151
0.602,-1.91961379301423
0.6025,0.934702693829871
0.603,2.5053474765483
0.6035,0.621099702947503
0.604,-2.11421925227151
0.6045,-1.9202712437565
0.605,0.934045245243508
0.6055,2.5053474765483
0.606,0.62175715160434
0.6065,-2.11356180125943
0.607,-1.92059996912796
0.6075,0.932730348070467
0.608,2.50567620097332
0.6085,0.622743324589236
0.609,-2.11356180125943
0.6095,-1.92158614524369
0.61,0.932072899483787
0.6105,2.50600492539841
0.611,0.62307204891744
0.6115,-2.11323307575375
0.612,-1.92191487061605
0.6125,0.93108672660357
0.613,2.50567620097332
0.6135,0.624386946229778
0.614,-2.11257562474308
0.6145,-1.92257232136142
0.615,0.930429278016626
0.6155,2.50600492539841
0.616,0.625044394885662
0.6165,-2.11257562474308
0.617,-1.92322977210768
0.6175,0.930100553723114
0.618,2.50600492539841
0.6185,0.626030567869131
0.619,-2.11126072272456
0.6195,-1.92322977210768
0.62,0.928785656548801
0.6205,2.50633364982359
0.621,0.62668801652454
0.6215,-2.11093199722052
0.622,-1.92421594822875
0.6225,0.928128207961485
0.623,2.50600492539841
0.6235,0.627674189507299
0.624,-2.11027454621315
0.6245,-1.92487339897723
0.625,0.927799483667786
0.6255,2.50600492539841
0.626,0.62800291383479
0.6265,-2.11027454621315
0.627,-1.92553084972661
0.6275,0.926813310786531
0.628,2.50600492539841
0.6285,0.629317811144284
0.629,-2.10961709520671
0.6295,-1.92585957510163
0.63,0.925169689317235
0.6305,2.50600492539841
0.631,0.629646535471539
0.6315,-2.10961709520671
0.632,-1.92618830047687
0.6325,0.924840965023296
0.633,2.50600492539841
0.6335,0.630632708453022
0.634,-2.10863091869882
0.6345,-1.92684575122803
0.635,0.923854792141315
0.6355,2.50600492539841
0.636,0.631618881434081
0.6365,-2.10830219319666
0.637,-1.92684575122803
0.6375,0.923197343553192
0.638,2.50633364982359
0.6385,0.631947605761006
0.639,-2.10797346769474
0.6395,-1.92848937810981
0.64,0.922211170670806
0.6405,2.50666237424885
0.641,0.6329337787415
0.6415,-2.10731601669159
0.642,-1.92848937810981
0.6425,0.921224997788176
0.643,2.50600492539841
0.6435,0.633919951721572
0.644,-2.10698729119037
0.6445,-1.92914682886408
0.645,0.92056754919962
0.6455,2.50600492539841
0.646,0.634577400374719
0.6465,-2.10698729119037
0.647,-1.92980427961924
0.6475,0.919910100610954
0.648,2.50600492539841
0.6485,0.634906124701222
0.649,-2.10632984018863
0.6495,-1.93013300499715
0.65,0.918923927727752
0.6505,2.50633364982359
0.651,0.636221022006766
0.6515,-2.10567238918784
0.652,-1.93079045575365
0.6525,0.918266479138814
0.653,2.50666237424885
0.6535,0.636878470659258
0.654,-2.10534366368779
0.6545,-1.93111918113223
0.655,0.917609030549766
0.6555,2.50633364982359
0.656,0.638193367963682
0.6565,-2.1046862126884
0.657,-1.93177663189007
0.6575,0.916951581960609
0.658,2.50699109867419
0.6585,0.638850816615614
0.659,-2.10402876168995
0.6595,-1.93243408264879
0.66,0.916622857665989
0.6605,2.50666237424885
0.661,0.639508265267359
0.6615,-2.10337131069244
0.662,-1.93276280802849
0.6625,0.915636684781964
0.663,2.50633364982359
0.6635,0.641151886895911
0.664,-2.10304258519403
0.6645,-1.93342025878855
0.665,0.914650511897691
0.6655,2.50666237424885
0.666,0.641151886895911
0.6665,-2.10238513419793
0.667,-1.93407770954951
0.6675,0.913335614718273
0.668,2.50699109867419
0.6685,0.642466784197917
0.669,-2.10271385969586
0.6695,-1.93473516031135
0.67,0.913006890423349
0.6705,2.50666237424885
0.671,0.642795508523302
0.6715,-2.10205640870023
0.672,-1.93506388569261
0.6725,0.911691993243377
0.673,2.50699109867419
0.6735,0.643781681499182
0.674,-2.10139895770553
0.6745,-1.93572133645579
0.675,0.911034544653224
0.6755,2.50666237424885
0.676,0.644110405824383
0.6765,-2.10107023220853
0.677,-1.93637878721987
0.6775,0.910048371767785
0.678,2.50699109867419
0.6785,0.645425303124724
0.679,-2.10041278121524
0.6795,-1.93670751260224
0.68,0.909719647472583
0.6805,2.50699109867419
0.681,0.646082751774617
0.6815,-2.10041278121524
0.682,-1.93802241413397
0.6825,0.909062198882094
0.683,2.50699109867419
0.6835,0.647068924749113
0.684,-2.09975533022289
0.6845,-1.93736496336766
0.685,0.908076025996152
0.6855,2.50731982309962
0.686,0.648055097723195
0.6865,-2.09909787923147
0.687,-1.93867986490117
0.6875,0.907418577405383
0.688,2.50699109867419
0.6885,0.648383822047797
0.689,-2.09844042824099
0.6895,-1.9390085902851
0.69,0.906432404519018
0.6905,2.50699109867419
0.691,0.649698719345746
0.6915,-2.09811170274611
0.692,-1.93966604105364
0.6925,0.9054462316324
0.693,2.50666237424885
0.6935,0.650356167994446
0.694,-2.09778297725145
0.6945,-1.93999476643825
0.695,0.90478878304118
0.6955,2.50666237424885
0.696,0.651342340967152
0.6965,-2.09745425175703
0.697,-1.94065221720813
0.6975,0.904131334449847
0.698,2.50731982309962
0.6985,0.651999789615395
0.699,-2.09712552626285
0.6995,-1.9413096679789
0.7,0.903145161562634
0.7005,2.50731982309962
0.701,0.652985962587416
0.7015,-2.09613934978169
0.702,-1.9413096679789
0.7025,0.902487712971017
0.703,2.50731982309962
0.7035,0.653314686911332
0.704,-2.09581062428845
0.7045,-1.94229584413674
0.705,0.901501540083377
0.7055,2.50699109867419
0.706,0.654300859882807
0.7065,-2.09548189879543
0.707,-1.94262456952314
0.7075,0.90117281578744
0.708,2.50764854752512
0.7085,0.655615757177469
0.709,-2.0948244478101
0.7095,-1.94328202029659
0.71,0.899857918603407
0.7105,2.50764854752512
0.711,0.655944481501022
0.7115,-2.09416699682571
0.712,-1.94361074568366
0.7125,0.899200470011219
0.713,2.50764854752512
0.7135,0.657259378794777
0.714,-2.09383827133387
0.7145,-1.94426819645845
0.715,0.898871745715081
0.7155,2.50764854752512
0.716,0.657916827441382
0.7165,-2.09350954584226
0.717,-1.94459692184619
0.7175,0.897885572826497
0.718,2.50764854752512
0.7185,0.658574276087807
0.719,-2.09318082035088
0.7195,-1.94525437262233
0.72,0.896570675641315
0.7205,2.50764854752512
0.721,0.659231724734051
0.7215,-2.09285209485973
0.722,-1.94591182339937
0.7225,0.896241951344948
0.723,2.50731982309962
0.7235,0.660217897703078
0.724,-2.09252336936883
0.7245,-1.9465692741773
0.725,0.895255778455671
0.7255,2.50797727195071
0.726,0.660875346348871
0.7265,-2.09186591838771
0.727,-1.9468979995666
0.7275,0.894269605566134
0.728,2.50764854752512
0.7285,0.661861519317223
0.729,-2.09120846740753
0.7295,-1.94755545034587
0.73,0.893612156972964
0.7305,2.50764854752512
0.731,0.662518967962565
0.7315,-2.09087974191779
0.732,-1.94854162651646
0.7325,0.892625984082991
0.733,2.50797727195071
0.7335,0.663176416607729
0.734,-2.09087974191779
0.7345,-1.94854162651646
0.735,0.891639811192756
0.7355,2.50764854752512
0.736,0.664162589575137
0.7365,-2.09022229093901
0.737,-1.94919907729798
0.7375,0.89098236259912
0.738,2.50764854752512
0.7385,0.665148762542141
0.739,-2.08956483996116
0.7395,-1.94952780268907
0.74,0.890324914005367
0.7405,2.50797727195071
0.741,0.666134935508743
0.7415,-2.08857866349615
0.742,-1.95018525347193
0.7425,0.889667465411496
0.743,2.50764854752512
0.7435,0.666134935508743
0.744,-2.08857866349615
0.7445,-1.95117142964789
0.745,0.888023843926306
0.7455,2.50797727195071
0.746,0.667121108474943
0.7465,-2.08792121252064
0.747,-1.95150015504033
0.7475,0.88769511962918
0.748,2.50797727195071
0.7485,0.668107281440742
0.749,-2.08759248703323
0.7495,-1.95182888043299
0.75,0.887037671034839
0.7505,2.50797727195071
0.751,0.668764730084385
0.7515,-2.08726376154606
0.752,-1.95215760582588
0.7525,0.886051498143105
0.753,2.50797727195071
0.7535,0.669750903049515
0.754,-2.08660631057242
0.7545,-1.95314378200588
0.755,0.885065325251106
0.7555,2.50731982309962
0.756,0.671065800335734
0.7565,-2.08562013411371
0.757,-1.95380123279367
0.7575,0.884736600953713
0.758,2.50797727195071
0.7585,0.671394524657178
0.759,-2.08562013411371
0.7595,-1.9541299581879
0.76,0.884079152358839
0.7605,2.50797727195071
0.761,0.672380697621244
0.7615,-2.08529140862794
0.762,-1.95511613437194
0.7625,0.883092979466305
0.763,2.50797727195071
0.7635,0.673038146263733
0.764,-2.0849626831424
0.7645,-1.95544485976707
0.765,0.882435530871133
0.7655,2.50830599637637
0.766,0.674024319227135
0.7665,-2.08430523217203
0.767,-1.95544485976707
0.7675,0.881449357978152
0.768,2.50830599637637
0.7685,0.674681767869183
0.769,-2.08397650668719
0.7695,-1.9564310359538
0.77,0.880791909382681
0.7705,2.50797727195071
0.771,0.675667940831923
0.7715,-2.08331905571822
0.772,-1.95675976134983
0.7725,0.879805736489251
0.773,2.50863472080212
0.7735,0.67632538947353
0.774,-2.08266160475018
0.7745,-1.95741721214255
0.775,0.87914828789348
0.7755,2.50830599637637
0.776,0.676982838114961
0.7765,-2.08299033023408
0.777,-1.95807466293618
0.7775,0.878490839297589
0.778,2.50830599637637
0.7785,0.678297735397296
0.779,-2.08200415378307
0.7795,-1.95840338833333
0.78,0.877175942105446
0.7805,2.50830599637637
0.781,0.678955184038201
0.7815,-2.08134670281689
0.782,-1.9590608391283
0.7825,0.876847217807335
0.783,2.50797727195071
0.7835,0.679941356999229
0.784,-2.08134670281689
0.7845,-1.95938956452612
0.785,0.876189769211022
0.7855,2.50863472080212
0.786,0.680927529959863
0.7865,-2.08036052636938
0.787,-1.95971828992417
0.7875,0.875203596316325
0.788,2.50863472080212
0.7885,0.681256254279987
0.789,-2.08036052636938
0.7895,-1.96037574072094
0.79,0.874874872018032
0.7905,2.50863472080212
0.791,0.682242427240098
0.7915,-2.07937434992396
0.792,-1.96103319151861
0.7925,0.873888699122971
0.793,2.50797727195071
0.7935,0.682899875879954
0.794,-2.07904562444262
0.7945,-1.96136191691779
0.795,0.872902526227636
0.7955,2.50896344522795
0.796,0.684214773159143
0.7965,-2.07871689896151
0.797,-1.9620193677168
0.7975,0.871916353332027
0.798,2.50863472080212
0.7985,0.684872221798478
0.799,-2.07773072251958
0.7995,-1.96267681851672
0.8,0.871258904734801
0.8005,2.50830599637637
0.801,0.685858394757153
0.8015,-2.07740199703941
0.802,-1.96267681851672
0.8025,0.869944007539982
0.803,2.50863472080212
0.8035,0.686515843396054
0.804,-2.07707327155947
0.8045,-1.96366299471829
0.805,0.869615283241201
0.8055,2.50863472080212
0.806,0.68750201635408
0.8065,-2.07641582060028
0.807,-1.96432044552046
0.8075,0.868957834643546
0.808,2.50896344522795
0.8085,0.687830740673336
0.809,-2.07608709512103
0.8095,-1.96464917092188
0.81,0.867971661746832
0.8105,2.50896344522795
0.811,0.688488189311717
0.8115,-2.07510091868469
0.812,-1.9653066217254
0.8125,0.867314213148869
0.813,2.50830599637637
0.8135,0.689474362268966
0.814,-2.07510091868469
0.8145,-1.9653066217254
0.815,0.866328040251693
0.8155,2.50863472080212
0.816,0.690789259544695
0.8165,-2.07477219320638
0.817,-1.96662152333513
0.8175,0.86567059165342
0.818,2.50830599637637
0.8185,0.691775432501041
0.819,-2.07411474225045
0.8195,-1.96662152333513
0.82,0.865013143055024
0.8205,2.50863472080212
0.821,0.692104156819737
0.8215,-2.0731285658183
0.822,-1.9676076995448
0.8225,0.863698245857859
0.823,2.50863472080212
0.8235,0.692761605457
0.824,-2.07378601677283
0.8245,-1.96793642494847
0.825,0.862712072959658
0.8255,2.50863472080212
0.826,0.693419054094092
0.8265,-2.0731285658183
0.827,-1.96826515035237
0.8275,0.862383348660195
0.828,2.50896344522795
0.8285,0.694405227049408
0.829,-2.07279984034138
0.8295,-1.96925132656542
0.83,0.86139717576162
0.8305,2.50929216965387
0.831,0.69539140000434
0.8315,-2.07247111486469
0.832,-1.96958005197022
0.8325,0.860739727162414
0.833,2.50896344522795
0.8335,0.696048848640748
0.834,-2.07148493843603
0.8345,-1.9702375027805
0.835,0.860082278563082
0.8355,2.50896344522795
0.836,0.69703502159504
0.8365,-2.07115621296027
0.837,-1.9702375027805
0.8375,0.859096105663849
0.838,2.50863472080212
0.8385,0.697692470231023
0.839,-2.07049876200945
0.8395,-1.97089495359168
0.84,0.858109932764332
0.8405,2.50863472080212
0.841,0.698349918866835
0.8415,-2.06984131105957
0.842,-1.97155240440376
0.8425,0.857452484164497
0.843,2.50863472080212
0.8435,0.699007367502477
0.844,-2.06951258558497
0.8445,-1.97220985521674
0.845,0.857123759864532
0.8455,2.50929216965387
0.846,0.699993540455622
0.8465,-2.06885513463648
0.847,-1.97220985521674
0.8475,0.856137586964448
0.848,2.50896344522795
0.8485,0.701308437725889
0.849,-2.06819768368891
0.8495,-1.9731960314379
0.85,0.855151414064079
0.8505,2.50962089407986
0.851,0.70262333499548
0.8515,-2.06852640916258
0.852,-1.9731960314379
0.8525,0.854165241163425
0.853,2.50929216965387
0.8535,0.70262333499548
0.854,-2.06786895821548
0.8545,-1.9741822076611
0.855,0.85350779256283
0.8555,2.50896344522795
0.856,0.703938232264396
0.8565,-2.06688278179657
0.857,-1.97451093306928
0.8575,0.852850343962108
0.858,2.50929216965387
0.8585,0.70426695658152
0.859,-2.06655405632407
0.8595,-1.97549710929519
0.86,0.852192895361258
0.8605,2.50896344522795
0.861,0.704924405215641
0.8615,-2.06622533085179
0.862,-1.97549710929519
0.8625,0.850877998159175
0.863,2.50896344522795
0.8635,0.705910578166508
0.864,-2.06556787990794
0.8645,-1.97648328552313
0.865,0.850549273858574
0.8655,2.50863472080212
0.866,0.706896751116997
0.8665,-2.06523915443636
0.867,-1.97714073634288
0.8675,0.849563100956579
0.868,2.50962089407986
0.8685,0.707225475433743
0.869,-2.06491042896502
0.8695,-1.9774694617531
0.87,0.848905652355089
0.8705,2.50929216965387
0.871,0.708540372700309
0.8715,-2.06425297802302
0.872,-1.97779818716354
0.8725,0.848248203753471
0.873,2.50929216965387
0.8735,0.709526545649795
0.874,-2.06359552708196
0.8745,-1.9784556379851
0.875,0.847262030850801
0.8755,2.50896344522795
0.876,0.709855269966206
0.8765,-2.06359552708196
0.877,-1.97878436339622
0.8775,0.846275857947841
0.878,2.50929216965387
0.8785,0.710841442915192
0.879,-2.06293807614182
0.8795,-1.97977053963094
0.88,0.845618409345707
0.8805,2.50962089407986
0.881,0.711170167231437
0.8815,-2.0622806252026
0.882,-1.98042799045521
0.8825,0.844960960743442
0.883,2.50994961850594
0.8835,0.712485064496002
0.884,-2.06195189973335
0.8845,-1.98042799045521
0.885,0.843974787839803
0.8855,2.50962089407986
0.886,0.71347123744399
0.8865,-2.06162317426432
0.887,-1.98108544128039
0.8875,0.842988614935871
0.888,2.50962089407986
0.8885,0.714128686075775
0.889,-2.06096572332696
0.8895,-1.98174289210648
0.89,0.842331166333087
0.8905,2.50962089407986
0.891,0.715114859023141
0.8915,-2.06063699785863
0.892,-1.98207161751986
0.8925,0.841344993428666
0.893,2.50962089407986
0.8935,0.715772307654513
0.894,-2.05997954692266
0.8945,-1.9827290683473
0.895,0.841016269127127
0.8955,2.50962089407986
0.896,0.71675848060126
0.8965,-2.05932209598762
0.897,-1.98338651917565
0.8975,0.840030096222315
0.898,2.50929216965387
0.8985,0.717415929232219
0.899,-2.05932209598762
0.8995,-1.9840439700049
0.9,0.839372647618943
0.9005,2.50994961850594
0.901,0.718073377863013
0.9015,-2.05800719412031
0.902,-1.98371524459016
0.9025,0.838386474713638
0.903,2.50962089407986
0.9035,0.719388275124108
0.904,-2.05800719412031
0.9045,-1.98437269541986
0.905,0.837400301808038
0.9055,2.50962089407986
0.906,0.720374448069499
0.9065,-2.05734974318805
0.907,-1.98535887166612
0.9075,0.837400301808038
0.908,2.51027834293209
0.9085,0.721031896699555
0.909,-2.05734974318805
0.9095,-1.98535887166612
0.91,0.83608540460011
0.9105,2.51027834293209
0.911,0.721689345329446
0.9115,-2.05636356679139
0.912,-1.98601632249809
0.9125,0.835099231693818
0.913,2.50994961850594
0.9135,0.722346793959175
0.914,-2.0560348413263
0.9145,-1.98634504791441
0.915,0.834441783089457
0.9155,2.51027834293209
0.916,0.723332966903461
0.9165,-2.05504866493241
0.917,-1.98700249874774
0.9175,0.833455610182668
0.918,2.51027834293209
0.9185,0.724319139847381
0.919,-2.05537739039681
0.9195,-1.98765994958198
0.92,0.832798161577976
0.9205,2.50994961850594
0.921,0.724976588476457
0.9215,-2.05439121400431
0.922,-1.98864612583503
0.9225,0.832140712973151
0.923,2.50994961850594
0.9235,0.725634037105371
0.924,-2.05406248854061
0.9245,-1.98864612583503
0.925,0.831154540065663
0.9255,2.50994961850594
0.926,0.726291485734123
0.9265,-2.05406248854061
0.927,-1.98897485125317
0.9275,0.830497091460505
0.928,2.51027834293209
0.9285,0.727935107305292
0.929,-2.05274758668811
0.9295,-1.98963230209013
0.93,0.829510918552516
0.9305,2.51027834293209
0.931,0.728592555933476
0.9315,-2.05274758668811
0.932,-1.99028975292799
0.9325,0.828524745644227
0.933,2.51027834293209
0.9335,0.728921280247508
0.934,-2.05176141030116
0.9345,-1.99094720376676
0.935,0.827867297038533
0.9355,2.51027834293209
0.936,0.729907453189361
0.9365,-2.05209013576324
0.937,-1.99127592918648
0.9375,0.82688112412974
0.938,2.51027834293209
0.9385,0.730893626130851
0.939,-2.05110395937768
0.9395,-1.99226210544702
0.94,0.826223675523709
0.9405,2.51027834293209
0.941,0.731551074758309
0.9415,-2.05077523391629
0.942,-1.99193338002662
0.9425,0.825237502614411
0.943,2.51027834293209
0.9435,0.732537247699196
0.944,-2.0501177829942
0.9445,-1.99259083086765
0.945,0.825237502614411
0.9455,2.50994961850594
0.946,0.732865972012745
0.9465,-2.04946033207303
0.947,-1.99357700713092
0.9475,0.823593881098239
0.948,2.51027834293209
0.9485,0.73385214495315
0.949,-2.04913160661279
0.9495,-1.99357700713092
0.95,0.822936432491532
0.9505,2.51027834293209
0.951,0.734838317893195
0.9515,-2.04847415569301
0.952,-1.99423445797423
0.9525,0.822936432491532
0.953,2.51027834293209
0.9535,0.735824490832881
0.954,-2.04814543023347
0.9545,-1.99489190881844
0.955,0.821950259581219
0.9555,2.51027834293209
0.956,0.736481939459138
0.9565,-2.04781670477415
0.957,-1.99522063424089
0.9575,0.820635362366992
0.958,2.51027834293209
0.9585,0.737468112398225
0.959,-2.04748797931507
0.9595,-1.99587808508647
0.96,0.820306638063349
0.9605,2.51060706735833
0.961,0.738125561024085
0.9615,-2.0468305283976
0.962,-1.99620681050961
0.9625,0.818663016544627
0.963,2.51060706735833
0.9635,0.739111733962576
0.964,-2.0465018029392
0.9645,-1.99686426135655
0.965,0.81833429224078
0.9655,2.51027834293209
0.966,0.739769182588038
0.9665,-2.04584435202311
0.967,-1.99785043762867
0.9675,0.817348119329034
0.968,2.51027834293209
0.9685,0.740426631213341
0.969,-2.04518690110795
0.9695,-1.9975217122044
0.97,0.81701939502505
0.9705,2.51027834293209
0.971,0.741412804151
0.9715,-2.04485817565071
0.972,-1.99850788847789
0.9725,0.81570449780877
0.973,2.51027834293209
0.9735,0.742070252775908
0.974,-2.04420072473692
0.9745,-1.99883661390284
0.975,0.814718324896199
0.9755,2.51027834293209
0.976,0.742727701400658
0.9765,-2.04387199928038
0.977,-1.99949406475342
0.9775,0.814389600591939
0.978,2.51027834293209
0.9785,0.744042598649686
0.979,-2.04354327382406
0.9795,-1.99949406475342
0.98,0.813403427678954
0.9805,2.51027834293209
0.981,0.744700047273964
0.9815,-2.04288582291212
0.982,-2.00080896645731
0.9825,0.812417254765658
0.983,2.51093579178465
0.9835,0.745357495898084
0.984,-2.0422283720011
0.9845,-2.00113769188386
0.985,0.81175980615662
0.9855,2.51027834293209
0.986,0.746014944522048
0.9865,-2.04157092109101
0.987,-2.00179514273762
0.9875,0.811102357547444
0.988,2.51027834293209
0.9885,0.746672393145855
0.989,-2.04091347018183
0.9895,-2.00212386816485
0.99,0.810444908938129
0.9905,2.50994961850594
0.991,0.747987290392998
0.9915,-2.04058474472759
0.992,-2.0024525935923
0.9925,0.809787460328674
0.993,2.51027834293209
0.9935,0.748644739016336
0.994,-2.04025601927358
0.9945,-2.00311004444789
0.995,0.808472563109348
0.9955,2.51027834293209
0.996,0.748973463327946
0.9965,-2.04025601927358
0.997,-2.00343876987602
0.9975,0.807815114499475
0.998,2.51027834293209
0.9985,0.750288360573997
0.999,-2.03926984291292
0.9995,-2.00376749530439
1,0.806828941584403
1.0005,2.50994961850594
1.001,0.750945809196789
1.0015,-2.03894111745983
1.002,-2.00508239702012
1.0025,0.805842768669016
1.003,2.51060706735833
1.0035,0.751603257819425
1.004,-2.03861239200697
1.0045,-2.00541112244962
1.005,0.805514044363817
1.0055,2.50994961850594
1.006,0.752589430753089
1.0065,-2.03795494110194
1.007,-2.00573984787935
1.0075,0.804527871448009
1.008,2.50962089407986
1.0085,0.753575603686404
1.009,-2.03762621564977
1.0095,-2.00639729873949
1.01,0.803541698531885
1.0105,2.51027834293209
1.011,0.754233052308421
1.0115,-2.03696876474612
1.012,-2.00672602416991
1.0125,0.802884249920959
1.013,2.50994961850594
1.0135,0.754890500930283
1.014,-2.03664003929464
1.0145,-2.00738347503142
1.015,0.801569352698683
1.0155,2.51027834293209
1.016,0.755876673862786
1.0165,-2.03631131384339
1.017,-2.00771220046252
1.0175,0.801240628393025
1.018,2.51027834293209
1.0185,0.756862846794943
1.019,-2.03499641204069
1.0195,-2.0083696513254
1.02,0.80025445547584
1.0205,2.50994961850594
1.021,0.757520295416189
1.0215,-2.03532513749102
1.022,-2.00869837675718
1.0225,0.799597006864207
1.023,2.51027834293209
1.0235,0.758506468347769
1.024,-2.03466768659059
1.0245,-2.00902710218919
1.025,0.798610833946489
1.0255,2.51060706735833
1.026,0.759163916968631
1.0265,-2.03368151024166
1.027,-2.00902710218919
1.0275,0.7979533853345
1.028,2.51027834293209
1.0285,0.75982136558934
1.029,-2.03335278479248
1.0295,-2.01034200391951
1.03,0.797295936722368
1.0305,2.51027834293209
1.031,0.761136262830298
1.0315,-2.03302405934353
1.032,-2.01099945478604
1.0325,0.796638488110093
1.033,2.51060706735833
1.0335,0.761793711450548
1.034,-2.03269533389481
1.0345,-2.01099945478604
1.035,0.795323590885115
1.0355,2.51093579178465
1.036,0.762779884380638
1.0365,-2.03170915755002
1.037,-2.01165690565349
1.0375,0.794666142272411
1.038,2.51060706735833
1.0385,0.763437333000507
1.039,-2.03170915755002
1.0395,-2.01231435652184
1.04,0.794008693659563
1.0405,2.50994961850594
1.041,0.764423505930026
1.0415,-2.03105170665465
1.042,-2.01264308195636
1.0425,0.793351245046572
1.043,2.51027834293209
1.0435,0.76475223023979
1.044,-2.03039425576019
1.0445,-2.01330053282609
1.045,0.792036347820158
1.0455,2.51027834293209
1.046,0.765409678859204
1.0465,-2.02973680486665
1.047,-2.01428670913239
1.0475,0.791707623513465
1.048,2.51093579178465
1.0485,0.766724576097577
1.049,-2.02940807942022
1.0495,-2.01428670913239
1.05,0.790721450593167
1.0505,2.51027834293209
1.051,0.767382024716537
1.0515,-2.02907935397403
1.052,-2.01461543456828
1.0525,0.789735277672545
1.053,2.51027834293209
1.0535,0.768368197644694
1.054,-2.02875062852806
1.0545,-2.01593033631413
1.055,0.789077829058616
1.0555,2.51060706735833
1.056,0.769354370572512
1.0565,-2.02776445219154
1.057,-2.01560161087733
1.0575,0.788420380444542
1.058,2.51027834293209
1.0585,0.769683094881709
1.059,-2.02710700130167
1.0595,-2.01625906175117
1.06,0.787762931830323
1.0605,2.50994961850594
1.061,0.770997992118123
1.0615,-2.02710700130167
1.062,-2.01691651262592
1.0625,0.786776758908721
1.063,2.51027834293209
1.0635,0.771326716427133
1.064,-2.02644955041272
1.0645,-2.01691651262592
1.065,0.785790585986792
1.0655,2.50994961850594
1.066,0.77198416504504
1.0665,-2.02612082496859
1.067,-2.01790268893977
1.0675,0.78513313737199
1.068,2.50994961850594
1.0685,0.773299062280405
1.069,-2.02546337408101
1.0695,-2.01823141437817
1.07,0.784146964449513
1.0705,2.51027834293209
1.071,0.773627786589153
1.0715,-2.02546337408101
1.072,-2.01888886525567
1.0725,0.783160791526708
1.073,2.51027834293209
1.0735,0.774613959515174
1.074,-2.02480592319436
1.0745,-2.01921759069476
1.075,0.782503342911321
1.0755,2.51027834293209
1.076,0.775600132440858
1.0765,-2.02447719775137
1.077,-2.01987504157363
1.0775,0.781845894295787
1.078,2.51027834293209
1.0785,0.776257581057796
1.079,-2.02381974686609
1.0795,-2.02053249245342
1.08,0.781188445680106
1.0805,2.51027834293209
1.081,0.776915029674585
1.0815,-2.02283357053988
1.082,-2.02086121789366
1.0825,0.780202272756308
1.083,2.51027834293209
1.0835,0.778229926907718
1.084,-2.02316229598172
1.0845,-2.02118994333412
1.085,0.779216099832179
1.0855,2.50994961850594
1.086,0.778887375524063
1.0865,-2.02217611965689
1.087,-2.02184739421574
1.0875,0.778887375524063
1.088,2.51027834293209
1.0885,0.779216099832179
1.089,-2.02151866877482
1.0895,-2.02250484509827
1.09,0.77790120259949
1.0905,2.51060706735833
1.091,0.780530997064278
1.0915,-2.02086121789366
1.092,-2.02283357053988
1.0925,0.776915029674585
1.093,2.51027834293209
1.0935,0.781517169987964
1.094,-2.02053249245342
1.0945,-2.02316229598172
1.095,0.776257581057796
1.0955,2.51027834293209
1.096,0.782174618603572
1.0965,-2.02020376701341
1.097,-2.02381974686609
1.0975,0.775600132440858
1.098,2.51027834293209
1.0985,0.782832067219032
1.099,-2.01921759069476
1.0995,-2.02447719775137
1.1,0.774613959515174
1.1005,2.51027834293209
1.101,0.783489515834346
1.1015,-2.01888886525567
1.102,-2.02480592319436
1.1025,0.773627786589153
1.103,2.51060706735833
1.1035,0.784475688757042
1.104,-2.01888886525567
1.1045,-2.02579209952469
1.105,0.773299062280405
1.1055,2.51027834293209
1.106,0.78513313737199
1.1065,-2.01790268893977
1.107,-2.02612082496859
1.1075,0.772312889353937
1.108,2.51027834293209
1.1085,0.786119310294138
1.109,-2.01757396350159
1.1095,-2.02644955041272
1.11,0.771655440736105
1.1105,2.51060706735833
1.111,0.787434207523158
1.1115,-2.01691651262592
1.112,-2.02710700130167
1.1125,0.770669267809076
1.113,2.51060706735833
1.1135,0.787434207523158
1.114,-2.01625906175117
1.1145,-2.02776445219154
1.115,0.770011819190869
1.1155,2.50994961850594
1.116,0.788420380444542
1.1165,-2.01593033631413
1.117,-2.02809317763682
1.1175,0.768696921954004
1.118,2.51027834293209
1.1185,0.788749104751597
1.119,-2.01560161087733
1.1195,-2.02842190308232
1.12,0.768039473335346
1.1205,2.50994961850594
1.121,0.790064001979455
1.1215,-2.0149441600044
1.122,-2.02907935397403
1.1225,0.767053300407076
1.123,2.51027834293209
1.1235,0.790721450593167
1.124,-2.01461543456828
1.1245,-2.02940807942022
1.125,0.766067127478466
1.1255,2.51060706735833
1.126,0.791707623513465
1.1265,-2.01428670913239
1.127,-2.0300655303133
1.1275,0.765409678859204
1.128,2.51027834293209
1.1285,0.792693796433437
1.129,-2.01330053282609
1.1295,-2.03039425576019
1.13,0.76475223023979
1.1305,2.51060706735833
1.131,0.793351245046572
1.1315,-2.01330053282609
1.132,-2.03039425576019
1.1325,0.764423505930026
1.133,2.51093579178465
1.1335,0.794008693659563
1.134,-2.01264308195636
1.1345,-2.03138043210222
1.135,0.763437333000507
1.1355,2.51060706735833
1.136,0.795323590885115
1.1365,-2.01198563108755
1.137,-2.03203788299805
1.1375,0.762451160070646
1.138,2.51060706735833
1.1385,0.795981039497675
1.139,-2.01099945478604
1.1395,-2.03203788299805
1.14,0.761793711450548
1.1405,2.51060706735833
1.141,0.796638488110093
1.1415,-2.01099945478604
1.142,-2.03236660844632
1.1425,0.760807538520116
1.143,2.51060706735833
1.1435,0.797295936722368
1.144,-2.01001327848659
1.1445,-2.03335278479248
1.145,0.760150089899637
1.1455,2.51060706735833
1.146,0.797624661028452
1.1465,-2.0096845530539
1.147,-2.03368151024166
1.1475,0.758835192658219
1.148,2.51060706735833
1.1485,0.799268282558336
1.149,-2.00935582762143
1.1495,-2.03401023569107
1.15,0.757849019726754
1.1505,2.51027834293209
1.151,0.799925731170041
1.1515,-2.0083696513254
1.152,-2.03499641204069
1.1525,0.757191571105585
1.153,2.50994961850594
1.1535,0.800583179781604
1.154,-2.0083696513254
1.1545,-2.03499641204069
1.155,0.756862846794943
1.1555,2.51027834293209
1.156,0.801240628393025
1.1565,-2.0083696513254
1.157,-2.03565386294158
1.1575,0.75554794955199
1.158,2.51027834293209
1.1585,0.802226801309891
1.159,-2.00705474960055
1.1595,-2.03631131384339
1.16,0.755219225241156
1.1605,2.51093579178465
1.161,0.803212974226439
1.1615,-2.00672602416991
1.162,-2.03664003929464
1.1625,0.754233052308421
1.163,2.51027834293209
1.1635,0.803870422837295
1.164,-2.00639729873949
1.1645,-2.03696876474612
1.165,0.753246879375338
1.1655,2.51060706735833
1.166,0.804856595753314
1.1665,-2.00573984787935
1.167,-2.03795494110194
1.1675,0.752589430753089
1.168,2.51060706735833
1.1685,0.805514044363817
1.169,-2.00541112244962
1.1695,-2.03795494110194
1.17,0.751603257819425
1.1705,2.51060706735833
1.171,0.806500217279309
1.1715,-2.00475367159084
1.172,-2.03861239200697
1.1725,0.750945809196789
1.173,2.51060706735833
1.1735,0.807157665889462
1.174,-2.0044249461618
1.1745,-2.03926984291292
1.175,0.749959636262543
1.1755,2.51060706735833
1.176,0.808143838804429
1.1765,-2.00343876987602
1.177,-2.0399272938198
1.1775,0.748973463327946
1.178,2.51060706735833
1.1785,0.809458736023895
1.179,-2.00343876987602
1.1795,-2.04025601927358
1.18,0.748316014704687
1.1805,2.51060706735833
1.181,0.809787460328674
1.1815,-2.00278131901998
1.182,-2.04058474472759
1.1825,0.747658566081271
1.183,2.51093579178465
1.1835,0.810116184633419
1.184,-2.00278131901998
1.1845,-2.0412421956363
1.185,0.746672393145855
1.1855,2.51060706735833
1.186,0.811102357547444
1.1865,-2.00179514273762
1.187,-2.04157092109101
1.1875,0.746014944522048
1.188,2.50994961850594
1.1885,0.81175980615662
1.189,-2.00146641731062
1.1895,-2.0425570974565
1.19,0.745028771586044
1.1905,2.50994961850594
1.191,0.813074703374557
1.1915,-2.00080896645731
1.192,-2.04321454836798
1.1925,0.744371322961845
1.193,2.51060706735833
1.1935,0.813732151983317
1.194,-2.00015151560491
1.1945,-2.04321454836798
1.195,0.743385150025251
1.1955,2.51060706735833
1.196,0.814389600591939
1.1965,-1.99982279017905
1.197,-2.04387199928038
1.1975,0.743056425712974
1.198,2.51060706735833
1.1985,0.81570449780877
1.199,-1.99916533932802
1.1995,-2.04420072473692
1.2,0.741741528463474
1.2005,2.51027834293209
1.201,0.816361946416979
1.2015,-1.99817916305317
1.202,-2.0445294501937
1.2025,0.741084079838487
1.203,2.51060706735833
1.2035,0.81701939502505
1.204,-1.99817916305317
1.2045,-2.04518690110795
1.205,0.740097906900709
1.2055,2.51027834293209
1.206,0.817676843632984
1.2065,-1.9975217122044
1.207,-2.04551562656542
1.2075,0.739769182588038
1.208,2.51027834293209
1.2085,0.81899174084844
1.209,-1.99719298678036
1.2095,-2.04584435202311
1.21,0.738454285336955
1.2105,2.50994961850594
1.211,0.819649189455963
1.2115,-1.99686426135655
1.212,-2.0465018029392
1.2125,0.737468112398225
1.213,2.51060706735833
1.2135,0.819977913759673
1.214,-1.99620681050961
1.2145,-2.04715925385622
1.215,0.736810663772207
1.2155,2.50994961850594
1.216,0.820964086670599
1.2165,-1.99587808508647
1.217,-2.04748797931507
1.2175,0.736153215146029
1.218,2.51060706735833
1.2185,0.821621535277713
1.219,-1.99522063424089
1.2195,-2.04814543023347
1.22,0.735167042206464
1.2205,2.51027834293209
1.221,0.822278983884691
1.2215,-1.99456318339622
1.222,-2.04847415569301
1.2225,0.734180869266539
1.223,2.51060706735833
1.2235,0.823265156794903
1.224,-1.99423445797423
1.2245,-2.04946033207303
1.225,0.733523420639722
1.2255,2.51027834293209
1.226,0.823922605401541
1.2265,-1.9932482817096
1.227,-2.04913160661279
1.2275,0.733194696326253
1.228,2.51060706735833
1.2285,0.824908778311244
1.229,-1.99291955628851
1.2295,-2.0501177829942
1.23,0.732537247699196
1.2305,2.50994961850594
1.231,0.825237502614411
1.2315,-1.99259083086765
1.232,-2.0501177829942
1.2325,0.731551074758309
1.233,2.51027834293209
1.2335,0.826223675523709
1.234,-1.99226210544702
1.2345,-2.05044650845513
1.235,0.730564901817061
1.2355,2.50994961850594
1.236,0.827209848432704
1.2365,-1.99127592918648
1.237,-2.05143268483931
1.2375,0.72957872887545
1.238,2.50994961850594
1.2385,0.827867297038533
1.239,-1.99094720376676
1.2395,-2.05176141030116
1.24,0.728263831619404
1.2405,2.50994961850594
1.241,0.828524745644227
1.2415,-1.99061847834726
1.242,-2.05209013576324
1.2425,0.727606382991139
1.243,2.51027834293209
1.2435,0.829839642855213
1.244,-1.98996102750894
1.2445,-2.05274758668811
1.245,0.727277658676946
1.2455,2.51027834293209
1.246,0.830497091460505
1.2465,-1.98930357667153
1.247,-2.0534050376139
1.2475,0.726291485734123
1.248,2.51027834293209
1.2485,0.831483264368192
1.249,-1.98864612583503
1.2495,-2.05406248854061
1.25,0.725962761419767
1.2505,2.51027834293209
1.251,0.832140712973151
1.2515,-1.98798867499944
1.252,-2.05439121400431
1.2525,0.724976588476457
1.253,2.50962089407986
1.2535,0.832798161577976
1.254,-1.98798867499944
1.2545,-2.05504866493241
1.255,0.723990415532782
1.2555,2.50962089407986
1.256,0.833455610182668
1.2565,-1.98733122416475
1.257,-2.05537739039681
1.2575,0.72300424258874
1.258,2.50962089407986
1.2585,0.834441783089457
1.259,-1.98733122416475
1.2595,-2.05636356679139
1.26,0.722018069644331
1.2605,2.50994961850594
1.261,0.835756680298046
1.2615,-1.98634504791441
1.262,-2.05669229225671
1.2625,0.721360621014521
1.263,2.50994961850594
1.2635,0.835756680298046
1.264,-1.98634504791441
1.2645,-2.05636356679139
1.265,0.720703172384547
1.2655,2.50962089407986
1.266,0.837071577506106
1.2665,-1.98535887166612
1.267,-2.05702101772226
1.2675,0.71971699943928
1.268,2.50994961850594
1.2685,0.837400301808038
1.269,-1.98535887166612
1.2695,-2.05800719412031
1.27,0.719059550808896
1.2705,2.50962089407986
1.271,0.838715199015439
1.2715,-1.9840439700049
1.272,-2.0586646450535
1.2725,0.717744653547637
1.273,2.51027834293209
1.2735,0.839372647618943
1.274,-1.9840439700049
1.2745,-2.05833591958679
1.275,0.717744653547637
1.2755,2.50962089407986
1.276,0.840030096222315
1.2765,-1.98305779376136
1.277,-2.05965082145502
1.2775,0.716429756285719
1.278,2.50994961850594
1.2785,0.841016269127127
1.279,-1.98338651917565
1.2795,-2.05965082145502
1.28,0.715772307654513
1.2805,2.50994961850594
1.281,0.842002442031646
1.2815,-1.98207161751986
1.282,-2.06030827239053
1.2825,0.715443583338848
1.283,2.50962089407986
1.2835,0.842659890634495
1.284,-1.98141416669332
1.2845,-2.05997954692266
1.285,0.714128686075775
1.2855,2.50994961850594
1.286,0.843974787839803
1.2865,-1.98108544128039
1.287,-2.06129444879552
1.2875,0.713799961759903
1.288,2.50994961850594
1.2885,0.844303512141048
1.289,-1.98042799045521
1.2895,-2.06129444879552
1.29,0.712813788812039
1.2905,2.51027834293209
1.291,0.845289685044591
1.2915,-1.98009926504296
1.292,-2.0622806252026
1.2925,0.712156340179923
1.293,2.51060706735833
1.2935,0.846275857947841
1.294,-1.97911308880757
1.2945,-2.0622806252026
1.295,0.711170167231437
1.2955,2.50994961850594
1.296,0.846933306549847
1.2965,-1.9784556379851
1.297,-2.0622806252026
1.2975,0.710512718598905
1.298,2.50962089407986
1.2985,0.847919479452613
1.299,-1.9784556379851
1.2995,-2.06359552708196
1.3,0.709197821333341
1.3005,2.50994961850594
1.301,0.848905652355089
1.3015,-1.97779818716354
1.302,-2.06359552708196
1.3025,0.708869097016846
1.303,2.50994961850594
1.3035,0.849563100956579
1.304,-1.97681201093289
1.3045,-2.06425297802302
1.305,0.70788292406711
1.3055,2.50994961850594
1.306,0.850220549557941
1.3065,-1.97681201093289
1.307,-2.06523915443636
1.3075,0.706896751116997
1.308,2.50962089407986
1.3085,0.851206722459743
1.309,-1.97648328552313
1.3095,-2.06556787990794
1.31,0.705910578166508
1.3105,2.50929216965387
1.311,0.85153544676028
1.3115,-1.97549710929519
1.312,-2.06589660537975
1.3125,0.705253129532639
1.313,2.50962089407986
1.3135,0.852850343962108
1.314,-1.97516838388633
1.3145,-2.06589660537975
1.315,0.704924405215641
1.3155,2.50962089407986
1.316,0.85350779256283
1.3165,-1.97451093306928
1.317,-2.06688278179657
1.3175,0.703938232264396
1.318,2.50994961850594
1.3185,0.854165241163425
1.319,-1.97385348225314
1.3195,-2.06786895821548
1.32,0.702952059312772
1.3205,2.50994961850594
1.321,0.855151414064079
1.3215,-1.97385348225314
1.322,-2.06721150726931
1.3225,0.702294610678145
1.323,2.50994961850594
1.3235,0.856137586964448
1.324,-1.97352475684541
1.3245,-2.06786895821548
1.325,0.701308437725889
1.3255,2.50994961850594
1.326,0.856466311264508
1.3265,-1.97220985521674
1.327,-2.06852640916258
1.3275,0.70065098909084
1.328,2.50962089407986
1.3285,0.857123759864532
1.329,-1.97220985521674
1.3295,-2.06951258558497
1.33,0.699664816137949
1.3305,2.50962089407986
1.331,0.858109932764332
1.3315,-1.9712236789976
1.332,-2.06951258558497
1.3325,0.699007367502477
1.333,2.50994961850594
1.3335,0.859096105663849
1.334,-1.97056622818597
1.3345,-2.07017003653439
1.335,0.698349918866835
1.3355,2.50929216965387
1.336,0.859753554263369
1.3365,-1.97056622818597
1.337,-2.07049876200945
1.3375,0.697363745913053
1.338,2.50962089407986
1.3385,0.861068451462033
1.339,-1.96990877737525
1.3395,-2.07115621296027
1.34,0.696706297276986
1.3405,2.50962089407986
1.341,0.862383348660195
1.3415,-1.96925132656542
1.342,-2.07148493843603
1.3425,0.69539140000434
1.343,2.50994961850594
1.3435,0.862383348660195
1.344,-1.96925132656542
1.3445,-2.07181366391202
1.345,0.695062675686072
1.3455,2.50962089407986
1.346,0.86336952155849
1.3465,-1.96793642494847
1.347,-2.07214238938824
1.3475,0.694405227049408
1.348,2.50929216965387
1.3485,0.863698245857859
1.349,-1.9676076995448
1.3495,-2.07279984034138
1.35,0.693090329775567
1.3505,2.50962089407986
1.351,0.865013143055024
1.3515,-1.96727897414135
1.352,-2.0731285658183
1.3525,0.69243288113839
1.353,2.50929216965387
1.3535,0.86567059165342
1.354,-1.96629279793236
1.3545,-2.07345729129545
1.355,0.691775432501041
1.3555,2.51027834293209
1.356,0.866656764550782
1.3565,-1.96596407252981
1.357,-2.07411474225045
1.3575,0.691446708182302
1.358,2.50929216965387
1.3585,0.866985488849841
1.359,-1.96563534712749
1.3595,-2.07477219320638
1.36,0.690131810906917
1.3605,2.50929216965387
1.361,0.868300386045767
1.3615,-1.96464917092188
1.362,-2.07510091868469
1.3625,0.689145637949926
1.363,2.50929216965387
1.3635,0.868957834643546
1.364,-1.96464917092188
1.3645,-2.07575836964202
1.365,0.688488189311717
1.3655,2.50896344522795
1.366,0.869286558942388
1.3665,-1.96399172011926
1.367,-2.07608709512103
1.3675,0.687830740673336
1.368,2.50962089407986
1.3685,0.870272731838733
1.369,-1.96366299471829
1.3695,-2.07641582060028
1.37,0.686844567715439
1.3705,2.50962089407986
1.371,0.871258904734801
1.3715,-1.96300554391702
1.372,-2.07674454607975
1.3725,0.685529670437638
1.373,2.50896344522795
1.3735,0.872245077630594
1.374,-1.96234809311665
1.3745,-2.07773072251958
1.375,0.68520094611808
1.3755,2.50929216965387
1.376,0.872902526227636
1.3765,-1.96169064231718
1.377,-2.07773072251958
1.3775,0.684214773159143
1.378,2.50929216965387
1.3785,0.873888699122971
1.379,-1.96136191691779
1.3795,-2.07838817348064
1.38,0.682899875879954
1.3805,2.50896344522795
1.381,0.874217423421355
1.3815,-1.96103319151861
1.382,-2.07937434992396
1.3825,0.682571151560048
1.383,2.50863472080212
1.3835,0.875203596316325
1.384,-1.96070446611967
1.3845,-2.07970307540553
1.385,0.681584978600068
1.3855,2.50863472080212
1.386,0.87586104491282
1.3865,-1.96004701532245
1.387,-2.08003180088734
1.3875,0.680927529959863
1.388,2.50863472080212
1.3885,0.876847217807335
1.389,-1.9590608391283
1.3895,-2.08101797733416
1.39,0.679941356999229
1.3905,2.50896344522795
1.391,0.877504666403528
1.3915,-1.9587321137307
1.392,-2.08101797733416
1.3925,0.67862645971777
1.393,2.50863472080212
1.3935,0.878162114999599
1.394,-1.95840338833333
1.3945,-2.08134670281689
1.395,0.678297735397296
1.3955,2.50896344522795
1.396,0.87881956359555
1.3965,-1.95741721214255
1.397,-2.08200415378307
1.3975,0.677640286756217
1.398,2.50863472080212
1.3985,0.87947701219138
1.399,-1.95708848674608
1.3995,-2.08299033023408
1.4,0.676654113794268
1.4005,2.50863472080212
1.401,0.880463185084901
1.4015,-1.95675976134983
1.402,-2.08331905571822
1.4025,0.675667940831923
1.403,2.50896344522795
1.4035,0.881120633680431
1.404,-1.956102310558
1.4045,-2.08364778120259
1.405,0.67501049219014
1.4055,2.50830599637637
1.406,0.882106806573503
1.4065,-1.95577358516242
1.407,-2.08364778120259
1.4075,0.674353043548181
1.408,2.50863472080212
1.4085,0.883092979466305
1.409,-1.95478740897703
1.4095,-2.08397650668719
1.41,0.673695594906045
1.4105,2.50830599637637
1.411,0.883750428061358
1.4115,-1.95445868358235
1.412,-2.08529140862794
1.4125,0.67270942194251
1.413,2.50830599637637
1.4135,0.884407876656291
1.414,-1.9541299581879
1.4145,-2.08562013411371
1.415,0.671394524657178
1.4155,2.50830599637637
1.416,0.885722773845802
1.4165,-1.95314378200588
1.417,-2.08529140862794
1.4175,0.670737076014246
1.418,2.50830599637637
1.4185,0.886051498143105
1.419,-1.95314378200588
1.4195,-2.08627758508595
1.42,0.669750903049515
1.4205,2.50830599637637
1.421,0.887037671034839
1.4215,-1.95248633121899
1.422,-2.08693503605912
1.4225,0.669750903049515
1.423,2.50830599637637
1.4235,0.88769511962918
1.424,-1.95150015504033
1.4245,-2.08759248703323
1.425,0.668764730084385
1.4255,2.50863472080212
1.426,0.888352568223403
1.4265,-1.95150015504033
1.427,-2.08726376154606
1.4275,0.667449832796921
1.428,2.50830599637637
1.4285,0.889338741114517
1.429,-1.95084270425568
1.4295,-2.08857866349615
1.43,0.666792384152921
1.4305,2.50830599637637
1.431,0.890324914005367
1.4315,-1.95051397886369
1.432,-2.08857866349615
1.4325,0.666134935508743
1.433,2.50764854752512
1.4335,0.89098236259912
1.434,-1.94985652808038
1.4345,-2.08890738898425
1.435,0.664820038219851
1.4355,2.50830599637637
1.436,0.891639811192756
1.4365,-1.94919907729798
1.437,-2.08956483996116
1.4375,0.664491313897516
1.438,2.50764854752512
1.4385,0.892625984082991
1.439,-1.94887035190711
1.4395,-2.08989356544997
1.44,0.663833865252712
1.4405,2.50797727195071
1.441,0.893283432676336
1.4415,-1.94887035190711
1.442,-2.09022229093901
1.4425,0.662847692285169
1.443,2.50764854752512
1.4435,0.893940881269564
1.444,-1.94722672495612
1.4445,-2.09120846740753
1.445,0.661861519317223
1.4455,2.50797727195071
1.446,0.894927054159188
1.4465,-1.9468979995666
1.447,-2.09087974191779
1.4475,0.660875346348871
1.448,2.50731982309962
1.4485,0.895255778455671
1.449,-1.9468979995666
1.4495,-2.09252336936883
1.45,0.660217897703078
1.4505,2.50764854752512
1.451,0.896241951344948
1.4515,-1.94624054878822
1.452,-2.09219464387815
1.4525,0.659560449057105
1.453,2.50731982309962
1.4535,0.896570675641315
1.454,-1.94624054878822
1.4545,-2.09285209485973
1.455,0.658574276087807
1.4555,2.50764854752512
1.456,0.897885572826497
1.4565,-1.94525437262233
1.457,-2.09383827133387
1.4575,0.656930654471406
1.458,2.50731982309962
1.4585,0.898871745715081
1.459,-1.94459692184619
1.4595,-2.09449572231779
1.46,0.656930654471406
1.4605,2.50731982309962
1.461,0.899200470011219
1.4615,-1.94393947107094
1.462,-2.09449572231779
1.4625,0.655944481501022
1.463,2.50797727195071
1.4635,0.900186642899458
1.464,-1.94361074568366
1.4645,-2.09515317330265
1.465,0.654958308530229
1.4655,2.50731982309962
1.466,0.900844091491475
1.4665,-1.94295329490975
1.467,-2.09515317330265
1.4675,0.654300859882807
1.468,2.50731982309962
1.4685,0.901501540083377
1.469,-1.94262456952314
1.4695,-2.09581062428845
1.47,0.653314686911332
1.4705,2.50699109867419
1.471,0.902487712971017
1.4715,-1.94196711875057
1.472,-2.09613934978169
1.4725,0.652328513939447
1.473,2.50666237424885
1.4735,0.903145161562634
1.474,-1.9413096679789
1.4745,-2.0967968007689
1.475,0.651013616642962
1.4755,2.50666237424885
1.476,0.904131334449847
1.4765,-1.9409809425934
1.477,-2.09712552626285
1.4775,0.651013616642962
1.478,2.50699109867419
1.4785,0.904131334449847
1.479,-1.94032349182308
1.4795,-2.09778297725145
1.48,0.649698719345746
1.4805,2.50699109867419
1.481,0.905774955927968
1.4815,-1.93966604105364
1.482,-2.09811170274611
1.4825,0.649041270696863
1.483,2.50699109867419
1.4835,0.906432404519018
1.484,-1.93933731566926
1.4845,-2.09876915373612
1.485,0.648055097723195
1.4855,2.50699109867419
1.486,0.907089853109956
1.4865,-1.93867986490117
1.487,-2.09909787923147
1.4875,0.647397649073853
1.488,2.50666237424885
1.4885,0.908404750291494
1.489,-1.93802241413397
1.4895,-2.09909787923147
1.49,0.647068924749113
1.4905,2.50699109867419
1.491,0.909062198882094
1.4915,-1.93736496336766
1.492,-2.09975533022289
1.4925,0.646082751774617
1.493,2.50699109867419
1.4935,0.909390923177352
1.494,-1.93670751260224
1.4945,-2.10074150671177
1.495,0.645425303124724
1.4955,2.50699109867419
1.496,0.910705820358105
1.4965,-1.93670751260224
1.497,-2.10107023220853
1.4975,0.644439130149537
1.498,2.50699109867419
1.4985,0.912020717538412
1.499,-1.93572133645579
1.4995,-2.10139895770553
1.5,0.643781681499182
1.5005,2.50699109867419
1.501,0.912349441833419
1.5015,-1.93473516031135
1.502,-2.10205640870023
1.5025,0.642795508523302
1.503,2.50666237424885
1.5035,0.913006890423349
1.504,-1.93506388569261
1.5045,-2.10172768320276
1.505,0.642138059872485
1.5055,2.50666237424885
1.506,0.913993063308037
1.5065,-1.93440643493032
1.507,-2.10271385969586
1.5075,0.641480611221482
1.508,2.50666237424885
1.5085,0.914979236192476
1.509,-1.93342025878855
1.5095,-2.10304258519403
1.51,0.640165713918919
1.5105,2.50731982309962
1.511,0.915636684781964
1.5115,-1.93309153340841
1.512,-2.10370003619108
1.5125,0.639836989593163
1.513,2.50633364982359
1.5135,0.916622857665989
1.514,-1.93210535726932
1.5145,-2.10402876168995
1.515,0.638850816615614
1.5155,2.50666237424885
1.516,0.917609030549766
1.5165,-1.93210535726932
1.517,-2.10402876168995
1.5175,0.637864643637646
1.518,2.50699109867419
1.5185,0.917937754844304
1.519,-1.93111918113223
1.5195,-2.10501493818798
1.52,0.636878470659258
1.5205,2.50633364982359
1.521,0.918595203433297
1.5215,-1.93079045575365
1.522,-2.10534366368779
1.5225,0.63589229768045
1.523,2.50666237424885
1.5235,0.919910100610954
1.524,-1.93046173037529
1.5245,-2.10600111468812
1.525,0.635563573354088
1.5255,2.50666237424885
1.526,0.92056754919962
1.5265,-1.92980427961924
1.527,-2.10600111468812
1.5275,0.634906124701222
1.528,2.50633364982359
1.5285,0.921224997788176
1.529,-1.92914682886408
1.5295,-2.10632984018863
1.53,0.633919951721572
1.5305,2.50633364982359
1.531,0.922211170670806
1.5315,-1.92848937810981
1.532,-2.10665856568939
1.5325,0.633262503068238
1.533,2.50633364982359
1.5335,0.922868619259091
1.534,-1.92783192735643
1.5345,-2.10764474219305
1.535,0.632605054414716
1.5355,2.50600492539841
1.536,0.923197343553192
1.5365,-1.92717447660394
1.537,-2.10797346769474
1.5375,0.631618881434081
1.538,2.50633364982359
1.5385,0.924183516435335
1.539,-1.92684575122803
1.5395,-2.10797346769474
1.54,0.630632708453022
1.5405,2.50600492539841
1.541,0.925169689317235
1.5415,-1.92618830047687
1.542,-2.10895964420122
1.5425,0.629646535471539
1.543,2.50600492539841
1.5435,0.926155862198893
1.544,-1.92553084972661
1.5445,-2.10928836970385
1.545,0.629317811144284
1.5455,2.50567620097332
1.546,0.926813310786531
1.5465,-1.92520212435181
1.547,-2.10961709520671
1.5475,0.627674189507299
1.548,2.50567620097332
1.5485,0.927799483667786
1.549,-1.92487339897723
1.5495,-2.11027454621315
1.55,0.62734546517976
1.5505,2.50567620097332
1.551,0.928128207961485
1.5515,-1.92421594822875
1.552,-2.11060327171672
1.5525,0.62635929219686
1.553,2.50600492539841
1.5535,0.929443105136011
1.554,-1.92388722285484
1.5545,-2.11126072272456
1.555,0.625701843541356
1.5555,2.50633364982359
1.556,0.930429278016626
1.5565,-1.92290104673444
1.557,-2.11191817373335
1.5575,0.624715670557744
1.558,2.50600492539841
1.5585,0.930758002310111
1.559,-1.92290104673444
1.5595,-2.11191817373335
1.56,0.623729497573704
1.5605,2.50600492539841
1.561,0.931415450897002
1.5615,-1.92158614524369
1.562,-2.11257562474308
1.5625,0.62307204891744
1.563,2.5053474765483
1.5635,0.93240162377714
1.564,-1.92158614524369
1.5645,-2.11323307575375
1.565,0.622414600260985
1.5655,2.50600492539841
1.566,0.933059072363767
1.5665,-1.92092869449965
1.567,-2.11356180125943
1.5675,0.621428427275945
1.568,2.50600492539841
1.5685,0.934045245243508
1.569,-1.92059996912796
1.5695,-2.11389052676535
1.57,0.620770978619013
1.5705,2.50567620097332
1.571,0.934702693829871
1.5715,-1.91994251838525
1.572,-2.11487670328453
1.5725,0.619784805633257
1.573,2.50567620097332
1.5735,0.935688866709219
1.574,-1.91961379301423
1.5745,-2.1145479777779
1.575,0.619127356975847
1.5755,2.50501875212337
1.576,0.93634631529532
1.5765,-1.9186276169025
1.577,-2.1152054287914
1.5775,0.618141183989372
1.578,2.50600492539841
1.5785,0.937003763881316
1.579,-1.91829889153236
1.5795,-2.11553415429849
1.58,0.617483735331483
1.5805,2.5053474765483
1.581,0.937989936760114
1.5815,-1.91797016616245
1.582,-2.1161916053134
1.5825,0.617155011002466
1.583,2.50567620097332
1.5835,0.93864738534585
1.584,-1.91698399005404
1.5845,-2.11684905632924
1.585,0.615840113685919
1.5855,2.5053474765483
1.586,0.939633558224258
1.5865,-1.91665526468502
1.587,-2.11750650734603
1.5875,0.615511389356662
1.588,2.50567620097332
1.5885,0.940291006809734
1.589,-1.91599781394764
1.5895,-2.11783523285478
1.59,0.614525216368601
1.5905,2.5053474765483
1.591,0.941277179687754
1.5915,-1.91566908857928
1.592,-2.11816395836376
1.5925,0.613210319050512
1.593,2.50501875212337
1.5935,0.942263352565541
1.594,-1.91501163784322
1.5945,-2.11849268387298
1.595,0.612881594720869
1.5955,2.5053474765483
1.596,0.942592076858086
1.5965,-1.9140254617408
1.597,-2.11882140938243
1.5975,0.61189542173165
1.598,2.5053474765483
1.5985,0.943906974028006
1.599,-1.91369673637377
1.5995,-2.11882140938243
1.6,0.611237973071929
1.6005,2.5053474765483
1.601,0.944235698320422
1.6015,-1.91336801100697
1.602,-2.11980758591221
1.6025,0.610580524412014
1.603,2.5053474765483
1.6035,0.94555059548983
1.604,-1.91238183490787
1.6045,-2.12046503693324
1.605,0.609923075751905
1.6055,2.50501875212337
1.606,0.94620804407438
1.6065,-1.91205310954195
1.607,-2.12046503693324
1.6075,0.608608178431105
1.608,2.50501875212337
1.6085,0.946536768366617
1.609,-1.91172438417625
1.6095,-2.12112248795521
1.61,0.607622005439994
1.6105,2.50469002769852
1.611,0.947851665535312
1.6115,-1.91073820808048
1.612,-2.12145121346655
1.6125,0.606635832448445
1.613,2.50501875212337
1.6135,0.948509114119507
1.614,-1.91073820808048
1.6145,-2.12210866448994
1.615,0.605978383787169
1.6155,2.50469002769852
1.616,0.9491665627036
1.6165,-1.91008075735107
1.617,-2.12243739000199
1.6175,0.605320935125697
1.618,2.50501875212337
1.6185,0.950152735579551
1.619,-1.90942330662255
1.6195,-2.12309484102679
1.62,0.604334762133123
1.6205,2.50501875212337
1.621,0.950810184163393
1.6215,-1.90876585589491
1.622,-2.12375229205253
1.6225,0.603677313471163
1.623,2.50469002769852
1.6235,0.951796357038966
1.624,-1.90810840516816
1.6245,-2.12375229205253
1.625,0.602691140477855
1.6255,2.50469002769852
1.626,0.952453805622556
1.6265,-1.90745095444229
1.627,-2.12440974307922
1.6275,0.602033691815404
1.628,2.50436130327375
1.6285,0.953439978497753
1.629,-1.90745095444229
1.6295,-2.12440974307922
1.63,0.601047518821361
1.6305,2.50469002769852
1.631,0.953768702789436
1.6315,-1.90646477835514
1.632,-2.12506719410686
1.6325,0.600718794489914
1.633,2.50469002769852
1.6335,0.954754875664334
1.634,-1.90580732763149
1.6345,-2.12572464513544
1.635,0.599732621495281
1.6355,2.50403257884906
1.636,0.955083599955916
1.6365,-1.90547860226999
1.637,-2.12605337065008
1.6375,0.598746448500205
1.638,2.50403257884906
1.6385,0.956069772830516
1.639,-1.90547860226999
1.6395,-2.12638209616496
1.64,0.597760275504684
1.6405,2.50403257884906
1.641,0.957713394287685
1.6415,-1.90416370082621
1.642,-2.12671082168007
1.6425,0.59677410250872
1.643,2.50370385442445
1.6435,0.958042118579045
1.644,-1.90383497546582
1.6445,-2.12736827271102
1.645,0.596116653844496
1.6455,2.50403257884906
1.646,0.95837084287038
1.6465,-1.90383497546582
1.647,-2.12769699822684
1.6475,0.595459205180075
1.648,2.50403257884906
1.6485,0.959685740035475
1.649,-1.90284879938597
1.6495,-2.1280257237429
1.65,0.59513048084779
1.6505,2.50370385442445
1.651,0.960343188617875
1.6515,-1.90219134866717
1.652,-2.12868317477573
1.6525,0.593815583518154
1.653,2.50403257884906
1.6535,0.961329361491291
1.654,-1.90186262330811
1.6545,-2.1293406258095
1.655,0.592829410520407
1.6555,2.50370385442445
1.656,0.961329361491291
1.6565,-1.90120517259063
1.657,-2.1293406258095
1.6575,0.591843237522211
1.658,2.50403257884906
1.6585,0.962315534364487
1.659,-1.90021899651608
1.6595,-2.12999807684423
1.66,0.591185788856499
1.6605,2.50403257884906
1.661,0.963301707237464
1.6615,-1.90021899651608
1.662,-2.13065552787989
1.6625,0.589870891524477
1.663,2.50337512999992
1.6635,0.964287880110222
1.664,-1.89890409508644
1.6645,-2.13065552787989
1.665,0.589870891524477
1.6655,2.50370385442445
1.666,0.965274052982762
1.6665,-1.89857536972958
1.667,-2.13098425339808
1.6675,0.588884718524936
1.668,2.50238895672683
1.6685,0.96560277727356
1.669,-1.89824664437294
1.6695,-2.13197042995406
1.67,0.588227269858326
1.6705,2.50337512999992
1.671,0.966917674436512
1.6715,-1.89758919366032
1.672,-2.1322991554732
1.6725,0.587241096858035
1.673,2.50337512999992
1.6735,0.96724639872719
1.674,-1.89726046830434
1.6745,-2.13262788099257
1.675,0.586583648190924
1.6755,2.50337512999992
1.676,0.968561295889661
1.6765,-1.89660301759304
1.677,-2.13328533203202
1.6775,0.585268750856101
1.678,2.50304640557548
1.6785,0.968890020180219
1.679,-1.89594556688263
1.6795,-2.1336140575521
1.68,0.584282577854456
1.6805,2.50271768115111
1.681,0.969218744470753
1.6815,-1.8952881161731
1.682,-2.13427150859297
1.6825,0.583953853520473
1.683,2.50238895672683
1.6835,0.97053364163265
1.684,-1.89495939081866
1.6845,-2.13427150859297
1.685,0.582967680518225
1.6855,2.50271768115111
1.686,0.971191090213456
1.6865,-1.89430194011045
1.687,-2.13492895963478
1.6875,0.581652783181188
1.688,2.50304640557548
1.6885,0.972177263084487
1.689,-1.89397321475668
1.6895,-2.13525768515605
1.69,0.580995334512367
1.6905,2.50271768115111
1.691,0.972834711665055
1.6915,-1.89331576404979
1.692,-2.13591513619929
1.6925,0.580009161508757
1.693,2.50238895672683
1.6935,0.973163435955304
1.694,-1.89265831334378
1.6945,-2.13624386172126
1.695,0.57935171283943
1.6955,2.50238895672683
1.696,0.974149608825908
1.6965,-1.89232958799111
1.697,-2.13657258724347
1.6975,0.579022988504691
1.698,2.50271768115111
1.6985,0.975464505986385
1.699,-1.89200086263865
1.6995,-2.1372300382886
1.7,0.578036815500169
1.7005,2.50271768115111
1.701,0.975793230276445
1.7015,-1.89134341193441
1.702,-2.1372300382886
1.7025,0.577050642495191
1.703,2.50238895672683
1.7035,0.976779403146486
1.704,-1.89068596123104
1.7045,-2.13788748933468
1.705,0.576393193824951
1.7055,2.50271768115111
1.706,0.977436851726396
1.7065,-1.88937105982694
1.707,-2.13821621485808
1.7075,0.575407020819211
1.708,2.50206023230263
1.7085,0.978423024596086
1.709,-1.88937105982694
1.7095,-2.13887366590558
1.71,0.574420847813013
1.7105,2.50206023230263
1.711,0.979080473175763
1.7115,-1.88904233447647
1.712,-2.13953111695403
1.7125,0.573763399141959
1.713,2.50173150787851
1.7135,0.979737921755348
1.714,-1.88772743307677
1.7145,-2.13985984247861
1.715,0.573105950470701
1.7155,2.50206023230263
1.716,0.980395370334839
1.7165,-1.88805615842637
1.717,-2.13985984247861
1.7175,0.572119777463432
1.718,2.50173150787851
1.7185,0.981381543203903
1.719,-1.8873987077274
1.7195,-2.14084601905378
1.72,0.57080488011969
1.7205,2.50140278345447
1.721,0.98236771607276
1.7215,-1.88641253168059
1.722,-2.14117474457931
1.7225,0.570476155783626
1.723,2.50206023230263
1.7235,0.982696440362332
1.724,-1.88641253168059
1.7245,-2.14150347010507
1.725,0.56916125843886
1.7255,2.50140278345447
1.726,0.983682613230913
1.7265,-1.88509763028793
1.727,-2.14183219563108
1.7275,0.568175085429746
1.728,2.50107405903051
1.7285,0.983682613230913
1.729,-1.88509763028793
1.7295,-2.14281837221051
1.73,0.567517636756747
1.7305,2.50140278345447
1.731,0.9849975103887
1.7315,-1.88476890494031
1.732,-2.14347582326465
1.7325,0.566860188083542
1.733,2.50173150787851
1.7335,0.985983683256801
1.734,-1.88411145424574
1.7345,-2.14347582326465
1.735,0.565874015073348
1.7355,2.50107405903051
1.736,0.986641131835421
1.7365,-1.88345400355204
1.737,-2.14380454879208
1.7375,0.56488784206269
1.738,2.50140278345447
1.7385,0.986969856124697
1.739,-1.88246782751314
1.7395,-2.14446199984765
1.74,0.56423039338866
1.7405,2.50107405903051
1.741,0.988284753281574
1.7415,-1.88213910216728
1.742,-2.14479072537578
1.7425,0.563572944714423
1.743,2.50074533460663
1.7435,0.98959965043809
1.744,-1.88148165147622
1.7445,-2.14544817643278
1.745,0.562915496039979
1.7455,2.50107405903051
1.746,0.989928374727162
1.7465,-1.88148165147622
1.747,-2.14610562749072
1.7475,0.561929323027926
1.748,2.50074533460663
1.7485,0.990257099016213
1.749,-1.88082420078603
1.7495,-2.14610562749072
1.75,0.560943150015406
1.7505,2.50140278345447
1.751,0.991243271883228
1.7515,-1.88016675009672
1.752,-2.14676307854961
1.7525,0.560285701340133
1.753,2.50140278345447
1.7535,0.992229444750043
1.754,-1.87950929940829
1.7545,-2.14676307854961
1.755,0.558970803988965
1.7555,2.50041661018284
1.756,0.992886893327808
1.7565,-1.8791805740644
1.757,-2.14709180407941
1.7575,0.558313355313068
1.758,2.50008788575912
1.7585,0.99420179048307
1.759,-1.87819439803406
1.7595,-2.14807798067024
1.76,0.557327182298833
1.7605,2.50074533460663
1.761,0.99420179048307
1.7615,-1.87753694734826
1.762,-2.14840670620099
1.7625,0.557327182298833
1.763,2.50041661018284
1.7635,0.995187963349284
1.764,-1.87753694734826
1.7645,-2.14840670620099
1.765,0.556012284945789
1.7655,2.50041661018284
1.766,0.995845411926649
1.7665,-1.87687949666333
1.767,-2.14906415726321
1.7675,0.555026111930458
1.768,2.50008788575912
1.7685,0.996831584792531
1.769,-1.87622204597928
1.7695,-2.1503790593905
1.77,0.554039938914656
1.7705,2.50041661018284
1.771,0.997160309081115
1.7715,-1.87589332063759
1.772,-2.15005033385832
1.7725,0.553711214575951
1.773,2.50008788575912
1.7735,0.997817757658216
1.774,-1.87457841927299
1.7745,-2.15005033385832
1.775,0.552396317220606
1.7755,2.49975916133549
1.776,0.998803930523703
1.7765,-1.87457841927299
1.777,-2.15070778492291
1.7775,0.551738868542619
1.778,2.49975916133549
1.7785,0.999461379100584
1.779,-1.87392096859201
1.7795,-2.15103651045557
1.78,0.550752695525244
1.7805,2.49943043691193
1.781,1.00077627625409
1.7815,-1.87359224325185
1.782,-2.15202268705496
1.7825,0.550095246846731
1.783,2.49975916133549
1.7835,1.00143372483071
1.784,-1.87260606723267
1.7845,-2.15235141258856
1.785,0.549437798168007
1.7855,2.49975916133549
1.786,1.00241989769548
1.7865,-1.87194861655431
1.787,-2.15300886365649
1.7875,0.548122900809928
1.788,2.49910171248846
1.7885,1.00307734627188
1.789,-1.87194861655431
1.7895,-2.15300886365649
1.79,0.547794176470276
1.7905,2.49910171248846
1.791,1.0037347948482
1.7915,-1.87063371520022
1.792,-2.15366631472537
1.7925,0.546808003451004
1.793,2.49910171248846
1.7935,1.00439224342443
1.794,-1.87096244053842
1.7945,-2.15399504026016
1.795,0.545821830431257
1.7955,2.49910171248846
1.796,1.00537841628862
1.7965,-1.86997626452449
1.797,-2.15432376579519
1.7975,0.544835657411033
1.798,2.49910171248846
1.7985,1.00636458915261
1.799,-1.86931881384963
1.7995,-2.15498121686598
1.8,0.543849484390332
1.8005,2.49943043691193
1.801,1.0070220377285
1.8015,-1.86866136317564
1.802,-2.15530994240172
1.8025,0.543520760049992
1.803,2.49877298806507
1.8035,1.0076794863043
1.804,-1.86833263783898
1.8045,-2.15596739347393
1.805,0.542534587028654
1.8055,2.49910171248846
1.806,1.00833693488002
1.8065,-1.8676751871663
1.807,-2.1562961190104
1.8075,0.541548414006838
1.808,2.49910171248846
1.8085,1.00932310774344
1.809,-1.86734646183029
1.8095,-2.1566248445471
1.81,0.540562240984543
1.8105,2.49844426364176
1.811,1.00998055631895
1.8115,-1.8670177364945
1.812,-2.15695357008404
1.8125,0.539904792302746
1.813,2.49877298806507
1.8135,1.01063800489437
1.814,-1.86668901115893
1.8145,-2.15761102115863
1.815,0.538918619279652
1.8155,2.49844426364176
1.816,1.01096672918205
1.8165,-1.86570283515352
1.817,-2.15793974669628
1.8175,0.538589894938513
1.818,2.49877298806507
1.8185,1.01261035062013
1.819,-1.86504538448434
1.8195,-2.15826847223418
1.82,0.537603721914778
1.8205,2.49877298806507
1.821,1.01326779919522
1.8215,-1.86438793381603
1.822,-2.15859719777231
1.8225,0.53661754889056
1.823,2.49844426364176
1.8235,1.01359652348273
1.824,-1.8637304831486
1.8245,-2.15892592331068
1.825,0.535631375865861
1.8255,2.49844426364176
1.826,1.01458269634514
1.8265,-1.86340175781521
1.827,-2.15958337438813
1.8275,0.53497392718246
1.828,2.49778681479539
1.8285,1.01589759349473
1.829,-1.86274430714908
1.8295,-2.15991209992721
1.83,0.534316478498845
1.8305,2.49745809037232
1.831,1.01622631778208
1.8315,-1.86208685648383
1.832,-2.1605695510061
1.8325,0.533001581130969
1.833,2.49745809037232
1.8335,1.01688376635671
1.834,-1.86175813115153
1.8345,-2.16122700208593
1.835,0.532672856788865
1.8355,2.49778681479539
1.836,1.01754121493126
1.8365,-1.86110068048758
1.837,-2.16155572762621
1.8375,0.531686683762232
1.838,2.49778681479539
1.8385,1.01885611208011
1.839,-1.86044322982451
1.8395,-2.16188445316673
1.84,0.530371786392633
1.8405,2.49745809037232
1.841,1.01918483636727
1.8415,-1.85978577916231
1.842,-2.16221317870748
1.8425,0.530043062050098
1.843,2.49778681479539
1.8435,1.02017100922863
1.844,-1.85912832850098
1.8445,-2.16254190424847
1.845,0.52905688902217
1.8455,2.49778681479539
1.846,1.0211571820898
1.8465,-1.85847087784052
1.847,-2.16319935533117
1.8475,0.528399440336614
1.848,2.49712936594933
1.8485,1.02214335495079
1.849,-1.85781342718093
1.8495,-2.16352808087288
1.85,0.527413267307874
1.8505,2.49778681479539
1.851,1.02280080352469
1.8515,-1.85748470185146
1.852,-2.16352808087288
1.8525,0.526755818621777
1.853,2.49745809037232
1.8535,1.0234582520985
1.854,-1.85715597652221
1.8545,-2.16385680641483
1.855,0.526098369935462
1.8555,2.49778681479539
1.856,1.02411570067223
1.8565,-1.85616980053577
1.857,-2.16451425749944
1.8575,0.525112196905584
1.858,2.49712936594933
1.8585,1.02510187353268
1.859,-1.85584107520739
1.8595,-2.165171708585
1.86,0.524126023875216
1.8605,2.49712936594933
1.861,1.02575932210621
1.8615,-1.85518362455129
1.862,-2.165171708585
1.8625,0.523797299531651
1.863,2.49680064152643
1.8635,1.02641677067966
1.864,-1.85485489922356
1.8645,-2.16582915967152
1.865,0.522482402156848
1.8655,2.49680064152643
1.866,1.02740294353969
1.8665,-1.85419744856876
1.867,-2.166486610759
1.8675,0.521824953469119
1.868,2.49680064152643
1.8685,1.02838911639954
1.869,-1.85353999791483
1.8695,-2.166486610759
1.87,0.521167504781172
1.8705,2.49680064152643
1.871,1.02937528925921
1.8715,-1.85288254726177
1.872,-2.16747278739201
1.8725,0.520510056093006
1.873,2.49680064152643
1.8735,1.02970401354572
1.874,-1.85255382193557
1.8745,-2.16747278739201
1.875,0.519195158716019
1.8755,2.49680064152643
1.876,1.0303614621187
1.8765,-1.85123892063292
1.877,-2.16813023848187
1.8775,0.518537710027197
1.878,2.49680064152643
1.8785,1.03167635926441
1.879,-1.85156764595826
1.8795,-2.16845896402716
1.88,0.517880261338156
1.8805,2.49680064152643
1.881,1.03233380783715
1.8815,-1.85025274465822
1.882,-2.16911641511846
1.8825,0.516894088304182
1.883,2.49680064152643
1.8835,1.03299125640981
1.884,-1.84992401933376
1.8845,-2.16911641511846
1.885,0.516565363959415
1.8855,2.49680064152643
1.886,1.03364870498239
1.8865,-1.84926656868548
1.887,-2.16977386621072
1.8875,0.515250466579795
1.888,2.4964719171036
1.8885,1.0343061535549
1.889,-1.84893784336167
1.8895,-2.17010259175721
1.89,0.513935569199295
1.8905,2.49614319268086
1.891,1.03529232641351
1.8915,-1.84795166739153
1.892,-2.17010259175721
1.8925,0.513935569199295
1.893,2.4958144682582
1.8935,1.03594977498582
1.894,-1.84762294206858
1.8945,-2.1707600428509
1.895,0.512949396163341
1.8955,2.4958144682582
1.896,1.03693594784414
1.8965,-1.84663676610105
1.897,-2.17141749394555
1.8975,0.511963223126891
1.898,2.49548574383562
1.8985,1.03792212070229
1.899,-1.84630804077897
1.8995,-2.17174621949323
1.9,0.510977050089943
1.9005,2.49548574383562
1.901,1.03890829356026
1.9015,-1.84565059013547
1.902,-2.17240367058931
1.9025,0.509990877052497
1.903,2.49515701941311
1.9035,1.03890829356026
1.904,-1.84499313949283
1.9045,-2.17240367058931
1.905,0.50933342836059
1.9055,2.49515701941311
1.906,1.03956574213215
1.9065,-1.84466441417184
1.907,-2.17306112168635
1.9075,0.508347255322314
1.908,2.49548574383562
1.9085,1.0408806392757
1.909,-1.84433568885106
1.9095,-2.17371857278435
1.91,0.507361082283538
1.9105,2.49515701941311
1.911,1.0408806392757
1.9115,-1.84367823821016
1.912,-2.17404729833371
1.9125,0.506703633590743
1.913,2.49515701941311
1.9135,1.04186681213316
1.914,-1.84334951289003
1.9145,-2.17503347498322
1.915,0.505717460551133
1.9155,2.4948282949907
1.916,1.04285298499045
1.9165,-1.84269206225043
1.917,-2.17503347498322
1.9175,0.505060011857781
1.918,2.49449957056836
1.9185,1.04416788213324
1.919,-1.84236333693096
1.9195,-2.17503347498322
1.92,0.503745114470409
1.9205,2.49449957056836
1.921,1.04449660641889
1.9215,-1.8420346116117
1.922,-2.17601965163489
1.9225,0.503087665776388
1.923,2.4941708461461
1.9235,1.04482533070452
1.924,-1.84137716097383
1.9245,-2.17601965163489
1.925,0.502430217082144
1.9255,2.49384212172392
1.926,1.0458115035613
1.9265,-1.84071971033683
1.927,-2.1766771027372
1.9275,0.500786595345555
1.928,2.49384212172392
1.9285,1.04679767641792
1.929,-1.83940480906543
1.9295,-2.17733455384047
1.93,0.500457870998069
1.9305,2.4941708461461
1.931,1.0474551249889
1.9315,-1.83973353438295
1.932,-2.17766327939246
1.9325,0.499471697955275
1.933,2.4941708461461
1.9335,1.04844129784524
1.934,-1.83874735843102
1.9345,-2.17766327939246
1.935,0.498485524911977
1.9355,2.49384212172392
1.936,1.04877002213065
1.9365,-1.83841863311415
1.937,-2.17864945604988
1.9375,0.498156800564098
1.938,2.49351339730182
1.9385,1.04942747070141
1.939,-1.83743245716482
1.9395,-2.17897818160283
1.94,0.497499351868172
1.9405,2.49384212172392
1.941,1.05074236784272
1.9415,-1.83644628121743
1.942,-2.17930690715602
1.9425,0.496513178823862
1.943,2.49351339730182
1.9435,1.05139981641326
1.944,-1.83644628121743
1.9445,-2.17963563270945
1.945,0.495855730127374
1.9455,2.4931846728798
1.946,1.0517285406985
1.9465,-1.83644628121743
1.947,-2.18029308381704
1.9475,0.494869557082218
1.948,2.4931846728798
1.9485,1.05271471355412
1.949,-1.83546010527199
1.9495,-2.18029308381704
1.95,0.494212108385166
1.9505,2.4931846728798
1.951,1.0540296106947
1.9515,-1.83480265464278
1.952,-2.18062180937119
1.9525,0.492897210990384
1.953,2.49285594845787
1.9535,1.0540296106947
1.954,-1.83414520401444
1.9545,-2.18127926048021
1.955,0.492239762292653
1.9555,2.4931846728798
1.956,1.05501578354994
1.9565,-1.83381647870059
1.957,-2.18193671159019
1.9575,0.491582313594696
1.958,2.49285594845787
1.9585,1.05600195640502
1.959,-1.83250157744735
1.9595,-2.18259416270113
1.96,0.490596140547336
1.9605,2.49252722403601
1.961,1.05665940497498
1.9615,-1.83217285213458
1.962,-2.18259416270113
1.9625,0.489938691848813
1.963,2.49285594845787
1.9635,1.05764557782979
1.964,-1.83184412682203
1.9645,-2.18325161381303
1.965,0.488623794451084
1.9655,2.49252722403601
1.966,1.05830302639958
1.9665,-1.83151540150969
1.967,-2.18325161381303
1.9675,0.48829507010151
1.968,2.49219849961424
1.9685,1.05896047496929
1.969,-1.83085795088567
1.9695,-2.1839090649259
1.97,0.487308897052446
1.9705,2.49252722403601
1.971,1.05961792353893
1.9715,-1.83020050026251
1.972,-2.18423779048269
1.9725,0.486322724002869
1.973,2.49219849961424
1.9735,1.06060409639326
1.974,-1.82954304964021
1.9745,-2.18456651603972
1.975,0.485665275302867
1.9755,2.49186977519254
1.976,1.060932820678
1.9765,-1.82888559901877
1.977,-2.1852239671545
1.9775,0.484679102252435
1.978,2.49219849961424
1.9785,1.06224771781679
1.979,-1.82855687370838
1.9795,-2.1852239671545
1.98,0.484021653551861
1.9805,2.49186977519254
1.981,1.0632338906707
1.9815,-1.82724197246896
1.982,-2.18555269271225
1.9825,0.483364204851059
1.983,2.49219849961424
1.9835,1.06389133923989
1.984,-1.82724197246896
1.9845,-2.18621014382848
1.985,0.482049307448768
1.9855,2.49186977519254
1.986,1.064548787809
1.9865,-1.82658452185054
1.987,-2.18686759494566
1.9875,0.481391858747279
1.988,2.49219849961424
1.9885,1.06520623637805
1.989,-1.82559834592454
1.9895,-2.18719632050462
1.99,0.480405685694615
1.9905,2.49186977519254
1.991,1.06586368494703
1.9915,-1.8252696206163
1.992,-2.18752504606381
1.9925,0.479748236992552
1.993,2.49186977519254
1.9935,1.06684985780036
1.994,-1.82461217000047
1.9945,-2.18752504606381
1.995,0.479090788290259
1.9955,2.49154105077093
1.996,1.06750730636917
1.9965,-1.82428344469288
1.997,-2.18851122274283
1.9975,0.477775890884984
1.998,2.49186977519254
1.9985,1.0681647549379
1.999,-1.8232972687714
1.9995,-2.18851122274283
2,0.477118442182
2.0005,2.49121232634939
2.001,1.06947965207517
2.0015,-1.82296854346467
2.002,-2.18916867386338
2.0025,0.476789717830422
2.003,2.49154105077093
2.0035,1.06980837635944
2.004,-1.82231109285186
2.0045,-2.18982612498489
2.005,0.475474820423533
2.0055,2.49154105077093
2.006,1.07079454921217
2.0065,-1.82198236754577
2.007,-2.18949739942402
2.0075,0.474817371719742
2.008,2.49154105077093
2.0085,1.07145199778056
2.009,-1.82165364223991
2.0095,-2.19048357610737
2.01,0.474159923015719
2.0105,2.49154105077093
2.011,1.07276689491715
2.0115,-1.82066746632359
2.012,-2.19048357610737
2.0125,0.47284502560698
2.013,2.49088360192794
2.0135,1.07309561920125
2.014,-1.82033874101859
2.0145,-2.19114102723081
2.015,0.472187576902263
2.0155,2.49022615308528
2.016,1.07375306776941
2.0165,-1.81968129040922
2.017,-2.1917984783552
2.0175,0.471530128197315
2.018,2.49121232634939
2.0185,1.07473924062153
2.019,-1.81869511449678
2.0195,-2.1917984783552
2.02,0.470872679492134
2.0205,2.49088360192794
2.021,1.07506796490553
2.0215,-1.81803766388956
2.022,-2.19212720391776
2.0225,0.469557782081075
2.023,2.49055487750657
2.0235,1.07638286204139
2.024,-1.81770893858627
2.0245,-2.19245592948057
2.025,0.468900333375197
2.0255,2.49022615308528
2.026,1.07704031060922
2.0265,-1.81705148798034
2.027,-2.19278465504361
2.0275,0.468242884669086
2.028,2.49022615308528
2.0285,1.07769775917698
2.029,-1.81639403737528
2.0295,-2.19344210617041
2.03,0.467585435962742
2.0305,2.48989742866406
2.031,1.07868393202849
2.0315,-1.81573658677107
2.032,-2.19377083173418
2.0325,0.466270538549354
2.033,2.48989742866406
2.0335,1.07934138059609
2.034,-1.81573658677107
2.0345,-2.19442828286243
2.035,0.46561308984231
2.0355,2.48989742866406
2.036,1.07967010487987
2.0365,-1.81475041086637
2.037,-2.19475700842691
2.0375,0.464626916781305
2.038,2.48989742866406
2.0385,1.08065627773109
2.039,-1.81442168556523
2.0395,-2.19541445955661
2.04,0.463969468073677
2.0405,2.48989742866406
2.041,1.08164245058217
2.0415,-1.8134355096631
2.042,-2.19574318512182
2.0425,0.462983295011794
2.043,2.48956870424293
2.0435,1.08229989914947
2.044,-1.81310678436283
2.0445,-2.19607191068727
2.045,0.46232584630358
2.0455,2.48923997982188
2.046,1.08295734771671
2.0465,-1.81277805906276
2.047,-2.19640063625296
2.0475,0.461668397595131
2.048,2.48923997982188
2.0485,1.08361479628389
2.049,-1.81212060846328
2.0495,-2.19705808738506
2.05,0.461010948886447
2.0505,2.48891125540091
2.051,1.08460096913453
2.0515,-1.81179188316386
2.052,-2.19705808738506
2.0525,0.460024775822981
2.053,2.48956870424293
2.0535,1.08558714198503
2.054,-1.81047698196832
2.0545,-2.19738681295148
2.055,0.459038602758985
2.0555,2.48923997982188
2.056,1.08624459055195
2.0565,-1.81047698196832
2.057,-2.19771553851813
2.0575,0.458052429694459
2.058,2.48891125540091
2.0585,1.08690203911881
2.059,-1.80981953137184
2.0595,-2.19837298965217
2.06,0.457066256629403
2.0605,2.48891125540091
2.061,1.0875594876856
2.0615,-1.80916208077622
2.062,-2.19837298965217
2.0625,0.456408807919071
2.063,2.48858253098002
2.0635,1.08821693625233
2.064,-1.80850463018146
2.0645,-2.19903044078716
2.065,0.455422634853129
2.0655,2.48825380655921
2.066,1.0895318333856
2.0665,-1.8081759048844
2.067,-2.19968789192312
2.0675,0.454765186142206
2.068,2.48858253098002
2.0685,1.09051800623539
2.069,-1.80751845429092
2.0695,-2.20001661749147
2.07,0.453450288719649
2.0705,2.48792508213848
2.071,1.09051800623539
2.0715,-1.8068610036983
2.072,-2.20100279419794
2.0725,0.452792840008015
2.073,2.48825380655921
2.0735,1.09117545480184
2.074,-1.80653227840231
2.0745,-2.20100279419794
2.075,0.452135391296144
2.0755,2.48792508213848
2.076,1.09183290336822
2.0765,-1.80521737722049
2.077,-2.20133151976725
2.0775,0.450820493871689
2.078,2.48759635771783
2.0785,1.09281907621768
2.079,-1.80554610251562
2.0795,-2.20231769647662
2.08,0.450163045159105
2.0805,2.48759635771783
2.081,1.09347652478392
2.0815,-1.80455992663087
2.082,-2.20198897090659
2.0825,0.449505596446283
2.083,2.48792508213848
2.0835,1.09413397335009
2.084,-1.80357375074804
2.0845,-2.20231769647662
2.085,0.448519423376604
2.0855,2.48759635771783
2.086,1.09512014619923
2.0865,-1.80324502545419
2.087,-2.20330387318817
2.0875,0.447533250306388
2.088,2.48726763329726
2.0885,1.09577759476524
2.089,-1.80291630016056
2.0895,-2.20363259875916
2.09,0.446875801592613
2.0905,2.48759635771783
2.091,1.09676376761415
2.0915,-1.80225884957393
2.092,-2.2039613243304
2.0925,0.446218352878599
2.093,2.48693890887677
2.0935,1.09742121618002
2.094,-1.80160139898816
2.0945,-2.20429004990188
2.095,0.444903455449853
2.0955,2.48661018445636
2.096,1.0984073890287
2.0965,-1.80094394840325
2.097,-2.2046187754736
2.0975,0.444574731092517
2.098,2.48693890887677
2.0985,1.09906483759442
2.099,-1.80028649781919
2.0995,-2.20494750104557
2.1,0.443917282377665
2.1005,2.48661018445636
2.101,1.10005101044288
2.1015,-1.79962904723599
2.102,-2.20527622661777
2.1025,0.442931109304938
2.103,2.48726763329726
2.1035,1.1010371832912
2.104,-1.79897159665364
2.1045,-2.20560495219022
2.105,0.441944936231671
2.1055,2.48661018445636
2.106,1.10169463185668
2.1065,-1.79897159665364
2.107,-2.20593367776291
2.1075,0.440958763157864
2.108,2.48661018445636
2.1085,1.10235208042209
2.109,-1.79831414607214
2.1095,-2.20659112890901
2.11,0.439972590083516
2.1105,2.48661018445636
2.111,1.10268080470478
2.1115,-1.7973279702015
2.112,-2.20691985448242
2.1125,0.439315141366983
2.113,2.48628146003603
2.1135,1.10333825327011
2.114,-1.79699924491172
2.1145,-2.20691985448242
2.115,0.438328968291731
2.1155,2.48595273561579
2.116,1.10432442611799
2.1165,-1.79634179433279
2.117,-2.20823475677849
2.1175,0.437671519574595
2.118,2.48595273561579
2.1185,1.10531059896574
2.119,-1.79535561846599
2.1195,-2.20823475677849
2.12,0.437014070857218
2.1205,2.48562401119562
2.121,1.10563932324829
2.1215,-1.79502689317749
2.122,-2.20856348235311
2.1225,0.4360278977807
2.123,2.48595273561579
2.1235,1.10662549609587
2.124,-1.7946981678892
2.1245,-2.20889220792797
2.125,0.435041724703637
2.1255,2.48562401119562
2.126,1.10761166894331
2.1265,-1.79404071731325
2.127,-2.20954965907843
2.1275,0.434384275985293
2.128,2.48529528677553
2.1285,1.1082691175082
2.129,-1.79305454145094
2.1295,-2.21020711022984
2.13,0.433726827266706
2.1305,2.48496656235552
2.131,1.10892656607304
2.1315,-1.79239709087713
2.132,-2.21053583580592
2.1325,0.432740654188371
2.133,2.48529528677553
2.1335,1.10991273892018
2.134,-1.79206836559055
2.1345,-2.21053583580592
2.135,0.43175448110949
2.1355,2.48529528677553
2.136,1.11057018748487
2.1365,-1.79141091501802
2.137,-2.21152201253559
2.1375,0.431097032389933
2.138,2.48496656235552
2.1385,1.11122763604951
2.139,-1.79108218973207
2.1395,-2.21119328695879
2.14,0.43011085931014
2.1405,2.48463783793559
2.141,1.11188508461408
2.1415,-1.78976728859043
2.142,-2.21152201253559
2.1425,0.4291246862298
2.143,2.48496656235552
2.1435,1.11287125746084
2.144,-1.78943856330555
2.1445,-2.21185073811263
2.145,0.428795961869565
2.1455,2.48430911351574
2.146,1.11352870602528
2.1465,-1.78910983802088
2.147,-2.2128369148452
2.1475,0.427481064428015
2.148,2.48430911351574
2.1485,1.11451487887183
2.149,-1.78878111273643
2.1495,-2.2128369148452
2.15,0.426494891346211
2.1505,2.48430911351574
2.151,1.11484360315399
2.1515,-1.78779493688435
2.152,-2.21349436600146
2.1525,0.425508718263857
2.153,2.48430911351574
2.1535,1.11615850028247
2.154,-1.78746621160074
2.1545,-2.21382309157995
2.155,0.425508718263857
2.1555,2.48365166467629
2.156,1.11615850028247
2.1565,-1.78648003575122
2.157,-2.21415181715869
2.1575,0.424522545180953
2.158,2.48398038909597
2.1585,1.11747339741073
2.159,-1.78648003575122
2.1595,-2.21448054273767
2.16,0.423536372097497
2.1605,2.48365166467629
2.161,1.11813084597478
2.1615,-1.78549385990361
2.162,-2.21480926831689
2.1625,0.422221474652031
2.163,2.48365166467629
2.1635,1.11845957025678
2.164,-1.7848364093396
2.1645,-2.21546671947605
2.165,0.421892750290511
2.1655,2.48365166467629
2.166,1.11911701882075
2.1665,-1.78450768405791
2.167,-2.215795445056
2.1675,0.420577852843817
2.168,2.48332294025668
2.1685,1.12043191594852
2.169,-1.78352150821413
2.1695,-2.21645289621662
2.17,0.419920404120101
2.1705,2.48299421583715
2.171,1.12141808879421
2.1715,-1.7831927829333
2.172,-2.21645289621662
2.1725,0.419262955396139
2.173,2.48365166467629
2.1735,1.12174681307607
2.174,-1.78286405765267
2.1745,-2.21711034737821
2.175,0.418934231034065
2.1755,2.4826654914177
2.176,1.1227329859216
2.1765,-1.78187788181208
2.177,-2.21743907295936
2.1775,0.417290609222773
2.178,2.48332294025668
2.1785,1.123719158767
2.179,-1.78154915653231
2.1795,-2.21809652412241
2.18,0.416633160497823
2.1805,2.48233676699833
2.181,1.12404788304878
2.1815,-1.78056298069427
2.182,-2.21809652412241
2.1825,0.415646987409936
2.183,2.4826654914177
2.1835,1.12536278017574
2.184,-1.78023425541535
2.1845,-2.21842524970429
2.185,0.414660814321493
2.1855,2.48233676699833
2.186,1.12569150445745
2.1865,-1.77924807957986
2.187,-2.21875397528642
2.1875,0.414332089958554
2.188,2.48233676699833
2.1885,1.1266776773025
2.189,-1.77891935430178
2.1895,-2.21908270086879
2.19,0.413674641232491
2.1905,2.48233676699833
2.191,1.12766385014743
2.1915,-1.77793317846884
2.192,-2.21974015203426
2.1925,0.412688468142932
2.193,2.48233676699833
2.1935,1.12832129871065
2.194,-1.77793317846884
2.1945,-2.21974015203426
2.195,0.411702295052815
2.1955,2.4826654914177
2.196,1.12897874727381
2.1965,-1.77727572791461
2.197,-2.2203976032007
2.1975,0.410387397598455
2.198,2.48167931815983
2.1985,1.12930747155538
2.199,-1.77661827736122
2.1995,-2.22072632878428
2.2,0.41005867323471
2.2005,2.48200804257904
2.201,1.13062236868151
2.2015,-1.77596082680868
2.202,-2.22138377995217
2.2025,0.4090725001431
2.203,2.48233676699833
2.2035,1.1312798172445
2.204,-1.77530337625699
2.2045,-2.22171250553648
2.205,0.40808632705093
2.2055,2.4813505937407
2.206,1.13160854152597
2.2065,-1.77464592570615
2.207,-2.22204123112104
2.2075,0.407757602686748
2.208,2.4813505937407
2.2085,1.13259471437032
2.209,-1.77365974988149
2.2095,-2.22236995670584
2.21,0.406442705229398
2.2105,2.48102186932165
2.211,1.13325216293316
2.2115,-1.77300229933277
2.212,-2.22236995670584
2.2125,0.405456532135729
2.213,2.48102186932165
2.2135,1.13390961149594
2.214,-1.77333102460702
2.2145,-2.22302740787616
2.215,0.404799083406303
2.2155,2.48102186932165
2.216,1.13489578434002
2.2165,-1.77234484878489
2.217,-2.22368485904745
2.2175,0.403155461581645
2.218,2.48102186932165
2.2185,1.13588195718399
2.219,-1.77201612351127
2.2195,-2.22401358463346
2.22,0.402826737216525
2.2205,2.48036442048379
2.221,1.13653940574658
2.2215,-1.77135867296467
2.222,-2.22467103580621
2.2225,0.402169288486097
2.223,2.48036442048379
2.2235,1.13719685430911
2.224,-1.77037249714636
2.2245,-2.22467103580621
2.225,0.401511839755418
2.2255,2.48003569606498
2.226,1.1378543028716
2.2265,-1.77004377187401
2.227,-2.22532848697993
2.2275,0.400525666658928
2.228,2.48003569606498
2.2285,1.13884047571523
2.229,-1.76905759605824
2.2295,-2.22532848697993
2.23,0.399539493561872
2.2305,2.48003569606498
2.231,1.13884047571523
2.2315,-1.76905759605824
2.232,-2.22565721256715
2.2325,0.39855332046425
2.233,2.47970697164625
2.2335,1.14048409712105
2.234,-1.76807142024437
2.2345,-2.22631466374233
2.235,0.39822459609825
2.2355,2.47970697164625
2.236,1.14081282140217
2.2365,-1.76741396970285
2.237,-2.22631466374233
2.2375,0.39756714736606
2.238,2.4793782472276
2.2385,1.14147026996439
2.239,-1.76708524443241
2.2395,-2.22664338933029
2.24,0.396252249900924
2.2405,2.48003569606498
2.241,1.14278516708868
2.2415,-1.76577034335276
2.242,-2.22697211491848
2.2425,0.395594801167977
2.243,2.4793782472276
2.2435,1.14311389136972
2.244,-1.76577034335276
2.2445,-2.22762956609561
2.245,0.394608628068082
2.2455,2.4793782472276
2.246,1.14410006421277
2.2465,-1.7651128928142
2.247,-2.22795829168453
2.2475,0.394279903701324
2.248,2.4793782472276
2.2485,1.14508623705572
2.249,-1.76445544227648
2.2495,-2.22894446845277
2.25,0.392636281866583
2.2505,2.4793782472276
2.251,1.14541496133668
2.2515,-1.76379799173962
2.252,-2.22894446845277
2.2525,0.392307557499444
2.253,2.47872079839054
2.2535,1.14607240989856
2.254,-1.7628118159359
2.2545,-2.22927319404267
2.255,0.391321384397648
2.2555,2.47872079839054
2.256,1.14705858274129
2.2565,-1.76248309066842
2.257,-2.22960191963281
2.2575,0.3906639356628
2.258,2.47872079839054
2.2585,1.14804475558392
2.259,-1.76215436540114
2.2595,-2.23025937081382
2.26,0.38967776256005
2.2605,2.47839207397213
2.261,1.14903092842644
2.2615,-1.76182564013408
2.262,-2.2305880964047
2.2625,0.388362865088827
2.263,2.47839207397213
2.2635,1.14935965270726
2.264,-1.76018201380194
2.2645,-2.23091682199581
2.265,0.387705416352833
2.2655,2.47839207397213
2.266,1.15034582554965
2.2665,-1.76018201380194
2.267,-2.23124554758717
2.2675,0.387705416352833
2.268,2.47806334955379
2.2685,1.15067454983042
2.269,-1.75952456327057
2.2695,-2.23124554758717
2.27,0.386061794511732
2.2705,2.47773462513554
2.271,1.15166072267267
2.2715,-1.75886711274003
2.272,-2.23223172436271
2.2725,0.385075621406304
2.273,2.47773462513554
2.2735,1.15231817123411
2.274,-1.75820966221034
2.2745,-2.23256044995504
2.275,0.384746897037701
2.2755,2.47773462513554
2.276,1.15330434407619
2.2765,-1.75788093694581
2.277,-2.23288917554761
2.2775,0.383760723931506
2.278,2.47773462513554
2.2785,1.15396179263751
2.279,-1.75722348641739
2.2795,-2.23354662673349
2.28,0.382774550824735
2.2805,2.47806334955379
2.281,1.15527668976004
2.2815,-1.75656603588981
2.282,-2.23321790114043
2.2825,0.382117102086567
2.283,2.47773462513554
2.2835,1.15593413832123
2.284,-1.75557986010002
2.2845,-2.23420407792035
2.285,0.381459653348143
2.2855,2.47740590071737
2.286,1.15626286260181
2.2865,-1.75525113483718
2.287,-2.23420407792035
2.2875,0.380802204609461
2.288,2.47707717629927
2.2885,1.15692031116294
2.289,-1.75426495904992
2.2895,-2.23453280351414
2.29,0.379816031500957
2.2905,2.47773462513554
2.291,1.15790648400455
2.2915,-1.75360750852613
2.292,-2.23453280351414
2.2925,0.379158582761633
2.293,2.47674845188126
2.2935,1.15889265684606
2.294,-1.75295005800318
2.2945,-2.23519025470246
2.295,0.378172409652165
2.2955,2.47641972746333
2.296,1.15987882968747
2.2965,-1.75229260748108
2.297,-2.23519025470246
2.2975,0.377514960912197
2.298,2.47707717629927
2.2985,1.16020755396792
2.299,-1.75196388222034
2.2995,-2.23617643148676
2.3,0.376528787801761
2.3005,2.47674845188126
2.301,1.16086500252879
2.3015,-1.7513064316995
2.302,-2.23650515708202
2.3025,0.375542614690745
2.303,2.47641972746333
2.3035,1.16152245108961
2.304,-1.7509777064394
2.3045,-2.23683388267751
2.305,0.374885165949744
2.3055,2.47576227862769
2.306,1.16217989965039
2.3065,-1.75032025591982
2.307,-2.23782005946547
2.3075,0.373570268466967
2.308,2.47609100304547
2.3085,1.16316607249148
2.309,-1.75032025591982
2.3095,-2.23782005946547
2.31,0.372912819725191
2.3105,2.47609100304547
2.311,1.16382352105215
2.3115,-1.74900535488319
2.312,-2.23782005946547
2.3125,0.372255370983155
2.313,2.47641972746333
2.3135,1.16448096961279
2.314,-1.74834790436614
2.3145,-2.23814878506195
2.315,0.371269197869614
2.3155,2.47576227862769
2.316,1.16546714245365
2.3165,-1.74769045384992
2.317,-2.23913496185283
2.3175,0.37061174912693
2.318,2.47543355421
2.3185,1.16645331529443
2.319,-1.74736172859213
2.3195,-2.23913496185283
2.32,0.369954300383985
2.3205,2.47576227862769
2.321,1.16678203957467
2.3215,-1.74670427807718
2.322,-2.23946368745028
2.3225,0.368968127269081
2.323,2.47543355421
2.3235,1.16776821241532
2.324,-1.74604682756307
2.3245,-2.24012113864591
2.325,0.367981954153592
2.3255,2.47543355421
2.326,1.1684256609757
2.3265,-1.74604682756307
2.327,-2.24077858984251
2.3275,0.366995781037516
2.328,2.47543355421
2.3285,1.1694118338162
2.329,-1.74473192653737
2.3295,-2.24077858984251
2.33,0.36633833229314
2.3305,2.47510482979238
2.331,1.1703980066566
2.3315,-1.74407447602578
2.332,-2.24110731544118
2.3325,0.365680883548503
2.333,2.47444738095738
2.3335,1.1703980066566
2.334,-1.74341702551503
2.3345,-2.24110731544118
2.335,0.364694710431057
2.3355,2.47444738095738
2.336,1.17105545521682
2.3365,-1.74308830025997
2.337,-2.24209349223865
2.3375,0.363379812940215
2.338,2.47411865654001
2.3385,1.17237035233714
2.339,-1.74210212449604
2.3395,-2.2424222178383
2.34,0.363051088567341
2.3405,2.47444738095738
2.341,1.17302780089724
2.3415,-1.74177339924182
2.342,-2.2424222178383
2.3425,0.361407466701988
2.343,2.47411865654001
2.3435,1.1736852494573
2.344,-1.74144467398781
2.3445,-2.24275094343819
2.345,0.360750017955388
2.3455,2.47378993212271
2.346,1.17434269801732
2.3465,-1.74078722348042
2.347,-2.24373712023932
2.3475,0.3594351204614
2.348,2.47378993212271
2.3485,1.17532887085728
2.349,-1.73947232246815
2.3495,-2.24373712023932
2.35,0.3594351204614
2.3505,2.47346120770548
2.351,1.17532887085728
2.3515,-1.73947232246815
2.352,-2.2443945714413
2.3525,0.358777671714012
2.353,2.47346120770548
2.3535,1.17631504369714
2.354,-1.73815742145923
2.3545,-2.2443945714413
2.355,0.357791498592437
2.3555,2.47313248328834
2.356,1.17730121653693
2.3565,-1.73815742145923
2.357,-2.24505202264425
2.3575,0.35680532547027
2.358,2.47313248328834
2.3585,1.17795866509673
2.359,-1.73782869620753
2.3595,-2.24538074824609
2.36,0.355819152347509
2.3605,2.47313248328834
2.361,1.17894483793637
2.3615,-1.73684252045367
2.362,-2.24570947384818
2.3625,0.354832979224155
2.363,2.47280375887128
2.3635,1.17927356221623
2.364,-1.73618506995214
2.3645,-2.24636692505309
2.365,0.354504254849572
2.3655,2.47313248328834
2.366,1.18025973505575
2.3665,-1.73585634470169
2.367,-2.24702437625897
2.3675,0.353518081725425
2.368,2.4724750344543
2.3685,1.18157463217499
2.369,-1.73519889420142
2.3695,-2.24702437625897
2.37,0.352860632975664
2.3705,2.4721463100374
2.371,1.18223208073455
2.3715,-1.73454144370199
2.372,-2.24768182746583
2.3725,0.352203184225637
2.373,2.4724750344543
2.3735,1.18256080501431
2.374,-1.7338839932034
2.3745,-2.24735310186228
2.375,0.351217011100102
2.3755,2.4721463100374
2.376,1.18354697785356
2.3765,-1.73355526795442
2.377,-2.24768182746583
2.3775,0.349573389222883
2.378,2.4721463100374
2.3785,1.184204426413
2.379,-1.73289781745708
2.3795,-2.24801055306963
2.38,0.34924466484724
2.3805,2.47181758562057
2.381,1.18486187497242
2.3815,-1.73256909220872
2.382,-2.24866800427796
2.3825,0.348587216095755
2.383,2.4721463100374
2.3835,1.18584804781147
2.384,-1.73158291646491
2.3845,-2.24899672988249
2.385,0.347929767344004
2.3855,2.4721463100374
2.386,1.18683422065044
2.3865,-1.73059674072298
2.387,-2.24965418109229
2.3875,0.346943594215879
2.388,2.47148886120383
2.3885,1.18749166920971
2.389,-1.7299392902294
2.3895,-2.24965418109229
2.39,0.346286145463463
2.3905,2.47181758562057
2.391,1.18847784204854
2.3915,-1.72928183973666
2.392,-2.24998290669756
2.3925,0.34529997233434
2.393,2.47148886120383
2.3935,1.18913529060772
2.394,-1.72862438924476
2.3945,-2.25096908351482
2.395,0.344642523581257
2.3955,2.47116013678716
2.396,1.18913529060772
2.3965,-1.72829566399912
2.397,-2.25129780912106
2.3975,0.342998901697383
2.398,2.47083141237057
2.3985,1.19045018772597
2.399,-1.72796693875369
2.3995,-2.25162653472755
2.4,0.342341452943366
2.4005,2.47083141237057
2.401,1.19110763628505
2.4015,-1.72730948826346
2.402,-2.25162653472755
2.4025,0.341684004189081
2.403,2.47083141237057
2.4035,1.19209380912359
2.404,-1.72632331252968
2.4045,-2.25228398594127
2.405,0.341026555434528
2.4055,2.47017396353763
2.406,1.19242253340309
2.4065,-1.72566586204153
2.407,-2.25294143715596
2.4075,0.340040382302197
2.408,2.47050268795406
2.4085,1.19340870624153
2.409,-1.72533713679777
2.4095,-2.25294143715596
2.41,0.339054209169262
2.4105,2.46984523912129
2.411,1.19406615480045
2.4115,-1.72500841155422
2.412,-2.25359888837163
2.4125,0.338396760413637
2.413,2.47017396353763
2.4135,1.1943948790799
2.414,-1.72402223582482
2.4145,-2.25359888837163
2.415,0.337410587279696
2.4155,2.46984523912129
2.416,1.1957097761976
2.4165,-1.7233647853396
2.417,-2.25327016276367
2.4175,0.337081862901581
2.418,2.46984523912129
2.4185,1.19636722475641
2.419,-1.72270733485521
2.4195,-2.25425633958828
2.42,0.335766965388449
2.4205,2.46951651470501
2.421,1.19702467331517
2.4215,-1.72204988437165
2.422,-2.25491379080591
2.4225,0.334780792252893
2.423,2.46951651470501
2.4235,1.19833957043261
2.424,-1.72106370864788
2.4245,-2.25491379080591
2.425,0.334123343495518
2.4255,2.46885906587271
2.426,1.19866829471195
2.4265,-1.72073498340704
2.427,-2.25557124202452
2.4275,0.333465894737874
2.428,2.46918779028882
2.4285,1.1993257432706
2.429,-1.72007753292599
2.4295,-2.25589996763419
2.43,0.332479721600902
2.4305,2.46918779028882
2.431,1.20031191610852
2.4315,-1.72007753292599
2.432,-2.25622869324411
2.4325,0.331493548463322
2.433,2.46885906587271
2.4335,1.20096936466709
2.434,-1.71876263196638
2.4345,-2.25655741885427
2.435,0.330507375325133
2.4355,2.46885906587271
2.436,1.20162681322563
2.4365,-1.71843390672699
2.437,-2.25688614446468
2.4375,0.329849926566001
2.438,2.46820161704072
2.4385,1.20261298606338
2.439,-1.71777645624885
2.4395,-2.25688614446468
2.44,0.329192477806599
2.4405,2.46853034145667
2.441,1.20359915890106
2.4415,-1.7167902805332
2.442,-2.25754359568623
2.4425,0.328206304666988
2.443,2.46853034145667
2.4435,1.20392788318027
2.444,-1.71646155529507
2.4445,-2.25787232129737
2.445,0.327220131526766
2.4455,2.46820161704072
2.446,1.20491405601786
2.4465,-1.71580410481943
2.447,-2.25820104690876
2.4475,0.326562682766278
2.448,2.46787289262484
2.4485,1.20590022885538
2.449,-1.71514665434462
2.4495,-2.25852977252039
2.45,0.325576509625037
2.4505,2.46787289262484
2.451,1.20622895313453
2.4515,-1.71514665434462
2.452,-2.25852977252039
2.4525,0.325247785244487
2.453,2.46820161704072
2.4535,1.20688640169282
2.454,-1.71383175339749
2.4545,-2.25918722374439
2.455,0.32426161210243
2.4555,2.46754416820905
2.456,1.2078725745302
2.4565,-1.71350302816123
2.457,-2.25984467496938
2.4575,0.322946714578732
2.458,2.46754416820905
2.4585,1.20853002308842
2.459,-1.71284557768933
2.4595,-2.25984467496938
2.46,0.322617990197638
2.4605,2.46721544379333
2.461,1.2091874716466
2.4615,-1.71251685245369
2.462,-2.26083085180869
2.4625,0.321631817053944
2.463,2.46688671937769
2.4635,1.21017364448382
2.464,-1.71185940198304
2.4645,-2.26115957742229
2.465,0.320645643909635
2.4655,2.46721544379333
2.466,1.21050236876288
2.4665,-1.71120195151322
2.467,-2.26115957742229
2.4675,0.319988195146421
2.468,2.46688671937769
2.4685,1.21115981732098
2.469,-1.71054450104423
2.4695,-2.26214575426455
2.47,0.319002022001086
2.4705,2.46655799496213
2.471,1.21247471443708
2.4715,-1.70988705057606
2.472,-2.26181702865022
2.4725,0.317687124473015
2.473,2.46655799496213
2.4735,1.21313216299509
2.474,-1.7095583253423
2.4745,-2.26280320549395
2.475,0.317029675708568
2.4755,2.46622927054664
2.476,1.21378961155307
2.4765,-1.7082434244093
2.477,-2.26247447987913
2.4775,0.316372226943846
2.478,2.46590054613124
2.4785,1.21444706011103
2.479,-1.70791469917656
2.4795,-2.26280320549395
2.48,0.315386053796249
2.4805,2.46557182171592
2.481,1.2154332329479
2.4815,-1.70725724871172
2.482,-2.26313193110902
2.4825,0.314728605030841
2.483,2.46557182171592
2.4835,1.21609068150578
2.484,-1.70725724871172
2.4845,-2.26378938233989
2.485,0.313413707499198
2.4855,2.46557182171592
2.486,1.21674813006364
2.4865,-1.70627107301602
2.487,-2.2641181079557
2.4875,0.313084983116116
2.488,2.46524309730067
2.4885,1.21740557862146
2.489,-1.70528489732218
2.4895,-2.26444683357175
2.49,0.311770085583096
2.4905,2.46524309730067
2.491,1.21773430290036
2.4915,-1.70462744686066
2.492,-2.26477555918804
2.4925,0.311112636816172
2.493,2.4649143728855
2.4935,1.21872047573703
2.494,-1.70429872163021
2.4945,-2.26510428480459
2.495,0.310455188048972
2.4955,2.4649143728855
2.496,1.21937792429478
2.4965,-1.7033125459401
2.497,-2.26543301042137
2.4975,0.309797739281496
2.498,2.46458564847041
2.4985,1.22036409713134
2.499,-1.70298382071048
2.4995,-2.26609046165569
2.5,0.308811566129764
2.5005,2.4642569240554
2.501,1.22069282141018
2.5015,-1.70232637025186
2.502,-2.26609046165569
2.5025,0.307496668593152
2.503,2.4642569240554
2.5035,1.22200771852548
2.504,-1.70199764502285
2.5045,-2.26674791289098
2.505,0.307167944208826
2.5055,2.46392819964047
2.506,1.22266516708309
2.5065,-1.7010114693371
2.507,-2.267076638509
2.5075,0.306181771055432
2.508,2.46392819964047
2.5085,1.22365133991946
2.509,-1.70068274410892
2.5095,-2.26740536412726
2.51,0.305195597901413
2.5105,2.46359947522562
2.511,1.22398006419824
2.5115,-1.69969656842565
2.512,-2.26773408974577
2.5125,0.30420942474677
2.513,2.46359947522562
2.5135,1.22496623703453
2.514,-1.6993678431983
2.5145,-2.26806281536452
2.515,0.30355197597666
2.5155,2.46392819964047
2.516,1.22595240987076
2.5165,-1.69903911797117
2.517,-2.26904899222226
2.5175,0.302894527206273
2.518,2.46327075081085
2.5185,1.22660985842822
2.519,-1.69772421706468
2.5195,-2.269377717842
2.52,0.301908354050169
2.5205,2.46359947522562
2.521,1.22726730698565
2.5215,-1.69739549183858
2.522,-2.26904899222226
2.5225,0.300922180893439
2.523,2.46294202639615
2.5235,1.22792475554306
2.524,-1.69640931616151
2.5245,-2.269377717842
2.525,0.300593456507723
2.5255,2.46261330198153
2.526,1.22858220410044
2.5265,-1.69575186571116
2.527,-2.26970644346198
2.5275,0.299607283350155
2.528,2.46294202639615
2.5285,1.2292396526578
2.529,-1.6954231404863
2.5295,-2.27036389470269
2.53,0.29862111019196
2.5305,2.46261330198153
2.531,1.22989710121513
2.5315,-1.69509441526164
2.532,-2.27036389470269
2.5325,0.297634937033136
2.533,2.462284577567
2.5335,1.23055454977244
2.534,-1.69410823958891
2.5345,-2.27102134594438
2.535,0.296648763873682
2.5355,2.46294202639615
2.536,1.23121199832973
2.5365,-1.69377951436508
2.537,-2.27135007156559
2.5375,0.296320039487057
2.538,2.46195585315253
2.5385,1.23219817116562
2.539,-1.69279333869483
2.5395,-2.27167879718705
2.54,0.295005141939858
2.5405,2.46162712873815
2.541,1.23285561972284
2.5415,-1.69246461347182
2.542,-2.27200752280876
2.5425,0.293690244391537
2.543,2.46129840432385
2.5435,1.23351306828005
2.544,-1.69246461347182
2.5445,-2.27233624843071
2.545,0.293690244391537
2.5455,2.46064095549548
2.546,1.23417051683723
2.5465,-1.69114971258187
2.547,-2.27332242529804
2.5475,0.292046622454555
2.548,2.46129840432385
2.5485,1.23515668967296
2.549,-1.69049226213813
2.5495,-2.27299369967535
2.55,0.291717898066948
2.5505,2.46096967990963
2.551,1.23614286250863
2.5515,-1.68983481169522
2.552,-2.27365115092098
2.5525,0.290731724903704
2.553,2.46064095549548
2.5535,1.23647158678718
2.554,-1.68950608647407
2.5545,-2.27397987654416
2.555,0.289416827351727
2.5555,2.46031223108141
2.556,1.23712903534426
2.5565,-1.68884863603239
2.557,-2.27430860216759
2.5575,0.288759378575315
2.558,2.46064095549548
2.5585,1.23745775962279
2.559,-1.68819118559154
2.5595,-2.27463732779127
2.56,0.288430654187003
2.5605,2.46031223108141
2.561,1.23844393245835
2.5615,-1.68753373515151
2.562,-2.27529477903936
2.5625,0.287444481021645
2.563,2.45998350666742
2.5635,1.23910138101537
2.564,-1.68687628471231
2.5645,-2.27562350466377
2.565,0.286787032244386
2.5655,2.46031223108141
2.566,1.24008755385085
2.5665,-1.68589010905505
2.567,-2.27595223028843
2.5675,0.285472134689019
2.568,2.45998350666742
2.5685,1.24107372668628
2.569,-1.6852326586179
2.5695,-2.27562350466377
2.57,0.285143410300001
2.5705,2.45965478225351
2.571,1.24205989952166
2.5715,-1.68457520818158
2.572,-2.27595223028843
2.5725,0.284157237132521
2.573,2.45998350666742
2.5735,1.24271734807856
2.574,-1.68424648296373
2.5745,-2.2766096815385
2.575,0.283171063964402
2.5755,2.45998350666742
2.576,1.24337479663544
2.5765,-1.68358903252864
2.577,-2.2769384071639
2.5775,0.282513615185302
2.578,2.45899733342592
2.5785,1.24403224519229
2.579,-1.68326030731141
2.5795,-2.27726713278954
2.58,0.281856166405918
2.5805,2.45899733342592
2.581,1.24468969374913
2.5815,-1.68227413166094
2.582,-2.27759585841544
2.5825,0.280541268846298
2.583,2.45899733342592
2.5835,1.24567586658435
2.584,-1.68128795601233
2.5845,-2.27792458404158
2.585,0.280212544456215
2.5855,2.45866860901225
2.586,1.24666203941952
2.5865,-1.68063050558095
2.587,-2.2785820352946
2.5875,0.279226371285539
2.588,2.45833988459865
2.5885,1.24731948797628
2.589,-1.68030178036556
2.5895,-2.27891076092148
2.59,0.278568922504733
2.5905,2.45801116018513
2.591,1.24764821225465
2.5915,-1.67997305515039
2.592,-2.2792394865486
2.5925,0.27692530055147
2.593,2.45801116018513
2.5935,1.24896310936808
2.594,-1.67964432993541
2.5945,-2.27956821217598
2.595,0.276596576160603
2.5955,2.45801116018513
2.596,1.24929183364643
2.5965,-1.67832942907758
2.597,-2.2798969378036
2.5975,0.275939127378655
2.598,2.45768243577169
2.5985,1.24994928220311
2.599,-1.67832942907758
2.5995,-2.2798969378036
2.6,0.274952954205198
2.6005,2.45735371135832
2.601,1.25060673075978
2.6015,-1.67734325343637
2.602,-2.28088311468794
2.6025,0.273638056639588
2.603,2.45702498694504
2.6035,1.25159290359473
2.604,-1.67668580300992
2.6045,-2.28088311468794
2.605,0.272980607856353
2.6055,2.45702498694504
2.606,1.25192162787304
2.6065,-1.67602835258429
2.607,-2.28121184031654
2.6075,0.271994434680964
2.608,2.45735371135832
2.6085,1.25323652498624
2.609,-1.67504217694738
2.6095,-2.28121184031654
2.61,0.271336985897012
2.6105,2.45669626253183
2.611,1.25323652498624
2.6115,-1.67438472652381
2.612,-2.2818692915745
2.6125,0.270679537112774
2.613,2.45669626253183
2.6135,1.25422269782109
2.614,-1.67438472652381
2.6145,-2.28252674283344
2.615,0.270022088328248
2.6155,2.4563675381187
2.616,1.25488014637764
2.6165,-1.67339855088998
2.617,-2.28252674283344
2.6175,0.268378466365676
2.618,2.45603881370565
2.6185,1.25586631921243
2.619,-1.67306982567912
2.6195,-2.28285546846328
2.62,0.26739229318727
2.6205,2.45571008929268
2.621,1.25652376776893
2.6215,-1.67208365004775
2.622,-2.28384164535428
2.6225,0.266406120008216
2.623,2.45603881370565
2.6235,1.25718121632542
2.624,-1.67208365004775
2.6245,-2.28417037098511
2.625,0.266406120008216
2.6255,2.45603881370565
2.626,1.25816738916012
2.6265,-1.67142619962786
2.627,-2.28417037098511
2.6275,0.265419946828513
2.628,2.45538136487978
2.6285,1.25849611343834
2.629,-1.67044002399957
2.6295,-2.28449909661619
2.63,0.26443377364816
2.6305,2.45538136487978
2.631,1.25915356199478
2.6315,-1.66945384837313
2.632,-2.28515654787908
2.6325,0.263447600467158
2.633,2.45538136487978
2.6335,1.2601397348294
2.634,-1.66879639795652
2.6345,-2.28548527351089
2.635,0.262461427285504
2.6355,2.45538136487978
2.636,1.2607971833858
2.6365,-1.66846767274852
2.637,-2.28548527351089
2.6375,0.262132702891475
2.638,2.45472391605422
2.6385,1.26112590766399
2.639,-1.66813894754073
2.6395,-2.28548527351089
2.64,0.260817805314635
2.6405,2.45439519164156
2.641,1.2627695290549
2.6415,-1.66748149712576
2.642,-2.28614272477527
2.6425,0.259831632131244
2.643,2.45439519164156
2.6435,1.26342697761124
2.644,-1.66616659629828
2.6445,-2.28647145040783
2.645,0.259502907736635
2.6455,2.45373774281647
2.646,1.2637557018894
2.6465,-1.66616659629828
2.647,-2.28647145040783
2.6475,0.258516734552374
2.648,2.45373774281647
2.6485,1.26441315044571
2.649,-1.66550914588577
2.6495,-2.28712890167368
2.65,0.257530561367458
2.6505,2.45340901840405
2.651,1.26539932328016
2.6515,-1.66452297026854
2.652,-2.28745762730698
2.6525,0.257201836972341
2.653,2.45373774281647
2.6535,1.2657280475583
2.654,-1.6641942450632
2.6545,-2.28712890167368
2.655,0.255558214995664
2.6555,2.4530802939917
2.656,1.26704294467082
2.6565,-1.66353679465314
2.657,-2.28844380420836
2.6575,0.254900766204484
2.658,2.45340901840405
2.6585,1.26704294467082
2.659,-1.6628793442439
2.6595,-2.28844380420836
2.66,0.254572041808784
2.6605,2.45275156957943
2.661,1.26835784178329
2.6615,-1.66189316863157
2.662,-2.28910125547719
2.6625,0.253257144225257
2.663,2.45275156957943
2.6635,1.2686865660614
2.664,-1.66123571822437
2.6645,-2.28910125547719
2.665,0.252599695433056
2.6655,2.45242284516723
2.666,1.26967273889571
2.6665,-1.66123571822437
2.667,-2.289758706747
2.6675,0.251613522244206
2.668,2.45275156957943
2.6685,1.27065891172999
2.669,-1.66057826781799
2.6695,-2.2904161580178
2.67,0.250956073451274
2.6705,2.45275156957943
2.671,1.27131636028616
2.6715,-1.65959209220995
2.672,-2.2904161580178
2.6725,0.250298624658049
2.673,2.45242284516723
2.6735,1.27164508456424
2.674,-1.65860591660375
2.6745,-2.29074488365358
2.675,0.249312451467663
2.6755,2.45275156957943
2.676,1.27263125739846
2.6765,-1.65827719140209
2.677,-2.2910736092896
2.6775,0.248655002673706
2.678,2.45209412075512
2.6785,1.27361743023265
2.679,-1.65761974099939
2.6795,-2.2910736092896
2.68,0.247340105084912
2.6805,2.45176539634308
2.681,1.27427487878877
2.6815,-1.6569622905975
2.682,-2.29173106056238
2.6825,0.246682656290075
2.683,2.45110794751923
2.6835,1.27493232734487
2.684,-1.65597611499619
2.6845,-2.29173106056238
2.685,0.245696483097268
2.6855,2.45143667193112
2.686,1.27558977590096
2.6865,-1.65597611499619
2.687,-2.29205978619914
2.6875,0.245039034301696
2.688,2.45110794751923
2.6885,1.27657594873507
2.689,-1.65531866459634
2.6895,-2.29271723747341
2.69,0.244052861107787
2.6905,2.45110794751923
2.691,1.27723339729113
2.6915,-1.65466121419731
2.692,-2.29304596311091
2.6925,0.243066687913215
2.693,2.45077922310743
2.6935,1.27789084584718
2.694,-1.65400376379909
2.6945,-2.29337468874866
2.695,0.242080514717979
2.6955,2.4504504986957
2.696,1.27821957012521
2.6965,-1.65334631340168
2.697,-2.29403214002491
2.6975,0.241423065920787
2.698,2.4504504986957
2.6985,1.27920574295925
2.699,-1.65301758820329
2.6995,-2.29436086566341
2.7,0.240436892724445
2.7005,2.44979304987248
2.701,1.28019191579328
2.7015,-1.65203141260932
2.702,-2.29403214002491
2.7025,0.239121995128288
2.703,2.44979304987248
2.7035,1.28052064007128
2.704,-1.65137396221436
2.7045,-2.29501831694114
2.705,0.238793270729064
2.7055,2.44946432546099
2.706,1.28117808862728
2.7065,-1.65071651182021
2.707,-2.29534704258038
2.7075,0.237478373131428
2.708,2.44946432546099
2.7085,1.28183553718326
2.709,-1.65038778662344
2.7095,-2.29567576821987
2.71,0.236820924332165
2.7105,2.44979304987248
2.711,1.28282171001723
2.7115,-1.64973033623052
2.712,-2.2960044938596
2.7125,0.236163475532607
2.713,2.44913560104957
2.7135,1.28347915857319
2.714,-1.64874416064266
2.7145,-2.29633321949958
2.715,0.235177302332712
2.7155,2.44880687663823
2.716,1.28446533140712
2.7165,-1.64841543544711
2.717,-2.29633321949958
2.7175,0.234519853532411
2.718,2.44880687663823
2.7185,1.28479405568509
2.719,-1.64742925986169
2.7195,-2.29666194513981
2.72,0.233533680331403
2.7205,2.44880687663823
2.721,1.28545150424102
2.7215,-1.6464430842781
2.722,-2.29699067078029
2.7225,0.232876231530359
2.723,2.44814942781579
2.7235,1.28610895279695
2.724,-1.64578563389005
2.7245,-2.29731939642101
2.725,0.231890058328235
2.7255,2.44847815222697
2.726,1.28742384990878
2.7265,-1.64545690869634
2.727,-2.29731939642101
2.7275,0.231232609526447
2.728,2.44847815222697
2.7285,1.28808129846468
2.729,-1.64512818350282
2.7295,-2.29830557334468
2.73,0.230575160724361
2.7305,2.44782070340468
2.731,1.28873874702057
2.7315,-1.6444707331164
2.732,-2.29830557334468
2.7325,0.229588987520672
2.733,2.44749197899365
2.7335,1.2897249198544
2.734,-1.6434845575383
2.7345,-2.29863429898639
2.735,0.22827408991471
2.7355,2.44749197899365
2.736,1.29038236841027
2.7365,-1.64282710715391
2.737,-2.29896302462836
2.7375,0.22761664111128
2.738,2.4471632545827
2.7385,1.29071109268821
2.739,-1.64216965677034
2.7395,-2.29929175027057
2.74,0.226630467905576
2.7405,2.44650580576103
2.741,1.29103981696614
2.7415,-1.64184093157885
2.742,-2.29962047591303
2.7425,0.225973019101399
2.743,2.44683453017182
2.7435,1.29235471407785
2.744,-1.64118348119649
2.7445,-2.29994920155574
2.745,0.224986845894571
2.7455,2.44683453017182
2.746,1.29268343835577
2.7465,-1.64052603081495
2.747,-2.30093537848536
2.7475,0.224329397089645
2.748,2.44584835693967
2.7485,1.29366961118953
2.749,-1.63986858043421
2.7495,-2.30093537848536
2.75,0.223671948284419
2.7505,2.44584835693967
2.751,1.29432705974536
2.7515,-1.63921113005429
2.752,-2.30093537848536
2.7525,0.222357050673067
2.753,2.4455196325291
2.7535,1.2953132325791
2.754,-1.63888240486463
2.7545,-2.30126410412906
2.755,0.22169960186694
2.7555,2.4455196325291
2.756,1.29597068113492
2.7565,-1.63822495448592
2.757,-2.30159282977301
2.7575,0.221042153060513
2.758,2.4455196325291
2.7585,1.29629940541282
2.759,-1.63723877891938
2.7595,-2.30225028106165
2.76,0.220055979850308
2.7605,2.44519090811861
2.761,1.29728557824653
2.7615,-1.6365813285427
2.762,-2.30257900670635
2.7625,0.219398531043128
2.763,2.44519090811861
2.7635,1.29827175108023
2.764,-1.6355951529792
2.7645,-2.30290773235129
2.765,0.218412357831794
2.7655,2.44519090811861
2.766,1.29860047535812
2.7665,-1.6355951529792
2.767,-2.30389390928761
2.7675,0.217426184619781
2.768,2.44453345929787
2.7685,1.2995866481918
2.769,-1.63460897741752
2.7695,-2.30356518364192
2.77,0.216768735811395
2.7705,2.44453345929787
2.771,1.30024409674758
2.7715,-1.63362280185766
2.772,-2.30422263493354
2.7725,0.215782562598251
2.773,2.44420473488762
2.7735,1.30123026958124
2.774,-1.63362280185766
2.7745,-2.30422263493354
2.775,0.214467664979666
2.7755,2.44453345929787
2.776,1.30188771813701
2.7765,-1.63296535148543
2.777,-2.30488008622616
2.7775,0.214467664979666
2.778,2.44420473488762
2.7785,1.30254516669278
2.779,-1.63197917592861
2.7795,-2.30488008622616
2.78,0.213481491764934
2.7805,2.44387601047744
2.781,1.30320261524854
2.7815,-1.63165045074341
2.782,-2.30520881187284
2.7825,0.212166594144231
2.783,2.44387601047744
2.7835,1.30418878808217
2.784,-1.63000682482043
2.7845,-2.30553753751977
2.785,0.211180420927907
2.7855,2.44387601047744
2.786,1.3051749609158
2.7865,-1.63000682482043
2.787,-2.30586626316695
2.7875,0.210851696522314
2.788,2.44288983724737
2.7885,1.30550368519367
2.789,-1.62934937445265
2.7895,-2.30586626316695
2.79,0.20986552330508
2.7905,2.44321856165731
2.791,1.30648985802728
2.7915,-1.62869192408568
2.792,-2.30619498881437
2.7925,0.209536798899184
2.793,2.44321856165731
2.7935,1.30714730658302
2.794,-1.62803447371952
2.7945,-2.30685244010997
2.795,0.208221901274837
2.7955,2.4425611128375
2.796,1.30780475513876
2.7965,-1.62704829817179
2.797,-2.30718116575814
2.7975,0.207235728055779
2.798,2.44223238842771
2.7985,1.30846220369449
2.799,-1.62704829817179
2.7995,-2.30750989140656
2.8,0.206907003649274
2.8005,2.44223238842771
2.801,1.30911965225022
2.8015,-1.62606212262588
2.802,-2.30750989140656
2.8025,0.205263381615605
2.803,2.44190366401799
2.8035,1.30977710080595
2.804,-1.62606212262588
2.8045,-2.30816734270415
2.805,0.204934657208643
2.8055,2.44223238842771
2.806,1.31076327363954
2.8065,-1.62507594708179
2.807,-2.30882479400273
2.8075,0.203948483987298
2.808,2.44190366401799
2.8085,1.31142072219526
2.809,-1.62408977153951
2.8095,-2.30915351965239
2.81,0.202962310765265
2.8105,2.44157493960835
2.811,1.31240689502885
2.8115,-1.62376104635916
2.812,-2.30915351965239
2.8125,0.202304861950194
2.813,2.44157493960835
2.8135,1.31306434358457
2.814,-1.62310359599905
2.8145,-2.30981097095246
2.815,0.201318688727015
2.8155,2.44124621519879
2.816,1.31372179214028
2.8165,-1.62244614563975
2.817,-2.30981097095246
2.8175,0.200661239911179
2.818,2.44091749078931
2.8185,1.31405051641814
2.819,-1.62211742046041
2.8195,-2.31046842225353
2.82,0.199675066686851
2.8205,2.4405887663799
2.821,1.31503668925172
2.8215,-1.62113124492357
2.822,-2.31079714790444
2.8225,0.198688893461833
2.823,2.44091749078931
2.8235,1.31602286208529
2.824,-1.62047379456669
2.8245,-2.31079714790444
2.825,0.198360169053341
2.8255,2.43993131756132
2.826,1.31668031064101
2.8265,-1.61948761903288
2.827,-2.31079714790444
2.8275,0.196716547009725
2.828,2.43993131756132
2.8285,1.31700903491886
2.829,-1.61883016867802
2.8295,-2.311454599207
2.83,0.196716547009725
2.8305,2.44026004197057
2.831,1.31832393203029
2.8315,-1.61817271832396
2.832,-2.31178332485865
2.8325,0.195401649373449
2.833,2.44026004197057
2.8335,1.31898138058601
2.834,-1.61784399314723
2.8345,-2.31178332485865
2.835,0.194415476145434
2.8355,2.43993131756132
2.836,1.31963882914172
2.8365,-1.61685781761825
2.837,-2.31276950181511
2.8375,0.193758027326373
2.838,2.43927386874304
2.8385,1.32029627769744
2.839,-1.61587164209109
2.8395,-2.31244077616271
2.84,0.192771854097202
2.8405,2.43960259315214
2.841,1.32095372625316
2.8415,-1.61587164209109
2.842,-2.31276950181511
2.8425,0.192114405277369
2.843,2.43894514433402
2.8435,1.32161117480887
2.844,-1.61521419174065
2.8445,-2.31309822746776
2.845,0.191128232047041
2.8455,2.43861641992508
2.846,1.32226862336459
2.8465,-1.61455674139101
2.847,-2.3137556787738
2.8475,0.189813334405522
2.848,2.43828769551621
2.8485,1.32292607192031
2.849,-1.61357056586807
2.8495,-2.31441313008084
2.85,0.189484609994949
2.8505,2.43828769551621
2.851,1.32358352047603
2.8515,-1.61324184069416
2.852,-2.31441313008084
2.8525,0.188827161173571
2.853,2.43828769551621
2.8535,1.32424096903175
2.854,-1.61258439034694
2.8545,-2.31507058138888
2.855,0.187840987940924
2.8555,2.4376302466987
2.856,1.32522714186534
2.8565,-1.61192694000052
2.857,-2.31474185573474
2.8575,0.186526090296308
2.858,2.43730152229006
2.8585,1.32588459042107
2.859,-1.6112694896549
2.8595,-2.31539930704327
2.86,0.185868641473536
2.8605,2.4376302466987
2.861,1.3265420389768
2.8615,-1.61061203931009
2.862,-2.31539930704327
2.8625,0.185211192650452
2.863,2.4369727978815
2.8635,1.3275282118104
2.864,-1.61028331413799
2.8645,-2.31572803269791
2.865,0.183567570591385
2.8655,2.43730152229006
2.866,1.32785693608827
2.8665,-1.60896841345158
2.867,-2.3160567583528
2.8675,0.183567570591385
2.868,2.4369727978815
2.8685,1.32884310892187
2.869,-1.60896841345158
2.8695,-2.31638548400794
2.87,0.182910121767213
2.8705,2.43664407347302
2.871,1.32950055747762
2.8715,-1.60798223793888
2.872,-2.31671420966333
2.8725,0.181595224117937
2.873,2.43664407347302
2.8735,1.33015800603336
2.874,-1.60732478759808
2.8745,-2.31737166097486
2.875,0.180609050880162
2.8755,2.43598662465628
2.876,1.33081545458911
2.8765,-1.60666733725809
2.877,-2.31770038663099
2.8775,0.179951602054589
2.878,2.43598662465628
2.8785,1.33180162742274
2.879,-1.60600988691889
2.8795,-2.31737166097486
2.88,0.179294153228703
2.8805,2.43598662465628
2.881,1.33278780025638
2.8815,-1.6053524365805
2.882,-2.31802911228738
2.8825,0.17830797998929
2.883,2.43598662465628
2.8835,1.33278780025638
2.884,-1.60436626107442
2.8845,-2.31835783794402
2.885,0.177650531162623
2.8855,2.43565790024803
2.886,1.33377397309003
2.8865,-1.60403753590613
2.887,-2.3186865636009
2.8875,0.176664357922038
2.888,2.43532917583985
2.8885,1.33476014592368
2.889,-1.60338008557014
2.8895,-2.31901528925803
2.89,0.176006909094589
2.8905,2.43532917583985
2.891,1.33541759447946
2.8915,-1.60272263523496
2.892,-2.31934401491542
2.8925,0.17502073585283
2.893,2.43467172702372
2.8935,1.33607504303524
2.894,-1.60206518490057
2.8945,-2.31967274057305
2.895,0.174034562610365
2.8955,2.43434300261578
2.896,1.33673249159103
2.8965,-1.60140773456699
2.897,-2.32000146623093
2.8975,0.173377113781663
2.898,2.43467172702372
2.8985,1.33706121586893
2.899,-1.60075028423421
2.8995,-2.32033019188906
2.9,0.172719664952647
2.9005,2.4340142782079
2.901,1.33804738870262
2.9015,-1.59976410873653
2.902,-2.32098764320608
2.9025,0.171404767293673
2.903,2.4340142782079
2.9035,1.33903356153633
2.904,-1.59976410873653
2.9045,-2.32131636886496
2.905,0.170747318463714
2.9055,2.43368555380011
2.906,1.33969101009214
2.9065,-1.59877793324066
2.907,-2.32164509452409
2.9075,0.169761145218187
2.908,2.43368555380011
2.9085,1.34034845864796
2.909,-1.59812048291108
2.9095,-2.32230254584309
2.91,0.16877497197195
2.9105,2.43335682939239
2.911,1.34100590720379
2.9115,-1.5974630325823
2.912,-2.32230254584309
2.9125,0.168117523140732
2.913,2.43368555380011
2.9135,1.34166335575962
2.914,-1.59680558225432
2.9145,-2.32230254584309
2.915,0.167460074309199
2.9155,2.43302810498475
2.916,1.34264952859338
2.9165,-1.59549068160075
2.917,-2.32263127150297
2.9175,0.166473901061308
2.918,2.43302810498475
2.9185,1.34330697714923
2.919,-1.59549068160075
2.9195,-2.3229599971631
2.92,0.165487727812706
2.9205,2.43269938057718
2.921,1.34429314998301
2.9215,-1.59483323127517
2.922,-2.32328872282348
2.9225,0.164830278979909
2.923,2.43269938057718
2.9235,1.34495059853888
2.924,-1.59384705578829
2.9245,-2.32328872282348
2.925,0.163844105730122
2.9255,2.4323706561697
2.926,1.34527932281681
2.9265,-1.59351833062639
2.927,-2.32394617414498
2.9275,0.163515381313368
2.928,2.43204193176228
2.9285,1.34626549565063
2.929,-1.59253215514191
2.9295,-2.3236174484841
2.93,0.16220048364556
2.9305,2.4323706561697
2.931,1.34725166848447
2.9315,-1.59187470481992
2.932,-2.32460362546748
2.9325,0.161543034811181
2.933,2.43204193176228
2.9335,1.34758039276242
2.934,-1.59121725449873
2.9345,-2.32460362546748
2.935,0.161214310393873
2.9355,2.43171320735495
2.936,1.34856656559628
2.9365,-1.59088852933843
2.937,-2.32493235112911
2.9375,0.160228137141471
2.938,2.43138448294769
2.9385,1.3492240141522
2.939,-1.58990235385873
2.9395,-2.32526107679099
2.94,0.158913239470492
2.9405,2.4307270341334
2.941,1.35021018698609
2.9415,-1.58924490353993
2.942,-2.32591852811549
2.9425,0.157927066216423
2.943,2.43138448294769
2.9435,1.35086763554203
2.944,-1.58858745322193
2.9445,-2.32624725377811
2.945,0.157269617379979
2.9455,2.4307270341334
2.946,1.35152508409798
2.9465,-1.58760127774642
2.947,-2.32624725377811
2.9475,0.156940892961638
2.948,2.4307270341334
2.9485,1.35251125693192
2.949,-1.58694382743041
2.9495,-2.32624725377811
2.95,0.155954719706137
2.9505,2.43039830972637
2.951,1.3528399812099
2.9515,-1.5866151022727
2.952,-2.32690470510411
2.9525,0.154968546449919
2.953,2.42974086091254
2.9535,1.35349742976588
2.954,-1.5862863771152
2.9545,-2.32789088209499
2.955,0.153982373192983
2.9555,2.43006958531941
2.956,1.35448360259986
2.9565,-1.58530020164387
2.957,-2.32821960775911
2.9575,0.153324924354627
2.958,2.43006958531941
2.9585,1.35514105115587
2.959,-1.58497147648716
2.9595,-2.32821960775911
2.96,0.152338751096495
2.9605,2.42941213650574
2.961,1.35612722398989
2.9615,-1.58398530101822
2.962,-2.32821960775911
2.9625,0.151352577837643
2.963,2.42941213650574
2.9635,1.3564559482679
2.964,-1.58332785070659
2.9645,-2.32854833342349
2.965,0.151023853417865
2.9655,2.42908341209901
2.966,1.35777084537998
2.9665,-1.58234167524064
2.967,-2.32887705908811
2.9675,0.150037680158053
2.968,2.42842596328579
2.9685,1.35809956965801
2.969,-1.58201295008572
2.9695,-2.32887705908811
2.97,0.149051506897521
2.9705,2.42842596328579
2.971,1.35875701821407
2.9715,-1.58102677462215
2.972,-2.32986323608349
2.9725,0.148065333636267
2.973,2.42842596328579
2.9735,1.35974319104818
2.974,-1.58069804946802
2.9745,-2.32953451041811
2.975,0.147079160374292
2.9755,2.42809723887929
2.976,1.36007191532622
2.9765,-1.5803693243141
2.977,-2.32986323608349
2.9775,0.146092987111594
2.978,2.42711106566026
2.9785,1.36105808816037
2.979,-1.57971187400684
2.9795,-2.33019196174911
2.98,0.145435538269394
2.9805,2.42711106566026
2.981,1.36138681243842
2.9815,-1.57905442370038
2.982,-2.33052068741499
2.9825,0.144778089426872
2.983,2.42678234125407
2.9835,1.36237298527261
2.984,-1.57839697339471
2.9845,-2.33117813874749
2.985,0.143791916162486
2.9855,2.42743979006653
2.986,1.36303043382874
2.9865,-1.5774107979377
2.987,-2.33117813874749
2.9875,0.14313446731916
2.988,2.42678234125407
2.9885,1.36335915810682
2.989,-1.57675334763402
2.9895,-2.33183559008099
2.99,0.14181956963154
2.9905,2.42612489244191
2.991,1.36401660666297
2.9915,-1.57642462248247
2.992,-2.33150686441411
2.9925,0.140833396364979
2.993,2.42678234125407
2.9935,1.36500277949723
2.994,-1.57543844702904
2.9945,-2.33249304141549
2.995,0.139847223097692
2.9955,2.42612489244191
2.996,1.36533150377532
2.9965,-1.57510972187829
2.997,-2.33249304141549
2.9975,0.13918977425243
2.998,2.42612489244191
2.9985,1.36631767660962
2.999,-1.57445227157738
2.9995,-2.333150492751
3,0.138861049829678
3.0005,2.42579616803594
3.001,1.36730384944395
3.0015,-1.57412354642723
3.002,-2.33282176708312
3.0025,0.13754615213786
3.003,2.42546744363006
3.0035,1.36796129800018
3.004,-1.57313737097795
3.0045,-2.333150492751
3.005,0.136888703291466
3.0055,2.42513871922424
3.006,1.36829002227831
3.0065,-1.57247992067943
3.007,-2.33413666975613
3.0075,0.136231254444748
3.008,2.42448127041285
3.0085,1.36927619511269
3.009,-1.57149374523313
3.0095,-2.33413666975613
3.01,0.135245081174063
3.0105,2.42480999481851
3.011,1.36993364366897
3.0115,-1.57083629493659
3.012,-2.33479412109414
3.0125,0.134258907902649
3.013,2.42480999481851
3.0135,1.37091981650341
3.014,-1.57017884464083
3.0145,-2.33479412109414
3.015,0.133601459054633
3.0155,2.42448127041285
3.016,1.37124854078157
3.0165,-1.56952139434588
3.017,-2.33512284676352
3.0175,0.132944010206293
3.018,2.42415254600726
3.0185,1.37256343789422
3.019,-1.56919266919869
3.0195,-2.33512284676352
3.02,0.131629112508638
3.0205,2.42382382160175
3.021,1.3728921621724
3.0215,-1.56853521890492
3.022,-2.33545157243315
3.0225,0.130642939234543
3.023,2.42349509719632
3.0235,1.37354961072875
3.024,-1.56754904346575
3.0245,-2.33610902377316
3.025,0.130314214809681
3.0255,2.42349509719632
3.026,1.37387833500694
3.0265,-1.56689159317396
3.027,-2.33643774944354
3.0275,0.129328041534609
3.028,2.42283764838568
3.0285,1.37486450784152
3.029,-1.56623414288296
3.0295,-2.33643774944354
3.03,0.128013143833372
3.0305,2.42316637279096
3.031,1.37585068067613
3.0315,-1.56524796744794
3.032,-2.33709520078506
3.0325,0.127355694982264
3.033,2.42283764838568
3.0335,1.37650812923256
3.034,-1.56524796744794
3.0345,-2.33742392645619
3.035,0.12669824613083
3.0355,2.42283764838568
3.036,1.37683685351078
3.0365,-1.5642617920147
3.037,-2.33742392645619
3.0375,0.125712072853065
3.038,2.42185147517029
3.0385,1.37782302634546
3.039,-1.56360434172686
3.0395,-2.33775265212758
3.04,0.125054624000814
3.0405,2.42218019957535
3.041,1.37848047490194
3.0415,-1.56294689143981
3.042,-2.3384101034711
3.0425,0.124068450721823
3.043,2.42185147517029
3.0435,1.37913792345843
3.044,-1.56261816629658
3.0445,-2.3384101034711
3.045,0.123082277442096
3.0455,2.42119402636041
3.046,1.37979537201494
3.0465,-1.56196071601072
3.047,-2.33873882914323
3.0475,0.122096104161632
3.048,2.42119402636041
3.0485,1.38045282057147
3.049,-1.56163199086809
3.0495,-2.33939628048826
3.05,0.121438655307579
3.0505,2.42119402636041
3.051,1.3814389934063
3.0515,-1.56064581544137
3.052,-2.33972500616114
3.0525,0.120452482025884
3.053,2.42020785314616
3.0535,1.38242516624116
3.054,-1.55965964001642
3.0545,-2.33972500616114
3.055,0.119466308743451
3.0555,2.42053657755084
3.056,1.38275389051946
3.0565,-1.55933091487517
3.057,-2.34005373183428
3.0575,0.118808859888085
3.058,2.42020785314616
3.0585,1.38341133907606
3.059,-1.55867346459325
3.0595,-2.34038245750767
3.06,0.117822686604418
3.0605,2.42020785314616
3.061,1.38374006335437
3.0615,-1.55768728917186
3.062,-2.34038245750767
3.0625,0.116836513320012
3.063,2.41987912874156
3.0635,1.38439751191101
3.064,-1.55735856403179
3.0645,-2.34038245750767
3.065,0.116179064463329
3.0655,2.41987912874156
3.066,1.38571240902433
3.0665,-1.55670111375224
3.067,-2.34103990885521
3.0675,0.115192891177687
3.068,2.41955040433704
3.0685,1.38669858185937
3.069,-1.55571493833439
3.0695,-2.34136863452935
3.07,0.11453544232018
3.0705,2.41922167993259
3.071,1.38735603041609
3.0715,-1.5553862131955
3.072,-2.34169736020374
3.0725,0.113877993462343
3.073,2.41922167993259
3.0735,1.38801347897283
3.074,-1.55472876291832
3.0745,-2.34202608587839
3.075,0.112891820174968
3.0755,2.41856423112392
3.076,1.38867092752958
3.0765,-1.55374258750402
3.077,-2.34235481155328
3.0775,0.112234371316306
3.078,2.41856423112392
3.0785,1.38965710036475
3.079,-1.55275641209149
3.0795,-2.34268353722843
3.08,0.110919473597988
3.0805,2.41856423112392
3.081,1.38998582464315
3.0815,-1.55275641209149
3.082,-2.34301226290382
3.0825,0.110262024738333
3.083,2.41856423112392
3.0835,1.39064327319997
3.084,-1.55144151154421
3.0845,-2.34301226290382
3.085,0.109275851448229
3.0855,2.41757805791147
3.086,1.39097199747838
3.0865,-1.55111278640788
3.087,-2.34334098857947
3.0875,0.108618402587745
3.088,2.41757805791147
3.0885,1.39228689459209
3.089,-1.55045533613582
3.0895,-2.34366971425537
3.09,0.10796095372693
3.0905,2.41757805791147
3.091,1.39294434314898
3.0915,-1.54979788586454
3.092,-2.34399843993152
3.0925,0.106646056004304
3.093,2.41692060910356
3.0935,1.39327306742743
3.094,-1.54914043559404
3.0945,-2.34498461696148
3.095,0.105988607142493
3.0955,2.41659188469971
3.096,1.39360179170588
3.0965,-1.54848298532434
3.097,-2.34465589128458
3.0975,0.104673709417874
3.098,2.41659188469971
3.0985,1.39458796454128
3.099,-1.54782553505542
3.0995,-2.34531334263864
3.1,0.104016260555065
3.1005,2.41659188469971
3.101,1.39491668881976
3.1015,-1.54716808478728
3.102,-2.34531334263864
3.1025,0.103030087260228
3.103,2.41593443589225
3.1035,1.39590286165522
3.104,-1.54651063451993
3.1045,-2.3459707939937
3.105,0.102701362828449
3.1055,2.41593443589225
3.106,1.39656031021222
3.1065,-1.54618190938655
3.107,-2.34564206831604
3.1075,0.101715189532612
3.108,2.41560571148863
3.1085,1.39721775876925
3.109,-1.54519573398759
3.1095,-2.34629951967161
3.11,0.100729016236025
3.1105,2.41461953827822
3.111,1.39820393160482
3.1115,-1.54486700885499
3.112,-2.34629951967161
3.1125,0.0997428429386865
3.113,2.41461953827822
3.1135,1.39919010444045
3.114,-1.54420955859039
3.1145,-2.34695697102818
3.115,0.0990853940733768
3.1155,2.41429081387491
3.116,1.399518828719
3.1165,-1.54322338319497
3.117,-2.34695697102818
3.1175,0.0977704963417544
3.118,2.41461953827822
3.1185,1.40017627727612
3.119,-1.54289465806355
3.1195,-2.34761442238575
3.12,0.0971130474754414
3.1205,2.41429081387491
3.121,1.40083372583327
3.1215,-1.54190848267047
3.122,-2.34794314806492
3.1225,0.0964555986087937
3.123,2.41429081387491
3.1235,1.40149117439044
3.124,-1.54157975753984
3.1245,-2.34827187374433
3.125,0.0954694253081939
3.1255,2.41396208947166
3.126,1.40247734722623
3.1265,-1.54059358214912
3.127,-2.34925805078409
3.1275,0.0948119764407084
3.128,2.4133046406654
3.1285,1.40280607150484
3.129,-1.54026485701927
3.1295,-2.34892932510392
3.13,0.0938258031388511
3.1305,2.41297591626238
3.131,1.40379224434071
3.1315,-1.53894995650183
3.132,-2.34925805078409
3.1325,0.0931683542705267
3.133,2.41363336506849
3.1335,1.40444969289798
3.134,-1.53894995650183
3.1345,-2.34958677646451
3.135,0.0918534565328702
3.1355,2.41264719185944
3.136,1.40510714145528
3.1365,-1.53796378111581
3.137,-2.34958677646451
3.1375,0.0911960076635376
3.138,2.41264719185944
3.1385,1.4057645900126
3.139,-1.53730633085945
3.1395,-2.34958677646451
3.14,0.090209834358908
3.1405,2.41264719185944
3.141,1.40675076284862
3.1415,-1.53664888060386
3.142,-2.35057295350729
3.1425,0.0895523854887342
3.143,2.41264719185944
3.1435,1.40707948712731
3.144,-1.53599143034906
3.1445,-2.35090167918872
3.145,0.0885662121828417
3.1455,2.41231846745657
3.146,1.40773693568471
3.1465,-1.53500525496833
3.147,-2.35024422782611
3.1475,0.0879087633118253
3.148,2.41166101865106
3.1485,1.40872310852084
3.149,-1.53500525496833
3.1495,-2.35090167918872
3.15,0.0865938655687805
3.1505,2.41133229424842
3.151,1.40905183279957
3.1515,-1.53369035446342
3.152,-2.35123040487039
3.1525,0.0862651411328084
3.153,2.41100356984585
3.1535,1.40970928135704
3.154,-1.53336162933768
3.1545,-2.35155913055233
3.155,0.0852789678243851
3.1555,2.41100356984585
3.156,1.41069545419329
3.1565,-1.53270417908679
3.157,-2.35155913055233
3.1575,0.0842927945152012
3.158,2.41133229424842
3.1585,1.41135290275082
3.159,-1.53204672883668
3.1595,-2.35221658191694
3.16,0.0836353456419892
3.1605,2.41067484544336
3.161,1.41233907558716
3.1615,-1.53106055346299
3.162,-2.35254530759963
3.1625,0.0826491723315363
3.163,2.41034612104095
3.1635,1.41266779986596
3.164,-1.53040310321483
3.1645,-2.35254530759963
3.165,0.0816629990203214
3.1655,2.4100173966386
3.166,1.41365397270238
3.1665,-1.52974565296746
3.167,-2.35287403328257
3.1675,0.0806768257083436
3.168,2.4100173966386
3.1685,1.41464014553887
3.169,-1.52908820272087
3.1695,-2.3535314846492
3.17,0.080348101270848
3.1705,2.40935994783414
3.171,1.41529759409656
3.1715,-1.52843075247506
3.172,-2.3535314846492
3.1725,0.0793619279578522
3.173,2.4100173966386
3.1735,1.41595504265427
3.174,-1.52777330223003
3.1745,-2.35386021033289
3.175,0.0790332035200172
3.1755,2.40935994783414
3.176,1.41661249121201
3.1765,-1.52711585198578
3.177,-2.35484638738548
3.1775,0.0773895813295674
3.178,2.40968867223634
3.1785,1.41759866404868
3.179,-1.52645840174231
3.1795,-2.35484638738548
3.18,0.0770608568912224
3.1805,2.40870249902998
3.181,1.41825611260649
3.1815,-1.52580095149962
3.182,-2.35451766170103
3.1825,0.0760746835756769
3.183,2.40837377462801
3.1835,1.41825611260649
3.184,-1.52514350125771
3.1845,-2.35517511307018
3.185,0.0750885102593651
3.1855,2.40804505022612
3.186,1.41957100972219
3.1865,-1.52415732589631
3.187,-2.35517511307018
3.1875,0.0741023369422865
3.188,2.4077163258243
3.1885,1.41989973400114
3.189,-1.52349987565635
3.1895,-2.35517511307018
3.19,0.0731161636244404
3.1905,2.4077163258243
3.191,1.42088590683801
3.1915,-1.52284242541716
3.192,-2.35583256444033
3.1925,0.0721299903058262
3.193,2.40738760142256
3.1935,1.42121463111698
3.194,-1.52218497517876
3.1945,-2.3564900158115
3.195,0.0714725414263231
3.1955,2.40705887702089
3.196,1.42187207967495
3.1965,-1.52119879982262
3.197,-2.3564900158115
3.1975,0.0704863681064275
3.198,2.40673015261929
3.1985,1.42252952823294
3.199,-1.52087007470429
3.1995,-2.35747619287013
3.2,0.0698289192260695
3.2005,2.40640142821777
3.201,1.42351570106998
3.2015,-1.52021262446823
3.202,-2.35747619287013
3.2025,0.0688427459048907
3.203,2.40640142821777
3.2035,1.42417314962805
3.204,-1.51922644911559
3.2045,-2.35747619287013
3.205,0.0681852970236768
3.2055,2.40640142821777
3.206,1.42450187390709
3.2065,-1.51922644911559
3.207,-2.35813364424381
3.2075,0.0671991237012131
3.208,2.40574397941496
3.2085,1.42581677102334
3.209,-1.51856899888147
3.2095,-2.35813364424381
3.21,0.0662129503779778
3.2105,2.40541525501366
3.211,1.42614549530242
3.2115,-1.51758282353175
3.212,-2.35846236993103
3.2125,0.0658842259367277
3.213,2.40541525501366
3.2135,1.4268029438606
3.214,-1.51692537329957
3.2145,-2.35813364424381
3.215,0.0645693281708689
3.2155,2.40508653061244
3.216,1.42778911669794
3.2165,-1.51626792306817
3.217,-2.35911982130623
3.2175,0.0642406037291895
3.218,2.4047578062113
3.2185,1.42877528953533
3.219,-1.51561047283755
3.2195,-2.35911982130623
3.22,0.0629257059616119
3.2205,2.4047578062113
3.221,1.42910401381448
3.2215,-1.51462429749308
3.222,-2.35911982130623
3.2225,0.062268257077307
3.223,2.4047578062113
3.2235,1.43009018665197
3.224,-1.51429557237864
3.2245,-2.36010599837091
3.225,0.0612820837502039
3.2255,2.40442908181022
3.226,1.43074763521034
3.2265,-1.5139668472644
3.227,-2.36010599837091
3.2275,0.0606246348650378
3.228,2.40442908181022
3.2285,1.43140508376874
3.229,-1.51265194680937
3.2295,-2.36010599837091
3.23,0.0599671859795269
3.2305,2.40410035740923
3.231,1.43206253232716
3.2315,-1.51199449658302
3.232,-2.36043472405964
3.2325,0.0589810126506137
3.233,2.4037716330083
3.2335,1.43271998088562
3.234,-1.51133704635745
3.2345,-2.36043472405964
3.235,0.0579948393209237
3.2355,2.4037716330083
3.236,1.43337742944411
3.2365,-1.51035087102054
3.237,-2.36109217543786
3.2375,0.0573373904340318
3.238,2.40311418420668
3.2385,1.43469232656119
3.239,-1.50969342079691
3.2395,-2.36142090112735
3.24,0.0566799415467943
3.2405,2.40278545980598
3.241,1.43469232656119
3.2415,-1.50870724546291
3.242,-2.36174962681709
3.2425,0.0556937682152894
3.243,2.40278545980598
3.2435,1.43567849939908
3.244,-1.50837852035197
3.2445,-2.36207835250709
3.245,0.0547075948830057
3.2455,2.40245673540535
3.246,1.43633594795772
3.2465,-1.50804979524122
3.247,-2.36207835250709
3.2475,0.0543788704387379
3.248,2.40278545980598
3.2485,1.43732212079573
3.249,-1.50706361991013
3.2495,-2.36240707819733
3.25,0.0524065237713115
3.2505,2.40245673540535
3.251,1.43797956935445
3.2515,-1.50673489480015
3.252,-2.36273580388783
3.2525,0.0524065237713115
3.253,2.40179928660433
3.2535,1.4386370179132
3.254,-1.50607744458078
3.2545,-2.36306452957858
3.255,0.0510916259912923
3.2555,2.40147056220392
3.256,1.43962319075138
3.2565,-1.50509126925318
3.257,-2.36306452957858
3.2575,0.0507629015460704
3.258,2.40147056220392
3.2585,1.4399519150308
3.259,-1.50410509392732
3.2595,-2.36339325526958
3.26,0.0497767282098835
3.2605,2.40081311340334
3.261,1.44093808786908
3.2615,-1.50377636881909
3.262,-2.36372198096084
3.2625,0.0494480037643139
3.263,2.40081311340334
3.2635,1.44159553642798
3.264,-1.50344764371105
3.2645,-2.36372198096084
3.265,0.0481331059811661
3.2655,2.40081311340334
3.266,1.44225298498692
3.2665,-1.50246146838809
3.267,-2.36437943234411
3.2675,0.0471469326428912
3.268,2.40048438900316
3.2685,1.44291043354589
3.269,-1.50180401817375
3.2695,-2.36470815803612
3.27,0.0458320348573049
3.2705,2.40015566460306
3.271,1.44356788210489
3.2715,-1.50081784285369
3.272,-2.36503688372839
3.2725,0.0455033104106903
3.273,2.39982694020303
3.2735,1.4438966063844
3.274,-1.50048911774739
3.2745,-2.3653656094209
3.275,0.0448458615171995
3.2755,2.39982694020303
3.276,1.444882779223
3.2765,-1.49983166753537
3.277,-2.3653656094209
3.2775,0.0432022392819446
3.278,2.39916949140319
3.2785,1.44554022778211
3.279,-1.49884549221879
3.2795,-2.36569433511367
3.28,0.0428735148346315
3.2805,2.39916949140319
3.281,1.44652640062083
3.2815,-1.49851676711365
3.282,-2.36569433511367
3.2825,0.0418873414921677
3.283,2.39851204260365
3.2835,1.44652640062083
3.284,-1.49785931690394
3.2845,-2.3660230608067
3.285,0.0409011681489166
3.2855,2.39884076700338
3.286,1.44751257345964
3.2865,-1.49720186669501
3.287,-2.36635178649997
3.2875,0.0405724437009912
3.288,2.39818331820398
3.2885,1.44849874629852
3.289,-1.49621569138307
3.2895,-2.36700923788728
3.29,0.0392575459084135
3.2905,2.3978545938044
3.291,1.44948491913749
3.2915,-1.49555824117607
3.292,-2.36700923788728
3.2925,0.0386000970115988
3.293,2.39752586940489
3.2935,1.44981364341716
3.294,-1.49522951607286
3.2945,-2.36700923788728
3.295,0.0372851992169166
3.2955,2.39752586940489
3.296,1.45014236769685
3.2965,-1.49457206586701
3.297,-2.36799541497014
3.2975,0.0366277503190488
3.298,2.39752586940489
3.2985,1.45112854053595
3.299,-1.4935858905597
3.2995,-2.3676666892756
3.3,0.0356415769715883
3.3005,2.3965396962068
3.301,1.45145726481567
3.3015,-1.49259971525411
3.302,-2.36832414066493
3.3025,0.0349841280728418
3.303,2.39686842060609
3.3035,1.45244343765488
3.304,-1.49227099015264
3.3045,-2.36865286635997
3.305,0.0343266791737434
3.3055,2.39686842060609
3.306,1.4531008862144
3.3065,-1.49194226505136
3.307,-2.36898159205527
3.3075,0.0333405058244358
3.308,2.39621097180758
3.3085,1.45408705905375
3.309,-1.49095608974866
3.3095,-2.36898159205527
3.31,0.0323543324743356
3.3105,2.39588224740844
3.311,1.45441578333356
3.3115,-1.4899699144477
3.312,-2.36931031775082
3.3125,0.0320256080241259
3.313,2.39588224740844
3.3135,1.45507323189319
3.314,-1.4899699144477
3.3145,-2.36931031775082
3.315,0.0307107102224055
3.3155,2.39555352300937
3.316,1.45573068045286
3.3165,-1.48898373914848
3.317,-2.36996776914268
3.3175,0.0303819857717548
3.318,2.39489607421145
3.3185,1.45671685329244
3.319,-1.48865501404912
3.3195,-2.37029649483899
3.32,0.0293958124192731
3.3205,2.39489607421145
3.321,1.4577030261321
3.3215,-1.48734011365362
3.322,-2.37095394623236
3.3225,0.0277521901633699
3.323,2.39489607421145
3.3235,1.45836047469192
3.324,-1.48668266345702
3.3245,-2.37062522053555
3.325,0.0270947412603895
3.3255,2.39456734981261
3.326,1.45868919897185
3.3265,-1.48602521326119
3.327,-2.37095394623236
3.3275,0.0267660168087666
3.328,2.39358117661651
3.3285,1.45901792325179
3.329,-1.48536776306613
3.3295,-2.37095394623236
3.33,0.0254511190013897
3.3305,2.39423862541384
3.331,1.46000409609165
3.3315,-1.48438158777498
3.332,-2.37161139762675
3.3325,0.0247936700971696
3.333,2.39358117661651
3.3335,1.46066154465161
3.334,-1.48405286267832
3.3345,-2.37161139762675
3.335,0.0241362211925949
3.3355,2.39358117661651
3.336,1.46164771749162
3.3365,-1.48306668738947
3.337,-2.37161139762675
3.3375,0.022821323382381
3.338,2.39292372781948
3.3385,1.46230516605168
3.339,-1.48273796229358
3.3395,-2.37292630041856
3.34,0.0221638744767414
3.3405,2.39292372781948
3.341,1.46263389033172
3.3415,-1.48208051210236
3.342,-2.37259757472023
3.3425,0.0211777011176157
3.343,2.39226627902275
3.3435,1.46362006317191
3.344,-1.48142306191191
3.3445,-2.37292630041856
3.345,0.0205202522110874
3.3455,2.39259500342108
3.346,1.463948787452
3.3465,-1.48076561172223
3.347,-2.37325502611714
3.3475,0.0198628033042033
3.348,2.39193755462449
3.3485,1.46493496029231
3.349,-1.48043688662767
3.3495,-2.37292630041856
3.35,0.0188766299432097
3.3505,2.39226627902275
3.351,1.46526368457243
3.3515,-1.47945071134516
3.352,-2.37325502611714
3.3525,0.0178904565814145
3.353,2.3912801058282
3.3535,1.46624985741286
3.354,-1.47846453606438
3.3545,-2.37391247751507
3.355,0.0169042832188172
3.3555,2.39160883022631
3.356,1.4669073059732
3.3565,-1.47813581097117
3.357,-2.37424120321442
3.3575,0.016246834309973
3.358,2.3912801058282
3.3585,1.468222203094
3.359,-1.47714963569269
3.3595,-2.37456992891402
3.36,0.0152606609460374
3.3605,2.39029393263432
3.361,1.468222203094
3.3615,-1.47616346041593
3.362,-2.37456992891402
3.3625,0.0146032120363005
3.363,2.3906226570322
3.3635,1.46887965165447
3.364,-1.47616346041593
3.3645,-2.37522738031397
3.365,0.0139457631262062
3.3655,2.3906226570322
3.366,1.46986582449524
3.3665,-1.4751772851409
3.367,-2.37489865461387
3.3675,0.0126308653049446
3.368,2.39029393263432
3.3685,1.4705232730558
3.369,-1.47484856004961
3.3695,-2.37555610601433
3.37,0.011973416393777
3.3705,2.39029393263432
3.371,1.47150944589673
3.3715,-1.47419110986759
3.372,-2.37588483171494
3.3725,0.010987243026354
3.373,2.38930775944109
3.3735,1.47183817017706
3.374,-1.47320493459601
3.3745,-2.37588483171494
3.375,0.0106585185703672
3.3755,2.38930775944109
3.376,1.47249561873776
3.3765,-1.47254748441591
3.377,-2.37654228311692
3.3775,0.00934362074552336
3.378,2.38930775944109
3.3785,1.47282434301812
3.379,-1.47189003423657
3.3795,-2.37654228311692
3.38,0.00901489628908818
3.3805,2.38865031064598
3.381,1.47381051585927
3.3815,-1.470903858969
3.382,-2.37719973451991
3.3825,0.00835744737594857
3.383,2.38865031064598
3.3835,1.47413924013967
3.384,-1.47024640879158
3.3845,-2.37687100881829
3.385,0.00737127400556577
3.3855,2.38832158624853
3.386,1.47512541298095
3.3865,-1.46958895861492
3.387,-2.37785718592392
3.3875,0.00671382509152801
3.388,2.38799286185116
3.3885,1.47578286154186
3.389,-1.4682740582639
3.3895,-2.37752846022179
3.39,0.00605637617713067
3.3905,2.38733541305663
3.391,1.4770977586638
3.3915,-1.4682740582639
3.392,-2.3781859116263
3.3925,0.00507020280486009
3.393,2.38700668865948
3.3935,1.4770977586638
3.394,-1.46728788300264
3.3945,-2.37785718592392
3.395,0.00441275388956303
3.3955,2.38700668865948
3.396,1.47808393150538
3.3965,-1.46663043282942
3.397,-2.37851463732894
3.3975,0.003426580515942
3.398,2.3866779642624
3.3985,1.47841265578592
3.399,-1.4663017077431
3.3995,-2.37884336303183
3.4,0.00276913159974407
3.4005,2.38634923986539
3.401,1.47939882862763
3.4015,-1.46531553248527
3.402,-2.37917208873498
3.4025,0.0021116826831855
3.403,2.38634923986539
3.4035,1.47972755290822
3.404,-1.46498680739971
3.4045,-2.37982954014203
3.405,0.000796784848985641
3.4055,2.38602051546845
3.406,1.48071372575006
3.4065,-1.46400063214418
3.407,-2.37917208873498
3.4075,0.00013933593134402
3.408,2.38569179107159
3.4085,1.48137117431134
3.409,-1.46400063214418
3.4095,-2.38015826584593
3.41,-0.000189388527612314
3.4105,2.38536306667481
3.411,1.48202862287266
3.4115,-1.46301445689036
3.412,-2.38015826584593
3.4125,-0.00150428636434149
3.413,2.38536306667481
3.4135,1.48235734715334
3.414,-1.46202828163826
3.4145,-2.38048699155009
3.415,-0.00216173528324876
3.4155,2.38470561788145
3.416,1.48334351999545
3.4165,-1.46104210638787
3.417,-2.3808157172545
3.4175,-0.00347663312214948
3.418,2.38470561788145
3.4185,1.48432969283766
3.419,-1.46104210638787
3.4195,-2.38114444295917
3.42,-0.0041340820421433
3.4205,2.38470561788145
3.421,1.48465841711842
3.4215,-1.4600559311392
3.422,-2.38114444295917
3.4225,-0.0054489798832188
3.423,2.38404816908839
3.4235,1.48564458996077
3.424,-1.45874103081031
3.4245,-2.38147316866409
3.425,-0.00577770434371443
3.4255,2.38339072029562
3.426,1.48695948708406
3.4265,-1.45874103081031
3.427,-2.38180189436926
3.4275,-0.00643515326497797
3.428,2.38371944469197
3.4285,1.48728821136491
3.429,-1.45775485556564
3.4295,-2.38245934578036
3.43,-0.00709260218660472
3.4305,2.38339072029562
3.431,1.48761693564577
3.4315,-1.45742613048446
3.432,-2.3827880714863
3.4325,-0.00840750003094846
3.433,2.38339072029562
3.4335,1.48827438420753
3.434,-1.45676868032268
3.4345,-2.38213062007468
3.435,-0.00906494895366582
3.4355,2.38306199589934
3.436,1.48893183276934
3.4365,-1.45578250508143
3.437,-2.3827880714863
3.4375,-0.0100511223384242
3.438,2.38273327150314
3.4385,1.48991800561214
3.439,-1.45512505492155
3.4395,-2.38311679719249
3.44,-0.0110372957240021
3.4405,2.38207582271096
3.441,1.4902467298931
3.4415,-1.45479632984189
3.442,-2.38344552289893
3.4425,-0.0116947446481761
3.443,2.38207582271096
3.4435,1.49090417845505
3.444,-1.45348142952517
3.4445,-2.38344552289893
3.445,-0.012680918035121
3.4455,2.38141837391906
3.446,1.49189035129806
3.4465,-1.45315270444647
3.447,-2.38410297431257
3.4475,-0.0133383669602069
3.448,2.38108964952323
3.4485,1.49254779986013
3.449,-1.4521665292115
3.4495,-2.38443170001977
3.45,-0.0143245403485204
3.4505,2.38076092512746
3.451,1.49287652414118
3.4515,-1.45183780413355
3.452,-2.38476042572723
3.4525,-0.015310713737656
3.453,2.38108964952323
3.4535,1.49353397270333
3.454,-1.45118035397823
3.4545,-2.38508915143494
3.455,-0.015639438200884
3.4555,2.38076092512746
3.456,1.49452014554663
3.4565,-1.45052290382367
3.457,-2.38443170001977
3.4575,-0.0169543360547103
3.458,2.38076092512746
3.4585,1.49484886982775
3.459,-1.44920800351683
3.4595,-2.38508915143494
3.46,-0.0179405094460409
3.4605,2.38010347633615
3.461,1.49550631839004
3.4615,-1.44855055336454
3.462,-2.38541787714291
3.4625,-0.0185979583740526
3.463,2.37977475194061
3.4635,1.49682121551476
3.464,-1.44822182828869
3.4645,-2.38574660285112
3.465,-0.0195841317667573
3.4655,2.37977475194061
3.466,1.49747866407719
3.4665,-1.44723565306225
3.467,-2.38574660285112
3.4675,-0.0202415806956856
3.468,2.37944602754513
3.4685,1.49813611263967
3.469,-1.44657820291224
3.4695,-2.38574660285112
3.47,-0.0208990296249808
3.4705,2.37911730314973
3.471,1.4987935612022
3.4715,-1.44624947783752
3.472,-2.3860753285596
3.4725,-0.0218852030196121
3.473,2.37911730314973
3.4735,1.49912228548349
3.474,-1.4452633026145
3.4745,-2.3860753285596
3.475,-0.0228713764150702
3.4755,2.37845985435915
3.476,1.4997797340461
3.4765,-1.44460585246677
3.477,-2.3867327799773
3.4775,-0.023528825345835
3.478,2.37845985435915
3.4785,1.50109463117146
3.479,-1.44329095217358
3.4795,-2.3867327799773
3.48,-0.0245149987426723
3.4805,2.37845985435915
3.481,1.50142335545283
3.4815,-1.44329095217358
3.482,-2.38739023139603
3.4825,-0.0255011721403378
3.483,2.37780240556886
3.4835,1.50240952829702
3.484,-1.44263350202811
3.4845,-2.38739023139603
3.485,-0.0261586210725753
3.4855,2.37747368117382
3.486,1.50273825257844
3.4865,-1.44197605188341
3.487,-2.38804768281577
3.4875,-0.0268160700051814
3.488,2.37714495677886
3.4885,1.50339570114133
3.489,-1.44066115159627
3.4895,-2.38804768281577
3.49,-0.027802243404782
3.4905,2.37714495677886
3.491,1.50438187398575
3.4915,-1.44000370145384
3.492,-2.38870513423652
3.4925,-0.028788416805213
3.493,2.37714495677886
3.4935,1.50503932254876
3.494,-1.43967497638291
3.4945,-2.38804768281577
3.495,-0.0294458657392952
3.4955,2.37648750798915
3.496,1.50569677111182
3.4965,-1.43901752624161
3.497,-2.38870513423652
3.4975,-0.0304320391411115
3.498,2.3761587835944
3.4985,1.50602549539337
3.499,-1.43836007610106
3.4995,-2.38903385994728
3.5,-0.0314182125437597
3.5005,2.37550133480513
3.501,1.5070116682381
3.5015,-1.43770262596128
3.502,-2.38903385994728
3.5025,-0.0324043859472405
3.503,2.3751726104106
3.5035,1.5073403925197
3.504,-1.43704517582224
3.5045,-2.38969131136956
3.505,-0.0333905593515545
3.5055,2.37451516162176
3.506,1.50832656536459
3.5065,-1.43638772568397
3.507,-2.38969131136956
3.5075,-0.034048008288227
3.508,2.37484388601614
3.5085,1.50865528964624
3.509,-1.43573027554645
3.5095,-2.39034876279286
3.51,-0.035034181693931
3.5105,2.37418643722745
3.511,1.50931273820959
3.5115,-1.43474410034158
3.512,-2.39067748850489
3.5125,-0.0356916306315307
3.513,2.37418643722745
3.5135,1.51062763533645
3.514,-1.43375792513842
3.5145,-2.39067748850489
3.515,-0.0363490795695017
3.5155,2.37418643722745
3.516,1.51095635961819
3.5165,-1.43375792513842
3.517,-2.39100621421717
3.5175,-0.0373352529771545
3.518,2.37385771283321
3.5185,1.51161380818173
3.519,-1.43277174993695
3.5195,-2.39100621421717
3.52,-0.0383214263856436
3.5205,2.37320026404495
3.521,1.51227125674531
3.5215,-1.43178557473718
3.522,-2.39133493992971
3.5225,-0.0386501508553259
3.523,2.37320026404495
3.5235,1.51292870530895
3.524,-1.43145684967096
3.5245,-2.3916636656425
3.525,-0.0396363242649308
3.5255,2.37287153965093
3.526,1.51358615387264
3.5265,-1.43047067447345
3.527,-2.39100621421717
3.5275,-0.0406224976753735
3.528,2.37287153965093
3.5285,1.51424360243639
3.529,-1.42981322434272
3.5295,-2.39232111706885
3.53,-0.0419373955572677
3.5305,2.37221409086311
3.531,1.51555849956405
3.5315,-1.42915577421275
3.532,-2.39199239135555
3.5325,-0.0422661200279743
3.533,2.37221409086311
3.5335,1.51588722384599
3.534,-1.42849832408352
3.5345,-2.39264984278241
3.535,-0.0435810179117334
3.5355,2.37155664207557
3.536,1.51621594812796
3.5365,-1.42784087395506
3.537,-2.39199239135555
3.5375,-0.0439097423829065
3.538,2.37122791768191
3.5385,1.51687339669192
3.539,-1.4275121488911
3.5395,-2.39297856849622
3.54,-0.0452246402685326
3.5405,2.37122791768191
3.541,1.51753084525594
3.5415,-1.42652597370037
3.542,-2.39297856849622
3.5425,-0.0462108136837335
3.543,2.37057046889481
3.5435,1.51818829382001
3.544,-1.42586852357416
3.5445,-2.39297856849622
3.545,-0.0468682626276683
3.5455,2.37057046889481
3.546,1.51950319094832
3.5465,-1.42488234838626
3.547,-2.3936360199246
3.5475,-0.0478544360442723
3.548,2.37024174450137
3.5485,1.51983191523043
3.549,-1.424553623324
3.5495,-2.394293471354
3.55,-0.0485118849891431
3.5505,2.36991302010799
3.551,1.52081808807685
3.5515,-1.42356744813835
3.552,-2.394293471354
3.5525,-0.0491693339343886
3.553,2.3695842957147
3.5535,1.52114681235902
3.554,-1.42290999801552
3.5545,-2.39495092278442
3.555,-0.0498267828800091
3.5555,2.3695842957147
3.556,1.5218042609234
3.5565,-1.42258127295439
3.557,-2.39462219706909
3.5575,-0.0508129562991431
3.558,2.36925557132147
3.5585,1.52246170948783
3.559,-1.42159509777212
3.5595,-2.39527964850002
3.56,-0.0517991297191217
3.5605,2.36925557132147
3.561,1.52344788233459
3.5615,-1.42093764765155
3.562,-2.39527964850002
3.5625,-0.0527853031399454
3.563,2.36892684692832
3.5635,1.52377660661687
3.564,-1.42028019753173
3.5645,-2.39527964850002
3.565,-0.053442752087631
3.5655,2.36826939814222
3.566,1.5247627794638
3.5665,-1.41896529729434
3.567,-2.39593709993196
3.5675,-0.0541002010356928
3.568,2.36859812253523
3.5685,1.52509150374613
3.569,-1.41863657223546
3.5695,-2.39593709993196
3.57,-0.0550863744584909
3.5705,2.36794067374928
3.571,1.52607767659323
3.5715,-1.41797912211827
3.572,-2.39593709993196
3.5725,-0.0560725478821362
3.573,2.36761194935642
3.5735,1.52640640087562
3.574,-1.41699294694389
3.5745,-2.39626582564832
3.575,-0.0573874457816488
3.5755,2.3669545005709
3.576,1.52739257372289
3.5765,-1.41699294694389
3.577,-2.3969232770818
3.5775,-0.0577161702567627
3.578,2.3669545005709
3.5785,1.52837874657029
3.579,-1.415678046714
3.5795,-2.3969232770818
3.58,-0.0583736192072733
3.5805,2.36662577617825
3.581,1.52903619513529
3.5815,-1.415349321657
3.582,-2.39725200279891
3.5825,-0.059688517109427
3.583,2.36629705178567
3.5835,1.52936491941781
3.584,-1.41436314648712
3.5845,-2.39725200279891
3.585,-0.0603459660610704
3.5855,2.36629705178567
3.586,1.53035109226547
3.5865,-1.41403442143086
3.587,-2.39790945423392
3.5875,-0.0610034150130919
3.588,2.36596832739317
3.5885,1.53067981654805
3.589,-1.41337697131892
3.5895,-2.3982381799518
3.59,-0.0619895884418331
3.5905,2.36563960300073
3.591,1.53133726511326
3.5915,-1.41239079615241
3.592,-2.39790945423392
3.5925,-0.0633044863481459
3.593,2.36498215421608
3.5935,1.53232343796118
3.594,-1.41173334604233
3.5945,-2.3982381799518
3.595,-0.0636332108249608
3.5955,2.36531087860837
3.596,1.53298088652654
3.5965,-1.41107589593301
3.597,-2.39856690566994
3.5975,-0.0642906597788748
3.598,2.36465342982386
3.5985,1.53330961080923
3.599,-1.41008972077043
3.5995,-2.3982381799518
3.6,-0.0656055576878401
3.6005,2.36432470543171
3.601,1.53396705937468
3.6015,-1.40943227066298
3.602,-2.39955308282589
3.6025,-0.0662630066428917
3.603,2.36366725664763
3.6035,1.53495323222295
3.604,-1.40877482055627
3.6045,-2.39955308282589
3.605,-0.066920455598323
3.6055,2.36366725664763
3.606,1.53528195650574
3.6065,-1.4084460955032
3.607,-2.39955308282589
3.6075,-0.067906629032182
3.608,2.36366725664763
3.6085,1.53593940507136
3.609,-1.40713119529278
3.6095,-2.40021053426446
3.61,-0.0688928024668961
3.6105,2.3633385322557
3.611,1.53692557791991
3.6115,-1.40713119529278
3.612,-2.40021053426446
3.6125,-0.0695502514238476
3.613,2.36300980786384
3.6135,1.53758302648568
3.614,-1.40581629508535
3.6145,-2.40053925998413
3.615,-0.0705364248599882
3.6155,2.36235235908034
3.616,1.53824047505151
3.6165,-1.40548757003396
3.617,-2.40086798570405
3.6175,-0.0715225982969856
3.618,2.36235235908034
3.6185,1.5388979236174
3.619,-1.40483011993174
3.6195,-2.40086798570405
3.62,-0.0725087717348403
3.6205,2.36235235908034
3.621,1.53955537218335
3.6215,-1.40450139488091
3.622,-2.40119671142423
3.6225,-0.0728374962143158
3.623,2.36202363468869
3.6235,1.5405415450324
3.624,-1.40351521972954
3.6245,-2.40119671142423
3.625,-0.0738236696533146
3.6255,2.36169491029712
3.626,1.54087026931544
3.6265,-1.40285776962956
3.627,-2.4021828885863
3.6275,-0.0748098430931721
3.628,2.36202363468869
3.6285,1.54152771788158
3.629,-1.40187159448099
3.6295,-2.4021828885863
3.63,-0.0754672920535544
3.6305,2.36136618590561
3.631,1.54218516644777
3.6315,-1.40121414438287
3.632,-2.4021828885863
3.6325,-0.0767821899754657
3.633,2.36103746151418
3.6335,1.54317133929719
3.634,-1.4005566942855
3.6345,-2.4021828885863
3.635,-0.077439638936995
3.6355,2.36070873712282
3.636,1.54382878786354
3.6365,-1.39957051914085
3.637,-2.40284034002895
3.6375,-0.0784258123800064
3.638,2.36038001273154
3.6385,1.54415751214674
3.639,-1.399241794093
3.6395,-2.40284034002895
3.64,-0.0790832613424927
3.6405,2.36005128834032
3.641,1.54514368499643
3.6415,-1.39825561895058
3.642,-2.40316906575066
3.6425,-0.0800694347869405
3.643,2.36005128834032
3.6435,1.54580113356296
3.644,-1.39726944380983
3.6445,-2.40316906575066
3.645,-0.0807268837503849
3.6455,2.36005128834032
3.646,1.54645858212956
3.6465,-1.39694071876329
3.647,-2.40316906575066
3.6475,-0.0820417816784245
3.648,2.3590651151671
3.6485,1.54744475497958
3.649,-1.39562581857898
3.6495,-2.40316906575066
3.65,-0.0823705061606742
3.6505,2.35873639077617
3.651,1.54810220354634
3.6515,-1.39562581857898
3.652,-2.40316906575066
3.6525,-0.0830279551254619
3.653,2.35873639077617
3.6535,1.54843092782974
3.654,-1.39496836848794
3.6545,-2.40382651719484
3.655,-0.0840141285733637
3.6555,2.35840766638531
3.656,1.5490883763966
3.6565,-1.3936534683081
3.657,-2.40448396864004
3.6575,-0.0846715775391122
3.658,2.35840766638531
3.6585,1.54974582496351
3.659,-1.39299601821929
3.6595,-2.40415524291731
3.66,-0.0859864754717631
3.6605,2.35775021760381
3.661,1.55007454924699
3.6615,-1.39266729317517
3.662,-2.40415524291731
3.6625,-0.0866439244386661
3.663,2.35676404443209
3.6635,1.55106072209754
3.664,-1.39233856813123
3.6645,-2.40514142008627
3.665,-0.0876300978897427
3.6655,2.35709276882259
3.666,1.55171817066464
3.6665,-1.39135239300053
3.667,-2.40481269436303
3.6675,-0.0882875468576089
3.668,2.35676404443209
3.6685,1.55204689494822
3.669,-1.3903662178715
3.6695,-2.40547014580976
3.67,-0.0896024447944983
3.6705,2.35676404443209
3.671,1.55303306779905
3.6715,-1.38970876778641
3.672,-2.40547014580976
3.6725,-0.089931169278962
3.673,2.3561065956513
3.6735,1.55369051636635
3.674,-1.38938004274414
3.6745,-2.40579887153351
3.675,-0.0912460672177816
3.6755,2.3561065956513
3.676,1.55434796493372
3.6765,-1.38839386761845
3.677,-2.40579887153351
3.6775,-0.091903516187771
3.678,2.35577787126101
3.6785,1.55467668921743
3.679,-1.38740769249443
3.6795,-2.40612759725752
3.68,-0.0925609651581471
3.6805,2.35577787126101
3.681,1.55599158635242
3.6815,-1.38675024241268
3.682,-2.40612759725752
3.6825,-0.0935471386144365
3.683,2.35544914687079
3.6835,1.55697775920383
3.684,-1.38609279233167
3.6845,-2.40678504870629
3.685,-0.0942045875857799
3.6855,2.35446297370057
3.686,1.55730648348767
3.6865,-1.38510661721155
3.687,-2.40711377443107
3.6875,-0.0951907610435211
3.688,2.35446297370057
3.6885,1.55796393205539
3.689,-1.38444916713239
3.6895,-2.40744250015609
3.69,-0.0961769345021343
3.6905,2.35446297370057
3.691,1.55829265633928
3.6915,-1.38346299201505
3.692,-2.40744250015609
3.6925,-0.0968343834750278
3.693,2.35413424931063
3.6935,1.5589501049071
3.694,-1.38313426697631
3.6945,-2.40777122588138
3.695,-0.0978205569350956
3.6955,2.35347680053098
3.696,1.55927882919104
3.6965,-1.38247681689937
3.697,-2.40809995160691
3.6975,-0.0984780059089594
3.698,2.35281935175161
3.6985,1.56059372632695
3.699,-1.38214809186119
3.6995,-2.40842867733271
3.7,-0.0991354548832116
3.7005,2.35314807614126
3.701,1.56092245061097
3.7015,-1.38149064178536
3.702,-2.40842867733271
3.7025,-0.100121628345319
3.703,2.35249062736204
3.7035,1.56157989917906
3.704,-1.38017574163594
3.7045,-2.40908612878506
3.705,-0.101436526296156
3.7055,2.35216190297253
3.706,1.56223734774722
3.7065,-1.37984701659905
3.707,-2.40908612878506
3.7075,-0.102422699760305
3.708,2.35183317858309
3.7085,1.56322352059958
3.709,-1.37886084148948
3.7095,-2.40908612878506
3.71,-0.10275142424855
3.7105,2.35117572980443
3.711,1.5638809691679
3.7115,-1.37820339141736
3.712,-2.40941485451162
3.7125,-0.104066322202503
3.713,2.35150445419373
3.7135,1.5645384177363
3.714,-1.37787466638157
3.7145,-2.40974358023844
3.715,-0.104395046691234
3.7155,2.35117572980443
3.716,1.56486714202052
3.7165,-1.37721721631056
3.717,-2.41007230596551
3.7175,-0.105381220158015
3.718,2.35117572980443
3.7185,1.56585331487328
3.719,-1.37655976624029
3.7195,-2.41007230596551
3.72,-0.106038669136357
3.7205,2.35084700541521
3.721,1.5668394877262
3.7215,-1.37524486610196
3.722,-2.41040103169284
3.7225,-0.107353567094212
3.723,2.35051828102606
3.7235,1.56716821201054
3.724,-1.3745874160339
3.7245,-2.41040103169284
3.725,-0.108011016073725
3.7255,2.35018955663698
3.726,1.5674969362949
3.7265,-1.37392996596658
3.727,-2.41105848314826
3.7275,-0.108997189543729
3.728,2.34986083224797
3.7285,1.56815438486367
3.729,-1.3736012409332
3.7295,-2.41072975742042
3.73,-0.109325914033926
3.7305,2.34953210785903
3.731,1.56914055771695
3.7315,-1.37294379086699
3.732,-2.41138720887635
3.7325,-0.110640811995692
3.733,2.34887465908136
3.7335,1.56979800628588
3.734,-1.37195761576905
3.7345,-2.41105848314826
3.735,-0.111298260977163
3.7355,2.34821721030397
3.736,1.57045545485489
3.7365,-1.37130016570469
3.737,-2.4120446603333
3.7375,-0.112284434450104
3.738,2.34821721030397
3.7385,1.57012673057038
3.739,-1.37064271564106
3.7395,-2.4117159346047
3.74,-0.113270607923927
3.7405,2.34821721030397
3.741,1.57177035199312
3.7415,-1.37031399060952
3.742,-2.4120446603333
3.7425,-0.114256781398634
3.743,2.34755976152687
3.7435,1.57242780056233
3.744,-1.36932781551601
3.7445,-2.4120446603333
3.745,-0.114914230382263
3.7455,2.34755976152687
3.746,1.57242780056233
3.7465,-1.36834164042416
3.747,-2.41237338606217
3.7475,-0.115571679366284
3.748,2.34723103713843
3.7485,1.57341397341629
3.749,-1.36801291539391
3.7495,-2.41303083752066
3.75,-0.116557852843054
3.7505,2.34690231275005
3.751,1.5744001462704
3.7515,-1.36735546533397
3.752,-2.41335956325028
3.7525,-0.117544026320708
3.753,2.34624486397351
3.7535,1.57472887055514
3.754,-1.36636929024543
3.7545,-2.41335956325028
3.755,-0.118201475306303
3.7555,2.34591613958535
3.756,1.57571504340947
3.7565,-1.36571184018733
3.757,-2.41303083752066
3.7575,-0.118858924292292
3.758,2.34591613958535
3.7585,1.57604376769428
3.759,-1.36505439012996
3.7595,-2.41401701471031
3.76,-0.119845097772015
3.7605,2.34558741519726
3.761,1.57702994054881
3.7615,-1.36406821504529
3.762,-2.41368828898017
3.7625,-0.120831271252624
3.763,2.34525869080924
3.7635,1.57735866483369
3.764,-1.36341076498976
3.7645,-2.4143457404407
3.765,-0.121817444734121
3.7655,2.34558741519726
3.766,1.57801611340351
3.7665,-1.36275331493497
3.767,-2.41467446617136
3.7675,-0.122146169228151
3.768,2.3446012420334
3.7685,1.57900228625837
3.769,-1.36209586488091
3.7695,-2.4143457404407
3.77,-0.123461067205257
3.7705,2.3446012420334
3.771,1.57933101054336
3.7715,-1.36110968980121
3.772,-2.41533191763343
3.7725,-0.124447240689125
3.773,2.3446012420334
3.7735,1.58031718339843
3.774,-1.36045223974898
3.7745,-2.41533191763343
3.775,-0.124775965183945
3.7755,2.34394379325785
3.776,1.58097463196857
3.7765,-1.36012351472315
3.777,-2.41500319190226
3.7775,-0.126090863164216
3.778,2.34361506887018
3.7785,1.58163208053878
3.779,-1.35946606467203
3.7795,-2.41533191763343
3.78,-0.126748312154945
3.7805,2.34328634448258
3.781,1.58196080482391
3.7815,-1.35880861462165
3.782,-2.41566064336485
3.7825,-0.127077036650458
3.783,2.34328634448258
3.7835,1.58294697767942
3.784,-1.35782243954745
3.7845,-2.41566064336485
3.785,-0.128391934633501
3.7855,2.3426288957076
3.786,1.58393315053509
3.7865,-1.3571649894989
3.787,-2.41598936909652
3.7875,-0.129049383625618
3.788,2.3426288957076
3.7885,1.58459059910563
3.789,-1.35650753945108
3.7895,-2.41631809482846
3.79,-0.130693006107645
3.7905,2.3426288957076
3.791,1.58524804767624
3.7915,-1.35519263935765
3.792,-2.41631809482846
3.7925,-0.131021730604349
3.793,2.34197144693289
3.7935,1.58557677196157
3.794,-1.35453518931204
3.7945,-2.41664682056064
3.795,-0.131679179598054
3.7955,2.34131399815846
3.796,1.58656294481768
3.7965,-1.3542064642895
3.797,-2.41697554629309
3.7975,-0.132665353089356
3.798,2.34098527377136
3.7985,1.58689166910309
3.799,-1.353220289223
3.7995,-2.41730427202579
3.8,-0.133322802084055
3.8005,2.34065654938432
3.801,1.58787784195942
3.8015,-1.35256283917959
3.802,-2.41697554629309
3.8025,-0.133980251079152
3.803,2.34032782499735
3.8035,1.5882065662449
3.804,-1.3519053891369
3.8045,-2.41796172349196
3.805,-0.134966424572544
3.8055,2.34032782499735
3.806,1.5885352905304
3.8065,-1.35091921407425
3.807,-2.41763299775874
3.8075,-0.135623873568637
3.808,2.33999910061045
3.8085,1.58952146338701
3.809,-1.35026176403339
3.8095,-2.41796172349196
3.81,-0.136938771562019
3.8105,2.33934165183687
3.811,1.59017891195818
3.8115,-1.34960431399327
3.812,-2.41829044922542
3.8125,-0.137924945058102
3.813,2.33934165183687
3.8135,1.59116508481506
3.814,-1.34861813893445
3.8145,-2.41829044922542
3.815,-0.13858239405599
3.8155,2.33901292745018
3.816,1.59182253338642
3.8165,-1.34828941391522
3.817,-2.41861917495915
3.8175,-0.139568567553571
3.818,2.33868420306357
3.8185,1.59280870624359
3.819,-1.34763196387729
3.8195,-2.41927662642737
3.82,-0.140554741052051
3.8205,2.33802675429054
3.821,1.59280870624359
3.8215,-1.34697451384009
3.822,-2.41927662642737
3.8225,-0.141212190051538
3.823,2.3373693055178
3.8235,1.59346615481513
3.824,-1.34631706380362
3.8245,-2.41927662642737
3.825,-0.142198363551519
3.8255,2.3373693055178
3.826,1.59412360338675
3.8265,-1.34533088875029
3.827,-2.41960535216186
3.8275,-0.1431845370524
3.828,2.33704058113153
3.8285,1.59445232767259
3.829,-1.34467343871565
3.8295,-2.42026280363162
3.83,-0.143841986053488
3.8305,2.33671185674533
3.831,1.59543850053021
3.8315,-1.34368726366506
3.832,-2.41993407789661
3.8325,-0.144499435054978
3.833,2.33671185674533
3.8335,1.59609594910206
3.834,-1.34335853864856
3.8345,-2.42059152936688
3.835,-0.145485608557964
3.8355,2.33638313235921
3.836,1.59642467338801
3.8365,-1.34270108861611
3.837,-2.42026280363162
3.8375,-0.146471782061853
3.838,2.33638313235921
3.8385,1.597739570532
3.839,-1.34204363858439
3.8395,-2.42059152936688
3.84,-0.147457955566645
3.8405,2.33572568358716
3.841,1.59806829481805
3.8415,-1.3413861885534
3.842,-2.42059152936688
3.8425,-0.148115404570343
3.843,2.33506823481539
3.8435,1.5987257433902
3.844,-1.34040001350828
3.8445,-2.42124898083817
3.845,-0.148772853574442
3.8455,2.33539695920124
3.846,1.59938319196243
3.8465,-1.34007128849361
3.847,-2.4215777065742
3.8475,-0.150087751583848
3.848,2.33441078604391
3.8485,1.60004064053474
3.849,-1.33908511345067
3.8495,-2.4215777065742
3.85,-0.150416476086451
3.8505,2.33441078604391
3.851,1.60102681339334
3.8515,-1.33842766342296
3.852,-2.4215777065742
3.8525,-0.151731374097869
3.853,2.3337533372727
3.8535,1.60135553767958
3.854,-1.33777021339598
3.8545,-2.42223515804703
3.855,-0.152717547607491
3.8555,2.3337533372727
3.856,1.60168426196584
3.8565,-1.33711276336973
3.857,-2.42223515804703
3.8575,-0.1530462721109
3.858,2.3337533372727
3.8585,1.60267043482474
3.859,-1.3364553133442
3.8595,-2.42289260952089
3.86,-0.154032445621732
3.8605,2.3334246128872
3.861,1.60332788339743
3.8615,-1.33514041329533
3.862,-2.42256388378383
3.8625,-0.154689894629458
3.863,2.33309588850177
3.8635,1.60431405625662
3.864,-1.33448296327199
3.8645,-2.42289260952089
3.865,-0.155347343637588
3.8655,2.33276716411641
3.866,1.60431405625662
3.8665,-1.33382551324938
3.867,-2.42289260952089
3.8675,-0.15699096615968
3.868,2.3321097153459
3.8685,1.60497150482952
3.869,-1.33316806322749
3.8695,-2.42322133525821
3.87,-0.157319690664402
3.8705,2.3321097153459
3.871,1.605957677689
3.8715,-1.33283933821682
3.872,-2.42322133525821
3.8725,-0.158305864179174
3.873,2.33112354219065
3.8735,1.60694385054866
3.874,-1.3318531631859
3.8745,-2.42355006099577
3.875,-0.158963313189528
3.8755,2.33145226657567
3.876,1.60727257483526
3.8765,-1.33119571316619
3.877,-2.4238787867336
3.8775,-0.159949486705819
3.878,2.33145226657567
3.8785,1.60825874769516
3.879,-1.33053826314721
3.8795,-2.4238787867336
3.88,-0.160935660223021
3.8805,2.33079481780571
3.881,1.60858747198183
3.8815,-1.3295520881201
3.882,-2.42420751247168
3.8825,-0.161593109234997
3.883,2.33046609342084
3.8835,1.60924492055524
3.884,-1.32889463810294
3.8845,-2.42453623821002
3.885,-0.162250558247378
3.8855,2.33079481780571
3.886,1.6102310934155
3.8865,-1.32790846307855
3.887,-2.42420751247168
3.8875,-0.16323673176671
3.888,2.33013736903603
3.8885,1.61121726627594
3.889,-1.32757973807078
3.8895,-2.42486496394862
3.89,-0.164222905286957
3.8905,2.3298086446513
3.891,1.61121726627594
3.8915,-1.3269222880558
3.892,-2.42486496394862
3.8925,-0.164880354300963
3.893,2.32915119588204
3.8935,1.61220343913656
3.894,-1.325607388028
3.8945,-2.42519368968747
3.895,-0.165537803315375
3.8955,2.32882247149751
3.896,1.61253216342348
3.8965,-1.3252786630215
3.897,-2.42552241542658
3.8975,-0.166523976837757
3.898,2.32882247149751
3.8985,1.61384706057134
3.899,-1.32462121300905
3.8995,-2.42552241542658
3.9,-0.167181425853187
3.9005,2.32849374711305
3.901,1.61351833628434
3.9015,-1.32396376299733
3.902,-2.42585114116595
3.9025,-0.168496323885268
3.903,2.32849374711305
3.9035,1.61483323343244
3.904,-1.3229775879811
3.9045,-2.42617986690557
3.905,-0.168825048393543
3.9055,2.32783629834435
3.906,1.61549068200662
3.9065,-1.32232013797119
3.907,-2.42617986690557
3.9075,-0.16981122191898
3.908,2.32717884957592
3.9085,1.61581940629373
3.909,-1.321662687962
3.9095,-2.42650859264545
3.91,-0.170797395445335
3.9105,2.32652140080777
3.911,1.61614813058087
3.9115,-1.32100523795353
3.912,-2.42683731838559
3.9125,-0.171454844463416
3.913,2.32652140080777
3.9135,1.61713430344241
3.914,-1.32067651294957
3.9145,-2.42749476986663
3.915,-0.172769742500802
3.9155,2.32619267642379
3.916,1.61779175201687
3.9165,-1.31969033793877
3.917,-2.42749476986663
3.9175,-0.173427191520108
3.918,2.32586395203989
3.9185,1.61877792487872
3.919,-1.3187041629296
3.9195,-2.42716604412598
3.92,-0.174413365049834
3.9205,2.32553522765606
3.921,1.61844920059141
3.9215,-1.31837543792691
3.922,-2.42749476986663
3.9225,-0.175399538580481
3.923,2.32586395203989
3.9235,1.61976409774075
3.924,-1.31706053791793
3.9245,-2.42749476986663
3.925,-0.175728263090902
3.9255,2.32553522765606
3.926,1.62042154631554
3.9265,-1.31640308791453
3.927,-2.42749476986663
3.9275,-0.177043161133608
3.928,2.32487777888859
3.9285,1.62107899489041
3.929,-1.31574563791185
3.9295,-2.4281522213487
3.93,-0.177700610155575
3.9305,2.32454905450497
3.931,1.62173644346537
3.9315,-1.31508818790989
3.932,-2.4281522213487
3.9325,-0.178358059177953
3.933,2.32389160573792
3.9335,1.62239389204041
3.934,-1.31377328790814
3.9345,-2.42848094709012
3.935,-0.17967295722394
3.9355,2.32389160573792
3.936,1.62272261632796
3.9365,-1.31377328790814
3.937,-2.4288096728318
3.9375,-0.18033040624755
3.938,2.3235628813545
3.9385,1.62370878919074
3.939,-1.31278711290872
3.9395,-2.42946712431592
3.94,-0.181645304296002
3.9405,2.32323415697115
3.941,1.62403751347838
3.9415,-1.31212966291001
3.942,-2.42946712431592
3.9425,-0.181645304296002
3.943,2.32290543258787
3.9435,1.62502368634141
3.944,-1.31212966291001
3.9445,-2.42946712431592
3.945,-0.182960202346099
3.9455,2.32290543258787
3.946,1.62535241062913
3.9465,-1.31048603791639
3.947,-2.42979585005837
3.9475,-0.183617651371765
3.948,2.32224798382151
3.9485,1.62600985920463
3.949,-1.31048603791639
3.9495,-2.42979585005837
3.95,-0.184603824911035
3.9505,2.32191925943844
3.951,1.62699603206804
3.9515,-1.30884241292728
3.952,-2.42979585005837
3.9525,-0.185589998451233
3.953,2.32191925943844
3.9535,1.62732475635589
3.954,-1.30851368792999
3.9545,-2.43012457580108
3.955,-0.186576171992359
3.9555,2.32126181067249
3.956,1.62798220493165
3.9565,-1.30785623793597
3.957,-2.43045330154404
3.9575,-0.186904896506274
3.958,2.32060436190682
3.9585,1.62863965350749
3.959,-1.30752751293923
3.9595,-2.43045330154404
3.96,-0.187891070048637
3.9605,2.32060436190682
3.961,1.62929710208342
3.9615,-1.30687006294628
3.962,-2.43078202728726
3.9625,-0.18887724359193
3.963,2.31994691314143
3.9635,1.63028327494747
3.964,-1.30555516296255
3.9645,-2.43078202728726
3.965,-0.189863417136152
3.9655,2.31994691314143
3.966,1.63094072352361
3.9665,-1.30489771297177
3.967,-2.43111075303073
3.9675,-0.190520866166151
3.968,2.31994691314143
3.9685,1.63159817209983
3.969,-1.3042402629817
3.9695,-2.43143947877447
3.97,-0.191507039711924
3.9705,2.31896073999386
3.971,1.63225562067615
3.9715,-1.30358281299235
3.972,-2.43176820451846
3.9725,-0.192164488742957
3.973,2.31863201561147
3.9735,1.63291306925255
3.974,-1.30259663800968
3.9745,-2.43209693026271
3.975,-0.193479386806266
3.9755,2.31830329122915
3.976,1.63357051782903
3.9765,-1.30161046302862
3.977,-2.43209693026271
3.9775,-0.194136835838541
3.978,2.31863201561147
3.9785,1.6342279664056
3.979,-1.30161046302862
3.9795,-2.43176820451846
3.98,-0.194794284871232
3.9805,2.31830329122915
3.981,1.63488541498226
3.9815,-1.30062428804918
3.982,-2.43242565600721
3.9825,-0.195780458421046
3.983,2.31764584246472
3.9835,1.63554286355901
3.984,-1.29930938807911
3.9845,-2.43242565600721
3.985,-0.196437907454774
3.9855,2.3173171180826
3.986,1.63620031213584
3.9865,-1.29898066308704
3.987,-2.43275438175197
3.9875,-0.197424081006144
3.988,2.31698839370056
3.9885,1.63718648500126
3.989,-1.29799448811191
3.9895,-2.43275438175197
3.99,-0.198081530040911
3.9905,2.31665966931858
3.991,1.63784393357831
3.9915,-1.29733703812939
3.992,-2.43341183324227
3.9925,-0.198738979076093
3.993,2.31665966931858
3.9935,1.63817265786687
3.994,-1.29635086315695
3.9945,-2.43341183324227
3.995,-0.200053877147706
3.9955,2.31600222055484
3.996,1.63883010644405
3.9965,-1.29602213816649
3.997,-2.43308310749699
3.9975,-0.200711326184137
3.998,2.31600222055484
3.9985,1.63948755502133
3.999,-1.29536468818612
3.9995,-2.43406928473359
