Time_s,Voltage_V
0,-2.47088656989534
0.0005,2.23480730028062
0.001,-1.12902986569378
0.0015,-0.390385391307998
0.002,1.77853793138219
0.0025,-2.46990039257188
0.003,2.23480730028062
0.0035,-1.12968731549858
0.004,-0.390056666725909
0.0045,1.77755175848231
0.005,-2.47088656989534
0.0055,2.23513602464624
0.006,-1.13034476530404
0.0065,-0.389727942143938
0.007,1.77755175848231
0.0075,-2.47055784412059
0.008,2.23513602464624
0.0085,-1.13034476530404
0.009,-0.389070492980345
0.0095,1.77722303418241
0.01,-2.47022911834611
0.0105,2.23546474901191
0.011,-1.13100221511018
0.0115,-0.388741768398725
0.012,1.77689430988255
0.0125,-2.47022911834611
0.013,2.23546474901191
0.0135,-1.1313309400135
0.014,-0.388413043817221
0.0145,1.77689430988255
0.015,-2.47022911834611
0.0155,2.23579347337765
0.016,-1.13165966491698
0.0165,-0.387755594654565
0.017,1.77623686128291
0.0175,-2.47022911834611
0.018,2.23612219774346
0.0185,-1.13231711472446
0.019,-0.387755594654565
0.0195,1.77590813698313
0.02,-2.47022911834611
0.0205,2.23579347337765
0.021,-1.13297456453261
0.0215,-0.387426870073412
0.022,1.77590813698313
0.0225,-2.47022911834611
0.023,2.23612219774346
0.0235,-1.13297456453261
0.024,-0.386769420911457
0.0245,1.77557941268339
0.025,-2.47055784412059
0.0255,2.23677964647526
0.026,-1.13297456453261
0.0265,-0.38611197174997
0.027,1.77525068838368
0.0275,-2.47022911834611
0.028,2.23677964647526
0.0285,-1.13330328943694
0.029,-0.385783247169402
0.0295,1.77492196408401
0.03,-2.46990039257188
0.0305,2.23677964647526
0.031,-1.13428946415093
0.0315,-0.38545452258895
0.032,1.77459323978436
0.0325,-2.46957166679792
0.033,2.23677964647526
0.0335,-1.13428946415093
0.034,-0.385125798008615
0.0345,1.77426451548474
0.035,-2.46957166679792
0.0355,2.23743709520731
0.036,-1.1349469139611
0.0365,-0.383810899688444
0.037,1.77393579118516
0.0375,-2.46957166679792
0.038,2.23710837084125
0.0385,-1.13527563886644
0.039,-0.384139624268312
0.0395,1.77360706688561
0.04,-2.46990039257188
0.0405,2.23776581957343
0.041,-1.13527563886644
0.0415,-0.383482175108692
0.042,1.77294961828659
0.0425,-2.46924294102421
0.043,2.23776581957343
0.0435,-1.13626181358346
0.044,-0.383482175108692
0.0445,1.77327834258608
0.045,-2.46957166679792
0.0455,2.23809454393961
0.046,-1.13659053848946
0.0465,-0.383153450529058
0.047,1.77262089398713
0.0475,-2.46990039257188
0.048,2.23842326830585
0.0485,-1.13659053848946
0.049,-0.382496001370139
0.0495,1.77229216968771
0.05,-2.46957166679792
0.0505,2.23875199267216
0.051,-1.13724798830199
0.0515,-0.381838552211686
0.052,1.77229216968771
0.0525,-2.46957166679792
0.053,2.23875199267216
0.0535,-1.1375767132085
0.054,-0.381181103053699
0.0545,1.77163472108894
0.055,-2.46924294102421
0.0555,2.23875199267216
0.056,-1.13790543811518
0.0565,-0.381509827632634
0.057,1.77163472108894
0.0575,-2.46891421525077
0.058,2.23940944140497
0.0585,-1.13856288792905
0.059,-0.380523653896178
0.0595,1.77097727249031
0.06,-2.46924294102421
0.0605,2.23940944140497
0.061,-1.13856288792905
0.0615,-0.380523653896178
0.062,1.77097727249031
0.0625,-2.46891421525077
0.063,2.23940944140497
0.0635,-1.13889161283624
0.064,-0.380194929317593
0.0645,1.77031982389179
0.065,-2.46891421525077
0.0655,2.23973816577147
0.066,-1.1392203377436
0.0665,-0.379537480160771
0.067,1.77031982389179
0.0675,-2.46924294102421
0.068,2.24006689013803
0.0685,-1.13987778755882
0.069,-0.379537480160771
0.0695,1.76999109959258
0.07,-2.46858548947758
0.0705,2.24006689013803
0.071,-1.13987778755882
0.0715,-0.378222581848523
0.072,1.7696623752934
0.0725,-2.46891421525077
0.073,2.24039561450465
0.0735,-1.14086396228291
0.074,-0.378222581848523
0.0745,1.7696623752934
0.075,-2.46891421525077
0.0755,2.24072433887134
0.076,-1.14086396228291
0.0765,-0.377893857270752
0.077,1.76933365099425
0.0775,-2.46825676370466
0.078,2.24105306323809
0.0785,-1.14086396228291
0.079,-0.377565132693097
0.0795,1.76867620239605
0.08,-2.46858548947758
0.0805,2.24072433887134
0.081,-1.14119268719127
0.0815,-0.377236408115558
0.082,1.768347478097
0.0825,-2.46825676370466
0.083,2.24105306323809
0.0835,-1.14152141209981
0.084,-0.376250234383639
0.0845,1.76801875379797
0.085,-2.46825676370466
0.0855,2.24105306323809
0.086,-1.14217886191739
0.0865,-0.376250234383639
0.087,1.76801875379797
0.0875,-2.46825676370466
0.088,2.24138178760491
0.0885,-1.14250758682643
0.089,-0.375921509806565
0.0895,1.76736130520001
0.09,-2.46825676370466
0.0905,2.24138178760491
0.091,-1.14349376155457
0.0915,-0.375264060652766
0.092,1.76703258090108
0.0925,-2.46858548947758
0.093,2.24171051197178
0.0935,-1.14349376155457
0.094,-0.374606611499431
0.0945,1.76670385660218
0.095,-2.46858548947758
0.0955,2.24171051197178
0.096,-1.14382248646428
0.0965,-0.374606611499431
0.097,1.76670385660218
0.0975,-2.46825676370466
0.098,2.24236796070573
0.0985,-1.14415121137417
0.099,-0.374277886922937
0.0995,1.76604640800447
0.1,-2.46792803793199
0.1005,2.2426966850728
0.101,-1.14415121137417
0.1015,-0.373620437770298
0.102,1.76637513230331
0.1025,-2.46792803793199
0.103,2.2426966850728
0.1035,-1.14480866119445
0.104,-0.372962988618123
0.1045,1.76571768370566
0.105,-2.46792803793199
0.1055,2.24302540943993
0.106,-1.14513738610484
0.1065,-0.37263426404221
0.107,1.76538895940689
0.1075,-2.46727058638744
0.108,2.2426966850728
0.1085,-1.1454661110154
0.109,-0.37263426404221
0.1095,1.76473151080942
0.11,-2.46759931215959
0.1105,2.24302540943993
0.111,-1.14612356083703
0.1115,-0.372305539466412
0.112,1.76506023510814
0.1125,-2.46727058638744
0.113,2.24302540943993
0.1135,-1.1464522857481
0.114,-0.371319365739714
0.1145,1.76440278651073
0.115,-2.46792803793199
0.1155,2.24335413380713
0.116,-1.14710973557074
0.1165,-0.371319365739714
0.117,1.76440278651073
0.1175,-2.46727058638744
0.118,2.24368285817438
0.1185,-1.14776718539406
0.119,-0.370990641164379
0.1195,1.76374533791345
0.12,-2.46727058638744
0.1205,2.24368285817438
0.121,-1.14776718539406
0.1215,-0.370661916589161
0.122,1.7630878893163
0.1225,-2.46727058638744
0.123,2.24434030690909
0.1235,-1.14809591030597
0.124,-0.3696757428642
0.1245,1.7630878893163
0.125,-2.46759931215959
0.1255,2.24434030690909
0.126,-1.14842463521805
0.1265,-0.3696757428642
0.127,1.7630878893163
0.1275,-2.46759931215959
0.128,2.24434030690909
0.1285,-1.1487533601303
0.129,-0.369018293714804
0.1295,1.76275916501776
0.13,-2.46759931215959
0.1305,2.24466903127654
0.131,-1.14941080995531
0.1315,-0.36868956914028
0.132,1.76243044071926
0.1325,-2.46727058638744
0.133,2.24499775564405
0.1335,-1.14941080995531
0.134,-0.368360844565872
0.1345,1.76210171642079
0.135,-2.46694186061555
0.1355,2.24466903127654
0.136,-1.150068259781
0.1365,-0.368032119991579
0.137,1.76177299212235
0.1375,-2.46727058638744
0.138,2.24499775564405
0.1385,-1.150068259781
0.139,-0.367374670843339
0.1395,1.76144426782394
0.14,-2.46727058638744
0.1405,2.24499775564405
0.141,-1.15072570960736
0.1415,-0.367045946269393
0.142,1.76144426782394
0.1425,-2.46727058638744
0.143,2.24565520437927
0.1435,-1.1510544345208
0.144,-0.366388497121847
0.1445,1.76045809492889
0.145,-2.46694186061555
0.1455,2.24598392874697
0.146,-1.15171188434818
0.1465,-0.366059772548247
0.147,1.76045809492889
0.1475,-2.46661313484392
0.148,2.24565520437927
0.1485,-1.15171188434818
0.149,-0.365731047974763
0.1495,1.75980064633234
0.15,-2.46661313484392
0.1505,2.24631265311474
0.151,-1.15204060926212
0.1515,-0.365402323401394
0.152,1.75980064633234
0.1525,-2.46694186061555
0.153,2.24664137748257
0.1535,-1.15302678400497
0.154,-0.36441614968198
0.1545,1.75914319773591
0.155,-2.46661313484392
0.1555,2.24631265311474
0.156,-1.15302678400497
0.1565,-0.364087425109072
0.157,1.75914319773591
0.1575,-2.46661313484392
0.158,2.24697010185046
0.1585,-1.15335550891959
0.159,-0.364087425109072
0.1595,1.75881447343774
0.16,-2.46661313484392
0.1605,2.24664137748257
0.161,-1.15335550891959
0.1615,-0.36375870053628
0.162,1.75914319773591
0.1625,-2.46661313484392
0.163,2.24762755058644
0.1635,-1.15434168366447
0.164,-0.363429975963604
0.1645,1.75881447343774
0.165,-2.46628440907255
0.1655,2.24697010185046
0.166,-1.15434168366447
0.1665,-0.362772526818596
0.167,1.7584857491396
0.1675,-2.46595568330145
0.168,2.24729882621842
0.1685,-1.15467040857976
0.169,-0.362443802246265
0.1695,1.75782830054342
0.17,-2.46628440907255
0.1705,2.24795627495453
0.171,-1.15499913349523
0.1715,-0.362115077674049
0.172,1.75749957624537
0.1725,-2.46628440907255
0.173,2.24828499932268
0.1735,-1.15532785841087
0.174,-0.361128903958093
0.1745,1.75749957624537
0.175,-2.46628440907255
0.1755,2.24795627495453
0.176,-1.15565658332668
0.1765,-0.361128903958093
0.177,1.75684212764936
0.1775,-2.46628440907255
0.178,2.24795627495453
0.1785,-1.1563140331588
0.179,-0.360471454814697
0.1795,1.75651340335141
0.18,-2.46595568330145
0.1805,2.24894244805917
0.181,-1.1569714829916
0.1815,-0.360142730243172
0.182,1.75684212764936
0.1825,-2.46595568330145
0.183,2.24894244805917
0.1835,-1.1569714829916
0.184,-0.359485281100467
0.1845,1.75618467905348
0.185,-2.46628440907255
0.1855,2.24894244805917
0.186,-1.15730020790826
0.1865,-0.359485281100467
0.187,1.75585595475558
0.1875,-2.4656269575306
0.188,2.24894244805917
0.1885,-1.15795765774208
0.189,-0.358827831958223
0.1895,1.75552723045772
0.19,-2.4656269575306
0.1905,2.24959989679592
0.191,-1.15828638265924
0.1915,-0.358499107387273
0.192,1.75519850615988
0.1925,-2.46529823176001
0.193,2.24927117242751
0.1935,-1.15861510757658
0.194,-0.358170382816437
0.1945,1.75486978186207
0.195,-2.46529823176001
0.1955,2.24959989679592
0.196,-1.15861510757658
0.1965,-0.357512933675112
0.197,1.7545410575643
0.1975,-2.46496950598968
0.198,2.24992862116438
0.1985,-1.15927255741176
0.199,-0.357184209104622
0.1995,1.75421233326655
0.2,-2.46529823176001
0.2005,2.24992862116438
0.201,-1.1596012823296
0.2015,-0.356855484534246
0.202,1.75421233326655
0.2025,-2.46529823176001
0.203,2.25025734553292
0.2035,-1.15993000724761
0.204,-0.356198035393839
0.2045,1.75355488467114
0.205,-2.46529823176001
0.2055,2.25058606990151
0.206,-1.1602587321658
0.2065,-0.355869310823808
0.207,1.75355488467114
0.2075,-2.46529823176001
0.208,2.25091479427017
0.2085,-1.1602587321658
0.209,-0.355540586253892
0.2095,1.75289743607586
0.21,-2.4646407802196
0.2105,2.25091479427017
0.211,-1.16091618200268
0.2115,-0.35521186168409
0.212,1.75289743607586
0.2125,-2.46496950598968
0.213,2.25091479427017
0.2135,-1.16124490692137
0.214,-0.354554412544831
0.2145,1.75289743607586
0.215,-2.4646407802196
0.2155,2.2512435186389
0.216,-1.16157363184023
0.2165,-0.354554412544831
0.217,1.75256871177826
0.2175,-2.46431205444979
0.218,2.25157224300769
0.2185,-1.16223108167847
0.219,-0.353568238836802
0.2195,1.75158253888565
0.22,-2.4646407802196
0.2205,2.25157224300769
0.221,-1.16223108167847
0.2215,-0.353239514267689
0.222,1.75158253888565
0.2225,-2.46431205444979
0.223,2.25190096737654
0.2235,-1.1632172564371
0.224,-0.352582065129805
0.2245,1.7505963659933
0.225,-2.4646407802196
0.2255,2.25222969174546
0.226,-1.1632172564371
0.2265,-0.352253340561035
0.227,1.7505963659933
0.2275,-2.4646407802196
0.228,2.25190096737654
0.2285,-1.16387470627704
0.229,-0.351924615992379
0.2295,1.7505963659933
0.23,-2.46398332868024
0.2305,2.25255841611444
0.231,-1.16453215611766
0.2315,-0.351595891423838
0.232,1.75026764169591
0.2325,-2.46431205444979
0.233,2.25255841611444
0.2335,-1.16486088103822
0.234,-0.351595891423838
0.2345,1.74961019310122
0.235,-2.46398332868024
0.2355,2.25255841611444
0.236,-1.16486088103822
0.2365,-0.350609717718902
0.237,1.74928146880392
0.2375,-2.46398332868024
0.238,2.25255841611444
0.2385,-1.16518960595896
0.239,-0.350609717718902
0.2395,1.74895274450665
0.24,-2.4646407802196
0.2405,2.25288714048348
0.241,-1.16584705580094
0.2415,-0.350280993150818
0.242,1.74895274450665
0.2425,-2.46398332868024
0.243,2.25321586485259
0.2435,-1.16584705580094
0.244,-0.349623544014995
0.2445,1.7482952959122
0.245,-2.46431205444979
0.2455,2.25354458922176
0.246,-1.16683323056519
0.2465,-0.349294819447254
0.247,1.74763784731787
0.2475,-2.46365460291095
0.248,2.25354458922176
0.2485,-1.16683323056519
0.249,-0.348637370312117
0.2495,1.7482952959122
0.25,-2.46398332868024
0.2505,2.25354458922176
0.251,-1.16749068040887
0.2515,-0.348637370312117
0.252,1.74763784731787
0.2525,-2.46365460291095
0.253,2.25354458922176
0.2535,-1.16814813025324
0.254,-0.348308645744719
0.2545,1.74698039872365
0.255,-2.46398332868024
0.2555,2.25354458922176
0.256,-1.16847685517567
0.2565,-0.347979921177436
0.257,1.74698039872365
0.2575,-2.46365460291095
0.258,2.253873313591
0.2585,-1.16847685517567
0.259,-0.346993747476272
0.2595,1.74698039872365
0.26,-2.46365460291095
0.2605,2.25453076232967
0.261,-1.16913430502106
0.2615,-0.346665022909445
0.262,1.74632295012955
0.2625,-2.46332587714191
0.263,2.25453076232967
0.2635,-1.16946302994401
0.264,-0.346336298342733
0.2645,1.74599422583254
0.265,-2.46332587714191
0.2655,2.25453076232967
0.266,-1.16979175486713
0.2665,-0.346007573776135
0.267,1.74566550153557
0.2675,-2.46332587714191
0.268,2.25453076232967
0.2685,-1.16979175486713
0.269,-0.34535012464328
0.2695,1.74533677723862
0.27,-2.46332587714191
0.2705,2.2548594866991
0.271,-1.17012047979042
0.2715,-0.344692675510882
0.272,1.74467932864482
0.2725,-2.46299715137314
0.273,2.2548594866991
0.2735,-1.17077792963752
0.274,-0.344692675510882
0.2745,1.74467932864482
0.275,-2.46299715137314
0.2755,2.25551693543815
0.276,-1.17143537948529
0.2765,-0.344363950944854
0.277,1.74435060434796
0.2775,-2.46299715137314
0.278,2.25518821106859
0.2785,-1.17176410440944
0.279,-0.34403522637894
0.2795,1.74435060434796
0.28,-2.46299715137314
0.2805,2.25551693543815
0.281,-1.17143537948529
0.2815,-0.343049052681881
0.282,1.74369315575433
0.2825,-2.46332587714191
0.283,2.25617438417746
0.2835,-1.17209282933375
0.284,-0.343049052681881
0.2845,1.74303570716081
0.285,-2.46299715137314
0.2855,2.25584565980777
0.286,-1.17275027918289
0.2865,-0.342062878985848
0.287,1.74303570716081
0.2875,-2.46299715137314
0.288,2.25584565980777
0.2885,-1.17307900410772
0.289,-0.342062878985848
0.2895,1.74303570716081
0.29,-2.46299715137314
0.2905,2.25617438417746
0.291,-1.17307900410772
0.2915,-0.341405429855728
0.292,1.74237825856742
0.2925,-2.46299715137314
0.293,2.25617438417746
0.2935,-1.17406517888323
0.294,-0.341405429855728
0.2945,1.74204953427076
0.295,-2.46299715137314
0.2955,2.25650310854721
0.296,-1.17406517888323
0.2965,-0.340747980726062
0.297,1.74172080997414
0.2975,-2.46332587714191
0.298,2.25650310854721
0.2985,-1.17472262873442
0.299,-0.340419256161401
0.2995,1.74172080997414
0.3,-2.46233969983636
0.3005,2.25716055728691
0.301,-1.17505135366027
0.3015,-0.340419256161401
0.302,1.74106336138098
0.3025,-2.46233969983636
0.303,2.25748928165685
0.3035,-1.1753800785863
0.304,-0.339433082468097
0.3045,1.74073463708444
0.305,-2.46233969983636
0.3055,2.25748928165685
0.306,-1.17603752843885
0.3065,-0.33910435790389
0.307,1.74040591278793
0.3075,-2.46233969983636
0.308,2.25748928165685
0.3085,-1.17636625336539
0.309,-0.33910435790389
0.3095,1.74040591278793
0.31,-2.46201097406837
0.3105,2.25748928165685
0.311,-1.17636625336539
0.3115,-0.338775633339796
0.312,1.74040591278793
0.3125,-2.46201097406837
0.313,2.25814673039694
0.3135,-1.17702370321898
0.314,-0.338118184211949
0.3145,1.74007718849145
0.315,-2.46201097406837
0.3155,2.25748928165685
0.316,-1.17702370321898
0.3165,-0.337460735084557
0.317,1.73941973989857
0.3175,-2.46201097406837
0.318,2.25913290350754
0.3185,-1.17768115307325
0.319,-0.337460735084557
0.3195,1.73909101560218
0.32,-2.46168224830063
0.3205,2.25880417913728
0.321,-1.17800987800064
0.3215,-0.336474561394319
0.322,1.73909101560218
0.3225,-2.46201097406837
0.323,2.25880417913728
0.3235,-1.1783386029282
0.324,-0.336145836831134
0.3245,1.73909101560218
0.325,-2.46201097406837
0.3255,2.25913290350754
0.326,-1.17866732785593
0.3265,-0.335817112268061
0.327,1.73843356700948
0.3275,-2.46168224830063
0.328,2.25913290350754
0.3285,-1.17899605278384
0.329,-0.335488387705103
0.3295,1.73810484271317
0.33,-2.46168224830063
0.3305,2.25979035224827
0.331,-1.17932477771191
0.3315,-0.334830938579525
0.332,1.7377761184169
0.3325,-2.46135352253315
0.333,2.25979035224827
0.3335,-1.17998222756858
0.334,-0.334502214016906
0.3345,1.7377761184169
0.335,-2.46135352253315
0.3355,2.25979035224827
0.336,-1.17998222756858
0.3365,-0.334173489454401
0.337,1.73711866982443
0.3375,-2.46135352253315
0.338,2.25946162787788
0.3385,-1.18031095249717
0.339,-0.333516040329729
0.3395,1.73646122123207
0.34,-2.46135352253315
0.3405,2.26011907661873
0.341,-1.18063967742593
0.3415,-0.333187315767563
0.342,1.73613249693594
0.3425,-2.46102479676593
0.343,2.26044780098926
0.3435,-1.18129712728397
0.344,-0.333187315767563
0.3445,1.73580377263983
0.345,-2.46135352253315
0.3455,2.26044780098926
0.346,-1.18162585221324
0.3465,-0.332858591205511
0.347,1.73580377263983
0.3475,-2.46135352253315
0.348,2.2611052497305
0.3485,-1.18228330207231
0.349,-0.331543692958432
0.3495,1.73547504834376
0.35,-2.46069607099897
0.3505,2.26077652535985
0.351,-1.18228330207231
0.3515,-0.331214968396945
0.352,1.73514632404771
0.3525,-2.46102479676593
0.353,2.2611052497305
0.3535,-1.18326947686219
0.354,-0.331214968396945
0.3545,1.7344888754557
0.355,-2.46102479676593
0.3555,2.26143397410122
0.356,-1.18326947686219
0.3565,-0.33055751927431
0.357,1.7344888754557
0.3575,-2.46069607099897
0.358,2.2611052497305
0.3585,-1.18359820179249
0.359,-0.33055751927431
0.3595,1.7344888754557
0.36,-2.46036734523227
0.3605,2.26176269847201
0.361,-1.18359820179249
0.3615,-0.329900070152128
0.362,1.7344888754557
0.3625,-2.46036734523227
0.363,2.26176269847201
0.3635,-1.18458437658443
0.364,-0.328913896469701
0.3645,1.7338314268638
0.365,-2.46069607099897
0.3655,2.26209142284286
0.366,-1.18458437658443
0.3665,-0.328913896469701
0.367,1.73317397827202
0.3675,-2.46036734523227
0.368,2.26209142284286
0.3685,-1.18458437658443
0.369,-0.328585171909118
0.3695,1.7335027025679
0.37,-2.46036734523227
0.3705,2.26274887158475
0.371,-1.18557055137792
0.3715,-0.327927722788291
0.372,1.73284525397617
0.3725,-2.46036734523227
0.373,2.26209142284286
0.3735,-1.18589927630942
0.374,-0.327598998228046
0.3745,1.73251652968035
0.375,-2.46036734523227
0.3755,2.26274887158475
0.376,-1.1862280012411
0.3765,-0.326941549107896
0.377,1.73218780538456
0.3775,-2.46036734523227
0.378,2.2634063203269
0.3785,-1.18655672617295
0.379,-0.326284099988196
0.3795,1.73218780538456
0.38,-2.46003861946583
0.3805,2.2634063203269
0.381,-1.18721417603716
0.3815,-0.326284099988196
0.382,1.73153035679306
0.3825,-2.46003861946583
0.383,2.26373504469807
0.3835,-1.18721417603716
0.384,-0.326284099988196
0.3845,1.73153035679306
0.385,-2.45970989369964
0.3855,2.26373504469807
0.386,-1.18754290096952
0.3865,-0.325626650868948
0.387,1.73153035679306
0.3875,-2.46003861946583
0.388,2.26373504469807
0.3885,-1.18820035083476
0.389,-0.32496920175015
0.3895,1.73054418390603
0.39,-2.45970989369964
0.3905,2.26406376906931
0.391,-1.18820035083476
0.3915,-0.32496920175015
0.392,1.73021545961041
0.3925,-2.45970989369964
0.393,2.26406376906931
0.3935,-1.18885780070069
0.394,-0.32464047719092
0.3945,1.72988673531482
0.395,-2.45970989369964
0.3955,2.26439249344061
0.396,-1.18918652563392
0.3965,-0.323654303513906
0.397,1.72988673531482
0.3975,-2.46003861946583
0.398,2.26439249344061
0.3985,-1.18951525056731
0.399,-0.323983028072798
0.3995,1.72922928672372
0.4,-2.45970989369964
0.4005,2.26439249344061
0.401,-1.18984397550088
0.4015,-0.323325578955127
0.402,1.72922928672372
0.4025,-2.45938116793372
0.403,2.26439249344061
0.4035,-1.18984397550088
0.404,-0.322668129837905
0.4045,1.72857183813273
0.405,-2.45938116793372
0.4055,2.26472121781198
0.406,-1.19050142536853
0.4065,-0.322010680721133
0.407,1.72890056242821
0.4075,-2.45905244216805
0.408,2.26537866655491
0.4085,-1.19083015030261
0.409,-0.322010680721133
0.4095,1.72824311383728
0.41,-2.45872371640265
0.4105,2.26537866655491
0.411,-1.19148760017129
0.4115,-0.321353231604812
0.412,1.72791438954185
0.4125,-2.45905244216805
0.413,2.26570739092647
0.4135,-1.19181632510589
0.414,-0.320695782488939
0.4145,1.72758566524646
0.415,-2.45905244216805
0.4155,2.26570739092647
0.416,-1.19214505004066
0.4165,-0.320695782488939
0.417,1.72725694095109
0.4175,-2.45938116793372
0.418,2.26636483966979
0.4185,-1.19214505004066
0.419,-0.320038333373516
0.4195,1.72692821665575
0.42,-2.45872371640265
0.4205,2.26636483966979
0.421,-1.19280249991071
0.4215,-0.319709608815973
0.422,1.72659949236044
0.4225,-2.45872371640265
0.423,2.2660361152981
0.4235,-1.19280249991071
0.424,-0.319052159701224
0.4245,1.72659949236044
0.425,-2.45872371640265
0.4255,2.26702228841337
0.426,-1.19345994978146
0.4265,-0.318723435144018
0.427,1.7259420437699
0.4275,-2.4583949906375
0.428,2.26636483966979
0.4285,-1.19378867471709
0.429,-0.318065986029942
0.4295,1.72561331947467
0.43,-2.4583949906375
0.4305,2.26702228841337
0.431,-1.19444612458887
0.4315,-0.317737261473072
0.432,1.72561331947467
0.4325,-2.4583949906375
0.433,2.26702228841337
0.4335,-1.19477484952502
0.434,-0.317079812359669
0.4345,1.72561331947467
0.435,-2.45806626487261
0.4355,2.26702228841337
0.436,-1.19477484952502
0.4365,-0.317079812359669
0.437,1.7249558708843
0.4375,-2.45773753910798
0.438,2.26702228841337
0.4385,-1.19543229939783
0.439,-0.316751087803136
0.4395,1.72429842229404
0.44,-2.4583949906375
0.4405,2.26767973715721
0.441,-1.1957610243345
0.4415,-0.316093638690405
0.442,1.72396969799896
0.4425,-2.45806626487261
0.443,2.26800846152923
0.4435,-1.19608974927133
0.444,-0.315764914134208
0.4445,1.7236409737039
0.445,-2.45773753910798
0.4455,2.26767973715721
0.446,-1.19674719914552
0.4465,-0.315436189578123
0.447,1.7236409737039
0.4475,-2.45773753910798
0.448,2.26800846152923
0.4485,-1.19674719914552
0.449,-0.31510746502215
0.4495,1.72331224940887
0.45,-2.45740881334361
0.4505,2.26866591027346
0.451,-1.1974046490204
0.4515,-0.314121291354902
0.452,1.72331224940887
0.4525,-2.45806626487261
0.453,2.26866591027346
0.4535,-1.1977333739581
0.454,-0.314121291354902
0.4545,1.72298352511386
0.455,-2.45773753910798
0.4555,2.26866591027346
0.456,-1.19806209889598
0.4565,-0.313135117688661
0.457,1.72199735222902
0.4575,-2.45740881334361
0.458,2.26932335901796
0.4585,-1.19839082383402
0.459,-0.312806393133471
0.4595,1.72199735222902
0.46,-2.4570800875795
0.4605,2.26899463464568
0.461,-1.19871954877224
0.4615,-0.313135117688661
0.462,1.72166862793412
0.4625,-2.4570800875795
0.463,2.26932335901796
0.4635,-1.19970572358792
0.464,-0.312477668578393
0.4645,1.72166862793412
0.465,-2.4570800875795
0.4655,2.26998080776271
0.466,-1.19970572358792
0.4665,-0.311820219468572
0.467,1.72101117934442
0.4675,-2.4570800875795
0.468,2.2696520833903
0.4685,-1.19970572358792
0.469,-0.311820219468572
0.4695,1.72035373075483
0.47,-2.45740881334361
0.4705,2.27030953213518
0.471,-1.20069189840516
0.4715,-0.310834045804678
0.472,1.72068245504961
0.4725,-2.4570800875795
0.473,2.27063825650772
0.4735,-1.20036317346591
0.474,-0.310176596695975
0.4745,1.72035373075483
0.475,-2.45675136181565
0.4755,2.27096698088033
0.476,-1.20102062334459
0.4765,-0.30984787214179
0.477,1.72035373075483
0.4775,-2.4570800875795
0.478,2.27030953213518
0.4785,-1.20134934828418
0.479,-0.30984787214179
0.4795,1.71969628216535
0.48,-2.45642263605205
0.4805,2.27063825650772
0.481,-1.20134934828418
0.4815,-0.309190423033756
0.482,1.71936755787065
0.4825,-2.4570800875795
0.483,2.27096698088033
0.4835,-1.20233552310401
0.484,-0.309190423033756
0.4845,1.71936755787065
0.485,-2.45642263605205
0.4855,2.271295705253
0.486,-1.2026642480443
0.4865,-0.308532973926168
0.487,1.71903883357598
0.4875,-2.45642263605205
0.488,2.271295705253
0.4885,-1.20299297298476
0.489,-0.308532973926168
0.4895,1.71838138498671
0.49,-2.45642263605205
0.4905,2.27162442962574
0.491,-1.2033216979254
0.4915,-0.307546800265622
0.492,1.71805266069212
0.4925,-2.45642263605205
0.493,2.27162442962574
0.4935,-1.20397914780719
0.494,-0.307546800265622
0.4945,1.71772393639756
0.495,-2.45609391028872
0.4955,2.27162442962574
0.496,-1.20430787274834
0.4965,-0.306889351159149
0.497,1.71739521210303
0.4975,-2.45642263605205
0.498,2.2722818783714
0.4985,-1.20463659768967
0.499,-0.306889351159149
0.4995,1.71673776351404
0.5,-2.45576518452564
0.5005,2.2722818783714
0.501,-1.20463659768967
0.5015,-0.305903177500274
0.502,1.71706648780852
0.5025,-2.45576518452564
0.503,2.2722818783714
0.5035,-1.20529404757284
0.504,-0.305574452947539
0.5045,1.71640903921959
0.505,-2.45609391028872
0.5055,2.27261060274434
0.506,-1.20529404757284
0.5065,-0.305245728394915
0.507,1.71608031492516
0.5075,-2.45576518452564
0.508,2.27261060274434
0.5085,-1.20562277251468
0.509,-0.304917003842402
0.5095,1.71575159063077
0.51,-2.45543645876282
0.5105,2.27261060274434
0.511,-1.20562277251468
0.5115,-0.30458827929
0.512,1.71575159063077
0.5125,-2.45543645876282
0.513,2.2732680514904
0.5135,-1.20693767228379
0.514,-0.303930830185531
0.5145,1.7154228663364
0.515,-2.45543645876282
0.5155,2.2732680514904
0.516,-1.20693767228379
0.5165,-0.303930830185531
0.517,1.71476541774774
0.5175,-2.45576518452564
0.518,2.2732680514904
0.5185,-1.20792384711244
0.519,-0.303273381081506
0.5195,1.71410796915919
0.52,-2.45510773300026
0.5205,2.2732680514904
0.521,-1.20792384711244
0.5215,-0.30294465652966
0.522,1.71377924486495
0.5225,-2.45576518452564
0.523,2.27359677586353
0.5235,-1.20858129699908
0.524,-0.302615931977926
0.5245,1.71377924486495
0.525,-2.45510773300026
0.5255,2.27359677586353
0.526,-1.20891002194265
0.5265,-0.30195848287479
0.527,1.71345052057074
0.5275,-2.45576518452564
0.528,2.27359677586353
0.5285,-1.20891002194265
0.529,-0.301629758323389
0.5295,1.71312179627656
0.53,-2.45543645876282
0.5305,2.27425422460998
0.531,-1.20956747183032
0.5315,-0.301301033772099
0.532,1.71312179627656
0.5325,-2.45543645876282
0.533,2.27458294898331
0.5335,-1.20956747183032
0.534,-0.300643584669851
0.5345,1.71279307198241
0.535,-2.45477900723796
0.5355,2.2749116733567
0.536,-1.21022492171869
0.5365,-0.299986135568048
0.537,1.71246434768829
0.5375,-2.45510773300026
0.538,2.27458294898331
0.5385,-1.21055364666313
0.539,-0.299986135568048
0.5395,1.71213562339419
0.54,-2.45510773300026
0.5405,2.2749116733567
0.541,-1.21088237160775
0.5415,-0.299328686466688
0.542,1.71213562339419
0.5425,-2.45510773300026
0.543,2.2749116733567
0.5435,-1.2115398214975
0.544,-0.298671237365772
0.5445,1.71147817480607
0.545,-2.45477900723796
0.5455,2.2749116733567
0.546,-1.2115398214975
0.5465,-0.29834251281548
0.547,1.71147817480607
0.5475,-2.45412155571414
0.548,2.27556912210368
0.5485,-1.21186854644264
0.549,-0.298671237365772
0.5495,1.71082072621806
0.55,-2.45412155571414
0.5505,2.27589784647727
0.551,-1.21219727138795
0.5515,-0.297685063715228
0.552,1.7104920019241
0.5525,-2.45412155571414
0.553,2.27589784647727
0.5535,-1.21252599633343
0.554,-0.297356339165269
0.5545,1.71016327763016
0.555,-2.45445028147592
0.5555,2.27622657085092
0.556,-1.21318344622492
0.5565,-0.296698890065682
0.557,1.70983455333625
0.5575,-2.45379282995261
0.558,2.27655529522464
0.5585,-1.21351217117092
0.559,-0.296370165516055
0.5595,1.70950582904237
0.56,-2.45445028147592
0.5605,2.27655529522464
0.561,-1.2138408961171
0.5615,-0.296041440966538
0.562,1.70917710474851
0.5625,-2.45412155571414
0.563,2.27655529522464
0.5635,-1.21449834600997
0.564,-0.295383991867837
0.5645,1.70917710474851
0.565,-2.45379282995261
0.5655,2.27688401959843
0.566,-1.21449834600997
0.5665,-0.295055267318652
0.567,1.70819093186711
0.5675,-2.45346410419135
0.568,2.27688401959843
0.5685,-1.21548452085059
0.569,-0.294397818220614
0.5695,1.70819093186711
0.57,-2.45379282995261
0.5705,2.27721274397228
0.571,-1.21548452085059
0.5715,-0.294069093671761
0.572,1.70786220757336
0.5725,-2.45346410419135
0.573,2.27721274397228
0.5735,-1.21581324579781
0.574,-0.293411644574386
0.5745,1.70819093186711
0.575,-2.45379282995261
0.5755,2.27754146834619
0.576,-1.21581324579781
0.5765,-0.293411644574386
0.577,1.70753348327963
0.5775,-2.45346410419135
0.578,2.27787019272018
0.5785,-1.2161419707452
0.579,-0.293082920025865
0.5795,1.70687603469227
0.58,-2.45346410419135
0.5805,2.27787019272018
0.581,-1.21679942064051
0.5815,-0.292425470929153
0.582,1.70687603469227
0.5825,-2.45313537843034
0.583,2.27787019272018
0.5835,-1.21712814558842
0.584,-0.292096746380962
0.5845,1.70654731039863
0.585,-2.45346410419135
0.5855,2.27819891709423
0.586,-1.21712814558842
0.5865,-0.291768021832882
0.587,1.70687603469227
0.5875,-2.45379282995261
0.588,2.27852764146834
0.5885,-1.21745687053651
0.589,-0.291110572737054
0.5895,1.70588986181142
0.59,-2.45280665266959
0.5905,2.27918509021677
0.591,-1.21844304538182
0.5915,-0.290781848189305
0.592,1.70588986181142
0.5925,-2.45313537843034
0.593,2.27885636584252
0.5935,-1.21844304538182
0.594,-0.290124399094138
0.5945,1.70556113751786
0.595,-2.45313537843034
0.5955,2.27885636584252
0.596,-1.21910049527956
0.5965,-0.289466949999412
0.597,1.70523241322433
0.5975,-2.45280665266959
0.598,2.27918509021677
0.5985,-1.21910049527956
0.599,-0.289138225452214
0.5995,1.70523241322433
0.6,-2.45280665266959
0.6005,2.27984253896546
0.601,-1.219757945178
0.6015,-0.288809500905127
0.602,1.70457496463734
0.6025,-2.45280665266959
0.603,2.27984253896546
0.6035,-1.22008667012748
0.604,-0.288480776358149
0.6045,1.70391751605045
0.605,-2.4524779269091
0.6055,2.27984253896546
0.606,-1.22041539507713
0.6065,-0.288152051811282
0.607,1.70391751605045
0.6075,-2.4524779269091
0.608,2.2801712633399
0.6085,-1.22074412002696
0.609,-0.287823327264525
0.6095,1.70391751605045
0.61,-2.4524779269091
0.6105,2.28049998771441
0.611,-1.22074412002696
0.6115,-0.287494602717878
0.612,1.70326006746367
0.6125,-2.4524779269091
0.613,2.28049998771441
0.6135,-1.22173029487749
0.614,-0.286837153624914
0.6145,1.70293134317032
0.615,-2.4524779269091
0.6155,2.28049998771441
0.616,-1.22205901982801
0.6165,-0.28617970453239
0.617,1.702602618877
0.6175,-2.45214920114887
0.618,2.28049998771441
0.6185,-1.22173029487749
0.619,-0.28617970453239
0.6195,1.70194517029043
0.62,-2.45214920114887
0.6205,2.28049998771441
0.621,-1.22205901982801
0.6215,-0.285522255440307
0.622,1.70194517029043
0.6225,-2.45182047538889
0.623,2.28082871208899
0.6235,-1.22271646972958
0.624,-0.284864806348663
0.6245,1.70128772170397
0.625,-2.45182047538889
0.6255,2.28115743646363
0.626,-1.22304519468063
0.6265,-0.284536081803005
0.627,1.70095899741078
0.6275,-2.45214920114887
0.628,2.28148616083834
0.6285,-1.22337391963185
0.629,-0.284207357257458
0.6295,1.70095899741078
0.63,-2.45182047538889
0.6305,2.28148616083834
0.631,-1.22337391963185
0.6315,-0.284207357257458
0.632,1.70063027311761
0.6325,-2.45214920114887
0.633,2.28181488521311
0.6335,-1.22436009448655
0.634,-0.283549908166693
0.6345,1.70063027311761
0.635,-2.45182047538889
0.6355,2.28214360958795
0.636,-1.22468881943847
0.6365,-0.282892459076367
0.637,1.70030154882447
0.6375,-2.45116302386972
0.638,2.28247233396286
0.6385,-1.22501754439056
0.639,-0.282892459076367
0.6395,1.69997282453136
0.64,-2.45083429811053
0.6405,2.28247233396286
0.641,-1.22501754439056
0.6415,-0.28223500998648
0.642,1.69931537594521
0.6425,-2.45182047538889
0.643,2.28247233396286
0.6435,-1.22534626934283
0.644,-0.281577560897032
0.6445,1.69931537594521
0.645,-2.45116302386972
0.6455,2.28280105833783
0.646,-1.22600371924789
0.6465,-0.281577560897032
0.647,1.69898665165218
0.6475,-2.45116302386972
0.648,2.28312978271287
0.6485,-1.22666116915364
0.649,-0.280920111808023
0.6495,1.69832920306619
0.65,-2.45083429811053
0.6505,2.28345850708798
0.651,-1.22698989410678
0.6515,-0.280262662719452
0.652,1.69865792735917
0.6525,-2.45116302386972
0.653,2.28312978271287
0.6535,-1.22698989410678
0.654,-0.27993393817533
0.6545,1.69800047877323
0.655,-2.45116302386972
0.6555,2.28345850708798
0.656,-1.22797606896724
0.6565,-0.279605213631319
0.657,1.6976717544803
0.6575,-2.45083429811053
0.658,2.28378723146315
0.6585,-1.22830479392108
0.659,-0.278619039999941
0.6595,1.69701430589452
0.66,-2.45083429811053
0.6605,2.28345850708798
0.661,-1.22863351887509
0.6615,-0.278619039999941
0.662,1.69701430589452
0.6625,-2.45050557235159
0.663,2.28378723146315
0.6635,-1.22896224382928
0.664,-0.278619039999941
0.6645,1.69635685730884
0.665,-2.45083429811053
0.6655,2.28378723146315
0.666,-1.22896224382928
0.6665,-0.277961590912903
0.667,1.69602813301604
0.6675,-2.45050557235159
0.668,2.28411595583838
0.6685,-1.22929096878364
0.669,-0.277632866369549
0.6695,1.69602813301604
0.67,-2.45050557235159
0.6705,2.28444468021369
0.671,-1.22994841869288
0.6715,-0.276975417283167
0.672,1.69569940872327
0.6725,-2.45050557235159
0.673,2.28411595583838
0.6735,-1.23027714364777
0.674,-0.276975417283167
0.6745,1.69537068443052
0.675,-2.45050557235159
0.6755,2.28477340458906
0.676,-1.23093459355806
0.6765,-0.275989243654415
0.677,1.6950419601378
0.6775,-2.45017684659291
0.678,2.2851021289645
0.6785,-1.23126331851347
0.679,-0.275989243654415
0.6795,1.6950419601378
0.68,-2.44984812083448
0.6805,2.2851021289645
0.681,-1.23159204346905
0.6815,-0.275660519111717
0.682,1.69438451155243
0.6825,-2.45017684659291
0.683,2.2851021289645
0.6835,-1.23159204346905
0.684,-0.275003070026647
0.6845,1.69405578725979
0.685,-2.45017684659291
0.6855,2.28543085334
0.686,-1.23224949338074
0.6865,-0.274674345484276
0.687,1.69405578725979
0.6875,-2.44951939507632
0.688,2.28543085334
0.6885,-1.23290694329313
0.689,-0.274345620942014
0.6895,1.69339833867457
0.69,-2.44951939507632
0.6905,2.28575957771557
0.691,-1.23290694329313
0.6915,-0.273688171857818
0.692,1.69306961438201
0.6925,-2.44984812083448
0.693,2.2860883020912
0.6935,-1.23323566824959
0.694,-0.273359447315883
0.6945,1.69306961438201
0.695,-2.45017684659291
0.6955,2.2860883020912
0.696,-1.23389311816303
0.6965,-0.272701998232342
0.697,1.69274089008946
0.6975,-2.44951939507632
0.698,2.2864170264669
0.6985,-1.23455056807717
0.699,-0.272701998232342
0.6995,1.69241216579695
0.7,-2.44919066931841
0.7005,2.28707447521851
0.701,-1.23455056807717
0.7015,-0.272373273690735
0.702,1.69175471721199
0.7025,-2.44984812083448
0.703,2.28707447521851
0.7035,-1.2348792930345
0.704,-0.271715824607847
0.7045,1.69175471721199
0.705,-2.44886194356076
0.7055,2.28674575084267
0.706,-1.23520801799201
0.7065,-0.270729650984334
0.707,1.69142599291956
0.7075,-2.44886194356076
0.708,2.28740319959441
0.7085,-1.23553674294969
0.709,-0.27040092644338
0.7095,1.69109726862714
0.71,-2.44886194356076
0.7105,2.28740319959441
0.711,-1.23586546790755
0.7115,-0.27040092644338
0.712,1.69043982004239
0.7125,-2.44886194356076
0.713,2.28773192397038
0.7135,-1.23619419286558
0.714,-0.270072201902536
0.7145,1.69043982004239
0.715,-2.44853321780338
0.7155,2.28740319959441
0.716,-1.23652291782379
0.7165,-0.270072201902536
0.717,1.69011109575006
0.7175,-2.44886194356076
0.718,2.28773192397038
0.7185,-1.23685164278217
0.719,-0.269414752821174
0.7195,1.68945364716546
0.72,-2.44886194356076
0.7205,2.28806064834641
0.721,-1.23718036774073
0.7215,-0.269086028280656
0.722,1.68945364716546
0.7225,-2.44886194356076
0.723,2.28806064834641
0.7235,-1.23750909269947
0.724,-0.268428579199947
0.7245,1.68879619858097
0.725,-2.44853321780338
0.7255,2.28838937272251
0.726,-1.23816654261746
0.7265,-0.268099854659755
0.727,1.68879619858097
0.7275,-2.44820449204624
0.728,2.28838937272251
0.7285,-1.23849526757672
0.729,-0.267442405579698
0.7295,1.68813874999657
0.73,-2.44820449204624
0.7305,2.28838937272251
0.731,-1.23882399253615
0.7315,-0.267113681039833
0.732,1.68813874999657
0.7325,-2.44853321780338
0.733,2.28871809709868
0.7335,-1.23915271749576
0.734,-0.266456231960428
0.7345,1.68748130141228
0.735,-2.44787576628937
0.7355,2.28871809709868
0.736,-1.23981016741551
0.7365,-0.266127507420888
0.737,1.68781002570442
0.7375,-2.44820449204624
0.738,2.28871809709868
0.7385,-1.23981016741551
0.739,-0.265470058342135
0.7395,1.68715257712018
0.74,-2.44787576628937
0.7405,2.28871809709868
0.741,-1.24013889237564
0.7415,-0.265141333802922
0.742,1.68682385282809
0.7425,-2.44820449204624
0.743,2.28937554585121
0.7435,-1.24079634229644
0.744,-0.264812609263817
0.7445,1.68649512853604
0.745,-2.44787576628937
0.7455,2.28937554585121
0.746,-1.2411250672571
0.7465,-0.26448388472482
0.747,1.68649512853604
0.7475,-2.44754704053276
0.748,2.28970427022758
0.7485,-1.24145379221794
0.749,-0.264155160185932
0.7495,1.68550895566002
0.75,-2.44787576628937
0.7505,2.28970427022758
0.751,-1.24178251717895
0.7515,-0.263826435647152
0.752,1.685837679952
0.7525,-2.44754704053276
0.753,2.28970427022758
0.7535,-1.24211124214014
0.754,-0.262840262031464
0.7545,1.68518023136806
0.755,-2.4472183147764
0.7555,2.29036171898052
0.756,-1.24309741702476
0.7565,-0.262840262031464
0.757,1.68485150707613
0.7575,-2.4472183147764
0.758,2.29036171898052
0.7585,-1.24342614198665
0.759,-0.262511537493118
0.7595,1.68452278278423
0.76,-2.44754704053276
0.7605,2.29069044335708
0.761,-1.24342614198665
0.7615,-0.26218281295488
0.762,1.68452278278423
0.7625,-2.44754704053276
0.763,2.29036171898052
0.7635,-1.24375486694872
0.764,-0.261854088416751
0.7645,1.68419405849235
0.765,-2.4472183147764
0.7655,2.29101916773372
0.766,-1.24441231687338
0.7665,-0.261196639340817
0.767,1.68353660990866
0.7675,-2.4472183147764
0.768,2.29101916773372
0.7685,-1.24474104183597
0.769,-0.260867914803012
0.7695,1.68320788561686
0.77,-2.4472183147764
0.7705,2.29101916773372
0.771,-1.24474104183597
0.7715,-0.260210465727728
0.772,1.68287916132508
0.7725,-2.4472183147764
0.773,2.29134789211042
0.7735,-1.24506976679874
0.774,-0.259881741190248
0.7745,1.68287916132508
0.775,-2.4468895890203
0.7755,2.29233406524092
0.776,-1.2457272167248
0.7765,-0.259224292115613
0.777,1.68255043703332
0.7775,-2.4468895890203
0.778,2.29134789211042
0.7785,-1.2460559416881
0.779,-0.259224292115613
0.7795,1.68156426415821
0.78,-2.4468895890203
0.7805,2.29167661648719
0.781,-1.24671339161522
0.7815,-0.258895567578457
0.782,1.68156426415821
0.7825,-2.44656086326446
0.783,2.29233406524092
0.7835,-1.24638466665157
0.784,-0.258238118504471
0.7845,1.68090681557492
0.785,-2.44590341175355
0.7855,2.29200534086402
0.786,-1.24737084154304
0.7865,-0.257580669430917
0.787,1.68090681557492
0.7875,-2.44656086326446
0.788,2.29200534086402
0.7885,-1.24737084154304
0.789,-0.257580669430917
0.7895,1.68057809128332
0.79,-2.44623213750888
0.7905,2.29266278961789
0.791,-1.24802829147157
0.7915,-0.256923220357795
0.792,1.68090681557492
0.7925,-2.44623213750888
0.793,2.29266278961789
0.7935,-1.24769956650722
0.794,-0.256594495821396
0.7945,1.68024936699174
0.795,-2.44623213750888
0.7955,2.29266278961789
0.796,-1.2483570164361
0.7965,-0.255937046748921
0.797,1.67992064270018
0.7975,-2.44623213750888
0.798,2.29332023837203
0.7985,-1.24901446636568
0.799,-0.255608322212846
0.7995,1.67926319411715
0.8,-2.44590341175355
0.8005,2.29332023837203
0.801,-1.24901446636568
0.8015,-0.255279597676878
0.802,1.67893446982567
0.8025,-2.44623213750888
0.803,2.29299151399492
0.8035,-1.24967191629597
0.804,-0.254950873141019
0.8045,1.67860574553421
0.805,-2.44590341175355
0.8055,2.29364896274919
0.806,-1.25032936622696
0.8065,-0.254293424069623
0.807,1.67860574553421
0.8075,-2.44590341175355
0.808,2.29364896274919
0.8085,-1.25032936622696
0.809,-0.254293424069623
0.8095,1.67827702124278
0.81,-2.44590341175355
0.8105,2.29397768712643
0.811,-1.25065809119272
0.8115,-0.253635974998659
0.812,1.67761957265999
0.8125,-2.44524596024368
0.813,2.29430641150373
0.8135,-1.25065809119272
0.814,-0.25264980139302
0.8145,1.67729084836863
0.815,-2.44557468599849
0.8155,2.29430641150373
0.816,-1.25131554112476
0.8165,-0.25264980139302
0.817,1.67761957265999
0.8175,-2.44524596024368
0.818,2.29430641150373
0.8185,-1.25230171602415
0.819,-0.25166362778835
0.8195,1.67729084836863
0.82,-2.44524596024368
0.8205,2.29496386025854
0.821,-1.25197299105751
0.8215,-0.25166362778835
0.822,1.67663339978599
0.8225,-2.44524596024368
0.823,2.29496386025854
0.8235,-1.25263044099097
0.824,-0.25166362778835
0.8245,1.67630467549471
0.825,-2.44524596024368
0.8255,2.29496386025854
0.826,-1.25295916595796
0.8265,-0.251006178719109
0.827,1.67597595120345
0.8275,-2.44524596024368
0.828,2.29529258463604
0.8285,-1.25361661589248
0.829,-0.250348729650297
0.8295,1.67564722691222
0.83,-2.44458850873484
0.8305,2.29529258463604
0.831,-1.25361661589248
0.8315,-0.250020005116053
0.832,1.67498977832982
0.8325,-2.44491723448913
0.833,2.29529258463604
0.8335,-1.2542740658277
0.834,-0.250020005116053
0.8345,1.67466105403866
0.835,-2.44425978298081
0.8355,2.29496386025854
0.836,-1.25460279079557
0.8365,-0.249691280581916
0.837,1.67466105403866
0.8375,-2.44458850873484
0.838,2.29562130901361
0.8385,-1.25460279079557
0.839,-0.249362556047887
0.8395,1.67433232974753
0.84,-2.44425978298081
0.8405,2.29595003339125
0.841,-1.25558896570025
0.8415,-0.249033831513965
0.842,1.67400360545642
0.8425,-2.44458850873484
0.843,2.29595003339125
0.8435,-1.25558896570025
0.844,-0.248047657912843
0.8445,1.67367488116533
0.845,-2.44393105722703
0.8455,2.29595003339125
0.846,-1.25558896570025
0.8465,-0.247718933379351
0.847,1.67301743258323
0.8475,-2.44425978298081
0.848,2.29627875776895
0.8485,-1.25624641563759
0.849,-0.247390208845966
0.8495,1.67268870829221
0.85,-2.44425978298081
0.8505,2.29660748214673
0.851,-1.25690386557563
0.8515,-0.246732759779518
0.852,1.67203125971026
0.8525,-2.44491723448913
0.853,2.29693620652456
0.8535,-1.25756131551438
0.854,-0.246404035246455
0.8545,1.67203125971026
0.855,-2.44393105722703
0.8555,2.29693620652456
0.856,-1.25756131551438
0.8565,-0.246075310713499
0.857,1.6713738111284
0.8575,-2.44393105722703
0.858,2.29693620652456
0.8585,-1.25821876545384
0.859,-0.245417861647909
0.8595,1.67170253541932
0.86,-2.44425978298081
0.8605,2.29726493090247
0.861,-1.25821876545384
0.8615,-0.245089137115274
0.862,1.6713738111284
0.8625,-2.44360233147351
0.863,2.29759365528044
0.8635,-1.25821876545384
0.864,-0.244431688050327
0.8645,1.67071636254664
0.865,-2.44360233147351
0.8655,2.29792237965848
0.866,-1.258876215394
0.8665,-0.244431688050327
0.867,1.6703876382558
0.8675,-2.44360233147351
0.868,2.29825110403659
0.8685,-1.25920494036434
0.869,-0.243774238985809
0.8695,1.6703876382558
0.87,-2.44360233147351
0.8705,2.29825110403659
0.871,-1.25953366533486
0.8715,-0.24344551445371
0.872,1.67005891396498
0.8725,-2.44393105722703
0.873,2.29857982841477
0.8735,-1.26019111527644
0.874,-0.243116789921718
0.8745,1.66973018967418
0.875,-2.44327360572025
0.8755,2.29825110403659
0.876,-1.26051984024749
0.8765,-0.242130616326385
0.877,1.66973018967418
0.8775,-2.44360233147351
0.878,2.29857982841477
0.8785,-1.26051984024749
0.879,-0.242130616326385
0.8795,1.66940146538341
0.88,-2.44294487996725
0.8805,2.29923727717132
0.881,-1.26117729019013
0.8815,-0.241801891794822
0.882,1.66874401680194
0.8825,-2.44294487996725
0.883,2.29890855279301
0.8835,-1.26183474013347
0.884,-0.240815718200772
0.8845,1.66841529251124
0.885,-2.44294487996725
0.8855,2.29923727717132
0.886,-1.26150601516171
0.8865,-0.240815718200772
0.887,1.66808656822056
0.8875,-2.44294487996725
0.888,2.29923727717132
0.8885,-1.26249219007752
0.889,-0.240158269138607
0.8895,1.66775784392991
0.89,-2.44294487996725
0.8905,2.29956600154969
0.891,-1.26216346510541
0.8915,-0.240158269138607
0.892,1.66742911963929
0.8925,-2.4426161542145
0.893,2.29956600154969
0.8935,-1.26314964002228
0.894,-0.240158269138607
0.8945,1.66742911963929
0.895,-2.4426161542145
0.8955,2.29923727717132
0.896,-1.26347836499492
0.8965,-0.23917209554616
0.897,1.6667716710581
0.8975,-2.4426161542145
0.898,2.29989472592814
0.8985,-1.26380708996775
0.899,-0.238843371015558
0.8995,1.66611422247702
0.9,-2.44228742846202
0.9005,2.29989472592814
0.901,-1.26380708996775
0.9015,-0.238185921954674
0.902,1.66611422247702
0.9025,-2.44228742846202
0.903,2.30022345030665
0.9035,-1.26446453991392
0.904,-0.237857197424392
0.9045,1.66578549818651
0.905,-2.44195870270979
0.9055,2.29989472592814
0.906,-1.26479326488727
0.9065,-0.237528472894216
0.907,1.66545677389603
0.9075,-2.44228742846202
0.908,2.30022345030665
0.9085,-1.26479326488727
0.909,-0.237528472894216
0.9095,1.66479932531513
0.91,-2.44195870270979
0.9105,2.30055217468523
0.911,-1.2651219898608
0.9115,-0.236871023834186
0.912,1.66479932531513
0.9125,-2.44228742846202
0.913,2.30055217468523
0.9135,-1.26545071483451
0.914,-0.236213574774581
0.9145,1.66414187673433
0.915,-2.44195870270979
0.9155,2.30120962344259
0.916,-1.26610816478245
0.9165,-0.235884850244939
0.917,1.66414187673433
0.9175,-2.44195870270979
0.918,2.30120962344259
0.9185,-1.26643688975669
0.919,-0.235227401185974
0.9195,1.66348442815362
0.92,-2.44162997695782
0.9205,2.30120962344259
0.921,-1.26742306468047
0.9215,-0.234898676656651
0.922,1.66381315244397
0.9225,-2.44162997695782
0.923,2.30153834782137
0.9235,-1.26742306468047
0.924,-0.234898676656651
0.9245,1.66282697957301
0.925,-2.44162997695782
0.9255,2.30153834782137
0.926,-1.26808051463054
0.9265,-0.234569952127435
0.927,1.66282697957301
0.9275,-2.44130125120611
0.928,2.30153834782137
0.9285,-1.26840923960584
0.929,-0.233912503069322
0.9295,1.6621695309925
0.93,-2.44195870270979
0.9305,2.30186707220022
0.931,-1.26873796458132
0.9315,-0.233255054011634
0.932,1.66184080670227
0.9325,-2.44130125120611
0.933,2.30153834782137
0.9335,-1.26873796458132
0.934,-0.233255054011634
0.9345,1.6611833581219
0.935,-2.44162997695782
0.9355,2.30186707220022
0.936,-1.26939541453281
0.9365,-0.233255054011634
0.937,1.6611833581219
0.9375,-2.44097252545465
0.938,2.30219579657913
0.9385,-1.26972413950882
0.939,-0.232597604954371
0.9395,1.66052590954162
0.94,-2.44064379970345
0.9405,2.30219579657913
0.941,-1.27005286448501
0.9415,-0.231940155897534
0.942,1.66052590954162
0.9425,-2.44162997695782
0.943,2.30219579657913
0.9435,-1.27038158946138
0.944,-0.231940155897534
0.9445,1.65986846096143
0.945,-2.44097252545465
0.9455,2.30252452095812
0.946,-1.27071031443792
0.9465,-0.231282706841122
0.947,1.65986846096143
0.9475,-2.44097252545465
0.948,2.30285324533717
0.9485,-1.27136776439154
0.949,-0.231282706841122
0.9495,1.65953973667138
0.95,-2.44097252545465
0.9505,2.30285324533717
0.951,-1.27202521434587
0.9515,-0.2302965332573
0.952,1.65953973667138
0.9525,-2.44097252545465
0.953,2.30318196971628
0.9535,-1.27202521434587
0.954,-0.22963908420195
0.9545,1.65855356380134
0.955,-2.44064379970345
0.9555,2.30351069409547
0.956,-1.2723539393233
0.9565,-0.22963908420195
0.957,1.65822483951138
0.9575,-2.44064379970345
0.958,2.30318196971628
0.9585,-1.27268266430091
0.959,-0.228981635147024
0.9595,1.65822483951138
0.96,-2.44064379970345
0.9605,2.30351069409547
0.961,-1.2730113892787
0.9615,-0.22865291061972
0.962,1.65789611522144
0.9625,-2.44031507395251
0.963,2.30318196971628
0.9635,-1.27366883923481
0.964,-0.227995461565431
0.9645,1.65756739093152
0.965,-2.44031507395251
0.9655,2.30416814285405
0.966,-1.27399756421312
0.9665,-0.227995461565431
0.967,1.65756739093152
0.9675,-2.44031507395251
0.968,2.30416814285405
0.9685,-1.27432628919162
0.969,-0.227338012511565
0.9695,1.65723866664163
0.97,-2.44031507395251
0.9705,2.30449686723343
0.971,-1.2746550141703
0.9715,-0.227009287984791
0.972,1.65723866664163
0.9725,-2.43965762245141
0.973,2.30482559161289
0.9735,-1.27498373914915
0.974,-0.226680563458123
0.9745,1.65658121806191
0.975,-2.43998634820183
0.9755,2.30482559161289
0.976,-1.27564118910739
0.9765,-0.226023114405105
0.977,1.65658121806191
0.9775,-2.43998634820183
0.978,2.30482559161289
0.9785,-1.27531246412818
0.979,-0.22536566535251
0.9795,1.65592376948228
0.98,-2.43998634820183
0.9805,2.30482559161289
0.981,-1.27596991408677
0.9815,-0.225036940826371
0.982,1.65559504519251
0.9825,-2.43932889670124
0.983,2.30515431599242
0.9835,-1.27596991408677
0.984,-0.224708216300338
0.9845,1.65559504519251
0.985,-2.43932889670124
0.9855,2.30581176475167
0.986,-1.276956089026
0.9865,-0.224050767248589
0.987,1.65493759661302
0.9875,-2.43932889670124
0.988,2.30515431599242
0.9885,-1.2772848140061
0.989,-0.223722042722874
0.9895,1.65460887232331
0.99,-2.43932889670124
0.9905,2.30548304037201
0.991,-1.2772848140061
0.9915,-0.223393318197264
0.992,1.65428014803362
0.9925,-2.43932889670124
0.993,2.30581176475167
0.9935,-1.27794226396683
0.994,-0.22273586914636
0.9945,1.65395142374396
0.995,-2.43932889670124
0.9955,2.30581176475167
0.996,-1.27827098894746
0.9965,-0.222407144621067
0.997,1.65362269945432
0.9975,-2.43932889670124
0.998,2.3061404891314
0.9985,-1.27892843890926
0.999,-0.221749695570798
0.9995,1.65296525087511
1,-2.43900017095133
1.0005,2.30646921351119
1.001,-1.27859971392827
1.0015,-0.221749695570798
1.002,1.65296525087511
1.0025,-2.43867144520168
1.003,2.30646921351119
1.0035,-1.27958588887176
1.004,-0.221092246520951
1.0045,1.65263652658554
1.005,-2.43834271945228
1.0055,2.30679793789105
1.006,-1.27958588887176
1.0065,-0.220763521996186
1.007,1.652307802296
1.0075,-2.43867144520168
1.008,2.30679793789105
1.0085,-1.28024333883499
1.009,-0.220763521996186
1.0095,1.65165035371697
1.01,-2.43867144520168
1.0105,2.30712666227098
1.011,-1.28057206381686
1.0115,-0.220106072946971
1.012,1.65132162942749
1.0125,-2.43867144520168
1.013,2.30745538665098
1.0135,-1.28122951378115
1.014,-0.219448623898179
1.0145,1.65165035371697
1.015,-2.43834271945228
1.0155,2.30745538665098
1.016,-1.28122951378115
1.0165,-0.219448623898179
1.017,1.6506641808486
1.0175,-2.43834271945228
1.018,2.30778411103105
1.0185,-1.28188696374616
1.019,-0.218791174849808
1.0195,1.65033545655919
1.02,-2.43801399370315
1.0205,2.30811283541118
1.021,-1.28188696374616
1.0215,-0.218462450325781
1.022,1.6506641808486
1.0225,-2.43768526795427
1.023,2.30811283541118
1.0235,-1.28221568872893
1.024,-0.217805001278042
1.0245,1.65033545655919
1.025,-2.43801399370315
1.0255,2.30811283541118
1.026,-1.28254441371187
1.0265,-0.217476276754331
1.027,1.65000673226981
1.0275,-2.43768526795427
1.028,2.30877028417166
1.0285,-1.282873138695
1.029,-0.217147552230725
1.0295,1.64967800798044
1.03,-2.43801399370315
1.0305,2.30844155979139
1.031,-1.2832018636783
1.0315,-0.216490103183828
1.032,1.64902055940178
1.0325,-2.43768526795427
1.033,2.30877028417166
1.0335,-1.28385931364545
1.034,-0.215832654137353
1.0345,1.64869183511248
1.035,-2.43768526795427
1.0355,2.30844155979139
1.036,-1.28418803862929
1.0365,-0.215832654137353
1.037,1.64836311082321
1.0375,-2.43768526795427
1.038,2.30877028417166
1.0385,-1.28418803862929
1.039,-0.215175205091298
1.0395,1.64836311082321
1.04,-2.43735654220565
1.0405,2.30877028417166
1.041,-1.28517421358187
1.0415,-0.215175205091298
1.042,1.64803438653396
1.0425,-2.43735654220565
1.043,2.3094277329324
1.0435,-1.28517421358187
1.044,-0.214517756045663
1.0445,1.64770566224473
1.045,-2.43735654220565
1.0455,2.30909900855199
1.046,-1.28583166355116
1.0465,-0.214189031523003
1.047,1.64671948937718
1.0475,-2.43735654220565
1.048,2.3094277329324
1.0485,-1.28616038853607
1.049,-0.213531582477999
1.0495,1.64671948937718
1.05,-2.43735654220565
1.0505,2.31008518169342
1.051,-1.28583166355116
1.0515,-0.212874133433415
1.052,1.64671948937718
1.0525,-2.43702781645728
1.053,2.31008518169342
1.0535,-1.28681783850642
1.054,-0.213202857955654
1.0545,1.64639076508805
1.055,-2.43702781645728
1.0555,2.31008518169342
1.056,-1.28714656349187
1.0565,-0.211887959867325
1.057,1.64606204079893
1.0575,-2.43669909070918
1.058,2.31074263045471
1.0585,-1.28714656349187
1.059,-0.211887959867325
1.0595,1.64573331650984
1.06,-2.43637036496133
1.0605,2.31107135483545
1.061,-1.28714656349187
1.0615,-0.211559235345505
1.062,1.64540459222077
1.0625,-2.43669909070918
1.063,2.31107135483545
1.0635,-1.2878040134633
1.064,-0.21090178630218
1.0645,1.64540459222077
1.065,-2.43669909070918
1.0655,2.31107135483545
1.066,-1.28813273844928
1.0665,-0.210573061780674
1.067,1.6447471436427
1.0675,-2.43604163921374
1.068,2.31107135483545
1.0685,-1.28879018842178
1.069,-0.209915612737977
1.0695,1.6447471436427
1.07,-2.43637036496133
1.0705,2.31172880359715
1.071,-1.28879018842178
1.0715,-0.2092581636957
1.072,1.64408969506471
1.0725,-2.43604163921374
1.073,2.31140007921627
1.0735,-1.28944763839499
1.074,-0.2092581636957
1.0745,1.64408969506471
1.075,-2.43604163921374
1.0755,2.3120575279781
1.076,-1.28944763839499
1.0765,-0.208600714653841
1.077,1.64343224648682
1.0775,-2.4357129134664
1.078,2.31238625235912
1.0785,-1.28977636338187
1.079,-0.208271990133068
1.0795,1.64343224648682
1.08,-2.43604163921374
1.0805,2.31172880359715
1.081,-1.29076253834356
1.0815,-0.207614541091838
1.082,1.64277479790901
1.0825,-2.43604163921374
1.083,2.31238625235912
1.0835,-1.29043381335615
1.084,-0.207943265612401
1.0845,1.64277479790901
1.085,-2.4357129134664
1.0855,2.31238625235912
1.086,-1.29141998831892
1.0865,-0.206957092051025
1.087,1.6421173493313
1.0875,-2.43538418771932
1.088,2.31271497674021
1.0885,-1.29141998831892
1.089,-0.20629964301063
1.0895,1.64178862504247
1.09,-2.4350554619725
1.0905,2.31271497674021
1.091,-1.29174871330687
1.0915,-0.20629964301063
1.092,1.6421173493313
1.0925,-2.4350554619725
1.093,2.31337242550259
1.0935,-1.292077438295
1.094,-0.205642193970654
1.0945,1.64145990075367
1.095,-2.43538418771932
1.0955,2.31304370112136
1.096,-1.29306361326045
1.0965,-0.205642193970654
1.097,1.64080245217613
1.0975,-2.4350554619725
1.098,2.31304370112136
1.0985,-1.29306361326045
1.099,-0.204984744931096
1.0995,1.64080245217613
1.1,-2.43439801047964
1.1005,2.31337242550259
1.101,-1.2933923382493
1.1015,-0.204656020411473
1.102,1.6404737278874
1.1025,-2.4350554619725
1.103,2.31337242550259
1.1035,-1.29404978822752
1.104,-0.203998571372541
1.1045,1.64014500359869
1.105,-2.43472673622594
1.1055,2.31370114988388
1.106,-1.2943785132169
1.1065,-0.203998571372541
1.107,1.63948755502133
1.1075,-2.43406928473359
1.108,2.31402987426524
1.1085,-1.29470723820646
1.109,-0.203669846853231
1.1095,1.63948755502133
1.11,-2.43472673622594
1.1105,2.31402987426524
1.111,-1.2950359631962
1.1115,-0.203012397814925
1.112,1.63883010644405
1.1125,-2.43439801047964
1.113,2.31402987426524
1.1135,-1.2950359631962
1.114,-0.202026224258248
1.1145,1.63883010644405
1.115,-2.43439801047964
1.1155,2.31402987426524
1.116,-1.29536468818612
1.1165,-0.202026224258248
1.117,1.63850138215545
1.1175,-2.43406928473359
1.118,2.31435859864667
1.1185,-1.29602213816649
1.119,-0.201368775220984
1.1195,1.63817265786687
1.12,-2.43406928473359
1.1205,2.31468732302817
1.121,-1.29667958814758
1.1215,-0.201368775220984
1.122,1.63784393357831
1.1225,-2.43439801047964
1.123,2.31468732302817
1.1235,-1.29700831313839
1.124,-0.200711326184137
1.1245,1.63718648500126
1.125,-2.4337405589878
1.1255,2.31534477179136
1.126,-1.29700831313839
1.1265,-0.200382601665869
1.127,1.63652903642429
1.1275,-2.43406928473359
1.128,2.31501604740973
1.1285,-1.29733703812939
1.129,-0.199725152629647
1.1295,1.63652903642429
1.13,-2.43275438175197
1.1305,2.31468732302817
1.131,-1.29799448811191
1.1315,-0.199396428111692
1.132,1.63587158784742
1.1325,-2.4337405589878
1.133,2.31501604740973
1.1335,-1.29832321310344
1.134,-0.199067703593841
1.1345,1.63620031213584
1.135,-2.4337405589878
1.1355,2.31567349617307
1.136,-1.29832321310344
1.1365,-0.198738979076093
1.137,1.63620031213584
1.1375,-2.4337405589878
1.138,2.31567349617307
1.1385,-1.29898066308704
1.139,-0.19841025455845
1.1395,1.63521413927063
1.14,-2.43308310749699
1.1405,2.31567349617307
1.141,-1.29963811307136
1.1415,-0.197752805523476
1.142,1.63488541498226
1.1425,-2.43308310749699
1.143,2.31600222055484
1.1435,-1.29963811307136
1.144,-0.197095356488917
1.1445,1.63521413927063
1.145,-2.43308310749699
1.1455,2.31567349617307
1.146,-1.3002955630564
1.1465,-0.197095356488917
1.147,1.6342279664056
1.1475,-2.43308310749699
1.148,2.31633094493668
1.1485,-1.29996683806379
1.149,-0.196437907454774
1.1495,1.63389924211731
1.15,-2.43308310749699
1.1505,2.31665966931858
1.151,-1.30095301304215
1.1515,-0.196437907454774
1.152,1.63389924211731
1.1525,-2.43308310749699
1.153,2.31698839370056
1.1535,-1.3012817380353
1.154,-0.195780458421046
1.1545,1.63357051782903
1.155,-2.43308310749699
1.1555,2.31698839370056
1.156,-1.3012817380353
1.1565,-0.194465560354835
1.157,1.63324179354078
1.1575,-2.43308310749699
1.158,2.31698839370056
1.1585,-1.30193918802213
1.159,-0.194794284871232
1.1595,1.63291306925255
1.16,-2.43275438175197
1.1605,2.3173171180826
1.161,-1.30226791301581
1.1615,-0.194136835838541
1.162,1.63258434496434
1.1625,-2.43275438175197
1.163,2.3173171180826
1.1635,-1.30226791301581
1.164,-0.193808111322352
1.1645,1.63192689638798
1.165,-2.43275438175197
1.1655,2.3173171180826
1.166,-1.30292536300372
1.1665,-0.193808111322352
1.167,1.63192689638798
1.1675,-2.43242565600721
1.168,2.31764584246472
1.1685,-1.30358281299235
1.169,-0.192821937774404
1.1695,1.63159817209983
1.17,-2.43275438175197
1.1705,2.3179745668469
1.171,-1.30358281299235
1.1715,-0.192821937774404
1.172,1.63094072352361
1.1725,-2.43209693026271
1.173,2.3173171180826
1.1735,-1.3042402629817
1.174,-0.192164488742957
1.1745,1.63126944781171
1.175,-2.43242565600721
1.1755,2.3179745668469
1.176,-1.30456898797664
1.1765,-0.191507039711924
1.177,1.63061199923553
1.1775,-2.43275438175197
1.178,2.31830329122915
1.1785,-1.30489771297177
1.179,-0.191507039711924
1.1795,1.63028327494747
1.18,-2.43209693026271
1.1805,2.31863201561147
1.181,-1.30522643796707
1.1815,-0.190520866166151
1.182,1.63028327494747
1.1825,-2.43176820451846
1.183,2.31896073999386
1.1835,-1.30555516296255
1.184,-0.190520866166151
1.1845,1.62962582637141
1.185,-2.43143947877447
1.1855,2.31928946437631
1.186,-1.30588388795821
1.1865,-0.189863417136152
1.187,1.62995455065943
1.1875,-2.43143947877447
1.188,2.31961818875884
1.1885,-1.30621261295406
1.189,-0.189534692621308
1.1895,1.62929710208342
1.19,-2.43143947877447
1.1905,2.31896073999386
1.191,-1.30654133795008
1.1915,-0.18887724359193
1.192,1.62896837779544
1.1925,-2.43143947877447
1.193,2.31961818875884
1.1935,-1.30654133795008
1.194,-0.188219794562965
1.1945,1.62863965350749
1.195,-2.43143947877447
1.1955,2.31961818875884
1.196,-1.30719878794266
1.1965,-0.187891070048637
1.197,1.62863965350749
1.1975,-2.43143947877447
1.198,2.31961818875884
1.1985,-1.30785623793597
1.199,-0.187562345534413
1.1995,1.62798220493165
1.2,-2.43045330154404
1.2005,2.31994691314143
1.201,-1.30818496293289
1.2015,-0.187233621020292
1.202,1.62765348064376
1.2025,-2.43078202728726
1.203,2.31994691314143
1.2035,-1.30785623793597
1.204,-0.186576171992359
1.2045,1.62732475635589
1.205,-2.43078202728726
1.2055,2.32060436190682
1.206,-1.30851368792999
1.2065,-0.186904896506274
1.207,1.62732475635589
1.2075,-2.43045330154404
1.208,2.32060436190682
1.2085,-1.30851368792999
1.209,-0.185918722964839
1.2095,1.62600985920463
1.21,-2.43045330154404
1.2105,2.32093308628962
1.211,-1.30949986292238
1.2115,-0.185918722964839
1.212,1.62633858349241
1.2125,-2.43111075303073
1.213,2.32126181067249
1.2135,-1.31015731291821
1.214,-0.185261273937731
1.2145,1.62600985920463
1.215,-2.43045330154404
1.2155,2.32093308628962
1.216,-1.30949986292238
1.2165,-0.184603824911035
1.217,1.62568113491687
1.2175,-2.43045330154404
1.218,2.32159053505543
1.2185,-1.31048603791639
1.219,-0.183946375884752
1.2195,1.62568113491687
1.22,-2.43012457580108
1.2205,2.32159053505543
1.221,-1.31081476291475
1.2215,-0.183617651371765
1.222,1.62502368634141
1.2225,-2.43012457580108
1.223,2.32191925943844
1.2235,-1.3111434879133
1.224,-0.183617651371765
1.2245,1.62469496205371
1.225,-2.42979585005837
1.2255,2.32191925943844
1.226,-1.31180093791093
1.2265,-0.18328892685888
1.227,1.62502368634141
1.2275,-2.42979585005837
1.228,2.32191925943844
1.2285,-1.31212966291001
1.229,-0.18263147783342
1.2295,1.62403751347838
1.23,-2.42946712431592
1.2305,2.32224798382151
1.231,-1.31212966291001
1.2315,-0.182302753320845
1.232,1.62338006490313
1.2325,-2.42979585005837
1.233,2.32191925943844
1.2335,-1.31278711290872
1.234,-0.181974028808372
1.2345,1.62338006490313
1.235,-2.42946712431592
1.2355,2.32257670820466
1.236,-1.31278711290872
1.2365,-0.181645304296002
1.237,1.62305134061553
1.2375,-2.42946712431592
1.238,2.32224798382151
1.2385,-1.31344456290815
1.239,-0.18098785527157
1.2395,1.62272261632796
1.24,-2.42913839857373
1.2405,2.32290543258787
1.241,-1.31377328790814
1.2415,-0.180659130759509
1.242,1.62206516775288
1.2425,-2.42913839857373
1.243,2.32290543258787
1.2435,-1.31508818790989
1.244,-0.18033040624755
1.2445,1.62206516775288
1.245,-2.42946712431592
1.2455,2.32290543258787
1.246,-1.31410201290831
1.2465,-0.17967295722394
1.247,1.62173644346537
1.2475,-2.42913839857373
1.248,2.32290543258787
1.2485,-1.31475946290918
1.249,-0.17934423271229
1.2495,1.62140771917788
1.25,-2.4288096728318
1.2505,2.3235628813545
1.251,-1.31508818790989
1.2515,-0.179015508200742
1.252,1.62140771917788
1.2525,-2.4288096728318
1.253,2.32323415697115
1.2535,-1.31574563791185
1.254,-0.178358059177953
1.2545,1.62075027060296
1.255,-2.42848094709012
1.2555,2.3235628813545
1.256,-1.3160743629131
1.2565,-0.177700610155575
1.257,1.62042154631554
1.2575,-2.42848094709012
1.258,2.32389160573792
1.2585,-1.31673181291614
1.259,-0.177700610155575
1.2595,1.62009282202813
1.26,-2.42848094709012
1.2605,2.3235628813545
1.261,-1.31673181291614
1.2615,-0.176714436622777
1.262,1.61976409774075
1.2625,-2.42848094709012
1.263,2.32422033012141
1.2635,-1.31706053791793
1.264,-0.176714436622777
1.2645,1.61943537345338
1.265,-2.42848094709012
1.2655,2.32422033012141
1.266,-1.3173892629199
1.2665,-0.17638571211205
1.267,1.61910664916604
1.2675,-2.42782349560754
1.268,2.32454905450497
1.2685,-1.31804671292439
1.269,-0.175728263090902
1.2695,1.61877792487872
1.27,-2.4281522213487
1.2705,2.32454905450497
1.271,-1.31804671292439
1.2715,-0.175728263090902
1.272,1.61877792487872
1.2725,-2.4281522213487
1.273,2.32454905450497
1.2735,-1.3187041629296
1.274,-0.175070814070163
1.2745,1.61812047630413
1.275,-2.42782349560754
1.2755,2.32454905450497
1.276,-1.31903288793248
1.2765,-0.174413365049834
1.277,1.61812047630413
1.2775,-2.42782349560754
1.278,2.32520650327229
1.2785,-1.31903288793248
1.279,-0.174413365049834
1.2795,1.61779175201687
1.28,-2.42782349560754
1.2805,2.32553522765606
1.281,-1.31969033793877
1.2815,-0.173427191520108
1.282,1.61746302772963
1.2825,-2.42749476986663
1.283,2.32520650327229
1.2835,-1.31969033793877
1.284,-0.172769742500802
1.2845,1.61713430344241
1.285,-2.42782349560754
1.2855,2.32586395203989
1.286,-1.32034778794579
1.2865,-0.172769742500802
1.287,1.61647685486803
1.2875,-2.42749476986663
1.288,2.32586395203989
1.2885,-1.32067651294957
1.289,-0.172441017991302
1.2895,1.61647685486803
1.29,-2.42716604412598
1.2905,2.32586395203989
1.291,-1.32133396295767
1.2915,-0.172112293481904
1.292,1.61581940629373
1.2925,-2.42716604412598
1.293,2.32652140080777
1.2935,-1.32133396295767
1.294,-0.171783568972609
1.2945,1.61581940629373
1.295,-2.42683731838559
1.2955,2.32652140080777
1.296,-1.3219914129665
1.2965,-0.171454844463416
1.297,1.61549068200662
1.2975,-2.42716604412598
1.298,2.32619267642379
1.2985,-1.32232013797119
1.299,-0.170797395445335
1.2995,1.61483323343244
1.3,-2.42650859264545
1.3005,2.32619267642379
1.301,-1.32232013797119
1.3015,-0.170139946427663
1.302,1.61450450914539
1.3025,-2.42650859264545
1.303,2.32685012519181
1.3035,-1.32264886297605
1.304,-0.16981122191898
1.3045,1.61417578485835
1.305,-2.42650859264545
1.3055,2.32685012519181
1.306,-1.32330631298633
1.3065,-0.169482497410399
1.307,1.61351833628434
1.3075,-2.42650859264545
1.308,2.32685012519181
1.3085,-1.32396376299733
1.309,-0.168825048393543
1.3095,1.61384706057134
1.31,-2.42617986690557
1.3105,2.32685012519181
1.311,-1.3242924880031
1.3115,-0.16915377290192
1.312,1.61318961199737
1.3125,-2.42650859264545
1.313,2.3275075739601
1.3135,-1.32396376299733
1.314,-0.168496323885268
1.3145,1.61253216342348
1.315,-2.42617986690557
1.3155,2.32783629834435
1.316,-1.3242924880031
1.3165,-0.167838874869024
1.317,1.61286088771041
1.3175,-2.42617986690557
1.318,2.3275075739601
1.3185,-1.32494993801519
1.319,-0.167181425853187
1.3195,1.61187471484967
1.32,-2.42585114116595
1.3205,2.3275075739601
1.321,-1.3252786630215
1.3215,-0.166852701345421
1.322,1.61220343913656
1.3225,-2.42519368968747
1.323,2.32816502272867
1.3235,-1.325607388028
1.324,-0.166195252330194
1.3245,1.61187471484967
1.325,-2.42585114116595
1.3255,2.32816502272867
1.326,-1.32626483804154
1.3265,-0.165866527822734
1.327,1.61154599056279
1.3275,-2.42552241542658
1.328,2.32816502272867
1.3285,-1.32593611303468
1.329,-0.165537803315375
1.3295,1.61121726627594
1.33,-2.42519368968747
1.3305,2.32816502272867
1.331,-1.3269222880558
1.3315,-0.165209078808118
1.332,1.61055981770229
1.3325,-2.42552241542658
1.333,2.32849374711305
1.3335,-1.3269222880558
1.334,-0.165209078808118
1.3345,1.6102310934155
1.335,-2.42519368968747
1.3355,2.32816502272867
1.336,-1.32757973807078
1.3365,-0.164551629793909
1.337,1.60990236912873
1.3375,-2.42585114116595
1.338,2.32882247149751
1.3385,-1.3282371880865
1.339,-0.164551629793909
1.3395,1.60990236912873
1.34,-2.42486496394862
1.3405,2.32915119588204
1.341,-1.32856591309463
1.3415,-0.163565456273358
1.342,1.60924492055524
1.3425,-2.42552241542658
1.343,2.32915119588204
1.3435,-1.32889463810294
1.344,-0.163565456273358
1.3445,1.60891619626853
1.345,-2.42486496394862
1.3455,2.32947992026663
1.346,-1.32889463810294
1.3465,-0.162908007260165
1.347,1.60891619626853
1.3475,-2.42453623821002
1.348,2.3298086446513
1.3485,-1.32922336311143
1.349,-0.161921833741136
1.3495,1.60858747198183
1.35,-2.42486496394862
1.3505,2.3298086446513
1.351,-1.3295520881201
1.3515,-0.161921833741136
1.352,1.6079300234085
1.3525,-2.42420751247168
1.353,2.3298086446513
1.3535,-1.3295520881201
1.354,-0.161593109234997
1.3545,1.6079300234085
1.355,-2.42453623821002
1.3555,2.3298086446513
1.356,-1.33053826314721
1.3565,-0.160606935717186
1.357,1.60727257483526
1.3575,-2.4238787867336
1.358,2.3298086446513
1.3585,-1.33086698815661
1.359,-0.160278211211452
1.3595,1.60694385054866
1.36,-2.42420751247168
1.3605,2.33013736903603
1.361,-1.33053826314721
1.3615,-0.159949486705819
1.362,1.60727257483526
1.3625,-2.42420751247168
1.363,2.33079481780571
1.3635,-1.33152443817595
1.364,-0.159620762200287
1.3645,1.60628640197553
1.365,-2.42420751247168
1.3655,2.33046609342084
1.366,-1.33218188819602
1.3665,-0.158963313189528
1.367,1.605957677689
1.3675,-2.4238787867336
1.368,2.33079481780571
1.3685,-1.33218188819602
1.369,-0.158634588684301
1.3695,1.605957677689
1.37,-2.42420751247168
1.3705,2.33046609342084
1.371,-1.33218188819602
1.3715,-0.158634588684301
1.372,1.60562895340249
1.3725,-2.4238787867336
1.373,2.33112354219065
1.3735,-1.33283933821682
1.374,-0.157977139674149
1.3745,1.60530022911599
1.375,-2.4238787867336
1.3755,2.33145226657567
1.376,-1.33349678823834
1.3765,-0.157319690664402
1.377,1.60464278054306
1.3775,-2.4238787867336
1.378,2.33178099096075
1.3785,-1.33415423826059
1.379,-0.157648415169225
1.3795,1.60464278054306
1.38,-2.4238787867336
1.3805,2.33145226657567
1.381,-1.33415423826059
1.3815,-0.15699096615968
1.382,1.60431405625662
1.3825,-2.4238787867336
1.383,2.33145226657567
1.3835,-1.33448296327199
1.384,-0.15633351715054
1.3845,1.60431405625662
1.385,-2.42322133525821
1.3855,2.33178099096075
1.386,-1.33448296327199
1.3865,-0.155676068141804
1.387,1.60332788339743
1.3875,-2.42322133525821
1.388,2.33145226657567
1.3885,-1.33481168828357
1.389,-0.155347343637588
1.3895,1.60332788339743
1.39,-2.42289260952089
1.3905,2.33276716411641
1.391,-1.33514041329533
1.3915,-0.155347343637588
1.392,1.60299915911108
1.3925,-2.42322133525821
1.393,2.33276716411641
1.3935,-1.3357978633194
1.394,-0.154689894629458
1.3945,1.60299915911108
1.395,-2.42289260952089
1.3955,2.33276716411641
1.396,-1.3364553133442
1.3965,-0.153703721118021
1.397,1.60234171053842
1.3975,-2.42289260952089
1.398,2.33276716411641
1.3985,-1.33678403835687
1.399,-0.153703721118021
1.3995,1.60234171053842
1.4,-2.42223515804703
1.4005,2.3334246128872
1.401,-1.33678403835687
1.4015,-0.15337499661441
1.402,1.60135553767958
1.4025,-2.42223515804703
1.403,2.33276716411641
1.4035,-1.33711276336973
1.404,-0.152388823104183
1.4045,1.60135553767958
1.405,-2.42223515804703
1.4055,2.33309588850177
1.406,-1.33777021339598
1.4065,-0.152388823104183
1.407,1.60135553767958
1.4075,-2.42223515804703
1.408,2.3334246128872
1.4085,-1.33777021339598
1.409,-0.152060098600976
1.4095,1.60069808910712
1.41,-2.42223515804703
1.4105,2.3334246128872
1.411,-1.33809893840938
1.4115,-0.152060098600976
1.412,1.60036936482092
1.4125,-2.42190643231049
1.413,2.3337533372727
1.4135,-1.33875638843673
1.414,-0.151402649594864
1.4145,1.60036936482092
1.415,-2.42190643231049
1.4155,2.3334246128872
1.416,-1.33875638843673
1.4165,-0.150745200589154
1.417,1.59938319196243
1.4175,-2.4215777065742
1.418,2.33408206165827
1.4185,-1.3394138384648
1.419,-0.150416476086451
1.4195,1.59905446767631
1.42,-2.4215777065742
1.4205,2.3337533372727
1.421,-1.33974256347911
1.4215,-0.149759027081345
1.422,1.5987257433902
1.4225,-2.4215777065742
1.423,2.33408206165827
1.4235,-1.33974256347911
1.424,-0.149759027081345
1.4245,1.5987257433902
1.425,-2.42190643231049
1.4255,2.33441078604391
1.426,-1.34072873852314
1.4265,-0.149101578076643
1.427,1.59806829481805
1.4275,-2.42190643231049
1.428,2.33441078604391
1.4285,-1.34072873852314
1.429,-0.148444129072342
1.4295,1.59741084624598
1.43,-2.42190643231049
1.4305,2.33473951042962
1.431,-1.34105746353818
1.4315,-0.148115404570343
1.432,1.59741084624598
1.4325,-2.4209202551024
1.433,2.33441078604391
1.4335,-1.3417149135688
1.434,-0.147786680068444
1.4345,1.59708212195997
1.435,-2.4209202551024
1.4355,2.33506823481539
1.436,-1.3417149135688
1.4365,-0.147129231064947
1.437,1.59675339767398
1.4375,-2.4209202551024
1.438,2.33539695920124
1.4385,-1.34270108861611
1.439,-0.14680050656335
1.4395,1.59642467338801
1.44,-2.4209202551024
1.4405,2.33506823481539
1.441,-1.34270108861611
1.4415,-0.14680050656335
1.442,1.59642467338801
1.4425,-2.42059152936688
1.443,2.33539695920124
1.4435,-1.34302981363225
1.444,-0.146143057560456
1.4445,1.59543850053021
1.445,-2.42059152936688
1.4455,2.33539695920124
1.446,-1.34335853864856
1.4465,-0.14581433305916
1.447,1.59576722481612
1.4475,-2.42059152936688
1.448,2.33572568358716
1.4485,-1.34368726366506
1.449,-0.145485608557964
1.4495,1.59510977624432
1.45,-2.4209202551024
1.4505,2.33572568358716
1.451,-1.34401598868174
1.4515,-0.145485608557964
1.452,1.59478105195844
1.4525,-2.42059152936688
1.453,2.33572568358716
1.4535,-1.34467343871565
1.454,-0.144499435054978
1.4545,1.59412360338675
1.455,-2.42026280363162
1.4555,2.33605440797315
1.456,-1.34500216373288
1.4565,-0.143841986053488
1.457,1.59445232767259
1.4575,-2.41993407789661
1.458,2.33605440797315
1.4585,-1.34533088875029
1.459,-0.143841986053488
1.4595,1.59379487910093
1.46,-2.41993407789661
1.4605,2.33638313235921
1.461,-1.34565961376789
1.4615,-0.143513261552894
1.462,1.59313743052935
1.4625,-2.42026280363162
1.463,2.33638313235921
1.4635,-1.34598833878566
1.464,-0.1431845370524
1.4645,1.59313743052935
1.465,-2.42026280363162
1.4655,2.33671185674533
1.466,-1.34631706380362
1.4665,-0.142527088051712
1.467,1.59247998195785
1.4675,-2.41993407789661
1.468,2.33671185674533
1.4685,-1.34664578882176
1.469,-0.142198363551519
1.4695,1.59280870624359
1.47,-2.41960535216186
1.4705,2.33704058113153
1.471,-1.34664578882176
1.4715,-0.142198363551519
1.472,1.59215125767212
1.4725,-2.41960535216186
1.473,2.33671185674533
1.4735,-1.3473032388586
1.474,-0.141540914551432
1.4745,1.59215125767212
1.475,-2.41927662642737
1.4755,2.3373693055178
1.476,-1.34763196387729
1.4765,-0.140883465551745
1.477,1.59116508481506
1.4775,-2.41960535216186
1.478,2.33704058113153
1.4785,-1.34828941391522
1.479,-0.140883465551745
1.4795,1.59116508481506
1.48,-2.41927662642737
1.4805,2.3373693055178
1.481,-1.34828941391522
1.4815,-0.140226016552458
1.482,1.59116508481506
1.4825,-2.41960535216186
1.483,2.33769802990413
1.4835,-1.34894686395388
1.484,-0.139568567553571
1.4845,1.59050763624379
1.485,-2.41927662642737
1.4855,2.33802675429054
1.486,-1.34927558897348
1.4865,-0.139239843054278
1.487,1.58985018767258
1.4875,-2.41927662642737
1.488,2.33802675429054
1.4885,-1.34894686395388
1.489,-0.138911118555084
1.4895,1.58952146338701
1.49,-2.41861917495915
1.4905,2.33802675429054
1.491,-1.34993303901324
1.4915,-0.13858239405599
1.492,1.58952146338701
1.4925,-2.41861917495915
1.493,2.33868420306357
1.4935,-1.34993303901324
1.494,-0.138253669556996
1.4945,1.58952146338701
1.495,-2.41861917495915
1.4955,2.33868420306357
1.496,-1.35059048905373
1.4965,-0.137267496060613
1.497,1.58886401481592
1.4975,-2.41861917495915
1.498,2.33901292745018
1.4985,-1.35124793909495
1.499,-0.137267496060613
1.4995,1.5885352905304
1.5,-2.41829044922542
1.5005,2.33868420306357
1.501,-1.35157666411583
1.5015,-0.136610047063524
1.502,1.58787784195942
1.5025,-2.41829044922542
1.503,2.33835547867702
1.5035,-1.3519053891369
1.504,-0.135952598066833
1.5045,1.58787784195942
1.505,-2.41796172349196
1.5055,2.33901292745018
1.506,-1.3519053891369
1.5065,-0.135623873568637
1.507,1.58754911767396
1.5075,-2.41829044922542
1.508,2.33934165183687
1.5085,-1.35223411415815
1.509,-0.135295149070541
1.5095,1.58722039338851
1.51,-2.41796172349196
1.5105,2.33901292745018
1.511,-1.3528915642012
1.5115,-0.134966424572544
1.512,1.58689166910309
1.5125,-2.41796172349196
1.513,2.33967037622363
1.5135,-1.35354901424499
1.514,-0.134637700074647
1.5145,1.58656294481768
1.515,-2.41796172349196
1.5155,2.33999910061045
1.516,-1.35354901424499
1.5165,-0.13430897557685
1.517,1.58656294481768
1.5175,-2.41763299775874
1.518,2.34032782499735
1.5185,-1.35387773926715
1.519,-0.133651526581554
1.5195,1.58557677196157
1.52,-2.41763299775874
1.5205,2.33999910061045
1.521,-1.35453518931204
1.5215,-0.132994077586656
1.522,1.58557677196157
1.5225,-2.41763299775874
1.523,2.34065654938432
1.5235,-1.35486391433475
1.524,-0.132665353089356
1.5245,1.58524804767624
1.525,-2.41763299775874
1.5255,2.34065654938432
1.526,-1.35519263935765
1.5265,-0.131679179598054
1.527,1.58524804767624
1.5275,-2.41730427202579
1.528,2.34065654938432
1.5285,-1.35486391433475
1.529,-0.131679179598054
1.5295,1.58459059910563
1.53,-2.41730427202579
1.5305,2.34098527377136
1.531,-1.35519263935765
1.5315,-0.131350455101151
1.532,1.58426187482035
1.5325,-2.41697554629309
1.533,2.34164272254564
1.5335,-1.355850089404
1.534,-0.130693006107645
1.5345,1.58393315053509
1.535,-2.41697554629309
1.5355,2.34131399815846
1.536,-1.35617881442745
1.5365,-0.130693006107645
1.537,1.58360442624985
1.5375,-2.41697554629309
1.538,2.34164272254564
1.5385,-1.35650753945108
1.539,-0.130364281611041
1.5395,1.58294697767942
1.54,-2.41631809482846
1.5405,2.34164272254564
1.541,-1.3571649894989
1.5415,-0.129706832618131
1.542,1.58261825339423
1.5425,-2.41631809482846
1.543,2.34131399815846
1.5435,-1.35749371452308
1.544,-0.129378108121825
1.5445,1.58228952910906
1.545,-2.41664682056064
1.5455,2.34197144693289
1.546,-1.35847988959673
1.5465,-0.129049383625618
1.547,1.58261825339423
1.5475,-2.41598936909652
1.548,2.34197144693289
1.5485,-1.35847988959673
1.549,-0.12872065912951
1.5495,1.58196080482391
1.55,-2.41631809482846
1.5505,2.34197144693289
1.551,-1.35847988959673
1.5515,-0.128063210137592
1.552,1.58163208053878
1.5525,-2.41566064336485
1.553,2.34230017132021
1.5535,-1.35913733964675
1.554,-0.12740576114607
1.5545,1.58163208053878
1.555,-2.41598936909652
1.5555,2.34230017132021
1.556,-1.35913733964675
1.5565,-0.127077036650458
1.557,1.58130335625366
1.5575,-2.41598936909652
1.558,2.34230017132021
1.5585,-1.3597947896975
1.559,-0.126748312154945
1.5595,1.57998845911339
1.56,-2.41566064336485
1.5605,2.3426288957076
1.561,-1.3597947896975
1.5615,-0.126090863164216
1.562,1.58031718339843
1.5625,-2.41566064336485
1.563,2.34230017132021
1.5635,-1.3597947896975
1.564,-0.126419587659531
1.5645,1.57998845911339
1.565,-2.41533191763343
1.5655,2.3426288957076
1.566,-1.360780964775
1.5665,-0.125433414173882
1.567,1.57933101054336
1.5675,-2.41500319190226
1.568,2.3426288957076
1.5685,-1.36110968980121
1.569,-0.125104689678864
1.5695,1.57900228625837
1.57,-2.41533191763343
1.5705,2.34328634448258
1.571,-1.36143841482759
1.5715,-0.125104689678864
1.572,1.57900228625837
1.5725,-2.41533191763343
1.573,2.34328634448258
1.5735,-1.36209586488091
1.574,-0.124447240689125
1.5745,1.57834483768844
1.575,-2.41500319190226
1.5755,2.34361506887018
1.576,-1.36209586488091
1.5765,-0.124118516194404
1.577,1.5786735619734
1.5775,-2.41500319190226
1.578,2.34361506887018
1.5785,-1.36275331493497
1.579,-0.123789791699781
1.5795,1.57801611340351
1.58,-2.41467446617136
1.5805,2.34427251764559
1.581,-1.36275331493497
1.5815,-0.122803618216507
1.582,1.57735866483369
1.5825,-2.41500319190226
1.583,2.34394379325785
1.5835,-1.36341076498976
1.584,-0.122474893722279
1.5845,1.57702994054881
1.585,-2.4143457404407
1.5855,2.34427251764559
1.586,-1.36373949001744
1.5865,-0.122146169228151
1.587,1.57702994054881
1.5875,-2.41467446617136
1.588,2.3446012420334
1.5885,-1.36439694007333
1.589,-0.121817444734121
1.5895,1.57702994054881
1.59,-2.41467446617136
1.5905,2.34492996642129
1.591,-1.36406821504529
1.5915,-0.120831271252624
1.592,1.5763724919791
1.5925,-2.4143457404407
1.593,2.34525869080924
1.5935,-1.36439694007333
1.594,-0.120502546758989
1.5945,1.57604376769428
1.595,-2.41401701471031
1.5955,2.34525869080924
1.596,-1.36472566510156
1.5965,-0.120173822265452
1.597,1.57538631912467
1.5975,-2.4143457404407
1.598,2.34492996642129
1.5985,-1.36505439012996
1.599,-0.120173822265452
1.5995,1.57538631912467
1.6,-2.4143457404407
1.6005,2.34525869080924
1.601,-1.36604056521629
1.6015,-0.119187648785434
1.602,1.57538631912467
1.6025,-2.41368828898017
1.603,2.34558741519726
1.6035,-1.36571184018733
1.604,-0.118530199799249
1.6045,1.57472887055514
1.605,-2.41368828898017
1.6055,2.34591613958535
1.606,-1.36604056521629
1.6065,-0.118530199799249
1.607,1.5750575948399
1.6075,-2.41335956325028
1.608,2.34558741519726
1.6085,-1.36636929024543
1.609,-0.117872750813457
1.6095,1.5744001462704
1.61,-2.41335956325028
1.6105,2.34624486397351
1.611,-1.36669801527476
1.6115,-0.117544026320708
1.612,1.57407142198568
1.6125,-2.41335956325028
1.613,2.34657358836175
1.6135,-1.36735546533397
1.614,-0.116886577335507
1.6145,1.57341397341629
1.615,-2.41368828898017
1.6155,2.34657358836175
1.616,-1.36768419036385
1.6165,-0.116886577335507
1.617,1.57275652484697
1.6175,-2.41335956325028
1.618,2.34657358836175
1.6185,-1.36801291539391
1.619,-0.116229128350699
1.6195,1.57341397341629
1.62,-2.41303083752066
1.6205,2.34690231275005
1.621,-1.36834164042416
1.6215,-0.115900403858442
1.622,1.57242780056233
1.6225,-2.41270211179128
1.623,2.34690231275005
1.6235,-1.36867036545459
1.624,-0.115242954874224
1.6245,1.57209907627771
1.625,-2.41303083752066
1.6255,2.34723103713843
1.626,-1.36899909048521
1.6265,-0.115242954874224
1.627,1.57209907627771
1.6275,-2.41270211179128
1.628,2.34723103713843
1.6285,-1.36932781551601
1.629,-0.114585505890399
1.6295,1.57209907627771
1.63,-2.41237338606217
1.6305,2.34723103713843
1.631,-1.36998526557817
1.6315,-0.113928056906967
1.632,1.57144162770853
1.6325,-2.41237338606217
1.633,2.34788848591539
1.6335,-1.36998526557817
1.634,-0.113928056906967
1.6345,1.57111290342397
1.635,-2.4120446603333
1.6355,2.34755976152687
1.636,-1.37031399060952
1.6365,-0.113270607923927
1.637,1.57078417913942
1.6375,-2.4117159346047
1.638,2.34755976152687
1.6385,-1.37064271564106
1.639,-0.11261315894128
1.6395,1.57045545485489
1.64,-2.4117159346047
1.6405,2.34788848591539
1.641,-1.37162889073678
1.6415,-0.11261315894128
1.642,1.57012673057038
1.6425,-2.4120446603333
1.643,2.34788848591539
1.6435,-1.37130016570469
1.644,-0.111955709959026
1.6445,1.56979800628588
1.645,-2.4120446603333
1.6455,2.34755976152687
1.646,-1.37162889073678
1.6465,-0.111626985468045
1.647,1.56946928200141
1.6475,-2.4117159346047
1.648,2.34821721030397
1.6485,-1.37228634080151
1.649,-0.110969536486379
1.6495,1.5688118334325
1.65,-2.41138720887635
1.6505,2.34854593469263
1.651,-1.37228634080151
1.6515,-0.110640811995692
1.652,1.5688118334325
1.6525,-2.4120446603333
1.653,2.34821721030397
1.6535,-1.3732725159
1.654,-0.110640811995692
1.6545,1.56848310914808
1.655,-2.41138720887635
1.6555,2.34887465908136
1.656,-1.3732725159
1.6565,-0.109983363014613
1.657,1.5674969362949
1.6575,-2.41138720887635
1.658,2.34887465908136
1.6585,-1.3736012409332
1.659,-0.109325914033926
1.6595,1.56716821201054
1.66,-2.41040103169284
1.6605,2.34887465908136
1.661,-1.37392996596658
1.6615,-0.108997189543729
1.662,1.5674969362949
1.6625,-2.41105848314826
1.663,2.34953210785903
1.6635,-1.37425869100015
1.664,-0.10866846505363
1.6645,1.5668394877262
1.665,-2.41105848314826
1.6655,2.34920338347016
1.666,-1.37491614106784
1.6665,-0.10866846505363
1.667,1.56716821201054
1.6675,-2.41072975742042
1.668,2.34986083224797
1.6685,-1.37524486610196
1.669,-0.108011016073725
1.6695,1.56651076344188
1.67,-2.41072975742042
1.6705,2.34986083224797
1.671,-1.37524486610196
1.6715,-0.107353567094212
1.672,1.56618203915757
1.6725,-2.41105848314826
1.673,2.34953210785903
1.6735,-1.37557359113626
1.674,-0.107024842604601
1.6745,1.56585331487328
1.675,-2.41040103169284
1.6755,2.35018955663698
1.676,-1.37623104120543
1.6765,-0.106696118115089
1.677,1.56519586630476
1.6775,-2.41072975742042
1.678,2.34953210785903
1.6785,-1.37623104120543
1.679,-0.106038669136357
1.6795,1.56519586630476
1.68,-2.41040103169284
1.6805,2.34986083224797
1.681,-1.37655976624029
1.6815,-0.105709944647137
1.682,1.5645384177363
1.6825,-2.41040103169284
1.683,2.35018955663698
1.6835,-1.37721721631056
1.684,-0.105381220158015
1.6845,1.56420969345209
1.685,-2.41040103169284
1.6855,2.35018955663698
1.686,-1.37787466638157
1.6865,-0.105052495668991
1.687,1.5638809691679
1.6875,-2.41007230596551
1.688,2.35084700541521
1.6885,-1.37787466638157
1.689,-0.104395046691234
1.6895,1.56322352059958
1.69,-2.40974358023844
1.6905,2.35084700541521
1.691,-1.37787466638157
1.6915,-0.103737597713868
1.692,1.56355224488373
1.6925,-2.41007230596551
1.693,2.35051828102606
1.6935,-1.37886084148948
1.694,-0.103737597713868
1.6945,1.56256607203132
1.695,-2.40941485451162
1.6955,2.35084700541521
1.696,-1.37918956652582
1.6965,-0.10275142424855
1.697,1.56223734774722
1.6975,-2.40941485451162
1.698,2.35150445419373
1.6985,-1.37918956652582
1.699,-0.103080148736892
1.6995,1.56223734774722
1.7,-2.40941485451162
1.7005,2.35150445419373
1.701,-1.37984701659905
1.7015,-0.102422699760305
1.702,1.56190862346313
1.7025,-2.40941485451162
1.703,2.35150445419373
1.7035,-1.37984701659905
1.704,-0.101765250784108
1.7045,1.56190862346313
1.705,-2.40941485451162
1.7055,2.35183317858309
1.706,-1.38017574163594
1.7065,-0.101765250784108
1.707,1.56125117489501
1.7075,-2.40908612878506
1.708,2.35216190297253
1.7085,-1.38083319171028
1.709,-0.100779077320543
1.7095,1.56059372632695
1.71,-2.40908612878506
1.7105,2.35150445419373
1.711,-1.38116191674773
1.7115,-0.100779077320543
1.712,1.56026500204295
1.7125,-2.40908612878506
1.713,2.35216190297253
1.7135,-1.38149064178536
1.714,-0.100121628345319
1.7145,1.56059372632695
1.715,-2.40875740305876
1.7155,2.35183317858309
1.716,-1.38116191674773
1.7165,-0.0997929038578525
1.717,1.55993627775896
1.7175,-2.40809995160691
1.718,2.35249062736204
1.7185,-1.38247681689937
1.719,-0.0994641793704834
1.7195,1.55960755347499
1.72,-2.40842867733271
1.7205,2.35249062736204
1.721,-1.38247681689937
1.7215,-0.0988067303960369
1.722,1.5589501049071
1.7225,-2.40809995160691
1.723,2.35249062736204
1.7235,-1.38313426697631
1.724,-0.0984780059089594
1.7245,1.55862138062318
1.725,-2.40809995160691
1.7255,2.35216190297253
1.726,-1.38313426697631
1.7265,-0.098149281421979
1.727,1.55829265633928
1.7275,-2.40809995160691
1.728,2.35249062736204
1.7285,-1.38346299201505
1.729,-0.0978205569350956
1.7295,1.55829265633928
1.73,-2.40809995160691
1.7305,2.35314807614126
1.731,-1.3841204420931
1.7315,-0.0971631079616201
1.732,1.55763520777152
1.7325,-2.40777122588138
1.733,2.35314807614126
1.7335,-1.3841204420931
1.734,-0.0968343834750278
1.7345,1.55730648348767
1.735,-2.40744250015609
1.7355,2.35314807614126
1.736,-1.38477789217188
1.7365,-0.0961769345021343
1.737,1.55697775920383
1.7375,-2.40777122588138
1.738,2.35314807614126
1.7385,-1.38510661721155
1.739,-0.0961769345021343
1.7395,1.55664903492001
1.74,-2.40711377443107
1.7405,2.35380552492077
1.741,-1.38543534225141
1.7415,-0.0951907610435211
1.742,1.55664903492001
1.7425,-2.40744250015609
1.743,2.35347680053098
1.7435,-1.38543534225141
1.744,-0.0955194855296286
1.7445,1.55566286206864
1.745,-2.40744250015609
1.7455,2.35380552492077
1.746,-1.38609279233167
1.7465,-0.0948620365575105
1.747,1.55533413778489
1.7475,-2.40711377443107
1.748,2.35347680053098
1.7485,-1.38675024241268
1.749,-0.0945333120715968
1.7495,1.55533413778489
1.75,-2.40744250015609
1.7505,2.35413424931063
1.751,-1.38675024241268
1.7515,-0.0942045875857799
1.752,1.55533413778489
1.7525,-2.40711377443107
1.753,2.35380552492077
1.7535,-1.38740769249443
1.754,-0.09321841412891
1.7545,1.55467668921743
1.755,-2.40678504870629
1.7555,2.35380552492077
1.756,-1.38773641753559
1.7565,-0.0935471386144365
1.757,1.55434796493372
1.7575,-2.40678504870629
1.758,2.35446297370057
1.7585,-1.38806514257693
1.759,-0.0925609651581471
1.7595,1.55401924065003
1.76,-2.40711377443107
1.7605,2.35446297370057
1.761,-1.38839386761845
1.7615,-0.091903516187771
1.762,1.55369051636635
1.7625,-2.40711377443107
1.763,2.35446297370057
1.7635,-1.38872259266016
1.764,-0.0922322406729107
1.7645,1.55270434351543
1.765,-2.40645632298178
1.7655,2.35479169809057
1.766,-1.38905131770206
1.7665,-0.091903516187771
1.767,1.55270434351543
1.7675,-2.40612759725752
1.768,2.35479169809057
1.7685,-1.38970876778641
1.769,-0.0912460672177816
1.7695,1.55237561923182
1.77,-2.40579887153351
1.7705,2.35544914687079
1.771,-1.39003749282886
1.7715,-0.0909173427329318
1.772,1.55204689494822
1.7725,-2.40645632298178
1.773,2.35512042248065
1.7735,-1.3903662178715
1.774,-0.090259893763522
1.7745,1.55171817066464
1.775,-2.40612759725752
1.7755,2.35577787126101
1.776,-1.39069494291432
1.7765,-0.089931169278962
1.777,1.55171817066464
1.7775,-2.40612759725752
1.778,2.35577787126101
1.7785,-1.39135239300053
1.779,-0.0896024447944983
1.7795,1.55171817066464
1.78,-2.40579887153351
1.7805,2.35577787126101
1.781,-1.39102366795733
1.7815,-0.0889449958258607
1.782,1.55171817066464
1.7825,-2.40547014580976
1.783,2.35643532004166
1.7835,-1.39168111804391
1.784,-0.0886162713416866
1.7845,1.55138944638108
1.785,-2.40547014580976
1.7855,2.3561065956513
1.786,-1.39168111804391
1.7865,-0.0879588223736276
1.787,1.55040327353049
1.7875,-2.40514142008627
1.788,2.35643532004166
1.7885,-1.39266729317517
1.789,-0.0876300978897427
1.7895,1.55007454924699
1.79,-2.40514142008627
1.7905,2.35643532004166
1.791,-1.39233856813123
1.7915,-0.0873013734059541
1.792,1.55007454924699
1.7925,-2.40481269436303
1.793,2.35709276882259
1.7935,-1.39266729317517
1.794,-0.086972648922262
1.7945,1.55007454924699
1.795,-2.40514142008627
1.7955,2.35709276882259
1.796,-1.3933247432636
1.7965,-0.0863151999551664
1.797,1.54941710068005
1.7975,-2.40448396864004
1.798,2.35709276882259
1.7985,-1.39398219335278
1.799,-0.0859864754717631
1.7995,1.54875965211316
1.8,-2.40448396864004
1.8005,2.35742149321316
1.801,-1.39398219335278
1.8015,-0.0853290265052452
1.802,1.54875965211316
1.8025,-2.40448396864004
1.803,2.35742149321316
1.8035,-1.39431091839765
1.804,-0.0850003020221306
1.8045,1.54810220354634
1.805,-2.40448396864004
1.8055,2.35775021760381
1.806,-1.39431091839765
1.8065,-0.0843428530561899
1.807,1.54810220354634
1.8075,-2.40448396864004
1.808,2.35775021760381
1.8085,-1.39496836848794
1.809,-0.0843428530561899
1.8095,1.54777347926295
1.81,-2.40448396864004
1.8105,2.35807894199453
1.811,-1.39529709353337
1.8115,-0.0836854040906337
1.812,1.54744475497958
1.8125,-2.40481269436303
1.813,2.35807894199453
1.8135,-1.39595454362478
1.814,-0.0830279551254619
1.8145,1.54645858212956
1.815,-2.40448396864004
1.8155,2.35807894199453
1.816,-1.39595454362478
1.8165,-0.0826992306430201
1.817,1.54645858212956
1.8175,-2.40415524291731
1.818,2.35840766638531
1.8185,-1.39661199371693
1.819,-0.0823705061606742
1.8195,1.54645858212956
1.82,-2.40382651719484
1.8205,2.35807894199453
1.821,-1.39694071876329
1.8215,-0.0817130571962707
1.822,1.54580113356296
1.8225,-2.40382651719484
1.823,2.35775021760381
1.8235,-1.39694071876329
1.824,-0.0817130571962707
1.8245,1.54514368499643
1.825,-2.40415524291731
1.8255,2.35840766638531
1.826,-1.39825561895058
1.8265,-0.0813843327142128
1.827,1.54514368499643
1.8275,-2.40349779147262
1.828,2.35873639077617
1.8285,-1.39792689390348
1.829,-0.0803981592686147
1.8295,1.54514368499643
1.83,-2.40316906575066
1.8305,2.3590651151671
1.831,-1.39792689390348
1.8315,-0.0807268837503849
1.832,1.54448623642995
1.8325,-2.40349779147262
1.833,2.3590651151671
1.8335,-1.39858434399787
1.834,-0.0800694347869405
1.8345,1.54481496071318
1.835,-2.40349779147262
1.8355,2.3590651151671
1.836,-1.399241794093
1.8365,-0.0794119858238795
1.837,1.54415751214674
1.8375,-2.40316906575066
1.838,2.3593938395581
1.8385,-1.399241794093
1.839,-0.0790832613424927
1.8395,1.54382878786354
1.84,-2.40316906575066
1.8405,2.35972256394918
1.841,-1.39989924418888
1.8415,-0.0787545368612017
1.842,1.54284261501403
1.8425,-2.40284034002895
1.843,2.35972256394918
1.8435,-1.39989924418888
1.844,-0.0780970878989069
1.8445,1.54284261501403
1.845,-2.40284034002895
1.8455,2.36005128834032
1.846,-1.4002279692371
1.8465,-0.077439638936995
1.847,1.54284261501403
1.8475,-2.40284034002895
1.848,2.36005128834032
1.8485,-1.4005566942855
1.849,-0.0771109144561826
1.8495,1.5425138907309
1.85,-2.40251161430749
1.8505,2.36005128834032
1.851,-1.4005566942855
1.8515,-0.0767821899754657
1.852,1.54185644216467
1.8525,-2.40185416286535
1.853,2.35972256394918
1.8535,-1.40154286943184
1.854,-0.0764534654948445
1.8545,1.5411989935985
1.855,-2.40251161430749
1.8555,2.36005128834032
1.856,-1.40187159448099
1.8565,-0.0761247410143189
1.857,1.5411989935985
1.8575,-2.40185416286535
1.858,2.36070873712282
1.8585,-1.40187159448099
1.859,-0.0754672920535544
1.8595,1.54087026931544
1.86,-2.4021828885863
1.8605,2.36038001273154
1.861,-1.40220031953033
1.8615,-0.0751385675733155
1.862,1.54021282074937
1.8625,-2.4021828885863
1.863,2.36038001273154
1.8635,-1.40252904457985
1.864,-0.0751385675733155
1.8645,1.5411989935985
1.865,-2.40185416286535
1.8655,2.36103746151418
1.866,-1.40318649467946
1.8665,-0.0744811186131241
1.867,1.54021282074937
1.8675,-2.40185416286535
1.868,2.36136618590561
1.8685,-1.40351521972954
1.869,-0.0734949451735529
1.8695,1.53955537218335
1.87,-2.40152543714466
1.8705,2.36169491029712
1.871,-1.40351521972954
1.8715,-0.0734949451735529
1.872,1.53922664790037
1.8725,-2.40119671142423
1.873,2.36169491029712
1.8735,-1.40450139488091
1.874,-0.0728374962143158
1.8745,1.5388979236174
1.875,-2.40119671142423
1.8755,2.36136618590561
1.876,-1.40450139488091
1.8765,-0.0725087717348403
1.877,1.53791175076858
1.8775,-2.40119671142423
1.878,2.36169491029712
1.8785,-1.40450139488091
1.879,-0.0718513227761752
1.8795,1.53824047505151
1.88,-2.40119671142423
1.8805,2.36169491029712
1.881,-1.40548757003396
1.8815,-0.0715225982969856
1.882,1.53791175076858
1.8825,-2.40119671142423
1.883,2.36202363468869
1.8835,-1.40548757003396
1.884,-0.0711938738178912
1.8845,1.53791175076858
1.885,-2.40086798570405
1.8855,2.36202363468869
1.886,-1.40548757003396
1.8865,-0.0708651493388921
1.887,1.53758302648568
1.8875,-2.40086798570405
1.888,2.36202363468869
1.8885,-1.40614502013693
1.889,-0.0705364248599882
1.8895,1.53692557791991
1.89,-2.40021053426446
1.8905,2.36235235908034
1.891,-1.40647374518869
1.8915,-0.069878975902466
1.892,1.53626812935419
1.8925,-2.40053925998413
1.893,2.36235235908034
1.8935,-1.40713119529278
1.894,-0.0695502514238476
1.8945,1.53593940507136
1.895,-2.39988180854505
1.8955,2.36235235908034
1.896,-1.40745992034511
1.8965,-0.0692215269453243
1.897,1.53561068078854
1.8975,-2.39988180854505
1.898,2.36268108347205
1.8985,-1.40745992034511
1.899,-0.0685640779885631
1.8995,1.53561068078854
1.9,-2.39988180854505
1.9005,2.36300980786384
1.901,-1.40811737045031
1.9015,-0.067906629032182
1.902,1.53528195650574
1.9025,-2.39988180854505
1.903,2.3633385322557
1.9035,-1.40811737045031
1.904,-0.067906629032182
1.9045,1.53495323222295
1.905,-2.39955308282589
1.9055,2.3633385322557
1.906,-1.40877482055627
1.9065,-0.067577904554134
1.907,1.53495323222295
1.9075,-2.39988180854505
1.908,2.3633385322557
1.9085,-1.40943227066298
1.909,-0.066920455598323
1.9095,1.53429578365742
1.91,-2.39922435710699
1.9105,2.36366725664763
1.911,-1.40943227066298
1.9115,-0.0665917311205599
1.912,1.53396705937468
1.9125,-2.39856690566994
1.913,2.36366725664763
1.9135,-1.40976099571661
1.914,-0.0662630066428917
1.9145,1.53363833509195
1.915,-2.39922435710699
1.9155,2.36366725664763
1.916,-1.41041844582444
1.9165,-0.0656055576878401
1.917,1.53330961080923
1.9175,-2.39955308282589
1.918,2.36366725664763
1.9185,-1.41041844582444
1.919,-0.0659342821653185
1.9195,1.53265216224385
1.92,-2.39955308282589
1.9205,2.36432470543171
1.921,-1.41074717087863
1.9215,-0.0649481087331678
1.922,1.53265216224385
1.9225,-2.39955308282589
1.923,2.36399598103964
1.9235,-1.41140462098758
1.924,-0.0646193842559739
1.9245,1.53232343796118
1.925,-2.39889563138834
1.9255,2.36432470543171
1.926,-1.41173334604233
1.9265,-0.0639619353018704
1.927,1.53166598939589
1.9275,-2.39856690566994
1.928,2.36432470543171
1.9285,-1.41173334604233
1.929,-0.0636332108249608
1.9295,1.53166598939589
1.93,-2.39889563138834
1.9305,2.36498215421608
1.931,-1.41206207109728
1.9315,-0.0629757618714257
1.932,1.53100854083065
1.9325,-2.39889563138834
1.933,2.36465342982386
1.9335,-1.41304824626323
1.934,-0.0629757618714257
1.9345,1.53100854083065
1.935,-2.39790945423392
1.9355,2.36498215421608
1.936,-1.41271952120772
1.9365,-0.0626470373948002
1.937,1.53067981654805
1.9375,-2.39856690566994
1.938,2.36531087860837
1.9385,-1.41337697131892
1.939,-0.0616608639654914
1.9395,1.53067981654805
1.94,-2.3982381799518
1.9405,2.36498215421608
1.941,-1.41337697131892
1.9415,-0.0613321394892444
1.942,1.53035109226547
1.9425,-2.39758072851629
1.943,2.36531087860837
1.9435,-1.4137056963748
1.944,-0.0610034150130919
1.9445,1.5300223679829
1.945,-2.39758072851629
1.9455,2.36563960300073
1.946,-1.41403442143086
1.9465,-0.0603459660610704
1.947,1.52969364370035
1.9475,-2.39758072851629
1.948,2.36563960300073
1.9485,-1.41469187154356
1.949,-0.0600172415852015
1.9495,1.52870747085278
1.95,-2.39758072851629
1.9505,2.36563960300073
1.951,-1.41502059660018
1.9515,-0.0600172415852015
1.952,1.52870747085278
1.9525,-2.39725200279891
1.953,2.36629705178567
1.9535,-1.415349321657
1.954,-0.0590310681581613
1.9545,1.52805002228781
1.955,-2.3969232770818
1.9555,2.36596832739317
1.956,-1.415678046714
1.9565,-0.0587023436826701
1.957,1.52805002228781
1.9575,-2.39725200279891
1.958,2.36662577617825
1.9585,-1.415678046714
1.959,-0.0587023436826701
1.9595,1.52772129800534
1.96,-2.39659455136493
1.9605,2.36662577617825
1.961,-1.41666422188614
1.9615,-0.0580448947319708
1.962,1.52706384944045
1.9625,-2.39659455136493
1.963,2.3669545005709
1.9635,-1.41633549682857
1.964,-0.0573874457816488
1.9645,1.52673512515803
1.965,-2.3969232770818
1.9655,2.36728322496362
1.966,-1.41699294694389
1.9665,-0.0570587213066293
1.967,1.52673512515803
1.9675,-2.39626582564832
1.968,2.36728322496362
1.9685,-1.41732167200183
1.969,-0.056729996831704
1.9695,1.52640640087562
1.97,-2.39659455136493
1.9705,2.36761194935642
1.971,-1.41765039705996
1.9715,-0.0560725478821362
1.972,1.52607767659323
1.9725,-2.39626582564832
1.973,2.36728322496362
1.9735,-1.41797912211827
1.974,-0.0557438234074936
1.9745,1.52574895231085
1.975,-2.39626582564832
1.9755,2.36728322496362
1.976,-1.41830784717677
1.9765,-0.0554150989329451
1.977,1.52542022802848
1.9775,-2.39626582564832
1.978,2.36761194935642
1.9785,-1.41896529729434
1.979,-0.0550863744584909
1.9795,1.52509150374613
1.98,-2.39593709993196
1.9805,2.36761194935642
1.981,-1.41896529729434
1.9815,-0.0544289255098647
1.982,1.52443405518147
1.9825,-2.39560837421586
1.983,2.36761194935642
1.9835,-1.41929402235341
1.984,-0.0537714765616149
1.9845,1.52410533089916
1.985,-2.39593709993196
1.9855,2.36794067374928
1.986,-1.4199514724721
1.9865,-0.0541002010356928
1.987,1.52410533089916
1.9875,-2.39560837421586
1.988,2.36859812253523
1.9885,-1.4199514724721
1.989,-0.0527853031399454
1.9895,1.52344788233459
1.99,-2.39560837421586
1.9905,2.36794067374928
1.991,-1.42060892259155
1.9915,-0.0527853031399454
1.992,1.52344788233459
1.9925,-2.39560837421586
1.993,2.36826939814222
1.9935,-1.42093764765155
1.994,-0.0521278541926356
1.9945,1.52279043377007
1.995,-2.39560837421586
1.9955,2.36826939814222
1.996,-1.42126637271174
1.9965,-0.0521278541926356
1.997,1.52311915805232
1.9975,-2.39527964850002
1.998,2.36859812253523
1.9985,-1.42159509777212
1.999,-0.0517991297191217
1.9995,1.52213298520561
2,-2.39527964850002
2.0005,2.36892684692832
2.001,-1.42192382283269
2.0015,-0.0508129562991431
2.002,1.5214755366412
2.0025,-2.39495092278442
2.003,2.36859812253523
2.0035,-1.42258127295439
2.004,-0.0508129562991431
2.0045,1.5214755366412
2.005,-2.39462219706909
2.0055,2.36892684692832
2.006,-1.42258127295439
2.0065,-0.0504842318260046
2.007,1.52114681235902
2.0075,-2.39462219706909
2.008,2.36892684692832
2.0085,-1.42290999801552
2.009,-0.0498267828800091
2.0095,1.5204893637947
2.01,-2.394293471354
2.0105,2.36925557132147
2.011,-1.42323872307684
2.0115,-0.049498058407152
2.012,1.5204893637947
2.0125,-2.394293471354
2.013,2.36925557132147
2.0135,-1.42356744813835
2.014,-0.048840609461719
2.0145,1.5204893637947
2.015,-2.394293471354
2.0155,2.3695842957147
2.016,-1.42422489826193
2.0165,-0.0485118849891431
2.017,1.51983191523043
2.0175,-2.39396474563917
2.018,2.36991302010799
2.0185,-1.42422489826193
2.019,-0.0481831605166609
2.0195,1.51917446666622
2.02,-2.3936360199246
2.0205,2.36991302010799
2.021,-1.42488234838626
2.0215,-0.047196987099776
2.022,1.51917446666622
2.0225,-2.39396474563917
2.023,2.36991302010799
2.0235,-1.42488234838626
2.024,-0.047196987099776
2.0245,1.51917446666622
2.025,-2.3936360199246
2.0255,2.36991302010799
2.026,-1.42586852357416
2.0265,-0.0468682626276683
2.027,1.51818829382001
2.0275,-2.3936360199246
2.028,2.37057046889481
2.0285,-1.4252110734487
2.029,-0.0465395381556541
2.0295,1.51785956953797
2.03,-2.39396474563917
2.0305,2.37089919328832
2.031,-1.42619724863717
2.0315,-0.0458820892119064
2.032,1.51753084525594
2.0325,-2.3936360199246
2.033,2.37024174450137
2.0335,-1.42652597370037
2.034,-0.0455533647401728
2.0345,1.51720212097392
2.035,-2.39396474563917
2.0355,2.37089919328832
2.036,-1.42652597370037
2.0365,-0.0452246402685326
2.037,1.51687339669192
2.0375,-2.3936360199246
2.038,2.37089919328832
2.0385,-1.42718342382734
2.039,-0.0455533647401728
2.0395,1.51654467240993
2.04,-2.39330729421028
2.0405,2.37057046889481
2.041,-1.4275121488911
2.0415,-0.0442384668541729
2.042,1.51654467240993
2.0425,-2.3936360199246
2.043,2.37122791768191
2.0435,-1.4275121488911
2.044,-0.0442384668541729
2.0445,1.51588722384599
2.045,-2.39297856849622
2.0455,2.3718853664693
2.046,-1.4281695990192
2.0465,-0.0432522934406537
2.047,1.51555849956405
2.0475,-2.39297856849622
2.048,2.37122791768191
2.0485,-1.42784087395506
2.049,-0.0432522934406537
2.0495,1.51555849956405
2.05,-2.39264984278241
2.0505,2.3718853664693
2.051,-1.42915577421275
2.0515,-0.0425948444987742
2.052,1.51457232671828
2.0525,-2.39297856849622
2.053,2.3718853664693
2.0535,-1.42948449927764
2.054,-0.0419373955572677
2.0545,1.51490105100019
2.055,-2.39232111706885
2.0555,2.37155664207557
2.056,-1.42981322434272
2.0565,-0.0419373955572677
2.057,1.51424360243639
2.0575,-2.39199239135555
2.058,2.3718853664693
2.0585,-1.430141949408
2.059,-0.0419373955572677
2.0595,1.51391487815451
2.06,-2.39199239135555
2.0605,2.37221409086311
2.061,-1.430141949408
2.0615,-0.0412799466161343
2.062,1.51358615387264
2.0625,-2.3916636656425
2.063,2.37221409086311
2.0635,-1.4307993995391
2.064,-0.0406224976753735
2.0645,1.51292870530895
2.065,-2.39133493992971
2.0655,2.3718853664693
2.066,-1.43112812460494
2.0665,-0.0402937732051328
2.067,1.51259998102712
2.0675,-2.39133493992971
2.068,2.3718853664693
2.0685,-1.43112812460494
2.069,-0.0399650487349853
2.0695,1.51227125674531
2.07,-2.39232111706885
2.0705,2.3718853664693
2.071,-1.43211429980358
2.0715,-0.0396363242649308
2.072,1.51194253246351
2.0725,-2.3916636656425
2.073,2.37254281525698
2.0735,-1.43211429980358
2.074,-0.0393075997949695
2.0745,1.51161380818173
2.075,-2.39133493992971
2.0755,2.37254281525698
2.076,-1.43244302487017
2.0765,-0.0386501508553259
2.077,1.51128508389995
2.0775,-2.39100621421717
2.078,2.37287153965093
2.0785,-1.43277174993695
2.079,-0.0379927019160542
2.0795,1.51095635961819
2.08,-2.3916636656425
2.0805,2.37287153965093
2.081,-1.43375792513842
2.0815,-0.0376639774465579
2.082,1.51029891105471
2.0825,-2.39133493992971
2.083,2.37320026404495
2.0835,-1.43342920007107
2.084,-0.037006528507844
2.0845,1.51029891105471
2.085,-2.3916636656425
2.0855,2.37352898843905
2.086,-1.43375792513842
2.0865,-0.0366778040386264
2.087,1.50997018677299
2.0875,-2.39100621421717
2.088,2.37352898843905
2.0885,-1.43408665020595
2.089,-0.0363490795695017
2.0895,1.50964146249129
2.09,-2.39067748850489
2.0905,2.37320026404495
2.091,-1.43474410034158
2.0915,-0.0356916306315307
2.092,1.50964146249129
2.0925,-2.39067748850489
2.093,2.37385771283321
2.0935,-1.43474410034158
2.094,-0.0353629061626845
2.0945,1.50898401392791
2.095,-2.38969131136956
2.0955,2.37385771283321
2.096,-1.43474410034158
2.0965,-0.035034181693931
2.097,1.50931273820959
2.0975,-2.39034876279286
2.098,2.37385771283321
2.0985,-1.43573027554645
2.099,-0.0343767327567023
2.0995,1.50832656536459
2.1,-2.39034876279286
2.1005,2.37451516162176
2.101,-1.43573027554645
2.1015,-0.0337192838198444
2.102,1.50832656536459
2.1025,-2.39002003708108
2.103,2.37451516162176
2.1035,-1.43638772568397
2.104,-0.0343767327567023
2.1045,1.5073403925197
2.105,-2.38969131136956
2.1055,2.37451516162176
2.106,-1.43638772568397
2.1065,-0.0337192838198444
2.107,1.5073403925197
2.1075,-2.38969131136956
2.108,2.3751726104106
2.1085,-1.43704517582224
2.109,-0.0330618348833572
2.1095,1.5073403925197
2.11,-2.38903385994728
2.1105,2.37484388601614
2.111,-1.43704517582224
2.1115,-0.0324043859472405
2.112,1.50668294395651
2.1125,-2.38969131136956
2.113,2.3751726104106
2.1135,-1.43770262596128
2.114,-0.032075661479321
2.1145,1.50602549539337
2.115,-2.38936258565829
2.1155,2.37484388601614
2.116,-1.43803135103107
2.1165,-0.0317469370114941
2.117,1.50602549539337
2.1175,-2.38936258565829
2.118,2.3751726104106
2.1185,-1.43868880117124
2.119,-0.0310894880761178
2.1195,1.50536804683028
2.12,-2.38936258565829
2.1205,2.3751726104106
2.121,-1.43868880117124
2.1215,-0.0307607636085684
2.122,1.50536804683028
2.1225,-2.38903385994728
2.123,2.37550133480513
2.1235,-1.43934625131216
2.124,-0.0304320391411115
2.1245,1.50503932254876
2.125,-2.38903385994728
2.1255,2.37583005919973
2.126,-1.43967497638291
2.1265,-0.0297745902064749
2.127,1.50438187398575
2.1275,-2.38870513423652
2.128,2.37583005919973
2.1285,-1.43967497638291
2.129,-0.0291171412722079
2.1295,1.50438187398575
2.13,-2.38837640852602
2.1305,2.3761587835944
2.131,-1.44000370145384
2.1315,-0.028788416805213
2.132,1.50405314970426
2.1325,-2.38837640852602
2.133,2.3761587835944
2.1335,-1.44000370145384
2.134,-0.0284596923383103
2.1345,1.50372442542279
2.135,-2.38837640852602
2.1355,2.37583005919973
2.136,-1.44098987666777
2.1365,-0.0281309678715
2.137,1.50339570114133
2.1375,-2.38804768281577
2.138,2.37648750798915
2.1385,-1.44098987666777
2.139,-0.027802243404782
2.1395,1.50306697685988
2.14,-2.38804768281577
2.1405,2.37648750798915
2.141,-1.44131860173946
2.1415,-0.0268160700051814
2.142,1.50306697685988
2.1425,-2.38771895710577
2.143,2.37681623238397
2.1435,-1.44164732681134
2.144,-0.0271447944716227
2.1445,1.50240952829702
2.145,-2.38804768281577
2.1455,2.37681623238397
2.146,-1.44230477695567
2.1465,-0.0264873455388322
2.147,1.50208080401561
2.1475,-2.38771895710577
2.148,2.37681623238397
2.1485,-1.44230477695567
2.149,-0.0264873455388322
2.1495,1.50175207973421
2.15,-2.38739023139603
2.1505,2.37714495677886
2.151,-1.44263350202811
2.1515,-0.0258298966064105
2.152,1.5007659068901
2.1525,-2.38739023139603
2.153,2.37714495677886
2.1535,-1.44329095217358
2.154,-0.0251724476743572
2.1545,1.50109463117146
2.155,-2.38706150568654
2.1555,2.37714495677886
2.156,-1.44361967724659
2.1565,-0.0248437232084687
2.157,1.50010845832742
2.1575,-2.38706150568654
2.158,2.37747368117382
2.1585,-1.44460585246677
2.159,-0.0245149987426723
2.1595,1.50043718260875
2.16,-2.38706150568654
2.1605,2.37747368117382
2.161,-1.44427712739319
2.1615,-0.0241862742769679
2.162,1.50010845832742
2.1625,-2.3867327799773
2.163,2.37845985435915
2.1635,-1.44460585246677
2.164,-0.0238575498113555
2.1645,1.4997797340461
2.165,-2.3867327799773
2.1655,2.37813112996397
2.166,-1.44493457754054
2.1665,-0.0228713764150702
2.167,1.49945100976479
2.1675,-2.38706150568654
2.168,2.37780240556886
2.1685,-1.44493457754054
2.169,-0.0222139274846729
2.1695,1.4987935612022
2.17,-2.3860753285596
2.1705,2.37813112996397
2.171,-1.44559202768865
2.1715,-0.0228713764150702
2.172,1.49846483692093
2.1725,-2.38640405426832
2.173,2.37845985435915
2.1735,-1.445920752763
2.174,-0.0215564785546432
2.1745,1.49813611263967
2.175,-2.3860753285596
2.1755,2.3787885787544
2.176,-1.44624947783752
2.1765,-0.0212277540897661
2.177,1.49780738835843
2.1775,-2.38640405426832
2.178,2.37911730314973
2.1785,-1.44657820291224
2.179,-0.0205703051602873
2.1795,1.49747866407719
2.18,-2.38574660285112
2.1805,2.37911730314973
2.181,-1.44690692798715
2.1815,-0.0205703051602873
2.182,1.49682121551476
2.1825,-2.38574660285112
2.183,2.37911730314973
2.1835,-1.44756437813754
2.184,-0.0199128562311756
2.1845,1.49714993979597
2.185,-2.38508915143494
2.1855,2.37911730314973
2.186,-1.44756437813754
2.1865,-0.0195841317667573
2.187,1.49649249123356
2.1875,-2.38574660285112
2.188,2.37911730314973
2.1885,-1.44789310321302
2.189,-0.0192554073024307
2.1895,1.49649249123356
2.19,-2.38508915143494
2.1905,2.37911730314973
2.191,-1.44822182828869
2.1915,-0.0189266828381958
2.192,1.49616376695237
2.1925,-2.38541787714291
2.193,2.37977475194061
2.1935,-1.44855055336454
2.194,-0.0182692339100009
2.1945,1.4958350426712
2.195,-2.38476042572723
2.1955,2.37944602754513
2.196,-1.44920800351683
2.1965,-0.0179405094460409
2.197,1.49517759410889
2.1975,-2.38508915143494
2.198,2.37977475194061
2.1985,-1.44887927844059
2.199,-0.0172830605183956
2.1995,1.49484886982775
2.2,-2.38476042572723
2.2005,2.38010347633615
2.201,-1.45019417874667
2.2015,-0.0169543360547103
2.202,1.49452014554663
2.2025,-2.38443170001977
2.203,2.37977475194061
2.2035,-1.45019417874667
2.204,-0.0166256115911165
2.2045,1.49419142126551
2.205,-2.38443170001977
2.2055,2.38043220073177
2.206,-1.45052290382367
2.2065,-0.0162968871276142
2.207,1.49386269698441
2.2075,-2.38476042572723
2.208,2.38010347633615
2.2085,-1.45118035397823
2.209,-0.015639438200884
2.2095,1.49353397270333
2.21,-2.38476042572723
2.2105,2.38043220073177
2.211,-1.45118035397823
2.2115,-0.015639438200884
2.212,1.49320524842225
2.2125,-2.38410297431257
2.213,2.38043220073177
2.2135,-1.45118035397823
2.214,-0.0149819892745194
2.2145,1.49287652414118
2.215,-2.38443170001977
2.2155,2.38076092512746
2.216,-1.45183780413355
2.2165,-0.0146532648114743
2.217,1.49254779986013
2.2175,-2.38443170001977
2.218,2.38141837391906
2.2185,-1.4521665292115
2.219,-0.0143245403485204
2.2195,1.49221907557909
2.22,-2.38410297431257
2.2205,2.38108964952323
2.221,-1.45249525428963
2.2215,-0.0133383669602069
2.222,1.49156162701705
2.2225,-2.38377424860562
2.223,2.38108964952323
2.2235,-1.45315270444647
2.224,-0.0136670914228868
2.2245,1.49156162701705
2.225,-2.38377424860562
2.2255,2.38108964952323
2.226,-1.45315270444647
2.2265,-0.0130096424976183
2.227,1.49090417845505
2.2275,-2.38377424860562
2.228,2.38174709831497
2.2285,-1.45348142952517
2.229,-0.0123521935727148
2.2295,1.49090417845505
2.23,-2.38344552289893
2.2305,2.38174709831497
2.231,-1.45413887968315
2.2315,-0.0113660201860435
2.232,1.48991800561214
2.2325,-2.38311679719249
2.233,2.38174709831497
2.2335,-1.45381015460407
2.234,-0.0113660201860435
2.2345,1.49057545417407
2.235,-2.38311679719249
2.2355,2.38207582271096
2.236,-1.45446760476243
2.2365,-0.0110372957240021
2.237,1.4895892813312
2.2375,-2.38311679719249
2.238,2.38207582271096
2.2385,-1.45479632984189
2.239,-0.0103798468001925
2.2395,1.4895892813312
2.24,-2.38311679719249
2.2405,2.38207582271096
2.241,-1.45512505492155
2.2415,-0.0097223978767471
2.242,1.48926055705026
2.2425,-2.38311679719249
2.243,2.38207582271096
2.2435,-1.45578250508143
2.244,-0.0097223978767471
2.2445,1.48860310848843
2.245,-2.38311679719249
2.2455,2.38273327150314
2.246,-1.45611123016165
2.2465,-0.00939367341516094
2.247,1.48893183276934
2.2475,-2.38245934578036
2.248,2.38240454710701
2.2485,-1.45643995524207
2.249,-0.00906494895366582
2.2495,1.48827438420753
2.25,-2.3827880714863
2.2505,2.38273327150314
2.251,-1.45676868032268
2.2515,-0.00840750003094846
2.252,1.48761693564577
2.2525,-2.38245934578036
2.253,2.38273327150314
2.2535,-1.45676868032268
2.254,-0.00807877556972618
2.2545,1.48761693564577
2.255,-2.38180189436926
2.2555,2.38306199589934
2.256,-1.45709740540347
2.2565,-0.00775005110859482
2.257,1.48695948708406
2.2575,-2.38245934578036
2.258,2.38339072029562
2.2585,-1.458083580647
2.259,-0.00742132664755434
2.2595,1.48695948708406
2.26,-2.38213062007468
2.2605,2.38273327150314
2.261,-1.45841230572856
2.2615,-0.00676387772574592
2.262,1.48630203852239
2.2625,-2.38213062007468
2.263,2.38339072029562
2.2635,-1.45874103081031
2.264,-0.00643515326497797
2.2645,1.48564458996077
2.265,-2.38147316866409
2.2655,2.38339072029562
2.266,-1.45906975589225
2.2665,-0.00577770434371443
2.267,1.48531586567997
2.2675,-2.38114444295917
2.268,2.38339072029562
2.2685,-1.45906975589225
2.269,-0.0054489798832188
2.2695,1.48531586567997
2.27,-2.38147316866409
2.2705,2.38371944469197
2.271,-1.45972720605669
2.2715,-0.00512025542281389
2.272,1.48465841711842
2.2725,-2.38147316866409
2.273,2.38339072029562
2.2735,-1.4600559311392
2.274,-0.00446280650227616
2.2745,1.48465841711842
2.275,-2.38114444295917
2.2755,2.38437689348488
2.276,-1.4603846562219
2.2765,-0.00446280650227616
2.277,1.48498714139919
2.2775,-2.38114444295917
2.278,2.38371944469197
2.2785,-1.4603846562219
2.279,-0.00347663312214948
2.2795,1.48400096855691
2.28,-2.3808157172545
2.2805,2.38404816908839
2.281,-1.46071338130479
2.2815,-0.00314790866228846
2.282,1.48334351999545
2.2825,-2.38048699155009
2.283,2.38437689348488
2.2835,-1.46137083147115
2.284,-0.00314790866228846
2.2845,1.48334351999545
2.285,-2.3808157172545
2.2855,2.38437689348488
2.286,-1.46137083147115
2.2865,-0.00249045974283812
2.287,1.48268607143403
2.2875,-2.38015826584593
2.288,2.38470561788145
2.2885,-1.46202828163826
2.289,-0.00216173528324876
2.2895,1.48235734715334
2.29,-2.38015826584593
2.2905,2.38503434227809
2.291,-1.4623570067221
2.2915,-0.00150428636434149
2.292,1.48235734715334
2.2925,-2.38048699155009
2.293,2.38503434227809
2.2935,-1.4623570067221
2.294,-0.00117556190502358
2.2945,1.48235734715334
2.295,-2.38015826584593
2.2955,2.38536306667481
2.296,-1.46301445689036
2.2965,-0.000518112986659006
2.297,1.48169989859199
2.2975,-2.37982954014203
2.298,2.38569179107159
2.2985,-1.46301445689036
2.299,-0.000189388527612314
2.2995,1.48137117431134
2.3,-2.37982954014203
2.3005,2.38536306667481
2.301,-1.46301445689036
2.3015,0.00013933593134402
2.302,1.48071372575006
2.3025,-2.37982954014203
2.303,2.38569179107159
2.3035,-1.46400063214418
2.304,0.000468060390209982
2.3045,1.48071372575006
2.305,-2.37982954014203
2.3055,2.38569179107159
2.306,-1.46432935722917
2.3065,0.000796784848985641
2.307,1.48071372575006
2.3075,-2.37917208873498
2.308,2.38602051546845
2.3085,-1.46432935722917
2.309,0.00145423376626608
2.3095,1.48005627718882
2.31,-2.37917208873498
2.3105,2.38602051546845
2.311,-1.46498680739971
2.3115,0.0021116826831855
2.312,1.47972755290822
2.3125,-2.37851463732894
2.313,2.38634923986539
2.3135,-1.46498680739971
2.314,0.00178295822477091
2.3145,1.47939882862763
2.315,-2.37884336303183
2.3155,2.38634923986539
2.316,-1.46531553248527
2.3165,0.00244040714150988
2.317,1.47874138006648
2.3175,-2.37884336303183
2.318,2.38634923986539
2.3185,-1.46597298265696
2.319,0.00276913159974407
2.3195,1.47874138006648
2.32,-2.37884336303183
2.3205,2.38700668865948
2.321,-1.46597298265696
2.3215,0.00309785605788811
2.322,1.47841265578592
2.3225,-2.37785718592392
2.323,2.3866779642624
2.3235,-1.4663017077431
2.324,0.00375530497390575
2.3245,1.47808393150538
2.325,-2.3781859116263
2.3255,2.38700668865948
2.326,-1.46728788300264
2.3265,0.00408402943177943
2.327,1.47775520722484
2.3275,-2.3781859116263
2.328,2.38700668865948
2.3285,-1.46695915791593
2.329,0.00441275388956303
2.3295,1.47742648294432
2.33,-2.37785718592392
2.3305,2.38733541305663
2.331,-1.46728788300264
2.3315,0.00408402943177943
2.332,1.4770977586638
2.3325,-2.37752846022179
2.333,2.38733541305663
2.3335,-1.46794533317662
2.334,0.00507020280486009
2.3345,1.4767690343833
2.335,-2.37752846022179
2.3355,2.38766413745386
2.336,-1.4682740582639
2.3365,0.00507020280486009
2.337,1.47644031010281
2.3375,-2.37785718592392
2.338,2.38766413745386
2.3385,-1.46926023352688
2.339,0.00605637617713067
2.3395,1.47644031010281
2.34,-2.37752846022179
2.3405,2.38799286185116
2.341,-1.46893150843903
2.3415,0.00638510063437431
2.342,1.47578286154186
2.3425,-2.37752846022179
2.343,2.38799286185116
2.3435,-1.46926023352688
2.344,0.00638510063437431
2.3445,1.47512541298095
2.345,-2.37687100881829
2.3455,2.38799286185116
2.346,-1.46958895861492
2.3465,0.00671382509152801
2.347,1.47479668870052
2.3475,-2.37654228311692
2.348,2.38832158624853
2.3485,-1.47024640879158
2.349,0.00737127400556577
2.3495,1.47446796442009
2.35,-2.37654228311692
2.3505,2.38799286185116
2.351,-1.47024640879158
2.3515,0.00802872291924411
2.352,1.47413924013967
2.3525,-2.37654228311692
2.353,2.38832158624853
2.3535,-1.47024640879158
2.354,0.00802872291924411
2.3545,1.47381051585927
2.355,-2.37654228311692
2.3555,2.38799286185116
2.356,-1.471232584058
2.3565,0.00868617183256326
2.357,1.47348179157887
2.3575,-2.37654228311692
2.358,2.38865031064598
2.3585,-1.47156130914719
2.359,0.00901489628908818
2.3595,1.47348179157887
2.36,-2.37654228311692
2.3605,2.3889790350435
2.361,-1.47156130914719
2.3615,0.00967234520186883
2.362,1.47282434301812
2.3625,-2.37588483171494
2.363,2.3889790350435
2.3635,-1.47189003423657
2.364,0.0103297941142907
2.3645,1.47249561873776
2.365,-2.3762135574158
2.3655,2.3889790350435
2.366,-1.47189003423657
2.3665,0.0100010696581246
2.367,1.4721668944574
2.3675,-2.37588483171494
2.368,2.3889790350435
2.3685,-1.47287620950586
2.369,0.0103297941142907
2.3695,1.4721668944574
2.37,-2.37555610601433
2.3705,2.38963648383876
2.371,-1.47254748441591
2.3715,0.010987243026354
2.372,1.47118072161641
2.3725,-2.37588483171494
2.373,2.38963648383876
2.3735,-1.47353365968634
2.374,0.0116446919380589
2.3745,1.47150944589673
2.375,-2.37555610601433
2.3755,2.38963648383876
2.376,-1.47386238477687
2.3765,0.0123021408494056
2.377,1.4708519973361
2.3775,-2.37555610601433
2.378,2.38963648383876
2.3785,-1.47419110986759
2.379,0.0126308653049446
2.3795,1.4708519973361
2.38,-2.37489865461387
2.3805,2.39029393263432
2.381,-1.4745198349585
2.3815,0.0132883142157543
2.382,1.47019454877552
2.3825,-2.37522738031397
2.383,2.38963648383876
2.3835,-1.47484856004961
2.384,0.0132883142157543
2.3845,1.47019454877552
2.385,-2.37522738031397
2.3855,2.3899652082365
2.386,-1.4751772851409
2.3865,0.013617038671025
2.387,1.46986582449524
2.3875,-2.37489865461387
2.388,2.39029393263432
2.3885,-1.47550601023239
2.389,0.0142744875812981
2.3895,1.46986582449524
2.39,-2.37522738031397
2.3905,2.3906226570322
2.391,-1.47616346041593
2.3915,0.0149319364912136
2.392,1.46887965165447
2.3925,-2.37456992891402
2.393,2.3899652082365
2.3935,-1.47583473532407
2.394,0.0146032120363005
2.3945,1.46855092737423
2.395,-2.37424120321442
2.3955,2.3906226570322
2.396,-1.47649218550799
2.3965,0.0152606609460374
2.397,1.46789347881379
2.3975,-2.37424120321442
2.398,2.39029393263432
2.3985,-1.47682091060025
2.399,0.0159181098554171
2.3995,1.46756475453358
2.4,-2.37424120321442
2.4005,2.39095138143017
2.401,-1.47747836078533
2.4015,0.016246834309973
2.402,1.46723603025339
2.4025,-2.37424120321442
2.403,2.3906226570322
2.4035,-1.47747836078533
2.404,0.016246834309973
2.4045,1.4669073059732
2.405,-2.37424120321442
2.4055,2.3906226570322
2.406,-1.47846453606438
2.4065,0.0169042832188172
2.407,1.46657858169303
2.4075,-2.37456992891402
2.408,2.39095138143017
2.4085,-1.47813581097117
2.409,0.0175617321273046
2.4095,1.46592113313271
2.41,-2.37391247751507
2.4105,2.39095138143017
2.411,-1.47879326115778
2.4115,0.0172330076731055
2.412,1.46526368457243
2.4125,-2.37358375181598
2.413,2.39095138143017
2.4135,-1.47912198625138
2.414,0.0182191810354353
2.4145,1.46493496029231
2.415,-2.37391247751507
2.4155,2.39095138143017
2.416,-1.47912198625138
2.4165,0.0188766299432097
2.417,1.46493496029231
2.4175,-2.37391247751507
2.418,2.39160883022631
2.4185,-1.48010816153331
2.419,0.0188766299432097
2.4195,1.46493496029231
2.42,-2.37358375181598
2.4205,2.39160883022631
2.421,-1.48043688662767
2.4215,0.0192053543969632
2.422,1.4646062360122
2.4225,-2.37358375181598
2.423,2.39160883022631
2.4235,-1.48043688662767
2.424,0.0201915277576898
2.4245,1.463948787452
2.425,-2.37292630041856
2.4255,2.39193755462449
2.426,-1.48076561172223
2.4265,0.0201915277576898
2.427,1.46362006317191
2.4275,-2.37325502611714
2.428,2.39193755462449
2.4285,-1.48142306191191
2.429,0.020848976664396
2.4295,1.46329133889184
2.43,-2.37292630041856
2.4305,2.39193755462449
2.431,-1.48142306191191
2.4315,0.0211777011176157
2.432,1.46329133889184
2.4325,-2.37292630041856
2.433,2.39193755462449
2.4335,-1.48208051210236
2.434,0.0218351500237884
2.4345,1.46263389033172
2.435,-2.37259757472023
2.4355,2.39226627902275
2.436,-1.48208051210236
2.4365,0.0218351500237884
2.437,1.46263389033172
2.4375,-2.37259757472023
2.438,2.39193755462449
2.4385,-1.48273796229358
2.439,0.0221638744767414
2.4395,1.46197644177165
2.44,-2.37259757472023
2.4405,2.39226627902275
2.441,-1.48273796229358
2.4415,0.022821323382381
2.442,1.46164771749162
2.4425,-2.37194012332432
2.443,2.39226627902275
2.4435,-1.48306668738947
2.444,0.0234787722876655
2.4445,1.46131899321161
2.445,-2.37226884902215
2.4455,2.39226627902275
2.446,-1.48339541248556
2.4465,0.0238074967401746
2.447,1.4609902689316
2.4475,-2.37226884902215
2.448,2.39259500342108
2.4485,-1.48438158777498
2.449,0.0241362211925949
2.4495,1.46066154465161
2.45,-2.37194012332432
2.4505,2.39292372781948
2.451,-1.48372413758184
2.4515,0.0247936700971696
2.452,1.46000409609165
2.4525,-2.37194012332432
2.453,2.39292372781948
2.4535,-1.48471031287184
2.454,0.0247936700971696
2.4545,1.46000409609165
2.455,-2.37194012332432
2.4555,2.39325245221796
2.456,-1.48503903796889
2.4565,0.0257798434533668
2.457,1.45934664753173
2.4575,-2.37161139762675
2.458,2.39390990101514
2.4585,-1.48503903796889
2.459,0.0261085679052553
2.4595,1.45901792325179
2.46,-2.37062522053555
2.4605,2.39325245221796
2.461,-1.48569648816356
2.4615,0.0261085679052553
2.462,1.45836047469192
2.4625,-2.37128267192943
2.463,2.39390990101514
2.4635,-1.48602521326119
2.464,0.0270947412603895
2.4645,1.45836047469192
2.465,-2.37128267192943
2.4655,2.39390990101514
2.466,-1.48635393835901
2.4665,0.0270947412603895
2.467,1.45803175041201
2.4675,-2.37095394623236
2.468,2.39423862541384
2.4685,-1.48668266345702
2.469,0.0277521901633699
2.4695,1.4577030261321
2.47,-2.37062522053555
2.4705,2.39423862541384
2.471,-1.48734011365362
2.4715,0.0280809146147273
2.472,1.4573743018522
2.4725,-2.37095394623236
2.473,2.39423862541384
2.4735,-1.48734011365362
2.474,0.028738363517177
2.4745,1.45704557757232
2.475,-2.36996776914268
2.4755,2.39456734981261
2.476,-1.4876688387522
2.4765,0.0293958124192731
2.477,1.45671685329244
2.4775,-2.37095394623236
2.478,2.39456734981261
2.4785,-1.4876688387522
2.479,0.0293958124192731
2.4795,1.45638812901257
2.48,-2.36963904344662
2.4805,2.39456734981261
2.481,-1.48832628894996
2.4815,0.0297245368701887
2.482,1.45605940473271
2.4825,-2.36996776914268
2.483,2.39489607421145
2.4835,-1.48865501404912
2.484,0.0303819857717548
2.4845,1.45605940473271
2.485,-2.36996776914268
2.4855,2.39522479861037
2.486,-1.48898373914848
2.4865,0.0307107102224055
2.487,1.45540195617302
2.4875,-2.36996776914268
2.488,2.39522479861037
2.4885,-1.48931246424803
2.489,0.0313681591234421
2.4895,1.45540195617302
2.49,-2.36963904344662
2.4905,2.39456734981261
2.491,-1.48964118934777
2.4915,0.0313681591234421
2.492,1.45441578333356
2.4925,-2.36963904344662
2.493,2.39522479861037
2.4935,-1.4899699144477
2.494,0.0320256080241259
2.4945,1.45408705905375
2.495,-2.36963904344662
2.4955,2.39522479861037
2.496,-1.49062736464815
2.4965,0.0323543324743356
2.497,1.45375833477396
2.4975,-2.36931031775082
2.498,2.39555352300937
2.4985,-1.49095608974866
2.499,0.0323543324743356
2.4995,1.45342961049418
2.5,-2.36931031775082
2.5005,2.39588224740844
2.501,-1.49128481484937
2.5015,0.0330117813744905
2.502,1.4531008862144
2.5025,-2.36898159205527
2.503,2.39621097180758
2.5035,-1.49161353995027
2.504,0.033669230274293
2.5045,1.4531008862144
2.505,-2.36898159205527
2.5055,2.39588224740844
2.506,-1.49194226505136
2.5065,0.0339979547240622
2.507,1.4531008862144
2.5075,-2.36865286635997
2.508,2.39621097180758
2.5085,-1.49227099015264
2.509,0.0346554036233366
2.5095,1.45211471337513
2.51,-2.36865286635997
2.5105,2.39621097180758
2.511,-1.49259971525411
2.5115,0.035312852522259
2.512,1.45211471337513
2.5125,-2.36799541497014
2.513,2.3965396962068
2.5135,-1.49259971525411
2.514,0.0356415769715883
2.5145,1.4517859890954
2.515,-2.36799541497014
2.5155,2.39686842060609
2.516,-1.49292844035578
2.5165,0.0356415769715883
2.517,1.45145726481567
2.5175,-2.36799541497014
2.518,2.39719714500545
2.5185,-1.49325716545764
2.519,0.0359703014208297
2.5195,1.45112854053595
2.52,-2.36799541497014
2.5205,2.39719714500545
2.521,-1.4935858905597
2.5215,0.0362990258699832
2.522,1.45079981625624
2.5225,-2.36799541497014
2.523,2.39686842060609
2.5235,-1.49391461566194
2.524,0.0372851992169166
2.5245,1.45079981625624
2.525,-2.36733796358131
2.5255,2.39719714500545
2.526,-1.49424334076438
2.5265,0.0379426481144332
2.527,1.44981364341716
2.5275,-2.36733796358131
2.528,2.39686842060609
2.5285,-1.49490079096984
2.529,0.0379426481144332
2.5295,1.44948491913749
2.53,-2.36733796358131
2.5305,2.39818331820398
2.531,-1.49490079096984
2.5315,0.0386000970115988
2.532,1.44948491913749
2.5325,-2.36700923788728
2.533,2.39719714500545
2.5335,-1.49490079096984
2.534,0.03892882146005
2.5345,1.44882747057817
2.535,-2.3666805121935
2.5355,2.39752586940489
2.536,-1.49522951607286
2.5365,0.0392575459084135
2.537,1.44849874629852
2.5375,-2.3666805121935
2.538,2.39818331820398
2.5385,-1.49621569138307
2.539,0.0395862703566894
2.5395,1.44784129773926
2.54,-2.36700923788728
2.5405,2.3978545938044
2.541,-1.49654441648686
2.5415,0.0402437192529782
2.542,1.44784129773926
2.5425,-2.36635178649997
2.543,2.39818331820398
2.5435,-1.49687314159084
2.544,0.0405724437009912
2.5445,1.44718384918003
2.545,-2.36635178649997
2.5455,2.3978545938044
2.546,-1.49753059179938
2.5465,0.0409011681489166
2.547,1.44685512490042
2.5475,-2.36635178649997
2.548,2.39818331820398
2.5485,-1.49753059179938
2.549,0.0412298925967545
2.5495,1.44685512490042
2.55,-2.36635178649997
2.5505,2.39851204260365
2.551,-1.49785931690394
2.5515,0.0415586170445049
2.552,1.44652640062083
2.5525,-2.36635178649997
2.553,2.39851204260365
2.5535,-1.4981880420087
2.554,0.0422160659397431
2.5545,1.44586895206167
2.555,-2.36569433511367
2.5555,2.39884076700338
2.556,-1.49851676711365
2.5565,0.0422160659397431
2.557,1.44586895206167
2.5575,-2.3660230608067
2.558,2.39884076700338
2.5585,-1.49884549221879
2.559,0.0432022392819446
2.5595,1.44586895206167
2.56,-2.3660230608067
2.5605,2.39884076700338
2.561,-1.49950294242965
2.5615,0.0438596881763085
2.562,1.444882779223
2.5625,-2.36569433511367
2.563,2.39851204260365
2.5635,-1.49950294242965
2.564,0.0438596881763085
2.5645,1.444882779223
2.565,-2.36569433511367
2.5655,2.39884076700338
2.566,-1.49983166753537
2.5665,0.0441884126233595
2.567,1.44455405494346
2.5675,-2.36503688372839
2.568,2.39916949140319
2.5685,-1.50048911774739
2.569,0.0438596881763085
2.5695,1.4438966063844
2.57,-2.36470815803612
2.5705,2.39949821580307
2.571,-1.50048911774739
2.5715,0.0448458615171995
2.572,1.44323915782538
2.5725,-2.3653656094209
2.573,2.39949821580307
2.5735,-1.50048911774739
2.574,0.0455033104106903
2.5745,1.44356788210489
2.575,-2.36470815803612
2.5755,2.39949821580307
2.576,-1.50114656796018
2.5765,0.0458320348573049
2.577,1.4425817092664
2.5775,-2.36503688372839
2.578,2.39949821580307
2.5785,-1.50180401817375
2.579,0.0464894837502724
2.5795,1.44225298498692
2.58,-2.36470815803612
2.5805,2.39982694020303
2.581,-1.50180401817375
2.5815,0.0468182081966254
2.582,1.44225298498692
2.5825,-2.36405070665235
2.583,2.39982694020303
2.5835,-1.50213274328082
2.584,0.0471469326428912
2.5845,1.44159553642798
2.585,-2.36437943234411
2.5855,2.39982694020303
2.586,-1.50279019349555
2.5865,0.0471469326428912
2.587,1.44192426070745
2.5875,-2.36437943234411
2.588,2.40015566460306
2.5885,-1.5031189186032
2.589,0.0474756570890699
2.5895,1.44159553642798
2.59,-2.36437943234411
2.5905,2.40081311340334
2.591,-1.50344764371105
2.5915,0.0484618304270836
2.592,1.44060936358965
2.5925,-2.36437943234411
2.593,2.40015566460306
2.5935,-1.50377636881909
2.594,0.0484618304270836
2.5945,1.44028063931022
2.595,-2.36405070665235
2.5955,2.40081311340334
2.596,-1.50410509392732
2.5965,0.0491192793186575
2.597,1.44028063931022
2.5975,-2.36372198096084
2.598,2.40081311340334
2.5985,-1.50476254414437
2.599,0.0497767282098835
2.5995,1.43929446647198
2.6,-2.36339325526958
2.6005,2.40081311340334
2.601,-1.50476254414437
2.6015,0.050105452655366
2.602,1.43929446647198
2.6025,-2.36339325526958
2.603,2.40081311340334
2.6035,-1.50541999436219
2.604,0.0504341771007617
2.6045,1.43896574219258
2.605,-2.36339325526958
2.6055,2.4011418378036
2.606,-1.50541999436219
2.6065,0.0510916259912923
2.607,1.43896574219258
2.6075,-2.36339325526958
2.608,2.4011418378036
2.6085,-1.50541999436219
2.609,0.0514203504364273
2.6095,1.43797956935445
2.61,-2.36273580388783
2.6105,2.40147056220392
2.611,-1.50607744458078
2.6115,0.0517490748814755
2.612,1.43765084507508
2.6125,-2.36273580388783
2.613,2.4011418378036
2.6135,-1.50640616969037
2.614,0.0524065237713115
2.6145,1.43797956935445
2.615,-2.36306452957858
2.6155,2.4011418378036
2.616,-1.50673489480015
2.6165,0.0527352482160993
2.617,1.43699339651638
2.6175,-2.36273580388783
2.618,2.40081311340334
2.6185,-1.5073923450203
2.619,0.0527352482160993
2.6195,1.43699339651638
2.62,-2.36273580388783
2.6205,2.40179928660433
2.621,-1.5073923450203
2.6215,0.0537214215499425
2.622,1.4360072236784
2.6225,-2.36273580388783
2.623,2.40147056220392
2.6235,-1.50804979524122
2.624,0.0540501459943835
2.6245,1.4360072236784
2.625,-2.36240707819733
2.6255,2.40179928660433
2.626,-1.50837852035197
2.6265,0.0543788704387379
2.627,1.43567849939908
2.6275,-2.36240707819733
2.628,2.40179928660433
2.6285,-1.50870724546291
2.629,0.0543788704387379
2.6295,1.43567849939908
2.63,-2.36240707819733
2.6305,2.40245673540535
2.631,-1.50903597057405
2.6315,0.0550363193271868
2.632,1.43534977511978
2.6325,-2.36207835250709
2.633,2.40245673540535
2.6335,-1.50870724546291
2.634,0.0556937682152894
2.6345,1.43469232656119
2.635,-2.36174962681709
2.6355,2.4021280110048
2.636,-1.50969342079691
2.6365,0.0560224926592108
2.637,1.43469232656119
2.6375,-2.36174962681709
2.638,2.40278545980598
2.6385,-1.51002214590863
2.639,0.0566799415467943
2.6395,1.43436360228191
2.64,-2.36174962681709
2.6405,2.40311418420668
2.641,-1.51035087102054
2.6415,0.0570086659904563
2.642,1.43370615372337
2.6425,-2.36142090112735
2.643,2.40278545980598
2.6435,-1.51100832124495
2.644,0.0573373904340318
2.6445,1.43304870516486
2.645,-2.36142090112735
2.6455,2.40278545980598
2.646,-1.51067959613265
2.6465,0.057666114877521
2.647,1.43271998088562
2.6475,-2.36109217543786
2.648,2.40278545980598
2.6485,-1.51133704635745
2.649,0.0579948393209237
2.6495,1.43271998088562
2.65,-2.36109217543786
2.6505,2.40311418420668
2.651,-1.51133704635745
2.6515,0.0589810126506137
2.652,1.43206253232716
2.6525,-2.36076344974863
2.653,2.40344290860745
2.6535,-1.51199449658302
2.654,0.0589810126506137
2.6545,1.43173380804795
2.655,-2.36043472405964
2.6555,2.40311418420668
2.656,-1.51265194680937
2.6565,0.0596384615366421
2.657,1.43074763521034
2.6575,-2.36010599837091
2.658,2.40344290860745
2.6585,-1.51265194680937
2.659,0.0599671859795269
2.6595,1.43140508376874
2.66,-2.36043472405964
2.6605,2.4037716330083
2.661,-1.51298067192284
2.6615,0.0599671859795269
2.662,1.43074763521034
2.6625,-2.36010599837091
2.663,2.40344290860745
2.6635,-1.51363812215035
2.664,0.0606246348650378
2.6645,1.43009018665197
2.665,-2.36010599837091
2.6655,2.4037716330083
2.666,-1.5133093970365
2.6665,0.060953359307664
2.667,1.4297614623728
2.6675,-2.36010599837091
2.668,2.4037716330083
2.6685,-1.51462429749308
2.669,0.0612820837502039
2.6695,1.4297614623728
2.67,-2.35977727268243
2.6705,2.40410035740923
2.671,-1.51462429749308
2.6715,0.0619395326350254
2.672,1.42910401381448
2.6725,-2.35977727268243
2.673,2.40442908181022
2.6735,-1.51462429749308
2.674,0.0625969815195025
2.6745,1.42910401381448
2.675,-2.3594485469942
2.6755,2.4037716330083
2.676,-1.51495302260771
2.6765,0.062268257077307
2.677,1.42844656525619
2.6775,-2.35977727268243
2.678,2.40410035740923
2.6785,-1.51561047283755
2.679,0.0632544304036353
2.6795,1.42811784097706
2.68,-2.3587910956185
2.6805,2.4047578062113
2.681,-1.51561047283755
2.6815,0.0632544304036353
2.682,1.42778911669794
2.6825,-2.3587910956185
2.683,2.40442908181022
2.6835,-1.51593919795276
2.684,0.0642406037291895
2.6845,1.42746039241882
2.685,-2.35846236993103
2.6855,2.4047578062113
2.686,-1.51593919795276
2.6865,0.0645693281708689
2.687,1.42746039241882
2.6875,-2.35813364424381
2.688,2.40508653061244
2.6885,-1.51692537329957
2.689,0.0652267770539701
2.6895,1.4268029438606
2.69,-2.35846236993103
2.6905,2.40541525501366
2.691,-1.51725409841556
2.6915,0.0648980526124625
2.692,1.42647421958151
2.6925,-2.35813364424381
2.693,2.40508653061244
2.6935,-1.51758282353175
2.694,0.0655555014953919
2.6945,1.42614549530242
2.695,-2.35846236993103
2.6955,2.40541525501366
2.696,-1.51791154864813
2.6965,0.0662129503779778
2.697,1.42581677102334
2.6975,-2.35813364424381
2.698,2.40508653061244
2.6985,-1.5182402737647
2.699,0.0668703992602205
2.6995,1.42548804674427
2.7,-2.35813364424381
2.7005,2.40541525501366
2.701,-1.5182402737647
2.7015,0.0671991237012131
2.702,1.4251593224652
2.7025,-2.35780491855685
2.703,2.40574397941496
2.7035,-1.51889772399843
2.704,0.0671991237012131
2.7045,1.42450187390709
2.705,-2.35780491855685
2.7055,2.40574397941496
2.706,-1.51889772399843
2.7065,0.0678565725829413
2.707,1.42450187390709
2.7075,-2.35780491855685
2.708,2.40607270381633
2.7085,-1.51988389935049
2.709,0.0685140214643266
2.7095,1.42417314962805
2.71,-2.35747619287013
2.7105,2.40607270381633
2.711,-1.52021262446823
2.7115,0.0685140214643266
2.712,1.42384442534901
2.7125,-2.35780491855685
2.713,2.40640142821777
2.7135,-1.51922644911559
2.714,0.0691714703453693
2.7145,1.42351570106998
2.715,-2.35714746718367
2.7155,2.40574397941496
2.716,-1.52054134958616
2.7165,0.0691714703453693
2.717,1.42285825251195
2.7175,-2.35681874149746
2.718,2.40640142821777
2.7185,-1.52087007470429
2.719,0.0704863681064275
2.7195,1.42252952823294
2.72,-2.35616129012579
2.7205,2.40673015261929
2.721,-1.52152752494114
2.7215,0.0704863681064275
2.722,1.42220080395394
2.7225,-2.3564900158115
2.723,2.40673015261929
2.7235,-1.52152752494114
2.724,0.0711438169864434
2.7245,1.42187207967495
2.725,-2.3564900158115
2.7255,2.40673015261929
2.726,-1.52185625005985
2.7265,0.0711438169864434
2.727,1.42154335539596
2.7275,-2.35681874149746
2.728,2.40705887702089
2.7285,-1.52218497517876
2.729,0.0718012658661174
2.7295,1.42154335539596
2.73,-2.3564900158115
2.7305,2.40705887702089
2.731,-1.52251370029787
2.7315,0.0718012658661174
2.732,1.42088590683801
2.7325,-2.35681874149746
2.733,2.40705887702089
2.7335,-1.52284242541716
2.734,0.0727874391849877
2.7345,1.42055718255905
2.735,-2.35616129012579
2.7355,2.40705887702089
2.736,-1.52284242541716
2.7365,0.0727874391849877
2.737,1.42022845828009
2.7375,-2.35583256444033
2.738,2.40738760142256
2.7385,-1.52349987565635
2.739,0.0731161636244404
2.7395,1.41989973400114
2.74,-2.35583256444033
2.7405,2.40705887702089
2.741,-1.52382860077623
2.7415,0.0737736125030898
2.742,1.41924228544326
2.7425,-2.35550383875513
2.743,2.40738760142256
2.7435,-1.52448605101658
2.744,0.0744310613813979
2.7445,1.41858483688541
2.745,-2.35550383875513
2.7455,2.40738760142256
2.746,-1.52448605101658
2.7465,0.0744310613813979
2.747,1.41825611260649
2.7475,-2.35517511307018
2.748,2.40738760142256
2.7485,-1.52514350125771
2.749,0.0750885102593651
2.7495,1.41792738832758
2.75,-2.35583256444033
2.7505,2.40804505022612
2.751,-1.52547222637857
2.7515,0.0750885102593651
2.752,1.41792738832758
2.7525,-2.35616129012579
2.753,2.40804505022612
2.7535,-1.52612967662087
2.754,0.0754172346982209
2.7545,1.41759866404868
2.755,-2.35616129012579
2.7555,2.4077163258243
2.756,-1.52580095149962
2.7565,0.0764034080142772
2.757,1.41726993976978
2.7575,-2.35517511307018
2.758,2.40837377462801
2.7585,-1.52645840174231
2.759,0.0770608568912224
2.7595,1.41661249121201
2.76,-2.35484638738548
2.7605,2.40804505022612
2.761,-1.52678712686395
2.7615,0.0770608568912224
2.762,1.41661249121201
2.7625,-2.35418893601683
2.763,2.40837377462801
2.7635,-1.52711585198578
2.764,0.0773895813295674
2.7645,1.41661249121201
2.765,-2.35484638738548
2.7655,2.40903122343203
2.766,-1.52711585198578
2.7665,0.0780470302060023
2.767,1.41628376693314
2.7675,-2.35386021033289
2.768,2.40903122343203
2.7685,-1.52744457710781
2.769,0.0787044790820972
2.7695,1.41562631837541
2.77,-2.35418893601683
2.7705,2.40903122343203
2.771,-1.52810202735245
2.7715,0.0790332035200172
2.772,1.41496886981771
2.7725,-2.35386021033289
2.773,2.40903122343203
2.7735,-1.52810202735245
2.774,0.0790332035200172
2.7745,1.41496886981771
2.775,-2.35418893601683
2.7755,2.40903122343203
2.776,-1.52875947759787
2.7765,0.0800193768332677
2.777,1.41464014553887
2.7775,-2.35418893601683
2.778,2.40968867223634
2.7785,-1.52875947759787
2.779,0.0800193768332677
2.7795,1.41464014553887
2.78,-2.3535314846492
2.7805,2.40935994783414
2.781,-1.52941692784407
2.7815,0.0810055501457543
2.782,1.41398269698121
2.7825,-2.35287403328257
2.783,2.40968867223634
2.7835,-1.52941692784407
2.784,0.0813342745830802
2.7845,1.41365397270238
2.785,-2.35287403328257
2.7855,2.4100173966386
2.786,-1.53007437809105
2.7865,0.0819917234574778
2.787,1.41332524842357
2.7875,-2.35320275896576
2.788,2.4100173966386
2.7885,-1.53073182833881
2.789,0.0823204478945494
2.7895,1.41332524842357
2.79,-2.35287403328257
2.7905,2.4100173966386
2.791,-1.53040310321483
2.7915,0.0826491723315363
2.792,1.41266779986596
2.7925,-2.35254530759963
2.793,2.4100173966386
2.7935,-1.53073182833881
2.794,0.0826491723315363
2.7945,1.41233907558716
2.795,-2.35254530759963
2.7955,2.4100173966386
2.796,-1.53106055346299
2.7965,0.0833066212052562
2.797,1.41168162702959
2.7975,-2.35221658191694
2.798,2.41034612104095
2.7985,-1.53171800371192
2.799,0.0839640700786375
2.7995,1.41135290275082
2.8,-2.35188785623451
2.8005,2.41067484544336
2.801,-1.53204672883668
2.8015,0.0839640700786375
2.802,1.41135290275082
2.8025,-2.35221658191694
2.803,2.41067484544336
2.8035,-1.53204672883668
2.804,0.0846215189516804
2.8045,1.41102417847205
2.805,-2.35221658191694
2.8055,2.41100356984585
2.806,-1.53270417908679
2.8065,0.084950243388075
2.807,1.41036672991453
2.8075,-2.35155913055233
2.808,2.41067484544336
2.8085,-1.53270417908679
2.809,0.0852789678243851
2.8095,1.41003800563578
2.81,-2.35155913055233
2.8105,2.41100356984585
2.811,-1.53369035446342
2.8115,0.0859364166967517
2.812,1.4093805570783
2.8125,-2.35155913055233
2.813,2.41067484544336
2.8135,-1.53401907958935
2.814,0.0859364166967517
2.8145,1.4093805570783
2.815,-2.35155913055233
2.8155,2.41067484544336
2.816,-1.53401907958935
2.8165,0.0862651411328084
2.817,1.40905183279957
2.8175,-2.35123040487039
2.818,2.41133229424842
2.8185,-1.53401907958935
2.819,0.0872513144404717
2.8195,1.40872310852084
2.82,-2.35155913055233
2.8205,2.41133229424842
2.821,-1.53467652984181
2.8215,0.0879087633118253
2.822,1.40872310852084
2.8225,-2.35123040487039
2.823,2.41166101865106
2.8235,-1.53500525496833
2.824,0.0882374877473757
2.8245,1.40773693568471
2.825,-2.35090167918872
2.8255,2.41166101865106
2.826,-1.53500525496833
2.8265,0.0882374877473757
2.827,1.40773693568471
2.8275,-2.35090167918872
2.828,2.41198974305378
2.8285,-1.53566270522195
2.829,0.0888949366182234
2.8295,1.40707948712731
2.83,-2.35057295350729
2.8305,2.41166101865106
2.831,-1.53599143034906
2.8315,0.0892236610535209
2.832,1.40675076284862
2.8325,-2.35057295350729
2.833,2.41198974305378
2.8335,-1.53599143034906
2.834,0.0895523854887342
2.8345,1.40642203856994
2.835,-2.35057295350729
2.8355,2.41198974305378
2.836,-1.53664888060386
2.8365,0.090209834358908
2.837,1.40642203856994
2.8375,-2.34991550214519
2.838,2.41198974305378
2.8385,-1.53730633085945
2.839,0.0908672832287452
2.8395,1.40609331429127
2.84,-2.34958677646451
2.8405,2.41231846745657
2.841,-1.53697760573156
2.8415,0.0905385587938687
2.842,1.40543586573393
2.8425,-2.34958677646451
2.843,2.41198974305378
2.8435,-1.53730633085945
2.844,0.091524732098246
2.8445,1.40543586573393
2.845,-2.34991550214519
2.8455,2.41264719185944
2.846,-1.53796378111581
2.8465,0.0921821809674103
2.847,1.40543586573393
2.8475,-2.34925805078409
2.848,2.41297591626238
2.8485,-1.53796378111581
2.849,0.0921821809674103
2.8495,1.40444969289798
2.85,-2.34925805078409
2.8505,2.41297591626238
2.851,-1.53862123137296
2.8515,0.0925109054018665
2.852,1.40412096861934
2.8525,-2.34925805078409
2.853,2.41297591626238
2.8535,-1.53894995650183
2.854,0.0931683542705267
2.8545,1.40412096861934
2.855,-2.34892932510392
2.8555,2.4133046406654
2.856,-1.5392786816309
2.8565,0.0938258031388511
2.857,1.40346352006208
2.8575,-2.34925805078409
2.858,2.4133046406654
2.8585,-1.53960740676016
2.859,0.0938258031388511
2.8595,1.40346352006208
2.86,-2.34892932510392
2.8605,2.41297591626238
2.861,-1.53993613188962
2.8615,0.0944832520068398
2.862,1.40313479578346
2.8625,-2.348600599424
2.863,2.41396208947166
2.8635,-1.54026485701927
2.864,0.095140700874493
2.8645,1.40247734722623
2.865,-2.348600599424
2.8655,2.4133046406654
2.866,-1.54059358214912
2.8665,0.0948119764407084
2.867,1.40214862294763
2.8675,-2.34827187374433
2.868,2.41396208947166
2.8685,-1.5412510324094
2.869,0.0961268741753442
2.8695,1.40214862294763
2.87,-2.34827187374433
2.8705,2.41363336506849
2.871,-1.54092230727916
2.8715,0.0961268741753442
2.872,1.40181989866903
2.8725,-2.34827187374433
2.873,2.41363336506849
2.8735,-1.54157975753984
2.874,0.0964555986087937
2.8745,1.40149117439044
2.875,-2.34794314806492
2.8755,2.41396208947166
2.876,-1.54190848267047
2.8765,0.0967843230421594
2.877,1.40083372583327
2.8775,-2.34794314806492
2.878,2.41461953827822
2.8785,-1.5422372078013
2.879,0.0977704963417544
2.8795,1.40083372583327
2.88,-2.34728569670684
2.8805,2.41396208947166
2.881,-1.5422372078013
2.8815,0.0977704963417544
2.882,1.39984755299756
2.8825,-2.34728569670684
2.883,2.41429081387491
2.8835,-1.54256593293233
2.884,0.0987566696405966
2.8845,1.39919010444045
2.885,-2.34728569670684
2.8855,2.41429081387491
2.886,-1.54322338319497
2.8865,0.0987566696405966
2.887,1.3988613801619
2.8875,-2.34695697102818
2.888,2.41461953827822
2.8885,-1.54388083345839
2.889,0.0987566696405966
2.8895,1.3988613801619
2.89,-2.34695697102818
2.8905,2.41461953827822
2.891,-1.54355210832658
2.8915,0.0990853940733768
2.892,1.39853265588336
2.8925,-2.34629951967161
2.893,2.41461953827822
2.8935,-1.54420955859039
2.894,0.0997428429386865
2.8945,1.39820393160482
2.895,-2.34695697102818
2.8955,2.41527698708509
2.896,-1.5445382837226
2.8965,0.100400291803662
2.897,1.39820393160482
2.8975,-2.34629951967161
2.898,2.41527698708509
2.8985,-1.5445382837226
2.899,0.100729016236025
2.8995,1.39721775876925
2.9,-2.34695697102818
2.9005,2.41494826268162
2.901,-1.54519573398759
2.9015,0.1013864651005
2.902,1.39754648304777
2.9025,-2.34629951967161
2.903,2.41494826268162
2.9035,-1.54552445912038
2.904,0.101715189532612
2.9045,1.39623158593372
2.905,-2.34629951967161
2.9055,2.41527698708509
2.906,-1.54552445912038
2.9065,0.102043913964641
2.907,1.39656031021222
2.9075,-2.3459707939937
2.908,2.41527698708509
2.9085,-1.54618190938655
2.909,0.103030087260228
2.9095,1.39656031021222
2.91,-2.3459707939937
2.9105,2.41593443589225
2.911,-1.54683935965351
2.9115,0.103030087260228
2.912,1.39623158593372
2.9125,-2.34564206831604
2.913,2.41626316029594
2.9135,-1.54683935965351
2.914,0.103358811691924
2.9145,1.39524541309824
2.915,-2.34564206831604
2.9155,2.41593443589225
2.916,-1.54716808478728
2.9165,0.104016260555065
2.917,1.39557413737673
2.9175,-2.34531334263864
2.918,2.41560571148863
2.9185,-1.54782553505542
2.919,0.104016260555065
2.9195,1.39458796454128
2.92,-2.34498461696148
2.9205,2.41593443589225
2.921,-1.54782553505542
2.9215,0.104673709417874
2.922,1.39393051598434
2.9225,-2.34498461696148
2.923,2.41593443589225
2.9235,-1.54848298532434
2.924,0.105002433849153
2.9245,1.39393051598434
2.925,-2.34465589128458
2.9255,2.41593443589225
2.926,-1.54848298532434
2.9265,0.105659882711463
2.927,1.39327306742743
2.9275,-2.34465589128458
2.928,2.41626316029594
2.9285,-1.54914043559404
2.929,0.105988607142493
2.9295,1.39327306742743
2.93,-2.34465589128458
2.9305,2.41659188469971
2.931,-1.54979788586454
2.9315,0.10631733157344
2.932,1.39294434314898
2.9325,-2.34465589128458
2.933,2.41626316029594
2.9335,-1.54979788586454
2.934,0.106646056004304
2.9345,1.39228689459209
2.935,-2.34432716560792
2.9355,2.41626316029594
2.936,-1.54979788586454
2.9365,0.107303504865783
2.937,1.39195817031366
2.9375,-2.34432716560792
2.938,2.41626316029594
2.9385,-1.55045533613582
2.939,0.10796095372693
2.9395,1.39162944603523
2.94,-2.34366971425537
2.9405,2.41724933350748
2.941,-1.55045533613582
2.9415,0.107632229296398
2.942,1.3913007217568
2.9425,-2.34399843993152
2.943,2.41692060910356
2.9435,-1.55078406127175
2.944,0.10796095372693
2.9445,1.3913007217568
2.945,-2.34399843993152
2.9455,2.41692060910356
2.946,-1.55144151154421
2.9465,0.109275851448229
2.947,1.39031454892156
2.9475,-2.34399843993152
2.948,2.41724933350748
2.9485,-1.55177023668074
2.949,0.109604575878346
2.9495,1.39031454892156
2.95,-2.34334098857947
2.9505,2.41790678231555
2.951,-1.55209896181746
2.9515,0.109933300308381
2.952,1.38998582464315
2.9525,-2.34334098857947
2.953,2.41724933350748
2.9535,-1.55177023668074
2.954,0.109933300308381
2.9545,1.38932837608636
2.955,-2.34301226290382
2.9555,2.41757805791147
2.956,-1.55242768695438
2.9565,0.110590749168202
2.957,1.38899965180797
2.9575,-2.34301226290382
2.958,2.41790678231555
2.9585,-1.55275641209149
2.959,0.111248198027691
2.9595,1.38899965180797
2.96,-2.34268353722843
2.9605,2.41823550671969
2.961,-1.55341386236631
2.9615,0.111576922457312
2.962,1.38867092752958
2.9625,-2.34268353722843
2.963,2.41790678231555
2.9635,-1.55341386236631
2.964,0.112234371316306
2.9645,1.3883422032512
2.965,-2.34235481155328
2.9655,2.41790678231555
2.966,-1.55374258750402
2.9665,0.112563095745678
2.967,1.38801347897283
2.9675,-2.34202608587839
2.968,2.41823550671969
2.9685,-1.55440003778002
2.969,0.112563095745678
2.9695,1.38801347897283
2.97,-2.34235481155328
2.9705,2.41856423112392
2.971,-1.55505748805681
2.9715,0.113220544604176
2.972,1.38702730613773
2.9725,-2.34235481155328
2.973,2.41856423112392
2.9735,-1.55505748805681
2.974,0.113549269033301
2.9745,1.38636985758102
2.975,-2.34235481155328
2.9755,2.41856423112392
2.976,-1.55505748805681
2.9765,0.113877993462343
2.977,1.38636985758102
2.9775,-2.34202608587839
2.978,2.41823550671969
2.9785,-1.5553862131955
2.979,0.114864166748975
2.9795,1.38604113330267
2.98,-2.34169736020374
2.9805,2.41856423112392
2.981,-1.55604366347348
2.9815,0.11453544232018
2.982,1.38538368474599
2.9825,-2.34136863452935
2.983,2.41856423112392
2.9835,-1.55604366347348
2.984,0.115192891177687
2.9845,1.38538368474599
2.985,-2.34103990885521
2.9855,2.41889295552821
2.986,-1.55637238861276
2.9865,0.115521615606317
2.987,1.38472623618933
2.9875,-2.34136863452935
2.988,2.41856423112392
2.9885,-1.55702983889191
2.989,0.115850340034864
2.9895,1.38472623618933
2.99,-2.34071118318131
2.9905,2.41889295552821
2.991,-1.55702983889191
2.9915,0.116836513320012
2.992,1.38406878763269
2.9925,-2.34071118318131
2.993,2.41922167993259
2.9935,-1.55801601431213
2.994,0.11716523774823
2.9945,1.38341133907606
2.995,-2.34071118318131
2.9955,2.41955040433704
2.996,-1.55867346459325
2.9965,0.117822686604418
2.997,1.38374006335437
2.9975,-2.34071118318131
2.998,2.41922167993259
2.9985,-1.55867346459325
2.999,0.117822686604418
2.9995,1.38341133907606
3,-2.34071118318131
3.0005,2.41987912874156
3.001,-1.55867346459325
3.0015,0.118151411032389
3.002,1.38275389051946
3.0025,-2.34071118318131
3.003,2.41955040433704
3.0035,-1.55900218973411
3.004,0.118808859888085
3.0045,1.38275389051946
3.005,-2.34038245750767
3.0055,2.41987912874156
3.006,-1.55933091487517
3.0065,0.119466308743451
3.007,1.38242516624116
3.0075,-2.34005373183428
3.008,2.41987912874156
3.0085,-1.55965964001642
3.009,0.119795033171011
3.0095,1.38176771768458
3.01,-2.33972500616114
3.0105,2.42020785314616
3.011,-1.56031709029952
3.0115,0.120123757598489
3.012,1.38176771768458
3.0125,-2.33972500616114
3.013,2.42053657755084
3.0135,-1.56031709029952
3.014,0.120781206453198
3.0145,1.38111026912802
3.015,-2.33972500616114
3.0155,2.42086530195559
3.016,-1.56064581544137
3.0165,0.120781206453198
3.017,1.38078154484974
3.0175,-2.33906755481562
3.018,2.42053657755084
3.0185,-1.56097454058341
3.019,0.121109930880429
3.0195,1.38045282057147
3.02,-2.33939628048826
3.0205,2.42086530195559
3.021,-1.56130326572565
3.0215,0.121438655307579
3.022,1.37979537201494
3.0225,-2.33873882914323
3.023,2.42086530195559
3.0235,-1.56163199086809
3.024,0.122096104161632
3.0245,1.37946664773669
3.025,-2.33906755481562
3.0255,2.42053657755084
3.026,-1.56196071601072
3.0265,0.122096104161632
3.027,1.37880919918018
3.0275,-2.33906755481562
3.028,2.42053657755084
3.0285,-1.56261816629658
3.029,0.122753553015357
3.0295,1.37880919918018
3.03,-2.33873882914323
3.0305,2.42086530195559
3.031,-1.56261816629658
3.0315,0.123082277442096
3.032,1.37848047490194
3.0325,-2.33808137779921
3.033,2.42086530195559
3.0335,-1.56294689143981
3.034,0.124068450721823
3.0345,1.37782302634546
3.035,-2.33808137779921
3.0355,2.42119402636041
3.036,-1.56327561658324
3.0365,0.124068450721823
3.037,1.37782302634546
3.0375,-2.33808137779921
3.038,2.42053657755084
3.0385,-1.56360434172686
3.039,0.124068450721823
3.0395,1.37749430206723
3.04,-2.33775265212758
3.0405,2.42119402636041
3.041,-1.56393306687068
3.0415,0.125054624000814
3.042,1.377165577789
3.0425,-2.33808137779921
3.043,2.42086530195559
3.0435,-1.5642617920147
3.044,0.125383348426981
3.0445,1.37617940495434
3.045,-2.33775265212758
3.0455,2.42185147517029
3.046,-1.56459051715891
3.0465,0.125712072853065
3.047,1.37650812923256
3.0475,-2.33808137779921
3.048,2.42152275076532
3.0485,-1.56524796744794
3.049,0.126040797279069
3.0495,1.37585068067613
3.05,-2.33775265212758
3.0505,2.42152275076532
3.051,-1.56557669259275
3.0515,0.12669824613083
3.052,1.37552195639792
3.0525,-2.33709520078506
3.053,2.42152275076532
3.0535,-1.56557669259275
3.054,0.12669824613083
3.0545,1.37519323211972
3.055,-2.33709520078506
3.0555,2.42152275076532
3.056,-1.56623414288296
3.0565,0.127026970556588
3.057,1.37453578356332
3.0575,-2.33709520078506
3.058,2.42218019957535
3.0585,-1.56689159317396
3.059,0.128013143833372
3.0595,1.37453578356332
3.06,-2.33709520078506
3.0605,2.42185147517029
3.061,-1.56656286802836
3.0615,0.128341868258804
3.062,1.37420705928513
3.0625,-2.33676647511418
3.063,2.42218019957535
3.0635,-1.56689159317396
3.064,0.128999317109422
3.0645,1.37387833500694
3.065,-2.33676647511418
3.0655,2.42250892398048
3.066,-1.56722031831975
3.0665,0.128999317109422
3.067,1.37354961072875
3.0675,-2.33643774944354
3.068,2.42218019957535
3.0685,-1.56787776861194
3.069,0.129985490384739
3.0695,1.37322088645057
3.07,-2.33643774944354
3.0705,2.42283764838568
3.071,-1.56787776861194
3.0715,0.130314214809681
3.072,1.3728921621724
3.0725,-2.33578029810303
3.073,2.42250892398048
3.0735,-1.56820649375833
3.074,0.130314214809681
3.0745,1.37190598933789
3.075,-2.33610902377316
3.0755,2.42283764838568
3.076,-1.56853521890492
3.0765,0.130971663659322
3.077,1.37190598933789
3.0775,-2.33578029810303
3.078,2.42316637279096
3.0785,-1.56886394405171
3.079,0.131957836933174
3.0795,1.37157726505973
3.08,-2.33578029810303
3.0805,2.42250892398048
3.081,-1.56952139434588
3.0815,0.131629112508638
3.082,1.37091981650341
3.0825,-2.33578029810303
3.083,2.42250892398048
3.0835,-1.56985011949326
3.084,0.131957836933174
3.0845,1.37059109222526
3.085,-2.33512284676352
3.0855,2.42283764838568
3.086,-1.56985011949326
3.0865,0.132286561357628
3.087,1.37026236794711
3.0875,-2.33578029810303
3.088,2.42316637279096
3.0885,-1.57050756978861
3.089,0.132615285782001
3.0895,1.36993364366897
3.09,-2.33479412109414
3.0905,2.42316637279096
3.091,-1.57083629493659
3.0915,0.133601459054633
3.092,1.36960491939083
3.0925,-2.33512284676352
3.093,2.42283764838568
3.0935,-1.57083629493659
3.094,0.133272734630504
3.0945,1.36960491939083
3.095,-2.33545157243315
3.0955,2.42316637279096
3.096,-1.57149374523313
3.0965,0.134258907902649
3.097,1.36894747083456
3.0975,-2.33479412109414
3.098,2.42382382160175
3.0985,-1.5718224703817
3.099,0.134258907902649
3.0995,1.36829002227831
3.1,-2.33479412109414
3.1005,2.42316637279096
3.101,-1.57247992067943
3.1015,0.134916356750339
3.102,1.36796129800018
3.1025,-2.33479412109414
3.103,2.42349509719632
3.1035,-1.57247992067943
3.104,0.135573805597706
3.1045,1.36763257372206
3.105,-2.33446539542501
3.1055,2.42349509719632
3.106,-1.57247992067943
3.1065,0.135902530021267
3.107,1.36730384944395
3.1075,-2.33413666975613
3.108,2.42415254600726
3.1085,-1.57313737097795
3.109,0.136559978868147
3.1095,1.36664640088773
3.11,-2.33413666975613
3.1105,2.42415254600726
3.111,-1.57379482127727
3.1115,0.136888703291466
3.112,1.36631767660962
3.1125,-2.3338079440875
3.113,2.42415254600726
3.1135,-1.57412354642723
3.114,0.13754615213786
3.1145,1.36664640088773
3.115,-2.33413666975613
3.1155,2.42448127041285
3.116,-1.57379482127727
3.1165,0.137217427714703
3.117,1.36598895233152
3.1175,-2.3338079440875
3.118,2.42415254600726
3.1185,-1.57412354642723
3.119,0.138203600983931
3.1195,1.36566022805342
3.12,-2.33347921841913
3.1205,2.42415254600726
3.121,-1.57445227157738
3.1215,0.138532325406844
3.122,1.36500277949723
3.1225,-2.33347921841913
3.123,2.42480999481851
3.1235,-1.57478099672773
3.124,0.13918977425243
3.1245,1.36500277949723
3.125,-2.33347921841913
3.1255,2.42448127041285
3.126,-1.57543844702904
3.1265,0.139518498675101
3.127,1.36467405521914
3.1275,-2.33347921841913
3.128,2.42480999481851
3.1285,-1.57543844702904
3.129,0.139518498675101
3.1295,1.36434533094106
3.13,-2.33282176708312
3.1305,2.42480999481851
3.131,-1.57642462248247
3.1315,0.140175947520202
3.132,1.36368788238489
3.1325,-2.33282176708312
3.133,2.42546744363006
3.1335,-1.57708207278576
3.134,0.141162120787247
3.1345,1.36335915810682
3.135,-2.33249304141549
3.1355,2.42480999481851
3.136,-1.57675334763402
3.1365,0.140833396364979
3.137,1.36270170955067
3.1375,-2.33249304141549
3.138,2.42513871922424
3.1385,-1.57708207278576
3.139,0.141162120787247
3.1395,1.36303043382874
3.14,-2.33216431574812
3.1405,2.42513871922424
3.141,-1.5774107979377
3.1415,0.14181956963154
3.142,1.36237298527261
3.1425,-2.33249304141549
3.143,2.42546744363006
3.1435,-1.57806824824218
3.144,0.142477018475511
3.1445,1.36171553671648
3.145,-2.33183559008099
3.1455,2.42579616803594
3.146,-1.57773952308984
3.1465,0.142477018475511
3.147,1.36138681243842
3.1475,-2.33183559008099
3.148,2.42546744363006
3.1485,-1.57872569854745
3.149,0.142805742897376
3.1495,1.36138681243842
3.15,-2.33150686441411
3.1505,2.42579616803594
3.151,-1.57872569854745
3.1515,0.14313446731916
3.152,1.36072936388232
3.1525,-2.33150686441411
3.153,2.42612489244191
3.1535,-1.57872569854745
3.154,0.143791916162486
3.1545,1.36072936388232
3.155,-2.33150686441411
3.1555,2.42579616803594
3.156,-1.57938314885351
3.1565,0.14444936500549
3.157,1.36040063960427
3.1575,-2.33150686441411
3.158,2.42579616803594
3.1585,-1.57971187400684
3.159,0.144778089426872
3.1595,1.35941446677014
3.16,-2.33117813874749
3.1605,2.42645361684795
3.161,-1.58004059916037
3.1615,0.14444936500549
3.162,1.35941446677014
3.1625,-2.33084941308111
3.163,2.42612489244191
3.1635,-1.58004059916037
3.164,0.145764262690534
3.1645,1.35875701821407
3.165,-2.33052068741499
3.1655,2.42678234125407
3.166,-1.5803693243141
3.1665,0.146421711532574
3.167,1.3590857424921
3.1675,-2.33052068741499
3.168,2.42678234125407
3.1685,-1.58069804946802
3.169,0.146750435953473
3.1695,1.35842829393603
3.17,-2.33019196174911
3.1705,2.42678234125407
3.171,-1.58102677462215
3.1715,0.147407884795031
3.172,1.35809956965801
3.1725,-2.33052068741499
3.173,2.42743979006653
3.1735,-1.58135549977647
3.174,0.147736609215689
3.1745,1.35809956965801
3.175,-2.33019196174911
3.1755,2.42711106566026
3.176,-1.58201295008572
3.1765,0.148065333636267
3.177,1.35777084537998
3.1775,-2.33019196174911
3.178,2.42711106566026
3.1785,-1.58201295008572
3.179,0.148394058056765
3.1795,1.35744212110196
3.18,-2.32986323608349
3.1805,2.42743979006653
3.181,-1.58267040039576
3.1815,0.148722782477183
3.182,1.35678467254592
3.1825,-2.32953451041811
3.183,2.42776851447287
3.1835,-1.58299912555107
3.184,0.149051506897521
3.1845,1.3564559482679
3.185,-2.32920578475299
3.1855,2.42776851447287
3.186,-1.58332785070659
3.1865,0.149708955737956
3.187,1.35579849971188
3.1875,-2.32920578475299
3.188,2.42776851447287
3.1885,-1.58332785070659
3.189,0.149708955737956
3.1895,1.35579849971188
3.19,-2.32887705908811
3.1905,2.42809723887929
3.191,-1.58365657586231
3.1915,0.150695128998008
3.192,1.35546977543387
3.1925,-2.32854833342349
3.193,2.42842596328579
3.1935,-1.58398530101822
3.194,0.151023853417865
3.1945,1.35514105115587
3.195,-2.32887705908811
3.1955,2.42776851447287
3.196,-1.58431402617433
3.1965,0.151023853417865
3.197,1.35481232687786
3.1975,-2.32854833342349
3.198,2.42842596328579
3.1985,-1.58464275133065
3.199,0.151352577837643
3.1995,1.35448360259986
3.2,-2.32821960775911
3.2005,2.42842596328579
3.201,-1.58530020164387
3.2015,0.152338751096495
3.202,1.35382615404387
3.2025,-2.32821960775911
3.203,2.42809723887929
3.2035,-1.58562892680078
3.204,0.152667475515952
3.2045,1.35316870548789
3.205,-2.32756215643111
3.2055,2.42809723887929
3.206,-1.58562892680078
3.2065,0.152338751096495
3.207,1.3528399812099
3.2075,-2.32821960775911
3.208,2.42842596328579
3.2085,-1.5862863771152
3.209,0.15299619993533
3.2095,1.3528399812099
3.21,-2.32756215643111
3.2105,2.42842596328579
3.211,-1.5866151022727
3.2115,0.153982373192983
3.212,1.3528399812099
3.2125,-2.32789088209499
3.213,2.42875468769236
3.2135,-1.5866151022727
3.214,0.154311097612042
3.2145,1.35218253265393
3.215,-2.32789088209499
3.2155,2.42875468769236
3.216,-1.58760127774642
3.2165,0.15463982203102
3.217,1.35152508409798
3.2175,-2.32756215643111
3.218,2.42908341209901
3.2185,-1.58760127774642
3.219,0.155297270868738
3.2195,1.35119635982
3.22,-2.32690470510411
3.2205,2.42875468769236
3.221,-1.58793000290472
3.2215,0.155625995287477
3.222,1.35119635982
3.2225,-2.32723343076749
3.223,2.42908341209901
3.2235,-1.58793000290472
3.224,0.155954719706137
3.2245,1.35021018698609
3.225,-2.32690470510411
3.2255,2.42941213650574
3.226,-1.58793000290472
3.2265,0.156612168543217
3.227,1.35021018698609
3.2275,-2.32657597944099
3.228,2.42974086091254
3.2285,-1.58858745322193
3.229,0.156940892961638
3.2295,1.35053891126406
3.23,-2.32657597944099
3.2305,2.42974086091254
3.231,-1.58924490353993
3.2315,0.157269617379979
3.232,1.34988146270812
3.2325,-2.32591852811549
3.233,2.43006958531941
3.2335,-1.58957362869923
3.234,0.157598341798241
3.2345,1.3492240141522
3.235,-2.32591852811549
3.2355,2.42941213650574
3.236,-1.58957362869923
3.2365,0.158255790634525
3.237,1.34889528987424
3.2375,-2.32558980245311
3.238,2.42941213650574
3.2385,-1.59023107901843
3.239,0.158584515052548
3.2395,1.34889528987424
3.24,-2.32591852811549
3.2405,2.43039830972637
3.241,-1.58990235385873
3.2415,0.158913239470492
3.242,1.34856656559628
3.2425,-2.32493235112911
3.243,2.4307270341334
3.2435,-1.59023107901843
3.244,0.159241963888356
3.2445,1.34790911704037
3.245,-2.32558980245311
3.2455,2.4307270341334
3.246,-1.59121725449873
3.2465,0.160228137141471
3.247,1.34758039276242
3.2475,-2.32493235112911
3.248,2.43039830972637
3.2485,-1.59121725449873
3.249,0.160556861559018
3.2495,1.34725166848447
3.25,-2.32493235112911
3.2505,2.4307270341334
3.251,-1.59154597965922
3.2515,0.160885585976485
3.252,1.34692294420652
3.2525,-2.32493235112911
3.253,2.4307270341334
3.2535,-1.59187470481992
3.254,0.161214310393873
3.2545,1.34626549565063
3.255,-2.32460362546748
3.2555,2.4307270341334
3.256,-1.59220342998081
3.2565,0.161214310393873
3.257,1.34659421992857
3.2575,-2.32460362546748
3.258,2.43138448294769
3.2585,-1.59220342998081
3.259,0.16220048364556
3.2595,1.34593677137269
3.26,-2.32427489980611
3.2605,2.43138448294769
3.261,-1.5928608803032
3.2615,0.162857932479623
3.262,1.34593677137269
3.2625,-2.32427489980611
3.263,2.43105575854051
3.2635,-1.5928608803032
3.264,0.163186656896535
3.2645,1.34527932281681
3.265,-2.32427489980611
3.2655,2.43138448294769
3.266,-1.59384705578829
3.2665,0.163186656896535
3.267,1.34527932281681
3.2675,-2.32427489980611
3.268,2.43138448294769
3.2685,-1.59384705578829
3.269,0.163844105730122
3.2695,1.34429314998301
3.27,-2.3236174484841
3.2705,2.43138448294769
3.271,-1.59417578095038
3.2715,0.163844105730122
3.272,1.34429314998301
3.2725,-2.32328872282348
3.273,2.43138448294769
3.2735,-1.59450450611267
3.274,0.164830278979909
3.2745,1.34363570142715
3.275,-2.3236174484841
3.2755,2.43204193176228
3.276,-1.59516195643786
3.2765,0.165159003396347
3.277,1.34330697714923
3.2775,-2.3236174484841
3.278,2.43171320735495
3.2785,-1.59516195643786
3.279,0.165487727812706
3.2795,1.34264952859338
3.28,-2.32328872282348
3.2805,2.43204193176228
3.281,-1.59581940676384
3.2815,0.165487727812706
3.282,1.34264952859338
3.2825,-2.3229599971631
3.283,2.43204193176228
3.2835,-1.59581940676384
3.284,0.166473901061308
3.2845,1.34166335575962
3.285,-2.3229599971631
3.2855,2.43204193176228
3.286,-1.59647685709063
3.2865,0.16680262547735
3.287,1.34199208003754
3.2875,-2.32230254584309
3.288,2.4323706561697
3.2885,-1.59680558225432
3.289,0.167460074309199
3.2895,1.34166335575962
3.29,-2.32263127150297
3.2905,2.4323706561697
3.291,-1.59680558225432
3.2915,0.167460074309199
3.292,1.34100590720379
3.2925,-2.32230254584309
3.293,2.4323706561697
3.2935,-1.59680558225432
3.294,0.168117523140732
3.2945,1.34067718292587
3.295,-2.32230254584309
3.2955,2.43269938057718
3.296,-1.5974630325823
3.2965,0.168117523140732
3.297,1.34034845864796
3.2975,-2.32131636886496
3.298,2.43269938057718
3.2985,-1.59779175774659
3.299,0.169103696387441
3.2995,1.34001973437005
3.3,-2.32197382018346
3.3005,2.43269938057718
3.301,-1.59812048291108
3.3015,0.169761145218187
3.302,1.34001973437005
3.3025,-2.32164509452409
3.303,2.4323706561697
3.3035,-1.59812048291108
3.304,0.169761145218187
3.3045,1.33969101009214
3.305,-2.32131636886496
3.3055,2.43302810498475
3.306,-1.59812048291108
3.3065,0.170089869633441
3.307,1.33936228581424
3.3075,-2.32131636886496
3.308,2.43269938057718
3.3085,-1.59877793324066
3.309,0.170418594048617
3.3095,1.33870483725843
3.31,-2.32098764320608
3.3105,2.43302810498475
3.311,-1.59943538357104
3.3115,0.170747318463714
3.312,1.33804738870262
3.3125,-2.32098764320608
3.313,2.43302810498475
3.3135,-1.59976410873653
3.314,0.171404767293673
3.3145,1.33804738870262
3.315,-2.32098764320608
3.3155,2.43335682939239
3.316,-1.60009283390223
3.3165,0.171404767293673
3.317,1.33738994014682
3.3175,-2.32033019188906
3.318,2.43335682939239
3.3185,-1.60075028423421
3.319,0.172062216123317
3.3195,1.33706121586893
3.32,-2.32065891754745
3.3205,2.43302810498475
3.321,-1.60075028423421
3.3215,0.172390940538021
3.322,1.33673249159103
3.3225,-2.32033019188906
3.323,2.43368555380011
3.3235,-1.6010790094005
3.324,0.173048389367194
3.3245,1.33640376731314
3.325,-2.32033019188906
3.3255,2.43335682939239
3.326,-1.60140773456699
3.3265,0.173048389367194
3.327,1.33607504303524
3.3275,-2.32033019188906
3.328,2.43335682939239
3.3285,-1.60173645973368
3.329,0.174034562610365
3.3295,1.33541759447946
3.33,-2.32000146623093
3.3305,2.43368555380011
3.331,-1.60206518490057
3.3315,0.174363287024598
3.332,1.33508887020157
3.3325,-2.32000146623093
3.333,2.43335682939239
3.3335,-1.60272263523496
3.334,0.174692011438753
3.3345,1.33476014592368
3.335,-2.31967274057305
3.3355,2.43368555380011
3.336,-1.60305136040245
3.3365,0.17502073585283
3.337,1.33410269736791
3.3375,-2.32000146623093
3.338,2.43368555380011
3.3385,-1.60338008557014
3.339,0.17502073585283
3.3395,1.3344314216458
3.34,-2.31967274057305
3.3405,2.4340142782079
3.341,-1.60305136040245
3.3415,0.175678184680748
3.342,1.33377397309003
3.3425,-2.31901528925803
3.343,2.4340142782079
3.3435,-1.60403753590613
3.344,0.176335633508353
3.3445,1.33311652453426
3.345,-2.31901528925803
3.3455,2.43434300261578
3.346,-1.60469498624291
3.3465,0.176664357922038
3.347,1.33311652453426
3.3475,-2.31901528925803
3.348,2.43467172702372
3.3485,-1.60436626107442
3.349,0.176993082335644
3.3495,1.33278780025638
3.35,-2.31901528925803
3.3505,2.43467172702372
3.351,-1.60469498624291
3.3515,0.177321806749173
3.352,1.3324590759785
3.3525,-2.3186865636009
3.353,2.43467172702372
3.3535,-1.6053524365805
3.354,0.177979255575996
3.3545,1.33213035170062
3.355,-2.31835783794402
3.3555,2.43467172702372
3.356,-1.6053524365805
3.3565,0.178636704402506
3.357,1.33147290314486
3.3575,-2.31835783794402
3.358,2.43500045143175
3.3585,-1.6056811617496
3.359,0.178965428815644
3.3595,1.33147290314486
3.36,-2.31802911228738
3.3605,2.43532917583985
3.361,-1.60600988691889
3.3615,0.179622877641685
3.362,1.33114417886698
3.3625,-2.31802911228738
3.363,2.43532917583985
3.3635,-1.60633861208839
3.364,0.179951602054589
3.3645,1.33048673031123
3.365,-2.31737166097486
3.3655,2.43532917583985
3.366,-1.60666733725809
3.3665,0.180609050880162
3.367,1.33048673031123
3.3675,-2.31704293531897
3.368,2.43565790024803
3.3685,-1.60666733725809
3.369,0.181266499705423
3.3695,1.32982928175549
3.37,-2.31704293531897
3.3705,2.43598662465628
3.371,-1.60732478759808
3.3715,0.180937775292832
3.372,1.32950055747762
3.3725,-2.31671420966333
3.373,2.43565790024803
3.3735,-1.60765351276838
3.374,0.181923948530373
3.3745,1.32884310892187
3.375,-2.31704293531897
3.3755,2.43598662465628
3.376,-1.60798223793888
3.3765,0.182252672942731
3.377,1.328514384644
3.3775,-2.31704293531897
3.378,2.43598662465628
3.3785,-1.60863968828048
3.379,0.182252672942731
3.3795,1.32884310892187
3.38,-2.31638548400794
3.3805,2.43598662465628
3.381,-1.60863968828048
3.3815,0.182910121767213
3.382,1.32818566036613
3.3825,-2.31638548400794
3.383,2.43598662465628
3.3835,-1.60929713862288
3.384,0.183567570591385
3.3845,1.3275282118104
3.385,-2.31638548400794
3.3855,2.43664407347302
3.386,-1.60896841345158
3.3865,0.183896295003354
3.387,1.3275282118104
3.3875,-2.31638548400794
3.388,2.43598662465628
3.3885,-1.60995458896608
3.389,0.183896295003354
3.3895,1.32687076325466
3.39,-2.3160567583528
3.3905,2.43631534906461
3.391,-1.60995458896608
3.3915,0.184553743827058
3.392,1.3265420389768
3.3925,-2.3160567583528
3.393,2.43664407347302
3.3935,-1.61028331413799
3.394,0.184882468238794
3.3945,1.32621331469893
3.395,-2.31638548400794
3.3955,2.43631534906461
3.396,-1.6109407644824
3.3965,0.185539917062033
3.397,1.32588459042107
3.3975,-2.31572803269791
3.398,2.43664407347302
3.3985,-1.6109407644824
3.399,0.185539917062033
3.3995,1.3255558661432
3.4,-2.3160567583528
3.4005,2.43664407347302
3.401,-1.61159821482761
3.4015,0.186197365884961
3.402,1.32489841758748
3.4025,-2.31572803269791
3.403,2.4369727978815
3.4035,-1.61159821482761
3.404,0.187183539118771
3.4045,1.32489841758748
3.405,-2.31539930704327
3.4055,2.43664407347302
3.406,-1.61159821482761
3.4065,0.186854814707579
3.407,1.32456969330962
3.4075,-2.31507058138888
3.408,2.43664407347302
3.4085,-1.61258439034694
3.409,0.187512263529886
3.4095,1.32424096903175
3.41,-2.31507058138888
3.4105,2.4369727978815
3.411,-1.61324184069416
3.4115,0.187840987940924
3.412,1.32358352047603
3.4125,-2.31507058138888
3.413,2.43730152229006
3.4135,-1.61324184069416
3.414,0.188169712351884
3.4145,1.32325479619817
3.415,-2.31507058138888
3.4155,2.4369727978815
3.416,-1.61357056586807
3.4165,0.188498436762766
3.417,1.32292607192031
3.4175,-2.31441313008084
3.418,2.43730152229006
3.4185,-1.61357056586807
3.419,0.189155885584299
3.4195,1.32226862336459
3.42,-2.31342695312065
3.4205,2.4376302466987
3.421,-1.6142280162165
3.4215,0.189484609994949
3.422,1.32226862336459
3.4225,-2.3140844044272
3.423,2.4376302466987
3.4235,-1.6142280162165
3.424,0.190142058816018
3.4245,1.32193989908673
3.425,-2.3137556787738
3.4255,2.43795897110742
3.426,-1.61455674139101
3.4265,0.190470783226436
3.427,1.32161117480887
3.4275,-2.3137556787738
3.428,2.43795897110742
3.4285,-1.61455674139101
3.429,0.191128232047041
3.4295,1.32128245053101
3.43,-2.31342695312065
3.4305,2.4376302466987
3.431,-1.61587164209109
3.4315,0.190799507636778
3.432,1.32095372625316
3.4325,-2.31342695312065
3.433,2.43861641992508
3.4335,-1.61554291691577
3.434,0.191785680867337
3.4345,1.3206250019753
3.435,-2.31309822746776
3.4355,2.43861641992508
3.436,-1.61587164209109
3.4365,0.192114405277369
3.437,1.31996755341958
3.4375,-2.31342695312065
3.438,2.43861641992508
3.4385,-1.61587164209109
3.439,0.192443129687324
3.4395,1.31963882914172
3.44,-2.31309822746776
3.4405,2.43861641992508
3.441,-1.61652909244233
3.4415,0.192771854097202
3.442,1.31996755341958
3.4425,-2.31244077616271
3.443,2.43861641992508
3.4435,-1.61718654279438
3.444,0.193758027326373
3.4445,1.31898138058601
3.445,-2.31276950181511
3.4455,2.43861641992508
3.446,-1.61685781761825
3.4465,0.193758027326373
3.447,1.31898138058601
3.4475,-2.31211205051055
3.448,2.43861641992508
3.4485,-1.61718654279438
3.449,0.194086751735942
3.4495,1.31832393203029
3.45,-2.31211205051055
3.4505,2.43894514433402
3.451,-1.61817271832396
3.4515,0.194744200554849
3.452,1.31766648347458
3.4525,-2.31211205051055
3.453,2.43894514433402
3.4535,-1.61817271832396
3.454,0.194744200554849
3.4545,1.31766648347458
3.455,-2.31211205051055
3.4555,2.43927386874304
3.456,-1.61850144350089
3.4565,0.195730373782633
3.457,1.31799520775244
3.4575,-2.31211205051055
3.458,2.43894514433402
3.4585,-1.61850144350089
3.459,0.196059098191741
3.4595,1.31668031064101
3.46,-2.31112587355559
3.4605,2.43960259315214
3.461,-1.61883016867802
3.4615,0.196387822600771
3.462,1.31700903491886
3.4625,-2.311454599207
3.463,2.43960259315214
3.4635,-1.61915889385535
3.464,0.197045271418602
3.4645,1.31602286208529
3.465,-2.31112587355559
3.4655,2.43960259315214
3.466,-1.61981634421062
3.4665,0.197373995827402
3.467,1.31635158636315
3.4675,-2.311454599207
3.468,2.43960259315214
3.4685,-1.62014506938856
3.469,0.197373995827402
3.4695,1.31569413780743
3.47,-2.31079714790444
3.4705,2.43993131756132
3.471,-1.62047379456669
3.4715,0.198031444644771
3.472,1.31536541352958
3.4725,-2.31112587355559
3.473,2.44026004197057
3.4735,-1.62080251974503
3.474,0.198688893461833
3.4745,1.31503668925172
3.475,-2.31046842225353
3.4755,2.43993131756132
3.476,-1.62080251974503
3.4765,0.199017617870249
3.477,1.31470796497386
3.4775,-2.31046842225353
3.478,2.43960259315214
3.4785,-1.62113124492357
3.479,0.199346342278589
3.4795,1.31405051641814
3.48,-2.31046842225353
3.4805,2.43993131756132
3.481,-1.62178869528126
3.4815,0.199675066686851
3.482,1.31372179214028
3.4825,-2.31013969660287
3.483,2.44026004197057
3.4835,-1.62211742046041
3.484,0.200003791095037
3.4845,1.31339306786243
3.485,-2.31013969660287
3.4855,2.4405887663799
3.486,-1.6227748708193
3.4865,0.200332515503147
3.487,1.31306434358457
3.4875,-2.30981097095246
3.488,2.44026004197057
3.4885,-1.6227748708193
3.489,0.201318688727015
3.4895,1.31207817075099
3.49,-2.31013969660287
3.4905,2.44026004197057
3.491,-1.62310359599905
3.4915,0.201647413134818
3.492,1.31207817075099
3.4925,-2.30981097095246
3.493,2.44026004197057
3.4935,-1.62343232117901
3.494,0.201647413134818
3.4945,1.31174944647313
3.495,-2.30981097095246
3.4955,2.44091749078931
3.496,-1.62408977153951
3.4965,0.202304861950194
3.497,1.3110919979174
3.4975,-2.3094822453023
3.498,2.44026004197057
3.4985,-1.62441849672007
3.499,0.201647413134818
3.4995,1.3110919979174
3.5,-2.3094822453023
3.5005,2.4405887663799
3.501,-1.62474722190083
3.5015,0.203291035172686
3.502,1.31043454936168
3.5025,-2.30882479400273
3.503,2.44091749078931
3.5035,-1.62507594708179
3.504,0.203948483987298
3.5045,1.31043454936168
3.505,-2.30915351965239
3.5055,2.44091749078931
3.506,-1.62507594708179
3.5065,0.204277208394489
3.507,1.30977710080595
3.5075,-2.30849606835331
3.508,2.4405887663799
3.5085,-1.62507594708179
3.509,0.204277208394489
3.5095,1.30977710080595
3.51,-2.30882479400273
3.5105,2.44124621519879
3.511,-1.62606212262588
3.5115,0.204934657208643
3.512,1.30911965225022
3.5125,-2.30849606835331
3.513,2.44091749078931
3.5135,-1.62573339744432
3.514,0.204934657208643
3.5145,1.30879092797236
3.515,-2.30783861705523
3.5155,2.44124621519879
3.516,-1.62639084780765
3.5165,0.205592106022491
3.517,1.30846220369449
3.5175,-2.30783861705523
3.518,2.44124621519879
3.5185,-1.62671957298962
3.519,0.205592106022491
3.5195,1.30846220369449
3.52,-2.30750989140656
3.5205,2.44124621519879
3.521,-1.62704829817179
3.5215,0.206249554836035
3.522,1.30780475513876
3.5225,-2.30750989140656
3.523,2.44124621519879
3.5235,-1.62737702335417
3.524,0.206907003649274
3.5245,1.30747603086089
3.525,-2.30750989140656
3.5255,2.44124621519879
3.526,-1.62737702335417
3.5265,0.207235728055779
3.527,1.30714730658302
3.5275,-2.30718116575814
3.528,2.44124621519879
3.5285,-1.62803447371952
3.529,0.207564452462208
3.5295,1.30648985802728
3.53,-2.30783861705523
3.5305,2.44157493960835
3.531,-1.6283631989025
3.5315,0.208221901274837
3.532,1.30583240947154
3.5325,-2.30718116575814
3.533,2.44190366401799
3.5335,-1.62902064926906
3.534,0.208879350087163
3.5345,1.30583240947154
3.535,-2.30685244010997
3.5355,2.44190366401799
3.536,-1.62902064926906
3.5365,0.208550625681038
3.537,1.30550368519367
3.5375,-2.30652371446205
3.538,2.44190366401799
3.5385,-1.62902064926906
3.539,0.209208074493211
3.5395,1.3051749609158
3.54,-2.30685244010997
3.5405,2.44190366401799
3.541,-1.63000682482043
3.5415,0.209536798899184
3.542,1.30451751236005
3.5425,-2.30619498881437
3.543,2.44190366401799
3.5435,-1.63000682482043
3.544,0.210194247710901
3.5445,1.30418878808217
3.545,-2.30619498881437
3.5455,2.44190366401799
3.546,-1.63066427518901
3.5465,0.210851696522314
3.547,1.30418878808217
3.5475,-2.30619498881437
3.548,2.44223238842771
3.5485,-1.63033555000462
3.549,0.211509145333424
3.5495,1.30353133952642
3.55,-2.30619498881437
3.5505,2.4425611128375
3.551,-1.63099300037361
3.5515,0.211180420927907
3.552,1.30287389097066
3.5525,-2.30586626316695
3.553,2.4425611128375
3.5535,-1.63132172555841
3.554,0.211837869738865
3.5545,1.30254516669278
3.555,-2.30586626316695
3.5555,2.44321856165731
3.556,-1.63165045074341
3.5565,0.212166594144231
3.557,1.30254516669278
3.5575,-2.30553753751977
3.558,2.44288983724737
3.5585,-1.63197917592861
3.559,0.212824042954734
3.5595,1.3022164424149
3.56,-2.30520881187284
3.5605,2.44321856165731
3.561,-1.63263662629963
3.5615,0.21381021616992
3.562,1.30188771813701
3.5625,-2.30520881187284
3.563,2.44288983724737
3.5635,-1.63230790111402
3.564,0.21381021616992
3.5645,1.30123026958124
3.565,-2.30520881187284
3.5655,2.44321856165731
3.566,-1.63296535148543
3.5665,0.21381021616992
3.567,1.30090154530336
3.5675,-2.30488008622616
3.568,2.44321856165731
3.5685,-1.63296535148543
3.569,0.214467664979666
3.5695,1.30057282102547
3.57,-2.30455136057973
3.5705,2.44387601047744
3.571,-1.63329407667145
3.5715,0.214796389384426
3.572,1.30024409674758
3.5725,-2.30422263493354
3.573,2.44354728606734
3.5735,-1.63395152704408
3.574,0.215782562598251
3.5745,1.29991537246969
3.575,-2.30455136057973
3.5755,2.44387601047744
3.576,-1.6342802522307
3.5765,0.215782562598251
3.577,1.30024409674758
3.5775,-2.30389390928761
3.578,2.44387601047744
3.5785,-1.6342802522307
3.579,0.216440011407089
3.5795,1.29925792391391
3.58,-2.30356518364192
3.5805,2.44420473488762
3.581,-1.63460897741752
3.5815,0.217426184619781
3.582,1.29925792391391
3.5825,-2.30389390928761
3.583,2.44387601047744
3.5835,-1.63493770260454
3.584,0.217754909023861
3.5845,1.29860047535812
3.585,-2.30356518364192
3.5855,2.44387601047744
3.586,-1.6355951529792
3.5865,0.218083633427865
3.587,1.29827175108023
3.5875,-2.30323645799648
3.588,2.44420473488762
3.5885,-1.6355951529792
3.589,0.218412357831794
3.5895,1.29794302680233
3.59,-2.30323645799648
3.5905,2.44387601047744
3.591,-1.63592387816683
3.5915,0.218412357831794
3.592,1.29761430252443
3.5925,-2.30356518364192
3.593,2.44420473488762
3.5935,-1.6365813285427
3.594,0.218741082235647
3.5945,1.29728557824653
3.595,-2.30323645799648
3.5955,2.44420473488762
3.596,-1.6365813285427
3.5965,0.219069806639425
3.597,1.29695685396863
3.5975,-2.30290773235129
3.598,2.44453345929787
3.5985,-1.63723877891938
3.599,0.219398531043128
3.5995,1.29629940541282
3.6,-2.30257900670635
3.6005,2.4448621837082
3.601,-1.63723877891938
3.6015,0.220055979850308
3.602,1.29629940541282
3.6025,-2.30257900670635
3.603,2.44453345929787
3.6035,-1.63756750410803
3.604,0.220384704253785
3.6045,1.29597068113492
3.605,-2.30192155541721
3.6055,2.44519090811861
3.606,-1.63789622929687
3.6065,0.221370877463764
3.607,1.29564195685701
3.6075,-2.30159282977301
3.608,2.4448621837082
3.6085,-1.63822495448592
3.609,0.22169960186694
3.6095,1.29465578402328
3.61,-2.30159282977301
3.6105,2.4448621837082
3.611,-1.63822495448592
3.6115,0.222028326270041
3.612,1.2953132325791
3.6125,-2.30192155541721
3.613,2.44519090811861
3.6135,-1.63855367967518
3.614,0.222357050673067
3.6145,1.29465578402328
3.615,-2.30126410412906
3.6155,2.4448621837082
3.616,-1.63921113005429
3.6165,0.223343223881694
3.617,1.29432705974536
3.6175,-2.30093537848536
3.618,2.44584835693967
3.6185,-1.63921113005429
3.619,0.223671948284419
3.6195,1.29399833546745
3.62,-2.30060665284191
3.6205,2.44519090811861
3.621,-1.63953985524415
3.6215,0.22400067268707
3.622,1.29334088691161
3.6225,-2.30060665284191
3.623,2.4455196325291
3.6235,-1.63953985524415
3.624,0.224329397089645
3.6245,1.29301216263369
3.625,-2.30060665284191
3.6255,2.44584835693967
3.626,-1.64052603081495
3.6265,0.224658121492146
3.627,1.29268343835577
3.6275,-2.30093537848536
3.628,2.44584835693967
3.6285,-1.64052603081495
3.629,0.225315570296922
3.6295,1.29235471407785
3.63,-2.3002779271987
3.6305,2.44584835693967
3.631,-1.64085475600562
3.6315,0.224986845894571
3.632,1.291697265522
3.6325,-2.3002779271987
3.633,2.44617708135031
3.6335,-1.64151220638757
3.634,0.225973019101399
3.6345,1.291697265522
3.635,-2.3002779271987
3.6355,2.44650580576103
3.636,-1.64184093157885
3.6365,0.226630467905576
3.637,1.29103981696614
3.6375,-2.29962047591303
3.638,2.44650580576103
3.6385,-1.64184093157885
3.639,0.226630467905576
3.6395,1.29038236841027
3.64,-2.29929175027057
3.6405,2.44650580576103
3.641,-1.64216965677034
3.6415,0.226959192307552
3.642,1.29038236841027
3.6425,-2.29962047591303
3.643,2.44683453017182
3.6435,-1.64249838196202
3.644,0.226959192307552
3.6445,1.29038236841027
3.645,-2.29929175027057
3.6455,2.44650580576103
3.646,-1.643155832346
3.6465,0.227945365513032
3.647,1.29005364413234
3.6475,-2.29929175027057
3.648,2.44683453017182
3.6485,-1.643155832346
3.649,0.22827408991471
3.6495,1.28939619557646
3.65,-2.29929175027057
3.6505,2.44683453017182
3.651,-1.6438132827308
3.6515,0.22827408991471
3.652,1.28906747129852
3.6525,-2.29863429898639
3.653,2.44683453017182
3.6535,-1.6438132827308
3.654,0.228602814316312
3.6545,1.28873874702057
3.655,-2.29863429898639
3.6555,2.44683453017182
3.656,-1.6444707331164
3.6565,0.22893153871784
3.657,1.28841002274263
3.6575,-2.29863429898639
3.658,2.44683453017182
3.6585,-1.64479945830951
3.659,0.229917711921976
3.6595,1.28775257418673
3.66,-2.29863429898639
3.6605,2.44749197899365
3.661,-1.64479945830951
3.6615,0.230246436323206
3.662,1.28775257418673
3.6625,-2.29830557334468
3.663,2.44749197899365
3.6635,-1.64479945830951
3.664,0.230903885125441
3.6645,1.28742384990878
3.665,-2.29830557334468
3.6655,2.4471632545827
3.666,-1.64545690869634
3.6665,0.231232609526447
3.667,1.28709512563083
3.6675,-2.29797684770321
3.668,2.4471632545827
3.6685,-1.64578563389005
3.669,0.231890058328235
3.6695,1.28676640135287
3.67,-2.29731939642101
3.6705,2.44782070340468
3.671,-1.64677180947243
3.6715,0.232547507129725
3.672,1.28578022851899
3.6725,-2.29731939642101
3.673,2.44782070340468
3.6735,-1.64611435908397
3.674,0.232547507129725
3.6745,1.28578022851899
3.675,-2.29731939642101
3.6755,2.44814942781579
3.676,-1.64710053466696
3.6765,0.233204955930918
3.677,1.28578022851899
3.6775,-2.29699067078029
3.678,2.44782070340468
3.6785,-1.64710053466696
3.679,0.233862404731813
3.6795,1.28512277996306
3.68,-2.29666194513981
3.6805,2.44749197899365
3.681,-1.64742925986169
3.6815,0.233862404731813
3.682,1.28512277996306
3.6825,-2.29699067078029
3.683,2.44782070340468
3.6835,-1.64808671025177
3.684,0.233862404731813
3.6845,1.28446533140712
3.685,-2.29666194513981
3.6855,2.44814942781579
3.686,-1.64808671025177
3.6865,0.234191129132149
3.687,1.28380788285117
3.6875,-2.29666194513981
3.688,2.44782070340468
3.6885,-1.64874416064266
3.689,0.234848577932599
3.6895,1.28282171001723
3.69,-2.29633321949958
3.6905,2.44814942781579
3.691,-1.64907288583841
3.6915,0.235506026732751
3.692,1.28282171001723
3.6925,-2.2960044938596
3.693,2.44814942781579
3.6935,-1.64940161103436
3.694,0.235834751132716
3.6945,1.28249298573924
3.695,-2.29567576821987
3.6955,2.44847815222697
3.696,-1.64940161103436
3.6965,0.236492199932423
3.697,1.28249298573924
3.6975,-2.2960044938596
3.698,2.44782070340468
3.6985,-1.64973033623052
3.699,0.237149648731834
3.6995,1.28183553718326
3.7,-2.29567576821987
3.7005,2.44814942781579
3.701,-1.64973033623052
3.7015,0.236820924332165
3.702,1.28183553718326
3.7025,-2.29534704258038
3.703,2.44847815222697
3.7035,-1.65038778662344
3.704,0.237478373131428
3.7045,1.28150681290527
3.705,-2.29534704258038
3.7055,2.44847815222697
3.706,-1.65038778662344
3.7065,0.238135821930394
3.707,1.28117808862728
3.7075,-2.29534704258038
3.708,2.44880687663823
3.7085,-1.65071651182021
3.709,0.238464546329766
3.7095,1.28084936434928
3.71,-2.29501831694114
3.7105,2.44946432546099
3.711,-1.65137396221436
3.7115,0.239450719527438
3.712,1.28052064007128
3.7125,-2.29501831694114
3.713,2.44913560104957
3.7135,-1.65170268741174
3.714,0.239450719527438
3.7145,1.27953446723726
3.715,-2.29468959130215
3.7155,2.44913560104957
3.716,-1.65170268741174
3.7165,0.239779443926514
3.717,1.27953446723726
3.7175,-2.29403214002491
3.718,2.44979304987248
3.7185,-1.6523601378071
3.719,0.2407656171233
3.7195,1.27920574295925
3.72,-2.29436086566341
3.7205,2.44979304987248
3.721,-1.65301758820329
3.7215,0.240108168325517
3.722,1.27887701868124
3.7225,-2.29403214002491
3.723,2.44979304987248
3.7235,-1.65268886300509
3.724,0.241423065920787
3.7245,1.27854829440322
3.725,-2.29403214002491
3.7255,2.45012177428405
3.726,-1.65301758820329
3.7265,0.241423065920787
3.727,1.27821957012521
3.7275,-2.29370341438666
3.728,2.44979304987248
3.7285,-1.65367503860028
3.729,0.24175179031942
3.7295,1.27789084584718
3.73,-2.29370341438666
3.7305,2.44979304987248
3.731,-1.65367503860028
3.7315,0.242409239116465
3.732,1.27723339729113
3.7325,-2.29403214002491
3.733,2.44979304987248
3.7335,-1.65400376379909
3.734,0.242737963514877
3.7345,1.27657594873507
3.735,-2.29337468874866
3.7355,2.45012177428405
3.736,-1.65466121419731
3.7365,0.243066687913215
3.737,1.27657594873507
3.7375,-2.29304596311091
3.738,2.44946432546099
3.7385,-1.65498993939672
3.739,0.243395412311479
3.7395,1.27624722445704
3.74,-2.29304596311091
3.7405,2.45012177428405
3.741,-1.65564738979616
3.7415,0.244052861107787
3.742,1.27558977590096
3.7425,-2.29271723747341
3.743,2.44979304987248
3.7435,-1.65564738979616
3.744,0.24438158550583
3.7445,1.27526105162292
3.745,-2.29271723747341
3.7455,2.45012177428405
3.746,-1.65597611499619
3.7465,0.2447103099038
3.747,1.27460360306682
3.7475,-2.29271723747341
3.748,2.45077922310743
3.7485,-1.65630484019642
3.749,0.245367758699519
3.7495,1.27460360306682
3.75,-2.29271723747341
3.7505,2.45012177428405
3.751,-1.65663356539686
3.7515,0.245696483097268
3.752,1.27427487878877
3.7525,-2.29205978619914
3.753,2.45012177428405
3.7535,-1.65761974099939
3.754,0.246025207494944
3.7545,1.27394615451071
3.755,-2.29205978619914
3.7555,2.4504504986957
3.756,-1.6569622905975
3.7565,0.24701138068753
3.757,1.27328870595459
3.7575,-2.29205978619914
3.758,2.45077922310743
3.7585,-1.65761974099939
3.759,0.24701138068753
3.7595,1.27295998167653
3.76,-2.29173106056238
3.7605,2.45077922310743
3.761,-1.65794846620064
3.7615,0.247340105084912
3.762,1.27230253312039
3.7625,-2.29173106056238
3.763,2.45077922310743
3.7635,-1.65827719140209
3.764,0.24766882948222
3.7645,1.27230253312039
3.765,-2.29173106056238
3.7655,2.45077922310743
3.766,-1.65860591660375
3.7665,0.247997553879456
3.767,1.27164508456424
3.7675,-2.29140233492586
3.768,2.45110794751923
3.7685,-1.65893464180562
3.769,0.248655002673706
3.7695,1.27164508456424
3.77,-2.2910736092896
3.7705,2.45077922310743
3.771,-1.65926336700768
3.7715,0.248655002673706
3.772,1.27131636028616
3.7725,-2.29074488365358
3.773,2.45110794751923
3.7735,-1.65959209220995
3.774,0.249641175864531
3.7745,1.27065891172999
3.775,-2.2904161580178
3.7755,2.45110794751923
3.776,-1.66024954261511
3.7765,0.249641175864531
3.777,1.27000146317381
3.7775,-2.2904161580178
3.778,2.45110794751923
3.7785,-1.66024954261511
3.779,0.249969900261327
3.7795,1.27000146317381
3.78,-2.2904161580178
3.7805,2.45110794751923
3.781,-1.66024954261511
3.7815,0.250956073451274
3.782,1.27000146317381
3.7825,-2.289758706747
3.783,2.45176539634308
3.7835,-1.66057826781799
3.784,0.250956073451274
3.7845,1.26934401461761
3.785,-2.29008743238228
3.7855,2.45143667193112
3.786,-1.66090699302108
3.7865,0.251284797847776
3.787,1.26901529033951
3.7875,-2.29008743238228
3.788,2.45110794751923
3.7885,-1.66123571822437
3.789,0.252270971036845
3.7895,1.2686865660614
3.79,-2.289758706747
3.7905,2.45209412075512
3.791,-1.66189316863157
3.7915,0.252270971036845
3.792,1.26835784178329
3.7925,-2.28942998111197
3.793,2.45209412075512
3.7935,-1.66189316863157
3.794,0.252928419829193
3.7945,1.26802911750518
3.795,-2.28942998111197
3.7955,2.45209412075512
3.796,-1.66189316863157
3.7965,0.253257144225257
3.797,1.26802911750518
3.7975,-2.28942998111197
3.798,2.45242284516723
3.7985,-1.66255061903959
3.799,0.253914593017167
3.7995,1.26737166894895
3.8,-2.28877252984265
3.8005,2.45209412075512
3.801,-1.66255061903959
3.8015,0.254243317413012
3.802,1.2667142203927
3.8025,-2.28844380420836
3.803,2.45209412075512
3.8035,-1.6628793442439
3.804,0.254572041808784
3.8045,1.2667142203927
3.805,-2.28877252984265
3.8055,2.45242284516723
3.806,-1.66353679465314
3.8065,0.255229490600111
3.807,1.26605677183643
3.8075,-2.28844380420836
3.808,2.45242284516723
3.8085,-1.66320806944842
3.809,0.255229490600111
3.8095,1.26605677183643
3.81,-2.28811507857432
3.8105,2.45242284516723
3.811,-1.66386551985807
3.8115,0.256215663786553
3.812,1.26539932328016
3.8125,-2.28844380420836
3.813,2.45275156957943
3.8135,-1.66452297026854
3.814,0.256215663786553
3.8145,1.26507059900201
3.815,-2.28745762730698
3.8155,2.45275156957943
3.816,-1.66518042067982
3.8165,0.256873112577151
3.817,1.26474187472386
3.8175,-2.28778635294053
3.818,2.45242284516723
3.8185,-1.66518042067982
3.819,0.256873112577151
3.8195,1.26408442616756
3.82,-2.28745762730698
3.8205,2.45275156957943
3.821,-1.66550914588577
3.8215,0.257201836972341
3.822,1.26441315044571
3.8225,-2.28712890167368
3.823,2.4530802939917
3.8235,-1.66583787109192
3.824,0.257530561367458
3.8245,1.26309825333307
3.825,-2.28712890167368
3.8255,2.4530802939917
3.826,-1.66616659629828
3.8265,0.258516734552374
3.827,1.26309825333307
3.8275,-2.28745762730698
3.828,2.4530802939917
3.8285,-1.66649532150485
3.829,0.258516734552374
3.8295,1.2627695290549
3.83,-2.28647145040783
3.8305,2.4530802939917
3.831,-1.66682404671162
3.8315,0.259502907736635
3.832,1.26244080477673
3.8325,-2.28647145040783
3.833,2.45340901840405
3.8335,-1.66649532150485
3.834,0.259831632131244
3.8345,1.26244080477673
3.835,-2.28647145040783
3.8355,2.4530802939917
3.836,-1.66715277191859
3.8365,0.26016035652578
3.837,1.26211208049855
3.8375,-2.28647145040783
3.838,2.45373774281647
3.8385,-1.66781022233315
3.839,0.260817805314635
3.8395,1.26145463194218
3.84,-2.28614272477527
3.8405,2.45373774281647
3.841,-1.66781022233315
3.8415,0.261146529708954
3.842,1.2607971833858
3.8425,-2.28581399914296
3.843,2.45373774281647
3.8435,-1.66846767274852
3.844,0.261803978497374
3.8445,1.2604684591076
3.845,-2.28581399914296
3.8455,2.45373774281647
3.846,-1.66879639795652
3.8465,0.2614752541032
3.847,1.2601397348294
3.8475,-2.28581399914296
3.848,2.45406646722898
3.8485,-1.66879639795652
3.849,0.262132702891475
3.8495,1.2601397348294
3.85,-2.28515654787908
3.8505,2.45373774281647
3.851,-1.66912512316472
3.8515,0.262461427285504
3.852,1.25948228627299
3.8525,-2.28515654787908
3.853,2.45406646722898
3.8535,-1.66912512316472
3.854,0.263118876073346
3.8545,1.25882483771656
3.855,-2.28515654787908
3.8555,2.45505264046696
3.856,-1.67011129879055
3.8565,0.263447600467158
3.857,1.25882483771656
3.8575,-2.28482782224751
3.858,2.45439519164156
3.8585,-1.66978257358174
3.859,0.26443377364816
3.8595,1.25849611343834
3.86,-2.28515654787908
3.8605,2.45505264046696
3.861,-1.67044002399957
3.8615,0.264762498041683
3.862,1.25849611343834
3.8625,-2.28482782224751
3.863,2.45472391605422
3.8635,-1.6707687492088
3.864,0.265091222435134
3.8645,1.25783866488189
3.865,-2.28449909661619
3.8655,2.45472391605422
3.866,-1.6707687492088
3.8665,0.265091222435134
3.867,1.25718121632542
3.8675,-2.28417037098511
3.868,2.45505264046696
3.8685,-1.67109747441823
3.869,0.266077395615054
3.8695,1.25685249204718
3.87,-2.28417037098511
3.8705,2.45472391605422
3.871,-1.67142619962786
3.8715,0.266077395615054
3.872,1.25718121632542
3.8725,-2.2835129197237
3.873,2.45538136487978
3.8735,-1.67175492483771
3.874,0.266406120008216
3.8745,1.25619504349068
3.875,-2.28384164535428
3.8755,2.45538136487978
3.876,-1.67208365004775
3.8765,0.266734844401306
3.877,1.25619504349068
3.8775,-2.2835129197237
3.878,2.45538136487978
3.8785,-1.67274110046846
3.879,0.26739229318727
3.8795,1.25586631921243
3.88,-2.28318419409337
3.8805,2.45571008929268
3.881,-1.67274110046846
3.8815,0.268049741972946
3.882,1.25488014637764
3.8825,-2.28285546846328
3.883,2.45538136487978
3.8835,-1.67274110046846
3.884,0.268378466365676
3.8845,1.25488014637764
3.885,-2.28252674283344
3.8855,2.45571008929268
3.886,-1.67339855088998
3.8865,0.269035915150921
3.887,1.25455142209937
3.8875,-2.28252674283344
3.888,2.45571008929268
3.8885,-1.67372727610105
3.889,0.269364639543435
3.8895,1.25455142209937
3.89,-2.28285546846328
3.8905,2.45571008929268
3.891,-1.67438472652381
3.8915,0.269693363935877
3.892,1.25356524926453
3.8925,-2.28252674283344
3.893,2.45603881370565
3.8935,-1.67471345173549
3.894,0.270022088328248
3.8945,1.25356524926453
3.895,-2.28219801720384
3.8955,2.45571008929268
3.896,-1.67504217694738
3.8965,0.270679537112774
3.897,1.25257907642965
3.8975,-2.28219801720384
3.898,2.45571008929268
3.8985,-1.67537090215948
3.899,0.270679537112774
3.8995,1.25257907642965
3.9,-2.28219801720384
3.9005,2.45571008929268
3.901,-1.67537090215948
3.9015,0.271665710289024
3.902,1.25225035215135
3.9025,-2.2818692915745
3.903,2.45571008929268
3.9035,-1.67569962737178
3.904,0.271336985897012
3.9045,1.25126417931642
3.905,-2.2818692915745
3.9055,2.45603881370565
3.906,-1.676357077797
3.9065,0.271994434680964
3.907,1.25126417931642
3.9075,-2.2815405659454
3.908,2.4563675381187
3.9085,-1.676357077797
3.909,0.272323159072832
3.9095,1.2509354550381
3.91,-2.2815405659454
3.9105,2.45603881370565
3.911,-1.67668580300992
3.9115,0.273309332248006
3.912,1.24994928220311
3.9125,-2.28121184031654
3.913,2.45603881370565
3.9135,-1.67734325343637
3.914,0.272980607856353
3.9145,1.24994928220311
3.915,-2.28121184031654
3.9155,2.4563675381187
3.916,-1.67734325343637
3.9165,0.273638056639588
3.917,1.24962055792477
3.9175,-2.28088311468794
3.918,2.45669626253183
3.9185,-1.6776719786499
3.919,0.274624229813903
3.9195,1.24929183364643
3.92,-2.28055438905958
3.9205,2.45669626253183
3.921,-1.67800070386364
3.9215,0.274295505422536
3.922,1.24896310936808
3.9225,-2.28022566343146
3.923,2.45702498694504
3.9235,-1.67832942907758
3.924,0.275281678596422
3.9245,1.24896310936808
3.925,-2.28022566343146
3.9255,2.45669626253183
3.926,-1.67865815429173
3.9265,0.275939127378655
3.927,1.24863438508973
3.9275,-2.2798969378036
3.928,2.45669626253183
3.9285,-1.67931560472065
3.929,0.275939127378655
3.9295,1.24830566081138
3.93,-2.27956821217598
3.9305,2.45702498694504
3.931,-1.67931560472065
3.9315,0.276596576160603
3.932,1.24797693653301
3.9325,-2.2792394865486
3.933,2.45669626253183
3.9335,-1.67964432993541
3.934,0.276596576160603
3.9345,1.24731948797628
3.935,-2.27956821217598
3.9355,2.45702498694504
3.936,-1.67997305515039
3.9365,0.277254024942265
3.937,1.24666203941952
3.9375,-2.2792394865486
3.938,2.45702498694504
3.9385,-1.67997305515039
3.939,0.277911473723641
3.9395,1.24666203941952
3.94,-2.27956821217598
3.9405,2.45702498694504
3.941,-1.68030178036556
3.9415,0.277911473723641
3.942,1.24633331514113
3.9425,-2.27891076092148
3.943,2.45702498694504
3.9435,-1.68128795601233
3.944,0.278240198114223
3.9445,1.24600459086274
3.945,-2.2792394865486
3.9455,2.45735371135832
3.946,-1.68095923079653
3.9465,0.278568922504733
3.947,1.24567586658435
3.9475,-2.2785820352946
3.948,2.45702498694504
3.9485,-1.68128795601233
3.949,0.278897646895172
3.9495,1.24501841802754
3.95,-2.27825330966796
3.9505,2.45768243577169
3.951,-1.68194540644453
3.9515,0.279555095675836
3.952,1.24468969374913
3.9525,-2.2785820352946
3.953,2.45735371135832
3.9535,-1.68194540644453
3.954,0.279555095675836
3.9545,1.24436096947071
3.955,-2.27825330966796
3.9555,2.45768243577169
3.956,-1.68227413166094
3.9565,0.280541268846298
3.957,1.24403224519229
3.9575,-2.27792458404158
3.958,2.45801116018513
3.9585,-1.68293158209438
3.959,0.28119871762625
3.9595,1.24337479663544
3.96,-2.27759585841544
3.9605,2.45833988459865
3.961,-1.68326030731141
3.9615,0.28152744201612
3.962,1.24337479663544
3.9625,-2.27726713278954
3.963,2.45768243577169
3.9635,-1.68293158209438
3.964,0.281856166405918
3.9645,1.243046072357
3.965,-2.27726713278954
3.9655,2.45833988459865
3.966,-1.68358903252864
3.9665,0.282184890795646
3.967,1.24271734807856
3.9675,-2.27726713278954
3.968,2.45801116018513
3.9685,-1.68358903252864
3.969,0.282842339574888
3.9695,1.24238862380012
3.97,-2.2769384071639
3.9705,2.45833988459865
3.971,-1.68490393339964
3.9715,0.282513615185302
3.972,1.24173117524321
3.9725,-2.2766096815385
3.973,2.45833988459865
3.9735,-1.68457520818158
3.974,0.283499788353846
3.9745,1.24107372668628
3.975,-2.2766096815385
3.9755,2.45833988459865
3.976,-1.68490393339964
3.9765,0.283828512743219
3.977,1.24140245096475
3.9775,-2.2766096815385
3.978,2.45833988459865
3.9785,-1.68556138383637
3.979,0.284485961521752
3.9795,1.24041627812933
3.98,-2.27628095591334
3.9805,2.45833988459865
3.981,-1.68589010905505
3.9815,0.284814685910912
3.982,1.24041627812933
3.9825,-2.27628095591334
3.983,2.45833988459865
3.9835,-1.68589010905505
3.984,0.284814685910912
3.9845,1.23975882957236
3.985,-2.27628095591334
3.9855,2.45866860901225
3.986,-1.68621883427393
3.9865,0.285800859077967
3.987,1.23943010529387
3.9875,-2.27628095591334
3.988,2.45866860901225
3.9885,-1.68654755949301
3.989,0.286129583466844
3.9895,1.23910138101537
3.99,-2.27595223028843
3.9905,2.45899733342592
3.991,-1.6872050099318
3.9915,0.286129583466844
3.992,1.23844393245835
3.9925,-2.27562350466377
3.993,2.45899733342592
3.9935,-1.68753373515151
3.994,0.287444481021645
3.9945,1.23844393245835
3.995,-2.27529477903936
3.9955,2.45899733342592
3.996,-1.68753373515151
3.9965,0.287115756633051
3.997,1.23811520817984
3.9975,-2.27529477903936
3.998,2.45899733342592
3.9985,-1.68753373515151
3.999,0.287773205410168
3.9995,1.23778648390132
