Time_s,Voltage_V
0,0.163515381313368
0.0005,0.16220048364556
0.001,0.162529208062631
0.0015,0.162529208062631
0.002,0.162529208062631
0.0025,0.162529208062631
0.003,0.161543034811181
0.0035,0.161214310393873
0.004,0.161543034811181
0.0045,0.160885585976485
0.005,0.161214310393873
0.0055,0.160556861559018
0.006,0.160885585976485
0.0065,0.160556861559018
0.007,0.160228137141471
0.0075,0.160228137141471
0.008,0.159899412723846
0.0085,0.159241963888356
0.009,0.159241963888356
0.0095,0.158913239470492
0.01,0.159241963888356
0.0105,0.158913239470492
0.011,0.158913239470492
0.0115,0.158584515052548
0.012,0.157598341798241
0.0125,0.157927066216423
0.013,0.157927066216423
0.0135,0.157269617379979
0.014,0.157269617379979
0.0145,0.156612168543217
0.015,0.156940892961638
0.0155,0.156612168543217
0.016,0.156283444124717
0.0165,0.156283444124717
0.017,0.155954719706137
0.0175,0.155625995287477
0.018,0.155625995287477
0.0185,0.155297270868738
0.019,0.154968546449919
0.0195,0.154968546449919
0.02,0.154311097612042
0.0205,0.154311097612042
0.021,0.153982373192983
0.0215,0.153982373192983
0.022,0.153653648773845
0.0225,0.153653648773845
0.023,0.153653648773845
0.0235,0.153324924354627
0.024,0.153653648773845
0.0245,0.152338751096495
0.025,0.152338751096495
0.0255,0.152667475515952
0.026,0.152010026676957
0.0265,0.152338751096495
0.027,0.151352577837643
0.0275,0.15168130225734
0.028,0.151352577837643
0.0285,0.151023853417865
0.029,0.150695128998008
0.0295,0.150695128998008
0.03,0.150695128998008
0.0305,0.150366404578071
0.031,0.150037680158053
0.0315,0.149380231317779
0.032,0.149708955737956
0.0325,0.149380231317779
0.033,0.149380231317779
0.0335,0.149051506897521
0.034,0.149051506897521
0.0345,0.147736609215689
0.035,0.148394058056765
0.0355,0.148065333636267
0.036,0.148065333636267
0.0365,0.147407884795031
0.037,0.147079160374292
0.0375,0.147079160374292
0.038,0.147079160374292
0.0385,0.146421711532574
0.039,0.146750435953473
0.0395,0.146421711532574
0.04,0.146421711532574
0.0405,0.146092987111594
0.041,0.145764262690534
0.0415,0.146092987111594
0.042,0.145106813848173
0.0425,0.145106813848173
0.043,0.144778089426872
0.0435,0.14444936500549
0.044,0.144778089426872
0.0445,0.144120640584028
0.045,0.143791916162486
0.0455,0.143791916162486
0.046,0.143463191740863
0.0465,0.14313446731916
0.047,0.14313446731916
0.0475,0.14313446731916
0.048,0.142805742897376
0.0485,0.142148294053566
0.049,0.142148294053566
0.0495,0.14181956963154
0.05,0.142148294053566
0.0505,0.14181956963154
0.051,0.141162120787247
0.0515,0.141490845209434
0.052,0.140504671942631
0.0525,0.140504671942631
0.053,0.140504671942631
0.0535,0.140504671942631
0.054,0.139847223097692
0.0545,0.139518498675101
0.055,0.139518498675101
0.0555,0.139847223097692
0.056,0.13918977425243
0.0565,0.13918977425243
0.057,0.138861049829678
0.0575,0.138532325406844
0.058,0.138532325406844
0.0585,0.138532325406844
0.059,0.137874876560936
0.0595,0.137874876560936
0.06,0.138203600983931
0.0605,0.137217427714703
0.061,0.137217427714703
0.0615,0.136888703291466
0.062,0.136888703291466
0.0625,0.136559978868147
0.063,0.136559978868147
0.0635,0.136231254444748
0.064,0.136231254444748
0.0645,0.135902530021267
0.065,0.135902530021267
0.0655,0.135573805597706
0.066,0.134916356750339
0.0665,0.135245081174063
0.067,0.134916356750339
0.0675,0.134258907902649
0.068,0.134587632326535
0.0685,0.133930183478682
0.069,0.134258907902649
0.0695,0.133601459054633
0.07,0.133601459054633
0.0705,0.133272734630504
0.071,0.132944010206293
0.0715,0.133272734630504
0.072,0.132286561357628
0.0725,0.132286561357628
0.073,0.132286561357628
0.0735,0.131629112508638
0.074,0.131629112508638
0.0745,0.131300388084021
0.075,0.131300388084021
0.0755,0.131300388084021
0.076,0.130642939234543
0.0765,0.130971663659322
0.077,0.130642939234543
0.0775,0.130314214809681
0.078,0.130314214809681
0.0785,0.129656765959715
0.079,0.129985490384739
0.0795,0.129328041534609
0.08,0.128999317109422
0.0805,0.128670592684154
0.081,0.128341868258804
0.0815,0.128999317109422
0.082,0.128013143833372
0.0825,0.128013143833372
0.083,0.128013143833372
0.0835,0.127684419407859
0.084,0.127355694982264
0.0845,0.127355694982264
0.085,0.127026970556588
0.0855,0.127355694982264
0.086,0.12669824613083
0.0865,0.12636952170499
0.087,0.12636952170499
0.0875,0.125712072853065
0.088,0.125712072853065
0.0885,0.125712072853065
0.089,0.125383348426981
0.0895,0.125054624000814
0.09,0.125054624000814
0.0905,0.125054624000814
0.091,0.124068450721823
0.0915,0.124725899574566
0.092,0.123739726295329
0.0925,0.123739726295329
0.093,0.123739726295329
0.0935,0.123411001868754
0.094,0.123411001868754
0.0945,0.122753553015357
0.095,0.122753553015357
0.0955,0.122424828588535
0.096,0.122424828588535
0.0965,0.122753553015357
0.097,0.121767379734646
0.0975,0.121767379734646
0.098,0.121767379734646
0.0985,0.121438655307579
0.099,0.121438655307579
0.0995,0.121109930880429
0.1,0.120452482025884
0.1005,0.120452482025884
0.101,0.120123757598489
0.1015,0.120452482025884
0.102,0.119466308743451
0.1025,0.119466308743451
0.103,0.119466308743451
0.1035,0.118808859888085
0.104,0.118808859888085
0.1045,0.118808859888085
0.105,0.118808859888085
0.1055,0.118151411032389
0.106,0.118151411032389
0.1065,0.118151411032389
0.107,0.117822686604418
0.1075,0.117822686604418
0.108,0.11716523774823
0.1085,0.117493962176365
0.109,0.11716523774823
0.1095,0.116507788891712
0.11,0.116179064463329
0.1105,0.116507788891712
0.111,0.116507788891712
0.1115,0.116179064463329
0.112,0.115521615606317
0.1125,0.115521615606317
0.113,0.115192891177687
0.1135,0.114864166748975
0.114,0.11453544232018
0.1145,0.113877993462343
0.115,0.114206717891303
0.1155,0.11453544232018
0.116,0.113877993462343
0.1165,0.113877993462343
0.117,0.113220544604176
0.1175,0.113549269033301
0.118,0.113220544604176
0.1185,0.112563095745678
0.119,0.112563095745678
0.1195,0.112234371316306
0.12,0.112234371316306
0.1205,0.11190564688685
0.121,0.111576922457312
0.1215,0.11190564688685
0.122,0.111248198027691
0.1225,0.111576922457312
0.123,0.110919473597988
0.1235,0.110262024738333
0.124,0.110590749168202
0.1245,0.109933300308381
0.125,0.109933300308381
0.1255,0.109933300308381
0.126,0.109275851448229
0.1265,0.109604575878346
0.127,0.109275851448229
0.1275,0.109275851448229
0.128,0.108618402587745
0.1285,0.108618402587745
0.129,0.10796095372693
0.1295,0.10796095372693
0.13,0.10796095372693
0.1305,0.107632229296398
0.131,0.107303504865783
0.1315,0.107303504865783
0.132,0.106974780435085
0.1325,0.106646056004304
0.133,0.106974780435085
0.1335,0.10631733157344
0.134,0.105988607142493
0.1345,0.105988607142493
0.135,0.10631733157344
0.1355,0.105659882711463
0.136,0.10533115828035
0.1365,0.10533115828035
0.137,0.104673709417874
0.1375,0.105002433849153
0.138,0.104673709417874
0.1385,0.104673709417874
0.139,0.103687536123536
0.1395,0.103687536123536
0.14,0.103687536123536
0.1405,0.103358811691924
0.141,0.103030087260228
0.1415,0.103030087260228
0.142,0.102372638396587
0.1425,0.102701362828449
0.143,0.102043913964641
0.1435,0.102043913964641
0.144,0.102372638396587
0.1445,0.1013864651005
0.145,0.101715189532612
0.1455,0.1013864651005
0.146,0.101057740668304
0.1465,0.101057740668304
0.147,0.100400291803662
0.1475,0.101057740668304
0.148,0.100400291803662
0.1485,0.100071567371216
0.149,0.100400291803662
0.1495,0.0997428429386865
0.15,0.0990853940733768
0.1505,0.0990853940733768
0.151,0.0990853940733768
0.1515,0.0987566696405966
0.152,0.0987566696405966
0.1525,0.0984279452077328
0.153,0.0980992207747854
0.1535,0.0977704963417544
0.154,0.0977704963417544
0.1545,0.0977704963417544
0.155,0.0977704963417544
0.1555,0.0974417719086398
0.156,0.0967843230421594
0.1565,0.0967843230421594
0.157,0.0964555986087937
0.1575,0.0964555986087937
0.158,0.0961268741753442
0.1585,0.0961268741753442
0.159,0.0961268741753442
0.1595,0.0954694253081939
0.16,0.095140700874493
0.1605,0.0954694253081939
0.161,0.0948119764407084
0.1615,0.0948119764407084
0.162,0.0944832520068398
0.1625,0.0944832520068398
0.163,0.0941545275728874
0.1635,0.0931683542705267
0.164,0.0934970787047309
0.1645,0.0934970787047309
0.165,0.0934970787047309
0.1655,0.0931683542705267
0.166,0.0925109054018665
0.1665,0.0925109054018665
0.167,0.0918534565328702
0.1675,0.0921821809674103
0.168,0.0918534565328702
0.1685,0.0918534565328702
0.169,0.0911960076635376
0.1695,0.0908672832287452
0.17,0.0911960076635376
0.1705,0.0911960076635376
0.171,0.0905385587938687
0.1715,0.0905385587938687
0.172,0.0898811099238632
0.1725,0.0898811099238632
0.173,0.0898811099238632
0.1735,0.0895523854887342
0.174,0.0888949366182234
0.1745,0.0892236610535209
0.175,0.0885662121828417
0.1755,0.0885662121828417
0.176,0.0882374877473757
0.1765,0.0882374877473757
0.177,0.0879087633118253
0.1775,0.0882374877473757
0.178,0.0872513144404717
0.1785,0.0872513144404717
0.179,0.0875800388761907
0.1795,0.0865938655687805
0.18,0.0865938655687805
0.1805,0.0865938655687805
0.181,0.0859364166967517
0.1815,0.0862651411328084
0.182,0.0856076922606106
0.1825,0.0856076922606106
0.183,0.0852789678243851
0.1835,0.0852789678243851
0.184,0.0846215189516804
0.1845,0.084950243388075
0.185,0.084950243388075
0.1855,0.0842927945152012
0.186,0.0842927945152012
0.1865,0.0839640700786375
0.187,0.0836353456419892
0.1875,0.0833066212052562
0.188,0.0833066212052562
0.1885,0.0829778967684386
0.189,0.0829778967684386
0.1895,0.0826491723315363
0.19,0.0826491723315363
0.1905,0.0823204478945494
0.191,0.0819917234574778
0.1915,0.0816629990203214
0.192,0.0813342745830802
0.1925,0.0813342745830802
0.193,0.0810055501457543
0.1935,0.0810055501457543
0.194,0.0806768257083436
0.1945,0.080348101270848
0.195,0.080348101270848
0.1955,0.0800193768332677
0.196,0.0796906523956024
0.1965,0.0796906523956024
0.197,0.0793619279578522
0.1975,0.0796906523956024
0.198,0.0790332035200172
0.1985,0.0787044790820972
0.199,0.0787044790820972
0.1995,0.0783757546440922
0.2,0.0783757546440922
0.2005,0.0780470302060023
0.201,0.0770608568912224
0.2015,0.0777183057678274
0.202,0.0770608568912224
0.2025,0.0770608568912224
0.203,0.0773895813295674
0.2035,0.0770608568912224
0.204,0.0767321324527923
0.2045,0.0764034080142772
0.205,0.0764034080142772
0.2055,0.0760746835756769
0.206,0.0754172346982209
0.2065,0.0754172346982209
0.207,0.0754172346982209
0.2075,0.0747597858204241
0.208,0.0747597858204241
0.2085,0.0744310613813979
0.209,0.0747597858204241
0.2095,0.0737736125030898
0.21,0.0741023369422865
0.2105,0.0737736125030898
0.211,0.0731161636244404
0.2115,0.0734448880638077
0.212,0.0724587147454497
0.2125,0.0727874391849877
0.213,0.0724587147454497
0.2135,0.0721299903058262
0.214,0.0721299903058262
0.2145,0.0718012658661174
0.215,0.0721299903058262
0.2155,0.0718012658661174
0.216,0.0711438169864434
0.2165,0.0714725414263231
0.217,0.0708150925464782
0.2175,0.0708150925464782
0.218,0.0704863681064275
0.2185,0.0701576436662913
0.219,0.0701576436662913
0.2195,0.0695001947857622
0.22,0.0698289192260695
0.2205,0.0695001947857622
0.221,0.0691714703453693
0.2215,0.0691714703453693
0.222,0.0688427459048907
0.2225,0.0685140214643266
0.223,0.0681852970236768
0.2235,0.0681852970236768
0.224,0.0678565725829413
0.2245,0.06752784814212
0.225,0.06752784814212
0.2255,0.0671991237012131
0.226,0.0678565725829413
0.2265,0.0671991237012131
0.227,0.0668703992602205
0.2275,0.066541674819142
0.228,0.066541674819142
0.2285,0.0655555014953919
0.229,0.0658842259367277
0.2295,0.0652267770539701
0.23,0.0655555014953919
0.2305,0.0655555014953919
0.231,0.0645693281708689
0.2315,0.0645693281708689
0.232,0.0642406037291895
0.2325,0.0642406037291895
0.233,0.0639118792874241
0.2335,0.0639118792874241
0.234,0.0639118792874241
0.2345,0.0632544304036353
0.235,0.0632544304036353
0.2355,0.0625969815195025
0.236,0.0625969815195025
0.2365,0.062268257077307
0.237,0.0619395326350254
0.2375,0.0619395326350254
0.238,0.062268257077307
0.2385,0.0612820837502039
0.239,0.0612820837502039
0.2395,0.0612820837502039
0.24,0.060953359307664
0.2405,0.060953359307664
0.241,0.0606246348650378
0.2415,0.0602959104223255
0.242,0.0596384615366421
0.2425,0.0596384615366421
0.243,0.0596384615366421
0.2435,0.0593097370936711
0.244,0.0589810126506137
0.2445,0.05865228820747
0.245,0.0589810126506137
0.2455,0.05832356376424
0.246,0.0579948393209237
0.2465,0.0579948393209237
0.247,0.057666114877521
0.2475,0.057666114877521
0.248,0.0566799415467943
0.2485,0.0570086659904563
0.249,0.0570086659904563
0.2495,0.0566799415467943
0.25,0.0563512171030458
0.2505,0.0563512171030458
0.251,0.0553650437712814
0.2515,0.0556937682152894
0.252,0.0553650437712814
0.2525,0.0553650437712814
0.253,0.0550363193271868
0.2535,0.0547075948830057
0.254,0.0547075948830057
0.2545,0.0540501459943835
0.255,0.0543788704387379
0.2555,0.0540501459943835
0.256,0.0537214215499425
0.2565,0.0533926971054148
0.257,0.0530639726608004
0.2575,0.0533926971054148
0.258,0.0524065237713115
0.2585,0.0530639726608004
0.259,0.0527352482160993
0.2595,0.0524065237713115
0.26,0.0524065237713115
0.2605,0.0520777993264369
0.261,0.0514203504364273
0.2615,0.0514203504364273
0.262,0.0514203504364273
0.2625,0.0510916259912923
0.263,0.0507629015460704
0.2635,0.0507629015460704
0.264,0.0504341771007617
0.2645,0.050105452655366
0.265,0.050105452655366
0.2655,0.0497767282098835
0.266,0.0491192793186575
0.2665,0.0491192793186575
0.267,0.0491192793186575
0.2675,0.0491192793186575
0.268,0.0491192793186575
0.2685,0.0484618304270836
0.269,0.0484618304270836
0.2695,0.0481331059811661
0.27,0.0478043815351615
0.2705,0.0474756570890699
0.271,0.0478043815351615
0.2715,0.0471469326428912
0.272,0.0471469326428912
0.2725,0.0471469326428912
0.273,0.0468182081966254
0.2735,0.0461607593038322
0.274,0.0464894837502724
0.2745,0.0458320348573049
0.275,0.0458320348573049
0.2755,0.0455033104106903
0.276,0.0458320348573049
0.2765,0.0448458615171995
0.277,0.0448458615171995
0.2775,0.0448458615171995
0.278,0.0445171370703231
0.2785,0.0441884126233595
0.279,0.0445171370703231
0.2795,0.0438596881763085
0.28,0.0438596881763085
0.2805,0.0438596881763085
0.281,0.0432022392819446
0.2815,0.0435309637291702
0.282,0.0428735148346315
0.2825,0.0428735148346315
0.283,0.0425447903872311
0.2835,0.0422160659397431
0.284,0.0422160659397431
0.2845,0.0415586170445049
0.285,0.0418873414921677
0.2855,0.0415586170445049
0.286,0.0412298925967545
0.2865,0.0412298925967545
0.287,0.0402437192529782
0.2875,0.0405724437009912
0.288,0.0405724437009912
0.2885,0.0399149948048776
0.289,0.0395862703566894
0.2895,0.0395862703566894
0.29,0.0399149948048776
0.2905,0.0399149948048776
0.291,0.0392575459084135
0.2915,0.03892882146005
0.292,0.0386000970115988
0.2925,0.03892882146005
0.293,0.0382713725630598
0.2935,0.0382713725630598
0.294,0.0382713725630598
0.2945,0.0372851992169166
0.295,0.0376139236657188
0.2955,0.0376139236657188
0.296,0.0369564747680266
0.2965,0.0369564747680266
0.297,0.0362990258699832
0.2975,0.0362990258699832
0.298,0.0362990258699832
0.2985,0.0359703014208297
0.299,0.0356415769715883
0.2995,0.035312852522259
0.3,0.035312852522259
0.3005,0.0349841280728418
0.301,0.0349841280728418
0.3015,0.0346554036233366
0.302,0.0343266791737434
0.3025,0.0346554036233366
0.303,0.0339979547240622
0.3035,0.0339979547240622
0.304,0.0333405058244358
0.3045,0.0326830569244571
0.305,0.0333405058244358
0.3055,0.0326830569244571
0.306,0.0323543324743356
0.3065,0.0330117813744905
0.307,0.0320256080241259
0.3075,0.0323543324743356
0.308,0.0316968835738281
0.3085,0.0313681591234421
0.309,0.0316968835738281
0.3095,0.0310394346729679
0.31,0.0310394346729679
0.3105,0.0307107102224055
0.311,0.0303819857717548
0.3115,0.0303819857717548
0.312,0.0300532613210159
0.3125,0.0303819857717548
0.313,0.0297245368701887
0.3135,0.0293958124192731
0.314,0.0293958124192731
0.3145,0.0290670879682692
0.315,0.028738363517177
0.3155,0.028738363517177
0.316,0.0284096390659964
0.3165,0.028738363517177
0.317,0.0277521901633699
0.3175,0.0280809146147273
0.318,0.0274234657119239
0.3185,0.0270947412603895
0.319,0.0270947412603895
0.3195,0.0267660168087666
0.32,0.0267660168087666
0.3205,0.0270947412603895
0.321,0.0261085679052553
0.3215,0.0257798434533668
0.322,0.0257798434533668
0.3225,0.0257798434533668
0.323,0.0254511190013897
0.3235,0.025122394549324
0.324,0.0254511190013897
0.3245,0.025122394549324
0.325,0.0247936700971696
0.3255,0.0244649456449266
0.326,0.0241362211925949
0.3265,0.0238074967401746
0.327,0.0238074967401746
0.3275,0.0238074967401746
0.328,0.0234787722876655
0.3285,0.022821323382381
0.329,0.0224925989296056
0.3295,0.0224925989296056
0.33,0.0221638744767414
0.3305,0.0224925989296056
0.331,0.0218351500237884
0.3315,0.0218351500237884
0.332,0.0215064255707465
0.3325,0.0215064255707465
0.333,0.0215064255707465
0.3335,0.020848976664396
0.334,0.020848976664396
0.3345,0.0205202522110874
0.335,0.0201915277576898
0.3355,0.0201915277576898
0.336,0.0198628033042033
0.3365,0.0195340788506278
0.337,0.0195340788506278
0.3375,0.0192053543969632
0.338,0.0188766299432097
0.3385,0.018547905489367
0.339,0.0188766299432097
0.3395,0.0182191810354353
0.34,0.0182191810354353
0.3405,0.0182191810354353
0.341,0.0178904565814145
0.3415,0.0175617321273046
0.342,0.0172330076731055
0.3425,0.0172330076731055
0.343,0.0169042832188172
0.3435,0.0165755587644397
0.344,0.0165755587644397
0.3445,0.0159181098554171
0.345,0.0159181098554171
0.3455,0.0155893854007719
0.346,0.0155893854007719
0.3465,0.0155893854007719
0.347,0.0149319364912136
0.3475,0.0149319364912136
0.348,0.0149319364912136
0.3485,0.0142744875812981
0.349,0.0142744875812981
0.3495,0.0146032120363005
0.35,0.0139457631262062
0.3505,0.0142744875812981
0.351,0.0132883142157543
0.3515,0.013617038671025
0.352,0.0132883142157543
0.3525,0.0132883142157543
0.353,0.0129595897603942
0.3535,0.0126308653049446
0.354,0.0126308653049446
0.3545,0.011973416393777
0.355,0.011973416393777
0.3555,0.011973416393777
0.356,0.0116446919380589
0.3565,0.0116446919380589
0.357,0.010987243026354
0.3575,0.0113159674822513
0.358,0.0113159674822513
0.3585,0.0106585185703672
0.359,0.0106585185703672
0.3595,0.0103297941142907
0.36,0.0103297941142907
0.3605,0.0103297941142907
0.361,0.00967234520186883
0.3615,0.00967234520186883
0.362,0.00967234520186883
0.3625,0.00934362074552336
0.363,0.00934362074552336
0.3635,0.00868617183256326
0.364,0.00901489628908818
0.3645,0.00835744737594857
0.365,0.00868617183256326
0.3655,0.00802872291924411
0.366,0.00769999846244986
0.3665,0.00835744737594857
0.367,0.00737127400556577
0.3675,0.00737127400556577
0.368,0.00704254954859182
0.3685,0.00704254954859182
0.369,0.00671382509152801
0.3695,0.00638510063437431
0.37,0.00671382509152801
0.3705,0.00671382509152801
0.371,0.00638510063437431
0.3715,0.00572765171979712
0.372,0.00572765171979712
0.3725,0.00539892726237359
0.373,0.00507020280486009
0.3735,0.00474147834725658
0.374,0.00507020280486009
0.3745,0.00441275388956303
0.375,0.00441275388956303
0.3755,0.00408402943177943
0.376,0.00408402943177943
0.3765,0.00375530497390575
0.377,0.00375530497390575
0.3775,0.003426580515942
0.378,0.00276913159974407
0.3785,0.00276913159974407
0.379,0.00276913159974407
0.3795,0.0021116826831855
0.38,0.00276913159974407
0.3805,0.00244040714150988
0.381,0.00178295822477091
0.3815,0.00145423376626608
0.382,0.00145423376626608
0.3825,0.00178295822477091
0.383,0.001125509307671
0.3835,0.000468060390209982
0.384,0.001125509307671
0.3845,0.000468060390209982
0.385,0.00013933593134402
0.3855,-0.000189388527612314
0.386,-0.000518112986659006
0.3865,-0.000518112986659006
0.387,-0.00117556190502358
0.3875,-0.000518112986659006
0.388,-0.00117556190502358
0.3885,-0.00117556190502358
0.389,-0.00117556190502358
0.3895,-0.00183301082374988
0.39,-0.00216173528324876
0.3905,-0.00216173528324876
0.391,-0.00281918420251803
0.3915,-0.00249045974283812
0.392,-0.00249045974283812
0.3925,-0.00314790866228846
0.393,-0.00314790866228846
0.3935,-0.00347663312214948
0.394,-0.00347663312214948
0.3945,-0.0041340820421433
0.395,-0.00380535758210108
0.3955,-0.00446280650227616
0.396,-0.00446280650227616
0.3965,-0.00479153096249968
0.397,-0.00479153096249968
0.3975,-0.00479153096249968
0.398,-0.00512025542281389
0.3985,-0.0054489798832188
0.399,-0.0054489798832188
0.3995,-0.00610642880430083
0.4,-0.00610642880430083
0.4005,-0.00643515326497797
0.401,-0.00676387772574592
0.4015,-0.00643515326497797
0.402,-0.00742132664755434
0.4025,-0.00676387772574592
0.403,-0.00709260218660472
0.4035,-0.00775005110859482
0.404,-0.00807877556972618
0.4045,-0.00840750003094846
0.405,-0.00807877556972618
0.4055,-0.00873622449226165
0.406,-0.00873622449226165
0.4065,-0.00906494895366582
0.407,-0.00939367341516094
0.4075,-0.00939367341516094
0.408,-0.0100511223384242
0.4085,-0.0097223978767471
0.409,-0.0100511223384242
0.4095,-0.0103798468001925
0.41,-0.0107085712620517
0.4105,-0.0107085712620517
0.411,-0.0110372957240021
0.4115,-0.0107085712620517
0.412,-0.0116947446481761
0.4125,-0.0113660201860435
0.413,-0.0116947446481761
0.4135,-0.0116947446481761
0.414,-0.012680918035121
0.4145,-0.0123521935727148
0.415,-0.012680918035121
0.4155,-0.012680918035121
0.416,-0.0136670914228868
0.4165,-0.0136670914228868
0.417,-0.013995815885658
0.4175,-0.0130096424976183
0.418,-0.0133383669602069
0.4185,-0.013995815885658
0.419,-0.0136670914228868
0.4195,-0.0143245403485204
0.42,-0.0149819892745194
0.4205,-0.0146532648114743
0.421,-0.015310713737656
0.4215,-0.0159681626642034
0.422,-0.015639438200884
0.4225,-0.015639438200884
0.423,-0.0159681626642034
0.4235,-0.0162968871276142
0.424,-0.0166256115911165
0.4245,-0.0166256115911165
0.425,-0.0166256115911165
0.4255,-0.0169543360547103
0.426,-0.0172830605183956
0.4265,-0.0176117849821725
0.427,-0.0179405094460409
0.4275,-0.0176117849821725
0.428,-0.0182692339100009
0.4285,-0.0182692339100009
0.429,-0.0185979583740526
0.4295,-0.0185979583740526
0.43,-0.0189266828381958
0.4305,-0.0189266828381958
0.431,-0.0195841317667573
0.4315,-0.0199128562311756
0.432,-0.0202415806956856
0.4325,-0.0195841317667573
0.433,-0.0202415806956856
0.4335,-0.0212277540897661
0.434,-0.0202415806956856
0.4345,-0.0208990296249808
0.435,-0.0212277540897661
0.4355,-0.0215564785546432
0.436,-0.0218852030196121
0.4365,-0.0215564785546432
0.437,-0.0218852030196121
0.4375,-0.0222139274846729
0.438,-0.0222139274846729
0.4385,-0.0228713764150702
0.439,-0.0228713764150702
0.4395,-0.0228713764150702
0.44,-0.023528825345835
0.4405,-0.023528825345835
0.441,-0.0238575498113555
0.4415,-0.0238575498113555
0.442,-0.0241862742769679
0.4425,-0.0245149987426723
0.443,-0.0245149987426723
0.4435,-0.0248437232084687
0.444,-0.0251724476743572
0.4445,-0.0258298966064105
0.445,-0.0255011721403378
0.4455,-0.0255011721403378
0.446,-0.0258298966064105
0.4465,-0.0258298966064105
0.447,-0.0261586210725753
0.4475,-0.0261586210725753
0.448,-0.0268160700051814
0.4485,-0.0271447944716227
0.449,-0.0268160700051814
0.4495,-0.0274735189381562
0.45,-0.0274735189381562
0.4505,-0.0274735189381562
0.451,-0.0281309678715
0.4515,-0.0284596923383103
0.452,-0.0291171412722079
0.4525,-0.0284596923383103
0.453,-0.0284596923383103
0.4535,-0.0294458657392952
0.454,-0.0291171412722079
0.4545,-0.0297745902064749
0.455,-0.0297745902064749
0.4555,-0.030103314673747
0.456,-0.0304320391411115
0.4565,-0.030103314673747
0.457,-0.0304320391411115
0.4575,-0.0304320391411115
0.458,-0.0307607636085684
0.4585,-0.0314182125437597
0.459,-0.0317469370114941
0.4595,-0.0317469370114941
0.46,-0.0314182125437597
0.4605,-0.0324043859472405
0.461,-0.0324043859472405
0.4615,-0.0327331104152526
0.462,-0.0330618348833572
0.4625,-0.0330618348833572
0.463,-0.0330618348833572
0.4635,-0.0337192838198444
0.464,-0.0333905593515545
0.4645,-0.034048008288227
0.465,-0.034048008288227
0.4655,-0.034048008288227
0.466,-0.0343767327567023
0.4665,-0.0347054572252703
0.467,-0.0347054572252703
0.4675,-0.0343767327567023
0.468,-0.0353629061626845
0.4685,-0.0356916306315307
0.469,-0.0356916306315307
0.4695,-0.0363490795695017
0.47,-0.0363490795695017
0.4705,-0.0363490795695017
0.471,-0.0366778040386264
0.4715,-0.0363490795695017
0.472,-0.0373352529771545
0.4725,-0.0373352529771545
0.473,-0.0376639774465579
0.4735,-0.0376639774465579
0.474,-0.0376639774465579
0.4745,-0.0383214263856436
0.475,-0.0376639774465579
0.4755,-0.0383214263856436
0.476,-0.0386501508553259
0.4765,-0.0386501508553259
0.477,-0.0393075997949695
0.4775,-0.0389788753251012
0.478,-0.0393075997949695
0.4785,-0.0399650487349853
0.479,-0.0399650487349853
0.4795,-0.0399650487349853
0.48,-0.0402937732051328
0.4805,-0.0406224976753735
0.481,-0.0412799466161343
0.4815,-0.0409512221457073
0.482,-0.0412799466161343
0.4825,-0.0416086710866544
0.483,-0.0416086710866544
0.4835,-0.0416086710866544
0.484,-0.0422661200279743
0.4845,-0.0425948444987742
0.485,-0.0425948444987742
0.4855,-0.0425948444987742
0.486,-0.0429235689696673
0.4865,-0.0429235689696673
0.487,-0.0429235689696673
0.4875,-0.0435810179117334
0.488,-0.0439097423829065
0.4885,-0.0439097423829065
0.489,-0.0439097423829065
0.4895,-0.0445671913255327
0.49,-0.0452246402685326
0.4905,-0.0445671913255327
0.491,-0.0452246402685326
0.4915,-0.044895915796986
0.492,-0.0452246402685326
0.4925,-0.0452246402685326
0.493,-0.0458820892119064
0.4935,-0.0462108136837335
0.494,-0.0462108136837335
0.4945,-0.0465395381556541
0.495,-0.0462108136837335
0.4955,-0.0468682626276683
0.496,-0.047196987099776
0.4965,-0.047196987099776
0.497,-0.0475257115719773
0.4975,-0.0475257115719773
0.498,-0.0478544360442723
0.4985,-0.0485118849891431
0.499,-0.0485118849891431
0.4995,-0.0485118849891431
0.5,-0.048840609461719
0.5005,-0.048840609461719
0.501,-0.049498058407152
0.5015,-0.0491693339343886
0.502,-0.0498267828800091
0.5025,-0.0498267828800091
0.503,-0.0498267828800091
0.5035,-0.0504842318260046
0.504,-0.0504842318260046
0.5045,-0.0508129562991431
0.505,-0.0511416807723754
0.5055,-0.0514704052457016
0.506,-0.0514704052457016
0.5065,-0.0514704052457016
0.507,-0.0524565786662436
0.5075,-0.0521278541926356
0.508,-0.0521278541926356
0.5085,-0.0527853031399454
0.509,-0.0527853031399454
0.5095,-0.0531140276137412
0.51,-0.0531140276137412
0.5105,-0.053442752087631
0.511,-0.053442752087631
0.5115,-0.053442752087631
0.512,-0.053442752087631
0.5125,-0.0541002010356928
0.513,-0.0544289255098647
0.5135,-0.0547576499841307
0.514,-0.0547576499841307
0.5145,-0.0554150989329451
0.515,-0.0550863744584909
0.5155,-0.0554150989329451
0.516,-0.0560725478821362
0.5165,-0.0557438234074936
0.517,-0.0560725478821362
0.5175,-0.0560725478821362
0.518,-0.056729996831704
0.5185,-0.056729996831704
0.519,-0.056729996831704
0.5195,-0.0570587213066293
0.52,-0.0573874457816488
0.5205,-0.0570587213066293
0.521,-0.0577161702567627
0.5215,-0.0580448947319708
0.522,-0.0580448947319708
0.5225,-0.0583736192072733
0.523,-0.0583736192072733
0.5235,-0.0590310681581613
0.524,-0.0587023436826701
0.5245,-0.059359792633747
0.525,-0.059359792633747
0.5255,-0.059359792633747
0.526,-0.0600172415852015
0.5265,-0.0600172415852015
0.527,-0.0610034150130919
0.5275,-0.0603459660610704
0.528,-0.0606746905370339
0.5285,-0.0606746905370339
0.529,-0.0606746905370339
0.5295,-0.0619895884418331
0.53,-0.0616608639654914
0.5305,-0.0613321394892444
0.531,-0.0616608639654914
0.5315,-0.0623183129182693
0.532,-0.0623183129182693
0.5325,-0.0623183129182693
0.533,-0.0629757618714257
0.5335,-0.0629757618714257
0.534,-0.0633044863481459
0.5345,-0.0633044863481459
0.535,-0.0636332108249608
0.5355,-0.0636332108249608
0.536,-0.0639619353018704
0.5365,-0.0642906597788748
0.537,-0.0646193842559739
0.5375,-0.0646193842559739
0.538,-0.0646193842559739
0.5385,-0.0652768332104565
0.539,-0.0652768332104565
0.5395,-0.0659342821653185
0.54,-0.0659342821653185
0.5405,-0.0659342821653185
0.541,-0.0662630066428917
0.5415,-0.0665917311205599
0.542,-0.0665917311205599
0.5425,-0.066920455598323
0.543,-0.0665917311205599
0.5435,-0.067249180076181
0.544,-0.067577904554134
0.5445,-0.067906629032182
0.545,-0.067577904554134
0.5455,-0.067906629032182
0.546,-0.068235353510325
0.5465,-0.0685640779885631
0.547,-0.0688928024668961
0.5475,-0.0688928024668961
0.548,-0.0692215269453243
0.5485,-0.0692215269453243
0.549,-0.0692215269453243
0.5495,-0.069878975902466
0.55,-0.069878975902466
0.5505,-0.0702077003811795
0.551,-0.0705364248599882
0.5515,-0.0702077003811795
0.552,-0.0711938738178912
0.5525,-0.0708651493388921
0.553,-0.0715225982969856
0.5535,-0.0718513227761752
0.554,-0.0711938738178912
0.5545,-0.0715225982969856
0.555,-0.0718513227761752
0.5555,-0.0725087717348403
0.556,-0.0725087717348403
0.5565,-0.0728374962143158
0.557,-0.0731662206938867
0.5575,-0.0731662206938867
0.558,-0.0731662206938867
0.5585,-0.0734949451735529
0.559,-0.0741523941331716
0.5595,-0.0744811186131241
0.56,-0.0741523941331716
0.5605,-0.0748098430931721
0.561,-0.0748098430931721
0.5615,-0.0751385675733155
0.562,-0.0754672920535544
0.5625,-0.0754672920535544
0.563,-0.0757960165338889
0.5635,-0.0757960165338889
0.564,-0.0761247410143189
0.5645,-0.0764534654948445
0.565,-0.0767821899754657
0.5655,-0.0767821899754657
0.566,-0.0771109144561826
0.5665,-0.0771109144561826
0.567,-0.077439638936995
0.5675,-0.077439638936995
0.568,-0.0777683634179031
0.5685,-0.0777683634179031
0.569,-0.0784258123800064
0.5695,-0.0787545368612017
0.57,-0.0787545368612017
0.5705,-0.0790832613424927
0.571,-0.0790832613424927
0.5715,-0.0790832613424927
0.572,-0.0794119858238795
0.5725,-0.0797407103053621
0.573,-0.0797407103053621
0.5735,-0.0800694347869405
0.574,-0.0800694347869405
0.5745,-0.0807268837503849
0.575,-0.0807268837503849
0.5755,-0.0807268837503849
0.576,-0.0813843327142128
0.5765,-0.0810556082322509
0.577,-0.0813843327142128
0.5775,-0.0817130571962707
0.578,-0.0817130571962707
0.5785,-0.0820417816784245
0.579,-0.0820417816784245
0.5795,-0.0826992306430201
0.58,-0.0823705061606742
0.5805,-0.0826992306430201
0.581,-0.0833566796079997
0.5815,-0.0833566796079997
0.582,-0.0843428530561899
0.5825,-0.0836854040906337
0.583,-0.0840141285733637
0.5835,-0.0843428530561899
0.584,-0.0843428530561899
0.5845,-0.0850003020221306
0.585,-0.0850003020221306
0.5855,-0.0856577509884561
0.586,-0.0853290265052452
0.5865,-0.0856577509884561
0.587,-0.0856577509884561
0.5875,-0.0859864754717631
0.588,-0.0859864754717631
0.5885,-0.0866439244386661
0.589,-0.086972648922262
0.5895,-0.0873013734059541
0.59,-0.0873013734059541
0.5905,-0.0873013734059541
0.591,-0.0879588223736276
0.5915,-0.0879588223736276
0.592,-0.0882875468576089
0.5925,-0.0882875468576089
0.593,-0.0886162713416866
0.5935,-0.0889449958258607
0.594,-0.0886162713416866
0.5945,-0.0892737203101313
0.595,-0.0896024447944983
0.5955,-0.0892737203101313
0.596,-0.089931169278962
0.5965,-0.090259893763522
0.597,-0.090259893763522
0.5975,-0.090259893763522
0.598,-0.0905886182481786
0.5985,-0.0912460672177816
0.599,-0.0912460672177816
0.5995,-0.0912460672177816
0.6,-0.0912460672177816
0.6005,-0.091574791702728
0.601,-0.0922322406729107
0.6015,-0.0922322406729107
0.602,-0.0925609651581471
0.6025,-0.0925609651581471
0.603,-0.0928896896434802
0.6035,-0.09321841412891
0.604,-0.09321841412891
0.6045,-0.0935471386144365
0.605,-0.0938758631000598
0.6055,-0.0938758631000598
0.606,-0.0938758631000598
0.6065,-0.0938758631000598
0.607,-0.0948620365575105
0.6075,-0.0951907610435211
0.608,-0.0951907610435211
0.6085,-0.0955194855296286
0.609,-0.0955194855296286
0.6095,-0.0955194855296286
0.61,-0.0955194855296286
0.6105,-0.0961769345021343
0.611,-0.0965056589885326
0.6115,-0.0961769345021343
0.612,-0.0971631079616201
0.6125,-0.0968343834750278
0.613,-0.0971631079616201
0.6135,-0.0974918324483093
0.614,-0.0974918324483093
0.6145,-0.098149281421979
0.615,-0.0978205569350956
0.6155,-0.098149281421979
0.616,-0.0984780059089594
0.6165,-0.0984780059089594
0.617,-0.0991354548832116
0.6175,-0.0984780059089594
0.618,-0.0994641793704834
0.6185,-0.0994641793704834
0.619,-0.0994641793704834
0.6195,-0.0997929038578525
0.62,-0.0997929038578525
0.6205,-0.100121628345319
0.621,-0.100779077320543
0.6215,-0.100779077320543
0.622,-0.100779077320543
0.6225,-0.100779077320543
0.623,-0.101436526296156
0.6235,-0.101436526296156
0.624,-0.101765250784108
0.6245,-0.102093975272158
0.625,-0.102093975272158
0.6255,-0.102422699760305
0.626,-0.10275142424855
0.6265,-0.10275142424855
0.627,-0.103737597713868
0.6275,-0.10275142424855
0.628,-0.103408873225331
0.6285,-0.103737597713868
0.629,-0.103737597713868
0.6295,-0.104066322202503
0.63,-0.104395046691234
0.6305,-0.104395046691234
0.631,-0.105052495668991
0.6315,-0.104723771180064
0.632,-0.105381220158015
0.6325,-0.105052495668991
0.633,-0.105709944647137
0.6335,-0.106367393625674
0.634,-0.105709944647137
0.6345,-0.106367393625674
0.635,-0.106367393625674
0.6355,-0.106696118115089
0.636,-0.107353567094212
0.6365,-0.106696118115089
0.637,-0.107353567094212
0.6375,-0.107353567094212
0.638,-0.108011016073725
0.6385,-0.108011016073725
0.639,-0.108339740563629
0.6395,-0.108339740563629
0.64,-0.108339740563629
0.6405,-0.10866846505363
0.641,-0.108997189543729
0.6415,-0.108997189543729
0.642,-0.109654638524221
0.6425,-0.109654638524221
0.643,-0.109654638524221
0.6435,-0.109983363014613
0.644,-0.109983363014613
0.6445,-0.109983363014613
0.645,-0.110312087505104
0.6455,-0.110312087505104
0.646,-0.111298260977163
0.6465,-0.111626985468045
0.647,-0.111298260977163
0.6475,-0.111298260977163
0.648,-0.111626985468045
0.6485,-0.111955709959026
0.649,-0.112284434450104
0.6495,-0.112941883432555
0.65,-0.11261315894128
0.6505,-0.112941883432555
0.651,-0.113270607923927
0.6515,-0.112941883432555
0.652,-0.112941883432555
0.6525,-0.113270607923927
0.653,-0.113928056906967
0.6535,-0.114585505890399
0.654,-0.114256781398634
0.6545,-0.115242954874224
0.655,-0.114914230382263
0.6555,-0.115571679366284
0.656,-0.115242954874224
0.6565,-0.115242954874224
0.657,-0.115900403858442
0.6575,-0.115571679366284
0.658,-0.116229128350699
0.6585,-0.116557852843054
0.659,-0.116886577335507
0.6595,-0.116886577335507
0.66,-0.117215301828058
0.6605,-0.116886577335507
0.661,-0.117544026320708
0.6615,-0.117544026320708
0.662,-0.117872750813457
0.6625,-0.117872750813457
0.663,-0.118201475306303
0.6635,-0.118201475306303
0.664,-0.118858924292292
0.6645,-0.119516373278675
0.665,-0.119187648785434
0.6655,-0.119187648785434
0.666,-0.119516373278675
0.6665,-0.119516373278675
0.667,-0.120173822265452
0.6675,-0.120502546758989
0.668,-0.120831271252624
0.6685,-0.120502546758989
0.669,-0.120831271252624
0.6695,-0.121159995746358
0.67,-0.121159995746358
0.6705,-0.121817444734121
0.671,-0.121817444734121
0.6715,-0.122146169228151
0.672,-0.122146169228151
0.6725,-0.122146169228151
0.673,-0.122146169228151
0.6735,-0.122474893722279
0.674,-0.122474893722279
0.6745,-0.123461067205257
0.675,-0.123132342710833
0.6755,-0.123461067205257
0.676,-0.123789791699781
0.6765,-0.124118516194404
0.677,-0.124118516194404
0.6775,-0.124118516194404
0.678,-0.124447240689125
0.6785,-0.125104689678864
0.679,-0.124775965183945
0.6795,-0.125104689678864
0.68,-0.125433414173882
0.6805,-0.125433414173882
0.681,-0.125762138669
0.6815,-0.126090863164216
0.682,-0.126419587659531
0.6825,-0.126419587659531
0.683,-0.126748312154945
0.6835,-0.127077036650458
0.684,-0.127077036650458
0.6845,-0.12740576114607
0.685,-0.12740576114607
0.6855,-0.12740576114607
0.686,-0.128063210137592
0.6865,-0.127734485641781
0.687,-0.128063210137592
0.6875,-0.12872065912951
0.688,-0.12872065912951
0.6885,-0.129049383625618
0.689,-0.129049383625618
0.6895,-0.129378108121825
0.69,-0.129049383625618
0.6905,-0.129706832618131
0.691,-0.130035557114536
0.6915,-0.130364281611041
0.692,-0.130693006107645
0.6925,-0.130693006107645
0.693,-0.131021730604349
0.6935,-0.131021730604349
0.694,-0.131021730604349
0.6945,-0.131679179598054
0.695,-0.132007904095055
0.6955,-0.131679179598054
0.696,-0.132336628592156
0.6965,-0.132336628592156
0.697,-0.132994077586656
0.6975,-0.132665353089356
0.698,-0.132994077586656
0.6985,-0.133651526581554
0.699,-0.133322802084055
0.6995,-0.133651526581554
0.7,-0.133980251079152
0.7005,-0.133980251079152
0.701,-0.13430897557685
0.7015,-0.133980251079152
0.702,-0.134637700074647
0.7025,-0.134637700074647
0.703,-0.134966424572544
0.7035,-0.135623873568637
0.704,-0.135623873568637
0.7045,-0.135952598066833
0.705,-0.135952598066833
0.7055,-0.135952598066833
0.706,-0.136281322565129
0.7065,-0.136610047063524
0.707,-0.136938771562019
0.7075,-0.136938771562019
0.708,-0.137267496060613
0.7085,-0.137596220559308
0.709,-0.137267496060613
0.7095,-0.137924945058102
0.71,-0.138253669556996
0.7105,-0.13858239405599
0.711,-0.138253669556996
0.7115,-0.138911118555084
0.712,-0.139568567553571
0.7125,-0.138911118555084
0.713,-0.139239843054278
0.7135,-0.139568567553571
0.714,-0.139568567553571
0.7145,-0.139897292052965
0.715,-0.139897292052965
0.7155,-0.140226016552458
0.716,-0.140883465551745
0.7165,-0.140554741052051
0.717,-0.140883465551745
0.7175,-0.141540914551432
0.718,-0.141540914551432
0.7185,-0.141869639051425
0.719,-0.142198363551519
0.7195,-0.142198363551519
0.72,-0.142198363551519
0.7205,-0.142855812552006
0.721,-0.142855812552006
0.7215,-0.142527088051712
0.722,-0.143513261552894
0.7225,-0.1431845370524
0.723,-0.143513261552894
0.7235,-0.143841986053488
0.724,-0.144170710554183
0.7245,-0.144499435054978
0.725,-0.144499435054978
0.7255,-0.144828159555873
0.726,-0.144828159555873
0.7265,-0.145156884056868
0.727,-0.14581433305916
0.7275,-0.145485608557964
0.728,-0.14581433305916
0.7285,-0.146143057560456
0.729,-0.146471782061853
0.7295,-0.146471782061853
0.73,-0.14680050656335
0.7305,-0.147129231064947
0.731,-0.147457955566645
0.7315,-0.147129231064947
0.732,-0.148115404570343
0.7325,-0.147786680068444
0.733,-0.148444129072342
0.7335,-0.148115404570343
0.734,-0.148444129072342
0.7345,-0.148444129072342
0.735,-0.148444129072342
0.7355,-0.149101578076643
0.736,-0.149101578076643
0.7365,-0.149101578076643
0.737,-0.150087751583848
0.7375,-0.150087751583848
0.738,-0.150416476086451
0.7385,-0.150745200589154
0.739,-0.150745200589154
0.7395,-0.151073925091959
0.74,-0.151402649594864
0.7405,-0.151402649594864
0.741,-0.151731374097869
0.7415,-0.151731374097869
0.742,-0.152060098600976
0.7425,-0.152060098600976
0.743,-0.152060098600976
0.7435,-0.152388823104183
0.744,-0.152717547607491
0.7445,-0.152717547607491
0.745,-0.1530462721109
0.7455,-0.15337499661441
0.746,-0.15337499661441
0.7465,-0.153703721118021
0.747,-0.154032445621732
0.7475,-0.154032445621732
0.748,-0.154361170125545
0.7485,-0.154689894629458
0.749,-0.154689894629458
0.7495,-0.155018619133473
0.75,-0.155347343637588
0.7505,-0.155347343637588
0.751,-0.155676068141804
0.7515,-0.155347343637588
0.752,-0.155676068141804
0.7525,-0.15633351715054
0.753,-0.156004792646122
0.7535,-0.15633351715054
0.754,-0.15666224165506
0.7545,-0.15699096615968
0.755,-0.15699096615968
0.7555,-0.157648415169225
0.756,-0.157648415169225
0.7565,-0.157977139674149
0.757,-0.158305864179174
0.7575,-0.157977139674149
0.758,-0.158305864179174
0.7585,-0.158963313189528
0.759,-0.158963313189528
0.7595,-0.159292037694857
0.76,-0.159292037694857
0.7605,-0.159949486705819
0.761,-0.159949486705819
0.7615,-0.159949486705819
0.762,-0.160606935717186
0.7625,-0.160606935717186
0.763,-0.160278211211452
0.7635,-0.161264384728958
0.764,-0.160935660223021
0.7645,-0.161264384728958
0.765,-0.160935660223021
0.7655,-0.161593109234997
0.766,-0.161921833741136
0.7665,-0.161921833741136
0.767,-0.16257928275372
0.7675,-0.16257928275372
0.768,-0.162908007260165
0.7685,-0.16323673176671
0.769,-0.162908007260165
0.7695,-0.163565456273358
0.77,-0.16323673176671
0.7705,-0.163894180780107
0.771,-0.163894180780107
0.7715,-0.163894180780107
0.772,-0.164551629793909
0.7725,-0.164551629793909
0.773,-0.164222905286957
0.7735,-0.164880354300963
0.774,-0.165209078808118
0.7745,-0.165537803315375
0.775,-0.165209078808118
0.7755,-0.165866527822734
0.776,-0.166523976837757
0.7765,-0.166195252330194
0.777,-0.166523976837757
0.7775,-0.166523976837757
0.778,-0.167181425853187
0.7785,-0.167181425853187
0.779,-0.166852701345421
0.7795,-0.167838874869024
0.78,-0.167838874869024
0.7805,-0.168496323885268
0.781,-0.168167599377095
0.7815,-0.168167599377095
0.782,-0.168825048393543
0.7825,-0.168825048393543
0.783,-0.16915377290192
0.7835,-0.169482497410399
0.784,-0.169482497410399
0.7845,-0.169482497410399
0.785,-0.16981122191898
0.7855,-0.16981122191898
0.786,-0.170139946427663
0.7865,-0.170468670936448
0.787,-0.171126119954324
0.7875,-0.171126119954324
0.788,-0.171126119954324
0.7885,-0.171454844463416
0.789,-0.171454844463416
0.7895,-0.171783568972609
0.79,-0.171783568972609
0.7905,-0.172441017991302
0.791,-0.172441017991302
0.7915,-0.172769742500802
0.792,-0.172441017991302
0.7925,-0.173098467010404
0.793,-0.173427191520108
0.7935,-0.173427191520108
0.794,-0.173755916029914
0.7945,-0.174413365049834
0.795,-0.174084640539823
0.7955,-0.174084640539823
0.796,-0.174742089559948
0.7965,-0.174742089559948
0.797,-0.175070814070163
0.7975,-0.175070814070163
0.798,-0.175399538580481
0.7985,-0.176056987601424
0.799,-0.175399538580481
0.7995,-0.176056987601424
0.8,-0.176056987601424
0.8005,-0.176714436622777
0.801,-0.177043161133608
0.8015,-0.177043161133608
0.802,-0.17737188564454
0.8025,-0.177043161133608
0.803,-0.177700610155575
0.8035,-0.178029334666713
0.804,-0.17737188564454
0.8045,-0.178358059177953
0.805,-0.178358059177953
0.8055,-0.178358059177953
0.806,-0.178686783689296
0.8065,-0.17934423271229
0.807,-0.17934423271229
0.8075,-0.179015508200742
0.808,-0.180001681735694
0.8085,-0.180001681735694
0.809,-0.180001681735694
0.8095,-0.180659130759509
0.81,-0.180001681735694
0.8105,-0.180659130759509
0.811,-0.18098785527157
0.8115,-0.18098785527157
0.812,-0.181974028808372
0.8125,-0.181316579783735
0.813,-0.181645304296002
0.8135,-0.18263147783342
0.814,-0.181974028808372
0.8145,-0.18263147783342
0.815,-0.18263147783342
0.8155,-0.18263147783342
0.816,-0.182960202346099
0.8165,-0.18328892685888
0.817,-0.183617651371765
0.8175,-0.18328892685888
0.818,-0.184603824911035
0.8185,-0.184275100397842
0.819,-0.184603824911035
0.8195,-0.184275100397842
0.82,-0.184603824911035
0.8205,-0.184603824911035
0.821,-0.185589998451233
0.8215,-0.185589998451233
0.822,-0.185589998451233
0.8225,-0.185918722964839
0.823,-0.185589998451233
0.8235,-0.186247447478547
0.824,-0.186576171992359
0.8245,-0.186904896506274
0.825,-0.186904896506274
0.8255,-0.187233621020292
0.826,-0.187562345534413
0.8265,-0.187562345534413
0.827,-0.187891070048637
0.8275,-0.188219794562965
0.828,-0.187891070048637
0.8285,-0.18887724359193
0.829,-0.18887724359193
0.8295,-0.18887724359193
0.83,-0.18887724359193
0.8305,-0.189205968106567
0.831,-0.189863417136152
0.8315,-0.189534692621308
0.832,-0.189863417136152
0.8325,-0.189863417136152
0.833,-0.190520866166151
0.8335,-0.1901921416511
0.834,-0.190520866166151
0.8345,-0.191178315196563
0.835,-0.190849590681305
0.8355,-0.191507039711924
0.836,-0.191835764227389
0.8365,-0.191507039711924
0.837,-0.192164488742957
0.8375,-0.192164488742957
0.838,-0.192493213258629
0.8385,-0.193150662290283
0.839,-0.192821937774404
0.8395,-0.193150662290283
0.84,-0.193150662290283
0.8405,-0.193808111322352
0.841,-0.193808111322352
0.8415,-0.194136835838541
0.842,-0.194136835838541
0.8425,-0.194136835838541
0.843,-0.194465560354835
0.8435,-0.194794284871232
0.844,-0.195123009387733
0.8445,-0.195123009387733
0.845,-0.195123009387733
0.8455,-0.195451733904337
0.846,-0.195780458421046
0.8465,-0.196109182937858
0.847,-0.196437907454774
0.8475,-0.196766631971793
0.848,-0.196766631971793
0.8485,-0.197424081006144
0.849,-0.197424081006144
0.8495,-0.197752805523476
0.85,-0.197752805523476
0.8505,-0.197424081006144
0.851,-0.198081530040911
0.8515,-0.198081530040911
0.852,-0.198738979076093
0.8525,-0.198738979076093
0.853,-0.198738979076093
0.8535,-0.199396428111692
0.854,-0.199396428111692
0.8545,-0.200053877147706
0.855,-0.199725152629647
0.8555,-0.200053877147706
0.856,-0.199725152629647
0.8565,-0.200711326184137
0.857,-0.200711326184137
0.8575,-0.201040050702508
0.858,-0.200711326184137
0.8585,-0.201697499739564
0.859,-0.201697499739564
0.8595,-0.201697499739564
0.86,-0.202026224258248
0.8605,-0.202354948777036
0.861,-0.202683673295928
0.8615,-0.202683673295928
0.862,-0.203012397814925
0.8625,-0.203012397814925
0.863,-0.203012397814925
0.8635,-0.203341122334026
0.864,-0.203669846853231
0.8645,-0.203998571372541
0.865,-0.203998571372541
0.8655,-0.204656020411473
0.866,-0.204327295891955
0.8665,-0.204327295891955
0.867,-0.204656020411473
0.8675,-0.204984744931096
0.868,-0.205642193970654
0.8685,-0.20597091849059
0.869,-0.205642193970654
0.8695,-0.20629964301063
0.87,-0.20629964301063
0.8705,-0.20629964301063
0.871,-0.206628367530775
0.8715,-0.206957092051025
0.872,-0.207285816571379
0.8725,-0.206957092051025
0.873,-0.207614541091838
0.8735,-0.207943265612401
0.874,-0.207614541091838
0.8745,-0.208600714653841
0.875,-0.208271990133068
0.8755,-0.208600714653841
0.876,-0.208929439174718
0.8765,-0.208929439174718
0.877,-0.209586888216786
0.8775,-0.2092581636957
0.878,-0.209915612737977
0.8785,-0.210244337259273
0.879,-0.210244337259273
0.8795,-0.210244337259273
0.88,-0.210573061780674
0.8805,-0.210573061780674
0.881,-0.211559235345505
0.8815,-0.21090178630218
0.882,-0.21123051082379
0.8825,-0.211559235345505
0.883,-0.211559235345505
0.8835,-0.21221668438925
0.884,-0.21221668438925
0.8845,-0.21254540891128
0.885,-0.212874133433415
0.8855,-0.212874133433415
0.886,-0.212874133433415
0.8865,-0.213531582477999
0.887,-0.213860307000449
0.8875,-0.213531582477999
0.888,-0.213860307000449
0.8885,-0.214189031523003
0.889,-0.214189031523003
0.8895,-0.214517756045663
0.89,-0.215175205091298
0.8905,-0.214846480568428
0.891,-0.214846480568428
0.8915,-0.215503929614273
0.892,-0.215832654137353
0.8925,-0.215832654137353
0.893,-0.215832654137353
0.8935,-0.216161378660538
0.894,-0.216490103183828
0.8945,-0.217147552230725
0.895,-0.217147552230725
0.8955,-0.216490103183828
0.896,-0.217147552230725
0.8965,-0.217147552230725
0.897,-0.217476276754331
0.8975,-0.217805001278042
0.898,-0.217805001278042
0.8985,-0.218462450325781
0.899,-0.218133725801859
0.8995,-0.218791174849808
0.9,-0.218791174849808
0.9005,-0.218791174849808
0.901,-0.219448623898179
0.9015,-0.219119899373941
0.902,-0.219777348422523
0.9025,-0.219777348422523
0.903,-0.220106072946971
0.9035,-0.220434797471526
0.904,-0.220434797471526
0.9045,-0.220763521996186
0.905,-0.221092246520951
0.9055,-0.221092246520951
0.906,-0.221092246520951
0.9065,-0.221092246520951
0.907,-0.221749695570798
0.9075,-0.22207842009588
0.908,-0.22207842009588
0.9085,-0.22273586914636
0.909,-0.22273586914636
0.9095,-0.223064593671759
0.91,-0.223064593671759
0.9105,-0.223393318197264
0.911,-0.224050767248589
0.9115,-0.223722042722874
0.912,-0.224050767248589
0.9125,-0.224708216300338
0.913,-0.224379491774411
0.9135,-0.224379491774411
0.914,-0.225036940826371
0.9145,-0.22536566535251
0.915,-0.225036940826371
0.9155,-0.225036940826371
0.916,-0.225694389878754
0.9165,-0.225694389878754
0.917,-0.226351838931561
0.9175,-0.226023114405105
0.918,-0.226680563458123
0.9185,-0.227009287984791
0.919,-0.227009287984791
0.9195,-0.227666737038445
0.92,-0.227338012511565
0.9205,-0.227666737038445
0.921,-0.227666737038445
0.9215,-0.227666737038445
0.922,-0.228324186092522
0.9225,-0.22865291061972
0.923,-0.22865291061972
0.9235,-0.22865291061972
0.924,-0.228981635147024
0.9245,-0.229310359674434
0.925,-0.229310359674434
0.9255,-0.229310359674434
0.926,-0.22963908420195
0.9265,-0.229967808729572
0.927,-0.2302965332573
0.9275,-0.230625257785135
0.928,-0.230953982313075
0.9285,-0.231282706841122
0.929,-0.231282706841122
0.9295,-0.231940155897534
0.93,-0.231611431369275
0.9305,-0.231940155897534
0.931,-0.2322688804259
0.9315,-0.2322688804259
0.932,-0.232597604954371
0.9325,-0.232926329482949
0.933,-0.232926329482949
0.9335,-0.233255054011634
0.934,-0.233583778540425
0.9345,-0.233583778540425
0.935,-0.233583778540425
0.9355,-0.233912503069322
0.936,-0.234241227598325
0.9365,-0.233912503069322
0.937,-0.234898676656651
0.9375,-0.234569952127435
0.938,-0.234898676656651
0.9385,-0.235227401185974
0.939,-0.235227401185974
0.9395,-0.235227401185974
0.94,-0.235884850244939
0.9405,-0.235884850244939
0.941,-0.235884850244939
0.9415,-0.236213574774581
0.942,-0.236871023834186
0.9425,-0.236871023834186
0.943,-0.237199748364148
0.9435,-0.237199748364148
0.944,-0.237528472894216
0.9445,-0.237528472894216
0.945,-0.237857197424392
0.9455,-0.238185921954674
0.946,-0.237857197424392
0.9465,-0.238514646485062
0.947,-0.238514646485062
0.9475,-0.238514646485062
0.948,-0.239500820076869
0.9485,-0.239500820076869
0.949,-0.239500820076869
0.9495,-0.239829544607684
0.95,-0.239500820076869
0.9505,-0.240486993669636
0.951,-0.240486993669636
0.9515,-0.240486993669636
0.952,-0.241144442732015
0.9525,-0.241144442732015
0.953,-0.241473167263365
0.9535,-0.241473167263365
0.954,-0.241801891794822
0.9545,-0.241801891794822
0.955,-0.241473167263365
0.9555,-0.242130616326385
0.956,-0.242459340858056
0.9565,-0.242788065389833
0.957,-0.242788065389833
0.9575,-0.242788065389833
0.958,-0.243116789921718
0.9585,-0.24344551445371
0.959,-0.24344551445371
0.9595,-0.243774238985809
0.96,-0.244102963518014
0.9605,-0.243774238985809
0.961,-0.244431688050327
0.9615,-0.244431688050327
0.962,-0.245089137115274
0.9625,-0.245089137115274
0.963,-0.24574658618065
0.9635,-0.245089137115274
0.964,-0.245417861647909
0.9645,-0.246404035246455
0.965,-0.246075310713499
0.9655,-0.246404035246455
0.966,-0.246075310713499
0.9665,-0.247061484312688
0.967,-0.247390208845966
0.9675,-0.246732759779518
0.968,-0.247718933379351
0.9685,-0.248376382446443
0.969,-0.248047657912843
0.9695,-0.248047657912843
0.97,-0.248047657912843
0.9705,-0.248376382446443
0.971,-0.24870510698015
0.9715,-0.249033831513965
0.972,-0.249362556047887
0.9725,-0.249033831513965
0.973,-0.249362556047887
0.9735,-0.250020005116053
0.974,-0.249691280581916
0.9745,-0.250348729650297
0.975,-0.250020005116053
0.9755,-0.250677454184649
0.976,-0.250677454184649
0.9765,-0.251006178719109
0.977,-0.251334903253676
0.9775,-0.251334903253676
0.978,-0.251992352323133
0.9785,-0.252321076858022
0.979,-0.252321076858022
0.9795,-0.252321076858022
0.98,-0.252321076858022
0.9805,-0.252978525928125
0.981,-0.252978525928125
0.9815,-0.252978525928125
0.982,-0.253635974998659
0.9825,-0.253307250463338
0.983,-0.253635974998659
0.9835,-0.254293424069623
0.984,-0.253964699534087
0.9845,-0.254293424069623
0.985,-0.254622148605267
0.9855,-0.254622148605267
0.986,-0.254950873141019
0.9865,-0.254950873141019
0.987,-0.255608322212846
0.9875,-0.255608322212846
0.988,-0.255937046748921
0.9885,-0.256594495821396
0.989,-0.256265771285104
0.9895,-0.256265771285104
0.99,-0.256594495821396
0.9905,-0.256594495821396
0.991,-0.257580669430917
0.9915,-0.257251944894302
0.992,-0.257580669430917
0.9925,-0.257580669430917
0.993,-0.258238118504471
0.9935,-0.258238118504471
0.994,-0.258238118504471
0.9945,-0.258895567578457
0.995,-0.258238118504471
0.9955,-0.259224292115613
0.996,-0.259553016652876
0.9965,-0.259224292115613
0.997,-0.259881741190248
0.9975,-0.259553016652876
0.998,-0.260210465727728
0.9985,-0.260210465727728
0.999,-0.260539190265316
0.9995,-0.260867914803012
1,-0.261196639340817
1.0005,-0.260867914803012
1.001,-0.261854088416751
1.0015,-0.261525363878729
1.002,-0.261854088416751
1.0025,-0.261854088416751
1.003,-0.26218281295488
1.0035,-0.262840262031464
1.004,-0.262511537493118
1.0045,-0.263168986569918
1.005,-0.263168986569918
1.0055,-0.263168986569918
1.006,-0.263826435647152
1.0065,-0.263497711108481
1.007,-0.263826435647152
1.0075,-0.263826435647152
1.008,-0.264812609263817
1.0085,-0.264812609263817
1.009,-0.264812609263817
1.0095,-0.264812609263817
1.01,-0.265141333802922
1.0105,-0.265141333802922
1.011,-0.265798782881458
1.0115,-0.265798782881458
1.012,-0.266127507420888
1.0125,-0.266456231960428
1.013,-0.266456231960428
1.0135,-0.266784956500076
1.014,-0.266784956500076
1.0145,-0.267771130119672
1.015,-0.267113681039833
1.0155,-0.267442405579698
1.016,-0.267771130119672
1.0165,-0.268099854659755
1.017,-0.268757303740247
1.0175,-0.268099854659755
1.018,-0.268757303740247
1.0185,-0.269086028280656
1.019,-0.268757303740247
1.0195,-0.269414752821174
1.02,-0.269414752821174
1.0205,-0.2697434773618
1.021,-0.2697434773618
1.0215,-0.270072201902536
1.022,-0.27040092644338
1.0225,-0.270072201902536
1.023,-0.271058375525396
1.0235,-0.271058375525396
1.024,-0.271715824607847
1.0245,-0.271715824607847
1.025,-0.271715824607847
1.0255,-0.272044549149237
1.026,-0.272373273690735
1.0265,-0.272373273690735
1.027,-0.272373273690735
1.0275,-0.272701998232342
1.028,-0.273359447315883
1.0285,-0.273688171857818
1.029,-0.273688171857818
1.0295,-0.274016896399861
1.03,-0.273359447315883
1.0305,-0.274016896399861
1.031,-0.274345620942014
1.0315,-0.274345620942014
1.032,-0.274674345484276
1.0325,-0.275003070026647
1.033,-0.275331794569127
1.0335,-0.275331794569127
1.034,-0.275331794569127
1.0345,-0.275989243654415
1.035,-0.275660519111717
1.0355,-0.276317968197223
1.036,-0.276646692740141
1.0365,-0.276646692740141
1.037,-0.276646692740141
1.0375,-0.276646692740141
1.038,-0.276975417283167
1.0385,-0.277632866369549
1.039,-0.277304141826303
1.0395,-0.277961590912903
1.04,-0.277961590912903
1.0405,-0.277961590912903
1.041,-0.278619039999941
1.0415,-0.278290315456368
1.042,-0.278947764543624
1.0425,-0.278947764543624
1.043,-0.278947764543624
1.0435,-0.279605213631319
1.044,-0.279605213631319
1.0445,-0.280262662719452
1.045,-0.280262662719452
1.0455,-0.280262662719452
1.046,-0.280591387263682
1.0465,-0.280591387263682
1.047,-0.280591387263682
1.0475,-0.281248836352472
1.048,-0.280920111808023
1.0485,-0.281577560897032
1.049,-0.281248836352472
1.0495,-0.281906285441701
1.05,-0.281906285441701
1.0505,-0.281906285441701
1.051,-0.282563734531369
1.0515,-0.28223500998648
1.052,-0.283221183621475
1.0525,-0.282892459076367
1.053,-0.283221183621475
1.0535,-0.284207357257458
1.054,-0.283549908166693
1.0545,-0.284536081803005
1.055,-0.284207357257458
1.0555,-0.284207357257458
1.056,-0.284864806348663
1.0565,-0.284864806348663
1.057,-0.28519353089443
1.0575,-0.284536081803005
1.058,-0.285522255440307
1.0585,-0.28617970453239
1.059,-0.28617970453239
1.0595,-0.286508429078597
1.06,-0.28617970453239
1.0605,-0.286837153624914
1.061,-0.286508429078597
1.0615,-0.287165878171341
1.062,-0.287494602717878
1.0625,-0.287165878171341
1.063,-0.287494602717878
1.0635,-0.288152051811282
1.064,-0.288152051811282
1.0645,-0.288809500905127
1.065,-0.288152051811282
1.0655,-0.288809500905127
1.066,-0.288809500905127
1.0665,-0.288809500905127
1.067,-0.28979567454672
1.0675,-0.290124399094138
1.068,-0.290124399094138
1.0685,-0.290124399094138
1.069,-0.290124399094138
1.0695,-0.290453123641666
1.07,-0.290453123641666
1.0705,-0.290781848189305
1.071,-0.291110572737054
1.0715,-0.291768021832882
1.072,-0.291768021832882
1.0725,-0.291768021832882
1.073,-0.292096746380962
1.0735,-0.292754195477453
1.074,-0.292425470929153
1.0745,-0.292425470929153
1.075,-0.293082920025865
1.0755,-0.293082920025865
1.076,-0.293082920025865
1.0765,-0.293082920025865
1.077,-0.293740369123018
1.0775,-0.293740369123018
1.078,-0.294069093671761
1.0785,-0.294397818220614
1.079,-0.294397818220614
1.0795,-0.294397818220614
1.08,-0.294726542769577
1.0805,-0.295383991867837
1.081,-0.296041440966538
1.0815,-0.295383991867837
1.082,-0.296041440966538
1.0825,-0.295712716417132
1.083,-0.296041440966538
1.0835,-0.296041440966538
1.084,-0.296370165516055
1.0845,-0.29702761461542
1.085,-0.29702761461542
1.0855,-0.297356339165269
1.086,-0.297685063715228
1.0865,-0.297685063715228
1.087,-0.29834251281548
1.0875,-0.297685063715228
1.088,-0.29834251281548
1.0885,-0.298671237365772
1.089,-0.298999961916174
1.0895,-0.299328686466688
1.09,-0.298999961916174
1.0905,-0.299328686466688
1.091,-0.299986135568048
1.0915,-0.299657411017312
1.092,-0.300643584669851
1.0925,-0.299986135568048
1.093,-0.300314860118894
1.0935,-0.300643584669851
1.094,-0.300972309220919
1.0945,-0.300972309220919
1.095,-0.300972309220919
1.0955,-0.301629758323389
1.096,-0.30195848287479
1.0965,-0.30195848287479
1.097,-0.302287207426302
1.0975,-0.302287207426302
1.098,-0.302615931977926
1.0985,-0.302615931977926
1.099,-0.302615931977926
1.0995,-0.303273381081506
1.1,-0.303602105633463
1.1005,-0.303602105633463
1.101,-0.303930830185531
1.1015,-0.303602105633463
1.102,-0.30458827929
1.1025,-0.30458827929
1.103,-0.30458827929
1.1035,-0.30458827929
1.104,-0.305245728394915
1.1045,-0.305245728394915
1.105,-0.305574452947539
1.1055,-0.305903177500274
1.106,-0.305903177500274
1.1065,-0.306231902053121
1.107,-0.306889351159149
1.1075,-0.306560626606079
1.108,-0.306889351159149
1.1085,-0.30721807571233
1.109,-0.306889351159149
1.1095,-0.307875524819026
1.11,-0.307546800265622
1.1105,-0.307546800265622
1.111,-0.308204249372541
1.1115,-0.308204249372541
1.112,-0.308861698479906
1.1125,-0.308204249372541
1.113,-0.308861698479906
1.1135,-0.309190423033756
1.114,-0.309190423033756
1.1145,-0.30984787214179
1.115,-0.30984787214179
1.1155,-0.310176596695975
1.116,-0.310505321250271
1.1165,-0.310176596695975
1.117,-0.310505321250271
1.1175,-0.310834045804678
1.118,-0.311162770359198
1.1185,-0.311162770359198
1.119,-0.311491494913829
1.1195,-0.311491494913829
1.12,-0.311820219468572
1.1205,-0.312148944023427
1.121,-0.312148944023427
1.1215,-0.312477668578393
1.122,-0.313135117688661
1.1225,-0.312806393133471
1.123,-0.313463842243963
1.1235,-0.313792566799376
1.124,-0.313463842243963
1.1245,-0.314121291354902
1.125,-0.314121291354902
1.1255,-0.314121291354902
1.126,-0.314778740466288
1.1265,-0.314778740466288
1.127,-0.314778740466288
1.1275,-0.31510746502215
1.128,-0.315436189578123
1.1285,-0.316093638690405
1.129,-0.316093638690405
1.1295,-0.315764914134208
1.13,-0.316422363246714
1.1305,-0.316422363246714
1.131,-0.316751087803136
1.1315,-0.317079812359669
1.132,-0.317408536916315
1.1325,-0.317408536916315
1.133,-0.317737261473072
1.1335,-0.317737261473072
1.134,-0.318065986029942
1.1345,-0.318394710586924
1.135,-0.318723435144018
1.1355,-0.318723435144018
1.136,-0.319052159701224
1.1365,-0.319052159701224
1.137,-0.319380884258542
1.1375,-0.319380884258542
1.138,-0.319380884258542
1.1385,-0.320038333373516
1.139,-0.319709608815973
1.1395,-0.320038333373516
1.14,-0.320367057931172
1.1405,-0.320695782488939
1.141,-0.320695782488939
1.1415,-0.320695782488939
1.142,-0.321353231604812
1.1425,-0.321024507046819
1.143,-0.321681956162916
1.1435,-0.321681956162916
1.144,-0.322010680721133
1.1445,-0.322339405279463
1.145,-0.322010680721133
1.1455,-0.322339405279463
1.146,-0.32299685439646
1.1465,-0.32299685439646
1.147,-0.323325578955127
1.1475,-0.32299685439646
1.148,-0.323983028072798
1.1485,-0.324311752631803
1.149,-0.323983028072798
1.1495,-0.324311752631803
1.15,-0.32464047719092
1.1505,-0.32464047719092
1.151,-0.32496920175015
1.1515,-0.32496920175015
1.152,-0.325955375428516
1.1525,-0.325626650868948
1.153,-0.325955375428516
1.1535,-0.326284099988196
1.154,-0.32661282454799
1.1545,-0.32661282454799
1.155,-0.32661282454799
1.1555,-0.326941549107896
1.156,-0.327270273667915
1.1565,-0.327598998228046
1.157,-0.327927722788291
1.1575,-0.327598998228046
1.158,-0.327598998228046
1.1585,-0.328913896469701
1.159,-0.328585171909118
1.1595,-0.328585171909118
1.16,-0.328913896469701
1.1605,-0.328913896469701
1.161,-0.329571345591206
1.1615,-0.329571345591206
1.162,-0.329900070152128
1.1625,-0.329900070152128
1.163,-0.330228794713163
1.1635,-0.330228794713163
1.164,-0.33055751927431
1.1645,-0.330886243835571
1.165,-0.330886243835571
1.1655,-0.331214968396945
1.166,-0.331872417520032
1.1665,-0.331872417520032
1.167,-0.331872417520032
1.1675,-0.332201142081745
1.168,-0.332529866643571
1.1685,-0.332201142081745
1.169,-0.332529866643571
1.1695,-0.333187315767563
1.17,-0.332858591205511
1.1705,-0.333187315767563
1.171,-0.333516040329729
1.1715,-0.334173489454401
1.172,-0.334173489454401
1.1725,-0.334502214016906
1.173,-0.334173489454401
1.1735,-0.334830938579525
1.174,-0.334830938579525
1.1745,-0.334830938579525
1.175,-0.335159663142257
1.1755,-0.335488387705103
1.176,-0.336145836831134
1.1765,-0.336145836831134
1.177,-0.336145836831134
1.1775,-0.335817112268061
1.178,-0.336474561394319
1.1785,-0.337132010521031
1.179,-0.336803285957618
1.1795,-0.337460735084557
1.18,-0.337132010521031
1.1805,-0.337789459648196
1.181,-0.337789459648196
1.1815,-0.338446908775816
1.182,-0.338446908775816
1.1825,-0.338118184211949
1.183,-0.338775633339796
1.1835,-0.339433082468097
1.184,-0.338775633339796
1.1845,-0.339761807032418
1.185,-0.339433082468097
1.1855,-0.339761807032418
1.186,-0.340090531596852
1.1865,-0.339761807032418
1.187,-0.340090531596852
1.1875,-0.340419256161401
1.188,-0.340419256161401
1.1885,-0.341076705290838
1.189,-0.341076705290838
1.1895,-0.341405429855728
1.19,-0.341734154420731
1.1905,-0.341405429855728
1.191,-0.342062878985848
1.1915,-0.341734154420731
1.192,-0.342720328116423
1.1925,-0.342720328116423
1.193,-0.343049052681881
1.1935,-0.343377777247454
1.194,-0.342720328116423
1.1945,-0.343377777247454
1.195,-0.34370650181314
1.1955,-0.34370650181314
1.196,-0.34370650181314
1.1965,-0.344363950944854
1.197,-0.344363950944854
1.1975,-0.34403522637894
1.198,-0.344692675510882
1.1985,-0.345021400077024
1.199,-0.345021400077024
1.1995,-0.345678849209651
1.2,-0.345678849209651
1.2005,-0.34535012464328
1.201,-0.346336298342733
1.2015,-0.346665022909445
1.202,-0.346993747476272
1.2025,-0.346665022909445
1.203,-0.346665022909445
1.2035,-0.347322472043212
1.204,-0.346993747476272
1.2045,-0.347651196610267
1.205,-0.347651196610267
1.2055,-0.347651196610267
1.206,-0.348308645744719
1.2065,-0.348308645744719
1.207,-0.348637370312117
1.2075,-0.348637370312117
1.208,-0.349294819447254
1.2085,-0.349294819447254
1.209,-0.349294819447254
1.2095,-0.349952268582849
1.21,-0.349952268582849
1.2105,-0.350280993150818
1.211,-0.350609717718902
1.2115,-0.350609717718902
1.212,-0.350609717718902
1.2125,-0.350938442287099
1.213,-0.350609717718902
1.2135,-0.351267166855412
1.214,-0.351595891423838
1.2145,-0.351924615992379
1.215,-0.351924615992379
1.2155,-0.351924615992379
1.216,-0.352582065129805
1.2165,-0.352253340561035
1.217,-0.352910789698689
1.2175,-0.352910789698689
1.218,-0.353239514267689
1.2185,-0.353568238836802
1.219,-0.353568238836802
1.2195,-0.354225687975374
1.22,-0.353896963406031
1.2205,-0.353896963406031
1.221,-0.354225687975374
1.2215,-0.354554412544831
1.222,-0.354883137114403
1.2225,-0.354883137114403
1.223,-0.354883137114403
1.2235,-0.355869310823808
1.224,-0.355540586253892
1.2245,-0.356198035393839
1.225,-0.355869310823808
1.2255,-0.356198035393839
1.226,-0.356198035393839
1.2265,-0.357184209104622
1.227,-0.357512933675112
1.2275,-0.357184209104622
1.228,-0.357841658245717
1.2285,-0.357841658245717
1.229,-0.358170382816437
1.2295,-0.358499107387273
1.23,-0.357841658245717
1.2305,-0.358499107387273
1.231,-0.359156556529288
1.2315,-0.358827831958223
1.232,-0.359814005671762
1.2325,-0.359485281100467
1.233,-0.359485281100467
1.2335,-0.360142730243172
1.234,-0.360142730243172
1.2345,-0.360471454814697
1.235,-0.360471454814697
1.2355,-0.361128903958093
1.236,-0.361128903958093
1.2365,-0.361457628529963
1.237,-0.361786353101948
1.2375,-0.361457628529963
1.238,-0.361786353101948
1.2385,-0.362115077674049
1.239,-0.362115077674049
1.2395,-0.362443802246265
1.24,-0.362443802246265
1.2405,-0.362772526818596
1.241,-0.363429975963604
1.2415,-0.363429975963604
1.242,-0.364087425109072
1.2425,-0.36375870053628
1.243,-0.364087425109072
1.2435,-0.364087425109072
1.244,-0.36441614968198
1.2445,-0.364744874255003
1.245,-0.364744874255003
1.2455,-0.365073598828141
1.246,-0.365073598828141
1.2465,-0.365402323401394
1.247,-0.365731047974763
1.2475,-0.365402323401394
1.248,-0.366059772548247
1.2485,-0.366388497121847
1.249,-0.366717221695562
1.2495,-0.366717221695562
1.25,-0.366717221695562
1.2505,-0.367045946269393
1.251,-0.367374670843339
1.2515,-0.367703395417401
1.252,-0.368032119991579
1.2525,-0.367703395417401
1.253,-0.368360844565872
1.2535,-0.36868956914028
1.254,-0.36868956914028
1.2545,-0.369018293714804
1.255,-0.369018293714804
1.2555,-0.3696757428642
1.256,-0.370333192014058
1.2565,-0.3696757428642
1.257,-0.370004467439071
1.2575,-0.370333192014058
1.258,-0.370661916589161
1.2585,-0.370990641164379
1.259,-0.370661916589161
1.2595,-0.371319365739714
1.26,-0.371319365739714
1.2605,-0.371648090315164
1.261,-0.37197681489073
1.2615,-0.37197681489073
1.262,-0.37263426404221
1.2625,-0.37263426404221
1.263,-0.372305539466412
1.2635,-0.372962988618123
1.264,-0.372962988618123
1.2645,-0.373620437770298
1.265,-0.373620437770298
1.2655,-0.373620437770298
1.266,-0.37394916234656
1.2665,-0.37394916234656
1.267,-0.374606611499431
1.2675,-0.374277886922937
1.268,-0.374606611499431
1.2685,-0.37493533607604
1.269,-0.374606611499431
1.2695,-0.375264060652766
1.27,-0.375264060652766
1.2705,-0.375592785229607
1.271,-0.375592785229607
1.2715,-0.375921509806565
1.272,-0.376578958960829
1.2725,-0.376250234383639
1.273,-0.376907683538135
1.2735,-0.376907683538135
1.274,-0.376907683538135
1.2745,-0.377236408115558
1.275,-0.377565132693097
1.2755,-0.377893857270752
1.276,-0.377893857270752
1.2765,-0.378222581848523
1.277,-0.378222581848523
1.2775,-0.378222581848523
1.278,-0.37855130642641
1.2785,-0.378880031004414
1.279,-0.378880031004414
1.2795,-0.379866204739123
1.28,-0.379866204739123
1.2805,-0.380194929317593
1.281,-0.379866204739123
1.2815,-0.379866204739123
1.282,-0.380194929317593
1.2825,-0.380523653896178
1.283,-0.381181103053699
1.2835,-0.381181103053699
1.284,-0.381181103053699
1.2845,-0.381838552211686
1.285,-0.381838552211686
1.2855,-0.382167276790854
1.286,-0.382496001370139
1.2865,-0.382167276790854
1.287,-0.382496001370139
1.2875,-0.383153450529058
1.288,-0.38282472594954
1.2885,-0.383153450529058
1.289,-0.383482175108692
1.2895,-0.38282472594954
1.29,-0.383482175108692
1.2905,-0.383810899688444
1.291,-0.384468348848296
1.2915,-0.384468348848296
1.292,-0.384468348848296
1.2925,-0.384797073428397
1.293,-0.384797073428397
1.2935,-0.38545452258895
1.294,-0.385125798008615
1.2945,-0.38545452258895
1.295,-0.38611197174997
1.2955,-0.38611197174997
1.296,-0.38611197174997
1.2965,-0.386440696330655
1.297,-0.387098145492376
1.2975,-0.387098145492376
1.298,-0.386769420911457
1.2985,-0.387098145492376
1.299,-0.387755594654565
1.2995,-0.387755594654565
1.3,-0.388084319235834
1.3005,-0.388084319235834
1.301,-0.388741768398725
1.3015,-0.388413043817221
1.302,-0.388741768398725
1.3025,-0.389070492980345
1.303,-0.388741768398725
1.3035,-0.389727942143938
1.304,-0.390056666725909
1.3045,-0.390385391307998
1.305,-0.390056666725909
1.3055,-0.390385391307998
1.306,-0.391042840472528
1.3065,-0.390714115890204
1.307,-0.391042840472528
1.3075,-0.390714115890204
1.308,-0.391700289637526
1.3085,-0.3920290142202
1.309,-0.3920290142202
1.3095,-0.392357738802992
1.31,-0.392357738802992
1.3105,-0.392686463385902
1.311,-0.392357738802992
1.3115,-0.392686463385902
1.312,-0.393343912552072
1.3125,-0.393015187968928
1.313,-0.393343912552072
1.3135,-0.393672637135333
1.314,-0.394001361718712
1.3145,-0.394001361718712
1.315,-0.393672637135333
1.3155,-0.394001361718712
1.316,-0.394987535469552
1.3165,-0.3953162600534
1.317,-0.395644984637365
1.3175,-0.394987535469552
1.318,-0.395644984637365
1.3185,-0.395973709221448
1.319,-0.395973709221448
1.3195,-0.396302433805649
1.32,-0.396302433805649
1.3205,-0.396302433805649
1.321,-0.396959882974403
1.3215,-0.396959882974403
1.322,-0.397617332143627
1.3225,-0.397617332143627
1.323,-0.397946056728415
1.3235,-0.397946056728415
1.324,-0.397946056728415
1.3245,-0.398274781313321
1.325,-0.398603505898345
1.3255,-0.398932230483487
1.326,-0.399260955068746
1.3265,-0.399260955068746
1.327,-0.399260955068746
1.3275,-0.399589679654123
1.328,-0.399918404239617
1.3285,-0.40024712882523
1.329,-0.40057585341096
1.3295,-0.40057585341096
1.33,-0.40057585341096
1.3305,-0.400904577996808
1.331,-0.401562027168858
1.3315,-0.401233302582774
1.332,-0.401562027168858
1.3325,-0.401562027168858
1.333,-0.402219476341379
1.3335,-0.402219476341379
1.334,-0.402219476341379
1.3345,-0.402876925514372
1.335,-0.402876925514372
1.3355,-0.402876925514372
1.336,-0.402876925514372
1.3365,-0.403534374687837
1.337,-0.403534374687837
1.3375,-0.403534374687837
1.338,-0.404191823861774
1.3385,-0.404520548448919
1.339,-0.404191823861774
1.3395,-0.404849273036183
1.34,-0.404849273036183
1.3405,-0.405177997623565
1.341,-0.405177997623565
1.3415,-0.405177997623565
1.342,-0.405835446798683
1.3425,-0.405835446798683
1.343,-0.406164171386419
1.3435,-0.406492895974273
1.344,-0.406492895974273
1.3445,-0.406821620562246
1.345,-0.407150345150337
1.3455,-0.407479069738546
1.346,-0.407150345150337
1.3465,-0.407479069738546
1.347,-0.40813651891532
1.3475,-0.407807794326874
1.348,-0.40813651891532
1.3485,-0.408465243503884
1.349,-0.40813651891532
1.3495,-0.409122692681367
1.35,-0.408793968092566
1.3505,-0.409122692681367
1.351,-0.409780141859324
1.3515,-0.409780141859324
1.352,-0.409780141859324
1.3525,-0.410108866448481
1.353,-0.410108866448481
1.3535,-0.410766315627149
1.354,-0.410766315627149
1.3545,-0.41109504021666
1.355,-0.41109504021666
1.3555,-0.411752489396039
1.356,-0.411423764806291
1.3565,-0.411752489396039
1.357,-0.412409938575893
1.3575,-0.412081213985907
1.358,-0.412738663165998
1.3585,-0.413396112346563
1.359,-0.412738663165998
1.3595,-0.413067387756221
1.36,-0.413396112346563
1.3605,-0.413396112346563
1.361,-0.414053561527603
1.3615,-0.414053561527603
1.362,-0.414382286118301
1.3625,-0.414382286118301
1.363,-0.414711010709118
1.3635,-0.414711010709118
1.364,-0.415039735300054
1.3645,-0.415368459891108
1.365,-0.415368459891108
1.3655,-0.416025909073574
1.366,-0.416025909073574
1.3665,-0.416025909073574
1.367,-0.416683358256515
1.3675,-0.416683358256515
1.368,-0.416354633664985
1.3685,-0.417340807439932
1.369,-0.417012082848164
1.3695,-0.417340807439932
1.37,-0.417340807439932
1.3705,-0.417669532031819
1.371,-0.417998256623825
1.3715,-0.417998256623825
1.372,-0.41832698121595
1.3725,-0.41832698121595
1.373,-0.419313154993039
1.3735,-0.418655705808194
1.374,-0.419313154993039
1.3745,-0.41964187958564
1.375,-0.41964187958564
1.3755,-0.41997060417836
1.376,-0.420628053364158
1.3765,-0.4202993287712
1.377,-0.420628053364158
1.3775,-0.4202993287712
1.378,-0.420628053364158
1.3785,-0.421614227143749
1.379,-0.421285502550433
1.3795,-0.421285502550433
1.38,-0.421285502550433
1.3805,-0.421942951737185
1.381,-0.42227167633074
1.3815,-0.422600400924414
1.382,-0.422929125518208
1.3825,-0.422600400924414
1.383,-0.42325785011212
1.3835,-0.423586574706153
1.384,-0.423586574706153
1.3845,-0.423915299300304
1.385,-0.423915299300304
1.3855,-0.424244023894575
1.386,-0.424244023894575
1.3865,-0.424572748488966
1.387,-0.424901473083476
1.3875,-0.425230197678105
1.388,-0.425230197678105
1.3885,-0.425887646867723
1.389,-0.425230197678105
1.3895,-0.425887646867723
1.39,-0.425887646867723
1.3905,-0.425887646867723
1.391,-0.426873820653046
1.3915,-0.426545096057818
1.392,-0.426873820653046
1.3925,-0.427202545248392
1.393,-0.427202545248392
1.3935,-0.427531269843859
1.394,-0.427531269843859
1.3945,-0.427859994439445
1.395,-0.428517443630977
1.3955,-0.428188719035151
1.396,-0.429174892822987
1.3965,-0.428517443630977
1.397,-0.428846168226922
1.3975,-0.428846168226922
1.398,-0.429832342015477
1.3985,-0.429503617419172
1.399,-0.429832342015477
1.3995,-0.430161066611901
1.4,-0.430489791208445
1.4005,-0.430161066611901
1.401,-0.430489791208445
1.4015,-0.430161066611901
1.402,-0.431147240401894
1.4025,-0.431147240401894
1.403,-0.431475964998798
1.4035,-0.431804689595822
1.404,-0.431804689595822
1.4045,-0.432133414192966
1.405,-0.43246213879023
1.4055,-0.431804689595822
1.406,-0.432790863387614
1.4065,-0.433119587985118
1.407,-0.433119587985118
1.4075,-0.433119587985118
1.408,-0.433448312582742
1.4085,-0.433448312582742
1.409,-0.43410576177835
1.4095,-0.43410576177835
1.41,-0.43410576177835
1.4105,-0.43410576177835
1.411,-0.434763210974439
1.4115,-0.434763210974439
1.412,-0.435091935572664
1.4125,-0.435091935572664
1.413,-0.435091935572664
1.4135,-0.436078109368059
1.414,-0.436078109368059
1.4145,-0.436406833966764
1.415,-0.43673555856559
1.4155,-0.43673555856559
1.416,-0.43673555856559
1.4165,-0.437064283164536
1.417,-0.437393007763603
1.4175,-0.437721732362789
1.418,-0.437721732362789
1.4185,-0.437721732362789
1.419,-0.437721732362789
1.4195,-0.438379181561524
1.42,-0.438379181561524
1.4205,-0.438379181561524
1.421,-0.438707906161072
1.4215,-0.43903663076074
1.422,-0.439365355360529
1.4225,-0.439365355360529
1.423,-0.440022804560468
1.4235,-0.440351529160619
1.424,-0.440351529160619
1.4245,-0.440351529160619
1.425,-0.440351529160619
1.4255,-0.44068025376089
1.426,-0.441337702961793
1.4265,-0.441008978361281
1.427,-0.441337702961793
1.4275,-0.441337702961793
1.428,-0.441995152163179
1.4285,-0.441995152163179
1.429,-0.442323876764053
1.4295,-0.442323876764053
1.43,-0.442323876764053
1.4305,-0.442652601365048
1.431,-0.4433100505674
1.4315,-0.4433100505674
1.432,-0.4433100505674
1.4325,-0.443967499770234
1.433,-0.443638775168757
1.4335,-0.444296224371833
1.434,-0.443967499770234
1.4345,-0.444953673575392
1.435,-0.444624948973552
1.4355,-0.444953673575392
1.436,-0.445611122779435
1.4365,-0.444953673575392
1.437,-0.445282398177353
1.4375,-0.445611122779435
1.438,-0.445939847381638
1.4385,-0.446268571983961
1.439,-0.446268571983961
1.4395,-0.446597296586406
1.44,-0.446597296586406
1.4405,-0.446926021188972
1.441,-0.447254745791658
1.4415,-0.447254745791658
1.442,-0.447583470394466
1.4425,-0.448569644203616
1.443,-0.448240919600445
1.4435,-0.448240919600445
1.444,-0.448569644203616
1.4445,-0.448569644203616
1.445,-0.448240919600445
1.4455,-0.448898368806908
1.446,-0.449227093410321
1.4465,-0.449555818013855
1.447,-0.449555818013855
1.4475,-0.449555818013855
1.448,-0.449555818013855
1.4485,-0.450213267221287
1.449,-0.450213267221287
1.4495,-0.450541991825185
1.45,-0.450870716429204
1.4505,-0.450870716429204
1.451,-0.451528165637606
1.4515,-0.451199441033344
1.452,-0.452185614846494
1.4525,-0.451528165637606
1.453,-0.451528165637606
1.4535,-0.452185614846494
1.454,-0.452514339451119
1.4545,-0.452843064055866
1.455,-0.453171788660735
1.4555,-0.453171788660735
1.456,-0.453500513265725
1.4565,-0.453171788660735
1.457,-0.453829237870836
1.4575,-0.454157962476069
1.458,-0.454486687081424
1.4585,-0.454157962476069
1.459,-0.454486687081424
1.4595,-0.455144136292497
1.46,-0.455144136292497
1.4605,-0.455144136292497
1.461,-0.455801585504057
1.4615,-0.455472860898216
1.462,-0.456130310110019
1.4625,-0.456130310110019
1.463,-0.456459034716103
1.4635,-0.456787759322308
1.464,-0.456787759322308
1.4645,-0.457445208535084
1.465,-0.457116483928635
1.4655,-0.457116483928635
1.466,-0.457773933141655
1.4665,-0.457773933141655
1.467,-0.458102657748347
1.4675,-0.458102657748347
1.468,-0.458431382355161
1.4685,-0.458760106962097
1.469,-0.458760106962097
1.4695,-0.459417556176334
1.47,-0.459417556176334
1.4705,-0.459417556176334
1.471,-0.460075005391059
1.4715,-0.460075005391059
1.472,-0.460403729998604
1.4725,-0.460075005391059
1.473,-0.460732454606271
1.4735,-0.460732454606271
1.474,-0.46106117921406
1.4745,-0.46106117921406
1.475,-0.46106117921406
1.4755,-0.461718628430004
1.476,-0.461718628430004
1.4765,-0.462376077646436
1.477,-0.462376077646436
1.4775,-0.462376077646436
1.478,-0.462704802254835
1.4785,-0.463033526863356
1.479,-0.463362251472
1.4795,-0.463362251472
1.48,-0.463690976080765
1.4805,-0.464019700689653
1.481,-0.464348425298662
1.4815,-0.464019700689653
1.482,-0.464348425298662
1.4825,-0.464348425298662
1.483,-0.464677149907794
1.4835,-0.465005874517048
1.484,-0.465334599126425
1.4845,-0.465334599126425
1.485,-0.465663323735924
1.4855,-0.465663323735924
1.486,-0.466320772955288
1.4865,-0.466320772955288
1.487,-0.466649497565153
1.4875,-0.466649497565153
1.488,-0.466649497565153
1.4885,-0.467306946785251
1.489,-0.467635671395484
1.4895,-0.467306946785251
1.49,-0.467635671395484
1.4905,-0.467635671395484
1.491,-0.467635671395484
1.4915,-0.468293120616317
1.492,-0.468293120616317
1.4925,-0.468293120616317
1.493,-0.467964396005839
1.4935,-0.469279294448485
1.494,-0.468950569837639
1.4945,-0.469608019059452
1.495,-0.469279294448485
1.4955,-0.469608019059452
1.496,-0.469936743670542
1.4965,-0.469936743670542
1.497,-0.47059419289309
1.4975,-0.470922917504548
1.498,-0.47059419289309
1.4985,-0.471251642116129
1.499,-0.471251642116129
1.4995,-0.471580366727832
1.5,-0.471580366727832
1.5005,-0.471909091339658
1.501,-0.472237815951607
1.5015,-0.471909091339658
1.502,-0.472566540563678
1.5025,-0.472566540563678
1.503,-0.472566540563678
1.5035,-0.472895265175872
1.504,-0.473223989788189
1.5045,-0.473881439013191
1.505,-0.473881439013191
1.5055,-0.473881439013191
1.506,-0.474210163625877
1.5065,-0.474210163625877
1.507,-0.474867612851616
1.5075,-0.47519633746467
1.508,-0.47519633746467
1.5085,-0.475525062077847
1.509,-0.47519633746467
1.5095,-0.475853786691147
1.51,-0.475853786691147
1.5105,-0.475525062077847
1.511,-0.47618251130457
1.5115,-0.47618251130457
1.512,-0.476839960531785
1.5125,-0.476511235918116
1.513,-0.477168685145577
1.5135,-0.477497409759492
1.514,-0.477168685145577
1.5145,-0.478154858987692
1.515,-0.477826134373531
1.5155,-0.477826134373531
1.516,-0.478154858987692
1.5165,-0.478154858987692
1.517,-0.478812308216384
1.5175,-0.479141032830915
1.518,-0.478812308216384
1.5185,-0.480127206675247
1.519,-0.479469757445569
1.5195,-0.479141032830915
1.52,-0.479798482060346
1.5205,-0.480455931290271
1.521,-0.480784655905418
1.5215,-0.480455931290271
1.522,-0.481113380520688
1.5225,-0.480784655905418
1.523,-0.480784655905418
1.5235,-0.481113380520688
1.524,-0.481770829751599
1.5245,-0.48209955436724
1.525,-0.481770829751599
1.5255,-0.482428278983004
1.526,-0.482757003598891
1.5265,-0.482757003598891
1.527,-0.483085728214902
1.5275,-0.483085728214902
1.528,-0.483085728214902
1.5285,-0.483414452831036
1.529,-0.483743177447294
1.5295,-0.483414452831036
1.53,-0.48440062668018
1.5305,-0.48440062668018
1.531,-0.48440062668018
1.5315,-0.484729351296809
1.532,-0.485058075913561
1.5325,-0.485058075913561
1.533,-0.485386800530437
1.5335,-0.486044249764559
1.534,-0.485715525147436
1.5345,-0.486372974381806
1.535,-0.486044249764559
1.5355,-0.486044249764559
1.536,-0.486701698999176
1.5365,-0.486701698999176
1.537,-0.48703042361667
1.5375,-0.486701698999176
1.538,-0.487359148234288
1.5385,-0.48768787285203
1.539,-0.48768787285203
1.5395,-0.488345322087884
1.54,-0.488345322087884
1.5405,-0.488674046705997
1.541,-0.488674046705997
1.5415,-0.489002771324234
1.542,-0.489331495942595
1.5425,-0.489331495942595
1.543,-0.489002771324234
1.5435,-0.489988945179688
1.544,-0.48966022056108
1.5445,-0.490317669798421
1.545,-0.490317669798421
1.5455,-0.490646394417278
1.546,-0.490646394417278
1.5465,-0.490646394417278
1.547,-0.491303843655363
1.5475,-0.490975119036258
1.548,-0.491303843655363
1.5485,-0.491632568274592
1.549,-0.491961292893944
1.5495,-0.491961292893944
1.55,-0.491961292893944
1.5505,-0.492618742133022
1.551,-0.493276191372596
1.5515,-0.492947466752747
1.552,-0.493276191372596
1.5525,-0.493276191372596
1.553,-0.49360491599257
1.5535,-0.493933640612667
1.554,-0.493933640612667
1.5545,-0.494262365232889
1.555,-0.494591089853235
1.5555,-0.494262365232889
1.556,-0.495577263715019
1.5565,-0.494919814473705
1.557,-0.495577263715019
1.5575,-0.495577263715019
1.558,-0.495905988335862
1.5585,-0.495905988335862
1.559,-0.495905988335862
1.5595,-0.49623471295683
1.56,-0.496892162199138
1.5605,-0.496563437577922
1.561,-0.497220886820479
1.5615,-0.496892162199138
1.562,-0.497220886820479
1.5625,-0.497549611441944
1.563,-0.497878336063534
1.5635,-0.497878336063534
1.564,-0.498207060685249
1.5645,-0.498207060685249
1.565,-0.498535785307087
1.5655,-0.498535785307087
1.566,-0.499193234551138
1.5665,-0.499193234551138
1.567,-0.499521959173351
1.5675,-0.499850683795688
1.568,-0.499850683795688
1.5685,-0.50017940841815
1.569,-0.50017940841815
1.5695,-0.500836857663447
1.57,-0.500836857663447
1.5705,-0.500836857663447
1.571,-0.501494306909243
1.5715,-0.501165582286283
1.572,-0.501494306909243
1.5725,-0.501823031532328
1.573,-0.502151756155538
1.5735,-0.502151756155538
1.574,-0.502480480778873
1.5745,-0.502809205402333
1.575,-0.502480480778873
1.5755,-0.503137930025917
1.576,-0.503137930025917
1.5765,-0.503466654649626
1.577,-0.50379537927346
1.5775,-0.50379537927346
1.578,-0.504124103897419
1.5785,-0.504124103897419
1.579,-0.504124103897419
1.5795,-0.505110277770046
1.58,-0.505110277770046
1.5805,-0.505110277770046
1.581,-0.505439002394505
1.5815,-0.505439002394505
1.582,-0.505767727019089
1.5825,-0.506096451643798
1.583,-0.506425176268632
1.5835,-0.506425176268632
1.584,-0.506753900893591
1.5845,-0.507082625518675
1.585,-0.507082625518675
1.5855,-0.507411350143884
1.586,-0.507411350143884
1.5865,-0.507411350143884
1.587,-0.507411350143884
1.5875,-0.508068799394678
1.588,-0.508397524020263
1.5885,-0.508726248645973
1.589,-0.508726248645973
1.5895,-0.509383697897768
1.59,-0.509054973271808
1.5905,-0.509712422523854
1.591,-0.509383697897768
1.5915,-0.509712422523854
1.592,-0.510369871776402
1.5925,-0.510698596402864
1.593,-0.510369871776402
1.5935,-0.510698596402864
1.594,-0.510698596402864
1.5945,-0.511356045656163
1.595,-0.511356045656163
1.5955,-0.511356045656163
1.596,-0.511684770283001
1.5965,-0.512013494909965
1.597,-0.512013494909965
1.5975,-0.512342219537053
1.598,-0.512670944164268
1.5985,-0.512670944164268
1.599,-0.512999668791607
1.5995,-0.513328393419073
1.6,-0.513328393419073
1.6005,-0.513328393419073
1.601,-0.51398584267438
1.6015,-0.513657118046664
1.602,-0.514314567302222
1.6025,-0.514314567302222
1.603,-0.51464329193019
1.6035,-0.514972016558284
1.604,-0.51464329193019
1.6045,-0.515958190443318
1.605,-0.515300741186502
1.6055,-0.514972016558284
1.606,-0.515958190443318
1.6065,-0.515629465814847
1.607,-0.515958190443318
1.6075,-0.515958190443318
1.608,-0.516615639700636
1.6085,-0.516944364329484
1.609,-0.516944364329484
1.6095,-0.517601813587556
1.61,-0.517601813587556
1.6105,-0.517930538216781
1.611,-0.517930538216781
1.6115,-0.517930538216781
1.612,-0.518259262846133
1.6125,-0.518587987475609
1.613,-0.518587987475609
1.6135,-0.518916712105212
1.614,-0.518916712105212
1.6145,-0.519574161364796
1.615,-0.519245436734941
1.6155,-0.519574161364796
1.616,-0.520231610624883
1.6165,-0.519902885994777
1.617,-0.520231610624883
1.6175,-0.520231610624883
1.618,-0.520560335255116
1.6185,-0.520889059885475
1.619,-0.52121778451596
1.6195,-0.521546509146571
1.62,-0.521546509146571
1.6205,-0.521546509146571
1.621,-0.522203958408171
1.6215,-0.521875233777308
1.622,-0.522861407670276
1.6225,-0.52253268303916
1.623,-0.522861407670276
1.6235,-0.523190132301518
1.624,-0.522861407670276
1.6245,-0.523518856932886
1.625,-0.523190132301518
1.6255,-0.52384758156438
1.626,-0.524505030827748
1.6265,-0.524176306196001
1.627,-0.524505030827748
1.6275,-0.524505030827748
1.628,-0.524833755459621
1.6285,-0.52516248009162
1.629,-0.52516248009162
1.6295,-0.525819929355998
1.63,-0.526148653988377
1.6305,-0.525819929355998
1.631,-0.526148653988377
1.6315,-0.526477378620882
1.632,-0.526477378620882
1.6325,-0.526806103253514
1.633,-0.526477378620882
1.6335,-0.526806103253514
1.634,-0.527463552519156
1.6345,-0.527463552519156
1.635,-0.527134827886272
1.6355,-0.527792277152167
1.636,-0.528449726418569
1.6365,-0.528449726418569
1.637,-0.529107175685477
1.6375,-0.528449726418569
1.638,-0.52877845105196
1.6385,-0.529435900319121
1.639,-0.529107175685477
1.6395,-0.529764624952892
1.64,-0.529435900319121
1.6405,-0.530093349586789
1.641,-0.530422074220813
1.6415,-0.530422074220813
1.642,-0.530750798854964
1.6425,-0.530422074220813
1.643,-0.531408248123646
1.6435,-0.531408248123646
1.644,-0.531408248123646
1.6445,-0.531736972758177
1.645,-0.531408248123646
1.6455,-0.53239442202762
1.646,-0.53239442202762
1.6465,-0.531736972758177
1.647,-0.53305187129757
1.6475,-0.53305187129757
1.648,-0.533380595932735
1.6485,-0.533380595932735
1.649,-0.533380595932735
1.6495,-0.533709320568028
1.65,-0.534038045203447
1.6505,-0.534038045203447
1.651,-0.534366769838993
1.6515,-0.534695494474666
1.652,-0.535024219110467
1.6525,-0.534695494474666
1.653,-0.534695494474666
1.6535,-0.535352943746394
1.654,-0.535681668382448
1.6545,-0.53601039301863
1.655,-0.53601039301863
1.6555,-0.53601039301863
1.656,-0.536339117654938
1.6565,-0.536339117654938
1.657,-0.536996566927937
1.6575,-0.537325291564627
1.658,-0.536996566927937
1.6585,-0.537982740838389
1.659,-0.537654016201444
1.6595,-0.537654016201444
1.66,-0.537982740838389
1.6605,-0.537982740838389
1.661,-0.538640190112659
1.6615,-0.538640190112659
1.662,-0.539297639387439
1.6625,-0.538968914749986
1.663,-0.539297639387439
1.6635,-0.539955088662729
1.664,-0.53962636402502
1.6645,-0.540283813300564
1.665,-0.539955088662729
1.6655,-0.540283813300564
1.666,-0.540941262576618
1.6665,-0.540612537938527
1.667,-0.540941262576618
1.6675,-0.541269987214836
1.668,-0.541598711853181
1.6685,-0.541598711853181
1.669,-0.541269987214836
1.6695,-0.542256161130254
1.67,-0.541927436491654
1.6705,-0.542256161130254
1.671,-0.542913610407838
1.6715,-0.542913610407838
1.672,-0.542913610407838
1.6725,-0.542913610407838
1.673,-0.543571059685931
1.6735,-0.544228508964536
1.674,-0.543571059685931
1.6745,-0.544228508964536
1.675,-0.544228508964536
1.6755,-0.544557233604029
1.676,-0.544557233604029
1.6765,-0.544885958243651
1.677,-0.5452146828834
1.6775,-0.544885958243651
1.678,-0.5452146828834
1.6785,-0.545543407523276
1.679,-0.545543407523276
1.6795,-0.546200856803413
1.68,-0.545872132163281
1.6805,-0.546200856803413
1.681,-0.547187030724577
1.6815,-0.547187030724577
1.682,-0.547187030724577
1.6825,-0.547515755365221
1.683,-0.547844480005993
1.6835,-0.547844480005993
1.684,-0.548173204646892
1.6845,-0.548173204646892
1.685,-0.54850192928792
1.6855,-0.548830653929075
1.686,-0.549159378570358
1.6865,-0.549159378570358
1.687,-0.54948810321177
1.6875,-0.549159378570358
1.688,-0.549816827853309
1.6885,-0.550474277136772
1.689,-0.549816827853309
1.6895,-0.550474277136772
1.69,-0.550474277136772
1.6905,-0.550803001778696
1.691,-0.551131726420748
1.6915,-0.551131726420748
1.692,-0.551789175705236
1.6925,-0.551789175705236
1.693,-0.551789175705236
1.6935,-0.552117900347672
1.694,-0.552446624990237
1.6945,-0.55277534963293
1.695,-0.55277534963293
1.6955,-0.553104074275751
1.696,-0.553104074275751
1.6965,-0.553104074275751
1.697,-0.5534327989187
1.6975,-0.554090248204984
1.698,-0.554090248204984
1.6985,-0.554090248204984
1.699,-0.554418972848318
1.6995,-0.554747697491781
1.7,-0.554747697491781
1.7005,-0.555076422135372
1.701,-0.555405146779091
1.7015,-0.556062596066915
1.702,-0.555733871422939
1.7025,-0.556062596066915
1.703,-0.556062596066915
1.7035,-0.55639132071102
1.704,-0.556062596066915
1.7045,-0.557048769999616
1.705,-0.556720045355254
1.7055,-0.556720045355254
1.706,-0.557377494644106
1.7065,-0.557048769999616
1.707,-0.558034943933473
1.7075,-0.558034943933473
1.708,-0.558692393223354
1.7085,-0.558692393223354
1.709,-0.558363668578349
1.7095,-0.55934984251375
1.71,-0.559021117868487
1.7105,-0.55934984251375
1.711,-0.55967856715914
1.7115,-0.55934984251375
1.712,-0.560336016450309
1.7125,-0.560336016450309
1.713,-0.560336016450309
1.7135,-0.560664741096086
1.714,-0.560664741096086
1.7145,-0.561322190388027
1.715,-0.56165091503419
1.7155,-0.561322190388027
1.716,-0.56165091503419
1.7165,-0.561322190388027
1.717,-0.562308364326904
1.7175,-0.562308364326904
1.718,-0.562308364326904
1.7185,-0.562965813620134
1.719,-0.562637088973455
1.7195,-0.562965813620134
1.72,-0.563294538266942
1.7205,-0.563623262913879
1.721,-0.563951987560945
1.7215,-0.563623262913879
1.722,-0.563623262913879
1.7225,-0.563951987560945
1.723,-0.564280712208141
1.7235,-0.564938161502918
1.724,-0.564609436855465
1.7245,-0.564938161502918
1.725,-0.565266886150501
1.7255,-0.565266886150501
1.726,-0.565595610798212
1.7265,-0.565595610798212
1.727,-0.566253060094023
1.7275,-0.565924335446053
1.728,-0.566253060094023
1.7285,-0.56691050939035
1.729,-0.566581784742122
1.7295,-0.56691050939035
1.73,-0.567239234038708
1.7305,-0.567239234038708
1.731,-0.56789668333581
1.7315,-0.567567958687195
1.732,-0.568225407984556
1.7325,-0.568225407984556
1.733,-0.568225407984556
1.7335,-0.568882857282434
1.734,-0.568882857282434
1.7345,-0.569211581931568
1.735,-0.569211581931568
1.7355,-0.56954030658083
1.736,-0.570197755879744
1.7365,-0.569869031230222
1.737,-0.570197755879744
1.7375,-0.570197755879744
1.738,-0.570855205179176
1.7385,-0.571183929829086
1.739,-0.570855205179176
1.7395,-0.571512654479125
1.74,-0.571183929829086
1.7405,-0.571512654479125
1.741,-0.572170103779593
1.7415,-0.571512654479125
1.742,-0.572498828430021
1.7425,-0.572170103779593
1.743,-0.572170103779593
1.7435,-0.572827553080579
1.744,-0.572827553080579
1.7445,-0.573485002382083
1.745,-0.573485002382083
1.7455,-0.573156277731266
1.746,-0.574142451684106
1.7465,-0.574471176335313
1.747,-0.574471176335313
1.7475,-0.574142451684106
1.748,-0.574471176335313
1.7485,-0.574799900986649
1.749,-0.574799900986649
1.7495,-0.575128625638114
1.75,-0.57545735028971
1.7505,-0.575786074941435
1.751,-0.575786074941435
1.7515,-0.57611479959329
1.752,-0.57611479959329
1.7525,-0.57611479959329
1.753,-0.576443524245275
1.7535,-0.57677224889739
1.754,-0.577100973549635
1.7545,-0.57742969820201
1.755,-0.577758422854514
1.7555,-0.578087147507149
1.756,-0.577758422854514
1.7565,-0.578087147507149
1.757,-0.578415872159914
1.7575,-0.578415872159914
1.758,-0.578744596812808
1.7585,-0.579073321465833
1.759,-0.579402046118988
1.7595,-0.579730770772273
1.76,-0.580388220079233
1.7605,-0.580059495425688
1.761,-0.580059495425688
1.7615,-0.580059495425688
1.762,-0.580388220079233
1.7625,-0.580716944732908
1.763,-0.581045669386713
1.7635,-0.581703118694715
1.764,-0.581045669386713
1.7645,-0.581374394040649
1.765,-0.581703118694715
1.7655,-0.582031843348911
1.766,-0.582031843348911
1.7665,-0.582360568003237
1.767,-0.583018017312281
1.7675,-0.582689292657694
1.768,-0.583018017312281
1.7685,-0.583346741966998
1.769,-0.583346741966998
1.7695,-0.583675466621846
1.77,-0.583346741966998
1.7705,-0.583675466621846
1.771,-0.584332915931932
1.7715,-0.584004191276824
1.772,-0.584661640587171
1.7725,-0.584661640587171
1.773,-0.58499036524254
1.7735,-0.58564781455367
1.774,-0.58531908989804
1.7745,-0.58564781455367
1.775,-0.58564781455367
1.7755,-0.585976539209431
1.776,-0.586305263865322
1.7765,-0.586305263865322
1.777,-0.586633988521344
1.7775,-0.586305263865322
1.778,-0.587291437833779
1.7785,-0.587291437833779
1.779,-0.587291437833779
1.7795,-0.588277611803412
1.78,-0.587620162490193
1.7805,-0.588277611803412
1.781,-0.588277611803412
1.7815,-0.588935061117154
1.782,-0.588606336460218
1.7825,-0.588606336460218
1.783,-0.589263785774221
1.7835,-0.589263785774221
1.784,-0.589592510431419
1.7845,-0.589921235088748
1.785,-0.589921235088748
1.7855,-0.590249959746207
1.786,-0.590578684403798
1.7865,-0.590578684403798
1.787,-0.590578684403798
1.7875,-0.590578684403798
1.788,-0.590907409061519
1.7885,-0.591236133719371
1.789,-0.591564858377354
1.7895,-0.591893583035468
1.79,-0.591564858377354
1.7905,-0.592551032352088
1.791,-0.592551032352088
1.7915,-0.592879757010595
1.792,-0.593208481669232
1.7925,-0.593208481669232
1.793,-0.593208481669232
1.7935,-0.593537206328001
1.794,-0.593865930986901
1.7945,-0.593865930986901
1.795,-0.593865930986901
1.7955,-0.594194655645932
1.796,-0.594852104964387
1.7965,-0.594523380305094
1.797,-0.594852104964387
1.7975,-0.595180829623811
1.798,-0.595180829623811
1.7985,-0.595509554283367
1.799,-0.595838278943053
1.7995,-0.596167003602871
1.8,-0.595509554283367
1.8005,-0.596167003602871
1.801,-0.59649572826282
1.8015,-0.59649572826282
1.802,-0.596824452922901
1.8025,-0.596824452922901
1.803,-0.597153177583112
1.8035,-0.597810626903929
1.804,-0.597810626903929
1.8045,-0.598468076225272
1.805,-0.598468076225272
1.8055,-0.598468076225272
1.806,-0.59912552554714
1.8065,-0.59879680088614
1.807,-0.599454250208271
1.8075,-0.59912552554714
1.808,-0.600111699530928
1.8085,-0.600111699530928
1.809,-0.600440424192453
1.8095,-0.600440424192453
1.81,-0.600111699530928
1.8105,-0.60076914885411
1.811,-0.601097873515899
1.8115,-0.601097873515899
1.812,-0.601426598177819
1.8125,-0.601426598177819
1.813,-0.601755322839871
1.8135,-0.60241277216437
1.814,-0.602084047502055
1.8145,-0.60241277216437
1.815,-0.60241277216437
1.8155,-0.602741496826817
1.816,-0.603070221489395
1.8165,-0.603070221489395
1.817,-0.603727670814947
1.8175,-0.603398946152105
1.818,-0.604056395477921
1.8185,-0.603727670814947
1.819,-0.604056395477921
1.8195,-0.604385120141026
1.82,-0.604385120141026
1.8205,-0.604713844804263
1.821,-0.605042569467632
1.8215,-0.605371294131133
1.822,-0.605700018794766
1.8225,-0.605371294131133
1.823,-0.605700018794766
1.8235,-0.606357468122427
1.824,-0.606686192786456
1.8245,-0.606686192786456
1.825,-0.607014917450616
1.8255,-0.607014917450616
1.826,-0.607014917450616
1.8265,-0.607343642114909
1.827,-0.607672366779333
1.8275,-0.608001091443889
1.828,-0.607672366779333
1.8285,-0.608001091443889
1.829,-0.608329816108578
1.8295,-0.608658540773399
1.83,-0.608658540773399
1.8305,-0.608658540773399
1.831,-0.609315990103436
1.8315,-0.609315990103436
1.832,-0.609973439434002
1.8325,-0.609973439434002
1.833,-0.609973439434002
1.8335,-0.610302164099483
1.834,-0.610630888765097
1.8345,-0.610630888765097
1.835,-0.610630888765097
1.8355,-0.610959613430842
1.836,-0.61128833809672
1.8365,-0.61128833809672
1.837,-0.611945787428873
1.8375,-0.61128833809672
1.838,-0.612274512095148
1.8385,-0.612274512095148
1.839,-0.612274512095148
1.8395,-0.612603236761555
1.84,-0.612603236761555
1.8405,-0.612931961428094
1.841,-0.61358941076157
1.8415,-0.61358941076157
1.842,-0.613918135428507
1.8425,-0.613918135428507
1.843,-0.613918135428507
1.8435,-0.614575584762778
1.844,-0.614575584762778
1.8445,-0.614575584762778
1.845,-0.614904309430112
1.8455,-0.614904309430112
1.846,-0.615561758765178
1.8465,-0.615233034097579
1.847,-0.615233034097579
1.8475,-0.616547932768771
1.848,-0.616219208100774
1.8485,-0.616547932768771
1.849,-0.616547932768771
1.8495,-0.616547932768771
1.85,-0.617205382105163
1.8505,-0.617205382105163
1.851,-0.617862831442085
1.8515,-0.617534106773558
1.852,-0.617534106773558
1.8525,-0.617862831442085
1.853,-0.618191556110746
1.8535,-0.618520280779539
1.854,-0.618191556110746
1.8545,-0.618849005448465
1.855,-0.619177730117523
1.8555,-0.619177730117523
1.856,-0.619506454786715
1.8565,-0.619177730117523
1.857,-0.620163904125496
1.8575,-0.619835179456039
1.858,-0.620163904125496
1.8585,-0.620163904125496
1.859,-0.620821353464809
1.8595,-0.621150078134665
1.86,-0.620821353464809
1.8605,-0.621150078134665
1.861,-0.621807527474776
1.8615,-0.621807527474776
1.862,-0.62213625214503
1.8625,-0.621807527474776
1.863,-0.62213625214503
1.8635,-0.622464976815418
1.864,-0.622464976815418
1.8645,-0.623122426156593
1.865,-0.622793701485939
1.8655,-0.622793701485939
1.866,-0.62345115082738
1.8665,-0.6237798754983
1.867,-0.624108600169353
1.8675,-0.624766049511859
1.868,-0.6237798754983
1.8685,-0.624766049511859
1.869,-0.624437324840539
1.8695,-0.624766049511859
1.87,-0.624766049511859
1.8705,-0.625423498854898
1.871,-0.625752223526617
1.8715,-0.625094774183312
1.872,-0.625752223526617
1.8725,-0.626080948198469
1.873,-0.626409672870455
1.8735,-0.626738397542574
1.874,-0.626738397542574
1.8745,-0.626738397542574
1.875,-0.627067122214826
1.8755,-0.627724571559731
1.876,-0.627395846887212
1.8765,-0.627724571559731
1.877,-0.628710745578089
1.8775,-0.628382020905169
1.878,-0.628710745578089
1.8785,-0.628710745578089
1.879,-0.629039470251141
1.8795,-0.628710745578089
1.88,-0.629368194924328
1.8805,-0.629696919597648
1.881,-0.630025644271101
1.8815,-0.630025644271101
1.882,-0.630025644271101
1.8825,-0.630683093618408
1.883,-0.630354368944688
1.8835,-0.63134054296625
1.884,-0.631011818292262
1.8845,-0.63134054296625
1.885,-0.63134054296625
1.8855,-0.631997992314626
1.886,-0.632326716989015
1.8865,-0.632326716989015
1.887,-0.632655441663537
1.8875,-0.632655441663537
1.888,-0.632984166338194
1.8885,-0.633312891012984
1.889,-0.633641615687907
1.8895,-0.633970340362965
1.89,-0.633970340362965
1.8905,-0.633970340362965
1.891,-0.634299065038156
1.8915,-0.634299065038156
1.892,-0.634627789713481
1.8925,-0.634627789713481
1.893,-0.634627789713481
1.8935,-0.63561396374026
1.894,-0.63561396374026
1.8945,-0.63561396374026
1.895,-0.635285239064533
1.8955,-0.636271413092116
1.896,-0.636271413092116
1.8965,-0.636600137768244
1.897,-0.636600137768244
1.8975,-0.636928862444507
1.898,-0.636928862444507
1.8985,-0.637586311797435
1.899,-0.637586311797435
1.8995,-0.637586311797435
1.9,-0.637586311797435
1.9005,-0.6379150364741
1.901,-0.638572485827832
1.9015,-0.638243761150899
1.902,-0.638901210504899
1.9025,-0.638572485827832
1.903,-0.6392299351821
1.9035,-0.6392299351821
1.904,-0.6392299351821
1.9045,-0.639558659859436
1.905,-0.64021610921451
1.9055,-0.64021610921451
1.906,-0.640544833892248
1.9065,-0.640544833892248
1.907,-0.640544833892248
1.9075,-0.640873558570121
1.908,-0.641202283248128
1.9085,-0.641531007926269
1.909,-0.641859732604544
1.9095,-0.642188457282954
1.91,-0.642188457282954
1.9105,-0.641859732604544
1.911,-0.642517181961499
1.9115,-0.642845906640177
1.912,-0.643174631318991
1.9125,-0.643174631318991
1.913,-0.643503355997938
1.9135,-0.643503355997938
1.914,-0.64383208067702
1.9145,-0.64383208067702
1.915,-0.644160805356237
1.9155,-0.64383208067702
1.916,-0.644160805356237
1.9165,-0.644818254715074
1.917,-0.645146979394694
1.9175,-0.645146979394694
1.918,-0.645146979394694
1.9185,-0.645475704074449
1.919,-0.645146979394694
1.9195,-0.645804428754338
1.92,-0.645804428754338
1.9205,-0.646790602794814
1.921,-0.646790602794814
1.9215,-0.646461878114521
1.922,-0.647119327475242
1.9225,-0.647448052155805
1.923,-0.647119327475242
1.9235,-0.647448052155805
1.924,-0.647776776836503
1.9245,-0.648105501517335
1.925,-0.648434226198303
1.9255,-0.648434226198303
1.926,-0.648762950879404
1.9265,-0.649091675560641
1.927,-0.649420400242013
1.9275,-0.649091675560641
1.928,-0.64974912492352
1.9285,-0.64974912492352
1.929,-0.64974912492352
1.9295,-0.650406574286938
1.93,-0.650406574286938
1.9305,-0.650077849605161
1.931,-0.650735298968849
1.9315,-0.650735298968849
1.932,-0.651064023650895
1.9325,-0.651721473015393
1.933,-0.651721473015393
1.9335,-0.651392748333077
1.934,-0.651721473015393
1.9345,-0.652378922380431
1.935,-0.652707647063153
1.9355,-0.652378922380431
1.936,-0.653036371746009
1.9365,-0.652707647063153
1.937,-0.653036371746009
1.9375,-0.653365096429001
1.938,-0.653036371746009
1.9385,-0.653693821112128
1.939,-0.653693821112128
1.9395,-0.65402254579539
1.94,-0.654351270478788
1.9405,-0.65467999516232
1.941,-0.655337444529791
1.9415,-0.65467999516232
1.942,-0.655008719845988
1.9425,-0.655008719845988
1.943,-0.655994893897803
1.9435,-0.655994893897803
1.944,-0.655666169213729
1.9445,-0.656323618582012
1.945,-0.655994893897803
1.9455,-0.656652343266356
1.946,-0.656981067950836
1.9465,-0.656652343266356
1.947,-0.657309792635452
1.9475,-0.657638517320202
1.948,-0.657638517320202
1.9485,-0.657967242005088
1.949,-0.65829596669011
1.9495,-0.65829596669011
1.95,-0.657967242005088
1.9505,-0.65829596669011
1.951,-0.658953416060559
1.9515,-0.658624691375267
1.952,-0.659282140745987
1.9525,-0.659282140745987
1.953,-0.659610865431551
1.9535,-0.65993959011725
1.954,-0.65993959011725
1.9545,-0.660597039489056
1.955,-0.65993959011725
1.9555,-0.660268314803085
1.956,-0.661254488861403
1.9565,-0.660925764175162
1.957,-0.661583213547781
1.9575,-0.661254488861403
1.958,-0.661911938234294
1.9585,-0.662240662920943
1.959,-0.662240662920943
1.9595,-0.662240662920943
1.96,-0.662240662920943
1.9605,-0.662898112294648
1.961,-0.663226836981705
1.9615,-0.663226836981705
1.962,-0.663555561668897
1.9625,-0.663555561668897
1.963,-0.663555561668897
1.9635,-0.663884286356225
1.964,-0.663884286356225
1.9645,-0.664213011043689
1.965,-0.664213011043689
1.9655,-0.664541735731288
1.966,-0.665527909794903
1.9665,-0.665199185106896
1.967,-0.665856634483047
1.9675,-0.665856634483047
1.968,-0.666185359171326
1.9685,-0.665856634483047
1.969,-0.665856634483047
1.9695,-0.666842808548294
1.97,-0.666842808548294
1.9705,-0.666842808548294
1.971,-0.667500257925806
1.9715,-0.667171533236982
1.972,-0.667500257925806
1.9725,-0.667171533236982
1.973,-0.668157707303862
1.9735,-0.668486431993094
1.974,-0.668157707303862
1.9745,-0.668486431993094
1.975,-0.669143881371967
1.9755,-0.668815156682463
1.976,-0.668815156682463
1.9765,-0.669472606061608
1.977,-0.670130055441299
1.9775,-0.669472606061608
1.978,-0.669801330751386
1.9785,-0.670130055441299
1.979,-0.670458780131349
1.9795,-0.670787504821535
1.98,-0.670787504821535
1.9805,-0.671444954202316
1.981,-0.671444954202316
1.9815,-0.671773678892912
1.982,-0.672102403583643
1.9825,-0.671444954202316
1.983,-0.671773678892912
1.9835,-0.672431128274512
1.984,-0.672431128274512
1.9845,-0.672759852965516
1.985,-0.672759852965516
1.9855,-0.672759852965516
1.986,-0.673417302347935
1.9865,-0.673417302347935
1.987,-0.673746027039349
1.9875,-0.673417302347935
1.988,-0.673417302347935
1.9885,-0.674403476422587
1.989,-0.6740747517309
1.9895,-0.674403476422587
1.99,-0.674732201114411
1.9905,-0.675060925806371
1.991,-0.675718375190702
1.9915,-0.675389650498468
1.992,-0.675718375190702
1.9925,-0.675718375190702
1.993,-0.676047099883073
1.9935,-0.67637582457558
1.994,-0.676704549268224
1.9945,-0.676704549268224
1.995,-0.676704549268224
1.9955,-0.677033273961005
1.996,-0.677033273961005
1.9965,-0.677690723346976
1.997,-0.678019448040167
1.9975,-0.677690723346976
1.998,-0.678348172733495
1.9985,-0.678348172733495
1.999,-0.678348172733495
1.9995,-0.679005622120562
2,-0.679005622120562
2.0005,-0.67867689742696
2.001,-0.6793343468143
2.0015,-0.6793343468143
2.002,-0.679663071508176
2.0025,-0.679663071508176
2.003,-0.679663071508176
2.0035,-0.680977970285048
2.004,-0.680977970285048
2.0045,-0.681635419674306
2.005,-0.680977970285048
2.0055,-0.681306694979608
2.006,-0.681635419674306
2.0065,-0.681964144369141
2.007,-0.681964144369141
2.0075,-0.681964144369141
2.008,-0.682292869064113
2.0085,-0.682621593759222
2.009,-0.682621593759222
2.0095,-0.682950318454468
2.01,-0.683279043149851
2.0105,-0.683279043149851
2.011,-0.683279043149851
2.0115,-0.683607767845372
2.012,-0.684265217236825
2.0125,-0.684265217236825
2.013,-0.684265217236825
2.0135,-0.684593941932757
2.014,-0.684922666628827
2.0145,-0.685251391325033
2.015,-0.684922666628827
2.0155,-0.684922666628827
2.016,-0.685580116021378
2.0165,-0.685908840717859
2.017,-0.685908840717859
2.0175,-0.685908840717859
2.018,-0.686237565414478
2.0185,-0.686566290111235
2.019,-0.686566290111235
2.0195,-0.686895014808129
2.02,-0.68722373950516
2.0205,-0.68722373950516
2.021,-0.688209913597079
2.0215,-0.687881188899635
2.022,-0.688209913597079
2.0225,-0.68853863829466
2.023,-0.68853863829466
2.0235,-0.688867362992379
2.024,-0.688867362992379
2.0245,-0.689196087690236
2.025,-0.68952481238823
2.0255,-0.689853537086362
2.026,-0.689853537086362
2.0265,-0.68952481238823
2.027,-0.690839711181583
2.0275,-0.690510986483038
2.028,-0.690839711181583
2.0285,-0.691168435880265
2.029,-0.690839711181583
2.0295,-0.691168435880265
2.03,-0.691168435880265
2.0305,-0.691825885278044
2.031,-0.691825885278044
2.0315,-0.691825885278044
2.032,-0.69215460997714
2.0325,-0.692483334676373
2.033,-0.69215460997714
2.0335,-0.693140784075254
2.034,-0.693140784075254
2.0345,-0.693469508774901
2.035,-0.693469508774901
2.0355,-0.693798233474687
2.036,-0.693798233474687
2.0365,-0.69412695817461
2.037,-0.694455682874671
2.0375,-0.69478440757487
2.038,-0.69478440757487
2.0385,-0.695441856975682
2.039,-0.695113132275207
2.0395,-0.695770581676295
2.04,-0.695770581676295
2.0405,-0.696099306377046
2.041,-0.696099306377046
2.0415,-0.695770581676295
2.042,-0.696756755778963
2.0425,-0.696428031077935
2.043,-0.696756755778963
2.0435,-0.697085480480128
2.044,-0.696428031077935
2.0445,-0.697742929882873
2.045,-0.697742929882873
2.0455,-0.697742929882873
2.046,-0.697742929882873
2.0465,-0.698071654584453
2.047,-0.698400379286172
2.0475,-0.698400379286172
2.048,-0.698729103988028
2.0485,-0.699386553392156
2.049,-0.698729103988028
2.0495,-0.699386553392156
2.05,-0.699386553392156
2.0505,-0.699715278094427
2.051,-0.699386553392156
2.0515,-0.700372727499385
2.052,-0.700372727499385
2.0525,-0.700372727499385
2.053,-0.700372727499385
2.0535,-0.700701452202071
2.054,-0.700701452202071
2.0545,-0.701687626310961
2.055,-0.701030176904896
2.0555,-0.701358901607859
2.056,-0.70234507571758
2.0565,-0.702016351014201
2.057,-0.702673800421097
2.0575,-0.702673800421097
2.058,-0.703002525124752
2.0585,-0.703002525124752
2.059,-0.703331249828547
2.0595,-0.70365997453248
2.06,-0.70365997453248
2.0605,-0.70365997453248
2.061,-0.704317423940761
2.0615,-0.704317423940761
2.062,-0.704974873349597
2.0625,-0.704317423940761
2.063,-0.705303598054223
2.0635,-0.704974873349597
2.064,-0.70464614864511
2.0645,-0.705961047463892
2.065,-0.705632322758988
2.0655,-0.705961047463892
2.066,-0.706618496874115
2.0665,-0.706618496874115
2.067,-0.706289772168934
2.0675,-0.706618496874115
2.068,-0.706618496874115
2.0685,-0.707275946284894
2.069,-0.707604670990491
2.0695,-0.707604670990491
2.07,-0.707604670990491
2.0705,-0.707604670990491
2.071,-0.708262120402103
2.0715,-0.708590845108117
2.072,-0.70891956981427
2.0725,-0.70891956981427
2.073,-0.70891956981427
2.0735,-0.709577019226994
2.074,-0.709577019226994
2.0745,-0.709577019226994
2.075,-0.709905743933564
2.0755,-0.709905743933564
2.076,-0.710891918054109
2.0765,-0.710563193347121
2.077,-0.710891918054109
2.0775,-0.710563193347121
2.078,-0.711549367468501
2.0785,-0.711878092175905
2.079,-0.711878092175905
2.0795,-0.711878092175905
2.08,-0.712206816883449
2.0805,-0.712206816883449
2.081,-0.712535541591132
2.0815,-0.712206816883449
2.082,-0.712864266298955
2.0825,-0.712864266298955
2.083,-0.713521715715017
2.0835,-0.713192991006916
2.084,-0.713521715715017
2.0845,-0.713850440423257
2.085,-0.713850440423257
2.0855,-0.713850440423257
2.086,-0.714179165131636
2.0865,-0.714179165131636
2.087,-0.715165339257611
2.0875,-0.714836614548813
2.088,-0.715165339257611
2.0885,-0.715494063966547
2.089,-0.715494063966547
2.0895,-0.716151513384839
2.09,-0.715822788675624
2.0905,-0.716151513384839
2.091,-0.716480238094194
2.0915,-0.716480238094194
2.092,-0.716808962803689
2.0925,-0.716480238094194
2.093,-0.716808962803689
2.0935,-0.717466412223097
2.094,-0.71779513693301
2.0945,-0.718452586353255
2.095,-0.71779513693301
2.0955,-0.71779513693301
2.096,-0.718452586353255
2.0965,-0.718452586353255
2.097,-0.718781311063587
2.0975,-0.718781311063587
2.098,-0.719110035774059
2.0985,-0.719767485195421
2.099,-0.719767485195421
2.0995,-0.720096209906312
2.1,-0.720096209906312
2.1005,-0.720096209906312
2.101,-0.720096209906312
2.1015,-0.720753659328512
2.102,-0.720753659328512
2.1025,-0.721082384039822
2.103,-0.721411108751272
2.1035,-0.721739833462862
2.104,-0.721411108751272
2.1045,-0.722068558174591
2.105,-0.722068558174591
2.1055,-0.72239728288646
2.106,-0.722726007598469
2.1065,-0.722726007598469
2.107,-0.723054732310619
2.1075,-0.723054732310619
2.108,-0.723383457022908
2.1085,-0.723383457022908
2.109,-0.723383457022908
2.1095,-0.724369631160614
2.11,-0.724040906447906
2.1105,-0.724369631160614
2.111,-0.724369631160614
2.1115,-0.724698355873464
2.112,-0.725355805299582
2.1125,-0.725027080586453
2.113,-0.725355805299582
2.1135,-0.725684530012851
2.114,-0.72601325472626
2.1145,-0.72601325472626
2.115,-0.72601325472626
2.1155,-0.72601325472626
2.116,-0.726999428867329
2.1165,-0.726670704153499
2.117,-0.726999428867329
2.1175,-0.726670704153499
2.118,-0.727328153581299
2.1185,-0.727656878295409
2.119,-0.728314327724051
2.1195,-0.728314327724051
2.12,-0.727656878295409
2.1205,-0.728971777153253
2.121,-0.729300501868065
2.1215,-0.728643052438582
2.122,-0.729300501868065
2.1225,-0.729300501868065
2.123,-0.729629226583017
2.1235,-0.729629226583017
2.124,-0.729957951298109
2.1245,-0.730286676013342
2.125,-0.729957951298109
2.1255,-0.729957951298109
2.126,-0.730944125444229
2.1265,-0.730615400728715
2.127,-0.731272850159883
2.1275,-0.730944125444229
2.128,-0.731272850159883
2.1285,-0.731601574875678
2.129,-0.731601574875678
2.1295,-0.731601574875678
2.13,-0.732259024307689
2.1305,-0.732259024307689
2.131,-0.732587749023905
2.1315,-0.732587749023905
2.132,-0.73324519845676
2.1325,-0.732916473740262
2.133,-0.73324519845676
2.1335,-0.73324519845676
2.134,-0.733573923173398
2.1345,-0.734560097324157
2.135,-0.734231372607096
2.1355,-0.734231372607096
2.136,-0.734888822041358
2.1365,-0.734560097324157
2.137,-0.735217546758699
2.1375,-0.735546271476182
2.138,-0.735546271476182
2.1385,-0.735874996193805
2.139,-0.735874996193805
2.1395,-0.736532445629474
2.14,-0.736203720911569
2.1405,-0.736532445629474
2.141,-0.73686117034752
2.1415,-0.73686117034752
2.142,-0.73686117034752
2.1425,-0.737189895065706
2.143,-0.737518619784034
2.1435,-0.737847344502502
2.144,-0.737847344502502
2.1445,-0.738176069221112
2.145,-0.738504793939862
2.1455,-0.738176069221112
2.146,-0.738833518658754
2.1465,-0.738504793939862
2.147,-0.739490968096959
2.1475,-0.739490968096959
2.148,-0.739490968096959
2.1485,-0.739819692816274
2.149,-0.739819692816274
2.1495,-0.74014841753573
2.15,-0.74014841753573
2.1505,-0.740805866975064
2.151,-0.740477142255326
2.1515,-0.741134591694943
2.152,-0.741134591694943
2.1525,-0.741463316414963
2.153,-0.741463316414963
2.1535,-0.741463316414963
2.154,-0.741792041135125
2.1545,-0.741792041135125
2.155,-0.742120765855427
2.1555,-0.742449490575871
2.156,-0.743106940017183
2.1565,-0.742778215296456
2.157,-0.74343566473805
2.1575,-0.74343566473805
2.158,-0.743764389459059
2.1585,-0.74409311418021
2.159,-0.743764389459059
2.1595,-0.74409311418021
2.16,-0.744421838901501
2.1605,-0.744421838901501
2.161,-0.744750563622934
2.1615,-0.744750563622934
2.162,-0.745079288344509
2.1625,-0.745736737788083
2.163,-0.745736737788083
2.1635,-0.746065462510081
2.164,-0.745736737788083
2.1645,-0.746065462510081
2.165,-0.746394187232222
2.1655,-0.746722911954504
2.166,-0.746722911954504
2.1665,-0.746722911954504
2.167,-0.747380361399493
2.1675,-0.747380361399493
2.168,-0.747709086122199
2.1685,-0.748366535568038
2.169,-0.748037810845048
2.1695,-0.748366535568038
2.17,-0.74869526029117
2.1705,-0.74869526029117
2.171,-0.749352709737858
2.1715,-0.749023985014443
2.172,-0.749352709737858
2.1725,-0.749023985014443
2.173,-0.750010159185114
2.1735,-0.750010159185114
2.174,-0.750010159185114
2.1745,-0.750667608632936
2.175,-0.750338883908954
2.1755,-0.750667608632936
2.176,-0.750667608632936
2.1765,-0.75099633335706
2.177,-0.751653782805734
2.1775,-0.751325058081326
2.178,-0.751982507530283
2.1785,-0.751982507530283
2.179,-0.751982507530283
2.1795,-0.752639956979809
2.18,-0.752311232254975
2.1805,-0.752968681704784
2.181,-0.753297406429902
2.1815,-0.752639956979809
2.182,-0.753626131155161
2.1825,-0.753626131155161
2.183,-0.753626131155161
2.1835,-0.754283580606106
2.184,-0.753954855880562
2.1845,-0.754612305331792
2.185,-0.754283580606106
2.1855,-0.754941030057619
2.186,-0.754612305331792
2.1865,-0.755598479509701
2.187,-0.755598479509701
2.1875,-0.755598479509701
2.188,-0.755598479509701
2.1885,-0.756255928962352
2.189,-0.756255928962352
2.1895,-0.75658465368889
2.19,-0.75658465368889
2.1905,-0.756913378415571
2.191,-0.757242103142394
2.1915,-0.757242103142394
2.192,-0.757570827869359
2.1925,-0.757570827869359
2.193,-0.757570827869359
2.1935,-0.758228277323717
2.194,-0.757899552596467
2.1945,-0.759214451506321
2.195,-0.758557002051109
2.1955,-0.758557002051109
2.196,-0.759214451506321
2.1965,-0.759214451506321
2.197,-0.759543176234141
2.1975,-0.760200625690207
2.198,-0.760200625690207
2.1985,-0.759871900962102
2.199,-0.760529350418454
2.1995,-0.759871900962102
2.2,-0.760858075146843
2.2005,-0.761186799875375
2.201,-0.761515524604049
2.2015,-0.761515524604049
2.202,-0.762172974061826
2.2025,-0.761844249332866
2.203,-0.762172974061826
2.2035,-0.761844249332866
2.204,-0.762501698790928
2.2045,-0.762830423520173
2.205,-0.762830423520173
2.2055,-0.762830423520173
2.206,-0.763487872979091
2.2065,-0.763159148249561
2.207,-0.763816597708764
2.2075,-0.764145322438579
2.208,-0.764145322438579
2.2085,-0.764474047168538
2.209,-0.764145322438579
2.2095,-0.764474047168538
2.21,-0.765131496628883
2.2105,-0.764474047168538
2.211,-0.765131496628883
2.2115,-0.76546022135927
2.212,-0.76546022135927
2.2125,-0.765788946089799
2.213,-0.765788946089799
2.2135,-0.766117670820472
2.214,-0.766117670820472
2.2145,-0.766775120282245
2.215,-0.766775120282245
2.2155,-0.767103845013347
2.216,-0.767103845013347
2.2165,-0.767103845013347
2.217,-0.767432569744591
2.2175,-0.767761294475978
2.218,-0.768090019207508
2.2185,-0.768090019207508
2.219,-0.768747468670998
2.2195,-0.768747468670998
2.22,-0.768747468670998
2.2205,-0.768747468670998
2.221,-0.769076193402957
2.2215,-0.769404918135059
2.222,-0.769733642867305
2.2225,-0.769733642867305
2.223,-0.770062367599693
2.2235,-0.770391092332225
2.224,-0.770391092332225
2.2245,-0.771048541797718
2.225,-0.770391092332225
2.2255,-0.7707198170649
2.226,-0.77137726653068
2.2265,-0.77137726653068
2.227,-0.772034715997032
2.2275,-0.772034715997032
2.228,-0.772034715997032
2.2285,-0.772692165463958
2.229,-0.772363440730424
2.2295,-0.773020890197636
2.23,-0.772692165463958
2.2305,-0.773020890197636
2.231,-0.773020890197636
2.2315,-0.773349614931457
2.232,-0.77400706439953
2.2325,-0.773678339665422
2.233,-0.77400706439953
2.2335,-0.774335789133781
2.234,-0.774335789133781
2.2345,-0.774664513868176
2.235,-0.774664513868176
2.2355,-0.774993238602715
2.236,-0.775321963337396
2.2365,-0.775650688072222
2.237,-0.775650688072222
2.2375,-0.775650688072222
2.238,-0.775979412807191
2.2385,-0.776636862277559
2.239,-0.776308137542303
2.2395,-0.776636862277559
2.24,-0.777294311748502
2.2405,-0.777294311748502
2.241,-0.777294311748502
2.2415,-0.777623036484189
2.242,-0.77795176122002
2.2425,-0.778280485955994
2.243,-0.777623036484189
2.2435,-0.778609210692113
2.244,-0.778280485955994
2.2445,-0.778609210692113
2.245,-0.778937935428374
2.2455,-0.778937935428374
2.246,-0.779595384901329
2.2465,-0.77926666016478
2.247,-0.779924109638023
2.2475,-0.779924109638023
2.248,-0.779924109638023
2.2485,-0.780252834374859
2.249,-0.78058155911184
2.2495,-0.78058155911184
2.25,-0.780252834374859
2.2505,-0.781567733323646
2.251,-0.781239008586234
2.2515,-0.780910283848965
2.252,-0.781567733323646
2.2525,-0.781567733323646
2.253,-0.782225182798903
2.2535,-0.782225182798903
2.254,-0.782225182798903
2.2545,-0.782553907536748
2.255,-0.782553907536748
2.2555,-0.782882632274736
2.256,-0.782882632274736
2.2565,-0.783211357012869
2.257,-0.783868806489566
2.2575,-0.783540081751146
2.258,-0.783868806489566
2.2585,-0.784197531228131
2.259,-0.783868806489566
2.2595,-0.78452625596684
2.26,-0.78452625596684
2.2605,-0.784854980705693
2.261,-0.785512430183832
2.2615,-0.78518370544469
2.262,-0.785512430183832
2.2625,-0.785841154923117
2.263,-0.785512430183832
2.2635,-0.786169879662547
2.264,-0.786169879662547
2.2645,-0.78682732914184
2.265,-0.786498604402122
2.2655,-0.78682732914184
2.266,-0.78748477862171
2.2665,-0.78748477862171
2.267,-0.78748477862171
2.2675,-0.788142228102157
2.268,-0.78748477862171
2.2685,-0.789128402323911
2.269,-0.788470952842597
2.2695,-0.788470952842597
2.27,-0.788799677583182
2.2705,-0.788799677583182
2.271,-0.789128402323911
2.2715,-0.789457127064785
2.272,-0.789785851805803
2.2725,-0.789457127064785
2.273,-0.789785851805803
2.2735,-0.790443301288272
2.274,-0.790443301288272
2.2745,-0.790772026029724
2.275,-0.790772026029724
2.2755,-0.790772026029724
2.276,-0.791429475513061
2.2765,-0.791429475513061
2.277,-0.791758200254946
2.2775,-0.791429475513061
2.278,-0.792086924996976
2.2785,-0.792086924996976
2.279,-0.792415649739151
2.2795,-0.792744374481471
2.28,-0.792415649739151
2.2805,-0.793073099223935
2.281,-0.793401823966544
2.2815,-0.793401823966544
2.282,-0.794059273452196
2.2825,-0.793730548709297
2.283,-0.794059273452196
2.2835,-0.794387998195239
2.284,-0.794387998195239
2.2845,-0.794716722938427
2.285,-0.794716722938427
2.2855,-0.79504544768176
2.286,-0.795374172425238
2.2865,-0.79570289716886
2.287,-0.796031621912628
2.2875,-0.79570289716886
2.288,-0.796360346656541
2.2885,-0.796360346656541
2.289,-0.796360346656541
2.2895,-0.7970177961448
2.29,-0.7970177961448
2.2905,-0.796689071400598
2.291,-0.79767524563364
2.2915,-0.797346520889148
2.292,-0.79767524563364
2.2925,-0.79767524563364
2.293,-0.798003970378278
2.2935,-0.798332695123061
2.294,-0.798661419867988
2.2945,-0.798990144613061
2.295,-0.798332695123061
2.2955,-0.799318869358279
2.296,-0.799647594103642
2.2965,-0.799647594103642
2.297,-0.799976318849151
2.2975,-0.799976318849151
2.298,-0.799647594103642
2.2985,-0.800633768340603
2.299,-0.799976318849151
2.2995,-0.800633768340603
2.3,-0.800633768340603
2.3005,-0.801291217832636
2.301,-0.801619942578871
2.3015,-0.801291217832636
2.302,-0.801948667325251
2.3025,-0.801948667325251
2.303,-0.801948667325251
2.3035,-0.802606116818447
2.304,-0.802606116818447
2.3045,-0.803263566312224
2.305,-0.802606116818447
2.3055,-0.803263566312224
2.306,-0.803592291059331
2.3065,-0.803592291059331
2.307,-0.803921015806584
2.3075,-0.804249740553981
2.308,-0.804578465301525
2.3085,-0.804578465301525
2.309,-0.804249740553981
2.3095,-0.805235914797048
2.31,-0.805235914797048
2.3105,-0.805235914797048
2.311,-0.805564639545028
2.3115,-0.805564639545028
2.312,-0.805893364293154
2.3125,-0.805893364293154
2.313,-0.806222089041425
2.3135,-0.806550813789842
2.314,-0.806222089041425
2.3145,-0.807536988035966
2.315,-0.807208263287112
2.3155,-0.807208263287112
2.316,-0.807536988035966
2.3165,-0.807536988035966
2.317,-0.808194437534111
2.3175,-0.808194437534111
2.318,-0.808194437534111
2.3185,-0.808523162283402
2.319,-0.808851887032839
2.3195,-0.80950933653215
2.32,-0.808851887032839
2.3205,-0.809180611782422
2.321,-0.809838061282025
2.3215,-0.809838061282025
2.322,-0.810166786032045
2.3225,-0.810495510782211
2.323,-0.810166786032045
2.3235,-0.810495510782211
2.324,-0.810824235532523
2.3245,-0.810824235532523
2.325,-0.810824235532523
2.3255,-0.811152960282982
2.326,-0.811481685033586
2.3265,-0.811481685033586
2.327,-0.811810409784336
2.3275,-0.812467859286274
2.328,-0.812139134535232
2.3285,-0.812467859286274
2.329,-0.812796584037462
2.3295,-0.812796584037462
2.33,-0.813125308788797
2.3305,-0.813125308788797
2.331,-0.814111483043676
2.3315,-0.813454033540277
2.332,-0.813782758291903
2.3325,-0.814111483043676
2.333,-0.814111483043676
2.3335,-0.81476893254766
2.334,-0.814111483043676
2.3345,-0.815097657299871
2.335,-0.815097657299871
2.3355,-0.815426382052229
2.336,-0.816083831557383
2.3365,-0.815755106804733
2.337,-0.816412556310179
2.3375,-0.816083831557383
2.338,-0.816412556310179
2.3385,-0.816412556310179
2.339,-0.816741281063122
2.3395,-0.817070005816211
2.34,-0.817070005816211
2.3405,-0.817398730569447
2.341,-0.818056180076357
2.3415,-0.817727455322829
2.342,-0.818384904830032
2.3425,-0.818384904830032
2.343,-0.819042354337821
2.3435,-0.818713629583853
2.344,-0.818713629583853
2.3445,-0.819699803846196
2.345,-0.819371079091935
2.3455,-0.819371079091935
2.346,-0.820028528600603
2.3465,-0.820028528600603
2.347,-0.820357253355157
2.3475,-0.820357253355157
2.348,-0.820357253355157
2.3485,-0.821014702864705
2.349,-0.821014702864705
2.3495,-0.821343427619699
2.35,-0.821672152374839
2.3505,-0.821672152374839
2.351,-0.82232960188556
2.3515,-0.822000877130127
2.352,-0.82232960188556
2.3525,-0.822658326641141
2.353,-0.82232960188556
2.3535,-0.822987051396869
2.354,-0.822987051396869
2.3545,-0.823315776152743
2.355,-0.823315776152743
2.3555,-0.823315776152743
2.356,-0.823973225664932
2.3565,-0.823973225664932
2.357,-0.823973225664932
2.3575,-0.824301950421247
2.358,-0.824301950421247
2.3585,-0.824959399934317
2.359,-0.824959399934317
2.3595,-0.825288124691072
2.36,-0.825288124691072
2.3605,-0.825616849447974
2.361,-0.825616849447974
2.3615,-0.825945574205024
2.362,-0.82627429896222
2.3625,-0.826603023719563
2.363,-0.826603023719563
2.3635,-0.826931748477054
2.364,-0.826931748477054
2.3645,-0.827260473234691
2.365,-0.827260473234691
2.3655,-0.827589197992476
2.366,-0.827917922750407
2.3665,-0.827589197992476
2.367,-0.828246647508486
2.3675,-0.828575372266712
2.368,-0.828246647508486
2.3685,-0.828904097025085
2.369,-0.828575372266712
2.3695,-0.829232821783605
2.37,-0.829232821783605
2.3705,-0.829232821783605
2.371,-0.829890271301088
2.3715,-0.829890271301088
2.372,-0.829890271301088
2.3725,-0.830876445578415
2.373,-0.830547720819159
2.3735,-0.830876445578415
2.374,-0.830876445578415
2.3745,-0.831205170337819
2.375,-0.830876445578415
2.3755,-0.831205170337819
2.376,-0.831205170337819
2.3765,-0.831533895097371
2.377,-0.831862619857069
2.3775,-0.832191344616915
2.378,-0.832191344616915
2.3785,-0.832848794137049
2.379,-0.832191344616915
2.3795,-0.833177518897338
2.38,-0.833177518897338
2.3805,-0.833177518897338
2.381,-0.833834968418357
2.3815,-0.833834968418357
2.382,-0.834163693179088
2.3825,-0.834163693179088
2.383,-0.834492417939966
2.3835,-0.835149867462166
2.384,-0.834163693179088
2.3845,-0.835478592223487
2.385,-0.835149867462166
2.3855,-0.835149867462166
2.386,-0.835807316984956
2.3865,-0.835478592223487
2.387,-0.836464766508336
2.3875,-0.836136041746572
2.388,-0.836464766508336
2.3885,-0.836793491270248
2.389,-0.836464766508336
2.3895,-0.837122216032308
2.39,-0.837450940794516
2.3905,-0.837450940794516
2.391,-0.837779665556871
2.3915,-0.837779665556871
2.392,-0.838437115082024
2.3925,-0.838437115082024
2.393,-0.838437115082024
2.3935,-0.838765839844823
2.394,-0.83909456460777
2.3945,-0.83909456460777
2.395,-0.83909456460777
2.3955,-0.839752014134106
2.396,-0.839752014134106
2.3965,-0.840080738897497
2.397,-0.840409463661035
2.3975,-0.840409463661035
2.398,-0.840409463661035
2.3985,-0.840738188424721
2.399,-0.841066913188555
2.3995,-0.841066913188555
2.4,-0.841395637952538
2.4005,-0.841724362716668
2.401,-0.842053087480946
2.4015,-0.842381812245373
2.402,-0.842053087480946
2.4025,-0.842381812245373
2.403,-0.842381812245373
2.4035,-0.84303926177467
2.404,-0.842710537009947
2.4045,-0.84303926177467
2.405,-0.84369671130456
2.4055,-0.84369671130456
2.406,-0.844025436069727
2.4065,-0.844025436069727
2.407,-0.844682885600506
2.4075,-0.844025436069727
2.408,-0.844682885600506
2.4085,-0.845011610366118
2.409,-0.845011610366118
2.4095,-0.845340335131879
2.41,-0.845011610366118
2.4105,-0.845340335131879
2.411,-0.84632650943005
2.4115,-0.845997784663845
2.412,-0.84632650943005
2.4125,-0.84632650943005
2.413,-0.846655234196404
2.4135,-0.846983958962906
2.414,-0.847312683729556
2.4145,-0.846983958962906
2.415,-0.846983958962906
2.4155,-0.847641408496355
2.416,-0.848298858030399
2.4165,-0.847641408496355
2.417,-0.848627582797643
2.4175,-0.848298858030399
2.418,-0.848627582797643
2.4185,-0.848627582797643
2.419,-0.848956307565037
2.4195,-0.849285032332578
2.42,-0.848956307565037
2.4205,-0.849613757100268
2.421,-0.849942481868107
2.4215,-0.849942481868107
2.422,-0.850599931404231
2.4225,-0.850271206636095
2.423,-0.850928656172516
2.4235,-0.850928656172516
2.424,-0.851257380940949
2.4245,-0.851257380940949
2.425,-0.851257380940949
2.4255,-0.851586105709532
2.426,-0.851914830478263
2.4265,-0.851914830478263
2.427,-0.852243555247142
2.4275,-0.852572280016171
2.428,-0.852572280016171
2.4285,-0.853229729554675
2.429,-0.853229729554675
2.4295,-0.85355845432415
2.43,-0.85355845432415
2.4305,-0.853229729554675
2.431,-0.854215903863547
2.4315,-0.853887179093774
2.432,-0.854215903863547
2.4325,-0.854544628633468
2.433,-0.854544628633468
2.4335,-0.855202078173759
2.434,-0.854873353403539
2.4345,-0.854873353403539
2.435,-0.855202078173759
2.4355,-0.855530802944128
2.436,-0.855859527714645
2.4365,-0.856188252485312
2.437,-0.856516977256128
2.4375,-0.856516977256128
2.438,-0.856845702027093
2.4385,-0.857174426798207
2.439,-0.856845702027093
2.4395,-0.85750315156947
2.44,-0.85750315156947
2.4405,-0.857174426798207
2.441,-0.85750315156947
2.4415,-0.858160601112444
2.442,-0.858489325884155
2.4425,-0.858489325884155
2.443,-0.858818050656015
2.4435,-0.859475500200182
2.444,-0.858818050656015
2.4445,-0.859475500200182
2.445,-0.859475500200182
2.4455,-0.859475500200182
2.446,-0.859475500200182
2.4465,-0.860461674517554
2.447,-0.860461674517554
2.4475,-0.860790399290309
2.448,-0.860790399290309
2.4485,-0.861119124063214
2.449,-0.860790399290309
2.4495,-0.861447848836269
2.45,-0.861119124063214
2.4505,-0.861447848836269
2.451,-0.862105298382826
2.4515,-0.861776573609473
2.452,-0.862762747929982
2.4525,-0.862105298382826
2.453,-0.862762747929982
2.4535,-0.862762747929982
2.454,-0.863091472703783
2.4545,-0.863420197477735
2.455,-0.863420197477735
2.4555,-0.863091472703783
2.456,-0.864406371800487
2.4565,-0.864077647026086
2.457,-0.864406371800487
2.4575,-0.864406371800487
2.458,-0.864735096575036
2.4585,-0.865063821349736
2.459,-0.865063821349736
2.4595,-0.865392546124585
2.46,-0.865721270899584
2.4605,-0.865392546124585
2.461,-0.86637872045003
2.4615,-0.865721270899584
2.462,-0.86637872045003
2.4625,-0.866049995674732
2.463,-0.86637872045003
2.4635,-0.867036170001076
2.464,-0.867364894776824
2.4645,-0.867364894776824
2.465,-0.867693619552721
2.4655,-0.867364894776824
2.466,-0.868022344328769
2.4665,-0.867693619552721
2.467,-0.868351069104966
2.4675,-0.868351069104966
2.468,-0.868679793881313
2.4685,-0.86900851865781
2.469,-0.869337243434457
2.4695,-0.869337243434457
2.47,-0.869665968211254
2.4705,-0.869665968211254
2.471,-0.870652142542544
2.4715,-0.869994692988201
2.472,-0.870323417765297
2.4725,-0.870652142542544
2.473,-0.870323417765297
2.4735,-0.870980867319941
2.474,-0.870980867319941
2.4745,-0.871309592097488
2.475,-0.870980867319941
2.4755,-0.871309592097488
2.476,-0.871967041653033
2.4765,-0.871967041653033
2.477,-0.87229576643103
2.4775,-0.871967041653033
2.478,-0.87229576643103
2.4785,-0.872953215987476
2.479,-0.872953215987476
2.4795,-0.872953215987476
2.48,-0.873610665544522
2.4805,-0.873610665544522
2.481,-0.87393939032327
2.4815,-0.874268115102169
2.482,-0.874268115102169
2.4825,-0.874596839881218
2.483,-0.874596839881218
2.4835,-0.874925564660418
2.484,-0.874925564660418
2.4845,-0.875583014219268
2.485,-0.875254289439767
2.4855,-0.875911738998918
2.486,-0.876240463778719
2.4865,-0.875583014219268
2.487,-0.876240463778719
2.4875,-0.876897913338772
2.488,-0.87656918855867
2.4885,-0.87656918855867
2.489,-0.87656918855867
2.4895,-0.877226638119025
2.49,-0.877226638119025
2.4905,-0.877555362899428
2.491,-0.877226638119025
2.4915,-0.877884087679981
2.492,-0.878541537241539
2.4925,-0.878541537241539
2.493,-0.878212812460685
2.4935,-0.878870262022544
2.494,-0.878870262022544
2.4945,-0.879527711585006
2.495,-0.8791989868037
2.4955,-0.879856436366463
2.496,-0.879856436366463
2.4965,-0.879856436366463
2.497,-0.879856436366463
2.4975,-0.880185161148071
2.498,-0.880513885929829
2.4985,-0.881500060276009
2.499,-0.880513885929829
2.4995,-0.881171335493799
2.5,-0.881500060276009
2.5005,-0.881828785058371
2.501,-0.881828785058371
2.5015,-0.881500060276009
2.502,-0.882157509840883
2.5025,-0.882157509840883
2.503,-0.882486234623546
2.5035,-0.88281495940636
2.504,-0.88281495940636
2.5045,-0.883472408972441
2.505,-0.883143684189325
2.5055,-0.883143684189325
2.506,-0.883472408972441
2.5065,-0.884129858539125
2.507,-0.884129858539125
2.5075,-0.884129858539125
2.508,-0.884129858539125
2.5085,-0.885444757674306
2.509,-0.884458583322694
2.5095,-0.885116032890285
2.51,-0.885116032890285
2.5105,-0.885444757674306
2.511,-0.886102207242803
2.5115,-0.885773482458479
2.512,-0.886430932027278
2.5125,-0.886102207242803
2.513,-0.886759656811904
2.5135,-0.887088381596681
2.514,-0.886759656811904
2.5145,-0.88741710638161
2.515,-0.88774583116669
2.5155,-0.88741710638161
2.516,-0.888074555951921
2.5165,-0.888074555951921
2.517,-0.888074555951921
2.5175,-0.888074555951921
2.518,-0.888403280737303
2.5185,-0.888732005522836
2.519,-0.889060730308521
2.5195,-0.889060730308521
2.52,-0.889060730308521
2.5205,-0.889389455094357
2.521,-0.889718179880345
2.5215,-0.889389455094357
2.522,-0.889718179880345
2.5225,-0.890046904666483
2.523,-0.890046904666483
2.5235,-0.891033079025808
2.524,-0.891033079025808
2.5245,-0.891361803812553
2.525,-0.891361803812553
2.5255,-0.891361803812553
2.526,-0.891690528599449
2.5265,-0.891690528599449
2.527,-0.891690528599449
2.5275,-0.892019253386496
2.528,-0.891690528599449
2.5285,-0.892676702961045
2.529,-0.892676702961045
2.5295,-0.893005427748548
2.53,-0.893005427748548
2.5305,-0.893334152536201
2.531,-0.893662877324007
2.5315,-0.893334152536201
2.532,-0.894320326900072
2.5325,-0.894320326900072
2.533,-0.894649051688332
2.5335,-0.894649051688332
2.534,-0.894320326900072
2.5345,-0.894977776476744
2.535,-0.894977776476744
2.5355,-0.895306501265308
2.536,-0.895635226054023
2.5365,-0.89596395084289
2.537,-0.896292675631909
2.5375,-0.896292675631909
2.538,-0.896292675631909
2.5385,-0.89662140042108
2.539,-0.896950125210403
2.5395,-0.896950125210403
2.54,-0.896950125210403
2.5405,-0.896950125210403
2.541,-0.897607574789504
2.5415,-0.897936299579282
2.542,-0.897936299579282
2.5425,-0.898265024369212
2.543,-0.898593749159294
2.5435,-0.898593749159294
2.544,-0.898922473949528
2.5445,-0.898922473949528
2.545,-0.899251198739914
2.5455,-0.899251198739914
2.546,-0.899908648321143
2.5465,-0.899908648321143
2.547,-0.900237373111985
2.5475,-0.900237373111985
2.548,-0.900566097902979
2.5485,-0.900237373111985
2.549,-0.900237373111985
2.5495,-0.901223547485424
2.55,-0.901223547485424
2.5505,-0.901223547485424
2.551,-0.901880997068478
2.5515,-0.901880997068478
2.552,-0.901880997068478
2.5525,-0.902209721860233
2.553,-0.902209721860233
2.5535,-0.9028671714442
2.554,-0.90253844665214
2.5545,-0.903195896236411
2.555,-0.90253844665214
2.5555,-0.903524621028776
2.556,-0.903524621028776
2.5565,-0.903853345821292
2.557,-0.903853345821292
2.5575,-0.904182070613961
2.558,-0.904182070613961
2.5585,-0.904510795406782
2.559,-0.904839520199755
2.5595,-0.904839520199755
2.56,-0.905168244992881
2.5605,-0.905496969786159
2.561,-0.905496969786159
2.5615,-0.905496969786159
2.562,-0.906154419373173
2.5625,-0.906154419373173
2.563,-0.906483144166909
2.5635,-0.906483144166909
2.564,-0.906811868960797
2.5645,-0.907140593754838
2.565,-0.907469318549031
2.5655,-0.907469318549031
2.566,-0.907798043343377
2.5665,-0.907469318549031
2.567,-0.908455492932527
2.5675,-0.908455492932527
2.568,-0.908126768137876
2.5685,-0.909112942522287
2.569,-0.90878421772733
2.5695,-0.909112942522287
2.57,-0.909441667317396
2.5705,-0.909441667317396
2.571,-0.910099116908072
2.5715,-0.910099116908072
2.572,-0.909770392112658
2.5725,-0.910099116908072
2.573,-0.910099116908072
2.5735,-0.91075656649936
2.574,-0.911085291295233
2.5745,-0.911085291295233
2.575,-0.911085291295233
2.5755,-0.911085291295233
2.576,-0.911742740887437
2.5765,-0.911742740887437
2.577,-0.912071465683769
2.5775,-0.912400190480253
2.578,-0.912400190480253
2.5785,-0.91305764007368
2.579,-0.912400190480253
2.5795,-0.91305764007368
2.58,-0.91272891527689
2.5805,-0.913386364870624
2.581,-0.91371508966772
2.5815,-0.913386364870624
2.582,-0.914043814464969
2.5825,-0.914043814464969
2.583,-0.914372539262371
2.5835,-0.914701264059926
2.584,-0.915029988857635
2.5845,-0.915687438453511
2.585,-0.915358713655496
2.5855,-0.915358713655496
2.586,-0.915687438453511
2.5865,-0.915687438453511
2.587,-0.916344888049999
2.5875,-0.916344888049999
2.588,-0.916344888049999
2.5885,-0.916673612848473
2.589,-0.917331062445881
2.5895,-0.917002337647101
2.59,-0.917331062445881
2.5905,-0.917331062445881
2.591,-0.917659787244815
2.5915,-0.917988512043902
2.592,-0.917988512043902
2.5925,-0.918317236843142
2.593,-0.917988512043902
2.5935,-0.918974686442083
2.594,-0.918317236843142
2.5945,-0.919632136041637
2.595,-0.918974686442083
2.5955,-0.919632136041637
2.596,-0.919632136041637
2.5965,-0.919303411241783
2.597,-0.920289585641805
2.5975,-0.920618310442119
2.598,-0.920618310442119
2.5985,-0.920618310442119
2.599,-0.920947035242587
2.5995,-0.920618310442119
2.6,-0.920947035242587
2.6005,-0.921275760043208
2.601,-0.921275760043208
2.6015,-0.92193320964491
2.602,-0.92193320964491
2.6025,-0.922261934445992
2.603,-0.922261934445992
2.6035,-0.922261934445992
2.604,-0.922590659247227
2.6045,-0.923248108850159
2.605,-0.922919384048616
2.6055,-0.923248108850159
2.606,-0.923576833651855
2.6065,-0.923905558453705
2.607,-0.923905558453705
2.6075,-0.924234283255709
2.608,-0.924891732860177
2.6085,-0.924563008057866
2.609,-0.924563008057866
2.6095,-0.924891732860177
2.61,-0.924891732860177
2.6105,-0.924891732860177
2.611,-0.925877907268033
2.6115,-0.925549182465261
2.612,-0.92653535687404
2.6125,-0.925877907268033
2.613,-0.92620663207096
2.6135,-0.92653535687404
2.614,-0.92653535687404
2.6145,-0.926864081677274
2.615,-0.926864081677274
2.6155,-0.926864081677274
2.616,-0.927521531284204
2.6165,-0.9278502560879
2.617,-0.92817898089175
2.6175,-0.9278502560879
2.618,-0.92817898089175
2.6185,-0.928836430499911
2.619,-0.928507705695753
2.6195,-0.928836430499911
2.62,-0.929165155304223
2.6205,-0.929493880108689
2.621,-0.929493880108689
2.6215,-0.929493880108689
2.622,-0.930151329718084
2.6225,-0.930480054523012
2.623,-0.930480054523012
2.6235,-0.930480054523012
2.624,-0.930480054523012
2.6245,-0.931137504133331
2.625,-0.930480054523012
2.6255,-0.930808779328094
2.626,-0.931794953744267
2.6265,-0.931794953744267
2.627,-0.932123678549966
2.6275,-0.931794953744267
2.628,-0.932123678549966
2.6285,-0.932781128161828
2.629,-0.93245240335582
2.6295,-0.93245240335582
2.63,-0.93310985296799
2.6305,-0.933438577774307
2.631,-0.933767302580778
2.6315,-0.933767302580778
2.632,-0.934096027387403
2.6325,-0.933438577774307
2.633,-0.934096027387403
2.6335,-0.934753477001117
2.634,-0.934753477001117
2.6345,-0.935082201808206
2.635,-0.935082201808206
2.6355,-0.935410926615449
2.636,-0.935410926615449
2.6365,-0.935739651422846
2.637,-0.935739651422846
2.6375,-0.935739651422846
2.638,-0.936068376230399
2.6385,-0.936397101038105
2.639,-0.936397101038105
2.6395,-0.937054550653982
2.64,-0.937054550653982
2.6405,-0.936725825845967
2.641,-0.937712000270478
2.6415,-0.937054550653982
2.642,-0.938040725078957
2.6425,-0.937712000270478
2.643,-0.938040725078957
2.6435,-0.938369449887592
2.644,-0.938040725078957
2.6445,-0.939026899505325
2.645,-0.938698174696381
2.6455,-0.939355624314423
2.646,-0.939355624314423
2.6465,-0.939355624314423
2.647,-0.940341798742647
2.6475,-0.939684349123676
2.648,-0.940013073933085
2.6485,-0.940341798742647
2.649,-0.940013073933085
2.6495,-0.940670523552365
2.65,-0.940670523552365
2.6505,-0.940670523552365
2.651,-0.940999248362238
2.6515,-0.941656697982447
2.652,-0.941656697982447
2.6525,-0.941656697982447
2.653,-0.941985422792785
2.6535,-0.942314147603277
2.654,-0.942314147603277
2.6545,-0.942971597224727
2.655,-0.942314147603277
2.6555,-0.943300322035684
2.656,-0.943629046846796
2.6565,-0.943300322035684
2.657,-0.943629046846796
2.6575,-0.943957771658063
2.658,-0.943629046846796
2.6585,-0.944286496469486
2.659,-0.944286496469486
2.6595,-0.944615221281063
2.66,-0.944615221281063
2.6605,-0.945272670904683
2.661,-0.945272670904683
2.6615,-0.945272670904683
2.662,-0.945272670904683
2.6625,-0.945930120528925
2.663,-0.945601395716727
2.6635,-0.946258845341278
2.664,-0.946916294966451
2.6645,-0.946587570153787
2.665,-0.946587570153787
2.6655,-0.94724501977927
2.666,-0.947573744592244
2.6665,-0.947573744592244
2.667,-0.947902469405374
2.6675,-0.947902469405374
2.668,-0.947902469405374
2.6685,-0.948231194218659
2.669,-0.948231194218659
2.6695,-0.9485599190321
2.67,-0.9485599190321
2.6705,-0.948888643845696
2.671,-0.949217368659447
2.6715,-0.949217368659447
2.672,-0.949874818287416
2.6725,-0.949874818287416
2.673,-0.949546093473354
2.6735,-0.950203543101634
2.674,-0.950203543101634
2.6745,-0.950203543101634
2.675,-0.950532267916007
2.6755,-0.950532267916007
2.676,-0.95118971754522
2.6765,-0.95151844236006
2.677,-0.951847167175055
2.6775,-0.951847167175055
2.678,-0.95151844236006
2.6785,-0.952175891990207
2.679,-0.952175891990207
2.6795,-0.952833341620976
2.68,-0.952833341620976
2.6805,-0.952833341620976
2.681,-0.953162066436594
2.6815,-0.953490791252368
2.682,-0.953819516068297
2.6825,-0.953490791252368
2.683,-0.953490791252368
2.6835,-0.954148240884383
2.684,-0.954805690517021
2.6845,-0.954805690517021
2.685,-0.954805690517021
2.6855,-0.954805690517021
2.686,-0.955134415333574
2.6865,-0.955463140150282
2.687,-0.955463140150282
2.6875,-0.955791864967147
2.688,-0.955791864967147
2.6885,-0.956449314601344
2.689,-0.956449314601344
2.6895,-0.956449314601344
2.69,-0.956778039418676
2.6905,-0.957106764236164
2.691,-0.956778039418676
2.6915,-0.957435489053808
2.692,-0.957435489053808
2.6925,-0.957106764236164
2.693,-0.957764213871608
2.6935,-0.958421663507677
2.694,-0.958092938689564
2.6945,-0.958421663507677
2.695,-0.958421663507677
2.6955,-0.958421663507677
2.696,-0.95907911314437
2.6965,-0.95907911314437
2.697,-0.959736562781687
2.6975,-0.95940783796295
2.698,-0.959736562781687
2.6985,-0.960394012419629
2.699,-0.960394012419629
2.6995,-0.960722737238834
2.7,-0.960722737238834
2.7005,-0.961051462058196
2.701,-0.961380186877713
2.7015,-0.961051462058196
2.702,-0.961380186877713
2.7025,-0.961708911697387
2.703,-0.961708911697387
2.7035,-0.962037636517218
2.704,-0.962037636517218
2.7045,-0.962366361337204
2.705,-0.962695086157347
2.7055,-0.963023810977647
2.706,-0.962695086157347
2.7065,-0.963023810977647
2.707,-0.963352535798102
2.7075,-0.963023810977647
2.708,-0.964009985439483
2.7085,-0.964009985439483
2.709,-0.964009985439483
2.7095,-0.964667435081489
2.71,-0.964667435081489
2.7105,-0.964338710260408
2.711,-0.964667435081489
2.7115,-0.964667435081489
2.712,-0.964996159902728
2.7125,-0.965324884724122
2.713,-0.965653609545673
2.7135,-0.965982334367381
2.714,-0.965982334367381
2.7145,-0.966311059189245
2.715,-0.966639784011266
2.7155,-0.966639784011266
2.716,-0.966968508833444
2.7165,-0.966639784011266
2.717,-0.967297233655778
2.7175,-0.966968508833444
2.718,-0.967625958478269
2.7185,-0.968283408123721
2.719,-0.967625958478269
2.7195,-0.968283408123721
2.72,-0.968283408123721
2.7205,-0.968940857769799
2.721,-0.968940857769799
2.7215,-0.969269582593074
2.722,-0.969269582593074
2.7225,-0.969269582593074
2.723,-0.969927032240094
2.7235,-0.969927032240094
2.724,-0.969927032240094
2.7245,-0.970584481887741
2.725,-0.970584481887741
2.7255,-0.9709132067118
2.726,-0.9709132067118
2.7265,-0.9709132067118
2.727,-0.971570656360389
2.7275,-0.971570656360389
2.728,-0.971570656360389
2.7285,-0.971899381184918
2.729,-0.971899381184918
2.7295,-0.972556830834449
2.73,-0.972556830834449
2.7305,-0.972228106009605
2.731,-0.97288555565945
2.7315,-0.973214280484608
2.732,-0.973543005309923
2.7325,-0.97288555565945
2.733,-0.974200454961024
2.7335,-0.974200454961024
2.734,-0.974529179786811
2.7345,-0.974529179786811
2.735,-0.974529179786811
2.7355,-0.974529179786811
2.736,-0.975186629438855
2.7365,-0.974857904612754
2.737,-0.975515354265113
2.7375,-0.975515354265113
2.738,-0.975844079091528
2.7385,-0.97650152874483
2.739,-0.976172803918101
2.7395,-0.976830253571718
2.74,-0.976172803918101
2.7405,-0.97650152874483
2.741,-0.977158978398762
2.7415,-0.977158978398762
2.742,-0.977158978398762
2.7425,-0.977158978398762
2.743,-0.977487703225964
2.7435,-0.977816428053323
2.744,-0.978473877708514
2.7445,-0.978473877708514
2.745,-0.978473877708514
2.7455,-0.978802602536345
2.746,-0.978802602536345
2.7465,-0.979131327364334
2.747,-0.979460052192481
2.7475,-0.979460052192481
2.748,-0.979460052192481
2.7485,-0.980117501849246
2.749,-0.980117501849246
2.7495,-0.980117501849246
2.75,-0.980446226677865
2.7505,-0.980446226677865
2.751,-0.981103676335576
2.7515,-0.981103676335576
2.752,-0.981761125993918
2.7525,-0.981761125993918
2.753,-0.981761125993918
2.7535,-0.982089850823325
2.754,-0.982089850823325
2.7545,-0.982747300482612
2.755,-0.982089850823325
2.7555,-0.982747300482612
2.756,-0.983404750142531
2.7565,-0.983076025312493
2.757,-0.983076025312493
2.7575,-0.983076025312493
2.758,-0.983404750142531
2.7585,-0.983733474972727
2.759,-0.983733474972727
2.7595,-0.984390924633592
2.76,-0.984390924633592
2.7605,-0.984719649464262
2.761,-0.985048374295089
2.7615,-0.985048374295089
2.762,-0.985377099126074
2.7625,-0.985048374295089
2.763,-0.985705823957217
2.7635,-0.986363273619977
2.764,-0.985705823957217
2.7645,-0.986363273619977
2.765,-0.986363273619977
2.7655,-0.986691998451594
2.766,-0.987349448115302
2.7665,-0.987020723283369
2.767,-0.987678172947394
2.7675,-0.987349448115302
2.768,-0.987349448115302
2.7685,-0.98833562261205
2.769,-0.987678172947394
2.7695,-0.98833562261205
2.77,-0.98833562261205
2.7705,-0.988664347444616
2.771,-0.988993072277339
2.7715,-0.988993072277339
2.772,-0.988993072277339
2.7725,-0.988993072277339
2.773,-0.989650521943261
2.7735,-0.990307971609816
2.774,-0.989979246776459
2.7745,-0.989979246776459
2.775,-0.99063669644333
2.7755,-0.99063669644333
2.776,-0.99063669644333
2.7765,-0.990965421277003
2.777,-0.991622870944824
2.7775,-0.990965421277003
2.778,-0.991622870944824
2.7785,-0.991951595778972
2.779,-0.991622870944824
2.7795,-0.992280320613278
2.78,-0.992280320613278
2.7805,-0.992280320613278
2.781,-0.992609045447743
2.7815,-0.992609045447743
2.782,-0.993266495117148
2.7825,-0.993595219952088
2.783,-0.993595219952088
2.7835,-0.993595219952088
2.784,-0.993923944787186
2.7845,-0.994252669622443
2.785,-0.993923944787186
2.7855,-0.994252669622443
2.786,-0.994581394457859
2.7865,-0.994581394457859
2.787,-0.994910119293433
2.7875,-0.995238844129166
2.788,-0.995238844129166
2.7885,-0.994910119293433
2.789,-0.995567568965057
2.7895,-0.995896293801107
2.79,-0.996225018637315
2.7905,-0.996553743473683
2.791,-0.996882468310208
2.7915,-0.996882468310208
2.792,-0.996882468310208
2.7925,-0.996882468310208
2.793,-0.997211193146893
2.7935,-0.997211193146893
2.794,-0.997868642820738
2.7945,-0.997868642820738
2.795,-0.998197367657899
2.7955,-0.998526092495219
2.796,-0.998854817332698
2.7965,-0.998526092495219
2.797,-0.999183542170335
2.7975,-0.999183542170335
2.798,-0.999512267008131
2.7985,-0.999512267008131
2.799,-0.999183542170335
2.7995,-1.00049844152247
2.8,-1.0001697166842
2.8005,-1.0001697166842
2.801,-1.00049844152247
2.8015,-1.0001697166842
2.802,-1.00082716636091
2.8025,-1.0011558911995
2.803,-1.0011558911995
2.8035,-1.00148461603825
2.804,-1.00148461603825
2.8045,-1.00181334087716
2.805,-1.00148461603825
2.8055,-1.00181334087716
2.806,-1.00214206571622
2.8065,-1.00214206571622
2.807,-1.00312824023438
2.8075,-1.00312824023438
2.808,-1.00312824023438
2.8085,-1.00312824023438
2.809,-1.00345696507409
2.8095,-1.00378568991395
2.81,-1.00378568991395
2.8105,-1.00411441475397
2.811,-1.0047718644345
2.8115,-1.00444313959415
2.812,-1.00444313959415
2.8125,-1.00444313959415
2.813,-1.0047718644345
2.8135,-1.00542931411566
2.814,-1.005100589275
2.8145,-1.00575803895647
2.815,-1.00575803895647
2.8155,-1.00608676379745
2.816,-1.00641548863859
2.8165,-1.00608676379745
2.817,-1.00641548863859
2.8175,-1.00674421347989
2.818,-1.00674421347989
2.8185,-1.00740166316296
2.819,-1.00773038800474
2.8195,-1.00773038800474
2.82,-1.00740166316296
2.8205,-1.00805911284667
2.821,-1.00871656253102
2.8215,-1.00805911284667
2.822,-1.00838783768876
2.8225,-1.00838783768876
2.823,-1.00871656253102
2.8235,-1.00904528737343
2.824,-1.00871656253102
2.8245,-1.00904528737343
2.825,-1.009374012216
2.8255,-1.009374012216
2.826,-1.01003146190163
2.8265,-1.00970273705874
2.827,-1.01036018674468
2.8275,-1.01068891158789
2.828,-1.01101763643126
2.8285,-1.01068891158789
2.829,-1.01068891158789
2.8295,-1.01167508611848
2.83,-1.01101763643126
2.8305,-1.01167508611848
2.831,-1.01200381096233
2.8315,-1.01200381096233
2.832,-1.01233253580634
2.8325,-1.01266126065051
2.833,-1.01266126065051
2.8335,-1.01266126065051
2.834,-1.01266126065051
2.8345,-1.01364743518398
2.835,-1.01364743518398
2.8355,-1.01331871033933
2.836,-1.01397616002879
2.8365,-1.01364743518398
2.837,-1.01463360971889
2.8375,-1.01430488487376
2.838,-1.01496233456417
2.8385,-1.01496233456417
2.839,-1.01463360971889
2.8395,-1.01561978425523
2.84,-1.01529105940962
2.8405,-1.01561978425523
2.841,-1.015948509101
2.8415,-1.015948509101
2.842,-1.015948509101
2.8425,-1.01627723394693
2.843,-1.01693468363926
2.8435,-1.01693468363926
2.844,-1.01693468363926
2.8445,-1.01726340848567
2.845,-1.01759213333224
2.8455,-1.01759213333224
2.846,-1.01759213333224
2.8465,-1.01792085817897
2.847,-1.01824958302586
2.8475,-1.01824958302586
2.848,-1.01824958302586
2.8485,-1.01890703272012
2.849,-1.01890703272012
2.8495,-1.01956448241502
2.85,-1.01956448241502
2.8505,-1.01956448241502
2.851,-1.01989320726271
2.8515,-1.01956448241502
2.852,-1.02022193211056
2.8525,-1.02022193211056
2.853,-1.02055065695857
2.8535,-1.02087938180674
2.854,-1.02055065695857
2.8545,-1.02120810665507
2.855,-1.02120810665507
2.8555,-1.02120810665507
2.856,-1.02186555635222
2.8565,-1.02186555635222
2.857,-1.02186555635222
2.8575,-1.02219428120103
2.858,-1.02252300605
2.8585,-1.02252300605
2.859,-1.02285173089914
2.8595,-1.02318045574843
2.86,-1.02285173089914
2.8605,-1.0238379054475
2.861,-1.0238379054475
2.8615,-1.0238379054475
2.862,-1.02416663029727
2.8625,-1.0238379054475
2.863,-1.02416663029727
2.8635,-1.02482407999731
2.864,-1.02449535514721
2.8645,-1.02482407999731
2.865,-1.02482407999731
2.8655,-1.02482407999731
2.866,-1.0261389793993
2.8665,-1.02581025454856
2.867,-1.0261389793993
2.8675,-1.0264677042502
2.868,-1.0264677042502
2.8685,-1.0261389793993
2.869,-1.0264677042502
2.8695,-1.02679642910126
2.87,-1.02679642910126
2.8705,-1.02712515395248
2.871,-1.02778260365541
2.8715,-1.02811132850711
2.872,-1.02811132850711
2.8725,-1.02811132850711
2.873,-1.02844005335898
2.8735,-1.02876877821101
2.874,-1.02844005335898
2.8745,-1.02876877821101
2.875,-1.02909750306319
2.8755,-1.02942622791554
2.876,-1.03008367762072
2.8765,-1.02975495276805
2.877,-1.03008367762072
2.8775,-1.03008367762072
2.878,-1.03041240247355
2.8785,-1.03041240247355
2.879,-1.03074112732654
2.8795,-1.03074112732654
2.88,-1.03074112732654
2.8805,-1.03106985217969
2.881,-1.03139857703301
2.8815,-1.03172730188648
2.882,-1.03238475159391
2.8825,-1.03172730188648
2.883,-1.03238475159391
2.8835,-1.03238475159391
2.884,-1.03238475159391
2.8845,-1.03304220130199
2.885,-1.03304220130199
2.8855,-1.03304220130199
2.886,-1.03337092615627
2.8865,-1.03402837586532
2.887,-1.03402837586532
2.8875,-1.03435710072008
2.888,-1.03402837586532
2.8885,-1.03468582557501
2.889,-1.03435710072008
2.8895,-1.03468582557501
2.89,-1.03501455043009
2.8905,-1.03501455043009
2.891,-1.03567200014075
2.8915,-1.03534327528534
2.892,-1.03567200014075
2.8925,-1.03567200014075
2.893,-1.03600072499632
2.8935,-1.03665817470795
2.894,-1.03600072499632
2.8945,-1.036986899564
2.895,-1.03632944985205
2.8955,-1.03731562442022
2.896,-1.0376443492766
2.8965,-1.036986899564
2.897,-1.0376443492766
2.8975,-1.03731562442022
2.898,-1.03797307413314
2.8985,-1.03830179898984
2.899,-1.03830179898984
2.8995,-1.03895924870372
2.9,-1.0386305238467
2.9005,-1.0386305238467
2.901,-1.03961669841826
2.9015,-1.03928797356091
2.902,-1.04027414813344
2.9025,-1.03928797356091
2.903,-1.03994542327577
2.9035,-1.04027414813344
2.904,-1.04027414813344
2.9045,-1.04027414813344
2.905,-1.04093159784926
2.9055,-1.04060287299127
2.906,-1.04126032270742
2.9065,-1.04158904756574
2.907,-1.04224649728286
2.9075,-1.04093159784926
2.908,-1.04191777242422
2.9085,-1.04224649728286
2.909,-1.04224649728286
2.9095,-1.04257522214166
2.91,-1.04290394700063
2.9105,-1.04290394700063
2.911,-1.04323267185975
2.9115,-1.04323267185975
2.912,-1.04389012157849
2.9125,-1.04356139671904
2.913,-1.04389012157849
2.9135,-1.0442188464381
2.914,-1.04454757129788
2.9145,-1.0442188464381
2.915,-1.04454757129788
2.9155,-1.0442188464381
2.916,-1.04520502101791
2.9165,-1.04454757129788
2.917,-1.0458624707386
2.9175,-1.0458624707386
2.918,-1.04520502101791
2.9185,-1.04619119559918
2.919,-1.04619119559918
2.9195,-1.04651992045993
2.92,-1.04619119559918
2.9205,-1.04651992045993
2.921,-1.04717737018191
2.9215,-1.04717737018191
2.922,-1.04684864532084
2.9225,-1.04750609504314
2.923,-1.04750609504314
2.9235,-1.04783481990453
2.924,-1.04783481990453
2.9245,-1.04816354476609
2.925,-1.04849226962781
2.9255,-1.04882099448969
2.926,-1.04947844421394
2.9265,-1.04882099448969
2.927,-1.04914971935174
2.9275,-1.04914971935174
2.928,-1.04947844421394
2.9285,-1.04980716907631
2.929,-1.05013589393884
2.9295,-1.05013589393884
2.93,-1.04980716907631
2.9305,-1.05079334366439
2.931,-1.05112206852741
2.9315,-1.05112206852741
2.932,-1.05112206852741
2.9325,-1.05112206852741
2.933,-1.05145079339059
2.9335,-1.05177951825394
2.934,-1.05177951825394
2.9345,-1.05243696798111
2.935,-1.05243696798111
2.9355,-1.05276569284494
2.936,-1.05276569284494
2.9365,-1.05342314257309
2.937,-1.05375186743741
2.9375,-1.05342314257309
2.938,-1.05342314257309
2.9385,-1.05408059230189
2.939,-1.05375186743741
2.9395,-1.05473804203134
2.94,-1.05440931716653
2.9405,-1.05473804203134
2.941,-1.05506676689631
2.9415,-1.05506676689631
2.942,-1.05506676689631
2.9425,-1.05473804203134
2.943,-1.05572421662673
2.9435,-1.05605294149219
2.944,-1.05605294149219
2.9445,-1.05638166635781
2.945,-1.05671039122359
2.9455,-1.05671039122359
2.946,-1.05671039122359
2.9465,-1.05671039122359
2.947,-1.05736784095565
2.9475,-1.05736784095565
2.948,-1.05736784095565
2.9485,-1.05769656582192
2.949,-1.05802529068835
2.9495,-1.05802529068835
2.95,-1.05835401555495
2.9505,-1.05835401555495
2.951,-1.05835401555495
2.9515,-1.05901146528863
2.952,-1.05901146528863
2.9525,-1.05901146528863
2.953,-1.05966891502297
2.9535,-1.05999763989038
2.954,-1.05966891502297
2.9545,-1.06032636475795
2.955,-1.05999763989038
2.9555,-1.06065508962569
2.956,-1.06065508962569
2.9565,-1.06065508962569
2.957,-1.06098381449359
2.9575,-1.06098381449359
2.958,-1.06164126422988
2.9585,-1.06164126422988
2.959,-1.06164126422988
2.9595,-1.06164126422988
2.96,-1.06164126422988
2.9605,-1.06262743883554
2.961,-1.06262743883554
2.9615,-1.06262743883554
2.962,-1.06295616370442
2.9625,-1.06295616370442
2.963,-1.06295616370442
2.9635,-1.06361361344267
2.964,-1.06361361344267
2.9645,-1.06394233831204
2.965,-1.06394233831204
2.9655,-1.06427106318158
2.966,-1.06459978805127
2.9665,-1.06427106318158
2.967,-1.06492851292113
2.9675,-1.06492851292113
2.968,-1.06492851292113
2.9685,-1.06558596266134
2.969,-1.06558596266134
2.9695,-1.06591468753169
2.97,-1.06591468753169
2.9705,-1.06591468753169
2.971,-1.06657213727288
2.9715,-1.06624341240221
2.972,-1.06722958701473
2.9725,-1.06657213727288
2.973,-1.06722958701473
2.9735,-1.06722958701473
2.974,-1.06690086214372
2.9745,-1.06788703675722
2.975,-1.06788703675722
2.9755,-1.06788703675722
2.976,-1.06788703675722
2.9765,-1.06821576162872
2.977,-1.0688732113722
2.9775,-1.06821576162872
2.978,-1.0688732113722
2.9785,-1.06953066111633
2.979,-1.0688732113722
2.9795,-1.06953066111633
2.98,-1.06985938598865
2.9805,-1.06985938598865
2.981,-1.06985938598865
2.9815,-1.07018811086112
2.982,-1.07051683573376
2.9825,-1.07051683573376
2.983,-1.07084556060657
2.9835,-1.07150301035267
2.984,-1.07084556060657
2.9845,-1.07150301035267
2.985,-1.07150301035267
2.9855,-1.07117428547954
2.986,-1.07216046009942
2.9865,-1.07248918497304
2.987,-1.07248918497304
2.9875,-1.07281790984683
2.988,-1.07248918497304
2.9885,-1.07314663472078
2.989,-1.07281790984683
2.9895,-1.0734753595949
2.99,-1.07380408446918
2.9905,-1.07380408446918
2.991,-1.07446153421823
2.9915,-1.07413280934362
2.992,-1.07446153421823
2.9925,-1.07446153421823
2.993,-1.07446153421823
2.9935,-1.07511898396793
2.994,-1.07511898396793
2.9945,-1.07544770884303
2.995,-1.07511898396793
2.9955,-1.07544770884303
2.996,-1.07610515859372
2.9965,-1.07610515859372
2.997,-1.07610515859372
2.9975,-1.07610515859372
2.998,-1.07676260834507
2.9985,-1.07709133322099
2.999,-1.07676260834507
2.9995,-1.07709133322099
3,-1.07742005809707
3.0005,-1.07774878297332
3.001,-1.07807750784973
3.0015,-1.07774878297332
3.002,-1.07807750784973
3.0025,-1.07906368247996
3.003,-1.07840623272631
3.0035,-1.07906368247996
3.004,-1.07873495760305
3.0045,-1.07906368247996
3.005,-1.07906368247996
3.0055,-1.07972113223426
3.006,-1.07972113223426
3.0065,-1.07972113223426
3.007,-1.08037858198922
3.0075,-1.08004985711166
3.008,-1.08037858198922
3.0085,-1.08103603174484
3.009,-1.08037858198922
3.0095,-1.08103603174484
3.01,-1.08103603174484
3.0105,-1.0813647566229
3.011,-1.0820222063795
3.0115,-1.0820222063795
3.012,-1.08235093125805
3.0125,-1.0820222063795
3.013,-1.08235093125805
3.0135,-1.08235093125805
3.014,-1.08235093125805
3.0145,-1.08333710589469
3.015,-1.08300838101565
3.0155,-1.08300838101565
3.016,-1.0836658307739
3.0165,-1.0836658307739
3.017,-1.0836658307739
3.0175,-1.08399455565327
3.018,-1.08465200541251
3.0185,-1.08465200541251
3.019,-1.08465200541251
3.0195,-1.08498073029238
3.02,-1.08498073029238
3.0205,-1.08498073029238
3.021,-1.08563818005261
3.0215,-1.08563818005261
3.022,-1.08563818005261
3.0225,-1.08563818005261
3.023,-1.08629562981349
3.0235,-1.08629562981349
3.024,-1.08629562981349
3.0245,-1.08695307957504
3.025,-1.08662435469418
3.0255,-1.08761052933725
3.026,-1.08728180445606
3.0265,-1.08695307957504
3.027,-1.0879392542186
3.0275,-1.0879392542186
3.028,-1.08761052933725
3.0285,-1.08826797910011
3.029,-1.08826797910011
3.0295,-1.08892542886364
3.03,-1.08859670398179
3.0305,-1.08892542886364
3.031,-1.08925415374565
3.0315,-1.08925415374565
3.032,-1.08958287862782
3.0325,-1.08925415374565
3.033,-1.08991160351017
3.0335,-1.09056905327534
3.034,-1.09024032839267
3.0345,-1.09056905327534
3.035,-1.08991160351017
3.0355,-1.09122650304118
3.036,-1.09122650304118
3.0365,-1.09122650304118
3.037,-1.09188395280768
3.0375,-1.09155522792435
3.038,-1.09188395280768
3.0385,-1.09221267769117
3.039,-1.09221267769117
3.0395,-1.09254140257484
3.04,-1.09221267769117
3.0405,-1.09287012745866
3.041,-1.09287012745866
3.0415,-1.09319885234266
3.042,-1.09319885234266
3.0425,-1.09319885234266
3.043,-1.09352757722681
3.0435,-1.09418502699563
3.044,-1.09451375188028
3.0445,-1.09451375188028
3.045,-1.09451375188028
3.0455,-1.09451375188028
3.046,-1.09517120165008
3.0465,-1.0948424767651
3.047,-1.09517120165008
3.0475,-1.09582865142055
3.048,-1.09549992653523
3.0485,-1.09648610119168
3.049,-1.09615737630603
3.0495,-1.09615737630603
3.05,-1.09615737630603
3.0505,-1.09648610119168
3.051,-1.09648610119168
3.0515,-1.09648610119168
3.052,-1.09747227584961
3.0525,-1.09714355096347
3.053,-1.09780100073592
3.0535,-1.09747227584961
3.054,-1.09780100073592
3.0545,-1.09878717539584
3.055,-1.0981297256224
3.0555,-1.0981297256224
3.056,-1.09911590028281
3.0565,-1.09911590028281
3.057,-1.09944462516995
3.0575,-1.09944462516995
3.058,-1.09977335005725
3.0585,-1.10043079983236
3.059,-1.10010207494472
3.0595,-1.10010207494472
3.06,-1.10043079983236
3.0605,-1.10043079983236
3.061,-1.10108824960813
3.0615,-1.10043079983236
3.062,-1.10141697449626
3.0625,-1.10108824960813
3.063,-1.10108824960813
3.0635,-1.10207442427302
3.064,-1.10207442427302
3.0645,-1.10207442427302
3.065,-1.10240314916165
3.0655,-1.10273187405045
3.066,-1.10273187405045
3.0665,-1.10273187405045
3.067,-1.10306059893941
3.0675,-1.10306059893941
3.068,-1.10371804871783
3.0685,-1.10371804871783
3.069,-1.10404677360729
3.0695,-1.10437549849692
3.07,-1.10404677360729
3.0705,-1.10404677360729
3.071,-1.10503294827667
3.0715,-1.10470422338671
3.072,-1.10503294827667
3.0725,-1.10503294827667
3.073,-1.10503294827667
3.0735,-1.10569039805708
3.074,-1.10536167316679
3.0745,-1.10601912294754
3.075,-1.10601912294754
3.0755,-1.10601912294754
3.076,-1.1070052976199
3.0765,-1.10634784783816
3.077,-1.1070052976199
3.0775,-1.1070052976199
3.078,-1.1070052976199
3.0785,-1.10766274740231
3.079,-1.10733402251103
3.0795,-1.10799147229377
3.08,-1.10766274740231
3.0805,-1.10799147229377
3.081,-1.10864892207718
3.0815,-1.10864892207718
3.082,-1.10832019718539
3.0825,-1.10897764696913
3.083,-1.10897764696913
3.0835,-1.10930637186125
3.084,-1.10897764696913
3.0845,-1.10996382164599
3.085,-1.10963509675353
3.0855,-1.10963509675353
3.086,-1.11029254653861
3.0865,-1.11062127143139
3.087,-1.11094999632434
3.0875,-1.11062127143139
3.088,-1.11094999632434
3.0885,-1.11160744611075
3.089,-1.11094999632434
3.0895,-1.11160744611075
3.09,-1.11160744611075
3.0905,-1.11226489589782
3.091,-1.1119361710042
3.0915,-1.11226489589782
3.092,-1.1125936207916
3.0925,-1.11292234568555
3.093,-1.11292234568555
3.0935,-1.11292234568555
3.094,-1.11325107057967
3.0945,-1.11357979547396
3.095,-1.11357979547396
3.0955,-1.11390852036841
3.096,-1.11390852036841
3.0965,-1.11456597015781
3.097,-1.11423724526303
3.0975,-1.11456597015781
3.098,-1.11456597015781
3.0985,-1.11489469505276
3.099,-1.11489469505276
3.0995,-1.11555214484317
3.1,-1.11522341994788
3.1005,-1.11555214484317
3.101,-1.11620959463424
3.1015,-1.11620959463424
3.102,-1.11620959463424
3.1025,-1.11620959463424
3.103,-1.11653831953002
3.1035,-1.11686704442598
3.104,-1.11686704442598
3.1045,-1.1171957693221
3.105,-1.11752449421838
3.1055,-1.11752449421838
3.106,-1.11785321911484
3.1065,-1.11785321911484
3.107,-1.11785321911484
3.1075,-1.11818194401146
3.108,-1.1188393938052
3.1085,-1.1188393938052
3.109,-1.11916811870232
3.1095,-1.11916811870232
3.11,-1.11949684359961
3.1105,-1.11949684359961
3.111,-1.11949684359961
3.1115,-1.11982556849707
3.112,-1.12015429339469
3.1125,-1.11982556849707
3.113,-1.12015429339469
3.1135,-1.12114046808857
3.114,-1.12048301829248
3.1145,-1.12114046808857
3.115,-1.12146919298686
3.1155,-1.12146919298686
3.116,-1.12146919298686
3.1165,-1.12212664278394
3.117,-1.12179791788532
3.1175,-1.12245536768274
3.118,-1.12212664278394
3.1185,-1.1227840925817
3.119,-1.1227840925817
3.1195,-1.12311281748083
3.12,-1.12311281748083
3.1205,-1.12311281748083
3.121,-1.12377026727959
3.1215,-1.12344154238012
3.122,-1.12377026727959
3.1225,-1.12409899217922
3.123,-1.12409899217922
3.1235,-1.12442771707902
3.124,-1.12475644197898
3.1245,-1.12508516687911
3.125,-1.12508516687911
3.1255,-1.12508516687911
3.126,-1.12541389177942
3.1265,-1.12541389177942
3.127,-1.12574261667988
3.1275,-1.12607134158052
3.128,-1.12574261667988
3.1285,-1.12640006648132
3.129,-1.12640006648132
3.1295,-1.12672879138229
3.13,-1.12672879138229
3.1305,-1.12705751628343
3.131,-1.12738624118474
3.1315,-1.12705751628343
3.132,-1.12771496608621
3.1325,-1.12771496608621
3.133,-1.12771496608621
3.1335,-1.12870114079164
3.134,-1.12837241588966
3.1345,-1.12870114079164
3.135,-1.12837241588966
3.1355,-1.12902986569378
3.136,-1.12870114079164
3.1365,-1.12870114079164
3.137,-1.1293585905961
3.1375,-1.13001604040123
3.138,-1.12968731549858
3.1385,-1.13034476530404
3.139,-1.13034476530404
3.1395,-1.13067349020703
3.14,-1.13067349020703
3.1405,-1.13067349020703
3.141,-1.13067349020703
3.1415,-1.13100221511018
3.142,-1.13165966491698
3.1425,-1.13165966491698
3.143,-1.13165966491698
3.1435,-1.13165966491698
3.144,-1.13198838982064
3.1445,-1.13264583962845
3.145,-1.13231711472446
3.1455,-1.13231711472446
3.146,-1.13297456453261
3.1465,-1.13264583962845
3.147,-1.13363201434144
3.1475,-1.13330328943694
3.148,-1.13330328943694
3.1485,-1.1339607392461
3.149,-1.13363201434144
3.1495,-1.13428946415093
3.15,-1.13461818905593
3.1505,-1.13461818905593
3.151,-1.13461818905593
3.1515,-1.1349469139611
3.152,-1.13527563886644
3.1525,-1.13560436377194
3.153,-1.13560436377194
3.1535,-1.13560436377194
3.154,-1.13593308867761
3.1545,-1.13626181358346
3.155,-1.13626181358346
3.1555,-1.13659053848946
3.156,-1.13691926339564
3.1565,-1.13659053848946
3.157,-1.13724798830199
3.1575,-1.13691926339564
3.158,-1.13724798830199
3.1585,-1.13790543811518
3.159,-1.13724798830199
3.1595,-1.13823416302204
3.16,-1.13823416302204
3.1605,-1.13856288792905
3.161,-1.13856288792905
3.1615,-1.13889161283624
3.162,-1.1392203377436
3.1625,-1.1392203377436
3.163,-1.13954906265112
3.1635,-1.13987778755882
3.164,-1.13987778755882
3.1645,-1.14020651246668
3.165,-1.14020651246668
3.1655,-1.14020651246668
3.166,-1.14086396228291
3.1665,-1.14086396228291
3.167,-1.14086396228291
3.1675,-1.14086396228291
3.168,-1.14119268719127
3.1685,-1.14086396228291
3.169,-1.14152141209981
3.1695,-1.14152141209981
3.17,-1.14217886191739
3.1705,-1.14185013700851
3.171,-1.14283631173564
3.1715,-1.14250758682643
3.172,-1.14283631173564
3.1725,-1.14283631173564
3.173,-1.14283631173564
3.1735,-1.14316503664502
3.174,-1.14316503664502
3.1745,-1.14415121137417
3.175,-1.14382248646428
3.1755,-1.14415121137417
3.176,-1.14447993628422
3.1765,-1.14415121137417
3.177,-1.14480866119445
3.1775,-1.14513738610484
3.178,-1.14480866119445
3.1785,-1.1454661110154
3.179,-1.1454661110154
3.1795,-1.1454661110154
3.18,-1.1454661110154
3.1805,-1.14579483592613
3.181,-1.14612356083703
3.1815,-1.14612356083703
3.182,-1.1464522857481
3.1825,-1.1464522857481
3.183,-1.1464522857481
3.1835,-1.14710973557074
3.184,-1.14743846048231
3.1845,-1.14776718539406
3.185,-1.14743846048231
3.1855,-1.14776718539406
3.186,-1.14842463521805
3.1865,-1.14809591030597
3.187,-1.14842463521805
3.1875,-1.14842463521805
3.188,-1.1487533601303
3.1885,-1.1487533601303
3.189,-1.14908208504272
3.1895,-1.14908208504272
3.19,-1.14941080995531
3.1905,-1.14973953486807
3.191,-1.150068259781
3.1915,-1.1503969846941
3.192,-1.150068259781
3.1925,-1.150068259781
3.193,-1.15072570960736
3.1935,-1.1510544345208
3.194,-1.15072570960736
3.1945,-1.1510544345208
3.195,-1.15171188434818
3.1955,-1.1513831594344
3.196,-1.15171188434818
3.1965,-1.15171188434818
3.197,-1.15204060926212
3.1975,-1.15204060926212
3.198,-1.15269805909051
3.1985,-1.15269805909051
3.199,-1.15269805909051
3.1995,-1.15335550891959
3.2,-1.15302678400497
3.2005,-1.15335550891959
3.201,-1.15368423383438
3.2015,-1.15368423383438
3.202,-1.15467040857976
3.2025,-1.15434168366447
3.203,-1.15434168366447
3.2035,-1.15499913349523
3.204,-1.15499913349523
3.2045,-1.15499913349523
3.205,-1.15467040857976
3.2055,-1.15532785841087
3.206,-1.15598530824265
3.2065,-1.15565658332668
3.207,-1.15598530824265
3.2075,-1.15598530824265
3.208,-1.15598530824265
3.2085,-1.15664275807512
3.209,-1.15664275807512
3.2095,-1.1569714829916
3.21,-1.15730020790826
3.2105,-1.15762893282508
3.211,-1.15762893282508
3.2115,-1.15762893282508
3.212,-1.15762893282508
3.2125,-1.15795765774208
3.213,-1.15795765774208
3.2135,-1.15861510757658
3.214,-1.15894383249408
3.2145,-1.15894383249408
3.215,-1.15861510757658
3.2155,-1.15894383249408
3.216,-1.15927255741176
3.2165,-1.1596012823296
3.217,-1.1602587321658
3.2175,-1.15993000724761
3.218,-1.15993000724761
3.2185,-1.16091618200268
3.219,-1.16058745708415
3.2195,-1.16091618200268
3.22,-1.16058745708415
3.2205,-1.16091618200268
3.221,-1.16190235675927
3.2215,-1.16157363184023
3.222,-1.16190235675927
3.2225,-1.16190235675927
3.223,-1.16190235675927
3.2235,-1.16255980659784
3.224,-1.16190235675927
3.2245,-1.16255980659784
3.225,-1.16255980659784
3.2255,-1.1632172564371
3.226,-1.16288853151739
3.2265,-1.16354598135699
3.227,-1.16354598135699
3.2275,-1.16387470627704
3.228,-1.16387470627704
3.2285,-1.16387470627704
3.229,-1.16420343119726
3.2295,-1.16420343119726
3.23,-1.16486088103822
3.2305,-1.16486088103822
3.231,-1.16551833087986
3.2315,-1.16551833087986
3.232,-1.16584705580094
3.2325,-1.16617578072218
3.233,-1.16551833087986
3.2335,-1.16617578072218
3.234,-1.16617578072218
3.2345,-1.16617578072218
3.235,-1.1665045056436
3.2355,-1.1665045056436
3.236,-1.16716195548694
3.2365,-1.16683323056519
3.237,-1.16749068040887
3.2375,-1.16749068040887
3.238,-1.16749068040887
3.2385,-1.16781940533097
3.239,-1.16814813025324
3.2395,-1.16847685517567
3.24,-1.16814813025324
3.2405,-1.16880558009828
3.241,-1.16913430502106
3.2415,-1.16880558009828
3.242,-1.16913430502106
3.2425,-1.16946302994401
3.243,-1.16946302994401
3.2435,-1.16946302994401
3.244,-1.16979175486713
3.2445,-1.17044920471389
3.245,-1.17044920471389
3.2455,-1.17110665456132
3.246,-1.17077792963752
3.2465,-1.17077792963752
3.247,-1.17110665456132
3.2475,-1.17110665456132
3.248,-1.17110665456132
3.2485,-1.17176410440944
3.249,-1.17176410440944
3.2495,-1.17209282933375
3.25,-1.17209282933375
3.2505,-1.17242155425824
3.251,-1.17307900410772
3.2515,-1.17209282933375
3.252,-1.17307900410772
3.2525,-1.17307900410772
3.253,-1.17340772903272
3.2535,-1.17340772903272
3.254,-1.17373645395789
3.2545,-1.17439390380874
3.255,-1.17406517888323
3.2555,-1.17439390380874
3.256,-1.17406517888323
3.2565,-1.17406517888323
3.257,-1.17505135366027
3.2575,-1.17472262873442
3.258,-1.17505135366027
3.2585,-1.17570880351249
3.259,-1.1753800785863
3.2595,-1.17570880351249
3.26,-1.17570880351249
3.2605,-1.17603752843885
3.261,-1.17636625336539
3.2615,-1.17636625336539
3.262,-1.17735242814603
3.2625,-1.17702370321898
3.263,-1.17702370321898
3.2635,-1.17735242814603
3.264,-1.17735242814603
3.2645,-1.17800987800064
3.265,-1.17768115307325
3.2655,-1.17800987800064
3.266,-1.1783386029282
3.2665,-1.1783386029282
3.267,-1.17866732785593
3.2675,-1.1783386029282
3.268,-1.17899605278384
3.2685,-1.17932477771191
3.269,-1.17899605278384
3.2695,-1.17998222756858
3.27,-1.17965350264016
3.2705,-1.17998222756858
3.271,-1.18031095249717
3.2715,-1.17998222756858
3.272,-1.18063967742593
3.2725,-1.18063967742593
3.273,-1.18129712728397
3.2735,-1.18129712728397
3.274,-1.18063967742593
3.2745,-1.18162585221324
3.275,-1.18162585221324
3.2755,-1.18162585221324
3.276,-1.18228330207231
3.2765,-1.18195457714269
3.277,-1.18228330207231
3.2775,-1.18228330207231
3.278,-1.1826120270021
3.2785,-1.18326947686219
3.279,-1.18294075193206
3.2795,-1.18326947686219
3.28,-1.18326947686219
3.2805,-1.18326947686219
3.281,-1.18392692672297
3.2815,-1.18392692672297
3.282,-1.18392692672297
3.2825,-1.18425565165361
3.283,-1.18491310151542
3.2835,-1.18491310151542
3.284,-1.18524182644658
3.2845,-1.18524182644658
3.285,-1.18491310151542
3.2855,-1.18524182644658
3.286,-1.18589927630942
3.2865,-1.1862280012411
3.287,-1.18655672617295
3.2875,-1.18688545110497
3.288,-1.18655672617295
3.2885,-1.18688545110497
3.289,-1.18688545110497
3.2895,-1.18688545110497
3.29,-1.18721417603716
3.2905,-1.18721417603716
3.291,-1.18787162590206
3.2915,-1.18820035083476
3.292,-1.18820035083476
3.2925,-1.18787162590206
3.293,-1.18787162590206
3.2935,-1.18852907576764
3.294,-1.18820035083476
3.2945,-1.18918652563392
3.295,-1.18918652563392
3.2955,-1.18951525056731
3.296,-1.18951525056731
3.2965,-1.18951525056731
3.297,-1.19050142536853
3.2975,-1.19017270043461
3.298,-1.19050142536853
3.2985,-1.19083015030261
3.299,-1.19050142536853
3.2995,-1.19115887523686
3.3,-1.19115887523686
3.3005,-1.19083015030261
3.301,-1.19181632510589
3.3015,-1.19148760017129
3.302,-1.19214505004066
3.3025,-1.19214505004066
3.303,-1.19214505004066
3.3035,-1.1924737749756
3.304,-1.1924737749756
3.3045,-1.193131224846
3.305,-1.193131224846
3.3055,-1.193131224846
3.306,-1.19345994978146
3.3065,-1.19345994978146
3.307,-1.19345994978146
3.3075,-1.19378867471709
3.308,-1.19378867471709
3.3085,-1.19444612458887
3.309,-1.19444612458887
3.3095,-1.19444612458887
3.31,-1.19510357446134
3.3105,-1.19477484952502
3.311,-1.19510357446134
3.3115,-1.19510357446134
3.312,-1.1957610243345
3.3125,-1.19608974927133
3.313,-1.19543229939783
3.3135,-1.19608974927133
3.314,-1.19608974927133
3.3145,-1.19608974927133
3.315,-1.19707592408288
3.3155,-1.19674719914552
3.316,-1.19707592408288
3.3165,-1.19707592408288
3.317,-1.1977333739581
3.3175,-1.1974046490204
3.318,-1.1977333739581
3.3185,-1.19806209889598
3.319,-1.19806209889598
3.3195,-1.19839082383402
3.32,-1.19839082383402
3.3205,-1.19839082383402
3.321,-1.19904827371063
3.3215,-1.19937699864919
3.322,-1.20003444852683
3.3225,-1.19937699864919
3.323,-1.19904827371063
3.3235,-1.20003444852683
3.324,-1.19970572358792
3.3245,-1.20036317346591
3.325,-1.20102062334459
3.3255,-1.20069189840516
3.326,-1.20102062334459
3.3265,-1.20134934828418
3.327,-1.20134934828418
3.3275,-1.20167807322395
3.328,-1.20134934828418
3.3285,-1.2020067981639
3.329,-1.20167807322395
3.3295,-1.2020067981639
3.33,-1.20233552310401
3.3305,-1.20233552310401
3.331,-1.20299297298476
3.3315,-1.2026642480443
3.332,-1.2033216979254
3.3325,-1.2033216979254
3.333,-1.20365042286621
3.3335,-1.20365042286621
3.334,-1.20365042286621
3.3345,-1.20430787274834
3.335,-1.20430787274834
3.3355,-1.20430787274834
3.336,-1.20463659768967
3.3365,-1.20463659768967
3.337,-1.20529404757284
3.3375,-1.20529404757284
3.338,-1.20529404757284
3.3385,-1.20529404757284
3.339,-1.2059514974567
3.3395,-1.2059514974567
3.34,-1.2059514974567
3.3405,-1.20660894734125
3.341,-1.20693767228379
3.3415,-1.20628022239889
3.342,-1.20693767228379
3.3425,-1.20660894734125
3.343,-1.20660894734125
3.3435,-1.2072663972265
3.344,-1.20792384711244
3.3445,-1.20759512216939
3.345,-1.20825257205567
3.3455,-1.20825257205567
3.346,-1.20792384711244
3.3465,-1.20858129699908
3.347,-1.20891002194265
3.3475,-1.20858129699908
3.348,-1.20891002194265
3.3485,-1.20956747183032
3.349,-1.20891002194265
3.3495,-1.2092387468864
3.35,-1.20989619677442
3.3505,-1.21022492171869
3.351,-1.21022492171869
3.3515,-1.21055364666313
3.352,-1.21121109655254
3.3525,-1.21121109655254
3.353,-1.21121109655254
3.3535,-1.2115398214975
3.354,-1.21121109655254
3.3545,-1.21186854644264
3.355,-1.21186854644264
3.3555,-1.2115398214975
3.356,-1.21219727138795
3.3565,-1.21219727138795
3.357,-1.21219727138795
3.3575,-1.21219727138795
3.358,-1.21285472127909
3.3585,-1.21285472127909
3.359,-1.21318344622492
3.3595,-1.21351217117092
3.36,-1.21351217117092
3.3605,-1.2138408961171
3.361,-1.2138408961171
3.3615,-1.21416962106345
3.362,-1.21482707095667
3.3625,-1.21449834600997
3.363,-1.21449834600997
3.3635,-1.21482707095667
3.364,-1.21482707095667
3.3645,-1.21515579590355
3.365,-1.21482707095667
3.3655,-1.21548452085059
3.366,-1.21581324579781
3.3665,-1.21581324579781
3.367,-1.2161419707452
3.3675,-1.2161419707452
3.368,-1.21581324579781
3.3685,-1.21647069569277
3.369,-1.21679942064051
3.3695,-1.21712814558842
3.37,-1.21679942064051
3.3705,-1.21712814558842
3.371,-1.21745687053651
3.3715,-1.21778559548477
3.372,-1.21778559548477
3.3725,-1.21811432043321
3.373,-1.21811432043321
3.3735,-1.21844304538182
3.374,-1.21844304538182
3.3745,-1.2187717703306
3.375,-1.21910049527956
3.3755,-1.21910049527956
3.376,-1.21942922022869
3.3765,-1.21942922022869
3.377,-1.219757945178
3.3775,-1.219757945178
3.378,-1.219757945178
3.3785,-1.22008667012748
3.379,-1.22041539507713
3.3795,-1.22074412002696
3.38,-1.22074412002696
3.3805,-1.22107284497696
3.381,-1.22107284497696
3.3815,-1.22107284497696
3.382,-1.22173029487749
3.3825,-1.22205901982801
3.383,-1.22205901982801
3.3835,-1.22238774477871
3.384,-1.22205901982801
3.3845,-1.22271646972958
3.385,-1.22238774477871
3.3855,-1.22271646972958
3.386,-1.22271646972958
3.3865,-1.22304519468063
3.387,-1.22370264458324
3.3875,-1.22370264458324
3.388,-1.22337391963185
3.3885,-1.22403136953481
3.389,-1.22403136953481
3.3895,-1.22403136953481
3.39,-1.22468881943847
3.3905,-1.22468881943847
3.391,-1.22501754439056
3.3915,-1.22468881943847
3.392,-1.22534626934283
3.3925,-1.22534626934283
3.393,-1.22567499429527
3.3935,-1.22534626934283
3.394,-1.22534626934283
3.3945,-1.22600371924789
3.395,-1.22600371924789
3.3955,-1.22633244420068
3.396,-1.22698989410678
3.3965,-1.22666116915364
3.397,-1.22698989410678
3.3975,-1.22698989410678
3.398,-1.22698989410678
3.3985,-1.22764734401358
3.399,-1.22797606896724
3.3995,-1.22797606896724
3.4,-1.22863351887509
3.4005,-1.22830479392108
3.401,-1.22863351887509
3.4015,-1.22896224382928
3.402,-1.22896224382928
3.4025,-1.22929096878364
3.403,-1.22929096878364
3.4035,-1.22994841869288
3.404,-1.23027714364777
3.4045,-1.23027714364777
3.405,-1.22994841869288
3.4055,-1.23060586860282
3.406,-1.23060586860282
3.4065,-1.23093459355806
3.407,-1.23126331851347
3.4075,-1.23093459355806
3.408,-1.23192076842481
3.4085,-1.23159204346905
3.409,-1.23159204346905
3.4095,-1.23192076842481
3.41,-1.23192076842481
3.4105,-1.23224949338074
3.411,-1.23257821833685
3.4115,-1.23257821833685
3.412,-1.23290694329313
3.4125,-1.23257821833685
3.413,-1.23290694329313
3.4135,-1.23389311816303
3.414,-1.23356439320622
3.4145,-1.23389311816303
3.415,-1.23389311816303
3.4155,-1.23389311816303
3.416,-1.23422184312001
3.4165,-1.23422184312001
3.417,-1.2348792930345
3.4175,-1.2348792930345
3.418,-1.2348792930345
3.4185,-1.23553674294969
3.419,-1.23520801799201
3.4195,-1.23553674294969
3.42,-1.23520801799201
3.4205,-1.23619419286558
3.421,-1.23652291782379
3.4215,-1.23619419286558
3.422,-1.23652291782379
3.4225,-1.23685164278217
3.423,-1.23652291782379
3.4235,-1.23718036774073
3.424,-1.23685164278217
3.4245,-1.23750909269947
3.425,-1.23750909269947
3.4255,-1.23783781765837
3.426,-1.23816654261746
3.4265,-1.23816654261746
3.427,-1.23816654261746
3.4275,-1.23849526757672
3.428,-1.23849526757672
3.4285,-1.23915271749576
3.429,-1.23948144245555
3.4295,-1.23948144245555
3.43,-1.23948144245555
3.4305,-1.23981016741551
3.431,-1.24013889237564
3.4315,-1.23981016741551
3.432,-1.23981016741551
3.4325,-1.24046761733595
3.433,-1.2411250672571
3.4335,-1.24079634229644
3.434,-1.2411250672571
3.4345,-1.24145379221794
3.435,-1.24145379221794
3.4355,-1.24145379221794
3.436,-1.24178251717895
3.4365,-1.2411250672571
3.437,-1.2424399671015
3.4375,-1.24211124214014
3.438,-1.24211124214014
3.4385,-1.24211124214014
3.439,-1.24276869206304
3.4395,-1.24309741702476
3.44,-1.24309741702476
3.4405,-1.24309741702476
3.441,-1.24342614198665
3.4415,-1.24375486694872
3.442,-1.24408359191096
3.4425,-1.24375486694872
3.443,-1.24408359191096
3.4435,-1.24441231687338
3.444,-1.24441231687338
3.4445,-1.24474104183597
3.445,-1.24506976679874
3.4455,-1.24506976679874
3.446,-1.24506976679874
3.4465,-1.24506976679874
3.447,-1.2460559416881
3.4475,-1.24539849176168
3.448,-1.2457272167248
3.4485,-1.24638466665157
3.449,-1.24638466665157
3.4495,-1.24638466665157
3.45,-1.24638466665157
3.4505,-1.24671339161522
3.451,-1.24671339161522
3.4515,-1.24704211657904
3.452,-1.24737084154304
3.4525,-1.24737084154304
3.453,-1.24769956650722
3.4535,-1.24769956650722
3.454,-1.24802829147157
3.4545,-1.24802829147157
3.455,-1.2486857414008
3.4555,-1.2486857414008
3.456,-1.2486857414008
3.4565,-1.24901446636568
3.457,-1.24934319133073
3.4575,-1.24967191629597
3.458,-1.24967191629597
3.4585,-1.24934319133073
3.459,-1.24967191629597
3.4595,-1.25000064126137
3.46,-1.25032936622696
3.4605,-1.25000064126137
3.461,-1.25065809119272
3.4615,-1.25032936622696
3.462,-1.25131554112476
3.4625,-1.25131554112476
3.463,-1.25131554112476
3.4635,-1.25164426609105
3.464,-1.25164426609105
3.4645,-1.25197299105751
3.465,-1.25263044099097
3.4655,-1.25230171602415
3.466,-1.25263044099097
3.4665,-1.25295916595796
3.467,-1.25295916595796
3.4675,-1.25328789092513
3.468,-1.25328789092513
3.4685,-1.25361661589248
3.469,-1.25361661589248
3.4695,-1.25361661589248
3.47,-1.25394534086
3.4705,-1.25394534086
3.471,-1.25460279079557
3.4715,-1.2542740658277
3.472,-1.25558896570025
3.4725,-1.25493151576362
3.473,-1.25460279079557
3.4735,-1.25526024073185
3.474,-1.25591769066883
3.4745,-1.25624641563759
3.475,-1.25558896570025
3.4755,-1.25558896570025
3.476,-1.25591769066883
3.4765,-1.25624641563759
3.477,-1.25690386557563
3.4775,-1.25690386557563
3.478,-1.25657514060652
3.4785,-1.25690386557563
3.479,-1.25756131551438
3.4795,-1.25756131551438
3.48,-1.25789004048402
3.4805,-1.25789004048402
3.481,-1.25854749042383
3.4815,-1.25821876545384
3.482,-1.25854749042383
3.4825,-1.258876215394
3.483,-1.25854749042383
3.4835,-1.25920494036434
3.484,-1.258876215394
3.4845,-1.25920494036434
3.485,-1.25986239030556
3.4855,-1.25986239030556
3.486,-1.26019111527644
3.4865,-1.26019111527644
3.487,-1.26051984024749
3.4875,-1.26051984024749
3.488,-1.26084856521872
3.4885,-1.26084856521872
3.489,-1.26084856521872
3.4895,-1.26084856521872
3.49,-1.26117729019013
3.4905,-1.26150601516171
3.491,-1.26150601516171
3.4915,-1.26183474013347
3.492,-1.26249219007752
3.4925,-1.26216346510541
3.493,-1.26249219007752
3.4935,-1.26282091504981
3.494,-1.26314964002228
3.4945,-1.26282091504981
3.495,-1.26314964002228
3.4955,-1.26314964002228
3.496,-1.26347836499492
3.4965,-1.26380708996775
3.497,-1.26446453991392
3.4975,-1.26446453991392
3.498,-1.26413581494074
3.4985,-1.26446453991392
3.499,-1.26479326488727
3.4995,-1.2651219898608
3.5,-1.26479326488727
3.5005,-1.2651219898608
3.501,-1.2651219898608
3.5015,-1.26577943980839
3.502,-1.26577943980839
3.5025,-1.26577943980839
3.503,-1.26610816478245
3.5035,-1.26643688975669
3.504,-1.26643688975669
3.5045,-1.2670943397057
3.505,-1.26676561473111
3.5055,-1.26742306468047
3.506,-1.26742306468047
3.5065,-1.26742306468047
3.507,-1.26742306468047
3.5075,-1.26742306468047
3.508,-1.26775178965542
3.5085,-1.26808051463054
3.509,-1.26840923960584
3.5095,-1.26840923960584
3.51,-1.26873796458132
3.5105,-1.26840923960584
3.511,-1.26939541453281
3.5115,-1.26972413950882
3.512,-1.26972413950882
3.5125,-1.26906668955698
3.513,-1.27038158946138
3.5135,-1.27005286448501
3.514,-1.26972413950882
3.5145,-1.27038158946138
3.515,-1.27038158946138
3.5155,-1.27071031443792
3.516,-1.27103903941464
3.5165,-1.27169648936862
3.517,-1.27169648936862
3.5175,-1.27136776439154
3.518,-1.27136776439154
3.5185,-1.27202521434587
3.519,-1.27202521434587
3.5195,-1.27202521434587
3.52,-1.27202521434587
3.5205,-1.27268266430091
3.521,-1.27268266430091
3.5215,-1.27268266430091
3.522,-1.27366883923481
3.5225,-1.27334011425666
3.523,-1.2730113892787
3.5235,-1.27399756421312
3.524,-1.27334011425666
3.5245,-1.27366883923481
3.525,-1.27399756421312
3.5255,-1.27432628919162
3.526,-1.2746550141703
3.5265,-1.2746550141703
3.527,-1.27531246412818
3.5275,-1.27498373914915
3.528,-1.27531246412818
3.5285,-1.27564118910739
3.529,-1.27531246412818
3.5295,-1.27596991408677
3.53,-1.27629863906634
3.5305,-1.27596991408677
3.531,-1.276956089026
3.5315,-1.27662736404608
3.532,-1.276956089026
3.5325,-1.2772848140061
3.533,-1.2772848140061
3.5335,-1.27761353898637
3.534,-1.27761353898637
3.5345,-1.27827098894746
3.535,-1.27761353898637
3.5355,-1.27794226396683
3.536,-1.27827098894746
3.5365,-1.27794226396683
3.537,-1.27827098894746
3.5375,-1.27859971392827
3.538,-1.27859971392827
3.5385,-1.27925716389042
3.539,-1.27958588887176
3.5395,-1.27991461385329
3.54,-1.27958588887176
3.5405,-1.27925716389042
3.541,-1.28057206381686
3.5415,-1.27991461385329
3.542,-1.28024333883499
3.5425,-1.28090078879892
3.543,-1.28024333883499
3.5435,-1.28057206381686
3.544,-1.28122951378115
3.5445,-1.28155823876357
3.545,-1.28155823876357
3.5455,-1.28155823876357
3.546,-1.28188696374616
3.5465,-1.28188696374616
3.547,-1.28188696374616
3.5475,-1.28254441371187
3.548,-1.282873138695
3.5485,-1.2832018636783
3.549,-1.28254441371187
3.5495,-1.2832018636783
3.55,-1.2832018636783
3.5505,-1.2832018636783
3.551,-1.28418803862929
3.5515,-1.28385931364545
3.552,-1.28418803862929
3.5525,-1.2845167636133
3.553,-1.28418803862929
3.5535,-1.2848454885975
3.554,-1.2848454885975
3.5545,-1.2848454885975
3.555,-1.28550293856643
3.5555,-1.28550293856643
3.556,-1.28583166355116
3.5565,-1.28583166355116
3.557,-1.28648911352116
3.5575,-1.28616038853607
3.558,-1.28616038853607
3.5585,-1.28681783850642
3.559,-1.28648911352116
3.5595,-1.28747528847749
3.56,-1.28714656349187
3.5605,-1.28714656349187
3.561,-1.2878040134633
3.5615,-1.28747528847749
3.562,-1.28813273844928
3.5625,-1.2878040134633
3.563,-1.28846146343544
3.5635,-1.28879018842178
3.564,-1.28879018842178
3.5645,-1.28879018842178
3.565,-1.28911891340829
3.5655,-1.28879018842178
3.566,-1.28944763839499
3.5665,-1.28977636338187
3.567,-1.28977636338187
3.5675,-1.29010508836892
3.568,-1.28977636338187
3.5685,-1.29010508836892
3.569,-1.29010508836892
3.5695,-1.29076253834356
3.57,-1.29076253834356
3.5705,-1.29109126333115
3.571,-1.29174871330687
3.5715,-1.29141998831892
3.572,-1.29174871330687
3.5725,-1.29174871330687
3.573,-1.292077438295
3.5735,-1.29174871330687
3.574,-1.29240616328331
3.5745,-1.2933923382493
3.575,-1.29240616328331
3.5755,-1.29240616328331
3.576,-1.29306361326045
3.5765,-1.29306361326045
3.577,-1.29372106323832
3.5775,-1.29372106323832
3.578,-1.2933923382493
3.5785,-1.29404978822752
3.579,-1.29372106323832
3.5795,-1.2943785132169
3.58,-1.2943785132169
3.5805,-1.2950359631962
3.581,-1.29470723820646
3.5815,-1.29470723820646
3.582,-1.29536468818612
3.5825,-1.29569341317621
3.583,-1.29536468818612
3.5835,-1.29569341317621
3.584,-1.29602213816649
3.5845,-1.29635086315695
3.585,-1.29602213816649
3.5855,-1.29667958814758
3.586,-1.29667958814758
3.5865,-1.29635086315695
3.587,-1.29733703812939
3.5875,-1.29700831313839
3.588,-1.29700831313839
3.5885,-1.29799448811191
3.589,-1.29766576312056
3.5895,-1.29832321310344
3.59,-1.29832321310344
3.5905,-1.29832321310344
3.591,-1.29832321310344
3.5915,-1.29865193809515
3.592,-1.29898066308704
3.5925,-1.29865193809515
3.593,-1.29865193809515
3.5935,-1.29963811307136
3.594,-1.29930938807911
3.5945,-1.29963811307136
3.595,-1.29996683806379
3.5955,-1.29996683806379
3.596,-1.3002955630564
3.5965,-1.30062428804918
3.597,-1.30062428804918
3.5975,-1.30095301304215
3.598,-1.30095301304215
3.5985,-1.30095301304215
3.599,-1.3012817380353
3.5995,-1.30161046302862
3.6,-1.30161046302862
3.6005,-1.30161046302862
3.601,-1.30193918802213
3.6015,-1.30193918802213
3.602,-1.30259663800968
3.6025,-1.30292536300372
3.603,-1.30259663800968
3.6035,-1.30325408799795
3.604,-1.30325408799795
3.6045,-1.30391153798694
3.605,-1.30325408799795
3.6055,-1.30358281299235
3.606,-1.3042402629817
3.6065,-1.3042402629817
3.607,-1.30456898797664
3.6075,-1.30456898797664
3.608,-1.30456898797664
3.6085,-1.30489771297177
3.609,-1.30522643796707
3.6095,-1.30555516296255
3.61,-1.30522643796707
3.6105,-1.30555516296255
3.611,-1.30588388795821
3.6115,-1.30588388795821
3.612,-1.30654133795008
3.6125,-1.30654133795008
3.613,-1.30654133795008
3.6135,-1.30687006294628
3.614,-1.30719878794266
3.6145,-1.30719878794266
3.615,-1.30752751293923
3.6155,-1.30752751293923
3.616,-1.30752751293923
3.6165,-1.30785623793597
3.617,-1.30818496293289
3.6175,-1.30785623793597
3.618,-1.30818496293289
3.6185,-1.30917113792474
3.619,-1.30884241292728
3.6195,-1.30917113792474
3.62,-1.30949986292238
3.6205,-1.30917113792474
3.621,-1.30949986292238
3.6215,-1.3098285879202
3.622,-1.3098285879202
3.6225,-1.31048603791639
3.623,-1.31015731291821
3.6235,-1.3111434879133
3.624,-1.31081476291475
3.6245,-1.31081476291475
3.625,-1.31147221291202
3.6255,-1.31147221291202
3.626,-1.31180093791093
3.6265,-1.31147221291202
3.627,-1.31180093791093
3.6275,-1.31147221291202
3.628,-1.31212966291001
3.6285,-1.31245838790927
3.629,-1.31245838790927
3.6295,-1.31311583790835
3.63,-1.31278711290872
3.6305,-1.31311583790835
3.631,-1.31311583790835
3.6315,-1.31311583790835
3.632,-1.31377328790814
3.6325,-1.31377328790814
3.633,-1.31377328790814
3.6335,-1.31410201290831
3.634,-1.31377328790814
3.6345,-1.31475946290918
3.635,-1.31410201290831
3.6355,-1.31443073790865
3.636,-1.31508818790989
3.6365,-1.31508818790989
3.637,-1.31574563791185
3.6375,-1.31574563791185
3.638,-1.31574563791185
3.6385,-1.31574563791185
3.639,-1.31574563791185
3.6395,-1.31640308791453
3.64,-1.31673181291614
3.6405,-1.31640308791453
3.641,-1.31706053791793
3.6415,-1.3173892629199
3.642,-1.3173892629199
3.6425,-1.3173892629199
3.643,-1.3173892629199
3.6435,-1.3173892629199
3.644,-1.31771798792206
3.6445,-1.31804671292439
3.645,-1.31804671292439
3.6455,-1.3187041629296
3.646,-1.3187041629296
3.6465,-1.3187041629296
3.647,-1.3187041629296
3.6475,-1.31936161293553
3.648,-1.3187041629296
3.6485,-1.31969033793877
3.649,-1.31936161293553
3.6495,-1.31969033793877
3.65,-1.32034778794579
3.6505,-1.32067651294957
3.651,-1.32067651294957
3.6515,-1.32001906294219
3.652,-1.32100523795353
3.6525,-1.32067651294957
3.653,-1.32100523795353
3.6535,-1.32100523795353
3.654,-1.32133396295767
3.6545,-1.3219914129665
3.655,-1.321662687962
3.6555,-1.3219914129665
3.656,-1.32232013797119
3.6565,-1.32264886297605
3.657,-1.3229775879811
3.6575,-1.32264886297605
3.658,-1.32330631298633
3.6585,-1.32330631298633
3.659,-1.32330631298633
3.6595,-1.32396376299733
3.66,-1.32396376299733
3.6605,-1.32363503799174
3.661,-1.3242924880031
3.6615,-1.3242924880031
3.662,-1.3242924880031
3.6625,-1.32462121300905
3.663,-1.32494993801519
3.6635,-1.32494993801519
3.664,-1.32494993801519
3.6645,-1.32593611303468
3.665,-1.325607388028
3.6655,-1.325607388028
3.666,-1.32626483804154
3.6665,-1.32626483804154
3.667,-1.32659356304858
3.6675,-1.32659356304858
3.668,-1.32626483804154
3.6685,-1.3272510130632
3.669,-1.3269222880558
3.6695,-1.32757973807078
3.67,-1.32757973807078
3.6705,-1.3272510130632
3.671,-1.32790846307855
3.6715,-1.32790846307855
3.672,-1.3282371880865
3.6725,-1.3282371880865
3.673,-1.32790846307855
3.6735,-1.32856591309463
3.674,-1.32856591309463
3.6745,-1.32922336311143
3.675,-1.32922336311143
3.6755,-1.3295520881201
3.676,-1.3295520881201
3.6765,-1.3295520881201
3.677,-1.33020953813799
3.6775,-1.3295520881201
3.678,-1.32988081312896
3.6785,-1.33020953813799
3.679,-1.33086698815661
3.6795,-1.33086698815661
3.68,-1.33119571316619
3.6805,-1.33119571316619
3.681,-1.33152443817595
3.6815,-1.33119571316619
3.682,-1.33218188819602
3.6825,-1.33152443817595
3.683,-1.3318531631859
3.6835,-1.33218188819602
3.684,-1.33218188819602
3.6845,-1.33283933821682
3.685,-1.33251061320633
3.6855,-1.33283933821682
3.686,-1.33349678823834
3.6865,-1.33316806322749
3.687,-1.33349678823834
3.6875,-1.33349678823834
3.688,-1.33382551324938
3.6885,-1.33382551324938
3.689,-1.33382551324938
3.6895,-1.33415423826059
3.69,-1.33415423826059
3.6905,-1.33448296327199
3.691,-1.33514041329533
3.6915,-1.33514041329533
3.692,-1.33546913830728
3.6925,-1.33546913830728
3.693,-1.33546913830728
3.6935,-1.3357978633194
3.694,-1.3357978633194
3.6945,-1.33612658833171
3.695,-1.3357978633194
3.6955,-1.33612658833171
3.696,-1.33678403835687
3.6965,-1.33678403835687
3.697,-1.33711276336973
3.6975,-1.33744148838276
3.698,-1.33744148838276
3.6985,-1.33777021339598
3.699,-1.33777021339598
3.6995,-1.33809893840938
3.7,-1.33777021339598
3.7005,-1.33809893840938
3.701,-1.33842766342296
3.7015,-1.33875638843673
3.702,-1.33875638843673
3.7025,-1.33875638843673
3.703,-1.33908511345067
3.7035,-1.33908511345067
3.704,-1.33908511345067
3.7045,-1.33974256347911
3.705,-1.3394138384648
3.7055,-1.33974256347911
3.706,-1.34007128849361
3.7065,-1.34007128849361
3.707,-1.34072873852314
3.7075,-1.34040001350828
3.708,-1.34040001350828
3.7085,-1.34105746353818
3.709,-1.34072873852314
3.7095,-1.3413861885534
3.71,-1.3417149135688
3.7105,-1.3417149135688
3.711,-1.3413861885534
3.7115,-1.3417149135688
3.712,-1.34204363858439
3.7125,-1.3417149135688
3.713,-1.34270108861611
3.7135,-1.34270108861611
3.714,-1.34302981363225
3.7145,-1.34335853864856
3.715,-1.34302981363225
3.7155,-1.34302981363225
3.716,-1.34335853864856
3.7165,-1.34434471369861
3.717,-1.34434471369861
3.7175,-1.34401598868174
3.718,-1.34401598868174
3.7185,-1.34467343871565
3.719,-1.34467343871565
3.7195,-1.34533088875029
3.72,-1.34467343871565
3.7205,-1.34565961376789
3.721,-1.34533088875029
3.7215,-1.34598833878566
3.722,-1.34631706380362
3.7225,-1.34598833878566
3.723,-1.34664578882176
3.7235,-1.34664578882176
3.724,-1.34664578882176
3.7245,-1.34664578882176
3.725,-1.3473032388586
3.7255,-1.3473032388586
3.726,-1.34763196387729
3.7265,-1.34763196387729
3.727,-1.34796068889616
3.7275,-1.34763196387729
3.728,-1.34763196387729
3.7285,-1.34796068889616
3.729,-1.34828941391522
3.7295,-1.34894686395388
3.73,-1.34861813893445
3.7305,-1.34894686395388
3.731,-1.34927558897348
3.7315,-1.34927558897348
3.732,-1.34960431399327
3.7325,-1.34960431399327
3.733,-1.35026176403339
3.7335,-1.35026176403339
3.734,-1.35026176403339
3.7345,-1.35091921407425
3.735,-1.35059048905373
3.7355,-1.35059048905373
3.736,-1.35157666411583
3.7365,-1.35124793909495
3.737,-1.35157666411583
3.7375,-1.35157666411583
3.738,-1.3519053891369
3.7385,-1.3519053891369
3.739,-1.35223411415815
3.7395,-1.35223411415815
3.74,-1.35223411415815
3.7405,-1.3528915642012
3.741,-1.35354901424499
3.7415,-1.353220289223
3.742,-1.3528915642012
3.7425,-1.353220289223
3.743,-1.35354901424499
3.7435,-1.35387773926715
3.744,-1.35387773926715
3.7445,-1.3542064642895
3.745,-1.35387773926715
3.7455,-1.35453518931204
3.746,-1.35453518931204
3.7465,-1.35486391433475
3.747,-1.35552136438073
3.7475,-1.35486391433475
3.748,-1.35552136438073
3.7485,-1.35552136438073
3.749,-1.35552136438073
3.7495,-1.355850089404
3.75,-1.35617881442745
3.7505,-1.355850089404
3.751,-1.35650753945108
3.7515,-1.35617881442745
3.752,-1.3568362644749
3.7525,-1.3568362644749
3.753,-1.3568362644749
3.7535,-1.3568362644749
3.754,-1.3571649894989
3.7545,-1.35782243954745
3.755,-1.35782243954745
3.7555,-1.35782243954745
3.756,-1.358151164572
3.7565,-1.358151164572
3.757,-1.35847988959673
3.7575,-1.35847988959673
3.758,-1.35847988959673
3.7585,-1.35880861462165
3.759,-1.35913733964675
3.7595,-1.35946606467203
3.76,-1.35913733964675
3.7605,-1.35946606467203
3.761,-1.3597947896975
3.7615,-1.36012351472315
3.762,-1.36045223974898
3.7625,-1.36045223974898
3.763,-1.36045223974898
3.7635,-1.360780964775
3.764,-1.360780964775
3.7645,-1.36110968980121
3.765,-1.36110968980121
3.7655,-1.36143841482759
3.766,-1.36176713985416
3.7665,-1.36143841482759
3.767,-1.36209586488091
3.7675,-1.36242458990785
3.768,-1.36242458990785
3.7685,-1.36275331493497
3.769,-1.36275331493497
3.7695,-1.36341076498976
3.77,-1.36308203996228
3.7705,-1.36275331493497
3.771,-1.36341076498976
3.7715,-1.36341076498976
3.772,-1.36373949001744
3.7725,-1.36373949001744
3.773,-1.36439694007333
3.7735,-1.36439694007333
3.774,-1.36472566510156
3.7745,-1.36505439012996
3.775,-1.36505439012996
3.7755,-1.36538311515855
3.776,-1.36538311515855
3.7765,-1.36538311515855
3.777,-1.36538311515855
3.7775,-1.36538311515855
3.778,-1.36505439012996
3.7785,-1.36604056521629
3.779,-1.36571184018733
3.7795,-1.36636929024543
3.78,-1.36636929024543
3.7805,-1.36636929024543
3.781,-1.36702674030427
3.7815,-1.36702674030427
3.782,-1.36735546533397
3.7825,-1.36735546533397
3.783,-1.36735546533397
3.7835,-1.36768419036385
3.784,-1.36834164042416
3.7845,-1.36801291539391
3.785,-1.36834164042416
3.7855,-1.36867036545459
3.786,-1.36867036545459
3.7865,-1.36867036545459
3.787,-1.36899909048521
3.7875,-1.36932781551601
3.788,-1.369656540547
3.7885,-1.369656540547
3.789,-1.369656540547
3.7895,-1.37031399060952
3.79,-1.36998526557817
3.7905,-1.37031399060952
3.791,-1.37097144067278
3.7915,-1.37064271564106
3.792,-1.37031399060952
3.7925,-1.37064271564106
3.793,-1.37097144067278
3.7935,-1.37097144067278
3.794,-1.37130016570469
3.7945,-1.37162889073678
3.795,-1.37162889073678
3.7955,-1.37195761576905
3.796,-1.37228634080151
3.7965,-1.37195761576905
3.797,-1.37261506583416
3.7975,-1.37261506583416
3.798,-1.37261506583416
3.7985,-1.3732725159
3.799,-1.3732725159
3.7995,-1.3736012409332
3.8,-1.3736012409332
3.8005,-1.3736012409332
3.801,-1.37392996596658
3.8015,-1.37392996596658
3.802,-1.37425869100015
3.8025,-1.37425869100015
3.803,-1.3745874160339
3.8035,-1.37491614106784
3.804,-1.3745874160339
3.8045,-1.37524486610196
3.805,-1.37524486610196
3.8055,-1.37524486610196
3.806,-1.37557359113626
3.8065,-1.37557359113626
3.807,-1.37655976624029
3.8075,-1.37655976624029
3.808,-1.37623104120543
3.8085,-1.37655976624029
3.809,-1.37655976624029
3.8095,-1.37688849127533
3.81,-1.37688849127533
3.8105,-1.37721721631056
3.811,-1.37820339141736
3.8115,-1.37754594134598
3.812,-1.37820339141736
3.8125,-1.37820339141736
3.813,-1.37820339141736
3.8135,-1.37886084148948
3.814,-1.37820339141736
3.8145,-1.37918956652582
3.815,-1.37918956652582
3.8155,-1.37886084148948
3.816,-1.37918956652582
3.8165,-1.37918956652582
3.817,-1.38017574163594
3.8175,-1.38050446667302
3.818,-1.37984701659905
3.8185,-1.38017574163594
3.819,-1.38050446667302
3.8195,-1.38116191674773
3.82,-1.38050446667302
3.8205,-1.38116191674773
3.821,-1.38149064178536
3.8215,-1.38083319171028
3.822,-1.38181936682318
3.8225,-1.38181936682318
3.823,-1.38181936682318
3.8235,-1.38214809186119
3.824,-1.38181936682318
3.8245,-1.38247681689937
3.825,-1.38247681689937
3.8255,-1.38247681689937
3.826,-1.38313426697631
3.8265,-1.38280554193775
3.827,-1.38379171705398
3.8275,-1.38379171705398
3.828,-1.38379171705398
3.8285,-1.3841204420931
3.829,-1.3841204420931
3.8295,-1.38444916713239
3.83,-1.38444916713239
3.8305,-1.3841204420931
3.831,-1.38477789217188
3.8315,-1.38510661721155
3.832,-1.38510661721155
3.8325,-1.38477789217188
3.833,-1.38510661721155
3.8335,-1.38576406729145
3.834,-1.38576406729145
3.8345,-1.38609279233167
3.835,-1.38675024241268
3.8355,-1.38642151737209
3.836,-1.38675024241268
3.8365,-1.38609279233167
3.837,-1.38675024241268
3.8375,-1.38707896745347
3.838,-1.38675024241268
3.8385,-1.38773641753559
3.839,-1.38773641753559
3.8395,-1.38773641753559
3.84,-1.38806514257693
3.8405,-1.38806514257693
3.841,-1.38839386761845
3.8415,-1.38806514257693
3.842,-1.38872259266016
3.8425,-1.38905131770206
3.843,-1.38872259266016
3.8435,-1.38970876778641
3.844,-1.38970876778641
3.8445,-1.38970876778641
3.845,-1.39003749282886
3.8455,-1.38970876778641
3.846,-1.39003749282886
3.8465,-1.39003749282886
3.847,-1.39069494291432
3.8475,-1.39069494291432
3.848,-1.39069494291432
3.8485,-1.39135239300053
3.849,-1.39102366795733
3.8495,-1.39135239300053
3.85,-1.39135239300053
3.8505,-1.39200984308747
3.851,-1.39168111804391
3.8515,-1.39200984308747
3.852,-1.39233856813123
3.8525,-1.39200984308747
3.853,-1.39233856813123
3.8535,-1.39266729317517
3.854,-1.39266729317517
3.8545,-1.39299601821929
3.855,-1.39299601821929
3.8555,-1.39299601821929
3.856,-1.39398219335278
3.8565,-1.3933247432636
3.857,-1.39398219335278
3.8575,-1.3936534683081
3.858,-1.39398219335278
3.8585,-1.39431091839765
3.859,-1.39431091839765
3.8595,-1.3946396434427
3.86,-1.39496836848794
3.8605,-1.3946396434427
3.861,-1.39496836848794
3.8615,-1.39529709353337
3.862,-1.39529709353337
3.8625,-1.39562581857898
3.863,-1.39595454362478
3.8635,-1.39628326867076
3.864,-1.39628326867076
3.8645,-1.39661199371693
3.865,-1.39661199371693
3.8655,-1.39694071876329
3.866,-1.39694071876329
3.8665,-1.39694071876329
3.867,-1.39726944380983
3.8675,-1.39694071876329
3.868,-1.39726944380983
3.8685,-1.39792689390348
3.869,-1.39792689390348
3.8695,-1.39858434399787
3.87,-1.39825561895058
3.8705,-1.39825561895058
3.871,-1.39891306904534
3.8715,-1.39891306904534
3.872,-1.399241794093
3.8725,-1.39891306904534
3.873,-1.399241794093
3.8735,-1.39989924418888
3.874,-1.39989924418888
3.8745,-1.4002279692371
3.875,-1.39989924418888
3.8755,-1.4002279692371
3.876,-1.40088541933409
3.8765,-1.4005566942855
3.877,-1.40121414438287
3.8775,-1.40088541933409
3.878,-1.40121414438287
3.8785,-1.40154286943184
3.879,-1.40154286943184
3.8795,-1.40187159448099
3.88,-1.40220031953033
3.8805,-1.40187159448099
3.881,-1.40285776962956
3.8815,-1.40220031953033
3.882,-1.40252904457985
3.8825,-1.40252904457985
3.883,-1.40318649467946
3.8835,-1.40351521972954
3.884,-1.40351521972954
3.8845,-1.40417266983027
3.885,-1.40384394477981
3.8855,-1.40417266983027
3.886,-1.40417266983027
3.8865,-1.40417266983027
3.887,-1.40417266983027
3.8875,-1.40450139488091
3.888,-1.40450139488091
3.8885,-1.40483011993174
3.889,-1.40548757003396
3.8895,-1.40581629508535
3.89,-1.40548757003396
3.8905,-1.40548757003396
3.891,-1.40614502013693
3.8915,-1.40581629508535
3.892,-1.40647374518869
3.8925,-1.40614502013693
3.893,-1.40647374518869
3.8935,-1.40680247024064
3.894,-1.40713119529278
3.8945,-1.40713119529278
3.895,-1.40778864539762
3.8955,-1.40745992034511
3.896,-1.40778864539762
3.8965,-1.40778864539762
3.897,-1.4084460955032
3.8975,-1.4084460955032
3.898,-1.4084460955032
3.8985,-1.40877482055627
3.899,-1.4084460955032
3.8995,-1.40910354560953
3.9,-1.40910354560953
3.9005,-1.40910354560953
3.901,-1.40943227066298
3.9015,-1.40943227066298
3.902,-1.41041844582444
3.9025,-1.40976099571661
3.903,-1.41008972077043
3.9035,-1.41041844582444
3.904,-1.41074717087863
3.9045,-1.41074717087863
3.905,-1.41107589593301
3.9055,-1.41074717087863
3.906,-1.41140462098758
3.9065,-1.41140462098758
3.907,-1.41173334604233
3.9075,-1.41173334604233
3.908,-1.41173334604233
3.9085,-1.41239079615241
3.909,-1.41206207109728
3.9095,-1.41239079615241
3.91,-1.41239079615241
3.9105,-1.41271952120772
3.911,-1.41271952120772
3.9115,-1.41304824626323
3.912,-1.41304824626323
3.9125,-1.41304824626323
3.913,-1.4137056963748
3.9135,-1.41403442143086
3.914,-1.4137056963748
3.9145,-1.41403442143086
3.915,-1.41403442143086
3.9155,-1.41436314648712
3.916,-1.41502059660018
3.9165,-1.41469187154356
3.917,-1.41502059660018
3.9175,-1.41502059660018
3.918,-1.41502059660018
3.9185,-1.415678046714
3.919,-1.415349321657
3.9195,-1.415678046714
3.92,-1.41600677177119
3.9205,-1.41600677177119
3.921,-1.41633549682857
3.9215,-1.41666422188614
3.922,-1.41666422188614
3.9225,-1.41666422188614
3.923,-1.41666422188614
3.9235,-1.41732167200183
3.924,-1.41699294694389
3.9245,-1.41732167200183
3.925,-1.41732167200183
3.9255,-1.41765039705996
3.926,-1.41765039705996
3.9265,-1.41797912211827
3.927,-1.41863657223546
3.9275,-1.41830784717677
3.928,-1.41863657223546
3.9285,-1.41929402235341
3.929,-1.41863657223546
3.9295,-1.41962274741266
3.93,-1.41962274741266
3.9305,-1.41896529729434
3.931,-1.41962274741266
3.9315,-1.4199514724721
3.932,-1.42028019753173
3.9325,-1.4199514724721
3.933,-1.42060892259155
3.9335,-1.42093764765155
3.934,-1.42093764765155
3.9345,-1.42093764765155
3.935,-1.42126637271174
3.9355,-1.42126637271174
3.936,-1.42192382283269
3.9365,-1.42159509777212
3.937,-1.42225254789345
3.9375,-1.42159509777212
3.938,-1.42225254789345
3.9385,-1.42225254789345
3.939,-1.42258127295439
3.9395,-1.42323872307684
3.94,-1.42258127295439
3.9405,-1.42290999801552
3.941,-1.42356744813835
3.9415,-1.42389617320004
3.942,-1.42356744813835
3.9425,-1.42389617320004
3.943,-1.42356744813835
3.9435,-1.42488234838626
3.944,-1.424553623324
3.9445,-1.424553623324
3.945,-1.424553623324
3.9455,-1.42488234838626
3.946,-1.4252110734487
3.9465,-1.4252110734487
3.947,-1.42553979851134
3.9475,-1.42553979851134
3.948,-1.42553979851134
3.9485,-1.42652597370037
3.949,-1.42586852357416
3.9495,-1.42619724863717
3.95,-1.42652597370037
3.9505,-1.42652597370037
3.951,-1.42652597370037
3.9515,-1.42685469876376
3.952,-1.42685469876376
3.9525,-1.42685469876376
3.953,-1.4275121488911
3.9535,-1.4275121488911
3.954,-1.4275121488911
3.9545,-1.4281695990192
3.955,-1.4275121488911
3.9555,-1.4281695990192
3.956,-1.42849832408352
3.9565,-1.42849832408352
3.957,-1.42882704914804
3.9575,-1.42882704914804
3.958,-1.42882704914804
3.9585,-1.42948449927764
3.959,-1.42948449927764
3.9595,-1.42981322434272
3.96,-1.42981322434272
3.9605,-1.42981322434272
3.961,-1.4307993995391
3.9615,-1.43047067447345
3.962,-1.4307993995391
3.9625,-1.4307993995391
3.963,-1.4307993995391
3.9635,-1.43112812460494
3.964,-1.4307993995391
3.9645,-1.43178557473718
3.965,-1.43145684967096
3.9655,-1.43178557473718
3.966,-1.43211429980358
3.9665,-1.43178557473718
3.967,-1.43277174993695
3.9675,-1.43244302487017
3.968,-1.43244302487017
3.9685,-1.43310047500392
3.969,-1.43310047500392
3.9695,-1.43310047500392
3.97,-1.43342920007107
3.9705,-1.43375792513842
3.971,-1.43408665020595
3.9715,-1.43408665020595
3.972,-1.43408665020595
3.9725,-1.43408665020595
3.973,-1.43474410034158
3.9735,-1.43507282540968
3.974,-1.43474410034158
3.9745,-1.43474410034158
3.975,-1.43507282540968
3.9755,-1.43540155047797
3.976,-1.43540155047797
3.9765,-1.43540155047797
3.977,-1.43573027554645
3.9775,-1.43573027554645
3.978,-1.43573027554645
3.9785,-1.43638772568397
3.979,-1.43605900061511
3.9795,-1.43638772568397
3.98,-1.43671645075301
3.9805,-1.43671645075301
3.981,-1.43737390089167
3.9815,-1.43737390089167
3.982,-1.43770262596128
3.9825,-1.43770262596128
3.983,-1.43770262596128
3.9835,-1.43836007610106
3.984,-1.43803135103107
3.9845,-1.43836007610106
3.985,-1.43868880117124
3.9855,-1.43868880117124
3.986,-1.43901752624161
3.9865,-1.43934625131216
3.987,-1.43934625131216
3.9875,-1.43901752624161
3.988,-1.43901752624161
3.9885,-1.43967497638291
3.989,-1.44033242652496
3.9895,-1.44000370145384
3.99,-1.44000370145384
3.9905,-1.44000370145384
3.991,-1.44066115159627
3.9915,-1.44066115159627
3.992,-1.44131860173946
3.9925,-1.44066115159627
3.993,-1.44164732681134
3.9935,-1.44131860173946
3.994,-1.44164732681134
3.9945,-1.44164732681134
3.995,-1.44230477695567
3.9955,-1.44230477695567
3.996,-1.44263350202811
3.9965,-1.44197605188341
3.997,-1.44263350202811
3.9975,-1.44329095217358
3.998,-1.44329095217358
3.9985,-1.44361967724659
3.999,-1.44361967724659
3.9995,-1.44329095217358
