Time_s,Voltage_V
0,-2.39955308282589
0.0005,0.710183994282576
0.001,2.40804505022612
0.0015,-0.70234507571758
0.002,-2.40021053426446
0.0025,0.711170167231437
0.003,2.4077163258243
0.0035,-0.703002525124752
0.004,-2.39988180854505
0.0045,0.711827615863802
0.005,2.4077163258243
0.0055,-0.704317423940761
0.006,-2.39988180854505
0.0065,0.71347123744399
0.007,2.40738760142256
0.0075,-0.70464614864511
0.008,-2.39889563138834
0.0085,0.714128686075775
0.009,2.40738760142256
0.0095,-0.706289772168934
0.01,-2.39889563138834
0.0105,0.715114859023141
0.011,2.40738760142256
0.0115,-0.706947221579435
0.012,-2.39889563138834
0.0125,0.716101031970136
0.013,2.40705887702089
0.0135,-0.708262120402103
0.014,-2.3982381799518
0.0145,0.717415929232219
0.015,2.40640142821777
0.0155,-0.709248294520563
0.016,-2.39790945423392
0.0165,0.718073377863013
0.017,2.40574397941496
0.0175,-0.710563193347121
0.018,-2.39758072851629
0.0185,0.719059550808896
0.019,2.40574397941496
0.0195,-0.710891918054109
0.02,-2.39725200279891
0.0205,0.720374448069499
0.021,2.40541525501366
0.0215,-0.712206816883449
0.022,-2.3969232770818
0.0225,0.721360621014521
0.023,2.40541525501366
0.0235,-0.713521715715017
0.024,-2.39659455136493
0.0245,0.722346793959175
0.025,2.4047578062113
0.0255,-0.714507889840155
0.026,-2.39593709993196
0.0265,0.723332966903461
0.027,2.4047578062113
0.0275,-0.715494063966547
0.028,-2.39593709993196
0.0285,0.723990415532782
0.029,2.40442908181022
0.0295,-0.716151513384839
0.03,-2.39593709993196
0.0305,0.725634037105371
0.031,2.40410035740923
0.0315,-0.717466412223097
0.032,-2.39495092278442
0.0325,0.726291485734123
0.033,2.4037716330083
0.0335,-0.718781311063587
0.034,-2.39527964850002
0.0345,0.727277658676946
0.035,2.40278545980598
0.0355,-0.71943876048467
0.036,-2.39495092278442
0.0365,0.728263831619404
0.037,2.40311418420668
0.0375,-0.720753659328512
0.038,-2.39396474563917
0.0385,0.729907453189361
0.039,2.40311418420668
0.0395,-0.721082384039822
0.04,-2.3936360199246
0.0405,0.730893626130851
0.041,2.40245673540535
0.0415,-0.722068558174591
0.042,-2.39330729421028
0.0425,0.731879799071979
0.043,2.4021280110048
0.0435,-0.723383457022908
0.044,-2.3936360199246
0.0445,0.732537247699196
0.045,2.40179928660433
0.0455,-0.724040906447906
0.046,-2.39330729421028
0.0465,0.733523420639722
0.047,2.40147056220392
0.0475,-0.725684530012851
0.048,-2.39264984278241
0.0485,0.735167042206464
0.049,2.40147056220392
0.0495,-0.72601325472626
0.05,-2.39297856849622
0.0505,0.735824490832881
0.051,2.4011418378036
0.0515,-0.727328153581299
0.052,-2.39199239135555
0.0525,0.736810663772207
0.053,2.40081311340334
0.0535,-0.728314327724051
0.054,-2.39199239135555
0.0545,0.738125561024085
0.055,2.40048438900316
0.0555,-0.729300501868065
0.056,-2.3916636656425
0.0565,0.738454285336955
0.057,2.40048438900316
0.0575,-0.730286676013342
0.058,-2.39067748850489
0.0585,0.739769182588038
0.059,2.39949821580307
0.0595,-0.731272850159883
0.06,-2.39100621421717
0.0605,0.741412804151
0.061,2.39949821580307
0.0615,-0.732259024307689
0.062,-2.39067748850489
0.0625,0.741412804151
0.063,2.39982694020303
0.0635,-0.73324519845676
0.064,-2.39034876279286
0.0645,0.743056425712974
0.065,2.39916949140319
0.0655,-0.734231372607096
0.066,-2.38903385994728
0.0665,0.744042598649686
0.067,2.39916949140319
0.0675,-0.735546271476182
0.068,-2.38936258565829
0.0685,0.745028771586044
0.069,2.39851204260365
0.0695,-0.736532445629474
0.07,-2.38936258565829
0.0705,0.746343668833971
0.071,2.3978545938044
0.0715,-0.737189895065706
0.072,-2.38870513423652
0.0725,0.747001117457699
0.073,2.3978545938044
0.0735,-0.738504793939862
0.074,-2.38903385994728
0.0745,0.748316014704687
0.075,2.39752586940489
0.0755,-0.739162243377786
0.076,-2.38837640852602
0.0765,0.748973463327946
0.077,2.39719714500545
0.0775,-0.74014841753573
0.078,-2.38739023139603
0.0785,0.750288360573997
0.079,2.39719714500545
0.0795,-0.741134591694943
0.08,-2.38739023139603
0.0805,0.751274533508127
0.081,2.39621097180758
0.0815,-0.742449490575871
0.082,-2.38706150568654
0.0825,0.752260706441907
0.083,2.39621097180758
0.0835,-0.74343566473805
0.084,-2.38706150568654
0.0845,0.752918155064233
0.085,2.39522479861037
0.0855,-0.74409311418021
0.086,-2.3867327799773
0.0865,0.753904327997432
0.087,2.39555352300937
0.0875,-0.745736737788083
0.088,-2.38574660285112
0.0885,0.755219225241156
0.089,2.39489607421145
0.0895,-0.746722911954504
0.09,-2.3867327799773
0.0905,0.756534122484263
0.091,2.39489607421145
0.0915,-0.747709086122199
0.092,-2.3860753285596
0.0925,0.757191571105585
0.093,2.39456734981261
0.0935,-0.749023985014443
0.094,-2.38574660285112
0.0945,0.758506468347769
0.095,2.39390990101514
0.0955,-0.749681434461415
0.096,-2.38508915143494
0.0965,0.759492641279005
0.097,2.39390990101514
0.0975,-0.75099633335706
0.098,-2.38443170001977
0.0985,0.760478814209895
0.099,2.39358117661651
0.0995,-0.751653782805734
0.1,-2.38476042572723
0.1005,0.761464987140442
0.101,2.39325245221796
0.1015,-0.752968681704784
0.102,-2.38443170001977
0.1025,0.762451160070646
0.103,2.39358117661651
0.1035,-0.753626131155161
0.104,-2.38410297431257
0.1045,0.763437333000507
0.105,2.39226627902275
0.1055,-0.754612305331792
0.106,-2.38344552289893
0.1065,0.764423505930026
0.107,2.39226627902275
0.1075,-0.755927204235955
0.108,-2.38311679719249
0.1085,0.765409678859204
0.109,2.39193755462449
0.1095,-0.75658465368889
0.11,-2.38311679719249
0.1105,0.766724576097577
0.111,2.39160883022631
0.1115,-0.757899552596467
0.112,-2.38245934578036
0.1125,0.767382024716537
0.113,2.3912801058282
0.1135,-0.758885726778644
0.114,-2.38245934578036
0.1145,0.768368197644694
0.115,2.3906226570322
0.1155,-0.759543176234141
0.116,-2.38180189436926
0.1165,0.769683094881709
0.117,2.3906226570322
0.1175,-0.760858075146843
0.118,-2.38180189436926
0.1185,0.770340543499991
0.119,2.38963648383876
0.1195,-0.761844249332866
0.12,-2.38147316866409
0.1205,0.771655440736105
0.121,2.38963648383876
0.1215,-0.762830423520173
0.122,-2.3808157172545
0.1225,0.77198416504504
0.123,2.3899652082365
0.1235,-0.763816597708764
0.124,-2.3808157172545
0.1245,0.773299062280405
0.125,2.3889790350435
0.1255,-0.765131496628883
0.126,-2.38048699155009
0.1265,0.774613959515174
0.127,2.3889790350435
0.1275,-0.766117670820472
0.128,-2.37982954014203
0.1285,0.775271408132334
0.129,2.38832158624853
0.1295,-0.766775120282245
0.13,-2.37982954014203
0.1305,0.776915029674585
0.131,2.38766413745386
0.1315,-0.768090019207508
0.132,-2.37917208873498
0.1325,0.777243753982924
0.133,2.38766413745386
0.1335,-0.769404918135059
0.134,-2.37917208873498
0.1345,0.778229926907718
0.135,2.38733541305663
0.1355,-0.769733642867305
0.136,-2.37884336303183
0.1365,0.779544824140259
0.137,2.38733541305663
0.1375,-0.771048541797718
0.138,-2.37851463732894
0.1385,0.780530997064278
0.139,2.3866779642624
0.1395,-0.772034715997032
0.14,-2.37851463732894
0.1405,0.781517169987964
0.141,2.3866779642624
0.1415,-0.773020890197636
0.142,-2.37785718592392
0.1425,0.782174618603572
0.143,2.3866779642624
0.1435,-0.774335789133781
0.144,-2.37785718592392
0.1445,0.783160791526708
0.145,2.38602051546845
0.1455,-0.775321963337396
0.146,-2.37752846022179
0.1465,0.784475688757042
0.147,2.38602051546845
0.1475,-0.776308137542303
0.148,-2.37654228311692
0.1485,0.785461861679409
0.149,2.38536306667481
0.1495,-0.776636862277559
0.15,-2.37654228311692
0.1505,0.786448034601448
0.151,2.38503434227809
0.1515,-0.77795176122002
0.152,-2.37588483171494
0.1525,0.787434207523158
0.153,2.38503434227809
0.1535,-0.77926666016478
0.154,-2.37588483171494
0.1545,0.788749104751597
0.155,2.38470561788145
0.1555,-0.780252834374859
0.156,-2.37555610601433
0.1565,0.789735277672545
0.157,2.38437689348488
0.1575,-0.781239008586234
0.158,-2.37489865461387
0.1585,0.790721450593167
0.159,2.38339072029562
0.1595,-0.782225182798903
0.16,-2.37522738031397
0.1605,0.791707623513465
0.161,2.38306199589934
0.1615,-0.783211357012869
0.162,-2.37424120321442
0.1625,0.792693796433437
0.163,2.38306199589934
0.1635,-0.78452625596684
0.164,-2.37456992891402
0.1645,0.793679969353085
0.165,2.38240454710701
0.1655,-0.78518370544469
0.166,-2.37391247751507
0.1665,0.794994866578781
0.167,2.38240454710701
0.1675,-0.786169879662547
0.168,-2.37325502611714
0.1685,0.795323590885115
0.169,2.38174709831497
0.1695,-0.787156053881703
0.17,-2.37325502611714
0.1705,0.796309763803902
0.171,2.38141837391906
0.1715,-0.788470952842597
0.172,-2.37259757472023
0.1725,0.797624661028452
0.173,2.38108964952323
0.1735,-0.789785851805803
0.174,-2.37226884902215
0.1745,0.798939558252431
0.175,2.38076092512746
0.1755,-0.790114576546965
0.176,-2.37226884902215
0.1765,0.799268282558336
0.177,2.38076092512746
0.1775,-0.791429475513061
0.178,-2.37194012332432
0.1785,0.800583179781604
0.179,2.38010347633615
0.1795,-0.792415649739151
0.18,-2.37128267192943
0.1805,0.802226801309891
0.181,2.37977475194061
0.1815,-0.793073099223935
0.182,-2.37128267192943
0.1825,0.802555525615443
0.183,2.37944602754513
0.1835,-0.794059273452196
0.184,-2.37128267192943
0.1845,0.803870422837295
0.185,2.37944602754513
0.1855,-0.79504544768176
0.186,-2.37029649483899
0.1865,0.804527871448009
0.187,2.37911730314973
0.1875,-0.796360346656541
0.188,-2.36963904344662
0.1885,0.805514044363817
0.189,2.37845985435915
0.1895,-0.7970177961448
0.19,-2.36996776914268
0.1905,0.807157665889462
0.191,2.37813112996397
0.1915,-0.798332695123061
0.192,-2.36931031775082
0.1925,0.807815114499475
0.193,2.37813112996397
0.1935,-0.799318869358279
0.194,-2.36931031775082
0.1945,0.809130011719081
0.195,2.37780240556886
0.1955,-0.799976318849151
0.196,-2.36865286635997
0.1965,0.809458736023895
0.197,2.37747368117382
0.1975,-0.801291217832636
0.198,-2.36832414066493
0.1985,0.811102357547444
0.199,2.37681623238397
0.1995,-0.801948667325251
0.2,-2.3676666892756
0.2005,0.81175980615662
0.201,2.37583005919973
0.2015,-0.803592291059331
0.202,-2.36733796358131
0.2025,0.813074703374557
0.203,2.37648750798915
0.2035,-0.804578465301525
0.204,-2.3676666892756
0.2045,0.814060876287645
0.205,2.3761587835944
0.2055,-0.804907190049214
0.206,-2.36700923788728
0.2065,0.814718324896199
0.207,2.3751726104106
0.2075,-0.806222089041425
0.208,-2.36635178649997
0.2085,0.81570449780877
0.209,2.37484388601614
0.2095,-0.807208263287112
0.21,-2.36635178649997
0.2105,0.817348119329034
0.211,2.3751726104106
0.2115,-0.808194437534111
0.212,-2.36569433511367
0.2125,0.818005567936899
0.213,2.37418643722745
0.2135,-0.809180611782422
0.214,-2.36569433511367
0.2145,0.81899174084844
0.215,2.37418643722745
0.2155,-0.810166786032045
0.216,-2.36569433511367
0.2165,0.819977913759673
0.217,2.37451516162176
0.2175,-0.811481685033586
0.218,-2.36470815803612
0.2185,0.821292810974173
0.219,2.37385771283321
0.2195,-0.812139134535232
0.22,-2.36437943234411
0.2205,0.822278983884691
0.221,2.37320026404495
0.2215,-0.813125308788797
0.222,-2.36405070665235
0.2225,0.823265156794903
0.223,2.37287153965093
0.2235,-0.814111483043676
0.224,-2.36372198096084
0.2245,0.824251329704809
0.225,2.37221409086311
0.2255,-0.815097657299871
0.226,-2.36306452957858
0.2265,0.824908778311244
0.227,2.37254281525698
0.2275,-0.816412556310179
0.228,-2.36306452957858
0.2285,0.826223675523709
0.229,2.3718853664693
0.2295,-0.817398730569447
0.23,-2.36273580388783
0.2305,0.827538572735635
0.231,2.37122791768191
0.2315,-0.818713629583853
0.232,-2.36207835250709
0.2325,0.827867297038533
0.233,2.37122791768191
0.2335,-0.819371079091935
0.234,-2.36207835250709
0.2345,0.829510918552516
0.235,2.37089919328832
0.2355,-0.820357253355157
0.236,-2.36142090112735
0.2365,0.829839642855213
0.237,2.37024174450137
0.2375,-0.821672152374839
0.238,-2.36109217543786
0.2385,0.831154540065663
0.239,2.3695842957147
0.2395,-0.822658326641141
0.24,-2.36076344974863
0.2405,0.83246943727558
0.241,2.3695842957147
0.2415,-0.823315776152743
0.242,-2.36043472405964
0.2425,0.833126885880339
0.243,2.3695842957147
0.2435,-0.824959399934317
0.244,-2.36043472405964
0.2445,0.833784334484964
0.245,2.36859812253523
0.2455,-0.824959399934317
0.246,-2.35977727268243
0.2465,0.835099231693818
0.247,2.36826939814222
0.2475,-0.82627429896222
0.248,-2.3594485469942
0.2485,0.83608540460011
0.249,2.36826939814222
0.2495,-0.827260473234691
0.25,-2.35911982130623
0.2505,0.837400301808038
0.251,2.36761194935642
0.2515,-0.828246647508486
0.252,-2.35846236993103
0.2525,0.838057750411805
0.253,2.36728322496362
0.2535,-0.829890271301088
0.254,-2.35846236993103
0.2545,0.839043923317207
0.255,2.3669545005709
0.2555,-0.830218996060049
0.256,-2.35813364424381
0.2565,0.840030096222315
0.257,2.36629705178567
0.2575,-0.831533895097371
0.258,-2.35747619287013
0.2585,0.840687544825556
0.259,2.36662577617825
0.2595,-0.832520069376908
0.26,-2.35747619287013
0.2605,0.842002442031646
0.261,2.36596832739317
0.2615,-0.833506243657774
0.262,-2.35681874149746
0.2625,0.842659890634495
0.263,2.36531087860837
0.2635,-0.834492417939966
0.264,-2.35681874149746
0.2645,0.843974787839803
0.265,2.36498215421608
0.2655,-0.835807316984956
0.266,-2.3564900158115
0.2665,0.844632236442261
0.267,2.36465342982386
0.2675,-0.836793491270248
0.268,-2.35616129012579
0.2685,0.845618409345707
0.269,2.36465342982386
0.2695,-0.837779665556871
0.27,-2.35583256444033
0.2705,0.846933306549847
0.271,2.36399598103964
0.2715,-0.838765839844823
0.272,-2.35550383875513
0.2725,0.846933306549847
0.273,2.36366725664763
0.2735,-0.839423289370864
0.274,-2.35517511307018
0.2745,0.848905652355089
0.275,2.3633385322557
0.2755,-0.840738188424721
0.276,-2.35484638738548
0.2765,0.849563100956579
0.277,2.36300980786384
0.2775,-0.841724362716668
0.278,-2.35418893601683
0.2785,0.850549273858574
0.279,2.36300980786384
0.2795,-0.842381812245373
0.28,-2.35418893601683
0.2805,0.852521619661699
0.281,2.36202363468869
0.2815,-0.84369671130456
0.282,-2.3535314846492
0.2825,0.852850343962108
0.283,2.36169491029712
0.2835,-0.845011610366118
0.284,-2.3535314846492
0.2845,0.853836516863143
0.285,2.36169491029712
0.2855,-0.845669059897788
0.286,-2.35320275896576
0.2865,0.854493965463675
0.287,2.36136618590561
0.2875,-0.84632650943005
0.288,-2.35254530759963
0.2885,0.855808862664357
0.289,2.36070873712282
0.2895,-0.847970133263303
0.29,-2.35188785623451
0.2905,0.856795035564536
0.291,2.36038001273154
0.2915,-0.848956307565037
0.292,-2.35188785623451
0.2925,0.857452484164497
0.293,2.36005128834032
0.2935,-0.850271206636095
0.294,-2.35090167918872
0.2945,0.858767381364041
0.295,2.35972256394918
0.2955,-0.850271206636095
0.296,-2.35123040487039
0.2965,0.860082278563082
0.297,2.3593938395581
0.2975,-0.852243555247142
0.298,-2.35057295350729
0.2985,0.860411002862763
0.299,2.35873639077617
0.2995,-0.852572280016171
0.3,-2.35024422782611
0.3005,0.86139717576162
0.301,2.35873639077617
0.3015,-0.85355845432415
0.302,-2.34991550214519
0.3025,0.862712072959658
0.303,2.35840766638531
0.3035,-0.854873353403539
0.304,-2.34958677646451
0.3045,0.863698245857859
0.305,2.35775021760381
0.3055,-0.855530802944128
0.306,-2.34925805078409
0.3065,0.865013143055024
0.307,2.35742149321316
0.3075,-0.856845702027093
0.308,-2.34827187374433
0.3085,0.865999315952572
0.309,2.35676404443209
0.3095,-0.85750315156947
0.31,-2.348600599424
0.3105,0.866985488849841
0.311,2.35709276882259
0.3115,-0.858818050656015
0.312,-2.34827187374433
0.3125,0.867971661746832
0.313,2.35643532004166
0.3135,-0.860132949744947
0.314,-2.34794314806492
0.3145,0.868957834643546
0.315,2.35577787126101
0.3155,-0.860461674517554
0.316,-2.34761442238575
0.3165,0.869944007539982
0.317,2.35577787126101
0.3175,-0.861447848836269
0.318,-2.34695697102818
0.3185,0.870930180436142
0.319,2.35544914687079
0.3195,-0.862434023156329
0.32,-2.34662824534977
0.3205,0.871916353332027
0.321,2.35446297370057
0.3215,-0.863748922251836
0.322,-2.34662824534977
0.3225,0.872902526227636
0.323,2.35446297370057
0.3235,-0.864735096575036
0.324,-2.34564206831604
0.3245,0.873888699122971
0.325,2.35413424931063
0.3255,-0.865721270899584
0.326,-2.34564206831604
0.3265,0.874874872018032
0.327,2.35413424931063
0.3275,-0.866707445225478
0.328,-2.34465589128458
0.3285,0.875532320614588
0.329,2.35314807614126
0.3295,-0.867364894776824
0.33,-2.34465589128458
0.3305,0.877175942105446
0.331,2.35314807614126
0.3315,-0.86900851865781
0.332,-2.34465589128458
0.3325,0.877504666403528
0.333,2.35249062736204
0.3335,-0.869665968211254
0.334,-2.34432716560792
0.3345,0.87881956359555
0.335,2.35183317858309
0.3355,-0.870323417765297
0.336,-2.34334098857947
0.3365,0.879805736489251
0.337,2.35216190297253
0.3375,-0.871638316875186
0.338,-2.34301226290382
0.3385,0.880791909382681
0.339,2.35150445419373
0.3395,-0.87229576643103
0.34,-2.34268353722843
0.3405,0.881778082275842
0.341,2.35117572980443
0.3415,-0.873610665544522
0.342,-2.34235481155328
0.3425,0.882435530871133
0.343,2.35084700541521
0.3435,-0.874596839881218
0.344,-2.34169736020374
0.3445,0.883421703763846
0.345,2.35084700541521
0.3455,-0.874925564660418
0.346,-2.34202608587839
0.3465,0.884407876656291
0.347,2.35018955663698
0.3475,-0.87656918855867
0.348,-2.34103990885521
0.3485,0.886051498143105
0.349,2.34953210785903
0.3495,-0.877226638119025
0.35,-2.34071118318131
0.3505,0.887037671034839
0.351,2.34953210785903
0.3515,-0.878541537241539
0.352,-2.34071118318131
0.3525,0.887366395332024
0.353,2.34920338347016
0.3535,-0.8791989868037
0.354,-2.34038245750767
0.3545,0.88868129252047
0.355,2.34854593469263
0.3555,-0.880513885929829
0.356,-2.34005373183428
0.3565,0.889338741114517
0.357,2.34821721030397
0.3575,-0.881828785058371
0.358,-2.33939628048826
0.3585,0.890324914005367
0.359,2.34788848591539
0.3595,-0.882486234623546
0.36,-2.33906755481562
0.3605,0.89196853548953
0.361,2.34723103713843
0.3615,-0.883143684189325
0.362,-2.33873882914323
0.3625,0.892297259786275
0.363,2.34723103713843
0.3635,-0.884787308106414
0.364,-2.3384101034711
0.3645,0.893283432676336
0.365,2.34657358836175
0.3655,-0.885773482458479
0.366,-2.33808137779921
0.3665,0.894598329862676
0.367,2.34624486397351
0.3675,-0.886759656811904
0.368,-2.33775265212758
0.3685,0.895255778455671
0.369,2.34591613958535
0.3695,-0.88741710638161
0.37,-2.33742392645619
0.3705,0.896899399937654
0.371,2.34558741519726
0.3715,-0.888403280737303
0.372,-2.33643774944354
0.3725,0.897556848530245
0.373,2.34492996642129
0.3735,-0.889718179880345
0.374,-2.33676647511418
0.3745,0.898871745715081
0.375,2.3446012420334
0.3755,-0.890375629452774
0.376,-2.33610902377316
0.3765,0.898871745715081
0.377,2.34427251764559
0.3775,-0.891690528599449
0.378,-2.33545157243315
0.3785,0.900186642899458
0.379,2.34394379325785
0.3795,-0.892676702961045
0.38,-2.33578029810303
0.3805,0.901501540083377
0.381,2.34328634448258
0.3815,-0.893662877324007
0.382,-2.33512284676352
0.3825,0.902158988675165
0.383,2.34328634448258
0.3835,-0.894977776476744
0.384,-2.33446539542501
0.3845,0.903802610154138
0.385,2.3426288957076
0.3855,-0.895306501265308
0.386,-2.33413666975613
0.3865,0.904131334449847
0.387,2.34295762009506
0.3875,-0.89662140042108
0.388,-2.3338079440875
0.3885,0.9054462316324
0.389,2.34197144693289
0.3895,-0.897278849999877
0.39,-2.3338079440875
0.3905,0.906432404519018
0.391,2.34197144693289
0.3915,-0.899251198739914
0.392,-2.33282176708312
0.3925,0.907418577405383
0.393,2.34164272254564
0.3935,-0.899908648321143
0.394,-2.33282176708312
0.3945,0.908404750291494
0.395,2.34098527377136
0.3955,-0.900237373111985
0.396,-2.33249304141549
0.3965,0.909062198882094
0.397,2.34065654938432
0.3975,-0.901552272276875
0.398,-2.33183559008099
0.3985,0.910048371767785
0.399,2.34032782499735
0.3995,-0.90253844665214
0.4,-2.33150686441411
0.4005,0.912020717538412
0.401,2.33999910061045
0.4015,-0.903524621028776
0.402,-2.33150686441411
0.4025,0.912678166128398
0.403,2.33934165183687
0.4035,-0.904182070613961
0.404,-2.33117813874749
0.4045,0.913664339013169
0.405,2.33901292745018
0.4055,-0.905168244992881
0.406,-2.33052068741499
0.4065,0.914321787602878
0.407,2.33868420306357
0.4075,-0.906154419373173
0.408,-2.32953451041811
0.4085,0.915636684781964
0.409,2.33769802990413
0.4095,-0.907140593754838
0.41,-2.32953451041811
0.4105,0.916622857665989
0.411,2.33769802990413
0.4115,-0.908455492932527
0.412,-2.32920578475299
0.4125,0.917280306255201
0.413,2.33769802990413
0.4135,-0.909112942522287
0.414,-2.32887705908811
0.4145,0.918923927727752
0.415,2.33704058113153
0.4155,-0.91042784170364
0.416,-2.32887705908811
0.4165,0.919581376316581
0.417,2.33671185674533
0.4175,-0.911085291295233
0.418,-2.32821960775911
0.4185,0.92056754919962
0.419,2.33572568358716
0.4195,-0.91272891527689
0.42,-2.32789088209499
0.4205,0.921224997788176
0.421,2.33572568358716
0.4215,-0.913386364870624
0.422,-2.32723343076749
0.4225,0.922211170670806
0.423,2.33572568358716
0.4235,-0.914701264059926
0.424,-2.32690470510411
0.4245,0.923526067847267
0.425,2.33539695920124
0.4255,-0.915029988857635
0.426,-2.32657597944099
0.4265,0.924183516435335
0.427,2.33441078604391
0.4275,-0.916673612848473
0.428,-2.32624725377811
0.4285,0.925498413611148
0.429,2.3337533372727
0.4295,-0.917331062445881
0.43,-2.32591852811549
0.4305,0.926155862198893
0.431,2.33408206165827
0.4315,-0.918974686442083
0.432,-2.32493235112911
0.4325,0.927142035080309
0.433,2.3334246128872
0.4335,-0.919632136041637
0.434,-2.32526107679099
0.4345,0.928456932255156
0.435,2.33276716411641
0.4355,-0.920618310442119
0.436,-2.32460362546748
0.4365,0.929114380842419
0.437,2.33309588850177
0.4375,-0.921275760043208
0.438,-2.32427489980611
0.4385,0.930429278016626
0.439,2.33243843973112
0.4395,-0.92193320964491
0.44,-2.32394617414498
0.4405,0.931415450897002
0.441,2.33178099096075
0.4415,-0.923576833651855
0.442,-2.32328872282348
0.4425,0.932072899483787
0.443,2.33243843973112
0.4435,-0.924234283255709
0.444,-2.32328872282348
0.4445,0.932730348070467
0.445,2.33079481780571
0.4455,-0.925877907268033
0.446,-2.32263127150297
0.4465,0.934373969536703
0.447,2.33079481780571
0.4475,-0.92653535687404
0.448,-2.32164509452409
0.4485,0.935688866709219
0.449,2.33013736903603
0.4495,-0.927192806480662
0.45,-2.32197382018346
0.4505,0.936675039588331
0.451,2.3298086446513
0.4515,-0.928507705695753
0.452,-2.32164509452409
0.4525,0.937003763881316
0.453,2.32947992026663
0.4535,-0.92982260491331
0.454,-2.32065891754745
0.4545,0.93864738534585
0.455,2.32915119588204
0.4555,-0.930151329718084
0.456,-2.32033019188906
0.4565,0.938976109638679
0.457,2.32849374711305
0.4575,-0.931466228938722
0.458,-2.32000146623093
0.4585,0.940291006809734
0.459,2.32849374711305
0.4595,-0.932123678549966
0.46,-2.32000146623093
0.4605,0.941605903980375
0.461,2.32783629834435
0.4615,-0.93310985296799
0.462,-2.31901528925803
0.4625,0.941934628272971
0.463,2.32783629834435
0.4635,-0.934096027387403
0.464,-2.3186865636009
0.4645,0.943249525443097
0.465,2.32717884957592
0.4655,-0.934753477001117
0.466,-2.31901528925803
0.4665,0.943906974028006
0.467,2.32717884957592
0.4675,-0.936068376230399
0.468,-2.31802911228738
0.4685,0.945221871197516
0.469,2.32619267642379
0.4695,-0.936725825845967
0.47,-2.31802911228738
0.4705,0.94620804407438
0.471,2.32586395203989
0.4715,-0.938369449887592
0.472,-2.31704293531897
0.4725,0.946865492658829
0.473,2.32553522765606
0.4735,-0.939355624314423
0.474,-2.31737166097486
0.4745,0.947851665535312
0.475,2.32520650327229
0.4755,-0.940013073933085
0.476,-2.31638548400794
0.4765,0.9491665627036
0.477,2.32487777888859
0.4775,-0.940999248362238
0.478,-2.3160567583528
0.4785,0.950152735579551
0.479,2.32422033012141
0.4795,-0.941656697982447
0.48,-2.3160567583528
0.4805,0.950481459871484
0.481,2.32422033012141
0.4815,-0.942971597224727
0.482,-2.3160567583528
0.4825,0.951796357038966
0.483,2.32389160573792
0.4835,-0.943957771658063
0.484,-2.31572803269791
0.4845,0.953111254206046
0.485,2.32290543258787
0.4855,-0.944943946092796
0.486,-2.31441313008084
0.4865,0.953768702789436
0.487,2.32290543258787
0.4875,-0.945930120528925
0.488,-2.3140844044272
0.4885,0.954754875664334
0.489,2.32257670820466
0.4895,-0.946916294966451
0.49,-2.3137556787738
0.4905,0.956398497121999
0.491,2.32257670820466
0.4915,-0.948231194218659
0.492,-2.31309822746776
0.4925,0.957055945704892
0.493,2.32191925943844
0.4935,-0.949217368659447
0.494,-2.31342695312065
0.4945,0.958042118579045
0.495,2.32126181067249
0.4955,-0.949874818287416
0.496,-2.31244077616271
0.4965,0.958699567161691
0.497,2.32093308628962
0.4975,-0.950860992730536
0.498,-2.31178332485865
0.4985,0.959685740035475
0.499,2.32027563752409
0.4995,-0.952175891990207
0.5,-2.31211205051055
0.5005,0.961000637200176
0.501,2.31994691314143
0.5015,-0.952833341620976
0.502,-2.31112587355559
0.5025,0.96165808578238
0.503,2.31928946437631
0.5035,-0.954148240884383
0.504,-2.31112587355559
0.5045,0.962972982946496
0.505,2.31896073999386
0.5055,-0.954148240884383
0.506,-2.31112587355559
0.5065,0.963301707237464
0.507,2.31896073999386
0.5075,-0.955791864967147
0.508,-2.31046842225353
0.5085,0.964287880110222
0.509,2.31830329122915
0.5095,-0.957106764236164
0.51,-2.3094822453023
0.5105,0.965274052982762
0.511,2.31764584246472
0.5115,-0.957764213871608
0.512,-2.30981097095246
0.5125,0.966260225855084
0.513,2.3173171180826
0.5135,-0.958750388325945
0.514,-2.30915351965239
0.5145,0.967903847308474
0.515,2.31698839370056
0.5155,-0.959736562781687
0.516,-2.30849606835331
0.5165,0.968232571599079
0.517,2.3173171180826
0.5175,-0.960722737238834
0.518,-2.30816734270415
0.5185,0.96987619305175
0.519,2.31665966931858
0.5195,-0.961380186877713
0.52,-2.30783861705523
0.5205,0.971191090213456
0.521,2.31567349617307
0.5215,-0.962695086157347
0.522,-2.30718116575814
0.5225,0.971848538794167
0.523,2.31567349617307
0.5235,-0.963681260618714
0.524,-2.30685244010997
0.5245,0.972834711665055
0.525,2.31501604740973
0.5255,-0.964338710260408
0.526,-2.30685244010997
0.5265,0.97382088453573
0.527,2.31468732302817
0.5275,-0.965982334367381
0.528,-2.30586626316695
0.5285,0.974478333116063
0.529,2.31435859864667
0.5295,-0.966968508833444
0.53,-2.30619498881437
0.5305,0.975793230276445
0.531,2.31370114988388
0.5315,-0.967625958478269
0.532,-2.30488008622616
0.5325,0.976121954566482
0.533,2.31402987426524
0.5335,-0.968283408123721
0.534,-2.30488008622616
0.5345,0.977765576016316
0.535,2.31304370112136
0.5355,-0.969269582593074
0.536,-2.30455136057973
0.5365,0.978423024596086
0.537,2.31304370112136
0.5375,-0.9709132067118
0.538,-2.30389390928761
0.5385,0.979737921755348
0.539,2.31238625235912
0.5395,-0.971570656360389
0.54,-2.30356518364192
0.5405,0.98072409462455
0.541,2.31238625235912
0.5415,-0.972228106009605
0.542,-2.30290773235129
0.5425,0.981381543203903
0.543,2.31172880359715
0.5435,-0.973543005309923
0.544,-2.30290773235129
0.5445,0.982696440362332
0.545,2.31107135483545
0.5455,-0.974529179786811
0.546,-2.30225028106165
0.5465,0.983025164651882
0.547,2.31074263045471
0.5475,-0.975186629438855
0.548,-2.30159282977301
0.5485,0.984011337520394
0.549,2.31041390607403
0.5495,-0.975844079091528
0.55,-2.30159282977301
0.5505,0.98532623467809
0.551,2.3094277329324
0.5515,-0.977158978398762
0.552,-2.30126410412906
0.5525,0.985983683256801
0.553,2.30877028417166
0.5535,-0.978473877708514
0.554,-2.30093537848536
0.5545,0.98729858041395
0.555,2.30877028417166
0.5555,-0.979460052192481
0.556,-2.30060665284191
0.5565,0.988284753281574
0.557,2.30844155979139
0.5575,-0.980774951506642
0.558,-2.3002779271987
0.5585,0.989270926148994
0.559,2.30811283541118
0.5595,-0.981432401164668
0.56,-2.29962047591303
0.5605,0.99058582330524
0.561,2.30745538665098
0.5615,-0.98241857565289
0.562,-2.29929175027057
0.5625,0.990914547594246
0.563,2.30745538665098
0.5635,-0.983404750142531
0.564,-2.29896302462836
0.5645,0.992886893327808
0.565,2.30679793789105
0.5655,-0.984390924633592
0.566,-2.29764812206199
0.5665,0.993215617616656
0.567,2.30679793789105
0.5675,-0.985377099126074
0.568,-2.29731939642101
0.5685,0.993873066194288
0.569,2.30581176475167
0.5695,-0.986363273619977
0.57,-2.29731939642101
0.5705,0.995187963349284
0.571,2.30482559161289
0.5715,-0.987020723283369
0.572,-2.29666194513981
0.5725,0.995845411926649
0.573,2.30581176475167
0.5735,-0.988006897779643
0.574,-2.29666194513981
0.5745,0.997160309081115
0.575,2.30449686723343
0.5755,-0.989321797110221
0.576,-2.29666194513981
0.5765,0.998475206235229
0.577,2.30515431599242
0.5775,-0.990307971609816
0.578,-2.29567576821987
0.5785,0.999132654812154
0.579,2.30351069409547
0.5795,-0.991294146110834
0.58,-2.29534704258038
0.5805,0.999790103388993
0.581,2.30318196971628
0.5815,-0.992937770282366
0.582,-2.29436086566341
0.5825,1.00077627625409
0.583,2.30252452095812
0.5835,-0.992609045447743
0.584,-2.29403214002491
0.5845,1.00176244911898
0.585,2.30252452095812
0.5855,-0.994252669622443
0.586,-2.29370341438666
0.5865,1.00241989769548
0.587,2.30153834782137
0.5875,-0.994910119293433
0.588,-2.29337468874866
0.5885,1.0037347948482
0.589,2.30153834782137
0.5895,-0.995567568965057
0.59,-2.29337468874866
0.5905,1.00472096771251
0.591,2.30088089906387
0.5915,-0.997211193146893
0.592,-2.29271723747341
0.5925,1.00537841628862
0.593,2.30055217468523
0.5935,-0.998197367657899
0.594,-2.29238851183615
0.5945,1.00669331344056
0.595,2.30022345030665
0.5955,-0.998526092495219
0.596,-2.29140233492586
0.5965,1.0076794863043
0.597,2.29956600154969
0.5975,-1.0001697166842
0.598,-2.29140233492586
0.5985,1.00833693488002
0.599,2.29956600154969
0.5995,-1.0011558911995
0.6,-2.29074488365358
0.6005,1.0096518320312
0.601,2.29890855279301
0.6015,-1.00148461603825
0.602,-2.2904161580178
0.6025,1.01030928060667
0.603,2.29857982841477
0.6035,-1.00312824023438
0.604,-2.29008743238228
0.6045,1.01129545346971
0.605,2.29792237965848
0.6055,-1.00345696507409
0.606,-2.289758706747
0.6065,1.01261035062013
0.607,2.29726493090247
0.6075,-1.005100589275
0.608,-2.289758706747
0.6085,1.01326779919522
0.609,2.29726493090247
0.6095,-1.00575803895647
0.61,-2.28910125547719
0.6105,1.01458269634514
0.611,2.29693620652456
0.6115,-1.00707293832134
0.612,-2.28844380420836
0.6125,1.01556886920737
0.613,2.29627875776895
0.6135,-1.00805911284667
0.614,-2.28811507857432
0.6145,1.01655504206941
0.615,2.29595003339125
0.6155,-1.00838783768876
0.616,-2.28811507857432
0.6165,1.01754121493126
0.617,2.29595003339125
0.6175,-1.01003146190163
0.618,-2.28712890167368
0.6185,1.01819866350572
0.619,2.2946351358811
0.6195,-1.01036018674468
0.62,-2.28680017604063
0.6205,1.01984228494153
0.621,2.2946351358811
0.6215,-1.01167508611848
0.622,-2.28647145040783
0.6225,1.0204997335157
0.623,2.2946351358811
0.6235,-1.01266126065051
0.624,-2.28581399914296
0.6245,1.02148590637682
0.625,2.29332023837203
0.6255,-1.01364743518398
0.626,-2.28581399914296
0.6265,1.02247207923775
0.627,2.29332023837203
0.6275,-1.01496233456417
0.628,-2.28482782224751
0.6285,1.0231295278116
0.629,2.29266278961789
0.6295,-1.015948509101
0.63,-2.28482782224751
0.6305,1.02444442495907
0.631,2.29266278961789
0.6315,-1.01660595879302
0.632,-2.28417037098511
0.6325,1.02543059781946
0.633,2.29200534086402
0.6335,-1.01726340848567
0.634,-2.28417037098511
0.6345,1.02641677067966
0.635,2.29167661648719
0.6355,-1.01824958302586
0.636,-2.28318419409337
0.6365,1.02707421925303
0.637,2.29167661648719
0.6375,-1.02022193211056
0.638,-2.28252674283344
0.6385,1.02806039211294
0.639,2.29101916773372
0.6395,-1.02055065695857
0.64,-2.28252674283344
0.6405,1.02904656497267
0.641,2.29036171898052
0.6415,-1.02153683150356
0.642,-2.28219801720384
0.6425,1.0303614621187
0.643,2.28970427022758
0.6435,-1.02219428120103
0.644,-2.2818692915745
0.6445,1.03167635926441
0.645,2.28871809709868
0.6455,-1.02318045574843
0.646,-2.28088311468794
0.6465,1.03167635926441
0.647,2.28904682147491
0.6475,-1.02482407999731
0.648,-2.28055438905958
0.6485,1.03266253212349
0.649,2.28838937272251
0.6495,-1.02548152969798
0.65,-2.28022566343146
0.6505,1.03397742926866
0.651,2.28806064834641
0.6515,-1.0264677042502
0.652,-2.27956821217598
0.6525,1.03463487784112
0.653,2.28806064834641
0.6535,-1.02778260365541
0.654,-2.27956821217598
0.6545,1.03594977498582
0.655,2.28707447521851
0.6555,-1.02844005335898
0.656,-2.2792394865486
0.6565,1.03660722355805
0.657,2.28674575084267
0.6575,-1.02975495276805
0.658,-2.2785820352946
0.6585,1.03792212070229
0.659,2.2864170264669
0.6595,-1.03008367762072
0.66,-2.27825330966796
0.6605,1.03923701784622
0.661,2.28575957771557
0.6615,-1.03106985217969
0.662,-2.27726713278954
0.6625,1.03989446641807
0.663,2.28575957771557
0.6635,-1.03238475159391
0.664,-2.27759585841544
0.6645,1.04120936356154
0.665,2.2851021289645
0.6655,-1.03271347644787
0.666,-2.27628095591334
0.6665,1.04219553641894
0.667,2.2851021289645
0.6675,-1.03435710072008
0.668,-2.27595223028843
0.6685,1.0425242607047
0.669,2.28444468021369
0.6695,-1.03468582557501
0.67,-2.27562350466377
0.6705,1.04416788213324
0.671,2.28444468021369
0.6715,-1.03600072499632
0.672,-2.27529477903936
0.6725,1.04449660641889
0.673,2.28345850708798
0.6735,-1.03665817470795
0.674,-2.27463732779127
0.6745,1.0458115035613
0.675,2.28312978271287
0.6755,-1.03797307413314
0.676,-2.27397987654416
0.6765,1.04679767641792
0.677,2.28280105833783
0.6775,-1.03895924870372
0.678,-2.27463732779127
0.6785,1.0474551249889
0.679,2.28214360958795
0.6795,-1.03928797356091
0.68,-2.27365115092098
0.6805,1.04909874641604
0.681,2.28181488521311
0.6815,-1.04093159784926
0.682,-2.27299369967535
0.6825,1.04975619498677
0.683,2.28148616083834
0.6835,-1.04158904756574
0.684,-2.27266497405291
0.6845,1.05074236784272
0.685,2.28115743646363
0.6855,-1.04290394700063
0.686,-2.27233624843071
0.6865,1.05205726498373
0.687,2.28049998771441
0.6875,-1.04323267185975
0.688,-2.27167879718705
0.6885,1.05271471355412
0.689,2.27951381459108
0.6895,-1.04454757129788
0.69,-2.27135007156559
0.6905,1.05337216212445
0.691,2.27951381459108
0.6915,-1.0458624707386
0.692,-2.27069262032341
0.6925,1.05468705926488
0.693,2.27918509021677
0.6935,-1.04684864532084
0.694,-2.27036389470269
0.6945,1.05501578354994
0.695,2.27819891709423
0.6955,-1.04750609504314
0.696,-2.26970644346198
0.6965,1.05633068069001
0.697,2.27819891709423
0.6975,-1.04882099448969
0.698,-2.269377717842
0.6985,1.05764557782979
0.699,2.27721274397228
0.6995,-1.04947844421394
0.7,-2.26872026660277
0.7005,1.05863175068444
0.701,2.27688401959843
0.7015,-1.05046461880154
0.702,-2.26839154098352
0.7025,1.05928919925412
0.703,2.27655529522464
0.7035,-1.05145079339059
0.704,-2.26839154098352
0.7045,1.06060409639326
0.705,2.27622657085092
0.7055,-1.05210824311744
0.706,-2.26773408974577
0.7065,1.06126154496273
0.707,2.27589784647727
0.7075,-1.05342314257309
0.708,-2.26674791289098
0.7085,1.06224771781679
0.709,2.27556912210368
0.7095,-1.05440931716653
0.71,-2.26674791289098
0.7105,1.0635626149553
0.711,2.2749116733567
0.7115,-1.05539549176144
0.712,-2.26641918727321
0.7125,1.06422006352445
0.713,2.2749116733567
0.7135,-1.05605294149219
0.714,-2.26609046165569
0.7145,1.06520623637805
0.715,2.27392550023672
0.7155,-1.05703911608954
0.716,-2.26576173603841
0.7165,1.06652113351593
0.717,2.27359677586353
0.7175,-1.05802529068835
0.718,-2.26510428480459
0.7185,1.06717858208477
0.719,2.2732680514904
0.7195,-1.05934019015572
0.72,-2.26444683357175
0.7205,1.06849347922225
0.721,2.27293932711734
0.7215,-1.05999763989038
0.722,-2.2641181079557
0.7225,1.06882220350657
0.723,2.2722818783714
0.7235,-1.06065508962569
0.724,-2.26346065672433
0.7245,1.07046582492794
0.725,2.27195315399854
0.7255,-1.06164126422988
0.726,-2.26280320549395
0.7265,1.07145199778056
0.727,2.2722818783714
0.7275,-1.06262743883554
0.728,-2.26247447987913
0.7285,1.07210944634889
0.729,2.27162442962574
0.7295,-1.06361361344267
0.73,-2.26247447987913
0.7305,1.07342434348534
0.731,2.27030953213518
0.7315,-1.06459978805127
0.732,-2.26181702865022
0.7325,1.07408179205347
0.733,2.27063825650772
0.7335,-1.06591468753169
0.734,-2.26115957742229
0.7345,1.07506796490553
0.735,2.26932335901796
0.7355,-1.06657213727288
0.736,-2.26083085180869
0.7365,1.07572541347349
0.737,2.26998080776271
0.7375,-1.06755831188589
0.738,-2.26017340058224
0.7385,1.07671158632531
0.739,2.26899463464568
0.7395,-1.06854448650038
0.74,-2.25984467496938
0.7405,1.07835520774467
0.741,2.26833718590132
0.7415,-1.06953066111633
0.742,-2.25951594935676
0.7425,1.07868393202849
0.743,2.26800846152923
0.7435,-1.07051683573376
0.744,-2.25918722374439
0.7445,1.07967010487987
0.745,2.26702228841337
0.7455,-1.07117428547954
0.746,-2.25852977252039
0.7465,1.08065627773109
0.747,2.26702228841337
0.7475,-1.07248918497304
0.748,-2.25820104690876
0.7485,1.08131372629849
0.749,2.2660361152981
0.7495,-1.0734753595949
0.75,-2.25754359568623
0.7505,1.08229989914947
0.751,2.26537866655491
0.7515,-1.07413280934362
0.752,-2.25688614446468
0.7525,1.08328607200031
0.753,2.26504994218341
0.7535,-1.07544770884303
0.754,-2.25655741885427
0.7545,1.08460096913453
0.755,2.26504994218341
0.7555,-1.07643388346931
0.756,-2.25655741885427
0.7565,1.08558714198503
0.757,2.26504994218341
0.7575,-1.07709133322099
0.758,-2.25524251641509
0.7585,1.08624459055195
0.759,2.26406376906931
0.7595,-1.07840623272631
0.76,-2.25557124202452
0.7605,1.0875594876856
0.761,2.2634063203269
0.7615,-1.07906368247996
0.762,-2.25491379080591
0.7625,1.08788821196897
0.763,2.2634063203269
0.7635,-1.08004985711166
0.764,-2.25491379080591
0.7645,1.0895318333856
0.765,2.26209142284286
0.7655,-1.0813647566229
0.766,-2.25392761397983
0.7665,1.0895318333856
0.767,2.26176269847201
0.7675,-1.08267965613677
0.768,-2.25327016276367
0.7685,1.09084673051862
0.769,2.2611052497305
0.7695,-1.08333710589469
0.77,-2.25327016276367
0.7705,1.09183290336822
0.771,2.2611052497305
0.7715,-1.08399455565327
0.772,-2.25261271154849
0.7725,1.09249035193455
0.773,2.26077652535985
0.7735,-1.08530945517241
0.774,-2.25195526033429
0.7745,1.09380524906701
0.775,2.25979035224827
0.7755,-1.08596690493297
0.776,-2.25228398594127
0.7765,1.09446269763315
0.777,2.25979035224827
0.7775,-1.08695307957504
0.778,-2.25162653472755
0.7785,1.09577759476524
0.779,2.25880417913728
0.7795,-1.0879392542186
0.78,-2.25064035790882
0.7805,1.09676376761415
0.781,2.25847545476707
0.7815,-1.08925415374565
0.782,-2.24998290669756
0.7825,1.09774994046293
0.783,2.25847545476707
0.7835,-1.09024032839267
0.784,-2.24998290669756
0.7845,1.09906483759442
0.785,2.25716055728691
0.7855,-1.09056905327534
0.786,-2.24965418109229
0.7865,1.10005101044288
0.787,2.25716055728691
0.7875,-1.09155522792435
0.788,-2.24899672988249
0.7885,1.10037973472567
0.789,2.25716055728691
0.7895,-1.09287012745866
0.79,-2.24866800427796
0.7905,1.10202335613939
0.791,2.25650310854721
0.7915,-1.09385630211114
0.792,-2.24801055306963
0.7925,1.10235208042209
0.793,2.25650310854721
0.7935,-1.09451375188028
0.794,-2.24768182746583
0.7945,1.10399570183538
0.795,2.25584565980777
0.7955,-1.09549992653523
0.796,-2.24702437625897
0.7965,1.10432442611799
0.797,2.25551693543815
0.7975,-1.09681482607749
0.798,-2.24636692505309
0.7985,1.10596804753083
0.799,2.25453076232967
0.7995,-1.09747227584961
0.8,-2.24603819945051
0.8005,1.10629677181336
0.801,2.25453076232967
0.8015,-1.09845845050904
0.802,-2.24538074824609
0.8025,1.10728294466084
0.803,2.253873313591
0.8035,-1.09911590028281
0.804,-2.24505202264425
0.8045,1.10859784179063
0.805,2.253873313591
0.8055,-1.10010207494472
0.806,-2.24472329704265
0.8065,1.10925529035543
0.807,2.25288714048348
0.8075,-1.10141697449626
0.808,-2.2434083946387
0.8085,1.10991273892018
0.809,2.25255841611444
0.8095,-1.10207442427302
0.81,-2.24373712023932
0.8105,1.11122763604951
0.811,2.25190096737654
0.8115,-1.10338932382854
0.812,-2.24307966903832
0.8125,1.11188508461408
0.813,2.2512435186389
0.8135,-1.10437549849692
0.814,-2.24275094343819
0.8145,1.11319998174307
0.815,2.2512435186389
0.8155,-1.10536167316679
0.816,-2.2424222178383
0.8165,1.11385743030748
0.817,2.2512435186389
0.8175,-1.10601912294754
0.818,-2.24209349223865
0.8185,1.11484360315399
0.819,2.25025734553292
0.8195,-1.10667657272895
0.82,-2.24176476663925
0.8205,1.11582977600037
0.821,2.24894244805917
0.8215,-1.10832019718539
0.822,-2.24110731544118
0.8225,1.11648722456456
0.823,2.24927117242751
0.8235,-1.10864892207718
0.824,-2.24077858984251
0.8245,1.11813084597478
0.825,2.24861372369089
0.8255,-1.10930637186125
0.826,-2.23979241304797
0.8265,1.11845957025678
0.827,2.24828499932268
0.8275,-1.11062127143139
0.828,-2.23946368745028
0.8285,1.11944574310271
0.829,2.24762755058644
0.8295,-1.1119361710042
0.83,-2.23913496185283
0.8305,1.12076064023043
0.831,2.24729882621842
0.8315,-1.11292234568555
0.832,-2.23880623625562
0.8325,1.12141808879421
0.833,2.24697010185046
0.8335,-1.11390852036841
0.834,-2.23814878506195
0.8345,1.1227329859216
0.835,2.24631265311474
0.8355,-1.11423724526303
0.836,-2.23716260827326
0.8365,1.12339043448521
0.837,2.24598392874697
0.8375,-1.11555214484317
0.838,-2.23683388267751
0.8385,1.12437660733054
0.839,2.24565520437927
0.8395,-1.11620959463424
0.84,-2.23683388267751
0.8405,1.12602022873915
0.841,2.24499775564405
0.8415,-1.11752449421838
0.842,-2.23584770589175
0.8425,1.1266776773025
0.843,2.24466903127654
0.8435,-1.11851066890825
0.844,-2.23584770589175
0.8445,1.12766385014743
0.845,2.24401158254171
0.8455,-1.11916811870232
0.846,-2.23453280351414
0.8465,1.12832129871065
0.847,2.24335413380713
0.8475,-1.12015429339469
0.848,-2.23453280351414
0.8485,1.12963619583693
0.849,2.24302540943993
0.8495,-1.12081174319044
0.85,-2.2338753523268
0.8505,1.13062236868151
0.851,2.2426966850728
0.8515,-1.12179791788532
0.852,-2.23354662673349
0.8525,1.1312798172445
0.853,2.24171051197178
0.8535,-1.12311281748083
0.854,-2.23321790114043
0.8545,1.13226599008888
0.855,2.24138178760491
0.8555,-1.12377026727959
0.856,-2.23256044995504
0.8565,1.13325216293316
0.857,2.24105306323809
0.8575,-1.12541389177942
0.858,-2.23190299877062
0.8585,1.13358088721456
0.859,2.24072433887134
0.8595,-1.12574261667988
0.86,-2.23223172436271
0.8605,1.13522450862136
0.861,2.24039561450465
0.8615,-1.12672879138229
0.862,-2.23091682199581
0.8625,1.13555323290268
0.863,2.23973816577147
0.8635,-1.12771496608621
0.864,-2.23091682199581
0.8645,1.13719685430911
0.865,2.23908071703853
0.8655,-1.12870114079164
0.866,-2.23025937081382
0.8665,1.1378543028716
0.867,2.23842326830585
0.8675,-1.12968731549858
0.868,-2.2299306452232
0.8685,1.13884047571523
0.869,2.23809454393961
0.8695,-1.13034476530404
0.87,-2.22960191963281
0.8705,1.13982664855876
0.871,2.23776581957343
0.8715,-1.13198838982064
0.872,-2.22894446845277
0.8725,1.14048409712105
0.873,2.23710837084125
0.8735,-1.13297456453261
0.874,-2.22861574286311
0.8745,1.14147026996439
0.875,2.23645092210933
0.8755,-1.13363201434144
0.876,-2.22762956609561
0.8765,1.14278516708868
0.877,2.23645092210933
0.8775,-1.13461818905593
0.878,-2.22730084050692
0.8785,1.14377133993177
0.879,2.23579347337765
0.8795,-1.13560436377194
0.88,-2.22730084050692
0.8805,1.14442878849377
0.881,2.23480730028062
0.8815,-1.13659053848946
0.882,-2.22631466374233
0.8825,1.14541496133668
0.883,2.23447857591507
0.8835,-1.13790543811518
0.884,-2.22598593815462
0.8845,1.14640113417948
0.885,2.23382112718415
0.8855,-1.13790543811518
0.886,-2.22598593815462
0.8865,1.14705858274129
0.887,2.23349240281879
0.8875,-1.13987778755882
0.888,-2.22467103580621
0.8885,1.14837347986477
0.889,2.23382112718415
0.8895,-1.14020651246668
0.89,-2.22467103580621
0.8905,1.14935965270726
0.891,2.23250622972307
0.8915,-1.14119268719127
0.892,-2.22368485904745
0.8925,1.15001710126886
0.893,2.23250622972307
0.8935,-1.14217886191739
0.894,-2.22335613346168
0.8945,1.15133199839193
0.895,2.23152005662792
0.8955,-1.14283631173564
0.896,-2.22302740787616
0.8965,1.15198944695339
0.897,2.23152005662792
0.8975,-1.14415121137417
0.898,-2.22269868229087
0.8985,1.1529756197955
0.899,2.23053388353333
0.8995,-1.14480866119445
0.9,-2.22204123112104
0.9005,1.15429051691816
0.901,2.2302051591686
0.9015,-1.1454661110154
0.902,-2.22138377995217
0.9025,1.15494796547942
0.903,2.22987643480392
0.9035,-1.14678101065933
0.904,-2.22105505436811
0.9045,1.15593413832123
0.905,2.22954771043931
0.9055,-1.14776718539406
0.906,-2.22072632878428
0.9065,1.15659158688238
0.907,2.22889026171027
0.9075,-1.14908208504272
0.908,-2.22006887761736
0.9085,1.15757775972402
0.909,2.22823281298149
0.9095,-1.14941080995531
0.91,-2.21974015203426
0.9105,1.15856393256557
0.911,2.22757536425295
0.9115,-1.1510544345208
0.912,-2.21908270086879
0.9125,1.15955010540701
0.913,2.22757536425295
0.9135,-1.15171188434818
0.914,-2.2194114264514
0.9145,1.16020755396792
0.915,2.22658919116061
0.9155,-1.15236933417623
0.916,-2.21842524970429
0.9165,1.1611937268092
0.917,2.22658919116061
0.9175,-1.15335550891959
0.918,-2.21776779854076
0.9185,1.16185117537001
0.919,2.22560301806884
0.9195,-1.15401295874934
0.92,-2.21711034737821
0.9205,1.16316607249148
0.921,2.2249455693413
0.9215,-1.15532785841087
0.922,-2.21678162179729
0.9225,1.16448096961279
0.923,2.2249455693413
0.9235,-1.15664275807512
0.924,-2.21645289621662
0.9245,1.16546714245365
0.925,2.22428812061401
0.9255,-1.1569714829916
0.926,-2.215795445056
0.9265,1.16612459101418
0.927,2.22428812061401
0.9275,-1.15828638265924
0.928,-2.215795445056
0.9285,1.16743948813511
0.929,2.22363067188697
0.9295,-1.15927255741176
0.93,-2.21480926831689
0.9305,1.16809693669551
0.931,2.22297322316017
0.9315,-1.15993000724761
0.932,-2.21415181715869
0.9325,1.16875438525587
0.933,2.22297322316017
0.9335,-1.16091618200268
0.934,-2.21382309157995
0.9345,1.17006928237648
0.935,2.22198705007045
0.9355,-1.16124490692137
0.936,-2.21316564042321
0.9365,1.17072673093672
0.937,2.22165832570733
0.9375,-1.16255980659784
0.938,-2.2128369148452
0.9385,1.17138417949692
0.939,2.22100087698128
0.9395,-1.16354598135699
0.94,-2.21217946368991
0.9405,1.17269907661719
0.941,2.22067215261835
0.9415,-1.16486088103822
0.942,-2.21185073811263
0.9425,1.17335652517727
0.943,2.22067215261835
0.9435,-1.16584705580094
0.944,-2.21185073811263
0.9445,1.17467142229731
0.945,2.21968597952993
0.9455,-1.16617578072218
0.946,-2.21053583580592
0.9465,1.17565759513724
0.947,2.21902853080462
0.9475,-1.16749068040887
0.948,-2.20987838465401
0.9485,1.17631504369714
0.949,2.21869980644206
0.9495,-1.16847685517567
0.95,-2.20987838465401
0.9505,1.17762994081683
0.951,2.21771363335475
0.9515,-1.16946302994401
0.952,-2.20922093350308
0.9525,1.17762994081683
0.953,2.21738490899243
0.9535,-1.17044920471389
0.954,-2.20922093350308
0.9545,1.17927356221623
0.955,2.21705618463018
0.9555,-1.17143537948529
0.956,-2.20823475677849
0.9565,1.18058845933558
0.957,2.21672746026799
0.9575,-1.17209282933375
0.958,-2.20790603120411
0.9585,1.18091718361539
0.959,2.2160700115438
0.9595,-1.17307900410772
0.96,-2.20724858005607
0.9605,1.18256080501431
0.961,2.2160700115438
0.9615,-1.17439390380874
0.962,-2.20691985448242
0.9625,1.18288952929407
0.963,2.2160700115438
0.9635,-1.17505135366027
0.964,-2.20659112890901
0.9645,1.184204426413
0.965,2.21475511409615
0.9655,-1.17570880351249
0.966,-2.20593367776291
0.9665,1.18519059925211
0.967,2.21442638973439
0.9675,-1.1766949782921
0.968,-2.20494750104557
0.9685,1.18584804781147
0.969,2.21376894101105
0.9695,-1.17800987800064
0.97,-2.20494750104557
0.9705,1.18683422065044
0.971,2.21311149228797
0.9715,-1.17899605278384
0.972,-2.20363259875916
0.9725,1.18814911776894
0.973,2.21311149228797
0.9735,-1.17998222756858
0.974,-2.2039613243304
0.9745,1.18880656632814
0.975,2.21212531920379
0.9755,-1.18063967742593
0.976,-2.20330387318817
0.9765,1.19012146344642
0.977,2.21179659484253
0.9775,-1.18195457714269
0.978,-2.20297514761741
0.9785,1.19077891200552
0.979,2.21179659484253
0.9795,-1.18228330207231
0.98,-2.20231769647662
0.9805,1.19176508484409
0.981,2.21081042175909
0.9815,-1.18359820179249
0.982,-2.20198897090659
0.9825,1.19242253340309
0.983,2.21015297303711
0.9835,-1.18458437658443
0.984,-2.20133151976725
0.9845,1.19340870624153
0.985,2.20949552431537
0.9855,-1.18557055137792
0.986,-2.20100279419794
0.9865,1.1943948790799
0.987,2.20916679995459
0.9875,-1.18688545110497
0.988,-2.20034534306005
0.9885,1.19505232763877
0.989,2.20785190251209
0.9895,-1.18721417603716
0.99,-2.20067406862888
0.9905,1.19636722475641
0.991,2.20785190251209
0.9915,-1.18787162590206
0.992,-2.19903044078716
0.9925,1.19735339759454
0.993,2.20752317815162
0.9935,-1.18918652563392
0.994,-2.19903044078716
0.9945,1.19801084615326
0.995,2.20719445379121
0.9955,-1.18984397550088
0.996,-2.19837298965217
0.9965,1.19899701899128
0.997,2.20653700507057
0.9975,-1.19115887523686
0.998,-2.19771553851813
0.9985,1.20031191610852
0.999,2.20587955635017
0.9995,-1.19181632510589
1,-2.19771553851813
1.0005,1.20096936466709
1.001,2.20555083199006
1.0015,-1.193131224846
1.002,-2.19640063625296
1.0025,1.20162681322563
1.003,2.20522210763002
1.0035,-1.19345994978146
1.004,-2.19607191068727
1.0045,1.20294171034262
1.005,2.20456465891011
1.0055,-1.19444612458887
1.006,-2.19574318512182
1.0065,1.20359915890106
1.007,2.20390721019044
1.0075,-1.1957610243345
1.008,-2.19508573399164
1.0085,1.20491405601786
1.009,2.2035784858307
1.0095,-1.19674719914552
1.01,-2.19475700842691
1.0105,1.20557150457621
1.011,2.2029210371114
1.0115,-1.1977333739581
1.012,-2.19409955729818
1.0125,1.20655767741368
1.013,2.20259231275184
1.0135,-1.19871954877224
1.014,-2.19377083173418
1.0145,1.20721512597196
1.015,2.2019348640329
1.0155,-1.19937699864919
1.016,-2.19344210617041
1.0165,1.20820129880931
1.017,2.20160613967352
1.0175,-1.20036317346591
1.018,-2.19245592948057
1.0185,1.2091874716466
1.019,2.20061996659576
1.0195,-1.20102062334459
1.02,-2.19212720391776
1.0205,1.21050236876288
1.021,2.20061996659576
1.0215,-1.20233552310401
1.022,-2.1917984783552
1.0225,1.21148854160002
1.023,2.20029124223662
1.0235,-1.20299297298476
1.024,-2.19081230166897
1.0245,1.21214599015807
1.025,2.19963379351853
1.0255,-1.20365042286621
1.026,-2.19081230166897
1.0265,1.21313216299509
1.027,2.19897634480068
1.0275,-1.20496532263116
1.028,-2.18949739942402
1.0285,1.21411833583205
1.029,2.19864762044185
1.0295,-1.20562277251468
1.03,-2.18916867386338
1.0305,1.2154332329479
1.031,2.19799017172437
1.0315,-1.20693767228379
1.032,-2.18883994830299
1.0325,1.21576195722685
1.033,2.19766144736571
1.0335,-1.20792384711244
1.034,-2.18851122274283
1.0345,1.21674813006364
1.035,2.19700399864859
1.0355,-1.20825257205567
1.036,-2.18818249718292
1.0365,1.21773430290036
1.037,2.19634654993171
1.0375,-1.20956747183032
1.038,-2.18752504606381
1.0385,1.21872047573703
1.039,2.19601782557336
1.0395,-1.21055364666313
1.04,-2.18686759494566
1.0405,1.21904920001591
1.041,2.19568910121507
1.0415,-1.2115398214975
1.042,-2.18653886938695
1.0425,1.22036409713134
1.043,2.19503165249867
1.0435,-1.21219727138795
1.044,-2.18621014382848
1.0445,1.22167899424667
1.045,2.19404547942452
1.0455,-1.21318344622492
1.046,-2.1852239671545
1.0465,1.22233644280429
1.047,2.19404547942452
1.0475,-1.21482707095667
1.048,-2.18489524159699
1.0485,1.22365133991946
1.049,2.19338803070872
1.0495,-1.21482707095667
1.05,-2.18456651603972
1.0505,1.22463751275577
1.051,2.19240185763548
1.0515,-1.2161419707452
1.052,-2.18358033936935
1.0525,1.22529496131328
1.053,2.19273058199317
1.0535,-1.21679942064051
1.054,-2.18325161381303
1.0545,1.22628113414949
1.055,2.19174440892028
1.0555,-1.21778559548477
1.056,-2.18292288825696
1.0565,1.22726730698565
1.057,2.19141568456277
1.0575,-1.21910049527956
1.058,-2.18226543714554
1.0585,1.22825347982175
1.059,2.19075823584793
1.0595,-1.219757945178
1.06,-2.18160798603508
1.0605,1.22891092837912
1.061,2.19075823584793
1.0615,-1.22041539507713
1.062,-2.18160798603508
1.0625,1.22989710121513
1.063,2.18977206277612
1.0635,-1.22173029487749
1.064,-2.18095053492558
1.0645,1.23088327405109
1.065,2.18911461406188
1.0655,-1.22271646972958
1.066,-2.18029308381704
1.0665,1.23154072260837
1.067,2.18878588970485
1.0675,-1.22370264458324
1.068,-2.17996435826312
1.0685,1.23252689544423
1.069,2.18779971663412
1.0695,-1.22436009448655
1.07,-2.17930690715602
1.0705,1.23384179255864
1.071,2.18747099227733
1.0715,-1.22534626934283
1.072,-2.17864945604988
1.0725,1.23417051683723
1.073,2.1871422679206
1.0735,-1.22600371924789
1.074,-2.17864945604988
1.0745,1.23548541395152
1.075,2.18648481920731
1.0755,-1.22731861906009
1.076,-2.17799200494469
1.0765,1.23614286250863
1.077,2.18582737049426
1.0775,-1.22863351887509
1.078,-2.17700582828871
1.0785,1.23712903534426
1.079,2.18516992178145
1.0795,-1.22863351887509
1.08,-2.17700582828871
1.0805,1.23811520817984
1.081,2.18484119742514
1.0815,-1.23027714364777
1.082,-2.17634837718592
1.0825,1.23877265673686
1.083,2.18418374871269
1.0835,-1.23093459355806
1.084,-2.17601965163489
1.0845,1.24041627812933
1.085,2.18385502435655
1.0855,-1.23159204346905
1.086,-2.17503347498322
1.0865,1.24107372668628
1.087,2.18352630000047
1.0875,-1.23290694329313
1.088,-2.17404729833371
1.0885,1.24205989952166
1.089,2.1828688512885
1.0895,-1.23356439320622
1.09,-2.17437602388331
1.0905,1.24271734807856
1.091,2.18221140257676
1.0915,-1.23455056807717
1.092,-2.17371857278435
1.0925,1.24370352091387
1.093,2.18221140257676
1.0935,-1.23586546790755
1.094,-2.17306112168635
1.0945,1.24501841802754
1.095,2.18122522950959
1.0955,-1.23652291782379
1.096,-2.17273239613771
1.0965,1.24534714230595
1.097,2.18089650515399
1.0975,-1.23750909269947
1.098,-2.17174621949323
1.0985,1.24666203941952
1.099,2.17991033208753
1.0995,-1.23816654261746
1.1,-2.17174621949323
1.1005,1.24764821225465
1.101,2.17958160773217
1.1015,-1.23981016741551
1.102,-2.1707600428509
1.1025,1.24830566081138
1.103,2.17991033208753
1.1035,-1.24013889237564
1.104,-2.17043131730393
1.1045,1.24929183364643
1.105,2.17892415902161
1.1055,-1.24145379221794
1.106,-2.16944514066447
1.1065,1.24994928220311
1.107,2.17859543466642
1.1075,-1.24211124214014
1.108,-2.16977386621072
1.1085,1.2509354550381
1.109,2.17760926160121
1.1095,-1.24276869206304
1.11,-2.16845896402716
1.1105,1.25257907642965
1.111,2.17728053724626
1.1115,-1.24441231687338
1.112,-2.16780151293682
1.1125,1.25290780070795
1.113,2.17695181289136
1.1135,-1.24539849176168
1.114,-2.16780151293682
1.1145,1.25422269782109
1.115,2.17596563982703
1.1155,-1.24539849176168
1.116,-2.16714406184743
1.1165,1.25488014637764
1.117,2.17530819111777
1.1175,-1.24704211657904
1.118,-2.16582915967152
1.1185,1.25553759493417
1.119,2.17497946676323
1.1195,-1.24737084154304
1.12,-2.16615788521514
1.1205,1.25750994060365
1.121,2.17399329369996
1.1215,-1.2483570164361
1.122,-2.165171708585
1.1225,1.25750994060365
1.123,2.17366456934566
1.1235,-1.24934319133073
1.124,-2.16550043412815
1.1245,1.25849611343834
1.125,2.17366456934566
1.1255,-1.25032936622696
1.126,-2.16451425749944
1.1265,1.25948228627299
1.127,2.17300712063722
1.1275,-1.25164426609105
1.128,-2.16418553195701
1.1285,1.2598110105512
1.129,2.172020947575
1.1295,-1.25164426609105
1.13,-2.16352808087288
1.1305,1.26145463194218
1.131,2.17169222322105
1.1315,-1.25295916595796
1.132,-2.1628706297897
1.1325,1.26211208049855
1.133,2.17136349886715
1.1335,-1.25394534086
1.134,-2.16254190424847
1.1345,1.26309825333307
1.135,2.17004860145216
1.1355,-1.25460279079557
1.136,-2.16188445316673
1.1365,1.2637557018894
1.137,2.17004860145216
1.1375,-1.25591769066883
1.138,-2.16155572762621
1.1385,1.26441315044571
1.139,2.16971987709855
1.1395,-1.25657514060652
1.14,-2.16122700208593
1.1405,1.2657280475583
1.141,2.16873370403809
1.1415,-1.25756131551438
1.142,-2.16024082546653
1.1425,1.26704294467082
1.143,2.16873370403809
1.1435,-1.25854749042383
1.144,-2.15991209992721
1.1445,1.26770039322707
1.145,2.16807625533141
1.1455,-1.258876215394
1.146,-2.15925464884928
1.1465,1.2686865660614
1.147,2.16807625533141
1.1475,-1.26051984024749
1.148,-2.15892592331068
1.1485,1.26967273889571
1.149,2.16709008227183
1.1495,-1.26117729019013
1.15,-2.15793974669628
1.1505,1.27098763600808
1.151,2.16610390921277
1.1515,-1.26216346510541
1.152,-2.15761102115863
1.1525,1.27131636028616
1.153,2.16610390921277
1.1535,-1.26347836499492
1.154,-2.15695357008404
1.1545,1.27230253312039
1.155,2.16544646050702
1.1555,-1.26380708996775
1.156,-2.15695357008404
1.1565,1.27328870595459
1.157,2.1647890118015
1.1575,-1.2651219898608
1.158,-2.15596739347393
1.1585,1.27394615451071
1.159,2.16446028744883
1.1595,-1.26545071483451
1.16,-2.15530994240172
1.1605,1.27558977590096
1.161,2.16413156309622
1.1615,-1.26676561473111
1.162,-2.15498121686598
1.1625,1.275918500179
1.163,2.16380283874366
1.1635,-1.26775178965542
1.164,-2.15432376579519
1.1645,1.2769046730131
1.165,2.16248794133402
1.1655,-1.26840923960584
1.166,-2.15366631472537
1.1665,1.27789084584718
1.167,2.16215921698176
1.1675,-1.26972413950882
1.168,-2.15268013812241
1.1685,1.27887701868124
1.169,2.16215921698176
1.1695,-1.26972413950882
1.17,-2.15268013812241
1.1705,1.27986319151527
1.171,2.16117304392531
1.1715,-1.27169648936862
1.172,-2.15136523598846
1.1725,1.28084936434928
1.173,2.16084431957328
1.1735,-1.2723539393233
1.174,-2.15169396152159
1.1745,1.28150681290527
1.175,2.16018687086938
1.1755,-1.2730113892787
1.176,-2.15103651045557
1.1765,1.28216426146125
1.177,2.15952942216572
1.1775,-1.27399756421312
1.178,-2.15005033385832
1.1785,1.28315043429521
1.179,2.15887197346229
1.1795,-1.27498373914915
1.18,-2.15005033385832
1.1805,1.28479405568509
1.181,2.15854324911066
1.1815,-1.27596991408677
1.182,-2.14939288279467
1.1825,1.28512277996306
1.183,2.15788580040757
1.1835,-1.276956089026
1.184,-2.14906415726321
1.1845,1.28610895279695
1.185,2.15755707605611
1.1855,-1.27761353898637
1.186,-2.14840670620099
1.1865,1.28709512563083
1.187,2.15689962735337
1.1875,-1.27859971392827
1.188,-2.14774925513972
1.1885,1.28742384990878
1.189,2.1559134542997
1.1895,-1.27991461385329
1.19,-2.14742052960945
1.1905,1.28906747129852
1.191,2.15525600559753
1.1915,-1.28057206381686
1.192,-2.14676307854961
1.1925,1.28906747129852
1.193,2.15492728124653
1.1935,-1.28122951378115
1.194,-2.14610562749072
1.1945,1.29038236841027
1.195,2.15394110819389
1.1955,-1.28254441371187
1.196,-2.14577690196163
1.1965,1.29103981696614
1.197,2.15394110819389
1.1975,-1.2832018636783
1.198,-2.14446199984765
1.1985,1.29202598979992
1.199,2.15328365949241
1.1995,-1.28418803862929
1.2,-2.14479072537578
1.2005,1.29301216263369
1.201,2.15295493514176
1.2015,-1.28550293856643
1.202,-2.14446199984765
1.2025,1.29399833546745
1.203,2.15229748644063
1.2035,-1.28616038853607
1.204,-2.14413327431974
1.2045,1.29498450830119
1.205,2.15164003773972
1.2055,-1.28714656349187
1.206,-2.14314709773746
1.2065,1.29597068113492
1.207,2.15131131338936
1.2075,-1.28813273844928
1.208,-2.14216092115732
1.2085,1.29695685396863
1.209,2.1506538646888
1.2095,-1.28846146343544
1.21,-2.14216092115732
1.2105,1.29794302680233
1.211,2.14999641598846
1.2115,-1.28977636338187
1.212,-2.14084601905378
1.2125,1.29860047535812
1.213,2.14933896728836
1.2135,-1.29043381335615
1.214,-2.14084601905378
1.2145,1.29991537246969
1.215,2.14901024293839
1.2155,-1.29109126333115
1.216,-2.13985984247861
1.2165,1.30024409674758
1.217,2.14835279423863
1.2175,-1.292077438295
1.218,-2.13953111695403
1.2185,1.30155899385913
1.219,2.14736662118941
1.2195,-1.2933923382493
1.22,-2.13920239142969
1.2205,1.30287389097066
1.221,2.14802406988883
1.2215,-1.29404978822752
1.222,-2.13854494038171
1.2225,1.30353133952642
1.223,2.14703789683979
1.2235,-1.2950359631962
1.224,-2.13788748933468
1.2245,1.30451751236005
1.225,2.14605172379126
1.2255,-1.29602213816649
1.226,-2.13755876381153
1.2265,1.30484623663792
1.227,2.14605172379126
1.2275,-1.29667958814758
1.228,-2.13657258724347
1.2285,1.30616113374941
1.229,2.14539427509252
1.2295,-1.29799448811191
1.23,-2.13624386172126
1.2305,1.30747603086089
1.231,2.14440810204484
1.2315,-1.29898066308704
1.232,-2.13591513619929
1.2325,1.30780475513876
1.233,2.14440810204484
1.2335,-1.29963811307136
1.234,-2.13492895963478
1.2345,1.30846220369449
1.235,2.14342192899766
1.2355,-1.30062428804918
1.236,-2.13460023411376
1.2365,1.30944837652809
1.237,2.14342192899766
1.2375,-1.3012817380353
1.238,-2.1336140575521
1.2385,1.31043454936168
1.239,2.142435755951
1.2395,-1.30259663800968
1.24,-2.1336140575521
1.2405,1.31174944647313
1.241,2.14177830725351
1.2415,-1.30325408799795
1.242,-2.13295660651217
1.2425,1.31240689502885
1.243,2.14112085855624
1.2435,-1.3042402629817
1.244,-2.13262788099257
1.2445,1.31339306786243
1.245,2.1404634098592
1.2455,-1.30522643796707
1.246,-2.13164170443516
1.2465,1.314379240696
1.247,2.1404634098592
1.2475,-1.30588388795821
1.248,-2.13098425339808
1.2485,1.31470796497386
1.249,2.13980596116239
1.2495,-1.30654133795008
1.25,-2.13098425339808
1.2505,1.31635158636315
1.251,2.13881978811759
1.2515,-1.30785623793597
1.252,-2.12999807684423
1.2525,1.31700903491886
1.253,2.13881978811759
1.2535,-1.30917113792474
1.254,-2.13032680236194
1.2545,1.31799520775244
1.255,2.1378336150733
1.2555,-1.3098285879202
1.256,-2.1290119002925
1.2565,1.31898138058601
1.257,2.1378336150733
1.2575,-1.31048603791639
1.258,-2.1283544492592
1.2585,1.31963882914172
1.259,2.1365187176817
1.2595,-1.3111434879133
1.26,-2.1280257237429
1.2605,1.32029627769744
1.261,2.13586126898623
1.2615,-1.31245838790927
1.262,-2.12736827271102
1.2625,1.32128245053101
1.263,2.13586126898623
1.2635,-1.31377328790814
1.264,-2.12671082168007
1.2645,1.32259734764245
1.265,2.13487509594346
1.2655,-1.31377328790814
1.266,-2.12605337065008
1.2665,1.32325479619817
1.267,2.13454637159598
1.2675,-1.31541691291078
1.268,-2.12539591962103
1.2685,1.32424096903175
1.269,2.13421764724856
1.2695,-1.3160743629131
1.27,-2.12539591962103
1.2705,1.32522714186534
1.271,2.13323147420662
1.2715,-1.3173892629199
1.272,-2.12473846859292
1.2725,1.32588459042107
1.273,2.13290274985942
1.2735,-1.31771798792206
1.274,-2.12408101756576
1.2745,1.32687076325466
1.275,2.13224530116519
1.2755,-1.3187041629296
1.276,-2.12342356653954
1.2765,1.3275282118104
1.277,2.13191657681816
1.2775,-1.32001906294219
1.278,-2.12276611551427
1.2785,1.32818566036613
1.279,2.13093040377739
1.2795,-1.32067651294957
1.28,-2.12276611551427
1.2805,1.32917183319974
1.281,2.13060167943059
1.2815,-1.321662687962
1.282,-2.12177993897813
1.2825,1.33015800603336
1.283,2.13027295508383
1.2835,-1.32232013797119
1.284,-2.12145121346655
1.2845,1.33081545458911
1.285,2.12928678204391
1.2855,-1.3229775879811
1.286,-2.12079376244411
1.2865,1.33213035170062
1.287,2.12895805769738
1.2875,-1.32462121300905
1.288,-2.12013631142261
1.2885,1.33278780025638
1.289,2.12830060900448
1.2895,-1.32494993801519
1.29,-2.11980758591221
1.2905,1.33410269736791
1.291,2.12731443596556
1.2915,-1.32626483804154
1.292,-2.11947886040205
1.2925,1.33508887020157
1.293,2.12764316031181
1.2935,-1.3272510130632
1.294,-2.11849268387298
1.2945,1.33574631875735
1.295,2.1259995385811
1.2955,-1.32790846307855
1.296,-2.11816395836376
1.2965,1.33673249159103
1.297,2.1259995385811
1.2975,-1.32922336311143
1.298,-2.11750650734603
1.2985,1.33738994014682
1.299,2.12501336554334
1.2995,-1.33020953813799
1.3,-2.11717778183752
1.3005,1.33903356153633
1.301,2.12468464119753
1.3015,-1.33053826314721
1.302,-2.1161916053134
1.3025,1.33936228581424
1.303,2.12468464119753
1.3035,-1.33152443817595
1.304,-2.11553415429849
1.3045,1.34034845864796
1.305,2.12369846816044
1.3055,-1.33218188819602
1.306,-2.11487670328453
1.3065,1.34166335575962
1.307,2.12336974381485
1.3075,-1.33316806322749
1.308,-2.1145479777779
1.3085,1.34199208003754
1.309,2.12271229512384
1.3095,-1.33415423826059
1.31,-2.11389052676535
1.3105,1.34330697714923
1.311,2.12238357077842
1.3115,-1.33546913830728
1.312,-2.11356180125943
1.3125,1.34396442570508
1.313,2.12172612208774
1.3135,-1.33612658833171
1.314,-2.11290435024829
1.3145,1.34495059853888
1.315,2.12073994905213
1.3155,-1.3364553133442
1.316,-2.1122468992381
1.3165,1.34560804709475
1.317,2.12008250036201
1.3175,-1.33777021339598
1.318,-2.11093199722052
1.3185,1.34692294420652
1.319,2.11975377601703
1.3195,-1.33875638843673
1.32,-2.11060327171672
1.3205,1.34790911704037
1.321,2.11909632732723
1.3215,-1.3394138384648
1.322,-2.11027454621315
1.3225,1.34790911704037
1.323,2.11909632732723
1.3235,-1.34072873852314
1.324,-2.10994582070981
1.3245,1.3492240141522
1.325,2.11811015429294
1.3255,-1.34105746353818
1.326,-2.10928836970385
1.3265,1.34955273843016
1.327,2.11745270560369
1.3275,-1.34204363858439
1.328,-2.10863091869882
1.3285,1.35086763554203
1.329,2.11679525691466
1.3295,-1.34302981363225
1.33,-2.10830219319666
1.3305,1.35185380837595
1.331,2.11613780822585
1.3315,-1.34434471369861
1.332,-2.10764474219305
1.3325,1.35251125693192
1.333,2.11548035953726
1.3335,-1.34500216373288
1.334,-2.10698729119037
1.3345,1.35382615404387
1.335,2.11515163519305
1.3355,-1.34598833878566
1.336,-2.10665856568939
1.3365,1.35415487832187
1.337,2.11482291084889
1.3375,-1.3473032388586
1.338,-2.10600111468812
1.3385,1.35546977543387
1.339,2.11383673781674
1.3395,-1.34763196387729
1.34,-2.10567238918784
1.3405,1.3564559482679
1.341,2.11383673781674
1.3415,-1.34861813893445
1.342,-2.1046862126884
1.3425,1.35711339682393
1.343,2.11285056478509
1.3435,-1.34960431399327
1.344,-2.10435748718906
1.3445,1.35777084537998
1.345,2.11153566741031
1.3455,-1.35026176403339
1.346,-2.10370003619108
1.3465,1.3590857424921
1.347,2.11186439175392
1.3475,-1.35157666411583
1.348,-2.10271385969586
1.3485,1.36040063960427
1.349,2.11120694306675
1.3495,-1.35223411415815
1.35,-2.10304258519403
1.3505,1.36138681243842
1.351,2.11054949437979
1.3515,-1.35354901424499
1.352,-2.10172768320276
1.3525,1.36171553671648
1.353,2.1102207700364
1.3535,-1.3542064642895
1.354,-2.10107023220853
1.3545,1.36303043382874
1.355,2.10956332134977
1.3555,-1.35453518931204
1.356,-2.10107023220853
1.3565,1.36335915810682
1.357,2.10857714832023
1.3575,-1.355850089404
1.358,-2.10008405571895
1.3585,1.36467405521914
1.359,2.10824842397716
1.3595,-1.35617881442745
1.36,-2.09975533022289
1.3605,1.36566022805342
1.361,2.10726225094828
1.3615,-1.35782243954745
1.362,-2.09909787923147
1.3625,1.36631767660962
1.363,2.10726225094828
1.3635,-1.35847988959673
1.364,-2.09876915373612
1.3645,1.36730384944395
1.365,2.10627607791988
1.3655,-1.35913733964675
1.366,-2.09778297725145
1.3665,1.36829002227831
1.367,2.10627607791988
1.3675,-1.36012351472315
1.368,-2.09745425175703
1.3685,1.36894747083456
1.369,2.10528990489197
1.3695,-1.36110968980121
1.37,-2.0967968007689
1.3705,1.36993364366897
1.371,2.10463245620697
1.3715,-1.36275331493497
1.372,-2.09613934978169
1.3725,1.37124854078157
1.373,2.10430373186455
1.3735,-1.36308203996228
1.374,-2.09581062428845
1.3745,1.37157726505973
1.375,2.10331755883761
1.3755,-1.36373949001744
1.376,-2.09449572231779
1.3765,1.37256343789422
1.377,2.1029888344954
1.3775,-1.36505439012996
1.378,-2.09449572231779
1.3785,1.37387833500694
1.379,2.10266011015325
1.3795,-1.36571184018733
1.38,-2.09383827133387
1.3805,1.37453578356332
1.381,2.10200266146911
1.3815,-1.36636929024543
1.382,-2.09285209485973
1.3825,1.37552195639792
1.383,2.10167393712712
1.3835,-1.36669801527476
1.384,-2.09285209485973
1.3845,1.37683685351078
1.385,2.10134521278518
1.3855,-1.36801291539391
1.386,-2.09186591838771
1.3865,1.377165577789
1.387,2.10068776410147
1.3875,-1.36899909048521
1.388,-2.09087974191779
1.3885,1.3781517506237
1.389,2.1003590397597
1.3895,-1.369656540547
1.39,-2.09087974191779
1.3905,1.37946664773669
1.391,2.09970159107631
1.3915,-1.37097144067278
1.392,-2.08989356544997
1.3925,1.37979537201494
1.393,2.09904414239313
1.3935,-1.37195761576905
1.394,-2.08923611447259
1.3945,1.38176771768458
1.395,2.09805796936877
1.3955,-1.37228634080151
1.396,-2.08890738898425
1.3965,1.38209644196287
1.397,2.09772924502743
1.3975,-1.3732725159
1.398,-2.08792121252064
1.3985,1.38275389051946
1.399,2.0970717963449
1.3995,-1.37425869100015
1.4,-2.08792121252064
1.4005,1.38374006335437
1.401,2.0960856233215
1.4015,-1.37491614106784
1.402,-2.08726376154606
1.4025,1.38439751191101
1.403,2.09575689898047
1.4035,-1.37623104120543
1.404,-2.08660631057242
1.4045,1.38538368474599
1.405,2.09509945029858
1.4055,-1.37688849127533
1.406,-2.08562013411371
1.4065,1.38636985758102
1.407,2.0944420016169
1.4075,-1.37787466638157
1.408,-2.08562013411371
1.4085,1.38735603041609
1.409,2.09411327727614
1.4095,-1.37820339141736
1.41,-2.0846339576571
1.4105,1.3883422032512
1.411,2.09411327727614
1.4115,-1.37951829156234
1.412,-2.08430523217203
1.4125,1.38867092752958
1.413,2.09312710425419
1.4135,-1.38017574163594
1.414,-2.08364778120259
1.4145,1.39031454892156
1.415,2.09246965557315
1.4155,-1.38116191674773
1.416,-2.08266160475018
1.4165,1.39064327319997
1.417,2.09214093123271
1.4175,-1.38214809186119
1.418,-2.08233287926651
1.4185,1.39195817031366
1.419,2.0911547582117
1.4195,-1.38280554193775
1.42,-2.08233287926651
1.4205,1.39294434314898
1.421,2.0911547582117
1.4215,-1.38379171705398
1.422,-2.08101797733416
1.4225,1.39393051598434
1.423,2.09016858519118
1.4235,-1.38477789217188
1.424,-2.08101797733416
1.4245,1.39425924026281
1.425,2.08951113651109
1.4255,-1.38543534225141
1.426,-2.07970307540553
1.4265,1.39491668881976
1.427,2.08918241217113
1.4275,-1.38675024241268
1.428,-2.07904562444262
1.4285,1.39656031021222
1.429,2.08786751481181
1.4295,-1.38773641753559
1.43,-2.07871689896151
1.4305,1.39721775876925
1.431,2.08753879047211
1.4315,-1.38905131770206
1.432,-2.07838817348064
1.4325,1.39754648304777
1.433,2.08688134179287
1.4335,-1.38905131770206
1.434,-2.07740199703941
1.4345,1.39853265588336
1.435,2.08655261745333
1.4355,-1.39003749282886
1.436,-2.07674454607975
1.4365,1.399518828719
1.437,2.08622389311384
1.4375,-1.39102366795733
1.438,-2.07641582060028
1.4385,1.40050500155469
1.439,2.08458027141719
1.4395,-1.39168111804391
1.44,-2.07575836964202
1.4405,1.40116245011185
1.441,2.08458027141719
1.4415,-1.39299601821929
1.442,-2.07477219320638
1.4425,1.40247734722623
1.443,2.0839228227389
1.4435,-1.3933247432636
1.444,-2.07477219320638
1.4445,1.40313479578346
1.445,2.08326537406082
1.4455,-1.39398219335278
1.446,-2.07345729129545
1.4465,1.40379224434071
1.447,2.08260792538295
1.4475,-1.39595454362478
1.448,-2.07378601677283
1.4485,1.40477841717663
1.449,2.08162175236654
1.4495,-1.39628326867076
1.45,-2.0731285658183
1.4505,1.4057645900126
1.451,2.08162175236654
1.4515,-1.39726944380983
1.452,-2.07214238938824
1.4525,1.40642203856994
1.453,2.08096430368919
1.4535,-1.39792689390348
1.454,-2.07181366391202
1.4545,1.40806565996341
1.455,2.08030685501205
1.4555,-1.399241794093
1.456,-2.07115621296027
1.4565,1.40806565996341
1.457,2.08030685501205
1.4575,-1.4002279692371
1.458,-2.07082748748475
1.4585,1.4093805570783
1.459,2.07932068199674
1.4595,-1.40088541933409
1.46,-2.06984131105957
1.4605,1.41003800563578
1.461,2.07866323332013
1.4615,-1.40187159448099
1.462,-2.06885513463648
1.4625,1.41102417847205
1.463,2.07800578464372
1.4635,-1.40252904457985
1.464,-2.06885513463648
1.4645,1.41201035130838
1.465,2.0770196116295
1.4655,-1.40318649467946
1.466,-2.06786895821548
1.4665,1.41332524842357
1.467,2.0770196116295
1.4675,-1.40450139488091
1.468,-2.06721150726931
1.4685,1.41398269698121
1.469,2.07669088729153
1.4695,-1.40483011993174
1.47,-2.06721150726931
1.4705,1.41496886981771
1.471,2.07603343861575
1.4715,-1.40647374518869
1.472,-2.06655405632407
1.4725,1.41529759409656
1.473,2.07537598994018
1.4735,-1.40680247024064
1.474,-2.06622533085179
1.4745,1.41661249121201
1.475,2.07471854126481
1.4755,-1.40745992034511
1.476,-2.06491042896502
1.4765,1.41726993976978
1.477,2.07406109258966
1.4775,-1.40877482055627
1.478,-2.06425297802302
1.4785,1.41858483688541
1.479,2.07340364391471
1.4795,-1.40910354560953
1.48,-2.06392425255237
1.4805,1.41891356116433
1.481,2.07274619523996
1.4815,-1.41074717087863
1.482,-2.06326680161177
1.4825,1.41957100972219
1.483,2.07208874656543
1.4835,-1.41074717087863
1.484,-2.06260935067209
1.4845,1.42088590683801
1.485,2.0714312978911
1.4855,-1.41206207109728
1.486,-2.06162317426432
1.4865,1.42187207967495
1.487,2.07110257355401
1.4875,-1.41271952120772
1.488,-2.06129444879552
1.4885,1.42252952823294
1.489,2.07011640054306
1.4895,-1.4137056963748
1.49,-2.06129444879552
1.4905,1.42351570106998
1.491,2.06945895186935
1.4915,-1.41469187154356
1.492,-2.05997954692266
1.4925,1.42417314962805
1.493,2.06880150319585
1.4935,-1.415349321657
1.494,-2.05965082145502
1.4945,1.42548804674427
1.495,2.06814405452255
1.4955,-1.41600677177119
1.496,-2.05932209598762
1.4965,1.42614549530242
1.497,2.06814405452255
1.4975,-1.41732167200183
1.498,-2.05800719412031
1.4985,1.4268029438606
1.499,2.06748660584946
1.4995,-1.41797912211827
1.5,-2.05767846865406
1.5005,1.42811784097706
1.501,2.0661717085039
1.5015,-1.41929402235341
1.502,-2.05702101772226
1.5025,1.42844656525619
1.503,2.0661717085039
1.5035,-1.41962274741266
1.504,-2.05669229225671
1.5045,1.4297614623728
1.505,2.06518553549526
1.5055,-1.42060892259155
1.506,-2.05636356679139
1.5065,1.43041891093115
1.507,2.06485681115915
1.5075,-1.42126637271174
1.508,-2.05537739039681
1.5085,1.43107635948953
1.509,2.06387063815113
1.5095,-1.42225254789345
1.51,-2.05471993946825
1.5105,1.43206253232716
1.511,2.06321318947938
1.5115,-1.42356744813835
1.512,-2.05406248854061
1.5125,1.43271998088562
1.513,2.06354191381523
1.5135,-1.42422489826193
1.514,-2.05373376307714
1.5145,1.43403487800264
1.515,2.06255574080782
1.5155,-1.4252110734487
1.516,-2.0534050376139
1.5165,1.43403487800264
1.517,2.06189829213647
1.5175,-1.42652597370037
1.518,-2.05241886122556
1.5185,1.43534977511978
1.519,2.06058339479439
1.5195,-1.42685469876376
1.52,-2.05209013576324
1.5205,1.43666467223705
1.521,2.06025467045899
1.5215,-1.42784087395506
1.522,-2.05143268483931
1.5225,1.43699339651638
1.523,2.05992594612365
1.5235,-1.42882704914804
1.524,-2.05110395937768
1.5245,1.43830829363382
1.525,2.05893977311793
1.5255,-1.42915577421275
1.526,-2.0501177829942
1.5265,1.43896574219258
1.527,2.05861104878279
1.5275,-1.4307993995391
1.528,-2.04946033207303
1.5285,1.43962319075138
1.529,2.05795360011266
1.5295,-1.43145684967096
1.53,-2.04880288115279
1.5305,1.44093808786908
1.531,2.05729615144274
1.5315,-1.43211429980358
1.532,-2.04781670477415
1.5325,1.44192426070745
1.533,2.05696742710785
1.5335,-1.43310047500392
1.534,-2.04748797931507
1.5345,1.4425817092664
1.535,2.0559812541035
1.5355,-1.43408665020595
1.536,-2.04748797931507
1.5365,1.44323915782538
1.537,2.05532380543418
1.5375,-1.43507282540968
1.538,-2.0465018029392
1.5385,1.4438966063844
1.539,2.05466635676507
1.5395,-1.43573027554645
1.54,-2.0465018029392
1.5405,1.444882779223
1.541,2.05433763243059
1.5415,-1.43671645075301
1.542,-2.04485817565071
1.5425,1.44554022778211
1.543,2.05368018376178
1.5435,-1.43737390089167
1.544,-2.0445294501937
1.5445,1.44652640062083
1.545,2.05302273509317
1.5455,-1.43803135103107
1.546,-2.0445294501937
1.5465,1.44718384918003
1.547,2.05170783775656
1.5475,-1.43967497638291
1.548,-2.04354327382406
1.5485,1.44849874629852
1.549,2.05137911342253
1.5495,-1.44000370145384
1.55,-2.04288582291212
1.5505,1.44915619485783
1.551,2.05105038908856
1.5515,-1.44098987666777
1.552,-2.0422283720011
1.5525,1.45014236769685
1.553,2.05072166475463
1.5535,-1.44230477695567
1.554,-2.04157092109101
1.5545,1.45145726481567
1.555,2.04973549175315
1.5555,-1.44263350202811
1.556,-2.04091347018183
1.5565,1.45211471337513
1.557,2.04907804308575
1.5575,-1.44427712739319
1.558,-2.04025601927358
1.5585,1.45277216193464
1.559,2.04874931875213
1.5595,-1.44460585246677
1.56,-2.03959856836624
1.5605,1.45375833477396
1.561,2.04776314575155
1.5615,-1.44559202768865
1.562,-2.03894111745983
1.5625,1.45441578333356
1.563,2.04743442141813
1.5635,-1.44657820291224
1.564,-2.03894111745983
1.5645,1.45540195617302
1.565,2.04677697275143
1.5655,-1.44690692798715
1.566,-2.03795494110194
1.5665,1.45605940473271
1.567,2.04644824841815
1.5675,-1.44789310321302
1.568,-2.03729749019783
1.5685,1.45704557757232
1.569,2.04546207541863
1.5695,-1.44887927844059
1.57,-2.03696876474612
1.5705,1.45803175041201
1.571,2.04513335108555
1.5715,-1.44986545366987
1.572,-2.03565386294158
1.5725,1.45868919897185
1.573,2.04480462675253
1.5735,-1.45052290382367
1.574,-2.03631131384339
1.5745,1.45967537181169
1.575,2.04381845375375
1.5755,-1.45118035397823
1.576,-2.03466768659059
1.5765,1.46066154465161
1.577,2.04316100508815
1.5775,-1.45249525428963
1.578,-2.03466768659059
1.5785,1.46197644177165
1.579,2.04283228075542
1.5795,-1.45315270444647
1.58,-2.03368151024166
1.5805,1.46296261461178
1.581,2.04217483209012
1.5815,-1.45381015460407
1.582,-2.03269533389481
1.5825,1.46329133889184
1.583,2.04184610775754
1.5835,-1.45512505492155
1.584,-2.03236660844632
1.5845,1.4646062360122
1.585,2.04085993476011
1.5855,-1.45545378000139
1.586,-2.03138043210222
1.5865,1.46526368457243
1.587,2.0402024860954
1.5875,-1.45643995524207
1.588,-2.0307229812073
1.5885,1.46624985741286
1.589,2.03921631309871
1.5895,-1.45742613048446
1.59,-2.0300655303133
1.5905,1.46723603025339
1.591,2.03888758876658
1.5915,-1.45841230572856
1.592,-2.02973680486665
1.5925,1.46789347881379
1.593,2.03888758876658
1.5935,-1.45906975589225
1.594,-2.02940807942022
1.5945,1.46855092737423
1.595,2.03724396710667
1.5955,-1.4603846562219
1.596,-2.02875062852806
1.5965,1.46953710021497
1.597,2.03757269143855
1.5975,-1.46104210638787
1.598,-2.02776445219154
1.5985,1.46986582449524
1.599,2.03625779411131
1.5995,-1.46169955655461
1.6,-2.02743572674649
1.6005,1.47118072161641
1.601,2.03625779411131
1.6015,-1.46268573180614
1.602,-2.02644955041272
1.6025,1.4721668944574
1.603,2.03560034544799
1.6035,-1.46334318197478
1.604,-2.02612082496859
1.6045,1.47282434301812
1.605,2.03494289678486
1.6055,-1.46400063214418
1.606,-2.02513464863757
1.6065,1.47381051585927
1.607,2.03395672379054
1.6075,-1.46531553248527
1.608,-2.02480592319436
1.6085,1.47479668870052
1.609,2.0332992751279
1.6095,-1.46597298265696
1.61,-2.02414847230861
1.6105,1.4754541372614
1.611,2.03264182646546
1.6115,-1.46695915791593
1.612,-2.02349102142379
1.6125,1.47644031010281
1.613,2.03264182646546
1.6135,-1.46761660808954
1.614,-2.02349102142379
1.6145,1.47742648294432
1.615,2.03165565347217
1.6155,-1.46860278335137
1.616,-2.02250484509827
1.6165,1.47808393150538
1.617,2.03132692914117
1.6175,-1.46958895861492
1.618,-2.02184739421574
1.6185,1.47939882862763
1.619,2.03034075614847
1.6195,-1.47024640879158
1.62,-2.02118994333412
1.6205,1.48038500146943
1.621,2.02968330748691
1.6215,-1.471232584058
1.622,-2.02020376701341
1.6225,1.48071372575006
1.623,2.02902585882554
1.6235,-1.47221875932614
1.624,-2.02020376701341
1.6245,1.48202862287266
1.625,2.02836841016438
1.6255,-1.47320493459601
1.626,-2.01921759069476
1.6265,1.48268607143403
1.627,2.02803968583387
1.6275,-1.47386238477687
1.628,-2.01856013981681
1.6285,1.48301479571474
1.629,2.02705351284262
1.6295,-1.47484856004961
1.63,-2.01823141437817
1.6305,1.48400096855691
1.631,2.02672478851231
1.6315,-1.47550601023239
1.632,-2.01757396350159
1.6325,1.48498714139919
1.633,2.02606733985182
1.6335,-1.47649218550799
1.634,-2.01625906175117
1.6345,1.48597331424157
1.635,2.02540989119153
1.6355,-1.47682091060025
1.636,-2.01593033631413
1.6365,1.48695948708406
1.637,2.02475244253143
1.6375,-1.47846453606438
1.638,-2.01560161087733
1.6385,1.48728821136491
1.639,2.02409499387153
1.6395,-1.47879326115778
1.64,-2.0149441600044
1.6405,1.48827438420753
1.641,2.02376626954165
1.6415,-1.47977943643914
1.642,-2.01428670913239
1.6425,1.48926055705026
1.643,2.02310882088203
1.6435,-1.48043688662767
1.644,-2.01362925826129
1.6445,1.49057545417407
1.645,2.02245137222261
1.6455,-1.48142306191191
1.646,-2.01297180739111
1.6465,1.49090417845505
1.647,2.02212264789298
1.6475,-1.48208051210236
1.648,-2.01198563108755
1.6485,1.49189035129806
1.649,2.02080775057491
1.6495,-1.48273796229358
1.65,-2.01165690565349
1.6505,1.49287652414118
1.651,2.02047902624551
1.6515,-1.48438158777498
1.652,-2.01067072935266
1.6525,1.49353397270333
1.653,2.01949285325761
1.6535,-1.48438158777498
1.654,-2.01034200391951
1.6545,1.49452014554663
1.655,2.01883540459925
1.6555,-1.48536776306613
1.656,-2.00935582762143
1.6565,1.49484886982775
1.657,2.01883540459925
1.6575,-1.48701138855522
1.658,-2.00869837675718
1.6585,1.49616376695237
1.659,2.01752050728311
1.6595,-1.48701138855522
1.66,-2.00804092589384
1.6605,1.49747866407719
1.661,2.01752050728311
1.6615,-1.48832628894996
1.662,-2.00804092589384
1.6625,1.49813611263967
1.663,2.01686305862533
1.6635,-1.48898373914848
1.664,-2.00639729873949
1.6645,1.49945100976479
1.665,2.01587688563901
1.6655,-1.4899699144477
1.666,-2.00606857330931
1.6665,1.49945100976479
1.667,2.01587688563901
1.6675,-1.49095608974866
1.668,-2.00541112244962
1.6685,1.50043718260875
1.669,2.01390453966767
1.6695,-1.49161353995027
1.67,-2.00508239702012
1.6705,1.50142335545283
1.671,2.01390453966767
1.6715,-1.49259971525411
1.672,-2.0044249461618
1.6725,1.50208080401561
1.673,2.01324709101094
1.6735,-1.49325716545764
1.674,-2.00376749530439
1.6745,1.50306697685988
1.675,2.01291836668265
1.6755,-1.49457206586701
1.676,-2.00311004444789
1.6765,1.50372442542279
1.677,2.01226091802621
1.6775,-1.49522951607286
1.678,-2.00278131901998
1.6785,1.50471059826725
1.679,2.0112747450419
1.6795,-1.49621569138307
1.68,-2.00179514273762
1.6805,1.50536804683028
1.681,2.01094602071389
1.6815,-1.49621569138307
1.682,-2.00146641731062
1.6825,1.50602549539337
1.683,2.01061729638593
1.6835,-1.49753059179938
1.684,-2.00080896645731
1.6845,1.50766911680132
1.685,2.00897367474684
1.6855,-1.49851676711365
1.686,-1.99949406475342
1.6865,1.50799784108295
1.687,2.00897367474684
1.6875,-1.49950294242965
1.688,-1.99916533932802
1.6885,1.50898401392791
1.689,2.00831622609153
1.6895,-1.50016039264128
1.69,-1.99883661390284
1.6905,1.50997018677299
1.691,2.00733005310893
1.6915,-1.50147529306687
1.692,-1.99785043762867
1.6925,1.51029891105471
1.693,2.0066726044541
1.6935,-1.50213274328082
1.694,-1.9975217122044
1.6945,1.51161380818173
1.695,2.00601515579946
1.6955,-1.5031189186032
1.696,-1.9975217122044
1.6965,1.51194253246351
1.697,2.00568643147221
1.6975,-1.50377636881909
1.698,-1.99653553593296
1.6985,1.51292870530895
1.699,2.00502898281785
1.6995,-1.50443381903575
1.7,-1.99554935966357
1.7005,1.51391487815451
1.701,2.0037140855097
1.7015,-1.50574871947139
1.702,-1.99522063424089
1.7025,1.51457232671828
1.703,2.0037140855097
1.7035,-1.50673489480015
1.704,-1.99456318339622
1.7045,1.51588722384599
1.705,2.00272791252908
1.7055,-1.5073923450203
1.706,-1.99423445797423
1.7065,1.51621594812796
1.707,2.0023991882023
1.7075,-1.50804979524122
1.708,-1.9932482817096
1.7085,1.51753084525594
1.709,2.00174173954888
1.7095,-1.50903597057405
1.71,-1.99259083086765
1.7105,1.51818829382001
1.711,2.00075556656911
1.7115,-1.50969342079691
1.712,-1.99193338002662
1.7125,1.51884574238414
1.713,2.00009811791616
1.7135,-1.51067959613265
1.714,-1.99127592918648
1.7145,1.51983191523043
1.715,1.99976939358975
1.7155,-1.51199449658302
1.716,-1.99094720376676
1.7165,1.52081808807685
1.717,1.9984544962846
1.7175,-1.51265194680937
1.718,-1.99028975292799
1.7185,1.5214755366412
1.719,1.9984544962846
1.7195,-1.51298067192284
1.72,-1.98963230209013
1.7205,1.52213298520561
1.721,1.99812577195843
1.7215,-1.51429557237864
1.722,-1.98897485125317
1.7225,1.52311915805232
1.723,1.9971395989802
1.7235,-1.51495302260771
1.724,-1.98831740041712
1.7245,1.52410533089916
1.725,1.99615342600239
1.7255,-1.51561047283755
1.726,-1.98765994958198
1.7265,1.52509150374613
1.727,1.99582470167654
1.7275,-1.51659664818377
1.728,-1.98700249874774
1.7285,1.52607767659323
1.729,1.99483852869929
1.7295,-1.51725409841556
1.73,-1.98601632249809
1.7305,1.52706384944045
1.731,1.99450980437363
1.7315,-1.5182402737647
1.732,-1.98503014625047
1.7325,1.52739257372289
1.733,1.99418108004802
1.7335,-1.51889772399843
1.734,-1.98535887166612
1.7345,1.52837874657029
1.735,1.99319490707146
1.7355,-1.51988389935049
1.736,-1.9840439700049
1.7365,1.52870747085278
1.737,1.99286618274603
1.7375,-1.52054134958616
1.738,-1.98338651917565
1.7385,1.5300223679829
1.739,1.99188000977003
1.7395,-1.52119879982262
1.74,-1.98240034293346
1.7405,1.53100854083065
1.741,1.99188000977003
1.7415,-1.52251370029787
1.742,-1.98207161751986
1.7425,1.53133726511326
1.743,1.99089383679444
1.7435,-1.52317115053666
1.744,-1.98174289210648
1.7445,1.53232343796118
1.745,1.98990766381927
1.7455,-1.52349987565635
1.746,-1.98042799045521
1.7465,1.53330961080923
1.747,1.98957893949431
1.7475,-1.52481477613705
1.748,-1.98042799045521
1.7485,1.53429578365742
1.749,1.98859276651969
1.7495,-1.52580095149962
1.75,-1.98009926504296
1.7505,1.53561068078854
1.751,1.98826404219491
1.7515,-1.52678712686395
1.752,-1.97878436339622
1.7525,1.53561068078854
1.753,1.98760659354548
1.7535,-1.52744457710781
1.754,-1.97812691257421
1.7545,1.53692557791991
1.755,1.98694914489624
1.7555,-1.52843075247506
1.756,-1.9774694617531
1.7565,1.53692557791991
1.757,1.98629169624719
1.7575,-1.52908820272087
1.758,-1.97681201093289
1.7585,1.53824047505151
1.759,1.98530552327395
1.7595,-1.53007437809105
1.76,-1.97648328552313
1.7605,1.53922664790037
1.761,1.98464807462535
1.7615,-1.53106055346299
1.762,-1.97582583470428
1.7625,1.53988409646635
1.763,1.98431935030112
1.7635,-1.53138927858736
1.764,-1.97549710929519
1.7645,1.54087026931544
1.765,1.9833331773287
1.7655,-1.53270417908679
1.766,-1.97451093306928
1.7665,1.54185644216467
1.767,1.98300445300465
1.7675,-1.53369035446342
1.768,-1.97385348225314
1.7685,1.5425138907309
1.769,1.98234700435669
1.7695,-1.53401907958935
1.77,-1.9731960314379
1.7705,1.54350006358035
1.771,1.98103210706132
1.7715,-1.53533398009504
1.772,-1.97253858062357
1.7725,1.54415751214674
1.773,1.98103210706132
1.7735,-1.53599143034906
1.774,-1.97188112981013
1.7745,1.54514368499643
1.775,1.98004593409027
1.7755,-1.53632015547636
1.776,-1.9712236789976
1.7765,1.54580113356296
1.777,1.97938848544313
1.7775,-1.53763505598753
1.778,-1.9702375027805
1.7785,1.54645858212956
1.779,1.97873103679617
1.7795,-1.53829250624429
1.78,-1.9702375027805
1.7805,1.54777347926295
1.781,1.9780735881494
1.7815,-1.5392786816309
1.782,-1.96925132656542
1.7825,1.54843092782974
1.783,1.97774486382608
1.7835,-1.53993613188962
1.784,-1.96892260116085
1.7845,1.54974582496351
1.785,1.97675869085639
1.7855,-1.5412510324094
1.786,-1.96793642494847
1.7865,1.55007454924699
1.787,1.97610124221015
1.7875,-1.54190848267047
1.788,-1.96695024873813
1.7885,1.55073199781401
1.789,1.9754437935641
1.7895,-1.54256593293233
1.79,-1.96695024873813
1.7905,1.55204689494822
1.791,1.97478634491823
1.7915,-1.54355210832658
1.792,-1.96596407252981
1.7925,1.55237561923182
1.793,1.97412889627253
1.7935,-1.54420955859039
1.794,-1.96563534712749
1.7945,1.55336179208269
1.795,1.97347144762702
1.7955,-1.54519573398759
1.796,-1.9653066217254
1.7965,1.55336179208269
1.797,1.97314272330433
1.7975,-1.54618190938655
1.798,-1.96432044552046
1.7985,1.55467668921743
1.799,1.97215655033653
1.7995,-1.54651063451993
1.8,-1.96333426931754
1.8005,1.55566286206864
1.801,1.97117037736914
1.8015,-1.54815426018978
1.802,-1.96267681851672
1.8025,1.55599158635242
1.803,1.97117037736914
1.8035,-1.54848298532434
1.804,-1.9620193677168
1.8045,1.55730648348767
1.805,1.97018420440215
1.8055,-1.54946916072919
1.806,-1.96169064231718
1.8065,1.55796393205539
1.807,1.96985548007991
1.8075,-1.55012661100008
1.808,-1.96070446611967
1.8085,1.55927882919104
1.809,1.96886930711346
1.8095,-1.55144151154421
1.81,-1.96070446611967
1.8105,1.55993627775896
1.811,1.96821185846938
1.8115,-1.55177023668074
1.812,-1.9590608391283
1.8125,1.56059372632695
1.813,1.96788313414741
1.8135,-1.55308513722881
1.814,-1.9587321137307
1.8145,1.56092245061097
1.815,1.96689696118176
1.8155,-1.55308513722881
1.816,-1.95774593753925
1.8165,1.56223734774722
1.817,1.96623951253821
1.8175,-1.55472876291832
1.818,-1.95741721214255
1.8185,1.56322352059958
1.819,1.96525333957323
1.8195,-1.5553862131955
1.82,-1.95675976134983
1.8205,1.56420969345209
1.821,1.96525333957323
1.8215,-1.55637238861276
1.822,-1.956102310558
1.8225,1.56486714202052
1.823,1.96459589093013
1.8235,-1.55702983889191
1.824,-1.95577358516242
1.8245,1.56585331487328
1.825,1.96360971796581
1.8255,-1.55768728917186
1.826,-1.95445868358235
1.8265,1.56618203915757
1.827,1.96328099364446
1.8275,-1.55867346459325
1.828,-1.95380123279367
1.8285,1.56716821201054
1.829,1.9619660963595
1.8295,-1.55933091487517
1.83,-1.95347250739966
1.8305,1.56848310914808
1.831,1.96130864771729
1.8315,-1.56031709029952
1.832,-1.95281505661232
1.8325,1.5688118334325
1.833,1.96097992339625
1.8335,-1.56097454058341
1.834,-1.95281505661232
1.8345,1.56979800628588
1.835,1.9603224747543
1.8355,-1.56196071601072
1.836,-1.95150015504033
1.8365,1.57078417913942
1.837,1.95966502611253
1.8375,-1.56294689143981
1.838,-1.95018525347193
1.8385,1.57177035199312
1.839,1.95900757747093
1.8395,-1.56360434172686
1.84,-1.95018525347193
1.8405,1.57275652484697
1.841,1.95835012882951
1.8415,-1.56459051715891
1.842,-1.94952780268907
1.8425,1.57308524913162
1.843,1.95802140450886
1.8435,-1.56491924230333
1.844,-1.94887035190711
1.8445,1.5744001462704
1.845,1.9573639558677
1.8455,-1.56623414288296
1.846,-1.94788417573584
1.8465,1.57472887055514
1.847,1.95670650722672
1.8475,-1.56689159317396
1.848,-1.94722672495612
1.8485,1.57571504340947
1.849,1.95604905858591
1.8495,-1.56722031831975
1.85,-1.9465692741773
1.8505,1.57670121626395
1.851,1.95539160994528
1.8515,-1.56787776861194
1.852,-1.94624054878822
1.8525,1.57768738911859
1.853,1.95473416130483
1.8535,-1.56886394405171
1.854,-1.94525437262233
1.8545,1.57834483768844
1.855,1.95407671266454
1.8555,-1.56985011949326
1.856,-1.94525437262233
1.8565,1.57900228625837
1.857,1.95341926402443
1.8575,-1.57050756978861
1.858,-1.94361074568366
1.8585,1.57998845911339
1.859,1.9527618153845
1.8595,-1.57149374523313
1.86,-1.94393947107094
1.8605,1.58097463196857
1.861,1.95210436674474
1.8615,-1.57215119553046
1.862,-1.94229584413674
1.8625,1.58130335625366
1.863,1.95177564242493
1.8635,-1.57280864582859
1.864,-1.94163839336463
1.8645,1.58294697767942
1.865,1.95078946946575
1.8655,-1.57379482127727
1.866,-1.9413096679789
1.8665,1.58360442624985
1.867,1.95013202082651
1.8675,-1.57510972187829
1.868,-1.94032349182308
1.8685,1.58426187482035
1.869,1.94914584786798
1.8695,-1.57543844702904
1.87,-1.93966604105364
1.8705,1.58524804767624
1.871,1.94848839922917
1.8715,-1.57675334763402
1.872,-1.9390085902851
1.8725,1.58557677196157
1.873,1.94815967490983
1.8735,-1.5774107979377
1.874,-1.93835113951745
1.8745,1.58656294481768
1.875,1.94750222627129
1.8755,-1.57773952308984
1.876,-1.9376936887507
1.8765,1.58754911767396
1.877,1.94684477763292
1.8775,-1.57872569854745
1.878,-1.93703623798484
1.8785,1.5885352905304
1.879,1.94585860467568
1.8795,-1.57938314885351
1.88,-1.93670751260224
1.8805,1.58886401481592
1.881,1.94487243171884
1.8815,-1.58102677462215
1.882,-1.93572133645579
1.8825,1.58952146338701
1.883,1.94421498308115
1.8835,-1.58135549977647
1.884,-1.93539261107409
1.8845,1.59083636052942
1.885,1.94355753444364
1.8855,-1.58201295008572
1.886,-1.93440643493032
1.8865,1.59149380910073
1.887,1.9429000858063
1.8875,-1.58332785070659
1.888,-1.93342025878855
1.8885,1.59182253338642
1.889,1.94224263716913
1.8895,-1.58365657586231
1.89,-1.93342025878855
1.8905,1.59313743052935
1.891,1.94158518853214
1.8915,-1.58464275133065
1.892,-1.93210535726932
1.8925,1.59346615481513
1.893,1.94092773989531
1.8935,-1.58530020164387
1.894,-1.93177663189007
1.8945,1.59478105195844
1.895,1.93994156694039
1.8955,-1.58562892680078
1.896,-1.93079045575365
1.8965,1.59543850053021
1.897,1.93928411830399
1.8975,-1.58727255258832
1.898,-1.93013300499715
1.8985,1.59642467338801
1.899,1.93895539398586
1.8995,-1.58825872806323
1.9,-1.93013300499715
1.9005,1.59708212195997
1.901,1.93862666966777
1.9015,-1.58891617838083
1.902,-1.92914682886408
1.9025,1.597739570532
1.903,1.93731177239582
1.9035,-1.58957362869923
1.904,-1.92848937810981
1.9045,1.59905446767631
1.905,1.93632559944231
1.9055,-1.59023107901843
1.906,-1.92783192735643
1.9065,1.59938319196243
1.907,1.93632559944231
1.9075,-1.59187470481992
1.908,-1.92717447660394
1.9085,1.60069808910712
1.909,1.93533942648918
1.9095,-1.59220342998081
1.91,-1.92651702585234
1.9105,1.60135553767958
1.911,1.93501070217155
1.9115,-1.59351833062639
1.912,-1.92585957510163
1.9125,1.60201298625212
1.913,1.93435325353643
1.9135,-1.59351833062639
1.914,-1.92520212435181
1.9145,1.60332788339743
1.915,1.93369580490147
1.9155,-1.59483323127517
1.916,-1.92421594822875
1.9165,1.60365660768381
1.917,1.93303835626669
1.9175,-1.59549068160075
1.918,-1.92355849748115
1.9185,1.60497150482952
1.919,1.93205218331482
1.9195,-1.59680558225432
1.92,-1.92322977210768
1.9205,1.60530022911599
1.921,1.93139473468046
1.9215,-1.59713430741821
1.922,-1.92257232136142
1.9225,1.60628640197553
1.923,1.93106601036334
1.9235,-1.5974630325823
1.924,-1.92158614524369
1.9245,1.60727257483526
1.925,1.93007983741223
1.9255,-1.59877793324066
1.926,-1.92092869449965
1.9265,1.6079300234085
1.927,1.92975111309528
1.9275,-1.59910665840575
1.928,-1.92059996912796
1.9285,1.60891619626853
1.929,1.92909366446151
1.9295,-1.60009283390223
1.93,-1.91961379301423
1.9305,1.60957364484197
1.931,1.9284362158279
1.9315,-1.6010790094005
1.932,-1.91829889153236
1.9325,1.6102310934155
1.933,1.92777876719446
1.9335,-1.60173645973368
1.934,-1.9186276169025
1.9345,1.61121726627594
1.935,1.92679259424461
1.9355,-1.60272263523496
1.936,-1.91731271542329
1.9365,1.61154599056279
1.937,1.92613514561159
1.9375,-1.60403753590613
1.938,-1.91632653931622
1.9385,1.61286088771041
1.939,1.92547769697873
1.9395,-1.60403753590613
1.94,-1.91665526468502
1.9405,1.61417578485835
1.941,1.92514897266236
1.9415,-1.6053524365805
1.942,-1.91534036321114
1.9425,1.61450450914539
1.943,1.92416279971352
1.9435,-1.6056811617496
1.944,-1.91501163784322
1.9445,1.61516195771952
1.945,1.92350535108116
1.9455,-1.60666733725809
1.946,-1.9140254617408
1.9465,1.61581940629373
1.947,1.92284790244897
1.9475,-1.60798223793888
1.948,-1.91336801100697
1.9485,1.61713430344241
1.949,1.92251917813294
1.9495,-1.60831096310958
1.95,-1.91271056027402
1.9505,1.61779175201687
1.951,1.92120428086922
1.9515,-1.60995458896608
1.952,-1.91238183490787
1.9525,1.61844920059141
1.953,1.92120428086922
1.9535,-1.61028331413799
1.954,-1.91172438417625
1.9545,1.61943537345338
1.955,1.91956065929051
1.9555,-1.6109407644824
1.956,-1.91040948271566
1.9565,1.62009282202813
1.957,1.91956065929051
1.9575,-1.61192694000052
1.958,-1.91008075735107
1.9585,1.62042154631554
1.959,1.91857448634377
1.9595,-1.61258439034694
1.96,-1.90909458125862
1.9605,1.62206516775288
1.961,1.91824576202828
1.9615,-1.61389929104218
1.962,-1.90876585589491
1.9625,1.62239389204041
1.963,1.91758831339741
1.9635,-1.6142280162165
1.964,-1.90843713053142
1.9645,1.62403751347838
1.965,1.91660214045142
1.9655,-1.61521419174065
1.966,-1.90745095444229
1.9665,1.62436623776603
1.967,1.91627341613617
1.9675,-1.61620036726661
1.968,-1.90646477835514
1.9685,1.62502368634141
1.969,1.91495851887558
1.9695,-1.61620036726661
1.97,-1.90580732763149
1.9705,1.62633858349241
1.971,1.91430107024554
1.9715,-1.6175152679707
1.972,-1.90547860226999
1.9725,1.62600985920463
1.973,1.91397234593057
1.9735,-1.61817271832396
1.974,-1.90482115154766
1.9745,1.62699603206804
1.975,1.91298617298593
1.9755,-1.61948761903288
1.976,-1.90350625010565
1.9765,1.62831092921956
1.977,1.91265744867113
1.9775,-1.62014506938856
1.978,-1.90284879938597
1.9785,1.62896837779544
1.979,1.91134255141235
1.9795,-1.62080251974503
1.98,-1.9031775247457
1.9805,1.62962582637141
1.981,1.9106851027832
1.9815,-1.62178869528126
1.982,-1.90153389794926
1.9825,1.63028327494747
1.983,1.91035637846869
1.9835,-1.62244614563975
1.984,-1.90120517259063
1.9845,1.63126944781171
1.985,1.90969892983978
1.9855,-1.62343232117901
1.986,-1.90054772187405
1.9865,1.63225562067615
1.987,1.90904148121104
1.9875,-1.62441849672007
1.988,-1.89989027115834
1.9885,1.63324179354078
1.989,1.90838403258246
1.9895,-1.62474722190083
1.99,-1.89923282044352
1.9905,1.63357051782903
1.991,1.90805530826823
1.9915,-1.62573339744432
1.992,-1.89824664437294
1.9925,1.63455669069392
1.993,1.90739785963989
1.9935,-1.62639084780765
1.994,-1.89758919366032
1.9945,1.63554286355901
1.995,1.9060829623837
1.9955,-1.62704829817179
1.996,-1.89660301759304
1.9965,1.63652903642429
1.997,1.90575423806976
1.9975,-1.62803447371952
1.998,-1.89594556688263
1.9985,1.63685776071276
1.999,1.90443934081437
1.9995,-1.62902064926906
2,-1.8952881161731
2.0005,1.63817265786687
2.001,1.90443934081437
2.0015,-1.62967809963644
2.002,-1.89463066546445
2.0025,1.63850138215545
2.003,1.90345316787326
2.0035,-1.63033555000462
2.004,-1.89430194011045
2.0045,1.63915883073268
2.005,1.90246699493251
2.0055,-1.63132172555841
2.006,-1.89364448940312
2.0065,1.63981627930999
2.007,1.902138270619
2.0075,-1.63197917592861
2.008,-1.89232958799111
2.0085,1.64145990075367
2.009,1.90115209767873
2.0095,-1.63263662629963
2.01,-1.89265831334378
2.0105,1.64178862504247
2.011,1.90049464905208
2.0115,-1.63395152704408
2.012,-1.89167213728642
2.0125,1.64277479790901
2.013,1.89983720042559
2.0135,-1.63460897741752
2.014,-1.89101468658261
2.0145,1.64343224648682
2.015,1.89917975179926
2.0155,-1.63526642779177
2.016,-1.89002851052855
2.0165,1.64408969506471
2.017,1.89885102748616
2.0175,-1.6365813285427
2.018,-1.88904233447647
2.0185,1.64540459222077
2.019,1.89786485454709
2.0195,-1.63691005373094
2.02,-1.88904233447647
2.0205,1.64606204079893
2.021,1.89720740592124
2.0215,-1.63789622929687
2.022,-1.8873987077274
2.0225,1.64671948937718
2.023,1.89687868160837
2.0235,-1.63822495448592
2.024,-1.8873987077274
2.0245,1.64770566224473
2.025,1.89622123298276
2.0255,-1.63921113005429
2.026,-1.88674125702931
2.0265,1.64836311082321
2.027,1.89523506004464
2.0275,-1.63986858043421
2.028,-1.88509763028793
2.0285,1.6493492836911
2.029,1.89457761141942
2.0295,-1.64052603081495
2.03,-1.88509763028793
2.0305,1.65033545655919
2.031,1.89457761141942
2.0315,-1.64184093157885
2.032,-1.88444017959292
2.0325,1.65099290513804
2.033,1.89326271416946
2.0335,-1.64282710715391
2.034,-1.88378272889878
2.0345,1.65197907800647
2.035,1.89194781692014
2.0355,-1.643155832346
2.036,-1.88279655285922
2.0365,1.65263652658554
2.037,1.89129036829571
2.0375,-1.6441420079235
2.038,-1.88213910216728
2.0385,1.65329397516471
2.039,1.89096164398356
2.0395,-1.6444707331164
2.04,-1.88181037682164
2.0405,1.65428014803362
2.041,1.89030419535937
2.0415,-1.64611435908397
2.042,-1.88082420078603
2.0425,1.65493759661302
2.043,1.88964674673533
2.0435,-1.64677180947243
2.044,-1.8798380247524
2.0445,1.65559504519251
2.045,1.88866057379958
2.0455,-1.64677180947243
2.046,-1.87950929940829
2.0465,1.65658121806191
2.047,1.88866057379958
2.0475,-1.64841543544711
2.048,-1.87852312337729
2.0485,1.65690994235176
2.049,1.88767440086417
2.0495,-1.64907288583841
2.05,-1.87786567269105
2.0505,1.65855356380134
2.051,1.88701695224077
2.0515,-1.65005906142688
2.052,-1.87753694734826
2.0525,1.65822483951138
2.053,1.88668822792912
2.0535,-1.65071651182021
2.054,-1.87687949666333
2.0545,1.65986846096143
2.055,1.88504460637148
2.0555,-1.65137396221436
2.056,-1.87589332063759
2.0565,1.66019718525152
2.057,1.88471588206007
2.0575,-1.6523601378071
2.058,-1.87523586995485
2.0585,1.66151208241208
2.059,1.88405843343737
2.0595,-1.65301758820329
2.06,-1.87457841927299
2.0605,1.6621695309925
2.061,1.88340098481481
2.0615,-1.65400376379909
2.062,-1.87392096859201
2.0625,1.66249825528274
2.063,1.88274353619242
2.0635,-1.6543324889981
2.064,-1.87359224325185
2.0645,1.66381315244397
2.065,1.88142863894809
2.0655,-1.65564738979616
2.066,-1.87260606723267
2.0665,1.66447060102472
2.067,1.88142863894809
2.0675,-1.65663356539686
2.068,-1.87194861655431
2.0685,1.66512804960557
2.069,1.88011374170439
2.0695,-1.6569622905975
2.07,-1.87096244053842
2.0705,1.66611422247702
2.071,1.87978501739356
2.0715,-1.65794846620064
2.072,-1.87063371520022
2.0725,1.6667716710581
2.073,1.87912756877201
2.0735,-1.65860591660375
2.074,-1.86997626452449
2.0745,1.66775784392991
2.075,1.87814139583998
2.0755,-1.65926336700768
2.076,-1.86899008851253
2.0765,1.66808656822056
2.077,1.87748394721882
2.0775,-1.66024954261511
2.078,-1.86833263783898
2.0785,1.66907274109266
2.079,1.87682649859782
2.0795,-1.66123571822437
2.08,-1.8676751871663
2.0805,1.66940146538341
2.081,1.87616904997696
2.0815,-1.66222189383548
2.082,-1.8670177364945
2.0825,1.6703876382558
2.083,1.87584032566659
2.0835,-1.6628793442439
2.084,-1.86668901115893
2.0845,1.67170253541932
2.085,1.8745254284255
2.0855,-1.66353679465314
2.086,-1.86570283515352
2.0865,1.67203125971026
2.087,1.87419670411532
2.0875,-1.66452297026854
2.088,-1.86471665915008
2.0885,1.67334615687427
2.089,1.87321053118502
2.0895,-1.66485169547408
2.09,-1.86405920848221
2.0905,1.67433232974753
2.091,1.872553082565
2.0915,-1.66616659629828
2.092,-1.86307303248204
2.0925,1.67466105403866
2.093,1.87222435825505
2.0935,-1.66616659629828
2.094,-1.86307303248204
2.0945,1.67564722691222
2.095,1.87123818532543
2.0955,-1.66682404671162
2.096,-1.86175813115153
2.0965,1.67597595120345
2.097,1.87090946101563
2.0975,-1.66879639795652
2.098,-1.86110068048758
2.0985,1.6769621240773
2.099,1.86959456377682
2.0995,-1.66846767274852
2.1,-1.86044322982451
2.1005,1.67794829695137
2.101,1.86926583946722
2.1015,-1.67044002399957
2.102,-1.85978577916231
2.1025,1.67827702124278
2.103,1.86860839084811
2.1035,-1.67011129879055
2.104,-1.85912832850098
2.1045,1.67959191840865
2.105,1.86729349361036
2.1055,-1.67109747441823
2.106,-1.85847087784052
2.1065,1.67992064270018
2.107,1.86762221791974
2.1075,-1.672412375258
2.108,-1.85748470185146
2.1085,1.68090681557492
2.109,1.86630732068244
2.1095,-1.67274110046846
2.11,-1.85715597652221
2.1105,1.68189298844989
2.111,1.86564987206402
2.1115,-1.67405600131233
2.112,-1.85616980053577
2.1125,1.68255043703332
2.113,1.86499242344574
2.1135,-1.67438472652381
2.114,-1.85551234987923
2.1145,1.68386533420049
2.115,1.86400625051861
2.1155,-1.67504217694738
2.116,-1.85485489922356
2.1165,1.68419405849235
2.117,1.86367752620965
2.1175,-1.676357077797
2.118,-1.85419744856876
2.1185,1.68485150707613
2.119,1.86269135328297
2.1195,-1.67668580300992
2.12,-1.85321127258819
2.1205,1.685837679952
2.121,1.86203390466537
2.1215,-1.67800070386364
2.122,-1.85255382193557
2.1225,1.68715257712018
2.123,1.86170518035662
2.1235,-1.67865815429173
2.124,-1.85189637128381
2.1245,1.68748130141228
2.125,1.86039028312202
2.1255,-1.67898687950609
2.126,-1.85156764595826
2.1265,1.68781002570442
2.127,1.85973283450494
2.1275,-1.68030178036556
2.128,-1.85091019530781
2.1285,1.68879619858097
2.129,1.8587466615796
2.1295,-1.68063050558095
2.13,-1.85025274465822
2.1305,1.68978237145775
2.131,1.85841793727123
2.1315,-1.68194540644453
2.132,-1.84959529400951
2.1325,1.69043982004239
2.133,1.8580892129629
2.1335,-1.68227413166094
2.134,-1.84860911803807
2.1345,1.69109726862714
2.135,1.85710304003811
2.1355,-1.68293158209438
2.136,-1.84762294206858
2.1365,1.69208344150446
2.137,1.85677431572993
2.1375,-1.68424648296373
2.138,-1.84663676610105
2.1385,1.69241216579695
2.139,1.85545941849755
2.1395,-1.68490393339964
2.14,-1.84663676610105
2.1405,1.69339833867457
2.141,1.85513069418955
2.1415,-1.68589010905505
2.142,-1.84532186481404
2.1425,1.69438451155243
2.143,1.85447324557366
2.1435,-1.68589010905505
2.144,-1.84499313949283
2.1445,1.69569940872327
2.145,1.85315834834231
2.1455,-1.68687628471231
2.146,-1.84433568885106
2.1465,1.69602813301604
2.147,1.85282962403456
2.1475,-1.68786246037142
2.148,-1.84269206225043
2.1485,1.69668558160167
2.149,1.85217217541919
2.1495,-1.68851991081186
2.15,-1.84236333693096
2.1505,1.6973430301874
2.151,1.85118600249639
2.1515,-1.68950608647407
2.152,-1.84170588629266
2.1525,1.69832920306619
2.153,1.85052855388138
2.1535,-1.68983481169522
2.154,-1.84071971033683
2.1545,1.69931537594521
2.155,1.84954238095913
2.1555,-1.6908209873599
2.156,-1.84071971033683
2.1565,1.69997282453136
2.157,1.84921365665179
2.1575,-1.69213588824903
2.158,-1.83973353438295
2.1585,1.70063027311761
2.159,1.84789875942279
2.1595,-1.69213588824903
2.16,-1.83940480906543
2.1605,1.70128772170397
2.161,1.84757003511563
2.1615,-1.69377951436508
2.162,-1.83841863311415
2.1625,1.70194517029043
2.163,1.8472413108085
2.1635,-1.69377951436508
2.164,-1.83776118248104
2.1645,1.70326006746367
2.165,1.84625513788735
2.1655,-1.69509441526164
2.166,-1.83677500653301
2.1665,1.70358879175705
2.167,1.84559768927343
2.1675,-1.69608059093623
2.168,-1.83578883058692
2.1685,1.70490368893082
2.169,1.84461151635282
2.1695,-1.69640931616151
2.17,-1.83546010527199
2.1705,1.70556113751786
2.171,1.84395406773926
2.1715,-1.69706676661268
2.172,-1.8344739293285
2.1725,1.70588986181142
2.173,1.84329661912584
2.1735,-1.69805294229099
2.174,-1.83414520401444
2.1745,1.70687603469227
2.175,1.84263917051257
2.1755,-1.69871039274424
2.176,-1.83283030276034
2.1765,1.70753348327963
2.177,1.84198172189944
2.1775,-1.7000252936532
2.178,-1.83283030276034
2.1785,1.70851965616088
2.179,1.84099554898002
2.1795,-1.70035401888096
2.18,-1.83184412682203
2.1805,1.70983455333625
2.181,1.84033810036726
2.1815,-1.70166891979406
2.182,-1.83151540150969
2.1825,1.70983455333625
2.183,1.84000937606093
2.1835,-1.70199764502285
2.184,-1.83052922557398
2.1845,1.71082072621806
2.185,1.83869447883596
2.1855,-1.70265509548106
2.186,-1.82954304964021
2.1865,1.71147817480607
2.187,1.83836575452981
2.1875,-1.70396999639996
2.188,-1.82888559901877
2.1885,1.71279307198241
2.189,1.83770830591762
2.1895,-1.70396999639996
2.19,-1.82855687370838
2.1905,1.71345052057074
2.191,1.83672213299959
2.1915,-1.70495617209132
2.192,-1.82757069777849
2.1925,1.71377924486495
2.193,1.83672213299959
2.1935,-1.70561362255325
2.194,-1.82691324715964
2.1945,1.71476541774774
2.195,1.83540723577605
2.1955,-1.70659979824771
2.196,-1.82592707123299
2.1965,1.71608031492516
2.197,1.8347497871645
2.1975,-1.70725724871172
2.198,-1.82494089530828
2.1985,1.71640903921959
2.199,1.83376361424743
2.1995,-1.70791469917656
2.2,-1.82461217000047
2.2005,1.71739521210303
2.201,1.83343488994181
2.2015,-1.70922960010873
2.202,-1.82362599407835
2.2025,1.71838138498671
2.203,1.83310616563623
2.2035,-1.7095583253423
2.204,-1.82296854346467
2.2045,1.71936755787065
2.205,1.83179126841425
2.2055,-1.71021577581004
2.206,-1.82263981815816
2.2065,1.71936755787065
2.207,1.83146254410885
2.2075,-1.71153067674802
2.208,-1.82165364223991
2.2085,1.72068245504961
2.209,1.83047637119284
2.2095,-1.71218812721826
2.21,-1.82099619162882
2.2105,1.72166862793412
2.211,1.83014764688757
2.2115,-1.71284557768933
2.212,-1.81968129040922
2.2125,1.72199735222902
2.213,1.82916147397199
2.2135,-1.71383175339749
2.214,-1.81935256510486
2.2145,1.72331224940887
2.215,1.82817530105672
2.2155,-1.71350302816123
2.216,-1.81836638919306
2.2165,1.72298352511386
2.217,1.82751785244671
2.2175,-1.71514665434462
2.218,-1.8173802132832
2.2185,1.72429842229404
2.219,1.82686040383685
2.2195,-1.71580410481943
2.22,-1.81705148798034
2.2205,1.72528459517947
2.221,1.82554550661754
2.2215,-1.71646155529507
2.222,-1.81606531207306
2.2225,1.7259420437699
2.223,1.82554550661754
2.2235,-1.71711900577155
2.224,-1.81573658677107
2.2245,1.72725694095109
2.225,1.82455933370342
2.2255,-1.7174477310101
2.226,-1.81475041086637
2.2265,1.72725694095109
2.227,1.82455933370342
2.2275,-1.71909135720597
2.228,-1.81409296026431
2.2285,1.72890056242821
2.229,1.82291571218058
2.2295,-1.71974880768577
2.23,-1.81409296026431
2.2305,1.72890056242821
2.231,1.82258698787612
2.2315,-1.72007753292599
2.232,-1.81277805906276
2.2325,1.72955801101925
2.233,1.8219295392673
2.2335,-1.72073498340704
2.234,-1.81244933376291
2.2345,1.73021545961041
2.235,1.82061464205007
2.2355,-1.72172115913019
2.236,-1.81146315786465
2.2365,1.73120163249736
2.237,1.82028591774585
2.2375,-1.72270733485521
2.238,-1.81113443256566
2.2385,1.73218780538456
2.239,1.81929974483339
2.2395,-1.7230360600973
2.24,-1.81047698196832
2.2405,1.73218780538456
2.241,1.81864229622526
2.2415,-1.72402223582482
2.242,-1.80916208077622
2.2425,1.73317397827202
2.243,1.81798484761726
2.2435,-1.72467968631088
2.244,-1.80850463018146
2.2445,1.7338314268638
2.245,1.81634122609788
2.2455,-1.72566586204153
2.246,-1.80784717958755
2.2465,1.7344888754557
2.247,1.81666995040169
2.2475,-1.72698076301866
2.248,-1.8068610036983
2.2485,1.73580377263983
2.249,1.81535505318665
2.2495,-1.72698076301866
2.25,-1.80653227840231
2.2505,1.73646122123207
2.251,1.81502632888298
2.2515,-1.72829566399912
2.252,-1.80554610251562
2.2525,1.73711866982443
2.253,1.81404015597217
2.2535,-1.72895311449061
2.254,-1.80488865192557
2.2545,1.73810484271317
2.255,1.81338270736513
2.2555,-1.72961056498293
2.256,-1.80423120133638
2.2565,1.73909101560218
2.257,1.81272525875823
2.2575,-1.73026801547609
2.258,-1.80357375074804
2.2585,1.73941973989857
2.259,1.81206781015146
2.2595,-1.73092546597008
2.26,-1.80225884957393
2.2605,1.74040591278793
2.261,1.81108163724157
2.2615,-1.73158291646491
2.262,-1.80193012428094
2.2625,1.74106336138098
2.263,1.81075291293834
2.2635,-1.73256909220872
2.264,-1.80160139898816
2.2645,1.74139208567754
2.265,1.80976674002885
2.2655,-1.73322654270564
2.266,-1.80061522311111
2.2665,1.74237825856742
2.267,1.80910929142269
2.2675,-1.7348701689516
2.268,-1.79995777252748
2.2685,1.74336443145756
2.269,1.80845184281667
2.2695,-1.73519889420142
2.27,-1.79962904723599
2.2705,1.74402188005113
2.271,1.80746566990788
2.2715,-1.73552761945145
2.272,-1.79831414607214
2.2725,1.74467932864482
2.273,1.8068082213022
2.2735,-1.7365137952028
2.274,-1.79798542078172
2.2745,1.74566550153557
2.275,1.80582204839392
2.2755,-1.73749997095603
2.276,-1.79699924491172
2.2765,1.74665167442658
2.277,1.80549332409123
2.2775,-1.73782869620753
2.278,-1.79634179433279
2.2785,1.74763784731787
2.279,1.80450715118335
2.2795,-1.73881487196327
2.28,-1.79568434375471
2.2805,1.7482952959122
2.281,1.80384970257826
2.2815,-1.74012977297386
2.282,-1.7946981678892
2.2825,1.74862402020941
2.283,1.80352097827577
2.2835,-1.74012977297386
2.284,-1.79404071731325
2.2845,1.74961019310122
2.285,1.8025348053685
2.2855,-1.74111594873401
2.286,-1.79305454145094
2.2865,1.74993891739855
2.287,1.80154863246152
2.2875,-1.74177339924182
2.288,-1.79239709087713
2.2885,1.75092509029072
2.289,1.80121990815926
2.2895,-1.74243084975047
2.29,-1.79173964030418
2.2905,1.75191126318316
2.291,1.80056245955484
2.2915,-1.74341702551503
2.292,-1.79075346444634
2.2925,1.75256871177826
2.293,1.79990501095055
2.2935,-1.74407447602578
2.294,-1.79042473916082
2.2945,1.75388360896883
2.295,1.79859011374237
2.2955,-1.74506065179348
2.296,-1.78943856330555
2.2965,1.75421233326655
2.297,1.79859011374237
2.2975,-1.74571810230633
2.298,-1.78845238745219
2.2985,1.75519850615988
2.299,1.79727521653472
2.2995,-1.74604682756307
2.3,-1.78812366216816
2.3005,1.75618467905348
2.301,1.79694649223289
2.3015,-1.74736172859213
2.302,-1.78680876103418
2.3025,1.75651340335141
2.303,1.7959603193276
2.3035,-1.74801917910792
2.304,-1.78648003575122
2.3045,1.75749957624537
2.305,1.794645422121
2.3055,-1.74867662962456
2.306,-1.78582258518593
2.3065,1.75815702484149
2.307,1.794645422121
2.3075,-1.74966280540108
2.308,-1.7848364093396
2.3085,1.75881447343774
2.309,1.7936592492164
2.3095,-1.74999153066035
2.31,-1.78417895877644
2.3105,1.7601293706306
2.311,1.79300180061349
2.3115,-1.7509777064394
2.312,-1.7831927829333
2.3125,1.76045809492889
2.313,1.79201562770937
2.3135,-1.75163515695982
2.314,-1.7831927829333
2.3145,1.76078681922721
2.315,1.79168690340807
2.3155,-1.75229260748108
2.316,-1.78187788181208
2.3165,1.76210171642079
2.317,1.79037200620316
2.3175,-1.75327878326455
2.318,-1.78154915653231
2.3185,1.7630878893163
2.319,1.79004328190202
2.3195,-1.75393623378792
2.32,-1.78056298069427
2.3205,1.76341661361486
2.321,1.78872838469776
2.3215,-1.75459368431213
2.322,-1.77957680485814
2.3225,1.76440278651073
2.323,1.78872838469776
2.3235,-1.75557986010002
2.324,-1.77891935430178
2.3245,1.76506023510814
2.325,1.78741348749402
2.3255,-1.75557986010002
2.326,-1.77826190374628
2.3265,1.76538895940689
2.327,1.78675603889235
2.3275,-1.75689476115349
2.328,-1.77760445319162
2.3285,1.76637513230331
2.329,1.7860985902908
2.3295,-1.75722348641739
2.33,-1.77694700263781
2.3305,1.76769002949898
2.331,1.78544114168938
2.3315,-1.75853838747508
2.332,-1.77563210153273
2.3325,1.76801875379797
2.333,1.78478369308809
2.3335,-1.75919583800519
2.334,-1.77530337625699
2.3345,1.76900492669514
2.335,1.78379752018639
2.3355,-1.75985328853615
2.336,-1.77431720043105
2.3365,1.76933365099425
2.337,1.78346879588589
2.3375,-1.76051073906795
2.338,-1.77365974988149
2.3385,1.77064854819103
2.339,1.78281134728499
2.3395,-1.76083946433417
2.34,-1.77300229933277
2.3405,1.77130599678961
2.341,1.78182517438387
2.3415,-1.76182564013408
2.342,-1.77201612351127
2.3425,1.77163472108894
2.343,1.78083900148303
2.3435,-1.7628118159359
2.344,-1.77102994769169
2.3445,1.77262089398713
2.345,1.77985282858248
2.3455,-1.76379799173962
2.346,-1.77037249714636
2.3465,1.77294961828659
2.347,1.77919537998228
2.3475,-1.76478416754524
2.348,-1.76971504660188
2.3485,1.77360706688561
2.349,1.77853793138219
2.3495,-1.7651128928142
2.35,-1.76905759605824
2.3505,1.77459323978436
2.351,1.7782092070822
2.3515,-1.76609906862235
2.352,-1.76807142024437
2.3525,1.77557941268339
2.353,1.77722303418241
2.3535,-1.76675651916218
2.354,-1.76807142024437
2.3545,1.77623686128291
2.355,1.77623686128291
2.3555,-1.76807142024437
2.356,-1.76642779389216
2.3565,1.77689430988255
2.357,1.77557941268339
2.3575,-1.76872887078674
2.358,-1.76642779389216
2.3585,1.77788048278224
2.359,1.77426451548474
2.3595,-1.76872887078674
2.36,-1.76577034335276
2.3605,1.77853793138219
2.361,1.77426451548474
2.3615,-1.77004377187401
2.362,-1.76412671700794
2.3625,1.77886665568222
2.363,1.77327834258608
2.3635,-1.77004377187401
2.364,-1.76379799173962
2.3645,1.78018155288263
2.365,1.77262089398713
2.3655,-1.77102994769169
2.366,-1.7634692664715
2.3665,1.78083900148303
2.367,1.77196344538831
2.3675,-1.77234484878489
2.368,-1.76215436540114
2.3685,1.78149645008356
2.369,1.77097727249031
2.3695,-1.77300229933277
2.37,-1.76182564013408
2.3705,1.78215389868421
2.371,1.76999109959258
2.3715,-1.77365974988149
2.372,-1.76018201380194
2.3725,1.78281134728499
2.373,1.76933365099425
2.3735,-1.77398847515616
2.374,-1.75985328853615
2.3745,1.78346879588589
2.375,1.768347478097
2.3755,-1.77497465098147
2.376,-1.75919583800519
2.3765,1.78445496878749
2.377,1.768347478097
2.3775,-1.77628955208485
2.378,-1.75853838747508
2.3785,1.78511241738872
2.379,1.76703258090108
2.3795,-1.77661827736122
2.38,-1.75788093694581
2.3805,1.78544114168938
2.381,1.76670385660218
2.3815,-1.77694700263781
2.382,-1.75689476115349
2.3825,1.78675603889235
2.383,1.76604640800447
2.3835,-1.77826190374628
2.384,-1.75656603588981
2.3845,1.78741348749402
2.385,1.76506023510814
2.3855,-1.77891935430178
2.386,-1.75525113483718
2.3865,1.78839966039678
2.387,1.76440278651073
2.3875,-1.77990553013664
2.388,-1.75459368431213
2.3885,1.78905710899878
2.389,1.76341661361486
2.3895,-1.78056298069427
2.39,-1.75426495904992
2.3905,1.78971455760091
2.391,1.76275916501776
2.3915,-1.78122043125275
2.392,-1.75327878326455
2.3925,1.79037200620316
2.393,1.76210171642079
2.3935,-1.78220660709207
2.394,-1.75262133274203
2.3945,1.79135817910679
2.395,1.76144426782394
2.3955,-1.78253533237226
2.396,-1.75163515695982
2.3965,1.79168690340807
2.397,1.76078681922721
2.3975,-1.78352150821413
2.398,-1.7506489811795
2.3985,1.79267307631208
2.399,1.7601293706306
2.3995,-1.78417895877644
2.4,-1.75032025591982
2.4005,1.7939879735179
2.401,1.75914319773591
2.4015,-1.7848364093396
2.402,-1.74933408014203
2.4025,1.794645422121
2.403,1.7584857491396
2.4035,-1.7851651346215
2.404,-1.74801917910792
2.4045,1.7956315950259
2.405,1.75815702484149
2.4055,-1.78582258518593
2.406,-1.74736172859213
2.4065,1.7959603193276
2.407,1.75749957624537
2.4075,-1.78680876103418
2.408,-1.74670427807718
2.4085,1.7966177679311
2.409,1.75618467905348
2.4095,-1.78713748631736
2.41,-1.74604682756307
2.4105,1.79793266513848
2.411,1.75552723045772
2.4115,-1.78845238745219
2.412,-1.7453893770498
2.4125,1.79760394083659
2.413,1.75486978186207
2.4135,-1.78943856330555
2.414,-1.74473192653737
2.4145,1.79891883804437
2.415,1.75322616037349
2.4155,-1.78976728859043
2.416,-1.74407447602578
2.4165,1.79957628664846
2.417,1.75322616037349
2.4175,-1.79075346444634
2.418,-1.74308830025997
2.4185,1.80056245955484
2.419,1.75223998748069
2.4195,-1.79108218973207
2.42,-1.74243084975047
2.4205,1.80089118385703
2.421,1.75092509029072
2.4215,-1.79272581616393
2.422,-1.74144467398781
2.4225,1.80154863246152
2.423,1.7505963659933
2.4235,-1.79338326673817
2.424,-1.74078722348042
2.4245,1.80187735676381
2.425,1.74993891739855
2.4255,-1.79338326673817
2.426,-1.74012977297386
2.4265,1.80319225397331
2.427,1.74895274450665
2.4275,-1.7946981678892
2.428,-1.73947232246815
2.4285,1.80384970257826
2.429,1.7482952959122
2.4295,-1.79535561846599
2.43,-1.7391435972156
2.4305,1.80483587548594
2.431,1.74796657161502
2.4315,-1.79601306904364
2.432,-1.73815742145923
2.4325,1.80516459978857
2.433,1.74698039872365
2.4335,-1.79667051962215
2.434,-1.73749997095603
2.4345,1.80615077269664
2.435,1.74599422583254
2.4355,-1.7976566954915
2.436,-1.7365137952028
2.4365,1.8064794969994
2.437,1.74533677723862
2.4375,-1.79864287136278
2.438,-1.73552761945145
2.4385,1.80779439421078
2.439,1.74435060434796
2.4395,-1.79864287136278
2.44,-1.7348701689516
2.4405,1.80845184281667
2.441,1.74402188005113
2.4415,-1.79962904723599
2.442,-1.73454144370199
2.4425,1.80943801572575
2.443,1.74369315575433
2.4435,-1.80061522311111
2.444,-1.73355526795442
2.4445,1.81009546433198
2.445,1.7427069828641
2.4455,-1.80061522311111
2.446,-1.73256909220872
2.4465,1.81075291293834
2.447,1.74172080997414
2.4475,-1.80193012428094
2.448,-1.73191164171264
2.4485,1.81141036154483
2.449,1.74073463708444
2.4495,-1.80225884957393
2.45,-1.73125419121739
2.4505,1.81239653445483
2.451,1.74007718849145
2.4515,-1.80291630016056
2.452,-1.73026801547609
2.4525,1.81272525875823
2.453,1.739748464195
2.4535,-1.80357375074804
2.454,-1.72961056498293
2.4545,1.81371143166863
2.455,1.73876229130582
2.4555,-1.80455992663087
2.456,-1.72829566399912
2.4565,1.81436888027574
2.457,1.7377761184169
2.4575,-1.80554610251562
2.458,-1.72763821350847
2.4585,1.81535505318665
2.459,1.73711866982443
2.4595,-1.80587482781097
2.46,-1.72730948826346
2.4605,1.8160125017941
2.461,1.73646122123207
2.4615,-1.8071897289945
2.462,-1.72665203777406
2.4625,1.81666995040169
2.463,1.73580377263983
2.4635,-1.80751845429092
2.464,-1.72566586204153
2.4645,1.81765612331332
2.465,1.7344888754557
2.4655,-1.80850463018146
2.466,-1.72435096106775
2.4665,1.81732739900941
2.467,1.73416015115974
2.4675,-1.80949080607393
2.468,-1.72369351058211
2.4685,1.81831357192124
2.469,1.7335027025679
2.4695,-1.80981953137184
2.47,-1.72402223582482
2.4705,1.81962846913751
2.471,1.73251652968035
2.4715,-1.81047698196832
2.472,-1.72237860961333
2.4725,1.82028591774585
2.473,1.7318590810888
2.4735,-1.81113443256566
2.474,-1.72204988437165
2.4745,1.82127209065861
2.475,1.73120163249736
2.4755,-1.81179188316386
2.476,-1.72073498340704
2.4765,1.82160081496294
2.477,1.73054418390603
2.4775,-1.81277805906276
2.478,-1.72007753292599
2.4785,1.82291571218058
2.479,1.72922928672372
2.4795,-1.8134355096631
2.48,-1.71942008244576
2.4805,1.82357316078961
2.481,1.72857183813273
2.4815,-1.81442168556523
2.482,-1.71810518148782
2.4825,1.82390188509418
2.483,1.72791438954185
2.4835,-1.81442168556523
2.484,-1.71777645624885
2.4845,1.82488805800809
2.485,1.72692821665575
2.4855,-1.81540786146929
2.486,-1.71711900577155
2.4865,1.8252167823128
2.487,1.72659949236044
2.4875,-1.81639403737528
2.488,-1.71613283005715
2.4885,1.82653167953197
2.489,1.72528459517947
2.4895,-1.8167227626777
2.49,-1.71613283005715
2.4905,1.82718912814176
2.491,1.72462714658916
2.4915,-1.81705148798034
2.492,-1.71481792910752
2.4925,1.82751785244671
2.493,1.7236409737039
2.4935,-1.81836638919306
2.494,-1.71416047863396
2.4945,1.82817530105672
2.495,1.72331224940887
2.4955,-1.81935256510486
2.496,-1.71350302816123
2.4965,1.82916147397199
2.497,1.72265480081889
2.4975,-1.82001001571379
2.498,-1.71251685245369
2.4985,1.83047637119284
2.499,1.72133990363926
2.4995,-1.82033874101859
2.5,-1.71185940198304
2.5005,1.83047637119284
2.501,1.72133990363926
2.5015,-1.82132491693425
2.502,-1.71120195151322
2.5025,1.83113381980348
2.503,1.72002500646007
2.5035,-1.82198236754577
2.504,-1.71054450104423
2.5045,1.83179126841425
2.505,1.71871010928133
2.5055,-1.82296854346467
2.506,-1.7095583253423
2.5065,1.83244871702517
2.507,1.71838138498671
2.5075,-1.82362599407835
2.508,-1.70857214964223
2.5085,1.83343488994181
2.509,1.71706648780852
2.5095,-1.82428344469288
2.51,-1.70791469917656
2.5105,1.83409233855309
2.511,1.71640903921959
2.5115,-1.8252696206163
2.512,-1.70758597394404
2.5125,1.83409233855309
2.513,1.71575159063077
2.5135,-1.82625579654166
2.514,-1.70659979824771
2.5145,1.83573596008188
2.515,1.71509414204205
2.5155,-1.82625579654166
2.516,-1.70561362255325
2.5165,1.83540723577605
2.517,1.71410796915919
2.5175,-1.82757069777849
2.518,-1.70462744686066
2.5185,1.83672213299959
2.519,1.71345052057074
2.5195,-1.82789942308824
2.52,-1.70429872163021
2.5205,1.8380370302237
2.521,1.71279307198241
2.5215,-1.82921432432938
2.522,-1.7033125459401
2.5225,1.83836575452981
2.523,1.71246434768829
2.5235,-1.82954304964021
2.524,-1.70298382071048
2.5245,1.83935192744837
2.525,1.71147817480607
2.5255,-1.83020050026251
2.526,-1.70199764502285
2.5265,1.83968065175463
2.527,1.71082072621806
2.5275,-1.83118667619757
2.528,-1.7010114693371
2.5285,1.84066682467362
2.529,1.70950582904237
2.5295,-1.83151540150969
2.53,-1.7000252936532
2.5305,1.84165299759293
2.531,1.70917710474851
2.5315,-1.83217285213458
2.532,-1.69903911797117
2.5325,1.84231044620599
2.533,1.70851965616088
2.5335,-1.83315902807354
2.534,-1.69805294229099
2.5345,1.84329661912584
2.535,1.70687603469227
2.5355,-1.83381647870059
2.536,-1.69772421706468
2.5365,1.84362534343253
2.537,1.70654731039863
2.5375,-1.83513137995728
2.538,-1.69673804138699
2.5385,1.84428279204602
2.539,1.70588986181142
2.5395,-1.83513137995728
2.54,-1.69640931616151
2.5405,1.84526896496652
2.541,1.70490368893082
2.5415,-1.83644628121743
2.542,-1.6954231404863
2.5425,1.84625513788735
2.543,1.70424624034388
2.5435,-1.83677500653301
2.544,-1.69476569003719
2.5445,1.84625513788735
2.545,1.70293134317032
2.5455,-1.83743245716482
2.546,-1.69345078914146
2.5465,1.84691258650142
2.547,1.702602618877
2.5475,-1.83808990779749
2.548,-1.69312206391804
2.5485,1.84789875942279
2.549,1.70161644599719
2.5495,-1.83874735843102
2.55,-1.69246461347182
2.5505,1.84855620803722
2.551,1.70095899741078
2.5515,-1.83973353438295
2.552,-1.69147843780405
2.5525,1.84888493234449
2.553,1.70030154882447
2.5535,-1.83973353438295
2.554,-1.6908209873599
2.5545,1.84987110526651
2.555,1.69898665165218
2.5555,-1.84071971033683
2.556,-1.69049226213813
2.5565,1.85052855388138
2.557,1.69832920306619
2.5575,-1.84170588629266
2.558,-1.68983481169522
2.5585,1.85118600249639
2.559,1.6976717544803
2.5595,-1.84269206225043
2.56,-1.68851991081186
2.5605,1.85217217541919
2.561,1.69701430589452
2.5615,-1.84334951289003
2.562,-1.68786246037142
2.5625,1.85250089972686
2.563,1.69602813301604
2.5635,-1.8440069635305
2.564,-1.6872050099318
2.5645,1.85348707265009
2.565,1.6950419601378
2.5655,-1.84433568885106
2.566,-1.68654755949301
2.5665,1.85381579695791
2.567,1.69438451155243
2.5675,-1.84565059013547
2.568,-1.68589010905505
2.5685,1.85513069418955
2.569,1.69372706296717
2.5695,-1.84565059013547
2.57,-1.68457520818158
2.5705,1.85545941849755
2.571,1.69339833867457
2.5715,-1.84696549142334
2.572,-1.68391775774608
2.5725,1.85611686711367
2.573,1.69241216579695
2.5735,-1.84729421674585
2.574,-1.68358903252864
2.5745,1.85677431572993
2.575,1.69142599291956
2.5755,-1.84828039271469
2.576,-1.68194540644453
2.5765,1.8577604886546
2.577,1.69076854433475
2.5775,-1.84926656868548
2.578,-1.68128795601233
2.5785,1.85841793727123
2.579,1.69011109575006
2.5795,-1.84992401933376
2.58,-1.68095923079653
2.5805,1.8587466615796
2.581,1.6891249228732
2.5815,-1.85091019530781
2.582,-1.68030178036556
2.5825,1.85973283450494
2.583,1.68879619858097
2.5835,-1.85123892063292
2.584,-1.67964432993541
2.5845,1.86039028312202
2.585,1.68715257712018
2.5855,-1.85189637128381
2.586,-1.67832942907758
2.5865,1.86104773173925
2.587,1.68715257712018
2.5875,-1.85288254726177
2.588,-1.67734325343637
2.5885,1.86203390466537
2.589,1.685837679952
2.5895,-1.85321127258819
2.59,-1.676357077797
2.5905,1.86236262897415
2.591,1.68485150707613
2.5915,-1.85386872324169
2.592,-1.67602835258429
2.5925,1.86334880190072
2.593,1.68452278278423
2.5935,-1.85419744856876
2.594,-1.67537090215948
2.5945,1.86433497482762
2.595,1.68353660990866
2.5955,-1.85551234987923
2.596,-1.67438472652381
2.5965,1.86499242344574
2.597,1.68287916132508
2.5975,-1.85616980053577
2.598,-1.67372727610105
2.5985,1.86564987206402
2.599,1.68222171274159
2.5995,-1.85682725119318
2.6,-1.67306982567912
2.6005,1.86630732068244
2.601,1.68123553986655
2.6015,-1.85748470185146
2.602,-1.67175492483771
2.6025,1.86663604499171
2.603,1.68090681557492
2.6035,-1.85814215251061
2.604,-1.67109747441823
2.6045,1.86795094222916
2.605,1.67959191840865
2.6055,-1.85879960317064
2.606,-1.67011129879055
2.6065,1.86860839084811
2.607,1.67893446982567
2.6075,-1.85912832850098
2.608,-1.67011129879055
2.6085,1.86926583946722
2.609,1.67794829695137
2.6095,-1.8601145044933
2.61,-1.66912512316472
2.6105,1.86992328808647
2.611,1.67729084836863
2.6115,-1.86142940581945
2.612,-1.66813894754073
2.6125,1.87025201239615
2.613,1.67630467549471
2.6135,-1.86208685648383
2.614,-1.66748149712576
2.6145,1.87123818532543
2.615,1.67564722691222
2.6155,-1.86241558181635
2.616,-1.66649532150485
2.6165,1.87156690963527
2.617,1.67498977832982
2.6175,-1.8637304831486
2.618,-1.66583787109192
2.6185,1.872553082565
2.619,1.67367488116533
2.6195,-1.8637304831486
2.62,-1.66485169547408
2.6205,1.87353925549508
2.621,1.67301743258323
2.6215,-1.86471665915008
2.622,-1.66386551985807
2.6225,1.87386797980518
2.623,1.67268870829221
2.6235,-1.86504538448434
2.624,-1.66353679465314
2.6245,1.87518287704597
2.625,1.67170253541932
2.6255,-1.86636028582358
2.626,-1.66222189383548
2.6265,1.87584032566659
2.627,1.67170253541932
2.6275,-1.86668901115893
2.628,-1.66123571822437
2.6285,1.87616904997696
2.629,1.66973018967418
2.6295,-1.86734646183029
2.63,-1.66123571822437
2.6305,1.8771552229083
2.631,1.66940146538341
2.6315,-1.86833263783898
2.632,-1.66057826781799
2.6325,1.87781267152938
2.633,1.66874401680194
2.6335,-1.86899008851253
2.634,-1.65992081741243
2.6345,1.87814139583998
2.635,1.66775784392991
2.6355,-1.86931881384963
2.636,-1.65860591660375
2.6365,1.87912756877201
2.637,1.66742911963929
2.6375,-1.87063371520022
2.638,-1.65761974099939
2.6385,1.87945629308277
2.639,1.66611422247702
2.6395,-1.87096244053842
2.64,-1.6569622905975
2.6405,1.88044246601526
2.641,1.66545677389603
2.6415,-1.87194861655431
2.642,-1.65630484019642
2.6425,1.88109991463711
2.643,1.66479932531513
2.6435,-1.87227734189338
2.644,-1.65498993939672
2.6445,1.88208608757018
2.645,1.66348442815362
2.6455,-1.87293479257218
2.646,-1.65466121419731
2.6465,1.88241481188128
2.647,1.66315570386331
2.6475,-1.87359224325185
2.648,-1.65334631340168
2.6485,1.88340098481481
2.649,1.6621695309925
2.6495,-1.87424969393239
2.65,-1.65301758820329
2.6505,1.88471588206007
2.651,1.66151208241208
2.6515,-1.87523586995485
2.652,-1.65203141260932
2.6525,1.88471588206007
2.653,1.66085463383175
2.6535,-1.87589332063759
2.654,-1.65104523701718
2.6545,1.88537333068293
2.655,1.65953973667138
2.6555,-1.87622204597928
2.656,-1.65005906142688
2.6565,1.88603077930595
2.657,1.65953973667138
2.6575,-1.87720822200568
2.658,-1.64940161103436
2.6585,1.88668822792912
2.659,1.65789611522144
2.6595,-1.87786567269105
2.66,-1.64907288583841
2.6605,1.88767440086417
2.661,1.65756739093152
2.6615,-1.87885184872074
2.662,-1.64775798505663
2.6625,1.88800312517594
2.663,1.65658121806191
2.6635,-1.8791805740644
2.664,-1.64710053466696
2.6645,1.88866057379958
2.665,1.65559504519251
2.6655,-1.8798380247524
2.666,-1.6464430842781
2.6665,1.88964674673533
2.667,1.65493759661302
2.6675,-1.88082420078603
2.668,-1.64545690869634
2.6685,1.88997547104733
2.669,1.65395142374396
2.6695,-1.88115292613101
2.67,-1.64512818350282
2.6705,1.89096164398356
2.671,1.65362269945432
2.6715,-1.88213910216728
2.672,-1.6438132827308
2.6725,1.89096164398356
2.673,1.652307802296
2.6735,-1.88312527820552
2.674,-1.643155832346
2.6745,1.89227654123241
2.675,1.65132162942749
2.6755,-1.88345400355204
2.676,-1.64216965677034
2.6765,1.89260526554472
2.677,1.6506641808486
2.6775,-1.88378272889878
2.678,-1.64151220638757
2.6785,1.89359143848189
2.679,1.64967800798044
2.6795,-1.88509763028793
2.68,-1.64118348119649
2.6805,1.89457761141942
2.681,1.6493492836911
2.6815,-1.8860838063321
2.682,-1.64019730562448
2.6825,1.89424888710687
2.683,1.64803438653396
2.6835,-1.88674125702931
2.684,-1.63921113005429
2.6845,1.89523506004464
2.685,1.64704821366634
2.6855,-1.88706998237824
2.686,-1.63888240486463
2.6865,1.89654995729554
2.687,1.64639076508805
2.6875,-1.88805615842637
2.688,-1.63789622929687
2.6885,1.89654995729554
2.689,1.64606204079893
2.6895,-1.88904233447647
2.69,-1.63691005373094
2.6905,1.89753613023414
2.691,1.64573331650984
2.6915,-1.88937105982694
2.692,-1.63625260335466
2.6925,1.89819357886007
2.693,1.64441841935369
2.6935,-1.89002851052855
2.694,-1.63526642779177
2.6945,1.89950847611241
2.695,1.64343224648682
2.6955,-1.89068596123104
2.696,-1.63493770260454
2.6965,1.89983720042559
2.697,1.6431035221979
2.6975,-1.89200086263865
2.698,-1.63362280185766
2.6985,1.90016592473882
2.699,1.6421173493313
2.6995,-1.89167213728642
2.7,-1.63296535148543
2.7005,1.90115209767873
2.701,1.64080245217613
2.7015,-1.89265831334378
2.702,-1.63165045074341
2.7025,1.90148082199211
2.703,1.6404737278874
2.7035,-1.89331576404979
2.704,-1.63132172555841
2.7045,1.90279571924605
2.705,1.63948755502133
2.7055,-1.89397321475668
2.706,-1.63066427518901
2.7065,1.90345316787326
2.707,1.63883010644405
2.7075,-1.89495939081866
2.708,-1.62934937445265
2.7085,1.90411061650063
2.709,1.63751520928977
2.7095,-1.89495939081866
2.71,-1.62869192408568
2.7105,1.90509678944198
2.711,1.63718648500126
2.7115,-1.89627429223773
2.712,-1.62803447371952
2.7125,1.90509678944198
2.713,1.63620031213584
2.7135,-1.89693174294858
2.714,-1.62737702335417
2.7145,1.9060829623837
2.715,1.63554286355901
2.7155,-1.89758919366032
2.716,-1.62671957298962
2.7165,1.90674041101172
2.717,1.63521413927063
2.7175,-1.89824664437294
2.718,-1.62573339744432
2.7185,1.90772658395404
2.719,1.6342279664056
2.7195,-1.89890409508644
2.72,-1.62540467226295
2.7205,1.90838403258246
2.721,1.63324179354078
2.7215,-1.89989027115834
2.722,-1.62376104635916
2.7225,1.90904148121104
2.723,1.63225562067615
2.7235,-1.90054772187405
2.724,-1.62343232117901
2.7245,1.90969892983978
2.725,1.63126944781171
2.7255,-1.90120517259063
2.726,-1.62211742046041
2.7265,1.91035637846869
2.727,1.63094072352361
2.7275,-1.90186262330811
2.728,-1.62145997010232
2.7285,1.9106851027832
2.729,1.62995455065943
2.7295,-1.90219134866717
2.73,-1.62080251974503
2.7305,1.91200000004166
2.731,1.62863965350749
2.7315,-1.9031775247457
2.732,-1.62014506938856
2.7325,1.91232872435638
2.733,1.62863965350749
2.7335,-1.90350625010565
2.734,-1.61948761903288
2.7345,1.91331489730077
2.735,1.62732475635589
2.7355,-1.90416370082621
2.736,-1.61850144350089
2.7365,1.91364362161565
2.737,1.62666730778022
2.7375,-1.90547860226999
2.738,-1.6175152679707
2.7385,1.91462979456054
2.739,1.62600985920463
2.7395,-1.90580732763149
2.74,-1.61685781761825
2.7405,1.91528724319067
2.741,1.62535241062913
2.7415,-1.90646477835514
2.742,-1.61587164209109
2.7425,1.91561596750579
2.743,1.62403751347838
2.7435,-1.90712222907968
2.744,-1.61488546656573
2.7445,1.91594469182096
2.745,1.62305134061553
2.7455,-1.90843713053142
2.746,-1.6142280162165
2.7465,1.91693086476671
2.747,1.62305134061553
2.7475,-1.90876585589491
2.748,-1.61324184069416
2.7485,1.91791703771282
2.749,1.62173644346537
2.7495,-1.90909458125862
2.75,-1.61258439034694
2.7505,1.91890321065931
2.751,1.62107899489041
2.7515,-1.91008075735107
2.752,-1.61159821482761
2.7525,1.91923193497489
2.753,1.62075027060296
2.7535,-1.91106693344551
2.754,-1.61159821482761
2.7545,1.91988938360617
2.755,1.61976409774075
2.7555,-1.91139565881077
2.756,-1.60995458896608
2.7565,1.9208755565534
2.757,1.61844920059141
2.7575,-1.91205310954195
2.758,-1.60929713862288
2.7585,1.92153300518509
2.759,1.61779175201687
2.7595,-1.91271056027402
2.76,-1.60863968828048
2.7605,1.92219045381695
2.761,1.61680557915521
2.7615,-1.9140254617408
2.762,-1.60765351276838
2.7625,1.92219045381695
2.763,1.61614813058087
2.7635,-1.91369673637377
2.764,-1.60666733725809
2.7645,1.92350535108116
2.765,1.61483323343244
2.7655,-1.91468291247553
2.766,-1.60633861208839
2.7665,1.92416279971352
2.767,1.61450450914539
2.7675,-1.91566908857928
2.768,-1.60502371141161
2.7685,1.92482024834604
2.769,1.61351833628434
2.7695,-1.91632653931622
2.77,-1.60502371141161
2.7705,1.92547769697873
2.771,1.61286088771041
2.7715,-1.91698399005404
2.772,-1.60370881073803
2.7725,1.92580642129514
2.773,1.61220343913656
2.7735,-1.91764144079276
2.774,-1.60305136040245
2.7745,1.92679259424461
2.775,1.61088854198911
2.7755,-1.9186276169025
2.776,-1.60173645973368
2.7765,1.9274500428778
2.777,1.6102310934155
2.7775,-1.91895634227285
2.778,-1.60075028423421
2.7785,1.92810749151116
2.779,1.60924492055524
2.7795,-1.91928506764343
2.78,-1.60042155906812
2.7805,1.92876494014468
2.781,1.60891619626853
2.7815,-1.92059996912796
2.782,-1.59943538357104
2.7825,1.92942238877837
2.783,1.60825874769516
2.7835,-1.92092869449965
2.784,-1.59910665840575
2.7845,1.93040856172923
2.785,1.60694385054866
2.7855,-1.92158614524369
2.786,-1.59779175774659
2.7865,1.93106601036334
2.787,1.60661512626209
2.7875,-1.92257232136142
2.788,-1.59680558225432
2.7885,1.93172345899762
2.789,1.60530022911599
2.7895,-1.92257232136142
2.79,-1.59614813192713
2.7905,1.93205218331482
2.791,1.60497150482952
2.7915,-1.92388722285484
2.792,-1.59516195643786
2.7925,1.93270963194936
2.793,1.60398533197021
2.7935,-1.92421594822875
2.794,-1.59450450611267
2.7945,1.93303835626669
2.795,1.60267043482474
2.7955,-1.92487339897723
2.796,-1.59351833062639
2.7965,1.93435325353643
2.797,1.60201298625212
2.7975,-1.92585957510163
2.798,-1.5928608803032
2.7985,1.93501070217155
2.799,1.60102681339334
2.7995,-1.92618830047687
2.8,-1.59220342998081
2.8005,1.93632559944231
2.801,1.60102681339334
2.8015,-1.92684575122803
2.802,-1.59088852933843
2.8025,1.93632559944231
2.803,1.60036936482092
2.8035,-1.92783192735643
2.804,-1.59055980417833
2.8045,1.93731177239582
2.805,1.59905446767631
2.8055,-1.92816065273301
2.806,-1.58957362869923
2.8065,1.93796922103171
2.807,1.59839701910412
2.8075,-1.92947555424155
2.808,-1.58891617838083
2.8085,1.93862666966777
2.809,1.59806829481805
2.8095,-1.92980427961924
2.81,-1.58760127774642
2.8105,1.93928411830399
2.811,1.59675339767398
2.8115,-1.93013300499715
2.812,-1.58694382743041
2.8125,1.93928411830399
2.813,1.59576722481612
2.8135,-1.93079045575365
2.814,-1.5862863771152
2.8145,1.94059901557696
2.815,1.59478105195844
2.8155,-1.93144790651104
2.816,-1.58497147648716
2.8165,1.94092773989531
2.817,1.59412360338675
2.8175,-1.93243408264879
2.818,-1.58431402617433
2.8185,1.94191391285061
2.819,1.59313743052935
2.8195,-1.93309153340841
2.82,-1.58398530101822
2.8205,1.9429000858063
2.821,1.59247998195785
2.8215,-1.93374898416892
2.822,-1.58299912555107
2.8225,1.94322881012495
2.823,1.59182253338642
2.8235,-1.93506388569261
2.824,-1.58234167524064
2.8245,1.94421498308115
2.825,1.59083636052942
2.8255,-1.93506388569261
2.826,-1.58102677462215
2.8265,1.94487243171884
2.827,1.59017891195818
2.8275,-1.93572133645579
2.828,-1.5803693243141
2.8285,1.94552988035669
2.829,1.58919273910145
2.8295,-1.93637878721987
2.83,-1.58004059916037
2.8305,1.94618732899472
2.831,1.5885352905304
2.8315,-1.9376936887507
2.832,-1.57872569854745
2.8325,1.94717350195208
2.833,1.58787784195942
2.8335,-1.9376936887507
2.834,-1.57806824824218
2.8345,1.94783095059054
2.835,1.58689166910309
2.8355,-1.93835113951745
2.836,-1.57708207278576
2.8365,1.94815967490983
2.837,1.58623422053229
2.8375,-1.9390085902851
2.838,-1.57576717217998
2.8385,1.94914584786798
2.839,1.58557677196157
2.8395,-1.93999476643825
2.84,-1.57576717217998
2.8405,1.94980329650695
2.841,1.58459059910563
2.8415,-1.94065221720813
2.842,-1.57412354642723
2.8425,1.9504607451461
2.843,1.58360442624985
2.8435,-1.9413096679789
2.844,-1.57412354642723
2.8445,1.95111819378543
2.845,1.58294697767942
2.8455,-1.9413096679789
2.846,-1.57280864582859
2.8465,1.95177564242493
2.847,1.58196080482391
2.8475,-1.94262456952314
2.848,-1.5718224703817
2.8485,1.9524330910646
2.849,1.58130335625366
2.8495,-1.94328202029659
2.85,-1.57149374523313
2.8505,1.9527618153845
2.851,1.58031718339843
2.8515,-1.94426819645845
2.852,-1.57083629493659
2.8525,1.95341926402443
2.853,1.57965973482836
2.8535,-1.94426819645845
2.854,-1.56952139434588
2.8545,1.95440543698466
2.855,1.57900228625837
2.8555,-1.94492564723415
2.856,-1.56886394405171
2.8565,1.95506288562503
2.857,1.57834483768844
2.8575,-1.94591182339937
2.858,-1.56820649375833
2.8585,1.95539160994528
2.859,1.57670121626395
2.8595,-1.9465692741773
2.86,-1.56722031831975
2.8605,1.9563777829063
2.861,1.57604376769428
2.8615,-1.94755545034587
2.862,-1.56656286802836
2.8625,1.95670650722672
2.863,1.57538631912467
2.8635,-1.94821290112604
2.864,-1.56524796744794
2.8645,1.9573639558677
2.865,1.57407142198568
2.8655,-1.94854162651646
2.866,-1.56491924230333
2.8665,1.95835012882951
2.867,1.57374269770097
2.8675,-1.94919907729798
2.868,-1.56393306687068
2.8685,1.95835012882951
2.869,1.57242780056233
2.8695,-1.94985652808038
2.87,-1.56294689143981
2.8705,1.95966502611253
2.871,1.57209907627771
2.8715,-1.95051397886369
2.872,-1.56228944115355
2.8725,1.9603224747543
2.873,1.57144162770853
2.8735,-1.95117142964789
2.874,-1.56130326572565
2.8745,1.96130864771729
2.875,1.57012673057038
2.8755,-1.95182888043299
2.876,-1.56031709029952
2.8765,1.96097992339625
2.877,1.56946928200141
2.8775,-1.95281505661232
2.878,-1.55965964001642
2.8785,1.96229482068068
2.879,1.56848310914808
2.8795,-1.95314378200588
2.88,-1.55965964001642
2.8805,1.96295226932316
2.881,1.56815438486367
2.8815,-1.95380123279367
2.882,-1.55768728917186
2.8825,1.96328099364446
2.883,1.5674969362949
2.8835,-1.9541299581879
2.884,-1.55702983889191
2.8845,1.96426716660865
2.885,1.56585331487328
2.8855,-1.95511613437194
2.886,-1.55637238861276
2.8865,1.96459589093013
2.887,1.56552459058901
2.8875,-1.9564310359538
2.888,-1.55571493833439
2.8885,1.96558206389485
2.889,1.56355224488373
2.8895,-1.95675976134983
2.89,-1.55472876291832
2.8905,1.96623951253821
2.891,1.56322352059958
2.8915,-1.95741721214255
2.892,-1.55407131264192
2.8925,1.96656823685996
2.893,1.56256607203132
2.8935,-1.95840338833333
2.894,-1.55374258750402
2.8945,1.9672256855036
2.895,1.56157989917906
2.8955,-1.9587321137307
2.896,-1.55242768695438
2.8965,1.96788313414741
2.897,1.56125117489501
2.8975,-1.9590608391283
2.898,-1.55177023668074
2.8985,1.9685405827914
2.899,1.56026500204295
2.8995,-1.96004701532245
2.9,-1.55078406127175
2.9005,1.96919803143556
2.901,1.55993627775896
2.9015,-1.96070446611967
2.902,-1.55012661100008
2.9025,1.96985548007991
2.903,1.55862138062318
2.9035,-1.96136191691779
2.904,-1.54946916072919
2.9045,1.97051292872444
2.905,1.55763520777152
2.9055,-1.96169064231718
2.906,-1.54782553505542
2.9065,1.97117037736914
2.907,1.55697775920383
2.9075,-1.96267681851672
2.908,-1.54716808478728
2.9085,1.97182782601403
2.909,1.55566286206864
2.9095,-1.96333426931754
2.91,-1.54683935965351
2.9105,1.97248527465909
2.911,1.55533413778489
2.9115,-1.96399172011926
2.912,-1.54552445912038
2.9125,1.97314272330433
2.913,1.55467668921743
2.9135,-1.96497789632352
2.914,-1.54519573398759
2.9145,1.97380017194975
2.915,1.55336179208269
2.9155,-1.9653066217254
2.916,-1.54388083345839
2.9165,1.97445762059536
2.917,1.55237561923182
2.9175,-1.96563534712749
2.918,-1.54256593293233
2.9185,1.97511506924114
2.919,1.55171817066464
2.9195,-1.96629279793236
2.92,-1.54256593293233
2.9205,1.9754437935641
2.921,1.55106072209754
2.9215,-1.96727897414135
2.922,-1.54190848267047
2.9225,1.97610124221015
2.923,1.55007454924699
2.9235,-1.9676076995448
2.924,-1.54092230727916
2.9245,1.9774161395028
2.925,1.54974582496351
2.9255,-1.96793642494847
2.926,-1.53960740676016
2.9265,1.9774161395028
2.927,1.54875965211316
2.9275,-1.96925132656542
2.928,-1.53894995650183
2.9285,1.97873103679617
2.929,1.54810220354634
2.9295,-1.96990877737525
2.93,-1.53763505598753
2.9305,1.97905976111963
2.931,1.54678730641289
2.9315,-1.97089495359168
2.932,-1.53697760573156
2.9325,1.98004593409027
2.933,1.54678730641289
2.9335,-1.97089495359168
2.934,-1.53697760573156
2.9345,1.98037465841391
2.935,1.54514368499643
2.9355,-1.97220985521674
2.936,-1.53566270522195
2.9365,1.9813608313851
2.937,1.54448623642995
2.9375,-1.97253858062357
2.938,-1.53500525496833
2.9385,1.98201828003278
2.939,1.54350006358035
2.9395,-1.97286730603062
2.94,-1.53401907958935
2.9405,1.98267572868065
2.941,1.54284261501403
2.9415,-1.97385348225314
2.942,-1.53303290421214
2.9425,1.98300445300465
2.943,1.54218516644777
2.9435,-1.9741822076611
2.944,-1.53237545396164
2.9445,1.98366190165279
2.945,1.5411989935985
2.9455,-1.97516838388633
2.946,-1.53138927858736
2.9465,1.98431935030112
2.947,1.5405415450324
2.9475,-1.97615456011359
2.948,-1.53073182833881
2.9485,1.98563424759831
2.949,1.53922664790037
2.9495,-1.97582583470428
2.95,-1.53007437809105
2.9505,1.98596297192273
2.951,1.5388979236174
2.9515,-1.97714073634288
2.952,-1.52908820272087
2.9525,1.98662042057169
2.953,1.53791175076858
2.9535,-1.97779818716354
2.954,-1.52843075247506
2.9545,1.98727786922084
2.955,1.53692557791991
2.9555,-1.9784556379851
2.956,-1.52711585198578
2.9565,1.98760659354548
2.957,1.53659685363704
2.9575,-1.97911308880757
2.958,-1.52612967662087
2.9585,1.98826404219491
2.959,1.53528195650574
2.9595,-1.97944181421914
2.96,-1.52547222637857
2.9605,1.98925021516939
2.961,1.53462450794018
2.9615,-1.98009926504296
2.962,-1.52415732589631
2.9625,1.98990766381927
2.963,1.53363833509195
2.9635,-1.98075671586769
2.964,-1.52415732589631
2.9645,1.99056511246934
2.965,1.53265216224385
2.9655,-1.98141416669332
2.966,-1.52317115053666
2.9665,1.99089383679444
2.967,1.53199471367853
2.9675,-1.98207161751986
2.968,-1.52218497517876
2.9685,1.99220873409532
2.969,1.53133726511326
2.9695,-1.98240034293346
2.97,-1.52087007470429
2.9705,1.99253745842065
2.971,1.53067981654805
2.9715,-1.98338651917565
2.972,-1.52021262446823
2.9725,1.99253745842065
2.973,1.52936491941781
2.9735,-1.98371524459016
2.974,-1.51988389935049
2.9745,1.99352363139693
2.975,1.52870747085278
2.9755,-1.98503014625047
2.976,-1.51856899888147
2.9765,1.99450980437363
2.977,1.52805002228781
2.9775,-1.98568759708199
2.978,-1.51758282353175
2.9785,1.99450980437363
2.979,1.52673512515803
2.9795,-1.98568759708199
2.98,-1.51725409841556
2.9805,1.99516725302499
2.981,1.52607767659323
2.9815,-1.98700249874774
2.982,-1.51593919795276
2.9825,1.99582470167654
2.983,1.52542022802848
2.9835,-1.98733122416475
2.984,-1.51561047283755
2.9845,1.99681087465422
2.985,1.52443405518147
2.9855,-1.98733122416475
2.986,-1.51462429749308
2.9865,1.99779704763231
2.987,1.52377660661687
2.9875,-1.98897485125317
2.988,-1.51363812215035
2.9885,1.99812577195843
2.989,1.52311915805232
2.9895,-1.98897485125317
2.99,-1.5123232216961
2.9905,1.99911194493709
2.991,1.52213298520561
2.9915,-1.98996102750894
2.992,-1.51199449658302
2.9925,1.99976939358975
2.993,1.52081808807685
2.9935,-1.99028975292799
2.994,-1.51100832124495
2.9945,2.00009811791616
2.995,1.52016063951256
2.9955,-1.99094720376676
2.996,-1.50969342079691
2.9965,2.00108429089565
2.997,1.51983191523043
2.9975,-1.99226210544702
2.998,-1.50936469568539
2.9985,2.00174173954888
2.999,1.51818829382001
2.9995,-1.99226210544702
3,-1.50804979524122
3.0005,2.00207046387557
3.001,1.51785956953797
3.0015,-1.99357700713092
3.002,-1.5073923450203
3.0025,2.00272791252908
3.003,1.51720212097392
3.0035,-1.9932482817096
3.004,-1.50706361991013
3.0045,2.00338536118278
3.005,1.51588722384599
3.0055,-1.99456318339622
3.006,-1.50607744458078
3.0065,2.0037140855097
3.007,1.51522977528211
3.0075,-1.99554935966357
3.008,-1.50509126925318
3.0085,2.00437153416368
3.009,1.51391487815451
3.0095,-1.99554935966357
3.01,-1.50443381903575
3.0105,2.00502898281785
3.011,1.51325742959079
3.0115,-1.99653553593296
3.012,-1.50344764371105
3.0125,2.00568643147221
3.013,1.51259998102712
3.0135,-1.99686426135655
3.014,-1.50344764371105
3.0145,2.00700132878149
3.015,1.51161380818173
3.0155,-1.9975217122044
3.016,-1.50180401817375
3.0165,2.00765877743642
3.017,1.51062763533645
3.0175,-1.99850788847789
3.018,-1.50081784285369
3.0185,2.00765877743642
3.019,1.50964146249129
3.0195,-1.99883661390284
3.02,-1.49983166753537
3.0205,2.00864495041916
3.021,1.50931273820959
3.0215,-1.99949406475342
3.022,-1.49917421732412
3.0225,2.00930239907456
3.023,1.50832656536459
3.0235,-2.00015151560491
3.024,-1.49851676711365
3.0245,2.00963112340233
3.025,1.5073403925197
3.0255,-2.00080896645731
3.026,-1.49753059179938
3.0265,2.01028857205801
3.027,1.50635421967494
3.0275,-2.00113769188386
3.028,-1.49621569138307
3.0285,2.01094602071389
3.029,1.50536804683028
3.0295,-2.00212386816485
3.03,-1.49588696627947
3.0305,2.01160346936995
3.031,1.50471059826725
3.0315,-2.00278131901998
3.032,-1.49490079096984
3.0325,2.01226091802621
3.033,1.50372442542279
3.0335,-2.00343876987602
3.034,-1.4935858905597
3.0345,2.01291836668265
3.035,1.50240952829702
3.0355,-2.00409622073298
3.036,-1.49292844035578
3.0365,2.01357581533928
3.037,1.50240952829702
3.0375,-2.00475367159084
3.038,-1.49259971525411
3.0385,2.0145619883246
3.039,1.50109463117146
3.0395,-2.00541112244962
3.04,-1.49161353995027
3.0405,2.01489071265313
3.041,1.5007659068901
3.0415,-2.00606857330931
3.042,-1.49062736464815
3.0425,2.01521943698171
3.043,1.49945100976479
3.0435,-2.00639729873949
3.044,-1.49029863954783
3.0445,2.01587688563901
3.045,1.49846483692093
3.0455,-2.00672602416991
3.046,-1.48931246424803
3.0465,2.01587688563901
3.047,1.49780738835843
3.0475,-2.00771220046252
3.048,-1.48799756385098
3.0485,2.01719178295419
3.049,1.49682121551476
3.0495,-2.0083696513254
3.05,-1.48734011365362
3.0505,2.01817795594108
3.051,1.49616376695237
3.0515,-2.00935582762143
3.052,-1.48602521326119
3.0525,2.01817795594108
3.053,1.49517759410889
3.0535,-2.01001327848659
3.054,-1.48569648816356
3.0545,2.01916412892841
3.055,1.49419142126551
3.0555,-2.01034200391951
3.056,-1.48438158777498
3.0565,2.01949285325761
3.057,1.49386269698441
3.0575,-2.01099945478604
3.058,-1.48372413758184
3.0585,2.02047902624551
3.059,1.49254779986013
3.0595,-2.01198563108755
3.06,-1.48306668738947
3.0605,2.02080775057491
3.061,1.49156162701705
3.0615,-2.01231435652184
3.062,-1.48240923719787
3.0625,2.02212264789298
3.063,1.49090417845505
3.0635,-2.01362925826129
3.064,-1.48142306191191
3.0645,2.02212264789298
3.065,1.49057545417407
3.0655,-2.01330053282609
3.066,-1.48043688662767
3.0665,2.0227800965523
3.067,1.4895892813312
3.0675,-2.01428670913239
3.068,-1.47945071134516
3.0685,2.02376626954165
3.069,1.48794565992665
3.0695,-2.01428670913239
3.07,-1.47912198625138
3.0705,2.02409499387153
3.071,1.48761693564577
3.0715,-2.01593033631413
3.072,-1.47747836078533
3.0725,2.02475244253143
3.073,1.48630203852239
3.0735,-2.01625906175117
3.074,-1.47747836078533
3.0745,2.02573861552165
3.075,1.48597331424157
3.0755,-2.01658778718843
3.076,-1.47583473532407
3.0765,2.02606733985182
3.077,1.48531586567997
3.0775,-2.01757396350159
3.078,-1.47550601023239
3.0785,2.02738223717299
3.079,1.48432969283766
3.0795,-2.01823141437817
3.08,-1.4745198349585
3.0805,2.0277109615034
3.081,1.48334351999545
3.0815,-2.01823141437817
3.082,-1.47353365968634
3.0825,2.02836841016438
3.083,1.48268607143403
3.0835,-2.01921759069476
3.084,-1.47287620950586
3.0845,2.0293545831562
3.085,1.48137117431134
3.0855,-2.01987504157363
3.086,-1.47189003423657
3.0865,2.0293545831562
3.087,1.48104245003069
3.0875,-2.02053249245342
3.088,-1.4705751338802
3.0885,2.03034075614847
3.089,1.48005627718882
3.0895,-2.02118994333412
3.09,-1.46991768370316
3.0905,2.03066948047932
3.091,1.47939882862763
3.0915,-2.02151866877482
3.092,-1.46860278335137
3.0925,2.03099820481022
3.093,1.47841265578592
3.0935,-2.02250484509827
3.094,-1.46860278335137
3.0945,2.03198437780322
3.095,1.4770977586638
3.0955,-2.02283357053988
3.096,-1.46761660808954
3.0965,2.03231310213432
3.097,1.47611158582233
3.0975,-2.02381974686609
3.098,-1.46663043282942
3.0985,2.03297055079666
3.099,1.47512541298095
3.0995,-2.02414847230861
3.1,-1.46564425757102
3.1005,2.0336279994592
3.101,1.47446796442009
3.1015,-2.02513464863757
3.102,-1.46531553248527
3.1025,2.03395672379054
3.103,1.47381051585927
3.1035,-2.02612082496859
3.104,-1.46432935722917
3.1045,2.03461417245337
3.105,1.47315306729849
3.1055,-2.02612082496859
3.106,-1.46334318197478
3.1065,2.03560034544799
3.107,1.47183817017706
3.1075,-2.02644955041272
3.108,-1.46268573180614
3.1085,2.03625779411131
3.109,1.47118072161641
3.1095,-2.02710700130167
3.11,-1.46169955655461
3.1105,2.03658651844305
3.111,1.4705232730558
3.1115,-2.02875062852806
3.112,-1.4603846562219
3.1125,2.03724396710667
3.113,1.46953710021497
3.1135,-2.02875062852806
3.114,-1.4600559311392
3.1145,2.03790141577049
3.115,1.46887965165447
3.1155,-2.02940807942022
3.116,-1.45841230572856
3.1165,2.03823014010247
3.117,1.46789347881379
3.1175,-2.02973680486665
3.118,-1.45775485556564
3.1185,2.03921631309871
3.119,1.46657858169303
3.1195,-2.0300655303133
3.12,-1.45676868032268
3.1205,2.03987376176312
3.121,1.46592113313271
3.1215,-2.03105170665465
3.122,-1.45578250508143
3.1225,2.04053121042773
3.123,1.46493496029231
3.1235,-2.03138043210222
3.124,-1.45512505492155
3.1245,2.04085993476011
3.125,1.46427751173209
3.1255,-2.03236660844632
3.126,-1.45446760476243
3.1265,2.04118865909254
3.127,1.46329133889184
3.1275,-2.03302405934353
3.128,-1.45348142952517
3.1285,2.04217483209012
3.129,1.46263389033172
3.1295,-2.03335278479248
3.13,-1.45282397936795
3.1305,2.04283228075542
3.131,1.46131899321161
3.1315,-2.03433896114071
3.132,-1.4515090790558
3.1325,2.04348972942093
3.133,1.4609902689316
3.1335,-2.03466768659059
3.134,-1.45085162890085
3.1345,2.04348972942093
3.135,1.45934664753173
3.1355,-2.03532513749102
3.136,-1.45019417874667
3.1365,2.04447590241955
3.137,1.45868919897185
3.1375,-2.03598258839237
3.138,-1.44887927844059
3.1385,2.04513335108555
3.139,1.45803175041201
3.1395,-2.03696876474612
3.14,-1.44855055336454
3.1405,2.04644824841815
3.141,1.45704557757232
3.1415,-2.03729749019783
3.142,-1.44756437813754
3.1425,2.04611952408493
3.143,1.45704557757232
3.1435,-2.03828366655434
3.144,-1.44690692798715
3.1445,2.04710569708475
3.145,1.45540195617302
3.1455,-2.03828366655434
3.146,-1.44559202768865
3.1465,2.04743442141813
3.147,1.45441578333356
3.1475,-2.0399272938198
3.148,-1.44493457754054
3.1485,2.04809187008503
3.149,1.4531008862144
3.1495,-2.0399272938198
3.15,-1.44394840231979
3.1505,2.04907804308575
3.151,1.45277216193464
3.1515,-2.04091347018183
3.152,-1.44296222710075
3.1525,2.04973549175315
3.153,1.45211471337513
3.1535,-2.04091347018183
3.154,-1.44263350202811
3.1545,2.05039294042075
3.155,1.45112854053595
3.1555,-2.04189964654594
3.156,-1.44131860173946
3.1565,2.05072166475463
3.157,1.45014236769685
3.1575,-2.0422283720011
3.158,-1.44033242652496
3.1585,2.05137911342253
3.159,1.44948491913749
3.1595,-2.04354327382406
3.16,-1.44066115159627
3.1605,2.05203656209064
3.161,1.44882747057817
3.1615,-2.04387199928038
3.162,-1.43868880117124
3.1625,2.05269401075894
3.163,1.44817002201889
3.1635,-2.04420072473692
3.164,-1.43836007610106
3.1645,2.05335145942745
3.165,1.44685512490042
3.1655,-2.04485817565071
3.166,-1.43671645075301
3.1665,2.05400890809616
3.167,1.44619767634125
3.1675,-2.04485817565071
3.168,-1.43638772568397
3.1685,2.05466635676507
3.169,1.44521150350255
3.1695,-2.04551562656542
3.17,-1.43540155047797
3.1705,2.05532380543418
3.171,1.44455405494346
3.1715,-2.0468305283976
3.172,-1.43441537527367
3.1725,2.05565252976882
3.173,1.44356788210489
3.1735,-2.0465018029392
3.174,-1.43342920007107
3.1745,2.05663870277302
3.175,1.4425817092664
3.1755,-2.04748797931507
3.176,-1.43310047500392
3.1765,2.05696742710785
3.177,1.44159553642798
3.1775,-2.04814543023347
3.178,-1.43211429980358
3.1785,2.05729615144274
3.179,1.44093808786908
3.1795,-2.04880288115279
3.18,-1.43145684967096
3.1805,2.0582823244477
3.181,1.4399519150308
3.1815,-2.04913160661279
3.182,-1.42981322434272
3.1825,2.05926849745312
3.183,1.43929446647198
3.1835,-2.0497890575335
3.184,-1.42981322434272
3.1845,2.05992594612365
3.185,1.43797956935445
3.1855,-2.05044650845513
3.186,-1.42849832408352
3.1865,2.06025467045899
3.187,1.43699339651638
3.1875,-2.05143268483931
3.188,-1.4275121488911
3.1885,2.06091211912983
3.189,1.43666467223705
3.1895,-2.05176141030116
3.19,-1.42652597370037
3.1905,2.06156956780088
3.191,1.43567849939908
3.1915,-2.05241886122556
3.192,-1.42586852357416
3.1925,2.06189829213647
3.193,1.43502105084048
3.1935,-2.05307631215089
3.194,-1.42553979851134
3.1945,2.06288446514357
3.195,1.43337742944411
3.1955,-2.0534050376139
3.196,-1.424553623324
3.1965,2.06288446514357
3.197,1.43304870516486
3.1975,-2.05406248854061
3.198,-1.42323872307684
3.1985,2.06387063815113
3.199,1.43206253232716
3.1995,-2.05471993946825
3.2,-1.42225254789345
3.2005,2.06419936248709
3.201,1.43074763521034
3.2015,-2.05570611586144
3.202,-1.42093764765155
3.2025,2.06452808682309
3.203,1.43041891093115
3.2035,-2.05636356679139
3.204,-1.42060892259155
3.2045,2.06584298416763
3.205,1.42910401381448
3.2055,-2.05669229225671
3.206,-1.4199514724721
3.2065,2.0661717085039
3.207,1.42877528953533
3.2075,-2.05767846865406
3.208,-1.41863657223546
3.2085,2.06682915717658
3.209,1.42746039241882
3.2095,-2.05767846865406
3.21,-1.41797912211827
3.2105,2.06715788151299
3.211,1.42713166813971
3.2115,-2.05932209598762
3.212,-1.41666422188614
3.2125,2.06781533018598
3.213,1.42581677102334
3.2135,-2.05899337052044
3.214,-1.41600677177119
3.2145,2.06847277885918
3.215,1.4251593224652
3.2155,-2.06030827239053
3.216,-1.415349321657
3.2165,2.06880150319585
3.217,1.42417314962805
3.2175,-2.06030827239053
3.218,-1.41469187154356
3.2185,2.07011640054306
3.219,1.42318697679096
3.2195,-2.06030827239053
3.22,-1.4137056963748
3.2205,2.07044512487999
3.221,1.42220080395394
3.2215,-2.06195189973335
3.222,-1.41271952120772
3.2225,2.07077384921698
3.223,1.42187207967495
3.2235,-2.06195189973335
3.224,-1.41173334604233
3.2245,2.07176002222824
3.225,1.42055718255905
3.2255,-2.06260935067209
3.226,-1.41107589593301
3.2265,2.07208874656543
3.227,1.41989973400114
3.2275,-2.06293807614182
3.228,-1.41041844582444
3.2285,2.07274619523996
3.229,1.41858483688541
3.2295,-2.06392425255237
3.23,-1.40943227066298
3.2305,2.07340364391471
3.231,1.41792738832758
3.2315,-2.06458170349391
3.232,-1.40811737045031
3.2325,2.07373236825216
3.233,1.41726993976978
3.2335,-2.06523915443636
3.234,-1.40778864539762
3.2345,2.07471854126481
3.235,1.41595504265427
3.2355,-2.06589660537975
3.236,-1.40647374518869
3.2365,2.07504726560247
3.237,1.41529759409656
3.2375,-2.06655405632407
3.238,-1.40515884498276
3.2385,2.07570471427794
3.239,1.41431142126003
3.2395,-2.06688278179657
3.24,-1.40515884498276
3.2405,2.07669088729153
3.241,1.41398269698121
3.2415,-2.06721150726931
3.242,-1.40384394477981
3.2425,2.0770196116295
3.243,1.41299652414476
3.2435,-2.06786895821548
3.244,-1.40285776962956
3.2445,2.07767706030559
3.245,1.41168162702959
3.2455,-2.06852640916258
3.246,-1.40187159448099
3.2465,2.0783345089819
3.247,1.41135290275082
3.2475,-2.06951258558497
3.248,-1.40121414438287
3.2485,2.07932068199674
3.249,1.40970928135704
3.2495,-2.06984131105957
3.25,-1.4005566942855
3.2505,2.07964940633513
3.251,1.40905183279957
3.2515,-2.07049876200945
3.252,-1.399241794093
3.2525,2.08030685501205
3.253,1.40839438424212
3.2535,-2.07082748748475
3.254,-1.39858434399787
3.2545,2.0806355793506
3.255,1.40707948712731
3.2555,-2.07115621296027
3.256,-1.39792689390348
3.2565,2.08096430368919
3.257,1.40675076284862
3.2575,-2.07279984034138
3.258,-1.39661199371693
3.2585,2.08162175236654
3.259,1.4057645900126
3.2595,-2.07279984034138
3.26,-1.39595454362478
3.2605,2.08260792538295
3.261,1.40543586573393
3.2615,-2.07378601677283
3.262,-1.3946396434427
3.2625,2.08260792538295
3.263,1.40379224434071
3.2635,-2.07411474225045
3.264,-1.3946396434427
3.2645,2.08359409839984
3.265,1.40280607150484
3.2655,-2.07411474225045
3.266,-1.3933247432636
3.2665,2.08458027141719
3.267,1.40214862294763
3.2675,-2.07575836964202
3.268,-1.39233856813123
3.2685,2.08490899575642
3.269,1.40149117439044
3.2695,-2.07542964416324
3.27,-1.39168111804391
3.2705,2.08556644443503
3.271,1.40083372583327
3.2715,-2.07674454607975
3.272,-1.39069494291432
3.2725,2.08589516877441
3.273,1.39984755299756
3.2735,-2.07641582060028
3.274,-1.3903662178715
3.2745,2.08688134179287
3.275,1.39853265588336
3.2755,-2.07773072251958
3.276,-1.38905131770206
3.2765,2.08721006613246
3.277,1.39754648304777
3.2775,-2.07838817348064
3.278,-1.38740769249443
3.2785,2.08753879047211
3.279,1.39688903449073
3.2795,-2.07904562444262
3.28,-1.38707896745347
3.2805,2.08852496349136
3.281,1.39623158593372
3.2815,-2.07937434992396
3.282,-1.38609279233167
3.2825,2.08852496349136
3.283,1.39524541309824
3.2835,-2.08036052636938
3.284,-1.38576406729145
3.2845,2.08983986085111
3.285,1.39425924026281
3.2855,-2.08036052636938
3.286,-1.38444916713239
3.2865,2.09016858519118
3.287,1.39360179170588
3.2875,-2.08167542829986
3.288,-1.38379171705398
3.2885,2.0904973095313
3.289,1.39228689459209
3.2895,-2.08200415378307
3.29,-1.38280554193775
3.2905,2.09148348255198
3.291,1.3913007217568
3.2915,-2.08331905571822
3.292,-1.38181936682318
3.2925,2.09181220689232
3.293,1.39031454892156
3.2935,-2.08299033023408
3.294,-1.38116191674773
3.2945,2.09214093123271
3.295,1.38965710036475
3.2955,-2.08364778120259
3.296,-1.38017574163594
3.2965,2.09312710425419
3.297,1.38932837608636
3.2975,-2.0846339576571
3.298,-1.37886084148948
3.2985,2.09345582859478
3.299,1.38768475469445
3.2995,-2.0846339576571
3.3,-1.37853211645333
3.3005,2.09477072595771
3.301,1.38735603041609
3.3015,-2.08529140862794
3.302,-1.37721721631056
3.3025,2.0944420016169
3.303,1.38604113330267
3.3035,-2.08594885959971
3.304,-1.37688849127533
3.3045,2.0954281746395
3.305,1.38538368474599
3.3055,-2.08594885959971
3.306,-1.37557359113626
3.3065,2.09575689898047
3.307,1.38505496046766
3.3075,-2.08693503605912
3.308,-1.37491614106784
3.3085,2.09674307200371
3.309,1.38374006335437
3.3095,-2.08726376154606
3.31,-1.37392996596658
3.3105,2.09740052068614
3.311,1.38242516624116
3.3115,-2.08824993800827
3.312,-1.37294379086699
3.3125,2.09805796936877
3.313,1.38176771768458
3.3135,-2.08923611447259
3.314,-1.37228634080151
3.3145,2.09871541805163
3.315,1.38111026912802
3.3155,-2.08923611447259
3.316,-1.37130016570469
3.3165,2.09871541805163
3.317,1.38012409629321
3.3175,-2.09055101642828
3.318,-1.36998526557817
3.3185,2.09970159107631
3.319,1.37913792345843
3.3195,-2.09055101642828
3.32,-1.36899909048521
3.3205,2.1003590397597
3.321,1.37848047490194
3.3215,-2.0915371928975
3.322,-1.36867036545459
3.3225,2.10068776410147
3.323,1.37749430206723
3.3235,-2.09186591838771
3.324,-1.36801291539391
3.3245,2.10134521278518
3.325,1.37650812923256
3.3255,-2.09219464387815
3.326,-1.36702674030427
3.3265,2.10200266146911
3.327,1.37585068067613
3.3275,-2.09350954584226
3.328,-1.36571184018733
3.3285,2.10200266146911
3.329,1.37486450784152
3.3295,-2.09383827133387
3.33,-1.36505439012996
3.3305,2.1029888344954
3.331,1.37387833500694
3.3315,-2.09416699682571
3.332,-1.36373949001744
3.3325,2.10331755883761
3.333,1.3728921621724
3.3335,-2.0948244478101
3.334,-1.36275331493497
3.3345,2.10397500752218
3.335,1.37157726505973
3.3355,-2.09548189879543
3.336,-1.36209586488091
3.3365,2.10496118054944
3.337,1.37124854078157
3.3375,-2.09646807527518
3.338,-1.36143841482759
3.3385,2.10528990489197
3.339,1.36993364366897
3.3395,-2.09646807527518
3.34,-1.360780964775
3.3405,2.10594735357719
3.341,1.36894747083456
3.3415,-2.09745425175703
3.342,-1.35946606467203
3.3425,2.10594735357719
3.343,1.36829002227831
3.3435,-2.09778297725145
3.344,-1.35913733964675
3.3445,2.10693352660543
3.345,1.36730384944395
3.3455,-2.09844042824099
3.346,-1.35749371452308
3.3465,2.10759097529119
3.347,1.36598895233152
3.3475,-2.09942660472706
3.348,-1.35749371452308
3.3485,2.10759097529119
3.349,1.36533150377532
3.3495,-2.09942660472706
3.35,-1.35650753945108
3.3505,2.10890587266336
3.351,1.36434533094106
3.3515,-2.10041278121524
3.352,-1.35486391433475
3.3525,2.10890587266336
3.353,1.36368788238489
3.3535,-2.10074150671177
3.354,-1.35453518931204
3.3545,2.10989204569306
3.355,1.36237298527261
3.3555,-2.10139895770553
3.356,-1.35354901424499
3.3565,2.1102207700364
3.357,1.36171553671648
3.3575,-2.10172768320276
3.358,-1.3528915642012
3.3585,2.11087821872324
3.359,1.36072936388232
3.3595,-2.10238513419793
3.36,-1.35157666411583
3.3605,2.11153566741031
3.361,1.36040063960427
3.3615,-2.10304258519403
3.362,-1.35059048905373
3.3625,2.11219311609759
3.363,1.35974319104818
3.3635,-2.10370003619108
3.364,-1.34993303901324
3.3645,2.11285056478509
3.365,1.35809956965801
3.3655,-2.10435748718906
3.366,-1.34861813893445
3.3665,2.1135080134728
3.367,1.35744212110196
3.3675,-2.10501493818798
3.368,-1.34763196387729
3.3685,2.11449418650479
3.369,1.3564559482679
3.3695,-2.10534366368779
3.37,-1.3473032388586
3.3705,2.11449418650479
3.371,1.35546977543387
3.3715,-2.10567238918784
3.372,-1.34631706380362
3.3725,2.11515163519305
3.373,1.35546977543387
3.3735,-2.10665856568939
3.374,-1.34533088875029
3.3745,2.11613780822585
3.375,1.35349742976588
3.3755,-2.10731601669159
3.376,-1.34401598868174
3.3765,2.11613780822585
3.377,1.35316870548789
3.3775,-2.10764474219305
3.378,-1.34335853864856
3.3785,2.11679525691466
3.379,1.35218253265393
3.3795,-2.10764474219305
3.38,-1.34237236360016
3.3805,2.11778142994829
3.381,1.35152508409798
3.3815,-2.10895964420122
3.382,-1.3413861885534
3.3825,2.11811015429294
3.383,1.35053891126406
3.3835,-2.10895964420122
3.384,-1.34040001350828
3.3845,2.1194250516721
3.385,1.34988146270812
3.3855,-2.10961709520671
3.386,-1.3394138384648
3.3865,2.11975377601703
3.387,1.3492240141522
3.3875,-2.11027454621315
3.388,-1.33842766342296
3.3885,2.12106867339728
3.389,1.34790911704037
3.3895,-2.11060327171672
3.39,-1.33777021339598
3.3905,2.12106867339728
3.391,1.34692294420652
3.3915,-2.11158944822884
3.392,-1.33678403835687
3.3925,2.12139739774248
3.393,1.34659421992857
3.3935,-2.11158944822884
3.394,-1.33612658833171
3.3945,2.12172612208774
3.395,1.34527932281681
3.3955,-2.11257562474308
3.396,-1.33514041329533
3.3965,2.12205484643305
3.397,1.34495059853888
3.3975,-2.11389052676535
3.398,-1.33448296327199
3.3985,2.12271229512384
3.399,1.34330697714923
3.3995,-2.11356180125943
3.4,-1.33349678823834
3.4005,2.12304101946932
3.401,1.34232080431546
3.4015,-2.11421925227151
3.402,-1.33283933821682
3.4025,2.12369846816044
3.403,1.3413346314817
3.4035,-2.11487670328453
3.404,-1.3318531631859
3.4045,2.12468464119753
3.405,1.34034845864796
3.4055,-2.1152054287914
3.406,-1.33053826314721
3.4065,2.12468464119753
3.407,1.33969101009214
3.4075,-2.1165203308212
3.408,-1.32922336311143
3.4085,2.12534208988921
3.409,1.33903356153633
3.4095,-2.11684905632924
3.41,-1.32922336311143
3.4105,2.1259995385811
3.411,1.33804738870262
3.4115,-2.11717778183752
3.412,-1.3282371880865
3.4125,2.12665698727322
3.413,1.33706121586893
3.4135,-2.11783523285478
3.414,-1.32757973807078
3.4145,2.12731443596556
3.415,1.33607504303524
3.4155,-2.11816395836376
3.416,-1.32626483804154
3.4165,2.12731443596556
3.417,1.33476014592368
3.4175,-2.11915013489212
3.418,-1.32494993801519
3.4185,2.12797188465812
3.419,1.33410269736791
3.4195,-2.11947886040205
3.42,-1.32462121300905
3.4205,2.12928678204391
3.421,1.33410269736791
3.4215,-2.12013631142261
3.422,-1.32330631298633
3.4225,2.12994423073713
3.423,1.3324590759785
3.4235,-2.12079376244411
3.424,-1.32264886297605
3.4245,2.13027295508383
3.425,1.33147290314486
3.4255,-2.12112248795521
3.426,-1.321662687962
3.4265,2.13093040377739
3.427,1.33081545458911
3.4275,-2.12210866448994
3.428,-1.32067651294957
3.4285,2.13158785247118
3.429,1.32982928175549
3.4295,-2.12177993897813
3.43,-1.32001906294219
3.4305,2.13191657681816
3.431,1.32884310892187
3.4315,-2.12309484102679
3.432,-1.3187041629296
3.4325,2.13224530116519
3.433,1.32785693608827
3.4335,-2.12342356653954
3.434,-1.31837543792691
3.4345,2.13356019855388
3.435,1.32719948753253
3.4355,-2.12440974307922
3.436,-1.31706053791793
3.4365,2.13323147420662
3.437,1.32621331469893
3.4375,-2.12473846859292
3.438,-1.3160743629131
3.4385,2.13421764724856
3.439,1.3255558661432
3.4395,-2.12473846859292
3.44,-1.31541691291078
3.4405,2.13487509594346
3.441,1.32456969330962
3.4415,-2.12539591962103
3.442,-1.31410201290831
3.4425,2.13520382029099
3.443,1.32391224475389
3.4435,-2.12572464513544
3.444,-1.31344456290815
3.4445,2.13553254463859
3.445,1.32259734764245
3.4455,-2.12671082168007
3.446,-1.31212966291001
3.4465,2.13586126898623
3.447,1.32161117480887
3.4475,-2.12703954719543
3.448,-1.31180093791093
3.4485,2.1365187176817
3.449,1.3206250019753
3.4495,-2.12769699822684
3.45,-1.3111434879133
3.4505,2.1378336150733
3.451,1.31963882914172
3.4515,-2.1290119002925
3.452,-1.3098285879202
3.4525,2.13816233942134
3.453,1.31898138058601
3.4535,-2.1290119002925
3.454,-1.30884241292728
3.4545,2.13849106376944
3.455,1.31766648347458
3.4555,-2.12966935132675
3.456,-1.30818496293289
3.4565,2.1391485124658
3.457,1.31700903491886
3.4575,-2.13032680236194
3.458,-1.30687006294628
3.4585,2.13980596116239
3.459,1.31569413780743
3.4595,-2.13065552787989
3.46,-1.30654133795008
3.4605,2.13980596116239
3.461,1.31470796497386
3.4615,-2.1313129789165
3.462,-1.30555516296255
3.4625,2.1407921342077
3.463,1.314379240696
3.4635,-2.13164170443516
3.464,-1.30456898797664
3.4645,2.14144958290485
3.465,1.31339306786243
3.4655,-2.1322991554732
3.466,-1.30358281299235
3.4665,2.14177830725351
3.467,1.31207817075099
3.4675,-2.13262788099257
3.468,-1.30259663800968
3.4685,2.14210703160223
3.469,1.31142072219526
3.4695,-2.1336140575521
3.47,-1.30193918802213
3.4705,2.142435755951
3.471,1.31076327363954
3.4715,-2.13427150859297
3.472,-1.30062428804918
3.4725,2.14342192899766
3.473,1.30944837652809
3.4735,-2.13460023411376
3.474,-1.3002955630564
3.4745,2.14407937769572
3.475,1.30846220369449
3.4755,-2.13558641067755
3.476,-1.29930938807911
3.4765,2.14440810204484
3.477,1.30780475513876
3.4775,-2.13624386172126
3.478,-1.29832321310344
3.4785,2.14506555074323
3.479,1.30681858230515
3.4795,-2.13624386172126
3.48,-1.29766576312056
3.4805,2.14572299944186
3.481,1.30583240947154
3.4815,-2.13690131276592
3.482,-1.29667958814758
3.4825,2.14572299944186
3.483,1.30484623663792
3.4835,-2.13755876381153
3.484,-1.29569341317621
3.4845,2.14638044814071
3.485,1.30353133952642
3.4855,-2.13821621485808
3.486,-1.29470723820646
3.4865,2.14703789683979
3.487,1.30353133952642
3.4875,-2.13854494038171
3.488,-1.29404978822752
3.4885,2.14802406988883
3.489,1.30254516669278
3.4895,-2.13887366590558
3.49,-1.29273488827179
3.4905,2.14868151858848
3.491,1.30123026958124
3.4915,-2.13985984247861
3.492,-1.29174871330687
3.4925,2.14901024293839
3.493,1.30090154530336
3.4935,-2.13985984247861
3.494,-1.29109126333115
3.4945,2.14966769163838
3.495,1.29991537246969
3.4955,-2.14084601905378
3.496,-1.29010508836892
3.4965,2.14966769163838
3.497,1.29860047535812
3.4975,-2.14150347010507
3.498,-1.28911891340829
3.4985,2.1506538646888
3.499,1.29794302680233
3.4995,-2.14150347010507
3.5,-1.28813273844928
3.5005,2.15131131338936
3.501,1.29662812969073
3.5015,-2.14248964668379
3.502,-1.28714656349187
3.5025,2.15131131338936
3.503,1.29629940541282
3.5035,-2.14314709773746
3.504,-1.28648911352116
3.5045,2.15196876209015
3.505,1.29498450830119
3.5055,-2.14347582326465
3.506,-1.28550293856643
3.5065,2.15262621079116
3.507,1.29399833546745
3.5075,-2.14446199984765
3.508,-1.2848454885975
3.5085,2.15328365949241
3.509,1.29268343835577
3.5095,-2.14446199984765
3.51,-1.28418803862929
3.5105,2.15394110819389
3.511,1.29202598979992
3.5115,-2.14577690196163
3.512,-1.28254441371187
3.5125,2.15426983254471
3.513,1.29136854124407
3.5135,-2.14577690196163
3.514,-1.28221568872893
3.5145,2.15492728124653
3.515,1.29005364413234
3.5155,-2.14643435302004
3.516,-1.28090078879892
3.5165,2.15525600559753
3.517,1.2897249198544
3.5175,-2.14709180407941
3.518,-1.27991461385329
3.5185,2.15558472994858
3.519,1.28841002274263
3.5195,-2.14742052960945
3.52,-1.27892843890926
3.5205,2.15657090300209
3.521,1.28775257418673
3.5215,-2.14807798067024
3.522,-1.27794226396683
3.5225,2.15689962735337
3.523,1.28676640135287
3.5235,-2.14807798067024
3.524,-1.27794226396683
3.5245,2.15755707605611
3.525,1.28545150424102
3.5255,-2.14939288279467
3.526,-1.27662736404608
3.5265,2.15821452475909
3.527,1.28545150424102
3.5275,-2.14972160832638
3.528,-1.27564118910739
3.5285,2.15887197346229
3.529,1.28413660712914
3.5295,-2.1503790593905
3.53,-1.2746550141703
3.5305,2.15920069781397
3.531,1.28315043429521
3.5315,-2.15070778492291
3.532,-1.27334011425666
3.5325,2.16018687086938
3.533,1.28249298573924
3.5335,-2.15103651045557
3.534,-1.27268266430091
3.5345,2.1605155952213
3.535,1.28117808862728
3.5355,-2.15136523598846
3.536,-1.27169648936862
3.5365,2.1605155952213
3.537,1.28052064007128
3.5375,-2.15202268705496
3.538,-1.27071031443792
3.5385,2.1615017682774
3.539,1.27920574295925
3.5395,-2.15235141258856
3.54,-1.26972413950882
3.5405,2.16215921698176
3.541,1.27920574295925
3.5415,-2.15366631472537
3.542,-1.26873796458132
3.5425,2.16215921698176
3.543,1.27789084584718
3.5435,-2.15366631472537
3.544,-1.26808051463054
3.5445,2.16347411439117
3.545,1.27657594873507
3.5455,-2.15399504026016
3.546,-1.26643688975669
3.5465,2.16380283874366
3.547,1.275918500179
3.5475,-2.15498121686598
3.548,-1.26643688975669
3.5485,2.16413156309622
3.549,1.27493232734487
3.5495,-2.15498121686598
3.55,-1.2651219898608
3.5505,2.1647890118015
3.551,1.27427487878877
3.5515,-2.1566248445471
3.552,-1.26380708996775
3.5525,2.16511773615423
3.553,1.27328870595459
3.5535,-2.15596739347393
3.554,-1.26380708996775
3.5545,2.16577518485986
3.555,1.27230253312039
3.5555,-2.15695357008404
3.556,-1.26249219007752
3.5565,2.16643263356573
3.557,1.27131636028616
3.5575,-2.15761102115863
3.558,-1.26117729019013
3.5585,2.16676135791875
3.559,1.2703301874519
3.5595,-2.15793974669628
3.56,-1.26019111527644
3.5605,2.16741880662497
3.561,1.26967273889571
3.5615,-2.15892592331068
3.562,-1.25986239030556
3.5625,2.16741880662497
3.563,1.26835784178329
3.5635,-2.15925464884928
3.564,-1.258876215394
3.5645,2.16840497968472
3.565,1.26737166894895
3.5655,-2.15958337438813
3.566,-1.25821876545384
3.5665,2.16873370403809
3.567,1.2667142203927
3.5675,-2.1608982765459
3.568,-1.25723259054492
3.5685,2.16939115274501
3.569,1.26605677183643
3.5695,-2.1608982765459
3.57,-1.25624641563759
3.5705,2.16939115274501
3.571,1.26474187472386
3.5715,-2.16155572762621
3.572,-1.25526024073185
3.5725,2.17037732580582
3.573,1.26408442616756
3.5735,-2.16155572762621
3.574,-1.25460279079557
3.5745,2.17136349886715
3.575,1.2627695290549
3.5755,-2.16254190424847
3.576,-1.25328789092513
3.5765,2.17136349886715
3.577,1.26211208049855
3.5775,-2.16319935533117
3.578,-1.25263044099097
3.5785,2.172020947575
3.579,1.26112590766399
3.5795,-2.16319935533117
3.58,-1.25164426609105
3.5805,2.17267839628309
3.581,1.2601397348294
3.5815,-2.16385680641483
3.582,-1.25065809119272
3.5825,2.17300712063722
3.583,1.25915356199478
3.5835,-2.16451425749944
3.584,-1.24967191629597
3.5845,2.17366456934566
3.585,1.25783866488189
3.5855,-2.16550043412815
3.586,-1.2486857414008
3.5865,2.17399329369996
3.587,1.25718121632542
3.5875,-2.16582915967152
3.588,-1.2483570164361
3.5885,2.17465074240875
3.589,1.25652376776893
3.5895,-2.16615788521514
3.59,-1.24704211657904
3.5905,2.17530819111777
3.591,1.25520887065591
3.5915,-2.16714406184743
3.592,-1.2460559416881
3.5925,2.17563691547237
3.593,1.25488014637764
3.5935,-2.16780151293682
3.594,-1.2460559416881
3.5945,2.17596563982703
3.595,1.25356524926453
3.5955,-2.16845896402716
3.596,-1.24474104183597
3.5965,2.17695181289136
3.597,1.25257907642965
3.5975,-2.16845896402716
3.598,-1.24342614198665
3.5985,2.17760926160121
3.599,1.25192162787304
3.5995,-2.1687876895727
3.6,-1.24309741702476
3.6005,2.17760926160121
3.601,1.25060673075978
3.6015,-2.16977386621072
3.602,-1.24145379221794
3.6025,2.17826671031129
3.603,1.25060673075978
3.6035,-2.17010259175721
3.604,-1.24079634229644
3.6045,2.17892415902161
3.605,1.24863438508973
3.6055,-2.17043131730393
3.606,-1.23948144245555
3.6065,2.17925288337686
3.607,1.24830566081138
3.6075,-2.17141749394555
3.608,-1.23882399253615
3.6085,2.17991033208753
3.609,1.24731948797628
3.6095,-2.17141749394555
3.61,-1.23783781765837
3.6105,2.18056778079844
3.611,1.24666203941952
3.6115,-2.17207494504115
3.612,-1.23718036774073
3.6125,2.18122522950959
3.613,1.24534714230595
3.6135,-2.17273239613771
3.614,-1.23619419286558
3.6145,2.18155395386525
3.615,1.24436096947071
3.6155,-2.17273239613771
3.616,-1.2348792930345
3.6165,2.18221140257676
3.617,1.24370352091387
3.6175,-2.17404729833371
3.618,-1.23422184312001
3.6185,2.1825401269326
3.619,1.24238862380012
3.6195,-2.17404729833371
3.62,-1.23356439320622
3.6205,2.18319757564445
3.621,1.24140245096475
3.6215,-2.17503347498322
3.622,-1.23224949338074
3.6225,2.1828688512885
3.623,1.24041627812933
3.6235,-2.1756909260841
3.624,-1.23126331851347
3.6245,2.18418374871269
3.625,1.23943010529387
3.6255,-2.1756909260841
3.626,-1.23027714364777
3.6265,2.18451247306888
3.627,1.23910138101537
3.6275,-2.17601965163489
3.628,-1.22961969373817
3.6285,2.18484119742514
3.629,1.23778648390132
3.6295,-2.17700582828871
3.63,-1.22896224382928
3.6305,2.18582737049426
3.631,1.23680031106572
3.6315,-2.17733455384047
3.632,-1.22797606896724
3.6325,2.18549864613783
3.633,1.23581413823008
3.6335,-2.17766327939246
3.634,-1.22698989410678
3.6345,2.18681354356392
3.635,1.23482796539439
3.6355,-2.17864945604988
3.636,-1.22600371924789
3.6365,2.1871422679206
3.637,1.23417051683723
3.6375,-2.17897818160283
3.638,-1.22501754439056
3.6385,2.18779971663412
3.639,1.23351306828005
3.6395,-2.17996435826312
3.64,-1.22436009448655
3.6405,2.18845716534788
3.641,1.23219817116562
3.6415,-2.18029308381704
3.642,-1.22337391963185
3.6425,2.18845716534788
3.643,1.23121199832973
3.6435,-2.18029308381704
3.644,-1.22271646972958
3.6445,2.18911461406188
3.645,1.23022582549379
3.6455,-2.18095053492558
3.646,-1.22107284497696
3.6465,2.19010078713333
3.647,1.2292396526578
3.6475,-2.18160798603508
3.648,-1.22008667012748
3.6485,2.1904295114906
3.649,1.22825347982175
3.6495,-2.18193671159019
3.65,-1.219757945178
3.6505,2.19108696020532
3.651,1.22792475554306
3.6515,-2.18325161381303
3.652,-1.21844304538182
3.6525,2.19141568456277
3.653,1.22759603126436
3.6535,-2.18292288825696
3.654,-1.21778559548477
3.6545,2.19240185763548
3.655,1.22595240987076
3.6555,-2.18325161381303
3.656,-1.21679942064051
3.6565,2.19207313327785
3.657,1.22529496131328
3.6575,-2.18423779048269
3.658,-1.21548452085059
3.6585,2.19305930635092
3.659,1.22398006419824
3.6595,-2.18456651603972
3.66,-1.21482707095667
3.6605,2.19338803070872
3.661,1.22365133991946
3.6615,-2.18588141827025
3.662,-1.21351217117092
3.6625,2.19437420378251
3.663,1.22200771852548
3.6635,-2.18555269271225
3.664,-1.21285472127909
3.6645,2.19503165249867
3.665,1.22135026996785
3.6655,-2.18621014382848
3.666,-1.2115398214975
3.6665,2.19536037685684
3.667,1.22069282141018
3.6675,-2.18686759494566
3.668,-1.21088237160775
3.6685,2.19634654993171
3.669,1.21937792429478
3.6695,-2.18686759494566
3.67,-1.21022492171869
3.6705,2.19667527429012
3.671,1.21872047573703
3.6715,-2.18752504606381
3.672,-1.20891002194265
3.6725,2.19667527429012
3.673,1.21806302717926
3.6735,-2.18785377162324
3.674,-1.20825257205567
3.6745,2.19700399864859
3.675,1.21674813006364
3.6755,-2.18883994830299
3.676,-1.2072663972265
3.6765,2.19766144736571
3.677,1.21609068150578
3.6775,-2.18949739942402
3.678,-1.20628022239889
3.6785,2.19831889608308
3.679,1.21477578438999
3.6795,-2.18949739942402
3.68,-1.20562277251468
3.6805,2.19831889608308
3.681,1.21444706011103
3.6815,-2.19048357610737
3.682,-1.20463659768967
3.6825,2.19930506915958
3.683,1.21313216299509
3.6835,-2.19081230166897
3.684,-1.20365042286621
3.6845,2.19996251787755
3.685,1.21181726587905
3.6855,-2.19146975279288
3.686,-1.2026642480443
3.6865,2.20061996659576
3.687,1.21181726587905
3.6875,-2.1917984783552
3.688,-1.20167807322395
3.6885,2.20094869095495
3.689,1.21017364448382
3.6895,-2.19212720391776
3.69,-1.20069189840516
3.6905,2.20160613967352
3.691,1.20951619592568
3.6915,-2.19311338060689
3.692,-1.19970572358792
3.6925,2.2019348640329
3.693,1.20820129880931
3.6935,-2.19344210617041
3.694,-1.19904827371063
3.6945,2.20259231275184
3.695,1.20754385025108
3.6955,-2.19409955729818
3.696,-1.1977333739581
3.6965,2.2029210371114
3.697,1.20655767741368
3.6975,-2.19409955729818
3.698,-1.19707592408288
3.6985,2.2035784858307
3.699,1.20557150457621
3.6995,-2.19475700842691
3.7,-1.19641847420834
3.7005,2.20390721019044
3.701,1.20491405601786
3.7015,-2.19541445955661
3.702,-1.19444612458887
3.7025,2.20423593455024
3.703,1.20392788318027
3.7035,-2.19574318512182
3.704,-1.19411739965289
3.7045,2.20522210763002
3.705,1.20228426178414
3.7055,-2.19574318512182
3.706,-1.193131224846
3.7065,2.20522210763002
3.707,1.20228426178414
3.7075,-2.19672936181889
3.708,-1.19181632510589
3.7085,2.20653700507057
3.709,1.20096936466709
3.7095,-2.19705808738506
3.71,-1.19115887523686
3.7105,2.20686572943085
3.711,1.20031191610852
3.7115,-2.19804426408503
3.712,-1.19017270043461
3.7125,2.20719445379121
3.713,1.19899701899128
3.7135,-2.19837298965217
3.714,-1.18918652563392
3.7145,2.20752317815162
3.715,1.19768212187391
3.7155,-2.19870171521954
3.716,-1.18852907576764
3.7165,2.20785190251209
3.717,1.19735339759454
3.7175,-2.19903044078716
3.718,-1.18754290096952
3.7185,2.20850935123322
3.719,1.1957097761976
3.7195,-2.19968789192312
3.72,-1.18655672617295
3.7205,2.20916679995459
3.721,1.19538105191819
3.7215,-2.20001661749147
3.722,-1.18557055137792
3.7225,2.20982424867621
3.723,1.1943948790799
3.7235,-2.20034534306005
3.724,-1.18491310151542
3.7245,2.21015297303711
3.725,1.193737430521
3.7255,-2.2016602453368
3.726,-1.18392692672297
3.7265,2.21048169739807
3.727,1.19242253340309
3.7275,-2.2016602453368
3.728,-1.18294075193206
3.7285,2.21146787048132
3.729,1.19143636056457
3.7295,-2.20198897090659
3.73,-1.18195457714269
3.7305,2.21179659484253
3.731,1.19077891200552
3.7315,-2.20330387318817
3.732,-1.18063967742593
3.7325,2.21212531920379
3.733,1.18979273916687
3.7335,-2.20330387318817
3.734,-1.17998222756858
3.7345,2.21278276792651
3.735,1.18847784204854
3.7355,-2.2039613243304
3.736,-1.17899605278384
3.7365,2.21311149228797
3.737,1.18782039348933
3.7375,-2.20429004990188
3.738,-1.17800987800064
3.7385,2.21376894101105
3.739,1.18650549637079
3.7395,-2.20429004990188
3.74,-1.17702370321898
3.7405,2.21442638973439
3.741,1.18584804781147
3.7415,-2.20560495219022
3.742,-1.17636625336539
3.7425,2.21508383845797
3.743,1.18551932353179
3.7435,-2.20560495219022
3.744,-1.17505135366027
3.7445,2.21508383845797
3.745,1.184204426413
3.7455,-2.20626240333584
3.746,-1.17406517888323
3.7465,2.21541256281985
3.747,1.18321825357382
3.7475,-2.20691985448242
3.748,-1.17340772903272
3.7485,2.21639873590586
3.749,1.18223208073455
3.7495,-2.20691985448242
3.75,-1.17242155425824
3.7505,2.21639873590586
3.751,1.18124590789519
3.7515,-2.20790603120411
3.752,-1.17110665456132
3.7525,2.21738490899243
3.753,1.18025973505575
3.7535,-2.20790603120411
3.754,-1.17044920471389
3.7545,2.21837108207956
3.755,1.17927356221623
3.7555,-2.20856348235311
3.756,-1.16946302994401
3.7565,2.21837108207956
3.757,1.1786161136565
3.7575,-2.20856348235311
3.758,-1.16847685517567
3.7585,2.21902853080462
3.759,1.17762994081683
3.7595,-2.20987838465401
3.76,-1.16781940533097
3.7605,2.21935725516724
3.761,1.17664376797708
3.7615,-2.21053583580592
3.762,-1.16683323056519
3.7625,2.21968597952993
3.763,1.17565759513724
3.7635,-2.21053583580592
3.764,-1.16617578072218
3.7645,2.22067215261835
3.765,1.17467142229731
3.7655,-2.21086456138223
3.766,-1.16453215611766
3.7665,2.22100087698128
3.767,1.17401397373731
3.7675,-2.21185073811263
3.768,-1.16387470627704
3.7685,2.22132960134427
3.769,1.17302780089724
3.7695,-2.21217946368991
3.77,-1.16288853151739
3.7705,2.22165832570733
3.771,1.17237035233714
3.7715,-2.21250818926743
3.772,-1.16190235675927
3.7725,2.22264449879687
3.773,1.17138417949692
3.7735,-2.21250818926743
3.774,-1.16157363184023
3.7745,2.22264449879687
3.775,1.1694118338162
3.7755,-2.21349436600146
3.776,-1.1596012823296
3.7765,2.22297322316017
3.777,1.16908310953604
3.7775,-2.21448054273767
3.778,-1.1596012823296
3.7785,2.22363067188697
3.779,1.16809693669551
3.7795,-2.21480926831689
3.78,-1.15861510757658
3.7805,2.22428812061401
3.781,1.16743948813511
3.7815,-2.21513799389635
3.782,-1.15730020790826
3.7825,2.2249455693413
3.783,1.16612459101418
3.7835,-2.21546671947605
3.784,-1.1569714829916
3.7845,2.2249455693413
3.785,1.16480969389309
3.7855,-2.215795445056
3.786,-1.15532785841087
3.7865,2.22527429370504
3.787,1.16448096961279
3.7875,-2.21711034737821
3.788,-1.15467040857976
3.7885,2.22626046679663
3.789,1.16283734821113
3.7895,-2.21711034737821
3.79,-1.15368423383438
3.7905,2.2259317424327
3.791,1.16283734821113
3.7915,-2.21776779854076
3.792,-1.15269805909051
3.7925,2.22724663988878
3.793,1.16185117537001
3.7935,-2.21776779854076
3.794,-1.15204060926212
3.7945,2.22757536425295
3.795,1.16020755396792
3.7955,-2.21875397528642
3.796,-1.1510544345208
3.7965,2.22823281298149
3.797,1.15987882968747
3.7975,-2.2194114264514
3.798,-1.14973953486807
3.7985,2.22889026171027
3.799,1.15823520828506
3.7995,-2.21974015203426
3.8,-1.1487533601303
3.8005,2.22921898607476
3.801,1.15790648400455
3.8015,-2.2203976032007
3.802,-1.14776718539406
3.8025,2.22954771043931
3.803,1.15659158688238
3.8035,-2.22072632878428
3.804,-1.14743846048231
3.8045,2.22987643480392
3.805,1.15527668976004
3.8055,-2.22105505436811
3.806,-1.14579483592613
3.8065,2.2302051591686
3.807,1.15494796547942
3.8075,-2.22171250553648
3.808,-1.14447993628422
3.8085,2.231191332263
3.809,1.15396179263751
3.8095,-2.22171250553648
3.81,-1.14415121137417
3.8105,2.231191332263
3.811,1.1529756197955
3.8115,-2.22269868229087
3.812,-1.14316503664502
3.8125,2.23184878099291
3.813,1.15231817123411
3.8135,-2.22302740787616
3.814,-1.14185013700851
3.8145,2.23217750535796
3.815,1.15067454983042
3.8155,-2.22302740787616
3.816,-1.14119268719127
3.8165,2.23250622972307
3.817,1.15001710126886
3.8175,-2.22401358463346
3.818,-1.14053523737471
3.8185,2.23316367845348
3.819,1.14870220414561
3.8195,-2.22467103580621
3.82,-1.13987778755882
3.8205,2.23349240281879
3.821,1.14804475558392
3.8215,-2.22532848697993
3.822,-1.13856288792905
3.8225,2.23447857591507
3.823,1.14738730702218
3.8235,-2.22565721256715
3.824,-1.13790543811518
3.8245,2.23480730028062
3.825,1.14640113417948
3.8255,-2.22598593815462
3.826,-1.13659053848946
3.8265,2.23546474901191
3.827,1.14541496133668
3.8275,-2.22697211491848
3.828,-1.13560436377194
3.8285,2.23579347337765
3.829,1.14442878849377
3.8295,-2.22664338933029
3.83,-1.13527563886644
3.8305,2.23645092210933
3.831,1.14377133993177
3.8315,-2.22762956609561
3.832,-1.1339607392461
3.8325,2.23677964647526
3.833,1.14311389136972
3.8335,-2.22795829168453
3.834,-1.13297456453261
3.8345,2.23743709520731
3.835,1.14179899424548
3.8355,-2.22795829168453
3.836,-1.13165966491698
3.8365,2.23776581957343
3.837,1.14114154568329
3.8375,-2.22927319404267
3.838,-1.13034476530404
3.8385,2.23875199267216
3.839,1.14015537283991
3.8395,-2.22927319404267
3.84,-1.12968731549858
3.8405,2.23940944140497
3.841,1.1394979242776
3.8415,-2.2299306452232
3.842,-1.12870114079164
3.8425,2.23940944140497
3.843,1.13818302715282
3.8435,-2.2299306452232
3.844,-1.12837241588966
3.8445,2.24006689013803
3.845,1.13719685430911
3.8455,-2.23025937081382
3.846,-1.12705751628343
3.8465,2.24072433887134
3.847,1.13653940574658
3.8475,-2.23124554758717
3.848,-1.12607134158052
3.8485,2.24105306323809
3.849,1.13555323290268
3.8495,-2.23124554758717
3.85,-1.12508516687911
3.8505,2.24138178760491
3.851,1.13423833577732
3.8515,-2.23256044995504
3.852,-1.12409899217922
3.8525,2.24171051197178
3.853,1.13325216293316
3.8535,-2.23190299877062
3.854,-1.12344154238012
3.8545,2.24236796070573
3.855,1.13226599008888
3.8555,-2.23288917554761
3.856,-1.12212664278394
3.8565,2.2426966850728
3.857,1.13160854152597
3.8575,-2.2338753523268
3.858,-1.12114046808857
3.8585,2.2426966850728
3.859,1.13062236868151
3.8595,-2.23420407792035
3.86,-1.12015429339469
3.8605,2.24401158254171
3.861,1.12963619583693
3.8615,-2.23453280351414
3.862,-1.11916811870232
3.8625,2.24401158254171
3.863,1.12832129871065
3.8635,-2.23486152910818
3.864,-1.11916811870232
3.8645,2.24434030690909
3.865,1.1273351258658
3.8655,-2.23551898029698
3.866,-1.11752449421838
3.8665,2.24499775564405
3.867,1.12700640158415
3.8675,-2.23617643148676
3.868,-1.11653831953002
3.8685,2.24532648001163
3.869,1.12569150445745
3.8695,-2.23617643148676
3.87,-1.11588086973862
3.8705,2.24565520437927
3.871,1.12503405589402
3.8715,-2.23683388267751
3.872,-1.11489469505276
3.8725,2.24565520437927
3.873,1.12404788304878
3.8735,-2.23716260827326
3.874,-1.11423724526303
3.8745,2.24697010185046
3.875,1.12207553735793
3.8755,-2.23749133386924
3.876,-1.1125936207916
3.8765,2.24729882621842
3.877,1.12174681307607
3.8775,-2.23880623625562
3.878,-1.11226489589782
3.8785,2.24795627495453
3.879,1.12108936451232
3.8795,-2.23847751065866
3.88,-1.11094999632434
3.8805,2.24828499932268
3.881,1.11977446738466
3.8815,-2.23913496185283
3.882,-1.10996382164599
3.8825,2.24861372369089
3.883,1.11878829453877
3.8835,-2.23979241304797
3.884,-1.10930637186125
3.8845,2.24927117242751
3.885,1.11780212169276
3.8855,-2.24012113864591
3.886,-1.10799147229377
3.8865,2.24927117242751
3.887,1.11714467312869
3.8875,-2.24077858984251
3.888,-1.1070052976199
3.8885,2.25025734553292
3.889,1.11582977600037
3.8895,-2.2414360410401
3.89,-1.10601912294754
3.8905,2.25058606990151
3.891,1.11484360315399
3.8915,-2.24209349223865
3.892,-1.10569039805708
3.8925,2.25091479427017
3.893,1.11418615458966
3.8935,-2.24209349223865
3.894,-1.10437549849692
3.8945,2.2512435186389
3.895,1.11287125746084
3.8955,-2.24275094343819
3.896,-1.10338932382854
3.8965,2.25222969174546
3.897,1.11221380889635
3.8975,-2.2434083946387
3.898,-1.10240314916165
3.8985,2.25255841611444
3.899,1.11122763604951
3.8995,-2.24373712023932
3.9,-1.10141697449626
3.9005,2.25255841611444
3.901,1.11024146320253
3.9015,-2.24406584584018
3.902,-1.10075952472016
3.9025,2.25321586485259
3.903,1.10925529035543
3.9035,-2.2443945714413
3.904,-1.09977335005725
3.9045,2.253873313591
3.905,1.1082691175082
3.9055,-2.24472329704265
3.906,-1.09878717539584
3.9065,2.253873313591
3.907,1.10761166894331
3.9075,-2.24570947384818
3.908,-1.09747227584961
3.9085,2.25518821106859
3.909,1.10629677181336
3.9095,-2.24603819945051
3.91,-1.09681482607749
3.9105,2.25518821106859
3.911,1.10531059896574
3.9115,-2.24669565065591
3.912,-1.09549992653523
3.9125,2.25584565980777
3.913,1.10465315040059
3.9135,-2.24702437625897
3.914,-1.09451375188028
3.9145,2.25650310854721
3.915,1.10366697755275
3.9155,-2.24702437625897
3.916,-1.09352757722681
3.9165,2.25650310854721
3.917,1.10268080470478
3.9175,-2.24801055306963
3.918,-1.09287012745866
3.9185,2.25716055728691
3.919,1.10136590757395
3.9195,-2.24833927867367
3.92,-1.09221267769117
3.9205,2.25716055728691
3.921,1.10070845900844
3.9215,-2.24899672988249
3.922,-1.09089777815818
3.9225,2.25781800602686
3.923,1.09972228616007
3.9235,-2.24866800427796
3.924,-1.09024032839267
3.9245,2.25880417913728
3.925,1.0984073890287
3.9255,-2.24998290669756
3.926,-1.08859670398179
3.9265,2.25847545476707
3.927,1.09774994046293
3.9275,-2.24998290669756
3.928,-1.08859670398179
3.9285,2.25946162787788
3.929,1.09676376761415
3.9295,-2.25096908351482
3.93,-1.08728180445606
3.9305,2.25979035224827
3.931,1.09577759476524
3.9315,-2.25129780912106
3.932,-1.08662435469418
3.9325,2.25979035224827
3.933,1.09446269763315
3.9335,-2.25162653472755
3.934,-1.08596690493297
3.9345,2.26011907661873
3.935,1.09380524906701
3.9355,-2.25195526033429
3.936,-1.08465200541251
3.9365,2.26044780098926
3.937,1.09249035193455
3.9375,-2.25294143715596
3.938,-1.0836658307739
3.9385,2.2611052497305
3.939,1.09150417908504
3.9395,-2.25261271154849
3.94,-1.08235093125805
3.9405,2.26143397410122
3.941,1.09084673051862
3.9415,-2.25392761397983
3.942,-1.0813647566229
3.9425,2.26242014721377
3.943,1.09018928195214
3.9435,-2.25392761397983
3.944,-1.08070730686695
3.9445,2.26307759595579
3.945,1.08887438481899
3.9455,-2.25458506519697
3.946,-1.07972113223426
3.9465,2.26307759595579
3.947,1.08821693625233
3.9475,-2.25491379080591
3.948,-1.07840623272631
3.9485,2.26373504469807
3.949,1.08690203911881
3.9495,-2.25524251641509
3.95,-1.07840623272631
3.9505,2.26472121781198
3.951,1.08657331483539
3.9515,-2.25589996763419
3.952,-1.07676260834507
3.9525,2.26439249344061
3.953,1.0859158662685
3.9535,-2.25589996763419
3.954,-1.07577643371829
3.9545,2.26570739092647
3.955,1.08460096913453
3.9555,-2.25688614446468
3.956,-1.074790259093
3.9565,2.26537866655491
3.957,1.08328607200031
3.9575,-2.25721487007533
3.958,-1.07413280934362
3.9585,2.2660361152981
3.959,1.0826286234331
3.9595,-2.25754359568623
3.96,-1.07314663472078
3.9605,2.26636483966979
3.961,1.08164245058217
3.9615,-2.25820104690876
3.962,-1.07183173522596
3.9625,2.26735101278526
3.963,1.08032755344737
3.9635,-2.25852977252039
3.964,-1.07117428547954
3.9645,2.26735101278526
3.965,1.07967010487987
3.9655,-2.25885849813227
3.966,-1.06953066111633
3.9665,2.26767973715721
3.967,1.07868393202849
3.9675,-2.25951594935676
3.968,-1.0688732113722
3.9685,2.26866591027346
3.969,1.07769775917698
3.9695,-2.25984467496938
3.97,-1.06854448650038
3.9705,2.26932335901796
3.971,1.07671158632531
3.9715,-2.26050212619534
3.972,-1.06657213727288
3.9725,2.26932335901796
3.973,1.07605413775745
3.9735,-2.26115957742229
3.974,-1.06591468753169
3.9745,2.27030953213518
3.975,1.07473924062153
3.9755,-2.26115957742229
3.976,-1.06558596266134
3.9765,2.26998080776271
3.977,1.07441051633751
3.9775,-2.26214575426455
3.978,-1.06427106318158
3.9785,2.27096698088033
3.979,1.07243817063303
3.9795,-2.26247447987913
3.98,-1.06361361344267
3.9805,2.271295705253
3.981,1.07178072206473
3.9815,-2.26280320549395
3.982,-1.06262743883554
3.9825,2.27162442962574
3.983,1.07112327349637
3.9835,-2.26346065672433
3.984,-1.06131253936166
3.9845,2.27195315399854
3.985,1.06980837635944
3.9855,-2.26378938233989
3.986,-1.06065508962569
3.9865,2.27195315399854
3.987,1.06882220350657
3.9875,-2.2641181079557
3.988,-1.05966891502297
3.9885,2.27293932711734
3.989,1.06750730636917
3.9895,-2.2641181079557
3.99,-1.05868274042171
3.9905,2.27293932711734
3.991,1.06684985780036
3.9915,-2.26510428480459
3.992,-1.05769656582192
3.9925,2.27293932711734
3.993,1.06619240923149
3.9935,-2.26543301042137
3.994,-1.05703911608954
3.9945,2.27392550023672
3.995,1.064548787809
3.9955,-2.26576173603841
3.996,-1.05572421662673
3.9965,2.27458294898331
3.997,1.06389133923989
3.9975,-2.26674791289098
3.998,-1.05473804203134
3.9985,2.2749116733567
3.999,1.06257644210145
3.9995,-2.267076638509
