Time_s,Voltage_V
0,2.01324709101094
0.0005,-1.44460585246677
0.001,0.750288360573997
0.0015,0.0323543324743356
0.002,-0.796689071400598
0.0025,1.49945100976479
0.003,-2.03894111745983
0.0035,2.39522479861037
0.004,-2.50112934228604
0.0045,2.37780240556886
0.005,-2.00508239702012
0.0055,1.45408705905375
0.006,-0.743106940017183
0.0065,-0.0228713764150702
0.007,0.80419914714267
0.0075,-1.4899699144477
0.008,2.04644824841815
0.0085,-2.3867327799773
0.009,2.50929216965387
0.0095,-2.36931031775082
0.01,2.01423326399611
0.0105,-1.44624947783752
0.011,0.752589430753089
0.0115,0.0303819857717548
0.012,-0.79504544768176
0.0125,1.49813611263967
0.013,-2.03762621564977
0.0135,2.39456734981261
0.014,-2.50047189068882
0.0145,2.37780240556886
0.015,-2.00639729873949
0.0155,1.45507323189319
0.016,-0.745079288344509
0.0165,-0.0208990296249808
0.017,0.802226801309891
0.0175,-1.48865501404912
0.018,2.04546207541863
0.0185,-2.38640405426832
0.019,2.50929216965387
0.0195,-2.37095394623236
0.02,2.01620560996774
0.0205,-1.44756437813754
0.021,0.754233052308421
0.0215,0.0284096390659964
0.022,-0.793401823966544
0.0225,1.49682121551476
0.023,-2.03664003929464
0.0235,2.39358117661651
0.024,-2.5008006164873
0.0245,2.37845985435915
0.025,-2.00771220046252
0.0255,1.45671685329244
0.026,-0.746394187232222
0.0265,-0.0192554073024307
0.027,0.800911904087332
0.0275,-1.48701138855522
0.028,2.04414717808663
0.0285,-2.38541787714291
0.029,2.50929216965387
0.0295,-2.37095394623236
0.03,2.01686305862533
0.0305,-1.44920800351683
0.031,0.756205398173544
0.0315,0.0270947412603895
0.032,-0.79110075077132
0.0325,1.49484886982775
0.033,-2.03532513749102
0.0335,2.39325245221796
0.034,-2.5008006164873
0.0345,2.37977475194061
0.035,-2.00902710218919
0.0355,1.45836047469192
0.036,-0.748366535568038
0.0365,-0.0172830605183956
0.037,0.798939558252431
0.0375,-1.48536776306613
0.038,2.04283228075542
0.0385,-2.38476042572723
0.039,2.50929216965387
0.0395,-2.37161139762675
0.04,2.01817795594108
0.0405,-1.45085162890085
0.041,0.757520295416189
0.0415,0.0254511190013897
0.042,-0.789785851805803
0.0425,1.49386269698441
0.043,-2.03433896114071
0.0435,2.39292372781948
0.044,-2.5008006164873
0.0445,2.37977475194061
0.045,-2.01034200391951
0.0455,1.46033282037163
0.046,-0.750010159185114
0.0465,-0.015639438200884
0.047,0.797295936722368
0.0475,-1.48405286267832
0.048,2.04184610775754
0.0485,-2.38410297431257
0.049,2.50896344522795
0.0495,-2.37226884902215
0.05,2.01949285325761
0.0505,-1.4521665292115
0.051,0.75982136558934
0.0515,0.022821323382381
0.052,-0.78748477862171
0.0525,1.49221907557909
0.053,-2.03302405934353
0.0535,2.39226627902275
0.054,-2.50047189068882
0.0545,2.38076092512746
0.055,-2.01132818021965
0.0555,1.4609902689316
0.056,-0.751982507530283
0.0565,-0.0130096424976183
0.057,0.795652315191413
0.0575,-1.48208051210236
0.058,2.04118865909254
0.0585,-2.38344552289893
0.059,2.50929216965387
0.0595,-2.37292630041856
0.06,2.02047902624551
0.0605,-1.45381015460407
0.061,0.761793711450548
0.0615,0.020848976664396
0.062,-0.785841154923117
0.0625,1.4902467298931
0.063,-2.03236660844632
0.0635,2.39160883022631
0.064,-2.5008006164873
0.0645,2.38076092512746
0.065,-2.01231435652184
0.0655,1.46296261461178
0.066,-0.753954855880562
0.0665,-0.0113660201860435
0.067,0.793679969353085
0.0675,-1.48109433681697
0.068,2.03987376176312
0.0685,-2.38311679719249
0.069,2.50896344522795
0.0695,-2.37325502611714
0.07,2.02113647490435
0.0705,-1.45512505492155
0.071,0.763108608690591
0.0715,0.0188766299432097
0.072,-0.78452625596684
0.0725,1.48893183276934
0.073,-2.03105170665465
0.0735,2.39095138143017
0.074,-2.5008006164873
0.0745,2.38141837391906
0.075,-2.01362925826129
0.0755,1.4646062360122
0.076,-0.755927204235955
0.0765,-0.0100511223384242
0.077,0.791707623513465
0.0775,-1.47945071134516
0.078,2.03888758876658
0.0785,-2.38245934578036
0.079,2.50929216965387
0.0795,-2.37424120321442
0.08,2.02245137222261
0.0805,-1.45709740540347
0.081,0.765080954549516
0.0815,0.0175617321273046
0.082,-0.782553907536748
0.0825,1.48761693564577
0.083,-2.0300655303133
0.0835,2.39095138143017
0.084,-2.50112934228604
0.0845,2.38207582271096
0.085,-2.01461543456828
0.0855,1.46624985741286
0.086,-0.757242103142394
0.0865,-0.00742132664755434
0.087,0.789735277672545
0.0875,-1.47780708587815
0.088,2.03757269143855
0.0885,-2.38213062007468
0.089,2.50929216965387
0.0895,-2.37456992891402
0.09,2.02409499387153
0.0905,-1.45841230572856
0.091,0.767053300407076
0.0915,0.0155893854007719
0.092,-0.78058155911184
0.0925,1.48597331424157
0.093,-2.02907935397403
0.0935,2.38963648383876
0.094,-2.50112934228604
0.0945,2.38306199589934
0.095,-2.01560161087733
0.0955,1.46756475453358
0.096,-0.759214451506321
0.0965,-0.00577770434371443
0.097,0.78809165613745
0.0975,-1.47649218550799
0.098,2.03658651844305
0.0985,-2.38147316866409
0.099,2.50863472080212
0.0995,-2.37522738031397
0.1,2.02475244253143
0.1005,-1.45972720605669
0.101,0.769025646263277
0.1015,0.0132883142157543
0.102,-0.77926666016478
0.1025,1.48465841711842
0.103,-2.02776445219154
0.1035,2.3889790350435
0.104,-2.5008006164873
0.1045,2.38371944469197
0.105,-2.01691651262592
0.1055,1.46887965165447
0.106,-0.761515524604049
0.1065,-0.00380535758210108
0.107,0.786119310294138
0.1075,-1.47484856004961
0.108,2.0352716211164
0.1085,-2.3808157172545
0.109,2.50896344522795
0.1095,-2.37588483171494
0.11,2.02606733985182
0.1105,-1.46169955655461
0.111,0.770669267809076
0.1115,0.0113159674822513
0.112,-0.776636862277559
0.1125,1.48268607143403
0.113,-2.02644955041272
0.1135,2.38865031064598
0.114,-2.50047189068882
0.1145,2.38437689348488
0.115,-2.01757396350159
0.1155,1.47019454877552
0.116,-0.763159148249561
0.1165,-0.00183301082374988
0.117,0.784146964449513
0.1175,-1.47287620950586
0.118,2.03461417245337
0.1185,-2.38015826584593
0.119,2.50896344522795
0.1195,-2.3762135574158
0.12,2.02738223717299
0.1205,-1.46367190705938
0.121,0.772641613662797
0.1215,0.00967234520186883
0.122,-0.774993238602715
0.1225,1.48104245003069
0.123,-2.02513464863757
0.1235,2.38799286185116
0.124,-2.5008006164873
0.1245,2.38470561788145
0.125,-2.01888886525567
0.1255,1.4721668944574
0.126,-0.764802771898639
0.1265,0.000468060390209982
0.127,0.782503342911321
0.1275,-1.47189003423657
0.128,2.0332992751279
0.1285,-2.37982954014203
0.129,2.50929216965387
0.1295,-2.37719973451991
0.13,2.02869713449494
0.1305,-1.46465808231434
0.131,0.774613959515174
0.1315,0.00769999846244986
0.132,-0.773349614931457
0.1325,1.47972755290822
0.133,-2.02447719775137
0.1335,2.38766413745386
0.134,-2.5008006164873
0.1345,2.38536306667481
0.135,-2.02053249245342
0.1355,1.47381051585927
0.136,-0.767103845013347
0.1365,0.00145423376626608
0.137,0.78085972137221
0.1375,-1.46991768370316
0.138,2.03165565347217
0.1385,-2.37950081443837
0.139,2.50896344522795
0.1395,-2.37752846022179
0.14,2.0293545831562
0.1405,-1.4663017077431
0.141,0.776257581057796
0.1415,0.00605637617713067
0.142,-0.77137726653068
0.1425,1.47775520722484
0.143,-2.02316229598172
0.1435,2.3866779642624
0.144,-2.50047189068882
0.1445,2.38569179107159
0.145,-2.02118994333412
0.1455,1.47512541298095
0.146,-0.768747468670998
0.1465,0.003426580515942
0.147,0.778887375524063
0.1475,-1.46860278335137
0.148,2.03066948047932
0.1485,-2.37851463732894
0.149,2.50896344522795
0.1495,-2.3781859116263
0.15,2.02968330748691
0.1505,-1.46794533317662
0.151,0.77790120259949
0.1515,0.00474147834725658
0.152,-0.769733642867305
0.1525,1.47611158582233
0.153,-2.02250484509827
0.1535,2.38634923986539
0.154,-2.50112934228604
0.1545,2.38634923986539
0.155,-2.02250484509827
0.1555,1.47644031010281
0.156,-0.770391092332225
0.1565,0.00474147834725658
0.157,0.777243753982924
0.1575,-1.46695915791593
0.158,2.02968330748691
0.1585,-2.37785718592392
0.159,2.50896344522795
0.1595,-2.37917208873498
0.16,2.03165565347217
0.1605,-1.46958895861492
0.161,0.779544824140259
0.1615,0.00244040714150988
0.162,-0.768090019207508
0.1625,1.47446796442009
0.163,-2.02118994333412
0.1635,2.38536306667481
0.164,-2.50112934228604
0.1645,2.3866779642624
0.165,-2.02349102142379
0.1655,1.47808393150538
0.166,-0.772363440730424
0.1665,0.00704254954859182
0.167,0.774942683823772
0.1675,-1.46564425757102
0.168,2.02902585882554
0.1685,-2.37719973451991
0.169,2.50929216965387
0.1695,-2.37950081443837
0.17,2.03297055079666
0.1705,-1.4705751338802
0.171,0.781517169987964
0.1715,0.001125509307671
0.172,-0.765788946089799
0.1725,1.47348179157887
0.173,-2.01987504157363
0.1735,2.38536306667481
0.174,-2.50047189068882
0.1745,2.38799286185116
0.175,-2.02447719775137
0.1755,1.48038500146943
0.176,-0.77400706439953
0.1765,0.00901489628908818
0.177,0.773627786589153
0.1775,-1.46367190705938
0.178,2.0277109615034
0.1785,-2.37654228311692
0.179,2.50929216965387
0.1795,-2.37982954014203
0.18,2.03461417245337
0.1805,-1.47254748441591
0.181,0.783489515834346
0.1815,-0.00117556190502358
0.182,-0.763816597708764
0.1825,1.47249561873776
0.183,-2.01888886525567
0.1835,2.38503434227809
0.184,-2.50112934228604
0.1845,2.38865031064598
0.185,-2.02579209952469
0.1855,1.48169989859199
0.186,-0.775650688072222
0.1865,0.0106585185703672
0.187,0.771655440736105
0.1875,-1.46202828163826
0.188,2.02672478851231
0.1885,-2.3762135574158
0.189,2.50929216965387
0.1895,-2.3808157172545
0.19,2.03560034544799
0.1905,-1.47386238477687
0.191,0.785461861679409
0.1915,-0.00249045974283812
0.192,-0.762501698790928
0.1925,1.4705232730558
0.193,-2.01757396350159
0.1935,2.38437689348488
0.194,-2.5008006164873
0.1945,2.38865031064598
0.195,-2.02743572674649
0.1955,1.48301479571474
0.196,-0.778280485955994
0.1965,0.0129595897603942
0.197,0.770340543499991
0.1975,-1.4603846562219
0.198,2.02606733985182
0.1985,-2.37555610601433
0.199,2.50929216965387
0.1995,-2.38114444295917
0.2,2.03658651844305
0.2005,-1.47550601023239
0.201,0.787434207523158
0.2015,-0.00446280650227616
0.202,-0.760200625690207
0.2025,1.46887965165447
0.203,-2.01658778718843
0.2035,2.38339072029562
0.204,-2.5008006164873
0.2045,2.38963648383876
0.205,-2.02776445219154
0.2055,1.48465841711842
0.206,-0.77926666016478
0.2065,0.0142744875812981
0.207,0.76771074902596
0.2075,-1.45906975589225
0.208,2.02376626954165
0.2085,-2.37489865461387
0.209,2.50962089407986
0.2095,-2.38213062007468
0.21,2.03757269143855
0.2105,-1.47714963569269
0.211,0.789406553365599
0.2115,-0.00676387772574592
0.212,-0.758228277323717
0.2125,1.46723603025339
0.213,-2.01527288544075
0.2135,2.38306199589934
0.214,-2.5008006164873
0.2145,2.3899652082365
0.215,-2.02907935397403
0.2155,1.48663076280322
0.216,-0.781239008586234
0.2165,0.016246834309973
0.217,0.766067127478466
0.2175,-1.45742613048446
0.218,2.02343754521182
0.2185,-2.37456992891402
0.219,2.50929216965387
0.2195,-2.38180189436926
0.22,2.03823014010247
0.2205,-1.47879326115778
0.221,0.79039272628633
0.2215,-0.00873622449226165
0.222,-0.75658465368889
0.2225,1.46526368457243
0.223,-2.01428670913239
0.2235,2.38207582271096
0.224,-2.50047189068882
0.2245,2.39095138143017
0.225,-2.03039425576019
0.2255,1.48827438420753
0.226,-0.782882632274736
0.2265,0.0178904565814145
0.227,0.764094781620224
0.2275,-1.45611123016165
0.228,2.02245137222261
0.2285,-2.37391247751507
0.229,2.50929216965387
0.2295,-2.3827880714863
0.23,2.03921631309871
0.2305,-1.48010816153331
0.231,0.793022520740022
0.2315,-0.0103798468001925
0.232,-0.755269754783589
0.2325,1.463948787452
0.233,-2.01330053282609
0.2335,2.38141837391906
0.234,-2.5008006164873
0.2345,2.39095138143017
0.235,-2.03138043210222
0.2355,1.4895892813312
0.236,-0.784854980705693
0.2365,0.0205202522110874
0.237,0.762451160070646
0.2375,-1.45446760476243
0.238,2.02113647490435
0.2385,-2.37325502611714
0.239,2.50929216965387
0.2395,-2.38344552289893
0.24,2.04085993476011
0.2405,-1.48208051210236
0.241,0.794008693659563
0.2415,-0.0123521935727148
0.242,-0.752639956979809
0.2425,1.46263389033172
0.243,-2.01198563108755
0.2435,2.38076092512746
0.244,-2.50047189068882
0.2445,2.39193755462449
0.245,-2.03269533389481
0.2455,1.49123290273604
0.246,-0.786169879662547
0.2465,0.0224925989296056
0.247,0.760807538520116
0.2475,-1.45282397936795
0.248,2.02015030191616
0.2485,-2.37226884902215
0.249,2.50962089407986
0.2495,-2.38377424860562
0.25,2.04184610775754
0.2505,-1.48306668738947
0.251,0.796309763803902
0.2515,-0.013995815885658
0.252,-0.75099633335706
0.2525,1.4609902689316
0.253,-2.01034200391951
0.2535,2.38141837391906
0.254,-2.50145806808504
0.2545,2.39226627902275
0.255,-2.03368151024166
0.2555,1.49254779986013
0.256,-0.788470952842597
0.2565,0.0247936700971696
0.257,0.758835192658219
0.2575,-1.45085162890085
0.258,2.01883540459925
0.2585,-2.37194012332432
0.259,2.50962089407986
0.2595,-2.38443170001977
0.26,2.04283228075542
0.2605,-1.48471031287184
0.261,0.7979533853345
0.2615,-0.0159681626642034
0.262,-0.749352709737858
0.2625,1.45967537181169
0.263,-2.00935582762143
0.2635,2.38010347633615
0.264,-2.5008006164873
0.2645,2.39325245221796
0.265,-2.03433896114071
0.2655,1.49452014554663
0.266,-0.790114576546965
0.2665,0.0261085679052553
0.267,0.756862846794943
0.2675,-1.44986545366987
0.268,2.01784923161207
0.2685,-2.37128267192943
0.269,2.50929216965387
0.2695,-2.38476042572723
0.27,2.04414717808663
0.2705,-1.48569648816356
0.271,0.80025445547584
0.2715,-0.0176117849821725
0.272,-0.747051636676928
0.2725,1.4577030261321
0.273,-2.00804092589384
0.2735,2.37944602754513
0.274,-2.50047189068882
0.2745,2.39423862541384
0.275,-2.03598258839237
0.2755,1.49649249123356
0.276,-0.792086924996976
0.2765,0.0284096390659964
0.277,0.75554794955199
0.2775,-1.44789310321302
0.278,2.01653433429651
0.2785,-2.37062522053555
0.279,2.50962089407986
0.2795,-2.38574660285112
0.28,2.04546207541863
0.2805,-1.48734011365362
0.281,0.801898077004305
0.2815,-0.0192554073024307
0.282,-0.745079288344509
0.2825,1.45638812901257
0.283,-2.00738347503142
0.2835,2.3787885787544
0.284,-2.50047189068882
0.2845,2.39423862541384
0.285,-2.03696876474612
0.2855,1.49714993979597
0.286,-0.793730548709297
0.2865,0.0300532613210159
0.287,0.753575603686404
0.2875,-1.44559202768865
0.288,2.01554816131034
0.2885,-2.36996776914268
0.289,2.50994961850594
0.2895,-2.38640405426832
0.29,2.04611952408493
0.2905,-1.4899699144477
0.291,0.803212974226439
0.2915,-0.0218852030196121
0.292,-0.743764389459059
0.2925,1.45507323189319
0.293,-2.00573984787935
0.2935,2.37813112996397
0.294,-2.50014316489061
0.2945,2.39489607421145
0.295,-2.03762621564977
0.2955,1.4987935612022
0.296,-0.79570289716886
0.2965,0.0316968835738281
0.297,0.751603257819425
0.2975,-1.44460585246677
0.298,2.01423326399611
0.2985,-2.36898159205527
0.299,2.50929216965387
0.2995,-2.38640405426832
0.3,2.04743442141813
0.3005,-1.49095608974866
0.301,0.805514044363817
0.3015,-0.0238575498113555
0.302,-0.741792041135125
0.3025,1.45342961049418
0.303,-2.00475367159084
0.3035,2.37780240556886
0.304,-2.50112934228604
0.3045,2.39555352300937
0.305,-2.03894111745983
0.3055,1.50010845832742
0.306,-0.797346520889148
0.3065,0.0333405058244358
0.307,0.749630911951049
0.3075,-1.44361967724659
0.308,2.01324709101094
0.3085,-2.36898159205527
0.309,2.50929216965387
0.3095,-2.38771895710577
0.31,2.04842059441855
0.3105,-1.49227099015264
0.311,0.807157665889462
0.3115,-0.0255011721403378
0.312,-0.740477142255326
0.3125,1.4517859890954
0.313,-2.00376749530439
0.3135,2.37681623238397
0.314,-2.50014316489061
0.3145,2.39621097180758
0.315,-2.04058474472759
0.3155,1.50208080401561
0.316,-0.799647594103642
0.3165,0.0359703014208297
0.317,0.747987290392998
0.3175,-1.44197605188341
0.318,2.01160346936995
0.3185,-2.36799541497014
0.319,2.50962089407986
0.3195,-2.38837640852602
0.32,2.04973549175315
0.3205,-1.49424334076438
0.321,0.809130011719081
0.3215,-0.0274735189381562
0.322,-0.738176069221112
0.3225,1.45079981625624
0.323,-2.0024525935923
0.3235,2.3761587835944
0.324,-2.5008006164873
0.3245,2.3965396962068
0.325,-2.0412421956363
0.3255,1.50372442542279
0.326,-0.801291217832636
0.3265,0.0376139236657188
0.327,0.746014944522048
0.3275,-1.43967497638291
0.328,2.01094602071389
0.3285,-2.36733796358131
0.329,2.50962089407986
0.3295,-2.38837640852602
0.33,2.05105038908856
0.3305,-1.49522951607286
0.331,0.810773633242804
0.3315,-0.0291171412722079
0.332,-0.736203720911569
0.3325,1.44849874629852
0.333,-2.00146641731062
0.3335,2.37550133480513
0.334,-2.50014316489061
0.3345,2.39752586940489
0.335,-2.0422283720011
0.3355,1.50536804683028
0.336,-0.802606116818447
0.3365,0.0395862703566894
0.337,0.744371322961845
0.3375,-1.43836007610106
0.338,2.00963112340233
0.3385,-2.3666805121935
0.339,2.50962089407986
0.3395,-2.38903385994728
0.34,2.05203656209064
0.3405,-1.49687314159084
0.341,0.813074703374557
0.3415,-0.0310894880761178
0.342,-0.734560097324157
0.3425,1.44718384918003
0.343,-2.00015151560491
0.3435,2.37484388601614
0.344,-2.50014316489061
0.3445,2.3978545938044
0.345,-2.04321454836798
0.3455,1.50668294395651
0.346,-0.804578465301525
0.3465,0.0415586170445049
0.347,0.742398977088303
0.3475,-1.43671645075301
0.348,2.00864495041916
0.3485,-2.3660230608067
0.349,2.50929216965387
0.3495,-2.38936258565829
0.35,2.05302273509317
0.3505,-1.49851676711365
0.351,0.814389600591939
0.3515,-0.0330618348833572
0.352,-0.732916473740262
0.3525,1.44586895206167
0.353,-1.99949406475342
0.3535,2.37451516162176
0.354,-2.50047189068882
0.3545,2.39851204260365
0.355,-2.04485817565071
0.3555,1.50799784108295
0.356,-0.806550813789842
0.3565,0.0435309637291702
0.357,0.740426631213341
0.3575,-1.43540155047797
0.358,2.00733005310893
0.3585,-2.3653656094209
0.359,2.50929216965387
0.3595,-2.39002003708108
0.36,2.05433763243059
0.3605,-1.49983166753537
0.361,0.816033222112891
0.3615,-0.0353629061626845
0.362,-0.730286676013342
0.3625,1.4438966063844
0.363,-1.99817916305317
0.3635,2.37352898843905
0.364,-2.5008006164873
0.3645,2.39884076700338
0.365,-2.04551562656542
0.3655,1.50997018677299
0.366,-0.808851887032839
0.3665,0.0451745859639885
0.367,0.739111733962576
0.3675,-1.43408665020595
0.368,2.00634388012676
0.3685,-2.36470815803612
0.369,2.50896344522795
0.3695,-2.39067748850489
0.37,2.0549950810996
0.3705,-1.50147529306687
0.371,0.81833429224078
0.3715,-0.0373352529771545
0.372,-0.729300501868065
0.3725,1.44225298498692
0.373,-1.99686426135655
0.3735,2.37320026404495
0.374,-2.50047189068882
0.3745,2.39949821580307
0.375,-2.0465018029392
0.3755,1.51095635961819
0.376,-0.810166786032045
0.3765,0.0471469326428912
0.377,0.737139388085236
0.3775,-1.43211429980358
0.378,2.00502898281785
0.3785,-2.36437943234411
0.379,2.50896344522795
0.3795,-2.39133493992971
0.38,2.05630997843823
0.3805,-1.50344764371105
0.381,0.819977913759673
0.3815,-0.0393075997949695
0.382,-0.727328153581299
0.3825,1.44060936358965
0.383,-1.99587808508647
0.3835,2.37254281525698
0.384,-2.50047189068882
0.3845,2.39949821580307
0.385,-2.04781670477415
0.3855,1.51259998102712
0.386,-0.812139134535232
0.3865,0.0491192793186575
0.387,0.735167042206464
0.3875,-1.4307993995391
0.388,2.0037140855097
0.3885,-2.36372198096084
0.389,2.50863472080212
0.3895,-2.39199239135555
0.39,2.05762487577767
0.3905,-1.50443381903575
0.391,0.821950259581219
0.3915,-0.0412799466161343
0.392,-0.725684530012851
0.3925,1.43896574219258
0.393,-1.99456318339622
0.3935,2.37122791768191
0.394,-2.50047189068882
0.3945,2.40015566460306
0.395,-2.04913160661279
0.3955,1.51358615387264
0.396,-0.813782758291903
0.3965,0.0510916259912923
0.397,0.732865972012745
0.3975,-1.42915577421275
0.398,2.00272791252908
0.3985,-2.36339325526958
0.399,2.50896344522795
0.3995,-2.39264984278241
0.4,2.05861104878279
0.4005,-1.50640616969037
0.401,0.823922605401541
0.4015,-0.0432522934406537
0.402,-0.723712181735337
0.4025,1.43765084507508
0.403,-1.99357700713092
0.4035,2.37089919328832
0.404,-2.5008006164873
0.4045,2.40081311340334
0.405,-2.0501177829942
0.4055,1.51555849956405
0.406,-0.816412556310179
0.4065,0.0520777993264369
0.407,0.731551074758309
0.4075,-1.4275121488911
0.408,2.00108429089565
0.4085,-2.36273580388783
0.409,2.50863472080212
0.4095,-2.39297856849622
0.41,2.05926849745312
0.4105,-1.50804979524122
0.411,0.824908778311244
0.4115,-0.0455533647401728
0.412,-0.722068558174591
0.4125,1.43567849939908
0.413,-1.99259083086765
0.4135,2.37024174450137
0.414,-2.5008006164873
0.4145,2.4011418378036
0.415,-2.05110395937768
0.4155,1.51720212097392
0.416,-0.817070005816211
0.4165,0.0547075948830057
0.417,0.729907453189361
0.4175,-1.42619724863717
0.418,2.00042684224261
0.4185,-2.36207835250709
0.419,2.50929216965387
0.4195,-2.3936360199246
0.42,2.06058339479439
0.4205,-1.50969342079691
0.421,0.82688112412974
0.4215,-0.047196987099776
0.422,-0.720096209906312
0.4225,1.43469232656119
0.423,-1.99160465460644
0.4235,2.36991302010799
0.424,-2.50014316489061
0.4245,2.4021280110048
0.425,-2.05241886122556
0.4255,1.51851701810207
0.426,-0.819371079091935
0.4265,0.0566799415467943
0.427,0.727935107305292
0.4275,-1.424553623324
0.428,1.99878322061082
0.4285,-2.36174962681709
0.429,2.50929216965387
0.4295,-2.39462219706909
0.43,2.06222701647212
0.4305,-1.51100832124495
0.431,0.829182194249787
0.4315,-0.0481831605166609
0.432,-0.718123861643063
0.4325,1.43271998088562
0.433,-1.98996102750894
0.4335,2.36925557132147
0.434,-2.50014316489061
0.4345,2.40278545980598
0.435,-2.05307631215089
0.4355,1.52016063951256
0.436,-0.821014702864705
0.4365,0.05865228820747
0.437,0.725962761419767
0.4375,-1.42290999801552
0.438,1.99779704763231
0.4385,-2.36043472405964
0.439,2.50863472080212
0.4395,-2.39462219706909
0.44,2.06354191381523
0.4405,-1.5123232216961
0.441,0.830825815763101
0.4415,-0.0508129562991431
0.442,-0.715822788675624
0.4425,1.43107635948953
0.443,-1.98897485125317
0.4435,2.36859812253523
0.444,-2.49981443909265
0.4445,2.40311418420668
0.445,-2.05471993946825
0.4455,1.52213298520561
0.446,-0.822987051396869
0.4465,0.0602959104223255
0.447,0.723661691218142
0.4475,-1.42159509777212
0.448,1.9971395989802
0.4485,-2.36010599837091
0.449,2.50830599637637
0.4495,-2.39527964850002
0.45,2.06387063815113
0.4505,-1.51429557237864
0.451,0.83246943727558
0.4515,-0.0527853031399454
0.452,-0.714836614548813
0.4525,1.42910401381448
0.453,-1.98765994958198
0.4535,2.36794067374928
0.454,-2.50047189068882
0.4545,2.4037716330083
0.455,-2.05504866493241
0.4555,1.52311915805232
0.456,-0.824959399934317
0.4565,0.0625969815195025
0.457,0.722018069644331
0.4575,-1.41962274741266
0.458,1.99549597735075
0.4585,-2.3594485469942
0.459,2.50830599637637
0.4595,-2.39560837421586
0.46,2.06518553549526
0.4605,-1.51593919795276
0.461,0.834441783089457
0.4615,-0.0547576499841307
0.462,-0.712864266298955
0.4625,1.42778911669794
0.463,-1.98667377333097
0.4635,2.36761194935642
0.464,-2.49981443909265
0.4645,2.40410035740923
0.465,-2.05702101772226
0.4655,1.52542022802848
0.466,-0.826603023719563
0.4665,0.0642406037291895
0.467,0.720703172384547
0.4675,-1.41830784717677
0.468,1.99450980437363
0.4685,-2.3587910956185
0.469,2.50863472080212
0.4695,-2.39659455136493
0.47,2.06650043284021
0.4705,-1.51692537329957
0.471,0.836414128902142
0.4715,-0.056401272356873
0.472,-0.710891918054109
0.4725,1.42614549530242
0.473,-1.98535887166612
0.4735,2.3669545005709
0.474,-2.49981443909265
0.4745,2.40442908181022
0.475,-2.05767846865406
0.4755,1.52640640087562
0.476,-0.828575372266712
0.4765,0.0662129503779778
0.477,0.718730826493643
0.4775,-1.41666422188614
0.478,1.99352363139693
0.4785,-2.35813364424381
0.479,2.50830599637637
0.4795,-2.39659455136493
0.48,2.06715788151299
0.4805,-1.5182402737647
0.481,0.837729026109938
0.4815,-0.0583736192072733
0.482,-0.70891956981427
0.4825,1.4251593224652
0.483,-1.98371524459016
0.4835,2.36596832739317
0.484,-2.49981443909265
0.4845,2.40541525501366
0.485,-2.0586646450535
0.4855,1.52772129800534
0.486,-0.829890271301088
0.4865,0.0681852970236768
0.487,0.716429756285719
0.4875,-1.415349321657
0.488,1.99220873409532
0.4885,-2.35780491855685
0.489,2.50896344522795
0.4895,-2.39725200279891
0.49,2.06880150319585
0.4905,-1.51988389935049
0.491,0.839701371920645
0.4915,-0.0603459660610704
0.492,-0.706618496874115
0.4925,1.42318697679096
0.493,-1.9827290683473
0.4935,2.36531087860837
0.494,-2.49981443909265
0.4945,2.40640142821777
0.495,-2.05997954692266
0.4955,1.52903619513529
0.496,-0.832520069376908
0.4965,0.0704863681064275
0.497,0.714786134707394
0.4975,-1.4137056963748
0.498,1.99122256111959
0.4985,-2.35616129012579
0.499,2.50863472080212
0.4995,-2.3982381799518
0.5,2.06945895186935
0.5005,-1.52119879982262
0.501,0.841344993428666
0.5015,-0.0619895884418331
0.502,-0.705303598054223
0.5025,1.42187207967495
0.503,-1.98207161751986
0.5035,2.36465342982386
0.504,-2.50014316489061
0.5045,2.40640142821777
0.505,-2.06096572332696
0.5055,1.53067981654805
0.506,-0.833834968418357
0.5065,0.0718012658661174
0.507,0.712813788812039
0.5075,-1.41206207109728
0.508,1.99023638814428
0.5085,-2.35583256444033
0.509,2.50896344522795
0.5095,-2.39889563138834
0.51,2.07110257355401
0.5105,-1.52317115053666
0.511,0.843317339237214
0.5115,-0.0636332108249608
0.512,-0.70365997453248
0.5125,1.42055718255905
0.513,-1.98042799045521
0.5135,2.36432470543171
0.514,-2.50014316489061
0.5145,2.40738760142256
0.515,-2.06195189973335
0.5155,1.53265216224385
0.516,-0.835478592223487
0.5165,0.0741023369422865
0.517,0.711170167231437
0.5175,-1.40976099571661
0.518,1.98892149084451
0.5185,-2.35550383875513
0.519,2.50863472080212
0.5195,-2.39922435710699
0.52,2.07176002222824
0.5205,-1.52415732589631
0.521,0.845289685044591
0.5215,-0.0662630066428917
0.522,-0.701687626310961
0.5225,1.41891356116433
0.523,-1.97911308880757
0.5235,2.36366725664763
0.524,-2.49981443909265
0.5245,2.40738760142256
0.525,-2.06326680161177
0.5255,1.53429578365742
0.526,-0.837122216032308
0.5265,0.0764034080142772
0.527,0.709526545649795
0.5275,-1.40877482055627
0.528,1.98760659354548
0.5285,-2.35484638738548
0.529,2.50863472080212
0.5295,-2.39922435710699
0.53,2.07340364391471
0.5305,-1.52580095149962
0.531,0.847262030850801
0.5315,-0.067577904554134
0.532,-0.699386553392156
0.5325,1.41759866404868
0.533,-1.97812691257421
0.5335,2.3633385322557
0.534,-2.49981443909265
0.5345,2.40870249902998
0.535,-2.06425297802302
0.5355,1.53561068078854
0.536,-0.839423289370864
0.5365,0.0773895813295674
0.537,0.707554199750447
0.5375,-1.40713119529278
0.538,1.98629169624719
0.5385,-2.35386021033289
0.539,2.50830599637637
0.5395,-2.40053925998413
0.54,2.07406109258966
0.5405,-1.52777330223003
0.541,0.848905652355089
0.5415,-0.069878975902466
0.542,-0.698071654584453
0.5425,1.41562631837541
0.543,-1.97714073634288
0.5435,2.36268108347205
0.544,-2.49981443909265
0.5445,2.40903122343203
0.545,-2.06523915443636
0.5455,1.53725430220278
0.546,-0.841066913188555
0.5465,0.0796906523956024
0.547,0.705581853849594
0.5475,-1.40581629508535
0.548,1.98497679894962
0.5485,-2.35320275896576
0.549,2.50863472080212
0.5495,-2.40119671142423
0.55,2.07471854126481
0.5505,-1.52908820272087
0.551,0.850877998159175
0.5515,-0.0718513227761752
0.552,-0.695770581676295
0.5525,1.41398269698121
0.553,-1.97549710929519
0.5535,2.36202363468869
0.554,-2.49981443909265
0.5545,2.40903122343203
0.555,-2.06622533085179
0.5555,1.53856919933445
0.556,-0.84303926177467
0.5565,0.0819917234574778
0.557,0.70360950794723
0.5575,-1.40351521972954
0.558,1.98399062597693
0.5585,-2.35287403328257
0.559,2.50830599637637
0.5595,-2.40152543714466
0.56,2.07603343861575
0.5605,-1.53040310321483
0.561,0.852850343962108
0.5615,-0.0738236696533146
0.562,-0.694455682874671
0.5625,1.41233907558716
0.563,-1.9741822076611
0.5635,2.36103746151418
0.564,-2.49981443909265
0.5645,2.41034612104095
0.565,-2.06754023274228
0.5655,1.53988409646635
0.566,-0.844354160835043
0.5665,0.0833066212052562
0.567,0.701965886360769
0.5675,-1.40220031953033
0.568,1.98300445300465
0.5685,-2.35221658191694
0.569,2.50797727195071
0.5695,-2.40185416286535
0.57,2.0770196116295
0.5705,-1.53204672883668
0.571,0.854493965463675
0.5715,-0.0754672920535544
0.572,-0.692483334676373
0.5725,1.41069545419329
0.573,-1.97352475684541
0.5735,2.36070873712282
0.574,-2.49948571329496
0.5745,2.41067484544336
0.575,-2.06885513463648
0.5755,1.54152771788158
0.576,-0.846655234196404
0.5765,0.0856076922606106
0.577,0.699993540455622
0.5775,-1.40088541933409
0.578,1.98201828003278
0.5785,-2.35155913055233
0.579,2.50830599637637
0.5795,-2.40251161430749
0.58,2.0783345089819
0.5805,-1.53303290421214
0.581,0.856137586964448
0.5815,-0.0771109144561826
0.582,-0.690510986483038
0.5825,1.4093805570783
0.583,-1.97220985521674
0.5835,2.35972256394918
0.584,-2.49948571329496
0.5845,2.41133229424842
0.585,-2.06951258558497
0.5855,1.54317133929719
0.586,-0.848298858030399
0.5865,0.0875800388761907
0.587,0.698349918866835
0.5875,-1.399241794093
0.588,1.98070338273759
0.5885,-2.35090167918872
0.589,2.50797727195071
0.5895,-2.40284034002895
0.59,2.07932068199674
0.5905,-1.53533398009504
0.591,0.858109932764332
0.5915,-0.0790832613424927
0.592,-0.68853863829466
0.5925,1.40773693568471
0.593,-1.97089495359168
0.5935,2.3593938395581
0.594,-2.49915698749753
0.5945,2.41166101865106
0.595,-2.07082748748475
0.5955,1.54481496071318
0.596,-0.849942481868107
0.5965,0.0895523854887342
0.597,0.69703502159504
0.5975,-1.39726944380983
0.598,1.97971720976668
0.5985,-2.35024422782611
0.599,2.50797727195071
0.5995,-2.40316906575066
0.6,2.0806355793506
0.6005,-1.53632015547636
0.601,0.860082278563082
0.6015,-0.0813843327142128
0.602,-0.686566290111235
0.6025,1.40642203856994
0.603,-1.96958005197022
0.6035,2.35873639077617
0.604,-2.49915698749753
0.6045,2.41264719185944
0.605,-2.07148493843603
0.6055,1.54678730641289
0.606,-0.851914830478263
0.6065,0.091524732098246
0.607,0.694405227049408
0.6075,-1.39595454362478
0.608,1.97840231247276
0.6085,-2.34925805078409
0.609,2.50797727195071
0.6095,-2.40382651719484
0.61,2.08129302802784
0.6105,-1.53763505598753
0.611,0.86139717576162
0.6115,-0.0830279551254619
0.612,-0.685251391325033
0.6125,1.40444969289798
0.613,-1.9685938757565
0.6135,2.35775021760381
0.614,-2.49882826170037
0.6145,2.41231846745657
0.615,-2.07247111486469
0.6155,1.54777347926295
0.616,-0.853229729554675
0.6165,0.0934970787047309
0.617,0.692761605457
0.6175,-1.39398219335278
0.618,1.97675869085639
0.6185,-2.34827187374433
0.619,2.50764854752512
0.6195,-2.40415524291731
0.62,2.08260792538295
0.6205,-1.53960740676016
0.621,0.86336952155849
0.6215,-0.0856577509884561
0.622,-0.683607767845372
0.6225,1.40280607150484
0.623,-1.9676076995448
0.6235,2.35643532004166
0.624,-2.49915698749753
0.6245,2.41297591626238
0.625,-2.07378601677283
0.6255,1.5490883763966
0.626,-0.855530802944128
0.6265,0.0948119764407084
0.627,0.690460535225828
0.6275,-1.39299601821929
0.628,1.9757725178871
0.6285,-2.34827187374433
0.629,2.50764854752512
0.6295,-2.40514142008627
0.63,2.08326537406082
0.6305,-1.54157975753984
0.631,0.865013143055024
0.6315,-0.086972648922262
0.632,-0.680977970285048
0.6325,1.40116245011185
0.633,-1.96662152333513
0.6335,2.35643532004166
0.634,-2.49915698749753
0.6345,2.4133046406654
0.635,-2.07510091868469
0.6355,1.55040327353049
0.636,-0.85750315156947
0.6365,0.0971130474754414
0.637,0.688816913630844
0.6375,-1.39135239300053
0.638,1.97412889627253
0.6385,-2.34794314806492
0.639,2.50797727195071
0.6395,-2.40579887153351
0.64,2.08458027141719
0.6405,-1.54256593293233
0.641,0.866656764550782
0.6415,-0.0889449958258607
0.642,-0.679663071508176
0.6425,1.399518828719
0.643,-1.96563534712749
0.6435,2.35544914687079
0.644,-2.49915698749753
0.6445,2.41396208947166
0.645,-2.07608709512103
0.6455,1.55204689494822
0.646,-0.859475500200182
0.6465,0.0987566696405966
0.647,0.686515843396054
0.6475,-1.39003749282886
0.648,1.97347144762702
0.6485,-2.34728569670684
0.649,2.50764854752512
0.6495,-2.40612759725752
0.65,2.08556644443503
0.6505,-1.5445382837226
0.651,0.868629110344672
0.6515,-0.0912460672177816
0.652,-0.677361998653922
0.6525,1.39787520732629
0.653,-1.96432044552046
0.6535,2.35512042248065
0.654,-2.49915698749753
0.6545,2.41429081387491
0.655,-2.07740199703941
0.6555,1.55336179208269
0.656,-0.861119124063214
0.6565,0.100729016236025
0.657,0.68520094611808
0.6575,-1.38839386761845
0.658,1.97248527465909
0.6585,-2.34629951967161
0.659,2.50731982309962
0.6595,-2.40678504870629
0.66,2.08655261745333
0.6605,-1.54618190938655
0.661,0.870601456137453
0.6615,-0.0928896896434802
0.662,-0.676047099883073
0.6625,1.39688903449073
0.663,-1.96300554391702
0.6635,2.35413424931063
0.664,-2.49882826170037
0.6645,2.41527698708509
0.665,-2.07838817348064
0.6655,1.55467668921743
0.666,-0.863091472703783
0.6665,0.102701362828449
0.667,0.683557324519636
0.6675,-1.38642151737209
0.668,1.97117037736914
0.6685,-2.34564206831604
0.669,2.50764854752512
0.6695,-2.40678504870629
0.67,2.08721006613246
0.6705,-1.54749680992125
0.671,0.872245077630594
0.6715,-0.0948620365575105
0.672,-0.673746027039349
0.6725,1.39458796454128
0.673,-1.9620193677168
0.6735,2.35347680053098
0.674,-2.49915698749753
0.6745,2.41527698708509
0.675,-2.07937434992396
0.6755,1.55664903492001
0.676,-0.864735096575036
0.6765,0.104673709417874
0.677,0.681584978600068
0.6775,-1.38477789217188
0.678,1.96985548007991
0.6785,-2.34531334263864
0.679,2.50731982309962
0.6795,-2.40777122588138
0.68,2.08852496349136
0.6805,-1.54914043559404
0.681,0.873888699122971
0.6815,-0.0968343834750278
0.682,-0.672102403583643
0.6825,1.39327306742743
0.683,-1.96004701532245
0.6835,2.35347680053098
0.684,-2.49849953590346
0.6845,2.41593443589225
0.685,-2.08003180088734
0.6855,1.55796393205539
0.686,-0.866049995674732
0.6865,0.105988607142493
0.687,0.67961263267893
0.6875,-1.38313426697631
0.688,1.96919803143556
0.6885,-2.34465589128458
0.689,2.50797727195071
0.6895,-2.40809995160691
0.69,2.09016858519118
0.6905,-1.55012661100008
0.691,0.875203596316325
0.6915,-0.0984780059089594
0.692,-0.670130055441299
0.6925,1.39162944603523
0.693,-1.9590608391283
0.6935,2.35216190297253
0.694,-2.49849953590346
0.6945,2.41659188469971
0.695,-2.08101797733416
0.6955,1.55960755347499
0.696,-0.868022344328769
0.6965,0.108618402587745
0.697,0.677640286756217
0.6975,-1.38149064178536
0.698,1.9672256855036
0.6985,-2.34366971425537
0.699,2.50764854752512
0.6995,-2.40875740305876
0.7,2.09082603387148
0.7005,-1.55209896181746
0.701,0.877833390701578
0.7015,-0.100779077320543
0.702,-0.668815156682463
0.7025,1.38998582464315
0.703,-1.95774593753925
0.7035,2.35150445419373
0.704,-2.49882826170037
0.7045,2.41724933350748
0.705,-2.08299033023408
0.7055,1.56092245061097
0.706,-0.869665968211254
0.7065,0.110262024738333
0.707,0.675996665152749
0.7075,-1.38017574163594
0.708,1.96656823685996
0.7085,-2.34301226290382
0.709,2.50699109867419
0.7095,-2.40941485451162
0.71,2.09214093123271
0.7105,-1.55308513722881
0.711,0.87914828789348
0.7115,-0.102422699760305
0.712,-0.666514083859742
0.7125,1.3883422032512
0.713,-1.95675976134983
0.7135,2.35084700541521
0.714,-2.49849953590346
0.7145,2.41757805791147
0.715,-2.08331905571822
0.7155,1.56289479631544
0.716,-0.871967041653033
0.7165,0.11190564688685
0.717,0.674024319227135
0.7175,-1.37787466638157
0.718,1.96459589093013
0.7185,-2.34268353722843
0.719,2.50666237424885
0.7195,-2.40974358023844
0.72,2.09312710425419
0.7205,-1.55472876291832
0.721,0.881120633680431
0.7215,-0.104723771180064
0.722,-0.664541735731288
0.7225,1.38669858185937
0.723,-1.95577358516242
0.7235,2.35018955663698
0.724,-2.49849953590346
0.7245,2.41823550671969
0.725,-2.0846339576571
0.7255,1.5638809691679
0.726,-0.873281940765924
0.7265,0.114206717891303
0.727,0.672051973299933
0.7275,-1.37688849127533
0.728,1.96360971796581
0.7285,-2.34202608587839
0.729,2.50666237424885
0.7295,-2.41072975742042
0.73,2.09378455293544
0.7305,-1.55604366347348
0.731,0.882764255168734
0.7315,-0.106038669136357
0.732,-0.663226836981705
0.7325,1.38472623618933
0.733,-1.95478740897703
0.7335,2.34920338347016
0.734,-2.49882826170037
0.7345,2.41856423112392
0.735,-2.08562013411371
0.7355,1.56552459058901
0.736,-0.875583014219268
0.7365,0.115850340034864
0.737,0.670408351692714
0.7375,-1.37557359113626
0.738,1.96229482068068
0.7385,-2.34103990885521
0.739,2.50666237424885
0.7395,-2.41072975742042
0.74,2.09509945029858
0.7405,-1.55801601431213
0.741,0.884407876656291
0.7415,-0.10866846505363
0.742,-0.660925764175162
0.7425,1.38374006335437
0.743,-1.95281505661232
0.7435,2.34854593469263
0.744,-2.49849953590346
0.7445,2.41889295552821
0.745,-2.08726376154606
0.7455,1.5668394877262
0.746,-0.877226638119025
0.7465,0.118151411032389
0.747,0.668764730084385
0.7475,-1.37392996596658
0.748,1.96130864771729
0.7485,-2.34038245750767
0.749,2.50633364982359
0.7495,-2.41138720887635
0.75,2.0960856233215
0.7505,-1.55933091487517
0.751,0.886708946737624
0.7515,-0.110312087505104
0.752,-0.659282140745987
0.7525,1.38176771768458
0.753,-1.95248633121899
0.7535,2.34821721030397
0.754,-2.49882826170037
0.7545,2.41955040433704
0.755,-2.08824993800827
0.7555,1.56848310914808
0.756,-0.878870262022544
0.7565,0.120123757598489
0.757,0.666792384152921
0.7575,-1.37228634080151
0.758,1.9603224747543
0.7585,-2.33972500616114
0.759,2.50699109867419
0.7595,-2.4120446603333
0.76,2.09740052068614
0.7605,-1.56064581544137
0.761,0.888352568223403
0.7615,-0.111955709959026
0.762,-0.656981067950836
0.7625,1.38012409629321
0.763,-1.95084270425568
0.7635,2.34723103713843
0.764,-2.49817081010682
0.7645,2.41987912874156
0.765,-2.08923611447259
0.7655,1.56979800628588
0.766,-0.880513885929829
0.7665,0.122096104161632
0.767,0.665148762542141
0.7675,-1.37031399060952
0.768,1.95900757747093
0.7685,-2.33873882914323
0.769,2.50699109867419
0.7695,-2.41237338606217
0.77,2.09838669371017
0.7705,-1.56196071601072
0.771,0.889996189708446
0.7715,-0.113928056906967
0.772,-0.655008719845988
0.7725,1.37880919918018
0.773,-1.94985652808038
0.7735,2.34723103713843
0.774,-2.49784208431043
0.7745,2.42086530195559
0.775,-2.08956483996116
0.7755,1.57144162770853
0.776,-0.88281495940636
0.7765,0.124068450721823
0.777,0.663505140930243
0.7775,-1.36899909048521
0.778,1.95802140450886
0.7785,-2.3384101034711
0.779,2.50699109867419
0.7795,-2.41270211179128
0.78,2.09937286673469
0.7805,-1.56360434172686
0.781,0.892297259786275
0.7815,-0.116229128350699
0.782,-0.653693821112128
0.7825,1.377165577789
0.783,-1.94854162651646
0.7835,2.34624486397351
0.784,-2.49784208431043
0.7845,2.42152275076532
0.785,-2.09087974191779
0.7855,1.57308524913162
0.786,-0.884458583322694
0.7865,0.126040797279069
0.787,0.661532794994484
0.7875,-1.36768419036385
0.788,1.9563777829063
0.7885,-2.33742392645619
0.789,2.50633364982359
0.7895,-2.41335956325028
0.79,2.10068776410147
0.7905,-1.56459051715891
0.791,0.893612156972964
0.7915,-0.117872750813457
0.792,-0.651721473015393
0.7925,1.37519323211972
0.793,-1.94722672495612
0.7935,2.34525869080924
0.794,-2.49751335851431
0.7945,2.42185147517029
0.795,-2.0915371928975
0.7955,1.5750575948399
0.796,-0.886102207242803
0.7965,0.128013143833372
0.797,0.659231724734051
0.7975,-1.36571184018733
0.798,1.95572033426558
0.7985,-2.33676647511418
0.799,2.50633364982359
0.7995,-2.41401701471031
0.8,2.10200266146911
0.8005,-1.56623414288296
0.801,0.895913227048551
0.8015,-0.119516373278675
0.802,-0.64974912492352
0.8025,1.37387833500694
0.803,-1.9465692741773
0.8035,2.34492996642129
0.804,-2.49751335851431
0.8045,2.42250892398048
0.805,-2.09285209485973
0.8055,1.57604376769428
0.806,-0.888074555951921
0.8065,0.129985490384739
0.807,0.657916827441382
0.8075,-1.36373949001744
0.808,1.95440543698466
0.8085,-2.33610902377316
0.809,2.50699109867419
0.8095,-2.41401701471031
0.81,2.10266011015325
0.8105,-1.56820649375833
0.811,0.897885572826497
0.8115,-0.12148872024019
0.812,-0.648105501517335
0.8125,1.3728921621724
0.813,-1.94459692184619
0.8135,2.34427251764559
0.814,-2.49718463271845
0.8145,2.42283764838568
0.815,-2.09383827133387
0.8155,1.57768738911859
0.816,-0.889389455094357
0.8165,0.131629112508638
0.817,0.655944481501022
0.8175,-1.36242458990785
0.818,1.95341926402443
0.8185,-2.33545157243315
0.819,2.50633364982359
0.8195,-2.41467446617136
0.82,2.10331755883761
0.8205,-1.56886394405171
0.821,0.899529194307327
0.8215,-0.123132342710833
0.822,-0.646133153434362
0.8225,1.37091981650341
0.823,-1.94361074568366
0.8235,2.34361506887018
0.824,-2.49685590692286
0.8245,2.42349509719632
0.825,-2.0948244478101
0.8255,1.57900228625837
0.826,-0.891690528599449
0.8265,0.133601459054633
0.827,0.653972135559027
0.8275,-1.360780964775
0.828,1.95177564242493
0.8285,-2.33479412109414
0.829,2.50600492539841
0.8295,-2.41500319190226
0.83,2.10463245620697
0.8305,-1.57116502008476
0.831,0.90117281578744
0.8315,-0.125433414173882
0.832,-0.644160805356237
0.8325,1.36894747083456
0.833,-1.94229584413674
0.8335,2.34295762009506
0.834,-2.49685590692286
0.8345,2.42349509719632
0.835,-2.09646807527518
0.8355,1.58031718339843
0.836,-0.893662877324007
0.8365,0.135573805597706
0.837,0.651999789615395
0.8375,-1.35913733964675
0.838,1.9504607451461
0.8385,-2.33413666975613
0.839,2.50567620097332
0.8395,-2.41598936909652
0.84,2.10561862923455
0.8405,-1.57280864582859
0.841,0.902816437266839
0.8415,-0.12740576114607
0.842,-0.642845906640177
0.8425,1.36730384944395
0.843,-1.9413096679789
0.8435,2.34197144693289
0.844,-2.49751335851431
0.8445,2.42415254600726
0.845,-2.09778297725145
0.8455,1.58163208053878
0.846,-0.895635226054023
0.8465,0.136888703291466
0.847,0.650027443670119
0.8475,-1.35782243954745
0.848,1.94980329650695
0.8485,-2.3338079440875
0.849,2.50567620097332
0.8495,-2.41664682056064
0.85,2.10660480226263
0.8505,-1.57412354642723
0.851,0.904131334449847
0.8515,-0.129378108121825
0.852,-0.640544833892248
0.8525,1.36566022805342
0.853,-1.94032349182308
0.8535,2.34164272254564
0.854,-2.49751335851431
0.8545,2.42415254600726
0.855,-2.09844042824099
0.8555,1.58294697767942
0.856,-0.89662140042108
0.8565,0.138861049829678
0.857,0.647726373398547
0.8575,-1.35617881442745
0.858,1.94815967490983
0.8585,-2.33282176708312
0.859,2.5053474765483
0.8595,-2.41697554629309
0.86,2.10791969963415
0.8605,-1.57576717217998
0.861,0.905774955927968
0.8615,-0.131350455101151
0.862,-0.6392299351821
0.8625,1.36401660666297
0.863,-1.93933731566926
0.8635,2.34065654938432
0.864,-2.49685590692286
0.8645,2.42480999481851
0.865,-2.09942660472706
0.8655,1.58491932339092
0.866,-0.898593749159294
0.8665,0.141162120787247
0.867,0.646411476099495
0.8675,-1.35453518931204
0.868,1.94684477763292
0.8685,-2.33249304141549
0.869,2.50567620097332
0.8695,-2.41763299775874
0.87,2.10890587266336
0.8705,-1.57708207278576
0.871,0.907747301700781
0.8715,-0.132994077586656
0.872,-0.636928862444507
0.8725,1.36270170955067
0.873,-1.9376936887507
0.8735,2.33967037622363
0.874,-2.49685590692286
0.8745,2.42579616803594
0.875,-2.10041278121524
0.8755,1.58656294481768
0.876,-0.900237373111985
0.8765,0.142477018475511
0.877,0.644439130149537
0.8775,-1.3528915642012
0.878,1.94552988035669
0.8785,-2.33183559008099
0.879,2.50567620097332
0.8795,-2.41796172349196
0.88,2.10956332134977
0.8805,-1.57872569854745
0.881,0.909719647472583
0.8815,-0.134966424572544
0.882,-0.635285239064533
0.8825,1.36072936388232
0.883,-1.93670751260224
0.8835,2.33967037622363
0.884,-2.49718463271845
0.8845,2.42579616803594
0.885,-2.10139895770553
0.8855,1.58787784195942
0.886,-0.90253844665214
0.8865,0.145106813848173
0.887,0.642795508523302
0.8875,-1.35124793909495
0.888,1.94421498308115
0.8885,-2.33084941308111
0.889,2.5053474765483
0.8895,-2.41861917495915
0.89,2.11120694306675
0.8905,-1.58004059916037
0.891,0.912020717538412
0.8915,-0.136938771562019
0.892,-0.632655441663537
0.8925,1.35941446677014
0.893,-1.93473516031135
0.8935,2.33868420306357
0.894,-2.49685590692286
0.8945,2.42678234125407
0.895,-2.10304258519403
0.8955,1.58919273910145
0.896,-0.903853345821292
0.8965,0.146750435953473
0.897,0.641151886895911
0.8975,-1.34927558897348
0.898,1.94388625876238
0.8985,-2.33019196174911
0.899,2.5053474765483
0.8995,-2.41861917495915
0.9,2.11186439175392
0.9005,-1.58135549977647
0.901,0.913006890423349
0.9015,-0.13858239405599
0.902,-0.63134054296625
0.9025,1.35809956965801
0.903,-1.93374898416892
0.9035,2.33835547867702
0.904,-2.49652718112752
0.9045,2.42743979006653
0.905,-2.10337131069244
0.9055,1.59116508481506
0.906,-0.906154419373173
0.9065,0.148722782477183
0.907,0.63917954094151
0.9075,-1.34796068889616
0.908,1.94224263716913
0.9085,-2.32986323608349
0.909,2.5053474765483
0.9095,-2.41894790069313
0.91,2.11317928912892
0.9105,-1.58332785070659
0.911,0.915307960487234
0.9115,-0.140883465551745
0.912,-0.629368194924328
0.9125,1.3564559482679
0.913,-1.93276280802849
0.9135,2.33704058113153
0.914,-2.49652718112752
0.9145,2.42776851447287
0.915,-2.1046862126884
0.9155,1.59247998195785
0.916,-0.907798043343377
0.9165,0.150366404578071
0.917,0.636878470659258
0.9175,-1.34664578882176
0.918,1.94092773989531
0.9185,-2.32887705908811
0.919,2.50501875212337
0.9195,-2.41960535216186
0.92,2.11416546216074
0.9205,-1.58431402617433
0.921,0.916294133371341
0.9215,-0.142527088051712
0.922,-0.627724571559731
0.9225,1.35448360259986
0.923,-1.93144790651104
0.9235,2.33605440797315
0.924,-2.49619845533244
0.9245,2.42809723887929
0.925,-2.10567238918784
0.9255,1.59379487910093
0.926,-0.909441667317396
0.9265,0.152667475515952
0.927,0.635234849027678
0.9275,-1.34467343871565
0.928,1.93961284262217
0.9285,-2.32821960775911
0.929,2.50501875212337
0.9295,-2.42059152936688
0.93,2.11515163519305
0.9305,-1.58562892680078
0.931,0.918595203433297
0.9315,-0.144170710554183
0.932,-0.625423498854898
0.9325,1.35316870548789
0.933,-1.93013300499715
0.9335,2.33605440797315
0.934,-2.49586972953763
0.9345,2.42908341209901
0.935,-2.10665856568939
0.9355,1.59576722481612
0.936,-0.911085291295233
0.9365,0.154968546449919
0.937,0.633262503068238
0.9375,-1.34302981363225
0.938,1.93862666966777
0.9385,-2.32723343076749
0.939,2.5053474765483
0.9395,-2.4209202551024
0.94,2.11646653257023
0.9405,-1.58760127774642
0.941,0.920896273493911
0.9415,-0.14680050656335
0.942,-0.62345115082738
0.9425,1.35185380837595
0.943,-1.92914682886408
0.9435,2.33539695920124
0.944,-2.49619845533244
0.9445,2.42941213650574
0.945,-2.10764474219305
0.9455,1.59708212195997
0.946,-0.91305764007368
0.9465,0.156940892961638
0.947,0.631947605761006
0.9475,-1.3413861885534
0.948,1.93731177239582
0.9485,-2.32657597944099
0.949,2.5053474765483
0.9495,-2.42124898083817
0.95,2.11745270560369
0.9505,-1.58891617838083
0.951,0.922539894964962
0.9515,-0.148444129072342
0.952,-0.62213625214503
0.9525,1.34988146270812
0.953,-1.92750320198007
0.9535,2.33473951042962
0.954,-2.49586972953763
0.9545,2.43006958531941
0.955,-2.10863091869882
0.9555,1.5987257433902
0.956,-0.914043814464969
0.9565,0.158584515052548
0.957,0.630303984125908
0.9575,-1.3394138384648
0.958,1.93599687512456
0.9585,-2.32558980245311
0.959,2.50501875212337
0.9595,-2.4215777065742
0.96,2.11811015429294
0.9605,-1.59023107901843
0.961,0.924183516435335
0.9615,-0.150087751583848
0.962,-0.620163904125496
0.9625,1.34823784131832
0.963,-1.92651702585234
0.9635,2.33408206165827
0.964,-2.49554100374308
0.9645,2.43105575854051
0.965,-2.10928836970385
0.9655,1.60004064053474
0.966,-0.916344888049999
0.9665,0.160556861559018
0.967,0.628331638162235
0.9675,-1.33809893840938
0.968,1.93501070217155
0.9685,-2.32493235112911
0.969,2.50469002769852
0.9695,-2.42223515804703
0.97,2.1194250516721
0.9705,-1.59154597965922
0.971,0.925498413611148
0.9715,-0.152388823104183
0.972,-0.618520280779539
0.9725,1.34659421992857
0.973,-1.92520212435181
0.9735,2.33309588850177
0.974,-2.49554100374308
0.9745,2.4307270341334
0.975,-2.11093199722052
0.9755,1.60168426196584
0.976,-0.917988512043902
0.9765,0.16187175922841
0.977,0.626030567869131
0.9775,-1.33678403835687
0.978,1.93336708058406
0.9785,-2.32427489980611
0.979,2.50469002769852
0.9795,-2.42289260952089
0.98,2.11975377601703
0.9805,-1.59351833062639
0.981,0.927799483667786
0.9815,-0.154032445621732
0.982,-0.616547932768771
0.9825,1.34495059853888
0.983,-1.92421594822875
0.9835,2.33243843973112
0.984,-2.49586972953763
0.9845,2.43105575854051
0.985,-2.11126072272456
0.9855,1.60299915911108
0.986,-0.920289585641805
0.9865,0.164172830146797
0.987,0.624386946229778
0.9875,-1.33514041329533
0.988,1.93270963194936
0.9885,-2.3236174484841
0.989,2.50436130327375
0.9895,-2.42256388378383
0.99,2.12139739774248
0.9905,-1.59483323127517
0.991,0.929771829429576
0.9915,-0.156004792646122
0.992,-0.614575584762778
0.9925,1.34330697714923
0.993,-1.92257232136142
0.9935,2.33178099096075
0.994,-2.49554100374308
0.9945,2.43138448294769
0.995,-2.11257562474308
0.9955,1.60431405625662
0.996,-0.92193320964491
0.9965,0.165816452228985
0.997,0.622085875932686
0.9975,-1.33316806322749
0.998,1.93139473468046
0.9985,-2.32263127150297
0.999,2.50403257884906
0.9995,-2.42355006099577
1,2.12238357077842
1.0005,-1.59614813192713
1.001,0.931415450897002
1.0015,-0.157977139674149
1.002,-0.612931961428094
1.0025,1.34166335575962
1.003,-1.92158614524369
1.0035,2.33112354219065
1.004,-2.49521227794879
1.0045,2.4323706561697
1.005,-2.11356180125943
1.0055,1.60562895340249
1.006,-0.923576833651855
1.0065,0.168117523140732
1.007,0.620442254290476
1.0075,-1.3318531631859
1.008,1.92942238877837
1.0085,-2.32164509452409
1.009,2.50436130327375
1.0095,-2.4238787867336
1.01,2.12304101946932
1.0105,-1.59779175774659
1.011,0.933059072363767
1.0115,-0.159949486705819
1.012,-0.610959613430842
1.0125,1.33969101009214
1.013,-1.92059996912796
1.0135,2.3298086446513
1.014,-2.49521227794879
1.0145,2.4323706561697
1.015,-2.11487670328453
1.0155,1.60727257483526
1.016,-0.925549182465261
1.0165,0.169432420802853
1.017,0.61879863264707
1.0175,-1.32988081312896
1.018,1.9284362158279
1.0185,-2.32164509452409
1.019,2.50403257884906
1.0195,-2.42420751247168
1.02,2.12435591685178
1.0205,-1.59910665840575
1.021,0.934702693829871
1.0215,-0.161593109234997
1.022,-0.608987265438351
1.0225,1.33804738870262
1.023,-1.91895634227285
1.0235,2.3298086446513
1.024,-2.49488355215476
1.0245,2.43269938057718
1.025,-2.11586287980583
1.0255,1.60891619626853
1.026,-0.927521531284204
1.0265,0.171404767293673
1.027,0.616826286673401
1.0275,-1.3282371880865
1.028,1.92712131856118
1.0285,-2.32065891754745
1.029,2.50403257884906
1.0295,-2.42486496394862
1.03,2.12501336554334
1.0305,-1.60075028423421
1.031,0.936675039588331
1.0315,-0.163565456273358
1.032,-0.607343642114909
1.0325,1.33673249159103
1.033,-1.91764144079276
1.0335,2.32849374711305
1.034,-2.49488355215476
1.0345,2.43335682939239
1.035,-2.1165203308212
1.0355,1.6102310934155
1.036,-0.929165155304223
1.0365,0.173705838196053
1.037,0.614525216368601
1.0375,-1.3269222880558
1.038,1.92613514561159
1.0385,-2.32065891754745
1.039,2.50370385442445
1.0395,-2.42552241542658
1.04,2.1259995385811
1.0405,-1.60239391006766
1.041,0.938318661052995
1.0415,-0.165537803315375
1.042,-0.605371294131133
1.0425,1.33541759447946
1.043,-1.91665526468502
1.0435,2.32816502272867
1.044,-2.49455482636099
1.0445,2.43434300261578
1.045,-2.11783523285478
1.0455,1.61187471484967
1.046,-0.930808779328094
1.0465,0.175678184680748
1.047,0.612881594720869
1.0475,-1.3252786630215
1.048,1.92514897266236
1.0485,-2.31934401491542
1.049,2.50370385442445
1.0495,-2.42585114116595
1.05,2.12731443596556
1.0505,-1.60370881073803
1.051,0.940291006809734
1.0515,-0.167181425853187
1.052,-0.603398946152105
1.0525,1.33377397309003
1.053,-1.91501163784322
1.0535,2.3275075739601
1.054,-2.49455482636099
1.0545,2.43434300261578
1.055,-2.11849268387298
1.0555,1.61318961199737
1.056,-0.932123678549966
1.0565,0.177650531162623
1.057,0.611566697401814
1.0575,-1.32330631298633
1.058,1.92416279971352
1.0585,-2.31835783794402
1.059,2.50337512999992
1.0595,-2.42585114116595
1.06,2.12830060900448
1.0605,-1.60469498624291
1.061,0.942263352565541
1.0615,-0.168825048393543
1.062,-0.601426598177819
1.0625,1.33180162742274
1.063,-1.91435418710806
1.0635,2.32685012519181
1.064,-2.49455482636099
1.0645,2.43500045143175
1.065,-2.12046503693324
1.0655,1.61483323343244
1.066,-0.933767302580778
1.0665,0.179622877641685
1.067,0.609265627091602
1.0675,-1.3219914129665
1.068,1.92251917813294
1.0685,-2.31802911228738
1.069,2.50304640557548
1.0695,-2.42650859264545
1.07,2.12928678204391
1.0705,-1.60699606242798
1.071,0.943906974028006
1.0715,-0.171126119954324
1.072,-0.599454250208271
1.0725,1.33015800603336
1.073,-1.91303928564038
1.0735,2.32553522765606
1.074,-2.49455482636099
1.0745,2.43532917583985
1.075,-2.12112248795521
1.0755,1.61614813058087
1.076,-0.935410926615449
1.0765,0.180937775292832
1.077,0.607622005439994
1.0775,-1.32001906294219
1.078,1.92153300518509
1.0785,-2.31671420966333
1.079,2.50304640557548
1.0795,-2.42749476986663
1.08,2.13027295508383
1.0805,-1.60798223793888
1.081,0.94555059548983
1.0815,-0.173427191520108
1.082,-0.597810626903929
1.0825,1.32884310892187
1.083,-1.91172438417625
1.0835,2.32520650327229
1.084,-2.49455482636099
1.0845,2.43532917583985
1.085,-2.12177993897813
1.0855,1.61680557915521
1.086,-0.937383275462153
1.0865,0.182910121767213
1.087,0.605978383787169
1.0875,-1.31837543792691
1.088,1.92021810792187
1.0885,-2.31638548400794
1.089,2.50304640557548
1.0895,-2.42749476986663
1.09,2.13125912812426
1.0905,-1.60962586379438
1.091,0.947194216951015
1.0915,-0.175070814070163
1.092,-0.596167003602871
1.0925,1.3265420389768
1.093,-1.91073820808048
1.0935,2.32389160573792
1.094,-2.49455482636099
1.0945,2.43598662465628
1.095,-2.12309484102679
1.0955,1.61877792487872
1.096,-0.939355624314423
1.0965,0.184882468238794
1.097,0.603677313471163
1.0975,-1.31706053791793
1.098,1.91890321065931
1.0985,-2.3160567583528
1.099,2.50271768115111
1.0995,-2.4281522213487
1.1,2.13290274985942
1.1005,-1.61061203931009
1.101,0.948837838411566
1.1015,-0.17737188564454
1.102,-0.593865930986901
1.1025,1.32522714186534
1.103,-1.90876585589491
1.1035,2.32389160573792
1.104,-2.49389737477424
1.1045,2.43664407347302
1.105,-2.12408101756576
1.1055,1.62042154631554
1.106,-0.941656697982447
1.1065,0.186526090296308
1.107,0.601376243152758
1.1075,-1.31541691291078
1.108,1.91725958908204
1.1085,-2.31507058138888
1.109,2.50238895672683
1.1095,-2.42848094709012
1.11,2.13290274985942
1.1105,-1.61258439034694
1.111,0.951138908455275
1.1115,-0.179015508200742
1.112,-0.592551032352088
1.1125,1.32325479619817
1.113,-1.90843713053142
1.1135,2.32290543258787
1.114,-2.49389737477424
1.1145,2.4369727978815
1.115,-2.12506719410686
1.1155,1.62173644346537
1.116,-0.943629046846796
1.1165,0.188827161173571
1.117,0.599732621495281
1.1175,-1.31410201290831
1.118,1.91627341613617
1.1185,-2.31507058138888
1.119,2.50238895672683
1.1195,-2.42913839857373
1.12,2.13421764724856
1.1205,-1.61389929104218
1.121,0.952453805622556
1.1215,-0.18098785527157
1.122,-0.590578684403798
1.1225,1.32193989908673
1.123,-1.90745095444229
1.1235,2.32224798382151
1.124,-2.49389737477424
1.1245,2.43730152229006
1.125,-2.12638209616496
1.1255,1.62338006490313
1.126,-0.945272670904683
1.1265,0.190142058816018
1.127,0.597760275504684
1.1275,-1.31212966291001
1.128,1.91462979456054
1.1285,-2.3137556787738
1.129,2.50238895672683
1.1295,-2.42979585005837
1.13,2.13520382029099
1.1305,-1.61554291691577
1.131,0.954097427081093
1.1315,-0.18328892685888
1.132,-0.588935061117154
1.1325,1.32029627769744
1.133,-1.9061360529932
1.1335,2.32126181067249
1.134,-2.49389737477424
1.1345,2.43730152229006
1.135,-2.12736827271102
1.1355,1.62469496205371
1.136,-0.946916294966451
1.1365,0.192443129687324
1.137,0.596116653844496
1.1375,-1.31048603791639
1.138,1.91331489730077
1.1385,-2.31276950181511
1.139,2.50173150787851
1.1395,-2.43045330154404
1.14,2.13586126898623
1.1405,-1.61718654279438
1.141,0.956069772830516
1.1415,-0.184932549424332
1.142,-0.587291437833779
1.1425,1.31865265630815
1.143,-1.90416370082621
1.1435,2.32093308628962
1.144,-2.49389737477424
1.1445,2.43795897110742
1.145,-2.1283544492592
1.1455,1.62600985920463
1.146,-0.948888643845696
1.1465,0.194744200554849
1.147,0.594801756515455
1.1475,-1.30851368792999
1.148,1.91232872435638
1.1485,-2.31244077616271
1.149,2.50206023230263
1.1495,-2.43078202728726
1.15,2.13717616637739
1.1505,-1.61850144350089
1.151,0.958042118579045
1.1515,-0.186576171992359
1.152,-0.58499036524254
1.1525,1.31700903491886
1.153,-1.9031775247457
1.1535,2.32027563752409
1.154,-2.49323992318854
1.1545,2.43894514433402
1.155,-2.12966935132675
1.1555,1.62765348064376
1.156,-0.950532267916007
1.1565,0.196387822600771
1.157,0.592829410520407
1.1575,-1.30719878794266
1.158,1.91134255141235
1.1585,-2.311454599207
1.159,2.50206023230263
1.1595,-2.43111075303073
1.16,2.13881978811759
1.1605,-1.61981634421062
1.161,0.959685740035475
1.1615,-0.18887724359193
1.162,-0.583018017312281
1.1625,1.31536541352958
1.163,-1.90186262330811
1.1635,2.31961818875884
1.164,-2.49356864898126
1.1645,2.43960259315214
1.165,-2.12999807684423
1.1655,1.62929710208342
1.166,-0.951847167175055
1.1665,0.198360169053341
1.167,0.590857064523568
1.1675,-1.30588388795821
1.168,1.91002765415421
1.1685,-2.31046842225353
1.169,2.50140278345447
1.1695,-2.43143947877447
1.17,2.13947723681407
1.1705,-1.62145997010232
1.171,0.961000637200176
1.1715,-0.1901921416511
1.172,-0.580716944732908
1.1725,1.31405051641814
1.173,-1.90054772187405
1.1735,2.31863201561147
1.174,-2.49291119739608
1.1745,2.43993131756132
1.175,-2.1313129789165
1.1755,1.63094072352361
1.176,-0.953490791252368
1.1765,0.200003791095037
1.177,0.588555994191656
1.1775,-1.30391153798694
1.178,1.90937020552539
1.1785,-2.30981097095246
1.179,2.50140278345447
1.1795,-2.43176820451846
1.18,2.14013468551077
1.1805,-1.62310359599905
1.181,0.962972982946496
1.1815,-0.192821937774404
1.182,-0.579730770772273
1.1825,1.31240689502885
1.183,-1.89956154580082
1.1835,2.3173171180826
1.184,-2.49323992318854
1.1845,2.44026004197057
1.185,-2.13262788099257
1.1855,1.63192689638798
1.186,-0.955791864967147
1.1865,0.201976137542544
1.187,0.587241096858035
1.1875,-1.30226791301581
1.188,1.90772658395404
1.1885,-2.30915351965239
1.189,2.50173150787851
1.1895,-2.43242565600721
1.19,2.14144958290485
1.1905,-1.62474722190083
1.191,0.964945328691939
1.1915,-0.194136835838541
1.192,-0.57742969820201
1.1925,1.31010582508382
1.193,-1.89824664437294
1.1935,2.3173171180826
1.194,-2.49258247160388
1.1945,2.4405887663799
1.195,-2.13328533203202
1.1955,1.63324179354078
1.196,-0.957435489053808
1.1965,0.204277208394489
1.197,0.584940026522269
1.1975,-1.3002955630564
1.198,1.9060829623837
1.1985,-2.30849606835331
1.199,2.50140278345447
1.1995,-2.43275438175197
1.2,2.142435755951
1.2005,-1.62540467226295
1.201,0.966917674436512
1.2015,-0.196109182937858
1.202,-0.57545735028971
1.2025,1.30911965225022
1.203,-1.89693174294858
1.2035,2.31698839370056
1.204,-2.49258247160388
1.2045,2.44124621519879
1.205,-2.13394278307241
1.2055,1.63521413927063
1.206,-0.958750388325945
1.2065,0.205920830429301
1.207,0.583625129186441
1.2075,-1.29930938807911
1.208,1.90509678944198
1.2085,-2.30750989140656
1.209,2.50107405903051
1.2095,-2.43275438175197
1.21,2.14342192899766
1.2105,-1.62671957298962
1.211,0.968232571599079
1.2115,-0.19841025455845
1.212,-0.57381372703303
1.2125,1.30714730658302
1.213,-1.8952881161731
1.2135,2.31567349617307
1.214,-2.49225374581194
1.2145,2.44157493960835
1.215,-2.13492895963478
1.2155,1.63652903642429
1.216,-0.961051462058196
1.2165,0.207564452462208
1.217,0.580995334512367
1.2175,-1.29766576312056
1.218,1.90411061650063
1.2185,-2.30685244010997
1.219,2.50074533460663
1.2195,-2.43341183324227
1.22,2.14473682639401
1.2205,-1.62902064926906
1.221,0.970204917342212
1.2215,-0.200053877147706
1.222,-0.572170103779593
1.2225,1.30583240947154
1.223,-1.89463066546445
1.2235,2.31468732302817
1.224,-2.49225374581194
1.2245,2.44190366401799
1.225,-2.13624386172126
1.2255,1.63784393357831
1.226,-0.962695086157347
1.2265,0.20986552330508
1.227,0.579022988504691
1.2275,-1.29602213816649
1.228,1.902138270619
1.2285,-2.30586626316695
1.229,2.50041661018284
1.2295,-2.43439801047964
1.23,2.14539427509252
1.2305,-1.63033555000462
1.231,0.972177263084487
1.2315,-0.202026224258248
1.232,-0.570197755879744
1.2325,1.30386006380429
1.233,-1.89331576404979
1.2335,2.31402987426524
1.234,-2.49225374581194
1.2345,2.44223238842771
1.235,-2.13690131276592
1.2355,1.63981627930999
1.236,-0.964667435081489
1.2365,0.211509145333424
1.237,0.577379366830234
1.2375,-1.29404978822752
1.238,1.90148082199211
1.2385,-2.30553753751977
1.239,2.50041661018284
1.2395,-2.43472673622594
1.24,2.14670917249022
1.2405,-1.63197917592861
1.241,0.97382088453573
1.2415,-0.203669846853231
1.242,-0.567567958687195
1.2425,1.30254516669278
1.243,-1.89200086263865
1.2435,2.31337242550259
1.244,-2.49192502002027
1.2445,2.44288983724737
1.245,-2.13821621485808
1.2455,1.64080245217613
1.246,-0.966311059189245
1.2465,0.21381021616992
1.247,0.575735745154509
1.2475,-1.29306361326045
1.248,1.89983720042559
1.2485,-2.30520881187284
1.249,2.50074533460663
1.2495,-2.4350554619725
1.25,2.14736662118941
1.2505,-1.63263662629963
1.251,0.975464505986385
1.2515,-0.20597091849059
1.252,-0.566253060094023
1.2525,1.30024409674758
1.253,-1.89068596123104
1.2535,2.31238625235912
1.254,-2.49192502002027
1.2545,2.44354728606734
1.255,-2.13887366590558
1.2555,1.6421173493313
1.256,-0.967954683300916
1.2565,0.215453838193718
1.257,0.574092123477511
1.2575,-1.29043381335615
1.258,1.89885102748616
1.2585,-2.30422263493354
1.259,2.50074533460663
1.2595,-2.4350554619725
1.26,2.14868151858848
1.2605,-1.63395152704408
1.261,0.977765576016316
1.2615,-0.207285816571379
1.262,-0.564280712208141
1.2625,1.29925792391391
1.263,-1.88871360912622
1.2635,2.31238625235912
1.264,-2.4912675684377
1.2645,2.44354728606734
1.265,-2.14018856800343
1.2655,1.64408969506471
1.266,-0.969927032240094
1.2665,0.217426184619781
1.267,0.572119777463432
1.2675,-1.28879018842178
1.268,1.89819357886007
1.2685,-2.30323645799648
1.269,2.50041661018284
1.2695,-2.4357129134664
1.27,2.14966769163838
1.2705,-1.6355951529792
1.271,0.979080473175763
1.2715,-0.2092581636957
1.272,-0.562308364326904
1.2725,1.29761430252443
1.273,-1.8873987077274
1.2735,2.31140007921627
1.274,-2.4909388426468
1.2745,2.44420473488762
1.275,-2.14084601905378
1.2755,1.64507586793172
1.276,-0.9709132067118
1.2765,0.219727255446756
1.277,0.570147431447512
1.2775,-1.28747528847749
1.278,1.89654995729554
1.2785,-2.30257900670635
1.279,2.50041661018284
1.2795,-2.43604163921374
1.28,2.1506538646888
1.2805,-1.63691005373094
1.281,0.98072409462455
1.2815,-0.211887959867325
1.282,-0.560336016450309
1.2825,1.29597068113492
1.283,-1.88674125702931
1.2835,2.31041390607403
1.284,-2.49159629422885
1.2845,2.44453345929787
1.285,-2.14216092115732
1.2855,1.64671948937718
1.286,-0.973543005309923
1.2865,0.22169960186694
1.287,0.568175085429746
1.2875,-1.28583166355116
1.288,1.89523506004464
1.2885,-2.30159282977301
1.289,2.49975916133549
1.2895,-2.43669909070918
1.29,2.15131131338936
1.2905,-1.63855367967518
1.291,0.983025164651882
1.2915,-0.213202857955654
1.292,-0.558692393223354
1.2925,1.29432705974536
1.293,-1.88542635563577
1.2935,2.30975645731288
1.294,-2.49159629422885
1.2945,2.44519090811861
1.295,-2.14347582326465
1.2955,1.64803438653396
1.296,-0.974857904612754
1.2965,0.223343223881694
1.297,0.566531463746862
1.2975,-1.28418803862929
1.298,1.89457761141942
1.2985,-2.30093537848536
1.299,2.50008788575912
1.2995,-2.43702781645728
1.3,2.15229748644063
1.3005,-1.63986858043421
1.301,0.984340061809852
1.3015,-0.215175205091298
1.302,-0.55639132071102
1.3025,1.29235471407785
1.303,-1.88476890494031
1.3035,2.3094277329324
1.304,-2.4909388426468
1.3045,2.44519090811861
1.305,-2.14380454879208
1.3055,1.64967800798044
1.306,-0.977487703225964
1.3065,0.225315570296922
1.307,0.5645591177257
1.3075,-1.28254441371187
1.308,1.89293398985707
1.3085,-2.29994920155574
1.309,2.49975916133549
1.3095,-2.43801399370315
1.31,2.15328365949241
1.3105,-1.64118348119649
1.311,0.986312407546122
1.3115,-0.217147552230725
1.312,-0.554747697491781
1.3125,1.29103981696614
1.313,-1.88279655285922
1.3135,2.30844155979139
1.314,-2.4909388426468
1.3145,2.44617708135031
1.315,-2.14511945090416
1.3155,1.65132162942749
1.316,-0.978802602536345
1.3165,0.227287916709454
1.317,0.56258677170268
1.3175,-1.28090078879892
1.318,1.89161909260791
1.3185,-2.29929175027057
1.319,2.49975916133549
1.3195,-2.43801399370315
1.32,2.15426983254471
1.3205,-1.643155832346
1.321,0.987956028992388
1.3215,-0.219119899373941
1.322,-0.553104074275751
1.3225,1.28939619557646
1.323,-1.88115292613101
1.3235,2.30811283541118
1.324,-2.49061011685617
1.3245,2.44650580576103
1.325,-2.14577690196163
1.3255,1.65263652658554
1.326,-0.980117501849246
1.3265,0.22893153871784
1.327,0.560943150015406
1.3275,-1.27892843890926
1.328,1.89030419535937
1.3285,-2.29830557334468
1.329,2.49943043691193
1.3295,-2.43867144520168
1.33,2.15558472994858
1.3305,-1.6444707331164
1.331,0.98959965043809
1.3315,-0.220763521996186
1.332,-0.550803001778696
1.3325,1.28775257418673
1.333,-1.88049547544127
1.3335,2.30679793789105
1.334,-2.49061011685617
1.3345,2.44683453017182
1.335,-2.14742052960945
1.3355,1.65362269945432
1.336,-0.982089850823325
1.3365,0.230575160724361
1.337,0.558642079651043
1.3375,-1.27794226396683
1.338,1.88866057379958
1.3385,-2.29797684770321
1.339,2.49943043691193
1.3395,-2.43867144520168
1.34,2.15624217865086
1.3405,-1.6464430842781
1.341,0.991243271883228
1.3415,-0.223064593671759
1.342,-0.549159378570358
1.3425,1.28610895279695
1.343,-1.87950929940829
1.3435,2.30581176475167
1.344,-2.4909388426468
1.3445,2.4471632545827
1.345,-2.14840670620099
1.3455,1.65460887232331
1.346,-0.984062199803081
1.3465,0.232218782729017
1.347,0.557327182298833
1.3475,-1.27629863906634
1.348,1.88734567655245
1.3485,-2.29699067078029
1.349,2.49877298806507
1.3495,-2.43932889670124
1.35,2.15722835170472
1.3505,-1.64775798505663
1.351,0.992886893327808
1.3515,-0.22536566535251
1.352,-0.547844480005993
1.3525,1.28413660712914
1.353,-1.87819439803406
1.3535,2.30515431599242
1.354,-2.49061011685617
1.3545,2.44782070340468
1.355,-2.14906415726321
1.3555,1.65658121806191
1.356,-0.986034548788518
1.3565,0.234519853532411
1.357,0.555026111930458
1.3575,-1.2746550141703
1.358,1.88635950361752
1.3585,-2.29666194513981
1.359,2.49877298806507
1.3595,-2.43965762245141
1.36,2.15821452475909
1.3605,-1.64907288583841
1.361,0.994859239060568
1.3615,-0.227009287984791
1.362,-0.545872132163281
1.3625,1.28249298573924
1.363,-1.87753694734826
1.3635,2.30383941847472
1.364,-2.48995266527569
1.3645,2.44782070340468
1.365,-2.1503790593905
1.3655,1.65789611522144
1.366,-0.987349448115302
1.3665,0.236163475532607
1.367,0.553053765898384
1.3675,-1.27334011425666
1.368,1.88471588206007
1.3685,-2.2960044938596
1.369,2.49844426364176
1.3695,-2.44031507395251
1.37,2.15920069781397
1.3705,-1.65038778662344
1.371,0.996831584792531
1.3715,-0.229310359674434
1.372,-0.544228508964536
1.3725,1.28052064007128
1.373,-1.87556459529611
1.3735,2.30351069409547
1.374,-2.48995266527569
1.3745,2.44814942781579
1.375,-2.15070778492291
1.3755,1.65921101238134
1.376,-0.989650521943261
1.3765,0.238135821930394
1.377,0.551410144203546
1.3775,-1.27136776439154
1.378,1.88340098481481
1.3785,-2.29501831694114
1.379,2.49811553921853
1.3795,-2.44064379970345
1.38,2.1605155952213
1.3805,-1.65203141260932
1.381,0.998803930523703
1.3815,-0.230625257785135
1.382,-0.541598711853181
1.3825,1.27953446723726
1.383,-1.87392096859201
1.3835,2.30252452095812
1.384,-2.48995266527569
1.3845,2.44913560104957
1.385,-2.15202268705496
1.3855,1.6611833581219
1.386,-0.990965421277003
1.3865,0.2407656171233
1.387,0.549437798168007
1.3875,-1.26939541453281
1.388,1.88274353619242
1.3885,-2.29436086566341
1.389,2.49844426364176
1.3895,-2.44064379970345
1.39,2.16084431957328
1.3905,-1.65367503860028
1.391,1.00044755196574
1.3915,-0.232597604954371
1.392,-0.539955088662729
1.3925,1.27756212156916
1.393,-1.87293479257218
1.3935,2.30186707220022
1.394,-2.48962393948584
1.3945,2.44946432546099
1.395,-2.15300886365649
1.3955,1.66249825528274
1.396,-0.992609045447743
1.3965,0.242409239116465
1.397,0.547794176470276
1.3975,-1.26775178965542
1.398,1.88109991463711
1.3985,-2.29337468874866
1.399,2.49778681479539
1.3995,-2.44162997695782
1.4,2.16281666568635
1.4005,-1.65498993939672
1.401,1.00176244911898
1.4015,-0.234241227598325
1.402,-0.538311465475461
1.4025,1.27558977590096
1.403,-1.87161989121546
1.4035,2.30120962344259
1.404,-2.48929521369626
1.4045,2.44979304987248
1.405,-2.15465249133047
1.4055,1.66381315244397
1.406,-0.994581394457859
1.4065,0.24438158550583
1.407,0.54516438175116
1.4075,-1.26610816478245
1.408,1.88011374170439
1.4085,-2.29271723747341
1.409,2.49778681479539
1.4095,-2.44130125120611
1.41,2.16314539003873
1.4105,-1.65597611499619
1.411,1.00340607056005
1.4115,-0.236213574774581
1.412,-0.536339117654938
1.4125,1.27427487878877
1.413,-1.87030498986224
1.4135,2.30055217468523
1.414,-2.48896648790693
1.4145,2.45012177428405
1.415,-2.15498121686598
1.4155,1.66578549818651
1.416,-0.996225018637315
1.4165,0.246353931892546
1.417,0.543849484390332
1.4175,-1.26413581494074
1.418,1.8787988444613
1.4185,-2.29173106056238
1.419,2.49745809037232
1.4195,-2.44130125120611
1.42,2.16446028744883
1.4205,-1.65761974099939
1.421,1.00537841628862
1.4215,-0.238514646485062
1.422,-0.534366769838993
1.4225,1.27230253312039
1.423,-1.86899008851253
1.4235,2.29989472592814
1.424,-2.48929521369626
1.4245,2.4504504986957
1.425,-2.1562961190104
1.4255,1.66710039534868
1.426,-0.998197367657899
1.4265,0.24766882948222
1.427,0.541877138347497
1.4275,-1.26314964002228
1.428,1.8771552229083
1.4285,-2.29074488365358
1.429,2.49745809037232
1.4295,-2.44294487996725
1.43,2.16511773615423
1.4305,-1.65926336700768
1.431,1.0076794863043
1.4315,-0.240486993669636
1.432,-0.532723146662532
1.4325,1.27098763600808
1.433,-1.86833263783898
1.4335,2.29923727717132
1.434,-2.48929521369626
1.4345,2.45077922310743
1.435,-2.15728229562121
1.4355,1.66808656822056
1.436,-0.999512267008131
1.4365,0.249641175864531
1.437,0.539904792302746
1.4375,-1.26150601516171
1.438,1.87584032566659
1.4385,-2.2904161580178
1.439,2.49680064152643
1.4395,-2.44294487996725
1.44,2.16610390921277
1.4405,-1.66090699302108
1.441,1.00833693488002
1.4415,-0.242459340858056
1.442,-0.530422074220813
1.4425,1.26934401461761
1.443,-1.86668901115893
1.4435,2.29792237965848
1.444,-2.48863776211786
1.4445,2.4504504986957
1.445,-2.15793974669628
1.4455,1.66907274109266
1.446,-1.00181334087716
1.4465,0.252270971036845
1.447,0.537603721914778
1.4475,-1.25953366533486
1.448,1.87485415273571
1.4485,-2.289758706747
1.449,2.49712936594933
1.4495,-2.44294487996725
1.45,2.16709008227183
1.4505,-1.66189316863157
1.451,1.01030928060667
1.4515,-0.244102963518014
1.452,-0.529107175685477
1.4525,1.26737166894895
1.453,-1.86471665915008
1.4535,2.29792237965848
1.454,-2.48798031054052
1.4545,2.45176539634308
1.455,-2.15859719777231
1.4555,1.67071636254664
1.456,-1.00345696507409
1.4565,0.253914593017167
1.457,0.536288824549048
1.4575,-1.25756131551438
1.458,1.87386797980518
1.4585,-2.28877252984265
1.459,2.49712936594933
1.4595,-2.44360233147351
1.46,2.16807625533141
1.4605,-1.66353679465314
1.461,1.01261035062013
1.4615,-0.24574658618065
1.462,-0.526806103253514
1.4625,1.2657280475583
1.463,-1.86405920848221
1.4635,2.29660748214673
1.464,-2.48798031054052
1.4645,2.45209412075512
1.465,-2.15991209992721
1.4655,1.67268870829221
1.466,-1.005100589275
1.4665,0.255558214995664
1.467,0.534316478498845
1.4675,-1.25657514060652
1.468,1.872553082565
1.4685,-2.28811507857432
1.469,2.4964719171036
1.4695,-2.44425978298081
1.47,2.16906242839152
1.4705,-1.66452297026854
1.471,1.01458269634514
1.4715,-0.247718933379351
1.472,-0.524833755459621
1.4725,1.26408442616756
1.473,-1.86274430714908
1.4735,2.29562130901361
1.474,-2.48798031054052
1.4745,2.45242284516723
1.475,-2.1605695510061
1.4755,1.67400360545642
1.476,-1.00674421347989
1.4765,0.257530561367458
1.477,0.532344132446708
1.4775,-1.25460279079557
1.478,1.87090946101563
1.4785,-2.28745762730698
1.479,2.4964719171036
1.4795,-2.44458850873484
1.48,2.17037732580582
1.4805,-1.66649532150485
1.481,1.01556886920737
1.4815,-0.249362556047887
1.482,-0.523518856932886
1.4825,1.2627695290549
1.483,-1.86175813115153
1.4835,2.29529258463604
1.484,-2.48765158475223
1.4845,2.4530802939917
1.485,-2.16188445316673
1.4855,1.67531850262101
1.486,-1.00871656253102
1.4865,0.259502907736635
1.487,0.530700510735113
1.4875,-1.25295916595796
1.488,1.87025201239615
1.4885,-2.28680017604063
1.489,2.49614319268086
1.4895,-2.44458850873484
1.49,2.17136349886715
1.4905,-1.66781022233315
1.491,1.0178699392185
1.4915,-0.25166362778835
1.492,-0.52121778451596
1.4925,1.26112590766399
1.493,-1.85978577916231
1.4935,2.29430641150373
1.494,-2.48699413317645
1.4945,2.45373774281647
1.495,-2.16221317870748
1.4955,1.67663339978599
1.496,-1.01003146190163
1.4965,0.2614752541032
1.497,0.529385613364867
1.4975,-1.25098681615865
1.498,1.86860839084811
1.4985,-2.28581399914296
1.499,2.4964719171036
1.4995,-2.44524596024368
1.5,2.17234967192902
1.5005,-1.66879639795652
1.501,1.01918483636727
1.5015,-0.253307250463338
1.502,-0.519245436734941
1.5025,1.2598110105512
1.503,-1.85912832850098
1.5035,2.29364896274919
1.504,-2.48765158475223
1.5045,2.45373774281647
1.505,-2.16319935533117
1.5055,1.67827702124278
1.506,-1.01200381096233
1.5065,0.263118876073346
1.507,0.527084542964853
1.5075,-1.24967191629597
1.508,1.86696476930102
1.5085,-2.28515654787908
1.509,2.49548574383562
1.5095,-2.44590341175355
1.51,2.17300712063722
1.5105,-1.6707687492088
1.511,1.02148590637682
1.5115,-0.255279597676878
1.512,-0.517273088958457
1.5125,1.25816738916012
1.513,-1.85748470185146
1.5135,2.29299151399492
1.514,-2.48732285896421
1.5145,2.45472391605422
1.515,-2.1648429830421
1.5155,1.67992064270018
1.516,-1.01397616002879
1.5165,0.265419946828513
1.517,0.525112196905584
1.5175,-1.24769956650722
1.518,1.86630732068244
1.5185,-2.28417037098511
1.519,2.49614319268086
1.5195,-2.44623213750888
1.52,2.17432201805433
1.5205,-1.67208365004775
1.521,1.0231295278116
1.5215,-0.257580669430917
1.522,-0.515629465814847
1.5225,1.25652376776893
1.523,-1.85616980053577
1.5235,2.29233406524092
1.524,-2.48633668160171
1.5245,2.45472391605422
1.525,-2.16550043412815
1.5255,1.68123553986655
1.526,-1.01561978425523
1.5265,0.267063568794324
1.527,0.523139850844359
1.5275,-1.2460559416881
1.528,1.86532114775486
1.5285,-2.28285546846328
1.529,2.4958144682582
1.5295,-2.44656086326446
1.53,2.17497946676323
1.5305,-1.67306982567912
1.531,1.02510187353268
1.5315,-0.259224292115613
1.532,-0.513657118046664
1.5325,1.25455142209937
1.533,-1.85518362455129
1.5335,2.29134789211042
1.534,-2.48600795581474
1.5345,2.45538136487978
1.535,-2.16615788521514
1.5355,1.68255043703332
1.536,-1.01726340848567
1.5365,0.269364639543435
1.537,0.521496229125173
1.5375,-1.24474104183597
1.538,1.86367752620965
1.5385,-2.28219801720384
1.539,2.4958144682582
1.5395,-2.44656086326446
1.54,2.17563691547237
1.5405,-1.67471345173549
1.541,1.02641677067966
1.5415,-0.260867914803012
1.542,-0.511684770283001
1.5425,1.25257907642965
1.543,-1.85419744856876
1.5435,2.29003299460402
1.544,-2.48633668160171
1.5445,2.45538136487978
1.545,-2.16747278739201
1.5455,1.68419405849235
1.546,-1.01923575756749
1.5465,0.271008261504929
1.547,0.519523883060348
1.5475,-1.24276869206304
1.548,1.86203390466537
1.5485,-2.2818692915745
1.549,2.49515701941311
1.5495,-2.4472183147764
1.55,2.17662308853653
1.5505,-1.676357077797
1.551,1.02838911639954
1.5515,-0.263168986569918
1.552,-0.509712422523854
1.5525,1.2509354550381
1.553,-1.85222509660958
1.5535,2.28970427022758
1.554,-2.48633668160171
1.5545,2.45603881370565
1.555,-2.16813023848187
1.5555,1.68550895566002
1.556,-1.02087938180674
1.5565,0.272980607856353
1.557,0.517880261338156
1.5575,-1.24145379221794
1.558,1.86104773173925
1.5585,-2.28121184031654
1.559,2.49515701941311
1.5595,-2.44754704053276
1.56,2.17728053724626
1.5605,-1.67734325343637
1.561,1.03003273783222
1.5615,-0.264812609263817
1.562,-0.508068799394678
1.5625,1.24994928220311
1.563,-1.85091019530781
1.5635,2.28904682147491
1.564,-2.48600795581474
1.5645,2.45603881370565
1.565,-2.16911641511846
1.5655,1.68715257712018
1.566,-1.02252300605
1.5665,0.275281678596422
1.567,0.515579190924782
1.5675,-1.23981016741551
1.568,1.85973283450494
1.5685,-2.2798969378036
1.569,2.4948282949907
1.5695,-2.44754704053276
1.57,2.17859543466642
1.5705,-1.67865815429173
1.571,1.03200508355079
1.5715,-0.267113681039833
1.572,-0.506425176268632
1.5725,1.24764821225465
1.573,-1.84992401933376
1.5735,2.28806064834641
1.574,-2.48600795581474
1.5745,2.45669626253183
1.575,-2.17010259175721
1.5755,1.68846747428876
1.576,-1.02449535514721
1.5765,0.27692530055147
1.577,0.513935569199295
1.5775,-1.23816654261746
1.578,1.85841793727123
1.5785,-2.2792394865486
1.579,2.49449957056836
1.5795,-2.44853321780338
1.58,2.17925288337686
1.5805,-1.68030178036556
1.581,1.03364870498239
1.5815,-0.268428579199947
1.582,-0.504452828521503
1.5825,1.24633331514113
1.583,-1.84893784336167
1.5835,2.28707447521851
1.584,-2.48567923002802
1.5845,2.45735371135832
1.585,-2.17174621949323
1.5855,1.68978237145775
1.586,-1.0261389793993
1.5865,0.278568922504733
1.587,0.511963223126891
1.5875,-1.23652291782379
1.588,1.85677431572993
1.5885,-2.27891076092148
1.589,2.4941708461461
1.5895,-2.44919066931841
1.59,2.18023905644296
1.5905,-1.68161668122833
1.591,1.03496360212732
1.5915,-0.270729650984334
1.592,-0.502480480778873
1.5925,1.24436096947071
1.593,-1.84729421674585
1.5935,2.2864170264669
1.594,-2.48567923002802
1.5945,2.45735371135832
1.595,-2.17207494504115
1.5955,1.69109726862714
1.596,-1.02778260365541
1.5965,0.280869993236309
1.597,0.509990877052497
1.5975,-1.2348792930345
1.598,1.85545941849755
1.5985,-2.27792458404158
1.599,2.4941708461461
1.5995,-2.44951939507632
1.6,2.18155395386525
1.6005,-1.68326030731141
1.601,1.03726467213021
1.6015,-0.272701998232342
1.602,-0.500508133040736
1.6025,1.24271734807856
1.603,-1.84565059013547
1.6035,2.28575957771557
1.604,-2.48535050424156
1.6045,2.45768243577169
1.605,-2.17306112168635
1.6055,1.69241216579695
1.606,-1.02975495276805
1.6065,0.282513615185302
1.607,0.508018530976111
1.6075,-1.23323566824959
1.608,1.85480196988158
1.6085,-2.2769384071639
1.609,2.49351339730182
1.6095,-2.44951939507632
1.61,2.1825401269326
1.6105,-1.68490393339964
1.611,1.03890829356026
1.6115,-0.274674345484276
1.612,-0.498864509929051
1.6125,1.24107372668628
1.613,-1.84499313949283
1.6135,2.28477340458906
1.614,-2.48502177845537
1.6145,2.45801116018513
1.615,-2.17371857278435
1.6155,1.69405578725979
1.616,-1.03172730188648
1.6165,0.283828512743219
1.617,0.506374909244262
1.6175,-1.23126331851347
1.618,1.85315834834231
1.6185,-2.27628095591334
1.619,2.4931846728798
1.6195,-2.45050557235159
1.62,2.18319757564445
1.6205,-1.68654755949301
1.621,1.04055191498984
1.6215,-0.276975417283167
1.622,-0.496892162199138
1.6225,1.23943010529387
1.623,-1.84367823821016
1.6235,2.28378723146315
1.624,-2.48502177845537
1.6245,2.45866860901225
1.625,-2.17536220053354
1.6255,1.69537068443052
1.626,-1.03337092615627
1.6265,0.286787032244386
1.627,0.504402563164207
1.6275,-1.22994841869288
1.628,1.85184345111155
1.6285,-2.27562350466377
1.629,2.4931846728798
1.6295,-2.45083429811053
1.63,2.18451247306888
1.6305,-1.6872050099318
1.631,1.04219553641894
1.6315,-0.278619039999941
1.632,-0.494919814473705
1.6325,1.23745775962279
1.633,-1.84236333693096
1.6335,2.28312978271287
1.634,-2.48502177845537
1.6345,2.45866860901225
1.635,-2.17601965163489
1.6355,1.69635685730884
1.636,-1.03501455043009
1.6365,0.288101929798621
1.637,0.502430217082144
1.6375,-1.22797606896724
1.638,1.84987110526651
1.6385,-2.27496605341519
1.639,2.49285594845787
1.6395,-2.45116302386972
1.64,2.18516992178145
1.6405,-1.68884863603239
1.641,1.04351043356188
1.6415,-0.280262662719452
1.642,-0.493276191372596
1.6425,1.23614286250863
1.643,-1.84137716097383
1.6435,2.28214360958795
1.644,-2.48469305266943
1.6445,2.45899733342592
1.645,-2.17700582828871
1.6455,1.6976717544803
1.646,-1.036986899564
1.6465,0.289745551739827
1.647,0.500129146650527
1.6475,-1.22666116915364
1.648,1.84921365665179
1.6485,-2.27397987654416
1.649,2.49252722403601
1.6495,-2.45116302386972
1.65,2.18615609485076
1.6505,-1.69049226213813
1.651,1.04515405499013
1.6515,-0.28223500998648
1.652,-0.491303843655363
1.6525,1.23449924111581
1.653,-1.84006225970069
1.6535,2.28148616083834
1.654,-2.48502177845537
1.6545,2.45932605783968
1.655,-2.17799200494469
1.6555,1.69931537594521
1.656,-1.03895924870372
1.6565,0.291389173679271
1.657,0.498156800564098
1.6575,-1.22501754439056
1.658,1.8472413108085
1.6585,-2.27299369967535
1.659,2.49252722403601
1.6595,-2.45182047538889
1.66,2.18681354356392
1.6605,-1.69180716302643
1.661,1.0474551249889
1.6615,-0.284536081803005
1.662,-0.489988945179688
1.6625,1.23252689544423
1.663,-1.83841863311415
1.6635,2.28082871208899
1.664,-2.48403560109835
1.6645,2.45965478225351
1.665,-2.17897818160283
1.6655,1.70095899741078
1.666,-1.04027414813344
1.6665,0.293361520004281
1.667,0.496841903172022
1.6675,-1.22337391963185
1.668,1.84658386219436
1.6685,-2.27266497405291
1.669,2.49252722403601
1.6695,-2.45214920114887
1.67,2.18779971663412
1.6705,-1.69279333869483
1.671,1.04877002213065
1.6715,-0.28617970453239
1.672,-0.487359148234288
1.6725,1.23088327405109
1.673,-1.8371037318488
1.6735,2.2801712633399
1.674,-2.48370687531319
1.6745,2.46031223108141
1.675,-2.17963563270945
1.6755,1.70194517029043
1.676,-1.04191777242422
1.6765,0.295662590713598
1.677,0.49519828143066
1.6775,-1.22140156992714
1.678,1.84526896496652
1.6785,-2.27167879718705
1.679,2.49219849961424
1.6795,-2.4524779269091
1.68,2.18878588970485
1.6805,-1.69476569003719
1.681,1.05074236784272
1.6815,-0.288152051811282
1.682,-0.485715525147436
1.6825,1.2292396526578
1.683,-1.83611755590207
1.6835,2.27918509021677
1.684,-2.48403560109835
1.6845,2.46031223108141
1.685,-2.18029308381704
1.6855,1.70391751605045
1.686,-1.04389012157849
1.6865,0.297634937033136
1.687,0.492897210990384
1.6875,-1.22008667012748
1.688,1.84395406773926
1.6885,-2.27069262032341
1.689,2.49219849961424
1.6895,-2.45313537843034
1.69,2.18944333841897
1.6905,-1.69608059093623
1.691,1.05304343783929
1.6915,-0.28979567454672
1.692,-0.484071902063676
1.6925,1.22792475554306
1.693,-1.8344739293285
1.6935,2.27787019272018
1.694,-2.4833781495283
1.6945,2.46064095549548
1.695,-2.18160798603508
1.6955,1.70490368893082
1.696,-1.04553374587817
1.6965,0.29927855896416
1.697,0.491253589245633
1.6975,-1.21811432043321
1.698,1.84296789481919
1.6985,-2.27003516908221
1.699,2.49154105077093
1.6995,-2.45313537843034
1.7,2.1904295114906
1.7005,-1.69772421706468
1.701,1.0543583349798
1.7015,-0.291768021832882
1.702,-0.48209955436724
1.7025,1.22628113414949
1.703,-1.83348775338695
1.7035,2.27754146834619
1.704,-2.48304942374367
1.7045,2.46162712873815
1.705,-2.18259416270113
1.7055,1.70654731039863
1.706,-1.04717737018191
1.7065,0.301250905279085
1.707,0.489281243150062
1.7075,-1.21647069569277
1.708,1.84099554898002
1.7085,-2.269377717842
1.709,2.49154105077093
1.7095,-2.45379282995261
1.71,2.19141568456277
1.7105,-1.69903911797117
1.711,1.05600195640502
1.7115,-0.293740369123018
1.712,-0.480127206675247
1.7125,1.22398006419824
1.713,-1.83184412682203
1.7135,2.27655529522464
1.714,-2.4827206979593
1.7145,2.46129840432385
1.715,-2.18358033936935
1.7155,1.70819093186711
1.716,-1.04947844421394
1.7165,0.30355197597666
1.717,0.486980172702644
1.7175,-1.21482707095667
1.718,1.83968065175463
1.7185,-2.26839154098352
1.719,2.49088360192794
1.7195,-2.45445028147592
1.72,2.19240185763548
1.7205,-1.70035401888096
1.721,1.05764557782979
1.7215,-0.296041440966538
1.722,-0.478154858987692
1.7225,1.22266516708309
1.723,-1.83118667619757
1.7235,2.27556912210368
1.724,-2.4827206979593
1.7245,2.46195585315253
1.725,-2.18423779048269
1.7255,1.70950582904237
1.726,-1.05079334366439
1.7265,0.305195597901413
1.727,0.48533655095278
1.7275,-1.21285472127909
1.728,1.83836575452981
1.7285,-2.26773408974577
1.729,2.49055487750657
1.7295,-2.45477900723796
1.73,2.19305930635092
1.7305,-1.70199764502285
1.731,1.05928919925412
1.7315,-0.297685063715228
1.732,-0.47618251130457
1.7325,1.22069282141018
1.733,-1.82954304964021
1.7335,2.2749116733567
1.734,-2.48239197217519
1.7345,2.46195585315253
1.735,-2.1852239671545
1.7355,1.71082072621806
1.736,-1.05243696798111
1.7365,0.307167944208826
1.737,0.483364204851059
1.7375,-1.2115398214975
1.738,1.83705085730556
1.7385,-2.267076638509
1.739,2.49055487750657
1.7395,-2.45510773300026
1.74,2.19404547942452
1.7405,-1.70298382071048
1.741,1.06126154496273
1.7415,-0.299328686466688
1.742,-0.474867612851616
1.7425,1.21904920001591
1.743,-1.8282281483982
1.7435,2.27458294898331
1.744,-2.48206324639134
1.7445,2.462284577567
1.745,-2.18653886938695
1.7455,1.71213562339419
1.746,-1.05440931716653
1.7465,0.308811566129764
1.747,0.481391858747279
1.7475,-1.20989619677442
1.748,1.83573596008188
1.7485,-2.26674791289098
1.749,2.49022615308528
1.7495,-2.45510773300026
1.75,2.19503165249867
1.7505,-1.70495617209132
1.751,1.0632338906707
1.7515,-0.301301033772099
1.752,-0.472566540563678
1.7525,1.21806302717926
1.753,-1.82691324715964
1.7535,2.27359677586353
1.754,-2.48173452060775
1.7545,2.46327075081085
1.755,-2.18719632050462
1.7555,1.71377924486495
1.756,-1.05572421662673
1.7565,0.310783912432607
1.757,0.480076961343612
1.7575,-1.20825257205567
1.758,1.8347497871645
1.7585,-2.26510428480459
1.759,2.49055487750657
1.7595,-2.45543645876282
1.76,2.19601782557336
1.7605,-1.70594234778453
1.761,1.06487751209354
1.7615,-0.303273381081506
1.762,-0.470265468281755
1.7625,1.21609068150578
1.763,-1.82494089530828
1.7635,2.27293932711734
1.764,-2.48206324639134
1.7645,2.46392819964047
1.765,-2.18752504606381
1.7655,1.71509414204205
1.766,-1.05769656582192
1.7665,0.313413707499198
1.767,0.478433339587737
1.7675,-1.2059514974567
1.768,1.83343488994181
1.7685,-2.2641181079557
1.769,2.49022615308528
1.7695,-2.45609391028872
1.77,2.19733272300712
1.7705,-1.70758597394404
1.771,1.06652113351593
1.7715,-0.305245728394915
1.772,-0.468621845226917
1.7725,1.21411833583205
1.773,-1.82395471938551
1.7735,2.27195315399854
1.774,-2.48140579482442
1.7745,2.4642569240554
1.775,-2.18883994830299
1.7755,1.71640903921959
1.776,-1.05901146528863
1.7765,0.315057329413579
1.777,0.476132269127093
1.7775,-1.20463659768967
1.778,1.83211999271969
1.7785,-2.26346065672433
1.779,2.48989742866406
1.7795,-2.45642263605205
1.78,2.19799017172437
1.7805,-1.70890087487538
1.781,1.0681647549379
1.7815,-0.30721807571233
1.782,-0.466978222175141
1.7825,1.21280343871609
1.783,-1.82296854346467
1.7835,2.271295705253
1.784,-2.48140579482442
1.7845,2.4642569240554
1.785,-2.18982612498489
1.7855,1.71706648780852
1.786,-1.06098381449359
1.7865,0.316372226943846
1.787,0.474159923015719
1.7875,-1.20299297298476
1.788,1.83080509549814
1.7885,-2.26280320549395
1.789,2.48989742866406
1.7895,-2.45642263605205
1.79,2.19897634480068
1.7905,-1.71021577581004
1.791,1.07046582492794
1.7915,-0.308861698479906
1.792,-0.465334599126425
1.7925,1.21083109304194
1.793,-1.82165364223991
1.7935,2.26998080776271
1.794,-2.48107706904135
1.7945,2.46458564847041
1.795,-2.19114102723081
1.7955,1.71936755787065
1.796,-1.06295616370442
1.7965,0.318015848855136
1.797,0.472516301254651
1.7975,-1.20134934828418
1.798,1.82916147397199
1.7985,-2.26214575426455
1.799,2.48923997982188
1.7995,-2.45642263605205
1.8,2.19963379351853
1.8005,-1.71153067674802
1.801,1.07178072206473
1.8015,-0.310505321250271
1.802,-0.463033526863356
1.8025,1.20984492020476
1.803,-1.82001001571379
1.8035,2.26932335901796
1.804,-2.48074834325855
1.8045,2.46524309730067
1.805,-2.19146975279288
1.8055,1.72068245504961
1.806,-1.06459978805127
1.8065,0.320316919528062
1.807,0.470215230786721
1.8075,-1.19970572358792
1.808,1.82850402536177
1.8085,-2.26083085180869
1.809,2.48923997982188
1.8095,-2.45740881334361
1.81,2.20127741531421
1.8105,-1.71317430292518
1.811,1.07342434348534
1.8115,-0.312477668578393
1.812,-0.461718628430004
1.8125,1.20754385025108
1.813,-1.81902383980071
1.8135,2.26866591027346
1.814,-2.48074834325855
1.8145,2.46524309730067
1.815,-2.19212720391776
1.8155,1.72232607652394
1.816,-1.06591468753169
1.8165,0.322617990197638
1.817,0.468242884669086
1.8175,-1.1977333739581
1.818,1.82718912814176
1.8185,-2.26017340058224
1.819,2.48923997982188
1.8195,-2.4583949906375
1.82,2.2019348640329
1.8205,-1.71383175339749
1.821,1.07539668918952
1.8215,-0.314778740466288
1.822,-0.459088831569154
1.8225,1.20622895313453
1.823,-1.81705148798034
1.8235,2.26800846152923
1.824,-2.480419617476
1.8245,2.46557182171592
1.825,-2.19344210617041
1.8255,1.72331224940887
1.826,-1.06821576162872
1.8265,0.323932887721608
1.827,0.466599262902788
1.8275,-1.19641847420834
1.828,1.82554550661754
1.8285,-2.25951594935676
1.829,2.48858253098002
1.8295,-2.45773753910798
1.83,2.20324976147102
1.8305,-1.71547537958192
1.831,1.0773690348931
1.8315,-0.316751087803136
1.832,-0.457445208535084
1.8325,1.20392788318027
1.833,-1.81606531207306
1.8335,2.26702228841337
1.834,-2.480419617476
1.8345,2.46622927054664
1.835,-2.19442828286243
1.8355,1.7249558708843
1.836,-1.06985938598865
1.8365,0.326562682766278
1.837,0.464626916781305
1.8375,-1.19444612458887
1.838,1.82423060939878
1.8385,-2.25852977252039
1.839,2.48825380655921
1.8395,-2.4583949906375
1.84,2.2035784858307
1.8405,-1.7174477310101
1.841,1.07868393202849
1.8415,-0.318723435144018
1.842,-0.455472860898216
1.8425,1.20195553750489
1.843,-1.81442168556523
1.8435,2.2660361152981
1.844,-2.47976216591169
1.8445,2.46655799496213
1.845,-2.19574318512182
1.8455,1.72627076806516
1.846,-1.07150301035267
1.8465,0.327877580286982
1.847,0.462654570657717
1.8475,-1.19378867471709
1.848,1.82291571218058
1.8485,-2.25787232129737
1.849,2.48792508213848
1.8495,-2.45872371640265
1.85,2.20489338327003
1.8505,-1.71843390672699
1.851,1.0809850020148
1.8515,-0.320038333373516
1.852,-0.453500513265725
1.8525,1.20129808894637
1.853,-1.81409296026431
1.8535,2.2660361152981
1.854,-2.47943344012992
1.8545,2.46721544379333
1.855,-2.19607191068727
1.8555,1.72824311383728
1.856,-1.07281790984683
1.8565,0.330507375325133
1.857,0.461339673240818
1.8575,-1.19083015030261
1.858,1.82160081496294
1.8585,-2.25688614446468
1.859,2.48825380655921
1.8595,-2.45905244216805
1.86,2.20587955635017
1.8605,-1.71942008244576
1.861,1.0826286234331
1.8615,-0.321681956162916
1.862,-0.451199441033344
1.8625,1.1993257432706
1.863,-1.81244933376291
1.8635,2.26504994218341
1.864,-2.47943344012992
1.8645,2.46721544379333
1.865,-2.19672936181889
1.8655,1.72890056242821
1.866,-1.074790259093
1.8665,0.332150997221776
1.867,0.459367327113709
1.8675,-1.18951525056731
1.868,1.82061464205007
1.8685,-2.25622869324411
1.869,2.48825380655921
1.8695,-2.45905244216805
1.87,2.20653700507057
1.8705,-1.72106370864788
1.871,1.08460096913453
1.8715,-0.323983028072798
1.872,-0.44988454261751
1.8725,1.19801084615326
1.873,-1.81080570726689
1.8735,2.26406376906931
1.874,-2.47844726278619
1.8745,2.46820161704072
1.875,-2.19804426408503
1.8755,1.73054418390603
1.876,-1.07676260834507
1.8765,0.334123343495518
1.877,0.4577237053395
1.8775,-1.18754290096952
1.878,1.81929974483339
1.8785,-2.25524251641509
1.879,2.48792508213848
1.8795,-2.45970989369964
1.88,2.20785190251209
1.8805,-1.72237860961333
1.881,1.0859158662685
1.8815,-0.325297926309493
1.882,-0.446926021188972
1.8825,1.19636722475641
1.883,-1.80949080607393
1.8835,2.26307759595579
1.884,-2.47844726278619
1.8845,2.46853034145667
1.885,-2.19870171521954
1.8855,1.73218780538456
1.886,-1.07840623272631
1.8865,0.336095689766833
1.887,0.456080083563816
1.8875,-1.1862280012411
1.888,1.81831357192124
1.8885,-2.25425633958828
1.889,2.48759635771783
1.8895,-2.45970989369964
1.89,2.20850935123322
1.8905,-1.7233647853396
1.891,1.0875594876856
1.8915,-0.327598998228046
1.892,-0.445611122779435
1.8925,1.1943948790799
1.893,-1.80850463018146
1.8935,2.26209142284286
1.894,-2.47811853700546
1.8945,2.46853034145667
1.895,-2.20001661749147
1.8955,1.7335027025679
1.896,-1.08004985711166
1.8965,0.337739311657743
1.897,0.454107737431046
1.8975,-1.18392692672297
1.898,1.81699867470553
1.8985,-2.25359888837163
1.899,2.48726763329726
1.8995,-2.46036734523227
1.9,2.20916679995459
1.9005,-1.72500841155422
1.901,1.0895318333856
1.9015,-0.329571345591206
1.902,-0.443638775168757
1.9025,1.19209380912359
1.903,-1.80653227840231
1.9035,2.26176269847201
1.904,-2.47811853700546
1.9045,2.46951651470501
1.905,-2.20100279419794
1.9055,1.73481759975169
1.906,-1.08169348150112
1.9065,0.340040382302197
1.907,0.451806666940119
1.9075,-1.18228330207231
1.908,1.81535505318665
1.9085,-2.25294143715596
1.909,2.48726763329726
1.9095,-2.46102479676593
1.91,2.21081042175909
1.9105,-1.72632331252968
1.911,1.09150417908504
1.9115,-0.331543692958432
1.912,-0.441995152163179
1.9125,1.19077891200552
1.913,-1.80587482781097
1.9135,2.2611052497305
1.914,-2.47746108544479
1.9145,2.46951651470501
1.915,-2.20133151976725
1.9155,1.73613249693594
1.916,-1.08300838101565
1.9165,0.342012728566257
1.917,0.450163045159105
1.9175,-1.18096840235486
1.918,1.81436888027574
1.9185,-2.25162653472755
1.919,2.48726763329726
1.9195,-2.46102479676593
1.92,2.21179659484253
1.9205,-1.72796693875369
1.921,1.09314780050081
1.9215,-0.333187315767563
1.922,-0.440351529160619
1.9225,1.1894640148873
1.923,-1.80455992663087
1.9235,2.26011907661873
1.924,-2.477789811225
1.9245,2.46984523912129
1.925,-2.20297514761741
1.9255,1.73810484271317
1.926,-1.08498073029238
1.9265,0.343656350451133
1.927,0.448519423376604
1.9275,-1.17899605278384
1.928,1.81305398306166
1.9285,-2.25096908351482
1.929,2.48726763329726
1.9295,-2.46168224830063
1.93,2.21278276792651
1.9305,-1.72895311449061
1.931,1.09479142191619
1.9315,-0.335159663142257
1.932,-0.438050456962096
1.9325,1.18782039348933
1.933,-1.80291630016056
1.9335,2.25946162787788
1.934,-2.47713235966485
1.9345,2.47017396353763
1.935,-2.20330387318817
1.9355,1.73941973989857
1.936,-1.08662435469418
1.9365,0.345628696710781
1.937,0.446218352878599
1.9375,-1.17735242814603
1.938,1.81173908584813
1.9385,-2.24965418109229
1.939,2.48628146003603
1.9395,-2.46168224830063
1.94,2.21376894101105
1.9405,-1.73059674072298
1.941,1.09676376761415
1.9415,-0.337460735084557
1.942,-0.43673555856559
1.9425,1.18584804781147
1.943,-1.80160139898816
1.9435,2.25847545476707
1.944,-2.47713235966485
1.9445,2.47083141237057
1.945,-2.2039613243304
1.9455,1.74106336138098
1.946,-1.08859670398179
1.9465,0.347601042968029
1.947,0.444574731092517
1.9475,-1.17570880351249
1.948,1.81042418863514
1.9485,-2.24932545548727
1.949,2.48595273561579
1.9495,-2.46201097406837
1.95,2.21409766537269
1.9505,-1.73224036696057
1.951,1.0984073890287
1.9515,-0.33910435790389
1.952,-0.434763210974439
1.9525,1.184204426413
1.953,-1.80028649781919
1.9535,2.25781800602686
1.954,-2.47647490810574
1.9545,2.47116013678716
1.955,-2.2046187754736
1.9555,1.74204953427076
1.956,-1.09024032839267
1.9565,0.34924466484724
1.957,0.442273660589487
1.9575,-1.17373645395789
1.958,1.80878056711966
1.9585,-2.24833927867367
1.959,2.48595273561579
1.9595,-2.46201097406837
1.96,2.21508383845797
1.9605,-1.73322654270564
1.961,1.10005101044288
1.9615,-0.341076705290838
1.962,-0.432133414192966
1.9625,1.18288952929407
1.963,-1.79831414607214
1.9635,2.25683183291703
1.964,-2.47614618232658
1.9645,2.47148886120383
1.965,-2.20560495219022
1.9655,1.74336443145756
1.966,-1.09188395280768
1.9665,0.351874459850525
1.967,0.440630038799808
1.9675,-1.17209282933375
1.968,1.80779439421078
1.9685,-2.24735310186228
1.969,2.48562401119562
1.9695,-2.46233969983636
1.97,2.2160700115438
1.9705,-1.73454144370199
1.971,1.10136590757395
1.9715,-0.342391603551079
1.972,-0.43081851580511
1.9725,1.18157463217499
1.973,-1.7973279702015
1.9735,2.25617438417746
1.974,-2.47614618232658
1.9745,2.47148886120383
1.975,-2.20691985448242
1.9755,1.74467932864482
1.976,-1.09319885234266
1.9765,0.353189357350577
1.977,0.438986417008626
1.9775,-1.17044920471389
1.978,1.80615077269664
1.9785,-2.24669565065591
1.979,2.48562401119562
1.9795,-2.46299715137314
1.98,2.21738490899243
1.9805,-1.73552761945145
1.981,1.10333825327011
1.9815,-0.344363950944854
1.982,-0.428846168226922
1.9825,1.17927356221623
1.983,-1.79601306904364
1.9835,2.2548594866991
1.984,-2.47581745654768
1.9845,2.47181758562057
1.985,-2.20757730562997
1.9855,1.74566550153557
1.986,-1.09517120165008
1.9865,0.355161703598672
1.987,0.437014070857218
1.9875,-1.16913430502106
1.988,1.80450715118335
1.9885,-2.24603819945051
1.989,2.48496656235552
1.9895,-2.46299715137314
1.99,2.21804235771712
1.9905,-1.73717124570474
1.991,1.10498187468317
1.9915,-0.346336298342733
1.992,-0.427202545248392
1.9925,1.17762994081683
1.993,-1.79502689317749
1.9935,2.253873313591
1.994,-2.47548873076903
1.9945,2.47181758562057
1.995,-2.20823475677849
1.9955,1.74730912302074
1.996,-1.09681482607749
1.9965,0.35680532547027
1.997,0.435041724703637
1.9975,-1.16749068040887
1.998,1.80319225397331
1.9985,-2.24538074824609
1.999,2.48463783793559
1.9995,-2.46365460291095
2,2.21869980644206
2.0005,-1.73848614671114
2.001,1.10662549609587
2.0015,-0.348637370312117
2.002,-0.425558922272854
2.0025,1.17565759513724
2.003,-1.7937119920256
2.0035,2.25321586485259
2.004,-2.47548873076903
2.0045,2.4721463100374
2.005,-2.20987838465401
2.0055,1.74895274450665
2.006,-1.09845845050904
2.0065,0.358777671714012
2.007,0.433398102907322
2.0075,-1.16518960595896
2.008,1.80220608106614
2.0085,-2.24406584584018
2.009,2.48430911351574
2.0095,-2.46398332868024
2.01,2.21968597952993
2.0105,-1.74045849822704
2.011,1.1082691175082
2.0115,-0.350280993150818
2.012,-0.42325785011212
2.0125,1.17434269801732
2.013,-1.79206836559055
2.0135,2.25288714048348
2.014,-2.47548873076903
2.0145,2.47280375887128
2.015,-2.21086456138223
2.0155,1.75026764169591
2.016,-1.10043079983236
2.0165,0.360750017955388
2.017,0.431097032389933
2.0175,-1.16453215611766
2.018,1.80089118385703
2.0185,-2.2434083946387
2.019,2.48430911351574
2.0195,-2.46398332868024
2.02,2.22067215261835
2.0205,-1.74210212449604
2.021,1.11024146320253
2.0215,-0.352910789698689
2.022,-0.421614227143749
2.0225,1.17237035233714
2.023,-1.79075346444634
2.0235,2.2512435186389
2.024,-2.47450255343467
2.0245,2.47280375887128
2.025,-2.21185073811263
2.0255,1.75158253888565
2.026,-1.10240314916165
2.0265,0.362393639821396
2.027,0.429453410589975
2.0275,-1.16223108167847
2.028,1.7992475623464
2.0285,-2.24275094343819
2.029,2.48398038909597
2.0295,-2.4646407802196
2.03,2.22165832570733
2.0305,-1.74275957500512
2.031,1.11188508461408
2.0315,-0.353896963406031
2.032,-0.419313154993039
2.0325,1.17105545521682
2.033,-1.78910983802088
2.0335,2.25091479427017
2.034,-2.47450255343467
2.0345,2.47313248328834
2.035,-2.21185073811263
2.0355,1.75289743607586
2.036,-1.10371804871783
2.0365,0.364694710431057
2.037,0.427481064428015
2.0375,-1.1602587321658
2.038,1.79793266513848
2.0385,-2.2414360410401
2.039,2.48365166467629
2.0395,-2.4646407802196
2.04,2.22231577443363
2.0405,-1.74440320128147
2.041,1.11385743030748
2.0415,-0.355869310823808
2.042,-0.417340807439932
2.0425,1.16908310953604
2.043,-1.78845238745219
2.0435,2.24959989679592
2.044,-2.47384510187972
2.0445,2.47378993212271
2.045,-2.21316564042321
2.0455,1.7545410575643
2.046,-1.10470422338671
2.0465,0.366667056665361
2.047,0.425508718263857
2.0475,-1.15894383249408
2.048,1.7966177679311
2.0485,-2.24077858984251
2.049,2.48365166467629
2.0495,-2.46529823176001
2.05,2.22330194752354
2.0505,-1.7453893770498
2.051,1.11550105171826
2.0515,-0.357841658245717
2.052,-0.415697184482282
2.0525,1.16776821241532
2.053,-1.78648003575122
2.0535,2.24927117242751
2.054,-2.47417382765706
2.0545,2.47444738095738
2.055,-2.21382309157995
2.0555,1.75585595475558
2.056,-1.10733402251103
2.0565,0.368310678525487
2.057,0.42386509645871
2.0575,-1.1569714829916
2.058,1.79530287072424
2.0585,-2.23979241304797
2.059,2.48299421583715
2.0595,-2.46529823176001
2.06,2.22395939625045
2.0605,-1.74670427807718
2.061,1.11681594884663
2.0615,-0.360471454814697
2.062,-0.414053561527603
2.0625,1.16579586673392
2.063,-1.78549385990361
2.0635,2.24795627495453
2.064,-2.47285892454925
2.0645,2.47411865654001
2.065,-2.21480926831689
2.0655,1.75684212764936
2.066,-1.10897764696913
2.0665,0.37028302475549
2.067,0.42156402592893
2.0675,-1.15565658332668
2.068,1.7939879735179
2.0685,-2.23913496185283
2.069,2.4826654914177
2.0695,-2.46595568330145
2.07,2.22461684497762
2.0705,-1.74834790436614
2.071,1.11878829453877
2.0715,-0.362115077674049
2.072,-0.412081213985907
2.0725,1.16316607249148
2.073,-1.78417895877644
2.0735,2.24729882621842
2.074,-2.47384510187972
2.0745,2.47477610537484
2.075,-2.21612417063619
2.0755,1.7584857491396
2.076,-1.11062127143139
2.0765,0.371926646612039
2.077,0.419920404120101
2.0775,-1.15368423383438
2.078,1.79267307631208
2.0785,-2.23847751065866
2.079,2.48233676699833
2.0795,-2.46661313484392
2.08,2.2259317424327
2.0805,-1.74999153066035
2.081,1.12043191594852
2.0815,-0.364087425109072
2.082,-0.410108866448481
2.0825,1.16250862393076
2.083,-1.78286405765267
2.0835,2.24664137748257
2.084,-2.47351637610264
2.0845,2.47444738095738
2.085,-2.21678162179729
2.0855,1.75980064633234
2.086,-1.11226489589782
2.0865,0.374227717208485
2.087,0.417948057947475
2.0875,-1.15204060926212
2.088,1.79135817910679
2.0885,-2.23749133386924
2.089,2.48200804257904
2.0895,-2.46628440907255
2.09,2.22626046679663
2.0905,-1.7509777064394
2.091,1.12207553735793
2.0915,-0.365731047974763
2.092,-0.40813651891532
2.0925,1.16053627824836
2.093,-1.78187788181208
2.0935,2.24565520437927
2.094,-2.47253019877295
2.0945,2.47510482979238
2.095,-2.21776779854076
2.0955,1.76078681922721
2.096,-1.11456597015781
2.0965,0.375871339061148
2.097,0.415975711772627
2.0975,-1.1503969846941
2.098,1.79004328190202
2.0985,-2.23683388267751
2.099,2.48167931815983
2.0995,-2.46694186061555
2.1,2.22724663988878
2.1005,-1.75262133274203
2.101,1.12404788304878
2.1015,-0.367703395417401
2.102,-0.406164171386419
2.1025,1.15922138112654
2.103,-1.78023425541535
2.1035,2.24466903127654
2.104,-2.47285892454925
2.1045,2.47576227862769
2.105,-2.21875397528642
2.1055,1.76243044071926
2.106,-1.11588086973862
2.1065,0.377843685282213
2.107,0.414003365595554
2.1075,-1.14842463521805
2.108,1.78872838469776
2.1085,-2.23584770589175
2.109,2.4813505937407
2.1095,-2.46727058638744
2.11,2.22790408861719
2.1105,-1.75393623378792
2.111,1.12602022873915
2.1115,-0.3696757428642
2.112,-0.404191823861774
2.1125,1.15724903544349
2.113,-1.77891935430178
2.1135,2.24401158254171
2.114,-2.47253019877295
2.1145,2.47576227862769
2.115,-2.21974015203426
2.1155,1.76374533791345
2.116,-1.11752449421838
2.1165,0.379816031500957
2.117,0.41203101941625
2.1175,-1.14678101065933
2.118,1.78708476319317
2.1185,-2.23486152910818
2.119,2.48102186932165
2.1195,-2.46759931215959
2.12,2.22921898607476
2.1205,-1.75557986010002
2.121,1.12700640158415
2.1215,-0.371319365739714
2.122,-0.402548200927816
2.1225,1.15527668976004
2.123,-1.77760445319162
2.1235,2.2426966850728
2.124,-2.47220147299691
2.1245,2.47576227862769
2.125,-2.2203976032007
2.1255,1.76506023510814
2.126,-1.11949684359961
2.1265,0.381459653348143
2.127,0.41005867323471
2.1275,-1.14513738610484
2.128,1.78576986599007
2.1285,-2.23354662673349
2.129,2.48069314490268
2.1295,-2.46759931215959
2.13,2.22954771043931
2.1305,-1.75656603588981
2.131,1.12897874727381
2.1315,-0.373620437770298
2.132,-0.400904577996808
2.1325,1.15330434407619
2.133,-1.77628955208485
2.1335,2.24236796070573
2.134,-2.47220147299691
2.1345,2.47641972746333
2.135,-2.22105505436811
2.1355,1.76670385660218
2.136,-1.12081174319044
2.1365,0.383431999562646
2.137,0.408415051415049
2.1375,-1.14382248646428
2.138,1.78445496878749
2.1385,-2.23321790114043
2.139,2.48069314490268
2.1395,-2.46792803793199
2.14,2.2302051591686
2.1405,-1.75820966221034
2.141,1.13062236868151
2.1415,-0.375592785229607
2.142,-0.398603505898345
2.1425,1.15166072267267
2.143,-1.77497465098147
2.1435,2.24072433887134
2.144,-2.47187274722113
2.1445,2.47641972746333
2.145,-2.22236995670584
2.1455,1.76769002949898
2.146,-1.12311281748083
2.1465,0.385075621406304
2.147,0.407100153958198
2.1475,-1.14185013700851
2.148,1.78314007158542
2.1485,-2.23223172436271
2.149,2.48003569606498
2.1495,-2.46858548947758
2.15,2.23152005662792
2.1505,-1.75985328853615
2.151,1.13160854152597
2.1515,-0.377236408115558
2.152,-0.397617332143627
2.1525,1.15001710126886
2.153,-1.77365974988149
2.1535,2.24006689013803
2.154,-2.47220147299691
2.1545,2.47707717629927
2.155,-2.22335613346168
2.1555,1.76900492669514
2.156,-1.12475644197898
2.1565,0.387047967616584
2.157,0.404141634676628
2.1575,-1.14020651246668
2.158,1.78149645008356
2.1585,-2.23157427317877
2.159,2.47970697164625
2.1595,-2.46891421525077
2.16,2.23250622972307
2.1605,-1.76083946433417
2.161,1.13390961149594
2.1615,-0.379208755582534
2.162,-0.3953162600534
2.1625,1.14837347986477
2.163,-1.77201612351127
2.1635,2.23908071703853
2.164,-2.47088656989534
2.1645,2.47707717629927
2.165,-2.22401358463346
2.1655,1.77064854819103
2.166,-1.12607134158052
2.1665,0.389020313824566
2.167,0.402826737216525
2.1675,-1.13889161283624
2.168,1.78051027718282
2.1685,-2.23025937081382
2.169,2.4793782472276
2.1695,-2.46924294102421
2.17,2.23283495408825
2.1705,-1.76215436540114
2.171,1.13588195718399
2.1715,-0.380852378474881
2.172,-0.393343912552072
2.1725,1.14672985846039
2.173,-1.77070122241892
2.1735,2.23842326830585
2.174,-2.47088656989534
2.1745,2.47707717629927
2.175,-2.22499976139295
2.1755,1.77130599678961
2.176,-1.12837241588966
2.1765,0.3906639356628
2.177,0.400854391024487
2.1775,-1.13659053848946
2.178,1.77853793138219
2.1785,-2.2299306452232
2.179,2.4793782472276
2.1795,-2.46957166679792
2.18,2.23414985154958
2.1805,-1.7634692664715
2.181,1.13719685430911
2.1815,-0.38282472594954
2.182,-0.391371565054968
2.1825,1.14508623705572
2.183,-1.77004377187401
2.1835,2.23743709520731
2.184,-2.47055784412059
2.1845,2.47839207397213
2.185,-2.22565721256715
2.1855,1.77327834258608
2.186,-1.12968731549858
2.1865,0.392636281866583
2.187,0.39855332046425
2.1875,-1.13527563886644
2.188,1.77755175848231
2.1885,-2.22894446845277
2.189,2.4793782472276
2.1895,-2.46957166679792
2.19,2.23480730028062
2.1905,-1.7651128928142
2.191,1.1394979242776
2.1915,-0.384468348848296
2.192,-0.389399217562083
2.1925,1.14377133993177
2.193,-1.76840014551545
2.1935,2.23677964647526
2.194,-2.46990039257188
2.1945,2.47806334955379
2.195,-2.22697211491848
2.1955,1.77525068838368
2.196,-1.1313309400135
2.1965,0.394608628068082
2.197,0.396909698633618
2.1975,-1.13330328943694
2.198,1.77689430988255
2.1985,-2.22795829168453
2.199,2.4793782472276
2.1995,-2.46990039257188
2.2,2.23612219774346
2.2005,-1.76642779389216
2.201,1.14081282140217
2.2015,-0.386440696330655
2.202,-0.387098145492376
2.2025,1.14179899424548
2.203,-1.76675651916218
2.2035,2.23612219774346
2.204,-2.46957166679792
2.2045,2.47872079839054
2.205,-2.22697211491848
2.2055,1.77623686128291
2.206,-1.13363201434144
2.2065,0.396580974267303
2.207,0.395266076801409
2.2075,-1.13165966491698
2.208,1.77525068838368
2.2085,-2.22697211491848
2.209,2.47872079839054
2.2095,-2.47022911834611
2.21,2.23677964647526
2.2105,-1.76708524443241
2.211,1.14278516708868
2.2115,-0.388413043817221
2.212,-0.385125798008615
2.2125,1.14015537283991
2.213,-1.7651128928142
2.2135,2.23546474901191
2.214,-2.46891421525077
2.2145,2.47904952280903
2.215,-2.2282870172737
2.2155,1.77755175848231
2.216,-1.13428946415093
2.2165,0.39822459609825
2.217,0.393293730600669
2.2175,-1.12968731549858
2.218,1.77393579118516
2.2185,-2.22598593815462
2.219,2.47839207397213
2.2195,-2.47055784412059
2.22,2.23776581957343
2.2205,-1.76872887078674
2.221,1.14442878849377
2.2215,-0.390385391307998
2.222,-0.383482175108692
2.2225,1.13818302715282
2.223,-1.76379799173962
2.2235,2.23447857591507
2.224,-2.46891421525077
2.2245,2.47904952280903
2.225,-2.22894446845277
2.2255,1.77853793138219
2.226,-1.13691926339564
2.2265,0.400196942293306
2.227,0.391321384397648
2.2275,-1.12870114079164
2.228,1.77229216968771
2.2285,-2.22565721256715
2.229,2.47806334955379
2.2295,-2.4715440214456
2.23,2.23875199267216
2.2305,-1.77037249714636
2.231,1.14607240989856
2.2315,-0.392357738802992
2.232,-0.381838552211686
2.2325,1.13621068146529
2.233,-1.76248309066842
2.2335,2.23414985154958
2.234,-2.46891421525077
2.2345,2.47970697164625
2.235,-2.2299306452232
2.2355,1.78018155288263
2.236,-1.13823416302204
2.2365,0.402498012851342
2.237,0.38967776256005
2.2375,-1.12672879138229
2.238,1.77130599678961
2.2385,-2.22467103580621
2.239,2.47806334955379
2.2395,-2.47121529567034
2.24,2.24006689013803
2.2405,-1.77168739823787
2.241,1.14804475558392
2.2415,-0.394001361718712
2.242,-0.379866204739123
2.2425,1.13489578434002
2.243,-1.76083946433417
2.2435,2.23250622972307
2.244,-2.46825676370466
2.2445,2.48003569606498
2.245,-2.23091682199581
2.2455,1.78182517438387
2.246,-1.13954906265112
2.2465,0.404141634676628
2.247,0.387705416352833
2.2475,-1.12442771707902
2.248,1.76999109959258
2.2485,-2.22302740787616
2.249,2.47740590071737
2.2495,-2.4715440214456
2.25,2.24006689013803
2.2505,-1.77267357405872
2.251,1.14968837698807
2.2515,-0.395973709221448
2.252,-0.377893857270752
2.2525,1.13292343865175
2.253,-1.75985328853615
2.2535,2.23217750535796
2.254,-2.46792803793199
2.2545,2.48036442048379
2.255,-2.23190299877062
2.2555,1.78281134728499
2.256,-1.14152141209981
2.2565,0.405785256500348
2.257,0.38573307014332
2.2575,-1.12311281748083
2.258,1.76867620239605
2.2585,-2.22302740787616
2.259,2.47674845188126
2.2595,-2.47121529567034
2.26,2.24105306323809
2.2605,-1.77431720043105
2.261,1.15100327411118
2.2615,-0.397617332143627
2.262,-0.376250234383639
2.2625,1.13193726580744
2.263,-1.75853838747508
2.2635,2.231191332263
2.264,-2.46792803793199
2.2645,2.48036442048379
2.265,-2.23256044995504
2.2655,1.78379752018639
2.266,-1.14283631173564
2.2665,0.40808632705093
2.267,0.383431999562646
2.2675,-1.12146919298686
2.268,1.76703258090108
2.2685,-2.22204123112104
2.269,2.47707717629927
2.2695,-2.47220147299691
2.27,2.24203923633873
2.2705,-1.77596082680868
2.271,1.1529756197955
2.2715,-0.399918404239617
2.272,-0.374606611499431
2.2725,1.12996492011847
2.273,-1.7575522116815
2.2735,2.22987643480392
2.274,-2.46727058638744
2.2745,2.48069314490268
2.275,-2.2338753523268
2.2755,1.78544114168938
2.276,-1.14513738610484
2.2765,0.409729948870902
2.277,0.381459653348143
2.2775,-1.11982556849707
2.278,1.76604640800447
2.2785,-2.22072632878428
2.279,2.47609100304547
2.2795,-2.47220147299691
2.28,2.24302540943993
2.2805,-1.77694700263781
2.281,1.1546192411988
2.2815,-0.401890751755059
2.282,-0.372305539466412
2.2825,1.12832129871065
2.283,-1.75557986010002
2.2835,2.22921898607476
2.284,-2.46759931215959
2.2845,2.48102186932165
2.285,-2.23453280351414
2.2855,1.78708476319317
2.286,-1.1464522857481
2.2865,0.411702295052815
2.287,0.380144755870523
2.2875,-1.11851066890825
2.288,1.76440278651073
2.2885,-2.22006887761736
2.289,2.47609100304547
2.2895,-2.47220147299691
2.29,2.24368285817438
2.2905,-1.77793317846884
2.291,1.15626286260181
2.2915,-0.403534374687837
2.292,-0.370004467439071
2.2925,1.1266776773025
2.293,-1.75393623378792
2.2935,2.22823281298149
2.294,-2.46661313484392
2.2945,2.48102186932165
2.295,-2.23519025470246
2.2955,1.78807093609583
2.296,-1.14809591030597
2.2965,0.413674641232491
2.297,0.378172409652165
2.2975,-1.11588086973862
2.298,1.76275916501776
2.2985,-2.21875397528642
2.299,2.47609100304547
2.2995,-2.47285892454925
2.3,2.24499775564405
2.3005,-1.77990553013664
2.301,1.15757775972402
2.3015,-0.405177997623565
2.302,-0.36868956914028
2.3025,1.12404788304878
2.303,-1.75295005800318
2.3035,2.22724663988878
2.304,-2.46661313484392
2.3045,2.4813505937407
2.305,-2.23617643148676
2.3055,1.78905710899878
2.306,-1.14973953486807
2.3065,0.415318263047184
2.307,0.376200063431487
2.3075,-1.11456597015781
2.308,1.76144426782394
2.3085,-2.21842524970429
2.309,2.47543355421
2.3095,-2.47318765032582
2.31,2.24565520437927
2.3105,-1.7808917059734
2.311,1.15987882968747
2.3115,-0.407150345150337
2.312,-0.366717221695562
2.3125,1.12306171020341
2.313,-1.75196388222034
2.3135,2.22626046679663
2.314,-2.46628440907255
2.3145,2.4813505937407
2.315,-2.23716260827326
2.3155,1.79070073050434
2.316,-1.15204060926212
2.3165,0.417290609222773
2.317,0.374227717208485
2.3175,-1.11325107057967
2.318,1.7601293706306
2.3185,-2.21776779854076
2.319,2.47477610537484
2.3195,-2.47351637610264
2.32,2.24598392874697
2.3205,-1.78220660709207
2.321,1.1611937268092
2.3215,-0.409780141859324
2.322,-0.364744874255003
2.3225,1.12108936451232
2.323,-1.7509777064394
2.3235,2.22527429370504
2.324,-2.46628440907255
2.3245,2.48167931815983
2.325,-2.23749133386924
2.3255,1.79201562770937
2.326,-1.15368423383438
2.3265,0.418934231034065
2.327,0.371926646612039
2.3275,-1.11094999632434
2.328,1.7584857491396
2.3285,-2.21645289621662
2.329,2.47477610537484
2.3295,-2.47384510187972
2.33,2.24697010185046
2.3305,-1.78385023349518
2.331,1.16283734821113
2.3315,-0.411423764806291
2.332,-0.362772526818596
2.3325,1.11944574310271
2.333,-1.74900535488319
2.3335,2.22527429370504
2.334,-2.4656269575306
2.3345,2.48200804257904
2.335,-2.23880623625562
2.3355,1.79333052491493
2.336,-1.15565658332668
2.3365,0.420906577205583
2.337,0.369954300383985
2.3375,-1.10996382164599
2.338,1.75717085194735
2.3385,-2.215795445056
2.339,2.47411865654001
2.3395,-2.47384510187972
2.34,2.24795627495453
2.3405,-1.78549385990361
2.341,1.16448096961279
2.3415,-0.413396112346563
2.342,-0.361457628529963
2.3425,1.11747339741073
2.343,-1.74769045384992
2.3435,2.22363067188697
2.344,-2.4656269575306
2.3445,2.48200804257904
2.345,-2.23946368745028
2.3455,1.79431669781943
2.346,-1.1569714829916
2.3465,0.423207647736223
2.347,0.368310678525487
2.3475,-1.10799147229377
2.348,1.75585595475558
2.3485,-2.21513799389635
2.349,2.47378993212271
2.3495,-2.47417382765706
2.35,2.24861372369089
2.3505,-1.78615131046847
2.351,1.16612459101418
2.3515,-0.415368459891108
2.352,-0.359485281100467
2.3525,1.11582977600037
2.353,-1.74637555282002
2.3535,2.22330194752354
2.354,-2.46529823176001
2.3545,2.48233676699833
2.355,-2.24077858984251
2.3555,1.7959603193276
2.356,-1.15894383249408
2.3565,0.42517999390295
2.357,0.36633833229314
2.3575,-1.10634784783816
2.358,1.7545410575643
2.3585,-2.21448054273767
2.359,2.47378993212271
2.3595,-2.47450255343467
2.36,2.24959989679592
2.3605,-1.78812366216816
2.361,1.16776821241532
2.3615,-0.417669532031819
2.362,-0.357184209104622
2.3625,1.11418615458966
2.363,-1.74473192653737
2.3635,2.22231577443363
2.364,-2.4646407802196
2.3645,2.48299421583715
2.365,-2.24110731544118
2.3655,1.79727521653472
2.366,-1.1602587321658
2.3665,0.427152340067474
2.367,0.364365986058445
2.3675,-1.10437549849692
2.368,1.75355488467114
2.3685,-2.21316564042321
2.369,2.47378993212271
2.3695,-2.47516000499065
2.37,2.25058606990151
2.3705,-1.78943856330555
2.371,1.17006928237648
2.3715,-0.418655705808194
2.372,-0.355869310823808
2.3725,1.1125425331786
2.373,-1.74341702551503
2.3735,2.22132960134427
2.374,-2.4646407802196
2.3745,2.48332294025668
2.375,-2.24209349223865
2.3755,1.79859011374237
2.376,-1.16190235675927
2.3765,0.428795961869565
2.377,0.362393639821396
2.3775,-1.10273187405045
2.378,1.75191126318316
2.3785,-2.21217946368991
2.379,2.47378993212271
2.3795,-2.47516000499065
2.38,2.25091479427017
2.3805,-1.79042473916082
2.381,1.17138417949692
2.3815,-0.420628053364158
2.382,-0.353239514267689
2.3825,1.1108989117672
2.383,-1.74210212449604
2.3835,2.22034342825548
2.384,-2.46431205444979
2.3845,2.48398038909597
2.385,-2.24307966903832
2.3855,1.80023373525268
2.386,-1.16354598135699
2.3865,0.431097032389933
2.387,0.36042129358199
2.3875,-1.10108824960813
2.388,1.7505963659933
2.3885,-2.21119328695879
2.389,2.4724750344543
2.3895,-2.47548873076903
2.39,2.25222969174546
2.3905,-1.79206836559055
2.391,1.17335652517727
2.3915,-0.422929125518208
2.392,-0.351267166855412
2.3925,1.10892656607304
2.393,-1.74078722348042
2.3935,2.21935725516724
2.394,-2.46365460291095
2.3945,2.48398038909597
2.395,-2.2434083946387
2.3955,1.80121990815926
2.396,-1.16551833087986
2.3965,0.432411929828805
2.397,0.359106396087739
2.3975,-1.09944462516995
2.398,1.74928146880392
2.3985,-2.21053583580592
2.399,2.47280375887128
2.3995,-2.47581745654768
2.4,2.25288714048348
2.4005,-1.79305454145094
2.401,1.17467142229731
2.4015,-0.424244023894575
2.402,-0.349623544014995
2.4025,1.10728294466084
2.403,-1.73947232246815
2.4035,2.21837108207956
2.404,-2.46332587714191
2.4045,2.48398038909597
2.405,-2.24472329704265
2.4055,1.80319225397331
2.406,-1.16683323056519
2.4065,0.434384275985293
2.407,0.357134049844392
2.4075,-1.09780100073592
2.408,1.74763784731787
2.4085,-2.20987838465401
2.409,2.4724750344543
2.4095,-2.47614618232658
2.41,2.253873313591
2.4105,-1.7946981678892
2.411,1.17664376797708
2.4115,-0.426216371462711
2.412,-0.347979921177436
2.4125,1.10563932324829
2.413,-1.73815742145923
2.4135,2.21705618463018
2.414,-2.46299715137314
2.4145,2.48463783793559
2.415,-2.24538074824609
2.4155,1.80417842688079
2.416,-1.16847685517567
2.4165,0.436685346498439
2.417,0.355161703598672
2.4175,-1.09582865142055
2.418,1.74632295012955
2.4185,-2.20856348235311
2.419,2.47148886120383
2.4195,-2.47647490810574
2.42,2.25453076232967
2.4205,-1.79601306904364
2.421,1.17795866509673
2.4215,-0.428188719035151
2.422,-0.345678849209651
2.4225,1.10366697755275
2.423,-1.73684252045367
2.4235,2.21672746026799
2.424,-2.46266842560462
2.4245,2.48430911351574
2.425,-2.24669565065591
2.4255,1.80516459978857
2.426,-1.17077792963752
2.4265,0.438000243933193
2.427,0.353518081725425
2.4275,-1.09418502699563
2.428,1.7450080529417
2.4285,-2.20757730562997
2.429,2.47116013678716
2.4295,-2.47713235966485
2.43,2.25518821106859
2.4305,-1.7973279702015
2.431,1.17960228649608
2.4315,-0.43081851580511
2.432,-0.34403522637894
2.4325,1.10235208042209
2.433,-1.73552761945145
2.4335,2.2160700115438
2.434,-2.46266842560462
2.4345,2.48496656235552
2.435,-2.24768182746583
2.4355,1.8068082213022
2.436,-1.17242155425824
2.4365,0.439972590083516
2.437,0.351217011100102
2.4375,-1.09254140257484
2.438,1.74303570716081
2.4385,-2.20691985448242
2.439,2.47116013678716
2.4395,-2.47713235966485
2.44,2.25617438417746
2.4405,-1.79831414607214
2.441,1.18190335645477
2.4415,-0.432133414192966
2.442,-0.341734154420731
2.4425,1.10070845900844
2.443,-1.7338839932034
2.4435,2.21475511409615
2.444,-2.46233969983636
2.4445,2.48529528677553
2.445,-2.24801055306963
2.4455,1.8081231185137
2.446,-1.17373645395789
2.4465,0.442273660589487
2.447,0.349573389222883
2.4475,-1.09089777815818
2.448,1.74204953427076
2.4485,-2.20626240333584
2.449,2.47116013678716
2.4495,-2.47680363388517
2.45,2.25683183291703
2.4505,-1.79995777252748
2.451,1.18354697785356
2.4515,-0.433777037180486
2.452,-0.340090531596852
2.4525,1.09906483759442
2.453,-1.73224036696057
2.4535,2.21409766537269
2.454,-2.46168224830063
2.4545,2.48562401119562
2.455,-2.24866800427796
2.4555,1.80976674002885
2.456,-1.17570880351249
2.4565,0.443917282377665
2.457,0.347929767344004
2.4575,-1.08859670398179
2.458,1.74106336138098
2.4585,-2.20527622661777
2.459,2.47050268795406
2.4595,-2.47713235966485
2.46,2.25781800602686
2.4605,-1.80160139898816
2.461,1.18486187497242
2.4615,-0.435749384769473
2.462,-0.337789459648196
2.4625,1.0964350433312
2.463,-1.73125419121739
2.4635,2.21344021664948
2.464,-2.46168224830063
2.4645,2.48595273561579
2.465,-2.24965418109229
2.4655,1.81075291293834
2.466,-1.17735242814603
2.4665,0.445889628521502
2.467,0.345957421087155
2.4675,-1.08695307957504
2.468,1.73941973989857
2.4685,-2.20429004990188
2.469,2.47050268795406
2.4695,-2.47746108544479
2.47,2.25847545476707
2.4705,-1.80258757486714
2.471,1.18683422065044
2.4715,-0.437721732362789
2.472,-0.336145836831134
2.4725,1.09512014619923
2.473,-1.72961056498293
2.4735,2.21212531920379
2.474,-2.46135352253315
2.4745,2.48628146003603
2.475,-2.25064035790882
2.4755,1.81206781015146
2.476,-1.17899605278384
2.4765,0.447861974663187
2.477,0.343656350451133
2.4775,-1.08530945517241
2.478,1.73810484271317
2.4785,-2.20264642204689
2.479,2.47017396353763
2.4795,-2.47811853700546
2.48,2.25979035224827
2.4805,-1.8039024760421
2.481,1.18814911776894
2.4815,-0.439365355360529
2.482,-0.334173489454401
2.4825,1.09347652478392
2.483,-1.72829566399912
2.4835,2.21113914612017
2.484,-2.46036734523227
2.4845,2.48693890887677
2.485,-2.25096908351482
2.4855,1.81338270736513
2.486,-1.18031095249717
2.4865,0.449834320802724
2.487,0.342012728566257
2.4875,-1.0836658307739
2.488,1.73646122123207
2.4885,-2.20264642204689
2.489,2.46984523912129
2.4895,-2.47811853700546
2.49,2.26044780098926
2.4905,-1.80488865192557
2.491,1.19012146344642
2.4915,-0.441666427562426
2.492,-0.331872417520032
2.4925,1.09183290336822
2.493,-1.72698076301866
2.4935,2.21015297303711
2.494,-2.46036734523227
2.4945,2.48628146003603
2.495,-2.25195526033429
2.4955,1.81469760457934
2.496,-1.18228330207231
2.4965,0.451477942584035
2.497,0.339711657924619
2.4975,-1.0820222063795
2.498,1.73481759975169
2.4985,-2.20133151976725
2.499,2.46918779028882
2.4995,-2.47811853700546
2.5,2.2611052497305
2.5005,-1.8071897289945
2.501,1.19242253340309
2.5015,-0.4433100505674
2.502,-0.33055751927431
2.5025,1.09018928195214
2.503,-1.7259945872855
2.5035,2.20949552431537
2.504,-2.46069607099897
2.5045,2.48661018445636
2.505,-2.25327016276367
2.5055,1.81634122609788
2.506,-1.18425565165361
2.5065,0.453121564363862
2.507,0.338068036035724
2.5075,-1.08004985711166
2.508,1.7344888754557
2.5085,-2.20067406862888
2.509,2.46885906587271
2.5095,-2.47844726278619
2.51,2.26209142284286
2.5105,-1.8081759048844
2.511,1.19307998196206
2.5115,-0.445611122779435
2.512,-0.328585171909118
2.5125,1.08821693625233
2.513,-1.72402223582482
2.5135,2.20818062687262
2.514,-2.46003861946583
2.5145,2.48693890887677
2.515,-2.25392761397983
2.5155,1.81732739900941
2.516,-1.18589927630942
2.5165,0.455422634853129
2.517,0.336095689766833
2.5175,-1.07906368247996
2.518,1.73251652968035
2.5185,-2.20001661749147
2.519,2.46885906587271
2.5195,-2.47910471434842
2.52,2.26307759595579
2.5205,-1.80916208077622
2.521,1.19472360335934
2.5215,-0.447254745791658
2.522,-0.32661282454799
2.5225,1.08657331483539
2.523,-1.72270733485521
2.5235,2.20719445379121
2.524,-2.45938116793372
2.5245,2.48726763329726
2.525,-2.25491379080591
2.5255,1.81864229622526
2.526,-1.18754290096952
2.5265,0.457066256629403
2.527,0.334123343495518
2.5275,-1.07676260834507
2.528,1.73087290820168
2.5285,-2.19870171521954
2.529,2.46820161704072
2.5295,-2.47910471434842
2.53,2.26406376906931
2.5305,-1.81014825666998
2.531,1.19669594903579
2.5315,-0.448898368806908
2.532,-0.32464047719092
2.5325,1.08525841770155
2.533,-1.72139243388893
2.5335,2.20686572943085
2.534,-2.45938116793372
2.5345,2.48792508213848
2.535,-2.25491379080591
2.5355,1.82028591774585
2.536,-1.18951525056731
2.5365,0.459038602758985
2.537,0.332150997221776
2.5375,-1.07544770884303
2.538,1.72988673531482
2.5385,-2.19705808738506
2.539,2.46820161704072
2.5395,-2.47943344012992
2.54,2.26472121781198
2.5405,-1.81179188316386
2.541,1.19833957043261
2.5415,-0.451199441033344
2.542,-0.322668129837905
2.5425,1.08361479628389
2.543,-1.72073498340704
2.5435,2.20522210763002
2.544,-2.45905244216805
2.5445,2.48759635771783
2.545,-2.25655741885427
2.5455,1.82127209065861
2.546,-1.19050142536853
2.5465,0.461010948886447
2.547,0.330836099704596
2.5475,-1.0734753595949
2.548,1.72824311383728
2.5485,-2.19705808738506
2.549,2.46787289262484
2.5495,-2.47943344012992
2.55,2.26537866655491
2.5505,-1.8134355096631
2.551,1.20031191610852
2.5515,-0.452514339451119
2.552,-0.321024507046819
2.5525,1.08164245058217
2.553,-1.71876263196638
2.5535,2.20522210763002
2.554,-2.45872371640265
2.5545,2.48858253098002
2.555,-2.25721487007533
2.5555,1.82324443648508
2.556,-1.1924737749756
2.5565,0.462654570657717
2.557,0.328535029046926
2.5575,-1.07150301035267
2.558,1.72725694095109
2.5585,-2.19574318512182
2.559,2.46688671937769
2.5595,-2.48009089169371
2.56,2.26702228841337
2.5605,-1.81442168556523
2.561,1.20195553750489
2.5615,-0.454815411686899
2.562,-0.319052159701224
2.5625,1.07967010487987
2.563,-1.71711900577155
2.5635,2.20456465891011
2.564,-2.4583949906375
2.5645,2.48825380655921
2.565,-2.25787232129737
2.5655,1.82390188509418
2.566,-1.19378867471709
2.5665,0.464955641135032
2.567,0.326891407146556
2.5675,-1.06985938598865
2.568,1.72528459517947
2.5685,-2.19508573399164
2.569,2.46655799496213
2.5695,-2.48009089169371
2.57,2.26767973715721
2.5705,-1.81606531207306
2.571,1.20392788318027
2.5715,-0.456459034716103
2.572,-0.317408536916315
2.5725,1.07835520774467
2.573,-1.71613283005715
2.5735,2.20324976147102
2.574,-2.45773753910798
2.5745,2.48891125540091
2.575,-2.25885849813227
2.5755,1.8252167823128
2.576,-1.19608974927133
2.5765,0.466599262902788
2.577,0.32491906086387
2.5775,-1.06788703675722
2.578,1.72462714658916
2.5785,-2.19409955729818
2.579,2.46622927054664
2.5795,-2.480419617476
2.58,2.26800846152923
2.5805,-1.81705148798034
2.581,1.20524278029704
2.5815,-0.458431382355161
2.582,-0.315436189578123
2.5825,1.07671158632531
2.583,-1.71448920387064
2.5835,2.20226358839234
2.584,-2.45740881334361
2.5845,2.48858253098002
2.585,-2.25984467496938
2.5855,1.82653167953197
2.586,-1.1974046490204
2.5865,0.468242884669086
2.587,0.322617990197638
2.5875,-1.06657213727288
2.588,1.72232607652394
2.5885,-2.19278465504361
2.589,2.46622927054664
2.5895,-2.48107706904135
2.59,2.26899463464568
2.5905,-1.81836638919306
2.591,1.20721512597196
2.5915,-0.460403729998604
2.592,-0.313792566799376
2.5925,1.07441051633751
2.593,-1.71383175339749
2.5935,2.20094869095495
2.594,-2.4570800875795
2.5945,2.48891125540091
2.595,-2.26050212619534
2.5955,1.8278465767517
2.596,-1.19937699864919
2.5965,0.470215230786721
2.597,0.32097436829114
2.5975,-1.06459978805127
2.598,1.72133990363926
2.5985,-2.19212720391776
2.599,2.46590054613124
2.5995,-2.48107706904135
2.6,2.26932335901796
2.6005,-1.81968129040922
2.601,1.20885874736751
2.6015,-0.462047353038159
2.602,-0.311491494913829
2.6025,1.07276689491715
2.603,-1.71185940198304
2.6035,2.20029124223662
2.604,-2.45740881334361
2.6045,2.48923997982188
2.605,-2.26148830303613
2.6055,1.82916147397199
2.606,-1.20134934828418
2.6065,0.472187576902263
2.607,0.318673297619171
2.6075,-1.06295616370442
2.608,1.71969628216535
2.6085,-2.1917984783552
2.609,2.46524309730067
2.6095,-2.48140579482442
2.61,2.27063825650772
2.6105,-1.82066746632359
2.611,1.21050236876288
2.6115,-0.464348425298662
2.612,-0.309519147587717
2.6125,1.07079454921217
2.613,-1.71021577581004
2.6135,2.19897634480068
2.614,-2.45609391028872
2.6145,2.48989742866406
2.615,-2.26247447987913
2.6155,1.83047637119284
2.616,-1.2026642480443
2.6165,0.473831198663621
2.617,0.317358400090826
2.6175,-1.06131253936166
2.618,1.71838138498671
2.6185,-2.18982612498489
2.619,2.4649143728855
2.6195,-2.48140579482442
2.62,2.271295705253
2.6205,-1.82231109285186
2.621,1.21214599015807
2.6215,-0.465992048345544
2.622,-0.307875524819026
2.6225,1.06915092779088
2.623,-1.70922960010873
2.6235,2.19831889608308
2.624,-2.45609391028872
2.6245,2.48956870424293
2.625,-2.26313193110902
2.6255,1.83179126841425
2.626,-1.20430787274834
2.6265,0.475803544775342
2.627,0.315057329413579
2.6275,-1.05966891502297
2.628,1.71706648780852
2.6285,-2.18982612498489
2.629,2.46458564847041
2.6295,-2.48173452060775
2.63,2.2722818783714
2.6305,-1.82395471938551
2.631,1.21411833583205
2.6315,-0.467964396005839
2.632,-0.306231902053121
2.6325,1.06750730636917
2.633,-1.70791469917656
2.6335,2.19766144736571
2.634,-2.45576518452564
2.6345,2.48989742866406
2.635,-2.26378938233989
2.6355,1.83343488994181
2.636,-1.2059514974567
2.6365,0.477775890884984
2.637,0.313413707499198
2.6375,-1.05736784095565
2.638,1.71575159063077
2.6385,-2.18883994830299
2.639,2.4642569240554
2.6395,-2.48206324639134
2.64,2.27293932711734
2.6405,-1.82494089530828
2.641,1.21576195722685
2.6415,-0.469936743670542
2.642,-0.303602105633463
2.6425,1.06586368494703
2.643,-1.70627107301602
2.6435,2.19667527429012
2.644,-2.45510773300026
2.6445,2.49022615308528
2.645,-2.26477555918804
2.6455,1.8347497871645
2.646,-1.2072663972265
2.6465,0.479748236992552
2.647,0.311770085583096
2.6475,-1.05638166635781
2.648,1.71410796915919
2.6485,-2.18785377162324
2.649,2.4642569240554
2.6495,-2.48239197217519
2.65,2.27392550023672
2.6505,-1.82625579654166
2.651,1.21707685434255
2.6515,-0.471251642116129
2.652,-0.30195848287479
2.6525,1.064548787809
2.653,-1.70528489732218
2.6535,2.19634654993171
2.654,-2.45477900723796
2.6545,2.49055487750657
2.655,-2.26510428480459
2.6555,1.83573596008188
2.656,-1.2092387468864
2.6565,0.481720583098052
2.657,0.310126463665269
2.6575,-1.05440931716653
2.658,1.71312179627656
2.6585,-2.18653886938695
2.659,2.46327075081085
2.6595,-2.4827206979593
2.66,2.27458294898331
2.6605,-1.82757069777849
2.661,1.21839175145815
2.6615,-0.472895265175872
2.662,-0.299986135568048
2.6625,1.06224771781679
2.663,-1.70364127116993
2.6635,2.19503165249867
2.664,-2.45445028147592
2.6645,2.49121232634939
2.665,-2.26641918727321
2.6655,1.83705085730556
2.666,-1.21121109655254
2.6665,0.483364204851059
2.667,0.307825392977409
2.6675,-1.05276569284494
2.668,1.71213562339419
2.6685,-2.18555269271225
2.669,2.46327075081085
2.6695,-2.48206324639134
2.67,2.27556912210368
2.6705,-1.82888559901877
2.671,1.22069282141018
2.6715,-0.474867612851616
2.672,-0.298013788265299
2.6725,1.060932820678
2.673,-1.70166891979406
2.6735,2.19371675506659
2.674,-2.45412155571414
2.6745,2.49088360192794
2.675,-2.267076638509
2.6755,1.83869447883596
2.676,-1.21219727138795
2.6765,0.485665275302867
2.677,0.305853046670828
2.6775,-1.05079334366439
2.678,1.70983455333625
2.6785,-2.18456651603972
2.679,2.46261330198153
2.6795,-2.48239197217519
2.68,2.27655529522464
2.6805,-1.83020050026251
2.681,1.22200771852548
2.6815,-0.477168685145577
2.682,-0.296370165516055
2.6825,1.05928919925412
2.683,-1.70035401888096
2.6835,2.19305930635092
2.684,-2.45412155571414
2.6845,2.49088360192794
2.685,-2.26806281536452
2.6855,1.84033810036726
2.686,-1.21482707095667
2.6865,0.486651448352785
2.687,0.30388070036175
2.6875,-1.04947844421394
2.688,1.70884838045468
2.6885,-2.18423779048269
2.689,2.46195585315253
2.6895,-2.4827206979593
2.69,2.27721274397228
2.6905,-1.83151540150969
2.691,1.22398006419824
2.6915,-0.479141032830915
2.692,-0.294397818220614
2.6925,1.05698812925994
2.693,-1.6993678431983
2.6935,2.19207313327785
2.694,-2.45346410419135
2.6945,2.49154105077093
2.695,-2.26872026660277
2.6955,1.84066682467362
2.696,-1.21647069569277
2.6965,0.489281243150062
2.697,0.302237078435607
2.6975,-1.04750609504314
2.698,1.70753348327963
2.6985,-2.18292288825696
2.699,2.46195585315253
2.6995,-2.48304942374367
2.7,2.27787019272018
2.7005,-1.83250157744735
2.701,1.22562368559202
2.7015,-0.481113380520688
2.702,-0.292425470929153
2.7025,1.05534450783498
2.703,-1.69805294229099
2.7035,2.19108696020532
2.704,-2.45313537843034
2.7045,2.49186977519254
2.705,-2.27003516908221
2.7055,1.84231044620599
2.706,-1.21778559548477
2.7065,0.490924864896513
2.707,0.300264732121937
2.7075,-1.04553374587817
2.708,1.70556113751786
2.7085,-2.18226543714554
2.709,2.46162712873815
2.7095,-2.48403560109835
2.71,2.27819891709423
2.7105,-1.83414520401444
2.711,1.22693858270694
2.7115,-0.482757003598891
2.712,-0.290453123641666
2.7125,1.05337216212445
2.713,-1.69640931616151
2.7135,2.19010078713333
2.714,-2.45313537843034
2.7145,2.49186977519254
2.715,-2.27036389470269
2.7155,1.84329661912584
2.716,-1.21910049527956
2.7165,0.492568486641547
2.717,0.29862111019196
2.7175,-1.0442188464381
2.718,1.70424624034388
2.7185,-2.18160798603508
2.719,2.46129840432385
2.7195,-2.48403560109835
2.72,2.27951381459108
2.7205,-1.83578883058692
2.721,1.22858220410044
2.7215,-0.485058075913561
2.722,-0.288809500905127
2.7225,1.0517285406985
2.723,-1.69509441526164
2.7235,2.18911461406188
2.724,-2.4524779269091
2.7245,2.49186977519254
2.725,-2.27102134594438
2.7255,1.84559768927343
2.726,-1.22140156992714
2.7265,0.494212108385166
2.727,0.295991315100362
2.7275,-1.04257522214166
2.728,1.70293134317032
2.7285,-2.17996435826312
2.729,2.46096967990963
2.7295,-2.48403560109835
2.73,2.27951381459108
2.7305,-1.83644628121743
2.731,1.22989710121513
2.7315,-0.486701698999176
2.732,-0.287165878171341
2.7325,1.0500849192721
2.733,-1.69345078914146
2.7335,2.18845716534788
2.734,-2.45214920114887
2.7345,2.49219849961424
2.735,-2.27200752280876
2.7355,1.84625513788735
2.736,-1.22271646972958
2.7365,0.496513178823862
2.737,0.294347693165838
2.7375,-1.04060287299127
2.738,1.70194517029043
2.7385,-2.17930690715602
2.739,2.46031223108141
2.7395,-2.48436432688376
2.74,2.28049998771441
2.7405,-1.83808990779749
2.741,1.23219817116562
2.7415,-0.488345322087884
2.742,-0.284864806348663
2.7425,1.04877002213065
2.743,-1.69180716302643
2.7435,2.1871422679206
2.744,-2.45149174962918
2.7445,2.49285594845787
2.745,-2.27266497405291
2.7455,1.84789875942279
2.746,-1.22468881943847
2.7465,0.498485524911977
2.747,0.292704071229559
2.7475,-1.03895924870372
2.748,1.70030154882447
2.7485,-2.17832073049717
2.749,2.46064095549548
2.7495,-2.48469305266943
2.75,2.28181488521311
2.7505,-1.83940480906543
2.751,1.23417051683723
2.7515,-0.490317669798421
2.752,-0.282563734531369
2.7525,1.04712640070342
2.753,-1.69016353691657
2.7535,2.18648481920731
2.754,-2.45116302386972
2.7545,2.49285594845787
2.755,-2.27299369967535
2.7555,1.84855620803722
2.756,-1.22567499429527
2.7565,0.500457870998069
2.757,0.291060449291523
2.7575,-1.036986899564
2.758,1.69865792735917
2.7585,-2.17733455384047
2.759,2.45998350666742
2.7595,-2.48436432688376
2.76,2.28247233396286
2.7605,-1.84039098501865
2.761,1.23581413823008
2.7615,-0.491961292893944
2.762,-0.280920111808023
2.7625,1.04482533070452
2.763,-1.68917736125313
2.7635,2.18615609485076
2.764,-2.45050557235159
2.7645,2.4931846728798
2.765,-2.27430860216759
2.7655,1.85085727818887
2.766,-1.22797606896724
2.7665,0.502758941429294
2.767,0.288759378575315
2.7675,-1.03501455043009
2.768,1.6976717544803
2.7685,-2.1766771027372
2.769,2.45965478225351
2.7695,-2.48469305266943
2.77,2.28378723146315
2.7705,-1.84170588629266
2.771,1.23745775962279
2.7715,-0.49360491599257
2.772,-0.278947764543624
2.7725,1.04318170927617
2.773,-1.68786246037142
2.7735,2.18516992178145
2.774,-2.45050557235159
2.7745,2.49351339730182
2.775,-2.27496605341519
2.7755,1.85217217541919
2.776,-1.22929096878364
2.7765,0.504073838817336
2.777,0.28645830785565
2.7775,-1.03369965101071
2.778,1.69635685730884
2.7785,-2.17503347498322
2.779,2.45965478225351
2.7795,-2.48502177845537
2.78,2.28444468021369
2.7805,-1.84269206225043
2.781,1.23910138101537
2.7815,-0.495577263715019
2.782,-0.276975417283167
2.7825,1.04186681213316
2.783,-1.68621883427393
2.7835,2.18385502435655
2.784,-2.45017684659291
2.7845,2.49384212172392
2.785,-2.27595223028843
2.7855,1.85315834834231
2.786,-1.23060586860282
2.7865,0.506374909244262
2.787,0.285143410300001
2.7875,-1.03172730188648
2.788,1.6950419601378
2.7885,-2.17437602388331
2.789,2.45866860901225
2.7895,-2.48502177845537
2.79,2.2851021289645
2.7905,-1.84433568885106
2.791,1.24074500240781
2.7915,-0.497878336063534
2.792,-0.275331794569127
2.7925,1.04022319070396
2.793,-1.68490393339964
2.7935,2.1828688512885
2.794,-2.44951939507632
2.7945,2.4941708461461
2.795,-2.2766096815385
2.7955,1.85447324557366
2.796,-1.23224949338074
2.7965,0.508675979668461
2.797,0.283171063964402
2.7975,-1.02942622791554
2.798,1.69339833867457
2.7985,-2.17338984723523
2.799,2.45866860901225
2.7995,-2.48535050424156
2.8,2.28575957771557
2.8005,-1.84532186481404
2.801,1.24238862380012
2.8015,-0.499521959173351
2.802,-0.273030722774058
2.8025,1.03857956927429
2.803,-1.68326030731141
2.8035,2.18221140257676
2.804,-2.44886194356076
2.8045,2.49449957056836
2.805,-2.27759585841544
2.8055,1.85513069418955
2.806,-1.23356439320622
2.8065,0.509662152706572
2.807,0.28119871762625
2.8075,-1.02778260365541
2.808,1.69175471721199
2.8085,-2.17207494504115
2.809,2.45801116018513
2.8095,-2.48567923002802
2.81,2.28674575084267
2.8105,-1.84663676610105
2.811,1.24403224519229
2.8115,-0.501823031532328
2.812,-0.271387100066567
2.8125,1.03562105069967
2.813,-1.68194540644453
2.8135,2.18056778079844
2.814,-2.44853321780338
2.8145,2.49384212172392
2.815,-2.27825330966796
2.8155,1.85710304003811
2.816,-1.23619419286558
2.8165,0.511634498781297
2.817,0.279226371285539
2.8175,-1.0261389793993
2.818,1.69043982004239
2.8185,-2.17141749394555
2.819,2.45702498694504
2.8195,-2.48567923002802
2.82,2.28707447521851
2.8205,-1.84828039271469
2.821,1.24501841802754
2.8215,-0.503137930025917
2.822,-0.269414752821174
2.8225,1.0343061535549
2.823,-1.68095923079653
2.8235,2.17925288337686
2.824,-2.44820449204624
2.8245,2.4941708461461
2.825,-2.27891076092148
2.8255,1.8580892129629
2.826,-1.23750909269947
2.8265,0.513606844854032
2.827,0.277582749332989
2.8275,-1.02482407999731
2.828,1.68846747428876
2.8285,-2.1707600428509
2.829,2.45702498694504
2.8295,-2.48600795581474
2.83,2.28806064834641
2.8305,-1.84959529400951
2.831,1.2469907636979
2.8315,-0.505110277770046
2.832,-0.267771130119672
2.8325,1.03299125640981
2.833,-1.67964432993541
2.8335,2.17859543466642
2.834,-2.44853321780338
2.8345,2.49449957056836
2.835,-2.2798969378036
2.8355,1.85973283450494
2.836,-1.23882399253615
2.8365,0.515579190924782
2.837,0.275610402987574
2.8375,-1.02285173089914
2.838,1.68781002570442
2.8385,-2.17010259175721
2.839,2.45669626253183
2.8395,-2.48600795581474
2.84,2.28904682147491
2.8405,-1.85091019530781
2.841,1.24863438508973
2.8415,-0.507082625518675
2.842,-0.265798782881458
2.8425,1.03101891069159
2.843,-1.67800070386364
2.8435,2.17793798595622
2.844,-2.4472183147764
2.8445,2.49515701941311
2.845,-2.28055438905958
2.8455,1.86104773173925
2.846,-1.2411250672571
2.8465,0.517551536993553
2.847,0.273309332248006
2.8475,-1.02120810665507
2.848,1.68616640424401
2.8485,-2.1687876895727
2.849,2.4563675381187
2.8495,-2.48633668160171
2.85,2.28937554585121
2.8505,-1.85222509660958
2.851,1.25027800648145
2.8515,-0.508726248645973
2.852,-0.263826435647152
2.8525,1.02937528925921
2.853,-1.67668580300992
2.8535,2.17695181289136
2.854,-2.4468895890203
2.8545,2.49515701941311
2.855,-2.2815405659454
2.8555,1.86137645604792
2.856,-1.24276869206304
2.8565,0.518866434371635
2.857,0.271336985897012
2.8575,-1.01956448241502
2.858,1.68452278278423
2.8585,-2.16747278739201
2.859,2.45571008929268
2.8595,-2.48666540738895
2.86,2.29036171898052
2.8605,-1.85353999791483
2.861,1.25192162787304
2.8615,-0.511027321029451
2.862,-0.26218281295488
2.8625,1.02707421925303
2.863,-1.67504217694738
2.8635,2.17563691547237
2.864,-2.4472183147764
2.8645,2.4948282949907
2.865,-2.28252674283344
2.8655,1.86302007759182
2.866,-1.24441231687338
2.8665,0.520838780437116
2.867,0.270022088328248
2.8675,-1.01759213333224
2.868,1.68320788561686
2.8685,-2.1668153363031
2.869,2.45538136487978
2.8695,-2.48699413317645
2.87,2.29101916773372
2.8705,-1.85452617389605
2.871,1.25356524926453
2.8715,-0.512670944164268
2.872,-0.259553016652876
2.8725,1.02510187353268
2.873,-1.67372727610105
2.8735,2.17465074240875
2.874,-2.44656086326446
2.8745,2.4948282949907
2.875,-2.28285546846328
2.8755,1.86400625051861
2.876,-1.2457272167248
2.8765,0.523139850844359
2.877,0.267721017580144
2.8775,-1.015948509101
2.878,1.68156426415821
2.8785,-2.16582915967152
2.879,2.45472391605422
2.8795,-2.48732285896421
2.88,2.29167661648719
2.8805,-1.85584107520739
2.881,1.25553759493417
2.8815,-0.514972016558284
2.882,-0.258238118504471
2.8825,1.02444442495907
2.883,-1.67274110046846
2.8835,2.17399329369996
2.884,-2.44656086326446
2.8845,2.4958144682582
2.885,-2.2835129197237
2.8855,1.86597859637321
2.886,-1.24769956650722
2.8865,0.524454748218726
2.887,0.265748671221819
2.8875,-1.01397616002879
2.888,1.68057809128332
2.8885,-2.165171708585
2.889,2.45439519164156
2.8895,-2.48699413317645
2.89,2.29266278961789
2.8905,-1.85715597652221
2.891,1.25685249204718
2.8915,-0.516944364329484
2.892,-0.256265771285104
2.8925,1.02214335495079
2.893,-1.67044002399957
2.8935,2.17300712063722
2.894,-2.44557468599849
2.8945,2.49548574383562
2.895,-2.28449909661619
2.8955,1.86663604499171
2.896,-1.2486857414008
2.8965,0.526427094278647
2.897,0.263776324860897
2.8975,-1.01266126065051
2.898,1.67827702124278
2.8985,-2.16385680641483
2.899,2.45373774281647
2.8995,-2.48798031054052
2.9,2.29332023837203
2.9005,-1.85912832850098
2.901,1.25849611343834
2.9015,-0.518587987475609
2.902,-0.254622148605267
2.9025,1.01984228494153
2.903,-1.66945384837313
2.9035,2.17234967192902
2.904,-2.44557468599849
2.9045,2.49548574383562
2.905,-2.28515654787908
2.9055,1.86795094222916
2.906,-1.25164426609105
2.9065,0.528399440336614
2.907,0.261803978497374
2.9075,-1.01134636127479
2.908,1.67729084836863
2.9085,-2.16319935533117
2.909,2.4530802939917
2.9095,-2.48765158475223
2.91,2.29397768712643
2.9105,-1.8601145044933
2.911,1.2601397348294
2.9115,-0.520889059885475
2.912,-0.25264980139302
2.9125,1.01852738779292
2.913,-1.66813894754073
2.9135,2.17070605015954
2.914,-2.44458850873484
2.9145,2.4958144682582
2.915,-2.28614272477527
2.9155,1.86926583946722
2.916,-1.25328789092513
2.9165,0.530371786392633
2.917,0.26016035652578
2.9175,-1.00871656253102
2.918,1.67564722691222
2.9185,-2.16254190424847
2.919,2.4530802939917
2.9195,-2.48798031054052
2.92,2.29496386025854
2.9205,-1.86142940581945
2.921,1.26211208049855
2.9215,-0.522203958408171
2.922,-0.250677454184649
2.9225,1.01688376635671
2.923,-1.66649532150485
2.9235,2.17004860145216
2.924,-2.44425978298081
2.9245,2.4964719171036
2.925,-2.28712890167368
2.9255,1.87058073670587
2.926,-1.25460279079557
2.9265,0.532344132446708
2.927,0.258188010157475
2.9275,-1.00773038800474
2.928,1.67433232974753
2.9285,-2.16122700208593
2.929,2.45275156957943
2.9295,-2.48830903632906
2.93,2.29595003339125
2.9305,-1.86241558181635
2.931,1.2637557018894
2.9315,-0.524505030827748
2.932,-0.248376382446443
2.9325,1.01491142063257
2.933,-1.66518042067982
2.9335,2.16906242839152
2.934,-2.44425978298081
2.9345,2.49680064152643
2.935,-2.28778635294053
2.9355,1.87156690963527
2.936,-1.25591769066883
2.9365,0.534645202840679
2.937,0.256215663786553
2.9375,-1.00542931411566
2.938,1.67334615687427
2.9385,-2.15991209992721
2.939,2.45275156957943
2.9395,-2.48830903632906
2.94,2.29660748214673
2.9405,-1.8637304831486
2.941,1.26539932328016
2.9415,-0.526148653988377
2.942,-0.246404035246455
2.9425,1.01326779919522
2.943,-1.66353679465314
2.9435,2.16840497968472
2.944,-2.44360233147351
2.9445,2.49680064152643
2.945,-2.28811507857432
2.9455,1.87321053118502
2.946,-1.25756131551438
2.9465,0.535960100207481
2.947,0.253914593017167
2.9475,-1.00345696507409
2.948,1.67170253541932
2.9485,-2.15925464884928
2.949,2.45242284516723
2.9495,-2.48830903632906
2.95,2.29792237965848
2.9505,-1.86504538448434
2.951,1.26704294467082
2.9515,-0.528121001785305
2.952,-0.245089137115274
2.9525,1.01195290204496
2.953,-1.66189316863157
2.9535,2.16709008227183
2.954,-2.44327360572025
2.9545,2.49712936594933
2.955,-2.28910125547719
2.9555,1.87485415273571
2.956,-1.25920494036434
2.9565,0.537932446256076
2.957,0.252270971036845
2.9575,-1.00214206571622
2.958,1.6703876382558
2.9585,-2.15859719777231
2.959,2.45143667193112
2.9595,-2.48863776211786
2.96,2.29792237965848
2.9605,-1.86603156048844
2.961,1.26835784178329
2.9615,-0.530093349586789
2.962,-0.243116789921718
2.9625,1.00998055631895
2.963,-1.66057826781799
2.9635,2.16643263356573
2.964,-2.44327360572025
2.9645,2.49712936594933
2.965,-2.289758706747
2.9655,1.87518287704597
2.966,-1.26084856521872
2.9665,0.539576067961768
2.967,0.249969900261327
2.9675,-1.0001697166842
2.968,1.66940146538341
2.9685,-2.15728229562121
2.969,2.45176539634308
2.9695,-2.48863776211786
2.97,2.29923727717132
2.9705,-1.86734646183029
2.971,1.27065891172999
2.9715,-0.531736972758177
2.972,-0.241144442732015
2.9725,1.00800821059217
2.973,-1.65992081741243
2.9735,2.16544646050702
2.974,-2.44294487996725
2.9745,2.49712936594933
2.975,-2.29074488365358
2.9755,1.8771552229083
2.976,-1.26249219007752
2.9765,0.541548414006838
2.977,0.248983727070721
2.9775,-0.998526092495219
2.978,1.66742911963929
2.9785,-2.1566248445471
2.979,2.45110794751923
2.9795,-2.48896648790693
2.98,2.29956600154969
2.9805,-1.86833263783898
2.981,1.27197380884232
2.9815,-0.533380595932735
2.982,-0.23917209554616
2.9825,1.00669331344056
2.983,-1.65794846620064
2.9835,2.16413156309622
2.984,-2.44195870270979
2.9845,2.49745809037232
2.985,-2.29173106056238
2.9855,1.87847012015062
2.986,-1.26446453991392
2.9865,0.543520760049992
2.987,0.246682656290075
2.9875,-0.996553743473683
2.988,1.66644294676755
2.9885,-2.15530994240172
2.989,2.45077922310743
2.9895,-2.48929521369626
2.99,2.30055217468523
2.9905,-1.87030498986224
2.991,1.27394615451071
2.9915,-0.535681668382448
2.992,-0.237528472894216
2.9925,1.00472096771251
2.993,-1.65663356539686
2.9935,2.16314539003873
2.994,-2.44195870270979
2.9945,2.49745809037232
2.995,-2.29205978619914
2.9955,1.87945629308277
2.996,-1.26577943980839
2.9965,0.54516438175116
2.997,0.2447103099038
2.9975,-0.994910119293433
2.998,1.66479932531513
2.9985,-2.15399504026016
2.999,2.45012177428405
2.9995,-2.48929521369626
3,2.30120962344259
3.0005,-1.87161989121546
3.001,1.27493232734487
3.0015,-0.537325291564627
3.002,-0.235556125715403
3.0025,1.00274862198369
3.003,-1.65498993939672
3.0035,2.16215921698176
3.004,-2.44130125120611
3.0045,2.49778681479539
3.005,-2.29337468874866
3.0055,1.88077119032616
3.006,-1.26742306468047
3.0065,0.546808003451004
3.007,0.242737963514877
3.0075,-0.992937770282366
3.008,1.66282697957301
3.0085,-2.15333758919081
3.009,2.44946432546099
3.0095,-2.48962393948584
3.01,2.30186707220022
3.0105,-1.87260606723267
3.011,1.27657594873507
3.0115,-0.53962636402502
3.012,-0.233255054011634
3.0125,1.00110500054241
3.013,-1.65367503860028
3.0135,2.16117304392531
3.014,-2.44130125120611
3.0145,2.49811553921853
3.015,-2.29403214002491
3.0155,1.88175736325912
3.016,-1.26906668955698
3.0165,0.548780349489073
3.017,0.24109434152208
3.0175,-0.991622870944824
3.018,1.66151208241208
3.0185,-2.15235141258856
3.019,2.44880687663823
3.0195,-2.48995266527569
3.02,2.30252452095812
3.0205,-1.87424969393239
3.021,1.27854829440322
3.0215,-0.541269987214836
3.022,-0.231611431369275
3.0225,0.999132654812154
3.023,-1.6523601378071
3.0235,2.1605155952213
3.024,-2.44097252545465
3.0245,2.49778681479539
3.025,-2.29468959130215
3.0255,1.8830722605036
3.026,-1.27071031443792
3.0265,0.551081419864421
3.027,0.238793270729064
3.0275,-0.989650521943261
3.028,1.66019718525152
3.0285,-2.15169396152159
3.029,2.44880687663823
3.0295,-2.4902813910658
3.03,2.30318196971628
3.0305,-1.87523586995485
3.031,1.28019191579328
3.0315,-0.542913610407838
3.032,-0.229310359674434
3.0325,0.997160309081115
3.033,-1.65137396221436
3.0335,2.15920069781397
3.034,-2.43998634820183
3.0345,2.49811553921853
3.035,-2.29567576821987
3.0355,1.8843871577487
3.036,-1.2723539393233
3.0365,0.553053765898384
3.037,0.236820924332165
3.0375,-0.98833562261205
3.038,1.65855356380134
3.0385,-2.1503790593905
3.039,2.44814942781579
3.0395,-2.49061011685617
3.04,2.30383941847472
3.0405,-1.8765507713212
3.041,1.28183553718326
3.0415,-0.544885958243651
3.042,-0.227666737038445
3.0425,0.995516687637977
3.043,-1.64973033623052
3.0435,2.15788580040757
3.044,-2.43965762245141
3.0445,2.49811553921853
3.045,-2.29633321949958
3.0455,1.88537333068293
3.046,-1.27399756421312
3.0465,0.55469738759191
3.047,0.235177302332712
3.0475,-0.986363273619977
3.048,1.65690994235176
3.0485,-2.14972160832638
3.049,2.44782070340468
3.0495,-2.4909388426468
3.05,2.30449686723343
3.0505,-1.87786567269105
3.051,1.28347915857319
3.0515,-0.546858306084061
3.052,-0.226351838931561
3.0525,0.993544341905483
3.053,-1.64841543544711
3.0535,2.15722835170472
3.054,-2.43932889670124
3.0545,2.49877298806507
3.055,-2.29699067078029
3.0555,1.88701695224077
3.056,-1.27596991408677
3.0565,0.556669733622416
3.057,0.232876231530359
3.0575,-0.984719649464262
3.058,1.65592376948228
3.0585,-2.14906415726321
3.059,2.44749197899365
3.0595,-2.49061011685617
3.06,2.30581176475167
3.0605,-1.87885184872074
3.061,1.28545150424102
3.0615,-0.54850192928792
3.062,-0.224050767248589
3.0625,0.992229444750043
3.063,-1.64677180947243
3.0635,2.15657090300209
3.064,-2.43900017095133
3.0645,2.49877298806507
3.065,-2.29764812206199
3.0655,1.88800312517594
3.066,-1.27761353898637
3.0665,0.557984630975042
3.067,0.231232609526447
3.0675,-0.982747300482612
3.068,1.65428014803362
3.0685,-2.14807798067024
3.069,2.4471632545827
3.0695,-2.4909388426468
3.07,2.30679793789105
3.0705,-1.88016675009672
3.071,1.28676640135287
3.0715,-0.550474277136772
3.072,-0.22207842009588
3.0725,0.990257099016213
3.073,-1.64512818350282
3.0735,2.15558472994858
3.074,-2.43867144520168
3.0745,2.49910171248846
3.075,-2.29863429898639
3.0755,1.88997547104733
3.076,-1.27859971392827
3.0765,0.560285701340133
3.077,0.229260263119294
3.0775,-0.980774951506642
3.078,1.65296525087511
3.0785,-2.14676307854961
3.079,2.44683453017182
3.0795,-2.4909388426468
3.08,2.30778411103105
3.0805,-1.88181037682164
3.081,1.28906747129852
3.0815,-0.552117900347672
3.082,-0.220106072946971
3.0825,0.988942201859877
3.083,-1.6434845575383
3.0835,2.15525600559753
3.084,-2.43801399370315
3.0845,2.49943043691193
3.085,-2.29896302462836
3.0855,1.89161909260791
3.086,-1.28057206381686
3.0865,0.56258677170268
3.087,0.22761664111128
3.0875,-0.978802602536345
3.088,1.65165035371697
3.0885,-2.14544817643278
3.089,2.44650580576103
3.0895,-2.4912675684377
3.09,2.30877028417166
3.0905,-1.88246782751314
3.091,1.29071109268821
3.0915,-0.554090248204984
3.092,-0.217805001278042
3.0925,0.986969856124697
3.093,-1.64216965677034
3.0935,2.15426983254471
3.094,-2.43735654220565
3.0945,2.49943043691193
3.095,-2.29994920155574
3.0955,1.89260526554472
3.096,-1.28221568872893
3.0965,0.5645591177257
3.097,0.225973019101399
3.0975,-0.977158978398762
3.098,1.65000673226981
3.0985,-2.14446199984765
3.099,2.44617708135031
3.0995,-2.4909388426468
3.1,2.30909900855199
3.1005,-1.88345400355204
3.101,1.29202598979992
3.1015,-0.555733871422939
3.102,-0.216161378660538
3.1025,0.98532623467809
3.103,-1.64052603081495
3.1035,2.15262621079116
3.104,-2.43702781645728
3.1045,2.49943043691193
3.105,-2.30060665284191
3.1055,1.89359143848189
3.106,-1.28385931364545
3.1065,0.56620273941013
3.107,0.22400067268707
3.1075,-0.975515354265113
3.108,1.64902055940178
3.1085,-2.14380454879208
3.109,2.4455196325291
3.1095,-2.4909388426468
3.11,2.3094277329324
3.1105,-1.88509763028793
3.111,1.29366961118953
3.1115,-0.557377494644106
3.112,-0.214189031523003
3.1125,0.983682613230913
3.113,-1.63888240486463
3.1135,2.15196876209015
3.114,-2.43637036496133
3.1145,2.49943043691193
3.115,-2.30126410412906
3.1155,1.89490633573201
3.116,-1.28583166355116
3.1165,0.567846361093272
3.117,0.22169960186694
3.1175,-0.973871730135395
3.118,1.64770566224473
3.1185,-2.14314709773746
3.119,2.44519090811861
3.1195,-2.49159629422885
3.12,2.31041390607403
3.1205,-1.8860838063321
3.121,1.29498450830119
3.1215,-0.55967856715914
3.122,-0.21221668438925
3.1225,0.981710267493545
3.123,-1.63756750410803
3.1235,2.15098258903905
3.124,-2.43637036496133
3.1245,2.49975916133549
3.125,-2.30192155541721
3.1255,1.89622123298276
3.126,-1.28714656349187
3.1265,0.569818707111346
3.127,0.219727255446756
3.1275,-0.971570656360389
3.128,1.64606204079893
3.1285,-2.14117474457931
3.129,2.44453345929787
3.1295,-2.49159629422885
3.13,2.31107135483545
3.1305,-1.88772743307677
3.131,1.29695685396863
3.1315,-0.56165091503419
3.132,-0.209915612737977
3.1325,0.979737921755348
3.133,-1.63625260335466
3.1335,2.14966769163838
3.134,-2.43637036496133
3.1345,2.49975916133549
3.135,-2.30257900670635
3.1355,1.89753613023414
3.136,-1.28846146343544
3.1365,0.571462328791663
3.137,0.217754909023861
3.1375,-0.970255757063839
3.138,1.64441841935369
3.1385,-2.14084601905378
3.139,2.44420473488762
3.1395,-2.49192502002027
3.14,2.31172880359715
3.1405,-1.88904233447647
3.141,1.29827175108023
3.1415,-0.563623262913879
3.142,-0.208600714653841
3.1425,0.978423024596086
3.143,-1.63460897741752
3.1435,2.14835279423863
3.144,-2.43538418771932
3.1445,2.50008788575912
3.145,-2.30323645799648
3.1455,1.8985223031731
3.146,-1.29010508836892
3.1465,0.573105950470701
3.147,0.216111287002708
3.1475,-0.968612132946682
3.148,1.64277479790901
3.1485,-2.13985984247861
3.149,2.44321856165731
3.1495,-2.49225374581194
3.15,2.31304370112136
3.1505,-1.89035723587969
3.151,1.29991537246969
3.1515,-0.565266886150501
3.152,-0.206628367530775
3.1525,0.976450678856496
3.153,-1.63362280185766
3.1535,2.14736662118941
3.154,-2.4350554619725
3.1545,2.50008788575912
3.155,-2.30455136057973
3.1555,1.89950847611241
3.156,-1.29240616328331
3.1565,0.575078296483863
3.157,0.21381021616992
3.1575,-0.966311059189245
3.158,1.64178862504247
3.1585,-2.13887366590558
3.159,2.44321856165731
3.1595,-2.49159629422885
3.16,2.31271497674021
3.1605,-1.89068596123104
3.161,1.30155899385913
3.1615,-0.567239234038708
3.162,-0.204656020411473
3.1625,0.974478333116063
3.163,-1.63165045074341
3.1635,2.14703789683979
3.164,-2.43439801047964
3.1645,2.50041661018284
3.165,-2.30520881187284
3.1655,1.90082337336539
3.166,-1.29372106323832
3.1665,0.577050642495191
3.167,0.212166594144231
3.1675,-0.964338710260408
3.168,1.63948755502133
3.1685,-2.13788748933468
3.169,2.44288983724737
3.1695,-2.49258247160388
3.17,2.31402987426524
3.1705,-1.89265831334378
3.171,1.30320261524854
3.1715,-0.569211581931568
3.172,-0.202683673295928
3.1725,0.972505987374783
3.173,-1.63066427518901
3.1735,2.14539427509252
3.174,-2.4337405589878
3.1745,2.50041661018284
3.175,-2.30553753751977
3.1755,1.902138270619
3.176,-1.29536468818612
3.1765,0.578694264169901
3.177,0.210194247710901
3.1775,-0.963023810977647
3.178,1.63850138215545
3.1785,-2.13657258724347
3.179,2.44190366401799
3.1795,-2.49225374581194
3.18,2.31435859864667
3.1805,-1.89397321475668
3.181,1.3051749609158
3.1815,-0.570855205179176
3.182,-0.200711326184137
3.1825,0.971519814503823
3.183,-1.62902064926906
3.1835,2.14440810204484
3.184,-2.4337405589878
3.1845,2.50074533460663
3.185,-2.30652371446205
3.1855,1.90378189218692
3.186,-1.29733703812939
3.1865,0.580995334512367
3.187,0.208550625681038
3.1875,-0.961380186877713
3.188,1.63685776071276
3.1885,-2.13525768515605
3.189,2.44157493960835
3.1895,-2.49258247160388
3.19,2.31600222055484
3.1905,-1.89495939081866
3.191,1.30648985802728
3.1915,-0.572498828430021
3.192,-0.199067703593841
3.1925,0.969218744470753
3.193,-1.62737702335417
3.1935,2.14342192899766
3.194,-2.43308310749699
3.1945,2.50107405903051
3.195,-2.30750989140656
3.1955,1.90443934081437
3.196,-1.29898066308704
3.1965,0.582967680518225
3.197,0.206249554836035
3.1975,-0.95940783796295
3.198,1.63521413927063
3.1985,-2.13460023411376
3.199,2.44157493960835
3.1995,-2.49225374581194
3.2,2.31600222055484
3.2005,-1.89627429223773
3.201,1.30813347941663
3.2015,-0.574799900986649
3.202,-0.197095356488917
3.2025,0.96724639872719
3.203,-1.62639084780765
3.2035,2.14276448029983
3.204,-2.43308310749699
3.2045,2.50107405903051
3.205,-2.30816734270415
3.2055,1.9060829623837
3.206,-1.30062428804918
3.2065,0.584611302188388
3.207,0.203948483987298
3.2075,-0.957435489053808
3.208,1.63389924211731
3.2085,-2.1336140575521
3.209,2.44091749078931
3.2095,-2.49291119739608
3.21,2.31698839370056
3.2105,-1.89758919366032
3.211,1.30944837652809
3.2115,-0.577100973549635
3.212,-0.195123009387733
3.2125,0.965274052982762
3.213,-1.62474722190083
3.2135,2.14112085855624
3.214,-2.43242565600721
3.2145,2.50074533460663
3.215,-2.30915351965239
3.2155,1.90674041101172
3.216,-1.30259663800968
3.2165,0.585597475189882
3.217,0.202633586357768
3.2175,-0.956449314601344
3.218,1.63225562067615
3.2185,-2.13295660651217
3.219,2.44026004197057
3.2195,-2.49291119739608
3.22,2.3173171180826
3.2205,-1.89824664437294
3.221,1.31142072219526
3.2215,-0.578415872159914
3.222,-0.193479386806266
3.2225,0.963959155819327
3.223,-1.62310359599905
3.2235,2.1404634098592
3.224,-2.43209693026271
3.2245,2.50107405903051
3.225,-2.30981097095246
3.2255,1.90805530826823
3.226,-1.30358281299235
3.2265,0.588227269858326
3.227,0.200989964319135
3.2275,-0.954476965700624
3.228,1.63126944781171
3.2285,-2.13197042995406
3.229,2.43993131756132
3.2295,-2.49356864898126
3.23,2.31863201561147
3.2305,-1.90054772187405
3.231,1.31273561930671
3.2315,-0.580716944732908
3.232,-0.191835764227389
3.2325,0.961986810073446
3.233,-1.62178869528126
3.2335,2.13947723681407
3.234,-2.43143947877447
3.2345,2.50140278345447
3.235,-2.31013969660287
3.2355,1.90969892983978
3.236,-1.30522643796707
3.2365,0.590199615857557
3.237,0.199017617870249
3.2375,-0.952175891990207
3.238,1.62962582637141
3.2385,-2.13065552787989
3.239,2.43960259315214
3.2395,-2.49356864898126
3.24,2.31961818875884
3.2405,-1.90153389794926
3.241,1.314379240696
3.2415,-0.582360568003237
3.242,-0.189534692621308
3.2425,0.960014464326687
3.243,-1.62047379456669
3.2435,2.13881978811759
3.244,-2.43111075303073
3.2445,2.50107405903051
3.245,-2.31112587355559
3.2455,1.91101382709775
3.246,-1.30687006294628
3.2465,0.59151451318938
3.247,0.196716547009725
3.2475,-0.950203543101634
3.248,1.62798220493165
3.2485,-2.12966935132675
3.249,2.43894514433402
3.2495,-2.49389737477424
3.25,2.32027563752409
3.2505,-1.90252007402646
3.251,1.31602286208529
3.2515,-0.584332915931932
3.252,-0.187562345534413
3.2525,0.958042118579045
3.253,-1.61883016867802
3.2535,2.13750489072532
3.254,-2.43045330154404
3.2545,2.50140278345447
3.255,-2.31211205051055
3.2555,1.91167127572698
3.256,-1.30917113792474
3.2565,0.593486859185621
3.257,0.194415476145434
3.2575,-0.949217368659447
3.258,1.62633858349241
3.2585,-2.12868317477573
3.259,2.43861641992508
3.2595,-2.49356864898126
3.26,2.32027563752409
3.2605,-1.90416370082621
3.261,1.31766648347458
3.2615,-0.586305263865322
3.262,-0.185589998451233
3.2625,0.957055945704892
3.263,-1.6175152679707
3.2635,2.13618999333394
3.264,-2.43045330154404
3.2645,2.50173150787851
3.265,-2.31244077616271
3.2655,1.91298617298593
3.266,-1.31048603791639
3.2665,0.595459205180075
3.267,0.192771854097202
3.2675,-0.94724501977927
3.268,1.62535241062913
3.2685,-2.12769699822684
3.269,2.43795897110742
3.2695,-2.49389737477424
3.27,2.32159053505543
3.2705,-1.90547860226999
3.271,1.31931010486387
3.2715,-0.588277611803412
3.272,-0.183617651371765
3.2725,0.954754875664334
3.273,-1.61620036726661
3.2735,2.13520382029099
3.274,-2.42946712431592
3.2745,2.50173150787851
3.275,-2.3137556787738
3.2755,1.91462979456054
3.276,-1.31180093791093
3.2765,0.597760275504684
3.277,0.191128232047041
3.2775,-0.945272670904683
3.278,1.62403751347838
3.2785,-2.12703954719543
3.279,2.4376302466987
3.2795,-2.49389737477424
3.28,2.32191925943844
3.2805,-1.90646477835514
3.281,1.32095372625316
3.2815,-0.589921235088748
3.282,-0.181316579783735
3.2825,0.953439978497753
3.283,-1.61455674139101
3.2835,2.13454637159598
3.284,-2.42913839857373
3.2845,2.50206023230263
3.285,-2.31342695312065
3.2855,1.91594469182096
3.286,-1.31344456290815
3.2865,0.599075172831946
3.287,0.189484609994949
3.2875,-0.943957771658063
3.288,1.62239389204041
3.2885,-2.12539591962103
3.289,2.43730152229006
3.2895,-2.49422610056749
3.29,2.32290543258787
3.2905,-1.90745095444229
3.291,1.32292607192031
3.2915,-0.591236133719371
3.292,-0.180001681735694
3.2925,0.951138908455275
3.293,-1.61291311552045
3.2935,2.13290274985942
3.294,-2.42848094709012
3.2945,2.50206023230263
3.295,-2.31441313008084
3.2955,1.91693086476671
3.296,-1.31541691291078
3.2965,0.601704967484106
3.297,0.186854814707579
3.2975,-0.941985422792785
3.298,1.62075027060296
3.2985,-2.12473846859292
3.299,2.43664407347302
3.2995,-2.49422610056749
3.3,2.32323415697115
3.3005,-1.90909458125862
3.301,1.32424096903175
3.3015,-0.593537206328001
3.302,-0.178686783689296
3.3025,0.949495286995609
3.303,-1.61192694000052
3.3035,2.13224530116519
3.304,-2.4288096728318
3.3045,2.50238895672683
3.305,-2.31572803269791
3.3055,1.91791703771282
3.306,-1.31706053791793
3.3065,0.603019864809006
3.307,0.185211192650452
3.3075,-0.940341798742647
3.308,1.61910664916604
3.3085,-2.12375229205253
3.309,2.43598662465628
3.3095,-2.49422610056749
3.31,2.3235628813545
3.3105,-1.91008075735107
3.311,1.3255558661432
3.3115,-0.595838278943053
3.312,-0.176056987601424
3.3125,0.947851665535312
3.313,-1.60995458896608
3.3135,2.13158785247118
3.314,-2.42782349560754
3.3145,2.50238895672683
3.315,-2.31539930704327
3.3155,1.91923193497489
3.316,-1.31903288793248
3.3165,0.604992210794888
3.317,0.183238846179338
3.3175,-0.938369449887592
3.318,1.61779175201687
3.3185,-2.12243739000199
3.319,2.43598662465628
3.3195,-2.49422610056749
3.32,2.32520650327229
3.3205,-1.91139565881077
3.321,1.3275282118104
3.3215,-0.597153177583112
3.322,-0.174742089559948
3.3225,0.94620804407438
3.323,-1.60863968828048
3.3235,2.13060167943059
3.324,-2.42749476986663
3.3245,2.50238895672683
3.325,-2.31671420966333
3.3255,1.9208755565534
3.326,-1.32034778794579
3.3265,0.607293281109526
3.327,0.181923948530373
3.3275,-0.936725825845967
3.328,1.61647685486803
3.3285,-2.12177993897813
3.329,2.43565790024803
3.3295,-2.49455482636099
3.33,2.32520650327229
3.3305,-1.91271056027402
3.331,1.32950055747762
3.3315,-0.59912552554714
3.332,-0.172441017991302
3.3325,0.944564422612812
3.333,-1.60666733725809
3.3335,2.12961550639049
3.334,-2.42683731838559
3.3345,2.50304640557548
3.335,-2.31770038663099
3.3355,1.921861729501
3.336,-1.3219914129665
3.3365,0.608608178431105
3.337,0.179294153228703
3.3375,-0.934424752194183
3.338,1.61516195771952
3.3385,-2.12046503693324
3.339,2.43500045143175
3.3395,-2.49455482636099
3.34,2.32619267642379
3.3405,-1.9140254617408
3.341,1.33081545458911
3.3415,-0.601097873515899
3.342,-0.170139946427663
3.3425,0.942592076858086
3.343,-1.6056811617496
3.3435,2.12830060900448
3.344,-2.42617986690557
3.3445,2.50304640557548
3.345,-2.31802911228738
3.3455,1.92317662676505
3.346,-1.32363503799174
3.3465,0.610580524412014
3.347,0.177650531162623
3.3475,-0.932781128161828
3.348,1.61351833628434
3.3485,-2.11947886040205
3.349,2.43434300261578
3.3495,-2.49455482636099
3.35,2.32717884957592
3.3505,-1.91534036321114
3.351,1.33278780025638
3.3515,-0.603070221489395
3.352,-0.168167599377095
3.3525,0.940948455395106
3.353,-1.60403753590613
3.3535,2.12731443596556
3.354,-2.42585114116595
3.3545,2.50337512999992
3.355,-2.31901528925803
3.3555,1.92416279971352
3.356,-1.3252786630215
3.3565,0.612552870391178
3.357,0.175349460266828
3.3575,-0.931137504133331
3.358,1.61220343913656
3.3585,-2.11882140938243
3.359,2.4340142782079
3.3595,-2.49554100374308
3.36,2.32783629834435
3.3605,-1.91632653931622
3.361,1.33377397309003
3.3615,-0.604713844804263
3.362,-0.166195252330194
3.3625,0.939304833931481
3.363,-1.60272263523496
3.3635,2.12665698727322
3.364,-2.42585114116595
3.3645,2.50337512999992
3.365,-2.32000146623093
3.3655,1.92547769697873
3.366,-1.3269222880558
3.3665,0.614196492039151
3.367,0.173377113781663
3.3675,-0.92982260491331
3.368,1.6102310934155
3.3685,-2.11783523285478
3.369,2.43368555380011
3.3695,-2.49488355215476
3.37,2.32849374711305
3.3705,-1.91797016616245
3.371,1.33541759447946
3.3715,-0.606686192786456
3.372,-0.164880354300963
3.3725,0.937003763881316
3.373,-1.6010790094005
3.3735,2.12501336554334
3.374,-2.42486496394862
3.3745,2.50337512999992
3.375,-2.32065891754745
3.3755,1.92712131856118
3.376,-1.32889463810294
3.3765,0.616168838015128
3.377,0.172062216123317
3.3775,-0.9278502560879
3.378,1.60891619626853
3.3785,-2.11684905632924
3.379,2.43302810498475
3.3795,-2.49554100374308
3.38,2.32947992026663
3.3805,-1.91928506764343
3.381,1.33771866442472
3.3815,-0.608658540773399
3.382,-0.162908007260165
3.3825,0.935360142416129
3.383,-1.59943538357104
3.3835,2.12435591685178
3.384,-2.42453623821002
3.3845,2.50370385442445
3.385,-2.32131636886496
3.3855,1.92810749151116
3.386,-1.33020953813799
3.3865,0.617812459660452
3.387,0.170089869633441
3.3875,-0.925877907268033
3.388,1.60760129912187
3.3885,-2.1161916053134
3.389,2.4323706561697
3.3895,-2.49521227794879
3.39,2.3298086446513
3.3905,-1.9202712437565
3.391,1.33870483725843
3.3915,-0.610302164099483
3.392,-0.160935660223021
3.3925,0.93338779665704
3.393,-1.59844920807577
3.3935,2.12304101946932
3.394,-2.42453623821002
3.3945,2.50337512999992
3.395,-2.32230254584309
3.3955,1.92909366446151
3.396,-1.33218188819602
3.3965,0.619456081304576
3.397,0.167788798725005
3.3975,-0.924563008057866
3.398,1.60562895340249
3.3985,-2.1145479777779
3.399,2.43204193176228
3.3995,-2.49554100374308
3.4,2.33013736903603
3.4005,-1.92158614524369
3.401,1.34001973437005
3.4015,-0.612274512095148
3.402,-0.159292037694857
3.4025,0.931415450897002
3.403,-1.59680558225432
3.4035,2.12172612208774
3.404,-2.42355006099577
3.4045,2.50337512999992
3.405,-2.32328872282348
3.4055,1.93007983741223
3.406,-1.33349678823834
3.4065,0.621428427275945
3.407,0.165487727812706
3.4075,-0.922590659247227
3.408,1.60464278054306
3.4085,-2.11389052676535
3.409,2.43204193176228
3.4095,-2.49619845533244
3.41,2.33112354219065
3.4105,-1.92257232136142
3.411,1.3413346314817
3.4115,-0.614246860095576
3.412,-0.157319690664402
3.4125,0.929771829429576
3.413,-1.59549068160075
3.4135,2.12073994905213
3.414,-2.42289260952089
3.4145,2.50370385442445
3.415,-2.3236174484841
3.4155,1.93172345899762
3.416,-1.33514041329533
3.4165,0.62307204891744
3.417,0.164172830146797
3.4175,-0.920947035242587
3.418,1.60267043482474
3.4185,-2.1122468992381
3.419,2.43039830972637
3.4195,-2.49619845533244
3.42,2.33178099096075
3.4205,-1.92355849748115
3.421,1.34363570142715
3.4215,-0.615561758765178
3.422,-0.155018619133473
3.4225,0.928128207961485
3.423,-1.59417578095038
3.4235,2.1194250516721
3.424,-2.42289260952089
3.4245,2.50403257884906
3.425,-2.32427489980611
3.4255,1.93270963194936
3.426,-1.33678403835687
3.4265,0.625373119213532
3.427,0.162529208062631
3.4275,-0.918974686442083
3.428,1.60168426196584
3.4285,-2.11191817373335
3.429,2.4307270341334
3.4295,-2.49619845533244
3.43,2.3321097153459
3.4305,-1.92520212435181
3.431,1.34560804709475
3.4315,-0.617534106773558
3.432,-0.15337499661441
3.4325,0.926155862198893
3.433,-1.5928608803032
3.4335,2.11909632732723
3.434,-2.42256388378383
3.4345,2.50403257884906
3.435,-2.32526107679099
3.4355,1.93369580490147
3.436,-1.33809893840938
3.4365,0.62734546517976
3.437,0.160556861559018
3.4375,-0.917002337647101
3.438,1.60036936482092
3.4385,-2.11060327171672
3.439,2.43006958531941
3.4395,-2.49619845533244
3.44,2.3334246128872
3.4405,-1.92618830047687
3.441,1.34692294420652
3.4415,-0.619506454786715
3.442,-0.151073925091959
3.4425,0.924512240729329
3.443,-1.59121725449873
3.4435,2.11811015429294
3.444,-2.42190643231049
3.4445,2.50403257884906
3.445,-2.32558980245311
3.4455,1.93533942648918
3.446,-1.33974256347911
3.4465,0.628989086816981
3.447,0.158584515052548
3.4475,-0.915029988857635
3.448,1.59839701910412
3.4485,-2.10928836970385
3.449,2.42941213650574
3.4495,-2.49619845533244
3.45,2.33408206165827
3.4505,-1.92750320198007
3.451,1.34856656559628
3.4515,-0.620821353464809
3.452,-0.149759027081345
3.4525,0.922868619259091
3.453,-1.58924490353993
3.4535,2.11679525691466
3.454,-2.4209202551024
3.4545,2.50436130327375
3.455,-2.32591852811549
3.4555,1.9366543237601
3.456,-1.3413861885534
3.4565,0.630961432780088
3.457,0.156612168543217
3.4575,-0.91371508966772
3.458,1.59675339767398
3.4585,-2.10863091869882
3.459,2.42941213650574
3.4595,-2.49586972953763
3.46,2.33473951042962
3.4605,-1.92881810348683
3.461,1.35021018698609
3.4615,-0.6237798754983
3.462,-0.147457955566645
3.4625,0.921224997788176
3.463,-1.58825872806323
3.4635,2.11580908388153
3.464,-2.4209202551024
3.4645,2.50436130327375
3.465,-2.32723343076749
3.4655,1.93796922103171
3.466,-1.34270108861611
3.4665,0.633262503068238
3.467,0.154311097612042
3.4675,-0.911742740887437
3.468,1.59576722481612
3.4685,-2.10731601669159
3.469,2.42875468769236
3.4695,-2.49619845533244
3.47,2.33506823481539
3.4705,-1.93013300499715
3.471,1.35152508409798
3.4715,-0.625094774183312
3.472,-0.145485608557964
3.4725,0.918923927727752
3.473,-1.5862863771152
3.4735,2.11482291084889
3.474,-2.42059152936688
3.4745,2.50403257884906
3.475,-2.32789088209499
3.4755,1.93895539398586
3.476,-1.34467343871565
3.4765,0.634906124701222
3.477,0.152338751096495
3.4775,-0.910099116908072
3.478,1.59412360338675
3.4785,-2.10665856568939
3.479,2.42776851447287
3.4795,-2.49619845533244
3.48,2.33605440797315
3.4805,-1.93144790651104
3.481,1.35349742976588
3.4815,-0.627067122214826
3.482,-0.143841986053488
3.4825,0.917280306255201
3.483,-1.58497147648716
3.4835,2.1135080134728
3.484,-2.42026280363162
3.4845,2.50436130327375
3.485,-2.32887705908811
3.4855,1.93994156694039
3.486,-1.34664578882176
3.4865,0.636221022006766
3.487,0.150695128998008
3.4875,-0.908455492932527
3.488,1.59247998195785
3.4885,-2.10534366368779
3.489,2.42776851447287
3.4895,-2.49685590692286
3.49,2.33638313235921
3.4905,-1.93243408264879
3.491,1.35481232687786
3.4915,-0.629039470251141
3.492,-0.141540914551432
3.4925,0.915307960487234
3.493,-1.58365657586231
3.4935,2.11252184044131
3.494,-2.41927662642737
3.4945,2.50469002769852
3.495,-2.32887705908811
3.4955,1.94158518853214
3.496,-1.34796068889616
3.4965,0.638193367963682
3.497,0.149051506897521
3.4975,-0.906483144166909
3.498,1.59116508481506
3.4985,-2.10435748718906
3.499,2.42711106566026
3.4995,-2.49652718112752
3.5,2.3373693055178
3.5005,-1.93342025878855
3.501,1.35678467254592
3.5015,-0.630683093618408
3.502,-0.139897292052965
3.5025,0.913664339013169
3.503,-1.58234167524064
3.5035,2.11186439175392
3.504,-2.41927662642737
3.5045,2.50436130327375
3.505,-2.32986323608349
3.5055,1.9425713614877
3.506,-1.34927558897348
3.5065,0.639836989593163
3.507,0.146421711532574
3.5075,-0.904182070613961
3.508,1.59017891195818
3.5085,-2.10337131069244
3.509,2.42678234125407
3.5095,-2.49751335851431
3.51,2.33802675429054
3.5105,-1.93473516031135
3.511,1.35842829393603
3.5115,-0.632984166338194
3.512,-0.137924945058102
3.5125,0.911691993243377
3.513,-1.58069804946802
3.5135,2.11054949437979
3.514,-2.41861917495915
3.5145,2.50469002769852
3.515,-2.33084941308111
3.5155,1.94355753444364
3.516,-1.35091921407425
3.5165,0.641809335547006
3.517,0.145106813848173
3.5175,-0.9028671714442
3.518,1.58787784195942
3.5185,-2.10205640870023
3.519,2.42612489244191
3.5195,-2.49718463271845
3.52,2.33934165183687
3.5205,-1.93637878721987
3.521,1.36007191532622
3.5215,-0.634627789713481
3.522,-0.135952598066833
3.5225,0.910048371767785
3.523,-1.57905442370038
3.5235,2.10923459700654
3.524,-2.41796172349196
3.5245,2.50436130327375
3.525,-2.33183559008099
3.5255,1.94487243171884
3.526,-1.35256283917959
3.5265,0.643452957173935
3.527,0.142805742897376
3.5275,-0.901552272276875
3.528,1.58689166910309
3.5285,-2.10107023220853
3.529,2.42579616803594
3.5295,-2.49751335851431
3.53,2.33967037622363
3.5305,-1.9376936887507
3.531,1.36138681243842
3.5315,-0.636271413092116
3.532,-0.13430897557685
3.5325,0.908076025996152
3.533,-1.57773952308984
3.5335,2.10824842397716
3.534,-2.41730427202579
3.5345,2.50469002769852
3.535,-2.33249304141549
3.5355,1.94618732899472
3.536,-1.3542064642895
3.5365,0.645425303124724
3.537,0.141162120787247
3.5375,-0.899579923530452
3.538,1.58524804767624
3.5385,-2.10008405571895
3.539,2.42480999481851
3.5395,-2.49751335851431
3.54,2.33999910061045
3.5405,-1.93867986490117
3.541,1.36303043382874
3.5415,-0.638572485827832
3.542,-0.132665353089356
3.5425,0.906761128814501
3.543,-1.57642462248247
3.5435,2.10693352660543
3.544,-2.41664682056064
3.5445,2.50501875212337
3.545,-2.333150492751
3.5455,1.94750222627129
3.546,-1.35617881442745
3.5465,0.647397649073853
3.547,0.13918977425243
3.5475,-0.897278849999877
3.548,1.58360442624985
3.5485,-2.09942660472706
3.549,2.42448127041285
3.5495,-2.49784208431043
3.55,2.34098527377136
3.5505,-1.94032349182308
3.551,1.36467405521914
3.5515,-0.64021610921451
3.552,-0.130693006107645
3.5525,0.90478878304118
3.553,-1.57478099672773
3.5535,2.10660480226263
3.554,-2.41631809482846
3.5545,2.5053474765483
3.555,-2.33413666975613
3.5555,1.94848839922917
3.556,-1.358151164572
3.5565,0.649369995021327
3.557,0.137217427714703
3.5575,-0.895635226054023
3.558,1.58228952910906
3.5585,-2.09778297725145
3.559,2.42415254600726
3.5595,-2.49751335851431
3.56,2.34164272254564
3.5605,-1.9413096679789
3.561,1.36631767660962
3.5615,-0.642188457282954
3.562,-0.128391934633501
3.5625,0.903145161562634
3.563,-1.57313737097795
3.5635,2.10561862923455
3.564,-2.41566064336485
3.5645,2.50469002769852
3.565,-2.33413666975613
3.5655,1.95013202082651
3.566,-1.35913733964675
3.5665,0.651342340967152
3.567,0.135245081174063
3.5675,-0.894320326900072
3.568,1.58064590768349
3.5685,-2.09712552626285
3.569,2.42382382160175
3.5695,-2.49751335851431
3.57,2.3426288957076
3.5705,-1.94262456952314
3.571,1.36829002227831
3.5715,-0.64383208067702
3.572,-0.126419587659531
3.5725,0.90117281578744
3.573,-1.57149374523313
3.5735,2.10463245620697
3.574,-2.41533191763343
3.5745,2.50567620097332
3.575,-2.33413666975613
3.5755,1.95111819378543
3.576,-1.36045223974898
3.5765,0.653643411235202
3.577,0.133601459054633
3.5775,-0.891690528599449
3.578,1.57933101054336
3.5785,-2.09613934978169
3.579,2.42349509719632
3.5795,-2.49751335851431
3.58,2.34295762009506
3.5805,-1.94328202029659
3.581,1.36960491939083
3.5815,-0.645475704074449
3.582,-0.124775965183945
3.5825,0.899857918603407
3.583,-1.56985011949326
3.5835,2.10331755883761
3.584,-2.41500319190226
3.5845,2.5053474765483
3.585,-2.33545157243315
3.5855,1.9527618153845
3.586,-1.36209586488091
3.5865,0.654958308530229
3.587,0.131957836933174
3.5875,-0.889718179880345
3.588,1.57768738911859
3.5885,-2.0948244478101
3.589,2.42283764838568
3.5895,-2.49784208431043
3.59,2.34361506887018
3.5905,-1.94426819645845
3.591,1.37157726505973
3.5915,-0.647448052155805
3.592,-0.122474893722279
3.5925,0.897556848530245
3.593,-1.56853521890492
3.5935,2.10233138581115
3.594,-2.41401701471031
3.5945,2.50633364982359
3.595,-2.33578029810303
3.5955,1.95374798834447
3.596,-1.36373949001744
3.5965,0.657259378794777
3.597,0.130314214809681
3.5975,-0.888403280737303
3.598,1.5763724919791
3.5985,-2.09350954584226
3.599,2.42218019957535
3.5995,-2.49751335851431
3.6,2.3446012420334
3.6005,-1.94558309801074
3.601,1.37256343789422
3.6015,-0.649420400242013
3.602,-0.120173822265452
3.6025,0.895913227048551
3.603,-1.56722031831975
3.6035,2.10134521278518
3.604,-2.41401701471031
3.6045,2.50567620097332
3.605,-2.33643774944354
3.6055,1.95506288562503
3.606,-1.36538311515855
3.6065,0.658574276087807
3.607,0.127684419407859
3.6075,-0.887088381596681
3.608,1.57538631912467
3.6085,-2.09252336936883
3.609,2.42185147517029
3.6095,-2.49784208431043
3.61,2.34558741519726
3.6105,-1.94722672495612
3.611,1.37420705928513
3.6115,-0.651392748333077
3.612,-0.118530199799249
3.6125,0.894269605566134
3.613,-1.56557669259275
3.6135,2.10068776410147
3.614,-2.41303083752066
3.6145,2.50567620097332
3.615,-2.33676647511418
3.6155,1.95604905858591
3.616,-1.36735546533397
3.6165,0.660875346348871
3.617,0.126040797279069
3.6175,-0.884787308106414
3.618,1.57341397341629
3.6185,-2.09120846740753
3.619,2.42119402636041
3.6195,-2.49849953590346
3.62,2.34558741519726
3.6205,-1.94821290112604
3.621,1.37617940495434
3.6215,-0.652707647063153
3.622,-0.116557852843054
3.6225,0.892625984082991
3.623,-1.56360434172686
3.6235,2.09871541805163
3.624,-2.41303083752066
3.6245,2.50567620097332
3.625,-2.33808137779921
3.6255,1.9573639558677
3.626,-1.36899909048521
3.6265,0.662518967962565
3.627,0.124397175148235
3.6275,-0.88281495940636
3.628,1.57177035199312
3.6285,-2.09055101642828
3.629,2.42086530195559
3.6295,-2.49849953590346
3.63,2.34657358836175
3.6305,-1.94919907729798
3.631,1.37749430206723
3.6315,-0.65467999516232
3.632,-0.114914230382263
3.6325,0.89098236259912
3.633,-1.56228944115355
3.6335,2.09805796936877
3.634,-2.4120446603333
3.6345,2.50633364982359
3.635,-2.33873882914323
3.6355,1.95802140450886
3.636,-1.37031399060952
3.6365,0.664491313897516
3.637,0.122424828588535
3.6375,-0.881171335493799
3.638,1.57045545485489
3.6385,-2.08956483996116
3.639,2.42053657755084
3.6395,-2.49784208431043
3.64,2.34723103713843
3.6405,-1.95018525347193
3.641,1.37979537201494
3.6415,-0.656652343266356
3.642,-0.112941883432555
3.6425,0.889010016817508
3.643,-1.56097454058341
3.6435,2.09740052068614
3.644,-2.4117159346047
3.6445,2.50633364982359
3.645,-2.33939628048826
3.6455,1.95966502611253
3.646,-1.37228634080151
3.6465,0.666463659830855
3.647,0.120452482025884
3.6475,-0.878870262022544
3.648,1.56914055771695
3.6485,-2.08857866349615
3.649,2.41987912874156
3.6495,-2.49882826170037
3.65,2.34755976152687
3.6505,-1.95182888043299
3.651,1.38045282057147
3.6515,-0.658624691375267
3.652,-0.111298260977163
3.6525,0.887037671034839
3.653,-1.55998836515787
3.6535,2.0960856233215
3.654,-2.41138720887635
3.6545,2.50600492539841
3.655,-2.34005373183428
3.6555,1.96097992339625
3.656,-1.3736012409332
3.6565,0.667778557118853
3.657,0.117822686604418
3.6575,-0.877555362899428
3.658,1.56716821201054
3.6585,-2.08759248703323
3.659,2.41856423112392
3.6595,-2.49849953590346
3.66,2.34854593469263
3.6605,-1.95281505661232
3.661,1.38242516624116
3.6615,-0.65993959011725
3.662,-0.109325914033926
3.6625,0.884736600953713
3.663,-1.55834473945259
3.6635,2.09509945029858
3.664,-2.41072975742042
3.6645,2.50633364982359
3.665,-2.34071118318131
3.6655,1.9619660963595
3.666,-1.37491614106784
3.6665,0.669750903049515
3.667,0.116507788891712
3.6675,-0.876240463778719
3.668,1.56552459058901
3.6685,-2.08660631057242
3.669,2.41856423112392
3.6695,-2.49915698749753
3.67,2.34920338347016
3.6705,-1.95380123279367
3.671,1.38374006335437
3.6715,-0.661911938234294
3.672,-0.107353567094212
3.6725,0.883421703763846
3.673,-1.55637238861276
3.6735,2.09378455293544
3.674,-2.41007230596551
3.6745,2.50666237424885
3.675,-2.34169736020374
3.6755,1.96295226932316
3.676,-1.37655976624029
3.6765,0.671394524657178
3.677,0.11453544232018
3.6775,-0.874268115102169
3.678,1.56420969345209
3.6785,-2.08562013411371
3.679,2.41823550671969
3.6795,-2.49882826170037
3.68,2.35018955663698
3.6805,-1.95511613437194
3.681,1.38636985758102
3.6815,-0.663884286356225
3.682,-0.105381220158015
3.6825,0.881449357978152
3.683,-1.5553862131955
3.6835,2.09279837991364
3.684,-2.40974358023844
3.6845,2.50699109867419
3.685,-2.34235481155328
3.6855,1.96459589093013
3.686,-1.37820339141736
3.6865,0.673695594906045
3.687,0.112234371316306
3.6875,-0.87229576643103
3.688,1.56289479631544
3.6885,-2.0846339576571
3.689,2.41757805791147
3.6895,-2.49882826170037
3.69,2.35051828102606
3.6905,-1.9564310359538
3.691,1.38735603041609
3.6915,-0.665856634483047
3.692,-0.103080148736892
3.6925,0.87914828789348
3.693,-1.55341386236631
3.6935,2.09181220689232
3.694,-2.40908612878506
3.6945,2.50666237424885
3.695,-2.34301226290382
3.6955,1.96591078821651
3.696,-1.38017574163594
3.6965,0.675339216511054
3.697,0.110590749168202
3.6975,-0.870652142542544
3.698,1.56157989917906
3.6985,-2.08331905571822
3.699,2.41757805791147
3.6995,-2.49849953590346
3.7,2.35150445419373
3.7005,-1.95807466293618
3.701,1.38932837608636
3.7015,-0.667828982614766
3.702,-0.101436526296156
3.7025,0.878490839297589
3.703,-1.55209896181746
3.7035,2.09082603387148
3.704,-2.40908612878506
3.7045,2.50633364982359
3.705,-2.34334098857947
3.7055,1.96689696118176
3.706,-1.38149064178536
3.7065,0.677311562435611
3.707,0.108618402587745
3.7075,-0.868679793881313
3.708,1.55960755347499
3.7085,-2.08200415378307
3.709,2.41692060910356
3.7095,-2.49915698749753
3.71,2.35216190297253
3.7105,-1.9587321137307
3.711,1.39064327319997
3.7115,-0.669472606061608
3.712,-0.0991354548832116
3.7125,0.876847217807335
3.713,-1.55111278640788
3.7135,2.08983986085111
3.714,-2.40809995160691
3.7145,2.50666237424885
3.715,-2.34399843993152
3.7155,1.9685405827914
3.716,-1.38313426697631
3.7165,0.679283908358587
3.717,0.106974780435085
3.7175,-0.86637872045003
3.718,1.55862138062318
3.7185,-2.08101797733416
3.719,2.41593443589225
3.7195,-2.49882826170037
3.72,2.35281935175161
3.7205,-1.96037574072094
3.721,1.39228689459209
3.7215,-0.671444954202316
3.722,-0.098149281421979
3.7225,0.874874872018032
3.723,-1.54946916072919
3.7235,2.08885368783122
3.724,-2.40777122588138
3.7245,2.50699109867419
3.725,-2.34498461696148
3.7255,1.96919803143556
3.726,-1.38510661721155
3.7265,0.681256254279987
3.727,0.105002433849153
3.7275,-0.865063821349736
3.728,1.55697775920383
3.7285,-2.08036052636938
3.729,2.41593443589225
3.7295,-2.49948571329496
3.73,2.35314807614126
3.7305,-1.96169064231718
3.731,1.39360179170588
3.7315,-0.673417302347935
3.732,-0.0955194855296286
3.7325,0.872902526227636
3.733,-1.54716808478728
3.7335,2.08753879047211
3.734,-2.40744250015609
3.7345,2.50731982309962
3.735,-2.34531334263864
3.7355,1.97051292872444
3.736,-1.38642151737209
3.7365,0.683228600199816
3.737,0.102701362828449
3.7375,-0.862762747929982
3.738,1.55500541350115
3.7385,-2.07904562444262
3.739,2.41461953827822
3.7395,-2.49915698749753
3.74,2.35347680053098
3.7405,-1.96234809311665
3.741,1.39524541309824
3.7415,-0.675718375190702
3.742,-0.0935471386144365
3.7425,0.870930180436142
3.743,-1.54585318425337
3.7435,2.08655261745333
3.744,-2.40678504870629
3.7445,2.50633364982359
3.745,-2.3459707939937
3.7455,1.97117037736914
3.746,-1.38806514257693
3.7465,0.684872221798478
3.747,0.101057740668304
3.7475,-0.861447848836269
3.748,1.55434796493372
3.7485,-2.07805944799999
3.749,2.41494826268162
3.7495,-2.49948571329496
3.75,2.35512042248065
3.7505,-1.96399172011926
3.751,1.39721775876925
3.7515,-0.677033273961005
3.752,-0.091574791702728
3.7525,0.869286558942388
3.753,-1.5445382837226
3.7535,2.08589516877441
3.754,-2.40645632298178
3.7545,2.50699109867419
3.755,-2.34662824534977
3.7555,1.97314272330433
3.756,-1.38970876778641
3.7565,0.686515843396054
3.757,0.0994141185060734
3.7575,-0.85980422497249
3.758,1.55237561923182
3.7585,-2.07674454607975
3.759,2.41429081387491
3.7595,-2.49981443909265
3.76,2.35512042248065
3.7605,-1.96464917092188
3.761,1.39853265588336
3.7615,-0.679005622120562
3.762,-0.089931169278962
3.7625,0.867314213148869
3.763,-1.54322338319497
3.7635,2.08458027141719
3.764,-2.40547014580976
3.7645,2.50731982309962
3.765,-2.34761442238575
3.7655,1.97380017194975
3.766,-1.39102366795733
3.7665,0.688488189311717
3.767,0.0971130474754414
3.7675,-0.857831876340883
3.768,1.55138944638108
3.7685,-2.07542964416324
3.769,2.41363336506849
3.7695,-2.49882826170037
3.77,2.3561065956513
3.7705,-1.96563534712749
3.771,1.40050500155469
3.7715,-0.680649245590624
3.772,-0.0879588223736276
3.7725,0.865341867354238
3.773,-1.54157975753984
3.7735,2.08359409839984
3.774,-2.40514142008627
3.7745,2.50764854752512
3.775,-2.34827187374433
3.7755,1.9754437935641
3.776,-1.39299601821929
3.7765,0.690460535225828
3.777,0.0954694253081939
3.7775,-0.856188252485312
3.778,1.54941710068005
3.7785,-2.07411474225045
3.779,2.4133046406654
3.7795,-2.49915698749753
3.78,2.35643532004166
3.7805,-1.96727897414135
3.781,1.40181989866903
3.7815,-0.682950318454468
3.782,-0.0856577509884561
3.7825,0.863698245857859
3.783,-1.53960740676016
3.7835,2.08162175236654
3.784,-2.40382651719484
3.7845,2.50699109867419
3.785,-2.348600599424
3.7855,1.97610124221015
3.786,-1.39431091839765
3.7865,0.69243288113839
3.787,0.0931683542705267
3.7875,-0.853887179093774
3.788,1.54810220354634
3.7885,-2.07378601677283
3.789,2.41297591626238
3.7895,-2.49948571329496
3.79,2.35709276882259
3.7905,-1.96892260116085
3.791,1.40313479578346
3.7915,-0.684265217236825
3.792,-0.0843428530561899
3.7925,0.862054624360702
3.793,-1.53862123137296
3.7935,2.08129302802784
3.794,-2.40382651719484
3.7945,2.50764854752512
3.795,-2.34925805078409
3.7955,1.9774161395028
3.796,-1.39562581857898
3.7965,0.693747778412573
3.797,0.0911960076635376
3.7975,-0.852572280016171
3.798,1.54645858212956
3.7985,-2.07247111486469
3.799,2.41231846745657
3.7995,-2.49948571329496
3.8,2.35775021760381
3.8005,-1.96990877737525
3.801,1.40510714145528
3.8015,-0.686566290111235
3.802,-0.0820417816784245
3.8025,0.860082278563082
3.803,-1.53730633085945
3.8035,2.08030685501205
3.804,-2.40349779147262
3.8045,2.50731982309962
3.805,-2.34991550214519
3.8055,1.97905976111963
3.806,-1.39726944380983
3.8065,0.695720124322566
3.807,0.0895523854887342
3.8075,-0.850599931404231
3.808,1.54481496071318
3.8085,-2.07181366391202
3.809,2.41133229424842
3.8095,-2.49948571329496
3.81,2.35873639077617
3.8105,-1.97089495359168
3.811,1.40642203856994
3.8115,-0.687881188899635
3.812,-0.0803981592686147
3.8125,0.858438657064203
3.813,-1.53566270522195
3.8135,2.07932068199674
3.814,-2.40284034002895
3.8145,2.50764854752512
3.815,-2.35090167918872
3.8155,1.97971720976668
3.816,-1.39891306904534
3.8165,0.69802119454895
3.817,0.0875800388761907
3.8175,-0.848627582797643
3.818,1.54350006358035
3.8185,-2.07049876200945
3.819,2.41100356984585
3.8195,-2.49981443909265
3.82,2.35972256394918
3.8205,-1.97155240440376
3.821,1.40806565996341
3.8215,-0.689853537086362
3.822,-0.0784258123800064
3.8225,0.856466311264508
3.823,-1.53434780471548
3.8235,2.07800578464372
3.824,-2.4021828885863
3.8245,2.50797727195071
3.825,-2.35123040487039
3.8255,1.98070338273759
3.826,-1.4005566942855
3.8265,0.699664816137949
3.827,0.0852789678243851
3.8275,-0.846983958962906
3.828,1.54218516644777
3.8285,-2.06918386011061
3.829,2.4100173966386
3.8295,-2.49981443909265
3.83,2.35972256394918
3.8305,-1.9731960314379
3.831,1.40970928135704
3.8315,-0.691825885278044
3.832,-0.0767821899754657
3.8325,0.854493965463675
3.833,-1.53270417908679
3.8335,2.07669088729153
3.834,-2.4021828885863
3.8345,2.50731982309962
3.835,-2.35188785623451
3.8355,1.98234700435669
3.836,-1.40318649467946
3.8365,0.700979713408385
3.837,0.0833066212052562
3.8375,-0.845669059897788
3.838,1.5405415450324
3.8385,-2.06819768368891
3.839,2.40968867223634
3.8395,-2.50014316489061
3.84,2.36038001273154
3.8405,-1.97483965847769
3.841,1.41102417847205
3.8415,-0.69412695817461
3.842,-0.0748098430931721
3.8425,0.852521619661699
3.843,-1.53138927858736
3.8435,2.07570471427794
3.844,-2.40152543714466
3.8445,2.50797727195071
3.845,-2.35287403328257
3.8455,1.9833331773287
3.846,-1.40417266983027
3.8465,0.702952059312772
3.847,0.0816629990203214
3.8475,-0.843367986539541
3.848,1.53922664790037
3.8485,-2.06754023274228
3.849,2.40935994783414
3.8495,-2.50047189068882
3.85,2.36136618590561
3.8505,-1.97582583470428
3.851,1.41299652414476
3.8515,-0.695441856975682
3.852,-0.0731662206938867
3.8525,0.850877998159175
3.853,-1.52974565296746
3.8535,2.07471854126481
3.854,-2.40086798570405
3.8545,2.50797727195071
3.855,-2.35386021033289
3.8555,1.98464807462535
3.856,-1.40548757003396
3.8565,0.704924405215641
3.857,0.0796906523956024
3.8575,-0.841724362716668
3.858,1.53725430220278
3.8585,-2.06589660537975
3.859,2.40903122343203
3.8595,-2.49981443909265
3.86,2.36169491029712
3.8605,-1.97681201093289
3.861,1.41431142126003
3.8615,-0.697742929882873
3.862,-0.0705364248599882
3.8625,0.849234376655851
3.863,-1.52777330223003
3.8635,2.07373236825216
3.864,-2.40021053426446
3.8645,2.50797727195071
3.865,-2.35418893601683
3.8655,1.98563424759831
3.866,-1.40713119529278
3.8665,0.706896751116997
3.867,0.0777183057678274
3.8675,-0.839752014134106
3.868,1.53561068078854
3.8685,-2.06491042896502
3.869,2.40837377462801
3.8695,-2.49981443909265
3.87,2.36235235908034
3.8705,-1.9774694617531
3.871,1.41628376693314
3.8715,-0.699386553392156
3.872,-0.0688928024668961
3.8725,0.847590755151723
3.873,-1.52645840174231
3.8735,2.07274619523996
3.874,-2.39988180854505
3.8745,2.50797727195071
3.875,-2.35451766170103
3.8755,1.98727786922084
3.876,-1.40811737045031
3.8765,0.709197821333341
3.877,0.0757459591369915
3.8775,-0.837779665556871
3.878,1.53429578365742
3.8785,-2.06392425255237
3.879,2.4077163258243
3.8795,-2.50014316489061
3.88,2.36300980786384
3.8805,-1.97977053963094
3.881,1.41792738832758
3.8815,-0.701358901607859
3.882,-0.067249180076181
3.8825,0.846275857947841
3.883,-1.52514350125771
3.8835,2.07176002222824
3.884,-2.39955308282589
3.8845,2.50797727195071
3.885,-2.35517511307018
3.8855,1.98793531787017
3.886,-1.41041844582444
3.8865,0.710512718598905
3.887,0.0734448880638077
3.8875,-0.836464766508336
3.888,1.53298088652654
3.8885,-2.06260935067209
3.889,2.40738760142256
3.8895,-2.50014316489061
3.89,2.36366725664763
3.8905,-1.98009926504296
3.891,1.41924228544326
3.8915,-0.703002525124752
3.892,-0.0656055576878401
3.8925,0.843974787839803
3.893,-1.52317115053666
3.8935,2.07011640054306
3.894,-2.39856690566994
3.8945,2.50764854752512
3.895,-2.35550383875513
3.8955,1.98925021516939
3.896,-1.41173334604233
3.8965,0.712156340179923
3.897,0.0721299903058262
3.8975,-0.834821142700992
3.898,1.53166598939589
3.8985,-2.0622806252026
3.899,2.40640142821777
3.8995,-2.50014316489061
3.9,2.36432470543171
3.9005,-1.98141416669332
3.901,1.42022845828009
3.9015,-0.704974873349597
3.902,-0.0633044863481459
3.9025,0.842002442031646
3.903,-1.52218497517876
3.9035,2.06913022753258
3.904,-2.3982381799518
3.9045,2.50797727195071
3.905,-2.35681874149746
3.9055,1.99056511246934
3.906,-1.4137056963748
3.9065,0.713799961759903
3.907,0.0701576436662913
3.9075,-0.832520069376908
3.908,1.5300223679829
3.9085,-2.06063699785863
3.909,2.40607270381633
3.9095,-2.50047189068882
3.91,2.36498215421608
3.9105,-1.98207161751986
3.911,1.42285825251195
3.9115,-0.706947221579435
3.912,-0.0610034150130919
3.9125,0.840687544825556
3.913,-1.52087007470429
3.9135,2.06847277885918
3.914,-2.39758072851629
3.9145,2.50797727195071
3.915,-2.35714746718367
3.9155,1.99220873409532
3.916,-1.41436314648712
3.9165,0.71675848060126
3.917,0.0681852970236768
3.9175,-0.830218996060049
3.918,1.52870747085278
3.9185,-2.05965082145502
3.919,2.40574397941496
3.9195,-2.49981443909265
3.92,2.36563960300073
3.9205,-1.98371524459016
3.921,1.42417314962805
3.9215,-0.708262120402103
3.922,-0.0590310681581613
3.9225,0.838386474713638
3.923,-1.51856899888147
3.9235,2.06781533018598
3.924,-2.3969232770818
3.9245,2.50896344522795
3.925,-2.35714746718367
3.9255,1.99319490707146
3.926,-1.41666422188614
3.9265,0.718402102178349
3.927,0.0668703992602205
3.9275,-0.828575372266712
3.928,1.52739257372289
3.9285,-2.05833591958679
3.929,2.40541525501366
3.9295,-2.50014316489061
3.93,2.36662577617825
3.9305,-1.98470142083506
3.931,1.42581677102334
3.9315,-0.709905743933564
3.932,-0.0570587213066293
3.9325,0.83674285320414
3.933,-1.51725409841556
3.9335,2.06584298416763
3.934,-2.39626582564832
3.9345,2.50830599637637
3.935,-2.35846236993103
3.9355,1.99385235572245
3.936,-1.41830784717677
3.9365,0.71971699943928
3.937,0.0645693281708689
3.9375,-0.826931748477054
3.938,1.52542022802848
3.9385,-2.05767846865406
3.939,2.4047578062113
3.9395,-2.50047189068882
3.94,2.3669545005709
3.9405,-1.98634504791441
3.941,1.42713166813971
3.9415,-0.711878092175905
3.942,-0.0550863744584909
3.9425,0.835099231693818
3.943,-1.51593919795276
3.9435,2.06518553549526
3.944,-2.39593709993196
3.9445,2.50830599637637
3.945,-2.3587910956185
3.9455,1.99516725302499
3.946,-1.4199514724721
3.9465,0.721689345329446
3.947,0.0625969815195025
3.9475,-0.825288124691072
3.948,1.52410533089916
3.9485,-2.05636356679139
3.949,2.40442908181022
3.9495,-2.50047189068882
3.95,2.36761194935642
3.9505,-1.98667377333097
3.951,1.42844656525619
3.9515,-0.713192991006916
3.952,-0.0531140276137412
3.9525,0.833784334484964
3.953,-1.51429557237864
3.9535,2.06354191381523
3.954,-2.39560837421586
3.9545,2.50863472080212
3.955,-2.3594485469942
3.9555,1.99681087465422
3.956,-1.42159509777212
3.9565,0.723990415532782
3.957,0.0606246348650378
3.9575,-0.822987051396869
3.958,1.52279043377007
3.9585,-2.05570611586144
3.959,2.4037716330083
3.9595,-2.5008006164873
3.96,2.36859812253523
3.9605,-1.98864612583503
3.961,1.43074763521034
3.9615,-0.715494063966547
3.962,-0.0514704052457016
3.9625,0.831483264368192
3.963,-1.51265194680937
3.9635,2.06288446514357
3.964,-2.39495092278442
3.9645,2.50863472080212
3.965,-2.36043472405964
3.9655,1.99812577195843
3.966,-1.42225254789345
3.9665,0.725962761419767
3.967,0.0589810126506137
3.9675,-0.821343427619699
3.968,1.52081808807685
3.9685,-2.05373376307714
3.969,2.40311418420668
3.9695,-2.50047189068882
3.97,2.3695842957147
3.9705,-1.98930357667153
3.971,1.43239125660639
3.9715,-0.717466412223097
3.972,-0.049498058407152
3.9725,0.829839642855213
3.973,-1.51133704635745
3.9735,2.06189829213647
3.974,-2.39462219706909
3.9745,2.50929216965387
3.975,-2.36076344974863
3.9755,1.99878322061082
3.976,-1.42422489826193
3.9765,0.727277658676946
3.977,0.0573373904340318
3.9775,-0.820028528600603
3.978,1.51983191523043
3.9785,-2.05307631215089
3.979,2.40245673540535
3.9795,-2.50047189068882
3.98,2.36991302010799
3.9805,-1.99028975292799
3.981,1.43403487800264
3.9815,-0.719110035774059
3.982,-0.0475257115719773
3.9825,0.827867297038533
3.983,-1.51002214590863
3.9835,2.06124084346533
3.984,-2.39396474563917
3.9845,2.50830599637637
3.985,-2.36174962681709
3.9855,2.00009811791616
3.986,-1.42553979851134
3.9865,0.729250004561499
3.987,0.0550363193271868
3.9875,-0.817727455322829
3.988,1.51753084525594
3.9885,-2.05176141030116
3.989,2.4021280110048
3.9895,-2.50014316489061
3.99,2.37057046889481
3.9905,-1.99160465460644
3.991,1.43567849939908
3.9915,-0.720753659328512
3.992,-0.0455533647401728
3.9925,0.825894951220644
3.993,-1.50804979524122
3.9935,2.05959722178836
3.994,-2.39297856849622
3.9945,2.50896344522795
3.995,-2.36207835250709
3.9955,2.00141301522224
3.996,-1.4275121488911
3.9965,0.730893626130851
3.997,0.0530639726608004
3.9975,-0.816083831557383
3.998,1.51621594812796
3.9985,-2.05077523391629
3.999,2.40147056220392
3.9995,-2.50047189068882
