Time_s,Voltage_V
0,0.732537247699196
0.0005,2.05893977311793
0.001,-1.99423445797423
0.0015,-0.815426382052229
0.002,2.50929216965387
0.0025,-0.723054732310619
0.003,-2.05044650845513
0.0035,2.0023991882023
0.004,0.824908778311244
0.0045,-2.50145806808504
0.005,0.731551074758309
0.0055,2.05992594612365
0.006,-1.9932482817096
0.0065,-0.816741281063122
0.007,2.50929216965387
0.0075,-0.722068558174591
0.008,-2.05077523391629
0.0085,2.00141301522224
0.009,0.826223675523709
0.0095,-2.5008006164873
0.01,0.729907453189361
0.0105,2.06091211912983
0.011,-1.99226210544702
0.0115,-0.818056180076357
0.012,2.50962089407986
0.0125,-0.720096209906312
0.013,-2.05209013576324
0.0135,2.00075556656911
0.014,0.828524745644227
0.0145,-2.50112934228604
0.015,0.729250004561499
0.0155,2.06189829213647
0.016,-1.99160465460644
0.0165,-0.819371079091935
0.017,2.50929216965387
0.0175,-0.718781311063587
0.018,-2.05307631215089
0.0185,1.99976939358975
0.019,0.829510918552516
0.0195,-2.5008006164873
0.02,0.727606382991139
0.0205,2.06288446514357
0.021,-1.99028975292799
0.0215,-0.820685978109858
0.022,2.50962089407986
0.0225,-0.717137687513323
0.023,-2.05406248854061
0.0235,1.99878322061082
0.024,0.830497091460505
0.0245,-2.50047189068882
0.025,0.725634037105371
0.0255,2.06387063815113
0.026,-1.98963230209013
0.0265,-0.822000877130127
0.027,2.50896344522795
0.0275,-0.716151513384839
0.028,-2.05471993946825
0.0285,1.99779704763231
0.029,0.832140712973151
0.0295,-2.50112934228604
0.03,0.724319139847381
0.0305,2.06452808682309
0.031,-1.98831740041712
0.0315,-0.823644500908764
0.032,2.50896344522795
0.0325,-0.714507889840155
0.033,-2.05570611586144
0.0335,1.99648215032828
0.034,0.833455610182668
0.0345,-2.50047189068882
0.035,0.72300424258874
0.0355,2.06485681115915
0.036,-1.98733122416475
0.0365,-0.824959399934317
0.037,2.50896344522795
0.0375,-0.713521715715017
0.038,-2.05636356679139
0.0385,1.99582470167654
0.039,0.834770507391654
0.0395,-2.50047189068882
0.04,0.721689345329446
0.0405,2.0661717085039
0.041,-1.98667377333097
0.0415,-0.826603023719563
0.042,2.50962089407986
0.0425,-0.711220642761235
0.043,-2.05702101772226
0.0435,1.99450980437363
0.044,0.83674285320414
0.0445,-2.5008006164873
0.045,0.71971699943928
0.0455,2.06715788151299
0.046,-1.98568759708199
0.0465,-0.827589197992476
0.047,2.50962089407986
0.0475,-0.709905743933564
0.048,-2.05833591958679
0.0485,1.99418108004802
0.049,0.838057750411805
0.0495,-2.50047189068882
0.05,0.719059550808896
0.0505,2.06814405452255
0.051,-1.98470142083506
0.0515,-0.828575372266712
0.052,2.50962089407986
0.0525,-0.70891956981427
0.053,-2.0586646450535
0.0535,1.99352363139693
0.054,0.839372647618943
0.0545,-2.5008006164873
0.055,0.717744653547637
0.0555,2.06847277885918
0.056,-1.98371524459016
0.0565,-0.830218996060049
0.057,2.50929216965387
0.0575,-0.706947221579435
0.058,-2.05997954692266
0.0585,1.99286618274603
0.059,0.841016269127127
0.0595,-2.5008006164873
0.06,0.715772307654513
0.0605,2.06945895186935
0.061,-1.98338651917565
0.0615,-0.831862619857069
0.062,2.50929216965387
0.0625,-0.705632322758988
0.063,-2.06030827239053
0.0635,1.99188000977003
0.064,0.842331166333087
0.0645,-2.50047189068882
0.065,0.714786134707394
0.0655,2.07077384921698
0.066,-1.98207161751986
0.0665,-0.833506243657774
0.067,2.50929216965387
0.0675,-0.704317423940761
0.068,-2.06162317426432
0.0685,1.99089383679444
0.069,0.843317339237214
0.0695,-2.50047189068882
0.07,0.713142513128035
0.0705,2.07110257355401
0.071,-1.98108544128039
0.0715,-0.834492417939966
0.072,2.50896344522795
0.0725,-0.703002525124752
0.073,-2.06195189973335
0.0735,1.98957893949431
0.074,0.844960960743442
0.0745,-2.50014316489061
0.075,0.711827615863802
0.0755,2.07176002222824
0.076,-1.98009926504296
0.0765,-0.836464766508336
0.077,2.50929216965387
0.0775,-0.701358901607859
0.078,-2.06359552708196
0.0785,1.98892149084451
0.079,0.84594713364679
0.0795,-2.50014316489061
0.08,0.710512718598905
0.0805,2.07307491957731
0.081,-1.97944181421914
0.0815,-0.837779665556871
0.082,2.50896344522795
0.0825,-0.700044002796837
0.083,-2.06392425255237
0.0835,1.98793531787017
0.084,0.848248203753471
0.0845,-2.50047189068882
0.085,0.708869097016846
0.0855,2.07373236825216
0.086,-1.9784556379851
0.0865,-0.83909456460777
0.087,2.50896344522795
0.0875,-0.698400379286172
0.088,-2.06458170349391
0.0885,1.98727786922084
0.089,0.849234376655851
0.0895,-2.49981443909265
0.09,0.707225475433743
0.0905,2.07471854126481
0.091,-1.97714073634288
0.0915,-0.840080738897497
0.092,2.50896344522795
0.0925,-0.696756755778963
0.093,-2.06556787990794
0.0935,1.98596297192273
0.094,0.850549273858574
0.0945,-2.50014316489061
0.095,0.70623930248338
0.0955,2.07537598994018
0.096,-1.97615456011359
0.0965,-0.841724362716668
0.097,2.50863472080212
0.0975,-0.695770581676295
0.098,-2.06655405632407
0.0985,1.98497679894962
0.099,0.852192895361258
0.0995,-2.50047189068882
0.1,0.704595680898601
0.1005,2.07636216295362
0.101,-1.97549710929519
0.1015,-0.84303926177467
0.102,2.50896344522795
0.1025,-0.694455682874671
0.103,-2.06754023274228
0.1035,1.98366190165279
0.104,0.85350779256283
0.1045,-2.50014316489061
0.105,0.703280783630022
0.1055,2.0770196116295
0.106,-1.97451093306928
0.1065,-0.844682885600506
0.107,2.50863472080212
0.1075,-0.692812059375745
0.108,-2.06819768368891
0.1085,1.9833331773287
0.109,0.854822689763893
0.1095,-2.49948571329496
0.11,0.701308437725889
0.1105,2.07800578464372
0.111,-1.97352475684541
0.1115,-0.845997784663845
0.112,2.50863472080212
0.1125,-0.691497160579086
0.113,-2.06852640916258
0.1135,1.98234700435669
0.114,0.856137586964448
0.1145,-2.49981443909265
0.115,0.700322264773252
0.1155,2.07866323332013
0.116,-1.97253858062357
0.1165,-0.847641408496355
0.117,2.50863472080212
0.1175,-0.689853537086362
0.118,-2.06984131105957
0.1185,1.9813608313851
0.119,0.857781208464431
0.1195,-2.49981443909265
0.12,0.698349918866835
0.1205,2.07964940633513
0.121,-1.97220985521674
0.1215,-0.848956307565037
0.122,2.50863472080212
0.1225,-0.68853863829466
0.123,-2.07049876200945
0.1235,1.98070338273759
0.124,0.859096105663849
0.1245,-2.50014316489061
0.125,0.69703502159504
0.1255,2.08030685501205
0.126,-1.9712236789976
0.1265,-0.850271206636095
0.127,2.50863472080212
0.1275,-0.687552464202329
0.128,-2.07148493843603
0.1285,1.97938848544313
0.129,0.860411002862763
0.1295,-2.50014316489061
0.13,0.695720124322566
0.1305,2.08129302802784
0.131,-1.9702375027805
0.1315,-0.851586105709532
0.132,2.50863472080212
0.1325,-0.685580116021378
0.133,-2.07214238938824
0.1335,1.97905976111963
0.134,0.862383348660195
0.1345,-2.49948571329496
0.135,0.694405227049408
0.1355,2.08227920104409
0.136,-1.96925132656542
0.1365,-0.853229729554675
0.137,2.50863472080212
0.1375,-0.68393649254103
0.138,-2.0731285658183
0.1385,1.9780735881494
0.139,0.863040797259089
0.1395,-2.49981443909265
0.14,0.692761605457
0.1405,2.08293664972186
0.141,-1.9685938757565
0.1415,-0.854215903863547
0.142,2.50830599637637
0.1425,-0.682950318454468
0.143,-2.07378601677283
0.1435,1.97708741517957
0.144,0.865013143055024
0.1445,-2.49948571329496
0.145,0.691775432501041
0.1455,2.08359409839984
0.146,-1.96727897414135
0.1465,-0.856188252485312
0.147,2.50863472080212
0.1475,-0.681306694979608
0.148,-2.07510091868469
0.1485,1.9757725178871
0.149,0.86567059165342
0.1495,-2.49981443909265
0.15,0.690131810906917
0.1505,2.08458027141719
0.151,-1.96662152333513
0.1515,-0.857174426798207
0.152,2.50830599637637
0.1525,-0.679991796202188
0.153,-2.07542964416324
0.1535,1.97412889627253
0.154,0.867642937447866
0.1545,-2.49948571329496
0.155,0.688816913630844
0.1555,2.08556644443503
0.156,-1.96563534712749
0.1565,-0.858818050656015
0.157,2.50797727195071
0.1575,-0.67867689742696
0.158,-2.07674454607975
0.1585,1.97380017194975
0.159,0.868629110344672
0.1595,-2.49915698749753
0.16,0.686844567715439
0.1605,2.08655261745333
0.161,-1.96432044552046
0.1615,-0.85980422497249
0.162,2.50830599637637
0.1625,-0.677361998653922
0.163,-2.07773072251958
0.1635,1.97347144762702
0.164,0.870272731838733
0.1645,-2.49948571329496
0.165,0.685529670437638
0.1655,2.08688134179287
0.166,-1.96366299471829
0.1665,-0.861447848836269
0.167,2.50830599637637
0.1675,-0.675389650498468
0.168,-2.07838817348064
0.1685,1.97248527465909
0.169,0.871258904734801
0.1695,-2.49948571329496
0.17,0.684543497478832
0.1705,2.08819623915156
0.171,-1.96267681851672
0.1715,-0.862762747929982
0.172,2.50797727195071
0.1725,-0.6740747517309
0.173,-2.07904562444262
0.1735,1.97149910169156
0.174,0.872902526227636
0.1745,-2.49948571329496
0.175,0.682571151560048
0.1755,2.08885368783122
0.176,-1.96234809311665
0.1765,-0.864406371800487
0.177,2.50764854752512
0.1775,-0.672759852965516
0.178,-2.08068925185165
0.1785,1.97018420440215
0.179,0.874546147719709
0.1795,-2.49915698749753
0.18,0.681256254279987
0.1805,2.08951113651109
0.181,-1.96103319151861
0.1815,-0.866049995674732
0.182,2.50797727195071
0.1825,-0.671444954202316
0.183,-2.08068925185165
0.1835,1.96952675575772
0.184,0.875532320614588
0.1845,-2.49948571329496
0.185,0.679941356999229
0.1855,2.09016858519118
0.186,-1.95971828992417
0.1865,-0.867036170001076
0.187,2.50830599637637
0.1875,-0.669801330751386
0.188,-2.08134670281689
0.1885,1.96886930711346
0.189,0.877175942105446
0.1895,-2.49915698749753
0.19,0.678297735397296
0.1905,2.0911547582117
0.191,-1.9590608391283
0.1915,-0.868022344328769
0.192,2.50764854752512
0.1925,-0.668157707303862
0.193,-2.08233287926651
0.1935,1.96689696118176
0.194,0.878490839297589
0.1945,-2.49882826170037
0.195,0.677311562435611
0.1955,2.09181220689232
0.196,-1.95807466293618
0.1965,-0.869994692988201
0.197,2.50764854752512
0.1975,-0.666842808548294
0.198,-2.08299033023408
0.1985,1.96656823685996
0.199,0.87914828789348
0.1995,-2.49915698749753
0.2,0.675339216511054
0.2005,2.09279837991364
0.201,-1.95708848674608
0.2015,-0.871309592097488
0.202,2.50764854752512
0.2025,-0.665856634483047
0.203,-2.08397650668719
0.2035,1.96492461525166
0.204,0.880791909382681
0.2045,-2.49948571329496
0.205,0.674024319227135
0.2055,2.09345582859478
0.206,-1.9564310359538
0.2065,-0.872953215987476
0.207,2.50731982309962
0.2075,-0.664870460419024
0.208,-2.0849626831424
0.2085,1.96459589093013
0.209,0.882106806573503
0.2095,-2.49915698749753
0.21,0.67270942194251
0.2105,2.09411327727614
0.211,-1.95511613437194
0.2115,-0.87393939032327
0.212,2.50731982309962
0.2125,-0.663226836981705
0.213,-2.08594885959971
0.2135,1.96328099364446
0.214,0.883750428061358
0.2145,-2.49882826170037
0.215,0.671065800335734
0.2155,2.0954281746395
0.216,-1.95445868358235
0.2165,-0.875254289439767
0.217,2.50699109867419
0.2175,-0.661583213547781
0.218,-2.08627758508595
0.2185,1.96262354500189
0.219,0.885394049548469
0.2195,-2.49849953590346
0.22,0.669422178727849
0.2205,2.0960856233215
0.221,-1.95347250739966
0.2215,-0.877226638119025
0.222,2.50699109867419
0.2225,-0.65993959011725
0.223,-2.08759248703323
0.2235,1.9619660963595
0.224,0.886380222440379
0.2245,-2.49849953590346
0.225,0.667778557118853
0.2255,2.09674307200371
0.226,-1.95248633121899
0.2265,-0.878541537241539
0.227,2.50764854752512
0.2275,-0.65829596669011
0.228,-2.08890738898425
0.2285,1.96065119907525
0.229,0.888023843926306
0.2295,-2.49882826170037
0.23,0.666792384152921
0.2305,2.09772924502743
0.231,-1.95182888043299
0.2315,-0.879527711585006
0.232,2.50666237424885
0.2325,-0.657309792635452
0.233,-2.08923611447259
0.2335,1.95966502611253
0.234,0.889338741114517
0.2345,-2.49882826170037
0.235,0.665477486864387
0.2355,2.09805796936877
0.236,-1.95084270425568
0.2365,-0.881171335493799
0.237,2.50666237424885
0.2375,-0.655666169213729
0.238,-2.08956483996116
0.2385,1.9593363017917
0.239,0.890324914005367
0.2395,-2.49849953590346
0.24,0.663505140930243
0.2405,2.09937286673469
0.241,-1.94985652808038
0.2415,-0.882486234623546
0.242,2.50699109867419
0.2425,-0.65467999516232
0.243,-2.09087974191779
0.2435,1.95802140450886
0.244,0.892297259786275
0.2445,-2.49849953590346
0.245,0.662518967962565
0.2455,2.10003031541798
0.246,-1.94919907729798
0.2465,-0.884129858539125
0.247,2.50666237424885
0.2475,-0.652707647063153
0.248,-2.0915371928975
0.2485,1.9573639558677
0.249,0.893612156972964
0.2495,-2.49882826170037
0.25,0.660875346348871
0.2505,2.1003590397597
0.251,-1.94788417573584
0.2515,-0.885444757674306
0.252,2.50699109867419
0.2525,-0.651392748333077
0.253,-2.09285209485973
0.2535,1.9563777829063
0.254,0.895584502752126
0.2545,-2.49817081010682
0.255,0.659560449057105
0.2555,2.10167393712712
0.256,-1.94722672495612
0.2565,-0.886759656811904
0.257,2.50666237424885
0.2575,-0.650077849605161
0.258,-2.09318082035088
0.2585,1.95506288562503
0.259,0.896241951344948
0.2595,-2.49849953590346
0.26,0.658245551764617
0.2605,2.10266011015325
0.261,-1.9465692741773
0.2615,-0.888074555951921
0.262,2.50666237424885
0.2625,-0.648434226198303
0.263,-2.09449572231779
0.2635,1.95407671266454
0.264,0.897885572826497
0.2645,-2.49817081010682
0.265,0.656930654471406
0.2655,2.10331755883761
0.266,-1.94492564723415
0.2665,-0.889389455094357
0.267,2.50633364982359
0.2675,-0.646790602794814
0.268,-2.0948244478101
0.2685,1.95309053970445
0.269,0.899200470011219
0.2695,-2.49784208431043
0.27,0.655287032853872
0.2705,2.10463245620697
0.271,-1.94426819645845
0.2715,-0.891033079025808
0.272,2.50600492539841
0.2725,-0.645475704074449
0.273,-2.09581062428845
0.2735,1.95210436674474
0.274,0.900844091491475
0.2745,-2.49817081010682
0.275,0.653972135559027
0.2755,2.10528990489197
0.276,-1.94295329490975
0.2765,-0.892676702961045
0.277,2.50633364982359
0.2775,-0.644160805356237
0.278,-2.09646807527518
0.2785,1.95111819378543
0.279,0.902158988675165
0.2795,-2.49784208431043
0.28,0.652328513939447
0.2805,2.10561862923455
0.281,-1.94262456952314
0.2815,-0.893991602111963
0.282,2.50633364982359
0.2825,-0.642845906640177
0.283,-2.09712552626285
0.2835,1.95078946946575
0.284,0.903145161562634
0.2845,-2.49817081010682
0.285,0.651013616642962
0.2855,2.10693352660543
0.286,-1.9413096679789
0.2865,-0.895306501265308
0.287,2.50633364982359
0.2875,-0.641202283248128
0.288,-2.09876915373612
0.2885,1.94947457218744
0.289,0.90478878304118
0.2895,-2.49817081010682
0.29,0.649369995021327
0.2905,2.10759097529119
0.291,-1.94065221720813
0.2915,-0.896950125210403
0.292,2.50633364982359
0.2925,-0.639887384536906
0.293,-2.09909787923147
0.2935,1.94848839922917
0.294,0.906432404519018
0.2945,-2.49784208431043
0.295,0.648055097723195
0.2955,2.10824842397716
0.296,-1.93966604105364
0.2965,-0.897607574789504
0.297,2.50600492539841
0.2975,-0.638572485827832
0.298,-2.10008405571895
0.2985,1.94783095059054
0.299,0.907418577405383
0.2995,-2.49817081010682
0.3,0.646740200424327
0.3005,2.10956332134977
0.301,-1.93835113951745
0.3015,-0.899251198739914
0.302,2.50600492539841
0.3025,-0.636928862444507
0.303,-2.10074150671177
0.3035,1.94684477763292
0.304,0.908733474586808
0.3045,-2.49751335851431
0.305,0.645096578799707
0.3055,2.1102207700364
0.306,-1.93736496336766
0.3065,-0.900566097902979
0.307,2.50600492539841
0.3075,-0.63561396374026
0.308,-2.10107023220853
0.3085,1.94618732899472
0.309,0.910705820358105
0.3095,-2.49685590692286
0.31,0.644110405824383
0.3105,2.11087821872324
0.311,-1.93637878721987
0.3115,-0.901880997068478
0.312,2.50567620097332
0.3125,-0.633970340362965
0.313,-2.10205640870023
0.3135,1.94487243171884
0.314,0.912020717538412
0.3145,-2.49718463271845
0.315,0.642138059872485
0.3155,2.11153566741031
0.316,-1.93572133645579
0.3165,-0.903195896236411
0.317,2.50600492539841
0.3175,-0.632326716989015
0.318,-2.10271385969586
0.3185,1.94421498308115
0.319,0.913664339013169
0.3195,-2.49718463271845
0.32,0.641480611221482
0.3205,2.11219311609759
0.321,-1.93440643493032
0.3215,-0.904839520199755
0.322,2.50567620097332
0.3225,-0.630683093618408
0.323,-2.10337131069244
0.3235,1.94322881012495
0.324,0.914650511897691
0.3245,-2.49685590692286
0.325,0.63917954094151
0.3255,2.11317928912892
0.326,-1.93342025878855
0.3265,-0.906154419373173
0.327,2.5053474765483
0.3275,-0.629696919597648
0.328,-2.1046862126884
0.3285,1.94224263716913
0.329,0.915965409076666
0.3295,-2.49718463271845
0.33,0.637864643637646
0.3305,2.11383673781674
0.331,-1.93309153340841
0.3315,-0.907798043343377
0.332,2.50567620097332
0.3325,-0.628053296232383
0.333,-2.10534366368779
0.3335,1.9412564642137
0.334,0.917280306255201
0.3345,-2.49718463271845
0.335,0.636549746333036
0.3355,2.11482291084889
0.336,-1.93177663189007
0.3365,-0.909441667317396
0.337,2.5053474765483
0.3375,-0.626738397542574
0.338,-2.10632984018863
0.3385,1.94027029125866
0.339,0.918923927727752
0.3395,-2.49652718112752
0.34,0.635234849027678
0.3405,2.11548035953726
0.341,-1.93111918113223
0.3415,-0.910099116908072
0.342,2.50600492539841
0.3425,-0.625094774183312
0.343,-2.10731601669159
0.3435,1.93928411830399
0.344,0.920238824905301
0.3445,-2.49718463271845
0.345,0.633591227394928
0.3455,2.11646653257023
0.346,-1.92980427961924
0.3465,-0.912071465683769
0.347,2.50567620097332
0.3475,-0.6237798754983
0.348,-2.10731601669159
0.3485,1.93829794534972
0.349,0.921553722082413
0.3495,-2.49685590692286
0.35,0.631947605761006
0.3505,2.11712398125915
0.351,-1.92914682886408
0.3515,-0.91305764007368
0.352,2.5053474765483
0.3525,-0.622464976815418
0.353,-2.10830219319666
0.3535,1.93731177239582
0.354,0.923197343553192
0.3545,-2.49685590692286
0.355,0.630632708453022
0.3555,2.11811015429294
0.356,-1.92783192735643
0.3565,-0.914701264059926
0.357,2.50501875212337
0.3575,-0.620821353464809
0.358,-2.10961709520671
0.3585,1.9366543237601
0.359,0.924840965023296
0.3595,-2.49652718112752
0.36,0.629646535471539
0.3605,2.11909632732723
0.361,-1.92717447660394
0.3615,-0.915687438453511
0.362,2.50501875212337
0.3625,-0.619506454786715
0.363,-2.11060327171672
0.3635,1.93533942648918
0.364,0.925498413611148
0.3645,-2.49652718112752
0.365,0.627674189507299
0.3655,2.1194250516721
0.366,-1.92585957510163
0.3665,-0.917331062445881
0.367,2.50501875212337
0.3675,-0.618520280779539
0.368,-2.11126072272456
0.3685,1.93468197785397
0.369,0.927142035080309
0.3695,-2.49652718112752
0.37,0.62668801652454
0.3705,2.12041122470704
0.371,-1.92520212435181
0.3715,-0.918974686442083
0.372,2.50469002769852
0.3725,-0.616876657436901
0.373,-2.1122468992381
0.3735,1.93369580490147
0.374,0.928456932255156
0.3745,-2.49652718112752
0.375,0.624715670557744
0.3755,2.12106867339728
0.376,-1.92454467360288
0.3765,-0.920618310442119
0.377,2.50469002769852
0.3775,-0.615233034097579
0.378,-2.11257562474308
0.3785,1.93238090763207
0.379,0.929771829429576
0.3795,-2.49619845533244
0.38,0.623400773245596
0.3805,2.12205484643305
0.381,-1.92322977210768
0.3815,-0.921604484843982
0.382,2.50436130327375
0.3825,-0.613918135428507
0.383,-2.11356180125943
0.3835,1.93139473468046
0.384,0.93108672660357
0.3845,-2.49652718112752
0.385,0.622085875932686
0.3855,2.12304101946932
0.386,-1.92224359598862
0.3865,-0.922590659247227
0.387,2.50436130327375
0.3875,-0.612274512095148
0.388,-2.1145479777779
0.3885,1.93040856172923
0.389,0.932730348070467
0.3895,-2.49619845533244
0.39,0.620770978619013
0.3905,2.12402719250608
0.391,-1.92125741987156
0.3915,-0.924563008057866
0.392,2.50436130327375
0.3925,-0.610959613430842
0.393,-2.1152054287914
0.3935,1.93007983741223
0.394,0.934373969536703
0.3945,-2.49619845533244
0.395,0.619456081304576
0.3955,2.12468464119753
0.396,-1.91994251838525
0.3965,-0.925549182465261
0.397,2.50436130327375
0.3975,-0.609644714768653
0.398,-2.11553415429849
0.3985,1.92876494014468
0.399,0.935688866709219
0.3995,-2.49619845533244
0.4,0.618141183989372
0.4005,2.12501336554334
0.401,-1.91928506764343
0.4015,-0.926864081677274
0.402,2.50403257884906
0.4025,-0.607672366779333
0.403,-2.1165203308212
0.4035,1.92712131856118
0.404,0.93634631529532
0.4045,-2.49521227794879
0.405,0.615840113685919
0.4055,2.12567081423513
0.406,-1.91829889153236
0.4065,-0.928507705695753
0.407,2.50403257884906
0.4075,-0.606686192786456
0.408,-2.11783523285478
0.4085,1.92646386992808
0.409,0.938318661052995
0.4095,-2.49554100374308
0.41,0.614525216368601
0.4105,2.1259995385811
0.411,-1.91731271542329
0.4115,-0.92982260491331
0.412,2.50337512999992
0.4125,-0.605371294131133
0.413,-2.11849268387298
0.4135,1.92514897266236
0.414,0.939304833931481
0.4145,-2.49554100374308
0.415,0.613210319050512
0.4155,2.12731443596556
0.416,-1.91698399005404
0.4165,-0.931137504133331
0.417,2.50370385442445
0.4175,-0.604056395477921
0.418,-2.11915013489212
0.4185,1.92449152402976
0.419,0.940619731102433
0.4195,-2.49619845533244
0.42,0.61189542173165
0.4205,2.12764316031181
0.421,-1.91534036321114
0.4215,-0.932781128161828
0.422,2.50370385442445
0.4225,-0.603070221489395
0.423,-2.12013631142261
0.4235,1.92383407539732
0.424,0.941934628272971
0.4245,-2.49521227794879
0.425,0.610580524412014
0.4255,2.12928678204391
0.426,-1.91501163784322
0.4265,-0.934096027387403
0.427,2.50337512999992
0.4275,-0.60076914885411
0.428,-2.12046503693324
0.4285,1.92317662676505
0.429,0.943578249735564
0.4295,-2.49521227794879
0.43,0.608936902761378
0.4305,2.12994423073713
0.431,-1.9140254617408
0.4315,-0.935410926615449
0.432,2.50337512999992
0.4325,-0.599454250208271
0.433,-2.12145121346655
0.4335,1.92153300518509
0.434,0.944893146905177
0.4345,-2.49521227794879
0.435,0.607622005439994
0.4355,2.13060167943059
0.436,-1.91303928564038
0.4365,-0.937054550653982
0.437,2.50337512999992
0.4375,-0.597810626903929
0.438,-2.12210866448994
0.4385,1.92153300518509
0.439,0.94620804407438
0.4395,-2.49488355215476
0.44,0.605978383787169
0.4405,2.13125912812426
0.441,-1.91205310954195
0.4415,-0.938040725078957
0.442,2.50304640557548
0.4425,-0.595509554283367
0.443,-2.12243739000199
0.4435,1.91956065929051
0.444,0.947851665535312
0.4445,-2.49488355215476
0.445,0.604992210794888
0.4455,2.13257402551228
0.446,-1.91106693344551
0.4465,-0.939355624314423
0.447,2.50304640557548
0.4475,-0.595180829623811
0.448,-2.12375229205253
0.4485,1.91890321065931
0.449,0.949495286995609
0.4495,-2.49422610056749
0.45,0.603348589140109
0.4505,2.13290274985942
0.451,-1.91008075735107
0.4515,-0.940999248362238
0.452,2.50304640557548
0.4525,-0.593537206328001
0.453,-2.12473846859292
0.4535,1.91758831339741
0.454,0.950481459871484
0.4545,-2.49455482636099
0.455,0.601704967484106
0.4555,2.13356019855388
0.456,-1.90909458125862
0.4565,-0.942314147603277
0.457,2.50304640557548
0.4575,-0.592551032352088
0.458,-2.12539591962103
0.4585,1.91693086476671
0.459,0.951796357038966
0.4595,-2.49455482636099
0.46,0.599732621495281
0.4605,2.13421764724856
0.461,-1.90810840516816
0.4615,-0.943629046846796
0.462,2.50238895672683
0.4625,-0.590907409061519
0.463,-2.12638209616496
0.4635,1.91594469182096
0.464,0.953111254206046
0.4645,-2.49455482636099
0.465,0.598417724168414
0.4655,2.13487509594346
0.466,-1.90712222907968
0.4665,-0.945272670904683
0.467,2.50206023230263
0.4675,-0.589263785774221
0.468,-2.12703954719543
0.4685,1.91462979456054
0.469,0.954426151372726
0.4695,-2.49455482636099
0.47,0.597102826840757
0.4705,2.13618999333394
0.471,-1.90646477835514
0.4715,-0.946587570153787
0.472,2.50304640557548
0.4725,-0.587948887146737
0.473,-2.1280257237429
0.4735,1.91397234593057
0.474,0.955741048539007
0.4745,-2.49422610056749
0.475,0.59578792951231
0.4755,2.13684744202951
0.476,-1.90547860226999
0.4765,-0.948231194218659
0.477,2.50238895672683
0.4775,-0.586305263865322
0.478,-2.12868317477573
0.4785,1.91331489730077
0.479,0.957055945704892
0.4795,-2.49389737477424
0.48,0.594473032183071
0.4805,2.1378336150733
0.481,-1.90416370082621
0.4815,-0.949217368659447
0.482,2.50271768115111
0.4825,-0.584661640587171
0.483,-2.1290119002925
0.4835,1.91232872435638
0.484,0.959357015744238
0.4845,-2.49422610056749
0.485,0.593158134853039
0.4855,2.13849106376944
0.486,-1.9031775247457
0.4865,-0.950860992730536
0.487,2.50206023230263
0.4875,-0.583018017312281
0.488,-2.12999807684423
0.4885,1.91101382709775
0.489,0.960343188617875
0.4895,-2.49389737477424
0.49,0.59151451318938
0.4905,2.13881978811759
0.491,-1.90219134866717
0.4915,-0.952175891990207
0.492,2.50173150787851
0.4925,-0.581703118694715
0.493,-2.13065552787989
0.4935,1.91002765415421
0.494,0.96165808578238
0.4945,-2.49389737477424
0.495,0.589870891524477
0.4955,2.14013468551077
0.496,-1.90054772187405
0.4965,-0.953490791252368
0.497,2.50206023230263
0.4975,-0.580388220079233
0.498,-2.1313129789165
0.4985,1.90969892983978
0.499,0.962644258655503
0.4995,-2.49389737477424
0.5,0.588555994191656
0.5005,2.14144958290485
0.501,-1.90021899651608
0.5015,-0.954805690517021
0.502,2.50173150787851
0.5025,-0.579073321465833
0.503,-2.13262788099257
0.5035,1.90838403258246
0.504,0.964616604401093
0.5045,-2.49356864898126
0.505,0.587241096858035
0.5055,2.14177830725351
0.506,-1.89890409508644
0.5065,-0.956120589784167
0.507,2.50173150787851
0.5075,-0.57742969820201
0.508,-2.13262788099257
0.5085,1.90772658395404
0.509,0.96560277727356
0.5095,-2.49323992318854
0.51,0.585926199523613
0.5105,2.14210703160223
0.511,-1.89791791901652
0.5115,-0.957435489053808
0.512,2.50173150787851
0.5125,-0.575786074941435
0.513,-2.1336140575521
0.5135,1.90641168669769
0.514,0.966917674436512
0.5145,-2.49291119739608
0.515,0.584282577854456
0.5155,2.14342192899766
0.516,-1.89726046830434
0.5165,-0.95907911314437
0.517,2.50107405903051
0.5175,-0.574471176335313
0.518,-2.13525768515605
0.5185,1.90575423806976
0.519,0.968561295889661
0.5195,-2.49323992318854
0.52,0.582967680518225
0.5205,2.14440810204484
0.521,-1.89660301759304
0.5215,-0.959736562781687
0.522,2.50140278345447
0.5225,-0.573156277731266
0.523,-2.13558641067755
0.5235,1.90443934081437
0.524,0.970204917342212
0.5245,-2.49291119739608
0.525,0.581324058846803
0.5255,2.14473682639401
0.526,-1.89561684152775
0.5265,-0.961380186877713
0.527,2.50107405903051
0.5275,-0.571512654479125
0.528,-2.13591513619929
0.5285,1.90411061650063
0.529,0.971519814503823
0.5295,-2.49258247160388
0.53,0.579680437174119
0.5305,2.14572299944186
0.531,-1.89397321475668
0.5315,-0.962695086157347
0.532,2.50140278345447
0.5325,-0.570526480529395
0.533,-2.13690131276592
0.5335,1.90246699493251
0.534,0.972505987374783
0.5345,-2.49291119739608
0.535,0.57836553983506
0.5355,2.14670917249022
0.536,-1.89331576404979
0.5365,-0.963681260618714
0.537,2.50107405903051
0.5375,-0.568882857282434
0.538,-2.13788748933468
0.5385,1.90148082199211
0.539,0.974149608825908
0.5395,-2.49291119739608
0.54,0.577379366830234
0.5405,2.14736662118941
0.541,-1.89200086263865
0.5415,-0.965653609545673
0.542,2.50107405903051
0.5425,-0.56691050939035
0.543,-2.13821621485808
0.5435,1.90016592473882
0.544,0.975793230276445
0.5445,-2.49159629422885
0.545,0.575078296483863
0.5455,2.14835279423863
0.546,-1.89167213728642
0.5465,-0.966639784011266
0.547,2.50074533460663
0.5475,-0.565924335446053
0.548,-2.13953111695403
0.5485,1.89950847611241
0.549,0.976779403146486
0.5495,-2.49225374581194
0.55,0.574749572148463
0.5505,2.14901024293839
0.551,-1.89035723587969
0.5515,-0.968612132946682
0.552,2.50074533460663
0.5525,-0.564609436855465
0.553,-2.14018856800343
0.5535,1.89885102748616
0.554,0.978094300306213
0.5545,-2.49225374581194
0.555,0.573105950470701
0.5555,2.14966769163838
0.556,-1.88969978517764
0.5565,-0.969927032240094
0.557,2.50074533460663
0.5575,-0.562637088973455
0.558,-2.14084601905378
0.5585,1.89753613023414
0.559,0.979737921755348
0.5595,-2.49192502002027
0.56,0.571133604455702
0.5605,2.1506538646888
0.561,-1.88838488377618
0.5615,-0.971570656360389
0.562,2.50008788575912
0.5625,-0.560993465741992
0.563,-2.14183219563108
0.5635,1.89720740592124
0.564,0.98072409462455
0.5645,-2.49192502002027
0.565,0.569818707111346
0.5655,2.15098258903905
0.566,-1.88772743307677
0.5665,-0.97288555565945
0.567,2.50041661018284
0.5675,-0.55967856715914
0.568,-2.14216092115732
0.5685,1.89589250867001
0.569,0.982038991783164
0.5695,-2.49225374581194
0.57,0.568175085429746
0.5705,2.15196876209015
0.571,-1.88674125702931
0.5715,-0.974529179786811
0.572,2.50041661018284
0.5725,-0.558692393223354
0.573,-2.14281837221051
0.5735,1.89457761141942
0.574,0.983353888941409
0.5745,-2.49225374581194
0.575,0.566860188083542
0.5755,2.15262621079116
0.576,-1.88575508098382
0.5765,-0.975515354265113
0.577,2.50008788575912
0.5775,-0.557377494644106
0.578,-2.14380454879208
0.5785,1.89424888710687
0.579,0.9849975103887
0.5795,-2.49192502002027
0.58,0.565545290736513
0.5805,2.15295493514176
0.581,-1.88444017959292
0.5815,-0.976830253571718
0.582,2.50041661018284
0.5825,-0.555733871422939
0.583,-2.14479072537578
0.5835,1.89260526554472
0.584,0.986312407546122
0.5845,-2.4909388426468
0.585,0.563572944714423
0.5855,2.15426983254471
0.586,-1.88378272889878
0.5865,-0.978473877708514
0.587,2.50041661018284
0.5875,-0.554090248204984
0.588,-2.14544817643278
0.5885,1.89227654123241
0.589,0.987627304703181
0.5895,-2.4912675684377
0.59,0.56258677170268
0.5905,2.15492728124653
0.591,-1.88246782751314
0.5915,-0.979460052192481
0.592,2.50008788575912
0.5925,-0.55277534963293
0.593,-2.14676307854961
0.5935,1.89063291967144
0.594,0.988613477570737
0.5945,-2.4909388426468
0.595,0.561271874352965
0.5955,2.15558472994858
0.596,-1.88213910216728
0.5965,-0.980774951506642
0.597,2.49943043691193
0.5975,-0.551460451062928
0.598,-2.14676307854961
0.5985,1.88997547104733
0.599,0.99058582330524
0.5995,-2.4909388426468
0.6,0.559628252664653
0.6005,2.15657090300209
0.601,-1.88049547544127
0.6015,-0.982089850823325
0.602,2.49943043691193
0.6025,-0.550145552494977
0.603,-2.14807798067024
0.6035,1.88866057379958
0.604,0.991900720461127
0.6045,-2.4909388426468
0.605,0.557655906636964
0.6055,2.15624217865086
0.606,-1.87950929940829
0.6065,-0.983733474972727
0.607,2.49943043691193
0.6075,-0.54850192928792
0.608,-2.14840670620099
0.6085,1.88767440086417
0.609,0.993215617616656
0.6095,-2.4909388426468
0.61,0.556341009284129
0.6105,2.15755707605611
0.611,-1.8791805740644
0.6115,-0.985705823957217
0.612,2.49910171248846
0.6125,-0.547187030724577
0.613,-2.14972160832638
0.6135,1.88668822792912
0.614,0.99420179048307
0.6145,-2.4909388426468
0.615,0.555026111930458
0.6155,2.15854324911066
0.616,-1.87786567269105
0.6165,-0.986363273619977
0.617,2.49877298806507
0.6175,-0.545543407523276
0.618,-2.1503790593905
0.6185,1.88570205499442
0.619,0.995845411926649
0.6195,-2.4909388426468
0.62,0.553382490237194
0.6205,2.15952942216572
0.621,-1.8765507713212
0.6215,-0.987349448115302
0.622,2.49877298806507
0.6225,-0.544228508964536
0.623,-2.15103651045557
0.6235,1.88471588206007
0.624,0.997160309081115
0.6245,-2.49061011685617
0.625,0.552396317220606
0.6255,2.16018687086938
0.626,-1.87556459529611
0.6265,-0.989321797110221
0.627,2.49844426364176
0.6275,-0.542584885768982
0.628,-2.15169396152159
0.6285,1.8843871577487
0.629,0.998475206235229
0.6295,-2.4902813910658
0.63,0.550423971186013
0.6305,2.16084431957328
0.631,-1.87490714461381
0.6315,-0.99063669644333
0.632,2.49844426364176
0.6325,-0.541269987214836
0.633,-2.15235141258856
0.6335,1.88274353619242
0.634,1.00011882767738
0.6345,-2.49061011685617
0.635,0.549437798168007
0.6355,2.16183049262955
0.636,-1.87392096859201
0.6365,-0.992280320613278
0.637,2.49811553921853
0.6375,-0.539955088662729
0.638,-2.15268013812241
0.6385,1.88208608757018
0.639,1.00143372483071
0.6395,-2.48995266527569
0.64,0.548122900809928
0.6405,2.16215921698176
0.641,-1.87293479257218
0.6415,-0.993595219952088
0.642,2.49844426364176
0.6425,-0.538311465475461
0.643,-2.15399504026016
0.6435,1.88109991463711
0.644,1.00274862198369
0.6445,-2.48995266527569
0.645,0.546479279111141
0.6455,2.16314539003873
0.646,-1.87194861655431
0.6465,-0.994581394457859
0.647,2.49778681479539
0.6475,-0.536667842291374
0.648,-2.15465249133047
0.6485,1.87978501739356
0.649,1.00406351913632
0.6495,-2.48962393948584
0.65,0.544835657411033
0.6505,2.16413156309622
0.651,-1.87063371520022
0.6515,-0.996225018637315
0.652,2.49844426364176
0.6525,-0.535352943746394
0.653,-2.15530994240172
0.6535,1.87912756877201
0.654,1.00570714057664
0.6545,-2.48962393948584
0.655,0.543192035709599
0.6555,2.1647890118015
0.656,-1.86997626452449
0.6565,-0.997539917983737
0.657,2.49778681479539
0.6575,-0.534038045203447
0.658,-2.1562961190104
0.6585,1.87781267152938
0.659,1.0070220377285
0.6595,-2.48929521369626
0.66,0.541548414006838
0.6605,2.16544646050702
0.661,-1.86899008851253
0.6615,-0.998854817332698
0.662,2.49778681479539
0.6625,-0.53239442202762
0.663,-2.15728229562121
0.6635,1.87748394721882
0.664,1.00800821059217
0.6645,-2.48995266527569
0.665,0.540233516643671
0.6655,2.16643263356573
0.666,-1.86800391250253
0.6665,-1.00049844152247
0.667,2.49778681479539
0.6675,-0.531079523489242
0.668,-2.15793974669628
0.6685,1.87616904997696
0.669,1.00998055631895
0.6695,-2.48929521369626
0.67,0.538918619279652
0.6705,2.16676135791875
0.671,-1.8670177364945
0.6715,-1.00181334087716
0.672,2.49778681479539
0.6725,-0.529435900319121
0.673,-2.15859719777231
0.6735,1.87485415273571
0.674,1.01129545346971
0.6745,-2.48929521369626
0.675,0.537603721914778
0.6755,2.16774753097816
0.676,-1.86570283515352
0.6765,-1.00247079055545
0.677,2.49712936594933
0.6775,-0.527463552519156
0.678,-2.15859719777231
0.6785,1.87419670411532
0.679,1.01195290204496
0.6795,-2.48929521369626
0.68,0.53661754889056
0.6805,2.16840497968472
0.681,-1.86504538448434
0.6815,-1.0047718644345
0.682,2.49745809037232
0.6825,-0.526806103253514
0.683,-2.15991209992721
0.6835,1.87353925549508
0.684,1.01392524777022
0.6845,-2.48863776211786
0.685,0.53497392718246
0.6855,2.16939115274501
0.686,-1.8637304831486
0.6865,-1.00542931411566
0.687,2.49745809037232
0.6875,-0.524833755459621
0.688,-2.1608982765459
0.6885,1.87222435825505
0.689,1.01524014491998
0.6895,-2.48830903632906
0.69,0.533330305473018
0.6905,2.17070605015954
0.691,-1.86274430714908
0.6915,-1.00641548863859
0.692,2.49745809037232
0.6925,-0.523518856932886
0.693,-2.1608982765459
0.6935,1.87156690963527
0.694,1.01688376635671
0.6945,-2.48798031054052
0.695,0.532672856788865
0.6955,2.17103477451332
0.696,-1.86142940581945
0.6965,-1.00773038800474
0.697,2.49680064152643
0.6975,-0.521875233777308
0.698,-2.16188445316673
0.6985,1.87058073670587
0.699,1.01852738779292
0.6995,-2.48798031054052
0.7,0.530700510735113
0.7005,2.17169222322105
0.701,-1.86044322982451
0.7015,-1.009374012216
0.702,2.49712936594933
0.7025,-0.520560335255116
0.703,-2.16254190424847
0.7035,1.86959456377682
0.704,1.01951356065441
0.7045,-2.48798031054052
0.705,0.52905688902217
0.7055,2.17267839628309
0.706,-1.85945705383153
0.7065,-1.01101763643126
0.707,2.49680064152643
0.7075,-0.518916712105212
0.708,-2.16352808087288
0.7085,1.86893711515765
0.709,1.02082845780276
0.7095,-2.48830903632906
0.71,0.527741991650842
0.7105,2.17333584499141
0.711,-1.85879960317064
0.7115,-1.01266126065051
0.712,2.49614319268086
0.7125,-0.517601813587556
0.713,-2.16418553195701
0.7135,1.86762221791974
0.714,1.02214335495079
0.7145,-2.48765158475223
0.715,0.526098369935462
0.7155,2.17432201805433
0.716,-1.85748470185146
0.7165,-1.01331871033933
0.717,2.49614319268086
0.7175,-0.516286915071914
0.718,-2.1648429830421
0.7185,1.86630732068244
0.719,1.0234582520985
0.7195,-2.48765158475223
0.72,0.524454748218726
0.7205,2.17497946676323
0.721,-1.85682725119318
0.7215,-1.01496233456417
0.722,2.49614319268086
0.7225,-0.514972016558284
0.723,-2.16582915967152
0.7235,1.86532114775486
0.724,1.02510187353268
0.7245,-2.48765158475223
0.725,0.523139850844359
0.7255,2.17563691547237
0.726,-1.85616980053577
0.7265,-1.01660595879302
0.727,2.4958144682582
0.7275,-0.512999668791607
0.728,-2.1668153363031
0.7285,1.86400625051861
0.729,1.02641677067966
0.7295,-2.48732285896421
0.73,0.521496229125173
0.7305,2.17629436418175
0.731,-1.85485489922356
0.7315,-1.01857830787291
0.732,2.49548574383562
0.7325,-0.512013494909965
0.733,-2.16714406184743
0.7335,1.86334880190072
0.734,1.02707421925303
0.7345,-2.48699413317645
0.735,0.520181331748841
0.7355,2.17695181289136
0.736,-1.85386872324169
0.7365,-1.01956448241502
0.737,2.49515701941311
0.7375,-0.510698596402864
0.738,-2.16845896402716
0.7385,1.86203390466537
0.739,1.02871784068611
0.7395,-2.48732285896421
0.74,0.518208985682704
0.7405,2.17695181289136
0.741,-1.85255382193557
0.7415,-1.02055065695857
0.742,2.49548574383562
0.7425,-0.509383697897768
0.743,-2.16911641511846
0.7435,1.86137645604792
0.744,1.03003273783222
0.7445,-2.48699413317645
0.745,0.517222812648895
0.7455,2.17859543466642
0.746,-1.85156764595826
0.7465,-1.02219428120103
0.747,2.49515701941311
0.7475,-0.507082625518675
0.748,-2.16977386621072
0.7485,1.86039028312202
0.749,1.03167635926441
0.7495,-2.48666540738895
0.75,0.515907915269715
0.7505,2.17925288337686
0.751,-1.85091019530781
0.7515,-1.02350918059788
0.752,2.49515701941311
0.7525,-0.505439002394505
0.753,-2.17010259175721
0.7535,1.85940411019646
0.754,1.03299125640981
0.7545,-2.48633668160171
0.755,0.514264293544502
0.7555,2.17991033208753
0.756,-1.84959529400951
0.7565,-1.02416663029727
0.757,2.4948282949907
0.7575,-0.504452828521503
0.758,-2.1707600428509
0.7585,1.8587466615796
0.759,1.0343061535549
0.7595,-2.48633668160171
0.76,0.513278120508714
0.7605,2.18023905644296
0.761,-1.84860911803807
0.7615,-1.02581025454856
0.762,2.49449957056836
0.7625,-0.502809205402333
0.763,-2.17174621949323
0.7635,1.85743176434634
0.764,1.03562105069967
0.7645,-2.48633668160171
0.765,0.511305774435648
0.7655,2.18089650515399
0.766,-1.84795166739153
0.7665,-1.02712515395248
0.767,2.4948282949907
0.7675,-0.501823031532328
0.768,-2.17240367058931
0.7685,1.85611686711367
0.769,1.03693594784414
0.7695,-2.48633668160171
0.77,0.509990877052497
0.7705,2.18221140257676
0.771,-1.84696549142334
0.7715,-1.02876877821101
0.772,2.49449957056836
0.7725,-0.50017940841815
0.773,-2.17338984723523
0.7735,1.85578814280559
0.774,1.03857956927429
0.7745,-2.48600795581474
0.775,0.508347255322314
0.7755,2.1828688512885
0.776,-1.84565059013547
0.7765,-1.03008367762072
0.777,2.4941708461461
0.7775,-0.498864509929051
0.778,-2.17371857278435
0.7785,1.85480196988158
0.779,1.03989446641807
0.7795,-2.48502177845537
0.78,0.507689806629852
0.7805,2.18385502435655
0.781,-1.84466441417184
0.7815,-1.03139857703301
0.782,2.4941708461461
0.7825,-0.497220886820479
0.783,-2.17503347498322
0.7835,1.85315834834231
0.784,1.04120936356154
0.7845,-2.48535050424156
0.785,0.506374909244262
0.7855,2.18418374871269
0.786,-1.84367823821016
0.7865,-1.03271347644787
0.787,2.49449957056836
0.7875,-0.495577263715019
0.788,-2.17536220053354
0.7885,1.85217217541919
0.789,1.04219553641894
0.7895,-2.48567923002802
0.79,0.504402563164207
0.7905,2.18484119742514
0.791,-1.84236333693096
0.7915,-1.03435710072008
0.792,2.49384212172392
0.7925,-0.494262365232889
0.793,-2.17634837718592
0.7935,1.85085727818887
0.794,1.04383915784757
0.7945,-2.48567923002802
0.795,0.503087665776388
0.7955,2.18582737049426
0.796,-1.8420346116117
0.7965,-1.03534327528534
0.797,2.49351339730182
0.7975,-0.492618742133022
0.798,-2.17733455384047
0.7985,1.85052855388138
0.799,1.04515405499013
0.7995,-2.48502177845537
0.8,0.501444044040358
0.8005,2.18648481920731
0.801,-1.84071971033683
0.8015,-1.036986899564
0.802,2.49351339730182
0.8025,-0.490975119036258
0.803,-2.17766327939246
0.8035,1.84954238095913
0.804,1.04679767641792
0.8045,-2.48502177845537
0.805,0.499800422302929
0.8055,2.1871422679206
0.806,-1.84006225970069
0.8065,-1.03830179898984
0.807,2.4931846728798
0.8075,-0.489988945179688
0.808,-2.17864945604988
0.8085,1.84822748372998
0.809,1.04811257355981
0.8095,-2.48502177845537
0.81,0.498156800564098
0.8105,2.18779971663412
0.811,-1.83874735843102
0.8115,-1.03961669841826
0.812,2.4931846728798
0.8125,-0.488674046705997
0.813,-2.17930690715602
0.8135,1.84691258650142
0.814,1.04942747070141
0.8145,-2.48469305266943
0.815,0.497170627520125
0.8155,2.18878588970485
0.816,-1.83776118248104
0.8165,-1.04093159784926
0.817,2.4931846728798
0.8175,-0.486701698999176
0.818,-2.17996435826312
0.8185,1.84592641358037
0.819,1.05041364355742
0.8195,-2.48436432688376
0.82,0.495527005779045
0.8205,2.18944333841897
0.821,-1.83677500653301
0.8215,-1.04257522214166
0.822,2.49285594845787
0.8225,-0.485386800530437
0.823,-2.18029308381704
0.8235,1.84559768927343
0.824,1.05271471355412
0.8245,-2.48403560109835
0.825,0.494212108385166
0.8255,2.19010078713333
0.826,-1.83546010527199
0.8265,-1.04356139671904
0.827,2.49252722403601
0.8275,-0.483743177447294
0.828,-2.18160798603508
0.8285,1.84428279204602
0.829,1.05370088640958
0.8295,-2.48370687531319
0.83,0.492568486641547
0.8305,2.19141568456277
0.831,-1.83480265464278
0.8315,-1.04487629615781
0.832,2.49252722403601
0.8325,-0.482428278983004
0.833,-2.18193671159019
0.8335,1.84362534343253
0.834,1.05567323212001
0.8345,-2.48304942374367
0.835,0.491253589245633
0.8355,2.19174440892028
0.836,-1.83315902807354
0.8365,-1.04619119559918
0.837,2.49285594845787
0.8375,-0.480784655905418
0.838,-2.18292288825696
0.8385,1.84231044620599
0.839,1.05665940497498
0.8395,-2.4833781495283
0.84,0.489609967499466
0.8405,2.19240185763548
0.841,-1.83250157744735
0.8415,-1.04750609504314
0.842,2.49252722403601
0.8425,-0.479141032830915
0.843,-2.18325161381303
0.8435,1.84165299759293
0.844,1.05830302639958
0.8445,-2.4833781495283
0.845,0.48829507010151
0.8455,2.19338803070872
0.846,-1.83151540150969
0.8465,-1.04882099448969
0.847,2.49186977519254
0.8475,-0.478154858987692
0.848,-2.18423779048269
0.8485,1.84033810036726
0.849,1.05928919925412
0.8495,-2.4833781495283
0.85,0.486980172702644
0.8505,2.19404547942452
0.851,-1.82987177495125
0.8515,-1.05013589393884
0.852,2.49219849961424
0.8525,-0.476511235918116
0.853,-2.18489524159699
0.8535,1.83902320314215
0.854,1.06060409639326
0.8545,-2.48304942374367
0.855,0.485665275302867
0.8555,2.19470292814056
0.856,-1.82921432432938
0.8565,-1.05177951825394
0.857,2.49154105077093
0.8575,-0.47519633746467
0.858,-2.18555269271225
0.8585,1.8380370302237
0.859,1.06159026924743
0.8595,-2.48239197217519
0.86,0.483364204851059
0.8605,2.19601782557336
0.861,-1.8282281483982
0.8615,-1.05276569284494
0.862,2.49186977519254
0.8625,-0.473223989788189
0.863,-2.18653886938695
0.8635,1.83705085730556
0.864,1.06290516638608
0.8645,-2.4827206979593
0.865,0.482378031799427
0.8655,2.19634654993171
0.866,-1.82724197246896
0.8665,-1.05440931716653
0.867,2.49154105077093
0.8675,-0.471909091339658
0.868,-2.18686759494566
0.8685,1.83639340869365
0.869,1.064548787809
0.8695,-2.48304942374367
0.87,0.480734410045561
0.8705,2.19667527429012
0.871,-1.82691324715964
0.8715,-1.05638166635781
0.872,2.49121232634939
0.8725,-0.470922917504548
0.873,-2.18785377162324
0.8735,1.83540723577605
0.874,1.06586368494703
0.8745,-2.4827206979593
0.875,0.479419512641435
0.8755,2.19733272300712
0.876,-1.8252696206163
0.8765,-1.05703911608954
0.877,2.49154105077093
0.8775,-0.468950569837639
0.878,-2.18883994830299
0.8785,1.83409233855309
0.879,1.06717858208477
0.8795,-2.48206324639134
0.88,0.478104615236389
0.8805,2.19799017172437
0.881,-1.82428344469288
0.8815,-1.05868274042171
0.882,2.49055487750657
0.8825,-0.468293120616317
0.883,-2.18916867386338
0.8835,1.83310616563623
0.884,1.06849347922225
0.8845,-2.48206324639134
0.885,0.476460993478786
0.8855,2.19864762044185
0.886,-1.82362599407835
0.8865,-1.05999763989038
0.887,2.49055487750657
0.8875,-0.466978222175141
0.888,-2.18982612498489
0.8885,1.83179126841425
0.889,1.06915092779088
0.8895,-2.48173452060775
0.89,0.474817371719742
0.8905,2.19897634480068
0.891,-1.82231109285186
0.8915,-1.06164126422988
0.892,2.49055487750657
0.8925,-0.465005874517048
0.893,-2.19081230166897
0.8935,1.83047637119284
0.894,1.07112327349637
0.8945,-2.48107706904135
0.895,0.473831198663621
0.8955,2.19996251787755
0.896,-1.82165364223991
0.8965,-1.06229871396683
0.897,2.48989742866406
0.8975,-0.463690976080765
0.898,-2.19114102723081
0.8985,1.82981892258234
0.899,1.07243817063303
0.8995,-2.48107706904135
0.9,0.471858852549818
0.9005,2.20127741531421
0.901,-1.82066746632359
0.9015,-1.06394233831204
0.902,2.48989742866406
0.9025,-0.462704802254835
0.903,-2.19245592948057
0.9035,1.82883274966686
0.904,1.07342434348534
0.9045,-2.48107706904135
0.905,0.470543955139456
0.9055,2.2019348640329
0.906,-1.81935256510486
0.9065,-1.06525723779116
0.907,2.48956870424293
0.9075,-0.460732454606271
0.908,-2.19278465504361
0.9085,1.82751785244671
0.909,1.07539668918952
0.9095,-2.48107706904135
0.91,0.469229057728165
0.9105,2.20259231275184
0.911,-1.81836638919306
0.9115,-1.06624341240221
0.912,2.48956870424293
0.9125,-0.459088831569154
0.913,-2.19377083173418
0.9135,1.82718912814176
0.914,1.07704031060922
0.9145,-2.48074834325855
0.915,0.467585435962742
0.9155,2.20324976147102
0.916,-1.81770893858627
0.9165,-1.06788703675722
0.917,2.48923997982188
0.9175,-0.457773933141655
0.918,-2.19409955729818
0.9185,1.82587423092231
0.919,1.07769775917698
0.9195,-2.480419617476
0.92,0.465941814195861
0.9205,2.2035784858307
0.921,-1.81639403737528
0.9215,-1.06920193624418
0.922,2.48956870424293
0.9225,-0.456459034716103
0.923,-2.19508573399164
0.9235,1.82488805800809
0.924,1.0790126563123
0.9245,-2.480419617476
0.925,0.464955641135032
0.9255,2.20489338327003
0.926,-1.81540786146929
0.9265,-1.07051683573376
0.927,2.48891125540091
0.9275,-0.454486687081424
0.928,-2.19574318512182
0.9285,1.82390188509418
0.929,1.0809850020148
0.9295,-2.48009089169371
0.93,0.463312019365814
0.9305,2.20522210763002
0.931,-1.81442168556523
0.9315,-1.07183173522596
0.932,2.48891125540091
0.9325,-0.453171788660735
0.933,-2.19640063625296
0.9335,1.82291571218058
0.934,1.08197117486583
0.9345,-2.48009089169371
0.935,0.461668397595131
0.9355,2.20620828071034
0.936,-1.8134355096631
0.9365,-1.07314663472078
0.937,2.48858253098002
0.9375,-0.451856890241989
0.938,-2.19705808738506
0.9385,1.82160081496294
0.939,1.08328607200031
0.9395,-2.47976216591169
0.94,0.460024775822981
0.9405,2.20653700507057
0.941,-1.81244933376291
0.9415,-1.074790259093
0.942,2.48858253098002
0.9425,-0.450870716429204
0.943,-2.19837298965217
0.9435,1.82028591774585
0.944,1.08460096913453
0.9445,-2.47976216591169
0.945,0.458709878404202
0.9455,2.20719445379121
0.946,-1.81179188316386
0.9465,-1.07610515859372
0.947,2.48825380655921
0.9475,-0.449227093410321
0.948,-2.19837298965217
0.9485,1.81929974483339
0.949,1.0859158662685
0.9495,-2.47943344012992
0.95,0.457394980984481
0.9505,2.20818062687262
0.951,-1.81047698196832
0.9515,-1.07742005809707
0.952,2.48759635771783
0.9525,-0.447254745791658
0.953,-2.19903044078716
0.9535,1.81864229622526
0.954,1.0875594876856
0.9545,-2.47943344012992
0.955,0.455751359208502
0.9555,2.20850935123322
0.956,-1.80949080607393
0.9565,-1.07840623272631
0.957,2.48759635771783
0.9575,-0.446268571983961
0.958,-2.20001661749147
0.9585,1.81732739900941
0.959,1.08854566053567
0.9595,-2.47943344012992
0.96,0.454436461786656
0.9605,2.20949552431537
0.961,-1.80883335547873
0.9615,-1.08004985711166
0.962,2.48759635771783
0.9625,-0.444296224371833
0.963,-2.20034534306005
0.9635,1.8160125017941
0.964,1.08986055766888
0.9645,-2.47910471434842
0.965,0.452792840008015
0.9655,2.20949552431537
0.966,-1.80784717958755
0.9665,-1.08169348150112
0.967,2.48726763329726
0.9675,-0.4433100505674
0.968,-2.20100279419794
0.9685,1.81568377749036
0.969,1.09150417908504
0.9695,-2.47844726278619
0.97,0.451806666940119
0.9705,2.21081042175909
0.971,-1.80653227840231
0.9715,-1.08300838101565
0.972,2.48693890887677
0.9725,-0.441995152163179
0.973,-2.20264642204689
0.9735,1.81436888027574
0.974,1.09249035193455
0.9745,-2.47844726278619
0.975,0.449834320802724
0.9755,2.21179659484253
0.976,-1.80554610251562
0.9765,-1.08432328053281
0.977,2.48693890887677
0.9775,-0.440351529160619
0.978,-2.20264642204689
0.9785,1.81338270736513
0.979,1.09413397335009
0.9795,-2.47811853700546
0.98,0.448190699019925
0.9805,2.21245404356512
0.981,-1.80455992663087
0.9815,-1.08596690493297
0.982,2.48693890887677
0.9825,-0.43903663076074
0.983,-2.20363259875916
0.9835,1.81206781015146
0.984,1.09512014619923
0.9845,-2.47811853700546
0.985,0.446875801592613
0.9855,2.21311149228797
0.986,-1.80324502545419
0.9865,-1.08695307957504
0.987,2.48661018445636
0.9875,-0.437393007763603
0.988,-2.20429004990188
0.9885,1.81173908584813
0.989,1.0964350433312
0.9895,-2.477789811225
0.99,0.445232179807129
0.9905,2.21376894101105
0.991,-1.80193012428094
0.9915,-1.08859670398179
0.992,2.48661018445636
0.9925,-0.435420660171008
0.993,-2.20494750104557
0.9935,1.81009546433198
0.994,1.0984073890287
0.9945,-2.477789811225
0.995,0.444246006735121
0.9955,2.21442638973439
0.996,-1.80094394840325
0.9965,-1.08958287862782
0.997,2.48628146003603
0.9975,-0.434434486376334
0.998,-2.20593367776291
0.9985,1.80910929142269
0.999,1.09972228616007
0.9995,-2.47713235966485
1,0.442602384947242
1.0005,2.21508383845797
1.001,-1.79995777252748
1.0015,-1.09089777815818
1.002,2.48595273561579
1.0025,-0.433119587985118
1.003,-2.20659112890901
1.0035,1.8081231185137
1.004,1.10070845900844
1.0045,-2.47746108544479
1.005,0.44128748751586
1.0055,2.21574128718179
1.006,-1.79897159665364
1.0065,-1.09221267769117
1.007,2.48595273561579
1.0075,-0.431804689595822
1.008,-2.20757730562997
1.0085,1.80713694560502
1.009,1.10235208042209
1.0095,-2.47680363388517
1.01,0.439972590083516
1.0105,2.21639873590586
1.011,-1.79798542078172
1.0115,-1.09418502699563
1.012,2.48529528677553
1.0125,-0.429503617419172
1.013,-2.20724858005607
1.0135,1.80615077269664
1.014,1.10333825327011
1.0145,-2.47680363388517
1.015,0.438000243933193
1.0155,2.21738490899243
1.016,-1.79667051962215
1.0165,-1.0948424767651
1.017,2.48562401119562
1.0175,-0.428846168226922
1.018,-2.20856348235311
1.0185,1.80516459978857
1.019,1.10465315040059
1.0195,-2.47647490810574
1.02,0.437014070857218
1.0205,2.21804235771712
1.021,-1.79568434375471
1.0215,-1.09582865142055
1.022,2.48529528677553
1.0225,-0.426873820653046
1.023,-2.20889220792797
1.0235,1.80450715118335
1.024,1.10596804753083
1.0245,-2.47614618232658
1.025,0.435370449062718
1.0255,2.21869980644206
1.026,-1.79502689317749
1.0265,-1.09780100073592
1.027,2.48496656235552
1.0275,-0.425558922272854
1.028,-2.20987838465401
1.0285,1.80319225397331
1.029,1.10695422037836
1.0295,-2.47647490810574
1.03,0.43405555162603
1.0305,2.21935725516724
1.031,-1.79404071731325
1.0315,-1.09878717539584
1.032,2.48463783793559
1.0325,-0.423915299300304
1.033,-2.20987838465401
1.0335,1.80187735676381
1.034,1.10859784179063
1.0345,-2.47548873076903
1.035,0.432411929828805
1.0355,2.22001470389267
1.036,-1.79305454145094
1.0365,-1.10010207494472
1.037,2.48365166467629
1.0375,-0.422600400924414
1.038,-2.21152201253559
1.0385,1.80154863246152
1.039,1.10991273892018
1.0395,-2.47581745654768
1.04,0.430768308030063
1.0405,2.22067215261835
1.041,-1.79173964030418
1.0415,-1.10207442427302
1.042,2.48365166467629
1.0425,-0.421285502550433
1.043,-2.21185073811263
1.0435,1.79990501095055
1.044,1.11122763604951
1.0445,-2.47516000499065
1.045,0.429453410589975
1.0455,2.22165832570733
1.046,-1.79075346444634
1.0465,-1.10273187405045
1.047,2.48398038909597
1.0475,-0.41964187958564
1.048,-2.2128369148452
1.0485,1.7992475623464
1.049,1.11287125746084
1.0495,-2.47548873076903
1.05,0.428138513148912
1.0505,2.22231577443363
1.051,-1.78943856330555
1.0515,-1.10404677360729
1.052,2.48365166467629
1.0525,-0.417998256623825
1.053,-2.21349436600146
1.0535,1.79793266513848
1.054,1.11418615458966
1.0545,-2.47483127921253
1.055,0.426823615706873
1.0555,2.22330194752354
1.056,-1.78845238745219
1.0565,-1.10569039805708
1.057,2.48332294025668
1.0575,-0.416683358256515
1.058,-2.21382309157995
1.0585,1.79694649223289
1.059,1.11550105171826
1.0595,-2.47483127921253
1.06,0.424851269541982
1.0605,2.22395939625045
1.061,-1.78746621160074
1.0615,-1.1070052976199
1.062,2.48365166467629
1.0625,-0.415368459891108
1.063,-2.21480926831689
1.0635,1.7959603193276
1.064,1.11681594884663
1.0645,-2.47450255343467
1.065,0.422878923374887
1.0655,2.22395939625045
1.066,-1.78648003575122
1.0665,-1.10766274740231
1.067,2.4826654914177
1.0675,-0.413724836937023
1.068,-2.21546671947605
1.0685,1.794645422121
1.069,1.11780212169276
1.0695,-2.47483127921253
1.07,0.42156402592893
1.0705,2.22461684497762
1.071,-1.78582258518593
1.0715,-1.10963509675353
1.072,2.4826654914177
1.0725,-0.412081213985907
1.073,-2.21645289621662
1.0735,1.79333052491493
1.074,1.11944574310271
1.0745,-2.47450255343467
1.075,0.42024912848199
1.0755,2.22560301806884
1.076,-1.78450768405791
1.0765,-1.11094999632434
1.077,2.48299421583715
1.0775,-0.410766315627149
1.078,-2.21678162179729
1.0785,1.79267307631208
1.079,1.12108936451232
1.0795,-2.47384510187972
1.08,0.41860550667193
1.0805,2.22626046679663
1.081,-1.7831927829333
1.0815,-1.11226489589782
1.082,2.48233676699833
1.0825,-0.409122692681367
1.083,-2.21743907295936
1.0835,1.79135817910679
1.084,1.12240426163977
1.0845,-2.47384510187972
1.085,0.417290609222773
1.0855,2.22691791552466
1.086,-1.78253533237226
1.0865,-1.11357979547396
1.087,2.48233676699833
1.0875,-0.407807794326874
1.088,-2.21809652412241
1.0885,1.79070073050434
1.089,1.123719158767
1.0895,-2.47351637610264
1.09,0.416304436135256
1.0905,2.22757536425295
1.091,-1.78122043125275
1.0915,-1.11489469505276
1.092,2.48167931815983
1.0925,-0.406164171386419
1.093,-2.21875397528642
1.0935,1.78938583329983
1.094,1.12536278017574
1.0945,-2.47351637610264
1.095,0.414332089958554
1.0955,2.22856153734585
1.096,-1.7808917059734
1.0965,-1.11620959463424
1.097,2.48167931815983
1.0975,-0.404849273036183
1.098,-2.21974015203426
1.0985,1.78905710899878
1.099,1.12634895302083
1.0995,-2.47318765032582
1.1,0.413017192506181
1.1005,2.22954771043931
1.101,-1.77957680485814
1.1015,-1.11752449421838
1.102,2.48200804257904
1.1025,-0.403205650101045
1.103,-2.22006887761736
1.1035,1.78807093609583
1.104,1.12766385014743
1.1045,-2.47318765032582
1.105,0.411702295052815
1.1055,2.22987643480392
1.106,-1.77826190374628
1.1065,-1.1188393938052
1.107,2.4813505937407
1.1075,-0.401562027168858
1.108,-2.22072632878428
1.1085,1.78642731459156
1.109,1.12897874727381
1.1095,-2.47253019877295
1.11,0.41005867323471
1.1105,2.2302051591686
1.111,-1.77694700263781
1.1115,-1.12048301829248
1.112,2.48167931815983
1.1125,-0.40057585341096
1.113,-2.22171250553648
1.1135,1.78544114168938
1.114,1.12996492011847
1.1145,-2.47285892454925
1.115,0.408743775779105
1.1155,2.231191332263
1.116,-1.77628955208485
1.1165,-1.12179791788532
1.117,2.48102186932165
1.1175,-0.399260955068746
1.118,-2.22236995670584
1.1185,1.78445496878749
1.119,1.1312798172445
1.1195,-2.47253019877295
1.12,0.407428878322504
1.1205,2.23152005662792
1.121,-1.77497465098147
1.1215,-1.1227840925817
1.122,2.48102186932165
1.1225,-0.397288607558956
1.123,-2.22302740787616
1.1235,1.78346879588589
1.124,1.13325216293316
1.1245,-2.47220147299691
1.125,0.405785256500348
1.1255,2.23250622972307
1.126,-1.77365974988149
1.1265,-1.12442771707902
1.127,2.48036442048379
1.1275,-0.395973709221448
1.128,-2.22401358463346
1.1285,1.78215389868421
1.129,1.13423833577732
1.1295,-2.47187274722113
1.13,0.404141634676628
1.1305,2.23316367845348
1.131,-1.77333102460702
1.1315,-1.12574261667988
1.132,2.48069314490268
1.1325,-0.394987535469552
1.133,-2.22401358463346
1.1335,1.78083900148303
1.134,1.13489578434002
1.1345,-2.4715440214456
1.135,0.402826737216525
1.1355,2.23382112718415
1.136,-1.77135867296467
1.1365,-1.12705751628343
1.137,2.48036442048379
1.1375,-0.393015187968928
1.138,-2.22499976139295
1.1385,1.78018155288263
1.139,1.13653940574658
1.1395,-2.47121529567034
1.14,0.401183115389984
1.1405,2.23447857591507
1.141,-1.77102994769169
1.1415,-1.12804369098785
1.142,2.47970697164625
1.1425,-0.391700289637526
1.143,-2.22598593815462
1.1435,1.77886665568222
1.144,1.13818302715282
1.1445,-2.47088656989534
1.145,0.400196942293306
1.1455,2.23480730028062
1.146,-1.76971504660188
1.1465,-1.1293585905961
1.147,2.47970697164625
1.1475,-0.390385391307998
1.148,-2.22697211491848
1.1485,1.77755175848231
1.149,1.13916919999642
1.1495,-2.47088656989534
1.15,0.39822459609825
1.1505,2.23480730028062
1.151,-1.76840014551545
1.1515,-1.13034476530404
1.152,2.4793782472276
1.1525,-0.388741768398725
1.153,-2.22664338933029
1.1535,1.77689430988255
1.154,1.14081282140217
1.1545,-2.47055784412059
1.155,0.396580974267303
1.1555,2.23579347337765
1.156,-1.76774269497351
1.1565,-1.13231711472446
1.157,2.47904952280903
1.1575,-0.387098145492376
1.158,-2.22762956609561
1.1585,1.77590813698313
1.159,1.14179899424548
1.1595,-2.47022911834611
1.16,0.395266076801409
1.1605,2.23677964647526
1.161,-1.76642779389216
1.1615,-1.1339607392461
1.162,2.47904952280903
1.1625,-0.385783247169402
1.163,-2.2282870172737
1.1635,1.77492196408401
1.164,1.14344261565075
1.1645,-2.47055784412059
1.165,0.393951179334502
1.1655,2.23743709520731
1.166,-1.76544161808337
1.1665,-1.1349469139611
1.167,2.47872079839054
1.1675,-0.384468348848296
1.168,-2.22927319404267
1.1685,1.77360706688561
1.169,1.14475751277475
1.1695,-2.47022911834611
1.17,0.392307557499444
1.1705,2.23809454393961
1.171,-1.76445544227648
1.1715,-1.13626181358346
1.172,2.47806334955379
1.1725,-0.383482175108692
1.173,-2.22960191963281
1.1735,1.77262089398713
1.174,1.14574368561762
1.1745,-2.46957166679792
1.175,0.391321384397648
1.1755,2.23908071703853
1.176,-1.76314054120359
1.1765,-1.13790543811518
1.177,2.47839207397213
1.1775,-0.381181103053699
1.178,-2.2305880964047
1.1785,1.77163472108894
1.179,1.14738730702218
1.1795,-2.46924294102421
1.18,0.38934903819234
1.1805,2.24006689013803
1.181,-1.76215436540114
1.1815,-1.13889161283624
1.182,2.47773462513554
1.1825,-0.380194929317593
1.183,-2.23124554758717
1.1835,1.77097727249031
1.184,1.14903092842644
1.1845,-2.46891421525077
1.185,0.388034140720862
1.1855,2.24039561450465
1.186,-1.76116818960059
1.1865,-1.13987778755882
1.187,2.47806334955379
1.1875,-0.377893857270752
1.188,-2.23190299877062
1.1885,1.7696623752934
1.189,1.15034582554965
1.1895,-2.46924294102421
1.19,0.386719243248363
1.1905,2.24138178760491
1.191,-1.75985328853615
1.1915,-1.14119268719127
1.192,2.47773462513554
1.1925,-0.376907683538135
1.193,-2.23256044995504
1.1935,1.768347478097
1.194,1.15198944695339
1.1945,-2.46858548947758
1.195,0.385404345774844
1.1955,2.24203923633873
1.196,-1.75853838747508
1.1965,-1.14250758682643
1.197,2.47740590071737
1.1975,-0.375264060652766
1.198,-2.23321790114043
1.1985,1.76769002949898
1.199,1.15330434407619
1.1995,-2.46858548947758
1.2,0.384089448300302
1.2005,2.24236796070573
1.201,-1.75788093694581
1.2015,-1.14415121137417
1.202,2.47740590071737
1.2025,-0.374277886922937
1.203,-2.2338753523268
1.2035,1.76637513230331
1.204,1.15429051691816
1.2045,-2.46792803793199
1.205,0.382445826455683
1.2055,2.24335413380713
1.206,-1.75656603588981
1.2065,-1.1454661110154
1.207,2.47674845188126
1.2075,-0.372305539466412
1.208,-2.23453280351414
1.2085,1.76571768370566
1.209,1.15527668976004
1.2095,-2.46792803793199
1.21,0.380473480240024
1.2105,2.24434030690909
1.211,-1.75557986010002
1.2115,-1.14678101065933
1.212,2.47707717629927
1.2125,-0.371319365739714
1.213,-2.23519025470246
1.2135,1.76440278651073
1.214,1.15692031116294
1.2145,-2.46759931215959
1.215,0.379816031500957
1.2155,2.24466903127654
1.216,-1.75426495904992
1.2165,-1.14776718539406
1.217,2.47641972746333
1.2175,-0.369018293714804
1.218,-2.23551898029698
1.2185,1.76374533791345
1.219,1.15823520828506
1.2195,-2.46759931215959
1.22,0.377843685282213
1.2205,2.24499775564405
1.221,-1.75360750852613
1.2215,-1.14908208504272
1.222,2.47674845188126
1.2225,-0.367703395417401
1.223,-2.23617643148676
1.2235,1.76243044071926
1.224,1.15987882968747
1.2245,-2.46727058638744
1.225,0.376857512171971
1.2255,2.24598392874697
1.226,-1.75196388222034
1.2265,-1.1510544345208
1.227,2.47609100304547
1.2275,-0.366059772548247
1.228,-2.23716260827326
1.2285,1.76144426782394
1.229,1.1611937268092
1.2295,-2.46661313484392
1.23,0.374885165949744
1.2305,2.24664137748257
1.231,-1.75163515695982
1.2315,-1.15204060926212
1.232,2.47576227862769
1.2325,-0.36441614968198
1.233,-2.23683388267751
1.2335,1.76045809492889
1.234,1.16283734821113
1.2345,-2.46661313484392
1.235,0.373898992837759
1.2355,2.24729882621842
1.236,-1.7506489811795
1.2365,-1.15335550891959
1.237,2.47510482979238
1.2375,-0.363101251391042
1.238,-2.23814878506195
1.2385,1.75881447343774
1.239,1.16349479677182
1.2395,-2.46628440907255
1.24,0.372584095354205
1.2405,2.24762755058644
1.241,-1.74900535488319
1.2415,-1.15434168366447
1.242,2.47510482979238
1.2425,-0.361786353101948
1.243,-2.23913496185283
1.2435,1.75782830054342
1.244,1.16480969389309
1.2445,-2.46628440907255
1.245,0.37028302475549
1.2455,2.24861372369089
1.246,-1.74867662962456
1.2465,-1.15598530824265
1.247,2.47510482979238
1.2475,-0.360471454814697
1.248,-2.23946368745028
1.2485,1.75684212764936
1.249,1.16579586673392
1.2495,-2.46628440907255
1.25,0.368968127269081
1.2505,2.24927117242751
1.251,-1.74736172859213
1.2515,-1.15664275807512
1.252,2.47444738095738
1.2525,-0.359156556529288
1.253,-2.24044986424409
1.2535,1.75552723045772
1.254,1.16743948813511
1.2545,-2.4656269575306
1.255,0.367324505409607
1.2555,2.24992862116438
1.256,-1.74604682756307
1.2565,-1.15894383249408
1.257,2.47444738095738
1.2575,-0.357512933675112
1.258,-2.24110731544118
1.2585,1.75486978186207
1.259,1.16809693669551
1.2595,-2.46529823176001
1.26,0.365680883548503
1.2605,2.25025734553292
1.261,-1.7453893770498
1.2615,-1.15993000724761
1.262,2.47411865654001
1.2625,-0.356198035393839
1.263,-2.24176476663925
1.2635,1.75355488467114
1.264,1.17006928237648
1.2645,-2.46529823176001
1.265,0.364037261685767
1.2655,2.2512435186389
1.266,-1.74407447602578
1.2665,-1.16157363184023
1.267,2.47378993212271
1.2675,-0.354554412544831
1.268,-2.2424222178383
1.2685,1.75191126318316
1.269,1.17138417949692
1.2695,-2.46496950598968
1.27,0.363051088567341
1.2705,2.25190096737654
1.271,-1.74341702551503
1.2715,-1.16255980659784
1.272,2.47313248328834
1.2725,-0.353239514267689
1.273,-2.24307966903832
1.2735,1.75158253888565
1.274,1.17269907661719
1.2745,-2.4646407802196
1.275,0.361407466701988
1.2755,2.25157224300769
1.276,-1.74177339924182
1.2765,-1.16420343119726
1.277,2.47313248328834
1.2775,-0.351595891423838
1.278,-2.24373712023932
1.2785,1.75092509029072
1.279,1.17434269801732
1.2795,-2.46496950598968
1.28,0.36042129358199
1.2805,2.25321586485259
1.281,-1.74111594873401
1.2815,-1.16518960595896
1.282,2.47346120770548
1.2825,-0.350280993150818
1.283,-2.2443945714413
1.2835,1.74895274450665
1.284,1.17532887085728
1.2845,-2.46431205444979
1.285,0.35844894734022
1.2855,2.253873313591
1.286,-1.7398010477209
1.2865,-1.1665045056436
1.287,2.47280375887128
1.2875,-0.348637370312117
1.288,-2.24505202264425
1.2885,1.7482952959122
1.289,1.17664376797708
1.2895,-2.46398332868024
1.29,0.357134049844392
1.2905,2.25453076232967
1.291,-1.7391435972156
1.2915,-1.16814813025324
1.292,2.4724750344543
1.2925,-0.347322472043212
1.293,-2.24538074824609
1.2935,1.74730912302074
1.294,1.17828738937662
1.2945,-2.46398332868024
1.295,0.355819152347509
1.2955,2.25518821106859
1.296,-1.73749997095603
1.2965,-1.16913430502106
1.297,2.4724750344543
1.2975,-0.345678849209651
1.298,-2.24636692505309
1.2985,1.74566550153557
1.299,1.17927356221623
1.2995,-2.46398332868024
1.3,0.354175530474922
1.3005,2.25551693543815
1.301,-1.7365137952028
1.3015,-1.17044920471389
1.302,2.47181758562057
1.3025,-0.344363950944854
1.303,-2.24735310186228
1.3035,1.7450080529417
1.304,1.18058845933558
1.3045,-2.46299715137314
1.305,0.352203184225637
1.3055,2.25617438417746
1.306,-1.73552761945145
1.3065,-1.17176410440944
1.307,2.47181758562057
1.3075,-0.343049052681881
1.308,-2.24702437625897
1.3085,1.74402188005113
1.309,1.18157463217499
1.3095,-2.46299715137314
1.31,0.351217011100102
1.3105,2.25716055728691
1.311,-1.73454144370199
1.3115,-1.17307900410772
1.312,2.47148886120383
1.3125,-0.341076705290838
1.313,-2.24768182746583
1.3135,1.7427069828641
1.314,1.18321825357382
1.3145,-2.46299715137314
1.315,0.349573389222883
1.3155,2.25781800602686
1.316,-1.73322654270564
1.3165,-1.17472262873442
1.317,2.47148886120383
1.3175,-0.339761807032418
1.318,-2.24932545548727
1.3185,1.74139208567754
1.319,1.184204426413
1.3195,-2.46266842560462
1.32,0.348258491719913
1.3205,2.25847545476707
1.321,-1.73224036696057
1.3215,-1.17570880351249
1.322,2.47116013678716
1.3225,-0.338118184211949
1.323,-2.24965418109229
1.3235,1.74073463708444
1.324,1.18617677209113
1.3245,-2.46233969983636
1.325,0.346614869839705
1.3255,2.25913290350754
1.326,-1.73092546597008
1.3265,-1.17702370321898
1.327,2.47083141237057
1.3275,-0.336803285957618
1.328,-2.25031163230307
1.3285,1.739748464195
1.329,1.18782039348933
1.3295,-2.46168224830063
1.33,0.34529997233434
1.3305,2.26011907661873
1.331,-1.72928183973666
1.3315,-1.17800987800064
1.332,2.47050268795406
1.3325,-0.335159663142257
1.333,-2.25096908351482
1.3335,1.73876229130582
1.334,1.18880656632814
1.3345,-2.46135352253315
1.335,0.343656350451133
1.3355,2.26077652535985
1.336,-1.72928183973666
1.3365,-1.17965350264016
1.337,2.46984523912129
1.3375,-0.333844764892008
1.338,-2.25162653472755
1.3385,1.73744739412065
1.339,1.18979273916687
1.3395,-2.46102479676593
1.34,0.342341452943366
1.3405,2.2611052497305
1.341,-1.72796693875369
1.3415,-1.18129712728397
1.342,2.47050268795406
1.3425,-0.332529866643571
1.343,-2.25261271154849
1.3435,1.73646122123207
1.344,1.19143636056457
1.3445,-2.46135352253315
1.345,0.341026555434528
1.3455,2.26176269847201
1.346,-1.72698076301866
1.3465,-1.1826120270021
1.347,2.46951651470501
1.3475,-0.330886243835571
1.348,-2.25294143715596
1.3485,1.73514632404771
1.349,1.19242253340309
1.3495,-2.46135352253315
1.35,0.339382933546974
1.3505,2.26209142284286
1.351,-1.72566586204153
1.3515,-1.18359820179249
1.352,2.46951651470501
1.3525,-0.329242621030397
1.353,-2.25392761397983
1.3535,1.73416015115974
1.354,1.193737430521
1.3545,-2.46069607099897
1.355,0.338068036035724
1.3555,2.26274887158475
1.356,-1.72467968631088
1.3565,-1.18491310151542
1.357,2.46885906587271
1.3575,-0.327598998228046
1.358,-2.25425633958828
1.3585,1.73317397827202
1.359,1.19538105191819
1.3595,-2.46036734523227
1.36,0.335766965388449
1.3605,2.26406376906931
1.361,-1.72369351058211
1.3615,-1.1862280012411
1.362,2.46885906587271
1.3625,-0.32661282454799
1.363,-2.25491379080591
1.3635,1.7318590810888
1.364,1.19603850047701
1.3645,-2.46003861946583
1.365,0.334452067874239
1.3655,2.26373504469807
1.366,-1.72237860961333
1.3665,-1.18721417603716
1.367,2.46853034145667
1.3675,-0.32464047719092
1.368,-2.25589996763419
1.3685,1.73054418390603
1.369,1.19735339759454
1.3695,-2.46003861946583
1.37,0.333137170358951
1.3705,2.26439249344061
1.371,-1.72172115913019
1.3715,-1.18885780070069
1.372,2.46820161704072
1.3725,-0.323325578955127
1.373,-2.25589996763419
1.3735,1.72922928672372
1.374,1.19899701899128
1.3745,-2.45970989369964
1.375,0.331822272842583
1.3755,2.26570739092647
1.376,-1.72040625816641
1.3765,-1.19017270043461
1.377,2.46853034145667
1.3775,-0.322010680721133
1.378,-2.25655741885427
1.3785,1.72890056242821
1.379,1.20031191610852
1.3795,-2.45905244216805
1.38,0.330178650945601
1.3805,2.2660361152981
1.381,-1.71942008244576
1.3815,-1.19148760017129
1.382,2.46787289262484
1.3825,-0.320367057931172
1.383,-2.25754359568623
1.3835,1.72758566524646
1.384,1.20195553750489
1.3845,-2.45938116793372
1.385,0.328863753426797
1.3855,2.26636483966979
1.386,-1.71876263196638
1.3865,-1.19345994978146
1.387,2.46688671937769
1.3875,-0.319052159701224
1.388,-2.25820104690876
1.3885,1.72627076806516
1.389,1.20294171034262
1.3895,-2.4583949906375
1.39,0.326891407146556
1.3905,2.26702228841337
1.391,-1.7174477310101
1.3915,-1.19411739965289
1.392,2.46688671937769
1.3925,-0.317737261473072
1.393,-2.25885849813227
1.3935,1.72561331947467
1.394,1.20359915890106
1.3945,-2.4583949906375
1.395,0.325576509625037
1.3955,2.26767973715721
1.396,-1.71613283005715
1.3965,-1.1957610243345
1.397,2.46655799496213
1.3975,-0.316422363246714
1.398,-2.25984467496938
1.3985,1.72429842229404
1.399,1.20524278029704
1.3995,-2.4583949906375
1.4,0.323932887721608
1.4005,2.26800846152923
1.401,-1.71514665434462
1.4015,-1.1974046490204
1.402,2.46688671937769
1.4025,-0.314778740466288
1.403,-2.26050212619534
1.4035,1.72331224940887
1.404,1.20688640169282
1.4045,-2.4583949906375
1.405,0.322617990197638
1.4055,2.26899463464568
1.406,-1.71448920387064
1.4065,-1.19871954877224
1.407,2.46622927054664
1.4075,-0.313463842243963
1.408,-2.26083085180869
1.4085,1.72232607652394
1.409,1.20820129880931
1.4095,-2.45740881334361
1.41,0.321303092672576
1.4105,2.26998080776271
1.411,-1.71317430292518
1.4115,-1.20003444852683
1.412,2.46590054613124
1.4125,-0.311820219468572
1.413,-2.26115957742229
1.4135,1.72068245504961
1.414,1.20885874736751
1.4145,-2.45773753910798
1.415,0.319330746382933
1.4155,2.27030953213518
1.416,-1.71185940198304
1.4165,-1.20134934828418
1.417,2.46557182171592
1.4175,-0.310505321250271
1.418,-2.26214575426455
1.4185,1.71969628216535
1.419,1.21083109304194
1.4195,-2.45740881334361
1.42,0.318344573237188
1.4205,2.27096698088033
1.421,-1.71087322627862
1.4215,-1.20233552310401
1.422,2.46524309730067
1.4225,-0.309190423033756
1.423,-2.26280320549395
1.4235,1.71871010928133
1.424,1.21214599015807
1.4245,-2.4570800875795
1.425,0.317029675708568
1.4255,2.27162442962574
1.426,-1.7095583253423
1.4265,-1.20397914780719
1.427,2.46524309730067
1.4275,-0.307875524819026
1.428,-2.26378938233989
1.4285,1.71772393639756
1.429,1.21346088727409
1.4295,-2.45675136181565
1.43,0.315386053796249
1.4305,2.27195315399854
1.431,-1.70857214964223
1.4315,-1.20496532263116
1.432,2.4649143728855
1.4325,-0.305574452947539
1.433,-2.2641181079557
1.4335,1.71673776351404
1.434,1.21444706011103
1.4345,-2.45642263605205
1.435,0.314071156265157
1.4355,2.2732680514904
1.436,-1.70758597394404
1.4365,-1.20660894734125
1.437,2.46458564847041
1.4375,-0.304917003842402
1.438,-2.26444683357175
1.4385,1.7154228663364
1.439,1.21609068150578
1.4395,-2.45609391028872
1.44,0.312098809966454
1.4405,2.27359677586353
1.441,-1.70627107301602
1.4415,-1.20693767228379
1.442,2.46458564847041
1.4425,-0.30294465652966
1.443,-2.26510428480459
1.4435,1.71476541774774
1.444,1.21707685434255
1.4445,-2.45609391028872
1.445,0.311112636816172
1.4455,2.27392550023672
1.446,-1.70528489732218
1.4465,-1.2092387468864
1.447,2.46392819964047
1.4475,-0.301301033772099
1.448,-2.26543301042137
1.4485,1.71345052057074
1.449,1.21839175145815
1.4495,-2.45510773300026
1.45,0.309797739281496
1.4505,2.27524039773016
1.451,-1.70396999639996
1.4515,-1.20989619677442
1.452,2.4642569240554
1.4525,-0.299986135568048
1.453,-2.26674791289098
1.4535,1.71246434768829
1.454,1.21970664857364
1.4545,-2.45477900723796
1.455,0.308482841745715
1.4555,2.27589784647727
1.456,-1.70298382071048
1.4565,-1.21121109655254
1.457,2.46359947522562
1.4575,-0.298671237365772
1.458,-2.26740536412726
1.4585,1.71147817480607
1.459,1.22135026996785
1.4595,-2.45510773300026
1.46,0.306510495439966
1.4605,2.27589784647727
1.461,-1.70199764502285
1.4615,-1.21219727138795
1.462,2.46327075081085
1.4625,-0.29702761461542
1.463,-2.26773408974577
1.4635,1.7104920019241
1.464,1.22233644280429
1.4645,-2.45412155571414
1.465,0.305195597901413
1.4655,2.27688401959843
1.466,-1.70068274410892
1.4665,-1.21416962106345
1.467,2.46294202639615
1.4675,-0.295383991867837
1.468,-2.26839154098352
1.4685,1.70950582904237
1.469,1.22463751275577
1.4695,-2.45346410419135
1.47,0.30388070036175
1.4705,2.27754146834619
1.471,-1.69969656842565
1.4715,-1.21548452085059
1.472,2.46294202639615
1.4725,-0.293740369123018
1.473,-2.26872026660277
1.4735,1.70819093186711
1.474,1.22562368559202
1.4745,-2.45346410419135
1.475,0.302237078435607
1.4755,2.27852764146834
1.476,-1.69871039274424
1.4765,-1.2161419707452
1.477,2.46261330198153
1.4775,-0.292096746380962
1.478,-2.26904899222226
1.4785,1.70720475898594
1.479,1.22660985842822
1.4795,-2.45313537843034
1.48,0.300593456507723
1.4805,2.27951381459108
1.481,-1.69772421706468
1.4815,-1.21745687053651
1.482,2.462284577567
1.4825,-0.290781848189305
1.483,-2.26970644346198
1.4835,1.70588986181142
1.484,1.22825347982175
1.4845,-2.45280665266959
1.485,0.29927855896416
1.4855,2.27951381459108
1.486,-1.69640931616151
1.4865,-1.2187717703306
1.487,2.46195585315253
1.4875,-0.289466949999412
1.488,-2.27102134594438
1.4885,1.70523241322433
1.489,1.2292396526578
1.4895,-2.45280665266959
1.49,0.29796366141948
1.4905,2.27984253896546
1.491,-1.6954231404863
1.4915,-1.22008667012748
1.492,2.46195585315253
1.4925,-0.287165878171341
1.493,-2.27135007156559
1.4935,1.70391751605045
1.494,1.23088327405109
1.4945,-2.4524779269091
1.495,0.296648763873682
1.4955,2.28049998771441
1.496,-1.69410823958891
1.4965,-1.22140156992714
1.497,2.46195585315253
1.4975,-0.286508429078597
1.498,-2.27200752280876
1.4985,1.702602618877
1.499,1.23219817116562
1.4995,-2.4524779269091
1.5,0.295005141939858
1.5005,2.28214360958795
1.501,-1.69345078914146
1.5015,-1.22271646972958
1.502,2.46129840432385
1.5025,-0.28519353089443
1.503,-2.27266497405291
1.5035,1.70161644599719
1.504,1.23318434400145
1.5045,-2.45214920114887
1.505,0.293361520004281
1.5055,2.28214360958795
1.506,-1.69180716302643
1.5065,-1.22403136953481
1.507,2.46064095549548
1.5075,-0.283221183621475
1.508,-2.27299369967535
1.5085,1.70063027311761
1.509,1.23417051683723
1.5095,-2.45182047538889
1.51,0.292046622454555
1.5105,2.28280105833783
1.511,-1.6908209873599
1.5115,-1.22534626934283
1.512,2.46031223108141
1.5125,-0.281906285441701
1.513,-2.27365115092098
1.5135,1.69964410023827
1.514,1.23581413823008
1.5145,-2.45116302386972
1.515,0.290074276127857
1.5155,2.28378723146315
1.516,-1.68950608647407
1.5165,-1.22666116915364
1.517,2.46064095549548
1.5175,-0.280262662719452
1.518,-2.27430860216759
1.5185,1.69832920306619
1.519,1.23680031106572
1.5195,-2.45116302386972
1.52,0.288759378575315
1.5205,2.28378723146315
1.521,-1.68851991081186
1.5215,-1.22830479392108
1.522,2.45932605783968
1.5225,-0.278947764543624
1.523,-2.27529477903936
1.5235,1.6973430301874
1.524,1.23811520817984
1.5245,-2.45083429811053
1.525,0.287115756633051
1.5255,2.28444468021369
1.526,-1.6872050099318
1.5265,-1.22994841869288
1.527,2.45998350666742
1.5275,-0.277304141826303
1.528,-2.27595223028843
1.5285,1.69602813301604
1.529,1.23975882957236
1.5295,-2.45083429811053
1.53,0.285800859077967
1.5305,2.2851021289645
1.531,-1.68654755949301
1.5315,-1.23093459355806
1.532,2.45932605783968
1.5325,-0.275660519111717
1.533,-2.27628095591334
1.5335,1.6950419601378
1.534,1.24074500240781
1.5345,-2.45017684659291
1.535,0.284814685910912
1.5355,2.28543085334
1.536,-1.68556138383637
1.5365,-1.23224949338074
1.537,2.45932605783968
1.5375,-0.274345620942014
1.538,-2.27726713278954
1.5385,1.69405578725979
1.539,1.24205989952166
1.5395,-2.44984812083448
1.54,0.282842339574888
1.5405,2.2860883020912
1.541,-1.68457520818158
1.5415,-1.23323566824959
1.542,2.45801116018513
1.5425,-0.273688171857818
1.543,-2.27759585841544
1.5435,1.69306961438201
1.544,1.24337479663544
1.5445,-2.44951939507632
1.545,0.28152744201612
1.5455,2.28674575084267
1.546,-1.68358903252864
1.5465,-1.23520801799201
1.547,2.45735371135832
1.5475,-0.271715824607847
1.548,-2.27825330966796
1.5485,1.69142599291956
1.549,1.24436096947071
1.5495,-2.44919066931841
1.55,0.279883820066061
1.5505,2.28740319959441
1.551,-1.68227413166094
1.5515,-1.23619419286558
1.552,2.45735371135832
1.5525,-0.27040092644338
1.553,-2.2792394865486
1.5535,1.69011109575006
1.554,1.24567586658435
1.5545,-2.44919066931841
1.555,0.278568922504733
1.5555,2.28773192397038
1.556,-1.68095923079653
1.5565,-1.23750909269947
1.557,2.45735371135832
1.5575,-0.269086028280656
1.558,-2.2798969378036
1.5585,1.68879619858097
1.559,1.24666203941952
1.5595,-2.44919066931841
1.56,0.276596576160603
1.5605,2.28838937272251
1.561,-1.67964432993541
1.5615,-1.23849526757672
1.562,2.45702498694504
1.5625,-0.267442405579698
1.563,-2.2798969378036
1.5635,1.68781002570442
1.564,1.24830566081138
1.5645,-2.44886194356076
1.565,0.275610402987574
1.5655,2.28871809709868
1.566,-1.67898687950609
1.5665,-1.24013889237564
1.567,2.45669626253183
1.5675,-0.266127507420888
1.568,-2.28088311468794
1.5685,1.68682385282809
1.569,1.24962055792477
1.5695,-2.44853321780338
1.57,0.273966781031098
1.5705,2.28970427022758
1.571,-1.67832942907758
1.5715,-1.24079634229644
1.572,2.45669626253183
1.5725,-0.264155160185932
1.573,-2.28121184031654
1.5735,1.685837679952
1.574,1.25126417931642
1.5745,-2.44787576628937
1.575,0.272323159072832
1.5755,2.29036171898052
1.576,-1.67668580300992
1.5765,-1.24276869206304
1.577,2.45603881370565
1.5775,-0.26218281295488
1.578,-2.2818692915745
1.5785,1.68485150707613
1.579,1.25225035215135
1.5795,-2.4472183147764
1.58,0.271336985897012
1.5805,2.29101916773372
1.581,-1.67602835258429
1.5815,-1.24408359191096
1.582,2.45603881370565
1.5825,-0.261525363878729
1.583,-2.28285546846328
1.5835,1.68353660990866
1.584,1.25356524926453
1.5845,-2.4472183147764
1.585,0.269693363935877
1.5855,2.29167661648719
1.586,-1.67438472652381
1.5865,-1.24506976679874
1.587,2.45571008929268
1.5875,-0.260210465727728
1.588,-2.2835129197237
1.5885,1.68287916132508
1.589,1.25520887065591
1.5895,-2.4472183147764
1.59,0.268049741972946
1.5905,2.29200534086402
1.591,-1.67339855088998
1.5915,-1.24638466665157
1.592,2.45571008929268
1.5925,-0.258238118504471
1.593,-2.28384164535428
1.5935,1.68123553986655
1.594,1.25619504349068
1.5945,-2.44623213750888
1.595,0.266406120008216
1.5955,2.29266278961789
1.596,-1.672412375258
1.5965,-1.24802829147157
1.597,2.45538136487978
1.5975,-0.256923220357795
1.598,-2.28449909661619
1.5985,1.68024936699174
1.599,1.25750994060365
1.5995,-2.44623213750888
1.6,0.265091222435134
1.6005,2.29332023837203
1.601,-1.67109747441823
1.6015,-1.24934319133073
1.602,2.45505264046696
1.6025,-0.255279597676878
1.603,-2.28515654787908
1.6035,1.67926319411715
1.604,1.25882483771656
1.6045,-2.44590341175355
1.605,0.263118876073346
1.6055,2.29397768712643
1.606,-1.67044002399957
1.6065,-1.25032936622696
1.607,2.45439519164156
1.6075,-0.253964699534087
1.608,-2.28548527351089
1.6085,1.67761957265999
1.609,1.2601397348294
1.6095,-2.44590341175355
1.61,0.262461427285504
1.6105,2.2946351358811
1.611,-1.66879639795652
1.6115,-1.25164426609105
1.612,2.45373774281647
1.6125,-0.252321076858022
1.613,-2.28647145040783
1.6135,1.67729084836863
1.614,1.26145463194218
1.6145,-2.44491723448913
1.615,0.26016035652578
1.6155,2.29529258463604
1.616,-1.66846767274852
1.6165,-1.25263044099097
1.617,2.45373774281647
1.6175,-0.251334903253676
1.618,-2.28712890167368
1.6185,1.67531850262101
1.619,1.26244080477673
1.6195,-2.44524596024368
1.62,0.258516734552374
1.6205,2.29562130901361
1.621,-1.66682404671162
1.6215,-1.2542740658277
1.622,2.4530802939917
1.6225,-0.249033831513965
1.623,-2.28712890167368
1.6235,1.67433232974753
1.624,1.26408442616756
1.6245,-2.44458850873484
1.625,0.256873112577151
1.6255,2.29595003339125
1.626,-1.66616659629828
1.6265,-1.25558896570025
1.627,2.45275156957943
1.6275,-0.248376382446443
1.628,-2.28811507857432
1.6285,1.67301743258323
1.629,1.26507059900201
1.6295,-2.44524596024368
1.63,0.255558214995664
1.6305,2.29660748214673
1.631,-1.66485169547408
1.6315,-1.25723259054492
1.632,2.45275156957943
1.6325,-0.247061484312688
1.633,-2.28910125547719
1.6335,1.67235998400122
1.634,1.26605677183643
1.6345,-2.44458850873484
1.635,0.254572041808784
1.6355,2.29759365528044
1.636,-1.6641942450632
1.6365,-1.25789004048402
1.637,2.45209412075512
1.6375,-0.245089137115274
1.638,-2.28942998111197
1.6385,1.67104508683751
1.639,1.26737166894895
1.6395,-2.44393105722703
1.64,0.252599695433056
1.6405,2.29857982841477
1.641,-1.66255061903959
1.6415,-1.258876215394
1.642,2.45242284516723
1.6425,-0.24344551445371
1.643,-2.29008743238228
1.6435,1.6703876382558
1.644,1.2686865660614
1.6445,-2.44360233147351
1.645,0.251613522244206
1.6455,2.29857982841477
1.646,-1.66156444342787
1.6465,-1.26019111527644
1.647,2.45176539634308
1.6475,-0.242459340858056
1.648,-2.29074488365358
1.6485,1.66874401680194
1.649,1.2703301874519
1.6495,-2.44327360572025
1.65,0.249969900261327
1.6505,2.29923727717132
1.651,-1.66024954261511
1.6515,-1.26150601516171
1.652,2.45143667193112
1.6525,-0.241144442732015
1.653,-2.29140233492586
1.6535,1.66775784392991
1.654,1.27164508456424
1.6545,-2.44327360572025
1.655,0.248326278276617
1.6555,2.29989472592814
1.656,-1.65959209220995
1.6565,-1.26380708996775
1.657,2.45110794751923
1.6575,-0.23917209554616
1.658,-2.29205978619914
1.6585,1.66644294676755
1.659,1.27295998167653
1.6595,-2.44360233147351
1.66,0.246682656290075
1.6605,2.30055217468523
1.661,-1.65794846620064
1.6615,-1.2651219898608
1.662,2.4504504986957
1.6625,-0.237857197424392
1.663,-2.29271723747341
1.6635,1.66545677389603
1.664,1.27427487878877
1.6645,-2.44228742846202
1.665,0.245367758699519
1.6655,2.30088089906387
1.666,-1.65663356539686
1.6665,-1.26545071483451
1.667,2.4504504986957
1.6675,-0.235884850244939
1.668,-2.29304596311091
1.6685,1.66414187673433
1.669,1.27526105162292
1.6695,-2.44228742846202
1.67,0.244052861107787
1.6705,2.30153834782137
1.671,-1.65597611499619
1.6715,-1.26676561473111
1.672,2.44979304987248
1.6725,-0.235227401185974
1.673,-2.29370341438666
1.6735,1.66315570386331
1.674,1.27657594873507
1.6745,-2.44195870270979
1.675,0.242409239116465
1.6755,2.30219579657913
1.676,-1.65466121419731
1.6765,-1.26840923960584
1.677,2.45012177428405
1.6775,-0.233583778540425
1.678,-2.29370341438666
1.6785,1.66249825528274
1.679,1.27821957012521
1.6795,-2.44195870270979
1.68,0.24109434152208
1.6805,2.30285324533717
1.681,-1.65367503860028
1.6815,-1.26939541453281
1.682,2.44946432546099
1.6825,-0.231940155897534
1.683,-2.29468959130215
1.6835,1.6611833581219
1.684,1.27920574295925
1.6845,-2.44130125120611
1.685,0.239450719527438
1.6855,2.30318196971628
1.686,-1.65203141260932
1.6865,-1.27071031443792
1.687,2.44880687663823
1.6875,-0.2302965332573
1.688,-2.29534704258038
1.6885,1.66019718525152
1.689,1.28052064007128
1.6895,-2.44064379970345
1.69,0.237807097530948
1.6905,2.30416814285405
1.691,-1.65170268741174
1.6915,-1.27202521434587
1.692,2.44913560104957
1.6925,-0.22865291061972
1.693,-2.29567576821987
1.6935,1.65888228809133
1.694,1.28183553718326
1.6945,-2.44031507395251
1.695,0.236492199932423
1.6955,2.30449686723343
1.696,-1.65038778662344
1.6965,-1.27366883923481
1.697,2.44814942781579
1.6975,-0.227009287984791
1.698,-2.29666194513981
1.6985,1.65789611522144
1.699,1.28315043429521
1.6995,-2.44064379970345
1.7,0.234848577932599
1.7005,2.30548304037201
1.701,-1.64907288583841
1.7015,-1.27498373914915
1.702,2.44814942781579
1.7025,-0.226023114405105
1.703,-2.29764812206199
1.7035,1.65625249377208
1.704,1.28446533140712
1.7045,-2.44031507395251
1.705,0.233862404731813
1.7055,2.30581176475167
1.706,-1.64841543544711
1.7065,-1.27629863906634
1.707,2.44814942781579
1.7075,-0.224050767248589
1.708,-2.29797684770321
1.7085,1.65559504519251
1.709,1.28545150424102
1.7095,-2.43932889670124
1.71,0.231890058328235
1.7105,2.30646921351119
1.711,-1.64611435908397
1.7115,-1.27761353898637
1.712,2.4471632545827
1.7125,-0.223064593671759
1.713,-2.29797684770321
1.7135,1.65428014803362
1.714,1.28676640135287
1.7145,-2.43932889670124
1.715,0.230575160724361
1.7155,2.30679793789105
1.716,-1.64545690869634
1.7165,-1.27859971392827
1.717,2.4471632545827
1.7175,-0.221092246520951
1.718,-2.29863429898639
1.7185,1.65296525087511
1.719,1.28873874702057
1.7195,-2.43867144520168
1.72,0.22893153871784
1.7205,2.30745538665098
1.721,-1.6441420079235
1.7215,-1.27958588887176
1.722,2.4471632545827
1.7225,-0.219448623898179
1.723,-2.29929175027057
1.7235,1.65197907800647
1.724,1.2897249198544
1.7245,-2.43834271945228
1.725,0.22761664111128
1.7255,2.30844155979139
1.726,-1.643155832346
1.7265,-1.28122951378115
1.727,2.44683453017182
1.7275,-0.218133725801859
1.728,-2.29994920155574
1.7285,1.65132162942749
1.729,1.29103981696614
1.7295,-2.43801399370315
1.73,0.226301743503525
1.7305,2.30909900855199
1.731,-1.64216965677034
1.7315,-1.28254441371187
1.732,2.44617708135031
1.7325,-0.216490103183828
1.733,-2.3002779271987
1.7335,1.65000673226981
1.734,1.29235471407785
1.7345,-2.43768526795427
1.735,0.224986845894571
1.7355,2.31008518169342
1.736,-1.64118348119649
1.7365,-1.28385931364545
1.737,2.44584835693967
1.7375,-0.215175205091298
1.738,-2.30126410412906
1.7385,1.64902055940178
1.739,1.29366961118953
1.7395,-2.43735654220565
1.74,0.223343223881694
1.7405,2.31008518169342
1.741,-1.63953985524415
1.7415,-1.2848454885975
1.742,2.44584835693967
1.7425,-0.213860307000449
1.743,-2.30192155541721
1.7435,1.64770566224473
1.744,1.29465578402328
1.7445,-2.43702781645728
1.745,0.22169960186694
1.7455,2.31074263045471
1.746,-1.63855367967518
1.7465,-1.28648911352116
1.747,2.44584835693967
1.7475,-0.21221668438925
1.748,-2.30192155541721
1.7485,1.64671948937718
1.749,1.29629940541282
1.7495,-2.43669909070918
1.75,0.220055979850308
1.7505,2.31140007921627
1.751,-1.63756750410803
1.7515,-1.2878040134633
1.752,2.4448621837082
1.7525,-0.210573061780674
1.753,-2.30323645799648
1.7535,1.64573331650984
1.754,1.29761430252443
1.7545,-2.43637036496133
1.755,0.218741082235647
1.7555,2.31172880359715
1.756,-1.63625260335466
1.7565,-1.28911891340829
1.757,2.4448621837082
1.7575,-0.2092581636957
1.758,-2.30356518364192
1.7585,1.6447471436427
1.759,1.29860047535812
1.7595,-2.43604163921374
1.76,0.217097460215626
1.7605,2.31238625235912
1.761,-1.63526642779177
1.7615,-1.28944763839499
1.762,2.44453345929787
1.7625,-0.207614541091838
1.763,-2.30389390928761
1.7635,1.6431035221979
1.764,1.30024409674758
1.7645,-2.43538418771932
1.765,0.215782562598251
1.7655,2.31337242550259
1.766,-1.63362280185766
1.7665,-1.29141998831892
1.767,2.44453345929787
1.7675,-0.20629964301063
1.768,-2.30455136057973
1.7685,1.64244607362014
1.769,1.30123026958124
1.7695,-2.43538418771932
1.77,0.214467664979666
1.7705,2.31337242550259
1.771,-1.63296535148543
1.7715,-1.29273488827179
1.772,2.44354728606734
1.7725,-0.204327295891955
1.773,-2.30488008622616
1.7735,1.64145990075367
1.774,1.30254516669278
1.7745,-2.43472673622594
1.775,0.213152767359872
1.7755,2.31435859864667
1.776,-1.63197917592861
1.7765,-1.29372106323832
1.777,2.44387601047744
1.7775,-0.203012397814925
1.778,-2.30553753751977
1.7785,1.6404737278874
1.779,1.30386006380429
1.7795,-2.43472673622594
1.78,0.211509145333424
1.7805,2.31501604740973
1.781,-1.63066427518901
1.7815,-1.29536468818612
1.782,2.4425611128375
1.7825,-0.201697499739564
1.783,-2.30619498881437
1.7835,1.63915883073268
1.784,1.3051749609158
1.7845,-2.43406928473359
1.785,0.20986552330508
1.7855,2.31600222055484
1.786,-1.62934937445265
1.7865,-1.29602213816649
1.787,2.4425611128375
1.7875,-0.200053877147706
1.788,-2.30685244010997
1.7885,1.63784393357831
1.789,1.30681858230515
1.7895,-2.43406928473359
1.79,0.208221901274837
1.7905,2.31567349617307
1.791,-1.62803447371952
1.7915,-1.29766576312056
1.792,2.44223238842771
1.7925,-0.198738979076093
1.793,-2.30750989140656
1.7935,1.63685776071276
1.794,1.30780475513876
1.7945,-2.4337405589878
1.795,0.206907003649274
1.7955,2.31633094493668
1.796,-1.62770574853674
1.7965,-1.29930938807911
1.797,2.44223238842771
1.7975,-0.197095356488917
1.798,-2.30783861705523
1.7985,1.63554286355901
1.799,1.30944837652809
1.7995,-2.43341183324227
1.8,0.205592106022491
1.8005,2.3173171180826
1.801,-1.62606212262588
1.8015,-1.29996683806379
1.802,2.44157493960835
1.8025,-0.195451733904337
1.803,-2.30849606835331
1.8035,1.6342279664056
1.804,1.31010582508382
1.8045,-2.43308310749699
1.805,0.204277208394489
1.8055,2.3179745668469
1.806,-1.62507594708179
1.8065,-1.3012817380353
1.807,2.44157493960835
1.8075,-0.194136835838541
1.808,-2.3094822453023
1.8085,1.63324179354078
1.809,1.31174944647313
1.8095,-2.43209693026271
1.81,0.202633586357768
1.8105,2.31830329122915
1.811,-1.62376104635916
1.8115,-1.30259663800968
1.812,2.4405887663799
1.8125,-0.192821937774404
1.813,-2.3094822453023
1.8135,1.63126944781171
1.814,1.31306434358457
1.8145,-2.43209693026271
1.815,0.200989964319135
1.8155,2.31896073999386
1.816,-1.62310359599905
1.8165,-1.30391153798694
1.817,2.4405887663799
1.8175,-0.191835764227389
1.818,-2.31046842225353
1.8185,1.63061199923553
1.819,1.31405051641814
1.8195,-2.43176820451846
1.82,0.199346342278589
1.8205,2.31994691314143
1.821,-1.62211742046041
1.8215,-1.30588388795821
1.822,2.43993131756132
1.8225,-0.1901921416511
1.823,-2.31112587355559
1.8235,1.62962582637141
1.824,1.31503668925172
1.8245,-2.43176820451846
1.825,0.198031444644771
1.8255,2.32027563752409
1.826,-1.62080251974503
1.8265,-1.30687006294628
1.827,2.43927386874304
1.8275,-0.188548519077396
1.828,-2.31112587355559
1.8285,1.62831092921956
1.829,1.31668031064101
1.8295,-2.43143947877447
1.83,0.196059098191741
1.8305,2.32027563752409
1.831,-1.61948761903288
1.8315,-1.30818496293289
1.832,2.43894514433402
1.8325,-0.186247447478547
1.833,-2.31309822746776
1.8335,1.62765348064376
1.834,1.31766648347458
1.8345,-2.43078202728726
1.835,0.194415476145434
1.8355,2.32126181067249
1.836,-1.61883016867802
1.8365,-1.30949986292238
1.837,2.43894514433402
1.8375,-0.185589998451233
1.838,-2.31276950181511
1.8385,1.62600985920463
1.839,1.31898138058601
1.8395,-2.43045330154404
1.84,0.193758027326373
1.8405,2.32126181067249
1.841,-1.61718654279438
1.8415,-1.3111434879133
1.842,2.43861641992508
1.8425,-0.183946375884752
1.843,-2.31309822746776
1.8435,1.62502368634141
1.844,1.31996755341958
1.8445,-2.43012457580108
1.845,0.192114405277369
1.8455,2.32191925943844
1.846,-1.61587164209109
1.8465,-1.31212966291001
1.847,2.43795897110742
1.8475,-0.18263147783342
1.848,-2.3140844044272
1.8485,1.62370878919074
1.849,1.32128245053101
1.8495,-2.43012457580108
1.85,0.190470783226436
1.8505,2.32290543258787
1.851,-1.61521419174065
1.8515,-1.31344456290815
1.852,2.4376302466987
1.8525,-0.181316579783735
1.853,-2.3137556787738
1.8535,1.62272261632796
1.854,1.32226862336459
1.8545,-2.42946712431592
1.855,0.189155885584299
1.8555,2.32290543258787
1.856,-1.61389929104218
1.8565,-1.31475946290918
1.857,2.4376302466987
1.8575,-0.17967295722394
1.858,-2.31507058138888
1.8585,1.62173644346537
1.859,1.32391224475389
1.8595,-2.4288096728318
1.86,0.187512263529886
1.8605,2.3235628813545
1.861,-1.61258439034694
1.8615,-1.31574563791185
1.862,2.43730152229006
1.8625,-0.178029334666713
1.863,-2.31539930704327
1.8635,1.62042154631554
1.864,1.32588459042107
1.8645,-2.4288096728318
1.865,0.185868641473536
1.8655,2.32422033012141
1.866,-1.61159821482761
1.8665,-1.31771798792206
1.867,2.43664407347302
1.8675,-0.176714436622777
1.868,-2.31638548400794
1.8685,1.61910664916604
1.869,1.32621331469893
1.8695,-2.42848094709012
1.87,0.184553743827058
1.8705,2.32487777888859
1.871,-1.61028331413799
1.8715,-1.31837543792691
1.872,2.43631534906461
1.8725,-0.175070814070163
1.873,-2.3160567583528
1.8735,1.61812047630413
1.874,1.32785693608827
1.8745,-2.42782349560754
1.875,0.182581397355011
1.8755,2.32520650327229
1.876,-1.60962586379438
1.8765,-1.31936161293553
1.877,2.43598662465628
1.8775,-0.173755916029914
1.878,-2.31704293531897
1.8785,1.61713430344241
1.879,1.32917183319974
1.8795,-2.42782349560754
1.88,0.181923948530373
1.8805,2.32586395203989
1.881,-1.60831096310958
1.8815,-1.32100523795353
1.882,2.43532917583985
1.8825,-0.172441017991302
1.883,-2.31802911228738
1.8835,1.61549068200662
1.884,1.33015800603336
1.8845,-2.42716604412598
1.885,0.180280326467414
1.8855,2.32685012519181
1.886,-1.60666733725809
1.8865,-1.32264886297605
1.887,2.43565790024803
1.8875,-0.170468670936448
1.888,-2.31835783794402
1.8885,1.61450450914539
1.889,1.33147290314486
1.8895,-2.42683731838559
1.89,0.17830797998929
1.8905,2.32717884957592
1.891,-1.6053524365805
1.8915,-1.32330631298633
1.892,2.43532917583985
1.8925,-0.16915377290192
1.893,-2.31901528925803
1.8935,1.61351833628434
1.894,1.33311652453426
1.8945,-2.42650859264545
1.895,0.177321806749173
1.8955,2.32816502272867
1.896,-1.60469498624291
1.8965,-1.32494993801519
1.897,2.43467172702372
1.8975,-0.167838874869024
1.898,-2.32000146623093
1.8985,1.61286088771041
1.899,1.33410269736791
1.8995,-2.42650859264545
1.9,0.176006909094589
1.9005,2.32849374711305
1.901,-1.60338008557014
1.9015,-1.32593611303468
1.902,2.43434300261578
1.9025,-0.165866527822734
1.903,-2.32000146623093
1.9035,1.61154599056279
1.904,1.33541759447946
1.9045,-2.42585114116595
1.905,0.174363287024598
1.9055,2.32915119588204
1.906,-1.60239391006766
1.9065,-1.32757973807078
1.907,2.4340142782079
1.9075,-0.164880354300963
1.908,-2.32033019188906
1.9085,1.60990236912873
1.909,1.33673249159103
1.9095,-2.42519368968747
1.91,0.172390940538021
1.9105,2.32915119588204
1.911,-1.60140773456699
1.9115,-1.3282371880865
1.912,2.43335682939239
1.9125,-0.16323673176671
1.913,-2.32098764320608
1.9135,1.60891619626853
1.914,1.33771866442472
1.9145,-2.42453623821002
1.915,0.170747318463714
1.9155,2.33013736903603
1.916,-1.60009283390223
1.9165,-1.3295520881201
1.917,2.43302810498475
1.9175,-0.161921833741136
1.918,-2.32164509452409
1.9185,1.6079300234085
1.919,1.33903356153633
1.9195,-2.42453623821002
1.92,0.169761145218187
1.9205,2.33046609342084
1.921,-1.59877793324066
1.9215,-1.33119571316619
1.922,2.43269938057718
1.9225,-0.159620762200287
1.923,-2.32230254584309
1.9235,1.60694385054866
1.924,1.34067718292587
1.9245,-2.42453623821002
1.925,0.168117523140732
1.9255,2.33112354219065
1.926,-1.59812048291108
1.9265,-1.33218188819602
1.927,2.4323706561697
1.9275,-0.159292037694857
1.928,-2.32263127150297
1.9285,1.60530022911599
1.929,1.34199208003754
1.9295,-2.42420751247168
1.93,0.166473901061308
1.9305,2.33178099096075
1.931,-1.59680558225432
1.9315,-1.33349678823834
1.932,2.43171320735495
1.9325,-0.157319690664402
1.933,-2.32328872282348
1.9335,1.60431405625662
1.934,1.3429782528713
1.9345,-2.42355006099577
1.935,0.165159003396347
1.9355,2.3321097153459
1.936,-1.59581940676384
1.9365,-1.33448296327199
1.937,2.43204193176228
1.9375,-0.155347343637588
1.938,-2.32394617414498
1.9385,1.60332788339743
1.939,1.34429314998301
1.9395,-2.42355006099577
1.94,0.163844105730122
1.9405,2.3334246128872
1.941,-1.59417578095038
1.9415,-1.33546913830728
1.942,2.43171320735495
1.9425,-0.154032445621732
1.943,-2.32460362546748
1.9435,1.60234171053842
1.944,1.34560804709475
1.9445,-2.42322133525821
1.945,0.162529208062631
1.9455,2.3337533372727
1.946,-1.59351833062639
1.9465,-1.33744148838276
1.947,2.43138448294769
1.9475,-0.152717547607491
1.948,-2.32460362546748
1.9485,1.60135553767958
1.949,1.34725166848447
1.9495,-2.42223515804703
1.95,0.161214310393873
1.9505,2.3337533372727
1.951,-1.59121725449873
1.9515,-1.33842766342296
1.952,2.4307270341334
1.9525,-0.151073925091959
1.953,-2.32558980245311
1.9535,1.60004064053474
1.954,1.34823784131832
1.9545,-2.4215777065742
1.955,0.159241963888356
1.9555,2.33441078604391
1.956,-1.59088852933843
1.9565,-1.33974256347911
1.957,2.43105575854051
1.9575,-0.149759027081345
1.958,-2.32591852811549
1.9585,1.59938319196243
1.959,1.3492240141522
1.9595,-2.4215777065742
1.96,0.157927066216423
1.9605,2.33539695920124
1.961,-1.58924490353993
1.9615,-1.34105746353818
1.962,2.43039830972637
1.9625,-0.148444129072342
1.963,-2.32657597944099
1.9635,1.597739570532
1.964,1.35086763554203
1.9645,-2.4215777065742
1.965,0.156283444124717
1.9655,2.33605440797315
1.966,-1.58891617838083
1.9665,-1.34237236360016
1.967,2.42941213650574
1.9675,-0.146471782061853
1.968,-2.32723343076749
1.9685,1.59675339767398
1.969,1.35218253265393
1.9695,-2.42124898083817
1.97,0.154968546449919
1.9705,2.33605440797315
1.971,-1.58694382743041
1.9715,-1.34335853864856
1.972,2.42908341209901
1.9725,-0.145156884056868
1.973,-2.32756215643111
1.9735,1.59510977624432
1.974,1.35349742976588
1.9745,-2.42059152936688
1.975,0.153324924354627
1.9755,2.33638313235921
1.976,-1.58562892680078
1.9765,-1.34467343871565
1.977,2.42842596328579
1.9775,-0.144170710554183
1.978,-2.32887705908811
1.9785,1.59379487910093
1.979,1.35448360259986
1.9795,-2.42059152936688
1.98,0.15168130225734
1.9805,2.33704058113153
1.981,-1.58464275133065
1.9815,-1.34631706380362
1.982,2.42809723887929
1.9825,-0.142527088051712
1.983,-2.32887705908811
1.9835,1.59280870624359
1.984,1.35546977543387
1.9845,-2.42026280363162
1.985,0.150037680158053
1.9855,2.33769802990413
1.986,-1.58398530101822
1.9865,-1.34796068889616
1.987,2.42776851447287
1.9875,-0.140883465551745
1.988,-2.32986323608349
1.9885,1.59182253338642
1.989,1.35711339682393
1.9895,-2.41960535216186
1.99,0.148394058056765
1.9905,2.33802675429054
1.991,-1.58299912555107
1.9915,-1.34861813893445
1.992,2.42743979006653
1.9925,-0.139568567553571
1.993,-2.33019196174911
1.9935,1.59017891195818
1.994,1.35809956965801
1.9945,-2.41927662642737
1.995,0.147407884795031
1.9955,2.33868420306357
1.996,-1.58135549977647
1.9965,-1.34993303901324
1.997,2.42645361684795
1.9975,-0.137924945058102
1.998,-2.33052068741499
1.9985,1.58952146338701
1.999,1.3590857424921
1.9995,-2.41894790069313
2,0.145435538269394
2.0005,2.33934165183687
2.001,-1.5803693243141
2.0015,-1.35124793909495
2.002,2.42678234125407
2.0025,-0.136938771562019
2.003,-2.33117813874749
2.0035,1.5882065662449
2.004,1.36040063960427
2.0045,-2.41829044922542
2.005,0.144120640584028
2.0055,2.33967037622363
2.006,-1.57938314885351
2.0065,-1.35256283917959
2.007,2.42612489244191
2.0075,-0.135295149070541
2.008,-2.33150686441411
2.0085,1.58656294481768
2.009,1.36171553671648
2.0095,-2.41829044922542
2.01,0.142477018475511
2.0105,2.33999910061045
2.011,-1.57806824824218
2.0115,-1.35354901424499
2.012,2.42546744363006
2.0125,-0.133980251079152
2.013,-2.33216431574812
2.0135,1.58590549624692
2.014,1.36270170955067
2.0145,-2.41763299775874
2.015,0.140833396364979
2.0155,2.34098527377136
2.016,-1.5774107979377
2.0165,-1.35519263935765
2.017,2.42579616803594
2.0175,-0.132007904095055
2.018,-2.333150492751
2.0185,1.58426187482035
2.019,1.36434533094106
2.0195,-2.41763299775874
2.02,0.139847223097692
2.0205,2.34131399815846
2.021,-1.57543844702904
2.0215,-1.35617881442745
2.022,2.42546744363006
2.0225,-0.130364281611041
2.023,-2.33347921841913
2.0235,1.58327570196462
2.024,1.36566022805342
2.0245,-2.41697554629309
2.025,0.138203600983931
2.0255,2.34164272254564
2.026,-1.57478099672773
2.0265,-1.3571649894989
2.027,2.42480999481851
2.0275,-0.12872065912951
2.028,-2.3338079440875
2.0285,1.58294697767942
2.029,1.36697512516584
2.0295,-2.41631809482846
2.03,0.136888703291466
2.0305,2.3426288957076
2.031,-1.57346609612751
2.0315,-1.35880861462165
2.032,2.42415254600726
2.0325,-0.12740576114607
2.033,-2.33413666975613
2.0335,1.58130335625366
2.034,1.36829002227831
2.0345,-2.41598936909652
2.035,0.135245081174063
2.0355,2.3426288957076
2.036,-1.57247992067943
2.0365,-1.36045223974898
2.037,2.42415254600726
2.0375,-0.126419587659531
2.038,-2.33512284676352
2.0385,1.58031718339843
2.039,1.36927619511269
2.0395,-2.41566064336485
2.04,0.133930183478682
2.0405,2.34394379325785
2.041,-1.57116502008476
2.0415,-1.36110968980121
2.042,2.42415254600726
2.0425,-0.124775965183945
2.043,-2.33545157243315
2.0435,1.57933101054336
2.044,1.37091981650341
2.0445,-2.41566064336485
2.045,0.132615285782001
2.0455,2.34427251764559
2.046,-1.57017884464083
2.0465,-1.36209586488091
2.047,2.42349509719632
2.0475,-0.123132342710833
2.048,-2.33578029810303
2.0485,1.57768738911859
2.049,1.37223471361605
2.0495,-2.41500319190226
2.05,0.130971663659322
2.0505,2.34492996642129
2.051,-1.56886394405171
2.0515,-1.36308203996228
2.052,2.42349509719632
2.0525,-0.121159995746358
2.053,-2.33643774944354
2.0535,1.57702994054881
2.054,1.37354961072875
2.0545,-2.41467446617136
2.055,0.129656765959715
2.0555,2.34492996642129
2.056,-1.56787776861194
2.0565,-1.36472566510156
2.057,2.42283764838568
2.0575,-0.119845097772015
2.058,-2.33709520078506
2.0585,1.57571504340947
2.059,1.37453578356332
2.0595,-2.4143457404407
2.06,0.128013143833372
2.0605,2.34558741519726
2.061,-1.56623414288296
2.0615,-1.36604056521629
2.062,2.42218019957535
2.0625,-0.118858924292292
2.063,-2.33742392645619
2.0635,1.5744001462704
2.064,1.37552195639792
2.0645,-2.41368828898017
2.065,0.12669824613083
2.0655,2.34591613958535
2.066,-1.56524796744794
2.0665,-1.36735546533397
2.067,2.42152275076532
2.0675,-0.117215301828058
2.068,-2.33808137779921
2.0685,1.57341397341629
2.069,1.37683685351078
2.0695,-2.41335956325028
2.07,0.125054624000814
2.0705,2.34690231275005
2.071,-1.56360434172686
2.0715,-1.36867036545459
2.072,2.42119402636041
2.0725,-0.115571679366284
2.073,-2.3384101034711
2.0735,1.57209907627771
2.074,1.37913792345843
2.0745,-2.41270211179128
2.075,0.123411001868754
2.0755,2.34723103713843
2.076,-1.56261816629658
2.0765,-1.36998526557817
2.077,2.42086530195559
2.0775,-0.113928056906967
2.078,-2.33939628048826
2.0785,1.57078417913942
2.079,1.37979537201494
2.0795,-2.41270211179128
2.08,0.122096104161632
2.0805,2.34755976152687
2.081,-1.56163199086809
2.0815,-1.37064271564106
2.082,2.42086530195559
2.0825,-0.112284434450104
2.083,-2.33939628048826
2.0835,1.56979800628588
2.084,1.38078154484974
2.0845,-2.41237338606217
2.085,0.120123757598489
2.0855,2.34854593469263
2.086,-1.56097454058341
2.0865,-1.37294379086699
2.087,2.42020785314616
2.0875,-0.111298260977163
2.088,-2.34038245750767
2.0885,1.56815438486367
2.089,1.38209644196287
2.0895,-2.4117159346047
2.09,0.118808859888085
2.0905,2.34887465908136
2.091,-1.55965964001642
2.0915,-1.3736012409332
2.092,2.41987912874156
2.0925,-0.109983363014613
2.093,-2.34071118318131
2.0935,1.5674969362949
2.094,1.38308261479776
2.0945,-2.41138720887635
2.095,0.117493962176365
2.0955,2.34953210785903
2.096,-1.55834473945259
2.0965,-1.37491614106784
2.097,2.41955040433704
2.0975,-0.108011016073725
2.098,-2.34103990885521
2.0985,1.56618203915757
2.099,1.38439751191101
2.0995,-2.41105848314826
2.1,0.115850340034864
2.1005,2.34986083224797
2.101,-1.55768728917186
2.1015,-1.37623104120543
2.102,2.41889295552821
2.1025,-0.106696118115089
2.103,-2.34169736020374
2.1035,1.56519586630476
2.104,1.38571240902433
2.1045,-2.41040103169284
2.105,0.114206717891303
2.1055,2.35051828102606
2.106,-1.55604366347348
2.1065,-1.37754594134598
2.107,2.41823550671969
2.1075,-0.105381220158015
2.108,-2.34202608587839
2.1085,1.56420969345209
2.109,1.38702730613773
2.1095,-2.41040103169284
2.11,0.112563095745678
2.1105,2.35084700541521
2.111,-1.55505748805681
2.1115,-1.37853211645333
2.112,2.41856423112392
2.1125,-0.103408873225331
2.113,-2.34235481155328
2.1135,1.56289479631544
2.114,1.38867092752958
2.1145,-2.41040103169284
2.115,0.111576922457312
2.1155,2.35183317858309
2.116,-1.55374258750402
2.1165,-1.37984701659905
2.117,2.41790678231555
2.1175,-0.101765250784108
2.118,-2.34301226290382
2.1185,1.56157989917906
2.119,1.38965710036475
2.1195,-2.40908612878506
2.12,0.109933300308381
2.1205,2.35183317858309
2.121,-1.55242768695438
2.1215,-1.38116191674773
2.122,2.41724933350748
2.1225,-0.100779077320543
2.123,-2.34399843993152
2.1235,1.56026500204295
2.124,1.39097199747838
2.1245,-2.40941485451162
2.125,0.108289678157379
2.1255,2.35183317858309
2.126,-1.55144151154421
2.1265,-1.38181936682318
2.127,2.41724933350748
2.1275,-0.0991354548832116
2.128,-2.34399843993152
2.1285,1.55927882919104
2.129,1.39228689459209
2.1295,-2.40875740305876
2.13,0.106974780435085
2.1305,2.35281935175161
2.131,-1.55045533613582
2.1315,-1.3841204420931
2.132,2.41659188469971
2.1325,-0.098149281421979
2.133,-2.34498461696148
2.1335,1.55796393205539
2.134,1.39294434314898
2.1345,-2.40809995160691
2.135,0.105002433849153
2.1355,2.35347680053098
2.136,-1.54914043559404
2.1365,-1.38543534225141
2.137,2.41626316029594
2.1375,-0.0965056589885326
2.138,-2.34564206831604
2.1385,1.55664903492001
2.139,1.39491668881976
2.1395,-2.40777122588138
2.14,0.104016260555065
2.1405,2.35413424931063
2.141,-1.54782553505542
2.1415,-1.38609279233167
2.142,2.41593443589225
2.1425,-0.0951907610435211
2.143,-2.3459707939937
2.1435,1.55533413778489
2.144,1.39557413737673
2.1445,-2.40711377443107
2.145,0.102043913964641
2.1455,2.35446297370057
2.146,-1.54683935965351
2.1465,-1.38740769249443
2.147,2.41494826268162
2.1475,-0.0935471386144365
2.148,-2.34695697102818
2.1485,1.55434796493372
2.149,1.39688903449073
2.1495,-2.40678504870629
2.15,0.101057740668304
2.1505,2.35512042248065
2.151,-1.54552445912038
2.1515,-1.38905131770206
2.152,2.41461953827822
2.1525,-0.091574791702728
2.153,-2.34695697102818
2.1535,1.55336179208269
2.154,1.39787520732629
2.1545,-2.40678504870629
2.155,0.0994141185060734
2.1555,2.35577787126101
2.156,-1.5445382837226
2.1565,-1.39003749282886
2.157,2.41461953827822
2.1575,-0.0905886182481786
2.158,-2.34761442238575
2.1585,1.55204689494822
2.159,1.39919010444045
2.1595,-2.40612759725752
2.16,0.0980992207747854
2.1605,2.35643532004166
2.161,-1.54289465806355
2.1615,-1.39102366795733
2.162,2.41429081387491
2.1625,-0.0889449958258607
2.163,-2.34794314806492
2.1635,1.55138944638108
2.164,1.40083372583327
2.1645,-2.40547014580976
2.165,0.0964555986087937
2.1655,2.35709276882259
2.166,-1.54157975753984
2.1665,-1.39200984308747
2.167,2.41396208947166
2.1675,-0.0866439244386661
2.168,-2.34827187374433
2.1685,1.55007454924699
2.169,1.40247734722623
2.1695,-2.40514142008627
2.17,0.095140700874493
2.1705,2.35775021760381
2.171,-1.54026485701927
2.1715,-1.3933247432636
2.172,2.41396208947166
2.1725,-0.0853290265052452
2.173,-2.34892932510392
2.1735,1.5490883763966
2.174,1.40313479578346
2.1745,-2.40481269436303
2.175,0.0941545275728874
2.1755,2.35807894199453
2.176,-1.53894995650183
2.1765,-1.3946396434427
2.177,2.4133046406654
2.1775,-0.0840141285733637
2.178,-2.34958677646451
2.1785,1.54810220354634
2.179,1.40477841717663
2.1795,-2.40481269436303
2.18,0.0918534565328702
2.1805,2.35840766638531
2.181,-1.53796378111581
2.1815,-1.39562581857898
2.182,2.41297591626238
2.1825,-0.0826992306430201
2.183,-2.34991550214519
2.1835,1.54711603069623
2.184,1.40609331429127
2.1845,-2.40415524291731
2.185,0.0905385587938687
2.1855,2.3590651151671
2.186,-1.53697760573156
2.1865,-1.39726944380983
2.187,2.41198974305378
2.1875,-0.0807268837503849
2.188,-2.35024422782611
2.1885,1.54547240927969
2.189,1.40675076284862
2.1895,-2.40382651719484
2.19,0.0892236610535209
2.1905,2.3593938395581
2.191,-1.53599143034906
2.1915,-1.39825561895058
2.192,2.41198974305378
2.1925,-0.0797407103053621
2.193,-2.35090167918872
2.1935,1.54448623642995
2.194,1.40806565996341
2.1945,-2.40349779147262
2.195,0.0879087633118253
2.1955,2.35972256394918
2.196,-1.53500525496833
2.1965,-1.39989924418888
2.197,2.41100356984585
2.1975,-0.0780970878989069
2.198,-2.35123040487039
2.1985,1.54350006358035
2.199,1.40905183279957
2.1995,-2.40251161430749
2.2,0.0862651411328084
2.2005,2.36070873712282
2.201,-1.53369035446342
2.2015,-1.40088541933409
2.202,2.41133229424842
2.2025,-0.0767821899754657
2.203,-2.35188785623451
2.2035,1.54218516644777
2.204,1.41102417847205
2.2045,-2.40251161430749
2.205,0.0846215189516804
2.2055,2.36103746151418
2.206,-1.53237545396164
2.2065,-1.40187159448099
2.207,2.41100356984585
2.2075,-0.0748098430931721
2.208,-2.35221658191694
2.2085,1.5405415450324
2.209,1.41201035130838
2.2095,-2.40185416286535
2.21,0.0833066212052562
2.2105,2.36136618590561
2.211,-1.53138927858736
2.2115,-1.40285776962956
2.212,2.41067484544336
2.2125,-0.0734949451735529
2.213,-2.35287403328257
2.2135,1.53988409646635
2.214,1.41332524842357
2.2145,-2.40185416286535
2.215,0.0816629990203214
2.2155,2.36235235908034
2.216,-1.53007437809105
2.2165,-1.40483011993174
2.217,2.41034612104095
2.2175,-0.0718513227761752
2.218,-2.3535314846492
2.2185,1.53856919933445
2.219,1.41431142126003
2.2195,-2.40119671142423
2.22,0.080348101270848
2.2205,2.36268108347205
2.221,-1.52843075247506
2.2215,-1.40548757003396
2.222,2.40968867223634
2.2225,-0.0702077003811795
2.223,-2.35320275896576
2.2235,1.53692557791991
2.224,1.41595504265427
2.2245,-2.40086798570405
2.225,0.0787044790820972
2.2255,2.36300980786384
2.226,-1.52777330223003
2.2265,-1.40680247024064
2.227,2.40903122343203
2.2275,-0.0688928024668961
2.228,-2.35484638738548
2.2285,1.53626812935419
2.229,1.41726993976978
2.2295,-2.40021053426446
2.23,0.0770608568912224
2.2305,2.36366725664763
2.231,-1.52678712686395
2.2315,-1.40811737045031
2.232,2.40903122343203
2.2325,-0.067577904554134
2.233,-2.35484638738548
2.2335,1.53462450794018
2.234,1.41792738832758
2.2345,-2.39988180854505
2.235,0.0757459591369915
2.2355,2.36432470543171
2.236,-1.52547222637857
2.2365,-1.40943227066298
2.237,2.40870249902998
2.2375,-0.0662630066428917
2.238,-2.35550383875513
2.2385,1.53363833509195
2.239,1.41957100972219
2.2395,-2.39922435710699
2.24,0.0744310613813979
2.2405,2.36399598103964
2.241,-1.52415732589631
2.2415,-1.41074717087863
2.242,2.40804505022612
2.2425,-0.0649481087331678
2.243,-2.35616129012579
2.2435,1.53298088652654
2.244,1.42055718255905
2.2445,-2.39889563138834
2.245,0.0724587147454497
2.2455,2.36498215421608
2.246,-1.52284242541716
2.2465,-1.41173334604233
2.247,2.40738760142256
2.2475,-0.0629757618714257
2.248,-2.3564900158115
2.2485,1.53166598939589
2.249,1.42187207967495
2.2495,-2.3982381799518
2.25,0.0711438169864434
2.2505,2.36563960300073
2.251,-1.52152752494114
2.2515,-1.41304824626323
2.252,2.40705887702089
2.2525,-0.0616608639654914
2.253,-2.3564900158115
2.2535,1.53035109226547
2.254,1.42285825251195
2.2545,-2.39856690566994
2.255,0.0695001947857622
2.2555,2.36629705178567
2.256,-1.52054134958616
2.2565,-1.41403442143086
2.257,2.40607270381633
2.2575,-0.0600172415852015
2.258,-2.35747619287013
2.2585,1.52936491941781
2.259,1.42450187390709
2.2595,-2.39790945423392
2.26,0.0681852970236768
2.2605,2.36662577617825
2.261,-1.51889772399843
2.2615,-1.415349321657
2.262,2.40640142821777
2.2625,-0.0583736192072733
2.263,-2.35780491855685
2.2635,1.52805002228781
2.264,1.42548804674427
2.2645,-2.3969232770818
2.265,0.0671991237012131
2.2655,2.3669545005709
2.266,-1.5182402737647
2.2665,-1.41633549682857
2.267,2.40574397941496
2.2675,-0.0570587213066293
2.268,-2.35846236993103
2.2685,1.52673512515803
2.269,1.42713166813971
2.2695,-2.3969232770818
2.27,0.0652267770539701
2.2705,2.36761194935642
2.271,-1.51692537329957
2.2715,-1.41797912211827
2.272,2.40508653061244
2.2725,-0.0557438234074936
2.273,-2.35911982130623
2.2735,1.52542022802848
2.274,1.42811784097706
2.2745,-2.39626582564832
2.275,0.0639118792874241
2.2755,2.36826939814222
2.276,-1.51626792306817
2.2765,-1.41962274741266
2.277,2.40442908181022
2.2775,-0.0537714765616149
2.278,-2.3594485469942
2.2785,1.52443405518147
2.279,1.42943273809364
2.2795,-2.39626582564832
2.28,0.0619395326350254
2.2805,2.36892684692832
2.281,-1.51462429749308
2.2815,-1.42060892259155
2.282,2.4047578062113
2.2825,-0.0527853031399454
2.283,-2.35977727268243
2.2835,1.52311915805232
2.284,1.43009018665197
2.2845,-2.39527964850002
2.285,0.0606246348650378
2.2855,2.36892684692832
2.286,-1.51363812215035
2.2865,-1.42159509777212
2.287,2.4037716330083
2.2875,-0.0511416807723754
2.288,-2.36043472405964
2.2885,1.5214755366412
2.289,1.43173380804795
2.2895,-2.39527964850002
2.29,0.0593097370936711
2.2905,2.3695842957147
2.291,-1.5123232216961
2.2915,-1.42290999801552
2.292,2.4037716330083
2.2925,-0.049498058407152
2.293,-2.36076344974863
2.2935,1.5204893637947
2.294,1.43304870516486
2.2945,-2.39495092278442
2.295,0.057666114877521
2.2955,2.36991302010799
2.296,-1.51100832124495
2.2965,-1.42422489826193
2.297,2.40278545980598
2.2975,-0.0481831605166609
2.298,-2.36142090112735
2.2985,1.51950319094832
2.299,1.43403487800264
2.2995,-2.394293471354
2.3,0.0566799415467943
2.3005,2.37024174450137
2.301,-1.50969342079691
2.3015,-1.4252110734487
2.302,2.40278545980598
2.3025,-0.0465395381556541
2.303,-2.36207835250709
2.3035,1.51785956953797
2.304,1.43502105084048
2.3045,-2.39396474563917
2.305,0.0547075948830057
2.3055,2.37122791768191
2.306,-1.50837852035197
2.3065,-1.42685469876376
2.307,2.40245673540535
2.3075,-0.0452246402685326
2.308,-2.36207835250709
2.3085,1.51720212097392
2.309,1.43633594795772
2.3095,-2.3936360199246
2.31,0.0533926971054148
2.3105,2.3718853664693
2.311,-1.50772107013066
2.3115,-1.4281695990192
2.312,2.40179928660433
2.3125,-0.0435810179117334
2.313,-2.36306452957858
2.3135,1.51555849956405
2.314,1.43765084507508
2.3145,-2.39297856849622
2.315,0.0517490748814755
2.3155,2.3718853664693
2.316,-1.50640616969037
2.3165,-1.42882704914804
2.317,2.4011418378036
2.3175,-0.0422661200279743
2.318,-2.36306452957858
2.3185,1.51457232671828
2.319,1.43896574219258
2.3195,-2.39199239135555
2.32,0.0504341771007617
2.3205,2.37254281525698
2.321,-1.50509126925318
2.3215,-1.430141949408
2.322,2.4011418378036
2.3225,-0.0402937732051328
2.323,-2.36405070665235
2.3235,1.51358615387264
2.324,1.44060936358965
2.3245,-2.39199239135555
2.325,0.0491192793186575
2.3255,2.37320026404495
2.326,-1.50410509392732
2.3265,-1.43145684967096
2.327,2.40048438900316
2.3275,-0.0389788753251012
2.328,-2.36437943234411
2.3285,1.51227125674531
2.329,1.44159553642798
2.3295,-2.3916636656425
2.33,0.0471469326428912
2.3305,2.37287153965093
2.331,-1.50246146838809
2.3315,-1.43277174993695
2.332,2.40015566460306
2.3325,-0.0376639774465579
2.333,-2.36503688372839
2.3335,1.51095635961819
2.334,1.44291043354589
2.3345,-2.39133493992971
2.335,0.0455033104106903
2.3355,2.37418643722745
2.336,-1.50114656796018
2.3365,-1.43408665020595
2.337,2.39982694020303
2.3375,-0.0360203551004698
2.338,-2.36569433511367
2.3385,1.50964146249129
2.339,1.44422533066393
2.3395,-2.39100621421717
2.34,0.0441884126233595
2.3405,2.37484388601614
2.341,-1.50016039264128
2.3415,-1.43507282540968
2.342,2.39982694020303
2.3425,-0.0347054572252703
2.343,-2.36569433511367
2.3435,1.50898401392791
2.344,1.44554022778211
2.3445,-2.39002003708108
2.345,0.0428735148346315
2.3455,2.3751726104106
2.346,-1.49884549221879
2.3465,-1.43605900061511
2.347,2.39884076700338
2.3475,-0.0330618348833572
2.348,-2.36635178649997
2.3485,1.5073403925197
2.349,1.44685512490042
2.3495,-2.38969131136956
2.35,0.0412298925967545
2.3505,2.3751726104106
2.351,-1.49785931690394
2.3515,-1.43737390089167
2.352,2.39884076700338
2.3525,-0.0317469370114941
2.353,-2.3666805121935
2.3535,1.50668294395651
2.354,1.44817002201889
2.3545,-2.38903385994728
2.355,0.0402437192529782
2.3555,2.3761587835944
2.356,-1.49654441648686
2.3565,-1.43868880117124
2.357,2.39818331820398
2.3575,-0.030103314673747
2.358,-2.36700923788728
2.3585,1.50536804683028
2.359,1.44882747057817
2.3595,-2.38870513423652
2.36,0.0386000970115988
2.3605,2.37648750798915
2.361,-1.49522951607286
2.3615,-1.43967497638291
2.362,2.39752586940489
2.3625,-0.028788416805213
2.363,-2.36799541497014
2.3635,1.50438187398575
2.364,1.45014236769685
2.3645,-2.38837640852602
2.365,0.0372851992169166
2.3655,2.37714495677886
2.366,-1.49391461566194
2.3665,-1.44131860173946
2.367,2.39719714500545
2.3675,-0.0271447944716227
2.368,-2.36799541497014
2.3685,1.50273825257844
2.369,1.4517859890954
2.3695,-2.38804768281577
2.37,0.035312852522259
2.3705,2.37747368117382
2.371,-1.49325716545764
2.3715,-1.44296222710075
2.372,2.3965396962068
2.3725,-0.0258298966064105
2.373,-2.36898159205527
2.3735,1.50175207973421
2.374,1.45244343765488
2.3745,-2.38739023139603
2.375,0.0343266791737434
2.3755,2.37813112996397
2.376,-1.49194226505136
2.3765,-1.44361967724659
2.377,2.39621097180758
2.3775,-0.0241862742769679
2.378,-2.36865286635997
2.3785,1.50043718260875
2.379,1.45375833477396
2.3795,-2.38706150568654
2.38,0.0323543324743356
2.3805,2.37813112996397
2.381,-1.49095608974866
2.3815,-1.44493457754054
2.382,2.39555352300937
2.3825,-0.0228713764150702
2.383,-2.36996776914268
2.3835,1.49912228548349
2.384,1.45474450761337
2.3845,-2.38706150568654
2.385,0.0303819857717548
2.3855,2.3787885787544
2.386,-1.48964118934777
2.3865,-1.44624947783752
2.387,2.39489607421145
2.3875,-0.0212277540897661
2.388,-2.37062522053555
2.3885,1.49747866407719
2.389,1.45605940473271
2.3895,-2.38640405426832
2.39,0.0293958124192731
2.3905,2.37944602754513
2.391,-1.48865501404912
2.3915,-1.44756437813754
2.392,2.39489607421145
2.3925,-0.0202415806956856
2.393,-2.37062522053555
2.3935,1.49682121551476
2.394,1.45704557757232
2.3945,-2.3860753285596
2.395,0.0277521901633699
2.3955,2.38010347633615
2.396,-1.48734011365362
2.3965,-1.44887927844059
2.397,2.39456734981261
2.3975,-0.0185979583740526
2.398,-2.37095394623236
2.3985,1.49550631839004
2.399,1.45836047469192
2.3995,-2.38541787714291
2.4,0.0264372923570552
2.4005,2.38010347633615
2.401,-1.48569648816356
2.4015,-1.45019417874667
2.402,2.39390990101514
2.4025,-0.0169543360547103
2.403,-2.37128267192943
2.4035,1.49419142126551
2.404,1.45967537181169
2.4045,-2.38508915143494
2.405,0.0244649456449266
2.4055,2.38108964952323
2.406,-1.48503903796889
2.4065,-1.45085162890085
2.407,2.39358117661651
2.4075,-0.0159681626642034
2.408,-2.37194012332432
2.4085,1.49287652414118
2.409,1.4609902689316
2.4095,-2.38476042572723
2.41,0.0231500478350676
2.4105,2.38141837391906
2.411,-1.48372413758184
2.4115,-1.45249525428963
2.412,2.39259500342108
2.4125,-0.013995815885658
2.413,-2.37292630041856
2.4135,1.49189035129806
2.414,1.46230516605168
2.4145,-2.38443170001977
2.415,0.0221638744767414
2.4155,2.38207582271096
2.416,-1.48240923719787
2.4165,-1.45381015460407
2.417,2.39226627902275
2.4175,-0.0120234691103999
2.418,-2.37259757472023
2.4185,1.4902467298931
2.419,1.46296261461178
2.4195,-2.38377424860562
2.42,0.0205202522110874
2.4205,2.38174709831497
2.421,-1.48109433681697
2.4215,-1.45479632984189
2.422,2.39160883022631
2.4225,-0.0107085712620517
2.423,-2.37358375181598
2.4235,1.48926055705026
2.424,1.4646062360122
2.4245,-2.38344552289893
2.425,0.0188766299432097
2.4255,2.38240454710701
2.426,-1.48010816153331
2.4265,-1.45578250508143
2.427,2.39160883022631
2.4275,-0.0097223978767471
2.428,-2.37424120321442
2.4285,1.48827438420753
2.429,1.46592113313271
2.4295,-2.38311679719249
2.43,0.0172330076731055
2.4305,2.38306199589934
2.431,-1.47912198625138
2.4315,-1.45775485556564
2.432,2.3912801058282
2.4325,-0.00775005110859482
2.433,-2.37424120321442
2.4335,1.48695948708406
2.434,1.4669073059732
2.4345,-2.38245934578036
2.435,0.0159181098554171
2.4355,2.38306199589934
2.436,-1.47747836078533
2.4365,-1.45874103081031
2.437,2.39029393263432
2.4375,-0.00610642880430083
2.438,-2.37489865461387
2.4385,1.48564458996077
2.439,1.468222203094
2.4395,-2.38180189436926
2.44,0.0142744875812981
2.4405,2.38404816908839
2.441,-1.47682091060025
2.4415,-1.45972720605669
2.442,2.39029393263432
2.4425,-0.0054489798832188
2.443,-2.37522738031397
2.4435,1.48465841711842
2.444,1.46920837593471
2.4445,-2.38147316866409
2.445,0.0129595897603942
2.4455,2.38404816908839
2.446,-1.4751772851409
2.4465,-1.46104210638787
2.447,2.38963648383876
2.4475,-0.00347663312214948
2.448,-2.3762135574158
2.4485,1.48367224427618
2.449,1.4708519973361
2.4495,-2.3808157172545
2.45,0.0116446919380589
2.4505,2.38470561788145
2.451,-1.47419110986759
2.4515,-1.46202828163826
2.452,2.38930775944109
2.4525,-0.00183301082374988
2.453,-2.3762135574158
2.4535,1.48202862287266
2.454,1.47183817017706
2.4545,-2.38015826584593
2.455,0.0103297941142907
2.4555,2.38503434227809
2.456,-1.47254748441591
2.4565,-1.46334318197478
2.457,2.3889790350435
2.4575,-0.000846837445796084
2.458,-2.37654228311692
2.4585,1.48071372575006
2.459,1.47348179157887
2.4595,-2.37982954014203
2.46,0.00901489628908818
2.4605,2.38602051546845
2.461,-1.47156130914719
2.4615,-1.46400063214418
2.462,2.38799286185116
2.4625,0.000468060390209982
2.463,-2.37719973451991
2.4635,1.47939882862763
2.464,1.47479668870052
2.4645,-2.37917208873498
2.465,0.00737127400556577
2.4655,2.38634923986539
2.466,-1.4705751338802
2.4665,-1.46564425757102
2.467,2.38799286185116
2.4675,0.00178295822477091
2.468,-2.37719973451991
2.4685,1.47907010434705
2.469,1.47578286154186
2.4695,-2.37884336303183
2.47,0.00638510063437431
2.4705,2.38700668865948
2.471,-1.46893150843903
2.4715,-1.46663043282942
2.472,2.38766413745386
2.4725,0.00309785605788811
2.473,-2.3781859116263
2.4735,1.47742648294432
2.474,1.47644031010281
2.4745,-2.37851463732894
2.475,0.00507020280486009
2.4755,2.38733541305663
2.476,-1.46794533317662
2.4765,-1.46860278335137
2.477,2.38700668865948
2.4775,0.00507020280486009
2.478,-2.37851463732894
2.4785,1.47578286154186
2.479,1.47775520722484
2.4795,-2.3781859116263
2.48,0.00408402943177943
2.4805,2.38766413745386
2.481,-1.46663043282942
2.4815,-1.46958895861492
2.482,2.3866779642624
2.4825,0.00605637617713067
2.483,-2.37917208873498
2.4835,1.47512541298095
2.484,1.47972755290822
2.4845,-2.37752846022179
2.485,0.0021116826831855
2.4855,2.38832158624853
2.486,-1.46564425757102
2.4865,-1.4705751338802
2.487,2.38602051546845
2.4875,0.00737127400556577
2.488,-2.37950081443837
2.4885,1.47446796442009
2.489,1.48071372575006
2.4895,-2.37719973451991
2.49,0.000796784848985641
2.4905,2.3889790350435
2.491,-1.46432935722917
2.4915,-1.47189003423657
2.492,2.38569179107159
2.4925,0.00901489628908818
2.493,-2.38015826584593
2.4935,1.47282434301812
2.494,1.48137117431134
2.4945,-2.3762135574158
2.495,-0.000189388527612314
2.4955,2.3889790350435
2.496,-1.46268573180614
2.4965,-1.47287620950586
2.497,2.38536306667481
2.4975,0.0106585185703672
2.498,-2.38015826584593
2.4985,1.47118072161641
2.499,1.48301479571474
2.4995,-2.37654228311692
2.5,-0.00216173528324876
2.5005,2.38963648383876
2.501,-1.46202828163826
2.5015,-1.47419110986759
2.502,2.38437689348488
2.5025,0.011973416393777
2.503,-2.3808157172545
2.5035,1.4705232730558
2.504,1.48432969283766
2.5045,-2.37588483171494
2.505,-0.00380535758210108
2.5055,2.3906226570322
2.506,-1.4603846562219
2.5065,-1.4751772851409
2.507,2.38470561788145
2.5075,0.0132883142157543
2.508,-2.38147316866409
2.5085,1.46953710021497
2.509,1.48564458996077
2.5095,-2.37588483171494
2.51,-0.0054489798832188
2.5105,2.39029393263432
2.511,-1.45972720605669
2.5115,-1.47616346041593
2.512,2.38404816908839
2.5125,0.0152606609460374
2.513,-2.38180189436926
2.5135,1.46789347881379
2.514,1.48695948708406
2.5145,-2.37456992891402
2.515,-0.00643515326497797
2.5155,2.3912801058282
2.516,-1.45775485556564
2.5165,-1.47747836078533
2.517,2.38339072029562
2.5175,0.0165755587644397
2.518,-2.38213062007468
2.5185,1.4669073059732
2.519,1.48794565992665
2.5195,-2.37424120321442
2.52,-0.00807877556972618
2.5205,2.3912801058282
2.521,-1.45709740540347
2.5215,-1.47879326115778
2.522,2.38371944469197
2.5225,0.0182191810354353
2.523,-2.38245934578036
2.5235,1.46493496029231
2.524,1.48926055705026
2.5245,-2.37391247751507
2.525,-0.0097223978767471
2.5255,2.39226627902275
2.526,-1.45578250508143
2.5265,-1.48010816153331
2.527,2.38306199589934
2.5275,0.0195340788506278
2.528,-2.3827880714863
2.5285,1.463948787452
2.529,1.4902467298931
2.5295,-2.37325502611714
2.53,-0.0110372957240021
2.5305,2.39259500342108
2.531,-1.45446760476243
2.5315,-1.48109433681697
2.532,2.38240454710701
2.5325,0.0211777011176157
2.533,-2.38344552289893
2.5335,1.46296261461178
2.534,1.49156162701705
2.5345,-2.37259757472023
2.535,-0.012680918035121
2.5355,2.39226627902275
2.536,-1.45348142952517
2.5365,-1.48240923719787
2.537,2.38108964952323
2.5375,0.0221638744767414
2.538,-2.38443170001977
2.5385,1.46197644177165
2.539,1.49254779986013
2.5395,-2.37259757472023
2.54,-0.0136670914228868
2.5405,2.39325245221796
2.541,-1.45183780413355
2.5415,-1.48339541248556
2.542,2.38141837391906
2.5425,0.0241362211925949
2.543,-2.38443170001977
2.5435,1.46066154465161
2.544,1.49353397270333
2.5445,-2.37226884902215
2.545,-0.015639438200884
2.5455,2.39390990101514
2.546,-1.45085162890085
2.5465,-1.48503903796889
2.547,2.38043220073177
2.5475,0.0254511190013897
2.548,-2.38508915143494
2.5485,1.45934664753173
2.549,1.49517759410889
2.5495,-2.37128267192943
2.55,-0.0172830605183956
2.5505,2.39423862541384
2.551,-1.44920800351683
2.5515,-1.48602521326119
2.552,2.37977475194061
2.5525,0.0270947412603895
2.553,-2.38541787714291
2.5535,1.45803175041201
2.554,1.49616376695237
2.5545,-2.37095394623236
2.555,-0.0185979583740526
2.5555,2.39456734981261
2.556,-1.44887927844059
2.5565,-1.4876688387522
2.557,2.38010347633615
2.5575,0.0284096390659964
2.558,-2.38541787714291
2.5585,1.45704557757232
2.559,1.49747866407719
2.5595,-2.37062522053555
2.56,-0.0199128562311756
2.5605,2.39522479861037
2.561,-1.44723565306225
2.5615,-1.48865501404912
2.562,2.3787885787544
2.5625,0.0300532613210159
2.563,-2.3860753285596
2.5635,1.45573068045286
2.564,1.4987935612022
2.5645,-2.36996776914268
2.565,-0.0215564785546432
2.5655,2.39588224740844
2.566,-1.44624947783752
2.5665,-1.48931246424803
2.567,2.37845985435915
2.5675,0.0316968835738281
2.568,-2.3867327799773
2.5685,1.45441578333356
2.569,1.4997797340461
2.5695,-2.36996776914268
2.57,-0.0232001008804066
2.5705,2.39621097180758
2.571,-1.44493457754054
2.5715,-1.49062736464815
2.572,2.37845985435915
2.5725,0.0330117813744905
2.573,-2.38706150568654
2.5735,1.45342961049418
2.574,1.50109463117146
2.5745,-2.36931031775082
2.575,-0.0248437232084687
2.5755,2.39686842060609
2.576,-1.44361967724659
2.5765,-1.49194226505136
2.577,2.37813112996397
2.5775,0.0343266791737434
2.578,-2.38706150568654
2.5785,1.45211471337513
2.579,1.50240952829702
2.5795,-2.36865286635997
2.58,-0.0258298966064105
2.5805,2.39686842060609
2.581,-1.44230477695567
2.5815,-1.4935858905597
2.582,2.37747368117382
2.5825,0.0362990258699832
2.583,-2.38804768281577
2.5835,1.45112854053595
2.584,1.50372442542279
2.5845,-2.36832414066493
2.585,-0.0274735189381562
2.5855,2.39752586940489
2.586,-1.44098987666777
2.5865,-1.49424334076438
2.587,2.37681623238397
2.5875,0.0376139236657188
2.588,-2.38837640852602
2.5885,1.44981364341716
2.589,1.50438187398575
2.5895,-2.3676666892756
2.59,-0.0291171412722079
2.5905,2.39818331820398
2.591,-1.44000370145384
2.5915,-1.49522951607286
2.592,2.37681623238397
2.5925,0.0386000970115988
2.593,-2.38903385994728
2.5935,1.44817002201889
2.594,1.50569677111182
2.5945,-2.3666805121935
2.595,-0.0304320391411115
2.5955,2.39851204260365
2.596,-1.43836007610106
2.5965,-1.49687314159084
2.597,2.3761587835944
2.5975,0.0405724437009912
2.598,-2.38936258565829
2.5985,1.44718384918003
2.599,1.50668294395651
2.5995,-2.3666805121935
2.6,-0.0317469370114941
2.6005,2.39916949140319
2.601,-1.43770262596128
2.6015,-1.4981880420087
2.602,2.3751726104106
2.6025,0.0418873414921677
2.603,-2.38969131136956
2.6035,1.44619767634125
2.604,1.50832656536459
2.6045,-2.36635178649997
2.605,-0.0330618348833572
2.6055,2.39949821580307
2.606,-1.43638772568397
2.6065,-1.49884549221879
2.607,2.37484388601614
2.6075,0.0435309637291702
2.608,-2.38936258565829
2.6085,1.444882779223
2.609,1.50964146249129
2.6095,-2.36569433511367
2.61,-0.0347054572252703
2.6105,2.39982694020303
2.611,-1.43474410034158
2.6115,-1.50016039264128
2.612,2.37451516162176
2.6125,0.0451745859639885
2.613,-2.39067748850489
2.6135,1.44356788210489
2.614,1.51029891105471
2.6145,-2.36503688372839
2.615,-0.0366778040386264
2.6155,2.40015566460306
2.616,-1.43342920007107
2.6165,-1.50147529306687
2.617,2.37352898843905
2.6175,0.0461607593038322
2.618,-2.39100621421717
2.6185,1.4425817092664
2.619,1.51161380818173
2.6195,-2.36503688372839
2.62,-0.0383214263856436
2.6205,2.40015566460306
2.621,-1.43244302487017
2.6215,-1.50279019349555
2.622,2.37352898843905
2.6225,0.0481331059811661
2.623,-2.39133493992971
2.6235,1.44093808786908
2.624,1.51259998102712
2.6245,-2.36470815803612
2.625,-0.0393075997949695
2.6255,2.4011418378036
2.626,-1.43145684967096
2.6265,-1.50377636881909
2.627,2.37287153965093
2.6275,0.0494480037643139
2.628,-2.39199239135555
2.6285,1.43962319075138
2.629,1.51424360243639
2.6295,-2.36372198096084
2.63,-0.0409512221457073
2.6305,2.4011418378036
2.631,-1.430141949408
2.6315,-1.50476254414437
2.632,2.37254281525698
2.6325,0.0510916259912923
2.633,-2.39232111706885
2.6335,1.4386370179132
2.634,1.51555849956405
2.6345,-2.36306452957858
2.635,-0.0425948444987742
2.6355,2.40179928660433
2.636,-1.42882704914804
2.6365,-1.50640616969037
2.637,2.3718853664693
2.6375,0.0527352482160993
2.638,-2.39297856849622
2.6385,1.43765084507508
2.639,1.51654467240993
2.6395,-2.36306452957858
2.64,-0.0439097423829065
2.6405,2.40245673540535
2.641,-1.4275121488911
2.6415,-1.50772107013066
2.642,2.3718853664693
2.6425,0.0540501459943835
2.643,-2.39297856849622
2.6435,1.43666467223705
2.644,1.51753084525594
2.6445,-2.36174962681709
2.645,-0.0455533647401728
2.6455,2.40278545980598
2.646,-1.42652597370037
2.6465,-1.50870724546291
2.647,2.37089919328832
2.6475,0.0556937682152894
2.648,-2.3936360199246
2.6485,1.43502105084048
2.649,1.51917446666622
2.6495,-2.36142090112735
2.65,-0.0468682626276683
2.6505,2.40311418420668
2.651,-1.42488234838626
2.6515,-1.50969342079691
2.652,2.37057046889481
2.6525,0.0570086659904563
2.653,-2.39396474563917
2.6535,1.43370615372337
2.654,1.5204893637947
2.6545,-2.36076344974863
2.655,-0.0485118849891431
2.6555,2.4037716330083
2.656,-1.42389617320004
2.6565,-1.51100832124495
2.657,2.37024174450137
2.6575,0.05832356376424
2.658,-2.39462219706909
2.6585,1.43239125660639
2.659,1.5214755366412
2.6595,-2.36043472405964
2.66,-0.0501555073529599
2.6605,2.40410035740923
2.661,-1.42290999801552
2.6615,-1.5123232216961
2.662,2.3695842957147
2.6625,0.0596384615366421
2.663,-2.39527964850002
2.6635,1.43173380804795
2.664,1.52279043377007
2.6645,-2.36076344974863
2.665,-0.0511416807723754
2.6655,2.40442908181022
2.666,-1.42159509777212
2.6665,-1.5133093970365
2.667,2.36925557132147
2.6675,0.0616108081926577
2.668,-2.39527964850002
2.6685,1.43041891093115
2.669,1.52410533089916
2.6695,-2.35977727268243
2.67,-0.053442752087631
2.6705,2.40508653061244
2.671,-1.4199514724721
2.6715,-1.51462429749308
2.672,2.36859812253523
2.6725,0.0629257059616119
2.673,-2.39593709993196
2.6735,1.42877528953533
2.674,1.52574895231085
2.6745,-2.3594485469942
2.675,-0.0541002010356928
2.6755,2.40541525501366
2.676,-1.41896529729434
2.6765,-1.51561047283755
2.677,2.36761194935642
2.6775,0.0645693281708689
2.678,-2.39626582564832
2.6785,1.42746039241882
2.679,1.52640640087562
2.6795,-2.35846236993103
2.68,-0.0557438234074936
2.6805,2.40541525501366
2.681,-1.41830784717677
2.6815,-1.51692537329957
2.682,2.36761194935642
2.6825,0.0655555014953919
2.683,-2.3969232770818
2.6835,1.42614549530242
2.684,1.52772129800534
2.6845,-2.35846236993103
2.685,-0.0573874457816488
2.6855,2.40640142821777
2.686,-1.41699294694389
2.6865,-1.5182402737647
2.687,2.3669545005709
2.6875,0.0671991237012131
2.688,-2.39725200279891
2.6885,1.42548804674427
2.689,1.52903619513529
2.6895,-2.35747619287013
2.69,-0.0590310681581613
2.6905,2.40673015261929
2.691,-1.415678046714
2.6915,-1.51922644911559
2.692,2.36662577617825
2.6925,0.0685140214643266
2.693,-2.39758072851629
2.6935,1.42384442534901
2.694,1.52969364370035
2.6945,-2.35747619287013
2.695,-0.0603459660610704
2.6955,2.40705887702089
2.696,-1.41403442143086
2.6965,-1.52054134958616
2.697,2.36629705178567
2.6975,0.0698289192260695
2.698,-2.39790945423392
2.6985,1.42285825251195
2.699,1.53067981654805
2.6995,-2.35714746718367
2.7,-0.0616608639654914
2.7005,2.4077163258243
2.701,-1.41304824626323
2.7015,-1.52185625005985
2.702,2.36563960300073
2.7025,0.0718012658661174
2.703,-2.39856690566994
2.7035,1.42121463111698
2.704,1.53199471367853
2.7045,-2.3564900158115
2.705,-0.0636332108249608
2.7055,2.40804505022612
2.706,-1.41173334604233
2.7065,-1.52317115053666
2.707,2.36498215421608
2.7075,0.0731161636244404
2.708,-2.39889563138834
2.7085,1.42055718255905
2.709,1.53330961080923
2.7095,-2.35616129012579
2.71,-0.0649481087331678
2.7105,2.40837377462801
2.711,-1.41041844582444
2.7115,-1.52415732589631
2.712,2.36465342982386
2.7125,0.0747597858204241
2.713,-2.39955308282589
2.7135,1.41891356116433
2.714,1.53462450794018
2.7145,-2.35517511307018
2.715,-0.0665917311205599
2.7155,2.40837377462801
2.716,-1.40943227066298
2.7165,-1.52580095149962
2.717,2.36432470543171
2.7175,0.0764034080142772
2.718,-2.39988180854505
2.7185,1.41759866404868
2.719,1.53561068078854
2.7195,-2.35517511307018
2.72,-0.067577904554134
2.7205,2.40935994783414
2.721,-1.40811737045031
2.7215,-1.52645840174231
2.722,2.36399598103964
2.7225,0.0780470302060023
2.723,-2.39955308282589
2.7235,1.41661249121201
2.724,1.53692557791991
2.7245,-2.35418893601683
2.725,-0.0692215269453243
2.7255,2.40968867223634
2.726,-1.40647374518869
2.7265,-1.52744457710781
2.727,2.3633385322557
2.7275,0.0796906523956024
2.728,-2.40021053426446
2.7285,1.41562631837541
2.729,1.53824047505151
2.7295,-2.3535314846492
2.73,-0.0708651493388921
2.7305,2.41067484544336
2.731,-1.40548757003396
2.7315,-1.52875947759787
2.732,2.36268108347205
2.7325,0.0810055501457543
2.733,-2.40053925998413
2.7335,1.41398269698121
2.734,1.53922664790037
2.7345,-2.35320275896576
2.735,-0.0718513227761752
2.7355,2.41067484544336
2.736,-1.40417266983027
2.7365,-1.52974565296746
2.737,2.36202363468869
2.7375,0.0826491723315363
2.738,-2.40119671142423
2.7385,1.41332524842357
2.739,1.54087026931544
2.7395,-2.35287403328257
2.74,-0.0738236696533146
2.7405,2.41133229424842
2.741,-1.40318649467946
2.7415,-1.53106055346299
2.742,2.36169491029712
2.7425,0.0842927945152012
2.743,-2.40119671142423
2.7435,1.41201035130838
2.744,1.54185644216467
2.7445,-2.35221658191694
2.745,-0.0751385675733155
2.7455,2.41133229424842
2.746,-1.40154286943184
2.7465,-1.53204672883668
2.747,2.36136618590561
2.7475,0.0856076922606106
2.748,-2.4021828885863
2.7485,1.41069545419329
2.749,1.54317133929719
2.7495,-2.35155913055233
2.75,-0.0767821899754657
2.7505,2.41198974305378
2.751,-1.4005566942855
2.7515,-1.53336162933768
2.752,2.36103746151418
2.7525,0.0869225900046683
2.753,-2.40284034002895
2.7535,1.41003800563578
2.754,1.54382878786354
2.7545,-2.35188785623451
2.755,-0.0780970878989069
2.7555,2.41264719185944
2.756,-1.399241794093
2.7565,-1.53434780471548
2.757,2.36070873712282
2.7575,0.0885662121828417
2.758,-2.40251161430749
2.7585,1.40806565996341
2.759,1.54547240927969
2.7595,-2.35024422782611
2.76,-0.0794119858238795
2.7605,2.41297591626238
2.761,-1.39792689390348
2.7615,-1.53566270522195
2.762,2.36005128834032
2.7625,0.0898811099238632
2.763,-2.40316906575066
2.7635,1.40707948712731
2.764,1.54678730641289
2.7645,-2.35057295350729
2.765,-0.0810556082322509
2.7655,2.41297591626238
2.766,-1.39661199371693
2.7665,-1.53730633085945
2.767,2.3593938395581
2.7675,0.0918534565328702
2.768,-2.40349779147262
2.7685,1.4057645900126
2.769,1.54744475497958
2.7695,-2.34958677646451
2.77,-0.0826992306430201
2.7705,2.4133046406654
2.771,-1.39529709353337
2.7715,-1.53862123137296
2.772,2.35840766638531
2.7725,0.0928396298362386
2.773,-2.40448396864004
2.7735,1.40444969289798
2.774,1.54843092782974
2.7745,-2.34892932510392
2.775,-0.0840141285733637
2.7755,2.41363336506849
2.776,-1.3946396434427
2.7765,-1.5392786816309
2.777,2.35807894199453
2.7775,0.0944832520068398
2.778,-2.40481269436303
2.7785,1.40313479578346
2.779,1.54974582496351
2.7795,-2.34827187374433
2.78,-0.0856577509884561
2.7805,2.41396208947166
2.781,-1.39299601821929
2.7815,-1.54092230727916
2.782,2.35775021760381
2.7825,0.0957981497418109
2.783,-2.40481269436303
2.7835,1.40181989866903
2.784,1.55106072209754
2.7845,-2.34827187374433
2.785,-0.0873013734059541
2.7855,2.41429081387491
2.786,-1.39200984308747
2.7865,-1.54190848267047
2.787,2.35676404443209
2.7875,0.0971130474754414
2.788,-2.40514142008627
2.7885,1.40050500155469
2.789,1.55171817066464
2.7895,-2.34761442238575
2.79,-0.0889449958258607
2.7905,2.41494826268162
2.791,-1.3903662178715
2.7915,-1.54289465806355
2.792,2.35676404443209
2.7925,0.0984279452077328
2.793,-2.40612759725752
2.7935,1.399518828719
2.794,1.55336179208269
2.7945,-2.34728569670684
2.795,-0.090259893763522
2.7955,2.41593443589225
2.796,-1.38938004274414
2.7965,-1.5445382837226
2.797,2.3561065956513
2.7975,0.100400291803662
2.798,-2.40612759725752
2.7985,1.39820393160482
2.799,1.55434796493372
2.7995,-2.34695697102818
2.8,-0.091903516187771
2.8005,2.41527698708509
2.801,-1.38806514257693
2.8015,-1.54519573398759
2.802,2.35544914687079
2.8025,0.101715189532612
2.803,-2.40645632298178
2.8035,1.39688903449073
2.804,1.55533413778489
2.8045,-2.34629951967161
2.805,-0.09321841412891
2.8055,2.41626316029594
2.806,-1.38707896745347
2.8065,-1.54618190938655
2.807,2.35446297370057
2.8075,0.103030087260228
2.808,-2.40678504870629
2.8085,1.39524541309824
2.809,1.55697775920383
2.8095,-2.34531334263864
2.81,-0.0951907610435211
2.8105,2.41659188469971
2.811,-1.38609279233167
2.8115,-1.54782553505542
2.812,2.35446297370057
2.8125,0.105002433849153
2.813,-2.40777122588138
2.8135,1.39458796454128
2.814,1.55796393205539
2.8145,-2.34498461696148
2.815,-0.0965056589885326
2.8155,2.41692060910356
2.816,-1.38444916713239
2.8165,-1.54881171045909
2.817,2.35380552492077
2.8175,0.106646056004304
2.818,-2.40777122588138
2.8185,1.39327306742743
2.819,1.5589501049071
2.8195,-2.34432716560792
2.82,-0.0978205569350956
2.8205,2.41724933350748
2.821,-1.38313426697631
2.8215,-1.55012661100008
2.822,2.35347680053098
2.8225,0.10796095372693
2.823,-2.40842867733271
2.8235,1.39195817031366
2.824,1.56026500204295
2.8245,-2.34399843993152
2.825,-0.0991354548832116
2.8255,2.41823550671969
2.826,-1.38214809186119
2.8265,-1.55111278640788
2.827,2.35281935175161
2.8275,0.109275851448229
2.828,-2.40875740305876
2.8285,1.39031454892156
2.829,1.56125117489501
2.8295,-2.34399843993152
2.83,-0.100779077320543
2.8305,2.41790678231555
2.831,-1.38083319171028
2.8315,-1.55242768695438
2.832,2.35249062736204
2.8325,0.110919473597988
2.833,-2.40908612878506
2.8335,1.38899965180797
2.834,1.56223734774722
2.8345,-2.34334098857947
2.835,-0.102093975272158
2.8355,2.41856423112392
2.836,-1.37951829156234
2.8365,-1.55374258750402
2.837,2.35183317858309
2.8375,0.112234371316306
2.838,-2.40941485451162
2.8385,1.38801347897283
2.839,1.56355224488373
2.8395,-2.34268353722843
2.84,-0.103737597713868
2.8405,2.41889295552821
2.841,-1.37853211645333
2.8415,-1.55505748805681
2.842,2.35117572980443
2.8425,0.113549269033301
2.843,-2.41007230596551
2.8435,1.38669858185937
2.844,1.5645384177363
2.8445,-2.34169736020374
2.845,-0.105052495668991
2.8455,2.41889295552821
2.846,-1.37688849127533
2.8465,-1.55571493833439
2.847,2.35084700541521
2.8475,0.114864166748975
2.848,-2.41007230596551
2.8485,1.38571240902433
2.849,1.56585331487328
2.8495,-2.34169736020374
2.85,-0.106696118115089
2.8505,2.41987912874156
2.851,-1.37590231617075
2.8515,-1.55735856403179
2.852,2.35051828102606
2.8525,0.116507788891712
2.853,-2.41105848314826
2.8535,1.38439751191101
2.854,1.5668394877262
2.8545,-2.34136863452935
2.855,-0.108011016073725
2.8555,2.42053657755084
2.856,-1.37491614106784
2.8565,-1.55867346459325
2.857,2.34953210785903
2.8575,0.118480135460278
2.858,-2.41138720887635
2.8585,1.38308261479776
2.859,1.56848310914808
2.8595,-2.34071118318131
2.86,-0.109983363014613
2.8605,2.42053657755084
2.861,-1.3736012409332
2.8615,-1.55933091487517
2.862,2.34887465908136
2.8625,0.119795033171011
2.863,-2.41138720887635
2.8635,1.38176771768458
2.864,1.5688118334325
2.8645,-2.34005373183428
2.865,-0.111626985468045
2.8655,2.42053657755084
2.866,-1.37195761576905
2.8665,-1.56031709029952
2.867,2.34887465908136
2.8675,0.121109930880429
2.868,-2.4120446603333
2.8685,1.38045282057147
2.869,1.57078417913942
2.8695,-2.33939628048826
2.87,-0.11261315894128
2.8705,2.42086530195559
2.871,-1.37097144067278
2.8715,-1.56163199086809
2.872,2.34788848591539
2.8725,0.122753553015357
2.873,-2.41270211179128
2.8735,1.37913792345843
2.874,1.57177035199312
2.8745,-2.33873882914323
2.875,-0.114256781398634
2.8755,2.42185147517029
2.876,-1.369656540547
2.8765,-1.56294689143981
2.877,2.34723103713843
2.8775,0.124068450721823
2.878,-2.41270211179128
2.8785,1.37782302634546
2.879,1.57308524913162
2.8795,-2.3384101034711
2.88,-0.115571679366284
2.8805,2.42218019957535
2.881,-1.36867036545459
2.8815,-1.56393306687068
2.882,2.34723103713843
2.8825,0.126040797279069
2.883,-2.41368828898017
2.8835,1.377165577789
2.884,1.57407142198568
2.8845,-2.33742392645619
2.885,-0.116886577335507
2.8855,2.42250892398048
2.886,-1.36735546533397
2.8865,-1.56524796744794
2.887,2.34624486397351
2.8875,0.12669824613083
2.888,-2.41303083752066
2.8885,1.37552195639792
2.889,1.5750575948399
2.8895,-2.33742392645619
2.89,-0.119187648785434
2.8905,2.42283764838568
2.891,-1.36604056521629
2.8915,-1.56656286802836
2.892,2.34624486397351
2.8925,0.128999317109422
2.893,-2.4143457404407
2.8935,1.37420705928513
2.894,1.5763724919791
2.8945,-2.33676647511418
2.895,-0.120173822265452
2.8955,2.42316637279096
2.896,-1.36439694007333
2.8965,-1.56787776861194
2.897,2.34591613958535
2.8975,0.130314214809681
2.898,-2.41467446617136
2.8985,1.37322088645057
2.899,1.57735866483369
2.8995,-2.33676647511418
2.9,-0.12148872024019
2.9005,2.42349509719632
2.901,-1.36308203996228
2.9015,-1.56886394405171
2.902,2.34492996642129
2.9025,0.131629112508638
2.903,-2.41500319190226
2.9035,1.37190598933789
2.904,1.5786735619734
2.9045,-2.33545157243315
2.905,-0.123132342710833
2.9055,2.42415254600726
2.906,-1.36209586488091
2.9065,-1.56919266919869
2.907,2.34492996642129
2.9075,0.132944010206293
2.908,-2.41500319190226
2.9085,1.37091981650341
2.909,1.57998845911339
2.9095,-2.33479412109414
2.91,-0.123461067205257
2.9105,2.42513871922424
2.911,-1.360780964775
2.9115,-1.57050756978861
2.912,2.34394379325785
2.9125,0.134916356750339
2.913,-2.41566064336485
2.9135,1.36993364366897
2.914,1.58130335625366
2.9145,-2.33413666975613
2.915,-0.125433414173882
2.9155,2.42513871922424
2.916,-1.35946606467203
2.9165,-1.57215119553046
2.917,2.34328634448258
2.9175,0.136231254444748
2.918,-2.41566064336485
2.9185,1.36829002227831
2.919,1.58228952910906
2.9195,-2.3338079440875
2.92,-0.12740576114607
2.9205,2.42546744363006
2.921,-1.358151164572
2.9215,-1.57280864582859
2.922,2.3426288957076
2.9225,0.137874876560936
2.923,-2.41664682056064
2.9235,1.36697512516584
2.924,1.58327570196462
2.9245,-2.3338079440875
2.925,-0.129378108121825
2.9255,2.42546744363006
2.926,-1.3571649894989
2.9265,-1.57412354642723
2.927,2.34197144693289
2.9275,0.138532325406844
2.928,-2.41697554629309
2.9285,1.36566022805342
2.929,1.58459059910563
2.9295,-2.333150492751
2.93,-0.130693006107645
2.9305,2.42579616803594
2.931,-1.355850089404
2.9315,-1.57576717217998
2.932,2.34164272254564
2.9325,0.140175947520202
2.933,-2.41697554629309
2.9335,1.36434533094106
2.934,1.58524804767624
2.9345,-2.33249304141549
2.935,-0.132007904095055
2.9355,2.42645361684795
2.936,-1.35453518931204
2.9365,-1.57708207278576
2.937,2.34098527377136
2.9375,0.14181956963154
2.938,-2.41730427202579
2.9385,1.36270170955067
2.939,1.58656294481768
2.9395,-2.33216431574812
2.94,-0.133980251079152
2.9405,2.42645361684795
2.941,-1.35354901424499
2.9415,-1.57806824824218
2.942,2.34032782499735
2.9425,0.14313446731916
2.943,-2.41829044922542
2.9435,1.36171553671648
2.944,1.58754911767396
2.9445,-2.33150686441411
2.945,-0.135295149070541
2.9455,2.42711106566026
2.946,-1.3519053891369
2.9465,-1.57938314885351
2.947,2.33967037622363
2.9475,0.144778089426872
2.948,-2.41829044922542
2.9485,1.36040063960427
2.949,1.58886401481592
2.9495,-2.33117813874749
2.95,-0.136938771562019
2.9505,2.42743979006653
2.951,-1.35124793909495
2.9515,-1.5803693243141
2.952,2.33967037622363
2.9525,0.146421711532574
2.953,-2.41894790069313
2.9535,1.3590857424921
2.954,1.59083636052942
2.9545,-2.33084941308111
2.955,-0.137924945058102
2.9555,2.42776851447287
2.956,-1.34993303901324
2.9565,-1.58102677462215
2.957,2.33868420306357
2.9575,0.148065333636267
2.958,-2.41927662642737
2.9585,1.35777084537998
2.959,1.59116508481506
2.9595,-2.32953451041811
2.96,-0.139897292052965
2.9605,2.42776851447287
2.961,-1.34828941391522
2.9615,-1.58234167524064
2.962,2.33835547867702
2.9625,0.149380231317779
2.963,-2.41927662642737
2.9635,1.35678467254592
2.964,1.59280870624359
2.9645,-2.32920578475299
2.965,-0.141212190051538
2.9655,2.42908341209901
2.966,-1.34697451384009
2.9665,-1.58398530101822
2.967,2.33802675429054
2.9675,0.151023853417865
2.968,-2.41960535216186
2.9685,1.35546977543387
2.969,1.59379487910093
2.9695,-2.32887705908811
2.97,-0.142198363551519
2.9705,2.42941213650574
2.971,-1.34598833878566
2.9715,-1.58464275133065
2.972,2.33769802990413
2.9725,0.152667475515952
2.973,-2.41993407789661
2.9735,1.35448360259986
2.974,1.59510977624432
2.9745,-2.32789088209499
2.975,-0.143841986053488
2.9755,2.42974086091254
2.976,-1.34467343871565
2.9765,-1.5862863771152
2.977,2.33671185674533
2.9775,0.154311097612042
2.978,-2.42026280363162
2.9785,1.3528399812099
2.979,1.59642467338801
2.9795,-2.32756215643111
2.98,-0.145485608557964
2.9805,2.42974086091254
2.981,-1.34335853864856
2.9815,-1.58694382743041
2.982,2.33671185674533
2.9825,0.155625995287477
2.983,-2.4209202551024
2.9835,1.35185380837595
2.984,1.59708212195997
2.9845,-2.32690470510411
2.985,-0.147129231064947
2.9855,2.43006958531941
2.986,-1.34204363858439
2.9865,-1.58825872806323
2.987,2.33539695920124
2.9875,0.156612168543217
2.988,-2.42124898083817
2.9885,1.35053891126406
2.989,1.59839701910412
2.9895,-2.32657597944099
2.99,-0.148444129072342
2.9905,2.4307270341334
2.991,-1.34105746353818
2.9915,-1.58957362869923
2.992,2.33473951042962
2.9925,0.158255790634525
2.993,-2.42190643231049
2.9935,1.34856656559628
2.994,1.59938319196243
2.9945,-2.32624725377811
2.995,-0.150087751583848
2.9955,2.43039830972637
2.996,-1.3394138384648
2.9965,-1.59055980417833
2.997,2.33506823481539
2.9975,0.159899412723846
2.998,-2.42223515804703
2.9985,1.34790911704037
2.999,1.60036936482092
2.9995,-2.32558980245311
3,-0.151402649594864
3.0005,2.43105575854051
3.001,-1.33809893840938
3.0015,-1.59187470481992
3.002,2.3337533372727
3.0025,0.161214310393873
3.003,-2.42190643231049
3.0035,1.34659421992857
3.004,1.60201298625212
3.0045,-2.32460362546748
3.005,-0.152717547607491
3.0055,2.43138448294769
3.006,-1.33711276336973
3.0065,-1.5928608803032
3.007,2.3334246128872
3.0075,0.162857932479623
3.008,-2.42256388378383
3.0085,1.34527932281681
3.009,1.60299915911108
3.0095,-2.32394617414498
3.01,-0.154361170125545
3.0105,2.43204193176228
3.011,-1.33612658833171
3.0115,-1.59384705578829
3.012,2.33276716411641
3.0125,0.164172830146797
3.013,-2.42289260952089
3.0135,1.34429314998301
3.014,1.60431405625662
3.0145,-2.3236174484841
3.015,-0.155676068141804
3.0155,2.43269938057718
3.016,-1.33415423826059
3.0165,-1.59516195643786
3.017,2.33243843973112
3.0175,0.165816452228985
3.018,-2.42256388378383
3.0185,1.34330697714923
3.019,1.60530022911599
3.0195,-2.3229599971631
3.02,-0.15699096615968
3.0205,2.43302810498475
3.021,-1.33283933821682
3.0215,-1.59680558225432
3.022,2.33178099096075
3.0225,0.167460074309199
3.023,-2.42322133525821
3.0235,1.34166335575962
3.024,1.60562895340249
3.0245,-2.32197382018346
3.025,-0.158963313189528
3.0255,2.43269938057718
3.026,-1.33152443817595
3.0265,-1.59713430741821
3.027,2.33079481780571
3.0275,0.168446247556381
3.028,-2.4238787867336
3.0285,1.34034845864796
3.029,1.6079300234085
3.0295,-2.32164509452409
3.03,-0.159620762200287
3.0305,2.43335682939239
3.031,-1.33053826314721
3.0315,-1.59877793324066
3.032,2.33046609342084
3.0325,0.170747318463714
3.033,-2.42453623821002
3.0335,1.33903356153633
3.034,1.60891619626853
3.0345,-2.32164509452409
3.035,-0.161921833741136
3.0355,2.4340142782079
3.036,-1.3295520881201
3.0365,-1.59943538357104
3.037,2.33079481780571
3.0375,0.171733491708534
3.038,-2.42420751247168
3.0385,1.33804738870262
3.039,1.60957364484197
3.0395,-2.32131636886496
3.04,-0.163565456273358
3.0405,2.4340142782079
3.041,-1.32790846307855
3.0415,-1.6010790094005
3.042,2.32947992026663
3.0425,0.173048389367194
3.043,-2.42519368968747
3.0435,1.33640376731314
3.044,1.61088854198911
3.0445,-2.32033019188906
3.045,-0.164551629793909
3.0455,2.4340142782079
3.046,-1.3269222880558
3.0465,-1.60206518490057
3.047,2.32882247149751
3.0475,0.174692011438753
3.048,-2.42552241542658
3.0485,1.33476014592368
3.049,1.61220343913656
3.0495,-2.31967274057305
3.05,-0.165866527822734
3.0505,2.43500045143175
3.051,-1.325607388028
3.0515,-1.60305136040245
3.052,2.32783629834435
3.0525,0.176006909094589
3.053,-2.42617986690557
3.0535,1.33410269736791
3.054,1.61318961199737
3.0545,-2.31934401491542
3.055,-0.167838874869024
3.0555,2.43532917583985
3.056,-1.3242924880031
3.0565,-1.60436626107442
3.057,2.32849374711305
3.0575,0.177650531162623
3.058,-2.42617986690557
3.0585,1.3324590759785
3.059,1.61450450914539
3.0595,-2.3186865636009
3.06,-0.16915377290192
3.0605,2.43598662465628
3.061,-1.32363503799174
3.0615,-1.60502371141161
3.062,2.3275075739601
3.0625,0.179622877641685
3.063,-2.42683731838559
3.0635,1.33147290314486
3.064,1.61549068200662
3.0645,-2.31770038663099
3.065,-0.171126119954324
3.0655,2.43598662465628
3.066,-1.321662687962
3.0665,-1.60699606242798
3.067,2.32685012519181
3.0675,0.180937775292832
3.068,-2.42683731838559
3.0685,1.33048673031123
3.069,1.61647685486803
3.0695,-2.31737166097486
3.07,-0.172112293481904
3.0705,2.43664407347302
3.071,-1.32034778794579
3.0715,-1.60798223793888
3.072,2.32685012519181
3.0725,0.182252672942731
3.073,-2.42749476986663
3.0735,1.32917183319974
3.074,1.61812047630413
3.0745,-2.31671420966333
3.075,-0.173427191520108
3.0755,2.4369727978815
3.076,-1.31936161293553
3.0765,-1.60863968828048
3.077,2.32586395203989
3.0775,0.183896295003354
3.078,-2.42716604412598
3.0785,1.32785693608827
3.079,1.61943537345338
3.0795,-2.31638548400794
3.08,-0.175070814070163
3.0805,2.43730152229006
3.081,-1.31804671292439
3.0815,-1.60962586379438
3.082,2.32520650327229
3.0825,0.185539917062033
3.083,-2.4281522213487
3.0835,1.3265420389768
3.084,1.62009282202813
3.0845,-2.3160567583528
3.085,-0.176714436622777
3.0855,2.4376302466987
3.086,-1.31673181291614
3.0865,-1.6109407644824
3.087,2.32454905450497
3.0875,0.186526090296308
3.088,-2.4281522213487
3.0885,1.32522714186534
3.089,1.62140771917788
3.0895,-2.3160567583528
3.09,-0.178358059177953
3.0905,2.4376302466987
3.091,-1.31541691291078
3.0915,-1.61192694000052
3.092,2.32422033012141
3.0925,0.187840987940924
3.093,-2.4288096728318
3.0935,1.32391224475389
3.094,1.62239389204041
3.0945,-2.31507058138888
3.095,-0.17967295722394
3.0955,2.43828769551621
3.096,-1.31443073790865
3.0965,-1.6142280162165
3.097,2.32323415697115
3.0975,0.189155885584299
3.098,-2.42913839857373
3.0985,1.32259734764245
3.099,1.62370878919074
3.0995,-2.31441313008084
3.1,-0.181316579783735
3.1005,2.43861641992508
3.101,-1.31311583790835
3.1015,-1.61488546656573
3.102,2.32257670820466
3.1025,0.191128232047041
3.103,-2.42946712431592
3.1035,1.32128245053101
3.104,1.62469496205371
3.1045,-2.31342695312065
3.105,-0.18263147783342
3.1055,2.43894514433402
3.106,-1.31180093791093
3.1065,-1.61587164209109
3.107,2.32224798382151
3.1075,0.192114405277369
3.108,-2.42979585005837
3.1085,1.31996755341958
3.109,1.62568113491687
3.1095,-2.31276950181511
3.11,-0.183946375884752
3.1105,2.43927386874304
3.111,-1.31081476291475
3.1115,-1.61718654279438
3.112,2.32126181067249
3.1125,0.194086751735942
3.113,-2.43012457580108
3.1135,1.31832393203029
3.114,1.62699603206804
3.1145,-2.31244077616271
3.115,-0.185589998451233
3.1155,2.43927386874304
3.116,-1.30884241292728
3.1165,-1.61850144350089
3.117,2.32093308628962
3.1175,0.195401649373449
3.118,-2.43078202728726
3.1185,1.31733775919672
3.119,1.62798220493165
3.1195,-2.31211205051055
3.12,-0.187233621020292
3.1205,2.44026004197057
3.121,-1.30785623793597
3.1215,-1.61915889385535
3.122,2.32093308628962
3.1225,0.197045271418602
3.123,-2.43143947877447
3.1235,1.31635158636315
3.124,1.62896837779544
3.1245,-2.31112587355559
3.125,-0.188548519077396
3.1255,2.43993131756132
3.126,-1.30654133795008
3.1265,-1.62047379456669
3.127,2.32027563752409
3.1275,0.198031444644771
3.128,-2.43143947877447
3.1285,1.31503668925172
3.129,1.63028327494747
3.1295,-2.31079714790444
3.13,-0.190520866166151
3.1305,2.44026004197057
3.131,-1.30522643796707
3.1315,-1.62178869528126
3.132,2.31896073999386
3.1325,0.199675066686851
3.133,-2.43176820451846
3.1335,1.31306434358457
3.134,1.63159817209983
3.1345,-2.31013969660287
3.135,-0.191835764227389
3.1355,2.44091749078931
3.136,-1.3042402629817
3.1365,-1.62310359599905
3.137,2.31863201561147
3.1375,0.201318688727015
3.138,-2.43209693026271
3.1385,1.31273561930671
3.139,1.63225562067615
3.1395,-2.30981097095246
3.14,-0.193150662290283
3.1405,2.44124621519879
3.141,-1.30292536300372
3.1415,-1.62408977153951
3.142,2.3179745668469
3.1425,0.202633586357768
3.143,-2.43242565600721
3.1435,1.31076327363954
3.144,1.63357051782903
3.1445,-2.30882479400273
3.145,-0.195123009387733
3.1455,2.44124621519879
3.146,-1.30095301304215
3.1465,-1.62507594708179
3.147,2.3179745668469
3.1475,0.204277208394489
3.148,-2.43308310749699
3.1485,1.30977710080595
3.149,1.63488541498226
3.1495,-2.30882479400273
3.15,-0.196766631971793
3.1505,2.44190366401799
3.151,-1.29996683806379
3.1515,-1.62639084780765
3.152,2.31698839370056
3.1525,0.205592106022491
3.153,-2.43308310749699
3.1535,1.30879092797236
3.154,1.63620031213584
3.1545,-2.30783861705523
3.155,-0.197095356488917
3.1555,2.44223238842771
3.156,-1.29898066308704
3.1565,-1.62737702335417
3.157,2.31600222055484
3.1575,0.207564452462208
3.158,-2.43341183324227
3.1585,1.30780475513876
3.159,1.63718648500126
3.1595,-2.30750989140656
3.16,-0.199396428111692
3.1605,2.44223238842771
3.161,-1.29766576312056
3.1615,-1.62869192408568
3.162,2.31633094493668
3.1625,0.208879350087163
3.163,-2.4337405589878
3.1635,1.30616113374941
3.164,1.63784393357831
3.1645,-2.30685244010997
3.165,-0.200711326184137
3.1655,2.44321856165731
3.166,-1.29635086315695
3.1665,-1.62967809963644
3.167,2.31501604740973
3.1675,0.210522972116646
3.168,-2.4337405589878
3.1685,1.30418878808217
3.169,1.63948755502133
3.1695,-2.30619498881437
3.17,-0.201697499739564
3.1705,2.44288983724737
3.171,-1.29536468818612
3.1715,-1.63066427518901
3.172,2.31468732302817
3.1725,0.211837869738865
3.173,-2.43472673622594
3.1735,1.30386006380429
3.174,1.6404737278874
3.1745,-2.30586626316695
3.175,-0.203669846853231
3.1755,2.44387601047744
3.176,-1.29372106323832
3.1765,-1.63197917592861
3.177,2.31435859864667
3.1775,0.213481491764934
3.178,-2.43472673622594
3.1785,1.30188771813701
3.179,1.64178862504247
3.1795,-2.30520881187284
3.18,-0.204984744931096
3.1805,2.44420473488762
3.181,-1.29240616328331
3.1815,-1.63296535148543
3.182,2.31402987426524
3.1825,0.21512511378911
3.183,-2.43538418771932
3.1835,1.30123026958124
3.184,1.6431035221979
3.1845,-2.30455136057973
3.185,-0.20629964301063
3.1855,2.44420473488762
3.186,-1.29174871330687
3.1865,-1.6342802522307
3.187,2.31337242550259
3.1875,0.216440011407089
3.188,-2.4357129134664
3.1885,1.29925792391391
3.189,1.64408969506471
3.1895,-2.30389390928761
3.19,-0.207943265612401
3.1905,2.4448621837082
3.191,-1.29010508836892
3.1915,-1.6355951529792
3.192,2.31271497674021
3.1925,0.217754909023861
3.193,-2.43538418771932
3.1935,1.29860047535812
3.194,1.6447471436427
3.1945,-2.30323645799648
3.195,-0.210244337259273
3.1955,2.44519090811861
3.196,-1.28879018842178
3.1965,-1.63691005373094
3.197,2.3120575279781
3.1975,0.219069806639425
3.198,-2.43604163921374
3.1985,1.29728557824653
3.199,1.64639076508805
3.1995,-2.30290773235129
3.2,-0.21090178630218
3.2005,2.44584835693967
3.201,-1.28747528847749
3.2015,-1.63691005373094
3.202,2.31172880359715
3.2025,0.220713428657186
3.203,-2.43702781645728
3.2035,1.29597068113492
3.204,1.64737693795553
3.2045,-2.30225028106165
3.205,-0.21254540891128
3.2055,2.44584835693967
3.206,-1.28583166355116
3.2065,-1.63888240486463
3.207,2.31074263045471
3.2075,0.222685775076018
3.208,-2.43702781645728
3.2085,1.29465578402328
3.209,1.64869183511248
3.2095,-2.30159282977301
3.21,-0.213860307000449
3.2105,2.44650580576103
3.211,-1.2848454885975
3.2115,-1.63986858043421
3.212,2.31041390607403
3.2125,0.22400067268707
3.213,-2.43702781645728
3.2135,1.29366961118953
3.214,1.64967800798044
3.2145,-2.30093537848536
3.215,-0.215832654137353
3.2155,2.44683453017182
3.216,-1.2832018636783
3.2165,-1.64052603081495
3.217,2.31008518169342
3.2175,0.225644294699198
3.218,-2.43735654220565
3.2185,1.291697265522
3.219,1.6506641808486
3.2195,-2.3002779271987
3.22,-0.216490103183828
3.2205,2.44650580576103
3.221,-1.28188696374616
3.2215,-1.64184093157885
3.222,2.3094277329324
3.2225,0.226959192307552
3.223,-2.43768526795427
3.2235,1.29103981696614
3.224,1.65165035371697
3.2245,-2.29962047591303
3.225,-0.218462450325781
3.2255,2.44683453017182
3.226,-1.28090078879892
3.2265,-1.64249838196202
3.227,2.30877028417166
3.2275,0.22827408991471
3.228,-2.43867144520168
3.2285,1.2897249198544
3.229,1.65296525087511
3.2295,-2.29929175027057
3.23,-0.219777348422523
3.2305,2.44814942781579
3.231,-1.27958588887176
3.2315,-1.6441420079235
3.232,2.30778411103105
3.2325,0.229917711921976
3.233,-2.43834271945228
3.2335,1.28841002274263
3.234,1.65428014803362
3.2345,-2.29830557334468
3.235,-0.221092246520951
3.2355,2.44782070340468
3.236,-1.27794226396683
3.2365,-1.64545690869634
3.237,2.30778411103105
3.2375,0.231232609526447
3.238,-2.43867144520168
3.2385,1.28709512563083
3.239,1.65526632090275
3.2395,-2.29797684770321
3.24,-0.222407144621067
3.2405,2.44847815222697
3.241,-1.276956089026
3.2415,-1.6464430842781
3.242,2.30712666227098
3.2425,0.232876231530359
3.243,-2.43900017095133
3.2435,1.28578022851899
3.244,1.65658121806191
3.2445,-2.29731939642101
3.245,-0.224379491774411
3.2455,2.44814942781579
3.246,-1.27531246412818
3.2465,-1.64742925986169
3.247,2.3061404891314
3.2475,0.234191129132149
3.248,-2.43965762245141
3.2485,1.28479405568509
3.249,1.65756739093152
3.2495,-2.29699067078029
3.25,-0.225694389878754
3.2505,2.44847815222697
3.251,-1.27432628919162
3.2515,-1.64874416064266
3.252,2.30548304037201
3.2525,0.235506026732751
3.253,-2.43998634820183
3.2535,1.28347915857319
3.254,1.65888228809133
3.2545,-2.29633321949958
3.255,-0.227338012511565
3.2555,2.44880687663823
3.256,-1.27334011425666
3.2565,-1.65005906142688
3.257,2.30482559161289
3.2575,0.236492199932423
3.258,-2.44064379970345
3.2585,1.28150681290527
3.259,1.65953973667138
3.2595,-2.29567576821987
3.26,-0.228981635147024
3.2605,2.44946432546099
3.261,-1.27169648936862
3.2615,-1.65104523701718
3.262,2.30416814285405
3.2625,0.238464546329766
3.263,-2.44064379970345
3.2635,1.28052064007128
3.264,1.66052590954162
3.2645,-2.29501831694114
3.265,-0.230625257785135
3.2655,2.44979304987248
3.266,-1.27038158946138
3.2665,-1.65268886300509
3.267,2.30351069409547
3.2675,0.240436892724445
3.268,-2.44097252545465
3.2685,1.27920574295925
3.269,1.66184080670227
3.2695,-2.29436086566341
3.27,-0.231611431369275
3.2705,2.45012177428405
3.271,-1.26939541453281
3.2715,-1.65334631340168
3.272,2.30351069409547
3.2725,0.24175179031942
3.273,-2.44064379970345
3.2735,1.27789084584718
3.274,1.66315570386331
3.2745,-2.29370341438666
3.275,-0.233255054011634
3.2755,2.45077922310743
3.276,-1.26840923960584
3.2765,-1.6543324889981
3.277,2.30252452095812
3.2775,0.243395412311479
3.278,-2.44130125120611
3.2785,1.27657594873507
3.279,1.66447060102472
3.2795,-2.29337468874866
3.28,-0.234898676656651
3.2805,2.45110794751923
3.281,-1.26643688975669
3.2815,-1.65564738979616
3.282,2.30153834782137
3.2825,0.2447103099038
3.283,-2.44130125120611
3.2835,1.27558977590096
3.284,1.66545677389603
3.2845,-2.29238851183615
3.285,-0.236213574774581
3.2855,2.45110794751923
3.286,-1.26577943980839
3.2865,-1.6569622905975
3.287,2.30120962344259
3.2875,0.246682656290075
3.288,-2.44195870270979
3.2885,1.27394615451071
3.289,1.66644294676755
3.2895,-2.29238851183615
3.29,-0.237857197424392
3.2905,2.45143667193112
3.291,-1.26413581494074
3.2915,-1.65794846620064
3.292,2.30055217468523
3.2925,0.247340105084912
3.293,-2.44228742846202
3.2935,1.27263125739846
3.294,1.66775784392991
3.2945,-2.2910736092896
3.295,-0.23917209554616
3.2955,2.45143667193112
3.296,-1.26282091504981
3.2965,-1.65827719140209
3.297,2.30022345030665
3.2975,0.248983727070721
3.298,-2.4426161542145
3.2985,1.27131636028616
3.299,1.66874401680194
3.2995,-2.29074488365358
3.3,-0.240486993669636
3.3005,2.45242284516723
3.301,-1.26150601516171
3.3015,-1.65992081741243
3.302,2.29923727717132
3.3025,0.250627349054698
3.303,-2.44294487996725
3.3035,1.26934401461761
3.304,1.6703876382558
3.3045,-2.29074488365358
3.305,-0.242130616326385
3.3055,2.45242284516723
3.306,-1.25986239030556
3.3065,-1.66090699302108
3.307,2.29923727717132
3.3075,0.251942246640562
3.308,-2.44327360572025
3.3085,1.26901529033951
3.309,1.67104508683751
3.3095,-2.28910125547719
3.31,-0.243774238985809
3.3105,2.4530802939917
3.311,-1.258876215394
3.3115,-1.6628793442439
3.312,2.29857982841477
3.3125,0.253585868621248
3.313,-2.44393105722703
3.3135,1.26802911750518
3.314,1.67170253541932
3.3145,-2.28877252984265
3.315,-0.245089137115274
3.3155,2.45275156957943
3.316,-1.25789004048402
3.3165,-1.66320806944842
3.317,2.29759365528044
3.3175,0.255229490600111
3.318,-2.44360233147351
3.3185,1.26638549611457
3.319,1.67301743258323
3.3195,-2.28877252984265
3.32,-0.246732759779518
3.3205,2.45340901840405
3.321,-1.25624641563759
3.3215,-1.66452297026854
3.322,2.29726493090247
3.3225,0.256544388181889
3.323,-2.44458850873484
3.3235,1.26539932328016
3.324,1.67400360545642
3.3245,-2.28778635294053
3.325,-0.248376382446443
3.3255,2.45340901840405
3.326,-1.25493151576362
3.3265,-1.66518042067982
3.327,2.29660748214673
3.3275,0.257859285762503
3.328,-2.44458850873484
3.3285,1.26342697761124
3.329,1.67531850262101
3.3295,-2.28680017604063
3.33,-0.249691280581916
3.3305,2.45340901840405
3.331,-1.25361661589248
3.3315,-1.66682404671162
3.332,2.29562130901361
3.3325,0.259502907736635
3.333,-2.44491723448913
3.3335,1.26211208049855
3.334,1.67663339978599
3.3345,-2.28680017604063
3.335,-0.251334903253676
3.3355,2.45406646722898
3.336,-1.25295916595796
3.3365,-1.66748149712576
3.337,2.29529258463604
3.3375,0.260817805314635
3.338,-2.44557468599849
3.3385,1.26112590766399
3.339,1.67729084836863
3.3395,-2.28614272477527
3.34,-0.252978525928125
3.3405,2.45439519164156
3.341,-1.25131554112476
3.3415,-1.66846767274852
3.342,2.29496386025854
3.3425,0.262132702891475
3.343,-2.44590341175355
3.3435,1.2598110105512
3.344,1.67860574553421
3.3445,-2.28548527351089
3.345,-0.254622148605267
3.3455,2.45538136487978
3.346,-1.25000064126137
3.3465,-1.67011129879055
3.347,2.2946351358811
3.3475,0.264105049254565
3.348,-2.44557468599849
3.3485,1.25849611343834
3.349,1.67959191840865
3.3495,-2.28482782224751
3.35,-0.255608322212846
3.3505,2.45505264046696
3.351,-1.2486857414008
3.3515,-1.67109747441823
3.352,2.29332023837203
3.3525,0.265419946828513
3.353,-2.44656086326446
3.3535,1.25718121632542
3.354,1.68057809128332
3.3545,-2.28417037098511
3.355,-0.256923220357795
3.3555,2.45538136487978
3.356,-1.24802829147157
3.3565,-1.672412375258
3.357,2.29299151399492
3.3575,0.267063568794324
3.358,-2.44656086326446
3.3585,1.25553759493417
3.359,1.68222171274159
3.3595,-2.2835129197237
3.36,-0.25856684304141
3.3605,2.45571008929268
3.361,-1.2460559416881
3.3615,-1.67339855088998
3.362,2.29266278961789
3.3625,0.268707190758335
3.363,-2.4468895890203
3.3635,1.25488014637764
3.364,1.68386533420049
3.3645,-2.28318419409337
3.365,-0.260210465727728
3.3655,2.45603881370565
3.366,-1.24441231687338
3.3665,-1.67438472652381
3.367,2.29167661648719
3.3675,0.270022088328248
3.368,-2.4472183147764
3.3685,1.25323652498624
3.369,1.68419405849235
3.3695,-2.28285546846328
3.37,-0.261525363878729
3.3705,2.4563675381187
3.371,-1.24342614198665
3.3715,-1.67569962737178
3.372,2.29134789211042
3.3725,0.271336985897012
3.373,-2.44754704053276
3.3735,1.25192162787304
3.374,1.68550895566002
3.3745,-2.2818692915745
3.375,-0.263168986569918
3.3755,2.45702498694504
3.376,-1.24211124214014
3.3765,-1.67668580300992
3.377,2.29036171898052
3.3775,0.272980607856353
3.378,-2.44787576628937
3.3785,1.2509354550381
3.379,1.68649512853604
3.3795,-2.28121184031654
3.38,-0.26448388472482
3.3805,2.45735371135832
3.381,-1.2411250672571
3.3815,-1.6776719786499
3.382,2.29003299460402
3.3825,0.274624229813903
3.383,-2.44787576628937
3.3835,1.24962055792477
3.384,1.68781002570442
3.3845,-2.28055438905958
3.385,-0.265798782881458
3.3855,2.45735371135832
3.386,-1.23981016741551
3.3865,-1.67898687950609
3.387,2.28937554585121
3.3875,0.275939127378655
3.388,-2.44820449204624
3.3885,1.24830566081138
3.389,1.68879619858097
3.3895,-2.2792394865486
3.39,-0.267771130119672
3.3905,2.45735371135832
3.391,-1.23849526757672
3.3915,-1.67997305515039
3.392,2.28904682147491
3.3925,0.277254024942265
3.393,-2.44919066931841
3.3935,1.2469907636979
3.394,1.68945364716546
3.3945,-2.27956821217598
3.395,-0.269414752821174
3.3955,2.45833988459865
3.396,-1.23750909269947
3.3965,-1.68161668122833
3.397,2.28838937272251
3.3975,0.279226371285539
3.398,-2.44951939507632
3.3985,1.24567586658435
3.399,1.69109726862714
3.3995,-2.2785820352946
3.4,-0.27040092644338
3.4005,2.45833988459865
3.401,-1.23586546790755
3.4015,-1.68260285687756
3.402,2.28740319959441
3.4025,0.280212544456215
3.403,-2.44951939507632
3.4035,1.24403224519229
3.404,1.69208344150446
3.4045,-2.27759585841544
3.405,-0.272044549149237
3.4055,2.45866860901225
3.406,-1.23455056807717
3.4065,-1.68293158209438
3.407,2.28674575084267
3.4075,0.281856166405918
3.408,-2.44951939507632
3.4085,1.243046072357
3.409,1.69274089008946
3.4095,-2.27726713278954
3.41,-0.273688171857818
3.4105,2.45899733342592
3.411,-1.23323566824959
3.4115,-1.68457520818158
3.412,2.2860883020912
3.4125,0.283171063964402
3.413,-2.44951939507632
3.4135,1.24140245096475
3.414,1.69405578725979
3.4145,-2.2769384071639
3.415,-0.275003070026647
3.4155,2.45833988459865
3.416,-1.23224949338074
3.4165,-1.68589010905505
3.417,2.28543085334
3.4175,0.284485961521752
3.418,-2.45017684659291
3.4185,1.24008755385085
3.419,1.69537068443052
3.4195,-2.27628095591334
3.42,-0.276646692740141
3.4205,2.45932605783968
3.421,-1.23093459355806
3.4215,-1.68654755949301
3.422,2.2851021289645
3.4225,0.28645830785565
3.423,-2.45083429811053
3.4235,1.23910138101537
3.424,1.69635685730884
3.4245,-2.27595223028843
3.425,-0.278290315456368
3.4255,2.45998350666742
3.426,-1.22961969373817
3.4265,-1.68753373515151
3.427,2.28444468021369
3.4275,0.287773205410168
3.428,-2.45083429811053
3.4285,1.23745775962279
3.429,1.6973430301874
3.4295,-2.27496605341519
3.43,-0.279605213631319
3.4305,2.46031223108141
3.431,-1.22830479392108
3.4315,-1.68884863603239
3.432,2.28345850708798
3.4325,0.288759378575315
3.433,-2.45116302386972
3.4335,1.23614286250863
3.434,1.69865792735917
3.4345,-2.27430860216759
3.435,-0.281577560897032
3.4355,2.46031223108141
3.436,-1.22698989410678
3.4365,-1.68983481169522
3.437,2.28280105833783
3.4375,0.290074276127857
3.438,-2.45214920114887
3.4385,1.23482796539439
3.439,1.69931537594521
3.4395,-2.27365115092098
3.44,-0.282892459076367
3.4405,2.46031223108141
3.441,-1.22567499429527
3.4415,-1.69114971258187
3.442,2.28181488521311
3.4425,0.292046622454555
3.443,-2.45182047538889
3.4435,1.23351306828005
3.444,1.70128772170397
3.4445,-2.27332242529804
3.445,-0.284207357257458
3.4455,2.45998350666742
3.446,-1.22436009448655
3.4465,-1.69213588824903
3.447,2.28148616083834
3.4475,0.293032795616955
3.448,-2.4524779269091
3.4485,1.23219817116562
3.449,1.70161644599719
3.4495,-2.27266497405291
3.45,-0.285850979986294
3.4505,2.46064095549548
3.451,-1.22337391963185
3.4515,-1.69377951436508
3.452,2.28082871208899
3.4525,0.295005141939858
3.453,-2.4524779269091
3.4535,1.23121199832973
3.454,1.70293134317032
3.4545,-2.27200752280876
3.455,-0.286837153624914
3.4555,2.46064095549548
3.456,-1.22173029487749
3.4565,-1.69443696481295
3.457,2.27984253896546
3.4575,0.296648763873682
3.458,-2.45280665266959
3.4585,1.22956837693647
3.459,1.70326006746367
3.4595,-2.27167879718705
3.46,-0.288809500905127
3.4605,2.46129840432385
3.461,-1.22041539507713
3.4615,-1.69608059093623
3.462,2.27885636584252
3.4625,0.297634937033136
3.463,-2.45280665266959
3.4635,1.22792475554306
3.464,1.70424624034388
3.4645,-2.27069262032341
3.465,-0.290124399094138
3.4655,2.46162712873815
3.466,-1.21910049527956
3.4665,-1.69673804138699
3.467,2.27885636584252
3.4675,0.299607283350155
3.468,-2.45379282995261
3.4685,1.22660985842822
3.469,1.70523241322433
3.4695,-2.27036389470269
3.47,-0.291768021832882
3.4705,2.46162712873815
3.471,-1.21778559548477
3.4715,-1.69772421706468
3.472,2.27819891709423
3.4725,0.300593456507723
3.473,-2.45379282995261
3.4735,1.22562368559202
3.474,1.70687603469227
3.4745,-2.269377717842
3.475,-0.293411644574386
3.4755,2.462284577567
3.476,-1.21712814558842
3.4765,-1.69903911797117
3.477,2.27754146834619
3.4775,0.302565802820975
3.478,-2.45412155571414
3.4785,1.22398006419824
3.479,1.70786220757336
3.4795,-2.26904899222226
3.48,-0.294726542769577
3.4805,2.46261330198153
3.481,-1.21548452085059
3.4815,-1.7000252936532
3.482,2.27721274397228
3.4825,0.30355197597666
3.483,-2.45412155571414
3.4835,1.22332261564068
3.484,1.70950582904237
3.4845,-2.26806281536452
3.485,-0.296370165516055
3.4855,2.46294202639615
3.486,-1.21416962106345
3.4865,-1.70134019456548
3.487,2.27655529522464
3.4875,0.305195597901413
3.488,-2.45379282995261
3.4885,1.22167899424667
3.489,1.7104920019241
3.4895,-2.26773408974577
3.49,-0.297685063715228
3.4905,2.46294202639615
3.491,-1.21285472127909
3.4915,-1.70265509548106
3.492,2.27589784647727
3.4925,0.306510495439966
3.493,-2.45477900723796
3.4935,1.22069282141018
3.494,1.71180689910012
3.4945,-2.26740536412726
3.495,-0.299328686466688
3.4955,2.46392819964047
3.496,-1.2115398214975
3.4965,-1.7033125459401
3.497,2.27524039773016
3.4975,0.308154117361596
3.498,-2.45510773300026
3.4985,1.21904920001591
3.499,1.71246434768829
3.4995,-2.26576173603841
3.5,-0.300643584669851
3.5005,2.46458564847041
3.501,-1.20989619677442
3.5015,-1.70462744686066
3.502,2.2749116733567
3.5025,0.309469014897655
3.503,-2.45543645876282
3.5035,1.21806302717926
3.504,1.71377924486495
3.5045,-2.26576173603841
3.505,-0.301629758323389
3.5055,2.4642569240554
3.506,-1.20858129699908
3.5065,-1.70528489732218
3.507,2.27425422460998
3.5075,0.311770085583096
3.508,-2.45543645876282
3.5085,1.21707685434255
3.509,1.71509414204205
3.5095,-2.26510428480459
3.51,-0.303273381081506
3.5105,2.46458564847041
3.511,-1.2072663972265
3.5115,-1.70659979824771
3.512,2.2732680514904
3.5125,0.313084983116116
3.513,-2.45609391028872
3.5135,1.2154332329479
3.514,1.71640903921959
3.5145,-2.2641181079557
3.515,-0.304917003842402
3.5155,2.46458564847041
3.516,-1.2059514974567
3.5165,-1.70791469917656
3.517,2.27293932711734
3.5175,0.313742431882212
3.518,-2.45576518452564
3.5185,1.21411833583205
3.519,1.71673776351404
3.5195,-2.26378938233989
3.52,-0.306231902053121
3.5205,2.4649143728855
3.521,-1.20496532263116
3.5215,-1.70890087487538
3.522,2.2722818783714
3.5225,0.31571477817885
3.523,-2.45675136181565
3.5235,1.21247471443708
3.524,1.71838138498671
3.5245,-2.26313193110902
3.525,-0.307546800265622
3.5255,2.46524309730067
3.526,-1.20299297298476
3.5265,-1.70922960010873
3.527,2.271295705253
3.5275,0.317029675708568
3.528,-2.4570800875795
3.5285,1.21181726587905
3.529,1.71936755787065
3.5295,-2.26247447987913
3.53,-0.309190423033756
3.5305,2.46590054613124
3.531,-1.2020067981639
3.5315,-1.71120195151322
3.532,2.271295705253
3.5325,0.318344573237188
3.533,-2.45675136181565
3.5335,1.21050236876288
3.534,1.72068245504961
3.5345,-2.26181702865022
3.535,-0.310834045804678
3.5355,2.46590054613124
3.536,-1.20069189840516
3.5365,-1.71185940198304
3.537,2.27030953213518
3.5375,0.319988195146421
3.538,-2.45740881334361
3.5385,1.20885874736751
3.539,1.72199735222902
3.5395,-2.26148830303613
3.54,-0.312148944023427
3.5405,2.46655799496213
3.541,-1.19970572358792
3.5415,-1.71251685245369
3.542,2.2696520833903
3.5425,0.321631817053944
3.543,-2.45740881334361
3.5435,1.20754385025108
3.544,1.72265480081889
3.5445,-2.26050212619534
3.545,-0.313463842243963
3.5455,2.46655799496213
3.546,-1.19806209889598
3.5465,-1.71383175339749
3.547,2.26932335901796
3.5475,0.322946714578732
3.548,-2.45806626487261
3.5485,1.20655767741368
3.549,1.72396969799896
3.5495,-2.25984467496938
3.55,-0.31510746502215
3.5505,2.46688671937769
3.551,-1.19674719914552
3.5515,-1.71514665434462
3.552,2.26866591027346
3.5525,0.324590336483184
3.553,-2.4583949906375
3.5535,1.20491405601786
3.554,1.7249558708843
3.5545,-2.25918722374439
3.555,-0.316422363246714
3.5555,2.46721544379333
3.556,-1.1957610243345
3.5565,-1.71646155529507
3.557,2.26800846152923
3.5575,0.326233958385933
3.558,-2.4583949906375
3.5585,1.20392788318027
3.559,1.7259420437699
3.5595,-2.25820104690876
3.56,-0.317737261473072
3.5605,2.46721544379333
3.561,-1.19411739965289
3.5615,-1.71711900577155
3.562,2.26735101278526
3.5625,0.327877580286982
3.563,-2.4583949906375
3.5635,1.20294171034262
3.564,1.72725694095109
3.5645,-2.25787232129737
3.565,-0.319380884258542
3.5655,2.46820161704072
3.566,-1.19280249991071
3.5665,-1.71810518148782
3.567,2.26669356404155
3.5675,0.329521202186334
3.568,-2.45872371640265
3.5685,1.20096936466709
3.569,1.72824311383728
3.5695,-2.25721487007533
3.57,-0.320695782488939
3.5705,2.46787289262484
3.571,-1.19181632510589
3.5715,-1.71974880768577
3.572,2.2660361152981
3.5725,0.329849926566001
3.573,-2.45938116793372
3.5735,1.1993257432706
3.574,1.72890056242821
3.5745,-2.25688614446468
3.575,-0.322339405279463
3.5755,2.46787289262484
3.576,-1.19050142536853
3.5765,-1.72106370864788
3.577,2.26504994218341
3.5775,0.332150997221776
3.578,-2.45970989369964
3.5785,1.19833957043261
3.579,1.72988673531482
3.5795,-2.25622869324411
3.58,-0.324311752631803
3.5805,2.46853034145667
3.581,-1.18951525056731
3.5815,-1.72172115913019
3.582,2.26472121781198
3.5825,0.33379461911673
3.583,-2.46003861946583
3.5835,1.19669594903579
3.584,1.73120163249736
3.5845,-2.25589996763419
3.585,-0.325297926309493
3.5855,2.46885906587271
3.586,-1.18754290096952
3.5865,-1.72237860961333
3.587,2.26373504469807
3.5875,0.334780792252893
3.588,-2.46003861946583
3.5885,1.1957097761976
3.589,1.73251652968035
3.5895,-2.25491379080591
3.59,-0.327270273667915
3.5905,2.46918779028882
3.591,-1.18589927630942
3.5915,-1.7233647853396
3.592,2.2634063203269
3.5925,0.336424414145149
3.593,-2.45970989369964
3.5935,1.1943948790799
3.594,1.73317397827202
3.5945,-2.25392761397983
3.595,-0.328585171909118
3.5955,2.46951651470501
3.596,-1.18491310151542
3.5965,-1.72500841155422
3.597,2.26307759595579
3.5975,0.337739311657743
3.598,-2.46069607099897
3.5985,1.19340870624153
3.599,1.7344888754557
3.5995,-2.25359888837163
3.6,-0.329900070152128
3.6005,2.46951651470501
3.601,-1.18359820179249
3.6015,-1.7259945872855
3.602,2.26176269847201
3.6025,0.339711657924619
3.603,-2.46102479676593
3.6035,1.19209380912359
3.604,1.73547504834376
3.6045,-2.25261271154849
3.605,-0.331214968396945
3.6055,2.46984523912129
3.606,-1.18294075193206
3.6065,-1.72730948826346
3.607,2.2611052497305
3.6075,0.341355279811838
3.608,-2.46102479676593
3.6085,1.19045018772597
3.609,1.73678994552823
3.6095,-2.25228398594127
3.61,-0.332858591205511
3.6105,2.46984523912129
3.611,-1.18063967742593
3.6115,-1.72862438924476
3.612,2.26011907661873
3.6125,0.342341452943366
3.613,-2.46135352253315
3.6135,1.18880656632814
3.614,1.73744739412065
3.6145,-2.25129780912106
3.615,-0.334502214016906
3.6155,2.47017396353763
3.616,-1.17998222756858
3.6165,-1.72928183973666
3.617,2.25979035224827
3.6175,0.343985074827908
3.618,-2.46168224830063
3.6185,1.18782039348933
3.619,1.73876229130582
3.6195,-2.25129780912106
3.62,-0.335817112268061
3.6205,2.47050268795406
3.621,-1.17866732785593
3.6215,-1.73026801547609
3.622,2.25946162787788
3.6225,0.34529997233434
3.623,-2.46233969983636
3.6235,1.18650549637079
3.624,1.739748464195
3.6245,-2.25064035790882
3.625,-0.337460735084557
3.6255,2.47050268795406
3.626,-1.17735242814603
3.6265,-1.73125419121739
3.627,2.25814673039694
3.6275,0.346614869839705
3.628,-2.46201097406837
3.6285,1.18486187497242
3.629,1.74073463708444
3.6295,-2.24932545548727
3.63,-0.338775633339796
3.6305,2.47083141237057
3.631,-1.17603752843885
3.6315,-1.73224036696057
3.632,2.25781800602686
3.6325,0.347929767344004
3.633,-2.46201097406837
3.6335,1.18387570213328
3.634,1.74237825856742
3.6345,-2.24899672988249
3.635,-0.340090531596852
3.6355,2.47148886120383
3.636,-1.17439390380874
3.6365,-1.7338839932034
3.637,2.25716055728691
3.6375,0.349902113598459
3.638,-2.46233969983636
3.6385,1.18256080501431
3.639,1.74336443145756
3.6395,-2.24801055306963
3.64,-0.341405429855728
3.6405,2.47116013678716
3.641,-1.17340772903272
3.6415,-1.73421271845259
3.642,2.25650310854721
3.6425,0.351217011100102
3.643,-2.46266842560462
3.6435,1.18157463217499
3.644,1.74467932864482
3.6445,-2.24768182746583
3.645,-0.343049052681881
3.6455,2.47181758562057
3.646,-1.17176410440944
3.6465,-1.7348701689516
3.647,2.25617438417746
3.6475,0.352531908600684
3.648,-2.46332587714191
3.6485,1.17993101077592
3.649,1.74533677723862
3.6495,-2.24702437625897
3.65,-0.345021400077024
3.6505,2.47181758562057
3.651,-1.17077792963752
3.6515,-1.73717124570474
3.652,2.25551693543815
3.6525,0.354175530474922
3.653,-2.46365460291095
3.6535,1.17927356221623
3.654,1.74632295012955
3.6545,-2.24669565065591
3.655,-0.346007573776135
3.6555,2.4721463100374
3.656,-1.16880558009828
3.6565,-1.73782869620753
3.657,2.2548594866991
3.6575,0.355490427973124
3.658,-2.46332587714191
3.6585,1.17762994081683
3.659,1.74730912302074
3.6595,-2.24570947384818
3.66,-0.347979921177436
3.6605,2.4724750344543
3.661,-1.16781940533097
3.6615,-1.73881487196327
3.662,2.253873313591
3.6625,0.357134049844392
3.663,-2.46398332868024
3.6635,1.1759863194172
3.664,1.7482952959122
3.6645,-2.24505202264425
3.665,-0.348966094879628
3.6655,2.47280375887128
3.666,-1.16683323056519
3.6665,-1.74012977297386
3.667,2.25321586485259
3.6675,0.358777671714012
3.668,-2.46431205444979
3.6685,1.17467142229731
3.669,1.74961019310122
3.6695,-2.24406584584018
3.67,-0.350609717718902
3.6705,2.47313248328834
3.671,-1.16518960595896
3.6715,-1.74078722348042
3.672,2.25288714048348
3.6725,0.360092569208526
3.673,-2.46431205444979
3.6735,1.17302780089724
3.674,1.75092509029072
3.6745,-2.2434083946387
3.675,-0.352253340561035
3.6755,2.47280375887128
3.676,-1.16387470627704
3.6765,-1.74177339924182
3.677,2.25222969174546
3.6775,0.36173619107519
3.678,-2.4646407802196
3.6785,1.17237035233714
3.679,1.75223998748069
3.6795,-2.24275094343819
3.68,-0.353239514267689
3.6805,2.47378993212271
3.681,-1.16288853151739
3.6815,-1.74308830025997
3.682,2.25157224300769
3.6825,0.363379812940215
3.683,-2.4646407802196
3.6835,1.1703980066566
3.684,1.75322616037349
3.6845,-2.2424222178383
3.685,-0.35521186168409
3.6855,2.47411865654001
3.686,-1.16058745708415
3.6865,-1.7437457507703
3.687,2.25058606990151
3.6875,0.364694710431057
3.688,-2.46529823176001
3.6885,1.16875438525587
3.689,1.75388360896883
3.6895,-2.24176476663925
3.69,-0.356855484534246
3.6905,2.47411865654001
3.691,-1.15993000724761
3.6915,-1.74506065179348
3.692,2.24992862116438
3.6925,0.366009607920854
3.693,-2.4656269575306
3.6935,1.16776821241532
3.694,1.75519850615988
3.6945,-2.24110731544118
3.695,-0.357841658245717
3.6955,2.47411865654001
3.696,-1.15861510757658
3.6965,-1.74637555282002
3.697,2.24927117242751
3.6975,0.367653229781632
3.698,-2.4656269575306
3.6985,1.16711076385489
3.699,1.75585595475558
3.6995,-2.24044986424409
3.7,-0.359156556529288
3.7005,2.47510482979238
3.701,-1.15730020790826
3.7015,-1.74769045384992
3.702,2.24861372369089
3.7025,0.368968127269081
3.703,-2.46628440907255
3.7035,1.16546714245365
3.704,1.75717085194735
3.7045,-2.23946368745028
3.705,-0.361128903958093
3.7055,2.47477610537484
3.706,-1.15598530824265
3.7065,-1.74867662962456
3.707,2.24795627495453
3.7075,0.37061174912693
3.708,-2.46628440907255
3.7085,1.16415224533248
3.709,1.7584857491396
3.7095,-2.23913496185283
3.71,-0.362443802246265
3.7105,2.47543355421
3.711,-1.15467040857976
3.7115,-1.74966280540108
3.712,2.24697010185046
3.7125,0.372255370983155
3.713,-2.46595568330145
3.7135,1.16283734821113
3.714,1.75914319773591
3.7145,-2.23814878506195
3.715,-0.36375870053628
3.7155,2.47543355421
3.716,-1.15302678400497
3.7165,-1.7506489811795
3.717,2.24729882621842
3.7175,0.373898992837759
3.718,-2.46628440907255
3.7185,1.1611937268092
3.719,1.76045809492889
3.7195,-2.23782005946547
3.72,-0.365731047974763
3.7205,2.47576227862769
3.721,-1.15204060926212
3.7215,-1.75163515695982
3.722,2.24664137748257
3.7225,0.374885165949744
3.723,-2.46694186061555
3.7235,1.16020755396792
3.724,1.76177299212235
3.7245,-2.23683388267751
3.725,-0.367045946269393
3.7255,2.47576227862769
3.726,-1.15072570960736
3.7265,-1.75262133274203
3.727,2.24532648001163
3.7275,0.376200063431487
3.728,-2.46727058638744
3.7285,1.15889265684606
3.729,1.76243044071926
3.7295,-2.23617643148676
3.73,-0.36868956914028
3.7305,2.47609100304547
3.731,-1.14941080995531
3.7315,-1.75360750852613
3.732,2.24532648001163
3.7325,0.377843685282213
3.733,-2.46792803793199
3.7335,1.15724903544349
3.734,1.76374533791345
3.7345,-2.23617643148676
3.735,-0.370004467439071
3.7355,2.47641972746333
3.736,-1.14776718539406
3.7365,-1.75492240957455
3.737,2.24434030690909
3.7375,0.379158582761633
3.738,-2.46825676370466
3.7385,1.15659158688238
3.739,1.76440278651073
3.7395,-2.23486152910818
3.74,-0.371319365739714
3.7405,2.47674845188126
3.741,-1.14678101065933
3.7415,-1.75590858536307
3.742,2.24401158254171
3.7425,0.381130928978834
3.743,-2.46792803793199
3.7435,1.15494796547942
3.744,1.76604640800447
3.7445,-2.2338753523268
3.745,-0.37263426404221
3.7455,2.47707717629927
3.746,-1.14513738610484
3.7465,-1.75689476115349
3.747,2.24302540943993
3.7475,0.382445826455683
3.748,-2.46759931215959
3.7485,1.15363306835686
3.749,1.76736130520001
3.7495,-2.2338753523268
3.75,-0.37394916234656
3.7505,2.47740590071737
3.751,-1.14349376155457
3.7515,-1.7575522116815
3.752,2.24236796070573
3.7525,0.384089448300302
3.753,-2.46759931215959
3.7535,1.15264689551481
3.754,1.76801875379797
3.7545,-2.23288917554761
3.755,-0.375592785229607
3.7555,2.47773462513554
3.756,-1.14250758682643
3.7565,-1.75853838747508
3.757,2.24138178760491
3.7575,0.385404345774844
3.758,-2.46858548947758
3.7585,1.15100327411118
3.759,1.76933365099425
3.7595,-2.23223172436271
3.76,-0.376907683538135
3.7605,2.47806334955379
3.761,-1.14119268719127
3.7615,-1.75952456327057
3.762,2.24138178760491
3.7625,0.38737669198474
3.763,-2.46858548947758
3.7635,1.15001710126886
3.764,1.77031982389179
3.7645,-2.23157427317877
3.765,-0.378222581848523
3.7655,2.47839207397213
3.766,-1.13987778755882
3.7665,-1.76083946433417
3.767,2.24039561450465
3.7675,0.388362865088827
3.768,-2.46858548947758
3.7685,1.14870220414561
3.769,1.77097727249031
3.7695,-2.2305880964047
3.77,-0.380194929317593
3.7705,2.47839207397213
3.771,-1.13856288792905
3.7715,-1.76215436540114
3.772,2.23973816577147
3.7725,0.39033521129528
3.773,-2.46891421525077
3.7735,1.14771603130306
3.774,1.77229216968771
3.7745,-2.22960191963281
3.775,-0.381181103053699
3.7755,2.47872079839054
3.776,-1.1375767132085
3.7765,-1.7628118159359
3.777,2.23940944140497
3.7775,0.391321384397648
3.778,-2.46924294102421
3.7785,1.14607240989856
3.779,1.77360706688561
3.7795,-2.22927319404267
3.78,-0.382496001370139
3.7805,2.47904952280903
3.781,-1.13593308867761
3.7815,-1.76478416754524
3.782,2.23908071703853
3.7825,0.392965006233658
3.783,-2.46924294102421
3.7835,1.14475751277475
3.784,1.77459323978436
3.7845,-2.22861574286311
3.785,-0.384139624268312
3.7855,2.4793782472276
3.786,-1.13461818905593
3.7865,-1.7651128928142
3.787,2.23809454393961
3.7875,0.394937352434777
3.788,-2.46957166679792
3.7885,1.14311389136972
3.789,1.77525068838368
3.7895,-2.22762956609561
3.79,-0.38545452258895
3.7905,2.4793782472276
3.791,-1.13330328943694
3.7915,-1.76642779389216
3.792,2.23743709520731
3.7925,0.395923525534482
3.793,-2.46957166679792
3.7935,1.14179899424548
3.794,1.77656558558271
3.7945,-2.22730084050692
3.795,-0.387098145492376
3.7955,2.48003569606498
3.796,-1.13198838982064
3.7965,-1.76708524443241
3.797,2.23677964647526
3.7975,0.397238422999871
3.798,-2.46990039257188
3.7985,1.14048409712105
3.799,1.77755175848231
3.7995,-2.22664338933029
3.8,-0.388741768398725
3.8005,2.47970697164625
3.801,-1.13034476530404
3.8015,-1.76840014551545
3.802,2.23579347337765
3.8025,0.398882044830187
3.803,-2.47022911834611
3.8035,1.1394979242776
3.804,1.77886665568222
3.8045,-2.22532848697993
3.805,-0.390714115890204
3.8055,2.48069314490268
3.806,-1.1293585905961
3.8065,-1.76938632132995
3.807,2.23546474901191
3.8075,0.400196942293306
3.808,-2.47121529567034
3.8085,1.13818302715282
3.809,1.77985282858248
3.8095,-2.22565721256715
3.81,-0.391700289637526
3.8105,2.48069314490268
3.811,-1.12804369098785
3.8115,-1.77070122241892
3.812,2.23447857591507
3.8125,0.401183115389984
3.813,-2.47088656989534
3.8135,1.13653940574658
3.814,1.78116772578328
3.8145,-2.22467103580621
3.815,-0.393343912552072
3.8155,2.48069314490268
3.816,-1.12672879138229
3.8165,-1.77168739823787
3.817,2.23349240281879
3.8175,0.403484185946702
3.818,-2.4715440214456
3.8185,1.13489578434002
3.819,1.78182517438387
3.8195,-2.22368485904745
3.82,-0.394658810885821
3.8205,2.48069314490268
3.821,-1.12508516687911
3.8215,-1.77267357405872
3.822,2.23283495408825
3.8225,0.404470359041497
3.823,-2.4715440214456
3.8235,1.13358088721456
3.824,1.78281134728499
3.8245,-2.22302740787616
3.825,-0.396302433805649
3.8255,2.4813505937407
3.826,-1.12442771707902
3.8265,-1.77365974988149
3.827,2.23250622972307
3.8275,0.406113980864904
3.828,-2.47187274722113
3.8285,1.13226599008888
3.829,1.78379752018639
3.8295,-2.22269868229087
3.83,-0.397617332143627
3.8305,2.4813505937407
3.831,-1.1227840925817
3.8315,-1.77464592570615
3.832,2.23152005662792
3.8325,0.407757602686748
3.833,-2.47220147299691
3.8335,1.13062236868151
3.834,1.78511241738872
3.8345,-2.22204123112104
3.835,-0.399589679654123
3.8355,2.48102186932165
3.836,-1.12146919298686
3.8365,-1.77628955208485
3.837,2.23086260789813
3.8375,0.4090725001431
3.838,-2.47253019877295
3.8385,1.12930747155538
3.839,1.7860985902908
3.8395,-2.22138377995217
3.84,-0.401233302582774
3.8405,2.4813505937407
3.841,-1.12015429339469
3.8415,-1.77694700263781
3.842,2.22987643480392
3.8425,0.410387397598455
3.843,-2.47220147299691
3.8435,1.12766385014743
3.844,1.78675603889235
3.8445,-2.22072632878428
3.845,-0.402548200927816
3.8455,2.4813505937407
3.846,-1.1188393938052
3.8465,-1.77793317846884
3.847,2.22921898607476
3.8475,0.41203101941625
3.848,-2.47253019877295
3.8485,1.12700640158415
3.849,1.78774221179491
3.8495,-2.21974015203426
3.85,-0.403863099274746
3.8505,2.4813505937407
3.851,-1.1171957693221
3.8515,-1.77891935430178
3.852,2.22889026171027
3.8525,0.413674641232491
3.853,-2.47318765032582
3.8535,1.12569150445745
3.854,1.78905710899878
3.8545,-2.2194114264514
3.855,-0.405177997623565
3.8555,2.48200804257904
3.856,-1.11588086973862
3.8565,-1.78023425541535
3.857,2.22790408861719
3.8575,0.414989538684369
3.858,-2.47318765032582
3.8585,1.12437660733054
3.859,1.79037200620316
3.8595,-2.21842524970429
3.86,-0.406492895974273
3.8605,2.4826654914177
3.861,-1.11456597015781
3.8615,-1.7808917059734
3.862,2.22757536425295
3.8625,0.416633160497823
3.863,-2.47351637610264
3.8635,1.12339043448521
3.864,1.79135817910679
3.8645,-2.21776779854076
3.865,-0.407807794326874
3.8655,2.48299421583715
3.866,-1.11292234568555
3.8665,-1.78220660709207
3.867,2.22658919116061
3.8675,0.418276782309733
3.868,-2.47351637610264
3.8685,1.12174681307607
3.869,1.79234435201071
3.8695,-2.21678162179729
3.87,-0.409122692681367
3.8705,2.48299421583715
3.871,-1.1119361710042
3.8715,-1.7831927829333
3.872,2.2259317424327
3.8725,0.419920404120101
3.873,-2.47351637610264
3.8735,1.12076064023043
3.874,1.79300180061349
3.8745,-2.21645289621662
3.875,-0.410437591037755
3.8755,2.48299421583715
3.876,-1.11062127143139
3.8765,-1.78417895877644
3.877,2.22527429370504
3.8775,0.421235301567287
3.878,-2.47384510187972
3.8785,1.11944574310271
3.879,1.79431669781943
3.8795,-2.21546671947605
3.88,-0.412409938575893
3.8805,2.48332294025668
3.881,-1.10930637186125
3.8815,-1.7851651346215
3.882,2.22461684497762
3.8825,0.422221474652031
3.883,-2.47384510187972
3.8835,1.11714467312869
3.884,1.79530287072424
3.8845,-2.21513799389635
3.885,-0.414382286118301
3.8855,2.48365166467629
3.886,-1.10766274740231
3.8865,-1.78648003575122
3.887,2.22428812061401
3.8875,0.42386509645871
3.888,-2.47483127921253
3.8885,1.11648722456456
3.889,1.7959603193276
3.8895,-2.21480926831689
3.89,-0.415697184482282
3.8905,2.48398038909597
3.891,-1.10733402251103
3.8915,-1.78746621160074
3.892,2.22363067188697
3.8925,0.42517999390295
3.893,-2.47450255343467
3.8935,1.11517232743613
3.894,1.79694649223289
3.8945,-2.21382309157995
3.895,-0.417012082848164
3.8955,2.48398038909597
3.896,-1.10601912294754
3.8965,-1.78878111273643
3.897,2.22297322316017
3.8975,0.426823615706873
3.898,-2.47450255343467
3.8985,1.11352870602528
3.899,1.79859011374237
3.8995,-2.21316564042321
3.9,-0.418655705808194
3.9005,2.48430911351574
3.901,-1.10404677360729
3.9015,-1.78943856330555
3.902,2.22231577443363
3.9025,0.428138513148912
3.903,-2.47516000499065
3.9035,1.11221380889635
3.904,1.79957628664846
3.9045,-2.21217946368991
3.905,-0.4202993287712
3.9055,2.48463783793559
3.906,-1.10240314916165
3.9065,-1.79075346444634
3.907,2.22165832570733
3.9075,0.43011085931014
3.908,-2.47548873076903
3.9085,1.11057018748487
3.909,1.80056245955484
3.9095,-2.21152201253559
3.91,-0.421285502550433
3.9105,2.48496656235552
3.911,-1.10141697449626
3.9115,-1.79173964030418
3.912,2.22067215261835
3.9125,0.431097032389933
3.913,-2.47548873076903
3.9135,1.10958401463781
3.914,1.80154863246152
3.9145,-2.21053583580592
3.915,-0.42325785011212
3.9155,2.48463783793559
3.916,-1.10010207494472
3.9165,-1.79272581616393
3.917,2.22001470389267
3.9175,0.433069378547877
3.918,-2.47581745654768
3.9185,1.10859784179063
3.919,1.80220608106614
3.9195,-2.21053583580592
3.92,-0.424244023894575
3.9205,2.48496656235552
3.921,-1.09878717539584
3.9215,-1.79338326673817
3.922,2.21902853080462
3.9225,0.43405555162603
3.923,-2.47581745654768
3.9235,1.10695422037836
3.924,1.80384970257826
3.9245,-2.20954965907843
3.925,-0.425887646867723
3.9255,2.48496656235552
3.926,-1.09681482607749
3.9265,-1.7946981678892
3.927,2.21869980644206
3.9275,0.435370449062718
3.928,-2.47647490810574
3.9285,1.10531059896574
3.929,1.80450715118335
3.9295,-2.20856348235311
3.93,-0.426873820653046
3.9305,2.48529528677553
3.931,-1.09615737630603
3.9315,-1.79634179433279
3.932,2.21771363335475
3.9325,0.437014070857218
3.933,-2.47614618232658
3.9335,1.10432442611799
3.934,1.80582204839392
3.9345,-2.20823475677849
3.935,-0.428846168226922
3.9355,2.48595273561579
3.936,-1.09418502699563
3.9365,-1.79667051962215
3.937,2.21705618463018
3.9375,0.438657692650209
3.938,-2.47680363388517
3.9385,1.10268080470478
3.939,1.8064794969994
3.9395,-2.20757730562997
3.94,-0.430489791208445
3.9405,2.48562401119562
3.941,-1.09319885234266
3.9415,-1.7976566954915
3.942,2.21672746026799
3.9425,0.439643865725279
3.943,-2.47680363388517
3.9435,1.10169463185668
3.944,1.80779439421078
3.9445,-2.20659112890901
3.945,-0.431804689595822
3.9455,2.48661018445636
3.946,-1.09221267769117
3.9465,-1.79897159665364
3.947,2.21574128718179
3.9475,0.441944936231671
3.948,-2.47713235966485
3.9485,1.10005101044288
3.949,1.80878056711966
3.9495,-2.20626240333584
3.95,-0.433119587985118
3.9505,2.48661018445636
3.951,-1.09056905327534
3.9515,-1.79995777252748
3.952,2.21475511409615
3.9525,0.443259833662574
3.953,-2.47713235966485
3.9535,1.09873611331157
3.954,1.80976674002885
3.9545,-2.20560495219022
3.955,-0.434763210974439
3.9555,2.48661018445636
3.956,-1.08892542886364
3.9565,-1.80061522311111
3.957,2.21442638973439
3.9575,0.444246006735121
3.958,-2.47647490810574
3.9585,1.09742121618002
3.959,1.81075291293834
3.9595,-2.20494750104557
3.96,-0.436078109368059
3.9605,2.48726763329726
3.961,-1.08761052933725
3.9615,-1.80160139898816
3.962,2.21376894101105
3.9625,0.445889628521502
3.963,-2.47746108544479
3.9635,1.0964350433312
3.964,1.81206781015146
3.9645,-2.20363259875916
3.965,-0.437721732362789
3.9655,2.48693890887677
3.966,-1.08695307957504
3.9665,-1.80291630016056
3.967,2.21311149228797
3.9675,0.447533250306388
3.968,-2.477789811225
3.9685,1.09512014619923
3.969,1.81272525875823
3.9695,-2.20297514761741
3.97,-0.43903663076074
3.9705,2.48726763329726
3.971,-1.08530945517241
3.9715,-1.80357375074804
3.972,2.21212531920379
3.9725,0.448848147733223
3.973,-2.477789811225
3.9735,1.09380524906701
3.974,1.81404015597217
3.9745,-2.20231769647662
3.975,-0.440351529160619
3.9755,2.48726763329726
3.976,-1.08399455565327
3.9765,-1.80521737722049
3.977,2.21179659484253
3.9775,0.450163045159105
3.978,-2.47746108544479
3.9785,1.09249035193455
3.979,1.81469760457934
3.9795,-2.2016602453368
3.98,-0.441995152163179
3.9805,2.48759635771783
3.981,-1.08267965613677
3.9815,-1.80620355310653
3.982,2.21048169739807
3.9825,0.451477942584035
3.983,-2.47811853700546
3.9835,1.09084673051862
3.984,1.81634122609788
3.9845,-2.20133151976725
3.985,-0.4433100505674
3.9855,2.48792508213848
3.986,-1.08169348150112
3.9865,-1.8071897289945
3.987,2.21015297303711
3.9875,0.453450288719649
3.988,-2.47877598856717
3.9885,1.0895318333856
3.989,1.81699867470553
3.9895,-2.20001661749147
3.99,-0.444624948973552
3.9905,2.48759635771783
3.991,-1.07972113223426
3.9915,-1.8081759048844
3.992,2.20949552431537
3.9925,0.454436461786656
3.993,-2.47877598856717
3.9935,1.08854566053567
3.994,1.81798484761726
3.9945,-2.19935916635502
3.995,-0.446268571983961
3.9955,2.48825380655921
3.996,-1.07873495760305
3.9965,-1.80883335547873
3.997,2.20883807559387
3.9975,0.456408807919071
3.998,-2.47943344012992
3.9985,1.08657331483539
3.999,1.81897102052931
3.9995,-2.19870171521954
