Time_s,Voltage_V
0,-1.69147843780405
0.0005,0.291717898066948
0.001,1.23384179255864
0.0015,-2.27397987654416
0.002,2.45998350666742
0.0025,-1.69114971258187
0.003,0.291060449291523
0.0035,1.23449924111581
0.004,-2.27365115092098
0.0045,2.45998350666742
0.005,-1.69049226213813
0.0055,0.290731724903704
0.006,1.23515668967296
0.0065,-2.27496605341519
0.007,2.45998350666742
0.0075,-1.68983481169522
0.008,0.290403000515816
0.0085,1.23581413823008
0.009,-2.27463732779127
0.0095,2.45965478225351
0.01,-1.68983481169522
0.0105,0.289416827351727
0.011,1.23614286250863
0.0115,-2.27463732779127
0.012,2.45965478225351
0.0125,-1.68917736125313
0.013,0.288759378575315
0.0135,1.23647158678718
0.014,-2.27496605341519
0.0145,2.45998350666742
0.015,-1.68819118559154
0.0155,0.288430654187003
0.016,1.23745775962279
0.0165,-2.27529477903936
0.017,2.45965478225351
0.0175,-1.68753373515151
0.018,0.287773205410168
0.0185,1.23778648390132
0.019,-2.27496605341519
0.0195,2.45932605783968
0.02,-1.68786246037142
0.0205,0.286787032244386
0.021,1.23811520817984
0.0215,-2.27562350466377
0.022,2.45932605783968
0.0225,-1.6872050099318
0.023,0.28645830785565
0.0235,1.23877265673686
0.024,-2.27595223028843
0.0245,2.45932605783968
0.025,-1.68687628471231
0.0255,0.286129583466844
0.026,1.23943010529387
0.0265,-2.27628095591334
0.027,2.45899733342592
0.0275,-1.68654755949301
0.028,0.284814685910912
0.0285,1.24008755385085
0.029,-2.2766096815385
0.0295,2.45866860901225
0.03,-1.68589010905505
0.0305,0.284157237132521
0.031,1.24041627812933
0.0315,-2.2766096815385
0.032,2.45833988459865
0.0325,-1.68556138383637
0.033,0.283499788353846
0.0335,1.24107372668628
0.034,-2.2769384071639
0.0345,2.45866860901225
0.035,-1.68457520818158
0.0355,0.282842339574888
0.036,1.24173117524321
0.0365,-2.27726713278954
0.037,2.45833988459865
0.0375,-1.68457520818158
0.038,0.282513615185302
0.0385,1.24238862380012
0.039,-2.27759585841544
0.0395,2.45833988459865
0.04,-1.68391775774608
0.0405,0.28152744201612
0.041,1.24271734807856
0.0415,-2.27792458404158
0.042,2.45801116018513
0.0425,-1.68358903252864
0.043,0.28119871762625
0.0435,1.243046072357
0.044,-2.27825330966796
0.0445,2.45833988459865
0.045,-1.68293158209438
0.0455,0.280541268846298
0.046,1.24370352091387
0.0465,-2.2785820352946
0.047,2.45801116018513
0.0475,-1.68260285687756
0.048,0.280212544456215
0.0485,1.24436096947071
0.049,-2.27825330966796
0.0495,2.45768243577169
0.05,-1.68194540644453
0.0505,0.279226371285539
0.051,1.24501841802754
0.0515,-2.27891076092148
0.052,2.45735371135832
0.0525,-1.68194540644453
0.053,0.278568922504733
0.0535,1.24501841802754
0.054,-2.27956821217598
0.0545,2.45768243577169
0.055,-1.68161668122833
0.0555,0.277582749332989
0.056,1.24600459086274
0.0565,-2.27956821217598
0.057,2.45702498694504
0.0575,-1.68063050558095
0.058,0.277254024942265
0.0585,1.24666203941952
0.059,-2.28022566343146
0.0595,2.45702498694504
0.06,-1.68063050558095
0.0605,0.276596576160603
0.061,1.2469907636979
0.0615,-2.28022566343146
0.062,2.45702498694504
0.0625,-1.67997305515039
0.063,0.276267851769665
0.0635,1.24797693653301
0.064,-2.28022566343146
0.0645,2.45702498694504
0.065,-1.67931560472065
0.0655,0.275281678596422
0.066,1.24797693653301
0.0665,-2.28022566343146
0.067,2.4563675381187
0.0675,-1.67865815429173
0.068,0.274952954205198
0.0685,1.24863438508973
0.069,-2.28088311468794
0.0695,2.45735371135832
0.07,-1.67832942907758
0.0705,0.274624229813903
0.071,1.24929183364643
0.0715,-2.28088311468794
0.072,2.4563675381187
0.0725,-1.67800070386364
0.073,0.273638056639588
0.0735,1.25027800648145
0.074,-2.28121184031654
0.0745,2.45669626253183
0.075,-1.67734325343637
0.0755,0.273309332248006
0.076,1.2509354550381
0.0765,-2.2815405659454
0.077,2.4563675381187
0.0775,-1.67701452822304
0.078,0.271994434680964
0.0785,1.2509354550381
0.079,-2.2818692915745
0.0795,2.45669626253183
0.08,-1.676357077797
0.0805,0.271994434680964
0.081,1.25225035215135
0.0815,-2.28219801720384
0.082,2.4563675381187
0.0825,-1.67569962737178
0.083,0.271665710289024
0.0835,1.25257907642965
0.084,-2.2818692915745
0.0845,2.4563675381187
0.085,-1.67537090215948
0.0855,0.270679537112774
0.086,1.25323652498624
0.0865,-2.28219801720384
0.087,2.45603881370565
0.0875,-1.67471345173549
0.088,0.270022088328248
0.0885,1.25356524926453
0.089,-2.28252674283344
0.0895,2.45571008929268
0.09,-1.67405600131233
0.0905,0.269035915150921
0.091,1.25422269782109
0.0915,-2.28285546846328
0.092,2.4563675381187
0.0925,-1.67372727610105
0.093,0.268378466365676
0.0935,1.25488014637764
0.094,-2.2835129197237
0.0945,2.45603881370565
0.095,-1.67339855088998
0.0955,0.268049741972946
0.096,1.25553759493417
0.0965,-2.2835129197237
0.097,2.45603881370565
0.0975,-1.67306982567912
0.098,0.26739229318727
0.0985,1.25619504349068
0.099,-2.28384164535428
0.0995,2.45538136487978
0.1,-1.67274110046846
0.1005,0.266734844401306
0.101,1.25652376776893
0.1015,-2.28417037098511
0.102,2.45538136487978
0.1025,-1.67208365004775
0.103,0.266406120008216
0.1035,1.25750994060365
0.104,-2.28449909661619
0.1045,2.45538136487978
0.105,-1.67175492483771
0.1055,0.265419946828513
0.106,1.25750994060365
0.1065,-2.28417037098511
0.107,2.45505264046696
0.1075,-1.67109747441823
0.108,0.265091222435134
0.1085,1.25816738916012
0.109,-2.28449909661619
0.1095,2.45472391605422
0.11,-1.6707687492088
0.1105,0.264105049254565
0.111,1.25849611343834
0.1115,-2.28515654787908
0.112,2.45505264046696
0.1125,-1.67011129879055
0.113,0.263776324860897
0.1135,1.25915356199478
0.114,-2.28515654787908
0.1145,2.45439519164156
0.115,-1.66945384837313
0.1155,0.262790151679461
0.116,1.2598110105512
0.1165,-2.28548527351089
0.117,2.45472391605422
0.1175,-1.66912512316472
0.118,0.262790151679461
0.1185,1.2607971833858
0.119,-2.28581399914296
0.1195,2.45472391605422
0.12,-1.66912512316472
0.1205,0.261803978497374
0.121,1.26112590766399
0.1215,-2.28614272477527
0.122,2.45472391605422
0.1225,-1.66813894754073
0.123,0.260817805314635
0.1235,1.26145463194218
0.124,-2.28614272477527
0.1245,2.45406646722898
0.125,-1.66781022233315
0.1255,0.260817805314635
0.126,1.26211208049855
0.1265,-2.28647145040783
0.127,2.45406646722898
0.1275,-1.66715277191859
0.128,0.259831632131244
0.1285,1.26244080477673
0.129,-2.28680017604063
0.1295,2.45406646722898
0.13,-1.66682404671162
0.1305,0.259502907736635
0.131,1.26342697761124
0.1315,-2.28712890167368
0.132,2.45406646722898
0.1325,-1.66616659629828
0.133,0.258516734552374
0.1335,1.26342697761124
0.134,-2.28712890167368
0.1345,2.45340901840405
0.135,-1.66550914588577
0.1355,0.258188010157475
0.136,1.26408442616756
0.1365,-2.28712890167368
0.137,2.45340901840405
0.1375,-1.66485169547408
0.138,0.257201836972341
0.1385,1.26507059900201
0.139,-2.28778635294053
0.1395,2.45340901840405
0.14,-1.66452297026854
0.1405,0.256873112577151
0.141,1.26539932328016
0.1415,-2.28811507857432
0.142,2.45340901840405
0.1425,-1.6641942450632
0.143,0.255886939391145
0.1435,1.2657280475583
0.144,-2.28778635294053
0.1445,2.4530802939917
0.145,-1.66386551985807
0.1455,0.255558214995664
0.146,1.26605677183643
0.1465,-2.28811507857432
0.147,2.45275156957943
0.1475,-1.66353679465314
0.148,0.254572041808784
0.1485,1.26704294467082
0.149,-2.28910125547719
0.1495,2.45242284516723
0.15,-1.6628793442439
0.1505,0.253914593017167
0.151,1.26737166894895
0.1515,-2.28910125547719
0.152,2.45275156957943
0.1525,-1.66255061903959
0.153,0.253257144225257
0.1535,1.26802911750518
0.154,-2.289758706747
0.1545,2.45242284516723
0.155,-1.66189316863157
0.1555,0.252599695433056
0.156,1.2686865660614
0.1565,-2.289758706747
0.157,2.45242284516723
0.1575,-1.66156444342787
0.158,0.252270971036845
0.1585,1.26934401461761
0.159,-2.289758706747
0.1595,2.45242284516723
0.16,-1.66090699302108
0.1605,0.251942246640562
0.161,1.26967273889571
0.1615,-2.28942998111197
0.162,2.45242284516723
0.1625,-1.66057826781799
0.163,0.251284797847776
0.1635,1.27000146317381
0.164,-2.2904161580178
0.1645,2.45209412075512
0.165,-1.65992081741243
0.1655,0.250298624658049
0.166,1.27098763600808
0.1665,-2.2904161580178
0.167,2.45176539634308
0.1675,-1.65926336700768
0.168,0.249969900261327
0.1685,1.27131636028616
0.169,-2.2904161580178
0.1695,2.45143667193112
0.17,-1.65893464180562
0.1705,0.248983727070721
0.171,1.27164508456424
0.1715,-2.2910736092896
0.172,2.45176539634308
0.1725,-1.65860591660375
0.173,0.248655002673706
0.1735,1.27263125739846
0.174,-2.29140233492586
0.1745,2.45143667193112
0.175,-1.65794846620064
0.1755,0.24766882948222
0.176,1.27295998167653
0.1765,-2.29173106056238
0.177,2.45110794751923
0.1775,-1.65729101579834
0.178,0.24701138068753
0.1785,1.27394615451071
0.179,-2.29238851183615
0.1795,2.45110794751923
0.18,-1.6569622905975
0.1805,0.246682656290075
0.181,1.27427487878877
0.1815,-2.29205978619914
0.182,2.45143667193112
0.1825,-1.65663356539686
0.183,0.246025207494944
0.1835,1.27493232734487
0.184,-2.29238851183615
0.1845,2.45077922310743
0.185,-1.65597611499619
0.1855,0.2447103099038
0.186,1.27526105162292
0.1865,-2.29271723747341
0.187,2.45143667193112
0.1875,-1.65564738979616
0.188,0.24438158550583
0.1885,1.275918500179
0.189,-2.29304596311091
0.1895,2.45077922310743
0.19,-1.65531866459634
0.1905,0.244052861107787
0.191,1.275918500179
0.1915,-2.29337468874866
0.192,2.45012177428405
0.1925,-1.65498993939672
0.193,0.242409239116465
0.1935,1.2769046730131
0.194,-2.29403214002491
0.1945,2.45012177428405
0.195,-1.65466121419731
0.1955,0.242409239116465
0.196,1.2769046730131
0.1965,-2.29436086566341
0.197,2.44979304987248
0.1975,-1.65367503860028
0.198,0.242080514717979
0.1985,1.27789084584718
0.199,-2.29468959130215
0.1995,2.44979304987248
0.2,-1.65334631340168
0.2005,0.2407656171233
0.201,1.27854829440322
0.2015,-2.29468959130215
0.202,2.44979304987248
0.2025,-1.65301758820329
0.203,0.240436892724445
0.2035,1.27887701868124
0.204,-2.29468959130215
0.2045,2.44979304987248
0.205,-1.65268886300509
0.2055,0.239779443926514
0.206,1.27986319151527
0.2065,-2.29468959130215
0.207,2.44946432546099
0.2075,-1.65170268741174
0.208,0.239450719527438
0.2085,1.28084936434928
0.209,-2.29567576821987
0.2095,2.44880687663823
0.21,-1.65203141260932
0.2105,0.238793270729064
0.211,1.28052064007128
0.2115,-2.29534704258038
0.212,2.44880687663823
0.2125,-1.65104523701718
0.213,0.237807097530948
0.2135,1.28117808862728
0.214,-2.29534704258038
0.2145,2.44880687663823
0.215,-1.65038778662344
0.2155,0.237149648731834
0.216,1.28183553718326
0.2165,-2.2960044938596
0.217,2.44913560104957
0.2175,-1.65005906142688
0.218,0.236820924332165
0.2185,1.28249298573924
0.219,-2.29666194513981
0.2195,2.44913560104957
0.22,-1.64940161103436
0.2205,0.235834751132716
0.221,1.28282171001723
0.2215,-2.2960044938596
0.222,2.44880687663823
0.2225,-1.64874416064266
0.223,0.235506026732751
0.2235,1.28315043429521
0.224,-2.29633321949958
0.2245,2.44847815222697
0.225,-1.64841543544711
0.2255,0.235177302332712
0.226,1.28413660712914
0.2265,-2.29666194513981
0.227,2.44847815222697
0.2275,-1.64808671025177
0.228,0.234519853532411
0.2285,1.28413660712914
0.229,-2.29699067078029
0.2295,2.44782070340468
0.23,-1.64742925986169
0.2305,0.233862404731813
0.231,1.28545150424102
0.2315,-2.29699067078029
0.232,2.44847815222697
0.2325,-1.64677180947243
0.233,0.233204955930918
0.2335,1.28578022851899
0.234,-2.29731939642101
0.2345,2.44782070340468
0.235,-1.6464430842781
0.2355,0.232547507129725
0.236,1.28643767707491
0.2365,-2.29764812206199
0.237,2.44814942781579
0.2375,-1.64578563389005
0.238,0.231890058328235
0.2385,1.28709512563083
0.239,-2.29764812206199
0.2395,2.44782070340468
0.24,-1.64545690869634
0.2405,0.231232609526447
0.241,1.28742384990878
0.2415,-2.29830557334468
0.242,2.44814942781579
0.2425,-1.64512818350282
0.243,0.230903885125441
0.2435,1.28775257418673
0.244,-2.29830557334468
0.2445,2.44749197899365
0.245,-1.6441420079235
0.2455,0.229917711921976
0.246,1.28841002274263
0.2465,-2.29896302462836
0.247,2.44749197899365
0.2475,-1.6438132827308
0.248,0.229588987520672
0.2485,1.28939619557646
0.249,-2.29896302462836
0.2495,2.44749197899365
0.25,-1.6434845575383
0.2505,0.228602814316312
0.251,1.29005364413234
0.2515,-2.29929175027057
0.252,2.4471632545827
0.2525,-1.64282710715391
0.253,0.227945365513032
0.2535,1.29071109268821
0.254,-2.29962047591303
0.2545,2.44683453017182
0.255,-1.64282710715391
0.2555,0.226959192307552
0.256,1.29071109268821
0.2565,-2.29994920155574
0.257,2.44650580576103
0.2575,-1.64216965677034
0.258,0.226959192307552
0.2585,1.29103981696614
0.259,-2.29994920155574
0.2595,2.44683453017182
0.26,-1.64151220638757
0.2605,0.226301743503525
0.261,1.29202598979992
0.2615,-2.3002779271987
0.262,2.44650580576103
0.2625,-1.64151220638757
0.263,0.225644294699198
0.2635,1.29235471407785
0.264,-2.30060665284191
0.2645,2.44617708135031
0.265,-1.64085475600562
0.2655,0.224658121492146
0.266,1.29301216263369
0.2665,-2.30093537848536
0.267,2.44617708135031
0.2675,-1.64019730562448
0.268,0.22400067268707
0.2685,1.29334088691161
0.269,-2.30126410412906
0.2695,2.4455196325291
0.27,-1.64019730562448
0.2705,0.223671948284419
0.271,1.29399833546745
0.2715,-2.30159282977301
0.272,2.44584835693967
0.2725,-1.63953985524415
0.273,0.222685775076018
0.2735,1.29432705974536
0.274,-2.30159282977301
0.2745,2.44584835693967
0.275,-1.63888240486463
0.2755,0.222357050673067
0.276,1.29498450830119
0.2765,-2.30192155541721
0.277,2.4455196325291
0.2775,-1.63822495448592
0.278,0.221370877463764
0.2785,1.29564195685701
0.279,-2.30225028106165
0.2795,2.44519090811861
0.28,-1.63789622929687
0.2805,0.221370877463764
0.281,1.29629940541282
0.2815,-2.30290773235129
0.282,2.4448621837082
0.2825,-1.63756750410803
0.283,0.220384704253785
0.2835,1.29662812969073
0.284,-2.30290773235129
0.2845,2.4455196325291
0.285,-1.63691005373094
0.2855,0.219727255446756
0.286,1.29728557824653
0.2865,-2.30290773235129
0.287,2.4455196325291
0.2875,-1.63625260335466
0.288,0.219398531043128
0.2885,1.29761430252443
0.289,-2.30290773235129
0.2895,2.44519090811861
0.29,-1.63625260335466
0.2905,0.218083633427865
0.291,1.29794302680233
0.2915,-2.30290773235129
0.292,2.4448621837082
0.2925,-1.63526642779177
0.293,0.217754909023861
0.2935,1.29860047535812
0.294,-2.30356518364192
0.2945,2.44453345929787
0.295,-1.63493770260454
0.2955,0.217097460215626
0.296,1.29892919963602
0.2965,-2.30389390928761
0.297,2.44453345929787
0.2975,-1.63460897741752
0.298,0.216440011407089
0.2985,1.29991537246969
0.299,-2.30422263493354
0.2995,2.44387601047744
0.3,-1.63395152704408
0.3005,0.215782562598251
0.301,1.30024409674758
0.3015,-2.30455136057973
0.302,2.44387601047744
0.3025,-1.63362280185766
0.303,0.21512511378911
0.3035,1.30090154530336
0.304,-2.30455136057973
0.3045,2.44387601047744
0.305,-1.63329407667145
0.3055,0.214796389384426
0.306,1.30123026958124
0.3065,-2.30520881187284
0.307,2.44321856165731
0.3075,-1.63230790111402
0.308,0.213481491764934
0.3085,1.30188771813701
0.309,-2.30488008622616
0.3095,2.44354728606734
0.31,-1.63197917592861
0.3105,0.212824042954734
0.311,1.30254516669278
0.3115,-2.30553753751977
0.312,2.44354728606734
0.3125,-1.63197917592861
0.313,0.212824042954734
0.3135,1.30353133952642
0.314,-2.30553753751977
0.3145,2.44321856165731
0.315,-1.63099300037361
0.3155,0.211509145333424
0.316,1.30353133952642
0.3165,-2.30586626316695
0.317,2.44288983724737
0.3175,-1.63066427518901
0.318,0.211180420927907
0.3185,1.30386006380429
0.319,-2.30619498881437
0.3195,2.44321856165731
0.32,-1.63033555000462
0.3205,0.210851696522314
0.321,1.3051749609158
0.3215,-2.30619498881437
0.322,2.44288983724737
0.3225,-1.62967809963644
0.323,0.20986552330508
0.3235,1.30550368519367
0.324,-2.30652371446205
0.3245,2.4425611128375
0.325,-1.62934937445265
0.3255,0.209208074493211
0.326,1.30583240947154
0.3265,-2.30718116575814
0.327,2.44288983724737
0.3275,-1.62869192408568
0.328,0.208879350087163
0.3285,1.30648985802728
0.329,-2.30718116575814
0.3295,2.4425611128375
0.33,-1.6283631989025
0.3305,0.208221901274837
0.331,1.30747603086089
0.3315,-2.30750989140656
0.332,2.4425611128375
0.3325,-1.62770574853674
0.333,0.207235728055779
0.3335,1.30747603086089
0.334,-2.30750989140656
0.3345,2.44223238842771
0.335,-1.62704829817179
0.3355,0.206907003649274
0.336,1.30846220369449
0.3365,-2.30750989140656
0.337,2.4425611128375
0.3375,-1.62639084780765
0.338,0.206907003649274
0.3385,1.30944837652809
0.339,-2.30783861705523
0.3395,2.44223238842771
0.34,-1.62573339744432
0.3405,0.205920830429301
0.341,1.30944837652809
0.3415,-2.30816734270415
0.342,2.44190366401799
0.3425,-1.62573339744432
0.343,0.204934657208643
0.3435,1.30977710080595
0.344,-2.30816734270415
0.3445,2.4425611128375
0.345,-1.62474722190083
0.3455,0.204934657208643
0.346,1.31010582508382
0.3465,-2.30849606835331
0.347,2.44190366401799
0.3475,-1.62474722190083
0.348,0.20361975958003
0.3485,1.3110919979174
0.349,-2.30882479400273
0.3495,2.44157493960835
0.35,-1.62408977153951
0.3505,0.203291035172686
0.351,1.31174944647313
0.3515,-2.30882479400273
0.352,2.44157493960835
0.3525,-1.62343232117901
0.353,0.202633586357768
0.3535,1.31207817075099
0.354,-2.30915351965239
0.3545,2.44124621519879
0.355,-1.6227748708193
0.3555,0.201647413134818
0.356,1.31306434358457
0.3565,-2.31013969660287
0.357,2.44124621519879
0.3575,-1.62244614563975
0.358,0.200989964319135
0.3585,1.31339306786243
0.359,-2.31013969660287
0.3595,2.44091749078931
0.36,-1.62178869528126
0.3605,0.200332515503147
0.361,1.31372179214028
0.3615,-2.31013969660287
0.362,2.4405887663799
0.3625,-1.62145997010232
0.363,0.200003791095037
0.3635,1.31405051641814
0.364,-2.31046842225353
0.3645,2.4405887663799
0.365,-1.62145997010232
0.3655,0.199675066686851
0.366,1.31470796497386
0.3665,-2.31112587355559
0.367,2.44026004197057
0.3675,-1.62014506938856
0.368,0.198688893461833
0.3685,1.31536541352958
0.369,-2.31112587355559
0.3695,2.4405887663799
0.37,-1.62047379456669
0.3705,0.198031444644771
0.371,1.31602286208529
0.3715,-2.31079714790444
0.372,2.43993131756132
0.3725,-1.62014506938856
0.373,0.197045271418602
0.3735,1.31668031064101
0.374,-2.311454599207
0.3745,2.4405887663799
0.375,-1.61981634421062
0.3755,0.197045271418602
0.376,1.31668031064101
0.3765,-2.31178332485865
0.377,2.43993131756132
0.3775,-1.61883016867802
0.378,0.195730373782633
0.3785,1.31766648347458
0.379,-2.31178332485865
0.3795,2.43960259315214
0.38,-1.61850144350089
0.3805,0.195401649373449
0.381,1.31832393203029
0.3815,-2.31211205051055
0.382,2.43993131756132
0.3825,-1.61784399314723
0.383,0.194744200554849
0.3835,1.31865265630815
0.384,-2.31244077616271
0.3845,2.43927386874304
0.385,-1.61685781761825
0.3855,0.194086751735942
0.386,1.31931010486387
0.3865,-2.31276950181511
0.387,2.43927386874304
0.3875,-1.61685781761825
0.388,0.193758027326373
0.3885,1.31996755341958
0.389,-2.31276950181511
0.3895,2.43960259315214
0.39,-1.61620036726661
0.3905,0.193429302916726
0.391,1.3206250019753
0.3915,-2.31309822746776
0.392,2.43927386874304
0.3925,-1.61587164209109
0.393,0.192443129687324
0.3935,1.32095372625316
0.394,-2.31342695312065
0.3945,2.43894514433402
0.395,-1.61521419174065
0.3955,0.191785680867337
0.396,1.32193989908673
0.3965,-2.3137556787738
0.397,2.43927386874304
0.3975,-1.61488546656573
0.398,0.191456956457228
0.3985,1.32161117480887
0.399,-2.31342695312065
0.3995,2.43828769551621
0.4,-1.61455674139101
0.4005,0.190470783226436
0.401,1.32259734764245
0.4015,-2.3140844044272
0.402,2.43861641992508
0.4025,-1.61357056586807
0.403,0.190142058816018
0.4035,1.32292607192031
0.404,-2.31441313008084
0.4045,2.43828769551621
0.405,-1.61324184069416
0.4055,0.189484609994949
0.406,1.32325479619817
0.4065,-2.31474185573474
0.407,2.43795897110742
0.4075,-1.61258439034694
0.408,0.188498436762766
0.4085,1.32391224475389
0.409,-2.31441313008084
0.4095,2.4376302466987
0.41,-1.61225566517363
0.4105,0.187840987940924
0.411,1.32424096903175
0.4115,-2.31507058138888
0.412,2.4376302466987
0.4125,-1.61192694000052
0.413,0.187183539118771
0.4135,1.32522714186534
0.414,-2.31507058138888
0.4145,2.4369727978815
0.415,-1.61159821482761
0.4155,0.186854814707579
0.416,1.32588459042107
0.4165,-2.31507058138888
0.417,2.43730152229006
0.4175,-1.6109407644824
0.418,0.185868641473536
0.4185,1.3255558661432
0.419,-2.31572803269791
0.4195,2.4369727978815
0.42,-1.61061203931009
0.4205,0.185211192650452
0.421,1.32621331469893
0.4215,-2.3160567583528
0.422,2.43664407347302
0.4225,-1.60995458896608
0.423,0.184553743827058
0.4235,1.32687076325466
0.424,-2.31638548400794
0.4245,2.43664407347302
0.425,-1.60962586379438
0.4255,0.183567570591385
0.426,1.32785693608827
0.4265,-2.31671420966333
0.427,2.43664407347302
0.4275,-1.60896841345158
0.428,0.183238846179338
0.4285,1.32818566036613
0.429,-2.31671420966333
0.4295,2.43598662465628
0.43,-1.60831096310958
0.4305,0.182581397355011
0.431,1.32884310892187
0.4315,-2.31704293531897
0.432,2.43598662465628
0.4325,-1.60798223793888
0.433,0.181923948530373
0.4335,1.32950055747762
0.434,-2.31737166097486
0.4345,2.43631534906461
0.435,-1.60798223793888
0.4355,0.181923948530373
0.436,1.32950055747762
0.4365,-2.31737166097486
0.437,2.43598662465628
0.4375,-1.60699606242798
0.438,0.180609050880162
0.4385,1.33081545458911
0.439,-2.31737166097486
0.4395,2.43598662465628
0.44,-1.60666733725809
0.4405,0.179951602054589
0.441,1.33081545458911
0.4415,-2.31835783794402
0.442,2.43565790024803
0.4425,-1.6056811617496
0.443,0.179294153228703
0.4435,1.33147290314486
0.444,-2.31835783794402
0.4445,2.43565790024803
0.445,-1.6053524365805
0.4455,0.178965428815644
0.446,1.33180162742274
0.4465,-2.3186865636009
0.447,2.43532917583985
0.4475,-1.60502371141161
0.448,0.177979255575996
0.4485,1.3324590759785
0.449,-2.31901528925803
0.4495,2.43500045143175
0.45,-1.60502371141161
0.4505,0.177321806749173
0.451,1.33278780025638
0.4515,-2.3186865636009
0.452,2.43500045143175
0.4525,-1.60436626107442
0.453,0.176664357922038
0.4535,1.33410269736791
0.454,-2.31934401491542
0.4545,2.43467172702372
0.455,-1.60370881073803
0.4555,0.176335633508353
0.456,1.3344314216458
0.4565,-2.31934401491542
0.457,2.43467172702372
0.4575,-1.60370881073803
0.458,0.175678184680748
0.4585,1.33476014592368
0.459,-2.32000146623093
0.4595,2.43467172702372
0.46,-1.60272263523496
0.4605,0.17502073585283
0.461,1.33508887020157
0.4615,-2.31967274057305
0.462,2.43467172702372
0.4625,-1.60206518490057
0.463,0.174034562610365
0.4635,1.33607504303524
0.464,-2.32000146623093
0.4645,2.43467172702372
0.465,-1.60173645973368
0.4655,0.173705838196053
0.466,1.33640376731314
0.4665,-2.32000146623093
0.467,2.43467172702372
0.4675,-1.60075028423421
0.468,0.173377113781663
0.4685,1.33738994014682
0.469,-2.32065891754745
0.4695,2.43368555380011
0.47,-1.60042155906812
0.4705,0.172719664952647
0.471,1.33804738870262
0.4715,-2.32033019188906
0.472,2.4340142782079
0.4725,-1.60009283390223
0.473,0.172062216123317
0.4735,1.33870483725843
0.474,-2.32065891754745
0.4745,2.4340142782079
0.475,-1.59976410873653
0.4755,0.171404767293673
0.476,1.33936228581424
0.4765,-2.32131636886496
0.477,2.43368555380011
0.4775,-1.59910665840575
0.478,0.171076042878733
0.4785,1.33936228581424
0.479,-2.32131636886496
0.4795,2.43368555380011
0.48,-1.59844920807577
0.4805,0.169761145218187
0.481,1.34001973437005
0.4815,-2.32164509452409
0.482,2.43368555380011
0.4825,-1.59812048291108
0.483,0.169432420802853
0.4835,1.34034845864796
0.484,-2.32197382018346
0.4845,2.43335682939239
0.485,-1.59713430741821
0.4855,0.169103696387441
0.486,1.34067718292587
0.4865,-2.32197382018346
0.487,2.43302810498475
0.4875,-1.59713430741821
0.488,0.168446247556381
0.4885,1.3413346314817
0.489,-2.32197382018346
0.4895,2.43302810498475
0.49,-1.59680558225432
0.4905,0.167131349893314
0.491,1.34199208003754
0.4915,-2.32230254584309
0.492,2.43302810498475
0.4925,-1.59581940676384
0.493,0.166473901061308
0.4935,1.34264952859338
0.494,-2.32328872282348
0.4945,2.43302810498475
0.495,-1.59549068160075
0.4955,0.166473901061308
0.496,1.3429782528713
0.4965,-2.3229599971631
0.497,2.4323706561697
0.4975,-1.59549068160075
0.498,0.165159003396347
0.4985,1.34363570142715
0.499,-2.3236174484841
0.4995,2.4323706561697
0.5,-1.59516195643786
0.5005,0.164830278979909
0.501,1.34396442570508
0.5015,-2.3236174484841
0.502,2.4323706561697
0.5025,-1.59417578095038
0.503,0.164172830146797
0.5035,1.34462187426094
0.504,-2.32394617414498
0.5045,2.43204193176228
0.505,-1.59384705578829
0.5055,0.163844105730122
0.506,1.34495059853888
0.5065,-2.32427489980611
0.507,2.43171320735495
0.5075,-1.5931896054647
0.508,0.162857932479623
0.5085,1.34560804709475
0.509,-2.32460362546748
0.5095,2.43171320735495
0.51,-1.59220342998081
0.5105,0.16220048364556
0.511,1.34659421992857
0.5115,-2.32460362546748
0.512,2.43171320735495
0.5125,-1.59253215514191
0.513,0.16187175922841
0.5135,1.34692294420652
0.514,-2.32493235112911
0.5145,2.43105575854051
0.515,-1.59187470481992
0.5155,0.161214310393873
0.516,1.34692294420652
0.5165,-2.32526107679099
0.517,2.43138448294769
0.5175,-1.59154597965922
0.518,0.160556861559018
0.5185,1.34790911704037
0.519,-2.32591852811549
0.5195,2.4307270341334
0.52,-1.59023107901843
0.5205,0.15957068830614
0.521,1.34823784131832
0.5215,-2.32558980245311
0.522,2.4307270341334
0.5225,-1.59023107901843
0.523,0.159241963888356
0.5235,1.34889528987424
0.524,-2.32624725377811
0.5245,2.4307270341334
0.525,-1.58957362869923
0.5255,0.158584515052548
0.526,1.34955273843016
0.5265,-2.32624725377811
0.527,2.43006958531941
0.5275,-1.58924490353993
0.528,0.157598341798241
0.5285,1.34955273843016
0.529,-2.32591852811549
0.5295,2.42974086091254
0.53,-1.58924490353993
0.5305,0.156612168543217
0.531,1.35021018698609
0.5315,-2.32657597944099
0.532,2.42974086091254
0.5325,-1.58793000290472
0.533,0.156612168543217
0.5335,1.35086763554203
0.534,-2.32657597944099
0.5345,2.42941213650574
0.535,-1.58825872806323
0.5355,0.155625995287477
0.536,1.35119635982
0.5365,-2.32690470510411
0.537,2.42941213650574
0.5375,-1.58760127774642
0.538,0.15463982203102
0.5385,1.35152508409798
0.539,-2.32690470510411
0.5395,2.42908341209901
0.54,-1.58694382743041
0.5405,0.154311097612042
0.541,1.35251125693192
0.5415,-2.32756215643111
0.542,2.42941213650574
0.5425,-1.5862863771152
0.543,0.153324924354627
0.5435,1.35316870548789
0.544,-2.32756215643111
0.5445,2.42941213650574
0.545,-1.58562892680078
0.5455,0.153324924354627
0.546,1.35349742976588
0.5465,-2.32789088209499
0.547,2.42842596328579
0.5475,-1.58562892680078
0.548,0.152667475515952
0.5485,1.35415487832187
0.549,-2.32854833342349
0.5495,2.42875468769236
0.55,-1.58497147648716
0.5505,0.15168130225734
0.551,1.35481232687786
0.5515,-2.32887705908811
0.552,2.42875468769236
0.5525,-1.58497147648716
0.553,0.151352577837643
0.5535,1.35546977543387
0.554,-2.32887705908811
0.5545,2.42842596328579
0.555,-1.58431402617433
0.5555,0.150695128998008
0.556,1.35546977543387
0.5565,-2.32920578475299
0.557,2.42809723887929
0.5575,-1.58365657586231
0.558,0.150037680158053
0.5585,1.3564559482679
0.559,-2.32953451041811
0.5595,2.42842596328579
0.56,-1.58332785070659
0.5605,0.149380231317779
0.561,1.35711339682393
0.5615,-2.32986323608349
0.562,2.42776851447287
0.5625,-1.58267040039576
0.563,0.148394058056765
0.5635,1.35777084537998
0.564,-2.32986323608349
0.5645,2.42776851447287
0.565,-1.58201295008572
0.5655,0.148394058056765
0.566,1.35809956965801
0.5665,-2.33019196174911
0.567,2.42711106566026
0.5675,-1.58102677462215
0.568,0.147407884795031
0.5685,1.35842829393603
0.569,-2.33052068741499
0.5695,2.42743979006653
0.57,-1.58102677462215
0.5705,0.146750435953473
0.571,1.3590857424921
0.5715,-2.32986323608349
0.572,2.42711106566026
0.5725,-1.58069804946802
0.573,0.146421711532574
0.5735,1.35941446677014
0.574,-2.33052068741499
0.5745,2.42711106566026
0.575,-1.57971187400684
0.5755,0.145435538269394
0.576,1.36040063960427
0.5765,-2.33117813874749
0.577,2.42678234125407
0.5775,-1.57971187400684
0.578,0.144778089426872
0.5785,1.36072936388232
0.579,-2.33117813874749
0.5795,2.42678234125407
0.58,-1.57872569854745
0.5805,0.14444936500549
0.581,1.36105808816037
0.5815,-2.33150686441411
0.582,2.42678234125407
0.5825,-1.57872569854745
0.583,0.143463191740863
0.5835,1.36204426099454
0.584,-2.33183559008099
0.5845,2.42645361684795
0.585,-1.57806824824218
0.5855,0.14313446731916
0.586,1.36237298527261
0.5865,-2.33183559008099
0.587,2.42612489244191
0.5875,-1.57773952308984
0.588,0.142477018475511
0.5885,1.36303043382874
0.589,-2.33216431574812
0.5895,2.42612489244191
0.59,-1.57708207278576
0.5905,0.14181956963154
0.591,1.36303043382874
0.5915,-2.33249304141549
0.592,2.42612489244191
0.5925,-1.57642462248247
0.593,0.141162120787247
0.5935,1.36335915810682
0.594,-2.33249304141549
0.5945,2.42579616803594
0.595,-1.57576717217998
0.5955,0.140504671942631
0.596,1.36467405521914
0.5965,-2.33282176708312
0.597,2.42579616803594
0.5975,-1.57576717217998
0.598,0.139847223097692
0.5985,1.36500277949723
0.599,-2.333150492751
0.5995,2.42546744363006
0.6,-1.57543844702904
0.6005,0.139518498675101
0.601,1.36467405521914
0.6015,-2.33347921841913
0.602,2.42513871922424
0.6025,-1.57445227157738
0.603,0.138532325406844
0.6035,1.36631767660962
0.604,-2.333150492751
0.6045,2.42546744363006
0.605,-1.57379482127727
0.6055,0.138203600983931
0.606,1.36664640088773
0.6065,-2.3338079440875
0.607,2.42513871922424
0.6075,-1.57379482127727
0.608,0.13754615213786
0.6085,1.36697512516584
0.609,-2.3338079440875
0.6095,2.42480999481851
0.61,-1.57379482127727
0.6105,0.136559978868147
0.611,1.36730384944395
0.6115,-2.3338079440875
0.612,2.42448127041285
0.6125,-1.57280864582859
0.613,0.135902530021267
0.6135,1.36829002227831
0.614,-2.33413666975613
0.6145,2.42415254600726
0.615,-1.57215119553046
0.6155,0.135245081174063
0.616,1.36894747083456
0.6165,-2.33479412109414
0.617,2.42415254600726
0.6175,-1.5718224703817
0.618,0.134258907902649
0.6185,1.36927619511269
0.619,-2.33479412109414
0.6195,2.42415254600726
0.62,-1.57149374523313
0.6205,0.133930183478682
0.621,1.36993364366897
0.6215,-2.33545157243315
0.622,2.42415254600726
0.6225,-1.57083629493659
0.623,0.133272734630504
0.6235,1.37059109222526
0.624,-2.33545157243315
0.6245,2.42382382160175
0.625,-1.56985011949326
0.6255,0.132615285782001
0.626,1.37059109222526
0.6265,-2.33512284676352
0.627,2.42382382160175
0.6275,-1.56919266919869
0.628,0.132286561357628
0.6285,1.37124854078157
0.629,-2.33578029810303
0.6295,2.42349509719632
0.63,-1.56919266919869
0.6305,0.131629112508638
0.631,1.37190598933789
0.6315,-2.33610902377316
0.632,2.42316637279096
0.6325,-1.56853521890492
0.633,0.130971663659322
0.6335,1.37223471361605
0.634,-2.33610902377316
0.6345,2.42283764838568
0.635,-1.56787776861194
0.6355,0.130642939234543
0.636,1.3728921621724
0.6365,-2.33643774944354
0.637,2.42283764838568
0.6375,-1.56787776861194
0.638,0.129656765959715
0.6385,1.37322088645057
0.639,-2.33709520078506
0.6395,2.42250892398048
0.64,-1.56689159317396
0.6405,0.128999317109422
0.641,1.37453578356332
0.6415,-2.33742392645619
0.642,2.42250892398048
0.6425,-1.56689159317396
0.643,0.128013143833372
0.6435,1.37453578356332
0.644,-2.33742392645619
0.6445,2.42218019957535
0.645,-1.56656286802836
0.6455,0.127684419407859
0.646,1.37486450784152
0.6465,-2.33742392645619
0.647,2.42218019957535
0.6475,-1.56557669259275
0.648,0.127026970556588
0.6485,1.37585068067613
0.649,-2.33775265212758
0.6495,2.42250892398048
0.65,-1.56524796744794
0.6505,0.126040797279069
0.651,1.37585068067613
0.6515,-2.33775265212758
0.652,2.42185147517029
0.6525,-1.56491924230333
0.653,0.125712072853065
0.6535,1.37617940495434
0.654,-2.33808137779921
0.6545,2.42152275076532
0.655,-1.56393306687068
0.6555,0.125054624000814
0.656,1.377165577789
0.6565,-2.33808137779921
0.657,2.42119402636041
0.6575,-1.56393306687068
0.658,0.124397175148235
0.6585,1.3781517506237
0.659,-2.33873882914323
0.6595,2.42119402636041
0.66,-1.56360434172686
0.6605,0.123411001868754
0.661,1.3781517506237
0.6615,-2.33873882914323
0.662,2.42119402636041
0.6625,-1.56294689143981
0.663,0.122753553015357
0.6635,1.37880919918018
0.664,-2.33906755481562
0.6645,2.42119402636041
0.665,-1.56228944115355
0.6655,0.122096104161632
0.666,1.37880919918018
0.6665,-2.33906755481562
0.667,2.42086530195559
0.6675,-1.56261816629658
0.668,0.121767379734646
0.6685,1.37979537201494
0.669,-2.33972500616114
0.6695,2.42086530195559
0.67,-1.56130326572565
0.6705,0.121109930880429
0.671,1.38012409629321
0.6715,-2.33939628048826
0.672,2.42053657755084
0.6725,-1.56097454058341
0.673,0.120781206453198
0.6735,1.38045282057147
0.674,-2.34005373183428
0.6745,2.42020785314616
0.675,-1.55998836515787
0.6755,0.120123757598489
0.676,1.38111026912802
0.6765,-2.34005373183428
0.677,2.41987912874156
0.6775,-1.55998836515787
0.678,0.119466308743451
0.6785,1.38176771768458
0.679,-2.34038245750767
0.6795,2.41955040433704
0.68,-1.55933091487517
0.6805,0.118480135460278
0.681,1.38242516624116
0.6815,-2.34038245750767
0.682,2.41955040433704
0.6825,-1.55867346459325
0.683,0.118151411032389
0.6835,1.38308261479776
0.684,-2.34103990885521
0.6845,2.41955040433704
0.685,-1.55834473945259
0.6855,0.117493962176365
0.686,1.38341133907606
0.6865,-2.34103990885521
0.687,2.41955040433704
0.6875,-1.55768728917186
0.688,0.116836513320012
0.6885,1.38439751191101
0.689,-2.34136863452935
0.6895,2.41889295552821
0.69,-1.55702983889191
0.6905,0.116179064463329
0.691,1.38439751191101
0.6915,-2.34169736020374
0.692,2.41889295552821
0.6925,-1.55702983889191
0.693,0.115521615606317
0.6935,1.38538368474599
0.694,-2.34136863452935
0.6945,2.41922167993259
0.695,-1.55670111375224
0.6955,0.114864166748975
0.696,1.38571240902433
0.6965,-2.34169736020374
0.697,2.41856423112392
0.6975,-1.55604366347348
0.698,0.113877993462343
0.6985,1.38604113330267
0.699,-2.34202608587839
0.6995,2.41889295552821
0.7,-1.55571493833439
0.7005,0.113220544604176
0.701,1.38702730613773
0.7015,-2.34202608587839
0.702,2.41856423112392
0.7025,-1.5553862131955
0.703,0.112563095745678
0.7035,1.38735603041609
0.704,-2.34235481155328
0.7045,2.41823550671969
0.705,-1.55407131264192
0.7055,0.112234371316306
0.706,1.38801347897283
0.7065,-2.34301226290382
0.707,2.41856423112392
0.7075,-1.55374258750402
0.708,0.111576922457312
0.7085,1.38867092752958
0.709,-2.34334098857947
0.7095,2.41823550671969
0.71,-1.55341386236631
0.7105,0.110919473597988
0.711,1.38899965180797
0.7115,-2.34334098857947
0.712,2.41790678231555
0.7125,-1.55308513722881
0.713,0.109933300308381
0.7135,1.38932837608636
0.714,-2.34366971425537
0.7145,2.41790678231555
0.715,-1.55242768695438
0.7155,0.109604575878346
0.716,1.39031454892156
0.7165,-2.34366971425537
0.717,2.41757805791147
0.7175,-1.55177023668074
0.718,0.109275851448229
0.7185,1.39097199747838
0.719,-2.34366971425537
0.7195,2.41790678231555
0.72,-1.55111278640788
0.7205,0.108618402587745
0.721,1.39162944603523
0.7215,-2.34399843993152
0.722,2.41724933350748
0.7225,-1.55078406127175
0.723,0.10796095372693
0.7235,1.39195817031366
0.724,-2.34399843993152
0.7245,2.41757805791147
0.725,-1.55012661100008
0.7255,0.107303504865783
0.726,1.39195817031366
0.7265,-2.34432716560792
0.727,2.41692060910356
0.7275,-1.54979788586454
0.728,0.106646056004304
0.7285,1.39294434314898
0.729,-2.34465589128458
0.7295,2.41659188469971
0.73,-1.54914043559404
0.7305,0.105988607142493
0.731,1.39360179170588
0.7315,-2.34465589128458
0.732,2.41659188469971
0.7325,-1.54881171045909
0.733,0.10533115828035
0.7335,1.39393051598434
0.734,-2.34564206831604
0.7345,2.41626316029594
0.735,-1.54848298532434
0.7355,0.104344984986511
0.736,1.39425924026281
0.7365,-2.34531334263864
0.737,2.41593443589225
0.7375,-1.54782553505542
0.738,0.103687536123536
0.7385,1.39458796454128
0.739,-2.34531334263864
0.7395,2.41593443589225
0.74,-1.54716808478728
0.7405,0.103358811691924
0.741,1.39590286165522
0.7415,-2.34531334263864
0.742,2.41593443589225
0.7425,-1.54651063451993
0.743,0.102701362828449
0.7435,1.39590286165522
0.744,-2.34564206831604
0.7445,2.41527698708509
0.745,-1.54585318425337
0.7455,0.102043913964641
0.746,1.39656031021222
0.7465,-2.34662824534977
0.747,2.41527698708509
0.7475,-1.54552445912038
0.748,0.101715189532612
0.7485,1.39754648304777
0.749,-2.34695697102818
0.7495,2.41527698708509
0.75,-1.54552445912038
0.7505,0.100729016236025
0.751,1.39754648304777
0.7515,-2.34695697102818
0.752,2.41527698708509
0.7525,-1.5445382837226
0.753,0.100071567371216
0.7535,1.39853265588336
0.754,-2.34662824534977
0.7545,2.41527698708509
0.755,-1.54388083345839
0.7555,0.0994141185060734
0.756,1.3988613801619
0.7565,-2.34728569670684
0.757,2.41494826268162
0.7575,-1.54289465806355
0.758,0.0990853940733768
0.7585,1.39919010444045
0.759,-2.34728569670684
0.7595,2.41461953827822
0.76,-1.54289465806355
0.7605,0.0984279452077328
0.761,1.40017627727612
0.7615,-2.34728569670684
0.762,2.41494826268162
0.7625,-1.54256593293233
0.763,0.0980992207747854
0.7635,1.40050500155469
0.764,-2.34761442238575
0.7645,2.41461953827822
0.765,-1.5422372078013
0.7655,0.0971130474754414
0.766,1.40116245011185
0.7665,-2.34728569670684
0.767,2.41461953827822
0.7675,-1.5412510324094
0.768,0.0964555986087937
0.7685,1.40149117439044
0.769,-2.34794314806492
0.7695,2.41429081387491
0.77,-1.54092230727916
0.7705,0.0957981497418109
0.771,1.40181989866903
0.7715,-2.34827187374433
0.772,2.41396208947166
0.7725,-1.54059358214912
0.773,0.0957981497418109
0.7735,1.40280607150484
0.774,-2.348600599424
0.7745,2.41429081387491
0.775,-1.54026485701927
0.7755,0.0948119764407084
0.776,1.40313479578346
0.7765,-2.34892932510392
0.777,2.41297591626238
0.7775,-1.53960740676016
0.778,0.0944832520068398
0.7785,1.40346352006208
0.779,-2.34925805078409
0.7795,2.4133046406654
0.78,-1.53894995650183
0.7805,0.0931683542705267
0.781,1.40412096861934
0.7815,-2.34925805078409
0.782,2.4133046406654
0.7825,-1.53862123137296
0.783,0.0925109054018665
0.7835,1.40477841717663
0.784,-2.34958677646451
0.7845,2.41297591626238
0.785,-1.53829250624429
0.7855,0.0921821809674103
0.786,1.40510714145528
0.7865,-2.34991550214519
0.787,2.4133046406654
0.7875,-1.53697760573156
0.788,0.091524732098246
0.7885,1.40543586573393
0.789,-2.34991550214519
0.7895,2.41264719185944
0.79,-1.53730633085945
0.7905,0.0905385587938687
0.791,1.40609331429127
0.7915,-2.35024422782611
0.792,2.41264719185944
0.7925,-1.53632015547636
0.793,0.0905385587938687
0.7935,1.40642203856994
0.794,-2.35024422782611
0.7945,2.41231846745657
0.795,-1.53599143034906
0.7955,0.0892236610535209
0.796,1.40707948712731
0.7965,-2.35057295350729
0.797,2.41231846745657
0.7975,-1.53533398009504
0.798,0.0892236610535209
0.7985,1.40740821140601
0.799,-2.35057295350729
0.7995,2.41166101865106
0.8,-1.53500525496833
0.8005,0.0875800388761907
0.801,1.40806565996341
0.8015,-2.35090167918872
0.802,2.41198974305378
0.8025,-1.53467652984181
0.803,0.0872513144404717
0.8035,1.40905183279957
0.804,-2.35155913055233
0.8045,2.41166101865106
0.805,-1.53401907958935
0.8055,0.0865938655687805
0.806,1.4093805570783
0.8065,-2.35188785623451
0.807,2.41133229424842
0.8075,-1.53369035446342
0.808,0.0862651411328084
0.8085,1.40970928135704
0.809,-2.35221658191694
0.8095,2.41100356984585
0.81,-1.53336162933768
0.8105,0.0852789678243851
0.811,1.41036672991453
0.8115,-2.35254530759963
0.812,2.41100356984585
0.8125,-1.53303290421214
0.813,0.084950243388075
0.8135,1.41102417847205
0.814,-2.35221658191694
0.8145,2.41100356984585
0.815,-1.53237545396164
0.8155,0.0846215189516804
0.816,1.41102417847205
0.8165,-2.35221658191694
0.817,2.41067484544336
0.8175,-1.53138927858736
0.818,0.0839640700786375
0.8185,1.41201035130838
0.819,-2.35287403328257
0.8195,2.41067484544336
0.82,-1.53073182833881
0.8205,0.0826491723315363
0.821,1.41266779986596
0.8215,-2.35287403328257
0.822,2.41034612104095
0.8225,-1.53040310321483
0.823,0.0819917234574778
0.8235,1.41266779986596
0.824,-2.35287403328257
0.8245,2.41034612104095
0.825,-1.52974565296746
0.8255,0.0819917234574778
0.826,1.41365397270238
0.8265,-2.35320275896576
0.827,2.4100173966386
0.8275,-1.52941692784407
0.828,0.0810055501457543
0.8285,1.41365397270238
0.829,-2.3535314846492
0.8295,2.4100173966386
0.83,-1.52875947759787
0.8305,0.0806768257083436
0.831,1.41431142126003
0.8315,-2.35386021033289
0.832,2.40935994783414
0.8325,-1.52875947759787
0.833,0.0800193768332677
0.8335,1.41496886981771
0.834,-2.3535314846492
0.8345,2.40968867223634
0.835,-1.52843075247506
0.8355,0.0793619279578522
0.836,1.41529759409656
0.8365,-2.35418893601683
0.837,2.40903122343203
0.8375,-1.52744457710781
0.838,0.0783757546440922
0.8385,1.41628376693314
0.839,-2.35451766170103
0.8395,2.40935994783414
0.84,-1.52744457710781
0.8405,0.0780470302060023
0.841,1.4169412154909
0.8415,-2.35451766170103
0.842,2.40903122343203
0.8425,-1.52645840174231
0.843,0.0770608568912224
0.8435,1.41759866404868
0.844,-2.35484638738548
0.8445,2.40870249902998
0.845,-1.52612967662087
0.8455,0.0760746835756769
0.846,1.41759866404868
0.8465,-2.35517511307018
0.847,2.40870249902998
0.8475,-1.52580095149962
0.848,0.0764034080142772
0.8485,1.41792738832758
0.849,-2.35517511307018
0.8495,2.40837377462801
0.85,-1.52481477613705
0.8505,0.0754172346982209
0.851,1.41891356116433
0.8515,-2.35550383875513
0.852,2.40804505022612
0.8525,-1.52448605101658
0.853,0.0747597858204241
0.8535,1.41924228544326
0.854,-2.35550383875513
0.8545,2.40804505022612
0.855,-1.52382860077623
0.8555,0.0737736125030898
0.856,1.41957100972219
0.8565,-2.35616129012579
0.857,2.4077163258243
0.8575,-1.52349987565635
0.858,0.0734448880638077
0.8585,1.42088590683801
0.859,-2.35583256444033
0.8595,2.40804505022612
0.86,-1.52317115053666
0.8605,0.0727874391849877
0.861,1.42121463111698
0.8615,-2.35616129012579
0.862,2.40738760142256
0.8625,-1.52251370029787
0.863,0.0724587147454497
0.8635,1.42154335539596
0.864,-2.3564900158115
0.8645,2.40705887702089
0.865,-1.52185625005985
0.8655,0.0714725414263231
0.866,1.42220080395394
0.8665,-2.3564900158115
0.867,2.40705887702089
0.8675,-1.52119879982262
0.868,0.0708150925464782
0.8685,1.42252952823294
0.869,-2.35714746718367
0.8695,2.40738760142256
0.87,-1.52152752494114
0.8705,0.0704863681064275
0.871,1.42318697679096
0.8715,-2.35714746718367
0.872,2.40705887702089
0.8725,-1.51988389935049
0.873,0.0695001947857622
0.8735,1.42351570106998
0.874,-2.35681874149746
0.8745,2.40673015261929
0.875,-1.51988389935049
0.8755,0.0691714703453693
0.876,1.42384442534901
0.8765,-2.35780491855685
0.877,2.40640142821777
0.8775,-1.51922644911559
0.878,0.0688427459048907
0.8785,1.42483059818614
0.879,-2.35780491855685
0.8795,2.40607270381633
0.88,-1.51856899888147
0.8805,0.06752784814212
0.881,1.4251593224652
0.8815,-2.35747619287013
0.882,2.40640142821777
0.8825,-1.51791154864813
0.883,0.0668703992602205
0.8835,1.42614549530242
0.884,-2.35813364424381
0.8845,2.40607270381633
0.885,-1.51791154864813
0.8855,0.066541674819142
0.886,1.42614549530242
0.8865,-2.35846236993103
0.887,2.40541525501366
0.8875,-1.51725409841556
0.888,0.0658842259367277
0.8885,1.4268029438606
0.889,-2.35846236993103
0.8895,2.40541525501366
0.89,-1.51659664818377
0.8905,0.0652267770539701
0.891,1.42746039241882
0.8915,-2.35846236993103
0.892,2.40541525501366
0.8925,-1.51626792306817
0.893,0.0645693281708689
0.8935,1.42778911669794
0.894,-2.3587910956185
0.8945,2.40541525501366
0.895,-1.51593919795276
0.8955,0.0639118792874241
0.896,1.42844656525619
0.8965,-2.35911982130623
0.897,2.4047578062113
0.8975,-1.51561047283755
0.898,0.0639118792874241
0.8985,1.42877528953533
0.899,-2.3594485469942
0.8995,2.4047578062113
0.9,-1.51462429749308
0.9005,0.0625969815195025
0.901,1.4297614623728
0.9015,-2.36010599837091
0.902,2.4047578062113
0.9025,-1.5139668472644
0.903,0.0619395326350254
0.9035,1.43009018665197
0.904,-2.35977727268243
0.9045,2.40442908181022
0.905,-1.5139668472644
0.9055,0.0612820837502039
0.906,1.43041891093115
0.9065,-2.36010599837091
0.907,2.40442908181022
0.9075,-1.51363812215035
0.908,0.0606246348650378
0.9085,1.43107635948953
0.909,-2.35977727268243
0.9095,2.40410035740923
0.91,-1.51298067192284
0.9105,0.0599671859795269
0.911,1.43173380804795
0.9115,-2.36076344974863
0.912,2.40410035740923
0.9125,-1.5123232216961
0.913,0.0593097370936711
0.9135,1.43239125660639
0.914,-2.36109217543786
0.9145,2.40410035740923
0.915,-1.51166577147014
0.9155,0.05865228820747
0.916,1.43304870516486
0.9165,-2.36109217543786
0.917,2.4037716330083
0.9175,-1.51166577147014
0.918,0.0579948393209237
0.9185,1.43304870516486
0.919,-2.36109217543786
0.9195,2.40311418420668
0.92,-1.51035087102054
0.9205,0.0573373904340318
0.921,1.43370615372337
0.9215,-2.36174962681709
0.922,2.40311418420668
0.9225,-1.51035087102054
0.923,0.0566799415467943
0.9235,1.43436360228191
0.924,-2.36142090112735
0.9245,2.40278545980598
0.925,-1.50969342079691
0.9255,0.0556937682152894
0.926,1.43469232656119
0.9265,-2.36174962681709
0.927,2.40245673540535
0.9275,-1.50936469568539
0.928,0.0556937682152894
0.9285,1.43534977511978
0.929,-2.36174962681709
0.9295,2.40245673540535
0.93,-1.50870724546291
0.9305,0.0550363193271868
0.931,1.43567849939908
0.9315,-2.36240707819733
0.932,2.40179928660433
0.9325,-1.50804979524122
0.933,0.0543788704387379
0.9335,1.4360072236784
0.934,-2.36273580388783
0.9345,2.4021280110048
0.935,-1.50772107013066
0.9355,0.0540501459943835
0.936,1.43666467223705
0.9365,-2.36240707819733
0.937,2.40147056220392
0.9375,-1.5073923450203
0.938,0.0527352482160993
0.9385,1.43732212079573
0.939,-2.36306452957858
0.9395,2.40179928660433
0.94,-1.50673489480015
0.9405,0.0520777993264369
0.941,1.43797956935445
0.9415,-2.36273580388783
0.942,2.40179928660433
0.9425,-1.50607744458078
0.943,0.0517490748814755
0.9435,1.43830829363382
0.944,-2.36339325526958
0.9445,2.40179928660433
0.945,-1.50541999436219
0.9455,0.0510916259912923
0.946,1.43896574219258
0.9465,-2.36372198096084
0.947,2.40147056220392
0.9475,-1.50509126925318
0.948,0.0507629015460704
0.9485,1.43962319075138
0.949,-2.36372198096084
0.9495,2.40147056220392
0.95,-1.50443381903575
0.9505,0.0497767282098835
0.951,1.44028063931022
0.9515,-2.36405070665235
0.952,2.4011418378036
0.9525,-1.50377636881909
0.953,0.0491192793186575
0.9535,1.44060936358965
0.954,-2.36405070665235
0.9545,2.40081311340334
0.955,-1.50344764371105
0.9555,0.0491192793186575
0.956,1.44126681214853
0.9565,-2.36437943234411
0.957,2.40081311340334
0.9575,-1.50279019349555
0.958,0.0481331059811661
0.9585,1.44192426070745
0.959,-2.36437943234411
0.9595,2.40081311340334
0.96,-1.50279019349555
0.9605,0.0474756570890699
0.961,1.4425817092664
0.9615,-2.36470815803612
0.962,2.40015566460306
0.9625,-1.50180401817375
0.963,0.0468182081966254
0.9635,1.44291043354589
0.964,-2.36470815803612
0.9645,2.40015566460306
0.965,-1.50114656796018
0.9655,0.0461607593038322
0.966,1.44323915782538
0.9665,-2.36503688372839
0.967,2.40015566460306
0.9675,-1.50081784285369
0.968,0.0458320348573049
0.9685,1.4438966063844
0.969,-2.36503688372839
0.9695,2.39982694020303
0.97,-1.50016039264128
0.9705,0.0448458615171995
0.971,1.4438966063844
0.9715,-2.36569433511367
0.972,2.39949821580307
0.9725,-1.49983166753537
0.973,0.0438596881763085
0.9735,1.444882779223
0.974,-2.3660230608067
0.9745,2.39916949140319
0.975,-1.49950294242965
0.9755,0.0435309637291702
0.976,1.44554022778211
0.9765,-2.3660230608067
0.977,2.39949821580307
0.9775,-1.49884549221879
0.978,0.0422160659397431
0.9785,1.44586895206167
0.979,-2.3660230608067
0.9795,2.39884076700338
0.98,-1.4981880420087
0.9805,0.0422160659397431
0.981,1.44619767634125
0.9815,-2.3660230608067
0.982,2.39884076700338
0.9825,-1.4981880420087
0.983,0.0415586170445049
0.9835,1.44718384918003
0.984,-2.36635178649997
0.9845,2.39884076700338
0.985,-1.49753059179938
0.9855,0.0405724437009912
0.986,1.44751257345964
0.9865,-2.3666805121935
0.987,2.39851204260365
0.9875,-1.49687314159084
0.988,0.0399149948048776
0.9885,1.44784129773926
0.989,-2.36733796358131
0.9895,2.39818331820398
0.99,-1.49654441648686
0.9905,0.0395862703566894
0.991,1.44849874629852
0.9915,-2.36733796358131
0.992,2.3978545938044
0.9925,-1.49588696627947
0.993,0.0386000970115988
0.9935,1.44882747057817
0.994,-2.3676666892756
0.9945,2.39752586940489
0.995,-1.49490079096984
0.9955,0.0379426481144332
0.996,1.44948491913749
0.9965,-2.3676666892756
0.997,2.39719714500545
0.9975,-1.49490079096984
0.998,0.0376139236657188
0.9985,1.44981364341716
0.999,-2.3676666892756
0.9995,2.39752586940489
1,-1.49424334076438
1.0005,0.0372851992169166
1.001,1.45047109197654
1.0015,-2.36832414066493
1.002,2.39719714500545
1.0025,-1.4935858905597
1.003,0.0366277503190488
1.0035,1.45145726481567
1.004,-2.36799541497014
1.0045,2.39752586940489
1.005,-1.49325716545764
1.0055,0.0362990258699832
1.006,1.45145726481567
1.0065,-2.36799541497014
1.007,2.3965396962068
1.0075,-1.49292844035578
1.008,0.0356415769715883
1.0085,1.45244343765488
1.009,-2.36832414066493
1.0095,2.39686842060609
1.01,-1.49227099015264
1.0105,0.0346554036233366
1.011,1.45277216193464
1.0115,-2.36865286635997
1.012,2.3965396962068
1.0125,-1.49161353995027
1.013,0.0339979547240622
1.0135,1.4531008862144
1.014,-2.36865286635997
1.0145,2.3965396962068
1.015,-1.49095608974866
1.0155,0.033669230274293
1.016,1.45375833477396
1.0165,-2.36898159205527
1.017,2.3965396962068
1.0175,-1.49029863954783
1.018,0.0326830569244571
1.0185,1.45375833477396
1.019,-2.36898159205527
1.0195,2.39621097180758
1.02,-1.49029863954783
1.0205,0.0320256080241259
1.021,1.45507323189319
1.0215,-2.36898159205527
1.022,2.39555352300937
1.0225,-1.48964118934777
1.023,0.0313681591234421
1.0235,1.45507323189319
1.024,-2.37029649483899
1.0245,2.39555352300937
1.025,-1.48865501404912
1.0255,0.0303819857717548
1.026,1.45605940473271
1.0265,-2.36996776914268
1.027,2.39522479861037
1.0275,-1.48898373914848
1.028,0.0300532613210159
1.0285,1.45605940473271
1.029,-2.37062522053555
1.0295,2.39489607421145
1.03,-1.48832628894996
1.0305,0.0290670879682692
1.031,1.45671685329244
1.0315,-2.37029649483899
1.032,2.39456734981261
1.0325,-1.4876688387522
1.033,0.028738363517177
1.0335,1.45704557757232
1.034,-2.37062522053555
1.0345,2.39456734981261
1.035,-1.48734011365362
1.0355,0.0280809146147273
1.036,1.4577030261321
1.0365,-2.37062522053555
1.037,2.39456734981261
1.0375,-1.48701138855522
1.038,0.0274234657119239
1.0385,1.45836047469192
1.039,-2.37095394623236
1.0395,2.39390990101514
1.04,-1.48602521326119
1.0405,0.0267660168087666
1.041,1.45901792325179
1.0415,-2.37128267192943
1.042,2.39423862541384
1.0425,-1.48569648816356
1.043,0.0264372923570552
1.0435,1.45901792325179
1.044,-2.37194012332432
1.0445,2.39390990101514
1.045,-1.48503903796889
1.0455,0.0254511190013897
1.046,1.46000409609165
1.0465,-2.37161139762675
1.047,2.39358117661651
1.0475,-1.48471031287184
1.048,0.0247936700971696
1.0485,1.46033282037163
1.049,-2.37194012332432
1.0495,2.39358117661651
1.05,-1.48405286267832
1.0505,0.0241362211925949
1.051,1.46066154465161
1.0515,-2.37226884902215
1.052,2.39325245221796
1.0525,-1.48372413758184
1.053,0.0234787722876655
1.0535,1.46197644177165
1.054,-2.37226884902215
1.0545,2.39325245221796
1.055,-1.48306668738947
1.0555,0.022821323382381
1.056,1.46230516605168
1.0565,-2.37259757472023
1.057,2.39358117661651
1.0575,-1.48240923719787
1.058,0.0221638744767414
1.0585,1.46263389033172
1.059,-2.37292630041856
1.0595,2.39325245221796
1.06,-1.48175178700704
1.0605,0.0218351500237884
1.061,1.46362006317191
1.0615,-2.37292630041856
1.062,2.39325245221796
1.0625,-1.48109433681697
1.063,0.0215064255707465
1.0635,1.463948787452
1.064,-2.37292630041856
1.0645,2.39292372781948
1.065,-1.48142306191191
1.0655,0.0205202522110874
1.066,1.46427751173209
1.0665,-2.37292630041856
1.067,2.39259500342108
1.0675,-1.48043688662767
1.068,0.0198628033042033
1.0685,1.46493496029231
1.069,-2.37325502611714
1.0695,2.39259500342108
1.07,-1.47977943643914
1.0705,0.0195340788506278
1.071,1.46559240885257
1.0715,-2.37358375181598
1.072,2.39259500342108
1.0725,-1.47879326115778
1.073,0.0188766299432097
1.0735,1.46624985741286
1.074,-2.37358375181598
1.0745,2.39193755462449
1.075,-1.47879326115778
1.0755,0.0182191810354353
1.076,1.4669073059732
1.0765,-2.37391247751507
1.077,2.39193755462449
1.0775,-1.47780708587815
1.078,0.0178904565814145
1.0785,1.46756475453358
1.079,-2.37391247751507
1.0795,2.39160883022631
1.08,-1.47714963569269
1.0805,0.0169042832188172
1.081,1.46789347881379
1.0815,-2.37424120321442
1.082,2.39160883022631
1.0825,-1.47682091060025
1.083,0.016246834309973
1.0835,1.468222203094
1.084,-2.37424120321442
1.0845,2.3912801058282
1.085,-1.47649218550799
1.0855,0.0159181098554171
1.086,1.468222203094
1.0865,-2.37424120321442
1.087,2.3912801058282
1.0875,-1.47616346041593
1.088,0.0149319364912136
1.0885,1.46953710021497
1.089,-2.37456992891402
1.0895,2.3912801058282
1.09,-1.47583473532407
1.0905,0.0142744875812981
1.091,1.46986582449524
1.0915,-2.37489865461387
1.092,2.3912801058282
1.0925,-1.47484856004961
1.093,0.013617038671025
1.0935,1.4705232730558
1.094,-2.37555610601433
1.0945,2.39095138143017
1.095,-1.47484856004961
1.0955,0.0132883142157543
1.096,1.4708519973361
1.0965,-2.37522738031397
1.097,2.39029393263432
1.0975,-1.47419110986759
1.098,0.0126308653049446
1.0985,1.47118072161641
1.099,-2.37522738031397
1.0995,2.3906226570322
1.1,-1.47320493459601
1.1005,0.0116446919380589
1.101,1.47150944589673
1.1015,-2.37555610601433
1.102,2.38963648383876
1.1025,-1.47320493459601
1.103,0.010987243026354
1.1035,1.4721668944574
1.104,-2.37555610601433
1.1045,2.3899652082365
1.105,-1.47254748441591
1.1055,0.0103297941142907
1.106,1.47249561873776
1.1065,-2.3762135574158
1.107,2.3889790350435
1.1075,-1.47156130914719
1.108,0.0100010696581246
1.1085,1.47315306729849
1.109,-2.3762135574158
1.1095,2.3889790350435
1.11,-1.47156130914719
1.1105,0.00967234520186883
1.111,1.47381051585927
1.1115,-2.37654228311692
1.112,2.38930775944109
1.1125,-1.471232584058
1.113,0.00868617183256326
1.1135,1.47413924013967
1.114,-2.37654228311692
1.1145,2.38930775944109
1.115,-1.4705751338802
1.1155,0.00835744737594857
1.116,1.47479668870052
1.1165,-2.37752846022179
1.117,2.38832158624853
1.1175,-1.46991768370316
1.118,0.00802872291924411
1.1185,1.4754541372614
1.119,-2.37719973451991
1.1195,2.38832158624853
1.12,-1.46958895861492
1.1205,0.00704254954859182
1.121,1.47578286154186
1.1215,-2.37752846022179
1.122,2.38799286185116
1.1225,-1.46860278335137
1.123,0.00638510063437431
1.1235,1.47611158582233
1.124,-2.37785718592392
1.1245,2.38766413745386
1.125,-1.46860278335137
1.1255,0.00605637617713067
1.126,1.4767690343833
1.1265,-2.37785718592392
1.127,2.38733541305663
1.1275,-1.46761660808954
1.128,0.00539892726237359
1.1285,1.4770977586638
1.129,-2.37851463732894
1.1295,2.38733541305663
1.13,-1.46728788300264
1.1305,0.00507020280486009
1.131,1.47775520722484
1.1315,-2.37785718592392
1.132,2.38766413745386
1.1325,-1.46663043282942
1.133,0.00441275388956303
1.1335,1.47841265578592
1.134,-2.37884336303183
1.1345,2.3866779642624
1.135,-1.46663043282942
1.1355,0.00309785605788811
1.136,1.47874138006648
1.1365,-2.37917208873498
1.137,2.3866779642624
1.1375,-1.4663017077431
1.138,0.00244040714150988
1.1385,1.47907010434705
1.139,-2.37917208873498
1.1395,2.38634923986539
1.14,-1.46564425757102
1.1405,0.00244040714150988
1.141,1.47939882862763
1.1415,-2.37917208873498
1.142,2.38634923986539
1.1425,-1.46465808231434
1.143,0.00145423376626608
1.1435,1.48038500146943
1.144,-2.37982954014203
1.1445,2.38602051546845
1.145,-1.46498680739971
1.1455,0.000796784848985641
1.146,1.48104245003069
1.1465,-2.37982954014203
1.147,2.38569179107159
1.1475,-1.46400063214418
1.148,0.00013933593134402
1.1485,1.48104245003069
1.149,-2.37982954014203
1.1495,2.38569179107159
1.15,-1.46334318197478
1.1505,-0.000518112986659006
1.151,1.48137117431134
1.1515,-2.37950081443837
1.152,2.38536306667481
1.1525,-1.46268573180614
1.153,-0.000846837445796084
1.1535,1.48235734715334
1.154,-2.38015826584593
1.1545,2.38503434227809
1.155,-1.46268573180614
1.1555,-0.00183301082374988
1.156,1.48301479571474
1.1565,-2.3808157172545
1.157,2.38536306667481
1.1575,-1.46169955655461
1.158,-0.00249045974283812
1.1585,1.48334351999545
1.159,-2.38114444295917
1.1595,2.38470561788145
1.16,-1.46104210638787
1.1605,-0.00249045974283812
1.161,1.48367224427618
1.1615,-2.3808157172545
1.162,2.38470561788145
1.1625,-1.46071338130479
1.163,-0.00314790866228846
1.1635,1.48432969283766
1.164,-2.38114444295917
1.1645,2.38437689348488
1.165,-1.4603846562219
1.1655,-0.0041340820421433
1.166,1.48531586567997
1.1665,-2.38147316866409
1.167,2.38470561788145
1.1675,-1.45972720605669
1.168,-0.00479153096249968
1.1685,1.48564458996077
1.169,-2.38147316866409
1.1695,2.38437689348488
1.17,-1.45906975589225
1.1705,-0.00512025542281389
1.171,1.48597331424157
1.1715,-2.38147316866409
1.172,2.38437689348488
1.1725,-1.45841230572856
1.173,-0.0054489798832188
1.1735,1.48630203852239
1.174,-2.38213062007468
1.1745,2.38371944469197
1.175,-1.458083580647
1.1755,-0.00643515326497797
1.176,1.48695948708406
1.1765,-2.38180189436926
1.177,2.38404816908839
1.1775,-1.45742613048446
1.178,-0.00775005110859482
1.1785,1.48794565992665
1.179,-2.38213062007468
1.1795,2.38339072029562
1.18,-1.45709740540347
1.1805,-0.00742132664755434
1.181,1.48827438420753
1.1815,-2.38245934578036
1.182,2.38339072029562
1.1825,-1.45611123016165
1.183,-0.00840750003094846
1.1835,1.48893183276934
1.184,-2.38213062007468
1.1845,2.38339072029562
1.185,-1.45611123016165
1.1855,-0.00906494895366582
1.186,1.48926055705026
1.1865,-2.3827880714863
1.187,2.38306199589934
1.1875,-1.45512505492155
1.188,-0.0097223978767471
1.1885,1.48991800561214
1.189,-2.3827880714863
1.1895,2.38240454710701
1.19,-1.45512505492155
1.1905,-0.0097223978767471
1.191,1.48991800561214
1.1915,-2.38245934578036
1.192,2.38306199589934
1.1925,-1.45446760476243
1.193,-0.0107085712620517
1.1935,1.49090417845505
1.194,-2.3827880714863
1.1945,2.38273327150314
1.195,-1.45413887968315
1.1955,-0.0113660201860435
1.196,1.49123290273604
1.1965,-2.38344552289893
1.197,2.38240454710701
1.1975,-1.45315270444647
1.198,-0.0116947446481761
1.1985,1.49189035129806
1.199,-2.38344552289893
1.1995,2.38207582271096
1.2,-1.45282397936795
1.2005,-0.012680918035121
1.201,1.49221907557909
1.2015,-2.38410297431257
1.202,2.38207582271096
1.2025,-1.4521665292115
1.203,-0.0136670914228868
1.2035,1.49254779986013
1.204,-2.38377424860562
1.2045,2.38207582271096
1.205,-1.4515090790558
1.2055,-0.013995815885658
1.206,1.49320524842225
1.2065,-2.38377424860562
1.207,2.38141837391906
1.2075,-1.45118035397823
1.208,-0.0143245403485204
1.2085,1.49386269698441
1.209,-2.38410297431257
1.2095,2.38141837391906
1.21,-1.45052290382367
1.2105,-0.0149819892745194
1.211,1.49419142126551
1.2115,-2.38410297431257
1.212,2.38174709831497
1.2125,-1.44986545366987
1.213,-0.015639438200884
1.2135,1.49484886982775
1.214,-2.38508915143494
1.2145,2.38141837391906
1.215,-1.44920800351683
1.2155,-0.0162968871276142
1.216,1.4958350426712
1.2165,-2.38476042572723
1.217,2.38076092512746
1.2175,-1.44953672859325
1.218,-0.0172830605183956
1.2185,1.49649249123356
1.219,-2.38476042572723
1.2195,2.38043220073177
1.22,-1.44822182828869
1.2205,-0.0182692339100009
1.221,1.49616376695237
1.2215,-2.38508915143494
1.222,2.38043220073177
1.2225,-1.44756437813754
1.223,-0.0182692339100009
1.2235,1.49714993979597
1.224,-2.38508915143494
1.2245,2.38010347633615
1.225,-1.44723565306225
1.2255,-0.0192554073024307
1.226,1.49747866407719
1.2265,-2.38541787714291
1.227,2.38010347633615
1.2275,-1.44690692798715
1.228,-0.0195841317667573
1.2285,1.49780738835843
1.229,-2.3860753285596
1.2295,2.37977475194061
1.23,-1.44690692798715
1.2305,-0.0202415806956856
1.231,1.49813611263967
1.2315,-2.3860753285596
1.232,2.37944602754513
1.2325,-1.445920752763
1.233,-0.0212277540897661
1.2335,1.49912228548349
1.234,-2.3860753285596
1.2345,2.37944602754513
1.235,-1.4452633026145
1.2355,-0.0215564785546432
1.236,1.49945100976479
1.2365,-2.3860753285596
1.237,2.37911730314973
1.2375,-1.44493457754054
1.238,-0.0225426519498256
1.2385,1.4997797340461
1.239,-2.3867327799773
1.2395,2.3787885787544
1.24,-1.44460585246677
1.2405,-0.0232001008804066
1.241,1.50043718260875
1.2415,-2.3867327799773
1.242,2.37813112996397
1.2425,-1.44427712739319
1.243,-0.0241862742769679
1.2435,1.50109463117146
1.244,-2.38706150568654
1.2445,2.37813112996397
1.245,-1.44329095217358
1.2455,-0.0241862742769679
1.246,1.50175207973421
1.2465,-2.3867327799773
1.247,2.37813112996397
1.2475,-1.44263350202811
1.248,-0.0248437232084687
1.2485,1.50208080401561
1.249,-2.38739023139603
1.2495,2.37780240556886
1.25,-1.44263350202811
1.2505,-0.0258298966064105
1.251,1.50208080401561
1.2515,-2.38739023139603
1.252,2.37747368117382
1.2525,-1.44164732681134
1.253,-0.0264873455388322
1.2535,1.50306697685988
1.254,-2.38771895710577
1.2545,2.37681623238397
1.255,-1.44131860173946
1.2555,-0.0268160700051814
1.256,1.50372442542279
1.2565,-2.38804768281577
1.257,2.37714495677886
1.2575,-1.44098987666777
1.258,-0.0274735189381562
1.2585,1.50405314970426
1.259,-2.38837640852602
1.2595,2.37681623238397
1.26,-1.44033242652496
1.2605,-0.0284596923383103
1.261,1.50471059826725
1.2615,-2.38837640852602
1.262,2.3761587835944
1.2625,-1.44000370145384
1.263,-0.028788416805213
1.2635,1.50503932254876
1.264,-2.38870513423652
1.2645,2.37648750798915
1.265,-1.43967497638291
1.2655,-0.0297745902064749
1.266,1.50536804683028
1.2665,-2.38903385994728
1.267,2.37648750798915
1.2675,-1.43868880117124
1.268,-0.0304320391411115
1.2685,1.50602549539337
1.269,-2.38903385994728
1.2695,2.37583005919973
1.27,-1.43803135103107
1.2705,-0.0310894880761178
1.271,1.50635421967494
1.2715,-2.38870513423652
1.272,2.37583005919973
1.2725,-1.43770262596128
1.273,-0.0317469370114941
1.2735,1.5070116682381
1.274,-2.38969131136956
1.2745,2.37550133480513
1.275,-1.43704517582224
1.2755,-0.032075661479321
1.276,1.5073403925197
1.2765,-2.38903385994728
1.277,2.37550133480513
1.2775,-1.43704517582224
1.278,-0.0327331104152526
1.2785,1.50766911680132
1.279,-2.38969131136956
1.2795,2.37550133480513
1.28,-1.43605900061511
1.2805,-0.0330618348833572
1.281,1.50865528964624
1.2815,-2.39002003708108
1.282,2.37451516162176
1.2825,-1.43540155047797
1.283,-0.0337192838198444
1.2835,1.50865528964624
1.284,-2.38969131136956
1.2845,2.37484388601614
1.285,-1.43507282540968
1.2855,-0.0343767327567023
1.286,1.50964146249129
1.2865,-2.39034876279286
1.287,2.37418643722745
1.2875,-1.43441537527367
1.288,-0.0353629061626845
1.2885,1.50997018677299
1.289,-2.39034876279286
1.2895,2.37418643722745
1.29,-1.43408665020595
1.2905,-0.0360203551004698
1.291,1.51062763533645
1.2915,-2.39067748850489
1.292,2.37451516162176
1.2925,-1.43342920007107
1.293,-0.037006528507844
1.2935,1.51128508389995
1.294,-2.39133493992971
1.2945,2.37418643722745
1.295,-1.43342920007107
1.2955,-0.037006528507844
1.296,1.51161380818173
1.2965,-2.39067748850489
1.297,2.37385771283321
1.2975,-1.43277174993695
1.298,-0.0383214263856436
1.2985,1.51227125674531
1.299,-2.3916636656425
1.2995,2.37352898843905
1.3,-1.43178557473718
1.3005,-0.0386501508553259
1.301,1.51227125674531
1.3015,-2.3916636656425
1.302,2.37352898843905
1.3025,-1.43112812460494
1.303,-0.0393075997949695
1.3035,1.51325742959079
1.304,-2.39133493992971
1.3045,2.37320026404495
1.305,-1.43112812460494
1.3055,-0.0399650487349853
1.306,1.51391487815451
1.3065,-2.3916636656425
1.307,2.37287153965093
1.3075,-1.42981322434272
1.308,-0.0406224976753735
1.3085,1.51424360243639
1.309,-2.39232111706885
1.3095,2.37254281525698
1.31,-1.42981322434272
1.3105,-0.0409512221457073
1.311,1.51457232671828
1.3115,-2.39199239135555
1.312,2.37221409086311
1.3125,-1.42915577421275
1.313,-0.0419373955572677
1.3135,1.51522977528211
1.314,-2.39232111706885
1.3145,2.37254281525698
1.315,-1.42915577421275
1.3155,-0.0422661200279743
1.316,1.51588722384599
1.3165,-2.39264984278241
1.317,2.3718853664693
1.3175,-1.42882704914804
1.318,-0.0432522934406537
1.3185,1.51621594812796
1.319,-2.39264984278241
1.3195,2.37155664207557
1.32,-1.4275121488911
1.3205,-0.0439097423829065
1.321,1.51654467240993
1.3215,-2.39330729421028
1.322,2.3718853664693
1.3225,-1.42718342382734
1.323,-0.0442384668541729
1.3235,1.51753084525594
1.324,-2.39330729421028
1.3245,2.3718853664693
1.325,-1.42718342382734
1.3255,-0.044895915796986
1.326,1.51785956953797
1.3265,-2.39330729421028
1.327,2.37089919328832
1.3275,-1.42619724863717
1.328,-0.0452246402685326
1.3285,1.51818829382001
1.329,-2.39330729421028
1.3295,2.37122791768191
1.33,-1.42553979851134
1.3305,-0.0462108136837335
1.331,1.51884574238414
1.3315,-2.3936360199246
1.332,2.37089919328832
1.3325,-1.4252110734487
1.333,-0.047196987099776
1.3335,1.51950319094832
1.334,-2.394293471354
1.3345,2.37024174450137
1.335,-1.42488234838626
1.3355,-0.0478544360442723
1.336,1.51983191523043
1.3365,-2.394293471354
1.337,2.37057046889481
1.3375,-1.42422489826193
1.338,-0.0481831605166609
1.3385,1.5204893637947
1.339,-2.39462219706909
1.3395,2.37024174450137
1.34,-1.42389617320004
1.3405,-0.048840609461719
1.341,1.52081808807685
1.3415,-2.39462219706909
1.342,2.3695842957147
1.3425,-1.42323872307684
1.343,-0.049498058407152
1.3435,1.5214755366412
1.344,-2.39462219706909
1.3445,2.3695842957147
1.345,-1.42225254789345
1.3455,-0.0504842318260046
1.346,1.5218042609234
1.3465,-2.39495092278442
1.347,2.3695842957147
1.3475,-1.42192382283269
1.348,-0.0508129562991431
1.3485,1.52246170948783
1.349,-2.39495092278442
1.3495,2.36892684692832
1.35,-1.42126637271174
1.3505,-0.0514704052457016
1.351,1.52311915805232
1.3515,-2.39462219706909
1.352,2.3695842957147
1.3525,-1.42093764765155
1.353,-0.0521278541926356
1.3535,1.52344788233459
1.354,-2.39527964850002
1.3545,2.3695842957147
1.355,-1.42028019753173
1.3555,-0.0527853031399454
1.356,1.52410533089916
1.3565,-2.39560837421586
1.357,2.36892684692832
1.3575,-1.41962274741266
1.358,-0.053442752087631
1.3585,1.5247627794638
1.359,-2.39626582564832
1.3595,2.36892684692832
1.36,-1.41929402235341
1.3605,-0.0541002010356928
1.361,1.52542022802848
1.3615,-2.39593709993196
1.362,2.36859812253523
1.3625,-1.41896529729434
1.363,-0.0541002010356928
1.3635,1.52607767659323
1.364,-2.39593709993196
1.3645,2.36794067374928
1.365,-1.41830784717677
1.3655,-0.0550863744584909
1.366,1.52673512515803
1.3665,-2.39593709993196
1.367,2.36859812253523
1.3675,-1.41797912211827
1.368,-0.0557438234074936
1.3685,1.52640640087562
1.369,-2.39593709993196
1.3695,2.36794067374928
1.37,-1.41699294694389
1.3705,-0.056401272356873
1.371,1.52739257372289
1.3715,-2.39659455136493
1.372,2.36826939814222
1.3725,-1.41666422188614
1.373,-0.0570587213066293
1.3735,1.52805002228781
1.374,-2.39659455136493
1.3745,2.36761194935642
1.375,-1.41600677177119
1.3755,-0.0573874457816488
1.376,1.52870747085278
1.3765,-2.39659455136493
1.377,2.36728322496362
1.3775,-1.415349321657
1.378,-0.0587023436826701
1.3785,1.52870747085278
1.379,-2.39725200279891
1.3795,2.36728322496362
1.38,-1.41502059660018
1.3805,-0.0587023436826701
1.381,1.52903619513529
1.3815,-2.39725200279891
1.382,2.36662577617825
1.3825,-1.41436314648712
1.383,-0.059359792633747
1.3835,1.52969364370035
1.384,-2.39725200279891
1.3845,2.36662577617825
1.385,-1.41337697131892
1.3855,-0.0603459660610704
1.386,1.5300223679829
1.3865,-2.39758072851629
1.387,2.36662577617825
1.3875,-1.41337697131892
1.388,-0.0606746905370339
1.3885,1.53100854083065
1.389,-2.39790945423392
1.3895,2.36629705178567
1.39,-1.41337697131892
1.3905,-0.0613321394892444
1.391,1.53100854083065
1.3915,-2.39758072851629
1.392,2.36563960300073
1.3925,-1.41206207109728
1.393,-0.0619895884418331
1.3935,1.53133726511326
1.394,-2.3982381799518
1.3945,2.36531087860837
1.395,-1.41206207109728
1.3955,-0.0623183129182693
1.396,1.53199471367853
1.3965,-2.3982381799518
1.397,2.36563960300073
1.3975,-1.41173334604233
1.398,-0.0629757618714257
1.3985,1.53298088652654
1.399,-2.39856690566994
1.3995,2.36563960300073
1.4,-1.41107589593301
1.4005,-0.0639619353018704
1.401,1.53298088652654
1.4015,-2.39889563138834
1.402,2.36563960300073
1.4025,-1.41041844582444
1.403,-0.0646193842559739
1.4035,1.53363833509195
1.404,-2.39889563138834
1.4045,2.36531087860837
1.405,-1.40976099571661
1.4055,-0.0652768332104565
1.406,1.53396705937468
1.4065,-2.39988180854505
1.407,2.36465342982386
1.4075,-1.40910354560953
1.408,-0.0662630066428917
1.4085,1.53462450794018
1.409,-2.39922435710699
1.4095,2.36465342982386
1.41,-1.4084460955032
1.4105,-0.0665917311205599
1.411,1.53495323222295
1.4115,-2.39955308282589
1.412,2.36432470543171
1.4125,-1.4084460955032
1.413,-0.067249180076181
1.4135,1.53593940507136
1.414,-2.39988180854505
1.4145,2.36432470543171
1.415,-1.40778864539762
1.4155,-0.067906629032182
1.416,1.53659685363704
1.4165,-2.39955308282589
1.417,2.36366725664763
1.4175,-1.40745992034511
1.418,-0.0685640779885631
1.4185,1.53692557791991
1.419,-2.40021053426446
1.4195,2.36366725664763
1.42,-1.40713119529278
1.4205,-0.0688928024668961
1.421,1.53758302648568
1.4215,-2.40021053426446
1.422,2.36366725664763
1.4225,-1.40581629508535
1.423,-0.069878975902466
1.4235,1.53856919933445
1.424,-2.40053925998413
1.4245,2.36300980786384
1.425,-1.40614502013693
1.4255,-0.0702077003811795
1.426,1.53824047505151
1.4265,-2.40053925998413
1.427,2.36300980786384
1.4275,-1.40515884498276
1.428,-0.0711938738178912
1.4285,1.5388979236174
1.429,-2.40086798570405
1.4295,2.36300980786384
1.43,-1.40483011993174
1.4305,-0.0715225982969856
1.431,1.53955537218335
1.4315,-2.40086798570405
1.432,2.36268108347205
1.4325,-1.40384394477981
1.433,-0.0728374962143158
1.4335,1.53955537218335
1.434,-2.40152543714466
1.4345,2.36202363468869
1.435,-1.40351521972954
1.4355,-0.0725087717348403
1.436,1.5405415450324
1.4365,-2.40119671142423
1.437,2.36202363468869
1.4375,-1.40318649467946
1.438,-0.0738236696533146
1.4385,1.54087026931544
1.439,-2.40119671142423
1.4395,2.36169491029712
1.44,-1.40252904457985
1.4405,-0.0744811186131241
1.441,1.54087026931544
1.4415,-2.40152543714466
1.442,2.36169491029712
1.4425,-1.40187159448099
1.443,-0.0748098430931721
1.4435,1.54185644216467
1.444,-2.40152543714466
1.4445,2.36136618590561
1.445,-1.40121414438287
1.4455,-0.0761247410143189
1.446,1.54218516644777
1.4465,-2.40251161430749
1.447,2.36136618590561
1.4475,-1.40121414438287
1.448,-0.0764534654948445
1.4485,1.5425138907309
1.449,-2.4021828885863
1.4495,2.36103746151418
1.45,-1.4005566942855
1.4505,-0.0771109144561826
1.451,1.54284261501403
1.4515,-2.40251161430749
1.452,2.36070873712282
1.4525,-1.39989924418888
1.453,-0.077439638936995
1.4535,1.54382878786354
1.454,-2.40284034002895
1.4545,2.36070873712282
1.455,-1.39989924418888
1.4555,-0.0777683634179031
1.456,1.54415751214674
1.4565,-2.40316906575066
1.457,2.36005128834032
1.4575,-1.39891306904534
1.458,-0.0790832613424927
1.4585,1.54448623642995
1.459,-2.40284034002895
1.4595,2.36005128834032
1.46,-1.39858434399787
1.4605,-0.0790832613424927
1.461,1.54481496071318
1.4615,-2.40284034002895
1.462,2.35972256394918
1.4625,-1.39759816885656
1.463,-0.0800694347869405
1.4635,1.54580113356296
1.464,-2.40349779147262
1.4645,2.3593938395581
1.465,-1.39726944380983
1.4655,-0.0807268837503849
1.466,1.54645858212956
1.4665,-2.40349779147262
1.467,2.35972256394918
1.4675,-1.39694071876329
1.468,-0.0813843327142128
1.4685,1.54678730641289
1.469,-2.40382651719484
1.4695,2.3590651151671
1.47,-1.39661199371693
1.4705,-0.0813843327142128
1.471,1.54711603069623
1.4715,-2.40382651719484
1.472,2.35840766638531
1.4725,-1.39562581857898
1.473,-0.0826992306430201
1.4735,1.54777347926295
1.474,-2.40316906575066
1.4745,2.35873639077617
1.475,-1.39496836848794
1.4755,-0.0833566796079997
1.476,1.54843092782974
1.4765,-2.40415524291731
1.477,2.35840766638531
1.4775,-1.3946396434427
1.478,-0.0836854040906337
1.4785,1.54843092782974
1.479,-2.40448396864004
1.4795,2.35807894199453
1.48,-1.39398219335278
1.4805,-0.0843428530561899
1.481,1.54941710068005
1.4815,-2.40481269436303
1.482,2.35807894199453
1.4825,-1.3936534683081
1.483,-0.0853290265052452
1.4835,1.54941710068005
1.484,-2.40415524291731
1.4845,2.35775021760381
1.485,-1.39266729317517
1.4855,-0.0859864754717631
1.486,1.55007454924699
1.4865,-2.40547014580976
1.487,2.35775021760381
1.4875,-1.39266729317517
1.488,-0.0866439244386661
1.4885,1.55040327353049
1.489,-2.40514142008627
1.4895,2.35742149321316
1.49,-1.39200984308747
1.4905,-0.0873013734059541
1.491,1.55106072209754
1.4915,-2.40547014580976
1.492,2.35643532004166
1.4925,-1.39135239300053
1.493,-0.0879588223736276
1.4935,1.55138944638108
1.494,-2.40579887153351
1.4945,2.35676404443209
1.495,-1.39102366795733
1.4955,-0.0889449958258607
1.496,1.55204689494822
1.4965,-2.40579887153351
1.497,2.35643532004166
1.4975,-1.39003749282886
1.498,-0.0889449958258607
1.4985,1.55237561923182
1.499,-2.40579887153351
1.4995,2.35643532004166
1.5,-1.39003749282886
1.5005,-0.090259893763522
1.501,1.55303306779905
1.5015,-2.40612759725752
1.502,2.3561065956513
1.5025,-1.38938004274414
1.503,-0.090259893763522
1.5035,1.55303306779905
1.504,-2.40612759725752
1.5045,2.35577787126101
1.505,-1.38905131770206
1.5055,-0.0912460672177816
1.506,1.55369051636635
1.5065,-2.40612759725752
1.507,2.35577787126101
1.5075,-1.38806514257693
1.508,-0.091574791702728
1.5085,1.55467668921743
1.509,-2.40645632298178
1.5095,2.35544914687079
1.51,-1.38806514257693
1.5105,-0.0925609651581471
1.511,1.55500541350115
1.5115,-2.40678504870629
1.512,2.35544914687079
1.5125,-1.38707896745347
1.513,-0.0928896896434802
1.5135,1.55566286206864
1.514,-2.40678504870629
1.5145,2.35512042248065
1.515,-1.38642151737209
1.5155,-0.0938758631000598
1.516,1.55599158635242
1.5165,-2.40678504870629
1.517,2.35512042248065
1.5175,-1.38609279233167
1.518,-0.0942045875857799
1.5185,1.55664903492001
1.519,-2.40711377443107
1.5195,2.35479169809057
1.52,-1.38576406729145
1.5205,-0.0945333120715968
1.521,1.55730648348767
1.5215,-2.40711377443107
1.522,2.35479169809057
1.5225,-1.38543534225141
1.523,-0.0951907610435211
1.5235,1.55796393205539
1.524,-2.40711377443107
1.5245,2.35413424931063
1.525,-1.38477789217188
1.5255,-0.0955194855296286
1.526,1.55829265633928
1.5265,-2.40777122588138
1.527,2.35413424931063
1.5275,-1.38379171705398
1.528,-0.0971631079616201
1.5285,1.55862138062318
1.529,-2.40777122588138
1.5295,2.35413424931063
1.53,-1.38280554193775
1.5305,-0.0974918324483093
1.531,1.5589501049071
1.5315,-2.40777122588138
1.532,2.35380552492077
1.5325,-1.38280554193775
1.533,-0.0974918324483093
1.5335,1.55927882919104
1.534,-2.40842867733271
1.5345,2.35347680053098
1.535,-1.38214809186119
1.5355,-0.0988067303960369
1.536,1.56026500204295
1.5365,-2.40842867733271
1.537,2.35314807614126
1.5375,-1.38181936682318
1.538,-0.0994641793704834
1.5385,1.56059372632695
1.539,-2.40875740305876
1.5395,2.35281935175161
1.54,-1.38149064178536
1.5405,-0.0997929038578525
1.541,1.56125117489501
1.5415,-2.40908612878506
1.542,2.35249062736204
1.5425,-1.38050446667302
1.543,-0.100450352832882
1.5435,1.56157989917906
1.544,-2.40908612878506
1.5445,2.35249062736204
1.545,-1.38017574163594
1.5455,-0.101107801808301
1.546,1.56190862346313
1.5465,-2.40941485451162
1.547,2.35249062736204
1.5475,-1.37984701659905
1.548,-0.101765250784108
1.5485,1.56256607203132
1.549,-2.40941485451162
1.5495,2.35183317858309
1.55,-1.37918956652582
1.5505,-0.102422699760305
1.551,1.56322352059958
1.5515,-2.40941485451162
1.552,2.35216190297253
1.5525,-1.37886084148948
1.553,-0.103080148736892
1.5535,1.5638809691679
1.554,-2.40941485451162
1.5545,2.35150445419373
1.555,-1.37787466638157
1.5555,-0.103737597713868
1.556,1.56420969345209
1.5565,-2.40974358023844
1.557,2.35084700541521
1.5575,-1.37754594134598
1.558,-0.104066322202503
1.5585,1.5645384177363
1.559,-2.41007230596551
1.5595,2.35150445419373
1.56,-1.37688849127533
1.5605,-0.104723771180064
1.561,1.56486714202052
1.5615,-2.41007230596551
1.562,2.35084700541521
1.5625,-1.37655976624029
1.563,-0.105709944647137
1.5635,1.56552459058901
1.564,-2.41040103169284
1.5645,2.35051828102606
1.565,-1.37623104120543
1.5655,-0.106367393625674
1.566,1.56618203915757
1.5665,-2.41007230596551
1.567,2.35051828102606
1.5675,-1.37524486610196
1.568,-0.106696118115089
1.5685,1.5668394877262
1.569,-2.41072975742042
1.5695,2.35018955663698
1.57,-1.37491614106784
1.5705,-0.10768229158392
1.571,1.56716821201054
1.5715,-2.41072975742042
1.572,2.35018955663698
1.5725,-1.3745874160339
1.573,-0.108339740563629
1.5735,1.56716821201054
1.574,-2.41105848314826
1.5745,2.34986083224797
1.575,-1.3736012409332
1.5755,-0.109325914033926
1.576,1.56815438486367
1.5765,-2.41105848314826
1.577,2.34953210785903
1.5775,-1.3732725159
1.578,-0.109983363014613
1.5785,1.56848310914808
1.579,-2.4117159346047
1.5795,2.34920338347016
1.58,-1.37228634080151
1.5805,-0.109983363014613
1.581,1.56914055771695
1.5815,-2.41138720887635
1.582,2.34953210785903
1.5825,-1.37195761576905
1.583,-0.110969536486379
1.5835,1.56979800628588
1.584,-2.41138720887635
1.5845,2.34887465908136
1.585,-1.37195761576905
1.5855,-0.111955709959026
1.586,1.57012673057038
1.5865,-2.4120446603333
1.587,2.34887465908136
1.5875,-1.37130016570469
1.588,-0.111955709959026
1.5885,1.57078417913942
1.589,-2.4120446603333
1.5895,2.34854593469263
1.59,-1.37064271564106
1.5905,-0.112941883432555
1.591,1.57111290342397
1.5915,-2.41237338606217
1.592,2.34821721030397
1.5925,-1.36998526557817
1.593,-0.113599332415398
1.5935,1.57177035199312
1.594,-2.4117159346047
1.5945,2.34821721030397
1.595,-1.36932781551601
1.5955,-0.113928056906967
1.596,1.57177035199312
1.5965,-2.4120446603333
1.597,2.34788848591539
1.5975,-1.36932781551601
1.598,-0.114585505890399
1.5985,1.57242780056233
1.599,-2.41270211179128
1.5995,2.34723103713843
1.6,-1.36867036545459
1.6005,-0.114914230382263
1.601,1.57308524913162
1.6015,-2.41303083752066
1.602,2.34755976152687
1.6025,-1.36801291539391
1.603,-0.115571679366284
1.6035,1.57341397341629
1.604,-2.41335956325028
1.6045,2.34657358836175
1.605,-1.36768419036385
1.6055,-0.116557852843054
1.606,1.57407142198568
1.6065,-2.41335956325028
1.607,2.34657358836175
1.6075,-1.36702674030427
1.608,-0.117544026320708
1.6085,1.5744001462704
1.609,-2.41303083752066
1.6095,2.34690231275005
1.61,-1.36669801527476
1.6105,-0.117872750813457
1.611,1.5750575948399
1.6115,-2.41401701471031
1.612,2.34624486397351
1.6125,-1.36636929024543
1.613,-0.118530199799249
1.6135,1.57571504340947
1.614,-2.41368828898017
1.6145,2.34591613958535
1.615,-1.36538311515855
1.6155,-0.119187648785434
1.616,1.57604376769428
1.6165,-2.41368828898017
1.617,2.34558741519726
1.6175,-1.36472566510156
1.618,-0.119845097772015
1.6185,1.5763724919791
1.619,-2.4143457404407
1.6195,2.34558741519726
1.62,-1.36439694007333
1.6205,-0.120502546758989
1.621,1.57702994054881
1.6215,-2.41401701471031
1.622,2.34525869080924
1.6225,-1.36373949001744
1.623,-0.12148872024019
1.6235,1.57735866483369
1.624,-2.41467446617136
1.6245,2.34525869080924
1.625,-1.36341076498976
1.6255,-0.121817444734121
1.626,1.57801611340351
1.6265,-2.4143457404407
1.627,2.34492996642129
1.6275,-1.36275331493497
1.628,-0.122146169228151
1.6285,1.57834483768844
1.629,-2.41467446617136
1.6295,2.34492996642129
1.63,-1.36176713985416
1.6305,-0.123132342710833
1.631,1.57900228625837
1.6315,-2.41500319190226
1.632,2.3446012420334
1.6325,-1.36176713985416
1.633,-0.123461067205257
1.6335,1.57933101054336
1.634,-2.41500319190226
1.6345,2.34394379325785
1.635,-1.36110968980121
1.6355,-0.124447240689125
1.636,1.57998845911339
1.6365,-2.41566064336485
1.637,2.34394379325785
1.6375,-1.36012351472315
1.638,-0.124775965183945
1.6385,1.58031718339843
1.639,-2.41500319190226
1.6395,2.34394379325785
1.64,-1.36045223974898
1.6405,-0.125762138669
1.641,1.58097463196857
1.6415,-2.41598936909652
1.642,2.34328634448258
1.6425,-1.35913733964675
1.643,-0.126090863164216
1.6435,1.58130335625366
1.644,-2.41598936909652
1.6445,2.34295762009506
1.645,-1.35880861462165
1.6455,-0.126748312154945
1.646,1.58196080482391
1.6465,-2.41598936909652
1.647,2.34295762009506
1.6475,-1.35880861462165
1.648,-0.12740576114607
1.6485,1.58228952910906
1.649,-2.41598936909652
1.6495,2.3426288957076
1.65,-1.35782243954745
1.6505,-0.128391934633501
1.651,1.58360442624985
1.6515,-2.41631809482846
1.652,2.34295762009506
1.6525,-1.35749371452308
1.653,-0.12872065912951
1.6535,1.58327570196462
1.654,-2.41631809482846
1.6545,2.34230017132021
1.655,-1.3568362644749
1.6555,-0.129049383625618
1.656,1.58426187482035
1.6565,-2.41664682056064
1.657,2.34230017132021
1.6575,-1.35650753945108
1.658,-0.129706832618131
1.6585,1.58459059910563
1.659,-2.41664682056064
1.6595,2.34197144693289
1.66,-1.355850089404
1.6605,-0.130693006107645
1.661,1.58491932339092
1.6615,-2.41697554629309
1.662,2.34164272254564
1.6625,-1.35519263935765
1.663,-0.131350455101151
1.6635,1.58524804767624
1.664,-2.41730427202579
1.6645,2.34131399815846
1.665,-1.35519263935765
1.6655,-0.131679179598054
1.666,1.58590549624692
1.6665,-2.41697554629309
1.667,2.34131399815846
1.6675,-1.35387773926715
1.668,-0.132665353089356
1.6685,1.58656294481768
1.669,-2.41730427202579
1.6695,2.34131399815846
1.67,-1.353220289223
1.6705,-0.132994077586656
1.671,1.58722039338851
1.6715,-2.41763299775874
1.672,2.34098527377136
1.6725,-1.3528915642012
1.673,-0.133980251079152
1.6735,1.58722039338851
1.674,-2.41763299775874
1.6745,2.34098527377136
1.675,-1.35256283917959
1.6755,-0.134637700074647
1.676,1.58787784195942
1.6765,-2.41763299775874
1.677,2.34032782499735
1.6775,-1.3519053891369
1.678,-0.135295149070541
1.6785,1.5885352905304
1.679,-2.41796172349196
1.6795,2.33999910061045
1.68,-1.35124793909495
1.6805,-0.135952598066833
1.681,1.58919273910145
1.6815,-2.41829044922542
1.682,2.33999910061045
1.6825,-1.35059048905373
1.683,-0.136610047063524
1.6835,1.58952146338701
1.684,-2.41829044922542
1.6845,2.33999910061045
1.685,-1.35059048905373
1.6855,-0.137267496060613
1.686,1.59017891195818
1.6865,-2.41829044922542
1.687,2.33967037622363
1.6875,-1.34927558897348
1.688,-0.137596220559308
1.6885,1.59050763624379
1.689,-2.41861917495915
1.6895,2.33967037622363
1.69,-1.34927558897348
1.6905,-0.138253669556996
1.691,1.59116508481506
1.6915,-2.41861917495915
1.692,2.33901292745018
1.6925,-1.34861813893445
1.693,-0.13858239405599
1.6935,1.59149380910073
1.694,-2.41861917495915
1.6945,2.33901292745018
1.695,-1.34796068889616
1.6955,-0.139239843054278
1.696,1.59215125767212
1.6965,-2.41894790069313
1.697,2.33868420306357
1.6975,-1.3473032388586
1.698,-0.139897292052965
1.6985,1.59280870624359
1.699,-2.41894790069313
1.6995,2.33835547867702
1.7,-1.34697451384009
1.7005,-0.140554741052051
1.701,1.59346615481513
1.7015,-2.41894790069313
1.702,2.33835547867702
1.7025,-1.34664578882176
1.703,-0.140883465551745
1.7035,1.59412360338675
1.704,-2.41927662642737
1.7045,2.33835547867702
1.705,-1.34565961376789
1.7055,-0.141212190051538
1.706,1.59412360338675
1.7065,-2.41927662642737
1.707,2.33769802990413
1.7075,-1.34500216373288
1.708,-0.142198363551519
1.7085,1.59510977624432
1.709,-2.41927662642737
1.7095,2.33802675429054
1.71,-1.34401598868174
1.7105,-0.1431845370524
1.711,1.59609594910206
1.7115,-2.41993407789661
1.712,2.33769802990413
1.7125,-1.34368726366506
1.713,-0.143841986053488
1.7135,1.59609594910206
1.714,-2.41993407789661
1.7145,2.3373693055178
1.715,-1.34335853864856
1.7155,-0.144170710554183
1.716,1.59675339767398
1.7165,-2.41993407789661
1.717,2.33704058113153
1.7175,-1.34302981363225
1.718,-0.145156884056868
1.7185,1.59675339767398
1.719,-2.41993407789661
1.7195,2.33671185674533
1.72,-1.34204363858439
1.7205,-0.145485608557964
1.721,1.59741084624598
1.7215,-2.42059152936688
1.722,2.33704058113153
1.7225,-1.3417149135688
1.723,-0.146471782061853
1.7235,1.59806829481805
1.724,-2.42059152936688
1.7245,2.33605440797315
1.725,-1.34072873852314
1.7255,-0.146471782061853
1.726,1.59806829481805
1.7265,-2.42026280363162
1.727,2.33572568358716
1.7275,-1.34105746353818
1.728,-0.147129231064947
1.7285,1.59905446767631
1.729,-2.42124898083817
1.7295,2.33605440797315
1.73,-1.34040001350828
1.7305,-0.148444129072342
1.731,1.59905446767631
1.7315,-2.42059152936688
1.732,2.33539695920124
1.7325,-1.34007128849361
1.733,-0.149101578076643
1.7335,1.59938319196243
1.734,-2.42124898083817
1.7345,2.33539695920124
1.735,-1.33908511345067
1.7355,-0.150087751583848
1.736,1.60036936482092
1.7365,-2.42190643231049
1.737,2.33506823481539
1.7375,-1.33908511345067
1.738,-0.150087751583848
1.7385,1.60036936482092
1.739,-2.4215777065742
1.7395,2.33473951042962
1.74,-1.33875638843673
1.7405,-0.150745200589154
1.741,1.60102681339334
1.7415,-2.42190643231049
1.742,2.33441078604391
1.7425,-1.33777021339598
1.743,-0.151402649594864
1.7435,1.60168426196584
1.744,-2.42190643231049
1.7445,2.33441078604391
1.745,-1.33777021339598
1.7455,-0.152060098600976
1.746,1.60168426196584
1.7465,-2.42190643231049
1.747,2.33441078604391
1.7475,-1.33678403835687
1.748,-0.152717547607491
1.7485,1.60267043482474
1.749,-2.42289260952089
1.7495,2.3334246128872
1.75,-1.33612658833171
1.7505,-0.15337499661441
1.751,1.60299915911108
1.7515,-2.42190643231049
1.752,2.3334246128872
1.7525,-1.3357978633194
1.753,-0.154032445621732
1.7535,1.60332788339743
1.754,-2.42289260952089
1.7545,2.3334246128872
1.755,-1.33481168828357
1.7555,-0.154032445621732
1.756,1.60431405625662
1.7565,-2.42289260952089
1.757,2.33276716411641
1.7575,-1.33481168828357
1.758,-0.155347343637588
1.7585,1.60431405625662
1.759,-2.42289260952089
1.7595,2.33276716411641
1.76,-1.33415423826059
1.7605,-0.155676068141804
1.761,1.60530022911599
1.7615,-2.42289260952089
1.762,2.33309588850177
1.7625,-1.33316806322749
1.763,-0.15666224165506
1.7635,1.60530022911599
1.764,-2.42322133525821
1.7645,2.33243843973112
1.765,-1.33251061320633
1.7655,-0.15699096615968
1.766,1.605957677689
1.7665,-2.42322133525821
1.767,2.33243843973112
1.7675,-1.33218188819602
1.768,-0.157319690664402
1.7685,1.60628640197553
1.769,-2.42355006099577
1.7695,2.3321097153459
1.77,-1.3318531631859
1.7705,-0.158634588684301
1.771,1.60694385054866
1.7715,-2.42355006099577
1.772,2.33178099096075
1.7725,-1.33152443817595
1.773,-0.159292037694857
1.7735,1.60727257483526
1.774,-2.42355006099577
1.7745,2.33079481780571
1.775,-1.33086698815661
1.7755,-0.159949486705819
1.776,1.60825874769516
1.7765,-2.42420751247168
1.777,2.33145226657567
1.7775,-1.32988081312896
1.778,-0.160606935717186
1.7785,1.60825874769516
1.779,-2.42420751247168
1.7795,2.33079481780571
1.78,-1.32988081312896
1.7805,-0.161264384728958
1.781,1.60891619626853
1.7815,-2.42420751247168
1.782,2.33079481780571
1.7825,-1.3295520881201
1.783,-0.161921833741136
1.7835,1.60891619626853
1.784,-2.42420751247168
1.7845,2.33013736903603
1.785,-1.32922336311143
1.7855,-0.16257928275372
1.786,1.60957364484197
1.7865,-2.42453623821002
1.787,2.33013736903603
1.7875,-1.32790846307855
1.788,-0.162908007260165
1.7885,1.6102310934155
1.789,-2.42486496394862
1.7895,2.3298086446513
1.79,-1.32757973807078
1.7905,-0.164222905286957
1.791,1.6102310934155
1.7915,-2.42519368968747
1.792,2.32915119588204
1.7925,-1.3272510130632
1.793,-0.164222905286957
1.7935,1.61088854198911
1.794,-2.42585114116595
1.7945,2.32849374711305
1.795,-1.3269222880558
1.7955,-0.165209078808118
1.796,1.61121726627594
1.7965,-2.42519368968747
1.797,2.32882247149751
1.7975,-1.32626483804154
1.798,-0.165537803315375
1.7985,1.61154599056279
1.799,-2.42552241542658
1.7995,2.32849374711305
1.8,-1.325607388028
1.8005,-0.166195252330194
1.801,1.61187471484967
1.8015,-2.42617986690557
1.802,2.32816502272867
1.8025,-1.3252786630215
1.803,-0.167510150361054
1.8035,1.61286088771041
1.804,-2.42585114116595
1.8045,2.32816502272867
1.805,-1.32494993801519
1.8055,-0.167838874869024
1.806,1.61318961199737
1.8065,-2.42650859264545
1.807,2.3275075739601
1.8075,-1.32396376299733
1.808,-0.168496323885268
1.8085,1.61384706057134
1.809,-2.42650859264545
1.8095,2.32717884957592
1.81,-1.32396376299733
1.8105,-0.16915377290192
1.811,1.61450450914539
1.8115,-2.42650859264545
1.812,2.32717884957592
1.8125,-1.3229775879811
1.813,-0.169482497410399
1.8135,1.61483323343244
1.814,-2.42716604412598
1.8145,2.32717884957592
1.815,-1.32264886297605
1.8155,-0.170468670936448
1.816,1.61516195771952
1.8165,-2.42650859264545
1.817,2.32652140080777
1.8175,-1.3219914129665
1.818,-0.170797395445335
1.8185,1.61581940629373
1.819,-2.42683731838559
1.8195,2.32652140080777
1.82,-1.32100523795353
1.8205,-0.171454844463416
1.821,1.61647685486803
1.8215,-2.42749476986663
1.822,2.32652140080777
1.8225,-1.32067651294957
1.823,-0.172112293481904
1.8235,1.61680557915521
1.824,-2.42749476986663
1.8245,2.32619267642379
1.825,-1.32034778794579
1.8255,-0.172769742500802
1.826,1.61713430344241
1.8265,-2.42749476986663
1.827,2.32553522765606
1.8275,-1.32001906294219
1.828,-0.173755916029914
1.8285,1.61812047630413
1.829,-2.42749476986663
1.8295,2.32553522765606
1.83,-1.31903288793248
1.8305,-0.174413365049834
1.831,1.61812047630413
1.8315,-2.42782349560754
1.832,2.32487777888859
1.8325,-1.31837543792691
1.833,-0.174742089559948
1.8335,1.61877792487872
1.834,-2.42749476986663
1.8345,2.32487777888859
1.835,-1.31837543792691
1.8355,-0.175728263090902
1.836,1.61910664916604
1.8365,-2.4281522213487
1.837,2.32520650327229
1.8375,-1.3173892629199
1.838,-0.17638571211205
1.8385,1.61976409774075
1.839,-2.4281522213487
1.8395,2.32454905450497
1.84,-1.31706053791793
1.8405,-0.176714436622777
1.841,1.62042154631554
1.8415,-2.42848094709012
1.842,2.32454905450497
1.8425,-1.31640308791453
1.843,-0.177700610155575
1.8435,1.62075027060296
1.844,-2.42848094709012
1.8445,2.32422033012141
1.845,-1.31541691291078
1.8455,-0.178029334666713
1.846,1.62107899489041
1.8465,-2.42848094709012
1.847,2.32422033012141
1.8475,-1.31574563791185
1.848,-0.178358059177953
1.8485,1.62206516775288
1.849,-2.4288096728318
1.8495,2.32323415697115
1.85,-1.31508818790989
1.8505,-0.179015508200742
1.851,1.62239389204041
1.8515,-2.42913839857373
1.852,2.3235628813545
1.8525,-1.31443073790865
1.853,-0.180001681735694
1.8535,1.62272261632796
1.854,-2.42913839857373
1.8545,2.32323415697115
1.855,-1.31377328790814
1.8555,-0.18033040624755
1.856,1.62370878919074
1.8565,-2.42913839857373
1.857,2.32323415697115
1.8575,-1.31278711290872
1.858,-0.181316579783735
1.8585,1.62338006490313
1.859,-2.42946712431592
1.8595,2.32290543258787
1.86,-1.31278711290872
1.8605,-0.181974028808372
1.861,1.62403751347838
1.8615,-2.42946712431592
1.862,2.32257670820466
1.8625,-1.31245838790927
1.863,-0.182302753320845
1.8635,1.62436623776603
1.864,-2.42979585005837
1.8645,2.32224798382151
1.865,-1.31180093791093
1.8655,-0.18328892685888
1.866,1.62502368634141
1.8665,-2.42979585005837
1.867,2.32159053505543
1.8675,-1.3111434879133
1.868,-0.183946375884752
1.8685,1.62568113491687
1.869,-2.42979585005837
1.8695,2.32159053505543
1.87,-1.31015731291821
1.8705,-0.184275100397842
1.871,1.62633858349241
1.8715,-2.43045330154404
1.872,2.32191925943844
1.8725,-1.31015731291821
1.873,-0.184932549424332
1.8735,1.62600985920463
1.874,-2.43045330154404
1.8745,2.32126181067249
1.875,-1.30917113792474
1.8755,-0.185918722964839
1.876,1.62699603206804
1.8765,-2.43078202728726
1.877,2.32126181067249
1.8775,-1.30851368792999
1.878,-0.186904896506274
1.8785,1.62699603206804
1.879,-2.43078202728726
1.8795,2.32093308628962
1.88,-1.30785623793597
1.8805,-0.187233621020292
1.881,1.62765348064376
1.8815,-2.43143947877447
1.882,2.32060436190682
1.8825,-1.30752751293923
1.883,-0.187562345534413
1.8835,1.62831092921956
1.884,-2.43111075303073
1.8845,2.32027563752409
1.885,-1.30687006294628
1.8855,-0.188219794562965
1.886,1.62863965350749
1.8865,-2.43111075303073
1.887,2.32060436190682
1.8875,-1.30687006294628
1.888,-0.188548519077396
1.8885,1.62962582637141
1.889,-2.43111075303073
1.8895,2.31994691314143
1.89,-1.30588388795821
1.8905,-0.189863417136152
1.891,1.63028327494747
1.8915,-2.43176820451846
1.892,2.31961818875884
1.8925,-1.30555516296255
1.893,-0.189863417136152
1.8935,1.63028327494747
1.894,-2.43176820451846
1.8945,2.31961818875884
1.895,-1.30489771297177
1.8955,-0.190520866166151
1.896,1.63126944781171
1.8965,-2.43209693026271
1.897,2.31961818875884
1.8975,-1.30391153798694
1.898,-0.191178315196563
1.8985,1.63192689638798
1.899,-2.43176820451846
1.8995,2.31928946437631
1.9,-1.30358281299235
1.9005,-0.191835764227389
1.901,1.63225562067615
1.9015,-2.43176820451846
1.902,2.31863201561147
1.9025,-1.30325408799795
1.903,-0.192821937774404
1.9035,1.63258434496434
1.904,-2.43209693026271
1.9045,2.31830329122915
1.905,-1.30259663800968
1.9055,-0.193150662290283
1.906,1.63291306925255
1.9065,-2.43209693026271
1.907,2.31896073999386
1.9075,-1.30193918802213
1.908,-0.193479386806266
1.9085,1.63389924211731
1.909,-2.43209693026271
1.9095,2.31830329122915
1.91,-1.3012817380353
1.9105,-0.194465560354835
1.911,1.6342279664056
1.9115,-2.43275438175197
1.912,2.31764584246472
1.9125,-1.30095301304215
1.913,-0.195451733904337
1.9135,1.63455669069392
1.914,-2.43275438175197
1.9145,2.3179745668469
1.915,-1.3002955630564
1.9155,-0.196109182937858
1.916,1.63455669069392
1.9165,-2.43242565600721
1.917,2.3173171180826
1.9175,-1.29930938807911
1.918,-0.196437907454774
1.9185,1.63554286355901
1.919,-2.43275438175197
1.9195,2.3173171180826
1.92,-1.29898066308704
1.9205,-0.196766631971793
1.921,1.63587158784742
1.9215,-2.43341183324227
1.922,2.31698839370056
1.9225,-1.29865193809515
1.923,-0.197424081006144
1.9235,1.63620031213584
1.924,-2.43308310749699
1.9245,2.31600222055484
1.925,-1.29832321310344
1.9255,-0.19841025455845
1.926,1.63652903642429
1.9265,-2.43341183324227
1.927,2.31633094493668
1.9275,-1.29733703812939
1.928,-0.198738979076093
1.9285,1.63751520928977
1.929,-2.43341183324227
1.9295,2.31600222055484
1.93,-1.29667958814758
1.9305,-0.199396428111692
1.931,1.63784393357831
1.9315,-2.4337405589878
1.932,2.31567349617307
1.9325,-1.29667958814758
1.933,-0.200053877147706
1.9335,1.63817265786687
1.934,-2.4337405589878
1.9345,2.31567349617307
1.935,-1.29602213816649
1.9355,-0.201040050702508
1.936,1.63915883073268
1.9365,-2.43406928473359
1.937,2.31534477179136
1.9375,-1.2950359631962
1.938,-0.201697499739564
1.9385,1.63948755502133
1.939,-2.43439801047964
1.9395,2.31534477179136
1.94,-1.2950359631962
1.9405,-0.202026224258248
1.941,1.63981627930999
1.9415,-2.43439801047964
1.942,2.31468732302817
1.9425,-1.2943785132169
1.943,-0.202683673295928
1.9435,1.63981627930999
1.944,-2.43439801047964
1.9445,2.31435859864667
1.945,-1.2933923382493
1.9455,-0.203341122334026
1.946,1.64080245217613
1.9465,-2.43472673622594
1.947,2.31370114988388
1.9475,-1.29306361326045
1.948,-0.203998571372541
1.9485,1.64145990075367
1.949,-2.43472673622594
1.9495,2.31402987426524
1.95,-1.29240616328331
1.9505,-0.204984744931096
1.951,1.64145990075367
1.9515,-2.43472673622594
1.952,2.31402987426524
1.9525,-1.29174871330687
1.953,-0.205642193970654
1.9535,1.6421173493313
1.954,-2.43472673622594
1.9545,2.31370114988388
1.955,-1.29174871330687
1.9555,-0.205642193970654
1.956,1.64277479790901
1.9565,-2.4350554619725
1.957,2.31304370112136
1.9575,-1.29043381335615
1.958,-0.206628367530775
1.9585,1.6431035221979
1.959,-2.43538418771932
1.9595,2.31337242550259
1.96,-1.29010508836892
1.9605,-0.207285816571379
1.961,1.64408969506471
1.9615,-2.43538418771932
1.962,2.31271497674021
1.9625,-1.29010508836892
1.963,-0.207614541091838
1.9635,1.64408969506471
1.964,-2.4357129134664
1.9645,2.31271497674021
1.965,-1.28944763839499
1.9655,-0.208600714653841
1.966,1.6447471436427
1.9665,-2.43604163921374
1.967,2.31271497674021
1.9675,-1.28911891340829
1.968,-0.208929439174718
1.9685,1.64540459222077
1.969,-2.43604163921374
1.9695,2.31238625235912
1.97,-1.28846146343544
1.9705,-0.209586888216786
1.971,1.64573331650984
1.9715,-2.43604163921374
1.972,2.3120575279781
1.9725,-1.2878040134633
1.973,-0.210244337259273
1.9735,1.64606204079893
1.974,-2.43604163921374
1.9745,2.31107135483545
1.975,-1.28714656349187
1.9755,-0.210573061780674
1.976,1.64639076508805
1.9765,-2.43604163921374
1.977,2.31107135483545
1.9775,-1.28616038853607
1.978,-0.211887959867325
1.9785,1.64671948937718
1.979,-2.43669909070918
1.9795,2.31140007921627
1.98,-1.28583166355116
1.9805,-0.21221668438925
1.981,1.64737693795553
1.9815,-2.43669909070918
1.982,2.31107135483545
1.9825,-1.28583166355116
1.983,-0.212874133433415
1.9835,1.64803438653396
1.984,-2.43702781645728
1.9845,2.31074263045471
1.985,-1.2845167636133
1.9855,-0.213531582477999
1.986,1.64836311082321
1.9865,-2.43702781645728
1.987,2.31008518169342
1.9875,-1.2845167636133
1.988,-0.214189031523003
1.9885,1.6493492836911
1.989,-2.43735654220565
1.9895,2.31041390607403
1.99,-1.28418803862929
1.9905,-0.214846480568428
1.991,1.64902055940178
1.9915,-2.43735654220565
1.992,2.30975645731288
1.9925,-1.2832018636783
1.993,-0.215503929614273
1.9935,1.65000673226981
1.994,-2.43702781645728
1.9945,2.30975645731288
1.995,-1.282873138695
1.9955,-0.216161378660538
1.996,1.65033545655919
1.9965,-2.43768526795427
1.997,2.30909900855199
1.9975,-1.28221568872893
1.998,-0.216490103183828
1.9985,1.65099290513804
1.999,-2.43735654220565
1.9995,2.30877028417166
2,-1.28221568872893
2.0005,-0.216818827707224
2.001,1.65165035371697
2.0015,-2.43801399370315
2.002,2.30877028417166
2.0025,-1.28155823876357
2.003,-0.217805001278042
2.0035,1.65165035371697
2.004,-2.43801399370315
2.0045,2.30844155979139
2.005,-1.28024333883499
2.0055,-0.218791174849808
2.006,1.65197907800647
2.0065,-2.43834271945228
2.007,2.30811283541118
2.0075,-1.27958588887176
2.008,-0.219777348422523
2.0085,1.652307802296
2.009,-2.43801399370315
2.0095,2.30778411103105
2.01,-1.27958588887176
2.0105,-0.220106072946971
2.011,1.65329397516471
2.0115,-2.43834271945228
2.012,2.30712666227098
2.0125,-1.27892843890926
2.013,-0.220434797471526
2.0135,1.65362269945432
2.014,-2.43834271945228
2.0145,2.30778411103105
2.015,-1.27859971392827
2.0155,-0.221092246520951
2.016,1.65428014803362
2.0165,-2.43900017095133
2.017,2.30745538665098
2.0175,-1.27827098894746
2.018,-0.22207842009588
2.0185,1.65493759661302
2.019,-2.43900017095133
2.0195,2.30712666227098
2.02,-1.2772848140061
2.0205,-0.22273586914636
2.021,1.65493759661302
2.0215,-2.43900017095133
2.022,2.30646921351119
2.0225,-1.276956089026
2.023,-0.223064593671759
2.0235,1.65592376948228
2.024,-2.43932889670124
2.0245,2.30646921351119
2.025,-1.27662736404608
2.0255,-0.223722042722874
2.026,1.65625249377208
2.0265,-2.43932889670124
2.027,2.3061404891314
2.0275,-1.27596991408677
2.028,-0.224708216300338
2.0285,1.65658121806191
2.029,-2.43932889670124
2.0295,2.30581176475167
2.03,-1.27498373914915
2.0305,-0.22536566535251
2.031,1.65690994235176
2.0315,-2.43965762245141
2.032,2.30548304037201
2.0325,-1.2746550141703
2.033,-0.226023114405105
2.0335,1.65723866664163
2.034,-2.43965762245141
2.0345,2.30548304037201
2.035,-1.27399756421312
2.0355,-0.226351838931561
2.036,1.65756739093152
2.0365,-2.43998634820183
2.037,2.30515431599242
2.0375,-1.27366883923481
2.038,-0.227009287984791
2.0385,1.65855356380134
2.039,-2.43998634820183
2.0395,2.30482559161289
2.04,-1.2730113892787
2.0405,-0.227666737038445
2.041,1.65888228809133
2.0415,-2.43998634820183
2.042,2.30515431599242
2.0425,-1.27268266430091
2.043,-0.227995461565431
2.0435,1.65953973667138
2.044,-2.43998634820183
2.0445,2.30416814285405
2.045,-1.27202521434587
2.0455,-0.228981635147024
2.046,1.65986846096143
2.0465,-2.44031507395251
2.047,2.30383941847472
2.0475,-1.27103903941464
2.048,-0.22963908420195
2.0485,1.66052590954162
2.049,-2.44097252545465
2.0495,2.30383941847472
2.05,-1.27103903941464
2.0505,-0.229967808729572
2.051,1.66052590954162
2.0515,-2.44097252545465
2.052,2.30383941847472
2.0525,-1.27038158946138
2.053,-0.230625257785135
2.0535,1.66184080670227
2.054,-2.44097252545465
2.0545,2.30351069409547
2.055,-1.26972413950882
2.0555,-0.231611431369275
2.056,1.66151208241208
2.0565,-2.44162997695782
2.057,2.30318196971628
2.0575,-1.26906668955698
2.058,-0.232597604954371
2.0585,1.66249825528274
2.059,-2.44097252545465
2.0595,2.30252452095812
2.06,-1.26873796458132
2.0605,-0.232597604954371
2.061,1.66282697957301
2.0615,-2.44130125120611
2.062,2.30219579657913
2.0625,-1.26808051463054
2.063,-0.233583778540425
2.0635,1.66315570386331
2.064,-2.44130125120611
2.0645,2.30252452095812
2.065,-1.26775178965542
2.0655,-0.234241227598325
2.066,1.66381315244397
2.0665,-2.44195870270979
2.067,2.30219579657913
2.0675,-1.2670943397057
2.068,-0.234569952127435
2.0685,1.66414187673433
2.069,-2.44195870270979
2.0695,2.30153834782137
2.07,-1.2670943397057
2.0705,-0.235556125715403
2.071,1.66447060102472
2.0715,-2.44162997695782
2.072,2.30153834782137
2.0725,-1.26577943980839
2.073,-0.236213574774581
2.0735,1.66545677389603
2.074,-2.44228742846202
2.0745,2.30153834782137
2.075,-1.2651219898608
2.0755,-0.23654229930433
2.076,1.66578549818651
2.0765,-2.44195870270979
2.077,2.30120962344259
2.0775,-1.26479326488727
2.078,-0.237528472894216
2.0785,1.66611422247702
2.079,-2.44228742846202
2.0795,2.30088089906387
2.08,-1.26413581494074
2.0805,-0.238185921954674
2.081,1.66644294676755
2.0815,-2.44228742846202
2.082,2.30088089906387
2.0825,-1.26347836499492
2.083,-0.238843371015558
2.0835,1.66742911963929
2.084,-2.4426161542145
2.0845,2.29989472592814
2.085,-1.26314964002228
2.0855,-0.239500820076869
2.086,1.66808656822056
2.0865,-2.44228742846202
2.087,2.30022345030665
2.0875,-1.26249219007752
2.088,-0.239829544607684
2.0885,1.66808656822056
2.089,-2.4426161542145
2.0895,2.29956600154969
2.09,-1.26183474013347
2.0905,-0.240486993669636
2.091,1.66874401680194
2.0915,-2.44228742846202
2.092,2.29956600154969
2.0925,-1.26150601516171
2.093,-0.241473167263365
2.0935,1.66874401680194
2.094,-2.44294487996725
2.0945,2.29956600154969
2.095,-1.26117729019013
2.0955,-0.241801891794822
2.096,1.66940146538341
2.0965,-2.4426161542145
2.097,2.29890855279301
2.0975,-1.26019111527644
2.098,-0.242459340858056
2.0985,1.67005891396498
2.099,-2.44327360572025
2.0995,2.29890855279301
2.1,-1.25986239030556
2.1005,-0.243116789921718
2.101,1.6703876382558
2.1015,-2.44327360572025
2.102,2.29825110403659
2.1025,-1.25920494036434
2.103,-0.24344551445371
2.1035,1.67104508683751
2.104,-2.44327360572025
2.1045,2.29825110403659
2.105,-1.258876215394
2.1055,-0.243774238985809
2.106,1.67170253541932
2.1065,-2.44327360572025
2.107,2.29825110403659
2.1075,-1.25854749042383
2.108,-0.244760412582747
2.1085,1.67203125971026
2.109,-2.44393105722703
2.1095,2.29825110403659
2.11,-1.25756131551438
2.1105,-0.245417861647909
2.111,1.67268870829221
2.1115,-2.44393105722703
2.112,2.29726493090247
2.1125,-1.25690386557563
2.113,-0.246404035246455
2.1135,1.67301743258323
2.114,-2.44425978298081
2.1145,2.29693620652456
2.115,-1.25591769066883
2.1155,-0.247061484312688
2.116,1.67367488116533
2.1165,-2.44425978298081
2.117,2.29693620652456
2.1175,-1.25591769066883
2.118,-0.247718933379351
2.1185,1.67400360545642
2.119,-2.44425978298081
2.1195,2.29693620652456
2.12,-1.25558896570025
2.1205,-0.248376382446443
2.121,1.67433232974753
2.1215,-2.44425978298081
2.122,2.29627875776895
2.1225,-1.25460279079557
2.123,-0.24870510698015
2.1235,1.67498977832982
2.124,-2.44458850873484
2.1245,2.29627875776895
2.125,-1.25460279079557
2.1255,-0.249033831513965
2.126,1.67498977832982
2.1265,-2.44458850873484
2.127,2.29595003339125
2.1275,-1.25361661589248
2.128,-0.249691280581916
2.1285,1.67597595120345
2.129,-2.44524596024368
2.1295,2.29529258463604
2.13,-1.25263044099097
2.1305,-0.250677454184649
2.131,1.67663339978599
2.1315,-2.44491723448913
2.132,2.29562130901361
2.1325,-1.25263044099097
2.133,-0.251334903253676
2.1335,1.6769621240773
2.134,-2.44524596024368
2.1345,2.29529258463604
2.135,-1.25230171602415
2.1355,-0.25166362778835
2.136,1.67729084836863
2.1365,-2.44557468599849
2.137,2.29496386025854
2.1375,-1.25164426609105
2.138,-0.252321076858022
2.1385,1.67794829695137
2.139,-2.44524596024368
2.1395,2.2946351358811
2.14,-1.25098681615865
2.1405,-0.253307250463338
2.141,1.67827702124278
2.1415,-2.44557468599849
2.142,2.2946351358811
2.1425,-1.25065809119272
2.143,-0.253635974998659
2.1435,1.67893446982567
2.144,-2.44557468599849
2.1445,2.29430641150373
2.145,-1.24934319133073
2.1455,-0.254293424069623
2.146,1.67893446982567
2.1465,-2.44557468599849
2.147,2.29397768712643
2.1475,-1.24901446636568
2.148,-0.254622148605267
2.1485,1.67959191840865
2.149,-2.44557468599849
2.1495,2.29430641150373
2.15,-1.2483570164361
2.1505,-0.255937046748921
2.151,1.68057809128332
2.1515,-2.44590341175355
2.152,2.29299151399492
2.1525,-1.24802829147157
2.153,-0.256265771285104
2.1535,1.68057809128332
2.154,-2.44590341175355
2.1545,2.29299151399492
2.155,-1.24769956650722
2.1555,-0.256923220357795
2.156,1.68123553986655
2.1565,-2.44623213750888
2.157,2.29332023837203
2.1575,-1.24704211657904
2.158,-0.25790939396764
2.1585,1.68123553986655
2.159,-2.44623213750888
2.1595,2.29266278961789
2.16,-1.2460559416881
2.1605,-0.25790939396764
2.161,1.68189298844989
2.1615,-2.44656086326446
2.162,2.29266278961789
2.1625,-1.2457272167248
2.163,-0.258895567578457
2.1635,1.68255043703332
2.164,-2.44623213750888
2.1645,2.29233406524092
2.165,-1.24539849176168
2.1655,-0.259224292115613
2.166,1.68287916132508
2.1665,-2.4468895890203
2.167,2.29167661648719
2.1675,-1.24441231687338
2.168,-0.260539190265316
2.1685,1.68320788561686
2.169,-2.44656086326446
2.1695,2.29167661648719
2.17,-1.24441231687338
2.1705,-0.260539190265316
2.171,1.68419405849235
2.1715,-2.4468895890203
2.172,2.29134789211042
2.1725,-1.24375486694872
2.173,-0.261196639340817
2.1735,1.68452278278423
2.174,-2.4472183147764
2.1745,2.29069044335708
2.175,-1.24309741702476
2.1755,-0.26218281295488
2.176,1.68485150707613
2.1765,-2.4472183147764
2.177,2.29069044335708
2.1775,-1.24211124214014
2.178,-0.26218281295488
2.1785,1.68518023136806
2.179,-2.44754704053276
2.1795,2.29069044335708
2.18,-1.24178251717895
2.1805,-0.263497711108481
2.181,1.685837679952
2.1815,-2.44787576628937
2.182,2.29036171898052
2.1825,-1.24145379221794
2.183,-0.263826435647152
2.1835,1.68616640424401
2.184,-2.44787576628937
2.1845,2.28970427022758
2.185,-1.24145379221794
2.1855,-0.264155160185932
2.186,1.68649512853604
2.1865,-2.44787576628937
2.187,2.28937554585121
2.1875,-1.24046761733595
2.188,-0.265141333802922
2.1885,1.68715257712018
2.189,-2.44820449204624
2.1895,2.28937554585121
2.19,-1.23981016741551
2.1905,-0.266127507420888
2.191,1.68781002570442
2.1915,-2.44820449204624
2.192,2.28871809709868
2.1925,-1.23948144245555
2.193,-0.267113681039833
2.1935,1.68813874999657
2.194,-2.44853321780338
2.1945,2.28871809709868
2.195,-1.23915271749576
2.1955,-0.267442405579698
2.196,1.68813874999657
2.1965,-2.44853321780338
2.197,2.28806064834641
2.1975,-1.23882399253615
2.198,-0.268428579199947
2.1985,1.6891249228732
2.199,-2.44919066931841
2.1995,2.28806064834641
2.2,-1.23783781765837
2.2005,-0.268757303740247
2.201,1.68945364716546
2.2015,-2.44886194356076
2.202,2.28806064834641
2.2025,-1.23718036774073
2.203,-0.269414752821174
2.2035,1.68978237145775
2.204,-2.44886194356076
2.2045,2.28773192397038
2.205,-1.23685164278217
2.2055,-0.270072201902536
2.206,1.69011109575006
2.2065,-2.44919066931841
2.207,2.28707447521851
2.2075,-1.23619419286558
2.208,-0.27040092644338
2.2085,1.69076854433475
2.209,-2.44951939507632
2.2095,2.28674575084267
2.21,-1.23586546790755
2.2105,-0.271058375525396
2.211,1.69109726862714
2.2115,-2.44951939507632
2.212,2.28674575084267
2.2125,-1.23553674294969
2.213,-0.271715824607847
2.2135,1.69142599291956
2.214,-2.44951939507632
2.2145,2.28707447521851
2.215,-1.23422184312001
2.2155,-0.272373273690735
2.216,1.69241216579695
2.2165,-2.45017684659291
2.217,2.2860883020912
2.2175,-1.23422184312001
2.218,-0.273030722774058
2.2185,1.69274089008946
2.219,-2.45017684659291
2.2195,2.2860883020912
2.22,-1.23356439320622
2.2205,-0.273359447315883
2.221,1.69339833867457
2.2215,-2.44984812083448
2.222,2.2860883020912
2.2225,-1.23257821833685
2.223,-0.274345620942014
2.2235,1.69339833867457
2.224,-2.44984812083448
2.2245,2.28575957771557
2.225,-1.23257821833685
2.2255,-0.274674345484276
2.226,1.69438451155243
2.2265,-2.44984812083448
2.227,2.28543085334
2.2275,-1.23126331851347
2.228,-0.275331794569127
2.2285,1.6947132358451
2.229,-2.44984812083448
2.2295,2.2851021289645
2.23,-1.23060586860282
2.2305,-0.275989243654415
2.231,1.69602813301604
2.2315,-2.45050557235159
2.232,2.28543085334
2.2325,-1.23060586860282
2.233,-0.276646692740141
2.2335,1.69635685730884
2.234,-2.45050557235159
2.2345,2.28543085334
2.235,-1.22994841869288
2.2355,-0.277304141826303
2.236,1.69602813301604
2.2365,-2.45050557235159
2.237,2.28477340458906
2.2375,-1.22896224382928
2.238,-0.277632866369549
2.2385,1.6973430301874
2.239,-2.45050557235159
2.2395,2.28477340458906
2.24,-1.22896224382928
2.2405,-0.278290315456368
2.241,1.6973430301874
2.2415,-2.45017684659291
2.242,2.28444468021369
2.2425,-1.22797606896724
2.243,-0.278619039999941
2.2435,1.6976717544803
2.244,-2.45083429811053
2.2445,2.28378723146315
2.245,-1.22731861906009
2.2455,-0.27993393817533
2.246,1.69800047877323
2.2465,-2.45083429811053
2.247,2.28378723146315
2.2475,-1.22698989410678
2.248,-0.27993393817533
2.2485,1.69865792735917
2.249,-2.45083429811053
2.2495,2.28312978271287
2.25,-1.22666116915364
2.2505,-0.280920111808023
2.251,1.69898665165218
2.2515,-2.45149174962918
2.252,2.28345850708798
2.2525,-1.22567499429527
2.253,-0.281906285441701
2.2535,1.69964410023827
2.254,-2.45149174962918
2.2545,2.28247233396286
2.255,-1.22501754439056
2.2555,-0.28223500998648
2.256,1.69997282453136
2.2565,-2.45149174962918
2.257,2.28280105833783
2.2575,-1.22468881943847
2.258,-0.282892459076367
2.2585,1.70063027311761
2.259,-2.45182047538889
2.2595,2.28214360958795
2.26,-1.22403136953481
2.2605,-0.283549908166693
2.261,1.70128772170397
2.2615,-2.45214920114887
2.262,2.28148616083834
2.2625,-1.22370264458324
2.263,-0.284207357257458
2.2635,1.70161644599719
2.264,-2.45182047538889
2.2645,2.28181488521311
2.265,-1.22337391963185
2.2655,-0.28519353089443
2.266,1.7022738945837
2.2665,-2.45214920114887
2.267,2.28214360958795
2.2675,-1.22304519468063
2.268,-0.285522255440307
2.2685,1.7022738945837
2.269,-2.4524779269091
2.2695,2.28148616083834
2.27,-1.22205901982801
2.2705,-0.286837153624914
2.271,1.70293134317032
2.2715,-2.4524779269091
2.272,2.28115743646363
2.2725,-1.22173029487749
2.273,-0.28617970453239
2.2735,1.70326006746367
2.274,-2.4524779269091
2.2745,2.2801712633399
2.275,-1.22107284497696
2.2755,-0.287823327264525
2.276,1.70424624034388
2.2765,-2.4524779269091
2.277,2.2801712633399
2.2775,-1.22074412002696
2.278,-0.288480776358149
2.2785,1.70424624034388
2.279,-2.45280665266959
2.2795,2.27984253896546
2.28,-1.219757945178
2.2805,-0.288480776358149
2.281,1.70490368893082
2.2815,-2.45280665266959
2.282,2.2801712633399
2.2825,-1.21910049527956
2.283,-0.289466949999412
2.2835,1.70523241322433
2.284,-2.4524779269091
2.2845,2.27951381459108
2.285,-1.21910049527956
2.2855,-0.290124399094138
2.286,1.70588986181142
2.2865,-2.45280665266959
2.287,2.27918509021677
2.2875,-1.21811432043321
2.288,-0.290781848189305
2.2885,1.70588986181142
2.289,-2.45313537843034
2.2895,2.27951381459108
2.29,-1.21811432043321
2.2905,-0.291439297284913
2.291,1.70687603469227
2.2915,-2.45313537843034
2.292,2.27852764146834
2.2925,-1.21745687053651
2.293,-0.291768021832882
2.2935,1.70687603469227
2.294,-2.45346410419135
2.2945,2.27819891709423
2.295,-1.21647069569277
2.2955,-0.292754195477453
2.296,1.70786220757336
2.2965,-2.45346410419135
2.297,2.27787019272018
2.2975,-1.21581324579781
2.298,-0.293082920025865
2.2985,1.70819093186711
2.299,-2.45379282995261
2.2995,2.27754146834619
2.3,-1.21515579590355
2.3005,-0.293740369123018
2.301,1.70851965616088
2.3015,-2.45346410419135
2.302,2.27754146834619
2.3025,-1.21482707095667
2.303,-0.294397818220614
2.3035,1.70917710474851
2.304,-2.45346410419135
2.3045,2.27754146834619
2.305,-1.21416962106345
2.3055,-0.294726542769577
2.306,1.70950582904237
2.3065,-2.45412155571414
2.307,2.27721274397228
2.3075,-1.21351217117092
2.308,-0.296041440966538
2.3085,1.71016327763016
2.309,-2.45412155571414
2.3095,2.27655529522464
2.31,-1.21318344622492
2.3105,-0.295712716417132
2.311,1.7104920019241
2.3115,-2.45412155571414
2.312,2.27655529522464
2.3125,-1.21285472127909
2.313,-0.29702761461542
2.3135,1.71147817480607
2.314,-2.45412155571414
2.3145,2.27655529522464
2.315,-1.2115398214975
2.3155,-0.297356339165269
2.316,1.71114945051205
2.3165,-2.45445028147592
2.317,2.27655529522464
2.3175,-1.2115398214975
2.318,-0.298013788265299
2.3185,1.71213562339419
2.319,-2.45477900723796
2.3195,2.27589784647727
2.32,-1.21088237160775
2.3205,-0.298999961916174
2.321,1.71213562339419
2.3215,-2.45445028147592
2.322,2.27524039773016
2.3225,-1.21055364666313
2.323,-0.298999961916174
2.3235,1.71279307198241
2.324,-2.45510773300026
2.3245,2.27524039773016
2.325,-1.20989619677442
2.3255,-0.300643584669851
2.326,1.71312179627656
2.3265,-2.45477900723796
2.327,2.2749116733567
2.3275,-1.2092387468864
2.328,-0.300643584669851
2.3285,1.71377924486495
2.329,-2.45510773300026
2.3295,2.27458294898331
2.33,-1.20858129699908
2.3305,-0.30195848287479
2.331,1.71410796915919
2.3315,-2.45543645876282
2.332,2.27425422460998
2.3325,-1.20825257205567
2.333,-0.302287207426302
2.3335,1.71476541774774
2.334,-2.45543645876282
2.3345,2.27392550023672
2.335,-1.20759512216939
2.3355,-0.302615931977926
2.336,1.7154228663364
2.3365,-2.45543645876282
2.337,2.27392550023672
2.3375,-1.20693767228379
2.338,-0.303602105633463
2.3385,1.71575159063077
2.339,-2.45543645876282
2.3395,2.27359677586353
2.34,-1.20660894734125
2.3405,-0.303930830185531
2.341,1.71575159063077
2.3415,-2.45576518452564
2.342,2.27359677586353
2.3425,-1.2059514974567
2.343,-0.30458827929
2.3435,1.71640903921959
2.344,-2.45576518452564
2.3445,2.27293932711734
2.345,-1.20529404757284
2.3455,-0.305245728394915
2.346,1.71706648780852
2.3465,-2.45576518452564
2.347,2.27261060274434
2.3475,-1.20463659768967
2.348,-0.305903177500274
2.3485,1.71739521210303
2.349,-2.45609391028872
2.3495,2.27293932711734
2.35,-1.20430787274834
2.3505,-0.306560626606079
2.351,1.71805266069212
2.3515,-2.45642263605205
2.352,2.27261060274434
2.3525,-1.2033216979254
2.353,-0.306889351159149
2.3535,1.71871010928133
2.354,-2.45642263605205
2.3545,2.2722818783714
2.355,-1.20299297298476
2.3555,-0.307546800265622
2.356,1.71936755787065
2.3565,-2.45642263605205
2.357,2.27162442962574
2.3575,-1.20233552310401
2.358,-0.308204249372541
2.3585,1.71936755787065
2.359,-2.45609391028872
2.3595,2.271295705253
2.36,-1.2020067981639
2.3605,-0.308861698479906
2.361,1.71969628216535
2.3615,-2.45642263605205
2.362,2.271295705253
2.3625,-1.20167807322395
2.363,-0.309519147587717
2.3635,1.72002500646007
2.364,-2.4570800875795
2.3645,2.27096698088033
2.365,-1.20102062334459
2.3655,-0.310834045804678
2.366,1.72068245504961
2.3665,-2.45675136181565
2.367,2.27063825650772
2.3675,-1.20036317346591
2.368,-0.310834045804678
2.3685,1.72133990363926
2.369,-2.4570800875795
2.3695,2.27030953213518
2.37,-1.19970572358792
2.3705,-0.311820219468572
2.371,1.72166862793412
2.3715,-2.4570800875795
2.372,2.26998080776271
2.3725,-1.19937699864919
2.373,-0.312477668578393
2.3735,1.72199735222902
2.374,-2.45740881334361
2.3745,2.26932335901796
2.375,-1.19871954877224
2.3755,-0.313135117688661
2.376,1.72298352511386
2.3765,-2.45740881334361
2.377,2.26899463464568
2.3775,-1.1977333739581
2.378,-0.313792566799376
2.3785,1.72265480081889
2.379,-2.45740881334361
2.3795,2.26899463464568
2.38,-1.1974046490204
2.3805,-0.314450015910539
2.381,1.72331224940887
2.3815,-2.45773753910798
2.382,2.26899463464568
2.3825,-1.19641847420834
2.383,-0.314778740466288
2.3835,1.72396969799896
2.384,-2.45740881334361
2.3845,2.26833718590132
2.385,-1.19674719914552
2.3855,-0.31510746502215
2.386,1.72462714658916
2.3865,-2.45773753910798
2.387,2.26866591027346
2.3875,-1.19608974927133
2.388,-0.316093638690405
2.3885,1.72429842229404
2.389,-2.45806626487261
2.3895,2.26800846152923
2.39,-1.19543229939783
2.3905,-0.316422363246714
2.391,1.72561331947467
2.3915,-2.4583949906375
2.392,2.26767973715721
2.3925,-1.19477484952502
2.393,-0.317079812359669
2.3935,1.7259420437699
2.394,-2.45872371640265
2.3945,2.26735101278526
2.395,-1.19378867471709
2.3955,-0.317737261473072
2.396,1.72627076806516
2.3965,-2.45872371640265
2.397,2.26702228841337
2.3975,-1.19378867471709
2.398,-0.318723435144018
2.3985,1.72692821665575
2.399,-2.45872371640265
2.3995,2.26702228841337
2.4,-1.19280249991071
2.4005,-0.319052159701224
2.401,1.72692821665575
2.4015,-2.4583949906375
2.402,2.26702228841337
2.4025,-1.19280249991071
2.403,-0.319709608815973
2.4035,1.72791438954185
2.404,-2.45905244216805
2.4045,2.26669356404155
2.405,-1.19181632510589
2.4055,-0.320695782488939
2.406,1.72791438954185
2.4065,-2.45905244216805
2.407,2.2660361152981
2.4075,-1.19115887523686
2.408,-0.321024507046819
2.4085,1.72857183813273
2.409,-2.45905244216805
2.4095,2.26570739092647
2.41,-1.19083015030261
2.4105,-0.321681956162916
2.411,1.72890056242821
2.4115,-2.45938116793372
2.412,2.26570739092647
2.4125,-1.19017270043461
2.413,-0.322668129837905
2.4135,1.72955801101925
2.414,-2.45938116793372
2.4145,2.26537866655491
2.415,-1.18951525056731
2.4155,-0.32299685439646
2.416,1.73021545961041
2.4165,-2.45970989369964
2.417,2.26472121781198
2.4175,-1.18918652563392
2.418,-0.323654303513906
2.4185,1.73054418390603
2.419,-2.46003861946583
2.4195,2.26472121781198
2.42,-1.18852907576764
2.4205,-0.323983028072798
2.421,1.73120163249736
2.4215,-2.45970989369964
2.422,2.26439249344061
2.4225,-1.18754290096952
2.423,-0.32496920175015
2.4235,1.73120163249736
2.424,-2.45970989369964
2.4245,2.26439249344061
2.425,-1.18721417603716
2.4255,-0.325626650868948
2.426,1.73120163249736
2.4265,-2.45970989369964
2.427,2.26439249344061
2.4275,-1.18688545110497
2.428,-0.326284099988196
2.4285,1.73251652968035
2.429,-2.46036734523227
2.4295,2.2634063203269
2.43,-1.18655672617295
2.4305,-0.326941549107896
2.431,1.73251652968035
2.4315,-2.46036734523227
2.432,2.26307759595579
2.4325,-1.18557055137792
2.433,-0.327598998228046
2.4335,1.73284525397617
2.434,-2.46003861946583
2.4345,2.26307759595579
2.435,-1.18524182644658
2.4355,-0.328256447348648
2.436,1.73317397827202
2.4365,-2.46036734523227
2.437,2.26274887158475
2.4375,-1.18458437658443
2.438,-0.328913896469701
2.4385,1.73416015115974
2.439,-2.46102479676593
2.4395,2.26242014721377
2.44,-1.18458437658443
2.4405,-0.329242621030397
2.441,1.73481759975169
2.4415,-2.46102479676593
2.442,2.26176269847201
2.4425,-1.18359820179249
2.443,-0.33055751927431
2.4435,1.73481759975169
2.444,-2.46102479676593
2.4445,2.26176269847201
2.445,-1.18326947686219
2.4455,-0.331214968396945
2.446,1.73514632404771
2.4465,-2.46135352253315
2.447,2.26143397410122
2.4475,-1.1826120270021
2.448,-0.331543692958432
2.4485,1.73547504834376
2.449,-2.46102479676593
2.4495,2.26143397410122
2.45,-1.18228330207231
2.4505,-0.331543692958432
2.451,1.73613249693594
2.4515,-2.46102479676593
2.452,2.2611052497305
2.4525,-1.18129712728397
2.453,-0.332529866643571
2.4535,1.73711866982443
2.454,-2.46102479676593
2.4545,2.26077652535985
2.455,-1.18096840235486
2.4555,-0.333516040329729
2.456,1.73711866982443
2.4565,-2.46135352253315
2.457,2.26044780098926
2.4575,-1.17998222756858
2.458,-0.333844764892008
2.4585,1.73810484271317
2.459,-2.46135352253315
2.4595,2.25979035224827
2.46,-1.17965350264016
2.4605,-0.334502214016906
2.461,1.73810484271317
2.4615,-2.46135352253315
2.462,2.26011907661873
2.4625,-1.17899605278384
2.463,-0.334830938579525
2.4635,1.73876229130582
2.464,-2.46135352253315
2.4645,2.25979035224827
2.465,-1.17866732785593
2.4655,-0.335817112268061
2.466,1.73941973989857
2.4665,-2.46168224830063
2.467,2.25946162787788
2.4675,-1.17800987800064
2.468,-0.336145836831134
2.4685,1.739748464195
2.469,-2.46201097406837
2.4695,2.25913290350754
2.47,-1.17702370321898
2.4705,-0.336803285957618
2.471,1.74040591278793
2.4715,-2.46168224830063
2.472,2.25880417913728
2.4725,-1.1766949782921
2.473,-0.337460735084557
2.4735,1.74073463708444
2.474,-2.46201097406837
2.4745,2.25847545476707
2.475,-1.17570880351249
2.4755,-0.337789459648196
2.476,1.74139208567754
2.4765,-2.46201097406837
2.477,2.25847545476707
2.4775,-1.1753800785863
2.478,-0.338775633339796
2.4785,1.74172080997414
2.479,-2.46233969983636
2.4795,2.25781800602686
2.48,-1.17505135366027
2.4805,-0.339433082468097
2.481,1.74172080997414
2.4815,-2.46266842560462
2.482,2.25781800602686
2.4825,-1.17406517888323
2.483,-0.340747980726062
2.4835,1.7427069828641
2.484,-2.46201097406837
2.4845,2.25748928165685
2.485,-1.17373645395789
2.4855,-0.340747980726062
2.486,1.74303570716081
2.4865,-2.46266842560462
2.487,2.25683183291703
2.4875,-1.17307900410772
2.488,-0.341076705290838
2.4885,1.74369315575433
2.489,-2.46233969983636
2.4895,2.25716055728691
2.49,-1.17275027918289
2.4905,-0.341405429855728
2.491,1.74435060434796
2.4915,-2.46266842560462
2.492,2.25683183291703
2.4925,-1.17209282933375
2.493,-0.342391603551079
2.4935,1.74467932864482
2.494,-2.46233969983636
2.4945,2.25683183291703
2.495,-1.17143537948529
2.4955,-0.343049052681881
2.496,1.7450080529417
2.4965,-2.46266842560462
2.497,2.25650310854721
2.4975,-1.17077792963752
2.498,-0.34370650181314
2.4985,1.74566550153557
2.499,-2.46299715137314
2.4995,2.25650310854721
2.5,-1.17044920471389
2.5005,-0.34403522637894
2.501,1.74599422583254
2.5015,-2.46332587714191
2.502,2.25650310854721
2.5025,-1.16979175486713
2.503,-0.344692675510882
2.5035,1.74632295012955
2.504,-2.46332587714191
2.5045,2.25551693543815
2.505,-1.16880558009828
2.5055,-0.345678849209651
2.506,1.74730912302074
2.5065,-2.46332587714191
2.507,2.25551693543815
2.5075,-1.16814813025324
2.508,-0.346007573776135
2.5085,1.74763784731787
2.509,-2.46332587714191
2.5095,2.25518821106859
2.51,-1.16781940533097
2.5105,-0.346993747476272
2.511,1.7482952959122
2.5115,-2.46365460291095
2.512,2.2548594866991
2.5125,-1.16749068040887
2.513,-0.347651196610267
2.5135,1.74862402020941
2.514,-2.46332587714191
2.5145,2.2548594866991
2.515,-1.16683323056519
2.5155,-0.348637370312117
2.516,1.74862402020941
2.5165,-2.46398332868024
2.517,2.253873313591
2.5175,-1.1665045056436
2.518,-0.348966094879628
2.5185,1.74895274450665
2.519,-2.46398332868024
2.5195,2.253873313591
2.52,-1.16617578072218
2.5205,-0.349623544014995
2.521,1.74961019310122
2.5215,-2.46398332868024
2.522,2.25354458922176
2.5225,-1.16518960595896
2.523,-0.350280993150818
2.5235,1.75026764169591
2.524,-2.46398332868024
2.5245,2.25321586485259
2.525,-1.16453215611766
2.5255,-0.351267166855412
2.526,1.7505963659933
2.5265,-2.46365460291095
2.527,2.25255841611444
2.5275,-1.16420343119726
2.528,-0.351595891423838
2.5285,1.75125381458817
2.529,-2.46431205444979
2.5295,2.25222969174546
2.53,-1.16387470627704
2.5305,-0.351924615992379
2.531,1.75092509029072
2.5315,-2.46496950598968
2.532,2.25222969174546
2.5325,-1.16354598135699
2.533,-0.352910789698689
2.5335,1.75158253888565
2.534,-2.46431205444979
2.5345,2.25190096737654
2.535,-1.16255980659784
2.5355,-0.353568238836802
2.536,1.75223998748069
2.5365,-2.4646407802196
2.537,2.25157224300769
2.5375,-1.16190235675927
2.538,-0.354225687975374
2.5385,1.75256871177826
2.539,-2.4646407802196
2.5395,2.25157224300769
2.54,-1.16157363184023
2.5405,-0.354554412544831
2.541,1.75322616037349
2.5415,-2.4646407802196
2.542,2.25058606990151
2.5425,-1.16091618200268
2.543,-0.355540586253892
2.5435,1.75388360896883
2.544,-2.46496950598968
2.5445,2.25091479427017
2.545,-1.1602587321658
2.5455,-0.355869310823808
2.546,1.7545410575643
2.5465,-2.46529823176001
2.547,2.25058606990151
2.5475,-1.1596012823296
2.548,-0.356198035393839
2.5485,1.7545410575643
2.549,-2.4656269575306
2.5495,2.25025734553292
2.55,-1.15894383249408
2.5505,-0.357184209104622
2.551,1.75486978186207
2.5515,-2.46529823176001
2.552,2.25025734553292
2.5525,-1.15828638265924
2.553,-0.358170382816437
2.5535,1.75552723045772
2.554,-2.4656269575306
2.5545,2.24992862116438
2.555,-1.15762893282508
2.5555,-0.358170382816437
2.556,1.75651340335141
2.5565,-2.46529823176001
2.557,2.24927117242751
2.5575,-1.15762893282508
2.558,-0.358827831958223
2.5585,1.75651340335141
2.559,-2.46529823176001
2.5595,2.24927117242751
2.56,-1.15664275807512
2.5605,-0.359485281100467
2.561,1.75684212764936
2.5615,-2.4656269575306
2.562,2.24894244805917
2.5625,-1.1563140331588
2.563,-0.360471454814697
2.5635,1.75717085194735
2.564,-2.4656269575306
2.5645,2.24828499932268
2.565,-1.15565658332668
2.5655,-0.361128903958093
2.566,1.75717085194735
2.5665,-2.46595568330145
2.567,2.24828499932268
2.5675,-1.15499913349523
2.568,-0.361786353101948
2.5685,1.75815702484149
2.569,-2.46628440907255
2.5695,2.24762755058644
2.57,-1.15467040857976
2.5705,-0.362115077674049
2.571,1.75881447343774
2.5715,-2.46595568330145
2.572,2.24729882621842
2.5725,-1.15401295874934
2.573,-0.363101251391042
2.5735,1.75881447343774
2.574,-2.46661313484392
2.5745,2.24729882621842
2.575,-1.15335550891959
2.5755,-0.364087425109072
2.576,1.75947192203411
2.5765,-2.46661313484392
2.577,2.24697010185046
2.5775,-1.15236933417623
2.578,-0.36441614968198
2.5785,1.75947192203411
2.579,-2.46661313484392
2.5795,2.24631265311474
2.58,-1.15236933417623
2.5805,-0.364744874255003
2.581,1.7601293706306
2.5815,-2.46661313484392
2.582,2.24631265311474
2.5825,-1.15171188434818
2.583,-0.365731047974763
2.5835,1.76078681922721
2.584,-2.46727058638744
2.5845,2.24598392874697
2.585,-1.15171188434818
2.5855,-0.366059772548247
2.586,1.76111554352556
2.5865,-2.46727058638744
2.587,2.24631265311474
2.5875,-1.15072570960736
2.588,-0.366717221695562
2.5885,1.76177299212235
2.589,-2.46727058638744
2.5895,2.24565520437927
2.59,-1.150068259781
2.5905,-0.367703395417401
2.591,1.76177299212235
2.5915,-2.46727058638744
2.592,2.24499775564405
2.5925,-1.14941080995531
2.593,-0.368360844565872
2.5935,1.76243044071926
2.594,-2.46694186061555
2.5945,2.24499775564405
2.595,-1.14941080995531
2.5955,-0.369347018289444
2.596,1.76275916501776
2.5965,-2.46727058638744
2.597,2.24401158254171
2.5975,-1.14842463521805
2.598,-0.3696757428642
2.5985,1.76341661361486
2.599,-2.46759931215959
2.5995,2.24401158254171
2.6,-1.14776718539406
2.6005,-0.370333192014058
2.601,1.76374533791345
2.6015,-2.46792803793199
2.602,2.24401158254171
2.6025,-1.14743846048231
2.603,-0.370990641164379
2.6035,1.76440278651073
2.604,-2.46759931215959
2.6045,2.24368285817438
2.605,-1.14678101065933
2.6055,-0.371319365739714
2.606,1.76473151080942
2.6065,-2.46759931215959
2.607,2.24368285817438
2.6075,-1.14612356083703
2.608,-0.372305539466412
2.6085,1.76538895940689
2.609,-2.46759931215959
2.6095,2.24302540943993
2.61,-1.14579483592613
2.6105,-0.37263426404221
2.611,1.76571768370566
2.6115,-2.46825676370466
2.612,2.24302540943993
2.6125,-1.14513738610484
2.613,-0.373291713194153
2.6135,1.76637513230331
2.614,-2.46792803793199
2.6145,2.24302540943993
2.615,-1.14480866119445
2.6155,-0.37394916234656
2.616,1.76670385660218
2.6165,-2.46825676370466
2.617,2.24236796070573
2.6175,-1.14349376155457
2.618,-0.374606611499431
2.6185,1.76736130520001
2.619,-2.46792803793199
2.6195,2.24236796070573
2.62,-1.14316503664502
2.6205,-0.375264060652766
2.621,1.76769002949898
2.6215,-2.46825676370466
2.622,2.24236796070573
2.6225,-1.14185013700851
2.623,-0.375592785229607
2.6235,1.76801875379797
2.624,-2.46858548947758
2.6245,2.24171051197178
2.625,-1.14217886191739
2.6255,-0.376250234383639
2.626,1.76867620239605
2.6265,-2.46891421525077
2.627,2.24138178760491
2.6275,-1.14152141209981
2.628,-0.376907683538135
2.6285,1.76900492669514
2.629,-2.46858548947758
2.6295,2.24138178760491
2.63,-1.14119268719127
2.6305,-0.377565132693097
2.631,1.7696623752934
2.6315,-2.46825676370466
2.632,2.24072433887134
2.6325,-1.14053523737471
2.633,-0.378222581848523
2.6335,1.76999109959258
2.634,-2.46858548947758
2.6345,2.24072433887134
2.635,-1.13954906265112
2.6355,-0.379208755582534
2.636,1.77064854819103
2.6365,-2.46891421525077
2.637,2.24039561450465
2.6375,-1.13889161283624
2.638,-0.379208755582534
2.6385,1.77097727249031
2.639,-2.46891421525077
2.6395,2.24006689013803
2.64,-1.13856288792905
2.6405,-0.379537480160771
2.641,1.77163472108894
2.6415,-2.46891421525077
2.642,2.24006689013803
2.6425,-1.13790543811518
2.643,-0.380523653896178
2.6435,1.77196344538831
2.644,-2.46957166679792
2.6445,2.23973816577147
2.645,-1.1375767132085
2.6455,-0.381509827632634
2.646,1.77262089398713
2.6465,-2.46957166679792
2.647,2.23908071703853
2.6475,-1.13659053848946
2.648,-0.381509827632634
2.6485,1.77262089398713
2.649,-2.46957166679792
2.6495,2.23908071703853
2.65,-1.13659053848946
2.6505,-0.382496001370139
2.651,1.77360706688561
2.6515,-2.46990039257188
2.652,2.23842326830585
2.6525,-1.13560436377194
2.653,-0.383153450529058
2.6535,1.77393579118516
2.654,-2.46924294102421
2.6545,2.23875199267216
2.655,-1.13527563886644
2.6555,-0.383482175108692
2.656,1.77426451548474
2.6565,-2.46957166679792
2.657,2.23776581957343
2.6575,-1.13428946415093
2.658,-0.384468348848296
2.6585,1.77459323978436
2.659,-2.46990039257188
2.6595,2.23743709520731
2.66,-1.1339607392461
2.6605,-0.385125798008615
2.661,1.77525068838368
2.6615,-2.46990039257188
2.662,2.23677964647526
2.6625,-1.13363201434144
2.663,-0.38545452258895
2.6635,1.77492196408401
2.664,-2.46990039257188
2.6645,2.23677964647526
2.665,-1.13330328943694
2.6655,-0.386440696330655
2.666,1.77557941268339
2.6665,-2.47022911834611
2.667,2.23645092210933
2.6675,-1.13231711472446
2.668,-0.387098145492376
2.6685,1.77656558558271
2.669,-2.47022911834611
2.6695,2.23645092210933
2.67,-1.13165966491698
2.6705,-0.388084319235834
2.671,1.77656558558271
2.6715,-2.47055784412059
2.672,2.23612219774346
2.6725,-1.1313309400135
2.673,-0.388413043817221
2.6735,1.77689430988255
2.674,-2.47055784412059
2.6745,2.23612219774346
2.675,-1.13067349020703
2.6755,-0.389070492980345
2.676,1.77722303418241
2.6765,-2.47088656989534
2.677,2.23546474901191
2.6775,-1.13067349020703
2.678,-0.389399217562083
2.6785,1.7782092070822
2.679,-2.47088656989534
2.6795,2.23513602464624
2.68,-1.13001604040123
2.6805,-0.390056666725909
2.681,1.7782092070822
2.6815,-2.47055784412059
2.682,2.23480730028062
2.6825,-1.12902986569378
2.683,-0.391042840472528
2.6835,1.77886665568222
2.684,-2.47088656989534
2.6845,2.23447857591507
2.685,-1.12870114079164
2.6855,-0.391700289637526
2.686,1.77886665568222
2.6865,-2.47121529567034
2.687,2.23447857591507
2.6875,-1.12837241588966
2.688,-0.3920290142202
2.6885,1.77985282858248
2.689,-2.47121529567034
2.6895,2.23349240281879
2.69,-1.12738624118474
2.6905,-0.392686463385902
2.691,1.78051027718282
2.6915,-2.4715440214456
2.692,2.23382112718415
2.6925,-1.12705751628343
2.693,-0.394001361718712
2.6935,1.78083900148303
2.694,-2.4715440214456
2.6945,2.23382112718415
2.695,-1.12640006648132
2.6955,-0.394330086302208
2.696,1.78116772578328
2.6965,-2.4715440214456
2.697,2.23316367845348
2.6975,-1.12574261667988
2.698,-0.394658810885821
2.6985,1.78149645008356
2.699,-2.47187274722113
2.6995,2.23283495408825
2.7,-1.12508516687911
2.7005,-0.394987535469552
2.701,1.78215389868421
2.7015,-2.4715440214456
2.702,2.23250622972307
2.7025,-1.12442771707902
2.703,-0.395973709221448
2.7035,1.78281134728499
2.704,-2.4715440214456
2.7045,2.23217750535796
2.705,-1.12344154238012
2.7055,-0.396302433805649
2.706,1.78314007158542
2.7065,-2.47187274722113
2.707,2.23184878099291
2.7075,-1.12344154238012
2.708,-0.396959882974403
2.7085,1.78379752018639
2.709,-2.4715440214456
2.7095,2.23184878099291
2.71,-1.1227840925817
2.7105,-0.397617332143627
2.711,1.78379752018639
2.7115,-2.47187274722113
2.712,2.231191332263
2.7125,-1.12179791788532
2.713,-0.398274781313321
2.7135,1.78412624448693
2.714,-2.47220147299691
2.7145,2.23086260789813
2.715,-1.12146919298686
2.7155,-0.398603505898345
2.716,1.78478369308809
2.7165,-2.47220147299691
2.717,2.23086260789813
2.7175,-1.12114046808857
2.718,-0.399589679654123
2.7185,1.78544114168938
2.719,-2.47253019877295
2.7195,2.23053388353333
2.72,-1.12015429339469
2.7205,-0.40024712882523
2.721,1.78544114168938
2.7215,-2.47220147299691
2.722,2.22987643480392
2.7225,-1.11982556849707
2.723,-0.401233302582774
2.7235,1.78642731459156
2.724,-2.47220147299691
2.7245,2.22987643480392
2.725,-1.11949684359961
2.7255,-0.401890751755059
2.726,1.78642731459156
2.7265,-2.47253019877295
2.727,2.22954771043931
2.7275,-1.1188393938052
2.728,-0.402219476341379
2.7285,1.78741348749402
2.729,-2.47253019877295
2.7295,2.22954771043931
2.73,-1.11851066890825
2.7305,-0.402876925514372
2.731,1.78741348749402
2.7315,-2.47285892454925
2.732,2.22921898607476
2.7325,-1.11752449421838
2.733,-0.403534374687837
2.7335,1.78774221179491
2.734,-2.47253019877295
2.7345,2.22921898607476
2.735,-1.11686704442598
2.7355,-0.404191823861774
2.736,1.78839966039678
2.7365,-2.47285892454925
2.737,2.22823281298149
2.7375,-1.11686704442598
2.738,-0.405177997623565
2.7385,1.78872838469776
2.739,-2.47318765032582
2.7395,2.22790408861719
2.74,-1.11620959463424
2.7405,-0.405506722211065
2.741,1.78971455760091
2.7415,-2.47285892454925
2.742,2.22757536425295
2.7425,-1.11522341994788
2.743,-0.406164171386419
2.7435,1.78971455760091
2.744,-2.47285892454925
2.7445,2.22724663988878
2.745,-1.11456597015781
2.7455,-0.406821620562246
2.746,1.79004328190202
2.7465,-2.47318765032582
2.747,2.22724663988878
2.7475,-1.11423724526303
2.748,-0.407150345150337
2.7485,1.79070073050434
2.749,-2.47285892454925
2.7495,2.22724663988878
2.75,-1.11357979547396
2.7505,-0.40813651891532
2.751,1.79070073050434
2.7515,-2.47351637610264
2.752,2.22658919116061
2.7525,-1.11292234568555
2.753,-0.408793968092566
2.7535,1.79168690340807
2.754,-2.47351637610264
2.7545,2.22626046679663
2.755,-1.11226489589782
2.7555,-0.408793968092566
2.756,1.79168690340807
2.7565,-2.47384510187972
2.757,2.2259317424327
2.7575,-1.11226489589782
2.758,-0.409780141859324
2.7585,1.79201562770937
2.759,-2.47351637610264
2.7595,2.2259317424327
2.76,-1.11160744611075
2.7605,-0.410437591037755
2.761,1.79267307631208
2.7615,-2.47450255343467
2.762,2.22560301806884
2.7625,-1.11094999632434
2.763,-0.41109504021666
2.7635,1.79333052491493
2.764,-2.47384510187972
2.7645,2.22527429370504
2.765,-1.11029254653861
2.7655,-0.411752489396039
2.766,1.7936592492164
2.7665,-2.47417382765706
2.767,2.22527429370504
2.7675,-1.10996382164599
2.768,-0.412409938575893
2.7685,1.79431669781943
2.769,-2.47417382765706
2.7695,2.2249455693413
2.77,-1.10897764696913
2.7705,-0.413067387756221
2.771,1.794645422121
2.7715,-2.47384510187972
2.772,2.22461684497762
2.7725,-1.10864892207718
2.773,-0.413067387756221
2.7735,1.7949741464226
2.774,-2.47384510187972
2.7745,2.22428812061401
2.775,-1.10799147229377
2.7755,-0.414711010709118
2.776,1.7949741464226
2.7765,-2.47450255343467
2.777,2.22363067188697
2.7775,-1.10733402251103
2.778,-0.414711010709118
2.7785,1.7959603193276
2.779,-2.47483127921253
2.7795,2.22363067188697
2.78,-1.1070052976199
2.7805,-0.415039735300054
2.781,1.79628904362933
2.7815,-2.47450255343467
2.782,2.22330194752354
2.7825,-1.10667657272895
2.783,-0.416025909073574
2.7835,1.79694649223289
2.784,-2.47450255343467
2.7845,2.22264449879687
2.785,-1.10536167316679
2.7855,-0.417340807439932
2.786,1.79727521653472
2.7865,-2.47450255343467
2.787,2.22297322316017
2.7875,-1.10503294827667
2.788,-0.417669532031819
2.7885,1.79727521653472
2.789,-2.47417382765706
2.7895,2.22198705007045
2.79,-1.10470422338671
2.7905,-0.417998256623825
2.791,1.79826138944041
2.7915,-2.47483127921253
2.792,2.22198705007045
2.7925,-1.10371804871783
2.793,-0.418984430400557
2.7935,1.79859011374237
2.794,-2.47516000499065
2.7945,2.22198705007045
2.795,-1.10338932382854
2.7955,-0.41964187958564
2.796,1.79891883804437
2.7965,-2.47516000499065
2.797,2.22165832570733
2.7975,-1.10338932382854
2.798,-0.4202993287712
2.7985,1.79891883804437
2.799,-2.47516000499065
2.7995,2.22100087698128
2.8,-1.10273187405045
2.8005,-0.420956777957236
2.801,1.79990501095055
2.8015,-2.47516000499065
2.802,2.22100087698128
2.8025,-1.10174569938456
2.803,-0.421285502550433
2.8035,1.80023373525268
2.804,-2.47548873076903
2.8045,2.22067215261835
2.805,-1.10141697449626
2.8055,-0.421942951737185
2.806,1.80056245955484
2.8065,-2.47581745654768
2.807,2.22001470389267
2.8075,-1.10010207494472
2.808,-0.422600400924414
2.8085,1.80121990815926
2.809,-2.47581745654768
2.8095,2.22001470389267
2.81,-1.10010207494472
2.8105,-0.42325785011212
2.811,1.80154863246152
2.8115,-2.47581745654768
2.812,2.21968597952993
2.8125,-1.09944462516995
2.813,-0.423915299300304
2.8135,1.80220608106614
2.814,-2.47581745654768
2.8145,2.21968597952993
2.815,-1.09878717539584
2.8155,-0.423915299300304
2.816,1.8025348053685
2.8165,-2.47614618232658
2.817,2.21902853080462
2.8175,-1.09845845050904
2.818,-0.424901473083476
2.8185,1.80319225397331
2.819,-2.47581745654768
2.8195,2.21869980644206
2.82,-1.09780100073592
2.8205,-0.425558922272854
2.821,1.80319225397331
2.8215,-2.47581745654768
2.822,2.21869980644206
2.8225,-1.09681482607749
2.823,-0.425887646867723
2.8235,1.80384970257826
2.824,-2.47614618232658
2.8245,2.21837108207956
2.825,-1.09648610119168
2.8255,-0.426873820653046
2.826,1.80483587548594
2.8265,-2.47614618232658
2.827,2.21804235771712
2.8275,-1.09582865142055
2.828,-0.427531269843859
2.8285,1.80483587548594
2.829,-2.47647490810574
2.8295,2.21771363335475
2.83,-1.09517120165008
2.8305,-0.427859994439445
2.831,1.80549332409123
2.8315,-2.47647490810574
2.832,2.21771363335475
2.8325,-1.09517120165008
2.833,-0.428846168226922
2.8335,1.80549332409123
2.834,-2.47647490810574
2.8345,2.21705618463018
2.835,-1.09385630211114
2.8355,-0.429174892822987
2.836,1.80615077269664
2.8365,-2.47614618232658
2.837,2.21705618463018
2.8375,-1.09385630211114
2.838,-0.429832342015477
2.8385,1.8068082213022
2.839,-2.47647490810574
2.8395,2.21672746026799
2.84,-1.09287012745866
2.8405,-0.430489791208445
2.841,1.80713694560502
2.8415,-2.47647490810574
2.842,2.2160700115438
2.8425,-1.09221267769117
2.843,-0.431147240401894
2.8435,1.8081231185137
2.844,-2.47647490810574
2.8445,2.2160700115438
2.845,-1.09155522792435
2.8455,-0.431804689595822
2.846,1.8081231185137
2.8465,-2.47680363388517
2.847,2.2160700115438
2.8475,-1.09122650304118
2.848,-0.43246213879023
2.8485,1.80878056711966
2.849,-2.47680363388517
2.8495,2.21541256281985
2.85,-1.09089777815818
2.8505,-0.432790863387614
2.851,1.80878056711966
2.8515,-2.47680363388517
2.852,2.21475511409615
2.8525,-1.08991160351017
2.853,-0.433448312582742
2.8535,1.80910929142269
2.854,-2.47680363388517
2.8545,2.21442638973439
2.855,-1.08925415374565
2.8555,-0.434434486376334
2.856,1.81009546433198
2.8565,-2.47746108544479
2.857,2.21409766537269
2.8575,-1.08925415374565
2.858,-0.435091935572664
2.8585,1.81042418863514
2.859,-2.47713235966485
2.8595,2.21409766537269
2.86,-1.08826797910011
2.8605,-0.436078109368059
2.861,1.81042418863514
2.8615,-2.47746108544479
2.862,2.21344021664948
2.8625,-1.0879392542186
2.863,-0.436406833966764
2.8635,1.81108163724157
2.864,-2.477789811225
2.8645,2.21344021664948
2.865,-1.08761052933725
2.8655,-0.437064283164536
2.866,1.81141036154483
2.8665,-2.47746108544479
2.867,2.21311149228797
2.8675,-1.08695307957504
2.868,-0.438050456962096
2.8685,1.81239653445483
2.869,-2.47811853700546
2.8695,2.21245404356512
2.87,-1.08629562981349
2.8705,-0.438379181561524
2.871,1.81239653445483
2.8715,-2.47811853700546
2.872,2.21212531920379
2.8725,-1.08563818005261
2.873,-0.43903663076074
2.8735,1.81272525875823
2.874,-2.47811853700546
2.8745,2.21179659484253
2.875,-1.08530945517241
2.8755,-0.439365355360529
2.876,1.81272525875823
2.8765,-2.477789811225
2.877,2.21179659484253
2.8775,-1.08498073029238
2.878,-0.440351529160619
2.8785,1.81371143166863
2.879,-2.47811853700546
2.8795,2.21113914612017
2.88,-1.08432328053281
2.8805,-0.44068025376089
2.881,1.81404015597217
2.8815,-2.47811853700546
2.882,2.21048169739807
2.8825,-1.08399455565327
2.883,-0.441666427562426
2.8835,1.81404015597217
2.884,-2.47877598856717
2.8845,2.21015297303711
2.885,-1.08235093125805
2.8855,-0.442652601365048
2.886,1.81469760457934
2.8865,-2.47844726278619
2.887,2.21081042175909
2.8875,-1.08235093125805
2.888,-0.442981325966164
2.8885,1.81568377749036
2.889,-2.47844726278619
2.8895,2.21015297303711
2.89,-1.0813647566229
2.8905,-0.443638775168757
2.891,1.81568377749036
2.8915,-2.47943344012992
2.892,2.20982424867621
2.8925,-1.08103603174484
2.893,-0.443967499770234
2.8935,1.8160125017941
2.894,-2.47877598856717
2.8945,2.20949552431537
2.895,-1.08037858198922
2.8955,-0.444624948973552
2.896,1.81699867470553
2.8965,-2.47910471434842
2.897,2.20916679995459
2.8975,-1.08037858198922
2.898,-0.445282398177353
2.8985,1.81732739900941
2.899,-2.47910471434842
2.8995,2.20883807559387
2.9,-1.07972113223426
2.9005,-0.446268571983961
2.901,1.81732739900941
2.9015,-2.47910471434842
2.902,2.20883807559387
2.9025,-1.07972113223426
2.903,-0.446597296586406
2.9035,1.81798484761726
2.904,-2.47910471434842
2.9045,2.20850935123322
2.905,-1.07807750784973
2.9055,-0.447254745791658
2.906,1.81831357192124
2.9065,-2.47910471434842
2.907,2.20785190251209
2.9075,-1.07742005809707
2.908,-0.447912194997395
2.9085,1.81897102052931
2.909,-2.47877598856717
2.9095,2.20785190251209
2.91,-1.07709133322099
2.9105,-0.448569644203616
2.911,1.81897102052931
2.9115,-2.47943344012992
2.912,2.20719445379121
2.9125,-1.07643388346931
2.913,-0.448898368806908
2.9135,1.81962846913751
2.914,-2.47943344012992
2.9145,2.20719445379121
2.915,-1.07610515859372
2.9155,-0.449555818013855
2.916,1.82061464205007
2.9165,-2.47943344012992
2.917,2.20686572943085
2.9175,-1.07544770884303
2.918,-0.450870716429204
2.9185,1.82028591774585
2.919,-2.47976216591169
2.9195,2.20653700507057
2.92,-1.074790259093
2.9205,-0.451528165637606
2.921,1.82094336635432
2.9215,-2.47943344012992
2.922,2.20587955635017
2.9225,-1.074790259093
2.923,-0.451856890241989
2.9235,1.82160081496294
2.924,-2.48009089169371
2.9245,2.20555083199006
2.925,-1.07380408446918
2.9255,-0.452514339451119
2.926,1.8219295392673
2.9265,-2.47976216591169
2.927,2.20522210763002
2.9275,-1.07314663472078
2.928,-0.452843064055866
2.9285,1.8219295392673
2.929,-2.48009089169371
2.9295,2.20489338327003
2.93,-1.07314663472078
2.9305,-0.453500513265725
2.931,1.82225826357169
2.9315,-2.47976216591169
2.932,2.20456465891011
2.9325,-1.07183173522596
2.933,-0.454157962476069
2.9335,1.82324443648508
2.934,-2.480419617476
2.9345,2.20423593455024
2.935,-1.07150301035267
2.9355,-0.455144136292497
2.936,1.82324443648508
2.9365,-2.48009089169371
2.937,2.2035784858307
2.9375,-1.07117428547954
2.938,-0.455472860898216
2.9385,1.82357316078961
2.939,-2.480419617476
2.9395,2.20390721019044
2.94,-1.07051683573376
2.9405,-0.456130310110019
2.941,1.82423060939878
2.9415,-2.48074834325855
2.942,2.2029210371114
2.9425,-1.06985938598865
2.943,-0.456787759322308
2.9435,1.82488805800809
2.944,-2.48107706904135
2.9445,2.20324976147102
2.945,-1.0688732113722
2.9455,-0.457445208535084
2.946,1.8252167823128
2.9465,-2.48074834325855
2.947,2.2029210371114
2.9475,-1.06854448650038
2.948,-0.458431382355161
2.9485,1.82554550661754
2.949,-2.48074834325855
2.9495,2.20259231275184
2.95,-1.06788703675722
2.9505,-0.459088831569154
2.951,1.82620295522712
2.9515,-2.48107706904135
2.952,2.20226358839234
2.9525,-1.06755831188589
2.953,-0.459417556176334
2.9535,1.82620295522712
2.954,-2.48074834325855
2.9545,2.2019348640329
2.955,-1.06690086214372
2.9555,-0.460075005391059
2.956,1.82718912814176
2.9565,-2.48140579482442
2.957,2.2019348640329
2.9575,-1.06624341240221
2.958,-0.460732454606271
2.9585,1.82751785244671
2.959,-2.48140579482442
2.9595,2.20160613967352
2.96,-1.06525723779116
2.9605,-0.46106117921406
2.961,1.8278465767517
2.9615,-2.48107706904135
2.962,2.20094869095495
2.9625,-1.06525723779116
2.963,-0.462376077646436
2.9635,1.82817530105672
2.964,-2.48140579482442
2.9645,2.20029124223662
2.965,-1.06459978805127
2.9655,-0.462376077646436
2.966,1.82883274966686
2.9665,-2.48140579482442
2.967,2.20029124223662
2.9675,-1.06427106318158
2.968,-0.463690976080765
2.9685,1.82883274966686
2.969,-2.48173452060775
2.9695,2.19963379351853
2.97,-1.06328488857347
2.9705,-0.463690976080765
2.971,1.82981892258234
2.9715,-2.48140579482442
2.972,2.19963379351853
2.9725,-1.06262743883554
2.973,-0.464677149907794
2.9735,1.82981892258234
2.974,-2.48173452060775
2.9745,2.19930506915958
2.975,-1.06262743883554
2.9755,-0.465334599126425
2.976,1.83047637119284
2.9765,-2.48173452060775
2.977,2.19897634480068
2.9775,-1.06164126422988
2.978,-0.465663323735924
2.9785,1.83080509549814
2.979,-2.48173452060775
2.9795,2.19897634480068
2.98,-1.06098381449359
2.9805,-0.466320772955288
2.981,1.83113381980348
2.9815,-2.48140579482442
2.982,2.19831889608308
2.9825,-1.06098381449359
2.983,-0.466649497565153
2.9835,1.83179126841425
2.984,-2.48173452060775
2.9845,2.19831889608308
2.985,-1.06032636475795
2.9855,-0.467635671395484
2.986,1.83277744133068
2.9865,-2.48206324639134
2.987,2.19831889608308
2.9875,-1.05934019015572
2.988,-0.467964396005839
2.9885,1.83277744133068
2.989,-2.48206324639134
2.9895,2.19766144736571
2.99,-1.05868274042171
2.9905,-0.468621845226917
2.991,1.83343488994181
2.9915,-2.48206324639134
2.992,2.19766144736571
2.9925,-1.05835401555495
2.993,-0.468621845226917
2.9935,1.83409233855309
2.994,-2.48239197217519
2.9945,2.19733272300712
2.995,-1.05736784095565
2.9955,-0.469936743670542
2.996,1.83442106285877
2.9965,-2.48239197217519
2.997,2.19667527429012
2.9975,-1.05736784095565
2.998,-0.470265468281755
2.9985,1.83507851147026
2.999,-2.48239197217519
2.9995,2.19667527429012
3,-1.05605294149219
3.0005,-0.470922917504548
3.001,1.83507851147026
3.0015,-2.48239197217519
3.002,2.19601782557336
3.0025,-1.05572421662673
3.003,-0.471580366727832
3.0035,1.83540723577605
3.004,-2.48173452060775
3.0045,2.19601782557336
3.005,-1.05506676689631
3.0055,-0.472237815951607
3.006,1.83606468438775
3.0065,-2.4827206979593
3.007,2.19601782557336
3.0075,-1.05473804203134
3.008,-0.472566540563678
3.0085,1.83639340869365
3.009,-2.48304942374367
3.0095,2.19536037685684
3.01,-1.05440931716653
3.0105,-0.473552714400629
3.011,1.83672213299959
3.0115,-2.4827206979593
3.012,2.19503165249867
3.0125,-1.05342314257309
3.013,-0.473881439013191
3.0135,1.83737958161157
3.014,-2.48239197217519
3.0145,2.19437420378251
3.015,-1.05342314257309
3.0155,-0.474867612851616
3.016,1.83770830591762
3.0165,-2.4827206979593
3.017,2.19437420378251
3.0175,-1.05210824311744
3.018,-0.475853786691147
3.0185,1.8380370302237
3.019,-2.4833781495283
3.0195,2.19404547942452
3.02,-1.05177951825394
3.0205,-0.476511235918116
3.021,1.83836575452981
3.0215,-2.4827206979593
3.022,2.19371675506659
3.0225,-1.05112206852741
3.023,-0.476839960531785
3.0235,1.83902320314215
3.024,-2.4827206979593
3.0245,2.19371675506659
3.025,-1.05112206852741
3.0255,-0.477497409759492
3.026,1.83902320314215
3.0265,-2.48304942374367
3.027,2.19273058199317
3.0275,-1.05013589393884
3.028,-0.477826134373531
3.0285,1.83968065175463
3.029,-2.4833781495283
3.0295,2.19305930635092
3.03,-1.04947844421394
3.0305,-0.478483583601977
3.031,1.84000937606093
3.0315,-2.4833781495283
3.032,2.19240185763548
3.0325,-1.04914971935174
3.033,-0.478812308216384
3.0335,1.84033810036726
3.034,-2.4833781495283
3.0345,2.19207313327785
3.035,-1.04816354476609
3.0355,-0.479798482060346
3.036,1.84099554898002
3.0365,-2.48370687531319
3.037,2.19174440892028
3.0375,-1.04816354476609
3.038,-0.481113380520688
3.0385,1.84165299759293
3.039,-2.4833781495283
3.0395,2.19141568456277
3.04,-1.04750609504314
3.0405,-0.481113380520688
3.041,1.84165299759293
3.0415,-2.48370687531319
3.042,2.19108696020532
3.0425,-1.04684864532084
3.043,-0.48209955436724
3.0435,1.84231044620599
3.044,-2.48403560109835
3.0445,2.19075823584793
3.045,-1.04619119559918
3.0455,-0.482757003598891
3.046,1.84263917051257
3.0465,-2.48403560109835
3.047,2.1904295114906
3.0475,-1.04520502101791
3.048,-0.482757003598891
3.0485,1.84329661912584
3.049,-2.48370687531319
3.0495,2.19010078713333
3.05,-1.04487629615781
3.0505,-0.483743177447294
3.051,1.84362534343253
3.0515,-2.48403560109835
3.052,2.18977206277612
3.0525,-1.0442188464381
3.053,-0.484071902063676
3.0535,1.84461151635282
3.054,-2.48370687531319
3.0545,2.18944333841897
3.055,-1.0442188464381
3.0555,-0.484729351296809
3.056,1.84428279204602
3.0565,-2.48403560109835
3.057,2.18944333841897
3.0575,-1.04323267185975
3.058,-0.485715525147436
3.0585,1.84494024065965
3.059,-2.48403560109835
3.0595,2.18878588970485
3.06,-1.04224649728286
3.0605,-0.486372974381806
3.061,1.84559768927343
3.0615,-2.48403560109835
3.062,2.18878588970485
3.0625,-1.04224649728286
3.063,-0.48703042361667
3.0635,1.84592641358037
3.064,-2.48469305266943
3.0645,2.18845716534788
3.065,-1.04126032270742
3.0655,-0.487359148234288
3.066,1.84658386219436
3.0665,-2.48403560109835
3.067,2.18812844099097
3.0675,-1.04093159784926
3.068,-0.488016597469895
3.0685,1.84625513788735
3.069,-2.48403560109835
3.0695,2.18812844099097
3.07,-1.04027414813344
3.0705,-0.488345322087884
3.071,1.8472413108085
3.0715,-2.48436432688376
3.072,2.18779971663412
3.0725,-1.03961669841826
3.073,-0.489331495942595
3.0735,1.84789875942279
3.074,-2.48469305266943
3.0745,2.18681354356392
3.075,-1.03895924870372
3.0755,-0.490317669798421
3.076,1.84789875942279
3.0765,-2.48436432688376
3.077,2.1871422679206
3.0775,-1.0386305238467
3.078,-0.490317669798421
3.0785,1.84855620803722
3.079,-2.48469305266943
3.0795,2.18615609485076
3.08,-1.03797307413314
3.0805,-0.491303843655363
3.081,1.84822748372998
3.0815,-2.48436432688376
3.082,2.18615609485076
3.0825,-1.03731562442022
3.083,-0.491632568274592
3.0835,1.84954238095913
3.084,-2.48469305266943
3.0845,2.18582737049426
3.085,-1.03665817470795
3.0855,-0.492618742133022
3.086,1.85019982957393
3.0865,-2.48502177845537
3.087,2.18516992178145
3.0875,-1.03600072499632
3.088,-0.493276191372596
3.0885,1.85019982957393
3.089,-2.48502177845537
3.0895,2.18516992178145
3.09,-1.03534327528534
3.0905,-0.493933640612667
3.091,1.85052855388138
3.0915,-2.48535050424156
3.092,2.18484119742514
3.0925,-1.03534327528534
3.093,-0.494262365232889
3.0935,1.85085727818887
3.094,-2.48502177845537
3.0945,2.18451247306888
3.095,-1.03501455043009
3.0955,-0.494919814473705
3.096,1.85151472680395
3.0965,-2.48502177845537
3.097,2.18451247306888
3.0975,-1.03369965101071
3.098,-0.495577263715019
3.0985,1.85151472680395
3.099,-2.48502177845537
3.0995,2.18418374871269
3.1,-1.03369965101071
3.1005,-0.49623471295683
3.101,1.85282962403456
3.1015,-2.48535050424156
3.102,2.18385502435655
3.1025,-1.03271347644787
3.103,-0.496563437577922
3.1035,1.85282962403456
3.104,-2.48502177845537
3.1045,2.18319757564445
3.105,-1.03238475159391
3.1055,-0.497220886820479
3.106,1.85315834834231
3.1065,-2.48535050424156
3.107,2.18319757564445
3.1075,-1.03139857703301
3.108,-0.497878336063534
3.1085,1.85348707265009
3.109,-2.48600795581474
3.1095,2.18352630000047
3.11,-1.03106985217969
3.1105,-0.498535785307087
3.111,1.85414452126576
3.1115,-2.48567923002802
3.112,2.1825401269326
3.1125,-1.03041240247355
3.113,-0.499193234551138
3.1135,1.85447324557366
3.114,-2.48567923002802
3.1145,2.1825401269326
3.115,-1.03008367762072
3.1155,-0.499521959173351
3.116,1.85513069418955
3.1165,-2.48600795581474
3.117,2.18188267822098
3.1175,-1.02909750306319
3.118,-0.50017940841815
3.1185,1.85545941849755
3.119,-2.48600795581474
3.1195,2.18122522950959
3.12,-1.02876877821101
3.1205,-0.501165582286283
3.121,1.85578814280559
3.1215,-2.48600795581474
3.122,2.18122522950959
3.1225,-1.02778260365541
3.123,-0.501823031532328
3.1235,1.85644559142178
3.124,-2.48633668160171
3.1245,2.18122522950959
3.125,-1.02745387880387
3.1255,-0.502151756155538
3.126,1.85710304003811
3.1265,-2.48600795581474
3.127,2.18122522950959
3.1275,-1.02679642910126
3.128,-0.502809205402333
3.1285,1.85743176434634
3.129,-2.48633668160171
3.1295,2.18056778079844
3.13,-1.0261389793993
3.1305,-0.503137930025917
3.131,1.8580892129629
3.1315,-2.48600795581474
3.132,2.17991033208753
3.1325,-1.02548152969798
3.133,-0.504124103897419
3.1335,1.8587466615796
3.134,-2.48600795581474
3.1345,2.17991033208753
3.135,-1.02482407999731
3.1355,-0.504452828521503
3.136,1.8587466615796
3.1365,-2.48567923002802
3.137,2.17958160773217
3.1375,-1.02416663029727
3.138,-0.505439002394505
3.1385,1.85907538588801
3.139,-2.48600795581474
3.1395,2.17925288337686
3.14,-1.0238379054475
3.1405,-0.505767727019089
3.141,1.85973283450494
3.1415,-2.48600795581474
3.142,2.17892415902161
3.1425,-1.02285173089914
3.143,-0.506425176268632
3.1435,1.86006155881346
3.144,-2.48600795581474
3.1445,2.17859543466642
3.145,-1.02219428120103
3.1455,-0.506425176268632
3.146,1.86071900743061
3.1465,-2.48633668160171
3.147,2.17859543466642
3.1475,-1.02219428120103
3.148,-0.507740074769218
3.1485,1.86104773173925
3.149,-2.48633668160171
3.1495,2.17793798595622
3.15,-1.02153683150356
3.1505,-0.508068799394678
3.151,1.86137645604792
3.1515,-2.48666540738895
3.152,2.17826671031129
3.1525,-1.02087938180674
3.153,-0.509054973271808
3.1535,1.86236262897415
3.154,-2.48666540738895
3.1545,2.17728053724626
3.155,-1.01989320726271
3.1555,-0.510369871776402
3.156,1.86170518035662
3.1565,-2.48699413317645
3.157,2.17728053724626
3.1575,-1.01956448241502
3.158,-0.510698596402864
3.1585,1.86236262897415
3.159,-2.48699413317645
3.1595,2.17662308853653
3.16,-1.01890703272012
3.1605,-0.511356045656163
3.161,1.86302007759182
3.1615,-2.48699413317645
3.162,2.17629436418175
3.1625,-1.01890703272012
3.163,-0.511684770283001
3.1635,1.86334880190072
3.164,-2.48765158475223
3.1645,2.17629436418175
3.165,-1.01824958302586
3.1655,-0.512342219537053
3.166,1.86400625051861
3.1665,-2.48666540738895
3.167,2.17629436418175
3.1675,-1.01693468363926
3.168,-0.512342219537053
3.1685,1.86433497482762
3.169,-2.48732285896421
3.1695,2.17563691547237
3.17,-1.01627723394693
3.1705,-0.513657118046664
3.171,1.86433497482762
3.1715,-2.48699413317645
3.172,2.17563691547237
3.1725,-1.015948509101
3.173,-0.513657118046664
3.1735,1.86532114775486
3.174,-2.48699413317645
3.1745,2.17530819111777
3.175,-1.01529105940962
3.1755,-0.514314567302222
3.176,1.86630732068244
3.1765,-2.48699413317645
3.177,2.17465074240875
3.1775,-1.01430488487376
3.178,-0.515629465814847
3.1785,1.86630732068244
3.179,-2.48765158475223
3.1795,2.17432201805433
3.18,-1.01430488487376
3.1805,-0.515629465814847
3.181,1.86663604499171
3.1815,-2.48765158475223
3.182,2.17432201805433
3.1825,-1.01331871033933
3.183,-0.515958190443318
3.1835,1.86729349361036
3.184,-2.48732285896421
3.1845,2.17399329369996
3.185,-1.01298998549484
3.1855,-0.516944364329484
3.186,1.86762221791974
3.1865,-2.48732285896421
3.187,2.17366456934566
3.1875,-1.01233253580634
3.188,-0.517601813587556
3.1885,1.86795094222916
3.189,-2.48732285896421
3.1895,2.17333584499141
3.19,-1.01167508611848
3.1905,-0.517930538216781
3.191,1.86827966653862
3.1915,-2.48765158475223
3.192,2.17300712063722
3.1925,-1.01101763643126
3.193,-0.518916712105212
3.1935,1.86893711515765
3.194,-2.48765158475223
3.1945,2.17300712063722
3.195,-1.01068891158789
3.1955,-0.519902885994777
3.196,1.86959456377682
3.1965,-2.48765158475223
3.197,2.17267839628309
3.1975,-1.00970273705874
3.198,-0.519574161364796
3.1985,1.87025201239615
3.199,-2.48765158475223
3.1995,2.172020947575
3.2,-1.00970273705874
3.2005,-0.520231610624883
3.201,1.87025201239615
3.2015,-2.48765158475223
3.202,2.17169222322105
3.2025,-1.00871656253102
3.203,-0.521546509146571
3.2035,1.87090946101563
3.204,-2.48765158475223
3.2045,2.17169222322105
3.205,-1.00805911284667
3.2055,-0.521875233777308
3.206,1.87058073670587
3.2065,-2.48798031054052
3.207,2.17070605015954
3.2075,-1.00773038800474
3.208,-0.52253268303916
3.2085,1.87123818532543
3.209,-2.48765158475223
3.2095,2.17070605015954
3.21,-1.00707293832134
3.2105,-0.523190132301518
3.211,1.87222435825505
3.2115,-2.48830903632906
3.212,2.17037732580582
3.2125,-1.00674421347989
3.213,-0.523518856932886
3.2135,1.872553082565
3.214,-2.48798031054052
3.2145,2.16939115274501
3.215,-1.00575803895647
3.2155,-0.524505030827748
3.216,1.87288180687499
3.2165,-2.48798031054052
3.217,2.16939115274501
3.2175,-1.00575803895647
3.218,-0.52516248009162
3.2185,1.87288180687499
3.219,-2.48830903632906
3.2195,2.16939115274501
3.22,-1.0047718644345
3.2205,-0.525491204723746
3.221,1.87386797980518
3.2215,-2.48798031054052
3.222,2.16873370403809
3.2225,-1.00411441475397
3.223,-0.526148653988377
3.2235,1.8745254284255
3.224,-2.48830903632906
3.2245,2.16906242839152
3.225,-1.00378568991395
3.2255,-0.527134827886272
3.226,1.8745254284255
3.2265,-2.48798031054052
3.227,2.16840497968472
3.2275,-1.00247079055545
3.228,-0.527792277152167
3.2285,1.87485415273571
3.229,-2.48830903632906
3.2295,2.16774753097816
3.23,-1.00214206571622
3.2305,-0.528449726418569
3.231,1.87551160135626
3.2315,-2.48896648790693
3.232,2.16807625533141
3.2325,-1.00181334087716
3.233,-0.529435900319121
3.2335,1.87584032566659
3.234,-2.48863776211786
3.2345,2.16774753097816
3.235,-1.00148461603825
3.2355,-0.529764624952892
3.236,1.87616904997696
3.2365,-2.48863776211786
3.237,2.16741880662497
3.2375,-1.00082716636091
3.238,-0.530422074220813
3.2385,1.87649777428737
3.239,-2.48896648790693
3.2395,2.16676135791875
3.24,-0.999840991846086
3.2405,-0.531079523489242
3.241,1.87682649859782
3.2415,-2.48830903632906
3.242,2.16610390921277
3.2425,-0.999512267008131
3.243,-0.531408248123646
3.2435,1.8771552229083
3.244,-2.48863776211786
3.2445,2.16610390921277
3.245,-0.998854817332698
3.2455,-0.53239442202762
3.246,1.87781267152938
3.2465,-2.48896648790693
3.247,2.16577518485986
3.2475,-0.998526092495219
3.248,-0.53239442202762
3.2485,1.87781267152938
3.249,-2.48896648790693
3.2495,2.1647890118015
3.25,-0.997539917983737
3.2505,-0.533709320568028
3.251,1.87847012015062
3.2515,-2.48896648790693
3.252,2.16544646050702
3.2525,-0.997211193146893
3.253,-0.534038045203447
3.2535,1.87912756877201
3.254,-2.48929521369626
3.2545,2.16446028744883
3.255,-0.996553743473683
3.2555,-0.534695494474666
3.256,1.8787988444613
3.2565,-2.48929521369626
3.257,2.16413156309622
3.2575,-0.995896293801107
3.258,-0.535352943746394
3.2585,1.87978501739356
3.259,-2.48995266527569
3.2595,2.16413156309622
3.26,-0.995896293801107
3.2605,-0.53601039301863
3.261,1.88011374170439
3.2615,-2.48962393948584
3.262,2.16347411439117
3.2625,-0.994910119293433
3.263,-0.536667842291374
3.2635,1.88077119032616
3.264,-2.48962393948584
3.2645,2.16281666568635
3.265,-0.994910119293433
3.2655,-0.537654016201444
3.266,1.88077119032616
3.2665,-2.48962393948584
3.267,2.16248794133402
3.2675,-0.993923944787186
3.268,-0.537982740838389
3.2685,1.88109991463711
3.269,-2.48929521369626
3.2695,2.16248794133402
3.27,-0.993266495117148
3.2705,-0.538311465475461
3.271,1.88175736325912
3.2715,-2.48995266527569
3.272,2.16215921698176
3.2725,-0.992937770282366
3.273,-0.538968914749986
3.2735,1.88208608757018
3.274,-2.48995266527569
3.2745,2.16183049262955
3.275,-0.991951595778972
3.2755,-0.539955088662729
3.276,1.88241481188128
3.2765,-2.48962393948584
3.277,2.16215921698176
3.2775,-0.991294146110834
3.278,-0.539955088662729
3.2785,1.88274353619242
3.279,-2.48929521369626
3.2795,2.16117304392531
3.28,-0.99063669644333
3.2805,-0.540612537938527
3.281,1.88340098481481
3.2815,-2.48995266527569
3.282,2.1615017682774
3.2825,-0.990307971609816
3.283,-0.541269987214836
3.2835,1.88405843343737
3.284,-2.48995266527569
3.2845,2.16084431957328
3.285,-0.989321797110221
3.2855,-0.541927436491654
3.286,1.88471588206007
3.2865,-2.48995266527569
3.287,2.16084431957328
3.2875,-0.988993072277339
3.288,-0.542913610407838
3.2885,1.88471588206007
3.289,-2.4902813910658
3.2895,2.1605155952213
3.29,-0.98833562261205
3.2905,-0.543242335046821
3.291,1.88504460637148
3.2915,-2.48995266527569
3.292,2.15985814651752
3.2925,-0.988006897779643
3.293,-0.544228508964536
3.2935,1.88537333068293
3.294,-2.4902813910658
3.2945,2.15952942216572
3.295,-0.987349448115302
3.2955,-0.544885958243651
3.296,1.88603077930595
3.2965,-2.4902813910658
3.297,2.15952942216572
3.2975,-0.986363273619977
3.298,-0.544885958243651
3.2985,1.88635950361752
3.299,-2.49061011685617
3.2995,2.15854324911066
3.3,-0.986034548788518
3.3005,-0.545872132163281
3.301,1.88701695224077
3.3015,-2.4902813910658
3.302,2.15854324911066
3.3025,-0.985048374295089
3.303,-0.546529581443673
3.3035,1.88734567655245
3.304,-2.4902813910658
3.3045,2.15821452475909
3.305,-0.985048374295089
3.3055,-0.546858306084061
3.306,1.88767440086417
3.3065,-2.49061011685617
3.307,2.15788580040757
3.3075,-0.984719649464262
3.308,-0.547187030724577
3.3085,1.88833184948774
3.309,-2.49061011685617
3.3095,2.15755707605611
3.31,-0.983404750142531
3.3105,-0.548173204646892
3.311,1.88866057379958
3.3115,-2.49061011685617
3.312,2.15722835170472
3.3125,-0.983076025312493
3.313,-0.548830653929075
3.3135,1.88866057379958
3.314,-2.49061011685617
3.3145,2.15689962735337
3.315,-0.98241857565289
3.3155,-0.549816827853309
3.316,1.88931802242338
3.3165,-2.4912675684377
3.317,2.15657090300209
3.3175,-0.982089850823325
3.318,-0.550145552494977
3.3185,1.88997547104733
3.319,-2.4912675684377
3.3195,2.1559134542997
3.32,-0.981103676335576
3.3205,-0.550474277136772
3.321,1.88997547104733
3.3215,-2.4909388426468
3.322,2.1559134542997
3.3225,-0.980774951506642
3.323,-0.551460451062928
3.3235,1.89063291967144
3.324,-2.4912675684377
3.3245,2.1559134542997
3.325,-0.980446226677865
3.3255,-0.552117900347672
3.326,1.89129036829571
3.3265,-2.4909388426468
3.327,2.15525600559753
3.3275,-0.979131327364334
3.328,-0.55277534963293
3.3285,1.89096164398356
3.329,-2.4912675684377
3.3295,2.15492728124653
3.33,-0.978802602536345
3.3305,-0.5534327989187
3.331,1.89161909260791
3.3315,-2.4912675684377
3.332,2.15459855689559
3.3325,-0.97814515288084
3.333,-0.554090248204984
3.3335,1.89161909260791
3.334,-2.4912675684377
3.3345,2.15361238384312
3.335,-0.977487703225964
3.3355,-0.554418972848318
3.336,1.89227654123241
3.3365,-2.49061011685617
3.337,2.15394110819389
3.3375,-0.977487703225964
3.338,-0.555076422135372
3.3385,1.89293398985707
3.339,-2.4912675684377
3.3395,2.15328365949241
3.34,-0.976830253571718
3.3405,-0.555733871422939
3.341,1.89326271416946
3.3415,-2.4909388426468
3.342,2.15328365949241
3.3425,-0.976172803918101
3.343,-0.556720045355254
3.3435,1.89424888710687
3.344,-2.4912675684377
3.3445,2.15295493514176
3.345,-0.975844079091528
3.3455,-0.557048769999616
3.346,1.89457761141942
3.3465,-2.49159629422885
3.347,2.15295493514176
3.3475,-0.974857904612754
3.348,-0.557706219288725
3.3485,1.89490633573201
3.349,-2.4909388426468
3.3495,2.15196876209015
3.35,-0.974200454961024
3.3505,-0.558363668578349
3.351,1.89523506004464
3.3515,-2.4909388426468
3.352,2.15229748644063
3.3525,-0.973543005309923
3.353,-0.559021117868487
3.3535,1.89589250867001
3.354,-2.4912675684377
3.3545,2.15229748644063
3.355,-0.97288555565945
3.3555,-0.55967856715914
3.356,1.89622123298276
3.3565,-2.4912675684377
3.357,2.15164003773972
3.3575,-0.972556830834449
3.358,-0.56000729180466
3.3585,1.89654995729554
3.359,-2.49192502002027
3.3595,2.15098258903905
3.36,-0.971570656360389
3.3605,-0.560664741096086
3.361,1.89753613023414
3.3615,-2.49159629422885
3.362,2.15098258903905
3.3625,-0.970584481887741
3.363,-0.56165091503419
3.3635,1.89753613023414
3.364,-2.49159629422885
3.3645,2.1503251403386
3.365,-0.970584481887741
3.3655,-0.561979639680483
3.366,1.89786485454709
3.3665,-2.4912675684377
3.367,2.14999641598846
3.3675,-0.969598307416505
3.368,-0.562965813620134
3.3685,1.89819357886007
3.369,-2.49192502002027
3.3695,2.14999641598846
3.37,-0.969269582593074
3.3705,-0.562965813620134
3.371,1.89885102748616
3.3715,-2.49192502002027
3.372,2.14933896728836
3.3725,-0.968940857769799
3.373,-0.563951987560945
3.3735,1.89917975179926
3.374,-2.49192502002027
3.3745,2.14933896728836
3.375,-0.968283408123721
3.3755,-0.564938161502918
3.376,1.89950847611241
3.3765,-2.49192502002027
3.377,2.14901024293839
3.3775,-0.967954683300916
3.378,-0.565266886150501
3.3785,1.89950847611241
3.379,-2.49159629422885
3.3795,2.14868151858848
3.38,-0.967297233655778
3.3805,-0.565924335446053
3.381,1.90049464905208
3.3815,-2.49192502002027
3.382,2.14802406988883
3.3825,-0.966311059189245
3.383,-0.565924335446053
3.3835,1.90082337336539
3.384,-2.49225374581194
3.3845,2.14802406988883
3.385,-0.965982334367381
3.3855,-0.567239234038708
3.386,1.90115209767873
3.3865,-2.49225374581194
3.387,2.14703789683979
3.3875,-0.965324884724122
3.388,-0.567567958687195
3.3885,1.90148082199211
3.389,-2.49258247160388
3.3895,2.14670917249022
3.39,-0.964996159902728
3.3905,-0.568225407984556
3.391,1.90180954630554
3.3915,-2.49225374581194
3.392,2.14638044814071
3.3925,-0.964009985439483
3.393,-0.569211581931568
3.3935,1.902138270619
3.394,-2.49225374581194
3.3945,2.14605172379126
3.395,-0.964009985439483
3.3955,-0.569869031230222
3.396,1.90246699493251
3.3965,-2.49225374581194
3.397,2.14572299944186
3.3975,-0.963023810977647
3.398,-0.570197755879744
3.3985,1.90312444355963
3.399,-2.49225374581194
3.3995,2.14539427509252
3.4,-0.962695086157347
3.4005,-0.571183929829086
3.401,1.90345316787326
3.4015,-2.49258247160388
3.402,2.14539427509252
3.4025,-0.962037636517218
3.403,-0.571183929829086
3.4035,1.90411061650063
3.404,-2.49258247160388
3.4045,2.14440810204484
3.405,-0.961380186877713
3.4055,-0.572170103779593
3.406,1.90476806512816
3.4065,-2.49225374581194
3.407,2.14440810204484
3.4075,-0.961051462058196
3.408,-0.572498828430021
3.4085,1.90443934081437
3.409,-2.49258247160388
3.4095,2.14407937769572
3.41,-0.96006528760058
3.4105,-0.573156277731266
3.411,1.90542551375585
3.4115,-2.49258247160388
3.412,2.14407937769572
3.4125,-0.959736562781687
3.413,-0.57381372703303
3.4135,1.90575423806976
3.414,-2.49291119739608
3.4145,2.14342192899766
3.415,-0.958750388325945
3.4155,-0.574799900986649
3.416,1.9060829623837
3.4165,-2.49258247160388
3.417,2.14342192899766
3.4175,-0.958092938689564
3.418,-0.57545735028971
3.4185,1.90641168669769
3.419,-2.49291119739608
3.4195,2.14276448029983
3.42,-0.958092938689564
3.4205,-0.575786074941435
3.421,1.90706913532578
3.4215,-2.49258247160388
3.422,2.142435755951
3.4225,-0.957106764236164
3.423,-0.576443524245275
3.4235,1.90674041101172
3.424,-2.49258247160388
3.4245,2.14210703160223
3.425,-0.956778039418676
3.4255,-0.57742969820201
3.426,1.90772658395404
3.4265,-2.49356864898126
3.427,2.142435755951
3.4275,-0.956120589784167
3.428,-0.578087147507149
3.4285,1.90805530826823
3.429,-2.49291119739608
3.4295,2.14144958290485
3.43,-0.955134415333574
3.4305,-0.578087147507149
3.431,1.90838403258246
3.4315,-2.49323992318854
3.432,2.14144958290485
3.4325,-0.954805690517021
3.433,-0.579073321465833
3.4335,1.90904148121104
3.434,-2.49323992318854
3.4345,2.1404634098592
3.435,-0.953819516068297
3.4355,-0.579730770772273
3.436,1.90969892983978
3.4365,-2.49323992318854
3.437,2.1404634098592
3.4375,-0.953490791252368
3.438,-0.580388220079233
3.4385,1.90937020552539
3.439,-2.49291119739608
3.4395,2.13980596116239
3.44,-0.953162066436594
3.4405,-0.581045669386713
3.441,1.9106851027832
3.4415,-2.49356864898126
3.442,2.14013468551077
3.4425,-0.952175891990207
3.443,-0.581703118694715
3.4435,1.9106851027832
3.444,-2.49356864898126
3.4445,2.13947723681407
3.445,-0.951847167175055
3.4455,-0.582031843348911
3.446,1.9106851027832
3.4465,-2.49356864898126
3.447,2.1391485124658
3.4475,-0.95151844236006
3.448,-0.582689292657694
3.4485,1.91134255141235
3.449,-2.49323992318854
3.4495,2.13849106376944
3.45,-0.950860992730536
3.4505,-0.583346741966998
3.451,1.91134255141235
3.4515,-2.49389737477424
3.452,2.13816233942134
3.4525,-0.950532267916007
3.453,-0.584004191276824
3.4535,1.91167127572698
3.454,-2.49356864898126
3.4545,2.13816233942134
3.455,-0.949874818287416
3.4555,-0.58499036524254
3.456,1.91265744867113
3.4565,-2.49356864898126
3.457,2.13750489072532
3.4575,-0.949217368659447
3.458,-0.58531908989804
3.4585,1.91265744867113
3.459,-2.49389737477424
3.4595,2.13684744202951
3.46,-0.9485599190321
3.4605,-0.585976539209431
3.461,1.91298617298593
3.4615,-2.49422610056749
3.462,2.13684744202951
3.4625,-0.947902469405374
3.463,-0.586962713177496
3.4635,1.91331489730077
3.464,-2.49356864898126
3.4645,2.1365187176817
3.465,-0.947573744592244
3.4655,-0.587291437833779
3.466,1.91364362161565
3.4665,-2.49422610056749
3.467,2.1365187176817
3.4675,-0.946587570153787
3.468,-0.587620162490193
3.4685,1.91462979456054
3.469,-2.49389737477424
3.4695,2.1365187176817
3.47,-0.946258845341278
3.4705,-0.588606336460218
3.471,1.91495851887558
3.4715,-2.49422610056749
3.472,2.13553254463859
3.4725,-0.945930120528925
3.473,-0.589263785774221
3.4735,1.91561596750579
3.474,-2.49389737477424
3.4745,2.13520382029099
3.475,-0.945272670904683
3.4755,-0.589592510431419
3.476,1.91594469182096
3.4765,-2.49455482636099
3.477,2.13487509594346
3.4775,-0.944286496469486
3.478,-0.590578684403798
3.4785,1.91627341613617
3.479,-2.49422610056749
3.4795,2.13454637159598
3.48,-0.943629046846796
3.4805,-0.590907409061519
3.481,1.91660214045142
3.4815,-2.49422610056749
3.482,2.13421764724856
3.4825,-0.942642872413924
3.483,-0.591564858377354
3.4835,1.91693086476671
3.484,-2.49389737477424
3.4845,2.13356019855388
3.485,-0.942314147603277
3.4855,-0.592222307693712
3.486,1.91725958908204
3.4865,-2.49422610056749
3.487,2.13323147420662
3.4875,-0.942314147603277
3.488,-0.593537206328001
3.4885,1.91791703771282
3.489,-2.49488355215476
3.4895,2.13323147420662
3.49,-0.941327973172265
3.4905,-0.593537206328001
3.491,1.91824576202828
3.4915,-2.49422610056749
3.492,2.13257402551228
3.4925,-0.941327973172265
3.493,-0.594194655645932
3.4935,1.91890321065931
3.494,-2.49488355215476
3.4945,2.13257402551228
3.495,-0.940341798742647
3.4955,-0.594852104964387
3.496,1.91923193497489
3.4965,-2.49488355215476
3.497,2.13158785247118
3.4975,-0.939684349123676
3.498,-0.595838278943053
3.4985,1.91956065929051
3.499,-2.49455482636099
3.4995,2.13191657681816
3.5,-0.939026899505325
3.5005,-0.596167003602871
3.501,1.91956065929051
3.5015,-2.49455482636099
3.502,2.13093040377739
3.5025,-0.938698174696381
3.503,-0.596824452922901
3.5035,1.91988938360617
3.504,-2.49488355215476
3.5045,2.13093040377739
3.505,-0.937712000270478
3.5055,-0.597153177583112
3.506,1.92054683223761
3.5065,-2.49488355215476
3.507,2.13093040377739
3.5075,-0.937054550653982
3.508,-0.597810626903929
3.5085,1.9208755565534
3.509,-2.49455482636099
3.5095,2.13060167943059
3.51,-0.936725825845967
3.5105,-0.59879680088614
3.511,1.921861729501
3.5115,-2.49488355215476
3.512,2.12994423073713
3.5125,-0.936397101038105
3.513,-0.59912552554714
3.5135,1.92219045381695
3.514,-2.49488355215476
3.5145,2.12961550639049
3.515,-0.935739651422846
3.5155,-0.599782974869533
3.516,1.92251917813294
3.5165,-2.49455482636099
3.517,2.12994423073713
3.5175,-0.935082201808206
3.518,-0.600111699530928
3.5185,1.92284790244897
3.519,-2.49488355215476
3.5195,2.12961550639049
3.52,-0.934096027387403
3.5205,-0.60076914885411
3.521,1.92350535108116
3.5215,-2.49488355215476
3.522,2.12895805769738
3.5225,-0.933438577774307
3.523,-0.601097873515899
3.5235,1.92383407539732
3.524,-2.49488355215476
3.5245,2.12895805769738
3.525,-0.93310985296799
3.5255,-0.602084047502055
3.526,1.92383407539732
3.5265,-2.49488355215476
3.527,2.12797188465812
3.5275,-0.932781128161828
3.528,-0.602741496826817
3.5285,1.92449152402976
3.529,-2.49488355215476
3.5295,2.12830060900448
3.53,-0.931794953744267
3.5305,-0.603727670814947
3.531,1.92514897266236
3.5315,-2.49521227794879
3.532,2.12764316031181
3.5325,-0.931137504133331
3.533,-0.604056395477921
3.5335,1.92514897266236
3.534,-2.49521227794879
3.5345,2.12731443596556
3.535,-0.931137504133331
3.5355,-0.604713844804263
3.536,1.92580642129514
3.5365,-2.49554100374308
3.537,2.12632826292713
3.5375,-0.930151329718084
3.538,-0.605042569467632
3.5385,1.92613514561159
3.539,-2.49521227794879
3.5395,2.12665698727322
3.54,-0.92982260491331
3.5405,-0.606028743458531
3.541,1.92646386992808
3.5415,-2.49521227794879
3.542,2.1259995385811
3.5425,-0.929165155304223
3.543,-0.606357468122427
3.5435,1.92679259424461
3.544,-2.49586972953763
3.5445,2.1259995385811
3.545,-0.92817898089175
3.5455,-0.607343642114909
3.546,1.92712131856118
3.5465,-2.49586972953763
3.547,2.12567081423513
3.5475,-0.927521531284204
3.548,-0.607672366779333
3.5485,1.92777876719446
3.549,-2.49586972953763
3.5495,2.12534208988921
3.55,-0.927521531284204
3.5505,-0.608987265438351
3.551,1.92777876719446
3.5515,-2.49586972953763
3.552,2.12501336554334
3.5525,-0.926864081677274
3.553,-0.609315990103436
3.5535,1.9284362158279
3.554,-2.49521227794879
3.5545,2.12435591685178
3.555,-0.92653535687404
3.5555,-0.609644714768653
3.556,1.92909366446151
3.5565,-2.49554100374308
3.557,2.12402719250608
3.5575,-0.925549182465261
3.558,-0.609973439434002
3.5585,1.92909366446151
3.559,-2.49521227794879
3.5595,2.12369846816044
3.56,-0.925220457662642
3.5605,-0.610959613430842
3.561,1.92942238877837
3.5615,-2.49586972953763
3.562,2.12336974381485
3.5625,-0.924234283255709
3.563,-0.61161706276273
3.5635,1.93040856172923
3.564,-2.49619845533244
3.5645,2.12271229512384
3.565,-0.923905558453705
3.5655,-0.612274512095148
3.566,1.93007983741223
3.5665,-2.49619845533244
3.567,2.12271229512384
3.5675,-0.923576833651855
3.568,-0.612931961428094
3.5685,1.93073728604626
3.569,-2.49619845533244
3.5695,2.12271229512384
3.57,-0.922590659247227
3.5705,-0.613260686094766
3.571,1.93139473468046
3.5715,-2.49619845533244
3.572,2.12172612208774
3.5725,-0.92193320964491
3.573,-0.614246860095576
3.5735,1.93172345899762
3.574,-2.49586972953763
3.5745,2.12139739774248
3.575,-0.921275760043208
3.5755,-0.614904309430112
3.576,1.93172345899762
3.5765,-2.49619845533244
3.577,2.12106867339728
3.5775,-0.920618310442119
3.578,-0.615233034097579
3.5785,1.93238090763207
3.579,-2.49586972953763
3.5795,2.12106867339728
3.58,-0.920289585641805
3.5805,-0.61589048343291
3.581,1.93270963194936
3.5815,-2.49619845533244
3.582,2.12073994905213
3.5825,-0.919960860841644
3.583,-0.616219208100774
3.5835,1.93303835626669
3.584,-2.49619845533244
3.5845,2.12041122470704
3.585,-0.918645961642536
3.5855,-0.617205382105163
3.586,1.93369580490147
3.5865,-2.49586972953763
3.587,2.11975377601703
3.5875,-0.918645961642536
3.588,-0.617534106773558
3.5885,1.93435325353643
3.589,-2.49586972953763
3.5895,2.11975377601703
3.59,-0.917659787244815
3.5905,-0.618191556110746
3.591,1.93501070217155
3.5915,-2.49619845533244
3.592,2.11909632732723
3.5925,-0.917002337647101
3.593,-0.618520280779539
3.5935,1.93566815080684
3.594,-2.49586972953763
3.5945,2.11909632732723
3.595,-0.916344888049999
3.5955,-0.619835179456039
3.596,1.93501070217155
3.5965,-2.49619845533244
3.597,2.11876760298241
3.5975,-0.916016163251678
3.598,-0.619835179456039
3.5985,1.93632559944231
3.599,-2.49652718112752
3.5995,2.11843887863765
3.6,-0.915687438453511
3.6005,-0.620821353464809
3.601,1.93632559944231
3.6015,-2.49586972953763
3.602,2.11811015429294
3.6025,-0.914043814464969
3.603,-0.620821353464809
3.6035,1.93731177239582
3.604,-2.49685590692286
3.6045,2.11811015429294
3.605,-0.914043814464969
3.6055,-0.621807527474776
3.606,1.93731177239582
3.6065,-2.49619845533244
3.607,2.11745270560369
3.6075,-0.91305764007368
3.608,-0.622464976815418
3.6085,1.93764049671374
3.609,-2.49619845533244
3.6095,2.11679525691466
3.61,-0.91272891527689
3.6105,-0.623122426156593
3.611,1.93796922103171
3.6115,-2.49685590692286
3.612,2.11646653257023
3.6125,-0.912071465683769
3.613,-0.6237798754983
3.6135,1.93829794534972
3.614,-2.49619845533244
3.6145,2.11679525691466
3.615,-0.911414016091258
3.6155,-0.624437324840539
3.616,1.93862666966777
3.6165,-2.49586972953763
3.617,2.11580908388153
3.6175,-0.91075656649936
3.618,-0.625094774183312
3.6185,1.93928411830399
3.619,-2.49685590692286
3.6195,2.11580908388153
3.62,-0.91042784170364
3.6205,-0.625752223526617
3.621,1.93994156694039
3.6215,-2.49652718112752
3.622,2.11515163519305
3.6225,-0.909770392112658
3.623,-0.626409672870455
3.6235,1.93994156694039
3.624,-2.49652718112752
3.6245,2.11515163519305
3.625,-0.909441667317396
3.6255,-0.626738397542574
3.626,1.94027029125866
3.6265,-2.49718463271845
3.627,2.11416546216074
3.6275,-0.909112942522287
3.628,-0.627395846887212
3.6285,1.94059901557696
3.629,-2.49685590692286
3.6295,2.11416546216074
3.63,-0.908455492932527
3.6305,-0.628053296232383
3.631,1.9412564642137
3.6315,-2.49718463271845
3.632,2.11383673781674
3.6325,-0.907469318549031
3.633,-0.628710745578089
3.6335,1.94158518853214
3.634,-2.49685590692286
3.6345,2.11383673781674
3.635,-0.907140593754838
3.6355,-0.629368194924328
3.636,1.9425713614877
3.6365,-2.49685590692286
3.637,2.1135080134728
3.6375,-0.905496969786159
3.638,-0.629696919597648
3.6385,1.9425713614877
3.639,-2.49751335851431
3.6395,2.11317928912892
3.64,-0.90582569457959
3.6405,-0.630025644271101
3.641,1.94355753444364
3.6415,-2.49685590692286
3.642,2.11317928912892
3.6425,-0.905168244992881
3.643,-0.631011818292262
3.6435,1.94322881012495
3.644,-2.49685590692286
3.6445,2.11219311609759
3.645,-0.904182070613961
3.6455,-0.631669267640371
3.646,1.94421498308115
3.6465,-2.49718463271845
3.647,2.11219311609759
3.6475,-0.903853345821292
3.648,-0.631997992314626
3.6485,1.94421498308115
3.649,-2.49685590692286
3.6495,2.11153566741031
3.65,-0.9028671714442
3.6505,-0.632984166338194
3.651,1.94520115603774
3.6515,-2.49751335851431
3.652,2.11087821872324
3.6525,-0.90253844665214
3.653,-0.633312891012984
3.6535,1.94487243171884
3.654,-2.49685590692286
3.6545,2.11087821872324
3.655,-0.902209721860233
3.6555,-0.634299065038156
3.656,1.94520115603774
3.6565,-2.49685590692286
3.657,2.11087821872324
3.6575,-0.901223547485424
3.658,-0.634627789713481
3.6585,1.94585860467568
3.659,-2.49718463271845
3.6595,2.11054949437979
3.66,-0.900894822694126
3.6605,-0.635285239064533
3.661,1.9465160533138
3.6615,-2.49685590692286
3.662,2.10989204569306
3.6625,-0.900237373111985
3.663,-0.635942688416121
3.6635,1.9465160533138
3.664,-2.49718463271845
3.6645,2.10923459700654
3.665,-0.899579923530452
3.6655,-0.636600137768244
3.666,1.94717350195208
3.6665,-2.49685590692286
3.667,2.10923459700654
3.6675,-0.899579923530452
3.668,-0.637257587120904
3.6685,1.94750222627129
3.669,-2.49685590692286
3.6695,2.10890587266336
3.67,-0.898922473949528
3.6705,-0.6379150364741
3.671,1.94815967490983
3.6715,-2.49718463271845
3.672,2.10824842397716
3.6725,-0.897607574789504
3.673,-0.638572485827832
3.6735,1.94848839922917
3.674,-2.49718463271845
3.6745,2.10824842397716
3.675,-0.896950125210403
3.6755,-0.638901210504899
3.676,1.94881712354855
3.6765,-2.49718463271845
3.677,2.10791969963415
3.6775,-0.89596395084289
3.678,-0.639558659859436
3.6785,1.94947457218744
3.679,-2.49718463271845
3.6795,2.10726225094828
3.68,-0.895635226054023
3.6805,-0.639887384536906
3.681,1.95013202082651
3.6815,-2.49718463271845
3.682,2.10759097529119
3.6825,-0.894977776476744
3.683,-0.640544833892248
3.6835,1.9504607451461
3.684,-2.49718463271845
3.6845,2.10660480226263
3.685,-0.894977776476744
3.6855,-0.641531007926269
3.686,1.95078946946575
3.6865,-2.49718463271845
3.687,2.10693352660543
3.6875,-0.894320326900072
3.688,-0.641859732604544
3.6885,1.95111819378543
3.689,-2.49718463271845
3.6895,2.10627607791988
3.69,-0.893662877324007
3.6905,-0.642188457282954
3.691,1.95144691810516
3.6915,-2.49718463271845
3.692,2.10561862923455
3.6925,-0.893005427748548
3.693,-0.643174631318991
3.6935,1.95210436674474
3.694,-2.49751335851431
3.6945,2.10528990489197
3.695,-0.892347978173695
3.6955,-0.644160805356237
3.696,1.95177564242493
3.6965,-2.49751335851431
3.697,2.10528990489197
3.6975,-0.891690528599449
3.698,-0.644489530035588
3.6985,1.9524330910646
3.699,-2.49784208431043
3.6995,2.10496118054944
3.7,-0.891033079025808
3.7005,-0.644489530035588
3.701,1.9527618153845
3.7015,-2.49784208431043
3.702,2.10496118054944
3.7025,-0.890046904666483
3.703,-0.646133153434362
3.7035,1.95341926402443
3.704,-2.49751335851431
3.7045,2.10463245620697
3.705,-0.889060730308521
3.7055,-0.645804428754338
3.706,1.95341926402443
3.7065,-2.49751335851431
3.707,2.10364628317987
3.7075,-0.889389455094357
3.708,-0.647119327475242
3.7085,1.95374798834447
3.709,-2.49817081010682
3.7095,2.10364628317987
3.71,-0.888403280737303
3.7105,-0.647776776836503
3.711,1.95440543698466
3.7115,-2.49817081010682
3.712,2.10266011015325
3.7125,-0.888074555951921
3.713,-0.648434226198303
3.7135,1.95506288562503
3.714,-2.49784208431043
3.7145,2.10233138581115
3.715,-0.88741710638161
3.7155,-0.649091675560641
3.716,1.95506288562503
3.7165,-2.49784208431043
3.717,2.10233138581115
3.7175,-0.88741710638161
3.718,-0.64974912492352
3.7185,1.95572033426558
3.719,-2.49784208431043
3.7195,2.10167393712712
3.72,-0.886430932027278
3.7205,-0.650077849605161
3.721,1.95604905858591
3.7215,-2.49817081010682
3.722,2.10167393712712
3.7225,-0.886430932027278
3.723,-0.650406574286938
3.7235,1.9563777829063
3.724,-2.49784208431043
3.7245,2.10200266146911
3.725,-0.885116032890285
3.7255,-0.651392748333077
3.726,1.95670650722672
3.7265,-2.49849953590346
3.727,2.10167393712712
3.7275,-0.884787308106414
3.728,-0.651721473015393
3.7285,1.9573639558677
3.729,-2.49817081010682
3.7295,2.1010164884433
3.73,-0.884129858539125
3.7305,-0.652378922380431
3.731,1.95769268018826
3.7315,-2.49784208431043
3.732,2.1003590397597
3.7325,-0.883472408972441
3.733,-0.653365096429001
3.7335,1.95802140450886
3.734,-2.49849953590346
3.7345,2.10003031541798
3.735,-0.88281495940636
3.7355,-0.653693821112128
3.736,1.9586788531502
3.7365,-2.49784208431043
3.737,2.09970159107631
3.7375,-0.882157509840883
3.738,-0.65402254579539
3.7385,1.95900757747093
3.739,-2.49784208431043
3.7395,2.09970159107631
3.74,-0.881171335493799
3.7405,-0.655008719845988
3.741,1.95966502611253
3.7415,-2.49817081010682
3.742,2.09937286673469
3.7425,-0.880513885929829
3.743,-0.655337444529791
3.7435,1.95999375043339
3.744,-2.49817081010682
3.7445,2.09871541805163
3.745,-0.880513885929829
3.7455,-0.656323618582012
3.746,1.9603224747543
3.7465,-2.49784208431043
3.747,2.09871541805163
3.7475,-0.879856436366463
3.748,-0.656652343266356
3.7485,1.96065119907525
3.749,-2.49817081010682
3.7495,2.09805796936877
3.75,-0.8791989868037
3.7505,-0.657638517320202
3.751,1.96097992339625
3.7515,-2.49849953590346
3.752,2.09772924502743
3.7525,-0.878212812460685
3.753,-0.657638517320202
3.7535,1.96163737203837
3.754,-2.49718463271845
3.7545,2.09740052068614
3.755,-0.877884087679981
3.7555,-0.658624691375267
3.756,1.9619660963595
3.7565,-2.49817081010682
3.757,2.0970717963449
3.7575,-0.876897913338772
3.758,-0.659282140745987
3.7585,1.96229482068068
3.759,-2.49817081010682
3.7595,2.09641434766258
3.76,-0.876897913338772
3.7605,-0.660268314803085
3.761,1.96229482068068
3.7615,-2.49817081010682
3.762,2.0960856233215
3.7625,-0.875911738998918
3.763,-0.660268314803085
3.7635,1.96328099364446
3.764,-2.49817081010682
3.7645,2.0960856233215
3.765,-0.875254289439767
3.7655,-0.660925764175162
3.766,1.96328099364446
3.7665,-2.49849953590346
3.767,2.09575689898047
3.7675,-0.875254289439767
3.768,-0.661254488861403
3.7685,1.96360971796581
3.769,-2.49817081010682
3.7695,2.09575689898047
3.77,-0.874268115102169
3.7705,-0.662569387607728
3.771,1.96426716660865
3.7715,-2.49817081010682
3.772,2.09477072595771
3.7725,-0.873610665544522
3.773,-0.662569387607728
3.7735,1.96459589093013
3.774,-2.49817081010682
3.7745,2.0944420016169
3.775,-0.873281940765924
3.7755,-0.663555561668897
3.776,1.96525333957323
3.7765,-2.49849953590346
3.777,2.09411327727614
3.7775,-0.872624491209178
3.778,-0.663884286356225
3.7785,1.96558206389485
3.779,-2.49817081010682
3.7795,2.09378455293544
3.78,-0.871638316875186
3.7805,-0.664870460419024
3.781,1.96591078821651
3.7815,-2.49849953590346
3.782,2.09345582859478
3.7825,-0.871309592097488
3.783,-0.665856634483047
3.7835,1.96623951253821
3.784,-2.49882826170037
3.7845,2.09279837991364
3.785,-0.870652142542544
3.7855,-0.665856634483047
3.786,1.96656823685996
3.7865,-2.49817081010682
3.787,2.09279837991364
3.7875,-0.870323417765297
3.788,-0.667171533236982
3.7885,1.96656823685996
3.789,-2.49849953590346
3.7895,2.09246965557315
3.79,-0.869665968211254
3.7905,-0.667171533236982
3.791,1.96788313414741
3.7915,-2.49849953590346
3.792,2.09246965557315
3.7925,-0.868679793881313
3.793,-0.667828982614766
3.7935,1.96788313414741
3.794,-2.49849953590346
3.7945,2.09148348255198
3.795,-0.868351069104966
3.7955,-0.668486431993094
3.796,1.96821185846938
3.7965,-2.49849953590346
3.797,2.0911547582117
3.7975,-0.867693619552721
3.798,-0.668815156682463
3.7985,1.9685405827914
3.799,-2.49915698749753
3.7995,2.09082603387148
3.8,-0.867036170001076
3.8005,-0.669801330751386
3.801,1.96886930711346
3.8015,-2.49882826170037
3.802,2.0904973095313
3.8025,-0.866707445225478
3.803,-0.670130055441299
3.8035,1.96952675575772
3.804,-2.49849953590346
3.8045,2.09016858519118
3.805,-0.866049995674732
3.8055,-0.670787504821535
3.806,1.96952675575772
3.8065,-2.49882826170037
3.807,2.08983986085111
3.8075,-0.865392546124585
3.808,-0.672102403583643
3.8085,1.97018420440215
3.809,-2.49915698749753
3.8095,2.08951113651109
3.81,-0.865063821349736
3.8105,-0.672431128274512
3.811,1.97051292872444
3.8115,-2.49882826170037
3.812,2.08885368783122
3.8125,-0.864077647026086
3.813,-0.673088577656657
3.8135,1.97084165304677
3.814,-2.49882826170037
3.8145,2.08852496349136
3.815,-0.863748922251836
3.8155,-0.673746027039349
3.816,1.97051292872444
3.8165,-2.49849953590346
3.817,2.08786751481181
3.8175,-0.863420197477735
3.818,-0.6740747517309
3.8185,1.97149910169156
3.819,-2.49882826170037
3.8195,2.08753879047211
3.82,-0.862434023156329
3.8205,-0.675060925806371
3.821,1.97182782601403
3.8215,-2.49915698749753
3.822,2.08753879047211
3.8225,-0.861776573609473
3.823,-0.675718375190702
3.8235,1.97215655033653
3.824,-2.49915698749753
3.8245,2.08655261745333
3.825,-0.861119124063214
3.8255,-0.67637582457558
3.826,1.97314272330433
3.8265,-2.49948571329496
3.827,2.08721006613246
3.8275,-0.861447848836269
3.828,-0.676704549268224
3.8285,1.97314272330433
3.829,-2.49948571329496
3.8295,2.08622389311384
3.83,-0.860132949744947
3.8305,-0.677690723346976
3.831,1.97380017194975
3.8315,-2.49915698749753
3.832,2.08589516877441
3.8325,-0.85980422497249
3.833,-0.678348172733495
3.8335,1.97347144762702
3.834,-2.49915698749753
3.8345,2.08556644443503
3.835,-0.858818050656015
3.8355,-0.679005622120562
3.836,1.97412889627253
3.8365,-2.49948571329496
3.837,2.0852377200957
3.8375,-0.858160601112444
3.838,-0.6793343468143
3.8385,1.97511506924114
3.839,-2.49948571329496
3.8395,2.0852377200957
3.84,-0.85750315156947
3.8405,-0.679991796202188
3.841,1.97511506924114
3.8415,-2.49915698749753
3.842,2.08458027141719
3.8425,-0.856845702027093
3.843,-0.680649245590624
3.8435,1.97610124221015
3.844,-2.49915698749753
3.8445,2.08425154707802
3.845,-0.855859527714645
3.8455,-0.680977970285048
3.846,1.97610124221015
3.8465,-2.49915698749753
3.847,2.0839228227389
3.8475,-0.855859527714645
3.848,-0.681635419674306
3.8485,1.97642996653325
3.849,-2.49948571329496
3.8495,2.0839228227389
3.85,-0.855202078173759
3.8505,-0.682292869064113
3.851,1.97675869085639
3.8515,-2.49948571329496
3.852,2.08293664972186
3.8525,-0.855202078173759
3.853,-0.682950318454468
3.8535,1.9774161395028
3.854,-2.49948571329496
3.8545,2.08359409839984
3.855,-0.853887179093774
3.8555,-0.683607767845372
3.856,1.97774486382608
3.8565,-2.49948571329496
3.857,2.08293664972186
3.8575,-0.853229729554675
3.858,-0.68393649254103
3.8585,1.9774161395028
3.859,-2.49882826170037
3.8595,2.08227920104409
3.86,-0.852243555247142
3.8605,-0.684593941932757
3.861,1.97840231247276
3.8615,-2.49915698749753
3.862,2.08162175236654
3.8625,-0.851914830478263
3.863,-0.685251391325033
3.8635,1.97873103679617
3.864,-2.49948571329496
3.8645,2.08129302802784
3.865,-0.851586105709532
3.8655,-0.685908840717859
3.866,1.97938848544313
3.8665,-2.49915698749753
3.867,2.08129302802784
3.8675,-0.850928656172516
3.868,-0.686566290111235
3.8685,1.97971720976668
3.869,-2.49948571329496
3.8695,2.08096430368919
3.87,-0.850599931404231
3.8705,-0.68722373950516
3.871,1.98037465841391
3.8715,-2.49948571329496
3.872,2.0806355793506
3.8725,-0.849613757100268
3.873,-0.687552464202329
3.8735,1.98037465841391
3.874,-2.49915698749753
3.8745,2.08030685501205
3.875,-0.849285032332578
3.8755,-0.687881188899635
3.876,1.98037465841391
3.8765,-2.49915698749753
3.877,2.07964940633513
3.8775,-0.848627582797643
3.878,-0.689196087690236
3.8785,1.98103210706132
3.879,-2.49948571329496
3.8795,2.07932068199674
3.88,-0.847970133263303
3.8805,-0.68952481238823
3.881,1.98168955570892
3.8815,-2.49948571329496
3.882,2.07932068199674
3.8825,-0.847312683729556
3.883,-0.690510986483038
3.8835,1.98168955570892
3.884,-2.49948571329496
3.8845,2.07866323332013
3.885,-0.846655234196404
3.8855,-0.691168435880265
3.886,1.98168955570892
3.8865,-2.49981443909265
3.887,2.07800578464372
3.8875,-0.84632650943005
3.888,-0.691497160579086
3.8885,1.98267572868065
3.889,-2.49981443909265
3.8895,2.07734833596752
3.89,-0.845997784663845
3.8905,-0.691825885278044
3.891,1.98300445300465
3.8915,-2.50014316489061
3.892,2.07734833596752
3.8925,-0.845011610366118
3.893,-0.692812059375745
3.8935,1.98300445300465
3.894,-2.49981443909265
3.8945,2.07669088729153
3.895,-0.845011610366118
3.8955,-0.693469508774901
3.896,1.98366190165279
3.8965,-2.49981443909265
3.897,2.07636216295362
3.8975,-0.844025436069727
3.898,-0.694455682874671
3.8985,1.9833331773287
3.899,-2.49981443909265
3.8995,2.07603343861575
3.9,-0.84369671130456
3.9005,-0.69478440757487
3.901,1.98399062597693
3.9015,-2.50014316489061
3.902,2.07537598994018
3.9025,-0.843367986539541
3.903,-0.695770581676295
3.9035,1.98431935030112
3.904,-2.50014316489061
3.9045,2.07504726560247
3.905,-0.842381812245373
3.9055,-0.695770581676295
3.906,1.98530552327395
3.9065,-2.49981443909265
3.907,2.07471854126481
3.9075,-0.841724362716668
3.908,-0.697085480480128
3.9085,1.98530552327395
3.909,-2.49981443909265
3.9095,2.07438981692721
3.91,-0.841066913188555
3.9105,-0.697742929882873
3.911,1.98596297192273
3.9115,-2.49981443909265
3.912,2.07438981692721
3.9125,-0.840738188424721
3.913,-0.698071654584453
3.9135,1.98629169624719
3.914,-2.49981443909265
3.9145,2.07406109258966
3.915,-0.839752014134106
3.9155,-0.698729103988028
3.916,1.98694914489624
3.9165,-2.49981443909265
3.917,2.07340364391471
3.9175,-0.839423289370864
3.918,-0.699386553392156
3.9185,1.98694914489624
3.919,-2.50014316489061
3.9195,2.07274619523996
3.92,-0.838437115082024
3.9205,-0.700044002796837
3.921,1.98760659354548
3.9215,-2.49981443909265
3.922,2.07274619523996
3.9225,-0.837779665556871
3.923,-0.700044002796837
3.9235,1.98760659354548
3.924,-2.49981443909265
3.9245,2.07241747090267
3.925,-0.837450940794516
3.9255,-0.701030176904896
3.926,1.98826404219491
3.9265,-2.50047189068882
3.927,2.07208874656543
3.9275,-0.836793491270248
3.928,-0.701358901607859
3.9285,1.98859276651969
3.929,-2.50014316489061
3.9295,2.07208874656543
3.93,-0.836136041746572
3.9305,-0.70234507571758
3.931,1.98925021516939
3.9315,-2.50014316489061
3.932,2.07176002222824
3.9325,-0.835478592223487
3.933,-0.703002525124752
3.9335,1.98957893949431
3.934,-2.50014316489061
3.9345,2.07110257355401
3.935,-0.834821142700992
3.9355,-0.703331249828547
3.936,1.98990766381927
3.9365,-2.50047189068882
3.937,2.07077384921698
3.9375,-0.834163693179088
3.938,-0.70365997453248
3.9385,1.99023638814428
3.939,-2.50014316489061
3.9395,2.07011640054306
3.94,-0.833834968418357
3.9405,-0.704974873349597
3.941,1.99056511246934
3.9415,-2.50014316489061
3.942,2.07011640054306
3.9425,-0.832848794137049
3.943,-0.705303598054223
3.9435,1.99089383679444
3.944,-2.49981443909265
3.9445,2.06945895186935
3.945,-0.832520069376908
3.9455,-0.705961047463892
3.946,1.99122256111959
3.9465,-2.49981443909265
3.947,2.06913022753258
3.9475,-0.832191344616915
3.948,-0.706618496874115
3.9485,1.99188000977003
3.949,-2.50047189068882
3.9495,2.06847277885918
3.95,-0.831205170337819
3.9505,-0.707275946284894
3.951,1.99253745842065
3.9515,-2.50047189068882
3.952,2.06847277885918
3.9525,-0.830876445578415
3.953,-0.707604670990491
3.9535,1.99220873409532
3.954,-2.50047189068882
3.9545,2.06814405452255
3.955,-0.830218996060049
3.9555,-0.708262120402103
3.956,1.99286618274603
3.9565,-2.50047189068882
3.957,2.06814405452255
3.9575,-0.829232821783605
3.958,-0.709248294520563
3.9585,1.99319490707146
3.959,-2.50047189068882
3.9595,2.06715788151299
3.96,-0.828904097025085
3.9605,-0.709248294520563
3.961,1.99352363139693
3.9615,-2.50014316489061
3.962,2.06715788151299
3.9625,-0.828246647508486
3.963,-0.710234468640273
3.9635,1.99385235572245
3.964,-2.50014316489061
3.9645,2.06682915717658
3.965,-0.826931748477054
3.9655,-0.710891918054109
3.966,1.99450980437363
3.9665,-2.5008006164873
3.967,2.0661717085039
3.9675,-0.826931748477054
3.968,-0.711549367468501
3.9685,1.99450980437363
3.969,-2.50047189068882
3.9695,2.0661717085039
3.97,-0.82627429896222
3.9705,-0.712206816883449
3.971,1.99549597735075
3.9715,-2.50014316489061
3.972,2.06584298416763
3.9725,-0.825616849447974
3.973,-0.712535541591132
3.9735,1.99582470167654
3.974,-2.5008006164873
3.9745,2.06551425983142
3.975,-0.825288124691072
3.9755,-0.713521715715017
3.976,1.99615342600239
3.9765,-2.50047189068882
3.977,2.06485681115915
3.9775,-0.824630675177708
3.978,-0.713850440423257
3.9785,1.99681087465422
3.979,-2.50047189068882
3.9795,2.06485681115915
3.98,-0.824301950421247
3.9805,-0.714179165131636
3.981,1.9971395989802
3.9815,-2.5008006164873
3.982,2.06485681115915
3.9825,-0.822987051396869
3.983,-0.715165339257611
3.9835,1.99746832330623
3.984,-2.49981443909265
3.9845,2.06419936248709
3.985,-0.822658326641141
3.9855,-0.715165339257611
3.986,1.99812577195843
3.9865,-2.49981443909265
3.987,2.06387063815113
3.9875,-0.821672152374839
3.988,-0.716151513384839
3.9885,1.9984544962846
3.989,-2.50014316489061
3.9895,2.06354191381523
3.99,-0.821343427619699
3.9905,-0.716480238094194
3.991,1.99878322061082
3.9915,-2.50047189068882
3.992,2.06321318947938
3.9925,-0.820685978109858
3.993,-0.717137687513323
3.9935,1.99911194493709
3.994,-2.50014316489061
3.9945,2.06288446514357
3.995,-0.820357253355157
3.9955,-0.71779513693301
3.996,1.99976939358975
3.9965,-2.5008006164873
3.997,2.06222701647212
3.9975,-0.819042354337821
3.998,-0.718452586353255
3.9985,1.99976939358975
3.999,-2.50047189068882
3.9995,2.06156956780088
