Time_s,Voltage_V
0,-0.9028671714442
0.0005,2.50567620097332
0.001,-0.633970340362965
0.0015,-2.10205640870023
0.002,1.94421498308115
0.0025,0.911363268948314
0.003,-2.49685590692286
0.0035,0.642138059872485
0.004,2.11087821872324
0.0045,-1.93637878721987
0.005,-0.90253844665214
0.0055,2.50567620097332
0.006,-0.634299065038156
0.0065,-2.10139895770553
0.007,1.94520115603774
0.0075,0.910705820358105
0.008,-2.49718463271845
0.0085,0.643124232848642
0.009,2.1102207700364
0.0095,-1.93637878721987
0.01,-0.902209721860233
0.0105,2.50600492539841
0.011,-0.63495651438894
0.0115,-2.10172768320276
0.012,1.94520115603774
0.0125,0.910048371767785
0.013,-2.49718463271845
0.0135,0.643781681499182
0.014,2.10956332134977
0.0145,-1.93703623798484
0.015,-0.900894822694126
0.0155,2.50567620097332
0.016,-0.635285239064533
0.0165,-2.10172768320276
0.017,1.94585860467568
0.0175,0.909719647472583
0.018,-2.49718463271845
0.0185,0.644439130149537
0.019,2.10989204569306
0.0195,-1.93703623798484
0.02,-0.900237373111985
0.0205,2.50600492539841
0.021,-0.635942688416121
0.0215,-2.10041278121524
0.022,1.9465160533138
0.0225,0.909062198882094
0.023,-2.49685590692286
0.0235,0.645096578799707
0.024,2.10956332134977
0.0245,-1.93736496336766
0.025,-0.898922473949528
0.0255,2.50633364982359
0.026,-0.636600137768244
0.0265,-2.10008405571895
0.027,1.94717350195208
0.0275,0.908404750291494
0.028,-2.49718463271845
0.0285,0.646082751774617
0.029,2.10923459700654
0.0295,-1.93802241413397
0.03,-0.898922473949528
0.0305,2.50633364982359
0.031,-0.637257587120904
0.0315,-2.09975533022289
0.032,1.94717350195208
0.0325,0.908076025996152
0.033,-2.49685590692286
0.0335,0.646411476099495
0.034,2.10890587266336
0.0345,-1.93802241413397
0.035,-0.898265024369212
0.0355,2.50633364982359
0.036,-0.638243761150899
0.0365,-2.09942660472706
0.037,1.94783095059054
0.0375,0.907418577405383
0.038,-2.49718463271845
0.0385,0.647397649073853
0.039,2.10857714832023
0.0395,-1.93867986490117
0.04,-0.897936299579282
0.0405,2.50633364982359
0.041,-0.638243761150899
0.0415,-2.09876915373612
0.042,1.94815967490983
0.0425,0.906761128814501
0.043,-2.49718463271845
0.0435,0.648055097723195
0.044,2.10890587266336
0.0445,-1.93933731566926
0.045,-0.897278849999877
0.0455,2.50633364982359
0.046,-0.638901210504899
0.0465,-2.09876915373612
0.047,1.94881712354855
0.0475,0.906432404519018
0.048,-2.49685590692286
0.0485,0.648712546372353
0.049,2.10824842397716
0.0495,-1.93933731566926
0.05,-0.89596395084289
0.0505,2.50633364982359
0.051,-0.6392299351821
0.0515,-2.09844042824099
0.052,1.94947457218744
0.0525,0.906103680223507
0.053,-2.49685590692286
0.0535,0.649369995021327
0.054,2.10791969963415
0.0545,-1.93966604105364
0.055,-0.895635226054023
0.0555,2.50633364982359
0.056,-0.64021610921451
0.0565,-2.09778297725145
0.057,1.94947457218744
0.0575,0.9054462316324
0.058,-2.49718463271845
0.0585,0.649698719345746
0.059,2.10759097529119
0.0595,-1.94065221720813
0.06,-0.895635226054023
0.0605,2.50600492539841
0.061,-0.640873558570121
0.0615,-2.09778297725145
0.062,1.94980329650695
0.0625,0.90478878304118
0.063,-2.49751335851431
0.0635,0.650356167994446
0.064,2.10693352660543
0.0645,-1.94065221720813
0.065,-0.894649051688332
0.0655,2.50666237424885
0.066,-0.641202283248128
0.0665,-2.09745425175703
0.067,1.95013202082651
0.0675,0.9034738858584
0.068,-2.49751335851431
0.0685,0.650684892318727
0.069,2.10594735357719
0.0695,-1.94163839336463
0.07,-0.893991602111963
0.0705,2.50633364982359
0.071,-0.642188457282954
0.0715,-2.09712552626285
0.072,1.9504607451461
0.0725,0.903802610154138
0.073,-2.49718463271845
0.0735,0.651342340967152
0.074,2.10627607791988
0.0745,-1.94163839336463
0.075,-0.893334152536201
0.0755,2.50633364982359
0.076,-0.642845906640177
0.0765,-2.0967968007689
0.077,1.95111819378543
0.0775,0.902487712971017
0.078,-2.49718463271845
0.0785,0.652328513939447
0.079,2.10627607791988
0.0795,-1.94196711875057
0.08,-0.893662877324007
0.0805,2.50600492539841
0.081,-0.643503355997938
0.0815,-2.09646807527518
0.082,1.95078946946575
0.0825,0.901830264379286
0.083,-2.49751335851431
0.0835,0.652985962587416
0.084,2.10528990489197
0.0845,-1.94295329490975
0.085,-0.892676702961045
0.0855,2.50666237424885
0.086,-0.644160805356237
0.0865,-2.09581062428845
0.087,1.95177564242493
0.0875,0.901501540083377
0.088,-2.49751335851431
0.0885,0.653643411235202
0.089,2.10496118054944
0.0895,-1.94295329490975
0.09,-0.892019253386496
0.0905,2.50633364982359
0.091,-0.644489530035588
0.0915,-2.09548189879543
0.092,1.95210436674474
0.0925,0.90117281578744
0.093,-2.49751335851431
0.0935,0.654300859882807
0.094,2.10496118054944
0.0945,-1.94328202029659
0.095,-0.891033079025808
0.0955,2.50633364982359
0.096,-0.644818254715074
0.0965,-2.09515317330265
0.097,1.95210436674474
0.0975,0.900186642899458
0.098,-2.49718463271845
0.0985,0.655287032853872
0.099,2.10463245620697
0.0995,-1.94328202029659
0.1,-0.890375629452774
0.1005,2.50666237424885
0.101,-0.645475704074449
0.1015,-2.0948244478101
0.102,1.9527618153845
0.1025,0.899529194307327
0.103,-2.49718463271845
0.1035,0.655287032853872
0.104,2.10397500752218
0.1045,-1.94393947107094
0.105,-0.890046904666483
0.1055,2.50699109867419
0.106,-0.646133153434362
0.1065,-2.09416699682571
0.107,1.95309053970445
0.1075,0.899200470011219
0.108,-2.49784208431043
0.1085,0.655944481501022
0.109,2.10364628317987
0.1095,-1.94492564723415
0.11,-0.889389455094357
0.1105,2.50666237424885
0.111,-0.646790602794814
0.1115,-2.09383827133387
0.112,1.95407671266454
0.1125,0.898543021418916
0.113,-2.49751335851431
0.1135,0.65660193014799
0.114,2.10364628317987
0.1145,-1.94492564723415
0.115,-0.888732005522836
0.1155,2.50699109867419
0.116,-0.647776776836503
0.1165,-2.09350954584226
0.117,1.95440543698466
0.1175,0.897556848530245
0.118,-2.49718463271845
0.1185,0.657259378794777
0.119,2.1029888344954
0.1195,-1.94525437262233
0.12,-0.888074555951921
0.1205,2.50633364982359
0.121,-0.648105501517335
0.1215,-2.09318082035088
0.122,1.95473416130483
0.1225,0.897556848530245
0.123,-2.49751335851431
0.1235,0.657588103118102
0.124,2.1029888344954
0.1245,-1.94558309801074
0.125,-0.88774583116669
0.1255,2.50633364982359
0.126,-0.649091675560641
0.1265,-2.09318082035088
0.127,1.95506288562503
0.1275,0.896241951344948
0.128,-2.49784208431043
0.1285,0.657916827441382
0.129,2.10200266146911
0.1295,-1.94624054878822
0.13,-0.887088381596681
0.1305,2.50666237424885
0.131,-0.649420400242013
0.1315,-2.09285209485973
0.132,1.95473416130483
0.1325,0.895913227048551
0.133,-2.49784208431043
0.1335,0.658903000410952
0.134,2.10200266146911
0.1345,-1.9465692741773
0.135,-0.886430932027278
0.1355,2.50666237424885
0.136,-0.650077849605161
0.1365,-2.09219464387815
0.137,1.95572033426558
0.1375,0.894927054159188
0.138,-2.49784208431043
0.1385,0.659560449057105
0.139,2.10167393712712
0.1395,-1.9468979995666
0.14,-0.886102207242803
0.1405,2.50666237424885
0.141,-0.650735298968849
0.1415,-2.09219464387815
0.142,1.9563777829063
0.1425,0.894927054159188
0.143,-2.49751335851431
0.1435,0.660217897703078
0.144,2.10167393712712
0.1445,-1.94722672495612
0.145,-0.885116032890285
0.1455,2.50699109867419
0.146,-0.651392748333077
0.1465,-2.09219464387815
0.147,1.9563777829063
0.1475,0.893940881269564
0.148,-2.49751335851431
0.1485,0.660875346348871
0.149,2.10068776410147
0.1495,-1.94821290112604
0.15,-0.885116032890285
0.1505,2.50731982309962
0.151,-0.652050197697845
0.1515,-2.0915371928975
0.152,1.95703523154719
0.1525,0.894269605566134
0.153,-2.49817081010682
0.1535,0.6612040706717
0.154,2.1003590397597
0.1545,-1.94788417573584
0.155,-0.884458583322694
0.1555,2.50666237424885
0.156,-0.652378922380431
0.1565,-2.09087974191779
0.157,1.9573639558677
0.1575,0.893283432676336
0.158,-2.49784208431043
0.1585,0.662190243639917
0.159,2.1003590397597
0.1595,-1.94887035190711
0.16,-0.883801133755708
0.1605,2.50731982309962
0.161,-0.653365096429001
0.1615,-2.09087974191779
0.162,1.95769268018826
0.1625,0.892297259786275
0.163,-2.49751335851431
0.1635,0.662847692285169
0.164,2.10003031541798
0.1645,-1.94919907729798
0.165,-0.88281495940636
0.1655,2.50699109867419
0.166,-0.65402254579539
0.1665,-2.08989356544997
0.167,1.95802140450886
0.1675,0.89196853548953
0.168,-2.49784208431043
0.1685,0.663505140930243
0.169,2.09970159107631
0.1695,-1.94919907729798
0.17,-0.881828785058371
0.1705,2.50699109867419
0.171,-0.65467999516232
0.1715,-2.08989356544997
0.172,1.95835012882951
0.1725,0.891311086895953
0.173,-2.49817081010682
0.1735,0.663833865252712
0.174,2.09937286673469
0.1745,-1.94985652808038
0.175,-0.881828785058371
0.1755,2.50699109867419
0.176,-0.655337444529791
0.1765,-2.08956483996116
0.177,1.9586788531502
0.1775,0.889996189708446
0.178,-2.49817081010682
0.1785,0.664491313897516
0.179,2.09871541805163
0.1795,-1.94952780268907
0.18,-0.880842610711739
0.1805,2.50699109867419
0.181,-0.656323618582012
0.1815,-2.08923611447259
0.182,1.95900757747093
0.1825,0.889996189708446
0.183,-2.49784208431043
0.1835,0.665148762542141
0.184,2.09871541805163
0.1845,-1.95018525347193
0.185,-0.880513885929829
0.1855,2.50666237424885
0.186,-0.656323618582012
0.1865,-2.08857866349615
0.187,1.95966502611253
0.1875,0.889338741114517
0.188,-2.49817081010682
0.1885,0.665477486864387
0.189,2.09772924502743
0.1895,-1.95084270425568
0.19,-0.879856436366463
0.1905,2.50731982309962
0.191,-0.656981067950836
0.1915,-2.08890738898425
0.192,1.95966502611253
0.1925,0.888352568223403
0.193,-2.49817081010682
0.1935,0.666463659830855
0.194,2.09772924502743
0.1945,-1.95117142964789
0.195,-0.879856436366463
0.1955,2.50699109867419
0.196,-0.657967242005088
0.1965,-2.08824993800827
0.197,1.9603224747543
0.1975,0.888023843926306
0.198,-2.49817081010682
0.1985,0.667121108474943
0.199,2.0970717963449
0.1995,-1.95182888043299
0.2,-0.878870262022544
0.2005,2.50699109867419
0.201,-0.658624691375267
0.2015,-2.08824993800827
0.202,1.96065119907525
0.2025,0.88769511962918
0.203,-2.49817081010682
0.2035,0.667449832796921
0.204,2.0970717963449
0.2045,-1.95182888043299
0.205,-0.878541537241539
0.2055,2.50699109867419
0.206,-0.658624691375267
0.2065,-2.08792121252064
0.207,1.96097992339625
0.2075,0.887037671034839
0.208,-2.49817081010682
0.2085,0.668107281440742
0.209,2.09641434766258
0.2095,-1.95281505661232
0.21,-0.877555362899428
0.2105,2.50731982309962
0.211,-0.659610865431551
0.2115,-2.08726376154606
0.212,1.96163737203837
0.2125,0.886380222440379
0.213,-2.49849953590346
0.2135,0.669093454406139
0.214,2.0960856233215
0.2145,-1.95281505661232
0.215,-0.877226638119025
0.2155,2.50633364982359
0.216,-0.659610865431551
0.2165,-2.08693503605912
0.217,1.96163737203837
0.2175,0.885722773845802
0.218,-2.49784208431043
0.2185,0.668764730084385
0.219,2.09575689898047
0.2195,-1.95314378200588
0.22,-0.876240463778719
0.2205,2.50699109867419
0.221,-0.660597039489056
0.2215,-2.08660631057242
0.222,1.96229482068068
0.2225,0.885065325251106
0.223,-2.49849953590346
0.2235,0.669750903049515
0.224,2.0954281746395
0.2245,-1.95347250739966
0.225,-0.876240463778719
0.2255,2.50666237424885
0.226,-0.661254488861403
0.2265,-2.08660631057242
0.227,1.96229482068068
0.2275,0.884736600953713
0.228,-2.49849953590346
0.2285,0.670408351692714
0.229,2.09509945029858
0.2295,-1.9541299581879
0.23,-0.875254289439767
0.2305,2.50699109867419
0.231,-0.662240662920943
0.2315,-2.08594885959971
0.232,1.96295226932316
0.2325,0.884079152358839
0.233,-2.49817081010682
0.2335,0.671394524657178
0.234,2.09477072595771
0.2345,-1.95478740897703
0.235,-0.874925564660418
0.2355,2.50764854752512
0.236,-0.662898112294648
0.2365,-2.08529140862794
0.237,1.96360971796581
0.2375,0.883421703763846
0.238,-2.49882826170037
0.2385,0.671394524657178
0.239,2.0944420016169
0.2395,-1.95511613437194
0.24,-0.87393939032327
0.2405,2.50797727195071
0.241,-0.663226836981705
0.2415,-2.08562013411371
0.242,1.96393844228721
0.2425,0.883421703763846
0.243,-2.49849953590346
0.2435,0.672380697621244
0.244,2.09378455293544
0.2445,-1.95511613437194
0.245,-0.87393939032327
0.2455,2.50731982309962
0.246,-0.663884286356225
0.2465,-2.0846339576571
0.247,1.96426716660865
0.2475,0.882435530871133
0.248,-2.49882826170037
0.2485,0.673038146263733
0.249,2.09411327727614
0.2495,-1.95544485976707
0.25,-0.872624491209178
0.2505,2.50731982309962
0.251,-0.664213011043689
0.2515,-2.0846339576571
0.252,1.96492461525166
0.2525,0.881778082275842
0.253,-2.49817081010682
0.2535,0.673695594906045
0.254,2.09345582859478
0.2545,-1.95544485976707
0.255,-0.871638316875186
0.2555,2.50764854752512
0.256,-0.664870460419024
0.2565,-2.08397650668719
0.257,1.96492461525166
0.2575,0.880791909382681
0.258,-2.49817081010682
0.2585,0.674024319227135
0.259,2.09345582859478
0.2595,-1.956102310558
0.26,-0.871309592097488
0.2605,2.50764854752512
0.261,-0.665199185106896
0.2615,-2.08364778120259
0.262,1.96492461525166
0.2625,0.880463185084901
0.263,-2.49849953590346
0.2635,0.674681767869183
0.264,2.09345582859478
0.2645,-1.95708848674608
0.265,-0.870652142542544
0.2655,2.50764854752512
0.266,-0.665856634483047
0.2665,-2.08299033023408
0.267,1.96623951253821
0.2675,0.880134460787091
0.268,-2.49849953590346
0.2685,0.67632538947353
0.269,2.09312710425419
0.2695,-1.95708848674608
0.27,-0.870652142542544
0.2705,2.50764854752512
0.271,-0.666185359171326
0.2715,-2.08299033023408
0.272,1.96656823685996
0.2725,0.87914828789348
0.273,-2.49784208431043
0.2735,0.676654113794268
0.274,2.09279837991364
0.2745,-1.95774593753925
0.275,-0.86900851865781
0.2755,2.50830599637637
0.276,-0.667171533236982
0.2765,-2.08233287926651
0.277,1.96755440982548
0.2775,0.87914828789348
0.278,-2.49817081010682
0.2785,0.676982838114961
0.279,2.09214093123271
0.2795,-1.95807466293618
0.28,-0.86900851865781
0.2805,2.50863472080212
0.281,-0.667500257925806
0.2815,-2.08233287926651
0.282,1.96821185846938
0.2825,0.878490839297589
0.283,-2.49817081010682
0.2835,0.678297735397296
0.284,2.09181220689232
0.2845,-1.95840338833333
0.285,-0.867693619552721
0.2855,2.50830599637637
0.286,-0.668486431993094
0.2865,-2.08200415378307
0.287,1.9685405827914
0.2875,0.878162114999599
0.288,-2.49849953590346
0.2885,0.67862645971777
0.289,2.09181220689232
0.2895,-1.95840338833333
0.29,-0.867693619552721
0.2905,2.50863472080212
0.291,-0.668815156682463
0.2915,-2.08134670281689
0.292,1.96886930711346
0.2925,0.877833390701578
0.293,-2.49817081010682
0.2935,0.679283908358587
0.294,2.09148348255198
0.2945,-1.9587321137307
0.295,-0.866707445225478
0.2955,2.50863472080212
0.296,-0.669472606061608
0.2965,-2.08068925185165
0.297,1.96985548007991
0.2975,0.877175942105446
0.298,-2.49817081010682
0.2985,0.679941356999229
0.299,2.09082603387148
0.2995,-1.95938956452612
0.3,-0.866049995674732
0.3005,2.50863472080212
0.301,-0.670130055441299
0.3015,-2.08036052636938
0.302,1.96985548007991
0.3025,0.876518493509194
0.303,-2.49849953590346
0.3035,0.680927529959863
0.304,2.0904973095313
0.3045,-1.95971828992417
0.305,-0.866049995674732
0.3055,2.50830599637637
0.306,-0.670787504821535
0.3065,-2.08003180088734
0.307,1.97051292872444
0.3075,0.876189769211022
0.308,-2.49817081010682
0.3085,0.680927529959863
0.309,2.09016858519118
0.3095,-1.96004701532245
0.31,-0.865063821349736
0.3105,2.50830599637637
0.311,-0.670787504821535
0.3115,-2.07970307540553
0.312,1.97051292872444
0.3125,0.875203596316325
0.313,-2.49817081010682
0.3135,0.681913702920105
0.314,2.08951113651109
0.3145,-1.96070446611967
0.315,-0.864406371800487
0.3155,2.50797727195071
0.316,-0.671773678892912
0.3165,-2.07970307540553
0.317,1.97117037736914
0.3175,0.874546147719709
0.318,-2.49849953590346
0.3185,0.682242427240098
0.319,2.08983986085111
0.3195,-1.96136191691779
0.32,-0.863748922251836
0.3205,2.50863472080212
0.321,-0.672759852965516
0.3215,-2.07904562444262
0.322,1.97084165304677
0.3225,0.874217423421355
0.323,-2.49882826170037
0.3235,0.682571151560048
0.324,2.08918241217113
0.3245,-1.96169064231718
0.325,-0.863420197477735
0.3255,2.50830599637637
0.326,-0.673417302347935
0.3265,-2.07871689896151
0.327,1.97117037736914
0.3275,0.873231250526112
0.328,-2.49849953590346
0.3285,0.683228600199816
0.329,2.08852496349136
0.3295,-1.96169064231718
0.33,-0.862762747929982
0.3305,2.50896344522795
0.331,-0.6740747517309
0.3315,-2.07838817348064
0.332,1.97182782601403
0.3325,0.87257380192913
0.333,-2.49817081010682
0.3335,0.684214773159143
0.334,2.08852496349136
0.3345,-1.9620193677168
0.335,-0.862434023156329
0.3355,2.50830599637637
0.336,-0.6740747517309
0.3365,-2.07805944799999
0.337,1.97248527465909
0.3375,0.872245077630594
0.338,-2.49849953590346
0.3385,0.684872221798478
0.339,2.08819623915156
0.3395,-1.96267681851672
0.34,-0.861447848836269
0.3405,2.50830599637637
0.341,-0.675060925806371
0.3415,-2.07740199703941
0.342,1.97281399898169
0.3425,0.871916353332027
0.343,-2.49915698749753
0.3435,0.685529670437638
0.344,2.08819623915156
0.3445,-1.96267681851672
0.345,-0.861447848836269
0.3455,2.50929216965387
0.346,-0.675718375190702
0.3465,-2.07707327155947
0.347,1.97347144762702
0.3475,0.871587629033429
0.348,-2.49849953590346
0.3485,0.686187119076625
0.349,2.08753879047211
0.3495,-1.96333426931754
0.35,-0.860461674517554
0.3505,2.50896344522795
0.351,-0.675718375190702
0.3515,-2.07674454607975
0.352,1.97347144762702
0.3525,0.870601456137453
0.353,-2.49849953590346
0.3535,0.686844567715439
0.354,2.08721006613246
0.3545,-1.96333426931754
0.355,-0.85980422497249
0.3555,2.50896344522795
0.356,-0.676704549268224
0.3565,-2.07641582060028
0.357,1.97380017194975
0.3575,0.869944007539982
0.358,-2.49882826170037
0.3585,0.68750201635408
0.359,2.08721006613246
0.3595,-1.96399172011926
0.36,-0.859146775428024
0.3605,2.50896344522795
0.361,-0.677361998653922
0.3615,-2.07608709512103
0.362,1.97412889627253
0.3625,0.869286558942388
0.363,-2.49915698749753
0.3635,0.687830740673336
0.364,2.08622389311384
0.3645,-1.96432044552046
0.365,-0.858160601112444
0.3655,2.50896344522795
0.366,-0.678019448040167
0.3665,-2.07608709512103
0.367,1.97478634491823
0.3675,0.868300386045767
0.368,-2.49817081010682
0.3685,0.688816913630844
0.369,2.08589516877441
0.3695,-1.96432044552046
0.37,-0.857831876340883
0.3705,2.50863472080212
0.371,-0.679005622120562
0.3715,-2.07477219320638
0.372,1.97478634491823
0.3725,0.867642937447866
0.373,-2.49882826170037
0.3735,0.688816913630844
0.374,2.08556644443503
0.3745,-1.96563534712749
0.375,-0.857174426798207
0.3755,2.50863472080212
0.376,-0.679663071508176
0.3765,-2.07510091868469
0.377,1.97511506924114
0.3775,0.866985488849841
0.378,-2.49915698749753
0.3785,0.689803086587963
0.379,2.08490899575642
0.3795,-1.96563534712749
0.38,-0.856845702027093
0.3805,2.50863472080212
0.381,-0.680320520896338
0.3815,-2.07510091868469
0.382,1.9754437935641
0.3825,0.866656764550782
0.383,-2.49882826170037
0.3835,0.690131810906917
0.384,2.08458027141719
0.3845,-1.96596407252981
0.385,-0.856516977256128
0.3855,2.50863472080212
0.386,-0.681306694979608
0.3865,-2.07411474225045
0.387,1.9757725178871
0.3875,0.865999315952572
0.388,-2.49915698749753
0.3885,0.690460535225828
0.389,2.0839228227389
0.3895,-1.96662152333513
0.39,-0.855859527714645
0.3905,2.50863472080212
0.391,-0.681635419674306
0.3915,-2.07411474225045
0.392,1.97642996653325
0.3925,0.865341867354238
0.393,-2.49948571329496
0.3935,0.690789259544695
0.394,2.08359409839984
0.3945,-1.96727897414135
0.395,-0.855202078173759
0.3955,2.50896344522795
0.396,-0.681635419674306
0.3965,-2.07411474225045
0.397,1.97675869085639
0.3975,0.864355694456504
0.398,-2.49915698749753
0.3985,0.691775432501041
0.399,2.08359409839984
0.3995,-1.9676076995448
0.4,-0.854544628633468
0.4005,2.50863472080212
0.401,-0.682621593759222
0.4015,-2.07378601677283
0.402,1.9774161395028
0.4025,0.864355694456504
0.403,-2.49882826170037
0.4035,0.69243288113839
0.404,2.08359409839984
0.4045,-1.9676076995448
0.405,-0.854215903863547
0.4055,2.50929216965387
0.406,-0.683279043149851
0.4065,-2.0731285658183
0.407,1.97774486382608
0.4075,0.863698245857859
0.408,-2.49882826170037
0.4085,0.693090329775567
0.409,2.08293664972186
0.4095,-1.96793642494847
0.41,-0.853229729554675
0.4105,2.50863472080212
0.411,-0.683607767845372
0.4115,-2.07247111486469
0.412,1.97774486382608
0.4125,0.863040797259089
0.413,-2.49915698749753
0.4135,0.694076502731012
0.414,2.08293664972186
0.4145,-1.96892260116085
0.415,-0.852572280016171
0.4155,2.50929216965387
0.416,-0.684922666628827
0.4165,-2.07214238938824
0.417,1.97840231247276
0.4175,0.862712072959658
0.418,-2.49915698749753
0.4185,0.694405227049408
0.419,2.08227920104409
0.4195,-1.96892260116085
0.42,-0.852243555247142
0.4205,2.50896344522795
0.421,-0.684593941932757
0.4215,-2.07181366391202
0.422,1.97938848544313
0.4225,0.862054624360702
0.423,-2.49915698749753
0.4235,0.695062675686072
0.424,2.08227920104409
0.4245,-1.96958005197022
0.425,-0.851586105709532
0.4255,2.50896344522795
0.426,-0.685580116021378
0.4265,-2.07148493843603
0.427,1.97905976111963
0.4275,0.86139717576162
0.428,-2.49915698749753
0.4285,0.695720124322566
0.429,2.08162175236654
0.4295,-1.96990877737525
0.43,-0.850928656172516
0.4305,2.50896344522795
0.431,-0.685908840717859
0.4315,-2.07115621296027
0.432,1.98004593409027
0.4325,0.861068451462033
0.433,-2.49915698749753
0.4335,0.696377572958888
0.434,2.08195047670529
0.4345,-1.96990877737525
0.435,-0.849942481868107
0.4355,2.50962089407986
0.436,-0.686895014808129
0.4365,-2.07115621296027
0.437,1.98037465841391
0.4375,0.860082278563082
0.438,-2.49915698749753
0.4385,0.697363745913053
0.439,2.08162175236654
0.4395,-1.9702375027805
0.44,-0.849285032332578
0.4405,2.50929216965387
0.441,-0.687552464202329
0.4415,-2.07017003653439
0.442,1.98070338273759
0.4425,0.859424829963624
0.443,-2.49882826170037
0.4435,0.697692470231023
0.444,2.08096430368919
0.4445,-1.97089495359168
0.445,-0.848627582797643
0.4455,2.50929216965387
0.446,-0.687881188899635
0.4465,-2.06984131105957
0.447,1.98103210706132
0.4475,0.859096105663849
0.448,-2.49882826170037
0.4485,0.698349918866835
0.449,2.0806355793506
0.4495,-1.97056622818597
0.45,-0.847970133263303
0.4505,2.50929216965387
0.451,-0.68853863829466
0.4515,-2.06984131105957
0.452,1.98168955570892
0.4525,0.858767381364041
0.453,-2.49915698749753
0.4535,0.699007367502477
0.454,2.07964940633513
0.4545,-1.9712236789976
0.455,-0.847641408496355
0.4555,2.50896344522795
0.456,-0.688867362992379
0.4565,-2.06984131105957
0.457,1.98201828003278
0.4575,0.857781208464431
0.458,-2.49948571329496
0.4585,0.699664816137949
0.459,2.07964940633513
0.4595,-1.97188112981013
0.46,-0.846983958962906
0.4605,2.50929216965387
0.461,-0.68952481238823
0.4615,-2.06885513463648
0.462,1.98234700435669
0.4625,0.857452484164497
0.463,-2.49882826170037
0.4635,0.700322264773252
0.464,2.07964940633513
0.4645,-1.97188112981013
0.465,-0.846655234196404
0.4655,2.50962089407986
0.466,-0.690182261784631
0.4665,-2.06852640916258
0.467,1.98234700435669
0.4675,0.856795035564536
0.468,-2.49915698749753
0.4685,0.70065098909084
0.469,2.07932068199674
0.4695,-1.97253858062357
0.47,-0.845997784663845
0.4705,2.50929216965387
0.471,-0.690839711181583
0.4715,-2.06852640916258
0.472,1.98300445300465
0.4725,0.856137586964448
0.473,-2.49948571329496
0.4735,0.70163716204335
0.474,2.07899195765841
0.4745,-1.9731960314379
0.475,-0.845011610366118
0.4755,2.50962089407986
0.476,-0.691497160579086
0.4765,-2.06819768368891
0.477,1.9833331773287
0.4775,0.855480138364234
0.478,-2.49915698749753
0.4785,0.701965886360769
0.479,2.07800578464372
0.4795,-1.97352475684541
0.48,-0.844682885600506
0.4805,2.50962089407986
0.481,-0.692483334676373
0.4815,-2.06754023274228
0.482,1.98366190165279
0.4825,0.855151414064079
0.483,-2.49882826170037
0.4835,0.70262333499548
0.484,2.07800578464372
0.4845,-1.97385348225314
0.485,-0.844025436069727
0.4855,2.50962089407986
0.486,-0.69215460997714
0.4865,-2.06721150726931
0.487,1.98399062597693
0.4875,0.854165241163425
0.488,-2.49882826170037
0.4885,0.70360950794723
0.489,2.07800578464372
0.4895,-1.9741822076611
0.49,-0.843367986539541
0.4905,2.50962089407986
0.491,-0.693140784075254
0.4915,-2.06688278179657
0.492,1.98497679894962
0.4925,0.854165241163425
0.493,-2.49915698749753
0.4935,0.70426695658152
0.494,2.07734833596752
0.4945,-1.97451093306928
0.495,-0.842381812245373
0.4955,2.50994961850594
0.496,-0.69412695817461
0.4965,-2.06622533085179
0.497,1.98497679894962
0.4975,0.853179068262485
0.498,-2.49948571329496
0.4985,0.70426695658152
0.499,2.07669088729153
0.4995,-1.97483965847769
0.5,-0.842053087480946
0.5005,2.50929216965387
0.501,-0.69478440757487
0.5015,-2.06589660537975
0.502,1.98530552327395
0.5025,0.852192895361258
0.503,-2.49915698749753
0.5035,0.705253129532639
0.504,2.07636216295362
0.5045,-1.97516838388633
0.505,-0.841395637952538
0.5055,2.50962089407986
0.506,-0.695441856975682
0.5065,-2.06556787990794
0.507,1.98563424759831
0.5075,0.851864171060785
0.508,-2.49915698749753
0.5085,0.705581853849594
0.509,2.07570471427794
0.5095,-1.97549710929519
0.51,-0.841395637952538
0.5105,2.50962089407986
0.511,-0.696099306377046
0.5115,-2.06523915443636
0.512,1.98629169624719
0.5125,0.851206722459743
0.513,-2.49948571329496
0.5135,0.706568026800209
0.514,2.07570471427794
0.5145,-1.97615456011359
0.515,-0.840738188424721
0.5155,2.50929216965387
0.516,-0.696428031077935
0.5165,-2.06523915443636
0.517,1.98662042057169
0.5175,0.850549273858574
0.518,-2.49948571329496
0.5185,0.707225475433743
0.519,2.07504726560247
0.5195,-1.97648328552313
0.52,-0.840080738897497
0.5205,2.50929216965387
0.521,-0.697414205181431
0.5215,-2.06523915443636
0.522,1.98662042057169
0.5225,0.850220549557941
0.523,-2.49981443909265
0.5235,0.707225475433743
0.524,2.07504726560247
0.5245,-1.97681201093289
0.525,-0.839752014134106
0.5255,2.50962089407986
0.526,-0.698071654584453
0.5265,-2.06458170349391
0.527,1.98727786922084
0.5275,0.849563100956579
0.528,-2.49915698749753
0.5285,0.70821164838373
0.529,2.07438981692721
0.5295,-1.9774694617531
0.53,-0.838765839844823
0.5305,2.50929216965387
0.531,-0.698400379286172
0.5315,-2.06392425255237
0.532,1.98760659354548
0.5325,0.848905652355089
0.533,-2.49915698749753
0.5335,0.708540372700309
0.534,2.07406109258966
0.5345,-1.97779818716354
0.535,-0.837779665556871
0.5355,2.50962089407986
0.536,-0.699057828690023
0.5365,-2.06359552708196
0.537,1.98793531787017
0.5375,0.847919479452613
0.538,-2.49948571329496
0.5385,0.709197821333341
0.539,2.07406109258966
0.5395,-1.97812691257421
0.54,-0.837450940794516
0.5405,2.50962089407986
0.541,-0.699386553392156
0.5415,-2.06326680161177
0.542,1.98859276651969
0.5425,0.847590755151723
0.543,-2.49915698749753
0.5435,0.710183994282576
0.544,2.07340364391471
0.5445,-1.97911308880757
0.545,-0.836464766508336
0.5455,2.50962089407986
0.546,-0.700372727499385
0.5465,-2.06260935067209
0.547,1.98859276651969
0.5475,0.847262030850801
0.548,-2.49948571329496
0.5485,0.710512718598905
0.549,2.07274619523996
0.5495,-1.97878436339622
0.55,-0.836464766508336
0.5505,2.50962089407986
0.551,-0.701030176904896
0.5515,-2.0622806252026
0.552,1.98925021516939
0.5525,0.846933306549847
0.553,-2.49915698749753
0.5535,0.711170167231437
0.554,2.07307491957731
0.5545,-1.97911308880757
0.555,-0.835149867462166
0.5555,2.50962089407986
0.556,-0.701687626310961
0.5565,-2.0622806252026
0.557,1.98957893949431
0.5575,0.84594713364679
0.558,-2.49948571329496
0.5585,0.71149889154764
0.559,2.07208874656543
0.5595,-1.97977053963094
0.56,-0.835149867462166
0.5605,2.50962089407986
0.561,-0.702016351014201
0.5615,-2.06195189973335
0.562,1.98957893949431
0.5625,0.845289685044591
0.563,-2.49948571329496
0.5635,0.712485064496002
0.564,2.07208874656543
0.5645,-1.98009926504296
0.565,-0.834821142700992
0.5655,2.50962089407986
0.566,-0.702673800421097
0.5665,-2.06129444879552
0.567,1.99056511246934
0.5675,0.844960960743442
0.568,-2.49948571329496
0.5685,0.712485064496002
0.569,2.0714312978911
0.5695,-1.98042799045521
0.57,-0.833506243657774
0.5705,2.51027834293209
0.571,-0.703331249828547
0.5715,-2.06096572332696
0.572,1.99056511246934
0.5725,0.843646063538524
0.573,-2.49981443909265
0.5735,0.71347123744399
0.574,2.0714312978911
0.5745,-1.98075671586769
0.575,-0.833177518897338
0.5755,2.50962089407986
0.576,-0.703988699236551
0.5765,-2.06096572332696
0.577,1.99056511246934
0.5775,0.842988614935871
0.578,-2.49981443909265
0.5785,0.714128686075775
0.579,2.07077384921698
0.5795,-1.98141416669332
0.58,-0.832848794137049
0.5805,2.50962089407986
0.581,-0.704974873349597
0.5815,-2.06096572332696
0.582,1.99122256111959
0.5825,0.842659890634495
0.583,-2.49981443909265
0.5835,0.714786134707394
0.584,2.07044512487999
0.5845,-1.98207161751986
0.585,-0.831862619857069
0.5855,2.50962089407986
0.586,-0.705632322758988
0.5865,-2.06030827239053
0.587,1.99155128544479
0.5875,0.842331166333087
0.588,-2.49981443909265
0.5885,0.715114859023141
0.589,2.07011640054306
0.5895,-1.98240034293346
0.59,-0.831533895097371
0.5905,2.50994961850594
0.591,-0.705961047463892
0.5915,-2.05965082145502
0.592,1.99220873409532
0.5925,0.841673717730172
0.593,-2.50014316489061
0.5935,0.716101031970136
0.594,2.06978767620618
0.5945,-1.98240034293346
0.595,-0.830876445578415
0.5955,2.51027834293209
0.596,-0.706289772168934
0.5965,-2.05932209598762
0.597,1.99286618274603
0.5975,0.840687544825556
0.598,-2.49981443909265
0.5985,0.71675848060126
0.599,2.06978767620618
0.5995,-1.98305779376136
0.6,-0.830218996060049
0.6005,2.50962089407986
0.601,-0.707275946284894
0.6015,-2.05932209598762
0.602,1.99286618274603
0.6025,0.840030096222315
0.603,-2.49981443909265
0.6035,0.71708720491676
0.604,2.06880150319585
0.6045,-1.98305779376136
0.605,-0.830218996060049
0.6055,2.50962089407986
0.606,-0.707933395696228
0.6065,-2.05833591958679
0.607,1.99352363139693
0.6075,0.840030096222315
0.608,-2.49948571329496
0.6085,0.717744653547637
0.609,2.06880150319585
0.6095,-1.98338651917565
0.61,-0.829232821783605
0.6105,2.50994961850594
0.611,-0.708262120402103
0.6115,-2.05833591958679
0.612,1.99385235572245
0.6125,0.839372647618943
0.613,-2.49981443909265
0.6135,0.718402102178349
0.614,2.06880150319585
0.6145,-1.9840439700049
0.615,-0.828904097025085
0.6155,2.50929216965387
0.616,-0.70891956981427
0.6165,-2.05800719412031
0.617,1.99418108004802
0.6175,0.838386474713638
0.618,-2.49948571329496
0.6185,0.719388275124108
0.619,2.06781533018598
0.6195,-1.98470142083506
0.62,-0.827917922750407
0.6205,2.50994961850594
0.621,-0.709577019226994
0.6215,-2.05767846865406
0.622,1.99483852869929
0.6225,0.838057750411805
0.623,-2.50014316489061
0.6235,0.71971699943928
0.624,2.06781533018598
0.6245,-1.98503014625047
0.625,-0.827260473234691
0.6255,2.50994961850594
0.626,-0.710234468640273
0.6265,-2.05734974318805
0.627,1.99516725302499
0.6275,0.837400301808038
0.628,-2.49948571329496
0.6285,0.72004572375441
0.629,2.06715788151299
0.6295,-1.98535887166612
0.63,-0.82627429896222
0.6305,2.50962089407986
0.631,-0.710891918054109
0.6315,-2.05636356679139
0.632,1.99549597735075
0.6325,0.83674285320414
0.633,-2.49948571329496
0.6335,0.721031896699555
0.634,2.06650043284021
0.6345,-1.98535887166612
0.635,-0.825945574205024
0.6355,2.50994961850594
0.636,-0.711549367468501
0.6365,-2.05636356679139
0.637,1.99615342600239
0.6375,0.835756680298046
0.638,-2.49915698749753
0.6385,0.721360621014521
0.639,2.06650043284021
0.6395,-1.98568759708199
0.64,-0.825616849447974
0.6405,2.50929216965387
0.641,-0.711549367468501
0.6415,-2.0560348413263
0.642,1.99615342600239
0.6425,0.835756680298046
0.643,-2.50014316489061
0.6435,0.722346793959175
0.644,2.0661717085039
0.6445,-1.98700249874774
0.645,-0.824959399934317
0.6455,2.50962089407986
0.646,-0.713192991006916
0.6465,-2.05537739039681
0.647,1.99681087465422
0.6475,0.834770507391654
0.648,-2.49948571329496
0.6485,0.72300424258874
0.649,2.06584298416763
0.6495,-1.98667377333097
0.65,-0.823973225664932
0.6505,2.50962089407986
0.651,-0.713192991006916
0.6515,-2.05504866493241
0.652,1.9971395989802
0.6525,0.834113058787227
0.653,-2.49981443909265
0.6535,0.723661691218142
0.654,2.06551425983142
0.6545,-1.98700249874774
0.655,-0.823315776152743
0.6555,2.50994961850594
0.656,-0.713521715715017
0.6565,-2.05471993946825
0.657,1.99746832330623
0.6575,0.833455610182668
0.658,-2.49981443909265
0.6585,0.724319139847381
0.659,2.06518553549526
0.6595,-1.98765994958198
0.66,-0.822658326641141
0.6605,2.50994961850594
0.661,-0.714179165131636
0.6615,-2.05439121400431
0.662,1.99779704763231
0.6625,0.833126885880339
0.663,-2.49981443909265
0.6635,0.72464786416194
0.664,2.06452808682309
0.6645,-1.98765994958198
0.665,-0.82232960188556
0.6655,2.50994961850594
0.666,-0.714836614548813
0.6665,-2.05439121400431
0.667,1.99812577195843
0.6675,0.83246943727558
0.668,-2.49948571329496
0.6685,0.725305312790935
0.669,2.06452808682309
0.6695,-1.98831740041712
0.67,-0.821343427619699
0.6705,2.51027834293209
0.671,-0.715494063966547
0.6715,-2.05373376307714
0.672,1.9984544962846
0.6725,0.831811988670688
0.673,-2.49981443909265
0.6735,0.725962761419767
0.674,2.06419936248709
0.6745,-1.98897485125317
0.675,-0.821014702864705
0.6755,2.51027834293209
0.676,-0.716151513384839
0.6765,-2.05373376307714
0.677,1.99911194493709
0.6775,0.831483264368192
0.678,-2.50014316489061
0.6785,0.726620210048437
0.679,2.06387063815113
0.6795,-1.98930357667153
0.68,-0.820357253355157
0.6805,2.51060706735833
0.681,-0.716480238094194
0.6815,-2.05307631215089
0.682,1.99976939358975
0.6825,0.830497091460505
0.683,-2.50014316489061
0.6835,0.727277658676946
0.684,2.06354191381523
0.6845,-1.98930357667153
0.685,-0.819371079091935
0.6855,2.51060706735833
0.686,-0.717466412223097
0.6865,-2.05274758668811
0.687,2.00009811791616
0.6875,0.830168367157875
0.688,-2.49981443909265
0.6885,0.727935107305292
0.689,2.06321318947938
0.6895,-1.98963230209013
0.69,-0.819042354337821
0.6905,2.51027834293209
0.691,-0.718123861643063
0.6915,-2.05241886122556
0.692,2.00042684224261
0.6925,0.829839642855213
0.693,-2.50047189068882
0.6935,0.728592555933476
0.694,2.06288446514357
0.6945,-1.99028975292799
0.695,-0.818713629583853
0.6955,2.51027834293209
0.696,-0.718452586353255
0.6965,-2.05176141030116
0.697,2.00075556656911
0.6975,0.829182194249787
0.698,-2.49981443909265
0.6985,0.728592555933476
0.699,2.06255574080782
0.6995,-1.99028975292799
0.7,-0.818056180076357
0.7005,2.51027834293209
0.701,-0.71943876048467
0.7015,-2.05209013576324
0.702,2.00075556656911
0.7025,0.828196021341396
0.703,-2.49981443909265
0.7035,0.72957872887545
0.704,2.06222701647212
0.7045,-1.99094720376676
0.705,-0.817398730569447
0.7055,2.51027834293209
0.706,-0.719767485195421
0.7065,-2.05143268483931
0.707,2.00174173954888
0.7075,0.827867297038533
0.708,-2.49948571329496
0.7085,0.730564901817061
0.709,2.06189829213647
0.7095,-1.99127592918648
0.71,-0.817070005816211
0.7105,2.51027834293209
0.711,-0.720424934617342
0.7115,-2.05044650845513
0.712,2.00174173954888
0.7125,0.827209848432704
0.713,-2.50014316489061
0.7135,0.7312223504446
0.714,2.06156956780088
0.7145,-1.99193338002662
0.715,-0.816412556310179
0.7155,2.51060706735833
0.716,-0.720424934617342
0.7165,-2.05044650845513
0.717,2.00174173954888
0.7175,0.82688112412974
0.718,-2.50014316489061
0.7185,0.731551074758309
0.719,2.06124084346533
0.7195,-1.99193338002662
0.72,-0.815755106804733
0.7205,2.51060706735833
0.721,-0.721739833462862
0.7215,-2.0501177829942
0.722,2.00272791252908
0.7225,0.826223675523709
0.723,-2.50014316489061
0.7235,0.731879799071979
0.724,2.06091211912983
0.7245,-1.99259083086765
0.725,-0.81476893254766
0.7255,2.51093579178465
0.726,-0.721739833462862
0.7265,-2.04946033207303
0.727,2.00305663685591
0.7275,0.825894951220644
0.728,-2.50014316489061
0.7285,0.733194696326253
0.729,2.06058339479439
0.7295,-1.99259083086765
0.73,-0.814111483043676
0.7305,2.51060706735833
0.731,-0.722726007598469
0.7315,-2.04913160661279
0.732,2.00305663685591
0.7325,0.824908778311244
0.733,-2.49915698749753
0.7335,0.733194696326253
0.734,2.05959722178836
0.7345,-1.99357700713092
0.735,-0.813782758291903
0.7355,2.51060706735833
0.736,-0.723054732310619
0.7365,-2.04880288115279
0.737,2.0037140855097
0.7375,0.824251329704809
0.738,-2.49981443909265
0.7385,0.734180869266539
0.739,2.05926849745312
0.7395,-1.99390573255246
0.74,-0.813454033540277
0.7405,2.51027834293209
0.741,-0.724040906447906
0.7415,-2.04814543023347
0.742,2.00437153416368
0.7425,0.823593881098239
0.743,-2.50014316489061
0.7435,0.734509593579887
0.744,2.05893977311793
0.7445,-1.99489190881844
0.745,-0.812467859286274
0.7455,2.50994961850594
0.746,-0.724369631160614
0.7465,-2.04814543023347
0.747,2.00404280983667
0.7475,0.822607708188129
0.748,-2.49981443909265
0.7485,0.735167042206464
0.749,2.05861104878279
0.7495,-1.99489190881844
0.75,-0.812139134535232
0.7505,2.50994961850594
0.751,-0.725684530012851
0.7515,-2.04781670477415
0.752,2.00470025849074
0.7525,0.822278983884691
0.753,-2.50014316489061
0.7535,0.735824490832881
0.754,2.0582823244477
0.7545,-1.99522063424089
0.755,-0.811481685033586
0.7555,2.50994961850594
0.756,-0.72601325472626
0.7565,-2.04748797931507
0.757,2.00535770714501
0.7575,0.821950259581219
0.758,-2.50014316489061
0.7585,0.736153215146029
0.759,2.05729615144274
0.7595,-1.99522063424089
0.76,-0.810495510782211
0.7605,2.50994961850594
0.761,-0.726670704153499
0.7615,-2.04715925385622
0.762,2.00535770714501
0.7625,0.820635362366992
0.763,-2.50014316489061
0.7635,0.736810663772207
0.764,2.05729615144274
0.7645,-1.99587808508647
0.765,-0.810495510782211
0.7655,2.50994961850594
0.766,-0.727328153581299
0.7665,-2.04715925385622
0.767,2.00568643147221
0.7675,0.820306638063349
0.768,-2.50014316489061
0.7685,0.737468112398225
0.769,2.05663870277302
0.7695,-1.99653553593296
0.77,-0.80950933653215
0.7705,2.50994961850594
0.771,-0.727656878295409
0.7715,-2.0468305283976
0.772,2.00601515579946
0.7725,0.819320465152219
0.773,-2.49981443909265
0.7735,0.738125561024085
0.774,2.05663870277302
0.7745,-1.99620681050961
0.775,-0.809180611782422
0.7755,2.51027834293209
0.776,-0.728314327724051
0.7765,-2.0465018029392
0.777,2.00634388012676
0.7775,0.81833429224078
0.778,-2.50014316489061
0.7785,0.738783009649785
0.779,2.05663870277302
0.7795,-1.99686426135655
0.78,-0.808194437534111
0.7805,2.50994961850594
0.781,-0.729300501868065
0.7815,-2.04617307748104
0.782,2.0066726044541
0.7825,0.81899174084844
0.783,-2.50014316489061
0.7835,0.739111733962576
0.784,2.0559812541035
0.7845,-1.99719298678036
0.785,-0.807536988035966
0.7855,2.50994961850594
0.786,-0.729629226583017
0.7865,-2.04551562656542
0.787,2.00700132878149
0.7875,0.81833429224078
0.788,-2.50047189068882
0.7885,0.740097906900709
0.789,2.05565252976882
0.7895,-1.9975217122044
0.79,-0.807536988035966
0.7905,2.50994961850594
0.791,-0.730286676013342
0.7915,-2.04485817565071
0.792,2.00765877743642
0.7925,0.817348119329034
0.793,-2.50047189068882
0.7935,0.740426631213341
0.794,2.0549950810996
0.7945,-1.99817916305317
0.795,-0.806550813789842
0.7955,2.50994961850594
0.796,-0.730944125444229
0.7965,-2.0445294501937
0.797,2.00798750176395
0.7975,0.816690670721031
0.798,-2.50014316489061
0.7985,0.740755355525934
0.799,2.05466635676507
0.7995,-1.99850788847789
0.8,-0.805893364293154
0.8005,2.50994961850594
0.801,-0.731601574875678
0.8015,-2.04420072473692
0.802,2.00798750176395
0.8025,0.816033222112891
0.803,-2.50014316489061
0.8035,0.741741528463474
0.804,2.05433763243059
0.8045,-1.99850788847789
0.805,-0.805564639545028
0.8055,2.51027834293209
0.806,-0.732259024307689
0.8065,-2.04420072473692
0.807,2.00897367474684
0.8075,0.815375773504614
0.808,-2.50047189068882
0.8085,0.742398977088303
0.809,2.05368018376178
0.8095,-1.99949406475342
0.81,-0.804907190049214
0.8105,2.50994961850594
0.811,-0.732587749023905
0.8115,-2.04354327382406
0.812,2.00930239907456
0.8125,0.815375773504614
0.813,-2.50047189068882
0.8135,0.743385150025251
0.814,2.05368018376178
0.8145,-1.99949406475342
0.815,-0.804578465301525
0.8155,2.51027834293209
0.816,-0.73324519845676
0.8165,-2.04354327382406
0.817,2.00963112340233
0.8175,0.814389600591939
0.818,-2.50047189068882
0.8185,0.743385150025251
0.819,2.05269401075894
0.8195,-2.00015151560491
0.82,-0.803921015806584
0.8205,2.51027834293209
0.821,-0.734231372607096
0.8215,-2.04288582291212
0.822,2.00995984773015
0.8225,0.813403427678954
0.823,-2.50047189068882
0.8235,0.744371322961845
0.824,2.05236528642477
0.8245,-2.00080896645731
0.825,-0.803263566312224
0.8255,2.50994961850594
0.826,-0.734888822041358
0.8265,-2.04288582291212
0.827,2.01094602071389
0.8275,0.813074703374557
0.828,-2.5008006164873
0.8285,0.744700047273964
0.829,2.05203656209064
0.8295,-2.00080896645731
0.83,-0.802606116818447
0.8305,2.51027834293209
0.831,-0.735546271476182
0.8315,-2.04189964654594
0.832,2.01094602071389
0.8325,0.812417254765658
0.833,-2.50014316489061
0.8335,0.745357495898084
0.834,2.05203656209064
0.8345,-2.00080896645731
0.835,-0.801948667325251
0.8355,2.50994961850594
0.836,-0.735874996193805
0.8365,-2.04157092109101
0.837,2.01061729638593
0.8375,0.811431081852049
0.838,-2.50014316489061
0.8385,0.746343668833971
0.839,2.05137911342253
0.8395,-2.00113769188386
0.84,-0.801291217832636
0.8405,2.51027834293209
0.841,-0.73686117034752
0.8415,-2.04157092109101
0.842,2.0112747450419
0.8425,0.811102357547444
0.843,-2.5008006164873
0.8435,0.746343668833971
0.844,2.05137911342253
0.8445,-2.00212386816485
0.845,-0.800633768340603
0.8455,2.50962089407986
0.846,-0.737518619784034
0.8465,-2.04091347018183
0.847,2.01160346936995
0.8475,0.810444908938129
0.848,-2.50047189068882
0.8485,0.747329841769505
0.849,2.05072166475463
0.8495,-2.0024525935923
0.85,-0.800305043594804
0.8505,2.50962089407986
0.851,-0.737847344502502
0.8515,-2.0412421956363
0.852,2.01226091802621
0.8525,0.810116184633419
0.853,-2.50047189068882
0.8535,0.747987290392998
0.854,2.05072166475463
0.8545,-2.0024525935923
0.855,-0.799647594103642
0.8555,2.51060706735833
0.856,-0.738176069221112
0.8565,-2.04058474472759
0.857,2.01291836668265
0.8575,0.810116184633419
0.858,-2.50047189068882
0.8585,0.748644739016336
0.859,2.05039294042075
0.8595,-2.00311004444789
0.86,-0.798990144613061
0.8605,2.51027834293209
0.861,-0.739162243377786
0.8615,-2.0399272938198
0.862,2.01291836668265
0.8625,0.809130011719081
0.863,-2.50047189068882
0.8635,0.749302187639517
0.864,2.04973549175315
0.8645,-2.00343876987602
0.865,-0.798332695123061
0.8655,2.51060706735833
0.866,-0.739490968096959
0.8665,-2.03926984291292
0.867,2.01357581533928
0.8675,0.808143838804429
0.868,-2.50047189068882
0.8685,0.749959636262543
0.869,2.04973549175315
0.8695,-2.00343876987602
0.87,-0.79767524563364
0.8705,2.50962089407986
0.871,-0.739819692816274
0.8715,-2.03926984291292
0.872,2.01390453966767
0.8725,0.807486390194486
0.873,-2.5008006164873
0.8735,0.750617084885413
0.874,2.04973549175315
0.8745,-2.00376749530439
0.875,-0.7970177961448
0.8755,2.51027834293209
0.876,-0.740477142255326
0.8765,-2.03861239200697
0.877,2.01423326399611
0.8775,0.807486390194486
0.878,-2.50047189068882
0.8785,0.750945809196789
0.879,2.04874931875213
0.8795,-2.0044249461618
0.88,-0.796031621912628
0.8805,2.51027834293209
0.881,-0.741463316414963
0.8815,-2.03894111745983
0.882,2.0145619883246
0.8825,0.806500217279309
0.883,-2.50047189068882
0.8835,0.751603257819425
0.884,2.04874931875213
0.8845,-2.00508239702012
0.885,-0.79570289716886
0.8855,2.51060706735833
0.886,-0.741792041135125
0.8865,-2.03795494110194
0.887,2.01521943698171
0.8875,0.805842768669016
0.888,-2.50047189068882
0.8885,0.752260706441907
0.889,2.04776314575155
0.8895,-2.00541112244962
0.89,-0.79504544768176
0.8905,2.51060706735833
0.891,-0.742778215296456
0.8915,-2.03762621564977
0.892,2.01554816131034
0.8925,0.805185320058583
0.893,-2.50047189068882
0.8935,0.752260706441907
0.894,2.04743442141813
0.8945,-2.00573984787935
0.895,-0.794387998195239
0.8955,2.51027834293209
0.896,-0.743106940017183
0.8965,-2.03729749019783
0.897,2.01554816131034
0.8975,0.804527871448009
0.898,-2.5008006164873
0.8985,0.753246879375338
0.899,2.04743442141813
0.8995,-2.00639729873949
0.9,-0.794387998195239
0.9005,2.51027834293209
0.901,-0.743764389459059
0.9015,-2.03729749019783
0.902,2.01587688563901
0.9025,0.80419914714267
0.903,-2.50047189068882
0.9035,0.754233052308421
0.904,2.04677697275143
0.9045,-2.00672602416991
0.905,-0.793073099223935
0.9055,2.50994961850594
0.906,-0.744421838901501
0.9065,-2.03696876474612
0.907,2.01620560996774
0.9075,0.803212974226439
0.908,-2.5008006164873
0.9085,0.754561776619371
0.909,2.04644824841815
0.9095,-2.00672602416991
0.91,-0.793073099223935
0.9105,2.51027834293209
0.911,-0.745079288344509
0.9115,-2.03631131384339
0.912,2.01653433429651
0.9125,0.802555525615443
0.913,-2.5008006164873
0.9135,0.755219225241156
0.914,2.04611952408493
0.9145,-2.00738347503142
0.915,-0.792086924996976
0.9155,2.50962089407986
0.916,-0.745736737788083
0.9165,-2.03598258839237
0.917,2.01719178295419
0.9175,0.801898077004305
0.918,-2.50047189068882
0.9185,0.755876673862786
0.919,2.04579079975175
0.9195,-2.00804092589384
0.92,-0.791758200254946
0.9205,2.50994961850594
0.921,-0.746065462510081
0.9215,-2.03565386294158
0.922,2.01752050728311
0.9225,0.801569352698683
0.923,-2.5008006164873
0.9235,0.756534122484263
0.924,2.04546207541863
0.9245,-2.00804092589384
0.925,-0.790772026029724
0.9255,2.50994961850594
0.926,-0.747051636676928
0.9265,-2.03532513749102
0.927,2.01817795594108
0.9275,0.800911904087332
0.928,-2.50047189068882
0.9285,0.757191571105585
0.929,2.04513335108555
0.9295,-2.00869837675718
0.93,-0.790443301288272
0.9305,2.51027834293209
0.931,-0.747380361399493
0.9315,-2.03433896114071
0.932,2.01883540459925
0.9325,0.80025445547584
0.933,-2.5008006164873
0.9335,0.757520295416189
0.934,2.04480462675253
0.9345,-2.00935582762143
0.935,-0.789457127064785
0.9355,2.51027834293209
0.936,-0.748037810845048
0.9365,-2.03466768659059
0.937,2.01850668027014
0.9375,0.799268282558336
0.938,-2.50047189068882
0.9385,0.758177744037281
0.939,2.04447590241955
0.9395,-2.00902710218919
0.94,-0.789128402323911
0.9405,2.51027834293209
0.941,-0.74869526029117
0.9415,-2.03433896114071
0.942,2.01916412892841
0.9425,0.798939558252431
0.943,-2.50047189068882
0.9435,0.758835192658219
0.944,2.04381845375375
0.9445,-2.00935582762143
0.945,-0.788470952842597
0.9455,2.50994961850594
0.946,-0.749681434461415
0.9465,-2.03401023569107
0.947,2.01982157758686
0.9475,0.798610833946489
0.948,-2.50112934228604
0.9485,0.759163916968631
0.949,2.04348972942093
0.9495,-2.01034200391951
0.95,-0.788142228102157
0.9505,2.51027834293209
0.951,-0.750010159185114
0.9515,-2.03335278479248
0.952,2.01982157758686
0.9525,0.797624661028452
0.953,-2.50047189068882
0.9535,0.75982136558934
0.954,2.04316100508815
0.9545,-2.01034200391951
0.955,-0.78748477862171
0.9555,2.50962089407986
0.956,-0.750338883908954
0.9565,-2.03368151024166
0.957,2.02015030191616
0.9575,0.796967212416248
0.958,-2.5008006164873
0.9585,0.760478814209895
0.959,2.04250355642275
0.9595,-2.01099945478604
0.96,-0.78682732914184
0.9605,2.51027834293209
0.961,-0.75099633335706
0.9615,-2.03269533389481
0.962,2.02080775057491
0.9625,0.795981039497675
0.963,-2.5008006164873
0.9635,0.761464987140442
0.964,2.04217483209012
0.9645,-2.01132818021965
0.965,-0.786498604402122
0.9655,2.51027834293209
0.966,-0.751653782805734
0.9665,-2.03203788299805
0.967,2.02080775057491
0.9675,0.795981039497675
0.968,-2.50014316489061
0.9685,0.762122435760616
0.969,2.04217483209012
0.9695,-2.01132818021965
0.97,-0.78518370544469
0.9705,2.51093579178465
0.971,-0.751982507530283
0.9715,-2.03170915755002
0.972,2.02113647490435
0.9725,0.795323590885115
0.973,-2.50014316489061
0.9735,0.762779884380638
0.974,2.04184610775754
0.9745,-2.01198563108755
0.975,-0.78518370544469
0.9755,2.51060706735833
0.976,-0.752968681704784
0.9765,-2.03138043210222
0.977,2.02179392356339
0.9775,0.794666142272411
0.978,-2.49981443909265
0.9785,0.763437333000507
0.979,2.04184610775754
0.9795,-2.01231435652184
0.98,-0.78452625596684
0.9805,2.51027834293209
0.981,-0.753626131155161
0.9815,-2.03105170665465
0.982,2.02212264789298
0.9825,0.794666142272411
0.983,-2.50014316489061
0.9835,0.763766057310385
0.984,2.04118865909254
0.9845,-2.01264308195636
0.985,-0.783211357012869
0.9855,2.51027834293209
0.986,-0.753954855880562
0.9865,-2.03105170665465
0.987,2.0227800965523
0.9875,0.793679969353085
0.988,-2.50047189068882
0.9885,0.764423505930026
0.989,2.04118865909254
0.9895,-2.01297180739111
0.99,-0.782882632274736
0.9905,2.50994961850594
0.991,-0.754612305331792
0.9915,-2.0300655303133
0.992,2.02343754521182
0.9925,0.793351245046572
0.993,-2.50047189068882
0.9935,0.765080954549516
0.994,2.04085993476011
0.9945,-2.01362925826129
0.995,-0.782553907536748
0.9955,2.51027834293209
0.996,-0.755269754783589
0.9965,-2.0300655303133
0.997,2.02343754521182
0.9975,0.793022520740022
0.998,-2.50047189068882
0.9985,0.766067127478466
0.999,2.0402024860954
0.9995,-2.01362925826129
1,-0.781567733323646
1.0005,2.51093579178465
1.001,-0.755598479509701
1.0015,-2.02973680486665
1.002,2.02409499387153
1.0025,0.792365072126816
1.003,-2.50014316489061
1.0035,0.766724576097577
1.004,2.0402024860954
1.0045,-2.01395798369673
1.005,-0.781239008586234
1.0055,2.51060706735833
1.006,-0.75658465368889
1.0065,-2.02907935397403
1.007,2.02409499387153
1.0075,0.791378899206735
1.008,-2.50014316489061
1.0085,0.767382024716537
1.009,2.03987376176312
1.0095,-2.01461543456828
1.01,-0.780252834374859
1.0105,2.51027834293209
1.011,-0.75658465368889
1.0115,-2.02875062852806
1.012,2.02442371820145
1.0125,0.79039272628633
1.013,-2.50047189068882
1.0135,0.767382024716537
1.014,2.03921631309871
1.0145,-2.0149441600044
1.015,-0.780252834374859
1.0155,2.51027834293209
1.016,-0.757899552596467
1.0165,-2.02875062852806
1.017,2.02508116686146
1.0175,0.790064001979455
1.018,-2.50047189068882
1.0185,0.768039473335346
1.019,2.0385588644345
1.0195,-2.0149441600044
1.02,-0.779595384901329
1.0205,2.51027834293209
1.021,-0.758228277323717
1.0215,-2.02809317763682
1.022,2.02508116686146
1.0225,0.789735277672545
1.023,-2.50047189068882
1.0235,0.768696921954004
1.024,2.03823014010247
1.0245,-2.01560161087733
1.025,-0.778937935428374
1.0255,2.50994961850594
1.026,-0.759214451506321
1.0265,-2.02776445219154
1.027,2.02540989119153
1.0275,0.788749104751597
1.028,-2.50047189068882
1.0285,0.768696921954004
1.029,2.03790141577049
1.0295,-2.01625906175117
1.03,-0.778280485955994
1.0305,2.50994961850594
1.031,-0.759871900962102
1.0315,-2.02743572674649
1.032,2.02573861552165
1.0325,0.78809165613745
1.033,-2.50047189068882
1.0335,0.770011819190869
1.034,2.03724396710667
1.0345,-2.01625906175117
1.035,-0.777623036484189
1.0355,2.50994961850594
1.036,-0.760529350418454
1.0365,-2.02743572674649
1.037,2.02606733985182
1.0375,0.78809165613745
1.038,-2.5008006164873
1.0385,0.770340543499991
1.039,2.03691524277483
1.0395,-2.01724523806364
1.04,-0.777294311748502
1.0405,2.51027834293209
1.041,-0.761186799875375
1.0415,-2.02644955041272
1.042,2.02705351284262
1.0425,0.787105483215958
1.043,-2.5008006164873
1.0435,0.770997992118123
1.044,2.03658651844305
1.0445,-2.01724523806364
1.045,-0.776308137542303
1.0455,2.51027834293209
1.046,-0.761186799875375
1.0465,-2.02644955041272
1.047,2.02705351284262
1.0475,0.786448034601448
1.048,-2.50014316489061
1.0485,0.771655440736105
1.049,2.03658651844305
1.0495,-2.01757396350159
1.05,-0.776308137542303
1.0505,2.51060706735833
1.051,-0.762172974061826
1.0515,-2.02612082496859
1.052,2.02738223717299
1.0525,0.785461861679409
1.053,-2.5008006164873
1.0535,0.77198416504504
1.054,2.03560034544799
1.0545,-2.01823141437817
1.055,-0.774993238602715
1.0555,2.51027834293209
1.056,-0.762830423520173
1.0565,-2.02546337408101
1.057,2.02738223717299
1.0575,0.784804413064535
1.058,-2.5008006164873
1.0585,0.772641613662797
1.059,2.03494289678486
1.0595,-2.01888886525567
1.06,-0.774993238602715
1.0605,2.50962089407986
1.061,-0.763816597708764
1.0615,-2.02513464863757
1.062,2.02836841016438
1.0625,0.784475688757042
1.063,-2.50112934228604
1.0635,0.773299062280405
1.064,2.0352716211164
1.0645,-2.01888886525567
1.065,-0.77400706439953
1.0655,2.50994961850594
1.066,-0.764145322438579
1.0665,-2.02480592319436
1.067,2.02836841016438
1.0675,0.783818240141948
1.068,-2.50014316489061
1.0685,0.774613959515174
1.069,2.03428544812193
1.0695,-2.01921759069476
1.07,-0.773349614931457
1.0705,2.50994961850594
1.071,-0.764802771898639
1.0715,-2.02480592319436
1.072,2.02902585882554
1.0725,0.783489515834346
1.073,-2.50047189068882
1.0735,0.774942683823772
1.074,2.03395672379054
1.0745,-2.01954631613408
1.075,-0.773020890197636
1.0755,2.50994961850594
1.076,-0.76546022135927
1.0765,-2.02349102142379
1.077,2.02902585882554
1.0775,0.782503342911321
1.078,-2.5008006164873
1.0785,0.775271408132334
1.079,2.03395672379054
1.0795,-2.01987504157363
1.08,-0.772692165463958
1.0805,2.51060706735833
1.081,-0.766117670820472
1.0815,-2.02381974686609
1.082,2.02968330748691
1.0825,0.782174618603572
1.083,-2.5008006164873
1.0835,0.775600132440858
1.084,2.0336279994592
1.0845,-2.02053249245342
1.085,-0.771705991263784
1.0855,2.51027834293209
1.086,-0.766775120282245
1.0865,-2.02381974686609
1.087,2.03034075614847
1.0875,0.781188445680106
1.088,-2.5008006164873
1.0885,0.776586305366209
1.089,2.03297055079666
1.0895,-2.02020376701341
1.09,-0.7707198170649
1.0905,2.51027834293209
1.091,-0.767103845013347
1.0915,-2.02283357053988
1.092,2.03034075614847
1.0925,0.78085972137221
1.093,-2.50047189068882
1.0935,0.777243753982924
1.094,2.03264182646546
1.0945,-2.02118994333412
1.095,-0.7707198170649
1.0955,2.50994961850594
1.096,-0.767761294475978
1.0965,-2.02250484509827
1.097,2.03099820481022
1.0975,0.779873548448302
1.098,-2.50112934228604
1.0985,0.77790120259949
1.099,2.03231310213432
1.0995,-2.02151866877482
1.1,-0.769733642867305
1.1005,2.51027834293209
1.101,-0.768090019207508
1.1015,-2.02217611965689
1.102,2.03132692914117
1.1025,0.779544824140259
1.103,-2.50047189068882
1.1035,0.778558651215909
1.104,2.03231310213432
1.1045,-2.02118994333412
1.105,-0.768747468670998
1.1055,2.51027834293209
1.106,-0.768747468670998
1.1065,-2.02151866877482
1.107,2.03132692914117
1.1075,0.778887375524063
1.108,-2.50014316489061
1.1085,0.779216099832179
1.109,2.03165565347217
1.1095,-2.02217611965689
1.11,-0.768418743939181
1.1105,2.51027834293209
1.111,-0.769733642867305
1.1115,-2.02118994333412
1.112,2.03165565347217
1.1125,0.778229926907718
1.113,-2.50047189068882
1.1135,0.779544824140259
1.114,2.03165565347217
1.1145,-2.02283357053988
1.115,-0.768090019207508
1.1155,2.51027834293209
1.116,-0.769733642867305
1.1165,-2.02053249245342
1.117,2.03231310213432
1.1175,0.777572478291225
1.118,-2.49981443909265
1.1185,0.780530997064278
1.119,2.03099820481022
1.1195,-2.02250484509827
1.12,-0.767432569744591
1.1205,2.51060706735833
1.121,-0.770391092332225
1.1215,-2.02053249245342
1.122,2.03231310213432
1.1225,0.777243753982924
1.123,-2.50047189068882
1.1235,0.78085972137221
1.124,2.03066948047932
1.1245,-2.02250484509827
1.125,-0.766446395551287
1.1255,2.51060706735833
1.126,-0.771048541797718
1.1265,-2.02053249245342
1.127,2.03264182646546
1.1275,0.776586305366209
1.128,-2.5008006164873
1.1285,0.781517169987964
1.129,2.03034075614847
1.1295,-2.02381974686609
1.13,-0.766117670820472
1.1305,2.51027834293209
1.131,-0.771705991263784
1.1315,-2.01987504157363
1.132,2.0332992751279
1.1325,0.775928856749346
1.133,-2.50047189068882
1.1335,0.782174618603572
1.134,2.03001203181766
1.1345,-2.02414847230861
1.135,-0.765788946089799
1.1355,2.50994961850594
1.136,-0.772692165463958
1.1365,-2.01987504157363
1.137,2.03428544812193
1.1375,0.774942683823772
1.138,-2.50047189068882
1.1385,0.782503342911321
1.139,2.0293545831562
1.1395,-2.02480592319436
1.14,-0.764802771898639
1.1405,2.50994961850594
1.141,-0.773349614931457
1.1415,-2.01888886525567
1.142,2.03395672379054
1.1425,0.774613959515174
1.143,-2.50047189068882
1.1435,0.782832067219032
1.144,2.02902585882554
1.1445,-2.02513464863757
1.145,-0.764474047168538
1.1455,2.51027834293209
1.146,-0.77400706439953
1.1465,-2.01888886525567
1.147,2.03461417245337
1.1475,0.773956510897864
1.148,-2.5008006164873
1.1485,0.783818240141948
1.149,2.02869713449494
1.1495,-2.02513464863757
1.15,-0.763487872979091
1.1505,2.50994961850594
1.151,-0.774335789133781
1.1515,-2.01888886525567
1.152,2.03494289678486
1.1525,0.773299062280405
1.153,-2.5008006164873
1.1535,0.784475688757042
1.154,2.02836841016438
1.1545,-2.02546337408101
1.155,-0.763159148249561
1.1555,2.50994961850594
1.156,-0.774664513868176
1.1565,-2.01790268893977
1.157,2.03560034544799
1.1575,0.773299062280405
1.158,-2.50047189068882
1.1585,0.78513313737199
1.159,2.0277109615034
1.1595,-2.02513464863757
1.16,-0.762172974061826
1.1605,2.51027834293209
1.161,-0.775650688072222
1.1615,-2.01757396350159
1.162,2.03560034544799
1.1625,0.772641613662797
1.163,-2.50047189068882
1.1635,0.785790585986792
1.164,2.0277109615034
1.1645,-2.02579209952469
1.165,-0.761844249332866
1.1655,2.51027834293209
1.166,-0.775979412807191
1.1665,-2.01724523806364
1.167,2.03625779411131
1.1675,0.77198416504504
1.168,-2.50014316489061
1.1685,0.786119310294138
1.169,2.02738223717299
1.1695,-2.02644955041272
1.17,-0.761186799875375
1.1705,2.51027834293209
1.171,-0.776636862277559
1.1715,-2.01691651262592
1.172,2.03625779411131
1.1725,0.770997992118123
1.173,-2.50047189068882
1.1735,0.787105483215958
1.174,2.02705351284262
1.1745,-2.02710700130167
1.175,-0.760529350418454
1.1755,2.51027834293209
1.176,-0.777623036484189
1.1765,-2.01658778718843
1.177,2.03691524277483
1.1775,0.770669267809076
1.178,-2.5008006164873
1.1785,0.787434207523158
1.179,2.02672478851231
1.1795,-2.02743572674649
1.18,-0.759871900962102
1.1805,2.51093579178465
1.181,-0.778280485955994
1.1815,-2.01593033631413
1.182,2.03724396710667
1.1825,0.769683094881709
1.183,-2.5008006164873
1.1835,0.78809165613745
1.184,2.02606733985182
1.1845,-2.02776445219154
1.185,-0.759543176234141
1.1855,2.51027834293209
1.186,-0.778609210692113
1.1865,-2.01593033631413
1.187,2.03790141577049
1.1875,0.769025646263277
1.188,-2.50014316489061
1.1885,0.788749104751597
1.189,2.02573861552165
1.1895,-2.02809317763682
1.19,-0.758557002051109
1.1905,2.51027834293209
1.191,-0.77926666016478
1.1915,-2.01527288544075
1.192,2.03790141577049
1.1925,0.768696921954004
1.193,-2.50047189068882
1.1935,0.788749104751597
1.194,2.02508116686146
1.1945,-2.02875062852806
1.195,-0.757899552596467
1.1955,2.50994961850594
1.196,-0.779924109638023
1.1965,-2.01527288544075
1.197,2.03790141577049
1.1975,0.76771074902596
1.198,-2.5008006164873
1.1985,0.79039272628633
1.199,2.02475244253143
1.1995,-2.02842190308232
1.2,-0.757570827869359
1.2005,2.50962089407986
1.201,-0.78058155911184
1.2015,-2.01428670913239
1.202,2.0385588644345
1.2025,0.767382024716537
1.203,-2.50112934228604
1.2035,0.79039272628633
1.204,2.02442371820145
1.2045,-2.02940807942022
1.205,-0.756913378415571
1.2055,2.50994961850594
1.206,-0.781567733323646
1.2065,-2.01461543456828
1.207,2.03888758876658
1.2075,0.76639585178804
1.208,-2.50047189068882
1.2085,0.791050174899969
1.209,2.02376626954165
1.2095,-2.02940807942022
1.21,-0.756255928962352
1.2105,2.50962089407986
1.211,-0.781567733323646
1.2115,-2.01395798369673
1.212,2.03888758876658
1.2125,0.765738403168854
1.213,-2.50047189068882
1.2135,0.791378899206735
1.214,2.02310882088203
1.2145,-2.0307229812073
1.215,-0.755927204235955
1.2155,2.50962089407986
1.216,-0.782553907536748
1.2165,-2.01362925826129
1.217,2.03888758876658
1.2175,0.765409678859204
1.218,-2.5008006164873
1.2185,0.791707623513465
1.219,2.0227800965523
1.2195,-2.0307229812073
1.22,-0.755927204235955
1.2205,2.50929216965387
1.221,-0.783211357012869
1.2215,-2.01330053282609
1.222,2.03954503743089
1.2225,0.764423505930026
1.223,-2.50047189068882
1.2235,0.792693796433437
1.224,2.0227800965523
1.2245,-2.0307229812073
1.225,-0.754612305331792
1.2255,2.50962089407986
1.226,-0.783868806489566
1.2265,-2.01297180739111
1.227,2.03987376176312
1.2275,0.764094781620224
1.228,-2.5008006164873
1.2285,0.793022520740022
1.229,2.02179392356339
1.2295,-2.03105170665465
1.23,-0.754283580606106
1.2305,2.50962089407986
1.231,-0.78452625596684
1.2315,-2.01297180739111
1.232,2.0402024860954
1.2325,0.763437333000507
1.233,-2.5008006164873
1.2335,0.794008693659563
1.234,2.02146519923385
1.2345,-2.03203788299805
1.235,-0.753954855880562
1.2355,2.50962089407986
1.236,-0.78518370544469
1.2365,-2.01264308195636
1.237,2.0402024860954
1.2375,0.762779884380638
1.238,-2.5008006164873
1.2385,0.793679969353085
1.239,2.02113647490435
1.2395,-2.03203788299805
1.24,-0.752968681704784
1.2405,2.50929216965387
1.241,-0.785841154923117
1.2415,-2.01165690565349
1.242,2.04085993476011
1.2425,0.762122435760616
1.243,-2.50112934228604
1.2435,0.794666142272411
1.244,2.02047902624551
1.2445,-2.03269533389481
1.245,-0.752639956979809
1.2455,2.50962089407986
1.246,-0.786169879662547
1.2465,-2.01132818021965
1.247,2.04118865909254
1.2475,0.761464987140442
1.248,-2.5008006164873
1.2485,0.795323590885115
1.249,2.02047902624551
1.2495,-2.03269533389481
1.25,-0.751653782805734
1.2505,2.50962089407986
1.251,-0.78682732914184
1.2515,-2.01132818021965
1.252,2.04151738342502
1.2525,0.760807538520116
1.253,-2.50112934228604
1.2535,0.795981039497675
1.254,2.02015030191616
1.2545,-2.03302405934353
1.255,-0.75099633335706
1.2555,2.50962089407986
1.256,-0.787156053881703
1.2565,-2.01132818021965
1.257,2.04250355642275
1.2575,0.760478814209895
1.258,-2.5008006164873
1.2585,0.796967212416248
1.259,2.01982157758686
1.2595,-2.03335278479248
1.26,-0.750338883908954
1.2605,2.50962089407986
1.261,-0.787813503361861
1.2615,-2.01001327848659
1.262,2.04250355642275
1.2625,0.75982136558934
1.263,-2.5008006164873
1.2635,0.797295936722368
1.264,2.02015030191616
1.2645,-2.03401023569107
1.265,-0.749681434461415
1.2655,2.50994961850594
1.266,-0.788470952842597
1.2665,-2.00935582762143
1.267,2.04316100508815
1.2675,0.759492641279005
1.268,-2.50047189068882
1.2685,0.798282109640512
1.269,2.01949285325761
1.2695,-2.03368151024166
1.27,-0.749352709737858
1.2705,2.51027834293209
1.271,-0.789128402323911
1.2715,-2.00902710218919
1.272,2.04348972942093
1.2725,0.758835192658219
1.273,-2.50047189068882
1.2735,0.798939558252431
1.274,2.01883540459925
1.2745,-2.03433896114071
1.275,-0.74869526029117
1.2755,2.50994961850594
1.276,-0.789457127064785
1.2765,-2.00902710218919
1.277,2.04447590241955
1.2775,0.758177744037281
1.278,-2.5008006164873
1.2785,0.799597006864207
1.279,2.01850668027014
1.2795,-2.03532513749102
1.28,-0.748037810845048
1.2805,2.50994961850594
1.281,-0.790443301288272
1.2815,-2.0083696513254
1.282,2.04414717808663
1.2825,0.757191571105585
1.283,-2.50014316489061
1.2835,0.80025445547584
1.284,2.01817795594108
1.2845,-2.03466768659059
1.285,-0.747709086122199
1.2855,2.51027834293209
1.286,-0.79110075077132
1.2865,-2.0083696513254
1.287,2.04447590241955
1.2875,0.757191571105585
1.288,-2.50047189068882
1.2885,0.800583179781604
1.289,2.01817795594108
1.2895,-2.03565386294158
1.29,-0.746394187232222
1.2905,2.50994961850594
1.291,-0.791758200254946
1.2915,-2.00804092589384
1.292,2.04546207541863
1.2925,0.756205398173544
1.293,-2.5008006164873
1.2935,0.801240628393025
1.294,2.01752050728311
1.2945,-2.03565386294158
1.295,-0.746065462510081
1.2955,2.51027834293209
1.296,-0.792086924996976
1.2965,-2.00705474960055
1.297,2.04546207541863
1.2975,0.75554794955199
1.298,-2.5008006164873
1.2985,0.801898077004305
1.299,2.01784923161207
1.2995,-2.03631131384339
1.3,-0.745079288344509
1.3005,2.50994961850594
1.301,-0.792744374481471
1.3015,-2.00672602416991
1.302,2.04611952408493
1.3025,0.755219225241156
1.303,-2.50047189068882
1.3035,0.802555525615443
1.304,2.01719178295419
1.3045,-2.03696876474612
1.305,-0.744750563622934
1.3055,2.50994961850594
1.306,-0.793073099223935
1.3065,-2.00639729873949
1.307,2.04611952408493
1.3075,0.754233052308421
1.308,-2.50047189068882
1.3085,0.803212974226439
1.309,2.01620560996774
1.3095,-2.03729749019783
1.31,-0.744421838901501
1.3105,2.50994961850594
1.311,-0.793730548709297
1.3115,-2.00639729873949
1.312,2.04677697275143
1.3125,0.753575603686404
1.313,-2.5008006164873
1.3135,0.803870422837295
1.314,2.01587688563901
1.3145,-2.03696876474612
1.315,-0.743764389459059
1.3155,2.51027834293209
1.316,-0.794716722938427
1.3165,-2.00541112244962
1.317,2.04710569708475
1.3175,0.753575603686404
1.318,-2.50047189068882
1.3185,0.804527871448009
1.319,2.01554816131034
1.3195,-2.03795494110194
1.32,-0.742778215296456
1.3205,2.50994961850594
1.321,-0.795374172425238
1.3215,-2.00541112244962
1.322,2.04710569708475
1.3225,0.752918155064233
1.323,-2.5008006164873
1.3235,0.805185320058583
1.324,2.01521943698171
1.3245,-2.03795494110194
1.325,-0.742449490575871
1.3255,2.51027834293209
1.326,-0.79570289716886
1.3265,-2.00475367159084
1.327,2.04776314575155
1.3275,0.752260706441907
1.328,-2.50047189068882
1.3285,0.805514044363817
1.329,2.01489071265313
1.3295,-2.03861239200697
1.33,-0.741792041135125
1.3305,2.50994961850594
1.331,-0.796031621912628
1.3315,-2.00475367159084
1.332,2.04842059441855
1.3325,0.751274533508127
1.333,-2.5008006164873
1.3335,0.806500217279309
1.334,2.0145619883246
1.3345,-2.03861239200697
1.335,-0.741134591694943
1.3355,2.50994961850594
1.336,-0.796689071400598
1.3365,-2.00409622073298
1.337,2.04809187008503
1.3375,0.750617084885413
1.338,-2.5008006164873
1.3385,0.807157665889462
1.339,2.01423326399611
1.3395,-2.03926984291292
1.34,-0.740805866975064
1.3405,2.50994961850594
1.341,-0.797346520889148
1.3415,-2.00409622073298
1.342,2.04874931875213
1.3425,0.749630911951049
1.343,-2.5008006164873
1.3435,0.807157665889462
1.344,2.01390453966767
1.3445,-2.0399272938198
1.345,-0.739819692816274
1.3455,2.50994961850594
1.346,-0.79767524563364
1.3465,-2.00376749530439
1.347,2.04907804308575
1.3475,0.749959636262543
1.348,-2.50047189068882
1.3485,0.808143838804429
1.349,2.01324709101094
1.3495,-2.0399272938198
1.35,-0.739490968096959
1.3505,2.51027834293209
1.351,-0.798661419867988
1.3515,-2.00311004444789
1.352,2.04940676741943
1.3525,0.748973463327946
1.353,-2.50047189068882
1.3535,0.808801287414232
1.354,2.01291836668265
1.3545,-2.04058474472759
1.355,-0.738504793939862
1.3555,2.50994961850594
1.356,-0.799318869358279
1.3565,-2.00311004444789
1.357,2.05006421608693
1.3575,0.748316014704687
1.358,-2.50112934228604
1.3585,0.809130011719081
1.359,2.0125896423544
1.3595,-2.04058474472759
1.36,-0.738176069221112
1.3605,2.50994961850594
1.361,-0.800305043594804
1.3615,-2.00311004444789
1.362,2.05006421608693
1.3625,0.747329841769505
1.363,-2.5008006164873
1.3635,0.809458736023895
1.364,2.01226091802621
1.3645,-2.04091347018183
1.365,-0.737189895065706
1.3655,2.50994961850594
1.366,-0.800305043594804
1.3665,-2.0024525935923
1.367,2.05072166475463
1.3675,0.746672393145855
1.368,-2.5008006164873
1.3685,0.810116184633419
1.369,2.01193219369805
1.3695,-2.04157092109101
1.37,-0.73686117034752
1.3705,2.50994961850594
1.371,-0.801291217832636
1.3715,-2.0024525935923
1.372,2.05039294042075
1.3725,0.746672393145855
1.373,-2.50112934228604
1.3735,0.811102357547444
1.374,2.0112747450419
1.3745,-2.04189964654594
1.375,-0.736532445629474
1.3755,2.50994961850594
1.376,-0.801291217832636
1.3765,-2.00113769188386
1.377,2.05137911342253
1.3775,0.746014944522048
1.378,-2.50047189068882
1.3785,0.81175980615662
1.379,2.01061729638593
1.3795,-2.0422283720011
1.38,-0.735546271476182
1.3805,2.50962089407986
1.381,-0.802277392071776
1.3815,-2.00080896645731
1.382,2.05137911342253
1.3825,0.745357495898084
1.383,-2.5008006164873
1.3835,0.81175980615662
1.384,2.01061729638593
1.3845,-2.0425570974565
1.385,-0.734888822041358
1.3855,2.50994961850594
1.386,-0.802934841565263
1.3865,-2.00080896645731
1.387,2.05137911342253
1.3875,0.744700047273964
1.388,-2.50047189068882
1.3885,0.812417254765658
1.389,2.00995984773015
1.3895,-2.04321454836798
1.39,-0.734560097324157
1.3905,2.50994961850594
1.391,-0.803592291059331
1.3915,-2.00015151560491
1.392,2.05203656209064
1.3925,0.743713874337488
1.393,-2.50047189068882
1.3935,0.813074703374557
1.394,2.00963112340233
1.3945,-2.04321454836798
1.395,-0.734231372607096
1.3955,2.50962089407986
1.396,-0.804249740553981
1.3965,-1.99982279017905
1.397,2.05236528642477
1.3975,0.743385150025251
1.398,-2.50047189068882
1.3985,0.813732151983317
1.399,2.00930239907456
1.3995,-2.0445294501937
1.4,-0.733902647890177
1.4005,2.51027834293209
1.401,-0.804578465301525
1.4015,-1.99949406475342
1.402,2.05302273509317
1.4025,0.742398977088303
1.403,-2.5008006164873
1.4035,0.814389600591939
1.404,2.00864495041916
1.4045,-2.04420072473692
1.405,-0.732916473740262
1.4055,2.50962089407986
1.406,-0.804907190049214
1.4065,-1.99883661390284
1.407,2.05335145942745
1.4075,0.742070252775908
1.408,-2.5008006164873
1.4085,0.815047049200423
1.409,2.00864495041916
1.4095,-2.0445294501937
1.41,-0.732259024307689
1.4105,2.50994961850594
1.411,-0.805893364293154
1.4115,-1.99850788847789
1.412,2.05400890809616
1.4125,0.741412804151
1.413,-2.50047189068882
1.4135,0.816033222112891
1.414,2.00831622609153
1.4145,-2.04518690110795
1.415,-0.731930299591613
1.4155,2.50962089407986
1.416,-0.806550813789842
1.4165,-1.99850788847789
1.417,2.05400890809616
1.4175,0.741084079838487
1.418,-2.50047189068882
1.4185,0.816033222112891
1.419,2.00798750176395
1.4195,-2.04518690110795
1.42,-0.731272850159883
1.4205,2.50962089407986
1.421,-0.807865712784966
1.4215,-1.99817916305317
1.422,2.05433763243059
1.4225,0.740426631213341
1.423,-2.5008006164873
1.4235,0.81701939502505
1.424,2.00765877743642
1.4245,-2.04551562656542
1.425,-0.730615400728715
1.4255,2.50962089407986
1.426,-0.807865712784966
1.4265,-1.99817916305317
1.427,2.05466635676507
1.4275,0.739440458275326
1.428,-2.5008006164873
1.4285,0.817348119329034
1.429,2.0066726044541
1.4295,-2.04584435202311
1.43,-0.729629226583017
1.4305,2.50929216965387
1.431,-0.808194437534111
1.4315,-1.99719298678036
1.432,2.05532380543418
1.4325,0.739111733962576
1.433,-2.50014316489061
1.4335,0.817676843632984
1.434,2.0066726044541
1.4345,-2.0465018029392
1.435,-0.728971777153253
1.4355,2.50962089407986
1.436,-0.809180611782422
1.4365,-1.99686426135655
1.437,2.05532380543418
1.4375,0.738125561024085
1.438,-2.50047189068882
1.4385,0.818663016544627
1.439,2.00634388012676
1.4395,-2.0465018029392
1.44,-0.728314327724051
1.4405,2.50962089407986
1.441,-0.809838061282025
1.4415,-1.99653553593296
1.442,2.0559812541035
1.4425,0.737796836711175
1.443,-2.50112934228604
1.4435,0.819649189455963
1.444,2.00601515579946
1.4445,-2.04715925385622
1.445,-0.727656878295409
1.4455,2.50929216965387
1.446,-0.810166786032045
1.4465,-1.99653553593296
1.447,2.0559812541035
1.4475,0.736810663772207
1.448,-2.50014316489061
1.4485,0.819649189455963
1.449,2.00535770714501
1.4495,-2.04748797931507
1.45,-0.727328153581299
1.4505,2.50929216965387
1.451,-0.811152960282982
1.4515,-1.99522063424089
1.452,2.05663870277302
1.4525,0.735824490832881
1.453,-2.50047189068882
1.4535,0.820635362366992
1.454,2.00437153416368
1.4545,-2.04781670477415
1.455,-0.726999428867329
1.4555,2.50896344522795
1.456,-0.811481685033586
1.4565,-1.99522063424089
1.457,2.05663870277302
1.4575,0.735495766519692
1.458,-2.5008006164873
1.4585,0.820964086670599
1.459,2.00470025849074
1.4595,-2.04814543023347
1.46,-0.72634197943981
1.4605,2.50962089407986
1.461,-0.812139134535232
1.4615,-1.99456318339622
1.462,2.05729615144274
1.4625,0.734838317893195
1.463,-2.50047189068882
1.4635,0.821292810974173
1.464,2.00404280983667
1.4645,-2.04847415569301
1.465,-0.725684530012851
1.4655,2.50929216965387
1.466,-0.812796584037462
1.4665,-1.99456318339622
1.467,2.05795360011266
1.4675,0.734509593579887
1.468,-2.50047189068882
1.4685,0.821950259581219
1.469,2.0037140855097
1.4695,-2.04913160661279
1.47,-0.725027080586453
1.4705,2.50929216965387
1.471,-0.813782758291903
1.4715,-1.99423445797423
1.472,2.05795360011266
1.4725,0.734180869266539
1.473,-2.5008006164873
1.4735,0.822607708188129
1.474,2.00305663685591
1.4745,-2.0497890575335
1.475,-0.724369631160614
1.4755,2.50962089407986
1.476,-0.814111483043676
1.4765,-1.99390573255246
1.477,2.05861104878279
1.4775,0.732865972012745
1.478,-2.50047189068882
1.4785,0.823265156794903
1.479,2.00305663685591
1.4795,-2.0501177829942
1.48,-0.723383457022908
1.4805,2.50929216965387
1.481,-0.81476893254766
1.4815,-1.99357700713092
1.482,2.05893977311793
1.4825,0.732865972012745
1.483,-2.50047189068882
1.4835,0.824251329704809
1.484,2.0023991882023
1.4845,-2.05044650845513
1.485,-0.723383457022908
1.4855,2.50929216965387
1.486,-0.815426382052229
1.4865,-1.9932482817096
1.487,2.05893977311793
1.4875,0.731879799071979
1.488,-2.50047189068882
1.4885,0.824251329704809
1.489,2.0023991882023
1.4895,-2.05044650845513
1.49,-0.722726007598469
1.4905,2.50929216965387
1.491,-0.815755106804733
1.4915,-1.99291955628851
1.492,2.05926849745312
1.4925,0.7312223504446
1.493,-2.50047189068882
1.4935,0.824908778311244
1.494,2.00174173954888
1.4945,-2.05044650845513
1.495,-0.721411108751272
1.4955,2.50929216965387
1.496,-0.816412556310179
1.4965,-1.99259083086765
1.497,2.05959722178836
1.4975,0.7312223504446
1.498,-2.50047189068882
1.4985,0.825894951220644
1.499,2.00174173954888
1.4995,-2.05077523391629
1.5,-0.720753659328512
1.5005,2.50929216965387
1.501,-0.816741281063122
1.5015,-1.99193338002662
1.502,2.06058339479439
1.5025,0.730236177503231
1.503,-2.50014316489061
1.5035,0.826552399826741
1.504,2.00174173954888
1.5045,-2.05110395937768
1.505,-0.720753659328512
1.5055,2.50962089407986
1.506,-0.817398730569447
1.5065,-1.99160465460644
1.507,2.06091211912983
1.5075,0.72957872887545
1.508,-2.50047189068882
1.5085,0.827209848432704
1.509,2.00108429089565
1.5095,-2.05143268483931
1.51,-0.720424934617342
1.5105,2.50962089407986
1.511,-0.818384904830032
1.5115,-1.99061847834726
1.512,2.06124084346533
1.5125,0.729250004561499
1.513,-2.50014316489061
1.5135,0.827538572735635
1.514,2.00075556656911
1.5145,-2.05209013576324
1.515,-0.718781311063587
1.5155,2.50962089407986
1.516,-0.818713629583853
1.5165,-1.99061847834726
1.517,2.06156956780088
1.5175,0.728921280247508
1.518,-2.50014316489061
1.5185,0.828524745644227
1.519,2.00042684224261
1.5195,-2.05241886122556
1.52,-0.718781311063587
1.5205,2.50994961850594
1.521,-0.819699803846196
1.5215,-1.99061847834726
1.522,2.06222701647212
1.5225,0.727935107305292
1.523,-2.50047189068882
1.5235,0.829182194249787
1.524,1.99976939358975
1.5245,-2.05307631215089
1.525,-0.718123861643063
1.5255,2.51027834293209
1.526,-0.819371079091935
1.5265,-1.99028975292799
1.527,2.06255574080782
1.5275,0.727935107305292
1.528,-2.50014316489061
1.5285,0.829839642855213
1.529,1.99976939358975
1.5295,-2.0534050376139
1.53,-0.717466412223097
1.5305,2.50962089407986
1.531,-0.820028528600603
1.5315,-1.98930357667153
1.532,2.06288446514357
1.5325,0.726948934362712
1.533,-2.50014316489061
1.5335,0.830497091460505
1.534,1.9994406692634
1.5345,-2.0534050376139
1.535,-0.716480238094194
1.5355,2.50994961850594
1.536,-0.821014702864705
1.5365,-1.98897485125317
1.537,2.06354191381523
1.5375,0.726291485734123
1.538,-2.49981443909265
1.5385,0.831154540065663
1.539,1.99911194493709
1.5395,-2.0534050376139
1.54,-0.715822788675624
1.5405,2.50962089407986
1.541,-0.821343427619699
1.5415,-1.98864612583503
1.542,2.06354191381523
1.5425,0.725962761419767
1.543,-2.49948571329496
1.5435,0.831483264368192
1.544,1.9984544962846
1.5445,-2.05373376307714
1.545,-0.715165339257611
1.5455,2.50994961850594
1.546,-0.82232960188556
1.5465,-1.98831740041712
1.547,2.06419936248709
1.5475,0.725305312790935
1.548,-2.49948571329496
1.5485,0.832798161577976
1.549,1.99746832330623
1.5495,-2.05471993946825
1.55,-0.714836614548813
1.5505,2.50962089407986
1.551,-0.822658326641141
1.5515,-1.98798867499944
1.552,2.06452808682309
1.5525,0.72464786416194
1.553,-2.49981443909265
1.5535,0.832798161577976
1.554,1.99746832330623
1.5545,-2.05504866493241
1.555,-0.714179165131636
1.5555,2.50994961850594
1.556,-0.823644500908764
1.5565,-1.98765994958198
1.557,2.06452808682309
1.5575,0.723990415532782
1.558,-2.49981443909265
1.5585,0.833784334484964
1.559,1.99746832330623
1.5595,-2.05537739039681
1.56,-0.713850440423257
1.5605,2.50929216965387
1.561,-0.823973225664932
1.5615,-1.98700249874774
1.562,2.06485681115915
1.5625,0.723332966903461
1.563,-2.49981443909265
1.5635,0.833784334484964
1.564,1.99648215032828
1.5645,-2.0560348413263
1.565,-0.713192991006916
1.5655,2.50962089407986
1.566,-0.824959399934317
1.5665,-1.98667377333097
1.567,2.06518553549526
1.5675,0.722675518273978
1.568,-2.49981443909265
1.5685,0.834441783089457
1.569,1.99648215032828
1.5695,-2.0560348413263
1.57,-0.712535541591132
1.5705,2.50962089407986
1.571,-0.824959399934317
1.5715,-1.98601632249809
1.572,2.0661717085039
1.5725,0.721689345329446
1.573,-2.50014316489061
1.5735,0.835099231693818
1.574,1.99615342600239
1.5745,-2.05636356679139
1.575,-0.711878092175905
1.5755,2.50994961850594
1.576,-0.825945574205024
1.5765,-1.98568759708199
1.577,2.0661717085039
1.5775,0.721360621014521
1.578,-2.50014316489061
1.5785,0.835756680298046
1.579,1.99549597735075
1.5795,-2.05669229225671
1.58,-0.711549367468501
1.5805,2.50962089407986
1.581,-0.826603023719563
1.5815,-1.98568759708199
1.582,2.06650043284021
1.5825,0.720374448069499
1.583,-2.50014316489061
1.5835,0.83608540460011
1.584,1.99549597735075
1.5845,-2.05734974318805
1.585,-0.710563193347121
1.5855,2.50929216965387
1.586,-0.826931748477054
1.5865,-1.98535887166612
1.587,2.06682915717658
1.5875,0.71971699943928
1.588,-2.49981443909265
1.5885,0.83674285320414
1.589,1.99516725302499
1.5895,-2.05734974318805
1.59,-0.710234468640273
1.5905,2.50994961850594
1.591,-0.827917922750407
1.5915,-1.98503014625047
1.592,2.06781533018598
1.5925,0.71971699943928
1.593,-2.50047189068882
1.5935,0.838057750411805
1.594,1.99450980437363
1.5945,-2.05767846865406
1.595,-0.709577019226994
1.5955,2.50929216965387
1.596,-0.828575372266712
1.5965,-1.9840439700049
1.597,2.06748660584946
1.5975,0.719059550808896
1.598,-2.49948571329496
1.5985,0.838386474713638
1.599,1.99385235572245
1.5995,-2.05833591958679
1.6,-0.70891956981427
1.6005,2.50929216965387
1.601,-0.828904097025085
1.6015,-1.98371524459016
1.602,2.06781533018598
1.6025,0.718073377863013
1.603,-2.49981443909265
1.6035,0.838715199015439
1.604,1.99352363139693
1.6045,-2.05833591958679
1.605,-0.70891956981427
1.6055,2.50929216965387
1.606,-0.829561546542273
1.6065,-1.98371524459016
1.607,2.06814405452255
1.6075,0.718073377863013
1.608,-2.49948571329496
1.6085,0.839372647618943
1.609,1.99253745842065
1.6095,-2.05932209598762
1.61,-0.707604670990491
1.6105,2.50929216965387
1.611,-0.830218996060049
1.6115,-1.98338651917565
1.612,2.06880150319585
1.6125,0.71675848060126
1.613,-2.50047189068882
1.6135,0.839701371920645
1.614,1.99253745842065
1.6145,-2.05965082145502
1.615,-0.707275946284894
1.6155,2.50962089407986
1.616,-0.831205170337819
1.6165,-1.9827290683473
1.617,2.06880150319585
1.6175,0.716101031970136
1.618,-2.50014316489061
1.6185,0.840687544825556
1.619,1.99253745842065
1.6195,-2.05997954692266
1.62,-0.706618496874115
1.6205,2.50994961850594
1.621,-0.831205170337819
1.6215,-1.98240034293346
1.622,2.06978767620618
1.6225,0.715772307654513
1.623,-2.49981443909265
1.6235,0.841344993428666
1.624,1.99220873409532
1.6245,-2.05997954692266
1.625,-0.705632322758988
1.6255,2.50929216965387
1.626,-0.832191344616915
1.6265,-1.98174289210648
1.627,2.06945895186935
1.6275,0.715443583338848
1.628,-2.49948571329496
1.6285,0.841673717730172
1.629,1.99188000977003
1.6295,-2.06030827239053
1.63,-0.705303598054223
1.6305,2.50863472080212
1.631,-0.832848794137049
1.6315,-1.98141416669332
1.632,2.07011640054306
1.6325,0.714457410391605
1.633,-2.49948571329496
1.6335,0.842659890634495
1.634,1.99122256111959
1.6345,-2.06096572332696
1.635,-0.703988699236551
1.6355,2.50929216965387
1.636,-0.832848794137049
1.6365,-1.98108544128039
1.637,2.07011640054306
1.6375,0.71347123744399
1.638,-2.49948571329496
1.6385,0.842988614935871
1.639,1.99122256111959
1.6395,-2.06129444879552
1.64,-0.703988699236551
1.6405,2.50929216965387
1.641,-0.833834968418357
1.6415,-1.98108544128039
1.642,2.07077384921698
1.6425,0.713142513128035
1.643,-2.50014316489061
1.6435,0.843646063538524
1.644,1.99089383679444
1.6445,-2.06162317426432
1.645,-0.703331249828547
1.6455,2.50896344522795
1.646,-0.834492417939966
1.6465,-1.98042799045521
1.647,2.07110257355401
1.6475,0.712813788812039
1.648,-2.49948571329496
1.6485,0.844303512141048
1.649,1.99056511246934
1.6495,-2.06195189973335
1.65,-0.702673800421097
1.6505,2.50896344522795
1.651,-0.835149867462166
1.6515,-1.97977053963094
1.652,2.0714312978911
1.6525,0.712156340179923
1.653,-2.49948571329496
1.6535,0.844632236442261
1.654,1.98990766381927
1.6545,-2.06195189973335
1.655,-0.702016351014201
1.6555,2.50929216965387
1.656,-0.835478592223487
1.6565,-1.97977053963094
1.657,2.07176002222824
1.6575,0.711827615863802
1.658,-2.49948571329496
1.6585,0.845618409345707
1.659,1.98990766381927
1.6595,-2.0622806252026
1.66,-0.701358901607859
1.6605,2.50962089407986
1.661,-0.836136041746572
1.6615,-1.97878436339622
1.662,2.07274619523996
1.6625,0.71149889154764
1.663,-2.49948571329496
1.6635,0.84660458224886
1.664,1.98957893949431
1.6645,-2.06326680161177
1.665,-0.700701452202071
1.6655,2.50962089407986
1.666,-0.836793491270248
1.6665,-1.9784556379851
1.667,2.07274619523996
1.6675,0.710512718598905
1.668,-2.49915698749753
1.6685,0.846933306549847
1.669,1.98925021516939
1.6695,-2.06260935067209
1.67,-0.700044002796837
1.6705,2.50962089407986
1.671,-0.837122216032308
1.6715,-1.97779818716354
1.672,2.07307491957731
1.6725,0.709855269966206
1.673,-2.49981443909265
1.6735,0.847590755151723
1.674,1.98826404219491
1.6745,-2.06326680161177
1.675,-0.699386553392156
1.6755,2.50962089407986
1.676,-0.837779665556871
1.6765,-1.97812691257421
1.677,2.07373236825216
1.6775,0.709197821333341
1.678,-2.49948571329496
1.6785,0.848248203753471
1.679,1.98793531787017
1.6795,-2.06425297802302
1.68,-0.698729103988028
1.6805,2.50896344522795
1.681,-0.837779665556871
1.6815,-1.9774694617531
1.682,2.07373236825216
1.6825,0.708869097016846
1.683,-2.49948571329496
1.6835,0.848248203753471
1.684,1.98760659354548
1.6845,-2.06458170349391
1.685,-0.698071654584453
1.6855,2.50896344522795
1.686,-0.83909456460777
1.6865,-1.97714073634288
1.687,2.07438981692721
1.6875,0.70821164838373
1.688,-2.49915698749753
1.6885,0.849234376655851
1.689,1.98727786922084
1.6895,-2.06458170349391
1.69,-0.697414205181431
1.6905,2.50962089407986
1.691,-0.839752014134106
1.6915,-1.97648328552313
1.692,2.07471854126481
1.6925,0.707225475433743
1.693,-2.49948571329496
1.6935,0.850220549557941
1.694,1.98694914489624
1.6945,-2.06523915443636
1.695,-0.697414205181431
1.6955,2.50929216965387
1.696,-0.840080738897497
1.6965,-1.97615456011359
1.697,2.07537598994018
1.6975,0.707225475433743
1.698,-2.49915698749753
1.6985,0.850220549557941
1.699,1.98662042057169
1.6995,-2.06458170349391
1.7,-0.696428031077935
1.7005,2.50896344522795
1.701,-0.841066913188555
1.7015,-1.97582583470428
1.702,2.07504726560247
1.7025,0.705910578166508
1.703,-2.49948571329496
1.7035,0.851206722459743
1.704,1.98662042057169
1.7045,-2.06589660537975
1.705,-0.695770581676295
1.7055,2.50962089407986
1.706,-0.841724362716668
1.7065,-1.97549710929519
1.707,2.07603343861575
1.7075,0.705253129532639
1.708,-2.49948571329496
1.7085,0.85153544676028
1.709,1.98563424759831
1.7095,-2.06589660537975
1.71,-0.69478440757487
1.7105,2.50896344522795
1.711,-0.841724362716668
1.7115,-1.97483965847769
1.712,2.07603343861575
1.7125,0.704595680898601
1.713,-2.49882826170037
1.7135,0.852192895361258
1.714,1.98497679894962
1.7145,-2.06655405632407
1.715,-0.694455682874671
1.7155,2.50896344522795
1.716,-0.842710537009947
1.7165,-1.97483965847769
1.717,2.07636216295362
1.7175,0.703938232264396
1.718,-2.49882826170037
1.7185,0.852850343962108
1.719,1.98431935030112
1.7195,-2.06688278179657
1.72,-0.69412695817461
1.7205,2.50929216965387
1.721,-0.84369671130456
1.7215,-1.97483965847769
1.722,2.0770196116295
1.7225,0.703938232264396
1.723,-2.49948571329496
1.7235,0.85350779256283
1.724,1.98431935030112
1.7245,-2.06721150726931
1.725,-0.693140784075254
1.7255,2.50896344522795
1.726,-0.844354160835043
1.7265,-1.97385348225314
1.727,2.0770196116295
1.7275,0.702952059312772
1.728,-2.49915698749753
1.7285,0.854165241163425
1.729,1.98366190165279
1.7295,-2.06754023274228
1.73,-0.692812059375745
1.7305,2.50929216965387
1.731,-0.844354160835043
1.7315,-1.9731960314379
1.732,2.07767706030559
1.7325,0.702294610678145
1.733,-2.49948571329496
1.7335,0.854493965463675
1.734,1.9833331773287
1.7345,-2.06786895821548
1.735,-0.69215460997714
1.7355,2.50896344522795
1.736,-0.845340335131879
1.7365,-1.97352475684541
1.737,2.07800578464372
1.7375,0.70163716204335
1.738,-2.49915698749753
1.7385,0.855480138364234
1.739,1.9833331773287
1.7395,-2.06885513463648
1.74,-0.691825885278044
1.7405,2.50896344522795
1.741,-0.845669059897788
1.7415,-1.9731960314379
1.742,2.07866323332013
1.7425,0.701308437725889
1.743,-2.49915698749753
1.7435,0.855808862664357
1.744,1.98267572868065
1.7445,-2.06885513463648
1.745,-0.691168435880265
1.7455,2.50929216965387
1.746,-0.846655234196404
1.7465,-1.97220985521674
1.747,2.0783345089819
1.7475,0.699993540455622
1.748,-2.49915698749753
1.7485,0.856466311264508
1.749,1.98234700435669
1.7495,-2.06885513463648
1.75,-0.690182261784631
1.7505,2.50929216965387
1.751,-0.846983958962906
1.7515,-1.97253858062357
1.752,2.07866323332013
1.7525,0.700322264773252
1.753,-2.49948571329496
1.7535,0.857452484164497
1.754,1.98267572868065
1.7545,-2.06885513463648
1.755,-0.689853537086362
1.7555,2.50929216965387
1.756,-0.847641408496355
1.7565,-1.97188112981013
1.757,2.07899195765841
1.7575,0.699336091820234
1.758,-2.49915698749753
1.7585,0.857781208464431
1.759,1.98168955570892
1.7595,-2.06951258558497
1.76,-0.688867362992379
1.7605,2.50929216965387
1.761,-0.848298858030399
1.7615,-1.97155240440376
1.762,2.07964940633513
1.7625,0.698349918866835
1.763,-2.49948571329496
1.7635,0.858109932764332
1.764,1.9813608313851
1.7645,-2.07017003653439
1.765,-0.68853863829466
1.7655,2.50863472080212
1.766,-0.848627582797643
1.7665,-1.9712236789976
1.767,2.07997813067356
1.7675,0.698349918866835
1.768,-2.49948571329496
1.7685,0.859096105663849
1.769,1.98070338273759
1.7695,-2.07082748748475
1.77,-0.687881188899635
1.7705,2.50929216965387
1.771,-0.849613757100268
1.7715,-1.9702375027805
1.772,2.07997813067356
1.7725,0.69703502159504
1.773,-2.49915698749753
1.7735,0.859096105663849
1.774,1.98037465841391
1.7745,-2.07049876200945
1.775,-0.687552464202329
1.7755,2.50896344522795
1.776,-0.849942481868107
1.7765,-1.9702375027805
1.777,2.08096430368919
1.7775,0.696706297276986
1.778,-2.49948571329496
1.7785,0.859753554263369
1.779,1.97971720976668
1.7795,-2.07115621296027
1.78,-0.686895014808129
1.7805,2.50863472080212
1.781,-0.850928656172516
1.7815,-1.96958005197022
1.782,2.0806355793506
1.7825,0.696048848640748
1.783,-2.49882826170037
1.7835,0.860411002862763
1.784,1.97971720976668
1.7845,-2.07181366391202
1.785,-0.686237565414478
1.7855,2.50863472080212
1.786,-0.851586105709532
1.7865,-1.96958005197022
1.787,2.08129302802784
1.7875,0.695720124322566
1.788,-2.49948571329496
1.7885,0.861068451462033
1.789,1.97905976111963
1.7895,-2.07181366391202
1.79,-0.685908840717859
1.7905,2.50830599637637
1.791,-0.851586105709532
1.7915,-1.96892260116085
1.792,2.08162175236654
1.7925,0.694733951367762
1.793,-2.49882826170037
1.7935,0.861725900061177
1.794,1.97873103679617
1.7945,-2.07214238938824
1.795,-0.684922666628827
1.7955,2.50896344522795
1.796,-0.852243555247142
1.7965,-1.9685938757565
1.797,2.08195047670529
1.7975,0.694405227049408
1.798,-2.49915698749753
1.7985,0.862383348660195
1.799,1.97873103679617
1.7995,-2.07279984034138
1.8,-0.683607767845372
1.8005,2.50896344522795
1.801,-0.853229729554675
1.8015,-1.96793642494847
1.802,2.08260792538295
1.8025,0.693419054094092
1.803,-2.49882826170037
1.8035,0.863040797259089
1.804,1.97840231247276
1.8045,-2.07279984034138
1.805,-0.683607767845372
1.8055,2.50896344522795
1.806,-0.85355845432415
1.8065,-1.9676076995448
1.807,2.08326537406082
1.8075,0.693090329775567
1.808,-2.49915698749753
1.8085,0.863698245857859
1.809,1.97774486382608
1.8095,-2.0731285658183
1.81,-0.682950318454468
1.8105,2.50896344522795
1.811,-0.854215903863547
1.8115,-1.9676076995448
1.812,2.08326537406082
1.8125,0.69243288113839
1.813,-2.49915698749753
1.8135,0.864355694456504
1.814,1.97708741517957
1.8145,-2.07378601677283
1.815,-0.682621593759222
1.8155,2.50863472080212
1.816,-0.854544628633468
1.8165,-1.96662152333513
1.817,2.08359409839984
1.8175,0.692104156819737
1.818,-2.49882826170037
1.8185,0.864684418755779
1.819,1.97675869085639
1.8195,-2.07411474225045
1.82,-0.681635419674306
1.8205,2.50896344522795
1.821,-0.855530802944128
1.8215,-1.96629279793236
1.822,2.0839228227389
1.8225,0.691446708182302
1.823,-2.49915698749753
1.8235,0.865341867354238
1.824,1.97610124221015
1.8245,-2.0744434677283
1.825,-0.680977970285048
1.8255,2.50863472080212
1.826,-0.856188252485312
1.8265,-1.96563534712749
1.827,2.08425154707802
1.8275,0.690789259544695
1.828,-2.49849953590346
1.8285,0.865999315952572
1.829,1.9757725178871
1.8295,-2.0744434677283
1.83,-0.679991796202188
1.8305,2.50863472080212
1.831,-0.856516977256128
1.8315,-1.96563534712749
1.832,2.08425154707802
1.8325,0.690460535225828
1.833,-2.49915698749753
1.8335,0.866656764550782
1.834,1.9757725178871
1.8345,-2.07477219320638
1.835,-0.679663071508176
1.8355,2.50863472080212
1.836,-0.85750315156947
1.8365,-1.96497789632352
1.837,2.08490899575642
1.8375,0.689803086587963
1.838,-2.49882826170037
1.8385,0.866656764550782
1.839,1.97511506924114
1.8395,-2.07542964416324
1.84,-0.6793343468143
1.8405,2.50830599637637
1.841,-0.858160601112444
1.8415,-1.96432044552046
1.842,2.0852377200957
1.8425,0.688816913630844
1.843,-2.49882826170037
1.8435,0.867971661746832
1.844,1.97478634491823
1.8445,-2.07575836964202
1.845,-0.678348172733495
1.8455,2.50896344522795
1.846,-0.858489325884155
1.8465,-1.96464917092188
1.847,2.08589516877441
1.8475,0.688159464992548
1.848,-2.49915698749753
1.8485,0.868300386045767
1.849,1.97445762059536
1.8495,-2.07641582060028
1.85,-0.678019448040167
1.8505,2.50863472080212
1.851,-0.859146775428024
1.8515,-1.96432044552046
1.852,2.08622389311384
1.8525,0.68750201635408
1.853,-2.49849953590346
1.8535,0.869286558942388
1.854,1.97412889627253
1.8545,-2.07674454607975
1.855,-0.677033273961005
1.8555,2.50863472080212
1.856,-0.85980422497249
1.8565,-1.96366299471829
1.857,2.08622389311384
1.8575,0.686844567715439
1.858,-2.49882826170037
1.8585,0.869944007539982
1.859,1.97380017194975
1.8595,-2.07674454607975
1.86,-0.676704549268224
1.8605,2.50863472080212
1.861,-0.860132949744947
1.8615,-1.96333426931754
1.862,2.08655261745333
1.8625,0.686515843396054
1.863,-2.49882826170037
1.8635,0.870601456137453
1.864,1.97347144762702
1.8645,-2.07740199703941
1.865,-0.67637582457558
1.8655,2.50830599637637
1.866,-0.860790399290309
1.8665,-1.96267681851672
1.867,2.08688134179287
1.8675,0.685858394757153
1.868,-2.49849953590346
1.8685,0.870601456137453
1.869,1.97314272330433
1.8695,-2.07773072251958
1.87,-0.675718375190702
1.8705,2.50863472080212
1.871,-0.861447848836269
1.8715,-1.96333426931754
1.872,2.08786751481181
1.8725,0.684872221798478
1.873,-2.49849953590346
1.8735,0.871587629033429
1.874,1.97281399898169
1.8745,-2.07805944799999
1.875,-0.674732201114411
1.8755,2.50830599637637
1.876,-0.862105298382826
1.8765,-1.96234809311665
1.877,2.08753879047211
1.8775,0.684543497478832
1.878,-2.49882826170037
1.8785,0.872245077630594
1.879,1.97182782601403
1.8795,-2.07838817348064
1.88,-0.674403476422587
1.8805,2.50830599637637
1.881,-0.862434023156329
1.8815,-1.96169064231718
1.882,2.08819623915156
1.8825,0.683886048839411
1.883,-2.49882826170037
1.8835,0.872902526227636
1.884,1.97182782601403
1.8845,-2.07871689896151
1.885,-0.673417302347935
1.8855,2.50863472080212
1.886,-0.863748922251836
1.8865,-1.96136191691779
1.887,2.08885368783122
1.8875,0.683557324519636
1.888,-2.49849953590346
1.8885,0.873231250526112
1.889,1.97182782601403
1.8895,-2.07904562444262
1.89,-0.672759852965516
1.8905,2.50896344522795
1.891,-0.863420197477735
1.8915,-1.96070446611967
1.892,2.08885368783122
1.8925,0.683228600199816
1.893,-2.49849953590346
1.8935,0.873888699122971
1.894,1.97117037736914
1.8945,-2.07904562444262
1.895,-0.672102403583643
1.8955,2.50830599637637
1.896,-0.864406371800487
1.8965,-1.96103319151861
1.897,2.08951113651109
1.8975,0.681913702920105
1.898,-2.49817081010682
1.8985,0.874874872018032
1.899,1.97084165304677
1.8995,-2.07970307540553
1.9,-0.671773678892912
1.9005,2.50797727195071
1.901,-0.865063821349736
1.9015,-1.96004701532245
1.902,2.08918241217113
1.9025,0.681584978600068
1.903,-2.49817081010682
1.9035,0.875203596316325
1.904,1.97084165304677
1.9045,-2.08003180088734
1.905,-0.670787504821535
1.9055,2.50863472080212
1.906,-0.865721270899584
1.9065,-1.95971828992417
1.907,2.09016858519118
1.9075,0.680927529959863
1.908,-2.49784208431043
1.9085,0.875532320614588
1.909,1.97018420440215
1.9095,-2.08036052636938
1.91,-0.670458780131349
1.9105,2.50797727195071
1.911,-0.866049995674732
1.9115,-1.95938956452612
1.912,2.0904973095313
1.9125,0.679941356999229
1.913,-2.49849953590346
1.9135,0.876518493509194
1.914,1.96952675575772
1.9145,-2.08068925185165
1.915,-0.669801330751386
1.9155,2.50797727195071
1.916,-0.867036170001076
1.9165,-1.9590608391283
1.917,2.0904973095313
1.9175,0.67961263267893
1.918,-2.49849953590346
1.9185,0.876847217807335
1.919,1.96886930711346
1.9195,-2.08134670281689
1.92,-0.669472606061608
1.9205,2.50797727195071
1.921,-0.867364894776824
1.9215,-1.9590608391283
1.922,2.09082603387148
1.9225,0.67862645971777
1.923,-2.49849953590346
1.9235,0.877175942105446
1.924,1.96821185846938
1.9245,-2.08167542829986
1.925,-0.669143881371967
1.9255,2.50764854752512
1.926,-0.868351069104966
1.9265,-1.95840338833333
1.927,2.09082603387148
1.9275,0.677311562435611
1.928,-2.49915698749753
1.9285,0.878162114999599
1.929,1.96788313414741
1.9295,-2.08200415378307
1.93,-0.668486431993094
1.9305,2.50764854752512
1.931,-0.868679793881313
1.9315,-1.95807466293618
1.932,2.09148348255198
1.9325,0.677311562435611
1.933,-2.49849953590346
1.9335,0.878162114999599
1.934,1.96755440982548
1.9345,-2.08266160475018
1.935,-0.667500257925806
1.9355,2.50764854752512
1.936,-0.869665968211254
1.9365,-1.95807466293618
1.937,2.09214093123271
1.9375,0.676654113794268
1.938,-2.49882826170037
1.9385,0.878490839297589
1.939,1.96689696118176
1.9395,-2.08266160475018
1.94,-0.666842808548294
1.9405,2.50764854752512
1.941,-0.869994692988201
1.9415,-1.95741721214255
1.942,2.09214093123271
1.9425,0.67632538947353
1.943,-2.49784208431043
1.9435,0.87914828789348
1.944,1.96689696118176
1.9445,-2.08299033023408
1.945,-0.666185359171326
1.9455,2.50797727195071
1.946,-0.870980867319941
1.9465,-1.9564310359538
1.947,2.09246965557315
1.9475,0.675996665152749
1.948,-2.49849953590346
1.9485,0.880134460787091
1.949,1.96656823685996
1.9495,-2.08331905571822
1.95,-0.665527909794903
1.9505,2.50830599637637
1.951,-0.871309592097488
1.9515,-1.956102310558
1.952,2.09312710425419
1.9525,0.675339216511054
1.953,-2.49817081010682
1.9535,0.880791909382681
1.954,1.96656823685996
1.9545,-2.08397650668719
1.955,-0.664541735731288
1.9555,2.50764854752512
1.956,-0.871638316875186
1.9565,-1.956102310558
1.957,2.09345582859478
1.9575,0.674681767869183
1.958,-2.49817081010682
1.9585,0.881778082275842
1.959,1.96591078821651
1.9595,-2.08397650668719
1.96,-0.664541735731288
1.9605,2.50764854752512
1.961,-0.871967041653033
1.9615,-1.95478740897703
1.962,2.09411327727614
1.9625,0.673695594906045
1.963,-2.49784208431043
1.9635,0.881778082275842
1.964,1.96558206389485
1.9645,-2.08397650668719
1.965,-0.663555561668897
1.9655,2.50764854752512
1.966,-0.872624491209178
1.9665,-1.95478740897703
1.967,2.0944420016169
1.9675,0.673695594906045
1.968,-2.49817081010682
1.9685,0.882435530871133
1.969,1.96525333957323
1.9695,-2.08430523217203
1.97,-0.663226836981705
1.9705,2.50797727195071
1.971,-0.873610665544522
1.9715,-1.95445868358235
1.972,2.0944420016169
1.9725,0.67270942194251
1.973,-2.49817081010682
1.9735,0.883092979466305
1.974,1.96426716660865
1.9745,-2.0849626831424
1.975,-0.662240662920943
1.9755,2.50731982309962
1.976,-0.873610665544522
1.9765,-1.95445868358235
1.977,2.09509945029858
1.9775,0.671723248978578
1.978,-2.49784208431043
1.9785,0.883750428061358
1.979,1.96360971796581
1.9795,-2.08562013411371
1.98,-0.661911938234294
1.9805,2.50764854752512
1.981,-0.874596839881218
1.9815,-1.95314378200588
1.982,2.09509945029858
1.9825,0.671394524657178
1.983,-2.49817081010682
1.9835,0.884079152358839
1.984,1.96328099364446
1.9845,-2.08562013411371
1.985,-0.661254488861403
1.9855,2.50764854752512
1.986,-0.875254289439767
1.9865,-1.95314378200588
1.987,2.0954281746395
1.9875,0.671065800335734
1.988,-2.49784208431043
1.9885,0.884736600953713
1.989,1.96295226932316
1.9895,-2.08594885959971
1.99,-0.660597039489056
1.9905,2.50731982309962
1.991,-0.875911738998918
1.9915,-1.95248633121899
1.992,2.0960856233215
1.9925,0.670079627371137
1.993,-2.49882826170037
1.9935,0.885394049548469
1.994,1.96328099364446
1.9945,-2.08660631057242
1.995,-0.660268314803085
1.9955,2.50764854752512
1.996,-0.87656918855867
1.9965,-1.95281505661232
1.997,2.09641434766258
1.9975,0.669750903049515
1.998,-2.49784208431043
1.9985,0.886051498143105
1.999,1.96262354500189
1.9995,-2.08693503605912
2,-0.659610865431551
2.0005,2.50797727195071
2.001,-0.876897913338772
2.0015,-1.95248633121899
2.002,2.09641434766258
2.0025,0.669422178727849
2.003,-2.49784208431043
2.0035,0.886708946737624
2.004,1.96229482068068
2.0045,-2.08693503605912
2.005,-0.658953416060559
2.0055,2.50764854752512
2.006,-0.877555362899428
2.0065,-1.95182888043299
2.007,2.09740052068614
2.0075,0.668107281440742
2.008,-2.49784208431043
2.0085,0.887037671034839
2.009,1.96163737203837
2.0095,-2.08726376154606
2.01,-0.65829596669011
2.0105,2.50764854752512
2.011,-0.878212812460685
2.0115,-1.95150015504033
2.012,2.09772924502743
2.0125,0.668107281440742
2.013,-2.49817081010682
2.0135,0.88769511962918
2.014,1.96130864771729
2.0145,-2.08792121252064
2.015,-0.657309792635452
2.0155,2.50764854752512
2.016,-0.8791989868037
2.0165,-1.95117142964789
2.017,2.09772924502743
2.0175,0.667121108474943
2.018,-2.49751335851431
2.0185,0.88868129252047
2.019,1.96097992339625
2.0195,-2.08857866349615
2.02,-0.656652343266356
2.0205,2.50699109867419
2.021,-0.879527711585006
2.0215,-1.95084270425568
2.022,2.09772924502743
2.0225,0.666792384152921
2.023,-2.49784208431043
2.0235,0.889338741114517
2.024,1.96065119907525
2.0245,-2.08890738898425
2.025,-0.656652343266356
2.0255,2.50731982309962
2.026,-0.880185161148071
2.0265,-1.95084270425568
2.027,2.09838669371017
2.0275,0.666134935508743
2.028,-2.49817081010682
2.0285,0.889996189708446
2.029,1.95999375043339
2.0295,-2.08890738898425
2.03,-0.655666169213729
2.0305,2.50764854752512
2.031,-0.880842610711739
2.0315,-1.95018525347193
2.032,2.09871541805163
2.0325,0.665148762542141
2.033,-2.49784208431043
2.0335,0.890653638302258
2.034,1.95966502611253
2.0345,-2.08989356544997
2.035,-0.655337444529791
2.0355,2.50731982309962
2.036,-0.881500060276009
2.0365,-1.94985652808038
2.037,2.09904414239313
2.0375,0.664491313897516
2.038,-2.49784208431043
2.0385,0.89098236259912
2.039,1.9593363017917
2.0395,-2.08989356544997
2.04,-0.65467999516232
2.0405,2.50764854752512
2.041,-0.881500060276009
2.0415,-1.94919907729798
2.042,2.09904414239313
2.0425,0.664162589575137
2.043,-2.49817081010682
2.0435,0.891311086895953
2.044,1.95900757747093
2.0445,-2.08989356544997
2.045,-0.65402254579539
2.0455,2.50731982309962
2.046,-0.882157509840883
2.0465,-1.94919907729798
2.047,2.09937286673469
2.0475,0.663176416607729
2.048,-2.49784208431043
2.0485,0.89196853548953
2.049,1.9586788531502
2.0495,-2.09087974191779
2.05,-0.653036371746009
2.0505,2.50731982309962
2.051,-0.883143684189325
2.0515,-1.94821290112604
2.052,2.09970159107631
2.0525,0.663176416607729
2.053,-2.49751335851431
2.0535,0.892297259786275
2.054,1.95802140450886
2.0545,-2.09087974191779
2.055,-0.652707647063153
2.0555,2.50699109867419
2.056,-0.883472408972441
2.0565,-1.94821290112604
2.057,2.10003031541798
2.0575,0.662190243639917
2.058,-2.49784208431043
2.0585,0.893283432676336
2.059,1.95769268018826
2.0595,-2.0915371928975
2.06,-0.652050197697845
2.0605,2.50731982309962
2.061,-0.884129858539125
2.0615,-1.94755545034587
2.062,2.10068776410147
2.0625,0.6612040706717
2.063,-2.49751335851431
2.0635,0.893940881269564
2.064,1.95769268018826
2.0645,-2.0915371928975
2.065,-0.651064023650895
2.0655,2.50731982309962
2.066,-0.885116032890285
2.0665,-1.94755545034587
2.067,2.1010164884433
2.0675,0.660875346348871
2.068,-2.49751335851431
2.0685,0.894269605566134
2.069,1.95703523154719
2.0695,-2.09186591838771
2.07,-0.650735298968849
2.0705,2.50764854752512
2.071,-0.885116032890285
2.0715,-1.9465692741773
2.072,2.10134521278518
2.0725,0.660546622025997
2.073,-2.49784208431043
2.0735,0.894927054159188
2.074,1.95703523154719
2.0745,-2.09252336936883
2.075,-0.650077849605161
2.0755,2.50699109867419
2.076,-0.886430932027278
2.0765,-1.9465692741773
2.077,2.10167393712712
2.0775,0.659560449057105
2.078,-2.49718463271845
2.0785,0.895584502752126
2.079,1.95604905858591
2.0795,-2.09252336936883
2.08,-0.64974912492352
2.0805,2.50666237424885
2.081,-0.886759656811904
2.0815,-1.94624054878822
2.082,2.10266011015325
2.0825,0.659560449057105
2.083,-2.49751335851431
2.0835,0.896570675641315
2.084,1.95604905858591
2.0845,-2.09252336936883
2.085,-0.648762950879404
2.0855,2.50699109867419
2.086,-0.88741710638161
2.0865,-1.94525437262233
2.087,2.1029888344954
2.0875,0.658574276087807
2.088,-2.49751335851431
2.0885,0.896899399937654
2.089,1.95506288562503
2.0895,-2.09350954584226
2.09,-0.648762950879404
2.0905,2.50731982309962
2.091,-0.88741710638161
2.0915,-1.94492564723415
2.092,2.1029888344954
2.0925,0.658245551764617
2.093,-2.49718463271845
2.0935,0.897885572826497
2.094,1.95506288562503
2.0945,-2.09350954584226
2.095,-0.647776776836503
2.0955,2.50731982309962
2.096,-0.888074555951921
2.0965,-1.94492564723415
2.097,2.10266011015325
2.0975,0.657588103118102
2.098,-2.49751335851431
2.0985,0.898214297122721
2.099,1.95506288562503
2.0995,-2.09383827133387
2.1,-0.647119327475242
2.1005,2.50699109867419
2.101,-0.889060730308521
2.1015,-1.94393947107094
2.102,2.10397500752218
2.1025,0.65660193014799
2.103,-2.49718463271845
2.1035,0.898871745715081
2.104,1.95440543698466
2.1045,-2.09449572231779
2.105,-0.646133153434362
2.1055,2.50666237424885
2.106,-0.889389455094357
2.1065,-1.94426819645845
2.107,2.10364628317987
2.1075,0.656273205824528
2.108,-2.49751335851431
2.1085,0.899200470011219
2.109,1.95407671266454
2.1095,-2.0948244478101
2.11,-0.646133153434362
2.1105,2.50699109867419
2.111,-0.890375629452774
2.1115,-1.94361074568366
2.112,2.10430373186455
2.1125,0.655287032853872
2.113,-2.49751335851431
2.1135,0.899857918603407
2.114,1.9527618153845
2.1145,-2.09515317330265
2.115,-0.645475704074449
2.1155,2.50666237424885
2.116,-0.891033079025808
2.1165,-1.94328202029659
2.117,2.10496118054944
2.1175,0.65462958420654
2.118,-2.49751335851431
2.1185,0.900515367195481
2.119,1.9527618153845
2.1195,-2.09581062428845
2.12,-0.645146979394694
2.1205,2.50633364982359
2.121,-0.891690528599449
2.1215,-1.94295329490975
2.122,2.10496118054944
2.1225,0.653972135559027
2.123,-2.49751335851431
2.1235,0.900844091491475
2.124,1.95210436674474
2.1245,-2.09613934978169
2.125,-0.644160805356237
2.1255,2.50633364982359
2.126,-0.892019253386496
2.1265,-1.94262456952314
2.127,2.10496118054944
2.1275,0.653643411235202
2.128,-2.49751335851431
2.1285,0.901501540083377
2.129,1.95210436674474
2.1295,-2.0967968007689
2.13,-0.64383208067702
2.1305,2.50633364982359
2.131,-0.892676702961045
2.1315,-1.94229584413674
2.132,2.10561862923455
2.1325,0.652657238263455
2.133,-2.49751335851431
2.1335,0.902158988675165
2.134,1.95144691810516
2.1345,-2.09613934978169
2.135,-0.643174631318991
2.1355,2.50666237424885
2.136,-0.893334152536201
2.1365,-1.94163839336463
2.137,2.10594735357719
2.1375,0.652328513939447
2.138,-2.49685590692286
2.1385,0.902487712971017
2.139,1.95111819378543
2.1395,-2.09712552626285
2.14,-0.642845906640177
2.1405,2.50666237424885
2.141,-0.894320326900072
2.1415,-1.9409809425934
2.142,2.10594735357719
2.1425,0.651671065291296
2.143,-2.49751335851431
2.1435,0.902816437266839
2.144,1.95078946946575
2.1445,-2.09712552626285
2.145,-0.641859732604544
2.1455,2.50633364982359
2.146,-0.894649051688332
2.1465,-1.94065221720813
2.147,2.10627607791988
2.1475,0.651013616642962
2.148,-2.49718463271845
2.1485,0.904131334449847
2.149,1.94980329650695
2.1495,-2.09745425175703
2.15,-0.641202283248128
2.1505,2.50666237424885
2.151,-0.894977776476744
2.1515,-1.94032349182308
2.152,2.10726225094828
2.1525,0.650356167994446
2.153,-2.49685590692286
2.1535,0.904460058745528
2.154,1.95013202082651
2.1545,-2.09778297725145
2.155,-0.640544833892248
2.1555,2.50633364982359
2.156,-0.895635226054023
2.1565,-1.93999476643825
2.157,2.10759097529119
2.1575,0.650027443670119
2.158,-2.49751335851431
2.1585,0.905117507336804
2.159,1.94947457218744
2.1595,-2.09844042824099
2.16,-0.6392299351821
2.1605,2.50666237424885
2.161,-0.89596395084289
2.1615,-1.93966604105364
2.162,2.10791969963415
2.1625,0.649369995021327
2.163,-2.49685590692286
2.1635,0.906103680223507
2.164,1.94914584786798
2.1645,-2.09876915373612
2.165,-0.638901210504899
2.1655,2.50633364982359
2.166,-0.89662140042108
2.1665,-1.93933731566926
2.167,2.10824842397716
2.1675,0.648712546372353
2.168,-2.49685590692286
2.1685,0.906432404519018
2.169,1.94881712354855
2.1695,-2.09909787923147
2.17,-0.638572485827832
2.1705,2.50633364982359
2.171,-0.897607574789504
2.1715,-1.93867986490117
2.172,2.10824842397716
2.1725,0.648055097723195
2.173,-2.49718463271845
2.1735,0.906761128814501
2.174,1.94848839922917
2.1745,-2.09909787923147
2.175,-0.638243761150899
2.1755,2.50633364982359
2.176,-0.898265024369212
2.1765,-1.93835113951745
2.177,2.10890587266336
2.1775,0.647397649073853
2.178,-2.49685590692286
2.1785,0.907747301700781
2.179,1.94783095059054
2.1795,-2.10008405571895
2.18,-0.637257587120904
2.1805,2.50600492539841
2.181,-0.898593749159294
2.1815,-1.93802241413397
2.182,2.10890587266336
2.1825,0.646740200424327
2.183,-2.49685590692286
2.1835,0.908076025996152
2.184,1.94750222627129
2.1845,-2.10041278121524
2.185,-0.636600137768244
2.1855,2.50633364982359
2.186,-0.899579923530452
2.1865,-1.9376936887507
2.187,2.10923459700654
2.1875,0.646082751774617
2.188,-2.49718463271845
2.1885,0.909062198882094
2.189,1.94717350195208
2.1895,-2.10041278121524
2.19,-0.636271413092116
2.1905,2.50600492539841
2.191,-0.899908648321143
2.1915,-1.93670751260224
2.192,2.10923459700654
2.1925,0.645425303124724
2.193,-2.49652718112752
2.1935,0.909390923177352
2.194,1.94684477763292
2.1945,-2.10074150671177
2.195,-0.635285239064533
2.1955,2.50600492539841
2.196,-0.900566097902979
2.1965,-1.93703623798484
2.197,2.1102207700364
2.1975,0.645096578799707
2.198,-2.49718463271845
2.1985,0.909719647472583
2.199,1.9465160533138
2.1995,-2.10074150671177
2.2,-0.634627789713481
2.2005,2.5053474765483
2.201,-0.901223547485424
2.2015,-1.93572133645579
2.202,2.1102207700364
2.2025,0.644110405824383
2.203,-2.49718463271845
2.2035,0.910705820358105
2.204,1.94585860467568
2.2045,-2.10139895770553
2.205,-0.634299065038156
2.2055,2.50600492539841
2.206,-0.901552272276875
2.2065,-1.93605006183772
2.207,2.11120694306675
2.2075,0.643452957173935
2.208,-2.49685590692286
2.2085,0.911363268948314
2.209,1.94520115603774
2.2095,-2.10172768320276
2.21,-0.633970340362965
2.2105,2.50567620097332
2.211,-0.902209721860233
2.2115,-1.93506388569261
2.212,2.11087821872324
2.2125,0.643124232848642
2.213,-2.49685590692286
2.2135,0.911691993243377
2.214,1.94520115603774
2.2145,-2.10238513419793
2.215,-0.633312891012984
2.2155,2.50633364982359
2.216,-0.9028671714442
2.2165,-1.93506388569261
2.217,2.11120694306675
2.2175,0.642466784197917
2.218,-2.49685590692286
2.2185,0.912349441833419
2.219,1.94487243171884
2.2195,-2.10238513419793
2.22,-0.632326716989015
2.2205,2.50666237424885
2.221,-0.903853345821292
2.2215,-1.93440643493032
2.222,2.11186439175392
2.2225,0.641809335547006
2.223,-2.49685590692286
2.2235,0.913006890423349
2.224,1.94454370739997
2.2245,-2.10238513419793
2.225,-0.632326716989015
2.2255,2.50633364982359
2.226,-0.904182070613961
2.2265,-1.93374898416892
2.227,2.11252184044131
2.2275,0.641480611221482
2.228,-2.49619845533244
2.2285,0.913993063308037
2.229,1.94388625876238
2.2295,-2.10304258519403
2.23,-0.630683093618408
2.2305,2.50600492539841
2.231,-0.904510795406782
2.2315,-1.93374898416892
2.232,2.11285056478509
2.2325,0.640823162570293
2.233,-2.49652718112752
2.2335,0.914321787602878
2.234,1.94388625876238
2.2345,-2.10337131069244
2.235,-0.630354368944688
2.2355,2.50633364982359
2.236,-0.905168244992881
2.2365,-1.93342025878855
2.237,2.11285056478509
2.2375,0.639836989593163
2.238,-2.49652718112752
2.2385,0.914979236192476
2.239,1.94355753444364
2.2395,-2.10402876168995
2.24,-0.630025644271101
2.2405,2.50633364982359
2.241,-0.905496969786159
2.2415,-1.93309153340841
2.242,2.11317928912892
2.2425,0.63917954094151
2.243,-2.49652718112752
2.2435,0.915307960487234
2.244,1.9429000858063
2.2445,-2.10435748718906
2.245,-0.629039470251141
2.2455,2.50600492539841
2.246,-0.906483144166909
2.2465,-1.93243408264879
2.247,2.11317928912892
2.2475,0.638522092289671
2.248,-2.49619845533244
2.2485,0.915965409076666
2.249,1.94224263716913
2.2495,-2.1046862126884
2.25,-0.628710745578089
2.2505,2.50567620097332
2.251,-0.906483144166909
2.2515,-1.93177663189007
2.252,2.11383673781674
2.2525,0.637864643637646
2.253,-2.49652718112752
2.2535,0.916622857665989
2.254,1.94191391285061
2.2545,-2.1046862126884
2.255,-0.628382020905169
2.2555,2.50567620097332
2.256,-0.907798043343377
2.2565,-1.93144790651104
2.257,2.11416546216074
2.2575,0.637207194985434
2.258,-2.49652718112752
2.2585,0.916951581960609
2.259,1.94158518853214
2.2595,-2.10501493818798
2.26,-0.627395846887212
2.2605,2.5053474765483
2.261,-0.908455492932527
2.2615,-1.93144790651104
2.262,2.11416546216074
2.2625,0.636549746333036
2.263,-2.49652718112752
2.2635,0.917609030549766
2.264,1.94059901557696
2.2645,-2.10567238918784
2.265,-0.627067122214826
2.2655,2.5053474765483
2.266,-0.90878421772733
2.2665,-1.93111918113223
2.267,2.11548035953726
2.2675,0.636221022006766
2.268,-2.49652718112752
2.2685,0.918595203433297
2.269,1.94059901557696
2.2695,-2.10600111468812
2.27,-0.626080948198469
2.2705,2.5053474765483
2.271,-0.909770392112658
2.2715,-1.93046173037529
2.272,2.11482291084889
2.2725,0.634906124701222
2.273,-2.49652718112752
2.2735,0.918595203433297
2.274,1.93994156694039
2.2745,-2.10567238918784
2.275,-0.625752223526617
2.2755,2.5053474765483
2.276,-0.910099116908072
2.2765,-1.93013300499715
2.277,2.11515163519305
2.2775,0.634577400374719
2.278,-2.49652718112752
2.2785,0.919581376316581
2.279,1.93928411830399
2.2795,-2.10665856568939
2.28,-0.625094774183312
2.2805,2.5053474765483
2.281,-0.91075656649936
2.2815,-1.92947555424155
2.282,2.11580908388153
2.2825,0.634248676048169
2.283,-2.49619845533244
2.2835,0.919910100610954
2.284,1.93961284262217
2.2845,-2.10698729119037
2.285,-0.624437324840539
2.2855,2.50567620097332
2.286,-0.911414016091258
2.2865,-1.92947555424155
2.287,2.11613780822585
2.2875,0.633591227394928
2.288,-2.49554100374308
2.2885,0.920896273493911
2.289,1.93895539398586
2.2895,-2.10731601669159
2.29,-0.6237798754983
2.2905,2.5053474765483
2.291,-0.911742740887437
2.2915,-1.92848937810981
2.292,2.11679525691466
2.2925,0.633262503068238
2.293,-2.49554100374308
2.2935,0.921224997788176
2.294,1.93829794534972
2.2945,-2.10731601669159
2.295,-0.622464976815418
2.2955,2.50567620097332
2.296,-0.912400190480253
2.2965,-1.92848937810981
2.297,2.11679525691466
2.2975,0.632276330087884
2.298,-2.49586972953763
2.2985,0.921882446376623
2.299,1.93796922103171
2.2995,-2.10797346769474
2.3,-0.622464976815418
2.3005,2.5053474765483
2.301,-0.913386364870624
2.3015,-1.92816065273301
2.302,2.11745270560369
2.3025,0.631947605761006
2.303,-2.49586972953763
2.3035,0.922211170670806
2.304,1.93731177239582
2.3045,-2.10830219319666
2.305,-0.621478802804654
2.3055,2.50501875212337
2.306,-0.913386364870624
2.3065,-1.92783192735643
2.307,2.11778142994829
2.3075,0.631290157107108
2.308,-2.49619845533244
2.3085,0.922539894964962
2.309,1.93731177239582
2.3095,-2.10863091869882
2.31,-0.621478802804654
2.3105,2.50567620097332
2.311,-0.914372539262371
2.3115,-1.92717447660394
2.312,2.11778142994829
2.3125,0.630303984125908
2.313,-2.49619845533244
2.3135,0.923526067847267
2.314,1.93698304807794
2.3145,-2.10928836970385
2.315,-0.620492628795086
2.3155,2.50501875212337
2.316,-0.914701264059926
2.3165,-1.92651702585234
2.317,2.11811015429294
2.3175,0.629975259798747
2.318,-2.49619845533244
2.3185,0.923854792141315
2.319,1.9366543237601
2.3195,-2.10928836970385
2.32,-0.619506454786715
2.3205,2.50501875212337
2.321,-0.915358713655496
2.3215,-1.92651702585234
2.322,2.11843887863765
2.3225,0.628989086816981
2.323,-2.49586972953763
2.3235,0.924512240729329
2.324,1.93566815080684
2.3245,-2.10994582070981
2.325,-0.619177730117523
2.3255,2.5053474765483
2.326,-0.916016163251678
2.3265,-1.92618830047687
2.327,2.11909632732723
2.3275,0.628989086816981
2.328,-2.49619845533244
2.3285,0.925169689317235
2.329,1.93632559944231
2.3295,-2.11060327171672
2.33,-0.619177730117523
2.3305,2.50501875212337
2.331,-0.916673612848473
2.3315,-1.92585957510163
2.332,2.11876760298241
2.3325,0.62800291383479
2.333,-2.49586972953763
2.3335,0.925498413611148
2.334,1.93533942648918
2.3345,-2.11027454621315
2.335,-0.618191556110746
2.3355,2.50501875212337
2.336,-0.917002337647101
2.3365,-1.92553084972661
2.337,2.1194250516721
2.3375,0.627674189507299
2.338,-2.49586972953763
2.3385,0.926155862198893
2.339,1.93468197785397
2.3395,-2.11093199722052
2.34,-0.617205382105163
2.3405,2.50469002769852
2.341,-0.917988512043902
2.3415,-1.92487339897723
2.342,2.11975377601703
2.3425,0.627016740852174
2.343,-2.49586972953763
2.3435,0.927470759374061
2.344,1.93435325353643
2.3445,-2.11126072272456
2.345,-0.616547932768771
2.3455,2.5053474765483
2.346,-0.918317236843142
2.3465,-1.92421594822875
2.347,2.12008250036201
2.3475,0.62635929219686
2.348,-2.49554100374308
2.3485,0.927142035080309
2.349,1.93402452921893
2.3495,-2.11158944822884
2.35,-0.61589048343291
2.3505,2.5053474765483
2.351,-0.918317236843142
2.3515,-1.92388722285484
2.352,2.12073994905213
2.3525,0.625373119213532
2.353,-2.49586972953763
2.3535,0.928456932255156
2.354,1.93369580490147
2.3545,-2.11126072272456
2.355,-0.61589048343291
2.3555,2.50501875212337
2.356,-0.919632136041637
2.3565,-1.92322977210768
2.357,2.12106867339728
2.3575,0.625044394885662
2.358,-2.49554100374308
2.3585,0.929443105136011
2.359,1.93336708058406
2.3595,-2.11257562474308
2.36,-0.614904309430112
2.3605,2.5053474765483
2.361,-0.920289585641805
2.3615,-1.92322977210768
2.362,2.12172612208774
2.3625,0.624386946229778
2.363,-2.49554100374308
2.3635,0.929443105136011
2.364,1.93270963194936
2.3645,-2.11257562474308
2.365,-0.614246860095576
2.3655,2.50469002769852
2.366,-0.920618310442119
2.3665,-1.92290104673444
2.367,2.12172612208774
2.3675,0.623729497573704
2.368,-2.49521227794879
2.3685,0.930429278016626
2.369,1.93270963194936
2.3695,-2.11257562474308
2.37,-0.613918135428507
2.3705,2.5053474765483
2.371,-0.921275760043208
2.3715,-1.92224359598862
2.372,2.12271229512384
2.3725,0.623400773245596
2.373,-2.49586972953763
2.3735,0.930758002310111
2.374,1.93270963194936
2.3745,-2.11323307575375
2.375,-0.61358941076157
2.3755,2.5053474765483
2.376,-0.922261934445992
2.3765,-1.92191487061605
2.377,2.12304101946932
2.3775,0.62307204891744
2.378,-2.49488355215476
2.3785,0.931744175190408
2.379,1.93205218331482
2.3795,-2.11323307575375
2.38,-0.612931961428094
2.3805,2.50501875212337
2.381,-0.922590659247227
2.3815,-1.92125741987156
2.382,2.12271229512384
2.3825,0.622414600260985
2.383,-2.49554100374308
2.3835,0.93240162377714
2.384,1.93172345899762
2.3845,-2.11356180125943
2.385,-0.61161706276273
2.3855,2.50501875212337
2.386,-0.922919384048616
2.3865,-1.92092869449965
2.387,2.12336974381485
2.3875,0.62175715160434
2.388,-2.49521227794879
2.3885,0.932730348070467
2.389,1.93139473468046
2.3895,-2.11389052676535
2.39,-0.61128833809672
2.3905,2.50501875212337
2.391,-0.923905558453705
2.3915,-1.92059996912796
2.392,2.12369846816044
2.3925,0.621099702947503
2.393,-2.49488355215476
2.3935,0.93338779665704
2.394,1.93040856172923
2.3945,-2.1145479777779
2.395,-0.610959613430842
2.3955,2.50469002769852
2.396,-0.923905558453705
2.3965,-1.91994251838525
2.397,2.12402719250608
2.3975,0.620442254290476
2.398,-2.49488355215476
2.3985,0.934045245243508
2.399,1.93040856172923
2.3995,-2.11421925227151
2.4,-0.609973439434002
2.4005,2.50469002769852
2.401,-0.924563008057866
2.4015,-1.91928506764343
2.402,2.12435591685178
2.4025,0.619784805633257
2.403,-2.49521227794879
2.4035,0.934702693829871
2.404,1.92942238877837
2.4045,-2.1152054287914
2.405,-0.609315990103436
2.4055,2.50469002769852
2.406,-0.925549182465261
2.4065,-1.91961379301423
2.407,2.12501336554334
2.4075,0.619127356975847
2.408,-2.49521227794879
2.4085,0.935031418123013
2.409,1.92975111309528
2.4095,-2.11586287980583
2.41,-0.608658540773399
2.4105,2.5053474765483
2.411,-0.925877907268033
2.4115,-1.91895634227285
2.412,2.12501336554334
2.4125,0.618469908318245
2.413,-2.49488355215476
2.4135,0.935688866709219
2.414,1.92942238877837
2.4145,-2.11586287980583
2.415,-0.607672366779333
2.4155,2.50469002769852
2.416,-0.92653535687404
2.4165,-1.91829889153236
2.417,2.12567081423513
2.4175,0.617812459660452
2.418,-2.49488355215476
2.4185,0.93634631529532
2.419,1.9284362158279
2.4195,-2.11586287980583
2.42,-0.607343642114909
2.4205,2.50501875212337
2.421,-0.926864081677274
2.4215,-1.91797016616245
2.422,2.1259995385811
2.4225,0.616826286673401
2.423,-2.49488355215476
2.4235,0.937003763881316
2.424,1.92810749151116
2.4245,-2.1161916053134
2.425,-0.606686192786456
2.4255,2.50469002769852
2.426,-0.9278502560879
2.4265,-1.91829889153236
2.427,2.12632826292713
2.4275,0.616826286673401
2.428,-2.49521227794879
2.4285,0.937332488174275
2.429,1.92810749151116
2.4295,-2.11684905632924
2.43,-0.606357468122427
2.4305,2.50469002769852
2.431,-0.92817898089175
2.4315,-1.91764144079276
2.432,2.12665698727322
2.4325,0.615840113685919
2.433,-2.49488355215476
2.4335,0.937661212467208
2.434,1.9274500428778
2.4345,-2.11717778183752
2.435,-0.605700018794766
2.4355,2.50436130327375
2.436,-0.929165155304223
2.4365,-1.91698399005404
2.437,2.12665698727322
2.4375,0.615182665027356
2.438,-2.49422610056749
2.4385,0.938318661052995
2.439,1.92712131856118
2.4395,-2.11717778183752
2.44,-0.604713844804263
2.4405,2.50403257884906
2.441,-0.929493880108689
2.4415,-1.91632653931622
2.442,2.12698571161936
2.4425,0.614525216368601
2.443,-2.49455482636099
2.4435,0.938976109638679
2.444,1.92646386992808
2.4445,-2.11783523285478
2.445,-0.604385120141026
2.4455,2.50469002769852
2.446,-0.930151329718084
2.4465,-1.91599781394764
2.447,2.12764316031181
2.4475,0.614196492039151
2.448,-2.49455482636099
2.4485,0.939962282517009
2.449,1.92613514561159
2.4495,-2.11816395836376
2.45,-0.604056395477921
2.4505,2.50403257884906
2.451,-0.931137504133331
2.4515,-1.91599781394764
2.452,2.12797188465812
2.4525,0.613210319050512
2.453,-2.49455482636099
2.4535,0.940948455395106
2.454,1.92547769697873
2.4545,-2.11882140938243
2.455,-0.603070221489395
2.4555,2.50403257884906
2.456,-0.931466228938722
2.4565,-1.91534036321114
2.457,2.12797188465812
2.4575,0.613210319050512
2.458,-2.49422610056749
2.4585,0.940948455395106
2.459,1.92547769697873
2.4595,-2.11882140938243
2.46,-0.60241277216437
2.4605,2.50436130327375
2.461,-0.932123678549966
2.4615,-1.91501163784322
2.462,2.12895805769738
2.4625,0.611566697401814
2.463,-2.49422610056749
2.4635,0.941605903980375
2.464,1.92514897266236
2.4645,-2.11915013489212
2.465,-0.601755322839871
2.4655,2.50403257884906
2.466,-0.93245240335582
2.4665,-1.91435418710806
2.467,2.12895805769738
2.4675,0.611566697401814
2.468,-2.49422610056749
2.4685,0.942263352565541
2.469,1.92482024834604
2.4695,-2.11947886040205
2.47,-0.601426598177819
2.4705,2.50469002769852
2.471,-0.93310985296799
2.4715,-1.9140254617408
2.472,2.1286293333509
2.4725,0.611237973071929
2.473,-2.49455482636099
2.4735,0.942920801150604
2.474,1.92383407539732
2.4745,-2.11947886040205
2.475,-0.60076914885411
2.4755,2.50403257884906
2.476,-0.933438577774307
2.4765,-1.91369673637377
2.477,2.12961550639049
2.4775,0.610580524412014
2.478,-2.49422610056749
2.4785,0.943578249735564
2.479,1.92350535108116
2.4795,-2.11980758591221
2.48,-0.600111699530928
2.4805,2.50436130327375
2.481,-0.934424752194183
2.4815,-1.91336801100697
2.482,2.12961550639049
2.4825,0.609923075751905
2.483,-2.49389737477424
2.4835,0.943578249735564
2.484,1.92350535108116
2.4845,-2.12013631142261
2.485,-0.599454250208271
2.4855,2.50403257884906
2.486,-0.934753477001117
2.4865,-1.91271056027402
2.487,2.12994423073713
2.4875,0.608936902761378
2.488,-2.49455482636099
2.4885,0.944564422612812
2.489,1.92284790244897
2.4895,-2.12046503693324
2.49,-0.59912552554714
2.4905,2.50403257884906
2.491,-0.935410926615449
2.4915,-1.91303928564038
2.492,2.13027295508383
2.4925,0.607950729770413
2.493,-2.49455482636099
2.4935,0.944893146905177
2.494,1.92284790244897
2.4945,-2.12112248795521
2.495,-0.598468076225272
2.4955,2.50403257884906
2.496,-0.936068376230399
2.4965,-1.91205310954195
2.497,2.13060167943059
2.4975,0.607950729770413
2.498,-2.49422610056749
2.4985,0.94555059548983
2.499,1.921861729501
2.4995,-2.12145121346655
2.5,-0.597481902243455
2.5005,2.50403257884906
2.501,-0.936397101038105
2.5015,-1.91139565881077
2.502,2.13125912812426
2.5025,0.60696455677901
2.503,-2.49422610056749
2.5035,0.94620804407438
2.504,1.92153300518509
2.5045,-2.12177993897813
2.505,-0.596824452922901
2.5055,2.50370385442445
2.506,-0.937054550653982
2.5065,-1.91106693344551
2.507,2.13125912812426
2.5075,0.606307108117831
2.508,-2.49455482636099
2.5085,0.946865492658829
2.509,1.9208755565534
2.5095,-2.12243739000199
2.51,-0.596167003602871
2.5105,2.50403257884906
2.511,-0.938040725078957
2.5115,-1.91106693344551
2.512,2.13191657681816
2.5125,0.605978383787169
2.513,-2.49455482636099
2.5135,0.947522941243176
2.514,1.9208755565534
2.5145,-2.12276611551427
2.515,-0.595838278943053
2.5155,2.50370385442445
2.516,-0.938369449887592
2.5165,-1.91106693344551
2.517,2.13191657681816
2.5175,0.605320935125697
2.518,-2.49389737477424
2.5185,0.948180389827422
2.519,1.92021810792187
2.5195,-2.12309484102679
2.52,-0.594852104964387
2.5205,2.50403257884906
2.521,-0.938698174696381
2.5215,-1.9097520319867
2.522,2.13257402551228
2.5225,0.60466348646403
2.523,-2.49389737477424
2.5235,0.948837838411566
2.524,1.92054683223761
2.5245,-2.12342356653954
2.525,-0.593865930986901
2.5255,2.50403257884906
2.526,-0.939355624314423
2.5265,-1.90942330662255
2.527,2.13323147420662
2.5275,0.604334762133123
2.528,-2.49389737477424
2.5285,0.949495286995609
2.529,1.92021810792187
2.5295,-2.12309484102679
2.53,-0.593537206328001
2.5305,2.50370385442445
2.531,-0.939684349123676
2.5315,-1.90876585589491
2.532,2.13388892290119
2.5325,0.603677313471163
2.533,-2.49323992318854
2.5335,0.950152735579551
2.534,1.91956065929051
2.5345,-2.12342356653954
2.535,-0.593208481669232
2.5355,2.50403257884906
2.536,-0.940670523552365
2.5365,-1.90876585589491
2.537,2.13421764724856
2.5375,0.603348589140109
2.538,-2.49389737477424
2.5385,0.950810184163393
2.539,1.91923193497489
2.5395,-2.12408101756576
2.54,-0.592222307693712
2.5405,2.50370385442445
2.541,-0.941327973172265
2.5415,-1.90810840516816
2.542,2.13388892290119
2.5425,0.603019864809006
2.543,-2.49356864898126
2.5435,0.951796357038966
2.544,1.91857448634377
2.5445,-2.12408101756576
2.545,-0.591893583035468
2.5455,2.50370385442445
2.546,-0.941327973172265
2.5465,-1.90777967980511
2.547,2.13454637159598
2.5475,0.602033691815404
2.548,-2.49356864898126
2.5485,0.951796357038966
2.549,1.91824576202828
2.5495,-2.12440974307922
2.55,-0.590907409061519
2.5505,2.50403257884906
2.551,-0.941985422792785
2.5515,-1.90712222907968
2.552,2.13487509594346
2.5525,0.601704967484106
2.553,-2.49389737477424
2.5535,0.952782529914314
2.554,1.91791703771282
2.5545,-2.12506719410686
2.555,-0.590578684403798
2.5555,2.50304640557548
2.556,-0.942642872413924
2.5565,-1.90745095444229
2.557,2.13520382029099
2.5575,0.601376243152758
2.558,-2.49356864898126
2.5585,0.953111254206046
2.559,1.91758831339741
2.5595,-2.12572464513544
2.56,-0.590249959746207
2.5605,2.50370385442445
2.561,-0.943300322035684
2.5615,-1.90646477835514
2.562,2.13553254463859
2.5625,0.600061345826875
2.563,-2.49356864898126
2.5635,0.953768702789436
2.564,1.91725958908204
2.5645,-2.12572464513544
2.565,-0.589263785774221
2.5655,2.50403257884906
2.566,-0.943957771658063
2.5665,-1.9061360529932
2.567,2.13553254463859
2.5675,0.599075172831946
2.568,-2.49291119739608
2.5685,0.954426151372726
2.569,1.91627341613617
2.5695,-2.12605337065008
2.57,-0.588935061117154
2.5705,2.50337512999992
2.571,-0.944615221281063
2.5715,-1.9061360529932
2.572,2.1365187176817
2.5725,0.598417724168414
2.573,-2.49323992318854
2.5735,0.954754875664334
2.574,1.91594469182096
2.5745,-2.12638209616496
2.575,-0.588277611803412
2.5755,2.50370385442445
2.576,-0.945601395716727
2.5765,-1.90514987690871
2.577,2.1365187176817
2.5775,0.598088999836574
2.578,-2.49356864898126
2.5785,0.955412324247474
2.579,1.91561596750579
2.5795,-2.12736827271102
2.58,-0.587291437833779
2.5805,2.50304640557548
2.581,-0.946258845341278
2.5815,-1.90482115154766
2.582,2.13684744202951
2.5825,0.597760275504684
2.583,-2.49323992318854
2.5835,0.956069772830516
2.584,1.91495851887558
2.5845,-2.12703954719543
2.585,-0.586962713177496
2.5855,2.50370385442445
2.586,-0.946258845341278
2.5865,-1.90416370082621
2.587,2.13750489072532
2.5875,0.597102826840757
2.588,-2.49323992318854
2.5885,0.956727221413458
2.589,1.91528724319067
2.5895,-2.12769699822684
2.59,-0.586305263865322
2.5905,2.50304640557548
2.591,-0.94724501977927
2.5915,-1.90383497546582
2.592,2.13816233942134
2.5925,0.596116653844496
2.593,-2.49323992318854
2.5935,0.957055945704892
2.594,1.91462979456054
2.5945,-2.12769699822684
2.595,-0.58531908989804
2.5955,2.50337512999992
2.596,-0.947902469405374
2.5965,-1.9031775247457
2.597,2.13750489072532
2.5975,0.59578792951231
2.598,-2.49323992318854
2.5985,0.958042118579045
2.599,1.91364362161565
2.5995,-2.1280257237429
2.6,-0.58499036524254
2.6005,2.50304640557548
2.601,-0.948231194218659
2.6015,-1.9031775247457
2.602,2.1378336150733
2.6025,0.594801756515455
2.603,-2.49291119739608
2.6035,0.95837084287038
2.604,1.91331489730077
2.6045,-2.12868317477573
2.605,-0.584661640587171
2.6055,2.50304640557548
2.606,-0.948888643845696
2.6065,-1.90284879938597
2.607,2.13849106376944
2.6075,0.594473032183071
2.608,-2.49323992318854
2.6085,0.959028291452977
2.609,1.91298617298593
2.6095,-2.1290119002925
2.61,-0.584004191276824
2.6105,2.50271768115111
2.611,-0.949546093473354
2.6115,-1.90284879938597
2.612,2.1391485124658
2.6125,0.593486859185621
2.613,-2.49323992318854
2.6135,0.959357015744238
2.614,1.91265744867113
2.6145,-2.1293406258095
2.615,-0.583675466621846
2.6155,2.50271768115111
2.616,-0.950203543101634
2.6165,-1.90219134866717
2.617,2.13881978811759
2.6175,0.593486859185621
2.618,-2.49291119739608
2.6185,0.960014464326687
2.619,1.91232872435638
2.6195,-2.1293406258095
2.62,-0.582689292657694
2.6205,2.50271768115111
2.621,-0.950860992730536
2.6215,-1.90153389794926
2.622,2.13881978811759
2.6225,0.592500686187725
2.623,-2.49323992318854
2.6235,0.960671912909038
2.624,1.91167127572698
2.6245,-2.12966935132675
2.625,-0.582360568003237
2.6255,2.50271768115111
2.626,-0.95151844236006
2.6265,-1.90120517259063
2.627,2.13980596116239
2.6275,0.592171961854993
2.628,-2.49291119739608
2.6285,0.961329361491291
2.629,1.91134255141235
2.6295,-2.12999807684423
2.63,-0.581374394040649
2.6305,2.50304640557548
2.631,-0.951847167175055
2.6315,-1.90087644723223
2.632,2.14013468551077
2.6325,0.59151451318938
2.633,-2.49291119739608
2.6335,0.961986810073446
2.634,1.91101382709775
2.6345,-2.12999807684423
2.635,-0.580716944732908
2.6355,2.50370385442445
2.636,-0.952175891990207
2.6365,-1.90021899651608
2.637,2.1404634098592
2.6375,0.591185788856499
2.638,-2.49258247160388
2.6385,0.962644258655503
2.639,1.9106851027832
2.6395,-2.13065552787989
2.64,-0.580059495425688
2.6405,2.50304640557548
2.641,-0.953162066436594
2.6415,-1.89989027115834
2.642,2.1407921342077
2.6425,0.590199615857557
2.643,-2.49258247160388
2.6435,0.963301707237464
2.644,1.91035637846869
2.6445,-2.13065552787989
2.645,-0.579730770772273
2.6455,2.50271768115111
2.646,-0.953162066436594
2.6465,-1.89989027115834
2.647,2.1407921342077
2.6475,0.589213442858166
2.648,-2.49258247160388
2.6485,0.963959155819327
2.649,1.91002765415421
2.6495,-2.1313129789165
2.65,-0.579402046118988
2.6505,2.50271768115111
2.651,-0.954148240884383
2.6515,-1.89923282044352
2.652,2.14112085855624
2.6525,0.588884718524936
2.653,-2.49258247160388
2.6535,0.964287880110222
2.654,1.90937020552539
2.6545,-2.13164170443516
2.655,-0.578415872159914
2.6555,2.50238895672683
2.656,-0.954476965700624
2.6565,-1.89857536972958
2.657,2.14144958290485
2.6575,0.587898545524946
2.658,-2.49258247160388
2.6585,0.964287880110222
2.659,1.90904148121104
2.6595,-2.13197042995406
2.66,-0.577758422854514
2.6605,2.50238895672683
2.661,-0.954805690517021
2.6615,-1.89824664437294
2.662,2.14210703160223
2.6625,0.587241096858035
2.663,-2.49258247160388
2.6635,0.965274052982762
2.664,1.90838403258246
2.6645,-2.1322991554732
2.665,-0.577100973549635
2.6655,2.50238895672683
2.666,-0.956120589784167
2.6665,-1.89791791901652
2.667,2.14210703160223
2.6675,0.586912372524505
2.668,-2.49258247160388
2.6685,0.965931501564334
2.669,1.90838403258246
2.6695,-2.13328533203202
2.67,-0.576443524245275
2.6705,2.50271768115111
2.671,-0.956778039418676
2.6715,-1.89758919366032
2.672,2.14276448029983
2.6725,0.586254923857293
2.673,-2.49225374581194
2.6735,0.96658895014581
2.674,1.90739785963989
2.6745,-2.13328533203202
2.675,-0.575786074941435
2.6755,2.50206023230263
2.676,-0.957106764236164
2.6765,-1.89693174294858
2.677,2.14309320464872
2.6775,0.585268750856101
2.678,-2.49291119739608
2.6785,0.96724639872719
2.679,1.90706913532578
2.6795,-2.1336140575521
2.68,-0.575128625638114
2.6805,2.50206023230263
2.681,-0.957764213871608
2.6815,-1.89660301759304
2.682,2.14342192899766
2.6825,0.584940026522269
2.683,-2.49225374581194
2.6835,0.967903847308474
2.684,1.90706913532578
2.6845,-2.1336140575521
2.685,-0.574471176335313
2.6855,2.50206023230263
2.686,-0.958092938689564
2.6865,-1.89594556688263
2.687,2.14342192899766
2.6875,0.584940026522269
2.688,-2.49192502002027
2.6885,0.967903847308474
2.689,1.90641168669769
2.6895,-2.13394278307241
2.69,-0.574142451684106
2.6905,2.50206023230263
2.691,-0.958750388325945
2.6915,-1.89594556688263
2.692,2.14407937769572
2.6925,0.583625129186441
2.693,-2.49192502002027
2.6935,0.969218744470753
2.694,1.90641168669769
2.6945,-2.13460023411376
2.695,-0.573156277731266
2.6955,2.50238895672683
2.696,-0.95940783796295
2.6965,-1.89561684152775
2.697,2.14440810204484
2.6975,0.582967680518225
2.698,-2.49225374581194
2.6985,0.969547468761263
2.699,1.90575423806976
2.6995,-2.13525768515605
2.7,-0.572827553080579
2.7005,2.50206023230263
2.701,-0.960394012419629
2.7015,-1.89430194011045
2.702,2.14440810204484
2.7025,0.581981507515523
2.703,-2.49225374581194
2.7035,0.970204917342212
2.704,1.90509678944198
2.7045,-2.13558641067755
2.705,-0.572170103779593
2.7055,2.50173150787851
2.706,-0.961051462058196
2.7065,-1.89463066546445
2.707,2.14473682639401
2.7075,0.581981507515523
2.708,-2.49258247160388
2.7085,0.970862365923065
2.709,1.90509678944198
2.7095,-2.13591513619929
2.71,-0.571512654479125
2.7105,2.50238895672683
2.711,-0.961380186877713
2.7115,-1.89430194011045
2.712,2.14605172379126
2.7125,0.581652783181188
2.713,-2.49192502002027
2.7135,0.971191090213456
2.714,1.90411061650063
2.7145,-2.13558641067755
2.715,-0.570855205179176
2.7155,2.50206023230263
2.716,-0.961708911697387
2.7165,-1.89364448940312
2.717,2.14605172379126
2.7175,0.580666610177881
2.718,-2.49159629422885
2.7185,0.972177263084487
2.719,1.90443934081437
2.7195,-2.13591513619929
2.72,-0.569869031230222
2.7205,2.50206023230263
2.721,-0.962037636517218
2.7215,-1.89298703869667
2.722,2.14670917249022
2.7225,0.580666610177881
2.723,-2.49159629422885
2.7235,0.972834711665055
2.724,1.90443934081437
2.7245,-2.13558641067755
2.725,-0.569211581931568
2.7255,2.50206023230263
2.726,-0.962695086157347
2.7265,-1.89298703869667
2.727,2.14703789683979
2.7275,0.579680437174119
2.728,-2.49159629422885
2.7285,0.973492160245529
2.729,1.90378189218692
2.7295,-2.13657258724347
2.73,-0.56855413263343
2.7305,2.50238895672683
2.731,-0.963023810977647
2.7315,-1.89265831334378
2.732,2.14703789683979
2.7325,0.578694264169901
2.733,-2.4912675684377
2.7335,0.973492160245529
2.734,1.90345316787326
2.7345,-2.13690131276592
2.735,-0.567567958687195
2.7355,2.50238895672683
2.736,-0.964009985439483
2.7365,-1.89167213728642
2.737,2.14736662118941
2.7375,0.57836553983506
2.738,-2.4912675684377
2.7385,0.974478333116063
2.739,1.90279571924605
2.7395,-2.13690131276592
2.74,-0.567567958687195
2.7405,2.50140278345447
2.741,-0.964667435081489
2.7415,-1.89167213728642
2.742,2.1476953455391
2.7425,0.577708091165227
2.743,-2.49159629422885
2.7435,0.974807057406194
2.744,1.902138270619
2.7445,-2.13788748933468
2.745,-0.566581784742122
2.7455,2.50140278345447
2.746,-0.964996159902728
2.7465,-1.89134341193441
2.747,2.1476953455391
2.7475,0.576721918160097
2.748,-2.49159629422885
2.7485,0.975464505986385
2.749,1.90115209767873
2.7495,-2.13788748933468
2.75,-0.566581784742122
2.7505,2.50140278345447
2.751,-0.965982334367381
2.7515,-1.89068596123104
2.752,2.14835279423863
2.7525,0.576393193824951
2.753,-2.49192502002027
2.7535,0.976450678856496
2.754,1.90082337336539
2.7545,-2.13821621485808
2.755,-0.565595610798212
2.7555,2.50173150787851
2.756,-0.966311059189245
2.7565,-1.89035723587969
2.757,2.14868151858848
2.7575,0.575407020819211
2.758,-2.49159629422885
2.7585,0.976779403146486
2.759,1.90082337336539
2.7595,-2.13821621485808
2.76,-0.564938161502918
2.7605,2.50173150787851
2.761,-0.967625958478269
2.7615,-1.88937105982694
2.762,2.14868151858848
2.7625,0.575407020819211
2.763,-2.49159629422885
2.7635,0.977436851726396
2.764,1.90049464905208
2.7645,-2.13887366590558
2.765,-0.564609436855465
2.7655,2.50140278345447
2.766,-0.967625958478269
2.7665,-1.88904233447647
2.767,2.14933896728836
2.7675,0.574420847813013
2.768,-2.4912675684377
2.7685,0.978094300306213
2.769,1.89983720042559
2.7695,-2.13953111695403
2.77,-0.563294538266942
2.7705,2.50140278345447
2.771,-0.968283408123721
2.7715,-1.88871360912622
2.772,2.14933896728836
2.7725,0.573763399141959
2.773,-2.4912675684377
2.7735,0.978751748885936
2.774,1.89983720042559
2.7745,-2.13953111695403
2.775,-0.563294538266942
2.7755,2.50173150787851
2.776,-0.968940857769799
2.7765,-1.88871360912622
2.777,2.14999641598846
2.7775,0.573105950470701
2.778,-2.4912675684377
2.7785,0.978751748885936
2.779,1.89885102748616
2.7795,-2.14018856800343
2.78,-0.562308364326904
2.7805,2.50140278345447
2.781,-0.969927032240094
2.7815,-1.88838488377618
2.782,2.1506538646888
2.7825,0.572448501799239
2.783,-2.4909388426468
2.7835,0.979409197465567
2.784,1.89885102748616
2.7845,-2.14051729352849
2.785,-0.56165091503419
2.7855,2.50107405903051
2.786,-0.970255757063839
2.7865,-1.88706998237824
2.787,2.15098258903905
2.7875,0.572448501799239
2.788,-2.4912675684377
2.7885,0.98072409462455
2.789,1.8985223031731
2.7895,-2.14051729352849
2.79,-0.56165091503419
2.7905,2.50107405903051
2.791,-0.9709132067118
2.7915,-1.88772743307677
2.792,2.15098258903905
2.7925,0.571462328791663
2.793,-2.4909388426468
2.7935,0.981381543203903
2.794,1.89786485454709
2.7945,-2.14084601905378
2.795,-0.560664741096086
2.7955,2.50107405903051
2.796,-0.9709132067118
2.7965,-1.88674125702931
2.797,2.15131131338936
2.7975,0.570476155783626
2.798,-2.4909388426468
2.7985,0.982038991783164
2.799,1.89720740592124
2.7995,-2.14117474457931
2.8,-0.56000729180466
2.8005,2.50140278345447
2.801,-0.971899381184918
2.8015,-1.88641253168059
2.802,2.15196876209015
2.8025,0.569818707111346
2.803,-2.49061011685617
2.8035,0.982038991783164
2.804,1.89687868160837
2.8045,-2.14150347010507
2.805,-0.55934984251375
2.8055,2.50140278345447
2.806,-0.972556830834449
2.8065,-1.88575508098382
2.807,2.15196876209015
2.8075,0.56916125843886
2.808,-2.49159629422885
2.8085,0.982696440362332
2.809,1.89654995729554
2.8095,-2.14216092115732
2.81,-0.559021117868487
2.8105,2.50107405903051
2.811,-0.972556830834449
2.8115,-1.88542635563577
2.812,2.15229748644063
2.8125,0.568503809766169
2.813,-2.4909388426468
2.8135,0.983025164651882
2.814,1.89589250867001
2.8145,-2.14248964668379
2.815,-0.558363668578349
2.8155,2.50140278345447
2.816,-0.973543005309923
2.8165,-1.88509763028793
2.817,2.15196876209015
2.8175,0.567846361093272
2.818,-2.4909388426468
2.8185,0.983682613230913
2.819,1.89589250867001
2.8195,-2.14281837221051
2.82,-0.558363668578349
2.8205,2.50107405903051
2.821,-0.974529179786811
2.8215,-1.88509763028793
2.822,2.15262621079116
2.8225,0.567517636756747
2.823,-2.4909388426468
2.8235,0.984340061809852
2.824,1.89523506004464
2.8245,-2.14281837221051
2.825,-0.557048769999616
2.8255,2.50074533460663
2.826,-0.974529179786811
2.8265,-1.88444017959292
2.827,2.15295493514176
2.8275,0.566531463746862
2.828,-2.4909388426468
2.8285,0.984668786099288
2.829,1.89490633573201
2.8295,-2.14347582326465
2.83,-0.556720045355254
2.8305,2.50074533460663
2.831,-0.975515354265113
2.8315,-1.88444017959292
2.832,2.15361238384312
2.8325,0.565545290736513
2.833,-2.49061011685617
2.8335,0.98532623467809
2.834,1.89490633573201
2.8345,-2.14380454879208
2.835,-0.556062596066915
2.8355,2.50074533460663
2.836,-0.975844079091528
2.8365,-1.88411145424574
2.837,2.15361238384312
2.8375,0.565216566399627
2.838,-2.4909388426468
2.8385,0.985654958967457
2.839,1.89424888710687
2.8395,-2.14413327431974
2.84,-0.555405146779091
2.8405,2.50074533460663
2.841,-0.97650152874483
2.8415,-1.88345400355204
2.842,2.15394110819389
2.8425,0.565216566399627
2.843,-2.4909388426468
2.8435,0.986641131835421
2.844,1.89392016279436
2.8445,-2.14479072537578
2.845,-0.554747697491781
2.8455,2.50074533460663
2.846,-0.977158978398762
2.8465,-1.88312527820552
2.847,2.15459855689559
2.8475,0.563901669051567
2.848,-2.4912675684377
2.8485,0.986641131835421
2.849,1.89326271416946
2.8495,-2.14511945090416
2.85,-0.554090248204984
2.8505,2.50041661018284
2.851,-0.978473877708514
2.8515,-1.88213910216728
2.852,2.15525600559753
2.8525,0.563901669051567
2.853,-2.4909388426468
2.8535,0.987956028992388
2.854,1.89293398985707
2.8545,-2.14511945090416
2.855,-0.5534327989187
2.8555,2.50107405903051
2.856,-0.97814515288084
2.8565,-1.88213910216728
2.857,2.15525600559753
2.8575,0.562915496039979
2.858,-2.4902813910658
2.8585,0.988613477570737
2.859,1.89293398985707
2.8595,-2.14544817643278
2.86,-0.55277534963293
2.8605,2.50041661018284
2.861,-0.978802602536345
2.8615,-1.88148165147622
2.862,2.15558472994858
2.8625,0.56258677170268
2.863,-2.49061011685617
2.8635,0.989270926148994
2.864,1.89194781692014
2.8645,-2.14577690196163
2.865,-0.551789175705236
2.8655,2.50041661018284
2.866,-0.979131327364334
2.8665,-1.88115292613101
2.867,2.15558472994858
2.8675,0.562258047365329
2.868,-2.49061011685617
2.8685,0.989270926148994
2.869,1.89129036829571
2.8695,-2.14610562749072
2.87,-0.551460451062928
2.8705,2.50041661018284
2.871,-0.980774951506642
2.8715,-1.88082420078603
2.872,2.15624217865086
2.8725,0.561271874352965
2.873,-2.4902813910658
2.8735,0.990257099016213
2.874,1.89096164398356
2.8745,-2.14643435302004
2.875,-0.551460451062928
2.8755,2.50041661018284
2.876,-0.980774951506642
2.8765,-1.88049547544127
2.877,2.15657090300209
2.8775,0.560285701340133
2.878,-2.49061011685617
2.8785,0.990914547594246
2.879,1.89063291967144
2.8795,-2.14709180407941
2.88,-0.550145552494977
2.8805,2.50008788575912
2.881,-0.981432401164668
2.8815,-1.88016675009672
2.882,2.15657090300209
2.8825,0.559956977002419
2.883,-2.49061011685617
2.8835,0.990914547594246
2.884,1.88964674673533
2.8845,-2.14709180407941
2.885,-0.550145552494977
2.8855,2.50008788575912
2.886,-0.982089850823325
2.8865,-1.87950929940829
2.887,2.15689962735337
2.8875,0.558970803988965
2.888,-2.49061011685617
2.8885,0.991243271883228
2.889,1.88931802242338
2.8895,-2.14774925513972
2.89,-0.548830653929075
2.8905,2.49975916133549
2.891,-0.982747300482612
2.8915,-1.8791805740644
2.892,2.15755707605611
2.8925,0.558642079651043
2.893,-2.4902813910658
2.8935,0.992558169038936
2.894,1.88931802242338
2.8945,-2.14774925513972
2.895,-0.548830653929075
2.8955,2.50008788575912
2.896,-0.983076025312493
2.8965,-1.87852312337729
2.897,2.15755707605611
2.8975,0.557984630975042
2.898,-2.4902813910658
2.8985,0.993544341905483
2.899,1.88898929811146
2.8995,-2.14807798067024
2.9,-0.547844480005993
2.9005,2.50008788575912
2.901,-0.983733474972727
2.9015,-1.87852312337729
2.902,2.15821452475909
2.9025,0.55699845796065
2.903,-2.48995266527569
2.9035,0.993544341905483
2.904,1.88833184948774
2.9045,-2.14873543173198
2.905,-0.547515755365221
2.9055,2.49975916133549
2.906,-0.984062199803081
2.9065,-1.87819439803406
2.907,2.15854324911066
2.9075,0.556669733622416
2.908,-2.48995266527569
2.9085,0.993873066194288
2.909,1.88833184948774
2.9095,-2.14906415726321
2.91,-0.546200856803413
2.9105,2.50008788575912
2.911,-0.984719649464262
2.9115,-1.87720822200568
2.912,2.15887197346229
2.9125,0.556012284945789
2.913,-2.48962393948584
2.9135,0.994859239060568
2.914,1.88767440086417
2.9145,-2.14873543173198
2.915,-0.545872132163281
2.9155,2.49975916133549
2.916,-0.985705823957217
2.9165,-1.8765507713212
2.917,2.15887197346229
2.9175,0.555354836268954
2.918,-2.48995266527569
2.9185,0.995845411926649
2.919,1.88668822792912
2.9195,-2.14939288279467
2.92,-0.544885958243651
2.9205,2.50008788575912
2.921,-0.986034548788518
2.9215,-1.8765507713212
2.922,2.15952942216572
2.9225,0.555026111930458
2.923,-2.48962393948584
2.9235,0.995845411926649
2.924,1.88701695224077
2.9245,-2.14972160832638
2.925,-0.544557233604029
2.9255,2.49975916133549
2.926,-0.986691998451594
2.9265,-1.87589332063759
2.927,2.15952942216572
2.9275,0.554368663253309
2.928,-2.48995266527569
2.9285,0.996502860503926
2.929,1.88635950361752
2.9295,-2.14972160832638
2.93,-0.544228508964536
2.9305,2.49975916133549
2.931,-0.987349448115302
2.9315,-1.87589332063759
2.932,2.15985814651752
2.9325,0.553711214575951
2.933,-2.48995266527569
2.9335,0.997489033369676
2.934,1.88635950361752
2.9345,-2.15070778492291
2.935,-0.543242335046821
2.9355,2.50008788575912
2.936,-0.987678172947394
2.9365,-1.87523586995485
2.937,2.1605155952213
2.9375,0.553053765898384
2.938,-2.48962393948584
2.9385,0.998146481946733
2.939,1.88603077930595
2.9395,-2.15070778492291
2.94,-0.542913610407838
2.9405,2.49943043691193
2.941,-0.98833562261205
2.9415,-1.87490714461381
2.942,2.16084431957328
2.9425,0.553053765898384
2.943,-2.48929521369626
2.9435,0.998146481946733
2.944,1.88537333068293
2.9445,-2.15103651045557
2.945,-0.542256161130254
2.9455,2.49975916133549
2.946,-0.988664347444616
2.9465,-1.87457841927299
2.947,2.16084431957328
2.9475,0.552067592881639
2.948,-2.48995266527569
2.9485,0.999132654812154
2.949,1.88504460637148
2.9495,-2.15136523598846
2.95,-0.541598711853181
2.9505,2.49975916133549
2.951,-0.989650521943261
2.9515,-1.87392096859201
2.952,2.16117304392531
2.9525,0.551410144203546
2.953,-2.48896648790693
2.9535,0.999790103388993
2.954,1.88504460637148
2.9545,-2.15136523598846
2.955,-0.540941262576618
2.9555,2.49943043691193
2.956,-0.990307971609816
2.9565,-1.87392096859201
2.957,2.16183049262955
2.9575,0.550752695525244
2.958,-2.48929521369626
2.9585,1.00044755196574
2.959,1.88372970912607
2.9595,-2.15169396152159
2.96,-0.53962636402502
2.9605,2.49943043691193
2.961,-0.99063669644333
2.9615,-1.8732635179119
2.962,2.16183049262955
2.9625,0.549766522507395
2.963,-2.48929521369626
2.9635,1.00044755196574
2.964,1.88372970912607
2.9645,-2.15235141258856
2.965,-0.539955088662729
2.9655,2.49910171248846
2.966,-0.990965421277003
2.9665,-1.87227734189338
2.967,2.16248794133402
2.9675,0.549109073828566
2.968,-2.48929521369626
2.9685,1.00143372483071
2.969,1.88340098481481
2.9695,-2.15268013812241
2.97,-0.539297639387439
2.9705,2.49943043691193
2.971,-0.991951595778972
2.9715,-1.87227734189338
2.972,2.16248794133402
2.9725,0.548780349489073
2.973,-2.48863776211786
2.9735,1.00209117340724
2.974,1.88241481188128
2.9745,-2.15300886365649
2.975,-0.538311465475461
2.9755,2.49910171248846
2.976,-0.992609045447743
2.9765,-1.87194861655431
2.977,2.16248794133402
2.9775,0.547794176470276
2.978,-2.48929521369626
2.9785,1.00274862198369
2.979,1.88241481188128
2.9795,-2.15300886365649
2.98,-0.537325291564627
2.9805,2.49910171248846
2.981,-0.992937770282366
2.9815,-1.87161989121546
2.982,2.16413156309622
2.9825,0.547465452130572
2.983,-2.48929521369626
2.9835,1.0037347948482
2.984,1.88175736325912
2.9845,-2.15333758919081
2.985,-0.536667842291374
2.9855,2.49943043691193
2.986,-0.993923944787186
2.9865,-1.87063371520022
2.987,2.16413156309622
2.9875,0.546808003451004
2.988,-2.48863776211786
2.9885,1.0037347948482
2.989,1.88109991463711
2.9895,-2.15333758919081
2.99,-0.536339117654938
2.9905,2.49877298806507
2.991,-0.994581394457859
2.9915,-1.87030498986224
2.992,2.16380283874366
2.9925,0.546479279111141
2.993,-2.48929521369626
2.9935,1.00439224342443
2.994,1.88109991463711
2.9945,-2.15399504026016
2.995,-0.53601039301863
2.9955,2.49877298806507
2.996,-0.994581394457859
2.9965,-1.86964753918695
2.997,2.16446028744883
2.9975,0.545821830431257
2.998,-2.48863776211786
2.9985,1.00504969200057
2.999,1.88077119032616
2.9995,-2.15465249133047
3,-0.535024219110467
3.0005,2.49910171248846
3.001,-0.995567568965057
3.0015,-1.86931881384963
3.002,2.1647890118015
3.0025,0.54516438175116
3.003,-2.48863776211786
3.0035,1.00570714057664
3.004,1.88044246601526
3.0045,-2.15465249133047
3.005,-0.534366769838993
3.0055,2.49877298806507
3.006,-0.996225018637315
3.0065,-1.86964753918695
3.007,2.1647890118015
3.0075,0.544835657411033
3.008,-2.48896648790693
3.0085,1.00603586486463
3.009,1.87945629308277
3.0095,-2.15530994240172
3.01,-0.533709320568028
3.0105,2.49844426364176
3.011,-0.996225018637315
3.0115,-1.86866136317564
3.012,2.16511773615423
3.0125,0.543849484390332
3.013,-2.48896648790693
3.0135,1.00636458915261
3.014,1.87945629308277
3.0145,-2.15530994240172
3.015,-0.533380595932735
3.0155,2.49844426364176
3.016,-0.997539917983737
3.0165,-1.86833263783898
3.017,2.16511773615423
3.0175,0.543192035709599
3.018,-2.48830903632906
3.0185,1.0070220377285
3.019,1.87847012015062
3.0195,-2.15596739347393
3.02,-0.53305187129757
3.0205,2.49844426364176
3.021,-0.997539917983737
3.0215,-1.86800391250253
3.022,2.16577518485986
3.0225,0.542863311369153
3.023,-2.48830903632906
3.0235,1.00735076201641
3.024,1.87814139583998
3.0245,-2.1562961190104
3.025,-0.532065697392835
3.0255,2.49844426364176
3.026,-0.998854817332698
3.0265,-1.86800391250253
3.027,2.16610390921277
3.0275,0.541877138347497
3.028,-2.48830903632906
3.0285,1.00833693488002
3.029,1.87814139583998
3.0295,-2.1562961190104
3.03,-0.531408248123646
3.0305,2.49778681479539
3.031,-0.999183542170335
3.0315,-1.86734646183029
3.032,2.16610390921277
3.0325,0.541219689666126
3.033,-2.48830903632906
3.0335,1.00866565916785
3.034,1.8771552229083
3.0345,-2.15695357008404
3.035,-0.531079523489242
3.0355,2.49811553921853
3.036,-1.0001697166842
3.0365,-1.86668901115893
3.037,2.16610390921277
3.0375,0.539904792302746
3.038,-2.48929521369626
3.0385,1.00899438345566
3.039,1.87682649859782
3.0395,-2.15728229562121
3.04,-0.530422074220813
3.0405,2.49811553921853
3.041,-1.0001697166842
3.0415,-1.86636028582358
3.042,2.16676135791875
3.0425,0.539904792302746
3.043,-2.48863776211786
3.0435,1.0096518320312
3.044,1.87649777428737
3.0445,-2.15761102115863
3.045,-0.530093349586789
3.0455,2.49811553921853
3.046,-1.0011558911995
3.0465,-1.86636028582358
3.047,2.16709008227183
3.0475,0.539247343620737
3.048,-2.48830903632906
3.0485,1.01030928060667
3.049,1.87649777428737
3.0495,-2.15793974669628
3.05,-0.529107175685477
3.0505,2.49844426364176
3.051,-1.00148461603825
3.0515,-1.86603156048844
3.052,2.16741880662497
3.0525,0.538589894938513
3.053,-2.48896648790693
3.0535,1.01129545346971
3.054,1.87551160135626
3.0545,-2.15826847223418
3.055,-0.528449726418569
3.0555,2.49745809037232
3.056,-1.00181334087716
3.0565,-1.86537410981882
3.057,2.16741880662497
3.0575,0.537932446256076
3.058,-2.48830903632906
3.0585,1.01162417775735
3.059,1.87518287704597
3.0595,-2.15892592331068
3.06,-0.528121001785305
3.0605,2.49811553921853
3.061,-1.00247079055545
3.0615,-1.86504538448434
3.062,2.16840497968472
3.0625,0.537603721914778
3.063,-2.48830903632906
3.0635,1.01228162633256
3.064,1.87518287704597
3.0645,-2.15859719777231
3.065,-0.527134827886272
3.0655,2.49811553921853
3.066,-1.00312824023438
3.0665,-1.86438793381603
3.067,2.16840497968472
3.0675,0.53661754889056
3.068,-2.48765158475223
3.0685,1.01293907490769
3.069,1.87419670411532
3.0695,-2.15859719777231
3.07,-0.526477378620882
3.0705,2.49778681479539
3.071,-1.00378568991395
3.0715,-1.86405920848221
3.072,2.16873370403809
3.0725,0.535960100207481
3.073,-2.48798031054052
3.0735,1.01359652348273
3.074,1.87419670411532
3.0745,-2.15925464884928
3.075,-0.526148653988377
3.0755,2.49811553921853
3.076,-1.00411441475397
3.0765,-1.8637304831486
3.077,2.16906242839152
3.0775,0.535631375865861
3.078,-2.48830903632906
3.0785,1.01392524777022
3.079,1.87353925549508
3.0795,-2.15991209992721
3.08,-0.525491204723746
3.0805,2.49745809037232
3.081,-1.005100589275
3.0815,-1.86340175781521
3.082,2.16939115274501
3.0825,0.53497392718246
3.083,-2.48765158475223
3.0835,1.01458269634514
3.084,1.87321053118502
3.0845,-2.16024082546653
3.085,-0.524833755459621
3.0855,2.49745809037232
3.086,-1.005100589275
3.0865,-1.86241558181635
3.087,2.17004860145216
3.0875,0.533987754156956
3.088,-2.48765158475223
3.0885,1.01491142063257
3.089,1.872553082565
3.0895,-2.1605695510061
3.09,-0.524176306196001
3.0905,2.49745809037232
3.091,-1.00575803895647
3.0915,-1.86208685648383
3.092,2.17004860145216
3.0925,0.533659029815014
3.093,-2.48765158475223
3.0935,1.01589759349473
3.094,1.872553082565
3.0945,-2.16024082546653
3.095,-0.523518856932886
3.0955,2.49745809037232
3.096,-1.00674421347989
3.0965,-1.86142940581945
3.097,2.17037732580582
3.0975,0.533330305473018
3.098,-2.48765158475223
3.0985,1.01655504206941
3.099,1.87156690963527
3.0995,-2.1608982765459
3.1,-0.522861407670276
3.1005,2.49712936594933
3.101,-1.00740166316296
3.1015,-1.86175813115153
3.102,2.17070605015954
3.1025,0.532015408104497
3.103,-2.48765158475223
3.1035,1.01721249064399
3.104,1.87123818532543
3.1045,-2.16155572762621
3.105,-0.522203958408171
3.1055,2.49712936594933
3.106,-1.00805911284667
3.1065,-1.86077195515594
3.107,2.17103477451332
3.1075,0.532344132446708
3.108,-2.48765158475223
3.1085,1.0178699392185
3.109,1.87123818532543
3.1095,-2.16188445316673
3.11,-0.522203958408171
3.1105,2.49745809037232
3.111,-1.00838783768876
3.1115,-1.86044322982451
3.112,2.17103477451332
3.1125,0.531357959419913
3.113,-2.48732285896421
3.1135,1.01852738779292
3.114,1.87090946101563
3.1145,-2.16221317870748
3.115,-0.520560335255116
3.1155,2.49745809037232
3.116,-1.00904528737343
3.1165,-1.8601145044933
3.117,2.17169222322105
3.1175,0.530371786392633
3.118,-2.48765158475223
3.1185,1.01918483636727
3.119,1.87025201239615
3.1195,-2.16221317870748
3.12,-0.520231610624883
3.1205,2.49712936594933
3.121,-1.01003146190163
3.1215,-1.8601145044933
3.122,2.172020947575
3.1225,0.529714337707509
3.123,-2.48765158475223
3.1235,1.01951356065441
3.124,1.86992328808647
3.1245,-2.16221317870748
3.125,-0.519245436734941
3.1255,2.49778681479539
3.126,-1.01068891158789
3.1265,-1.85945705383153
3.127,2.17267839628309
3.1275,0.529714337707509
3.128,-2.48732285896421
3.1285,1.02017100922863
3.129,1.86959456377682
3.1295,-2.1628706297897
3.13,-0.518587987475609
3.1305,2.49712936594933
3.131,-1.01036018674468
3.1315,-1.85879960317064
3.132,2.17300712063722
3.1325,0.528728164679419
3.133,-2.48732285896421
3.1335,1.0204997335157
3.134,1.86959456377682
3.1345,-2.16319935533117
3.135,-0.517930538216781
3.1355,2.49680064152643
3.136,-1.01101763643126
3.1365,-1.85879960317064
3.137,2.17333584499141
3.1375,0.528070715993755
3.138,-2.48732285896421
3.1385,1.02082845780276
3.139,1.86860839084811
3.1395,-2.16352808087288
3.14,-0.517930538216781
3.1405,2.49680064152643
3.141,-1.01167508611848
3.1415,-1.85748470185146
3.142,2.17333584499141
3.1425,0.527084542964853
3.143,-2.48732285896421
3.1435,1.0211571820898
3.144,1.86762221791974
3.1445,-2.16352808087288
3.145,-0.516944364329484
3.1455,2.49680064152643
3.146,-1.01233253580634
3.1465,-1.85748470185146
3.147,2.17366456934566
3.1475,0.526427094278647
3.148,-2.48699413317645
3.1485,1.02214335495079
3.149,1.86762221791974
3.1495,-2.16385680641483
3.15,-0.516286915071914
3.1505,2.49680064152643
3.151,-1.01331871033933
3.1515,-1.85715597652221
3.152,2.17432201805433
3.1525,0.526427094278647
3.153,-2.48699413317645
3.1535,1.0231295278116
3.154,1.86696476930102
3.1545,-2.1648429830421
3.155,-0.515300741186502
3.1555,2.4964719171036
3.156,-1.01364743518398
3.1565,-1.85715597652221
3.157,2.17399329369996
3.1575,0.525769645592224
3.158,-2.48699413317645
3.1585,1.0231295278116
3.159,1.86663604499171
3.1595,-2.1648429830421
3.16,-0.515629465814847
3.1605,2.4964719171036
3.161,-1.01463360971889
3.1615,-1.85649852586437
3.162,2.17465074240875
3.1625,0.524454748218726
3.163,-2.48732285896421
3.1635,1.02378697638538
3.164,1.86630732068244
3.1645,-2.16550043412815
3.165,-0.514972016558284
3.1655,2.49614319268086
3.166,-1.01496233456417
3.1665,-1.85584107520739
3.167,2.17432201805433
3.1675,0.524126023875216
3.168,-2.48699413317645
3.1685,1.02444442495907
3.169,1.86564987206402
3.1695,-2.16582915967152
3.17,-0.514314567302222
3.1705,2.49614319268086
3.171,-1.01561978425523
3.1715,-1.85551234987923
3.172,2.17530819111777
3.1725,0.523468575188032
3.173,-2.48699413317645
3.1735,1.02510187353268
3.174,1.86532114775486
3.1745,-2.16582915967152
3.175,-0.513657118046664
3.1755,2.49680064152643
3.176,-1.01561978425523
3.1765,-1.85452617389605
3.177,2.17563691547237
3.1775,0.52281112650063
3.178,-2.48633668160171
3.1785,1.02608804639295
3.179,1.86564987206402
3.1795,-2.16615788521514
3.18,-0.512670944164268
3.1805,2.4964719171036
3.181,-1.01660595879302
3.1815,-1.85452617389605
3.182,2.17596563982703
3.1825,0.521824953469119
3.183,-2.48633668160171
3.1835,1.02674549496636
3.184,1.86499242344574
3.1845,-2.1668153363031
3.185,-0.511684770283001
3.1855,2.4964719171036
3.186,-1.01693468363926
3.1865,-1.85419744856876
3.187,2.17629436418175
3.1875,0.522153677813011
3.188,-2.48666540738895
3.1885,1.02773166782633
3.189,1.86499242344574
3.1895,-2.166486610759
3.19,-0.511356045656163
3.1905,2.49614319268086
3.191,-1.01824958302586
3.1915,-1.85353999791483
3.192,2.17662308853653
3.1925,0.521496229125173
3.193,-2.48633668160171
3.1935,1.02773166782633
3.194,1.86367752620965
3.1945,-2.1668153363031
3.195,-0.511027321029451
3.1955,2.49680064152643
3.196,-1.01857830787291
3.1965,-1.85321127258819
3.197,2.17695181289136
3.1975,0.520510056093006
3.198,-2.48600795581474
3.1985,1.02838911639954
3.199,1.86334880190072
3.1995,-2.16714406184743
3.2,-0.510369871776402
3.2005,2.4964719171036
3.201,-1.01890703272012
3.2015,-1.85255382193557
3.202,2.17728053724626
3.2025,0.519852607404622
3.203,-2.48633668160171
3.2035,1.02838911639954
3.204,1.86302007759182
3.2045,-2.16747278739201
3.205,-0.509383697897768
3.2055,2.49614319268086
3.206,-1.01956448241502
3.2065,-1.85189637128381
3.207,2.17760926160121
3.2075,0.519523883060348
3.208,-2.48567923002802
3.2085,1.02970401354572
3.209,1.86269135328297
3.2095,-2.16813023848187
3.21,-0.508726248645973
3.2105,2.49614319268086
3.211,-1.01989320726271
3.2115,-1.85156764595826
3.212,2.17793798595622
3.2125,0.518866434371635
3.213,-2.48633668160171
3.2135,1.0303614621187
3.214,1.86203390466537
3.2145,-2.16813023848187
3.215,-0.507740074769218
3.2155,2.49614319268086
3.216,-1.02087938180674
3.2165,-1.85123892063292
3.217,2.17892415902161
3.2175,0.517880261338156
3.218,-2.48567923002802
3.2185,1.03101891069159
3.219,1.86203390466537
3.2195,-2.1687876895727
3.22,-0.508068799394678
3.2205,2.49614319268086
3.221,-1.02120810665507
3.2215,-1.85091019530781
3.222,2.17892415902161
3.2225,0.517551536993553
3.223,-2.48567923002802
3.2235,1.03101891069159
3.224,1.86170518035662
3.2245,-2.16845896402716
3.225,-0.506753900893591
3.2255,2.4958144682582
3.226,-1.02219428120103
3.2265,-1.85058146998291
3.227,2.17925288337686
3.2275,0.516894088304182
3.228,-2.48567923002802
3.2285,1.03200508355079
3.229,1.86137645604792
3.2295,-2.1687876895727
3.23,-0.505767727019089
3.2305,2.4964719171036
3.231,-1.02219428120103
3.2315,-1.84959529400951
3.232,2.17892415902161
3.2325,0.515907915269715
3.233,-2.48567923002802
3.2335,1.03233380783715
3.234,1.86039028312202
3.2345,-2.16977386621072
3.235,-0.505767727019089
3.2355,2.4958144682582
3.236,-1.02318045574843
3.2365,-1.84926656868548
3.237,2.17958160773217
3.2375,0.516236639614592
3.238,-2.48567923002802
3.2385,1.03299125640981
3.239,1.85973283450494
3.2395,-2.16977386621072
3.24,-0.504781553145712
3.2405,2.49548574383562
3.241,-1.02318045574843
3.2415,-1.84893784336167
3.242,2.17991033208753
3.2425,0.514593017889655
3.243,-2.48535050424156
3.2435,1.03331998069611
3.244,1.85973283450494
3.2445,-2.17010259175721
3.245,-0.504452828521503
3.2455,2.49515701941311
3.246,-1.02449535514721
3.2465,-1.84860911803807
3.247,2.17991033208753
3.2475,0.514264293544502
3.248,-2.48535050424156
3.2485,1.03364870498239
3.249,1.85907538588801
3.2495,-2.17043131730393
3.25,-0.504452828521503
3.2505,2.49548574383562
3.251,-1.02482407999731
3.2515,-1.84828039271469
3.252,2.18023905644296
3.2525,0.513606844854032
3.253,-2.48535050424156
3.2535,1.03463487784112
3.254,1.8587466615796
3.2545,-2.17043131730393
3.255,-0.50379537927346
3.2555,2.4958144682582
3.256,-1.02581025454856
3.2565,-1.84795166739153
3.257,2.18089650515399
3.2575,0.512949396163341
3.258,-2.48535050424156
3.2585,1.03594977498582
3.259,1.85841793727123
3.2595,-2.1710887683981
3.26,-0.503137930025917
3.2605,2.49548574383562
3.261,-1.02548152969798
3.2615,-1.84762294206858
3.262,2.18155395386525
3.2625,0.512291947472429
3.263,-2.48535050424156
3.2635,1.03594977498582
3.264,1.8580892129629
3.2645,-2.17141749394555
3.265,-0.501494306909243
3.2655,2.49548574383562
3.266,-1.0264677042502
3.2665,-1.84696549142334
3.267,2.18188267822098
3.2675,0.511963223126891
3.268,-2.48535050424156
3.2685,1.03627849927195
3.269,1.85743176434634
3.2695,-2.17141749394555
3.27,-0.501165582286283
3.2705,2.49515701941311
3.271,-1.02712515395248
3.2715,-1.84663676610105
3.272,2.18188267822098
3.2725,0.511305774435648
3.273,-2.48502177845537
3.2735,1.03660722355805
3.274,1.85710304003811
3.2745,-2.17207494504115
3.275,-0.500836857663447
3.2755,2.4948282949907
3.276,-1.02778260365541
3.2765,-1.84630804077897
3.277,2.18188267822098
3.2775,0.510319601398368
3.278,-2.48502177845537
3.2785,1.03726467213021
3.279,1.85611686711367
3.2795,-2.17240367058931
3.28,-0.500508133040736
3.2805,2.4948282949907
3.281,-1.02811132850711
3.2815,-1.84597931545711
3.282,2.18221140257676
3.2825,0.50933342836059
3.283,-2.48535050424156
3.2835,1.03792212070229
3.284,1.85578814280559
3.2845,-2.17306112168635
3.285,-0.499850683795688
3.2855,2.4948282949907
3.286,-1.02942622791554
3.2865,-1.84565059013547
3.287,2.1825401269326
3.2875,0.509004704014554
3.288,-2.48469305266943
3.2885,1.03857956927429
3.289,1.85578814280559
3.2895,-2.17338984723523
3.29,-0.499193234551138
3.2905,2.49449957056836
3.291,-1.02942622791554
3.2915,-1.84499313949283
3.292,2.1828688512885
3.2925,0.508347255322314
3.293,-2.48502177845537
3.2935,1.03923701784622
3.294,1.85545941849755
3.2945,-2.17371857278435
3.295,-0.498535785307087
3.2955,2.49548574383562
3.296,-1.03041240247355
3.2965,-1.84466441417184
3.297,2.18319757564445
3.2975,0.507689806629852
3.298,-2.48436432688376
3.2985,1.03989446641807
3.299,1.85480196988158
3.2995,-2.17404729833371
3.3,-0.497878336063534
3.3005,2.49449957056836
3.301,-1.03041240247355
3.3015,-1.84433568885106
3.302,2.18385502435655
3.3025,0.507361082283538
3.303,-2.48502177845537
3.3035,1.04022319070396
3.304,1.85414452126576
3.3045,-2.17404729833371
3.305,-0.496892162199138
3.3055,2.49449957056836
3.306,-1.03139857703301
3.3065,-1.8440069635305
3.307,2.18418374871269
3.3075,0.507032357937168
3.308,-2.48436432688376
3.3085,1.0408806392757
3.309,1.85414452126576
3.3095,-2.17437602388331
3.31,-0.496563437577922
3.3105,2.49449957056836
3.311,-1.03172730188648
3.3115,-1.84334951289003
3.312,2.18418374871269
3.3125,0.506046184897725
3.313,-2.48436432688376
3.3135,1.04219553641894
3.314,1.85381579695791
3.3145,-2.17470474943315
3.315,-0.495577263715019
3.3155,2.4948282949907
3.316,-1.03205602674012
3.3165,-1.84302078757012
3.317,2.18484119742514
3.3175,0.506046184897725
3.318,-2.48502177845537
3.3185,1.04219553641894
3.319,1.85348707265009
3.3195,-2.17503347498322
3.32,-0.494919814473705
3.3205,2.4948282949907
3.321,-1.03337092615627
3.3215,-1.8420346116117
3.322,2.18484119742514
3.3225,0.504402563164207
3.323,-2.48436432688376
3.3235,1.0425242607047
3.324,1.85250089972686
3.3245,-2.1756909260841
3.325,-0.494591089853235
3.3255,2.49449957056836
3.326,-1.03369965101071
3.3265,-1.8420346116117
3.327,2.18516992178145
3.3275,0.504073838817336
3.328,-2.48436432688376
3.3285,1.04351043356188
3.329,1.85250089972686
3.3295,-2.17601965163489
3.33,-0.493933640612667
3.3305,2.4941708461461
3.331,-1.03402837586532
3.3315,-1.84137716097383
3.332,2.18516992178145
3.3325,0.503745114470409
3.333,-2.48436432688376
3.3335,1.04318170927617
3.334,1.85184345111155
3.3345,-2.1756909260841
3.335,-0.492947466752747
3.3355,2.49384212172392
3.336,-1.03501455043009
3.3365,-1.84137716097383
3.337,2.18582737049426
3.3375,0.503087665776388
3.338,-2.48436432688376
3.3385,1.04416788213324
3.339,1.85085727818887
3.3395,-2.17634837718592
3.34,-0.492618742133022
3.3405,2.49384212172392
3.341,-1.03534327528534
3.3415,-1.84071971033683
3.342,2.18615609485076
3.3425,0.501772768387676
3.343,-2.48403560109835
3.3435,1.04482533070452
3.344,1.85085727818887
3.3445,-2.17700582828871
3.345,-0.492290017513421
3.3455,2.4941708461461
3.346,-1.03632944985205
3.3465,-1.84039098501865
3.347,2.18615609485076
3.3475,0.501772768387676
3.348,-2.48436432688376
3.3485,1.04515405499013
3.349,1.84987110526651
3.3495,-2.17700582828871
3.35,-0.491632568274592
3.3505,2.49351339730182
3.351,-1.03665817470795
3.3515,-1.83973353438295
3.352,2.18681354356392
3.3525,0.500457870998069
3.353,-2.48436432688376
3.3535,1.0458115035613
3.354,1.84921365665179
3.3545,-2.17733455384047
3.355,-0.490646394417278
3.3555,2.4931846728798
3.356,-1.0376443492766
3.3565,-1.83973353438295
3.357,2.18648481920731
3.3575,0.499471697955275
3.358,-2.48436432688376
3.3585,1.04679767641792
3.359,1.84921365665179
3.3595,-2.17799200494469
3.36,-0.490317669798421
3.3605,2.49351339730182
3.361,-1.03830179898984
3.3615,-1.83907608374812
3.362,2.1871422679206
3.3625,0.499471697955275
3.363,-2.48403560109835
3.3635,1.04712640070342
3.364,1.84855620803722
3.3645,-2.17799200494469
3.365,-0.48966022056108
3.3655,2.4931846728798
3.366,-1.03830179898984
3.3665,-1.83907608374812
3.367,2.18747099227733
3.3675,0.498814249259799
3.368,-2.48436432688376
3.3685,1.04778384927437
3.369,1.84855620803722
3.3695,-2.17864945604988
3.37,-0.489002771324234
3.3705,2.4931846728798
3.371,-1.0386305238467
3.3715,-1.83841863311415
3.372,2.18779971663412
3.3725,0.498156800564098
3.373,-2.4833781495283
3.3735,1.04877002213065
3.374,1.84789875942279
3.3745,-2.17832073049717
3.375,-0.488345322087884
3.3755,2.49285594845787
3.376,-1.03961669841826
3.3765,-1.83808990779749
3.377,2.18779971663412
3.3775,0.497828076216163
3.378,-2.48370687531319
3.3785,1.04877002213065
3.379,1.8472413108085
3.3795,-2.17897818160283
3.38,-0.48768787285203
3.3805,2.49285594845787
3.381,-1.03994542327577
3.3815,-1.8371037318488
3.382,2.18779971663412
3.3825,0.497170627520125
3.383,-2.48403560109835
3.3835,1.04909874641604
3.384,1.84691258650142
3.3845,-2.17930690715602
3.385,-0.48703042361667
3.3855,2.49351339730182
3.386,-1.04093159784926
3.3865,-1.83644628121743
3.387,2.18845716534788
3.3875,0.496513178823862
3.388,-2.48403560109835
3.3885,1.04975619498677
3.389,1.84658386219436
3.3895,-2.17963563270945
3.39,-0.486701698999176
3.3905,2.49285594845787
3.391,-1.04158904756574
3.3915,-1.83611755590207
3.392,2.18878588970485
3.3925,0.495855730127374
3.393,-2.4833781495283
3.3935,1.05041364355742
3.394,1.84625513788735
3.3945,-2.18029308381704
3.395,-0.486372974381806
3.3955,2.49285594845787
3.396,-1.04191777242422
3.3965,-1.83611755590207
3.397,2.18911461406188
3.3975,0.494869557082218
3.398,-2.48403560109835
3.3985,1.05139981641326
3.399,1.84559768927343
3.3995,-2.18062180937119
3.4,-0.485386800530437
3.4005,2.49252722403601
3.401,-1.04257522214166
3.4015,-1.83611755590207
3.402,2.18911461406188
3.4025,0.494212108385166
3.403,-2.48370687531319
3.4035,1.0517285406985
3.404,1.84559768927343
3.4045,-2.18062180937119
3.405,-0.485058075913561
3.4055,2.4931846728798
3.406,-1.04290394700063
3.4065,-1.83513137995728
3.407,2.18944333841897
3.4075,0.493883384036555
3.408,-2.48370687531319
3.4085,1.05238598926893
3.409,1.84461151635282
3.4095,-2.18160798603508
3.41,-0.484071902063676
3.4105,2.49252722403601
3.411,-1.04389012157849
3.4115,-1.83513137995728
3.412,2.18977206277612
3.4125,0.493225935339164
3.413,-2.4833781495283
3.4135,1.05271471355412
3.414,1.84494024065965
3.4145,-2.18160798603508
3.415,-0.483743177447294
3.4155,2.49285594845787
3.416,-1.04454757129788
3.4165,-1.8344739293285
3.417,2.19010078713333
3.4175,0.492568486641547
3.418,-2.4833781495283
3.4185,1.05370088640958
3.419,1.84395406773926
3.4195,-2.18160798603508
3.42,-0.482757003598891
3.4205,2.49285594845787
3.421,-1.04454757129788
3.4215,-1.83381647870059
3.422,2.19075823584793
3.4225,0.492239762292653
3.423,-2.4833781495283
3.4235,1.0543583349798
3.424,1.84395406773926
3.4245,-2.18160798603508
3.425,-0.48209955436724
3.4255,2.49252722403601
3.426,-1.04553374587817
3.4265,-1.83381647870059
3.427,2.19108696020532
3.4275,0.491582313594696
3.428,-2.4833781495283
3.4285,1.05501578354994
3.429,1.84362534343253
3.4295,-2.18160798603508
3.43,-0.481442105136082
3.4305,2.49285594845787
3.431,-1.0458624707386
3.4315,-1.83315902807354
3.432,2.19207313327785
3.4325,0.491253589245633
3.433,-2.48304942374367
3.4335,1.05534450783498
3.434,1.84329661912584
3.4345,-2.18226543714554
3.435,-0.480784655905418
3.4355,2.49252722403601
3.436,-1.04684864532084
3.4365,-1.83250157744735
3.437,2.19207313327785
3.4375,0.489938691848813
3.438,-2.4827206979593
3.4385,1.05633068069001
3.439,1.84263917051257
3.4395,-2.18259416270113
3.44,-0.480127206675247
3.4405,2.49285594845787
3.441,-1.04717737018191
3.4415,-1.83217285213458
3.442,2.19273058199317
3.4425,0.489938691848813
3.443,-2.48239197217519
3.4435,1.05698812925994
3.444,1.84231044620599
3.4445,-2.18292288825696
3.445,-0.479469757445569
3.4455,2.49285594845787
3.446,-1.04750609504314
3.4465,-1.83118667619757
3.447,2.19305930635092
3.4475,0.489609967499466
3.448,-2.4827206979593
3.4485,1.05764557782979
3.449,1.84231044620599
3.4495,-2.18292288825696
3.45,-0.478812308216384
3.4505,2.49285594845787
3.451,-1.04816354476609
3.4515,-1.83118667619757
3.452,2.19305930635092
3.4525,0.488623794451084
3.453,-2.4827206979593
3.4535,1.05830302639958
3.454,1.84198172189944
3.4545,-2.18325161381303
3.455,-0.478154858987692
3.4555,2.49285594845787
3.456,-1.04882099448969
3.4565,-1.83085795088567
3.457,2.19404547942452
3.4575,0.48829507010151
3.458,-2.48206324639134
3.4585,1.05863175068444
3.459,1.84165299759293
3.4595,-2.18358033936935
3.46,-0.476839960531785
3.4605,2.49252722403601
3.461,-1.04947844421394
3.4615,-1.83052922557398
3.462,2.19404547942452
3.4625,0.487966345751879
3.463,-2.48239197217519
3.4635,1.05994664782373
3.464,1.84033810036726
3.4645,-2.18423779048269
3.465,-0.476839960531785
3.4655,2.49285594845787
3.466,-1.04947844421394
3.4665,-1.82954304964021
3.467,2.19437420378251
3.4675,0.487308897052446
3.468,-2.48206324639134
3.4685,1.0602753721085
3.469,1.84033810036726
3.4695,-2.1839090649259
3.47,-0.47618251130457
3.4705,2.49252722403601
3.471,-1.05013589393884
3.4715,-1.82888559901877
3.472,2.19437420378251
3.4725,0.486651448352785
3.473,-2.48173452060775
3.4735,1.060932820678
3.474,1.84000937606093
3.4745,-2.18489524159699
3.475,-0.475525062077847
3.4755,2.49252722403601
3.476,-1.05079334366439
3.4765,-1.8282281483982
3.477,2.19503165249867
3.4775,0.485665275302867
3.478,-2.48140579482442
3.4785,1.06159026924743
3.479,1.83902320314215
3.4795,-2.18456651603972
3.48,-0.474538888238685
3.4805,2.49186977519254
3.481,-1.05145079339059
3.4815,-1.82888559901877
3.482,2.19470292814056
3.4825,0.485007826602636
3.483,-2.48173452060775
3.4835,1.06159026924743
3.484,1.83935192744837
3.4845,-2.18489524159699
3.485,-0.474538888238685
3.4855,2.49252722403601
3.486,-1.05177951825394
3.4865,-1.82757069777849
3.487,2.19568910121507
3.4875,0.484679102252435
3.488,-2.48173452060775
3.4885,1.06257644210145
3.489,1.83869447883596
3.4895,-2.1852239671545
3.49,-0.473223989788189
3.4905,2.49219849961424
3.491,-1.05243696798111
3.4915,-1.82724197246896
3.492,2.19601782557336
3.4925,0.483692929201489
3.493,-2.48140579482442
3.4935,1.06290516638608
3.494,1.8380370302237
3.4945,-2.18588141827025
3.495,-0.472895265175872
3.4955,2.49219849961424
3.496,-1.05309441770893
3.4965,-1.82691324715964
3.497,2.19634654993171
3.4975,0.483692929201489
3.498,-2.48173452060775
3.4985,1.0632338906707
3.499,1.83737958161157
3.4995,-2.18621014382848
3.5,-0.472566540563678
3.5005,2.49219849961424
3.501,-1.05375186743741
3.5015,-1.82658452185054
3.502,2.19634654993171
3.5025,0.482378031799427
3.503,-2.48140579482442
3.5035,1.06389133923989
3.504,1.83737958161157
3.5045,-2.18686759494566
3.505,-0.471909091339658
3.5055,2.49186977519254
3.506,-1.05440931716653
3.5065,-1.82625579654166
3.507,2.19667527429012
3.5075,0.482049307448768
3.508,-2.48173452060775
3.5085,1.06487751209354
3.509,1.83639340869365
3.5095,-2.18686759494566
3.51,-0.471251642116129
3.5105,2.49219849961424
3.511,-1.05506676689631
3.5115,-1.82592707123299
3.512,2.19700399864859
3.5125,0.481391858747279
3.513,-2.48140579482442
3.5135,1.06487751209354
3.514,1.83672213299959
3.5145,-2.18686759494566
3.515,-0.47059419289309
3.5155,2.49186977519254
3.516,-1.05572421662673
3.5165,-1.82494089530828
3.517,2.19766144736571
3.5175,0.480076961343612
3.518,-2.48140579482442
3.5185,1.06553496066255
3.519,1.83606468438775
3.5195,-2.18719632050462
3.52,-0.469936743670542
3.5205,2.49154105077093
3.521,-1.05605294149219
3.5215,-1.82494089530828
3.522,2.19766144736571
3.5225,0.479748236992552
3.523,-2.48140579482442
3.5235,1.06619240923149
3.524,1.83573596008188
3.5245,-2.18785377162324
3.525,-0.469608019059452
3.5255,2.49088360192794
3.526,-1.05671039122359
3.5265,-1.82461217000047
3.527,2.19799017172437
3.5275,0.479419512641435
3.528,-2.48140579482442
3.5285,1.06717858208477
3.529,1.83507851147026
3.5295,-2.18752504606381
3.53,-0.468621845226917
3.5305,2.49154105077093
3.531,-1.05736784095565
3.5315,-1.82428344469288
3.532,2.19831889608308
3.5325,0.478433339587737
3.533,-2.48140579482442
3.5335,1.06783603065354
3.534,1.8347497871645
3.5345,-2.18818249718292
3.535,-0.467964396005839
3.5355,2.49186977519254
3.536,-1.05736784095565
3.5365,-1.8232972687714
3.537,2.19864762044185
3.5375,0.478433339587737
3.538,-2.48107706904135
3.5385,1.06783603065354
3.539,1.83442106285877
3.5395,-2.18851122274283
3.54,-0.467635671395484
3.5405,2.49186977519254
3.541,-1.05835401555495
3.5415,-1.82296854346467
3.542,2.19897634480068
3.5425,0.477775890884984
3.543,-2.48074834325855
3.5435,1.06882220350657
3.544,1.83409233855309
3.5445,-2.18883994830299
3.545,-0.466649497565153
3.5455,2.49219849961424
3.546,-1.05868274042171
3.5465,-1.82231109285186
3.547,2.19963379351853
3.5475,0.477118442182
3.548,-2.48074834325855
3.5485,1.06947965207517
3.549,1.83376361424743
3.5495,-2.18883994830299
3.55,-0.465992048345544
3.5505,2.49186977519254
3.551,-1.05934019015572
3.5515,-1.82231109285186
3.552,2.19963379351853
3.5525,0.476460993478786
3.553,-2.480419617476
3.5535,1.0701371006437
3.554,1.83343488994181
3.5545,-2.18916867386338
3.555,-0.465334599126425
3.5555,2.49186977519254
3.556,-1.05966891502297
3.5565,-1.82198236754577
3.557,2.19963379351853
3.5575,0.476132269127093
3.558,-2.48107706904135
3.5585,1.07079454921217
3.559,1.83277744133068
3.5595,-2.18949739942402
3.56,-0.465005874517048
3.5605,2.49088360192794
3.561,-1.06065508962569
3.5615,-1.82099619162882
3.562,2.19996251787755
3.5625,0.475146096071666
3.563,-2.48107706904135
3.5635,1.07112327349637
3.564,1.83211999271969
3.5645,-2.18982612498489
3.565,-0.464677149907794
3.5655,2.49088360192794
3.566,-1.06098381449359
3.5665,-1.82066746632359
3.567,2.20029124223662
3.5675,0.474159923015719
3.568,-2.48074834325855
3.5685,1.07178072206473
3.569,1.83146254410885
3.5695,-2.19048357610737
3.57,-0.464019700689653
3.5705,2.49088360192794
3.571,-1.06196998909827
3.5715,-1.82033874101859
3.572,2.20061996659576
3.5725,0.473502474311466
3.573,-2.48074834325855
3.5735,1.07178072206473
3.574,1.83080509549814
3.5745,-2.19081230166897
3.575,-0.463033526863356
3.5755,2.49121232634939
3.576,-1.06262743883554
3.5765,-1.82033874101859
3.577,2.20094869095495
3.5775,0.47284502560698
3.578,-2.480419617476
3.5785,1.07276689491715
3.579,1.83014764688757
3.5795,-2.19114102723081
3.58,-0.462704802254835
3.5805,2.49055487750657
3.581,-1.06295616370442
3.5815,-1.81968129040922
3.582,2.20127741531421
3.5825,0.472516301254651
3.583,-2.48074834325855
3.5835,1.07276689491715
3.584,1.83014764688757
3.5845,-2.19114102723081
3.585,-0.462376077646436
3.5855,2.49055487750657
3.586,-1.06328488857347
3.5865,-1.81935256510486
3.587,2.20127741531421
3.5875,0.471858852549818
3.588,-2.480419617476
3.5885,1.07375306776941
3.589,1.82949019827715
3.5895,-2.1917984783552
3.59,-0.461718628430004
3.5905,2.49055487750657
3.591,-1.06394233831204
3.5915,-1.81902383980071
3.592,2.20160613967352
3.5925,0.471201403844753
3.593,-2.48074834325855
3.5935,1.07441051633751
3.594,1.82916147397199
3.5945,-2.1917984783552
3.595,-0.460732454606271
3.5955,2.49055487750657
3.596,-1.06492851292113
3.5965,-1.81836638919306
3.597,2.20160613967352
3.5975,0.470215230786721
3.598,-2.48009089169371
3.5985,1.07473924062153
3.599,1.82883274966686
3.5995,-2.19212720391776
3.6,-0.460075005391059
3.6005,2.49055487750657
3.601,-1.06525723779116
3.6015,-1.8173802132832
3.602,2.20259231275184
3.6025,0.469886506433927
3.603,-2.48009089169371
3.6035,1.07539668918952
3.604,1.82850402536177
3.6045,-2.19212720391776
3.605,-0.459417556176334
3.6055,2.49022615308528
3.606,-1.06591468753169
3.6065,-1.8173802132832
3.607,2.2029210371114
3.6075,0.469229057728165
3.608,-2.48009089169371
3.6085,1.07605413775745
3.609,1.82817530105672
3.6095,-2.19278465504361
3.61,-0.458760106962097
3.6105,2.49055487750657
3.611,-1.06624341240221
3.6115,-1.81705148798034
3.612,2.2029210371114
3.6125,0.46857160902217
3.613,-2.47976216591169
3.6135,1.07671158632531
3.614,1.8278465767517
3.6145,-2.19344210617041
3.615,-0.458102657748347
3.6155,2.49055487750657
3.616,-1.06690086214372
3.6165,-1.81606531207306
3.617,2.2035784858307
3.6175,0.467914160315943
3.618,-2.47976216591169
3.6185,1.0773690348931
3.619,1.82686040383685
3.6195,-2.19344210617041
3.62,-0.457445208535084
3.6205,2.48989742866406
3.621,-1.06755831188589
3.6215,-1.81606531207306
3.622,2.2035784858307
3.6225,0.467256711609482
3.623,-2.47943344012992
3.6235,1.07802648346083
3.624,1.82653167953197
3.6245,-2.19377083173418
3.625,-0.456787759322308
3.6255,2.48989742866406
3.626,-1.06788703675722
3.6265,-1.81540786146929
3.627,2.20423593455024
3.6275,0.466927987256164
3.628,-2.47976216591169
3.6285,1.07868393202849
3.629,1.82620295522712
3.6295,-2.19442828286243
3.63,-0.456459034716103
3.6305,2.48989742866406
3.631,-1.0688732113722
3.6315,-1.81540786146929
3.632,2.20423593455024
3.6325,0.465941814195861
3.633,-2.47976216591169
3.6335,1.0790126563123
3.634,1.82554550661754
3.6345,-2.19442828286243
3.635,-0.455801585504057
3.6355,2.48956870424293
3.636,-1.06920193624418
3.6365,-1.81507913616772
3.637,2.20423593455024
3.6375,0.464955641135032
3.638,-2.47976216591169
3.6385,1.07934138059609
3.639,1.82488805800809
3.6395,-2.19508573399164
3.64,-0.455472860898216
3.6405,2.48923997982188
3.641,-1.07018811086112
3.6415,-1.81475041086637
3.642,2.20489338327003
3.6425,0.464626916781305
3.643,-2.47943344012992
3.6435,1.07999882916362
3.644,1.82488805800809
3.6445,-2.19541445955661
3.645,-0.454486687081424
3.6455,2.48956870424293
3.646,-1.07117428547954
3.6465,-1.81442168556523
3.647,2.20489338327003
3.6475,0.463969468073677
3.648,-2.47976216591169
3.6485,1.08065627773109
3.649,1.82423060939878
3.6495,-2.19574318512182
3.65,-0.454157962476069
3.6505,2.48956870424293
3.651,-1.07150301035267
3.6515,-1.81409296026431
3.652,2.20522210763002
3.6525,0.463312019365814
3.653,-2.47976216591169
3.6535,1.08065627773109
3.654,1.82390188509418
3.6545,-2.19574318512182
3.655,-0.453500513265725
3.6555,2.48956870424293
3.656,-1.07183173522596
3.6565,-1.8134355096631
3.657,2.20587955635017
3.6575,0.462654570657717
3.658,-2.47910471434842
3.6585,1.08164245058217
3.659,1.82357316078961
3.6595,-2.19607191068727
3.66,-0.453171788660735
3.6605,2.48891125540091
3.661,-1.07248918497304
3.6615,-1.81310678436283
3.662,2.20587955635017
3.6625,0.461997121949385
3.663,-2.47877598856717
3.6635,1.08229989914947
3.664,1.82258698787612
3.6645,-2.19574318512182
3.665,-0.452185614846494
3.6655,2.48923997982188
3.666,-1.07314663472078
3.6665,-1.81277805906276
3.667,2.20620828071034
3.6675,0.461339673240818
3.668,-2.47943344012992
3.6685,1.08295734771671
3.669,1.8219295392673
3.6695,-2.19672936181889
3.67,-0.451199441033344
3.6705,2.48891125540091
3.671,-1.0734753595949
3.6715,-1.81212060846328
3.672,2.20653700507057
3.6725,0.461010948886447
3.673,-2.47877598856717
3.6735,1.08328607200031
3.674,1.8219295392673
3.6745,-2.19738681295148
3.675,-0.450870716429204
3.6755,2.48858253098002
3.676,-1.07413280934362
3.6765,-1.81179188316386
3.677,2.20653700507057
3.6775,0.460353500177528
3.678,-2.47910471434842
3.6785,1.08394352056745
3.679,1.82127209065861
3.6795,-2.19771553851813
3.68,-0.450213267221287
3.6805,2.48891125540091
3.681,-1.074790259093
3.6815,-1.81179188316386
3.682,2.20752317815162
3.6825,0.459696051468374
3.683,-2.47910471434842
3.6835,1.08460096913453
3.684,1.82127209065861
3.6845,-2.19771553851813
3.685,-0.449555818013855
3.6855,2.48956870424293
3.686,-1.07544770884303
3.6865,-1.81146315786465
3.687,2.20719445379121
3.6875,0.459038602758985
3.688,-2.47910471434842
3.6885,1.08525841770155
3.689,1.82061464205007
3.6895,-2.19771553851813
3.69,-0.448898368806908
3.6905,2.48858253098002
3.691,-1.07643388346931
3.6915,-1.81014825666998
3.692,2.20752317815162
3.6925,0.45838115404936
3.693,-2.47877598856717
3.6935,1.0859158662685
3.694,1.82061464205007
3.6945,-2.19804426408503
3.695,-0.447912194997395
3.6955,2.48891125540091
3.696,-1.07643388346931
3.6965,-1.80981953137184
3.697,2.20818062687262
3.6975,0.4577237053395
3.698,-2.47844726278619
3.6985,1.08624459055195
3.699,1.82028591774585
3.6995,-2.19837298965217
3.7,-0.447254745791658
3.7005,2.48858253098002
3.701,-1.07742005809707
3.7015,-1.80981953137184
3.702,2.20850935123322
3.7025,0.457394980984481
3.703,-2.47844726278619
3.7035,1.08690203911881
3.704,1.81962846913751
3.7045,-2.19903044078716
3.705,-0.446926021188972
3.7055,2.48825380655921
3.706,-1.07742005809707
3.7065,-1.80883335547873
3.707,2.20883807559387
3.7075,0.456408807919071
3.708,-2.47877598856717
3.7085,1.0875594876856
3.709,1.81897102052931
3.7095,-2.19968789192312
3.71,-0.446597296586406
3.7105,2.48858253098002
3.711,-1.07807750784973
3.7115,-1.80883335547873
3.712,2.20883807559387
3.7125,0.455751359208502
3.713,-2.47811853700546
3.7135,1.08821693625233
3.714,1.81831357192124
3.7145,-2.20001661749147
3.715,-0.445939847381638
3.7155,2.48792508213848
3.716,-1.07873495760305
3.7165,-1.80784717958755
3.717,2.20916679995459
3.7175,0.455422634853129
3.718,-2.47811853700546
3.7185,1.08821693625233
3.719,1.81765612331332
3.7195,-2.20001661749147
3.72,-0.445282398177353
3.7205,2.48858253098002
3.721,-1.07939240735703
3.7215,-1.80751845429092
3.722,2.20982424867621
3.7225,0.454765186142206
3.723,-2.47877598856717
3.7235,1.0895318333856
3.724,1.81732739900941
3.7245,-2.20001661749147
3.725,-0.444624948973552
3.7255,2.48825380655921
3.726,-1.07972113223426
3.7265,-1.8071897289945
3.727,2.20982424867621
3.7275,0.454107737431046
3.728,-2.47811853700546
3.7285,1.0895318333856
3.729,1.81699867470553
3.7295,-2.20034534306005
3.73,-0.443638775168757
3.7305,2.48792508213848
3.731,-1.08004985711166
3.7315,-1.8068610036983
3.732,2.20982424867621
3.7325,0.453121564363862
3.733,-2.47811853700546
3.7335,1.09018928195214
3.734,1.81666995040169
3.7345,-2.20067406862888
3.735,-0.4433100505674
3.7355,2.48759635771783
3.736,-1.08103603174484
3.7365,-1.80653227840231
3.737,2.21048169739807
3.7375,0.452792840008015
3.738,-2.477789811225
3.7385,1.09084673051862
3.739,1.81568377749036
3.7395,-2.20100279419794
3.74,-0.442981325966164
3.7405,2.48726763329726
3.741,-1.08169348150112
3.7415,-1.80554610251562
3.742,2.21081042175909
3.7425,0.452135391296144
3.743,-2.47811853700546
3.7435,1.09051800623539
3.744,1.81568377749036
3.7445,-2.20133151976725
3.745,-0.441666427562426
3.7455,2.48792508213848
3.746,-1.0820222063795
3.7465,-1.80488865192557
3.747,2.21113914612017
3.7475,0.451477942584035
3.748,-2.477789811225
3.7485,1.09216162765139
3.749,1.81535505318665
3.7495,-2.2016602453368
3.75,-0.441337702961793
3.7505,2.48792508213848
3.751,-1.08300838101565
3.7515,-1.80521737722049
3.752,2.21113914612017
3.7525,0.450820493871689
3.753,-2.477789811225
3.7535,1.09216162765139
3.754,1.81469760457934
3.7545,-2.20198897090659
3.755,-0.441008978361281
3.7555,2.48759635771783
3.756,-1.08333710589469
3.7565,-1.80521737722049
3.757,2.21146787048132
3.7575,0.450163045159105
3.758,-2.477789811225
3.7585,1.09249035193455
3.759,1.81436888027574
3.7595,-2.20198897090659
3.76,-0.440022804560468
3.7605,2.48693890887677
3.761,-1.08399455565327
3.7615,-1.80488865192557
3.762,2.21179659484253
3.7625,0.449505596446283
3.763,-2.47746108544479
3.7635,1.09347652478392
3.764,1.81371143166863
3.7645,-2.20264642204689
3.765,-0.439694079960439
3.7655,2.48693890887677
3.766,-1.08498073029238
3.7665,-1.8039024760421
3.767,2.21179659484253
3.7675,0.448848147733223
3.768,-2.477789811225
3.7685,1.09413397335009
3.769,1.81338270736513
3.7695,-2.20297514761741
3.77,-0.43903663076074
3.7705,2.48693890887677
3.771,-1.08563818005261
3.7715,-1.8039024760421
3.772,2.21245404356512
3.7725,0.447533250306388
3.773,-2.47746108544479
3.7735,1.09479142191619
3.774,1.81272525875823
3.7745,-2.20297514761741
3.775,-0.438707906161072
3.7755,2.48693890887677
3.776,-1.08596690493297
3.7765,-1.80324502545419
3.777,2.21278276792651
3.7775,0.44720452594953
3.778,-2.47746108544479
3.7785,1.09512014619923
3.779,1.81239653445483
3.7795,-2.20363259875916
3.78,-0.438050456962096
3.7805,2.48693890887677
3.781,-1.08662435469418
3.7815,-1.80225884957393
3.782,2.21311149228797
3.7825,0.446875801592613
3.783,-2.47713235966485
3.7835,1.09610631904823
3.784,1.81239653445483
3.7845,-2.2039613243304
3.785,-0.437393007763603
3.7855,2.48726763329726
3.786,-1.08695307957504
3.7865,-1.80193012428094
3.787,2.21344021664948
3.7875,0.446218352878599
3.788,-2.47680363388517
3.7885,1.09709249189709
3.789,1.81173908584813
3.7895,-2.2039613243304
3.79,-0.436406833966764
3.7905,2.48726763329726
3.791,-1.08761052933725
3.7915,-1.8012726736956
3.792,2.21409766537269
3.7925,0.445560904164345
3.793,-2.47680363388517
3.7935,1.09742121618002
3.794,1.81173908584813
3.7945,-2.2039613243304
3.795,-0.435420660171008
3.7955,2.48693890887677
3.796,-1.08761052933725
3.7965,-1.80094394840325
3.797,2.21376894101105
3.7975,0.444903455449853
3.798,-2.47680363388517
3.7985,1.09807866474582
3.799,1.81075291293834
3.7995,-2.20429004990188
3.8,-0.435420660171008
3.8005,2.48628146003603
3.801,-1.08892542886364
3.8015,-1.80094394840325
3.802,2.21409766537269
3.8025,0.443917282377665
3.803,-2.47647490810574
3.8035,1.0984073890287
3.804,1.81042418863514
3.8045,-2.2046187754736
3.805,-0.434763210974439
3.8055,2.48628146003603
3.806,-1.08958287862782
3.8065,-1.80061522311111
3.807,2.21442638973439
3.8075,0.443588558020149
3.808,-2.47713235966485
3.8085,1.09906483759442
3.809,1.80976674002885
3.8095,-2.20560495219022
3.81,-0.43410576177835
3.8105,2.48628146003603
3.811,-1.08991160351017
3.8115,-1.79962904723599
3.812,2.21442638973439
3.8125,0.443259833662574
3.813,-2.47680363388517
3.8135,1.09906483759442
3.814,1.80976674002885
3.8145,-2.20527622661777
3.815,-0.433448312582742
3.8155,2.48661018445636
3.816,-1.09056905327534
3.8165,-1.7993003219447
3.817,2.21541256281985
3.8175,0.442931109304938
3.818,-2.47614618232658
3.8185,1.10005101044288
3.819,1.80943801572575
3.8195,-2.20560495219022
3.82,-0.43246213879023
3.8205,2.48661018445636
3.821,-1.09089777815818
3.8215,-1.79864287136278
3.822,2.2160700115438
3.8225,0.441944936231671
3.823,-2.47647490810574
3.8235,1.10070845900844
3.824,1.80878056711966
3.8245,-2.20593367776291
3.825,-0.432133414192966
3.8255,2.48661018445636
3.826,-1.09155522792435
3.8265,-1.79831414607214
3.827,2.2160700115438
3.8275,0.44128748751586
3.828,-2.47614618232658
3.8285,1.10136590757395
3.829,1.80746566990788
3.8295,-2.20659112890901
3.83,-0.431147240401894
3.8305,2.48628146003603
3.831,-1.09221267769117
3.8315,-1.79798542078172
3.832,2.21639873590586
3.8325,0.440630038799808
3.833,-2.47647490810574
3.8335,1.10202335613939
3.834,1.80779439421078
3.8345,-2.20659112890901
3.835,-0.43081851580511
3.8355,2.48595273561579
3.836,-1.09221267769117
3.8365,-1.7973279702015
3.837,2.21672746026799
3.8375,0.439972590083516
3.838,-2.47581745654768
3.8385,1.10202335613939
3.839,1.80746566990788
3.8395,-2.20659112890901
3.84,-0.430489791208445
3.8405,2.48628146003603
3.841,-1.09287012745866
3.8415,-1.7973279702015
3.842,2.21738490899243
3.8425,0.439643865725279
3.843,-2.47647490810574
3.8435,1.10300952898745
3.844,1.8068082213022
3.8445,-2.20757730562997
3.845,-0.429174892822987
3.8455,2.48562401119562
3.846,-1.09352757722681
3.8465,-1.79667051962215
3.847,2.21672746026799
3.8475,0.438986417008626
3.848,-2.47614618232658
3.8485,1.10333825327011
3.849,1.80615077269664
3.8495,-2.20790603120411
3.85,-0.428846168226922
3.8505,2.48628146003603
3.851,-1.09385630211114
3.8515,-1.79634179433279
3.852,2.21738490899243
3.8525,0.438328968291731
3.853,-2.47581745654768
3.8535,1.10399570183538
3.854,1.80615077269664
3.8545,-2.20724858005607
3.855,-0.428188719035151
3.8555,2.48529528677553
3.856,-1.09517120165008
3.8565,-1.79601306904364
3.857,2.21771363335475
3.8575,0.437671519574595
3.858,-2.47581745654768
3.8585,1.10465315040059
3.859,1.80549332409123
3.8595,-2.20790603120411
3.86,-0.427859994439445
3.8605,2.48562401119562
3.861,-1.09517120165008
3.8615,-1.79502689317749
3.862,2.21804235771712
3.8625,0.437014070857218
3.863,-2.47581745654768
3.8635,1.10531059896574
3.864,1.80516459978857
3.8645,-2.20856348235311
3.865,-0.426873820653046
3.8655,2.48562401119562
3.866,-1.09582865142055
3.8665,-1.79502689317749
3.867,2.21837108207956
3.8675,0.436685346498439
3.868,-2.47548873076903
3.8685,1.10596804753083
3.869,1.80516459978857
3.8695,-2.20922093350308
3.87,-0.426545096057818
3.8705,2.48529528677553
3.871,-1.09648610119168
3.8715,-1.79436944260112
3.872,2.21869980644206
3.8725,0.4360278977807
3.873,-2.47581745654768
3.8735,1.10662549609587
3.874,1.80483587548594
3.8745,-2.20889220792797
3.875,-0.425887646867723
3.8755,2.48562401119562
3.876,-1.09714355096347
3.8765,-1.79404071731325
3.877,2.21869980644206
3.8775,0.434713000344495
3.878,-2.47548873076903
3.8785,1.10728294466084
3.879,1.80384970257826
3.8795,-2.20954965907843
3.88,-0.425230197678105
3.8805,2.48562401119562
3.881,-1.0981297256224
3.8815,-1.7937119920256
3.882,2.21935725516724
3.8825,0.43405555162603
3.883,-2.47483127921253
3.8835,1.10794039322577
3.884,1.80352097827577
3.8845,-2.20954965907843
3.885,-0.424572748488966
3.8855,2.48496656235552
3.886,-1.09878717539584
3.8865,-1.79338326673817
3.887,2.21902853080462
3.8875,0.43405555162603
3.888,-2.47516000499065
3.8885,1.1082691175082
3.889,1.80286352967089
3.8895,-2.21053583580592
3.89,-0.423915299300304
3.8905,2.48463783793559
3.891,-1.09944462516995
3.8915,-1.79305454145094
3.892,2.22001470389267
3.8925,0.433069378547877
3.893,-2.47548873076903
3.8935,1.10892656607304
3.894,1.8025348053685
3.8945,-2.21020711022984
3.895,-0.42325785011212
3.8955,2.48496656235552
3.896,-1.09944462516995
3.8965,-1.79239709087713
3.897,2.22034342825548
3.8975,0.432411929828805
3.898,-2.47516000499065
3.8985,1.10892656607304
3.899,1.80220608106614
3.8995,-2.21086456138223
3.9,-0.42227167633074
3.9005,2.48496656235552
3.901,-1.10010207494472
3.9015,-1.79141091501802
3.902,2.22100087698128
3.9025,0.432083205469178
3.903,-2.47516000499065
3.9035,1.11024146320253
3.904,1.80187735676381
3.9045,-2.21053583580592
3.905,-0.421614227143749
3.9055,2.48496656235552
3.906,-1.09977335005725
3.9065,-1.79141091501802
3.907,2.22132960134427
3.9075,0.431425756749742
3.908,-2.47483127921253
3.9085,1.11057018748487
3.909,1.80121990815926
3.9095,-2.21119328695879
3.91,-0.420956777957236
3.9105,2.48496656235552
3.911,-1.10108824960813
3.9115,-1.79075346444634
3.912,2.22132960134427
3.9125,0.431097032389933
3.913,-2.47483127921253
3.9135,1.1108989117672
3.914,1.80056245955484
3.9145,-2.21119328695879
3.915,-0.4202993287712
3.9155,2.48430911351574
3.916,-1.10174569938456
3.9165,-1.79042473916082
3.917,2.22132960134427
3.9175,0.43011085931014
3.918,-2.47450255343467
3.9185,1.1115563603318
3.919,1.80023373525268
3.9195,-2.21185073811263
3.92,-0.41997060417836
3.9205,2.48463783793559
3.921,-1.10273187405045
3.9215,-1.78976728859043
3.922,2.22165832570733
3.9225,0.429782134950088
3.923,-2.47450255343467
3.9235,1.11221380889635
3.924,1.79957628664846
3.9245,-2.21217946368991
3.925,-0.419313154993039
3.9255,2.48463783793559
3.926,-1.10273187405045
3.9265,-1.78943856330555
3.927,2.22198705007045
3.9275,0.428467237509269
3.928,-2.47450255343467
3.9285,1.11287125746084
3.929,1.79957628664846
3.9295,-2.21217946368991
3.93,-0.41832698121595
3.9305,2.48430911351574
3.931,-1.10371804871783
3.9315,-1.78943856330555
3.932,2.22198705007045
3.9325,0.427809788788494
3.933,-2.47483127921253
3.9335,1.11319998174307
3.934,1.79891883804437
3.9345,-2.21250818926743
3.935,-0.418655705808194
3.9355,2.48398038909597
3.936,-1.10437549849692
3.9365,-1.78878111273643
3.937,2.22264449879687
3.9375,0.427152340067474
3.938,-2.47384510187972
3.9385,1.11418615458966
3.939,1.79859011374237
3.9395,-2.21316564042321
3.94,-0.417669532031819
3.9405,2.48430911351574
3.941,-1.10503294827667
3.9415,-1.78845238745219
3.942,2.22330194752354
3.9425,0.426823615706873
3.943,-2.47417382765706
3.9435,1.11451487887183
3.944,1.79826138944041
3.9445,-2.21349436600146
3.945,-0.416683358256515
3.9455,2.48430911351574
3.946,-1.10569039805708
3.9465,-1.78746621160074
3.947,2.22363067188697
3.9475,0.426166166985487
3.948,-2.47450255343467
3.9485,1.11517232743613
3.949,1.79760394083659
3.9495,-2.21349436600146
3.95,-0.416025909073574
3.9505,2.48430911351574
3.951,-1.10601912294754
3.9515,-1.78713748631736
3.952,2.22395939625045
3.9525,0.425837442624703
3.953,-2.47384510187972
3.9535,1.11550105171826
3.954,1.7966177679311
3.9545,-2.21382309157995
3.955,-0.416025909073574
3.9555,2.48430911351574
3.956,-1.10634784783816
3.9565,-1.78680876103418
3.957,2.22428812061401
3.9575,0.42517999390295
3.958,-2.47417382765706
3.9585,1.11648722456456
3.959,1.7966177679311
3.9595,-2.21415181715869
3.96,-0.414711010709118
3.9605,2.48398038909597
3.961,-1.10667657272895
3.9615,-1.78648003575122
3.962,2.22428812061401
3.9625,0.424193820819862
3.963,-2.47384510187972
3.9635,1.11681594884663
3.964,1.79628904362933
3.9645,-2.21480926831689
3.965,-0.414053561527603
3.9655,2.48398038909597
3.966,-1.10766274740231
3.9665,-1.78582258518593
3.967,2.22461684497762
3.9675,0.423536372097497
3.968,-2.47384510187972
3.9685,1.11714467312869
3.969,1.7966177679311
3.9695,-2.21480926831689
3.97,-0.413724836937023
3.9705,2.48365166467629
3.971,-1.10799147229377
3.9715,-1.7851651346215
3.972,2.2249455693413
3.9725,0.423207647736223
3.973,-2.47384510187972
3.9735,1.11813084597478
3.974,1.79530287072424
3.9745,-2.21480926831689
3.975,-0.413067387756221
3.9755,2.48365166467629
3.976,-1.10897764696913
3.9765,-1.7851651346215
3.977,2.2249455693413
3.9775,0.423207647736223
3.978,-2.47351637610264
3.9785,1.11878829453877
3.979,1.79530287072424
3.9795,-2.21546671947605
3.98,-0.412409938575893
3.9805,2.48365166467629
3.981,-1.10897764696913
3.9815,-1.78450768405791
3.982,2.2259317424327
3.9825,0.422221474652031
3.983,-2.47351637610264
3.9835,1.11944574310271
3.984,1.794645422121
3.9845,-2.215795445056
3.985,-0.41109504021666
3.9855,2.48398038909597
3.986,-1.10930637186125
3.9865,-1.78417895877644
3.987,2.2259317424327
3.9875,0.421892750290511
3.988,-2.47351637610264
3.9885,1.11977446738466
3.989,1.794645422121
3.9895,-2.21546671947605
3.99,-0.410766315627149
3.9905,2.48398038909597
3.991,-1.10996382164599
3.9915,-1.78385023349518
3.992,2.2259317424327
3.9925,0.420906577205583
3.993,-2.47351637610264
3.9935,1.12043191594852
3.994,1.7939879735179
3.9945,-2.21612417063619
3.995,-0.410108866448481
3.9955,2.48332294025668
3.996,-1.11094999632434
3.9965,-1.78286405765267
3.997,2.22724663988878
3.9975,0.42024912848199
3.998,-2.47285892454925
3.9985,1.12108936451232
3.999,1.79333052491493
3.9995,-2.21645289621662
