Time_s,Voltage_V
0,-2.0497890575335
0.0005,-0.0429235689696673
0.001,2.00272791252908
0.0015,2.40179928660433
0.002,0.823922605401541
0.0025,-1.42849832408352
0.003,-2.50112934228604
0.0035,-1.5073923450203
0.004,0.731879799071979
0.0045,2.37155664207557
0.005,2.06025467045899
0.0055,0.0530639726608004
0.006,-1.99291955628851
0.0065,-2.39330729421028
0.007,-0.816741281063122
0.0075,1.43666467223705
0.008,2.50929216965387
0.0085,1.51785956953797
0.009,-0.720753659328512
0.0095,-2.36240707819733
0.01,-2.05176141030116
0.0105,-0.0462108136837335
0.011,2.00075556656911
0.0115,2.40311418420668
0.012,0.827538572735635
0.0125,-1.42488234838626
0.013,-2.5008006164873
0.0135,-1.50969342079691
0.014,0.728263831619404
0.0145,2.37024174450137
0.015,2.06222701647212
0.0155,0.0570086659904563
0.016,-1.99061847834726
0.0165,-2.39462219706909
0.017,-0.820357253355157
0.0175,1.43304870516486
0.018,2.50962089407986
0.0185,1.5204893637947
0.019,-0.717137687513323
0.0195,-2.36109217543786
0.02,-2.05406248854061
0.0205,-0.0504842318260046
0.021,1.99812577195843
0.0215,2.40410035740923
0.022,0.830825815763101
0.0225,-1.42258127295439
0.023,-2.50112934228604
0.0235,-1.51298067192284
0.024,0.72464786416194
0.0245,2.36859812253523
0.025,2.06452808682309
0.0255,0.0602959104223255
0.026,-1.98831740041712
0.0265,-2.39527964850002
0.027,-0.823644500908764
0.0275,1.43041891093115
0.028,2.50962089407986
0.0285,1.52377660661687
0.029,-0.713850440423257
0.0295,-2.36010599837091
0.03,-2.0560348413263
0.0305,-0.0531140276137412
0.031,1.99648215032828
0.0315,2.40508653061244
0.032,0.834770507391654
0.0325,-1.41929402235341
0.033,-2.50047189068882
0.0335,-1.51561047283755
0.034,0.721689345329446
0.0345,2.36826939814222
0.035,2.06682915717658
0.0355,0.0642406037291895
0.036,-1.98634504791441
0.0365,-2.39626582564832
0.037,-0.827260473234691
0.0375,1.42746039241882
0.038,2.50929216965387
0.0385,1.52640640087562
0.039,-0.710234468640273
0.0395,-2.3587910956185
0.04,-2.05800719412031
0.0405,-0.0573874457816488
0.041,1.99418108004802
0.0415,2.40640142821777
0.042,0.838057750411805
0.0425,-1.41666422188614
0.043,-2.50047189068882
0.0435,-1.51889772399843
0.044,0.718073377863013
0.0445,2.36662577617825
0.045,2.06814405452255
0.0455,0.0681852970236768
0.046,-1.98437269541986
0.0465,-2.39790945423392
0.047,-0.830876445578415
0.0475,1.42450187390709
0.048,2.50896344522795
0.0485,1.52936491941781
0.049,-0.706947221579435
0.0495,-2.35780491855685
0.05,-2.05965082145502
0.0505,-0.0606746905370339
0.051,1.99188000977003
0.0515,2.40673015261929
0.052,0.841016269127127
0.0525,-1.41304824626323
0.053,-2.50047189068882
0.0535,-1.52152752494114
0.054,0.714128686075775
0.0545,2.36563960300073
0.055,2.07077384921698
0.0555,0.0714725414263231
0.056,-1.98207161751986
0.0565,-2.3982381799518
0.057,-0.834163693179088
0.0575,1.42187207967495
0.058,2.50896344522795
0.0585,1.53232343796118
0.059,-0.703002525124752
0.0595,-2.3564900158115
0.06,-2.06195189973335
0.0605,-0.0642906597788748
0.061,1.98990766381927
0.0615,2.4077163258243
0.062,0.844632236442261
0.0625,-1.41074717087863
0.063,-2.5008006164873
0.0635,-1.52448605101658
0.064,0.711170167231437
0.0645,2.36432470543171
0.065,2.07208874656543
0.0655,0.0754172346982209
0.066,-1.97944181421914
0.0665,-2.39955308282589
0.067,-0.837450940794516
0.0675,1.41891356116433
0.068,2.50929216965387
0.0685,1.53528195650574
0.069,-0.700044002796837
0.0695,-2.35517511307018
0.07,-2.06425297802302
0.0705,-0.067577904554134
0.071,1.98760659354548
0.0715,2.40935994783414
0.072,0.848576928054296
0.0725,-1.40778864539762
0.073,-2.49981443909265
0.0735,-1.52744457710781
0.074,0.70788292406711
0.0745,2.36366725664763
0.075,2.07471854126481
0.0755,0.0793619279578522
0.076,-1.97681201093289
0.0765,-2.40053925998413
0.077,-0.841066913188555
0.0775,1.41562631837541
0.078,2.50896344522795
0.0785,1.53791175076858
0.079,-0.696428031077935
0.0795,-2.35386021033289
0.08,-2.06589660537975
0.0805,-0.0715225982969856
0.081,1.98563424759831
0.0815,2.41067484544336
0.082,0.85153544676028
0.0825,-1.40450139488091
0.083,-2.49948571329496
0.0835,-1.53007437809105
0.084,0.704595680898601
0.0845,2.36202363468869
0.085,2.07734833596752
0.0855,0.0826491723315363
0.086,-1.97516838388633
0.0865,-2.40152543714466
0.087,-0.844354160835043
0.0875,1.41233907558716
0.088,2.50929216965387
0.0885,1.5411989935985
0.089,-0.693140784075254
0.0895,-2.35287403328257
0.09,-2.06786895821548
0.0905,-0.0754672920535544
0.091,1.98366190165279
0.0915,2.41100356984585
0.092,0.854822689763893
0.0925,-1.40154286943184
0.093,-2.50014316489061
0.0935,-1.53237545396164
0.094,0.700322264773252
0.0945,2.36103746151418
0.095,2.07866323332013
0.0955,0.0862651411328084
0.096,-1.9731960314379
0.0965,-2.40251161430749
0.097,-0.847641408496355
0.0975,1.41003800563578
0.098,2.50896344522795
0.0985,1.54382878786354
0.099,-0.68952481238823
0.0995,-2.35155913055233
0.1,-2.06984131105957
0.1005,-0.0787545368612017
0.101,1.98103210706132
0.1015,2.41198974305378
0.102,0.858767381364041
0.1025,-1.39858434399787
0.103,-2.49981443909265
0.1035,-1.53599143034906
0.104,0.69703502159504
0.1045,2.35972256394918
0.105,2.08030685501205
0.1055,0.0895523854887342
0.106,-1.97056622818597
0.1065,-2.40349779147262
0.107,-0.850928656172516
0.1075,1.40707948712731
0.108,2.50830599637637
0.1085,1.54678730641289
0.109,-0.685908840717859
0.1095,-2.34991550214519
0.11,-2.07247111486469
0.1105,-0.0826992306430201
0.111,1.97905976111963
0.1115,2.4133046406654
0.112,0.861725900061177
0.1125,-1.39496836848794
0.113,-2.49981443909265
0.1135,-1.53862123137296
0.114,0.694076502731012
0.1145,2.35873639077617
0.115,2.08293664972186
0.1155,0.0931683542705267
0.116,-1.9685938757565
0.1165,-2.40481269436303
0.117,-0.854544628633468
0.1175,1.40412096861934
0.118,2.50830599637637
0.1185,1.54941710068005
0.119,-0.682292869064113
0.1195,-2.34892932510392
0.12,-2.07411474225045
0.1205,-0.0863151999551664
0.121,1.9774161395028
0.1215,2.41396208947166
0.122,0.865013143055024
0.1225,-1.39266729317517
0.123,-2.49948571329496
0.1235,-1.54157975753984
0.124,0.690131810906917
0.1245,2.35709276882259
0.125,2.08458027141719
0.1255,0.0964555986087937
0.126,-1.96629279793236
0.1265,-2.40612759725752
0.127,-0.858160601112444
0.1275,1.40050500155469
0.128,2.50830599637637
0.1285,1.55204689494822
0.129,-0.679005622120562
0.1295,-2.34761442238575
0.13,-2.07641582060028
0.1305,-0.089931169278962
0.131,1.97412889627253
0.1315,2.41494826268162
0.132,0.868629110344672
0.1325,-1.38970876778641
0.133,-2.49948571329496
0.1335,-1.54486700885499
0.134,0.686844567715439
0.1345,2.35577787126101
0.135,2.08688134179287
0.1355,0.100400291803662
0.136,-1.96399172011926
0.1365,-2.40744250015609
0.137,-0.861447848836269
0.1375,1.39754648304777
0.138,2.50797727195071
0.1385,1.55500541350115
0.139,-0.675060925806371
0.1395,-2.34662824534977
0.14,-2.07871689896151
0.1405,-0.0935471386144365
0.141,1.97182782601403
0.1415,2.41626316029594
0.142,0.871587629033429
0.1425,-1.38707896745347
0.143,-2.49948571329496
0.1435,-1.54749680992125
0.144,0.682899875879954
0.1445,2.35446297370057
0.145,2.08852496349136
0.1455,0.103687536123536
0.146,-1.96136191691779
0.1465,-2.40711377443107
0.147,-0.864735096575036
0.1475,1.39458796454128
0.148,2.50797727195071
0.1485,1.55796393205539
0.149,-0.672102403583643
0.1495,-2.34498461696148
0.15,-2.08036052636938
0.1505,-0.0971631079616201
0.151,1.97018420440215
0.1515,2.41724933350748
0.152,0.875532320614588
0.1525,-1.38346299201505
0.153,-2.49915698749753
0.1535,-1.54979788586454
0.154,0.679941356999229
0.1545,2.35281935175161
0.155,2.0911547582117
0.1555,0.107632229296398
0.156,-1.95938956452612
0.1565,-2.40842867733271
0.157,-0.868351069104966
0.1575,1.39195817031366
0.158,2.50797727195071
0.1585,1.56092245061097
0.159,-0.668815156682463
0.1595,-2.34366971425537
0.16,-2.08233287926651
0.1605,-0.100450352832882
0.161,1.9672256855036
0.1615,2.41856423112392
0.162,0.878162114999599
0.1625,-1.37984701659905
0.163,-2.49948571329496
0.1635,-1.55275641209149
0.164,0.67632538947353
0.1645,2.35281935175161
0.165,2.09312710425419
0.1655,0.111576922457312
0.166,-1.95741721214255
0.1665,-2.40941485451162
0.167,-0.871309592097488
0.1675,1.38867092752958
0.168,2.50797727195071
0.1685,1.56322352059958
0.169,-0.664541735731288
0.1695,-2.34268353722843
0.17,-2.08430523217203
0.1705,-0.104066322202503
0.171,1.96525333957323
0.1715,2.41889295552821
0.172,0.882106806573503
0.1725,-1.37721721631056
0.173,-2.49882826170037
0.1735,-1.55571493833439
0.174,0.673366870584911
0.1745,2.35051828102606
0.175,2.09477072595771
0.1755,0.115521615606317
0.176,-1.95511613437194
0.1765,-2.41040103169284
0.177,-0.875254289439767
0.1775,1.38538368474599
0.178,2.50764854752512
0.1785,1.56618203915757
0.179,-0.661254488861403
0.1795,-2.34103990885521
0.18,-2.08627758508595
0.1805,-0.107353567094212
0.181,1.96295226932316
0.1815,2.42020785314616
0.182,0.885394049548469
0.1825,-1.3745874160339
0.183,-2.49849953590346
0.1835,-1.55834473945259
0.184,0.669422178727849
0.1845,2.34953210785903
0.185,2.0970717963449
0.1855,0.118808859888085
0.186,-1.95314378200588
0.1865,-2.41138720887635
0.187,-0.878212812460685
0.1875,1.38242516624116
0.188,2.50764854752512
0.1885,1.5688118334325
0.189,-0.657967242005088
0.1895,-2.34038245750767
0.19,-2.08857866349615
0.1905,-0.111626985468045
0.191,1.96097992339625
0.1915,2.42119402636041
0.192,0.888352568223403
0.1925,-1.37162889073678
0.193,-2.49882826170037
0.1935,-1.56130326572565
0.194,0.666134935508743
0.1945,2.34788848591539
0.195,2.09904414239313
0.1955,0.122424828588535
0.196,-1.95051397886369
0.1965,-2.41270211179128
0.197,-0.882157509840883
0.1975,1.37913792345843
0.198,2.50731982309962
0.1985,1.57177035199312
0.199,-0.65467999516232
0.1995,-2.33906755481562
0.2,-2.09055101642828
0.2005,-0.115242954874224
0.201,1.95835012882951
0.2015,2.42185147517029
0.202,0.89196853548953
0.2025,-1.36867036545459
0.203,-2.49849953590346
0.2035,-1.5642617920147
0.204,0.662847692285169
0.2045,2.34690231275005
0.205,2.10068776410147
0.2055,0.126040797279069
0.206,-1.94788417573584
0.2065,-2.41303083752066
0.207,-0.884787308106414
0.2075,1.37650812923256
0.208,2.50699109867419
0.2085,1.57472887055514
0.209,-0.651392748333077
0.2095,-2.33775265212758
0.21,-2.09252336936883
0.2105,-0.118530199799249
0.211,1.9563777829063
0.2115,2.42283764838568
0.212,0.895913227048551
0.2125,-1.36538311515855
0.213,-2.49817081010682
0.2135,-1.56722031831975
0.214,0.658903000410952
0.2145,2.34558741519726
0.215,2.10266011015325
0.2155,0.129328041534609
0.216,-1.94591182339937
0.2165,-2.4143457404407
0.217,-0.888403280737303
0.2175,1.37322088645057
0.218,2.50633364982359
0.2185,1.57768738911859
0.219,-0.647776776836503
0.2195,-2.33578029810303
0.22,-2.09449572231779
0.2205,-0.122146169228151
0.221,1.95374798834447
0.2215,2.42349509719632
0.222,0.899200470011219
0.2225,-1.36242458990785
0.223,-2.49784208431043
0.2235,-1.56985011949326
0.224,0.655287032853872
0.2245,2.34394379325785
0.225,2.10463245620697
0.2255,0.132944010206293
0.226,-1.94393947107094
0.2265,-2.41566064336485
0.227,-0.891690528599449
0.2275,1.36960491939083
0.228,2.50666237424885
0.2285,1.57998845911339
0.229,-0.644160805356237
0.2295,-2.33512284676352
0.23,-2.0967968007689
0.2305,-0.126090863164216
0.231,1.95144691810516
0.2315,2.42513871922424
0.232,0.902158988675165
0.2325,-1.35913733964675
0.233,-2.49784208431043
0.2335,-1.57280864582859
0.234,0.651671065291296
0.2345,2.34295762009506
0.235,2.10627607791988
0.2355,0.136888703291466
0.236,-1.94196711875057
0.2365,-2.41664682056064
0.237,-0.895635226054023
0.2375,1.36697512516584
0.238,2.50633364982359
0.2385,1.58294697767942
0.239,-0.640873558570121
0.2395,-2.3338079440875
0.24,-2.09811170274611
0.2405,-0.129706832618131
0.241,1.94914584786798
0.2415,2.42546744363006
0.242,0.90478878304118
0.2425,-1.355850089404
0.243,-2.49784208431043
0.2435,-1.57543844702904
0.244,0.648383822047797
0.2445,2.34131399815846
0.245,2.10890587266336
0.2455,0.140175947520202
0.246,-1.93933731566926
0.2465,-2.41763299775874
0.247,-0.898593749159294
0.2475,1.36368788238489
0.248,2.50633364982359
0.2485,1.58557677196157
0.249,-0.636928862444507
0.2495,-2.33282176708312
0.25,-2.10041278121524
0.2505,-0.133322802084055
0.251,1.94717350195208
0.2515,2.42645361684795
0.252,0.908733474586808
0.2525,-1.353220289223
0.253,-2.49751335851431
0.2535,-1.57839697339471
0.254,0.644767854474645
0.2545,2.34032782499735
0.255,2.11087821872324
0.2555,0.144120640584028
0.256,-1.93670751260224
0.2565,-2.41796172349196
0.257,-0.901223547485424
0.2575,1.36138681243842
0.258,2.50600492539841
0.2585,1.58886401481592
0.259,-0.633641615687907
0.2595,-2.33117813874749
0.26,-2.10238513419793
0.2605,-0.136610047063524
0.261,1.94454370739997
0.2615,2.42743979006653
0.262,0.912678166128398
0.2625,-1.35026176403339
0.263,-2.49718463271845
0.2635,-1.58102677462215
0.264,0.641151886895911
0.2645,2.33835547867702
0.265,2.11219311609759
0.2655,0.147736609215689
0.266,-1.93440643493032
0.2665,-2.41894790069313
0.267,-0.905496969786159
0.2675,1.35809956965801
0.268,2.50567620097332
0.2685,1.59149380910073
0.269,-0.630025644271101
0.2695,-2.32986323608349
0.27,-2.1046862126884
0.2705,-0.140554741052051
0.271,1.94224263716913
0.2715,2.42776851447287
0.272,0.915636684781964
0.2725,-1.3473032388586
0.273,-2.49685590692286
0.2735,-1.58365657586231
0.274,0.637864643637646
0.2745,2.3373693055178
0.275,2.11416546216074
0.2755,0.151023853417865
0.276,-1.93210535726932
0.2765,-2.41960535216186
0.277,-0.909112942522287
0.2775,1.35448360259986
0.278,2.50501875212337
0.2785,1.59412360338675
0.279,-0.626738397542574
0.2795,-2.32887705908811
0.28,-2.10665856568939
0.2805,-0.143841986053488
0.281,1.93961284262217
0.2815,2.42908341209901
0.282,0.918923927727752
0.2825,-1.34434471369861
0.283,-2.49652718112752
0.2835,-1.58694382743041
0.284,0.633591227394928
0.2845,2.33605440797315
0.285,2.11580908388153
0.2855,0.154311097612042
0.286,-1.93013300499715
0.2865,-2.4209202551024
0.287,-0.912400190480253
0.2875,1.35152508409798
0.288,2.50501875212337
0.2885,1.59675339767398
0.289,-0.62345115082738
0.2895,-2.32723343076749
0.29,-2.10830219319666
0.2905,-0.148115404570343
0.291,1.93731177239582
0.2915,2.42974086091254
0.292,0.921882446376623
0.2925,-1.34105746353818
0.293,-2.49718463271845
0.2935,-1.59023107901843
0.294,0.630303984125908
0.2945,2.33473951042962
0.295,2.11843887863765
0.2955,0.157927066216423
0.296,-1.92783192735643
0.2965,-2.42256388378383
0.297,-0.915687438453511
0.2975,1.34856656559628
0.298,2.50469002769852
0.2985,1.59971191624857
0.299,-0.619506454786715
0.2995,-2.32624725377811
0.3,-2.11027454621315
0.3005,-0.151402649594864
0.301,1.93533942648918
0.3015,2.43105575854051
0.302,0.925169689317235
0.3025,-1.33809893840938
0.303,-2.49652718112752
0.3035,-1.59220342998081
0.304,0.627016740852174
0.3045,2.3334246128872
0.305,2.11975377601703
0.3055,0.16187175922841
0.306,-1.92520212435181
0.3065,-2.42289260952089
0.307,-0.919303411241783
0.3075,1.34560804709475
0.308,2.50501875212337
0.3085,1.60267043482474
0.309,-0.61589048343291
0.3095,-2.32427489980611
0.31,-2.11191817373335
0.3105,-0.155347343637588
0.311,1.93303835626669
0.3115,2.4323706561697
0.312,0.929114380842419
0.3125,-1.33514041329533
0.313,-2.49619845533244
0.3135,-1.59549068160075
0.314,0.624058221901765
0.3145,2.3321097153459
0.315,2.12238357077842
0.3155,0.165159003396347
0.316,-1.92290104673444
0.3165,-2.42289260952089
0.317,-0.922261934445992
0.3175,1.34232080431546
0.318,2.50501875212337
0.3185,1.60562895340249
0.319,-0.612931961428094
0.3195,-2.32328872282348
0.32,-2.11389052676535
0.3205,-0.158305864179174
0.321,1.93106601036334
0.3215,2.43335682939239
0.322,0.932730348070467
0.3225,-1.33152443817595
0.323,-2.49619845533244
0.3235,-1.59779175774659
0.324,0.620442254290476
0.3245,2.33079481780571
0.325,2.12435591685178
0.3255,0.169103696387441
0.326,-1.9202712437565
0.3265,-2.42453623821002
0.327,-0.925549182465261
0.3275,1.33969101009214
0.328,2.50469002769852
0.3285,1.60825874769516
0.329,-0.608987265438351
0.3295,-2.32230254584309
0.33,-2.11586287980583
0.3305,-0.161921833741136
0.331,1.9284362158279
0.3315,2.4340142782079
0.332,0.936017591002283
0.3325,-1.32856591309463
0.333,-2.49554100374308
0.3335,-1.60042155906812
0.334,0.616826286673401
0.3345,2.3298086446513
0.335,2.12632826292713
0.3355,0.172390940538021
0.336,-1.91829889153236
0.3365,-2.42519368968747
0.337,-0.928507705695753
0.3375,1.33673249159103
0.338,2.50403257884906
0.3385,1.61121726627594
0.339,-0.605700018794766
0.3395,-2.32033019188906
0.34,-2.11783523285478
0.3405,-0.165537803315375
0.341,1.92646386992808
0.3415,2.43467172702372
0.342,0.938976109638679
0.3425,-1.325607388028
0.343,-2.49554100374308
0.3435,-1.60370881073803
0.344,0.613539043380107
0.3445,2.32849374711305
0.345,2.12830060900448
0.3455,0.176664357922038
0.346,-1.91599781394764
0.3465,-2.42650859264545
0.347,-0.93245240335582
0.3475,1.33344524881214
0.348,2.50370385442445
0.3485,1.61384706057134
0.349,-0.602084047502055
0.3495,-2.31901528925803
0.35,-2.11980758591221
0.3505,-0.169482497410399
0.351,1.92416279971352
0.3515,2.43598662465628
0.352,0.942592076858086
0.3525,-1.3229775879811
0.353,-2.49554100374308
0.3535,-1.60633861208839
0.354,0.609923075751905
0.3545,2.32652140080777
0.355,2.13027295508383
0.3555,0.179951602054589
0.356,-1.91336801100697
0.3565,-2.42683731838559
0.357,-0.935082201808206
0.3575,1.33048673031123
0.358,2.50337512999992
0.3585,1.61713430344241
0.359,-0.598468076225272
0.3595,-2.31770038663099
0.36,-2.12177993897813
0.3605,-0.173098467010404
0.361,1.921861729501
0.3615,2.43631534906461
0.362,0.94620804407438
0.3625,-1.31969033793877
0.363,-2.49455482636099
0.3635,-1.60929713862288
0.364,0.605978383787169
0.3645,2.32586395203989
0.365,2.13158785247118
0.3655,0.183567570591385
0.366,-1.91139565881077
0.3665,-2.4281522213487
0.367,-0.939026899505325
0.3675,1.32785693608827
0.368,2.50337512999992
0.3685,1.61910664916604
0.369,-0.594852104964387
0.3695,-2.31638548400794
0.37,-2.12375229205253
0.3705,-0.176714436622777
0.371,1.91956065929051
0.3715,2.4376302466987
0.372,0.9491665627036
0.3725,-1.31640308791453
0.373,-2.49455482636099
0.3735,-1.61192694000052
0.374,0.602362416146654
0.3745,2.32422033012141
0.375,2.13356019855388
0.3755,0.187183539118771
0.376,-1.90876585589491
0.3765,-2.42848094709012
0.377,-0.941985422792785
0.3775,1.32391224475389
0.378,2.50271768115111
0.3785,1.62239389204041
0.379,-0.591236133719371
0.3795,-2.31507058138888
0.38,-2.12539591962103
0.3805,-0.180001681735694
0.381,1.91660214045142
0.3815,2.43795897110742
0.382,0.953111254206046
0.3825,-1.31344456290815
0.383,-2.49488355215476
0.3835,-1.61455674139101
0.384,0.599403897163638
0.3845,2.32290543258787
0.385,2.13553254463859
0.3855,0.190799507636778
0.386,-1.90646477835514
0.3865,-2.42946712431592
0.387,-0.945930120528925
0.3875,1.32128245053101
0.388,2.50304640557548
0.3885,1.62469496205371
0.389,-0.587620162490193
0.3895,-2.3137556787738
0.39,-2.12769699822684
0.3905,-0.183946375884752
0.391,1.91462979456054
0.3915,2.43927386874304
0.392,0.956069772830516
0.3925,-1.31015731291821
0.393,-2.49455482636099
0.3935,-1.61718654279438
0.394,0.59578792951231
0.3945,2.32126181067249
0.395,2.1378336150733
0.3955,0.194086751735942
0.396,-1.90416370082621
0.3965,-2.43012457580108
0.397,-0.948888643845696
0.3975,1.31832393203029
0.398,2.50271768115111
0.3985,1.62765348064376
0.399,-0.584661640587171
0.3995,-2.31211205051055
0.4,-2.1290119002925
0.4005,-0.187233621020292
0.401,1.91200000004166
0.4015,2.4405887663799
0.402,0.959357015744238
0.4025,-1.30687006294628
0.403,-2.49323992318854
0.4035,-1.61981634421062
0.404,0.591843237522211
0.4045,2.31994691314143
0.405,2.13947723681407
0.4055,0.198031444644771
0.406,-1.90186262330811
0.4065,-2.43111075303073
0.407,-0.951847167175055
0.4075,1.31470796497386
0.408,2.50206023230263
0.4085,1.62995455065943
0.409,-0.581045669386713
0.4095,-2.31079714790444
0.41,-2.13164170443516
0.4105,-0.191178315196563
0.411,1.90937020552539
0.4115,2.4405887663799
0.412,0.962315534364487
0.4125,-1.30456898797664
0.413,-2.49323992318854
0.4135,-1.62310359599905
0.414,0.588227269858326
0.4145,2.31830329122915
0.415,2.14144958290485
0.4155,0.201647413134818
0.416,-1.89923282044352
0.4165,-2.43242565600721
0.417,-0.955791864967147
0.4175,1.31174944647313
0.418,2.50173150787851
0.4185,1.63258434496434
0.419,-0.577758422854514
0.4195,-2.3094822453023
0.42,-2.13328533203202
0.4205,-0.195123009387733
0.421,1.90772658395404
0.4215,2.44157493960835
0.422,0.96560277727356
0.4225,-1.3012817380353
0.423,-2.49389737477424
0.4235,-1.62606212262588
0.424,0.585597475189882
0.4245,2.3173171180826
0.425,2.14276448029983
0.4255,0.204934657208643
0.426,-1.89758919366032
0.4265,-2.43341183324227
0.427,-0.95940783796295
0.4275,1.30879092797236
0.428,2.50206023230263
0.4285,1.63587158784742
0.429,-0.574142451684106
0.4295,-2.30816734270415
0.43,-2.13492895963478
0.4305,-0.19841025455845
0.431,1.90542551375585
0.4315,2.44223238842771
0.432,0.969547468761263
0.4325,-1.29799448811191
0.433,-2.49323992318854
0.4335,-1.6283631989025
0.434,0.581324058846803
0.4345,2.31600222055484
0.435,2.14506555074323
0.4355,0.208879350087163
0.436,-1.89495939081866
0.4365,-2.43439801047964
0.437,-0.962037636517218
0.4375,1.30583240947154
0.438,2.50140278345447
0.4385,1.63883010644405
0.439,-0.570197755879744
0.4395,-2.30685244010997
0.44,-2.13657258724347
0.4405,-0.202026224258248
0.441,1.90312444355963
0.4415,2.44354728606734
0.442,0.972834711665055
0.4425,-1.2943785132169
0.443,-2.49291119739608
0.4435,-1.63099300037361
0.444,0.578036815500169
0.4445,2.31501604740973
0.445,2.14703789683979
0.4455,0.212824042954734
0.446,-1.89232958799111
0.4465,-2.43472673622594
0.447,-0.965653609545673
0.4475,1.30254516669278
0.448,2.50107405903051
0.4485,1.64113117646489
0.449,-0.566581784742122
0.4495,-2.30520881187284
0.45,-2.13887366590558
0.4505,-0.205313469450823
0.451,1.90082337336539
0.4515,2.44420473488762
0.452,0.976121954566482
0.4525,-1.29141998831892
0.453,-2.49225374581194
0.4535,-1.6342802522307
0.454,0.574092123477511
0.4545,2.31337242550259
0.455,2.14868151858848
0.4555,0.216111287002708
0.456,-1.89002851052855
0.4565,-2.43538418771932
0.457,-0.968940857769799
0.4575,1.29991537246969
0.458,2.50140278345447
0.4585,1.64441841935369
0.459,-0.563623262913879
0.4595,-2.30389390928761
0.46,-2.14051729352849
0.4605,-0.2092581636957
0.461,1.89753613023414
0.4615,2.4448621837082
0.462,0.979409197465567
0.4625,-1.28879018842178
0.463,-2.49225374581194
0.4635,-1.63691005373094
0.464,0.571133604455702
0.4645,2.31172880359715
0.465,2.15098258903905
0.4655,0.219727255446756
0.466,-1.88805615842637
0.4665,-2.43637036496133
0.467,-0.972228106009605
0.4675,1.29662812969073
0.468,2.50041661018284
0.4685,1.64704821366634
0.469,-0.55934984251375
0.4695,-2.30257900670635
0.47,-2.14248964668379
0.4705,-0.212874133433415
0.471,1.8955637843573
0.4715,2.44617708135031
0.472,0.982696440362332
0.4725,-1.28517421358187
0.473,-2.49192502002027
0.4735,-1.63921113005429
0.474,0.567517636756747
0.4745,2.31041390607403
0.475,2.15295493514176
0.4755,0.223343223881694
0.476,-1.88575508098382
0.4765,-2.43735654220565
0.477,-0.975515354265113
0.4775,1.29366961118953
0.478,2.50008788575912
0.4785,1.65000673226981
0.479,-0.55639132071102
0.4795,-2.30126410412906
0.48,-2.14446199984765
0.4805,-0.216161378660538
0.481,1.89326271416946
0.4815,2.44683453017182
0.482,0.986641131835421
0.4825,-1.28221568872893
0.483,-2.49159629422885
0.4835,-1.64216965677034
0.484,0.563572944714423
0.4845,2.30909900855199
0.485,2.15459855689559
0.4855,0.226959192307552
0.486,-1.88312527820552
0.4865,-2.43801399370315
0.487,-0.979131327364334
0.4875,1.29103981696614
0.488,2.50008788575912
0.4885,1.65263652658554
0.489,-0.552117900347672
0.4895,-2.29929175027057
0.49,-2.14610562749072
0.4905,-0.219777348422523
0.491,1.89129036829571
0.4915,2.44782070340468
0.492,0.989928374727162
0.4925,-1.27925716389042
0.493,-2.4909388426468
0.4935,-1.6444707331164
0.494,0.560614425677796
0.4945,2.30745538665098
0.495,2.15657090300209
0.4955,0.230903885125441
0.496,-1.88049547544127
0.4965,-2.43867144520168
0.497,-0.982089850823325
0.4975,1.28742384990878
0.498,2.49975916133549
0.4985,1.65559504519251
0.499,-0.54948810321177
0.4995,-2.29797684770321
0.5,-2.14807798067024
0.5005,-0.223393318197264
0.501,1.88866057379958
0.5015,2.44847815222697
0.502,0.993215617616656
0.5025,-1.27596991408677
0.503,-2.49061011685617
0.5035,-1.64775798505663
0.504,0.55699845796065
0.5045,2.3061404891314
0.505,2.15854324911066
0.5055,0.234191129132149
0.506,-1.87786567269105
0.5065,-2.43932889670124
0.507,-0.985705823957217
0.5075,1.28446533140712
0.508,2.49975916133549
0.5085,1.65789611522144
0.509,-0.545543407523276
0.5095,-2.29666194513981
0.51,-2.15005033385832
0.5105,-0.227338012511565
0.511,1.88635950361752
0.5115,2.44913560104957
0.512,0.996502860503926
0.5125,-1.27268266430091
0.513,-2.4902813910658
0.5135,-1.65005906142688
0.514,0.553711214575951
0.5145,2.30482559161289
0.515,2.1605155952213
0.5155,0.238135821930394
0.516,-1.87589332063759
0.5165,-2.44064379970345
0.517,-0.98833562261205
0.5175,1.28117808862728
0.518,2.49943043691193
0.5185,1.66085463383175
0.519,-0.541927436491654
0.5195,-2.29534704258038
0.52,-2.15202268705496
0.5205,-0.2302965332573
0.521,1.88405843343737
0.5215,2.45012177428405
0.522,0.999790103388993
0.5225,-1.26972413950882
0.523,-2.4902813910658
0.5235,-1.65334631340168
0.524,0.549766522507395
0.5245,2.30383941847472
0.525,2.16248794133402
0.5255,0.241423065920787
0.526,-1.87359224325185
0.5265,-2.44064379970345
0.527,-0.992609045447743
0.5275,1.27821957012521
0.528,2.49910171248846
0.5285,1.66381315244397
0.529,-0.538311465475461
0.5295,-2.29370341438666
0.53,-2.15366631472537
0.5305,-0.234241227598325
0.531,1.88142863894809
0.5315,2.45077922310743
0.532,1.00307734627188
0.5325,-1.26643688975669
0.533,-2.48995266527569
0.5335,-1.65564738979616
0.534,0.546479279111141
0.5345,2.30186707220022
0.535,2.16446028744883
0.5355,0.245367758699519
0.536,-1.87030498986224
0.5365,-2.44195870270979
0.537,-0.995896293801107
0.5375,1.27493232734487
0.538,2.49844426364176
0.5385,1.66578549818651
0.539,-0.535352943746394
0.5395,-2.29205978619914
0.54,-2.15563866793771
0.5405,-0.237857197424392
0.541,1.87978501739356
0.5415,2.45143667193112
0.542,1.00636458915261
0.5425,-1.26314964002228
0.543,-2.48929521369626
0.5435,-1.65827719140209
0.544,0.543192035709599
0.5445,2.30055217468523
0.545,2.16676135791875
0.5455,0.248983727070721
0.546,-1.86866136317564
0.5465,-2.4426161542145
0.547,-0.999183542170335
0.5475,1.27197380884232
0.548,2.49877298806507
0.5485,1.66874401680194
0.549,-0.530750798854964
0.5495,-2.29074488365358
0.55,-2.15695357008404
0.5505,-0.241144442732015
0.551,1.87748394721882
0.5515,2.45275156957943
0.552,1.0096518320312
0.5525,-1.25986239030556
0.553,-2.48896648790693
0.5535,-1.66090699302108
0.554,0.539576067961768
0.5545,2.29923727717132
0.555,2.16807625533141
0.5555,0.252599695433056
0.556,-1.86636028582358
0.5565,-2.44360233147351
0.557,-1.00247079055545
0.5575,1.26901529033951
0.558,2.49811553921853
0.5585,1.67170253541932
0.559,-0.527792277152167
0.5595,-2.28910125547719
0.56,-2.15892592331068
0.5605,-0.244760412582747
0.561,1.87518287704597
0.5615,2.45340901840405
0.562,1.01326779919522
0.5625,-1.25723259054492
0.563,-2.48863776211786
0.5635,-1.66353679465314
0.564,0.535960100207481
0.5645,2.29726493090247
0.565,2.17004860145216
0.5655,0.256215663786553
0.566,-1.8637304831486
0.5665,-2.44425978298081
0.567,-1.00575803895647
0.5675,1.26638549611457
0.568,2.49811553921853
0.5685,1.67466105403866
0.569,-0.524176306196001
0.5695,-2.28778635294053
0.57,-2.16122700208593
0.5705,-0.248376382446443
0.571,1.87222435825505
0.5715,2.45406646722898
0.572,1.01622631778208
0.5725,-1.2542740658277
0.573,-2.48830903632906
0.5735,-1.66649532150485
0.574,0.532344132446708
0.5745,2.29595003339125
0.575,2.17136349886715
0.5755,0.259831632131244
0.576,-1.86110068048758
0.5765,-2.44458850873484
0.577,-1.009374012216
0.5775,1.26244080477673
0.578,2.49680064152643
0.5785,1.67729084836863
0.579,-0.520231610624883
0.5795,-2.28647145040783
0.58,-2.16221317870748
0.5805,-0.25264980139302
0.581,1.86992328808647
0.5815,2.45505264046696
0.582,1.01951356065441
0.5825,-1.25098681615865
0.583,-2.48798031054052
0.5835,-1.66912512316472
0.584,0.52905688902217
0.5845,2.29496386025854
0.585,2.17333584499141
0.5855,0.263776324860897
0.586,-1.85912832850098
0.5865,-2.44557468599849
0.587,-1.01200381096233
0.5875,1.2598110105512
0.588,2.49712936594933
0.5885,1.67959191840865
0.589,-0.516944364329484
0.5895,-2.28482782224751
0.59,-2.16385680641483
0.5905,-0.255608322212846
0.591,1.86762221791974
0.5915,2.45571008929268
0.592,1.0231295278116
0.5925,-1.24769956650722
0.593,-2.48732285896421
0.5935,-1.67175492483771
0.594,0.525112196905584
0.5945,2.29299151399492
0.595,2.17530819111777
0.5955,0.266734844401306
0.596,-1.85616980053577
0.5965,-2.44623213750888
0.597,-1.01561978425523
0.5975,1.25652376776893
0.598,2.49680064152643
0.5985,1.68255043703332
0.599,-0.513328393419073
0.5995,-2.28318419409337
0.6,-2.16582915967152
0.6005,-0.258895567578457
0.601,1.86499242344574
0.6015,2.45603881370565
0.602,1.02674549496636
0.6025,-1.24474104183597
0.603,-2.48732285896421
0.6035,-1.67471345173549
0.604,0.521824953469119
0.6045,2.29200534086402
0.605,2.17695181289136
0.6055,0.270350812720547
0.606,-1.85419744856876
0.6065,-2.44754704053276
0.607,-1.01923575756749
0.6075,1.25290780070795
0.608,2.4958144682582
0.6085,1.68518023136806
0.609,-0.510041147150065
0.6095,-2.2818692915745
0.61,-2.16813023848187
0.6105,-0.262840262031464
0.611,1.86302007759182
0.6115,2.45702498694504
0.612,1.02970401354572
0.6125,-1.24178251717895
0.613,-2.48699413317645
0.6135,-1.67701452822304
0.614,0.518537710027197
0.6145,2.29003299460402
0.615,2.17892415902161
0.6155,0.273966781031098
0.616,-1.85123892063292
0.6165,-2.44787576628937
0.617,-1.02252300605
0.6175,1.25027800648145
0.618,2.49614319268086
0.6185,1.68813874999657
0.619,-0.506425176268632
0.6195,-2.28055438905958
0.62,-2.16977386621072
0.6205,-0.266456231960428
0.621,1.86006155881346
0.6215,2.45801116018513
0.622,1.03299125640981
0.6225,-1.23849526757672
0.623,-2.48666540738895
0.6235,-1.68030178036556
0.624,0.514593017889655
0.6245,2.28838937272251
0.625,2.17991033208753
0.6255,0.277582749332989
0.626,-1.84893784336167
0.6265,-2.44886194356076
0.627,-1.02548152969798
0.6275,1.24666203941952
0.628,2.49515701941311
0.6285,1.69043982004239
0.629,-0.503137930025917
0.6295,-2.27891076092148
0.63,-2.17174621949323
0.6305,-0.27040092644338
0.631,1.85743176434634
0.6315,2.45833988459865
0.632,1.03594977498582
0.6325,-1.23553674294969
0.633,-2.48600795581474
0.6335,-1.68227413166094
0.634,0.510648325744183
0.6345,2.28740319959441
0.635,2.18221140257676
0.6355,0.28152744201612
0.636,-1.84663676610105
0.6365,-2.44951939507632
0.637,-1.02844005335898
0.6375,1.24370352091387
0.638,2.49515701941311
0.6385,1.69306961438201
0.639,-0.499521959173351
0.6395,-2.27759585841544
0.64,-2.17404729833371
0.6405,-0.274016896399861
0.641,1.85513069418955
0.6415,2.45932605783968
0.642,1.03956574213215
0.6425,-1.23224949338074
0.643,-2.48567923002802
0.6435,-1.6852326586179
0.644,0.507689806629852
0.6445,2.28543085334
0.645,2.18385502435655
0.6455,0.284814685910912
0.646,-1.84433568885106
0.6465,-2.45017684659291
0.647,-1.03205602674012
0.6475,1.24008755385085
0.648,2.49449957056836
0.6485,1.69602813301604
0.649,-0.495577263715019
0.6495,-2.27595223028843
0.65,-2.1756909260841
0.6505,-0.277304141826303
0.651,1.85217217541919
0.6515,2.45965478225351
0.652,1.0425242607047
0.6525,-1.22863351887509
0.653,-2.48535050424156
0.6535,-1.68851991081186
0.654,0.503745114470409
0.6545,2.28378723146315
0.655,2.18549864613783
0.6555,0.288101929798621
0.656,-1.84137716097383
0.6565,-2.45116302386972
0.657,-1.03600072499632
0.6575,1.23680031106572
0.658,2.49351339730182
0.6585,1.69832920306619
0.659,-0.492290017513421
0.6595,-2.27463732779127
0.66,-2.1766771027372
0.6605,-0.281248836352472
0.661,1.85019982957393
0.6615,2.46064095549548
0.662,1.0458115035613
0.6625,-1.22567499429527
0.663,-2.48436432688376
0.6635,-1.69114971258187
0.664,0.500457870998069
0.6645,2.28280105833783
0.665,2.18779971663412
0.6655,0.292375346842092
0.666,-1.83940480906543
0.6665,-2.45116302386972
0.667,-1.0386305238467
0.6675,1.23417051683723
0.668,2.49351339730182
0.6685,1.70161644599719
0.669,-0.488345322087884
0.6695,-2.27299369967535
0.67,-2.17864945604988
0.6705,-0.284864806348663
0.671,1.84822748372998
0.6715,2.46096967990963
0.672,1.04909874641604
0.6725,-1.22271646972958
0.673,-2.48436432688376
0.6735,-1.69345078914146
0.674,0.496841903172022
0.6745,2.28115743646363
0.675,2.18911461406188
0.6755,0.295333866326763
0.676,-1.83677500653301
0.6765,-2.4524779269091
0.677,-1.04191777242422
0.6775,1.23121199832973
0.678,2.4931846728798
0.6785,1.70358879175705
0.679,-0.485386800530437
0.6795,-2.27167879718705
0.68,-2.18062180937119
0.6805,-0.288152051811282
0.681,1.84559768927343
0.6815,2.462284577567
0.682,1.05337216212445
0.6825,-1.219757945178
0.683,-2.48403560109835
0.6835,-1.69575186571116
0.684,0.493225935339164
0.6845,2.27951381459108
0.685,2.19108696020532
0.6855,0.298949834578095
0.686,-1.8344739293285
0.6865,-2.45313537843034
0.687,-1.04520502101791
0.6875,1.22759603126436
0.688,2.49252722403601
0.6885,1.70621858610501
0.689,-0.481442105136082
0.6895,-2.27036389470269
0.69,-2.18226543714554
0.6905,-0.291768021832882
0.691,1.84296789481919
0.6915,2.46327075081085
0.692,1.05600195640502
0.6925,-1.2161419707452
0.693,-2.4833781495283
0.6935,-1.69871039274424
0.694,0.489938691848813
0.6945,2.27819891709423
0.695,2.19305930635092
0.6955,0.303223251591501
0.696,-1.83217285213458
0.6965,-2.45346410419135
0.697,-1.04882099448969
0.6975,1.22496623703453
0.698,2.49219849961424
0.6985,1.70983455333625
0.699,-0.477826134373531
0.6995,-2.26839154098352
0.7,-2.18456651603972
0.7005,-0.295383991867837
0.701,1.84033810036726
0.7015,2.46359947522562
0.702,1.05961792353893
0.7025,-1.21318344622492
0.703,-2.4827206979593
0.7035,-1.70134019456548
0.704,0.486322724002869
0.7045,2.27688401959843
0.705,2.19470292814056
0.7055,0.306510495439966
0.706,-1.82921432432938
0.7065,-2.45445028147592
0.707,-1.05177951825394
0.7075,1.22167899424667
0.708,2.49186977519254
0.7085,1.71246434768829
0.709,-0.474210163625877
0.7095,-2.26674791289098
0.71,-2.18588141827025
0.7105,-0.299657411017312
0.711,1.83770830591762
0.7115,2.4642569240554
0.712,1.06290516638608
0.7125,-1.21022492171869
0.713,-2.48239197217519
0.7135,-1.70396999639996
0.714,0.482378031799427
0.7145,2.27524039773016
0.715,2.19634654993171
0.7155,0.310126463665269
0.716,-1.82691324715964
0.7165,-2.45543645876282
0.717,-1.05506676689631
0.7175,1.21839175145815
0.718,2.49186977519254
0.7185,1.71443669345345
0.719,-0.47059419289309
0.7195,-2.26576173603841
0.72,-2.18752504606381
0.7205,-0.302615931977926
0.721,1.83573596008188
0.7215,2.46524309730067
0.722,1.06586368494703
0.7225,-1.20660894734125
0.723,-2.48206324639134
0.7235,-1.70659979824771
0.724,0.479090788290259
0.7245,2.27359677586353
0.725,2.19864762044185
0.7255,0.313742431882212
0.726,-1.82461217000047
0.7265,-2.45576518452564
0.727,-1.05868274042171
0.7275,1.2154332329479
0.728,2.49121232634939
0.7285,1.71739521210303
0.729,-0.467306946785251
0.7295,-2.26346065672433
0.73,-2.18916867386338
0.7305,-0.306560626606079
0.731,1.83310616563623
0.7315,2.46557182171592
0.732,1.06980837635944
0.7325,-1.2033216979254
0.733,-2.48206324639134
0.7335,-1.70890087487538
0.734,0.475803544775342
0.7345,2.27195315399854
0.735,2.19963379351853
0.7355,0.317029675708568
0.736,-1.82231109285186
0.7365,-2.45642263605205
0.737,-1.06164126422988
0.7375,1.21181726587905
0.738,2.49088360192794
0.7385,1.72035373075483
0.739,-0.464348425298662
0.7395,-2.26214575426455
0.74,-2.19081230166897
0.7405,-0.30984787214179
0.741,1.83047637119284
0.7415,2.46590054613124
0.742,1.07276689491715
0.7425,-1.20036317346591
0.743,-2.48107706904135
0.7435,-1.71185940198304
0.744,0.471858852549818
0.7445,2.27063825650772
0.745,2.20160613967352
0.7455,0.32097436829114
0.746,-1.81968129040922
0.7465,-2.4570800875795
0.747,-1.06459978805127
0.7475,1.20885874736751
0.748,2.49055487750657
0.7485,1.72265480081889
0.749,-0.460403729998604
0.7495,-2.26017340058224
0.75,-2.19278465504361
0.7505,-0.313135117688661
0.751,1.82817530105672
0.7515,2.46754416820905
0.752,1.07572541347349
0.7525,-1.19707592408288
0.753,-2.48074834325855
0.7535,-1.71481792910752
0.754,0.46857160902217
0.7545,2.26899463464568
0.755,2.2029210371114
0.7555,0.32426161210243
0.756,-1.81705148798034
0.7565,-2.45806626487261
0.757,-1.06821576162872
0.7575,1.20557150457621
0.758,2.48923997982188
0.7585,1.7249558708843
0.759,-0.456787759322308
0.7595,-2.25951594935676
0.76,-2.19475700842691
0.7605,-0.317408536916315
0.761,1.8252167823128
0.7615,2.46721544379333
0.762,1.07868393202849
0.7625,-1.19411739965289
0.763,-2.48074834325855
0.7635,-1.71711900577155
0.764,0.464955641135032
0.7645,2.26735101278526
0.765,2.20522210763002
0.7655,0.327877580286982
0.766,-1.81475041086637
0.7665,-2.45905244216805
0.767,-1.07183173522596
0.7675,1.20162681322563
0.768,2.48923997982188
0.7685,1.72758566524646
0.769,-0.453171788660735
0.7695,-2.25787232129737
0.77,-2.19607191068727
0.7705,-0.320038333373516
0.771,1.82324443648508
0.7715,2.46820161704072
0.772,1.08229989914947
0.7725,-1.19148760017129
0.773,-2.48009089169371
0.7735,-1.71974880768577
0.774,0.461339673240818
0.7745,2.26570739092647
0.775,2.20653700507057
0.7755,0.331164824083993
0.776,-1.81244933376291
0.7765,-2.45970989369964
0.777,-1.07511898396793
0.7775,1.1993257432706
0.778,2.48858253098002
0.7785,1.73054418390603
0.779,-0.449555818013855
0.7795,-2.25622869324411
0.78,-2.19804426408503
0.7805,-0.323983028072798
0.781,1.82028591774585
0.7815,2.46918779028882
0.782,1.08558714198503
0.7825,-1.18787162590206
0.783,-2.47943344012992
0.7835,-1.72270733485521
0.784,0.4577237053395
0.7845,2.26472121781198
0.785,2.20883807559387
0.7855,0.335438241009997
0.786,-1.81014825666998
0.7865,-2.46003861946583
0.787,-1.07840623272631
0.7875,1.1957097761976
0.788,2.48759635771783
0.7885,1.73317397827202
0.789,-0.446268571983961
0.7895,-2.25491379080591
0.79,-2.19968789192312
0.7905,-0.327927722788291
0.791,1.81798484761726
0.7915,2.46918779028882
0.792,1.08887438481899
0.7925,-1.18491310151542
0.793,-2.47877598856717
0.7935,-1.72500841155422
0.794,0.454107737431046
0.7945,2.26274887158475
0.795,2.21048169739807
0.7955,0.339054209169262
0.796,-1.8071897289945
0.7965,-2.46102479676593
0.797,-1.08169348150112
0.7975,1.19307998196206
0.798,2.48792508213848
0.7985,1.73514632404771
0.799,-0.442652601365048
0.7995,-2.25327016276367
0.8,-2.2016602453368
0.8005,-0.331872417520032
0.801,1.8160125017941
0.8015,2.47050268795406
0.802,1.09183290336822
0.8025,-1.18129712728397
0.803,-2.47844726278619
0.8035,-1.72763821350847
0.804,0.450163045159105
0.8045,2.2611052497305
0.805,2.21212531920379
0.8055,0.342670177320408
0.806,-1.80521737722049
0.8065,-2.46135352253315
0.807,-1.08465200541251
0.8075,1.1894640148873
0.808,2.48693890887677
0.8085,1.73810484271317
0.809,-0.439365355360529
0.8095,-2.25129780912106
0.81,-2.20264642204689
0.8105,-0.335159663142257
0.811,1.81272525875823
0.8115,2.47083141237057
0.812,1.09479142191619
0.8125,-1.1783386029282
0.813,-2.477789811225
0.8135,-1.7299392902294
0.814,0.44720452594953
0.8145,2.25946162787788
0.815,2.21376894101105
0.8155,0.345957421087155
0.816,-1.80225884957393
0.8165,-2.46233969983636
0.817,-1.08761052933725
0.8175,1.18650549637079
0.818,2.48661018445636
0.8185,1.74106336138098
0.819,-0.436078109368059
0.8195,-2.24932545548727
0.82,-2.20494750104557
0.8205,-0.33910435790389
0.821,1.81042418863514
0.8215,2.47083141237057
0.822,1.09774994046293
0.8225,-1.1753800785863
0.823,-2.47746108544479
0.8235,-1.73256909220872
0.824,0.443259833662574
0.8245,2.25748928165685
0.825,2.21541256281985
0.8255,0.348587216095755
0.826,-1.80028649781919
0.8265,-2.46299715137314
0.827,-1.09122650304118
0.8275,1.18256080501431
0.828,2.48595273561579
0.8285,1.74336443145756
0.829,-0.432790863387614
0.8295,-2.24866800427796
0.83,-2.20691985448242
0.8305,-0.342391603551079
0.831,1.80746566990788
0.8315,2.47148886120383
0.832,1.10136590757395
0.8325,-1.17209282933375
0.833,-2.47746108544479
0.8335,-1.73552761945145
0.834,0.439315141366983
0.8345,2.25617438417746
0.835,2.21672746026799
0.8355,0.353189357350577
0.836,-1.7976566954915
0.8365,-2.46332587714191
0.837,-1.09451375188028
0.8375,1.17993101077592
0.838,2.48529528677553
0.8385,1.74599422583254
0.839,-0.429174892822987
0.8395,-2.24702437625897
0.84,-2.20823475677849
0.8405,-0.345678849209651
0.841,1.80516459978857
0.8415,2.4724750344543
0.842,1.10498187468317
0.8425,-1.16913430502106
0.843,-2.47680363388517
0.8435,-1.73881487196327
0.844,0.4360278977807
0.8445,2.25453076232967
0.845,2.21869980644206
0.8455,0.356476601096082
0.846,-1.79502689317749
0.8465,-2.46365460291095
0.847,-1.09780100073592
0.8475,1.17664376797708
0.848,2.48430911351574
0.8485,1.74796657161502
0.849,-0.424901473083476
0.8495,-2.24505202264425
0.85,-2.20987838465401
0.8505,-0.349952268582849
0.851,1.80286352967089
0.8515,2.47280375887128
0.852,1.10794039322577
0.8525,-1.16551833087986
0.853,-2.47614618232658
0.8535,-1.74078722348042
0.854,0.432411929828805
0.8545,2.25288714048348
0.855,2.22034342825548
0.8555,0.360092569208526
0.856,-1.79239709087713
0.8565,-2.46431205444979
0.857,-1.10108824960813
0.8575,1.17335652517727
0.858,2.48463783793559
0.8585,1.7505963659933
0.859,-0.421614227143749
0.8595,-2.24373712023932
0.86,-2.21152201253559
0.8605,-0.353239514267689
0.861,1.79990501095055
0.8615,2.47378993212271
0.862,1.1108989117672
0.8625,-1.16255980659784
0.863,-2.47516000499065
0.8635,-1.74308830025997
0.864,0.428795961869565
0.8645,2.25157224300769
0.865,2.22198705007045
0.8655,0.363708537313024
0.866,-1.79009601387552
0.8665,-2.4656269575306
0.867,-1.10437549849692
0.8675,1.17006928237648
0.868,2.48398038909597
0.8685,1.75355488467114
0.869,-0.417998256623825
0.8695,-2.24176476663925
0.87,-2.21349436600146
0.8705,-0.356855484534246
0.871,1.79760394083659
0.8715,2.47477610537484
0.872,1.11451487887183
0.8725,-1.15927255741176
0.873,-2.47450255343467
0.8735,-1.74604682756307
0.874,0.424851269541982
0.8745,2.24992862116438
0.875,2.22363067188697
0.8755,0.367324505409607
0.876,-1.78746621160074
0.8765,-2.46595568330145
0.877,-1.10733402251103
0.8775,1.16678203957467
0.878,2.48332294025668
0.8785,1.75651340335141
0.879,-0.414053561527603
0.8795,-2.23979241304797
0.88,-2.21513799389635
0.8805,-0.360142730243172
0.881,1.7949741464226
0.8815,2.47477610537484
0.882,1.11813084597478
0.8825,-1.15598530824265
0.883,-2.47450255343467
0.8835,-1.74834790436614
0.884,0.421892750290511
0.8845,2.24795627495453
0.885,2.22527429370504
0.8855,0.371269197869614
0.886,-1.78450768405791
0.8865,-2.46661313484392
0.887,-1.11094999632434
0.8875,1.16349479677182
0.888,2.48299421583715
0.8885,1.75881447343774
0.889,-0.410108866448481
0.8895,-2.23880623625562
0.89,-2.21678162179729
0.8905,-0.36375870053628
0.891,1.79267307631208
0.8915,2.47543355421
0.892,1.12108936451232
0.8925,-1.15269805909051
0.893,-2.47351637610264
0.8935,-1.7509777064394
0.894,0.418276782309733
0.8945,2.24697010185046
0.895,2.22658919116061
0.8955,0.374556441579147
0.896,-1.78220660709207
0.8965,-2.46661313484392
0.897,-1.11390852036841
0.8975,1.16086500252879
0.898,2.48233676699833
0.8985,1.76144426782394
0.899,-0.407150345150337
0.8995,-2.23683388267751
0.9,-2.21842524970429
0.9005,-0.367374670843339
0.901,1.78971455760091
0.9015,2.47641972746333
0.902,1.12437660733054
0.9025,-1.14908208504272
0.903,-2.47318765032582
0.9035,-1.75360750852613
0.904,0.414660814321493
0.9045,2.24466903127654
0.905,2.22856153734585
0.9055,0.378172409652165
0.906,-1.77957680485814
0.9065,-2.46727058638744
0.907,-1.1171957693221
0.9075,1.15757775972402
0.908,2.48200804257904
0.9085,1.76407406221208
0.909,-0.403863099274746
0.9095,-2.23551898029698
0.91,-2.22006887761736
0.9105,-0.370990641164379
0.911,1.78741348749402
0.9115,2.47674845188126
0.912,1.12799257442904
0.9125,-1.14612356083703
0.913,-2.47318765032582
0.9135,-1.75590858536307
0.914,0.410716121962138
0.9145,2.24335413380713
0.915,2.2302051591686
0.9155,0.381788377717387
0.916,-1.77694700263781
0.9165,-2.46825676370466
0.917,-1.12048301829248
0.9175,1.15396179263751
0.918,2.48167931815983
0.9185,1.76670385660218
0.919,-0.399918404239617
0.9195,-2.23420407792035
0.92,-2.22204123112104
0.9205,-0.374606611499431
0.921,1.78511241738872
0.9215,2.47773462513554
0.922,1.13095109296301
0.9225,-1.14283631173564
0.923,-2.47285892454925
0.9235,-1.75853838747508
0.924,0.407428878322504
0.9245,2.24171051197178
0.925,2.23184878099291
0.9255,0.385075621406304
0.926,-1.77431720043105
0.9265,-2.46825676370466
0.927,-1.12344154238012
0.9275,1.15100327411118
0.928,2.48102186932165
0.9285,1.76900492669514
0.929,-0.396302433805649
0.9295,-2.23223172436271
0.93,-2.22335613346168
0.9305,-0.37855130642641
0.931,1.78215389868421
0.9315,2.47773462513554
0.932,1.13390961149594
0.9325,-1.13954906265112
0.933,-2.47187274722113
0.9335,-1.76149691486723
0.934,0.404141634676628
0.9345,2.23940944140497
0.935,2.23316367845348
0.9355,0.389020313824566
0.936,-1.77168739823787
0.9365,-2.46924294102421
0.937,-1.12738624118474
0.9375,1.14738730702218
0.938,2.48003569606498
0.9385,1.77163472108894
0.939,-0.392686463385902
0.9395,-2.23091682199581
0.94,-2.22532848697993
0.9405,-0.382496001370139
0.941,1.77985282858248
0.9415,2.47872079839054
0.942,1.13719685430911
0.9425,-1.13691926339564
0.943,-2.47121529567034
0.9435,-1.7634692664715
0.944,0.39986821792762
0.9445,2.23842326830585
0.945,2.23513602464624
0.9455,0.392636281866583
0.946,-1.77004377187401
0.9465,-2.46957166679792
0.947,-1.13001604040123
0.9475,1.14377133993177
0.948,2.4793782472276
0.9485,1.77426451548474
0.949,-0.389399217562083
0.9495,-2.22927319404267
0.95,-2.22664338933029
0.9505,-0.38545452258895
0.951,1.77689430988255
0.9515,2.47872079839054
0.952,1.14048409712105
0.9525,-1.13363201434144
0.953,-2.47055784412059
0.9535,-1.76642779389216
0.954,0.396580974267303
0.9545,2.23645092210933
0.955,2.23645092210933
0.9555,0.395594801167977
0.956,-1.76708524443241
0.9565,-2.47022911834611
0.957,-1.13363201434144
0.9575,1.14147026996439
0.958,2.47904952280903
0.9585,1.77689430988255
0.959,-0.38545452258895
0.9595,-2.22730084050692
0.96,-2.2282870172737
0.9605,-0.389399217562083
0.961,1.77492196408401
0.9615,2.47970697164625
0.962,1.14344261565075
0.9625,-1.13034476530404
0.963,-2.47055784412059
0.9635,-1.76905759605824
0.964,0.392965006233658
0.9645,2.23513602464624
0.965,2.23842326830585
0.9655,0.399539493561872
0.966,-1.76445544227648
0.9665,-2.47088656989534
0.967,-1.13659053848946
0.9675,1.13818302715282
0.968,2.47839207397213
0.9685,1.77952410428236
0.969,-0.382167276790854
0.9695,-2.22565721256715
0.97,-2.23025937081382
0.9705,-0.392357738802992
0.971,1.77196344538831
0.9715,2.48036442048379
0.972,1.14738730702218
0.9725,-1.12672879138229
0.973,-2.46957166679792
0.9735,-1.77168739823787
0.974,0.38967776256005
0.9745,2.23316367845348
0.975,2.24006689013803
0.9755,0.403155461581645
0.976,-1.76149691486723
0.9765,-2.47187274722113
0.977,-1.14020651246668
0.9775,1.13522450862136
0.978,2.47806334955379
0.9785,1.78182517438387
0.979,-0.378222581848523
0.9795,-2.22368485904745
0.98,-2.23157427317877
0.9805,-0.395973709221448
0.981,1.76933365099425
0.9815,2.48102186932165
0.982,1.15067454983042
0.9825,-1.12344154238012
0.983,-2.46891421525077
0.9835,-1.77431720043105
0.984,0.386061794511732
0.9845,2.23184878099291
0.985,2.24171051197178
0.9855,0.406771429593829
0.986,-1.75919583800519
0.9865,-2.4715440214456
0.987,-1.14316503664502
0.9875,1.13160854152597
0.988,2.47740590071737
0.9885,1.78412624448693
0.989,-0.374606611499431
0.9895,-2.22236995670584
0.99,-2.23354662673349
0.9905,-0.399589679654123
0.991,1.76670385660218
0.9915,2.4813505937407
0.992,1.15363306835686
0.9925,-1.12048301829248
0.993,-2.46825676370466
0.9935,-1.77661827736122
0.994,0.382445826455683
0.9945,2.22987643480392
0.995,2.24302540943993
0.9955,0.410716121962138
0.996,-1.75656603588981
0.9965,-2.47220147299691
0.997,-1.14579483592613
0.9975,1.12832129871065
0.998,2.47609100304547
0.9985,1.78741348749402
0.999,-0.371319365739714
0.9995,-2.22105505436811
1,-2.23519025470246
1.0005,-0.403205650101045
1.001,1.76440278651073
1.0015,2.48200804257904
1.002,1.15659158688238
1.0025,-1.1171957693221
1.003,-2.46759931215959
1.0035,-1.77957680485814
1.004,0.379158582761633
1.0045,2.22856153734585
1.005,2.24532648001163
1.0055,0.413674641232491
1.006,-1.75426495904992
1.0065,-2.47285892454925
1.007,-1.14908208504272
1.0075,1.12503405589402
1.008,2.47609100304547
1.0085,1.78938583329983
1.009,-0.367703395417401
1.0095,-2.21908270086879
1.01,-2.23683388267751
1.0105,-0.407150345150337
1.011,1.76144426782394
1.0115,2.48233676699833
1.012,1.15987882968747
1.0125,-1.11456597015781
1.013,-2.46727058638744
1.0135,-1.78187788181208
1.014,0.375213890320277
1.0145,2.22658919116061
1.015,2.24664137748257
1.0155,0.417948057947475
1.016,-1.75163515695982
1.0165,-2.47384510187972
1.017,-1.15269805909051
1.0175,1.12174681307607
1.018,2.47576227862769
1.0185,1.79168690340807
1.019,-0.36375870053628
1.0195,-2.21743907295936
1.02,-2.23814878506195
1.0205,-0.410766315627149
1.021,1.75947192203411
1.0215,2.4826654914177
1.022,1.16316607249148
1.0225,-1.11094999632434
1.023,-2.46661313484392
1.0235,-1.7848364093396
1.024,0.371597922240859
1.0245,2.2249455693413
1.025,2.24795627495453
1.0255,0.420906577205583
1.026,-1.74933408014203
1.0265,-2.47483127921253
1.027,-1.15532785841087
1.0275,1.11845957025678
1.028,2.47444738095738
1.0285,1.794645422121
1.029,-0.360471454814697
1.0295,-2.215795445056
1.03,-2.24012113864591
1.0305,-0.414382286118301
1.031,1.75618467905348
1.0315,2.48365166467629
1.032,1.16579586673392
1.0325,-1.10799147229377
1.033,-2.4656269575306
1.0335,-1.78713748631736
1.034,0.367324505409607
1.0345,2.22363067188697
1.035,2.24927117242751
1.0355,0.424522545180953
1.036,-1.74637555282002
1.0365,-2.47548873076903
1.037,-1.15993000724761
1.0375,1.11517232743613
1.038,2.47411865654001
1.0385,1.79760394083659
1.039,-0.357184209104622
1.0395,-2.21415181715869
1.04,-2.24176476663925
1.0405,-0.417998256623825
1.041,1.75355488467114
1.0415,2.48365166467629
1.042,1.16908310953604
1.0425,-1.10437549849692
1.043,-2.46529823176001
1.0435,-1.78943856330555
1.044,0.364694710431057
1.0445,2.22198705007045
1.045,2.25157224300769
1.0455,0.428138513148912
1.046,-1.7437457507703
1.0465,-2.47483127921253
1.047,-1.16223108167847
1.0475,1.11188508461408
1.048,2.47346120770548
1.0485,1.79990501095055
1.049,-0.353568238836802
1.0495,-2.21250818926743
1.05,-2.2434083946387
1.0505,-0.421614227143749
1.051,1.75158253888565
1.0515,2.48463783793559
1.052,1.17237035233714
1.0525,-1.10108824960813
1.053,-2.46496950598968
1.0535,-1.79272581616393
1.054,0.361078742328721
1.0545,2.22001470389267
1.055,2.25321586485259
1.0555,0.43175448110949
1.056,-1.74144467398781
1.0565,-2.47581745654768
1.057,-1.16584705580094
1.0575,1.10859784179063
1.058,2.47280375887128
1.0585,1.80286352967089
1.059,-0.349294819447254
1.0595,-2.21086456138223
1.06,-2.24472329704265
1.0605,-0.424572748488966
1.061,1.74895274450665
1.0615,2.48529528677553
1.062,1.17565759513724
1.0625,-1.09780100073592
1.063,-2.46398332868024
1.0635,-1.79502689317749
1.064,0.35680532547027
1.0645,2.21837108207956
1.065,2.25453076232967
1.0655,0.435699173421739
1.066,-1.73881487196327
1.0665,-2.47647490810574
1.067,-1.16847685517567
1.0675,1.10563932324829
1.068,2.47280375887128
1.0685,1.80450715118335
1.069,-0.346665022909445
1.0695,-2.20889220792797
1.07,-2.24636692505309
1.0705,-0.428517443630977
1.071,1.74632295012955
1.0715,2.48595273561579
1.072,1.17894483793637
1.0725,-1.0948424767651
1.073,-2.46398332868024
1.0735,-1.7973279702015
1.074,0.353518081725425
1.0745,2.21672746026799
1.075,2.25551693543815
1.0755,0.438657692650209
1.076,-1.73618506995214
1.0765,-2.47680363388517
1.077,-1.17209282933375
1.0775,1.10202335613939
1.078,2.4721463100374
1.0785,1.80713694560502
1.079,-0.342391603551079
1.0795,-2.20691985448242
1.08,-2.24833927867367
1.0805,-0.432790863387614
1.081,1.74303570716081
1.0815,2.48595273561579
1.082,1.18190335645477
1.0825,-1.09188395280768
1.083,-2.46266842560462
1.0835,-1.79962904723599
1.084,0.350230837973969
1.0845,2.21508383845797
1.085,2.25748928165685
1.0855,0.442273660589487
1.086,-1.73322654270564
1.0865,-2.47746108544479
1.087,-1.17505135366027
1.0875,1.09873611331157
1.088,2.47050268795406
1.0885,1.80976674002885
1.089,-0.33910435790389
1.0895,-2.20560495219022
1.09,-2.24998290669756
1.0905,-0.436078109368059
1.091,1.74106336138098
1.0915,2.48661018445636
1.092,1.18486187497242
1.0925,-1.08826797910011
1.093,-2.46233969983636
1.0935,-1.80225884957393
1.094,0.345957421087155
1.0945,2.21311149228797
1.095,2.25880417913728
1.0955,0.445889628521502
1.096,-1.73092546597008
1.0965,-2.47811853700546
1.097,-1.1783386029282
1.0975,1.09610631904823
1.098,2.47050268795406
1.0985,1.81239653445483
1.099,-0.335817112268061
1.0995,-2.2039613243304
1.1,-2.25129780912106
1.1005,-0.438707906161072
1.101,1.73843356700948
1.1015,2.48693890887677
1.102,1.18880656632814
1.1025,-1.08498073029238
1.103,-2.46168224830063
1.1035,-1.80488865192557
1.104,0.342341452943366
1.1045,2.21179659484253
1.105,2.26044780098926
1.1055,0.449176872089783
1.106,-1.72796693875369
1.1065,-2.47811853700546
1.107,-1.18129712728397
1.1075,1.09281907621768
1.108,2.46984523912129
1.1085,1.81469760457934
1.109,-0.331872417520032
1.1095,-2.20198897090659
1.11,-2.25261271154849
1.1105,-0.442652601365048
1.111,1.73547504834376
1.1115,2.48759635771783
1.112,1.19176508484409
1.1125,-1.0813647566229
1.113,-2.46102479676593
1.1135,-1.8071897289945
1.114,0.339054209169262
1.1145,2.20949552431537
1.115,2.26242014721377
1.1155,0.453121564363862
1.116,-1.72566586204153
1.1165,-2.47910471434842
1.117,-1.18524182644658
1.1175,1.08887438481899
1.118,2.46885906587271
1.1185,1.81699867470553
1.119,-0.328585171909118
1.1195,-2.20067406862888
1.12,-2.25458506519697
1.1205,-0.446268571983961
1.121,1.73284525397617
1.1215,2.48759635771783
1.122,1.19472360335934
1.1225,-1.07840623272631
1.123,-2.45970989369964
1.1235,-1.81014825666998
1.124,0.335438241009997
1.1245,2.20785190251209
1.125,2.2634063203269
1.1255,0.456080083563816
1.126,-1.7233647853396
1.1265,-2.47976216591169
1.127,-1.18820035083476
1.1275,1.08558714198503
1.128,2.46787289262484
1.1285,1.81962846913751
1.129,-0.325297926309493
1.1295,-2.19804426408503
1.13,-2.25622869324411
1.1305,-0.450213267221287
1.131,1.73021545961041
1.1315,2.48792508213848
1.132,1.19833957043261
1.1325,-1.07544770884303
1.133,-2.45938116793372
1.1335,-1.81277805906276
1.134,0.331822272842583
1.1345,2.20620828071034
1.135,2.26472121781198
1.1355,0.459696051468374
1.136,-1.72073498340704
1.1365,-2.48009089169371
1.137,-1.19181632510589
1.1375,1.0826286234331
1.138,2.46754416820905
1.1385,1.82160081496294
1.139,-0.321681956162916
1.1395,-2.19705808738506
1.14,-2.25787232129737
1.1405,-0.454157962476069
1.141,1.72758566524646
1.1415,2.48858253098002
1.142,1.20129808894637
1.1425,-1.07216046009942
1.143,-2.45938116793372
1.1435,-1.81507913616772
1.144,0.327877580286982
1.1445,2.20423593455024
1.145,2.26669356404155
1.1455,0.463640743719774
1.146,-1.71810518148782
1.1465,-2.480419617476
1.147,-1.19510357446134
1.1475,1.0790126563123
1.148,2.46688671937769
1.1485,1.82455933370342
1.149,-0.317737261473072
1.1495,-2.19541445955661
1.15,-2.25918722374439
1.1505,-0.457116483928635
1.151,1.72429842229404
1.1515,2.48891125540091
1.152,1.20425660745948
1.1525,-1.06854448650038
1.153,-2.45872371640265
1.1535,-1.81705148798034
1.154,0.324590336483184
1.1545,2.20259231275184
1.155,2.26833718590132
1.1555,0.466927987256164
1.156,-1.71481792910752
1.1565,-2.48107706904135
1.157,-1.1977333739581
1.1575,1.07572541347349
1.158,2.46655799496213
1.1585,1.82718912814176
1.159,-0.314121291354902
1.1595,-2.19377083173418
1.16,-2.26115957742229
1.1605,-0.46106117921406
1.161,1.72232607652394
1.1615,2.48989742866406
1.162,1.20754385025108
1.1625,-1.06591468753169
1.163,-2.45806626487261
1.1635,-1.81968129040922
1.164,0.32097436829114
1.1645,2.20127741531421
1.165,2.26998080776271
1.1655,0.470872679492134
1.166,-1.71284557768933
1.1665,-2.48140579482442
1.167,-1.20069189840516
1.1675,1.07276689491715
1.168,2.46590054613124
1.1685,1.82981892258234
1.169,-0.310834045804678
1.1695,-2.19212720391776
1.17,-2.26247447987913
1.1705,-0.464348425298662
1.171,1.71969628216535
1.1715,2.48989742866406
1.172,1.21050236876288
1.1725,-1.06196998909827
1.173,-2.45773753910798
1.1735,-1.82231109285186
1.174,0.317358400090826
1.1745,2.19930506915958
1.175,2.271295705253
1.1755,0.474817371719742
1.176,-1.71021577581004
1.1765,-2.48140579482442
1.177,-1.20430787274834
1.1775,1.06915092779088
1.178,2.46524309730067
1.1785,1.83179126841425
1.179,-0.307546800265622
1.1795,-2.18982612498489
1.18,-2.2641181079557
1.1805,-0.467635671395484
1.181,1.71706648780852
1.1815,2.49088360192794
1.182,1.21411833583205
1.1825,-1.05901146528863
1.183,-2.45642263605205
1.1835,-1.82494089530828
1.184,0.313742431882212
1.1845,2.19799017172437
1.185,2.2732680514904
1.1855,0.477447166533521
1.186,-1.70791469917656
1.1865,-2.48206324639134
1.187,-1.2072663972265
1.1875,1.06619240923149
1.188,2.46458564847041
1.1885,1.83442106285877
1.189,-0.303273381081506
1.1895,-2.18851122274283
1.19,-2.26510428480459
1.1905,-0.470922917504548
1.191,1.71476541774774
1.1915,2.49154105077093
1.192,1.21740557862146
1.1925,-1.05572421662673
1.193,-2.45543645876282
1.1935,-1.82691324715964
1.194,0.310126463665269
1.1945,2.19601782557336
1.195,2.27458294898331
1.1955,0.481063134396449
1.196,-1.70462744686066
1.1965,-2.48239197217519
1.197,-1.21022492171869
1.1975,1.06290516638608
1.198,2.46392819964047
1.1985,1.83737958161157
1.199,-0.299328686466688
1.1995,-2.18686759494566
1.2,-2.26674791289098
1.2005,-0.474210163625877
1.201,1.71180689910012
1.2015,2.49186977519254
1.202,1.22003537285249
1.2025,-1.05243696798111
1.203,-2.45510773300026
1.2035,-1.82954304964021
1.204,0.306181771055432
1.2045,2.19404547942452
1.205,2.27589784647727
1.2055,0.48533655095278
1.206,-1.70199764502285
1.2065,-2.48304942374367
1.207,-1.21351217117092
1.2075,1.05928919925412
1.208,2.46294202639615
1.2085,1.83968065175463
1.209,-0.296041440966538
1.2095,-2.18489524159699
1.21,-2.26806281536452
1.2105,-0.478154858987692
1.211,1.70884838045468
1.2115,2.49154105077093
1.212,1.22332261564068
1.2125,-1.04914971935174
1.213,-2.45477900723796
1.2135,-1.83184412682203
1.214,0.302894527206273
1.2145,2.19273058199317
1.215,2.27754146834619
1.2155,0.488623794451084
1.216,-1.69969656842565
1.2165,-2.48370687531319
1.217,-1.2161419707452
1.2175,1.05633068069001
1.218,2.46261330198153
1.2185,1.84231044620599
1.219,-0.292425470929153
1.2195,-2.18325161381303
1.22,-2.26970644346198
1.2205,-0.481770829751599
1.221,1.70654731039863
1.2215,2.49219849961424
1.222,1.22660985842822
1.2225,-1.0458624707386
1.223,-2.45313537843034
1.2235,-1.8344739293285
1.224,0.299607283350155
1.2245,2.19108696020532
1.225,2.27918509021677
1.2255,0.492568486641547
1.226,-1.69673804138699
1.2265,-2.48403560109835
1.227,-1.21942922022869
1.2275,1.05304343783929
1.228,2.46195585315253
1.2285,1.84428279204602
1.229,-0.289138225452214
1.2295,-2.18127926048021
1.23,-2.27135007156559
1.2305,-0.485058075913561
1.231,1.70391751605045
1.2315,2.49285594845787
1.232,1.22989710121513
1.2325,-1.04257522214166
1.233,-2.45313537843034
1.2335,-1.83677500653301
1.234,0.295991315100362
1.2345,2.18911461406188
1.235,2.28115743646363
1.2355,0.495855730127374
1.236,-1.69377951436508
1.2365,-2.48436432688376
1.237,-1.22304519468063
1.2375,1.04975619498677
1.238,2.46096967990963
1.2385,1.84691258650142
1.239,-0.284864806348663
1.2395,-2.17963563270945
1.24,-2.27266497405291
1.2405,-0.488674046705997
1.241,1.70128772170397
1.2415,2.4931846728798
1.242,1.23318434400145
1.2425,-1.03928797356091
1.243,-2.45214920114887
1.2435,-1.83940480906543
1.244,0.292375346842092
1.2445,2.1871422679206
1.245,2.28280105833783
1.2455,0.499471697955275
1.246,-1.69114971258187
1.2465,-2.48436432688376
1.247,-1.22600371924789
1.2475,1.04614022784686
1.248,2.46064095549548
1.2485,1.84987110526651
1.249,-0.281248836352472
1.2495,-2.17766327939246
1.25,-2.27430860216759
1.2505,-0.492290017513421
1.251,1.69865792735917
1.2515,2.49384212172392
1.252,1.23614286250863
1.2525,-1.03567200014075
1.253,-2.45149174962918
1.2535,-1.84137716097383
1.254,0.288101929798621
1.2545,2.18516992178145
1.255,2.28345850708798
1.2555,0.502758941429294
1.256,-1.68851991081186
1.2565,-2.48535050424156
1.257,-1.22896224382928
1.2575,1.04285298499045
1.258,2.45932605783968
1.2585,1.85184345111155
1.259,-0.277961590912903
1.2595,-2.17601965163489
1.26,-2.27595223028843
1.2605,-0.495905988335862
1.261,1.69602813301604
1.2615,2.49384212172392
1.262,1.23943010529387
1.2625,-1.03271347644787
1.263,-2.45116302386972
1.2635,-1.8440069635305
1.264,0.284814685910912
1.2645,2.1828688512885
1.265,2.2851021289645
1.2655,0.506374909244262
1.266,-1.68621883427393
1.2665,-2.48567923002802
1.267,-1.23257821833685
1.2675,1.03989446641807
1.268,2.45833988459865
1.2685,1.85381579695791
1.269,-0.274345620942014
1.2695,-2.17437602388331
1.27,-2.27759585841544
1.2705,-0.499521959173351
1.271,1.69274089008946
1.2715,2.4941708461461
1.272,1.24238862380012
1.2725,-1.02942622791554
1.273,-2.45050557235159
1.2735,-1.84696549142334
1.274,0.28119871762625
1.2745,2.18188267822098
1.275,2.2864170264669
1.2755,0.509990877052497
1.276,-1.68358903252864
1.2765,-2.48633668160171
1.277,-1.23586546790755
1.2775,1.03562105069967
1.278,2.45801116018513
1.2785,1.85644559142178
1.279,-0.271058375525396
1.2795,-2.17273239613771
1.28,-2.27891076092148
1.2805,-0.503137930025917
1.281,1.69011109575006
1.2815,2.49449957056836
1.282,1.24534714230595
1.2825,-1.0264677042502
1.283,-2.44951939507632
1.2835,-1.84926656868548
1.284,0.277582749332989
1.2845,2.17958160773217
1.285,2.28773192397038
1.2855,0.513278120508714
1.286,-1.68030178036556
1.2865,-2.48666540738895
1.287,-1.23882399253615
1.2875,1.03266253212349
1.288,2.45735371135832
1.2885,1.85907538588801
1.289,-0.267442405579698
1.2895,-2.1707600428509
1.29,-2.28055438905958
1.2905,-0.507082625518675
1.291,1.68781002570442
1.2915,2.49515701941311
1.292,1.24863438508973
1.2925,-1.02285173089914
1.293,-2.44853321780338
1.2935,-1.85156764595826
1.294,0.274295505422536
1.2945,2.17793798595622
1.295,2.28970427022758
1.2955,0.516894088304182
1.296,-1.6776719786499
1.2965,-2.48699413317645
1.297,-1.24178251717895
1.2975,1.03003273783222
1.298,2.4563675381187
1.2985,1.86203390466537
1.299,-0.263497711108481
1.2995,-2.16911641511846
1.3,-2.2818692915745
1.3005,-0.510698596402864
1.301,1.68518023136806
1.3015,2.4958144682582
1.302,1.25225035215135
1.3025,-1.01956448241502
1.303,-2.44787576628937
1.3035,-1.85452617389605
1.304,0.271008261504929
1.3045,2.17662308853653
1.305,2.29134789211042
1.3055,0.520838780437116
1.306,-1.67504217694738
1.3065,-2.48699413317645
1.307,-1.24474104183597
1.3075,1.02608804639295
1.308,2.45603881370565
1.3085,1.86400625051861
1.309,-0.259553016652876
1.3095,-2.16747278739201
1.31,-2.28285546846328
1.3105,-0.51398584267438
1.311,1.68222171274159
1.3115,2.49614319268086
1.312,1.25520887065591
1.3125,-1.015948509101
1.313,-2.4468895890203
1.3135,-1.85584107520739
1.314,0.26739229318727
1.3145,2.17497946676323
1.315,2.29299151399492
1.3155,0.524783472562182
1.316,-1.672412375258
1.3165,-2.48765158475223
1.317,-1.24769956650722
1.3175,1.02378697638538
1.318,2.45538136487978
1.3185,1.86729349361036
1.319,-0.256265771285104
1.3195,-2.1648429830421
1.32,-2.28417037098511
1.3205,-0.516944364329484
1.321,1.68024936699174
1.3215,2.49680064152643
1.322,1.25816738916012
1.3225,-1.01233253580634
1.323,-2.44623213750888
1.3235,-1.85879960317064
1.324,0.263776324860897
1.3245,2.17300712063722
1.325,2.2946351358811
1.3255,0.528399440336614
1.326,-1.66945384837313
1.3265,-2.48765158475223
1.327,-1.25098681615865
1.3275,1.0204997335157
1.328,2.45439519164156
1.3285,1.86926583946722
1.329,-0.25264980139302
1.3295,-2.16319935533117
1.33,-2.28581399914296
1.3305,-0.520889059885475
1.331,1.67729084836863
1.3315,2.49712936594933
1.332,1.26178335622037
1.3325,-1.00871656253102
1.333,-2.44524596024368
1.3335,-1.86175813115153
1.334,0.259831632131244
1.3345,2.17103477451332
1.335,2.29595003339125
1.3355,0.531686683762232
1.336,-1.66682404671162
1.3365,-2.48830903632906
1.337,-1.2542740658277
1.3375,1.01688376635671
1.338,2.45406646722898
1.3385,1.87123818532543
1.339,-0.249033831513965
1.3395,-2.16122700208593
1.34,-2.28778635294053
1.3405,-0.524505030827748
1.341,1.67433232974753
1.3415,2.49745809037232
1.342,1.26441315044571
1.3425,-1.00575803895647
1.343,-2.44458850873484
1.3435,-1.8637304831486
1.344,0.256544388181889
1.3445,2.16939115274501
1.345,2.29693620652456
1.3455,0.53497392718246
1.346,-1.66452297026854
1.3465,-2.48896648790693
1.347,-1.25789004048402
1.3475,1.01293907490769
1.348,2.45242284516723
1.3485,1.87353925549508
1.349,-0.245417861647909
1.3495,-2.15991209992721
1.35,-2.289758706747
1.3505,-0.527792277152167
1.351,1.67104508683751
1.3515,2.49745809037232
1.352,1.26770039322707
1.3525,-1.00247079055545
1.353,-2.44393105722703
1.3535,-1.86570283515352
1.354,0.252270971036845
1.3545,2.16709008227183
1.355,2.29825110403659
1.3555,0.538261170597321
1.356,-1.66156444342787
1.3565,-2.48896648790693
1.357,-1.26019111527644
1.3575,1.00998055631895
1.358,2.45143667193112
1.3585,1.87616904997696
1.359,-0.242130616326385
1.3595,-2.15826847223418
1.36,-2.2904161580178
1.3605,-0.531736972758177
1.361,1.66841529251124
1.3615,2.49778681479539
1.362,1.27098763600808
1.3625,-0.999512267008131
1.363,-2.44327360572025
1.3635,-1.86833263783898
1.364,0.248655002673706
1.3645,2.16544646050702
1.365,2.30022345030665
1.3655,0.541877138347497
1.366,-1.65959209220995
1.3665,-2.48962393948584
1.367,-1.26314964002228
1.3675,1.00636458915261
1.368,2.45143667193112
1.3685,1.8787988444613
1.369,-0.237857197424392
1.3695,-2.15596739347393
1.37,-2.29173106056238
1.3705,-0.535024219110467
1.371,1.66611422247702
1.3715,2.49877298806507
1.372,1.27394615451071
1.3725,-0.995896293801107
1.373,-2.44195870270979
1.3735,-1.87129116587683
1.374,0.245696483097268
1.3745,2.16380283874366
1.375,2.30219579657913
1.3755,0.545821830431257
1.376,-1.65630484019642
1.3765,-2.48962393948584
1.377,-1.2670943397057
1.3775,1.0037347948482
1.378,2.45077922310743
1.3785,1.88142863894809
1.379,-0.234569952127435
1.3795,-2.15366631472537
1.38,-2.29304596311091
1.3805,-0.537982740838389
1.381,1.66348442815362
1.3815,2.49910171248846
1.382,1.27756212156916
1.3825,-0.992280320613278
1.383,-2.44130125120611
1.3835,-1.87293479257218
1.384,0.242409239116465
1.3845,2.16215921698176
1.385,2.30351069409547
1.3855,0.549109073828566
1.386,-1.65400376379909
1.3865,-2.48995266527569
1.387,-1.26972413950882
1.3875,1.00011882767738
1.388,2.45012177428405
1.3885,1.88340098481481
1.389,-0.230625257785135
1.3895,-2.15235141258856
1.39,-2.29534704258038
1.3905,-0.541598711853181
1.391,1.66052590954162
1.3915,2.49910171248846
1.392,1.28052064007128
1.3925,-0.989321797110221
1.393,-2.44064379970345
1.3935,-1.87523586995485
1.394,0.238135821930394
1.3945,2.16018687086938
1.395,2.30449686723343
1.3955,0.552725041559521
1.396,-1.65071651182021
1.3965,-2.49061011685617
1.397,-1.2730113892787
1.3975,0.996502860503926
1.398,2.44913560104957
1.3985,1.88603077930595
1.399,-0.227338012511565
1.3995,-2.1503790593905
1.4,-2.29633321949958
1.4005,-0.545543407523276
1.401,1.65822483951138
1.4015,2.49975916133549
1.402,1.28315043429521
1.4025,-0.986034548788518
1.403,-2.43998634820183
1.4035,-1.87819439803406
1.404,0.234848577932599
1.4045,2.15854324911066
1.405,2.3061404891314
1.4055,0.556012284945789
1.406,-1.64808671025177
1.4065,-2.4909388426468
1.407,-1.27629863906634
1.4075,0.993215617616656
1.408,2.44880687663823
1.4085,1.88833184948774
1.409,-0.224050767248589
1.4095,-2.14873543173198
1.41,-2.29764812206199
1.4105,-0.549159378570358
1.411,1.65493759661302
1.4115,2.49975916133549
1.412,1.28676640135287
1.4125,-0.982089850823325
1.413,-2.43900017095133
1.4135,-1.88016675009672
1.414,0.230903885125441
1.4145,2.15624217865086
1.415,2.30745538665098
1.4155,0.559628252664653
1.416,-1.64512818350282
1.4165,-2.4912675684377
1.417,-1.27925716389042
1.4175,0.989928374727162
1.418,2.44749197899365
1.4185,1.89030419535937
1.419,-0.219777348422523
1.4195,-2.14676307854961
1.42,-2.29929175027057
1.4205,-0.55277534963293
1.421,1.65263652658554
1.4215,2.49975916133549
1.422,1.2897249198544
1.4225,-0.979460052192481
1.423,-2.43834271945228
1.4235,-1.88279655285922
1.424,0.227287916709454
1.4245,2.15459855689559
1.425,2.30909900855199
1.4255,0.563572944714423
1.426,-1.64249838196202
1.4265,-2.49159629422885
1.427,-1.28221568872893
1.4275,0.986641131835421
1.428,2.44617708135031
1.4285,1.89260526554472
1.429,-0.216161378660538
1.4295,-2.14511945090416
1.43,-2.30060665284191
1.4305,-0.556720045355254
1.431,1.64967800798044
1.4315,2.50041661018284
1.432,1.29268343835577
1.4325,-0.975844079091528
1.433,-2.43735654220565
1.4335,-1.88542635563577
1.434,0.224329397089645
1.4345,2.15262621079116
1.435,2.31041390607403
1.4355,0.566531463746862
1.436,-1.63986858043421
1.4365,-2.49159629422885
1.437,-1.28517421358187
1.4375,0.983025164651882
1.438,2.4455196325291
1.4385,1.8955637843573
1.439,-0.213202857955654
1.4395,-2.14314709773746
1.44,-2.30225028106165
1.4405,-0.560336016450309
1.441,1.64704821366634
1.4415,2.50041661018284
1.442,1.29564195685701
1.4425,-0.972228106009605
1.443,-2.43669909070918
1.4435,-1.88772743307677
1.444,0.220055979850308
1.4445,2.1506538646888
1.445,2.31172880359715
1.4455,0.570476155783626
1.446,-1.63723877891938
1.4465,-2.49159629422885
1.447,-1.28846146343544
1.4475,0.980066646045105
1.448,2.44519090811861
1.4485,1.89753613023414
1.449,-0.2092581636957
1.4495,-2.14084601905378
1.45,-2.30323645799648
1.4505,-0.562965813620134
1.451,1.6447471436427
1.4515,2.50074533460663
1.452,1.29925792391391
1.4525,-0.969269582593074
1.453,-2.43604163921374
1.4535,-1.89002851052855
1.454,0.216440011407089
1.4545,2.14868151858848
1.455,2.31304370112136
1.4555,0.573763399141959
1.456,-1.6342802522307
1.4565,-2.49225374581194
1.457,-1.29174871330687
1.4575,0.976450678856496
1.458,2.44387601047744
1.4585,1.89983720042559
1.459,-0.205642193970654
1.4595,-2.13920239142969
1.46,-2.30520881187284
1.4605,-0.56691050939035
1.461,1.64145990075367
1.4615,2.50107405903051
1.462,1.3022164424149
1.4625,-0.965653609545673
1.463,-2.4350554619725
1.4635,-1.89265831334378
1.464,0.212824042954734
1.4645,2.14736662118941
1.465,2.31402987426524
1.4655,0.577708091165227
1.466,-1.63165045074341
1.4665,-2.49225374581194
1.467,-1.2950359631962
1.4675,0.973163435955304
1.468,2.44321856165731
1.4685,1.90246699493251
1.469,-0.202026224258248
1.4695,-2.13755876381153
1.47,-2.30652371446205
1.4705,-0.570197755879744
1.471,1.63915883073268
1.4715,2.50173150787851
1.472,1.30550368519367
1.4725,-0.962695086157347
1.473,-2.43406928473359
1.4735,-1.89495939081866
1.474,0.209208074493211
1.4745,2.14473682639401
1.475,2.31567349617307
1.4755,0.581324058846803
1.476,-1.62869192408568
1.4765,-2.49291119739608
1.477,-1.29799448811191
1.4775,0.96987619305175
1.478,2.4425611128375
1.4785,1.90476806512816
1.479,-0.19841025455845
1.4795,-2.13591513619929
1.48,-2.30783861705523
1.4805,-0.574142451684106
1.481,1.63620031213584
1.4815,2.50173150787851
1.482,1.30846220369449
1.4825,-0.95940783796295
1.483,-2.4337405589878
1.4835,-1.89693174294858
1.484,0.205920830429301
1.4845,2.14309320464872
1.485,2.3173171180826
1.4855,0.584611302188388
1.486,-1.62606212262588
1.4865,-2.49323992318854
1.487,-1.30095301304215
1.4875,0.966917674436512
1.488,2.44157493960835
1.4885,1.90706913532578
1.489,-0.194794284871232
1.4895,-2.1336140575521
1.49,-2.30915351965239
1.4905,-0.57742969820201
1.491,1.63357051782903
1.4915,2.50206023230263
1.492,1.3110919979174
1.4925,-0.955791864967147
1.493,-2.43242565600721
1.4935,-1.89923282044352
1.494,0.202304861950194
1.4945,2.14112085855624
1.495,2.31863201561147
1.4955,0.587898545524946
1.496,-1.62343232117901
1.4965,-2.49356864898126
1.497,-1.3042402629817
1.4975,0.962972982946496
1.498,2.4405887663799
1.4985,1.90937020552539
1.499,-0.191507039711924
1.4995,-2.13164170443516
1.5,-2.31079714790444
1.5005,-0.580716944732908
1.501,1.63094072352361
1.5015,2.50238895672683
1.502,1.314379240696
1.5025,-0.952833341620976
1.503,-2.43176820451846
1.5035,-1.90186262330811
1.504,0.198688893461833
1.5045,2.1391485124658
1.505,2.32027563752409
1.5055,0.591843237522211
1.506,-1.62047379456669
1.5065,-2.49389737477424
1.507,-1.30719878794266
1.5075,0.960014464326687
1.508,2.43993131756132
1.5085,1.91167127572698
1.509,-0.187891070048637
1.5095,-2.12966935132675
1.51,-2.31211205051055
1.5105,-0.584661640587171
1.511,1.62798220493165
1.5115,2.50271768115111
1.512,1.31733775919672
1.5125,-0.948888643845696
1.513,-2.43111075303073
1.5135,-1.90416370082621
1.514,0.195401649373449
1.5145,2.13750489072532
1.515,2.32126181067249
1.5155,0.59513048084779
1.516,-1.61784399314723
1.5165,-2.49389737477424
1.517,-1.31048603791639
1.5175,0.956727221413458
1.518,2.43894514433402
1.5185,1.91397234593057
1.519,-0.183946375884752
1.5195,-2.1283544492592
1.52,-2.31342695312065
1.5205,-0.588277611803412
1.521,1.62502368634141
1.5215,2.50304640557548
1.522,1.3206250019753
1.5225,-0.946258845341278
1.523,-2.43045330154404
1.5235,-1.9061360529932
1.524,0.191456956457228
1.5245,2.13553254463859
1.525,2.32323415697115
1.5255,0.598746448500205
1.526,-1.61488546656573
1.5265,-2.49422610056749
1.527,-1.31344456290815
1.5275,0.953768702789436
1.528,2.43828769551621
1.5285,1.91660214045142
1.529,-0.180001681735694
1.5295,-2.12572464513544
1.53,-2.3140844044272
1.5305,-0.591236133719371
1.531,1.62272261632796
1.5315,2.50337512999992
1.532,1.32358352047603
1.5325,-0.942971597224727
1.533,-2.42913839857373
1.5335,-1.90909458125862
1.534,0.187840987940924
1.5345,2.13388892290119
1.535,2.32422033012141
1.5355,0.602362416146654
1.536,-1.61192694000052
1.5365,-2.49455482636099
1.537,-1.31673181291614
1.5375,0.950152735579551
1.538,2.43730152229006
1.5385,1.91923193497489
1.539,-0.17638571211205
1.5395,-2.12408101756576
1.54,-2.31572803269791
1.5405,-0.594852104964387
1.541,1.61976409774075
1.5415,2.50337512999992
1.542,1.32621331469893
1.5425,-0.939026899505325
1.543,-2.4281522213487
1.5435,-1.91139565881077
1.544,0.184225019415245
1.5445,2.13191657681816
1.545,2.32586395203989
1.5455,0.605320935125697
1.546,-1.60929713862288
1.5465,-2.49488355215476
1.547,-1.31969033793877
1.5475,0.946536768366617
1.548,2.43664407347302
1.5485,1.92120428086922
1.549,-0.173098467010404
1.5495,-2.12243739000199
1.55,-2.31737166097486
1.5505,-0.598468076225272
1.551,1.61713430344241
1.5515,2.50370385442445
1.552,1.33015800603336
1.5525,-0.935739651422846
1.553,-2.42749476986663
1.5535,-1.91336801100697
1.554,0.180609050880162
1.5545,2.12961550639049
1.555,2.32717884957592
1.5555,0.609265627091602
1.556,-1.60633861208839
1.5565,-2.49521227794879
1.557,-1.3229775879811
1.5575,0.942920801150604
1.558,2.43565790024803
1.5585,1.92383407539732
1.559,-0.16915377290192
1.5595,-2.12013631142261
1.56,-2.3186865636009
1.5605,-0.601755322839871
1.561,1.61417578485835
1.5615,2.50436130327375
1.562,1.33278780025638
1.5625,-0.93245240335582
1.563,-2.42617986690557
1.5635,-1.91665526468502
1.564,0.176664357922038
1.5645,2.12797188465812
1.565,2.32849374711305
1.5655,0.612552870391178
1.566,-1.60403753590613
1.5665,-2.49521227794879
1.567,-1.32593611303468
1.5675,0.939633558224258
1.568,2.43500045143175
1.5685,1.92580642129514
1.569,-0.165866527822734
1.5695,-2.11849268387298
1.57,-2.32000146623093
1.5705,-0.605371294131133
1.571,1.61121726627594
1.5715,2.50403257884906
1.572,1.33574631875735
1.5725,-0.929165155304223
1.573,-2.42552241542658
1.5735,-1.91829889153236
1.574,0.172719664952647
1.5745,2.12567081423513
1.575,2.3298086446513
1.5755,0.616168838015128
1.576,-1.6010790094005
1.5765,-2.49521227794879
1.577,-1.32856591309463
1.5775,0.93634631529532
1.578,2.43368555380011
1.5785,1.92777876719446
1.579,-0.16257928275372
1.5795,-2.11684905632924
1.58,-2.32164509452409
1.5805,-0.609644714768653
1.581,1.60858747198183
1.5815,2.50436130327375
1.582,1.33870483725843
1.5825,-0.92620663207096
1.583,-2.42519368968747
1.5835,-1.92059996912796
1.584,0.169432420802853
1.5845,2.12369846816044
1.585,2.33079481780571
1.5855,0.619456081304576
1.586,-1.59844920807577
1.5865,-2.49586972953763
1.587,-1.33218188819602
1.5875,0.933059072363767
1.588,2.43269938057718
1.5885,1.93007983741223
1.589,-0.158963313189528
1.5895,-2.1145479777779
1.59,-2.3229599971631
1.5905,-0.612603236761555
1.591,1.60562895340249
1.5915,2.50469002769852
1.592,1.34199208003754
1.5925,-0.922590659247227
1.593,-2.42420751247168
1.5935,-1.92322977210768
1.594,0.166145176645186
1.5945,2.12238357077842
1.595,2.33243843973112
1.5955,0.62307204891744
1.596,-1.59581940676384
1.5965,-2.49619845533244
1.597,-1.33514041329533
1.5975,0.930100553723114
1.598,2.43204193176228
1.5985,1.93238090763207
1.599,-0.154689894629458
1.5995,-2.11257562474308
1.6,-2.32427489980611
1.6005,-0.616219208100774
1.601,1.60299915911108
1.6015,2.50501875212337
1.602,1.34527932281681
1.6025,-0.919303411241783
1.603,-2.42322133525821
1.6035,-1.92487339897723
1.604,0.162529208062631
1.6045,2.12041122470704
1.605,2.3334246128872
1.6055,0.62668801652454
1.606,-1.5928608803032
1.6065,-2.49652718112752
1.607,-1.33809893840938
1.6075,0.926484586492725
1.608,2.4307270341334
1.6085,1.93533942648918
1.609,-0.151402649594864
1.6095,-2.11060327171672
1.61,-2.32558980245311
1.6105,-0.619506454786715
1.611,1.60004064053474
1.6115,2.50567620097332
1.612,1.34856656559628
1.6125,-0.915687438453511
1.613,-2.42223515804703
1.6135,-1.92750320198007
1.614,0.159241963888356
1.6145,2.11876760298241
1.615,2.33539695920124
1.6155,0.629975259798747
1.616,-1.58957362869923
1.6165,-2.49685590692286
1.617,-1.34072873852314
1.6175,0.923197343553192
1.618,2.43039830972637
1.6185,1.93731177239582
1.619,-0.148115404570343
1.6195,-2.10830219319666
1.62,-2.32690470510411
1.6205,-0.623122426156593
1.621,1.597739570532
1.6215,2.50600492539841
1.622,1.35119635982
1.6225,-0.912400190480253
1.623,-2.4209202551024
1.6235,-1.92980427961924
1.624,0.155297270868738
1.6245,2.11646653257023
1.625,2.33671185674533
1.6255,0.634248676048169
1.626,-1.5866151022727
1.6265,-2.49652718112752
1.627,-1.34368726366506
1.6275,0.919910100610954
1.628,2.42941213650574
1.6285,1.93961284262217
1.629,-0.144499435054978
1.6295,-2.10665856568939
1.63,-2.32756215643111
1.6305,-0.626409672870455
1.631,1.59445232767259
1.6315,2.50633364982359
1.632,1.35448360259986
1.6325,-0.90878421772733
1.633,-2.42059152936688
1.6335,-1.93210535726932
1.634,0.15168130225734
1.6345,2.11449418650479
1.635,2.33802675429054
1.6355,0.637207194985434
1.636,-1.58398530101822
1.6365,-2.49652718112752
1.637,-1.34664578882176
1.6375,0.916622857665989
1.638,2.42842596328579
1.6385,1.9425713614877
1.639,-0.140226016552458
1.6395,-2.1046862126884
1.64,-2.32986323608349
1.6405,-0.629368194924328
1.641,1.59149380910073
1.6415,2.50633364982359
1.642,1.35777084537998
1.6425,-0.904839520199755
1.643,-2.41927662642737
1.6435,-1.93407770954951
1.644,0.148065333636267
1.6445,2.11252184044131
1.645,2.33934165183687
1.6455,0.64049443824463
1.646,-1.58135549977647
1.6465,-2.49718463271845
1.647,-1.34993303901324
1.6475,0.913006890423349
1.648,2.42776851447287
1.6485,1.94454370739997
1.649,-0.136610047063524
1.6495,-2.10238513419793
1.65,-2.33019196174911
1.6505,-0.633312891012984
1.651,1.58919273910145
1.6515,2.50633364982359
1.652,1.36072936388232
1.6525,-0.901880997068478
1.653,-2.41829044922542
1.6535,-1.93637878721987
1.654,0.144778089426872
1.6545,2.11054949437979
1.655,2.34098527377136
1.6555,0.644767854474645
1.656,-1.57872569854745
1.6565,-2.49718463271845
1.657,-1.3528915642012
1.6575,0.909719647472583
1.658,2.42645361684795
1.6585,1.94750222627129
1.659,-0.132665353089356
1.6595,-2.10074150671177
1.66,-2.33216431574812
1.6605,-0.636600137768244
1.661,1.58590549624692
1.6615,2.50633364982359
1.662,1.36368788238489
1.6625,-0.898922473949528
1.663,-2.41763299775874
1.6635,-1.9390085902851
1.664,0.141162120787247
1.6645,2.10857714832023
1.665,2.34197144693289
1.6655,0.647726373398547
1.666,-1.57609589733113
1.6665,-2.49718463271845
1.667,-1.35617881442745
1.6675,0.906432404519018
1.668,2.42579616803594
1.6685,1.94980329650695
1.669,-0.129378108121825
1.6695,-2.09909787923147
1.67,-2.333150492751
1.6705,-0.64021610921451
1.671,1.58327570196462
1.6715,2.50699109867419
1.672,1.36664640088773
1.6725,-0.894977776476744
1.673,-2.41664682056064
1.6735,-1.9413096679789
1.674,0.137217427714703
1.6745,2.10627607791988
1.675,2.3426288957076
1.6755,0.651013616642962
1.676,-1.57280864582859
1.6765,-2.49784208431043
1.677,-1.35913733964675
1.6775,0.902816437266839
1.678,2.42513871922424
1.6785,1.95177564242493
1.679,-0.126090863164216
1.6795,-2.09646807527518
1.68,-2.33479412109414
1.6805,-0.644489530035588
1.681,1.58064590768349
1.6815,2.50699109867419
1.682,1.36993364366897
1.6825,-0.891690528599449
1.683,-2.41566064336485
1.6835,-1.94361074568366
1.684,0.133930183478682
1.6845,2.10463245620697
1.685,2.34427251764559
1.6855,0.65462958420654
1.686,-1.57017884464083
1.6865,-2.49751335851431
1.687,-1.36275331493497
1.6875,0.899857918603407
1.688,2.42382382160175
1.6885,1.95374798834447
1.689,-0.122474893722279
1.6895,-2.09449572231779
1.69,-2.33610902377316
1.6905,-0.648105501517335
1.691,1.57768738911859
1.6915,2.50731982309962
1.692,1.37322088645057
1.6925,-0.888732005522836
1.693,-2.41467446617136
1.6935,-1.94624054878822
1.694,0.130314214809681
1.6945,2.10331755883761
1.695,2.34558741519726
1.6955,0.658574276087807
1.696,-1.56754904346575
1.6965,-2.49849953590346
1.697,-1.36636929024543
1.6975,0.896241951344948
1.698,2.42316637279096
1.6985,1.95604905858591
1.699,-0.118858924292292
1.6995,-2.09318082035088
1.7,-2.33775265212758
1.7005,-0.651064023650895
1.701,1.5750575948399
1.7015,2.50764854752512
1.702,1.37650812923256
1.7025,-0.885116032890285
1.703,-2.41368828898017
1.7035,-1.94821290112604
1.704,0.12669824613083
1.7045,2.10068776410147
1.705,2.34657358836175
1.7055,0.662190243639917
1.706,-1.5642617920147
1.7065,-2.49817081010682
1.707,-1.36801291539391
1.7075,0.892625984082991
1.708,2.42218019957535
1.7085,1.95835012882951
1.709,-0.115571679366284
1.7095,-2.09087974191779
1.71,-2.33873882914323
1.7105,-0.654351270478788
1.711,1.57209907627771
1.7115,2.50764854752512
1.712,1.37848047490194
1.7125,-0.881828785058371
1.713,-2.41303083752066
1.7135,-1.95051397886369
1.714,0.122753553015357
1.7145,2.09871541805163
1.715,2.34854593469263
1.7155,0.665477486864387
1.716,-1.56163199086809
1.7165,-2.49849953590346
1.717,-1.37130016570469
1.7175,0.889338741114517
1.718,2.42152275076532
1.7185,1.9603224747543
1.719,-0.111626985468045
1.7195,-2.08857866349615
1.72,-2.34005373183428
1.7205,-0.657967242005088
1.721,1.56946928200141
1.7215,2.50797727195071
1.722,1.38209644196287
1.7225,-0.878541537241539
1.723,-2.4117159346047
1.7235,-1.95215760582588
1.724,0.119466308743451
1.7245,2.09772924502743
1.725,2.35018955663698
1.7255,0.668764730084385
1.726,-1.55867346459325
1.7265,-2.49849953590346
1.727,-1.3745874160339
1.7275,0.886051498143105
1.728,2.42020785314616
1.7285,1.96295226932316
1.729,-0.108011016073725
1.7295,-2.08660631057242
1.73,-2.34071118318131
1.7305,-0.660925764175162
1.731,1.56716821201054
1.7315,2.50797727195071
1.732,1.38505496046766
1.7325,-0.874596839881218
1.733,-2.41040103169284
1.7335,-1.95478740897703
1.734,0.115521615606317
1.7345,2.0954281746395
1.735,2.35117572980443
1.7355,0.672380697621244
1.736,-1.55571493833439
1.7365,-2.49882826170037
1.737,-1.37721721631056
1.7375,0.882435530871133
1.738,2.41922167993259
1.7385,1.96525333957323
1.739,-0.104066322202503
1.7395,-2.0846339576571
1.74,-2.34202608587839
1.7405,-0.664870460419024
1.741,1.56355224488373
1.7415,2.50830599637637
1.742,1.3883422032512
1.7425,-0.871309592097488
1.743,-2.40941485451162
1.7435,-1.95708848674608
1.744,0.112234371316306
1.7445,2.09312710425419
1.745,2.35216190297253
1.7455,0.67632538947353
1.746,-1.55308513722881
1.7465,-2.49849953590346
1.747,-1.38050446667302
1.7475,0.87947701219138
1.748,2.41823550671969
1.7485,1.96755440982548
1.749,-0.100450352832882
1.7495,-2.08266160475018
1.75,-2.34334098857947
1.7505,-0.667828982614766
1.751,1.56125117489501
1.7515,2.50830599637637
1.752,1.39162944603523
1.7525,-0.867693619552721
1.753,-2.40842867733271
1.7535,-1.95938956452612
1.754,0.108289678157379
1.7545,2.09082603387148
1.755,2.35380552492077
1.7555,0.679941356999229
1.756,-1.55045533613582
1.7565,-2.49882826170037
1.757,-1.38313426697631
1.7575,0.876189769211022
1.758,2.41757805791147
1.7585,1.97018420440215
1.759,-0.0971631079616201
1.7595,-2.08101797733416
1.76,-2.34498461696148
1.7605,-0.672102403583643
1.761,1.55829265633928
1.7615,2.50863472080212
1.762,1.39360179170588
1.7625,-0.864735096575036
1.763,-2.40777122588138
1.7635,-1.96169064231718
1.764,0.105002433849153
1.7645,2.08852496349136
1.765,2.35446297370057
1.7655,0.682899875879954
1.766,-1.54749680992125
1.7665,-2.49915698749753
1.767,-1.38675024241268
1.7675,0.872902526227636
1.768,2.41593443589225
1.7685,1.97182782601403
1.769,-0.0935471386144365
1.7695,-2.07871689896151
1.77,-2.3459707939937
1.7705,-0.675718375190702
1.771,1.55533413778489
1.7715,2.50797727195071
1.772,1.39787520732629
1.7725,-0.861447848836269
1.773,-2.40711377443107
1.7735,-1.96399172011926
1.774,0.100729016236025
1.7745,2.08688134179287
1.775,2.35577787126101
1.7755,0.686844567715439
1.776,-1.5445382837226
1.7765,-2.49948571329496
1.777,-1.38970876778641
1.7775,0.869286558942388
1.778,2.41560571148863
1.7785,1.97412889627253
1.779,-0.0896024447944983
1.7795,-2.07707327155947
1.78,-2.34761442238575
1.7805,-0.679005622120562
1.781,1.55237561923182
1.7815,2.50929216965387
1.782,1.40017627727612
1.7825,-0.857831876340883
1.783,-2.40514142008627
1.7835,-1.96596407252981
1.784,0.0977704963417544
1.7845,2.0852377200957
1.785,2.35775021760381
1.7855,0.690460535225828
1.786,-1.5412510324094
1.7865,-2.49948571329496
1.787,-1.39266729317517
1.7875,0.865999315952572
1.788,2.41429081387491
1.7885,1.97642996653325
1.789,-0.0859864754717631
1.7895,-2.0744434677283
1.79,-2.348600599424
1.7905,-0.682621593759222
1.791,1.55040327353049
1.7915,2.50929216965387
1.792,1.40412096861934
1.7925,-0.854215903863547
1.793,-2.40481269436303
1.7935,-1.96793642494847
1.794,0.0938258031388511
1.7945,2.08293664972186
1.795,2.35873639077617
1.7955,0.693747778412573
1.796,-1.53894995650183
1.7965,-2.49915698749753
1.797,-1.39529709353337
1.7975,0.86336952155849
1.798,2.41396208947166
1.7985,1.97873103679617
1.799,-0.0823705061606742
1.7995,-2.07214238938824
1.8,-2.34925805078409
1.8005,-0.685580116021378
1.801,1.54744475497958
1.8015,2.50929216965387
1.802,1.40675076284862
1.8025,-0.849942481868107
1.803,-2.40382651719484
1.8035,-1.96990877737525
1.804,0.090209834358908
1.8045,2.08096430368919
1.805,2.36005128834032
1.8055,0.69703502159504
1.806,-1.53632015547636
1.8065,-2.49915698749753
1.807,-1.39792689390348
1.8075,0.859424829963624
1.808,2.41264719185944
1.8085,1.9813608313851
1.809,-0.0784258123800064
1.8095,-2.07082748748475
1.81,-2.35123040487039
1.8105,-0.688867362992379
1.811,1.54448623642995
1.8115,2.50896344522795
1.812,1.4093805570783
1.8125,-0.847312683729556
1.813,-2.40284034002895
1.8135,-1.97253858062357
1.814,0.0865938655687805
1.8145,2.07866323332013
1.815,2.36136618590561
1.8155,0.70065098909084
1.816,-1.53336162933768
1.8165,-2.49981443909265
1.817,-1.40187159448099
1.8175,0.855808862664357
1.818,2.41166101865106
1.8185,1.98300445300465
1.819,-0.0751385675733155
1.8195,-2.06852640916258
1.82,-2.35155913055233
1.8205,-0.692812059375745
1.821,1.54152771788158
1.8215,2.50962089407986
1.822,1.41201035130838
1.8225,-0.844025436069727
1.823,-2.40152543714466
1.8235,-1.97483965847769
1.824,0.0829778967684386
1.8245,2.0770196116295
1.825,2.36235235908034
1.8255,0.70360950794723
1.826,-1.53040310321483
1.8265,-2.50014316489061
1.827,-1.40450139488091
1.8275,0.852850343962108
1.828,2.41034612104095
1.8285,1.98530552327395
1.829,-0.0715225982969856
1.8295,-2.06622533085179
1.83,-2.3535314846492
1.8305,-0.696428031077935
1.831,1.53791175076858
1.8315,2.50962089407986
1.832,1.41562631837541
1.8325,-0.841066913188555
1.833,-2.40086798570405
1.8335,-1.9774694617531
1.834,0.0796906523956024
1.8345,2.07471854126481
1.835,2.36366725664763
1.8355,0.707225475433743
1.836,-1.52744457710781
1.8365,-2.50014316489061
1.837,-1.40778864539762
1.8375,0.848905652355089
1.838,2.40903122343203
1.8385,1.98760659354548
1.839,-0.067906629032182
1.8395,-2.06425297802302
1.84,-2.35451766170103
1.8405,-0.700044002796837
1.841,1.53561068078854
1.8415,2.50994961850594
1.842,1.41759866404868
1.8425,-0.837450940794516
1.843,-2.40021053426446
1.8435,-1.97977053963094
1.844,0.0754172346982209
1.8445,2.07274619523996
1.845,2.36432470543171
1.8455,0.710841442915192
1.846,-1.52448605101658
1.8465,-2.50014316489061
1.847,-1.41041844582444
1.8475,0.845618409345707
1.848,2.40837377462801
1.8485,1.98925021516939
1.849,-0.0649481087331678
1.8495,-2.06293807614182
1.85,-2.35616129012579
1.8505,-0.703331249828547
1.851,1.53232343796118
1.8515,2.50929216965387
1.852,1.42154335539596
1.8525,-0.834163693179088
1.853,-2.39889563138834
1.8535,-1.98174289210648
1.854,0.0721299903058262
1.8545,2.07077384921698
1.855,2.36596832739317
1.8555,0.714457410391605
1.856,-1.52185625005985
1.8565,-2.50047189068882
1.857,-1.4137056963748
1.8575,0.842002442031646
1.858,2.40738760142256
1.8585,1.99220873409532
1.859,-0.0606746905370339
1.8595,-2.06063699785863
1.86,-2.35714746718367
1.8605,-0.706618496874115
1.861,1.52969364370035
1.8615,2.50962089407986
1.862,1.42417314962805
1.8625,-0.830218996060049
1.863,-2.39790945423392
1.8635,-1.98371524459016
1.864,0.0685140214643266
1.8645,2.06880150319585
1.865,2.36728322496362
1.8655,0.717744653547637
1.866,-1.51889772399843
1.8665,-2.50047189068882
1.867,-1.41633549682857
1.8675,0.838715199015439
1.868,2.40640142821777
1.8685,1.99450980437363
1.869,-0.0573874457816488
1.8695,-2.05833591958679
1.87,-2.3587910956185
1.8705,-0.710234468640273
1.871,1.52673512515803
1.8715,2.50962089407986
1.872,1.42713166813971
1.8725,-0.826931748477054
1.873,-2.39659455136493
1.8735,-1.98601632249809
1.874,0.0645693281708689
1.8745,2.06682915717658
1.875,2.36826939814222
1.8755,0.721360621014521
1.876,-1.51626792306817
1.8765,-2.50047189068882
1.877,-1.41929402235341
1.8775,0.835427955995948
1.878,2.40508653061244
1.8785,1.99615342600239
1.879,-0.053442752087631
1.8795,-2.05570611586144
1.88,-2.35911982130623
1.8805,-0.713521715715017
1.881,1.52410533089916
1.8815,2.51027834293209
1.882,1.43074763521034
1.8825,-0.823644500908764
1.883,-2.39527964850002
1.8835,-1.98798867499944
1.884,0.0619395326350254
1.8845,2.06419936248709
1.885,2.36991302010799
1.8855,0.725305312790935
1.886,-1.51265194680937
1.8865,-2.49981443909265
1.887,-1.42225254789345
1.8875,0.832140712973151
1.888,2.40442908181022
1.8885,1.99878322061082
1.889,-0.0498267828800091
1.8895,-2.05439121400431
1.89,-2.36109217543786
1.8905,-0.717137687513323
1.891,1.52114681235902
1.8915,2.51027834293209
1.892,1.43337742944411
1.8925,-0.820028528600603
1.893,-2.39462219706909
1.8935,-1.99028975292799
1.894,0.057666114877521
1.8945,2.06255574080782
1.895,2.37089919328832
1.8955,0.728263831619404
1.896,-1.51002214590863
1.8965,-2.5008006164873
1.897,-1.42488234838626
1.8975,0.828524745644227
1.898,2.40311418420668
1.8985,2.00075556656911
1.899,-0.0458820892119064
1.8995,-2.05176141030116
1.9,-2.36174962681709
1.9005,-0.720424934617342
1.901,1.51851701810207
1.9015,2.50994961850594
1.902,1.43633594795772
1.9025,-0.817070005816211
1.903,-2.39330729421028
1.9035,-1.99259083086765
1.904,0.0540501459943835
1.9045,2.06058339479439
1.905,2.3718853664693
1.9055,0.732208523385607
1.906,-1.50706361991013
1.9065,-2.5008006164873
1.907,-1.4281695990192
1.9075,0.824908778311244
1.908,2.4021280110048
1.9085,2.00272791252908
1.909,-0.0425948444987742
1.9095,-2.04946033207303
1.91,-2.36306452957858
1.9105,-0.723712181735337
1.911,1.51522977528211
1.9115,2.50994961850594
1.912,1.43896574219258
1.9125,-0.813454033540277
1.913,-2.39232111706885
1.9135,-1.99522063424089
1.914,0.050105452655366
1.9145,2.0582823244477
1.915,2.37287153965093
1.9155,0.735167042206464
1.916,-1.50476254414437
1.9165,-2.5008006164873
1.917,-1.43145684967096
1.9175,0.821621535277713
1.918,2.40081311340334
1.9185,2.00502898281785
1.919,-0.0386501508553259
1.9195,-2.04814543023347
1.92,-2.36437943234411
1.9205,-0.727656878295409
1.921,1.51227125674531
1.9215,2.51027834293209
1.922,1.44225298498692
1.9225,-0.810166786032045
1.923,-2.39100621421717
1.9235,-1.99719298678036
1.924,0.0464894837502724
1.9245,2.05565252976882
1.925,2.37451516162176
1.9255,0.739111733962576
1.926,-1.50180401817375
1.9265,-2.50047189068882
1.927,-1.43441537527367
1.9275,0.818005567936899
1.928,2.40015566460306
1.9285,2.00733005310893
1.929,-0.035034181693931
1.9295,-2.04551562656542
1.93,-2.36569433511367
1.9305,-0.730944125444229
1.931,1.50964146249129
1.9315,2.51027834293209
1.932,1.44521150350255
1.9325,-0.806879538538404
1.933,-2.39034876279286
1.9335,-1.99916533932802
1.934,0.0435309637291702
1.9345,2.05466635676507
1.935,2.37583005919973
1.9355,0.742398977088303
1.936,-1.49851676711365
1.9365,-2.5008006164873
1.937,-1.43671645075301
1.9375,0.814718324896199
1.938,2.39916949140319
1.9385,2.00963112340233
1.939,-0.0314182125437597
1.9395,-2.04354327382406
1.94,-2.3666805121935
1.9405,-0.734560097324157
1.941,1.50668294395651
1.9415,2.51060706735833
1.942,1.44817002201889
1.9425,-0.802934841565263
1.943,-2.38870513423652
1.9435,-2.00146641731062
1.944,0.0399149948048776
1.9445,2.05269401075894
1.945,2.37714495677886
1.9455,0.745686220210086
1.946,-1.49522951607286
1.9465,-2.50112934228604
1.947,-1.44033242652496
1.9475,0.811431081852049
1.948,2.3978545938044
1.9485,2.01193219369805
1.949,-0.027802243404782
1.9495,-2.0422283720011
1.95,-2.3676666892756
1.9505,-0.737847344502502
1.951,1.50405314970426
1.9515,2.51060706735833
1.952,1.45079981625624
1.9525,-0.799318869358279
1.953,-2.38804768281577
1.9535,-2.00343876987602
1.954,0.0359703014208297
1.9545,2.05006421608693
1.955,2.37845985435915
1.9555,0.749302187639517
1.956,-1.49259971525411
1.9565,-2.50112934228604
1.957,-1.44296222710075
1.9575,0.808143838804429
1.958,2.39686842060609
1.9585,2.01390453966767
1.959,-0.0241862742769679
1.9595,-2.03894111745983
1.96,-2.36832414066493
1.9605,-0.741134591694943
1.961,1.5007659068901
1.9615,2.51060706735833
1.962,1.45375833477396
1.9625,-0.796031621912628
1.963,-2.3867327799773
1.9635,-2.00541112244962
1.964,0.0320256080241259
1.9645,2.04776314575155
1.965,2.37944602754513
1.9655,0.752589430753089
1.966,-1.4899699144477
1.9665,-2.50145806808504
1.967,-1.445920752763
1.9675,0.804527871448009
1.968,2.39588224740844
1.9685,2.01620560996774
1.969,-0.0208990296249808
1.9695,-2.03729749019783
1.97,-2.36996776914268
1.9705,-0.744750563622934
1.971,1.49780738835843
1.9715,2.51060706735833
1.972,1.45704557757232
1.9725,-0.792744374481471
1.973,-2.38541787714291
1.9735,-2.00771220046252
1.974,0.0284096390659964
1.9745,2.04579079975175
1.975,2.38076092512746
1.9755,0.756205398173544
1.976,-1.48701138855522
1.9765,-2.50112934228604
1.977,-1.44887927844059
1.9775,0.800911904087332
1.978,2.39456734981261
1.9785,2.01850668027014
1.979,-0.0169543360547103
1.9795,-2.03532513749102
1.98,-2.37128267192943
1.9805,-0.748037810845048
1.981,1.49484886982775
1.9815,2.51093579178465
1.982,1.45967537181169
1.9825,-0.789128402323911
1.983,-2.38443170001977
1.9835,-2.0096845530539
1.984,0.0254511190013897
1.9845,2.04348972942093
1.985,2.38141837391906
1.9855,0.759492641279005
1.986,-1.48372413758184
1.9865,-2.50145806808504
1.987,-1.4521665292115
1.9875,0.797295936722368
1.988,2.39358117661651
1.9885,2.02047902624551
1.989,-0.0130096424976183
1.9895,-2.03269533389481
1.99,-2.37259757472023
1.9905,-0.751653782805734
1.991,1.49221907557909
1.9915,2.51060706735833
1.992,1.46296261461178
1.9925,-0.785512430183832
1.993,-2.38377424860562
1.9935,-2.01198563108755
1.994,0.0211777011176157
1.9945,2.04151738342502
1.995,2.38273327150314
1.9955,0.763437333000507
1.996,-1.48076561172223
1.9965,-2.5008006164873
1.997,-1.45479632984189
1.9975,0.794008693659563
1.998,2.39259500342108
1.9985,2.02245137222261
1.999,-0.0097223978767471
1.9995,-2.03105170665465
2,-2.37325502611714
2.0005,-0.755598479509701
2.001,1.48926055705026
2.0015,2.51027834293209
2.002,1.46592113313271
2.0025,-0.782882632274736
2.003,-2.3827880714863
2.0035,-2.01428670913239
2.004,0.0175617321273046
2.0045,2.03954503743089
2.005,2.38339072029562
2.0055,0.766724576097577
2.006,-1.47813581097117
2.0065,-2.5008006164873
2.007,-1.458083580647
2.0075,0.790721450593167
2.008,2.39160883022631
2.0085,2.02508116686146
2.009,-0.00610642880430083
2.0095,-2.02907935397403
2.01,-2.37489865461387
2.0105,-0.758228277323717
2.011,1.48630203852239
2.0115,2.50994961850594
2.012,1.46887965165447
2.0125,-0.778937935428374
2.013,-2.38180189436926
2.0135,-2.01658778718843
2.014,0.0142744875812981
2.0145,2.03757269143855
2.015,2.38470561788145
2.0155,0.769683094881709
2.016,-1.4751772851409
2.0165,-2.50112934228604
2.017,-1.46104210638787
2.0175,0.787434207523158
2.018,2.3906226570322
2.0185,2.02705351284262
2.019,-0.00314790866228846
2.0195,-2.02677827585708
2.02,-2.37588483171494
2.0205,-0.762172974061826
2.021,1.48367224427618
2.0215,2.51093579178465
2.022,1.47150944589673
2.0225,-0.775321963337396
2.023,-2.3808157172545
2.0235,-2.01823141437817
2.024,0.010987243026354
2.0245,2.0352716211164
2.025,2.38569179107159
2.0255,0.773299062280405
2.026,-1.47221875932614
2.0265,-2.5008006164873
2.027,-1.46367190705938
2.0275,0.783818240141948
2.028,2.3889790350435
2.0285,2.02902585882554
2.029,0.000796784848985641
2.0295,-2.02480592319436
2.03,-2.37654228311692
2.0305,-0.76546022135927
2.031,1.48038500146943
2.0315,2.51060706735833
2.032,1.47479668870052
2.0325,-0.772034715997032
2.033,-2.37884336303183
2.0335,-2.02086121789366
2.034,0.00802872291924411
2.0345,2.0332992751279
2.035,2.38700668865948
2.0355,0.776586305366209
2.036,-1.46926023352688
2.0365,-2.5008006164873
2.037,-1.46663043282942
2.0375,0.780202272756308
2.038,2.38766413745386
2.0385,2.03132692914117
2.039,0.00375530497390575
2.0395,-2.02316229598172
2.04,-2.3781859116263
2.0405,-0.768747468670998
2.041,1.47775520722484
2.0415,2.51027834293209
2.042,1.47742648294432
2.0425,-0.768418743939181
2.043,-2.37851463732894
2.0435,-2.02316229598172
2.044,0.00408402943177943
2.0445,2.03132692914117
2.045,2.38799286185116
2.0455,0.78085972137221
2.046,-1.46663043282942
2.0465,-2.50145806808504
2.047,-1.46958895861492
2.0475,0.776915029674585
2.048,2.38700668865948
2.0485,2.0332992751279
2.049,0.00704254954859182
2.0495,-2.02053249245342
2.05,-2.37950081443837
2.0505,-0.772692165463958
2.051,1.47446796442009
2.0515,2.50994961850594
2.052,1.48038500146943
2.0525,-0.76546022135927
2.053,-2.37719973451991
2.0535,-2.02513464863757
2.054,0.00013933593134402
2.0545,2.02869713449494
2.055,2.38963648383876
2.0555,0.783489515834346
2.056,-1.46367190705938
2.0565,-2.50112934228604
2.057,-1.47287620950586
2.0575,0.773299062280405
2.058,2.38569179107159
2.0585,2.03494289678486
2.059,0.0103297941142907
2.0595,-2.01888886525567
2.06,-2.38048699155009
2.0605,-0.775979412807191
2.061,1.47118072161641
2.0615,2.50994961850594
2.062,1.48301479571474
2.0625,-0.761515524604049
2.063,-2.37588483171494
2.0635,-2.02743572674649
2.064,-0.00281918420251803
2.0645,2.02639606418204
2.065,2.3899652082365
2.0655,0.786776758908721
2.066,-1.46104210638787
2.0665,-2.50112934228604
2.067,-1.47616346041593
2.0675,0.769683094881709
2.068,2.38503434227809
2.0685,2.03691524277483
2.069,0.0142744875812981
2.0695,-2.01691651262592
2.07,-2.38180189436926
2.0705,-0.77926666016478
2.071,1.468222203094
2.0715,2.51027834293209
2.072,1.48564458996077
2.0725,-0.758557002051109
2.073,-2.37489865461387
2.0735,-2.02940807942022
2.074,-0.00643515326497797
2.0745,2.02442371820145
2.075,2.39160883022631
2.0755,0.790721450593167
2.076,-1.45742613048446
2.0765,-2.50112934228604
2.077,-1.47813581097117
2.0775,0.76639585178804
2.078,2.38339072029562
2.0785,2.03921631309871
2.079,0.0178904565814145
2.0795,-2.01428670913239
2.08,-2.3827880714863
2.0805,-0.782882632274736
2.081,1.46526368457243
2.0815,2.51027834293209
2.082,1.48926055705026
2.0825,-0.754941030057619
2.083,-2.37358375181598
2.0835,-2.03105170665465
2.084,-0.0100511223384242
2.0845,2.0227800965523
2.085,2.39259500342108
2.0855,0.794008693659563
2.086,-1.45479632984189
2.0865,-2.50112934228604
2.087,-1.48142306191191
2.0875,0.763108608690591
2.088,2.38240454710701
2.0885,2.04151738342502
2.089,0.0218351500237884
2.0895,-2.01198563108755
2.09,-2.38377424860562
2.0905,-0.786169879662547
2.091,1.46296261461178
2.0915,2.51060706735833
2.092,1.49221907557909
2.0925,-0.751325058081326
2.093,-2.37292630041856
2.0935,-2.03368151024166
2.094,-0.0136670914228868
2.0945,2.02080775057491
2.095,2.39390990101514
2.0955,0.797624661028452
2.096,-1.45183780413355
2.0965,-2.50145806808504
2.097,-1.48438158777498
2.0975,0.759163916968631
2.098,2.38076092512746
2.0985,2.04348972942093
2.099,0.025122394549324
2.0995,-2.01001327848659
2.1,-2.38476042572723
2.1005,-0.789785851805803
2.101,1.45934664753173
2.1015,2.50962089407986
2.102,1.49484886982775
2.1025,-0.747709086122199
2.103,-2.37128267192943
2.1035,-2.03532513749102
2.104,-0.0176117849821725
2.1045,2.01784923161207
2.105,2.39456734981261
2.1055,0.800583179781604
2.106,-1.44855055336454
2.1065,-2.50112934228604
2.107,-1.48701138855522
2.1075,0.756534122484263
2.108,2.38043220073177
2.1085,2.04579079975175
2.109,0.028738363517177
2.1095,-2.00738347503142
2.11,-2.3860753285596
2.1105,-0.792744374481471
2.111,1.45704557757232
2.1115,2.50994961850594
2.112,1.49780738835843
2.1125,-0.744421838901501
2.113,-2.36996776914268
2.1135,-2.03762621564977
2.114,-0.0212277540897661
2.1145,2.01620560996774
2.115,2.39489607421145
2.1155,0.80419914714267
2.116,-1.445920752763
2.1165,-2.5008006164873
2.117,-1.49029863954783
2.1175,0.752589430753089
2.118,2.37911730314973
2.1185,2.04809187008503
2.119,0.0326830569244571
2.1195,-2.00573984787935
2.12,-2.38706150568654
2.1205,-0.796360346656541
2.121,1.45408705905375
2.1215,2.51027834293209
2.122,1.5007659068901
2.1225,-0.740805866975064
2.123,-2.36898159205527
2.1235,-2.03959856836624
2.124,-0.0251724476743572
2.1245,2.01390453966767
2.125,2.39719714500545
2.1255,0.807815114499475
2.126,-1.44230477695567
2.1265,-2.50112934228604
2.127,-1.49292844035578
2.1275,0.748973463327946
2.128,2.37747368117382
2.1285,2.05039294042075
2.129,0.0359703014208297
2.1295,-2.00311004444789
2.13,-2.38771895710577
2.1305,-0.800305043594804
2.131,1.45112854053595
2.1315,2.51027834293209
2.132,1.50339570114133
2.1325,-0.737518619784034
2.133,-2.3676666892756
2.1335,-2.0422283720011
2.134,-0.0281309678715
2.1345,2.0112747450419
2.135,2.3978545938044
2.1355,0.811102357547444
2.136,-1.43967497638291
2.1365,-2.50112934228604
2.137,-1.49555824117607
2.1375,0.745686220210086
2.138,2.3761587835944
2.1385,2.05236528642477
2.139,0.0395862703566894
2.1395,-2.00146641731062
2.14,-2.38870513423652
2.1405,-0.803263566312224
2.141,1.44784129773926
2.1415,2.51027834293209
2.142,1.50668294395651
2.1425,-0.734560097324157
2.143,-2.36635178649997
2.1435,-2.04387199928038
2.144,-0.032075661479321
2.1445,2.00930239907456
2.145,2.39949821580307
2.1455,0.814718324896199
2.146,-1.43737390089167
2.1465,-2.50112934228604
2.147,-1.49851676711365
2.1475,0.742398977088303
2.148,2.37550133480513
2.1485,2.05400890809616
2.149,0.0435309637291702
2.1495,-1.99883661390284
2.15,-2.39034876279286
2.1505,-0.806879538538404
2.151,1.444882779223
2.1515,2.51027834293209
2.152,1.50931273820959
2.1525,-0.730615400728715
2.153,-2.3653656094209
2.1535,-2.04584435202311
2.154,-0.0360203551004698
2.1545,2.00700132878149
2.155,2.40015566460306
2.1555,0.818005567936899
2.156,-1.43408665020595
2.1565,-2.50014316489061
2.157,-1.50180401817375
2.1575,0.738454285336955
2.158,2.37418643722745
2.1585,2.05630997843823
2.159,0.0464894837502724
2.1595,-1.99686426135655
2.16,-2.39133493992971
2.1605,-0.810495510782211
2.161,1.44225298498692
2.1615,2.50994961850594
2.162,1.51259998102712
2.1625,-0.727656878295409
2.163,-2.36437943234411
2.1635,-2.04814543023347
2.164,-0.0389788753251012
2.1645,2.00502898281785
2.165,2.4011418378036
2.1655,0.821292810974173
2.166,-1.4307993995391
2.1665,-2.50112934228604
2.167,-1.50476254414437
2.1675,0.735167042206464
2.168,2.37352898843905
2.1685,2.05893977311793
2.169,0.0510916259912923
2.1695,-1.99489190881844
2.17,-2.39199239135555
2.1705,-0.813454033540277
2.171,1.4399519150308
2.1715,2.50994961850594
2.172,1.51555849956405
2.1725,-0.723383457022908
2.173,-2.36306452957858
2.1735,-2.0497890575335
2.174,-0.0425948444987742
2.1745,2.00305663685591
2.175,2.40245673540535
2.1755,0.824908778311244
2.176,-1.4281695990192
2.1765,-2.50047189068882
2.177,-1.5073923450203
2.1775,0.731879799071979
2.178,2.37221409086311
2.1785,2.06091211912983
2.179,0.0547075948830057
2.1795,-1.99226210544702
2.18,-2.39330729421028
2.1805,-0.816741281063122
2.181,1.43633594795772
2.1815,2.50994961850594
2.182,1.51818829382001
2.1825,-0.720096209906312
2.183,-2.36207835250709
2.1835,-2.05209013576324
2.184,-0.0462108136837335
2.1845,2.00075556656911
2.185,2.4037716330083
2.1855,0.828524745644227
2.186,-1.42488234838626
2.1865,-2.50047189068882
2.187,-1.51035087102054
2.1875,0.728592555933476
2.188,2.37057046889481
2.1885,2.06288446514357
2.189,0.0579948393209237
2.1895,-1.98996102750894
2.19,-2.39462219706909
2.1905,-0.820685978109858
2.191,1.43337742944411
2.1915,2.50994961850594
2.192,1.5214755366412
2.1925,-0.716808962803689
2.193,-2.36109217543786
2.1935,-2.05439121400431
2.194,-0.0501555073529599
2.1945,1.99812577195843
2.195,2.40410035740923
2.1955,0.831811988670688
2.196,-1.42225254789345
2.1965,-2.50047189068882
2.197,-1.51363812215035
2.1975,0.72464786416194
2.198,2.36925557132147
2.1985,2.06452808682309
2.199,0.0612820837502039
2.1995,-1.98798867499944
2.2,-2.39560837421586
2.2005,-0.823973225664932
2.201,1.43009018665197
2.2015,2.50962089407986
2.202,1.52410533089916
2.2025,-0.713521715715017
2.203,-2.35977727268243
2.2035,-2.05636356679139
2.204,-0.0537714765616149
2.2045,1.99582470167654
2.205,2.40508653061244
2.2055,0.834770507391654
2.206,-1.41896529729434
2.2065,-2.5008006164873
2.207,-1.51659664818377
2.2075,0.721031896699555
2.208,2.36761194935642
2.2085,2.06650043284021
2.209,0.0652267770539701
2.2095,-1.98601632249809
2.21,-2.39626582564832
2.2105,-0.827589197992476
2.211,1.42614549530242
2.2115,2.50962089407986
2.212,1.52673512515803
2.2125,-0.710234468640273
2.213,-2.35846236993103
2.2135,-2.0586646450535
2.214,-0.0570587213066293
2.2145,1.99385235572245
2.215,2.40574397941496
2.2155,0.838057750411805
2.216,-1.41600677177119
2.2165,-2.50047189068882
2.217,-1.51922644911559
2.2175,0.718073377863013
2.218,2.36662577617825
2.2185,2.06847277885918
2.219,0.0685140214643266
2.2195,-1.9840439700049
2.22,-2.39790945423392
2.2205,-0.830876445578415
2.221,1.42384442534901
2.2215,2.50929216965387
2.222,1.52936491941781
2.2225,-0.706947221579435
2.223,-2.35747619287013
2.2235,-2.06096572332696
2.224,-0.0613321394892444
2.2245,1.99122256111959
2.225,2.40705887702089
2.2255,0.841673717730172
2.226,-1.41337697131892
2.2265,-2.50014316489061
2.227,-1.52218497517876
2.2275,0.714457410391605
2.228,2.36498215421608
2.2285,2.07011640054306
2.229,0.0721299903058262
2.2295,-1.98174289210648
2.23,-2.39889563138834
2.2305,-0.834492417939966
2.231,1.42088590683801
2.2315,2.50962089407986
2.232,1.53265216224385
2.2325,-0.703331249828547
2.233,-2.35616129012579
2.2335,-2.06293807614182
2.234,-0.0642906597788748
2.2345,1.98925021516939
2.235,2.40903122343203
2.2355,0.845289685044591
2.236,-1.41041844582444
2.2365,-2.50047189068882
2.237,-1.52448605101658
2.2375,0.710841442915192
2.238,2.36498215421608
2.2385,2.07307491957731
2.239,0.0757459591369915
2.2395,-1.97944181421914
2.24,-2.39955308282589
2.2405,-0.837450940794516
2.241,1.41792738832758
2.2415,2.50929216965387
2.242,1.53561068078854
2.2425,-0.699386553392156
2.243,-2.35451766170103
2.2435,-2.06458170349391
2.244,-0.0685640779885631
2.2445,1.98694914489624
2.245,2.40935994783414
2.2455,0.848905652355089
2.246,-1.40745992034511
2.2465,-2.50014316489061
2.247,-1.52744457710781
2.2475,0.707225475433743
2.248,2.3633385322557
2.2485,2.07471854126481
2.249,0.0790332035200172
2.2495,-1.9774694617531
2.25,-2.40053925998413
2.2505,-0.841066913188555
2.251,1.41496886981771
2.2515,2.50929216965387
2.252,1.53856919933445
2.2525,-0.695770581676295
2.253,-2.35386021033289
2.2535,-2.06655405632407
2.254,-0.0715225982969856
2.2545,1.98497679894962
2.255,2.41067484544336
2.2555,0.852192895361258
2.256,-1.40450139488091
2.2565,-2.49981443909265
2.257,-1.53106055346299
2.2575,0.703938232264396
2.258,2.36202363468869
2.2585,2.07669088729153
2.259,0.0829778967684386
2.2595,-1.97483965847769
2.26,-2.40185416286535
2.2605,-0.844682885600506
2.261,1.41233907558716
2.2615,2.50929216965387
2.262,1.54152771788158
2.2625,-0.69215460997714
2.263,-2.35254530759963
2.2635,-2.06852640916258
2.264,-0.0754672920535544
2.2645,1.9833331773287
2.265,2.41198974305378
2.2655,0.855808862664357
2.266,-1.40121414438287
2.2665,-2.50014316489061
2.267,-1.53303290421214
2.2675,0.699993540455622
2.268,2.36136618590561
2.2685,2.07866323332013
2.269,0.0865938655687805
2.2695,-1.97253858062357
2.27,-2.40251161430749
2.2705,-0.847970133263303
2.271,1.40905183279957
2.2715,2.50929216965387
2.272,1.54415751214674
2.2725,-0.688867362992379
2.273,-2.35090167918872
2.2735,-2.07049876200945
2.274,-0.0790832613424927
2.2745,1.98037465841391
2.275,2.41264719185944
2.2755,0.859096105663849
2.276,-1.39825561895058
2.2765,-2.49948571329496
2.277,-1.53664888060386
2.2775,0.69703502159504
2.278,2.3593938395581
2.2785,2.0806355793506
2.279,0.0905385587938687
2.2795,-1.9702375027805
2.28,-2.40349779147262
2.2805,-0.851257380940949
2.281,1.4057645900126
2.2815,2.50896344522795
2.282,1.54678730641289
2.2825,-0.685908840717859
2.283,-2.34991550214519
2.2835,-2.07214238938824
2.284,-0.0826992306430201
2.2845,1.97840231247276
2.285,2.41363336506849
2.2855,0.862712072959658
2.286,-1.39496836848794
2.2865,-2.49948571329496
2.287,-1.5392786816309
2.2875,0.693747778412573
2.288,2.35840766638531
2.2885,2.08260792538295
2.289,0.0941545275728874
2.2895,-1.96793642494847
2.29,-2.40448396864004
2.2905,-0.854544628633468
2.291,1.40280607150484
2.2915,2.50929216965387
2.292,1.55007454924699
2.2925,-0.681964144369141
2.293,-2.34827187374433
2.2935,-2.07477219320638
2.294,-0.0863151999551664
2.2945,1.97610124221015
2.295,2.41494826268162
2.2955,0.865999315952572
2.296,-1.39266729317517
2.2965,-2.49948571329496
2.297,-1.5422372078013
2.2975,0.689474362268966
2.298,2.35709276882259
2.2985,2.08490899575642
2.299,0.0977704963417544
2.2995,-1.96629279793236
2.3,-2.40547014580976
2.3005,-0.858489325884155
2.301,1.40017627727612
2.3015,2.50863472080212
2.302,1.55237561923182
2.3025,-0.678348172733495
2.303,-2.34761442238575
2.3035,-2.07674454607975
2.304,-0.090259893763522
2.3045,1.97380017194975
2.305,2.41527698708509
2.3055,0.868957834643546
2.306,-1.38938004274414
2.3065,-2.49948571329496
2.307,-1.5445382837226
2.3075,0.686187119076625
2.308,2.3561065956513
2.3085,2.08688134179287
2.309,0.101057740668304
2.3095,-1.96399172011926
2.31,-2.40678504870629
2.3105,-0.861776573609473
2.311,1.39688903449073
2.3115,2.50797727195071
2.312,1.55533413778489
2.3125,-0.675060925806371
2.313,-2.34629951967161
2.3135,-2.07871689896151
2.314,-0.09321841412891
2.3145,1.97149910169156
2.315,2.41626316029594
2.3155,0.87257380192913
2.316,-1.38642151737209
2.3165,-2.49948571329496
2.317,-1.54749680992125
2.3175,0.682571151560048
2.318,2.35380552492077
2.3185,2.08885368783122
2.319,0.104673709417874
2.3195,-1.9620193677168
2.32,-2.40809995160691
2.3205,-0.865392546124585
2.321,1.39360179170588
2.3215,2.50797727195071
2.322,1.55796393205539
2.3225,-0.671773678892912
2.323,-2.34498461696148
2.3235,-2.08101797733416
2.324,-0.0971631079616201
2.3245,1.96919803143556
2.325,2.41724933350748
2.3255,0.87586104491282
2.326,-1.38313426697631
2.3265,-2.49948571329496
2.327,-1.55045533613582
2.3275,0.678955184038201
2.328,2.35314807614126
2.3285,2.0911547582117
2.329,0.108289678157379
2.3295,-1.9590608391283
2.33,-2.40908612878506
2.3305,-0.868351069104966
2.331,1.39097199747838
2.3315,2.50830599637637
2.332,1.56092245061097
2.3325,-0.667828982614766
2.333,-2.34399843993152
2.3335,-2.08266160475018
2.334,-0.101107801808301
2.3345,1.96656823685996
2.335,2.41823550671969
2.3355,0.87947701219138
2.336,-1.38017574163594
2.3365,-2.49882826170037
2.337,-1.55341386236631
2.3375,0.675996665152749
2.338,2.35150445419373
2.3385,2.09279837991364
2.339,0.111576922457312
2.3395,-1.95708848674608
2.34,-2.40974358023844
2.3405,-0.871638316875186
2.341,1.38801347897283
2.3415,2.50764854752512
2.342,1.5638809691679
2.3425,-0.664213011043689
2.343,-2.34268353722843
2.3435,-2.08529140862794
2.344,-0.104723771180064
2.3445,1.96492461525166
2.345,2.41955040433704
2.3455,0.882435530871133
2.346,-1.37688849127533
2.3465,-2.49882826170037
2.347,-1.55637238861276
2.3475,0.67270942194251
2.348,2.35051828102606
2.3485,2.09509945029858
2.349,0.116179064463329
2.3495,-1.95478740897703
2.35,-2.41105848314826
2.3505,-0.875583014219268
2.351,1.38472623618933
2.3515,2.50731982309962
2.352,1.5668394877262
2.3525,-0.660925764175162
2.353,-2.34103990885521
2.3535,-2.08693503605912
2.354,-0.108011016073725
2.3545,1.96262354500189
2.355,2.42053657755084
2.3555,0.886051498143105
2.356,-1.37392996596658
2.3565,-2.49882826170037
2.357,-1.55867346459325
2.3575,0.669093454406139
2.358,2.34920338347016
2.3585,2.0970717963449
2.359,0.119795033171011
2.3595,-1.95248633121899
2.36,-2.4120446603333
2.3605,-0.878541537241539
2.361,1.38209644196287
2.3615,2.50764854752512
2.362,1.56946928200141
2.3625,-0.657638517320202
2.363,-2.33939628048826
2.3635,-2.08890738898425
2.364,-0.111298260977163
2.3645,1.96065119907525
2.365,2.42119402636041
2.3655,0.889338741114517
2.366,-1.37162889073678
2.3665,-2.49784208431043
2.367,-1.56163199086809
2.3675,0.665806211186587
2.368,2.34887465908136
2.3685,2.09904414239313
2.369,0.123082277442096
2.3695,-1.94985652808038
2.37,-2.41237338606217
2.3705,-0.881828785058371
2.371,1.37913792345843
2.3715,2.50731982309962
2.372,1.57242780056233
2.3725,-0.653365096429001
2.373,-2.33808137779921
2.3735,-2.09055101642828
2.374,-0.115242954874224
2.3745,1.9586788531502
2.375,2.42218019957535
2.3755,0.892954708379678
2.376,-1.36834164042416
2.3765,-2.49784208431043
2.377,-1.56491924230333
2.3775,0.661861519317223
2.378,2.34657358836175
2.3785,2.10134521278518
2.379,0.127026970556588
2.3795,-1.94788417573584
2.38,-2.41303083752066
2.3805,-0.885444757674306
2.381,1.37617940495434
2.3815,2.50797727195071
2.382,1.5750575948399
2.3825,-0.650406574286938
2.383,-2.33742392645619
2.3835,-2.09318082035088
2.384,-0.118858924292292
2.3845,1.9563777829063
2.385,2.42316637279096
2.3855,0.896570675641315
2.386,-1.36472566510156
2.3865,-2.49784208431043
2.387,-1.56722031831975
2.3875,0.658245551764617
2.388,2.34558741519726
2.3885,2.10331755883761
2.389,0.130642939234543
2.3895,-1.94558309801074
2.39,-2.4143457404407
2.3905,-0.888403280737303
2.391,1.3728921621724
2.3915,2.50666237424885
2.392,1.57834483768844
2.3925,-0.646790602794814
2.393,-2.33578029810303
2.3935,-2.0948244478101
2.394,-0.122474893722279
2.3945,1.95374798834447
2.395,2.42448127041285
2.3955,0.899857918603407
2.396,-1.36209586488091
2.3965,-2.49784208431043
2.397,-1.56952139434588
2.3975,0.655287032853872
2.398,2.34427251764559
2.3985,2.10528990489197
2.399,0.134258907902649
2.3995,-1.94361074568366
2.4,-2.41533191763343
2.4005,-0.892019253386496
2.401,1.36960491939083
2.4015,2.50699109867419
2.402,1.58097463196857
2.4025,-0.643174631318991
2.403,-2.33479412109414
2.4035,-2.09646807527518
2.404,-0.126419587659531
2.4045,1.95177564242493
2.405,2.42546744363006
2.4055,0.902816437266839
2.406,-1.35880861462165
2.4065,-2.49784208431043
2.407,-1.57280864582859
2.4075,0.651671065291296
2.408,2.34361506887018
2.4085,2.10660480226263
2.409,0.137874876560936
2.4095,-1.9409809425934
2.41,-2.41598936909652
2.4105,-0.894977776476744
2.411,1.36697512516584
2.4115,2.50633364982359
2.412,1.58393315053509
2.4125,-0.639887384536906
2.413,-2.3338079440875
2.4135,-2.09909787923147
2.414,-0.129706832618131
2.4145,1.94914584786798
2.415,2.42612489244191
2.4155,0.906432404519018
2.416,-1.35650753945108
2.4165,-2.49784208431043
2.417,-1.57576717217998
2.4175,0.648055097723195
2.418,2.34197144693289
2.4185,2.10857714832023
2.419,0.140833396364979
2.4195,-1.93867986490117
2.42,-2.41730427202579
2.4205,-0.898593749159294
2.421,1.36368788238489
2.4215,2.50666237424885
2.422,1.58623422053229
2.4225,-0.636600137768244
2.423,-2.33216431574812
2.4235,-2.10107023220853
2.424,-0.133651526581554
2.4245,1.94684477763292
2.425,2.42678234125407
2.4255,0.909719647472583
2.426,-1.3528915642012
2.4265,-2.49751335851431
2.427,-1.57905442370038
2.4275,0.644439130149537
2.428,2.34032782499735
2.4285,2.11087821872324
2.429,0.144778089426872
2.4295,-1.93637878721987
2.43,-2.41829044922542
2.4305,-0.901880997068478
2.431,1.36072936388232
2.4315,2.50666237424885
2.432,1.58952146338701
2.4325,-0.632984166338194
2.433,-2.33052068741499
2.4335,-2.10304258519403
2.434,-0.136938771562019
2.4345,1.94454370739997
2.435,2.42743979006653
2.4355,0.913335614718273
2.436,-1.34993303901324
2.4365,-2.49718463271845
2.437,-1.58168422493099
2.4375,0.641151886895911
2.438,2.33901292745018
2.4385,2.11252184044131
2.439,0.148394058056765
2.4395,-1.93440643493032
2.44,-2.41927662642737
2.4405,-0.905496969786159
2.441,1.35777084537998
2.4415,2.50633364982359
2.442,1.59215125767212
2.4425,-0.629368194924328
2.443,-2.32953451041811
2.4435,-2.1046862126884
2.444,-0.140554741052051
2.4445,1.94224263716913
2.445,2.42908341209901
2.4455,0.917280306255201
2.446,-1.34697451384009
2.4465,-2.49652718112752
2.447,-1.58431402617433
2.4475,0.637207194985434
2.448,2.33835547867702
2.4485,2.11515163519305
2.449,0.152338751096495
2.4495,-1.93210535726932
2.45,-2.41960535216186
2.4505,-0.90878421772733
2.451,1.35448360259986
2.4515,2.50633364982359
2.452,1.59478105195844
2.4525,-0.625752223526617
2.453,-2.32789088209499
2.4535,-2.10665856568939
2.454,-0.144499435054978
2.4545,1.93994156694039
2.455,2.43006958531941
2.4555,0.919910100610954
2.456,-1.34335853864856
2.4565,-2.49652718112752
2.457,-1.58694382743041
2.4575,0.633919951721572
2.458,2.33671185674533
2.4585,2.11679525691466
2.459,0.155625995287477
2.4595,-1.92947555424155
2.46,-2.42124898083817
2.4605,-0.912071465683769
2.461,1.35119635982
2.4615,2.50567620097332
2.462,1.597739570532
2.4625,-0.622464976815418
2.463,-2.32657597944099
2.4635,-2.10830219319666
2.464,-0.147786680068444
2.4645,1.93731177239582
2.465,2.43039830972637
2.4655,0.923526067847267
2.466,-1.34040001350828
2.4665,-2.49652718112752
2.467,-1.58957362869923
2.4675,0.630632708453022
2.468,2.33506823481539
2.4685,2.11811015429294
2.469,0.158913239470492
2.4695,-1.92717447660394
2.47,-2.42190643231049
2.4705,-0.915687438453511
2.471,1.34889528987424
2.4715,2.5053474765483
2.472,1.60036936482092
2.4725,-0.618849005448465
2.473,-2.32526107679099
2.4735,-2.11060327171672
2.474,-0.151402649594864
2.4745,1.93501070217155
2.475,2.43138448294769
2.4755,0.926813310786531
2.476,-1.33744148838276
2.4765,-2.49586972953763
2.477,-1.5928608803032
2.4775,0.627016740852174
2.478,2.33408206165827
2.4785,2.12041122470704
2.479,0.162857932479623
2.4795,-1.92421594822875
2.48,-2.42223515804703
2.4805,-0.918974686442083
2.481,1.34527932281681
2.4815,2.50567620097332
2.482,1.60299915911108
2.4825,-0.615561758765178
2.483,-2.32394617414498
2.4835,-2.11257562474308
2.484,-0.155018619133473
2.4845,1.93303835626669
2.485,2.4323706561697
2.4855,0.930100553723114
2.486,-1.33448296327199
2.4865,-2.49619845533244
2.487,-1.59549068160075
2.4875,0.623400773245596
2.488,2.33276716411641
2.4885,2.12238357077842
2.489,0.166473901061308
2.4895,-1.92224359598862
2.49,-2.42355006099577
2.4905,-0.922590659247227
2.491,1.34264952859338
2.4915,2.50501875212337
2.492,1.605957677689
2.4925,-0.611945787428873
2.493,-2.32263127150297
2.4935,-2.1145479777779
2.494,-0.158634588684301
2.4945,1.93040856172923
2.495,2.43335682939239
2.4955,0.93338779665704
2.496,-1.33119571316619
2.4965,-2.49554100374308
2.497,-1.59844920807577
2.4975,0.619784805633257
2.498,2.33178099096075
2.4985,2.12468464119753
2.499,0.170089869633441
2.4995,-1.92059996912796
2.5,-2.42453623821002
2.5005,-0.925549182465261
2.501,1.33936228581424
2.5015,2.5053474765483
2.502,1.60891619626853
2.5025,-0.608001091443889
2.503,-2.32131636886496
2.5035,-2.1165203308212
2.504,-0.161921833741136
2.5045,1.92810749151116
2.505,2.4340142782079
2.5055,0.937003763881316
2.506,-1.3282371880865
2.5065,-2.49521227794879
2.507,-1.60075028423421
2.5075,0.616497562344289
2.508,2.3298086446513
2.5085,2.12665698727322
2.509,0.173705838196053
2.5095,-1.91797016616245
2.51,-2.42552241542658
2.5105,-0.929165155304223
2.511,1.33574631875735
2.5115,2.50436130327375
2.512,1.61187471484967
2.5125,-0.604713844804263
2.513,-2.32000146623093
2.5135,-2.11849268387298
2.514,-0.165537803315375
2.5145,1.92580642129514
2.515,2.43467172702372
2.5155,0.940291006809734
2.516,-1.3252786630215
2.5165,-2.49521227794879
2.517,-1.60370881073803
2.5175,0.612881594720869
2.518,2.32849374711305
2.5185,2.1286293333509
2.519,0.177650531162623
2.5195,-1.91566908857928
2.52,-2.42617986690557
2.5205,-0.93245240335582
2.521,1.33278780025638
2.5215,2.50370385442445
2.522,1.61450450914539
2.5225,-0.601426598177819
2.523,-2.3186865636009
2.5235,-2.12013631142261
2.524,-0.169482497410399
2.5245,1.92383407539732
2.525,2.43598662465628
2.5255,0.943578249735564
2.526,-1.32264886297605
2.5265,-2.49455482636099
2.527,-1.60699606242798
2.5275,0.609594351421778
2.528,2.32717884957592
2.5285,2.13060167943059
2.529,0.181266499705423
2.5295,-1.91303928564038
2.53,-2.42716604412598
2.5305,-0.935739651422846
2.531,1.32982928175549
2.5315,2.50436130327375
2.532,1.61713430344241
2.5325,-0.597810626903929
2.533,-2.31737166097486
2.5335,-2.12210866448994
2.534,-0.172441017991302
2.5345,1.92153300518509
2.535,2.43730152229006
2.5355,0.947522941243176
2.536,-1.31903288793248
2.5365,-2.49455482636099
2.537,-1.60962586379438
2.5375,0.605978383787169
2.538,2.32652140080777
2.5385,2.13290274985942
2.539,0.184553743827058
2.5395,-1.91073820808048
2.54,-2.42782349560754
2.5405,-0.939355624314423
2.541,1.32687076325466
2.5415,2.50436130327375
2.542,1.62009282202813
2.5425,-0.594194655645932
2.543,-2.31638548400794
2.5435,-2.12408101756576
2.544,-0.176714436622777
2.5445,1.91956065929051
2.545,2.43828769551621
2.5455,0.950152735579551
2.546,-1.3160743629131
2.5465,-2.49422610056749
2.547,-1.61192694000052
2.5475,0.602362416146654
2.548,2.32454905450497
2.5485,2.13421764724856
2.549,0.188169712351884
2.5495,-1.90810840516816
2.55,-2.42848094709012
2.5505,-0.942314147603277
2.551,1.32391224475389
2.5515,2.50403257884906
2.552,1.62272261632796
2.5525,-0.590578684403798
2.553,-2.3140844044272
2.5535,-2.12605337065008
2.554,-0.180001681735694
2.5545,1.91627341613617
2.555,2.43894514433402
2.5555,0.953768702789436
2.556,-1.31245838790927
2.5565,-2.49422610056749
2.557,-1.61521419174065
2.5575,0.598746448500205
2.558,2.32323415697115
2.5585,2.1365187176817
2.559,0.191456956457228
2.5595,-1.90580732763149
2.56,-2.43012457580108
2.5605,-0.945930120528925
2.561,1.32029627769744
2.5615,2.50370385442445
2.562,1.62568113491687
2.5625,-0.587291437833779
2.563,-2.31309822746776
2.5635,-2.12769699822684
2.564,-0.183946375884752
2.5645,1.91430107024554
2.565,2.43960259315214
2.5655,0.957055945704892
2.566,-1.31015731291821
2.5665,-2.49323992318854
2.567,-1.61784399314723
2.5675,0.595459205180075
2.568,2.32191925943844
2.5685,2.1378336150733
2.569,0.195730373782633
2.5695,-1.90383497546582
2.57,-2.43078202728726
2.5705,-0.949546093473354
2.571,1.31766648347458
2.5715,2.50304640557548
2.572,1.62831092921956
2.5725,-0.583675466621846
2.573,-2.31178332485865
2.5735,-2.12966935132675
2.574,-0.187562345534413
2.5745,1.91232872435638
2.575,2.4405887663799
2.5755,0.960014464326687
2.576,-1.30687006294628
2.5765,-2.49356864898126
2.577,-1.62047379456669
2.5775,0.592171961854993
2.578,2.32060436190682
2.5785,2.13947723681407
2.579,0.199017617870249
2.5795,-1.90120517259063
2.58,-2.43143947877447
2.5805,-0.953162066436594
2.581,1.31470796497386
2.5815,2.50337512999992
2.582,1.63126944781171
2.5825,-0.580059495425688
2.583,-2.30981097095246
2.5835,-2.13164170443516
2.584,-0.191178315196563
2.5845,1.90969892983978
2.585,2.44124621519879
2.5855,0.963959155819327
2.586,-1.30358281299235
2.5865,-2.49356864898126
2.587,-1.62310359599905
2.5875,0.587898545524946
2.588,2.31896073999386
2.5885,2.14210703160223
2.589,0.202633586357768
2.5895,-1.89923282044352
2.59,-2.43275438175197
2.5905,-0.955791864967147
2.591,1.31174944647313
2.5915,2.50238895672683
2.592,1.63389924211731
2.5925,-0.576443524245275
2.593,-2.30849606835331
2.5935,-2.13262788099257
2.594,-0.194794284871232
2.5945,1.90772658395404
2.595,2.44223238842771
2.5955,0.96724639872719
2.596,-1.3002955630564
2.5965,-2.49258247160388
2.597,-1.62573339744432
2.5975,0.584940026522269
2.598,2.31764584246472
2.5985,2.14375065334666
2.599,0.206578279242692
2.5995,-1.89660301759304
2.6,-2.43308310749699
2.6005,-0.95907911314437
2.601,1.30879092797236
2.6015,2.50238895672683
2.602,1.63652903642429
2.6025,-0.573156277731266
2.603,-2.30718116575814
2.6035,-2.13525768515605
2.604,-0.19841025455845
2.6045,1.90476806512816
2.605,2.4425611128375
2.6055,0.970204917342212
2.606,-1.29766576312056
2.6065,-2.49258247160388
2.607,-1.6283631989025
2.6075,0.581324058846803
2.608,2.31600222055484
2.6085,2.14572299944186
2.609,0.20986552330508
2.6095,-1.89430194011045
2.61,-2.43406928473359
2.6105,-0.963023810977647
2.611,1.3051749609158
2.6115,2.50173150787851
2.612,1.63948755502133
2.6125,-0.569869031230222
2.613,-2.30619498881437
2.6135,-2.13755876381153
2.614,-0.202026224258248
2.6145,1.90246699493251
2.615,2.44354728606734
2.6155,0.973492160245529
2.616,-1.29372106323832
2.6165,-2.49258247160388
2.617,-1.63132172555841
2.6175,0.577708091165227
2.618,2.31468732302817
2.6185,2.1476953455391
2.619,0.213152767359872
2.6195,-1.89232958799111
2.62,-2.43538418771932
2.6205,-0.966311059189245
2.621,1.30188771813701
2.6215,2.50140278345447
2.622,1.6421173493313
2.6225,-0.566253060094023
2.623,-2.30520881187284
2.6235,-2.13953111695403
2.624,-0.20629964301063
2.6245,1.90016592473882
2.625,2.44453345929787
2.6255,0.977108127436452
2.626,-1.29109126333115
2.6265,-2.49192502002027
2.627,-1.63460897741752
2.6275,0.573434674806356
2.628,2.31337242550259
2.6285,2.14901024293839
2.629,0.217097460215626
2.6295,-1.88969978517764
2.63,-2.4357129134664
2.6305,-0.969598307416505
2.631,1.29892919963602
2.6315,2.50107405903051
2.632,1.64441841935369
2.6325,-0.562637088973455
2.633,-2.30356518364192
2.6335,-2.14117474457931
2.634,-0.2092581636957
2.6345,1.89753613023414
2.635,2.4448621837082
2.6355,0.980066646045105
2.636,-1.28813273844928
2.6365,-2.49159629422885
2.637,-1.63723877891938
2.6375,0.570476155783626
2.638,2.31140007921627
2.6385,2.15131131338936
2.639,0.221042153060513
2.6395,-1.8873987077274
2.64,-2.43637036496133
2.6405,-0.972556830834449
2.641,1.29597068113492
2.6415,2.50107405903051
2.642,1.64737693795553
2.6425,-0.559021117868487
2.643,-2.30192155541721
2.6435,-2.14347582326465
2.644,-0.212874133433415
2.6445,1.8955637843573
2.645,2.44617708135031
2.6455,0.983025164651882
2.646,-1.28517421358187
2.6465,-2.4912675684377
2.647,-1.63986858043421
2.6475,0.566860188083542
2.648,2.31074263045471
2.6485,2.15328365949241
2.649,0.224329397089645
2.6495,-1.88542635563577
2.65,-2.43702781645728
2.6505,-0.975515354265113
2.651,1.29301216263369
2.6515,2.50074533460663
2.652,1.65000673226981
2.6525,-0.555405146779091
2.653,-2.30060665284191
2.6535,-2.14479072537578
2.654,-0.216490103183828
2.6545,1.89326271416946
2.655,2.44650580576103
2.6555,0.986969856124697
2.656,-1.28221568872893
2.6565,-2.4912675684377
2.657,-1.64249838196202
2.6575,0.563572944714423
2.658,2.30909900855199
2.6585,2.15492728124653
2.659,0.227945365513032
2.6595,-1.88246782751314
2.66,-2.43834271945228
2.6605,-0.979460052192481
2.661,1.2897249198544
2.6615,2.50041661018284
2.662,1.65296525087511
2.6625,-0.552117900347672
2.663,-2.29962047591303
2.6635,-2.14676307854961
2.664,-0.220106072946971
2.6645,1.89063291967144
2.665,2.44782070340468
2.6655,0.990257099016213
2.666,-1.27892843890926
2.6665,-2.4912675684377
2.667,-1.64512818350282
2.6675,0.560285701340133
2.668,2.30712666227098
2.6685,2.15689962735337
2.669,0.231561333927378
2.6695,-1.88049547544127
2.67,-2.43867144520168
2.6705,-0.983076025312493
2.671,1.28676640135287
2.6715,2.49975916133549
2.672,1.65559504519251
2.6725,-0.54850192928792
2.673,-2.29764812206199
2.6735,-2.14840670620099
2.674,-0.224050767248589
2.6745,1.88800312517594
2.675,2.44814942781579
2.6755,0.993215617616656
2.676,-1.27564118910739
2.6765,-2.4909388426468
2.677,-1.64841543544711
2.6775,0.555683560607398
2.678,2.30581176475167
2.6785,2.15854324911066
2.679,0.234848577932599
2.6795,-1.87819439803406
2.68,-2.43998634820183
2.6805,-0.985705823957217
2.681,1.28347915857319
2.6815,2.49910171248846
2.682,1.65789611522144
2.6825,-0.5452146828834
2.683,-2.29666194513981
2.6835,-2.15103651045557
2.684,-0.227666737038445
2.6845,1.88537333068293
2.685,2.44913560104957
2.6855,0.996502860503926
2.686,-1.27268266430091
2.6865,-2.4902813910658
2.687,-1.65137396221436
2.6875,0.552396317220606
2.688,2.30416814285405
2.6885,2.1605155952213
2.689,0.238135821930394
2.6895,-1.87589332063759
2.69,-2.44097252545465
2.6905,-0.989979246776459
2.691,1.27986319151527
2.6915,2.49910171248846
2.692,1.66052590954162
2.6925,-0.541927436491654
2.693,-2.29501831694114
2.6935,-2.15268013812241
2.694,-0.231282706841122
2.6945,1.8830722605036
2.695,2.44979304987248
2.6955,0.999790103388993
2.696,-1.26972413950882
2.6965,-2.4902813910658
2.697,-1.65400376379909
2.6975,0.549109073828566
2.698,2.30318196971628
2.6985,2.16215921698176
2.699,0.242080514717979
2.6995,-1.8732635179119
2.7,-2.44130125120611
2.7005,-0.992937770282366
2.701,1.27723339729113
2.7015,2.49910171248846
2.702,1.66348442815362
2.7025,-0.537982740838389
2.703,-2.29337468874866
2.7035,-2.15432376579519
2.704,-0.234898676656651
2.7045,1.88142863894809
2.705,2.45110794751923
2.7055,1.00340607056005
2.706,-1.26610816478245
2.7065,-2.48995266527569
2.707,-1.65630484019642
2.7075,0.545493106091235
2.708,2.30186707220022
2.7085,2.16380283874366
2.709,0.246025207494944
2.7095,-1.87063371520022
2.71,-2.44195870270979
2.7105,-0.996225018637315
2.711,1.27394615451071
2.7115,2.49844426364176
2.712,1.66644294676755
2.7125,-0.534366769838993
2.713,-2.29140233492586
2.7135,-2.15563866793771
2.714,-0.238185921954674
2.7145,1.87912756877201
2.715,2.45176539634308
2.7155,1.00735076201641
2.716,-1.26314964002228
2.7165,-2.48962393948584
2.717,-1.65893464180562
2.7175,0.542205862688102
2.718,2.29989472592814
2.7185,2.16577518485986
2.719,0.249969900261327
2.7195,-1.86833263783898
2.72,-2.4426161542145
2.7205,-0.999512267008131
2.721,1.27098763600808
2.7215,2.49844426364176
2.722,1.66940146538341
2.7225,-0.530750798854964
2.723,-2.2904161580178
2.7235,-2.15761102115863
2.724,-0.242130616326385
2.7245,1.87616904997696
2.725,2.45242284516723
2.7255,1.00998055631895
2.726,-1.26051984024749
2.7265,-2.48962393948584
2.727,-1.66156444342787
2.7275,0.537932446256076
2.728,2.29890855279301
2.7285,2.16774753097816
2.729,0.252928419829193
2.7295,-1.86603156048844
2.73,-2.44393105722703
2.7305,-1.00312824023438
2.731,1.26770039322707
2.7315,2.49778681479539
2.732,1.67203125971026
2.7325,-0.527463552519156
2.733,-2.28910125547719
2.7335,-2.15958337438813
2.734,-0.245417861647909
2.7345,1.87353925549508
2.735,2.45340901840405
2.7355,1.01359652348273
2.736,-1.25756131551438
2.7365,-2.48863776211786
2.737,-1.66485169547408
2.7375,0.53497392718246
2.738,2.29726493090247
2.7385,2.16971987709855
2.739,0.256544388181889
2.7395,-1.8637304831486
2.74,-2.44458850873484
2.7405,-1.00641548863859
2.741,1.26474187472386
2.7415,2.49712936594933
2.742,1.67466105403866
2.7425,-0.52384758156438
2.743,-2.28811507857432
2.7435,-2.16155572762621
2.744,-0.249362556047887
2.7445,1.87156690963527
2.745,2.45373774281647
2.7455,1.01688376635671
2.746,-1.25460279079557
2.7465,-2.48798031054052
2.747,-1.66715277191859
2.7475,0.531357959419913
2.748,2.29529258463604
2.7485,2.17103477451332
2.749,0.260489080920244
2.7495,-1.86110068048758
2.75,-2.44491723448913
2.7505,-1.009374012216
2.751,1.26112590766399
2.7515,2.49680064152643
2.752,1.67729084836863
2.7525,-0.520231610624883
2.753,-2.28647145040783
2.7535,-2.16352808087288
2.754,-0.25264980139302
2.7545,1.86893711515765
2.755,2.45439519164156
2.7555,1.01984228494153
2.756,-1.25065809119272
2.7565,-2.48765158475223
2.757,-1.66978257358174
2.7575,0.527741991650842
2.758,2.2946351358811
2.7585,2.17300712063722
2.759,0.263776324860897
2.7595,-1.85879960317064
2.76,-2.44590341175355
2.7605,-1.01298998549484
2.761,1.25783866488189
2.7615,2.49712936594933
2.762,1.67992064270018
2.7625,-0.516615639700636
2.763,-2.28449909661619
2.7635,-2.165171708585
2.764,-0.256923220357795
2.7645,1.86663604499171
2.765,2.45538136487978
2.7655,1.0234582520985
2.766,-1.24802829147157
2.7665,-2.48732285896421
2.767,-1.67274110046846
2.7675,0.524126023875216
2.768,2.29299151399492
2.7685,2.17465074240875
2.769,0.267063568794324
2.7695,-1.85616980053577
2.77,-2.4468895890203
2.7705,-1.015948509101
2.771,1.25488014637764
2.7715,2.49614319268086
2.772,1.68189298844989
2.7725,-0.512999668791607
2.773,-2.28318419409337
2.7735,-2.16714406184743
2.774,-0.260210465727728
2.7745,1.86433497482762
2.775,2.45603881370565
2.7755,1.02641677067966
2.776,-1.24506976679874
2.7765,-2.48699413317645
2.777,-1.67569962737178
2.7775,0.520838780437116
2.778,2.29101916773372
2.7785,2.17695181289136
2.779,0.271008261504929
2.7795,-1.85386872324169
2.78,-2.44754704053276
2.7805,-1.01956448241502
2.781,1.25192162787304
2.7815,2.4958144682582
2.782,1.68550895566002
2.7825,-0.510041147150065
2.783,-2.28219801720384
2.7835,-2.1687876895727
2.784,-0.264155160185932
2.7845,1.86203390466537
2.785,2.45702498694504
2.7855,1.03003273783222
2.786,-1.24145379221794
2.7865,-2.48699413317645
2.787,-1.67800070386364
2.7875,0.517551536993553
2.788,2.28970427022758
2.7885,2.17859543466642
2.789,0.274952954205198
2.7895,-1.85156764595826
2.79,-2.44853321780338
2.7905,-1.02318045574843
2.791,1.24896310936808
2.7915,2.49614319268086
2.792,1.68813874999657
2.7925,-0.506425176268632
2.793,-2.28055438905958
2.7935,-2.1710887683981
2.794,-0.267113681039833
2.7945,1.85940411019646
2.795,2.45801116018513
2.7955,1.03299125640981
2.796,-1.23816654261746
2.7965,-2.48600795581474
2.797,-1.68063050558095
2.7975,0.514264293544502
2.798,2.28838937272251
2.7985,2.18023905644296
2.799,0.278240198114223
2.7995,-1.84893784336167
2.8,-2.44886194356076
2.8005,-1.02581025454856
2.801,1.24567586658435
2.8015,2.49515701941311
2.802,1.69076854433475
2.8025,-0.502809205402333
2.803,-2.2785820352946
2.8035,-2.17273239613771
2.804,-0.271058375525396
2.8045,1.85677431572993
2.805,2.45801116018513
2.8055,1.03660722355805
2.806,-1.23553674294969
2.8065,-2.48633668160171
2.807,-1.68326030731141
2.8075,0.510319601398368
2.808,2.2864170264669
2.8085,2.18155395386525
2.809,0.281856166405918
2.8095,-1.84663676610105
2.81,-2.44951939507632
2.8105,-1.02942622791554
2.811,1.24205989952166
2.8115,2.49449957056836
2.812,1.69306961438201
2.8125,-0.499521959173351
2.813,-2.27759585841544
2.8135,-2.17437602388331
2.814,-0.275003070026647
2.8145,1.85447324557366
2.815,2.45899733342592
2.8155,1.03956574213215
2.816,-1.23224949338074
2.8165,-2.48567923002802
2.817,-1.68589010905505
2.8175,0.506703633590743
2.818,2.2851021289645
2.8185,2.18385502435655
2.819,0.285143410300001
2.8195,-1.84433568885106
2.82,-2.45050557235159
2.8205,-1.03271347644787
2.821,1.23943010529387
2.8215,2.4941708461461
2.822,1.69602813301604
2.8225,-0.494919814473705
2.823,-2.27595223028843
2.8235,-2.17601965163489
2.824,-0.277632866369549
2.8245,1.85184345111155
2.825,2.45932605783968
2.8255,1.04318170927617
2.826,-1.22929096878364
2.8265,-2.48469305266943
2.827,-1.68884863603239
2.8275,0.503087665776388
2.828,2.28411595583838
2.8285,2.18549864613783
2.829,0.288759378575315
2.8295,-1.84137716097383
2.83,-2.45083429811053
2.8305,-1.03600072499632
2.831,1.23614286250863
2.8315,2.49384212172392
2.832,1.69865792735917
2.8325,-0.491961292893944
2.833,-2.27463732779127
2.8335,-2.17766327939246
2.834,-0.281906285441701
2.8345,1.84954238095913
2.835,2.46031223108141
2.8355,1.0464689521324
2.836,-1.22567499429527
2.8365,-2.48469305266943
2.837,-1.69114971258187
2.8375,0.499471697955275
2.838,2.28214360958795
2.8385,2.18747099227733
2.839,0.292704071229559
2.8395,-1.83907608374812
2.84,-2.45214920114887
2.8405,-1.03928797356091
2.841,1.23318434400145
2.8415,2.49351339730182
2.842,1.70161644599719
2.8425,-0.488345322087884
2.843,-2.27266497405291
2.8435,-2.17963563270945
2.844,-0.285522255440307
2.8445,1.84691258650142
2.845,2.46195585315253
2.8455,1.0500849192721
2.846,-1.22304519468063
2.8465,-2.48436432688376
2.847,-1.69443696481295
2.8475,0.496184454475646
2.848,2.28115743646363
2.8485,2.18944333841897
2.849,0.295991315100362
2.8495,-1.83743245716482
2.85,-2.45280665266959
2.8505,-1.04290394700063
2.851,1.23022582549379
2.8515,2.49285594845787
2.852,1.70358879175705
2.8525,-0.485058075913561
2.853,-2.27167879718705
2.8535,-2.18127926048021
2.854,-0.288809500905127
2.8545,1.84428279204602
2.855,2.46195585315253
2.8555,1.05304343783929
2.856,-1.21910049527956
2.8565,-2.48370687531319
2.857,-1.69673804138699
2.8575,0.492568486641547
2.858,2.27918509021677
2.8585,2.19075823584793
2.859,0.299607283350155
2.8595,-1.8344739293285
2.86,-2.45346410419135
2.8605,-1.0458624707386
2.861,1.22693858270694
2.8615,2.49219849961424
2.862,1.70621858610501
2.8625,-0.481113380520688
2.863,-2.269377717842
2.8635,-2.18259416270113
2.864,-0.292425470929153
2.8645,1.84231044620599
2.865,2.46261330198153
2.8655,1.05665940497498
2.866,-1.21647069569277
2.8665,-2.4833781495283
2.867,-1.6993678431983
2.8675,0.48829507010151
2.868,2.27754146834619
2.8685,2.19273058199317
2.869,0.303223251591501
2.8695,-1.83184412682203
2.87,-2.45412155571414
2.8705,-1.04947844421394
2.871,1.22332261564068
2.8715,2.49154105077093
2.872,1.70917710474851
2.8725,-0.478154858987692
2.873,-2.26872026660277
2.8735,-2.18489524159699
2.874,-0.296041440966538
2.8745,1.83935192744837
2.875,2.46327075081085
2.8755,1.05961792353893
2.876,-1.21318344622492
2.8765,-2.4833781495283
2.877,-1.70199764502285
2.8775,0.485665275302867
2.878,2.27589784647727
2.8785,2.19437420378251
2.879,0.307167944208826
2.8795,-1.82954304964021
2.88,-2.45477900723796
2.8805,-1.05276569284494
2.881,1.22036409713134
2.8815,2.49121232634939
2.882,1.71147817480607
2.8825,-0.474210163625877
2.883,-2.26641918727321
2.8835,-2.18653886938695
2.884,-0.299986135568048
2.8845,1.83672213299959
2.885,2.46359947522562
2.8855,1.06257644210145
2.886,-1.21022492171869
2.8865,-2.4827206979593
2.887,-1.70462744686066
2.8875,0.481063134396449
2.888,2.27392550023672
2.8885,2.19601782557336
2.889,0.310126463665269
2.8895,-1.82757069777849
2.89,-2.45543645876282
2.8905,-1.05638166635781
2.891,1.21674813006364
2.8915,2.49055487750657
2.892,1.71377924486495
2.8925,-0.47059419289309
2.893,-2.26510428480459
2.8935,-2.18883994830299
2.894,-0.303930830185531
2.8945,1.83376361424743
2.895,2.46392819964047
2.8955,1.06586368494703
2.896,-1.2072663972265
2.8965,-2.48239197217519
2.897,-1.70758597394404
2.8975,0.477775890884984
2.898,2.27261060274434
2.8985,2.19733272300712
2.899,0.313084983116116
2.8995,-1.82494089530828
2.9,-2.45609391028872
2.9005,-1.05901146528863
2.901,1.21378961155307
2.9015,2.49055487750657
2.902,1.71706648780852
2.9025,-0.467635671395484
2.903,-2.2641181079557
2.9035,-2.19048357610737
2.904,-0.30721807571233
2.9045,1.83179126841425
2.905,2.4649143728855
2.9055,1.06915092779088
2.906,-1.20397914780719
2.9065,-2.48206324639134
2.907,-1.71087322627862
2.9075,0.474488647367759
2.908,2.27096698088033
2.9085,2.19897634480068
2.909,0.317687124473015
2.9095,-1.82231109285186
2.91,-2.4570800875795
2.9105,-1.06262743883554
2.911,1.21083109304194
2.9115,2.48956870424293
2.912,1.72002500646007
2.9125,-0.464019700689653
2.913,-2.26214575426455
2.9135,-2.19212720391776
2.914,-0.310834045804678
2.9145,1.82916147397199
2.915,2.46590054613124
2.9155,1.07276689491715
2.916,-1.20036317346591
2.9165,-2.48140579482442
2.917,-1.71317430292518
2.9175,0.470872679492134
2.918,2.26998080776271
2.9185,2.20127741531421
2.919,0.32097436829114
2.9195,-1.82001001571379
2.92,-2.45806626487261
2.9205,-1.06591468753169
2.921,1.20754385025108
2.9215,2.48989742866406
2.922,1.72199735222902
2.9225,-0.460403729998604
2.923,-2.26083085180869
2.9235,-2.19377083173418
2.924,-0.314450015910539
2.9245,1.82686040383685
2.925,2.46688671937769
2.9255,1.07605413775745
2.926,-1.1974046490204
2.9265,-2.48107706904135
2.927,-1.71514665434462
2.9275,0.467256711609482
2.928,2.26833718590132
2.9285,2.2029210371114
2.929,0.324590336483184
2.9295,-1.81705148798034
2.93,-2.45872371640265
2.9305,-1.06854448650038
2.931,1.20425660745948
2.9315,2.48923997982188
2.932,1.72528459517947
2.9325,-0.456459034716103
2.933,-2.25885849813227
2.9335,-2.19541445955661
2.934,-0.317737261473072
2.9345,1.82455933370342
2.935,2.46721544379333
2.9355,1.07934138059609
2.936,-1.19411739965289
2.9365,-2.480419617476
2.937,-1.71777645624885
2.9375,0.463640743719774
2.938,2.26669356404155
2.9385,2.20456465891011
2.939,0.327877580286982
2.9395,-1.81442168556523
2.94,-2.45938116793372
2.9405,-1.07281790984683
2.941,1.20129808894637
2.9415,2.48891125540091
2.942,1.72758566524646
2.9425,-0.453171788660735
2.943,-2.25754359568623
2.9435,-2.19705808738506
2.944,-0.321024507046819
2.9445,1.82160081496294
2.945,2.46820161704072
2.9455,1.08229989914947
2.946,-1.19115887523686
2.9465,-2.48009089169371
2.947,-1.72073498340704
2.9475,0.460682224532017
2.948,2.26472121781198
2.9485,2.20620828071034
2.949,0.331822272842583
2.9495,-1.81277805906276
2.95,-2.45970989369964
2.9505,-1.07577643371829
2.951,1.19801084615326
2.9515,2.48825380655921
2.952,1.73021545961041
2.9525,-0.449555818013855
2.953,-2.25589996763419
2.9535,-2.19903044078716
2.954,-0.325297926309493
2.9545,1.81929974483339
2.955,2.46918779028882
2.9555,1.0859158662685
2.956,-1.18787162590206
2.9565,-2.47976216591169
2.957,-1.72369351058211
2.9575,0.456408807919071
2.958,2.26373504469807
2.9585,2.20818062687262
2.959,0.336095689766833
2.9595,-1.81047698196832
2.96,-2.46036734523227
2.9605,-1.07873495760305
2.961,1.19472360335934
2.9615,2.48825380655921
2.962,1.73284525397617
2.9625,-0.445611122779435
2.963,-2.25458506519697
2.9635,-2.19968789192312
2.964,-0.328913896469701
2.9645,1.81699867470553
2.965,2.46951651470501
2.9655,1.0892031091023
2.966,-1.18491310151542
2.9665,-2.47943344012992
2.967,-1.72566586204153
2.9675,0.453121564363862
2.968,2.26209142284286
2.9685,2.21015297303711
2.969,0.339382933546974
2.9695,-1.8068610036983
2.97,-2.46102479676593
2.9705,-1.08235093125805
2.971,1.19209380912359
2.9715,2.48792508213848
2.972,1.73580377263983
2.9725,-0.442323876764053
2.973,-2.25261271154849
2.9735,-2.20264642204689
2.974,-0.332201142081745
2.9745,1.81436888027574
2.975,2.46984523912129
2.9755,1.09249035193455
2.976,-1.18162585221324
2.9765,-2.47811853700546
2.977,-1.72862438924476
2.9775,0.449834320802724
2.978,2.26044780098926
2.9785,2.21146787048132
2.979,0.342998901697383
2.9795,-1.80455992663087
2.98,-2.46135352253315
2.9805,-1.08563818005261
2.981,1.18814911776894
2.9815,2.48726763329726
2.982,1.73876229130582
2.9825,-0.438379181561524
2.983,-2.25096908351482
2.9835,-2.20363259875916
2.984,-0.335488387705103
2.9845,1.81173908584813
2.985,2.47050268795406
2.9855,1.09544887048224
2.986,-1.1783386029282
2.9865,-2.47746108544479
2.987,-1.73092546597008
2.9875,0.445889628521502
2.988,2.25880417913728
2.9885,2.21311149228797
2.989,0.346286145463463
2.9895,-1.80225884957393
2.99,-2.46201097406837
2.9905,-1.08859670398179
2.991,1.18519059925211
2.9915,2.48595273561579
2.992,1.74073463708444
2.9925,-0.435091935572664
2.993,-2.24965418109229
2.9935,-2.20593367776291
2.994,-0.33910435790389
2.9945,1.80943801572575
2.995,2.47116013678716
2.9955,1.0984073890287
2.996,-1.1753800785863
2.9965,-2.47746108544479
2.997,-1.7338839932034
2.9975,0.442602384947242
2.998,2.25748928165685
2.9985,2.21508383845797
2.999,0.349902113598459
2.9995,-1.79995777252748
3,-2.46299715137314
3.0005,-1.09221267769117
3.001,1.18223208073455
3.0015,2.48562401119562
3.002,1.74303570716081
3.0025,-0.43246213879023
3.003,-2.24801055306963
3.0035,-2.20724858005607
3.004,-0.343377777247454
3.0045,1.8068082213022
3.005,2.47181758562057
3.0055,1.10169463185668
3.006,-1.17176410440944
3.0065,-2.47713235966485
3.007,-1.73618506995214
3.0075,0.438657692650209
3.008,2.25551693543815
3.0085,2.21639873590586
3.009,0.353518081725425
3.0095,-1.7976566954915
3.01,-2.46398332868024
3.0105,-1.09517120165008
3.011,1.17894483793637
3.0115,2.48529528677553
3.012,1.74566550153557
3.0125,-0.428188719035151
3.013,-2.24669565065591
3.0135,-2.20922093350308
3.014,-0.346665022909445
3.0145,1.80450715118335
3.015,2.4724750344543
3.0155,1.10563932324829
3.016,-1.16913430502106
3.0165,-2.47614618232658
3.017,-1.73848614671114
3.0175,0.435699173421739
3.018,2.2542020379603
3.0185,2.21837108207956
3.019,0.357134049844392
3.0195,-1.79502689317749
3.02,-2.46431205444979
3.0205,-1.09780100073592
3.021,1.17532887085728
3.0215,2.48463783793559
3.022,1.74862402020941
3.0225,-0.424901473083476
3.023,-2.24472329704265
3.0235,-2.21020711022984
3.024,-0.350280993150818
3.0245,1.80220608106614
3.025,2.47313248328834
3.0255,1.10859784179063
3.026,-1.16486088103822
3.0265,-2.47548873076903
3.027,-1.74177339924182
3.0275,0.432083205469178
3.028,2.25255841611444
3.0285,2.22001470389267
3.029,0.361078742328721
3.0295,-1.79206836559055
3.03,-2.46496950598968
3.0305,-1.10141697449626
3.031,1.17269907661719
3.0315,2.48463783793559
3.032,1.75125381458817
3.0325,-0.421285502550433
3.033,-2.2434083946387
3.0335,-2.21217946368991
3.034,-0.353896963406031
3.0345,1.79957628664846
3.035,2.47346120770548
3.0355,1.11221380889635
3.036,-1.16190235675927
3.0365,-2.47548873076903
3.037,-1.7437457507703
3.0375,0.428138513148912
3.038,2.25091479427017
3.0385,2.22132960134427
3.039,0.364365986058445
3.0395,-1.78976728859043
3.04,-2.4656269575306
3.0405,-1.10503294827667
3.041,1.16908310953604
3.0415,2.48365166467629
3.042,1.75388360896883
3.0425,-0.417340807439932
3.043,-2.24176476663925
3.0435,-2.21415181715869
3.044,-0.357512933675112
3.0445,1.79727521653472
3.045,2.47477610537484
3.0455,1.11550105171826
3.046,-1.15894383249408
3.0465,-2.47483127921253
3.047,-1.74637555282002
3.0475,0.424522545180953
3.048,2.24992862116438
3.0485,2.22363067188697
3.049,0.367981954153592
3.0495,-1.78746621160074
3.05,-2.46595568330145
3.0505,-1.10799147229377
3.051,1.16612459101418
3.0515,2.48299421583715
3.052,1.75651340335141
3.0525,-0.413396112346563
3.053,-2.23946368745028
3.0535,-2.215795445056
3.054,-0.360800179386338
3.0545,1.7949741464226
3.055,2.47543355421
3.0555,1.11845957025678
3.056,-1.15565658332668
3.0565,-2.47417382765706
3.057,-1.74867662962456
3.0575,0.420906577205583
3.058,2.24762755058644
3.0585,2.22527429370504
3.059,0.371926646612039
3.0595,-1.78417895877644
3.06,-2.46628440907255
3.0605,-1.11062127143139
3.061,1.16316607249148
3.0615,2.48299421583715
3.062,1.75914319773591
3.0625,-0.410108866448481
3.063,-2.23782005946547
3.0635,-2.21743907295936
3.064,-0.36441614968198
3.0645,1.79201562770937
3.065,2.47543355421
3.0655,1.12174681307607
3.066,-1.15204060926212
3.0665,-2.47318765032582
3.067,-1.75163515695982
3.0675,0.417290609222773
3.068,2.24598392874697
3.0685,2.22658919116061
3.069,0.375213890320277
3.0695,-1.78187788181208
3.07,-2.46694186061555
3.0705,-1.11456597015781
3.071,1.15987882968747
3.0715,2.48200804257904
3.072,1.76111554352556
3.0725,-0.406821620562246
3.073,-2.23650515708202
3.0735,-2.2194114264514
3.074,-0.368360844565872
3.0745,1.78905710899878
3.075,2.47609100304547
3.0755,1.12437660733054
3.076,-1.150068259781
3.0765,-2.47318765032582
3.077,-1.75492240957455
3.0775,0.414003365595554
3.078,2.24401158254171
3.0785,2.22757536425295
3.079,0.378829858391875
3.0795,-1.77990553013664
3.08,-2.46759931215959
3.0805,-1.11785321911484
3.081,1.15626286260181
3.0815,2.48167931815983
3.082,1.76407406221208
3.0825,-0.403205650101045
3.083,-2.23551898029698
3.0835,-2.22072632878428
3.084,-0.37197681489073
3.0845,1.78642731459156
3.085,2.47674845188126
3.0855,1.12799257442904
3.086,-1.14612356083703
3.0865,-2.47253019877295
3.087,-1.75689476115349
3.0875,0.41005867323471
3.088,2.2426966850728
3.0885,2.22954771043931
3.089,0.382117102086567
3.0895,-1.77694700263781
3.09,-2.46858548947758
3.0905,-1.12114046808857
3.091,1.1529756197955
3.0915,2.4813505937407
3.092,1.76703258090108
3.0925,-0.399589679654123
3.093,-2.23321790114043
3.0935,-2.22269868229087
3.094,-0.375264060652766
3.0945,1.78412624448693
3.095,2.47707717629927
3.0955,1.1312798172445
3.096,-1.14283631173564
3.0965,-2.47220147299691
3.097,-1.75952456327057
3.0975,0.406771429593829
3.098,2.24138178760491
3.0985,2.23152005662792
3.099,0.38573307014332
3.0995,-1.77431720043105
3.1,-2.46891421525077
3.1005,-1.12377026727959
3.101,1.15001710126886
3.1015,2.48102186932165
3.102,1.76999109959258
3.1025,-0.395644984637365
3.103,-2.23190299877062
3.1035,-2.22434231021971
3.104,-0.379208755582534
3.1045,1.78182517438387
3.105,2.47806334955379
3.1055,1.13489578434002
3.106,-1.13987778755882
3.1065,-2.4715440214456
3.107,-1.76182564013408
3.1075,0.403484185946702
3.108,2.23973816577147
3.1085,2.23349240281879
3.109,0.38967776256005
3.1095,-1.77168739823787
3.11,-2.46957166679792
3.1105,-1.12771496608621
3.111,1.14672985846039
3.1115,2.48003569606498
3.112,1.77196344538831
3.1125,-0.392686463385902
3.113,-2.23025937081382
3.1135,-2.22532848697993
3.114,-0.382167276790854
3.1145,1.77952410428236
3.115,2.47904952280903
3.1155,1.13752557859036
3.116,-1.13626181358346
3.1165,-2.47121529567034
3.117,-1.76445544227648
3.1175,0.39986821792762
3.118,2.23809454393961
3.1185,2.23546474901191
3.119,0.392965006233658
3.1195,-1.76938632132995
3.12,-2.47022911834611
3.1205,-1.13067349020703
3.121,1.14377133993177
3.1215,2.48003569606498
3.122,1.77459323978436
3.1225,-0.388084319235834
3.123,-2.22795829168453
3.1235,-2.22697211491848
3.124,-0.38611197174997
3.1245,1.77656558558271
3.125,2.47904952280903
3.1255,1.14081282140217
3.126,-1.13330328943694
3.1265,-2.47055784412059
3.127,-1.76708524443241
3.1275,0.395594801167977
3.128,2.23645092210933
3.1285,2.23645092210933
3.129,0.396580974267303
3.1295,-1.76675651916218
3.13,-2.47055784412059
3.1305,-1.13330328943694
3.131,1.14048409712105
3.1315,2.47904952280903
3.132,1.77689430988255
3.1325,-0.385125798008615
3.133,-2.22697211491848
3.1335,-2.22894446845277
3.134,-0.389727942143938
3.1345,1.77393579118516
3.135,2.4793782472276
3.1355,1.14410006421277
3.136,-1.13034476530404
3.1365,-2.47055784412059
3.137,-1.77004377187401
3.1375,0.391978833132242
3.138,2.23513602464624
3.1385,2.23842326830585
3.139,0.39986821792762
3.1395,-1.76445544227648
3.14,-2.4715440214456
3.1405,-1.13724798830199
3.141,1.13686813002785
3.1415,2.47839207397213
3.142,1.77985282858248
3.1425,-0.381509827632634
3.143,-2.22565721256715
3.1435,-2.2305880964047
3.144,-0.393015187968928
3.1445,1.77130599678961
3.145,2.48036442048379
3.1455,1.14738730702218
3.146,-1.12672879138229
3.1465,-2.46924294102421
3.147,-1.77300229933277
3.1475,0.388691589456728
3.148,2.23250622972307
3.1485,2.23973816577147
3.149,0.403484185946702
3.1495,-1.76149691486723
3.15,-2.47121529567034
3.1505,-1.14053523737471
3.151,1.13390961149594
3.1515,2.47773462513554
3.152,1.78215389868421
3.1525,-0.377893857270752
3.153,-2.22335613346168
3.1535,-2.23223172436271
3.154,-0.396959882974403
3.1545,1.76867620239605
3.155,2.48036442048379
3.1555,1.15034582554965
3.156,-1.12377026727959
3.1565,-2.46891421525077
3.157,-1.77497465098147
3.1575,0.384746897037701
3.158,2.23086260789813
3.1585,2.24138178760491
3.159,0.407100153958198
3.1595,-1.75886711274003
3.16,-2.47220147299691
3.1605,-1.14349376155457
3.161,1.13062236868151
3.1615,2.47674845188126
3.162,1.78445496878749
3.1625,-0.374606611499431
3.163,-2.22204123112104
3.1635,-2.23420407792035
3.164,-0.40024712882523
3.1645,1.76571768370566
3.165,2.48102186932165
3.1655,1.15363306835686
3.166,-1.12048301829248
3.1665,-2.46825676370466
3.167,-1.77727572791461
3.1675,0.381459653348143
3.168,2.2302051591686
3.1685,2.24302540943993
3.169,0.410716121962138
3.1695,-1.75590858536307
3.17,-2.47285892454925
3.1705,-1.14678101065933
3.171,1.12700640158415
3.1715,2.47641972746333
3.172,1.78708476319317
3.1725,-0.370661916589161
3.173,-2.22006887761736
3.1735,-2.23519025470246
3.174,-0.403863099274746
3.1745,1.76374533791345
3.175,2.48167931815983
3.1755,1.15724903544349
3.176,-1.11686704442598
3.1765,-2.46759931215959
3.177,-1.78023425541535
3.1775,0.378172409652165
3.178,2.22823281298149
3.1785,2.24499775564405
3.179,0.414660814321493
3.1795,-1.75393623378792
3.18,-2.47285892454925
3.1805,-1.150068259781
3.181,1.12437660733054
3.1815,2.47609100304547
3.182,1.78971455760091
3.1825,-0.367045946269393
3.183,-2.21875397528642
3.1835,-2.23716260827326
3.184,-0.407479069738546
3.1845,1.76078681922721
3.185,2.48233676699833
3.1855,1.16053627824836
3.186,-1.11423724526303
3.1865,-2.46694186061555
3.187,-1.78286405765267
3.1875,0.374227717208485
3.188,2.22658919116061
3.1885,2.24664137748257
3.189,0.418276782309733
3.1895,-1.75163515695982
3.19,-2.47351637610264
3.1905,-1.15335550891959
3.191,1.12076064023043
3.1915,2.47477610537484
3.192,1.79234435201071
3.1925,-0.36375870053628
3.193,-2.21678162179729
3.1935,-2.23880623625562
3.194,-0.411423764806291
3.1945,1.75815702484149
3.195,2.4826654914177
3.1955,1.16349479677182
3.196,-1.11094999632434
3.1965,-2.46628440907255
3.197,-1.7851651346215
3.1975,0.37028302475549
3.198,2.22461684497762
3.1985,2.24762755058644
3.199,0.42156402592893
3.1995,-1.74867662962456
3.2,-2.47483127921253
3.2005,-1.15664275807512
3.201,1.11780212169276
3.2015,2.47477610537484
3.202,1.79431669781943
3.2025,-0.360800179386338
3.203,-2.21546671947605
3.2035,-2.24077858984251
3.204,-0.415039735300054
3.2045,1.75552723045772
3.205,2.48332294025668
3.2055,1.16678203957467
3.206,-1.10766274740231
3.2065,-2.46595568330145
3.207,-1.78845238745219
3.2075,0.366667056665361
3.208,2.22264449879687
3.2085,2.24927117242751
3.209,0.42517999390295
3.2095,-1.74604682756307
3.21,-2.47483127921253
3.2105,-1.1596012823296
3.211,1.11385743030748
3.2115,2.47378993212271
3.212,1.79727521653472
3.2125,-0.356198035393839
3.213,-2.21349436600146
3.2135,-2.24209349223865
3.214,-0.417998256623825
3.2145,1.75289743607586
3.215,2.48332294025668
3.2155,1.16974055809634
3.216,-1.10470422338671
3.2165,-2.46529823176001
3.217,-1.79075346444634
3.2175,0.363051088567341
3.218,2.22132960134427
3.2185,2.25157224300769
3.219,0.428467237509269
3.2195,-1.7437457507703
3.22,-2.47548873076903
3.2205,-1.1632172564371
3.221,1.11057018748487
3.2215,2.47313248328834
3.222,1.79957628664846
3.2225,-0.353239514267689
3.223,-2.21217946368991
3.2235,-2.24406584584018
3.224,-0.42227167633074
3.2245,1.7505963659933
3.225,2.48430911351574
3.2255,1.17302780089724
3.226,-1.10141697449626
3.2265,-2.46496950598968
3.227,-1.79272581616393
3.2275,0.359763844834996
3.228,2.21968597952993
3.2285,2.25255841611444
3.229,0.432740654188371
3.2295,-1.74111594873401
3.23,-2.47614618232658
3.2305,-1.1665045056436
3.231,1.10761166894331
3.2315,2.4724750344543
3.232,1.80187735676381
3.2325,-0.349294819447254
3.233,-2.20987838465401
3.2335,-2.24570947384818
3.234,-0.425558922272854
3.2345,1.74763784731787
3.235,2.48496656235552
3.2355,1.17631504369714
3.236,-1.0981297256224
3.2365,-2.46365460291095
3.237,-1.79568434375471
3.2375,0.356147876721829
3.238,2.21837108207956
3.2385,2.25453076232967
3.239,0.4363566221396
3.2395,-1.73848614671114
3.24,-2.47680363388517
3.2405,-1.16880558009828
3.241,1.10465315040059
3.2415,2.47280375887128
3.242,1.80483587548594
3.2425,-0.345678849209651
3.243,-2.20889220792797
3.2435,-2.24702437625897
3.244,-0.428517443630977
3.2445,1.74566550153557
3.245,2.48562401119562
3.2455,1.17993101077592
3.246,-1.0948424767651
3.2465,-2.46332587714191
3.247,-1.7976566954915
3.2475,0.352531908600684
3.248,2.21672746026799
3.2485,2.25584565980777
3.249,0.439643865725279
3.2495,-1.73585634470169
3.25,-2.47647490810574
3.2505,-1.17242155425824
3.251,1.1010371832912
3.2515,2.47116013678716
3.252,1.80746566990788
3.2525,-0.342391603551079
3.253,-2.20659112890901
3.2535,-2.24833927867367
3.254,-0.43246213879023
3.2545,1.74237825856742
3.255,2.48595273561579
3.2555,1.18288952929407
3.256,-1.09155522792435
3.2565,-2.46299715137314
3.257,-1.80061522311111
3.2575,0.34924466484724
3.258,2.21475511409615
3.2585,2.25748928165685
3.259,0.442602384947242
3.2595,-1.73322654270564
3.26,-2.47811853700546
3.2605,-1.17603752843885
3.261,1.0984073890287
3.2615,2.47083141237057
3.262,1.80976674002885
3.2625,-0.338446908775816
3.263,-2.20527622661777
3.2635,-2.24998290669756
3.264,-0.436078109368059
3.2645,1.74007718849145
3.265,2.48595273561579
3.2655,1.18584804781147
3.266,-1.08859670398179
3.2665,-2.46201097406837
3.267,-1.80258757486714
3.2675,0.345628696710781
3.268,2.21311149228797
3.2685,2.25880417913728
3.269,0.446875801592613
3.2695,-1.73059674072298
3.27,-2.47844726278619
3.2705,-1.17866732785593
3.271,1.09479142191619
3.2715,2.47017396353763
3.272,1.81272525875823
3.2725,-0.335159663142257
3.273,-2.20330387318817
3.2735,-2.25195526033429
3.274,-0.440022804560468
3.2745,1.73744739412065
3.275,2.48726763329726
3.2755,1.18847784204854
3.276,-1.08498073029238
3.2765,-2.46168224830063
3.277,-1.80521737722049
3.2775,0.341684004189081
3.278,2.21113914612017
3.2785,2.26077652535985
3.279,0.450163045159105
3.2795,-1.72796693875369
3.28,-2.47844726278619
3.2805,-1.18228330207231
3.281,1.09084673051862
3.2815,2.46951651470501
3.282,1.81502632888298
3.2825,-0.331543692958432
3.283,-2.2016602453368
3.2835,-2.25327016276367
3.284,-0.443638775168757
3.2845,1.73481759975169
3.285,2.48759635771783
3.2855,1.19242253340309
3.286,-1.08169348150112
3.2865,-2.46102479676593
3.287,-1.8081759048844
3.2875,0.338396760413637
3.288,2.20949552431537
3.2885,2.26242014721377
3.289,0.453779013075377
3.2895,-1.72500841155422
3.29,-2.47910471434842
3.2905,-1.18524182644658
3.291,1.08821693625233
3.2915,2.46853034145667
3.292,1.81732739900941
3.2925,-0.327927722788291
3.293,-2.19968789192312
3.2935,-2.25491379080591
3.294,-0.447254745791658
3.2945,1.73153035679306
3.295,2.48759635771783
3.2955,1.19538105191819
3.296,-1.07840623272631
3.2965,-2.46036734523227
3.297,-1.81047698196832
3.2975,0.334452067874239
3.298,2.20686572943085
3.2985,2.26307759595579
3.299,0.457066256629403
3.2995,-1.72270733485521
3.3,-2.47976216591169
3.3005,-1.18852907576764
3.301,1.08460096913453
3.3015,2.46787289262484
3.302,1.81962846913751
3.3025,-0.323983028072798
3.303,-2.19870171521954
3.3035,-2.25688614446468
3.304,-0.450541991825185
3.3045,1.72955801101925
3.305,2.48825380655921
3.3055,1.19833957043261
3.306,-1.07511898396793
3.3065,-2.45970989369964
3.307,-1.8134355096631
3.3075,0.330507375325133
3.308,2.20555083199006
3.3085,2.26504994218341
3.309,0.460353500177528
3.3095,-1.72040625816641
3.31,-2.48009089169371
3.3105,-1.19181632510589
3.311,1.08164245058217
3.3115,2.46754416820905
3.312,1.8219295392673
3.3125,-0.320695782488939
3.313,-2.19640063625296
3.3135,-2.25787232129737
3.314,-0.453829237870836
3.3145,1.72692821665575
3.315,2.48858253098002
3.3155,1.20228426178414
3.316,-1.07183173522596
3.3165,-2.45905244216805
3.317,-1.81540786146929
3.3175,0.327548855906908
3.318,2.20423593455024
3.3185,2.26669356404155
3.319,0.46429819242752
3.3195,-1.71777645624885
3.32,-2.48009089169371
3.3205,-1.19510357446134
3.321,1.07835520774467
3.3215,2.46688671937769
3.322,1.82488805800809
3.3225,-0.317079812359669
3.323,-2.19442828286243
3.3235,-2.25984467496938
3.324,-0.457773933141655
3.3245,1.72429842229404
3.325,2.48923997982188
3.3255,1.20524278029704
3.326,-1.06821576162872
3.3265,-2.4583949906375
3.327,-1.8173802132832
3.3275,0.323932887721608
3.328,2.20226358839234
3.3285,2.26800846152923
3.329,0.468242884669086
3.3295,-1.71481792910752
3.33,-2.48107706904135
3.3305,-1.19806209889598
3.331,1.07506796490553
3.3315,2.46622927054664
3.332,1.82718912814176
3.3325,-0.313463842243963
3.333,-2.19278465504361
3.3335,-2.26115957742229
3.334,-0.460732454606271
3.3345,1.72133990363926
3.335,2.48989742866406
3.3355,1.20820129880931
3.336,-1.06525723779116
3.3365,-2.45773753910798
3.337,-1.82001001571379
3.3375,0.320316919528062
3.338,2.20061996659576
3.3385,2.26998080776271
3.339,0.471201403844753
3.3395,-1.71251685245369
3.34,-2.48140579482442
3.3405,-1.20102062334459
3.341,1.07210944634889
3.3415,2.46557182171592
3.342,1.82981892258234
3.3425,-0.30984787214179
3.343,-2.19114102723081
3.3435,-2.26280320549395
3.344,-0.465005874517048
3.3445,1.71871010928133
3.345,2.48989742866406
3.3455,1.21214599015807
3.346,-1.06131253936166
3.3465,-2.45675136181565
3.347,-1.82263981815816
3.3475,0.316700951326241
3.348,2.19930506915958
3.3485,2.27162442962574
3.349,0.475146096071666
3.3495,-1.7095583253423
3.35,-2.48206324639134
3.3505,-1.20430787274834
3.351,1.06849347922225
3.3515,2.46458564847041
3.352,1.83244871702517
3.3525,-0.306231902053121
3.353,-2.18916867386338
3.3535,-2.2641181079557
3.354,-0.467964396005839
3.3545,1.71640903921959
3.355,2.49022615308528
3.3555,1.21477578438999
3.356,-1.05901146528863
3.3565,-2.45609391028872
3.357,-1.82461217000047
3.3575,0.313084983116116
3.358,2.19766144736571
3.3585,2.2732680514904
3.359,0.478762063939027
3.3595,-1.70692852347961
3.36,-2.48239197217519
3.3605,-1.20792384711244
3.361,1.06553496066255
3.3615,2.4642569240554
3.362,1.83507851147026
3.3625,-0.302615931977926
3.363,-2.18752504606381
3.3635,-2.26609046165569
3.364,-0.471580366727832
3.3645,1.71377924486495
3.365,2.49121232634939
3.3655,1.21806302717926
3.366,-1.05506676689631
3.3665,-2.45543645876282
3.367,-1.82724197246896
3.3675,0.309469014897655
3.368,2.19634654993171
3.3685,2.2749116733567
3.369,0.482378031799427
3.3695,-1.70396999639996
3.37,-2.4827206979593
3.3705,-1.21055364666313
3.371,1.06224771781679
3.3715,2.46359947522562
3.372,1.83770830591762
3.3725,-0.298671237365772
3.373,-2.18555269271225
3.3735,-2.26674791289098
3.374,-0.474867612851616
3.3745,1.71147817480607
3.375,2.49186977519254
3.3755,1.22102154568902
3.376,-1.05210824311744
3.3765,-2.45445028147592
3.377,-1.82987177495125
3.3775,0.306181771055432
3.378,2.19371675506659
3.3785,2.27589784647727
3.379,0.485993999652897
3.3795,-1.70166891979406
3.38,-2.48304942374367
3.3805,-1.21416962106345
3.381,1.05863175068444
3.3815,2.46261330198153
3.382,1.83968065175463
3.3825,-0.295712716417132
3.383,-2.18423779048269
3.3835,-2.26904899222226
3.384,-0.479141032830915
3.3845,1.70851965616088
3.385,2.49186977519254
3.3855,1.22398006419824
3.386,-1.04849226962781
3.3865,-2.45412155571414
3.387,-1.83250157744735
3.3875,0.302237078435607
3.388,2.19240185763548
3.3885,2.27787019272018
3.389,0.489281243150062
3.3895,-1.69903911797117
3.39,-2.48370687531319
3.3905,-1.21712814558842
3.391,1.05534450783498
3.3915,2.46195585315253
3.392,1.84231044620599
3.3925,-0.291768021832882
3.393,-2.18226543714554
3.3935,-2.27003516908221
3.394,-0.482428278983004
3.3945,1.70556113751786
3.395,2.49186977519254
3.3955,1.22726730698565
3.396,-1.0458624707386
3.3965,-2.45379282995261
3.397,-1.83513137995728
3.3975,0.29927855896416
3.398,2.1904295114906
3.3985,2.27885636584252
3.399,0.492897210990384
3.3995,-1.69608059093623
3.4,-2.48436432688376
3.4005,-1.22041539507713
3.401,1.05205726498373
3.4015,2.46129840432385
3.402,1.84428279204602
3.4025,-0.288152051811282
3.403,-2.18127926048021
3.4035,-2.27200752280876
3.404,-0.486372974381806
3.4045,1.70293134317032
3.405,2.49252722403601
3.4055,1.23055454977244
3.406,-1.04224649728286
3.4065,-2.45280665266959
3.407,-1.8371037318488
3.4075,0.295333866326763
3.408,2.18878588970485
3.4085,2.28082871208899
3.409,0.496184454475646
3.4095,-1.69345078914146
3.41,-2.48436432688376
3.4105,-1.22304519468063
3.411,1.04877002213065
3.4115,2.46096967990963
3.412,1.8472413108085
3.4125,-0.284864806348663
3.413,-2.17930690715602
3.4135,-2.27365115092098
3.414,-0.489331495942595
3.4145,1.70063027311761
3.415,2.4931846728798
3.4155,1.23351306828005
3.416,-1.03895924870372
3.4165,-2.4524779269091
3.417,-1.84006225970069
3.4175,0.291717898066948
3.418,2.18681354356392
3.4185,2.28214360958795
3.419,0.499471697955275
3.4195,-1.69114971258187
3.42,-2.48502177845537
3.4205,-1.22666116915364
3.421,1.0458115035613
3.4215,2.46031223108141
3.422,1.84921365665179
3.4225,-0.280920111808023
3.423,-2.17733455384047
3.4235,-2.27496605341519
3.424,-0.492947466752747
3.4245,1.6976717544803
3.425,2.49384212172392
3.4255,1.23680031106572
3.426,-1.03600072499632
3.4265,-2.45116302386972
3.427,-1.8420346116117
3.4275,0.287773205410168
3.428,2.18516992178145
3.4285,2.28345850708798
3.429,0.503745114470409
3.4295,-1.68819118559154
3.43,-2.48535050424156
3.4305,-1.22994841869288
3.431,1.04186681213316
3.4315,2.45899733342592
3.432,1.85151472680395
3.4325,-0.277632866369549
3.433,-2.17536220053354
3.4335,-2.27628095591334
3.434,-0.496892162199138
3.4345,1.6947132358451
3.435,2.49384212172392
3.4355,1.23975882957236
3.436,-1.03238475159391
3.4365,-2.45017684659291
3.437,-1.84466441417184
3.4375,0.284157237132521
3.438,2.1828688512885
3.4385,2.28477340458906
3.439,0.507361082283538
3.4395,-1.68589010905505
3.44,-2.48567923002802
3.4405,-1.23290694329313
3.441,1.0382508449883
3.4415,2.45768243577169
3.442,1.85381579695791
3.4425,-0.274016896399861
3.443,-2.17371857278435
3.4435,-2.27792458404158
3.444,-0.50017940841815
3.4445,1.69175471721199
3.445,2.4941708461461
3.4455,1.24271734807856
3.446,-1.02909750306319
3.4465,-2.44984812083448
3.447,-1.84729421674585
3.4475,0.280541268846298
3.448,2.18089650515399
3.4485,2.2860883020912
3.449,0.510648325744183
3.4495,-1.68293158209438
3.45,-2.48633668160171
3.4505,-1.23619419286558
3.451,1.03496360212732
3.4515,2.45702498694504
3.452,1.85644559142178
3.4525,-0.27040092644338
3.453,-2.17207494504115
3.4535,-2.27956821217598
3.454,-0.50379537927346
3.4545,1.68945364716546
3.455,2.49449957056836
3.4555,1.24600459086274
3.456,-1.02581025454856
3.4565,-2.44919066931841
3.457,-1.84959529400951
3.4575,0.277254024942265
3.458,2.17958160773217
3.4585,2.28806064834641
3.459,0.513935569199295
3.4595,-1.68030178036556
3.46,-2.48699413317645
3.4605,-1.23981016741551
3.461,1.03167635926441
3.4615,2.45702498694504
3.462,1.85907538588801
3.4625,-0.266456231960428
3.463,-2.17043131730393
3.4635,-2.28121184031654
3.464,-0.507740074769218
3.4645,1.68682385282809
3.465,2.49449957056836
3.4655,1.24896310936808
3.466,-1.02285173089914
3.4665,-2.44820449204624
3.467,-1.85222509660958
3.4675,0.272980607856353
3.468,2.17793798595622
3.4685,2.28970427022758
3.469,0.517880261338156
3.4695,-1.6776719786499
3.47,-2.48699413317645
3.4705,-1.24276869206304
3.471,1.02871784068611
3.4715,2.45603881370565
3.472,1.86170518035662
3.4725,-0.262840262031464
3.473,-2.16813023848187
3.4735,-2.28285546846328
3.474,-0.511027321029451
3.4745,1.68452278278423
3.475,2.49548574383562
3.4755,1.25257907642965
3.476,-1.01923575756749
3.4765,-2.44787576628937
3.477,-1.85485489922356
3.4775,0.269693363935877
3.478,2.17596563982703
3.4785,2.29069044335708
3.479,0.521496229125173
3.4795,-1.67471345173549
3.48,-2.48732285896421
3.4805,-1.24539849176168
3.481,1.02543059781946
3.4815,2.45571008929268
3.482,1.86433497482762
3.4825,-0.259553016652876
3.483,-2.166486610759
3.4835,-2.28384164535428
3.484,-0.514314567302222
3.4845,1.68189298844989
3.485,2.49614319268086
3.4855,1.25586631921243
3.486,-1.01561978425523
3.4865,-2.4468895890203
3.487,-1.85715597652221
3.4875,0.266734844401306
3.488,2.17432201805433
3.4885,2.29266278961789
3.489,0.524783472562182
3.4895,-1.67208365004775
3.49,-2.48765158475223
3.4905,-1.2486857414008
3.491,1.02214335495079
3.4915,2.45505264046696
3.492,1.86663604499171
3.4925,-0.255937046748921
3.493,-2.1648429830421
3.4935,-2.28548527351089
3.494,-0.517930538216781
3.4945,1.67893446982567
3.495,2.49614319268086
3.4955,1.25915356199478
3.496,-1.01200381096233
3.4965,-2.44557468599849
3.497,-1.85912832850098
3.4975,0.262790151679461
3.498,2.17267839628309
3.4985,2.29397768712643
3.499,0.527741991650842
3.4995,-1.66978257358174
3.5,-2.48863776211786
3.5005,-1.25164426609105
3.501,1.01852738779292
3.5015,2.45406646722898
3.502,1.86926583946722
3.5025,-0.252321076858022
3.503,-2.1628706297897
3.5035,-2.28712890167368
3.504,-0.521875233777308
3.5045,1.67663339978599
3.505,2.4964719171036
3.5055,1.26178335622037
3.506,-1.009374012216
3.5065,-2.44524596024368
3.507,-1.86208685648383
3.5075,0.259502907736635
3.508,2.17070605015954
3.5085,2.29562130901361
3.509,0.532015408104497
3.5095,-1.66682404671162
3.51,-2.48863776211786
3.5105,-1.25493151576362
3.511,1.01556886920737
3.5115,2.45340901840405
3.512,1.87156690963527
3.5125,-0.24870510698015
3.513,-2.16155572762621
3.5135,-2.28811507857432
3.514,-0.52516248009162
3.5145,1.67367488116533
3.515,2.49745809037232
3.5155,1.26507059900201
3.516,-1.00575803895647
3.5165,-2.44458850873484
3.517,-1.86471665915008
3.5175,0.255558214995664
3.518,2.16840497968472
3.5185,2.29693620652456
3.519,0.535631375865861
3.5195,-1.6641942450632
3.52,-2.48863776211786
3.5205,-1.25789004048402
3.521,1.01228162633256
3.5215,2.45275156957943
3.522,1.87386797980518
3.5225,-0.245089137115274
3.523,-2.15925464884928
3.5235,-2.28942998111197
3.524,-0.52877845105196
3.5245,1.67104508683751
3.525,2.49745809037232
3.5255,1.26802911750518
3.526,-1.00247079055545
3.5265,-2.44393105722703
3.527,-1.86668901115893
3.5275,0.251613522244206
3.528,2.16709008227183
3.5285,2.29857982841477
3.529,0.538918619279652
3.5295,-1.66156444342787
3.53,-2.48929521369626
3.5305,-1.26117729019013
3.531,1.00899438345566
3.5315,2.45176539634308
3.532,1.87616904997696
3.5325,-0.241144442732015
3.533,-2.15761102115863
3.5335,-2.29140233492586
3.534,-0.532065697392835
3.5345,1.66808656822056
3.535,2.49778681479539
3.5355,1.27098763600808
3.536,-0.999183542170335
3.5365,-2.44327360572025
3.537,-1.86931881384963
3.5375,0.247997553879456
3.538,2.1647890118015
3.5385,2.29989472592814
3.539,0.542863311369153
3.5395,-1.65893464180562
3.54,-2.48962393948584
3.5405,-1.26380708996775
3.541,1.00570714057664
3.5415,2.45110794751923
3.542,1.87847012015062
3.5425,-0.237857197424392
3.543,-2.15596739347393
3.5435,-2.29238851183615
3.544,-0.535352943746394
3.5445,1.66479932531513
3.545,2.49811553921853
3.5455,1.27427487878877
3.546,-0.995567568965057
3.5465,-2.44228742846202
3.547,-1.87161989121546
3.5475,0.2447103099038
3.548,2.16281666568635
3.5485,2.30120962344259
3.549,0.545821830431257
3.5495,-1.65597611499619
3.55,-2.48995266527569
3.5505,-1.26742306468047
3.551,1.00241989769548
3.5515,2.45012177428405
3.552,1.88077119032616
3.5525,-0.233912503069322
3.553,-2.15399504026016
3.5535,-2.29436086566341
3.554,-0.539297639387439
3.5545,1.66249825528274
3.555,2.49877298806507
3.5555,1.27789084584718
3.556,-0.992280320613278
3.5565,-2.44130125120611
3.557,-1.87392096859201
3.5575,0.2407656171233
3.558,2.16117304392531
3.5585,2.30285324533717
3.559,0.549437798168007
3.5595,-1.65334631340168
3.56,-2.4902813910658
3.5605,-1.27038158946138
3.561,0.999132654812154
3.5615,2.44913560104957
3.562,1.88340098481481
3.5625,-0.230625257785135
3.563,-2.15169396152159
3.5635,-2.29567576821987
3.564,-0.542584885768982
3.5645,1.66019718525152
3.565,2.49877298806507
3.5655,1.28019191579328
3.566,-0.989321797110221
3.5665,-2.44031507395251
3.567,-1.87622204597928
3.5675,0.238135821930394
3.568,2.15985814651752
3.5685,2.30449686723343
3.569,0.553382490237194
3.5695,-1.65038778662344
3.57,-2.4909388426468
3.5705,-1.27334011425666
3.571,0.995516687637977
3.5715,2.44847815222697
3.572,1.88537333068293
3.5725,-0.227009287984791
3.573,-2.15005033385832
3.5735,-2.29731939642101
3.574,-0.546200856803413
3.5745,1.65723866664163
3.575,2.49943043691193
3.5755,1.28347915857319
3.576,-0.986034548788518
3.5765,-2.43998634820183
3.577,-1.87885184872074
3.5775,0.233862404731813
3.578,2.15788580040757
3.5785,2.30581176475167
3.579,0.556341009284129
3.5795,-1.64742925986169
3.58,-2.4912675684377
3.5805,-1.27662736404608
3.581,0.992229444750043
3.5815,2.44782070340468
3.582,1.88800312517594
3.5825,-0.223393318197264
3.583,-2.14840670620099
3.5835,-2.29896302462836
3.584,-0.549816827853309
3.5845,1.65460887232331
3.585,2.49943043691193
3.5855,1.28676640135287
3.586,-0.982747300482612
3.5865,-2.43900017095133
3.587,-1.88115292613101
3.5875,0.229917711921976
3.588,2.1559134542997
3.5885,2.30745538665098
3.589,0.559956977002419
3.5895,-1.64512818350282
3.59,-2.4909388426468
3.5905,-1.27991461385329
3.591,0.988942201859877
3.5915,2.44683453017182
3.592,1.89030419535937
3.5925,-0.219777348422523
3.593,-2.14643435302004
3.5935,-2.29994920155574
3.594,-0.5534327989187
3.5945,1.65165035371697
3.595,2.49943043691193
3.5955,1.2897249198544
3.596,-0.979131327364334
3.5965,-2.43834271945228
3.597,-1.88345400355204
3.5975,0.226301743503525
3.598,2.15361238384312
3.5985,2.30844155979139
3.599,0.563244220377227
3.5995,-1.64282710715391
3.6,-2.49159629422885
3.6005,-1.28254441371187
3.601,0.985654958967457
3.6015,2.44584835693967
3.602,1.89293398985707
3.6025,-0.215832654137353
3.603,-2.14479072537578
3.6035,-2.30159282977301
3.604,-0.556720045355254
3.6045,1.64902055940178
3.605,2.50008788575912
3.6055,1.29301216263369
3.606,-0.976172803918101
3.6065,-2.43735654220565
3.607,-1.88575508098382
3.6075,0.223014499478893
3.608,2.15229748644063
3.6085,2.31008518169342
3.609,0.56718891242017
3.6095,-1.63953985524415
3.61,-2.49192502002027
3.6105,-1.28550293856643
3.611,0.982696440362332
3.6115,2.44519090811861
3.612,1.89523506004464
3.6125,-0.21221668438925
3.613,-2.14248964668379
3.6135,-2.30257900670635
3.614,-0.560336016450309
3.6145,1.64639076508805
3.615,2.50008788575912
3.6155,1.29564195685701
3.616,-0.972228106009605
3.6165,-2.43702781645728
3.617,-1.88772743307677
3.6175,0.219727255446756
3.618,2.1506538646888
3.6185,2.31172880359715
3.619,0.571133604455702
3.6195,-1.63691005373094
3.62,-2.49225374581194
3.6205,-1.28846146343544
3.621,0.978751748885936
3.6215,2.44453345929787
3.622,1.89786485454709
3.6225,-0.208929439174718
3.623,-2.14084601905378
3.6235,-2.30389390928761
3.624,-0.563951987560945
3.6245,1.64376097077575
3.625,2.50074533460663
3.6255,1.2995866481918
3.626,-0.969269582593074
3.6265,-2.4357129134664
3.627,-1.89068596123104
3.6275,0.215782562598251
3.628,2.14868151858848
3.6285,2.31304370112136
3.629,0.574092123477511
3.6295,-1.63395152704408
3.63,-2.49225374581194
3.6305,-1.292077438295
3.631,0.975793230276445
3.6315,2.44354728606734
3.632,1.90016592473882
3.6325,-0.205642193970654
3.633,-2.13887366590558
3.6335,-2.30553753751977
3.634,-0.567239234038708
3.6345,1.64113117646489
3.635,2.50140278345447
3.6355,1.30254516669278
3.636,-0.965653609545673
3.6365,-2.4350554619725
3.637,-1.89265831334378
3.6375,0.212166594144231
3.638,2.14670917249022
3.6385,2.31402987426524
3.639,0.578036815500169
3.6395,-1.63132172555841
3.64,-2.49291119739608
3.6405,-1.29536468818612
3.641,0.972505987374783
3.6415,2.44288983724737
3.642,1.90246699493251
3.6425,-0.201697499739564
3.643,-2.13690131276592
3.6435,-2.30718116575814
3.644,-0.570526480529395
3.6445,1.63850138215545
3.645,2.50173150787851
3.6455,1.30583240947154
3.646,-0.962037636517218
3.6465,-2.43439801047964
3.647,-1.8952881161731
3.6475,0.208879350087163
3.648,2.14506555074323
3.6485,2.31600222055484
3.649,0.581652783181188
3.6495,-1.62869192408568
3.65,-2.49291119739608
3.6505,-1.29799448811191
3.651,0.969218744470753
3.6515,2.44223238842771
3.652,1.90476806512816
3.6525,-0.197752805523476
3.653,-2.13492895963478
3.6535,-2.30849606835331
3.654,-0.574799900986649
3.6545,1.63554286355901
3.655,2.50173150787851
3.6555,1.30879092797236
3.656,-0.958421663507677
3.6565,-2.43275438175197
3.657,-1.89758919366032
3.6575,0.204934657208643
3.658,2.14309320464872
3.6585,2.31665966931858
3.659,0.585268750856101
3.6595,-1.62573339744432
3.66,-2.49291119739608
3.6605,-1.3012817380353
3.661,0.96560277727356
3.6615,2.44124621519879
3.662,1.90739785963989
3.6625,-0.194136835838541
3.663,-2.13328533203202
3.6635,-2.3094822453023
3.664,-0.578087147507149
3.6645,1.63258434496434
3.665,2.50140278345447
3.6655,1.31174944647313
3.666,-0.955463140150282
3.6665,-2.43242565600721
3.667,-1.89956154580082
3.6675,0.201318688727015
3.668,2.14112085855624
3.6685,2.31863201561147
3.669,0.588555994191656
3.6695,-1.6227748708193
3.67,-2.49356864898126
3.6705,-1.30456898797664
3.671,0.961986810073446
3.6715,2.44026004197057
3.672,1.90969892983978
3.6725,-0.190520866166151
3.673,-2.13098425339808
3.6735,-2.31079714790444
3.674,-0.581703118694715
3.6745,1.62962582637141
3.675,2.50238895672683
3.6755,1.31470796497386
3.676,-0.952504616805514
3.6765,-2.43111075303073
3.677,-1.90252007402646
3.6775,0.198031444644771
3.678,2.13881978811759
3.6785,2.31961818875884
3.679,0.591843237522211
3.6795,-1.62047379456669
3.68,-2.49422610056749
3.6805,-1.30851368792999
3.681,0.958699567161691
3.6815,2.43927386874304
3.682,1.91200000004166
3.6825,-0.187562345534413
3.683,-2.12966935132675
3.6835,-2.31276950181511
3.684,-0.58531908989804
3.6845,1.62699603206804
3.685,2.50238895672683
3.6855,1.31799520775244
3.686,-0.948888643845696
3.6865,-2.43078202728726
3.687,-1.90514987690871
3.6875,0.193758027326373
3.688,2.13717616637739
3.6885,2.32093308628962
3.689,0.59578792951231
3.6895,-1.6175152679707
3.69,-2.49389737477424
3.6905,-1.3111434879133
3.691,0.955741048539007
3.6915,2.43894514433402
3.692,1.91430107024554
3.6925,-0.183946375884752
3.693,-2.12769699822684
3.6935,-2.31441313008084
3.694,-0.588606336460218
3.6945,1.62403751347838
3.695,2.50271768115111
3.6955,1.32095372625316
3.696,-0.945930120528925
3.6965,-2.42979585005837
3.697,-1.90745095444229
3.6975,0.190142058816018
3.698,2.13520382029099
3.6985,2.32257670820466
3.699,0.599075172831946
3.6995,-1.61488546656573
3.7,-2.49422610056749
3.7005,-1.31377328790814
3.701,0.952453805622556
3.7015,2.4376302466987
3.702,1.91660214045142
3.7025,-0.18033040624755
3.703,-2.12572464513544
3.7035,-2.31539930704327
3.704,-0.591564858377354
3.7045,1.62140771917788
3.705,2.50271768115111
3.7055,1.32391224475389
3.706,-0.942642872413924
3.7065,-2.42913839857373
3.707,-1.90942330662255
3.7075,0.186854814707579
3.708,2.13356019855388
3.7085,2.3235628813545
3.709,0.602362416146654
3.7095,-1.61225566517363
3.71,-2.49521227794879
3.7105,-1.3173892629199
3.711,0.9491665627036
3.7115,2.43730152229006
3.712,1.91890321065931
3.7125,-0.176714436622777
3.713,-2.12375229205253
3.7135,-2.31704293531897
3.714,-0.595509554283367
3.7145,1.61844920059141
3.715,2.50337512999992
3.7155,1.32687076325466
3.716,-0.939026899505325
3.7165,-2.42913839857373
3.717,-1.91205310954195
3.7175,0.182910121767213
3.718,2.13125912812426
3.7185,2.32487777888859
3.719,0.605649659456457
3.7195,-1.60896841345158
3.72,-2.49488355215476
3.7205,-1.32034778794579
3.721,0.94555059548983
3.7215,2.43598662465628
3.722,1.92120428086922
3.7225,-0.172769742500802
3.723,-2.12210866448994
3.7235,-2.31802911228738
3.724,-0.59879680088614
3.7245,1.61614813058087
3.725,2.50370385442445
3.7255,1.33048673031123
3.726,-0.935410926615449
3.7265,-2.42749476986663
3.727,-1.91435418710806
3.7275,0.179622877641685
3.728,2.12961550639049
3.7285,2.32619267642379
3.729,0.609923075751905
3.7295,-1.60600988691889
3.73,-2.49521227794879
3.7305,-1.32330631298633
3.731,0.942592076858086
3.7315,2.43500045143175
3.732,1.92350535108116
3.7325,-0.16915377290192
3.733,-2.11980758591221
3.7335,-2.31901528925803
3.734,-0.60241277216437
3.7345,1.61318961199737
3.735,2.50403257884906
3.7355,1.33311652453426
3.736,-0.931466228938722
3.7365,-2.42585114116595
3.737,-1.91665526468502
3.7375,0.176335633508353
3.738,2.12797188465812
3.7385,2.32816502272867
3.739,0.613539043380107
3.7395,-1.60338008557014
3.74,-2.49521227794879
3.7405,-1.32626483804154
3.741,0.939304833931481
3.7415,2.43500045143175
3.742,1.92613514561159
3.7425,-0.165209078808118
3.743,-2.11816395836376
3.7435,-2.32065891754745
3.744,-0.606028743458531
3.7445,1.61055981770229
3.745,2.50436130327375
3.7455,1.33640376731314
3.746,-0.928836430499911
3.7465,-2.42519368968747
3.747,-1.9186276169025
3.7475,0.172719664952647
3.748,2.1259995385811
3.7485,2.3298086446513
3.749,0.616826286673401
3.7495,-1.60075028423421
3.75,-2.49586972953763
3.7505,-1.32922336311143
3.751,0.935688866709219
3.7515,2.4340142782079
3.752,1.92876494014468
3.7525,-0.161921833741136
3.753,-2.11586287980583
3.7535,-2.32197382018346
3.754,-0.609644714768653
3.7545,1.6079300234085
3.755,2.50469002769852
3.7555,1.33969101009214
3.756,-0.925549182465261
3.7565,-2.42453623821002
3.757,-1.92092869449965
3.7575,0.169432420802853
3.758,2.12402719250608
3.7585,2.33112354219065
3.759,0.620770978619013
3.7595,-1.59779175774659
3.76,-2.49554100374308
3.7605,-1.33218188819602
3.761,0.93240162377714
3.7615,2.43269938057718
3.762,1.93073728604626
3.7625,-0.157977139674149
3.763,-2.11389052676535
3.7635,-2.3229599971631
3.764,-0.613260686094766
3.7645,1.60530022911599
3.765,2.50436130327375
3.7655,1.34199208003754
3.766,-0.922261934445992
3.7665,-2.42420751247168
3.767,-1.92355849748115
3.7675,0.165487727812706
3.768,2.12205484643305
3.7685,2.33276716411641
3.769,0.623729497573704
3.7695,-1.59516195643786
3.77,-2.49619845533244
3.7705,-1.33546913830728
3.771,0.928456932255156
3.7715,2.43204193176228
3.772,1.93303835626669
3.7725,-0.154689894629458
3.773,-2.1122468992381
3.7735,-2.32460362546748
3.774,-0.616547932768771
3.7745,1.60234171053842
3.775,2.5053474765483
3.7755,1.34593677137269
3.776,-0.918645961642536
3.7765,-2.42256388378383
3.777,-1.92585957510163
3.7775,0.16187175922841
3.778,2.11975377601703
3.7785,2.3337533372727
3.779,0.62734546517976
3.7795,-1.59187470481992
3.78,-2.49619845533244
3.7805,-1.33842766342296
3.781,0.925498413611148
3.7815,2.4307270341334
3.782,1.93566815080684
3.7825,-0.151073925091959
3.783,-2.11060327171672
3.7835,-2.32558980245311
3.784,-0.620163904125496
3.7845,1.59938319196243
3.785,2.5053474765483
3.7855,1.34889528987424
3.786,-0.915687438453511
3.7865,-2.42190643231049
3.787,-1.92783192735643
3.7875,0.158584515052548
3.788,2.11811015429294
3.7885,2.33441078604391
3.789,0.630961432780088
3.7895,-1.58957362869923
3.79,-2.49619845533244
3.7905,-1.3413861885534
3.791,0.922539894964962
3.7915,2.42974086091254
3.792,1.93731177239582
3.7925,-0.147786680068444
3.793,-2.10797346769474
3.7935,-2.32723343076749
3.794,-0.6237798754983
3.7945,1.59609594910206
3.795,2.50501875212337
3.7955,1.35152508409798
3.796,-0.911742740887437
3.7965,-2.42124898083817
3.797,-1.93013300499715
3.7975,0.154311097612042
3.798,2.11548035953726
3.7985,2.33572568358716
3.799,0.634248676048169
3.7995,-1.58694382743041
3.8,-2.49685590692286
3.8005,-1.34500216373288
3.801,0.918923927727752
3.8015,2.42842596328579
3.802,1.93994156694039
3.8025,-0.143841986053488
3.803,-2.10632984018863
3.8035,-2.32920578475299
3.804,-0.627067122214826
3.8045,1.59412360338675
3.805,2.50567620097332
3.8055,1.35481232687786
3.806,-0.908455492932527
3.8065,-2.42026280363162
3.807,-1.93243408264879
3.8075,0.151023853417865
3.808,2.11383673781674
3.8085,2.3373693055178
3.809,0.637864643637646
3.8095,-1.58398530101822
3.81,-2.49685590692286
3.8105,-1.3473032388586
3.811,0.915307960487234
3.8115,2.42809723887929
3.812,1.94224263716913
3.8125,-0.140226016552458
3.813,-2.10435748718906
3.8135,-2.32953451041811
3.814,-0.630354368944688
3.8145,1.59083636052942
3.815,2.5053474765483
3.8155,1.35809956965801
3.816,-0.904839520199755
3.8165,-2.41894790069313
3.817,-1.93473516031135
3.8175,0.147407884795031
3.818,2.11219311609759
3.8185,2.33868420306357
3.819,0.641480611221482
3.8195,-1.58102677462215
3.82,-2.49718463271845
3.8205,-1.35059048905373
3.821,0.911691993243377
3.8215,2.42711106566026
3.822,1.94454370739997
3.8225,-0.135952598066833
3.823,-2.10205640870023
3.8235,-2.33150686441411
3.824,-0.633641615687907
3.8245,1.5885352905304
3.825,2.50600492539841
3.8255,1.36105808816037
3.826,-0.901880997068478
3.8265,-2.41796172349196
3.827,-1.93703623798484
3.8275,0.143463191740863
3.828,2.1102207700364
3.8285,2.34032782499735
3.829,0.645096578799707
3.8295,-1.57839697339471
3.83,-2.49718463271845
3.8305,-1.35387773926715
3.831,0.909062198882094
3.8315,2.42645361684795
3.832,1.94750222627129
3.8325,-0.132665353089356
3.833,-2.10008405571895
3.8335,-2.33282176708312
3.834,-0.637257587120904
3.8345,1.58557677196157
3.835,2.50600492539841
3.8355,1.36434533094106
3.836,-0.898593749159294
3.8365,-2.41730427202579
3.837,-1.93933731566926
3.8375,0.139847223097692
3.838,2.10824842397716
3.8385,2.34131399815846
3.839,0.648055097723195
3.8395,-1.57543844702904
3.84,-2.49718463271845
3.8405,-1.35650753945108
3.841,0.90478878304118
3.8415,2.42480999481851
3.842,1.94881712354855
3.8425,-0.129706832618131
3.843,-2.09844042824099
3.8435,-2.3338079440875
3.844,-0.641202283248128
3.8445,1.58228952910906
3.845,2.50633364982359
3.8455,1.36697512516584
3.846,-0.894977776476744
3.8465,-2.41631809482846
3.847,-1.94196711875057
3.8475,0.136559978868147
3.848,2.10594735357719
3.8485,2.3426288957076
3.849,0.651671065291296
3.8495,-1.57313737097795
3.85,-2.49784208431043
3.8505,-1.36012351472315
3.851,0.901830264379286
3.8515,2.42382382160175
3.852,1.95111819378543
3.8525,-0.126090863164216
3.853,-2.09646807527518
3.8535,-2.33512284676352
3.854,-0.644489530035588
3.8545,1.57965973482836
3.855,2.50699109867419
3.8555,1.37026236794711
3.856,-0.891690528599449
3.8565,-2.41566064336485
3.857,-1.94426819645845
3.8575,0.132615285782001
3.858,2.10397500752218
3.8585,2.34394379325785
3.859,0.655287032853872
3.8595,-1.56985011949326
3.86,-2.49817081010682
3.8605,-1.36275331493497
3.861,0.898214297122721
3.8615,2.42382382160175
3.862,1.95374798834447
3.8625,-0.122146169228151
3.863,-2.0948244478101
3.8635,-2.33709520078506
3.864,-0.648434226198303
3.8645,1.57670121626395
3.865,2.50699109867419
3.8655,1.3728921621724
3.866,-0.888403280737303
3.8665,-2.4143457404407
3.867,-1.9468979995666
3.8675,0.129328041534609
3.868,2.10167393712712
3.8685,2.3446012420334
3.869,0.658574276087807
3.8695,-1.56689159317396
3.87,-2.49784208431043
3.8705,-1.36604056521629
3.871,0.894927054159188
3.8715,2.42218019957535
3.872,1.95572033426558
3.8725,-0.118858924292292
3.873,-2.09219464387815
3.8735,-2.33808137779921
3.874,-0.651721473015393
3.8745,1.57341397341629
3.875,2.50699109867419
3.8755,1.37519323211972
3.876,-0.884787308106414
3.8765,-2.41335956325028
3.877,-1.94887035190711
3.8775,0.125712072853065
3.878,2.10003031541798
3.8785,2.34657358836175
3.879,0.662518967962565
3.8795,-1.5642617920147
3.88,-2.49882826170037
3.8805,-1.36932781551601
3.881,0.891311086895953
3.8815,2.42152275076532
3.882,1.95769268018826
3.8825,-0.115242954874224
3.883,-2.09022229093901
3.8835,-2.33906755481562
3.884,-0.655337444529791
3.8845,1.57111290342397
3.885,2.50666237424885
3.8855,1.37880919918018
3.886,-0.882157509840883
3.8865,-2.41270211179128
3.887,-1.95084270425568
3.8875,0.121767379734646
3.888,2.09838669371017
3.8885,2.34723103713843
3.889,0.665806211186587
3.8895,-1.56163199086809
3.89,-2.49915698749753
3.8905,-1.37195761576905
3.891,0.888023843926306
3.8915,2.42020785314616
3.892,1.9603224747543
3.8925,-0.111298260977163
3.893,-2.08824993800827
3.8935,-2.34071118318131
3.894,-0.658953416060559
3.8945,1.56782566057927
3.895,2.50633364982359
3.8955,1.3814389934063
3.896,-0.878212812460685
3.8965,-2.41138720887635
3.897,-1.95314378200588
3.8975,0.118151411032389
3.898,2.0954281746395
3.8985,2.34821721030397
3.899,0.669093454406139
3.8995,-1.55900218973411
3.9,-2.49948571329496
3.9005,-1.37491614106784
3.901,0.884736600953713
3.9015,2.41922167993259
3.902,1.96262354500189
3.9025,-0.108011016073725
3.903,-2.08660631057242
3.9035,-2.34169736020374
3.904,-0.662898112294648
3.9045,1.56552459058901
3.905,2.50731982309962
3.9055,1.38505496046766
3.906,-0.874925564660418
3.9065,-2.41072975742042
3.907,-1.95577358516242
3.9075,0.11453544232018
3.908,2.09411327727614
3.9085,2.35018955663698
3.909,0.67270942194251
3.9095,-1.55604366347348
3.91,-2.49915698749753
3.9105,-1.37787466638157
3.911,0.881449357978152
3.9115,2.41856423112392
3.912,1.96492461525166
3.9125,-0.104395046691234
3.913,-2.0846339576571
3.9135,-2.34334098857947
3.914,-0.665856634483047
3.9145,1.56289479631544
3.915,2.50764854752512
3.9155,1.3883422032512
3.916,-0.871309592097488
3.9165,-2.41007230596551
3.917,-1.95741721214255
3.9175,0.111248198027691
3.918,2.09181220689232
3.9185,2.35150445419373
3.919,0.67632538947353
3.9195,-1.55341386236631
3.92,-2.49915698749753
3.9205,-1.38116191674773
3.921,0.878490839297589
3.9215,2.41790678231555
3.922,1.96788313414741
3.9225,-0.0997929038578525
3.923,-2.08200415378307
3.9235,-2.34432716560792
3.924,-0.669472606061608
3.9245,1.55993627775896
3.925,2.50863472080212
3.9255,1.39162944603523
3.926,-0.868022344328769
3.9265,-2.40842867733271
3.927,-1.96004701532245
3.9275,0.10796095372693
3.928,2.09082603387148
3.9285,2.35314807614126
3.929,0.679941356999229
3.9295,-1.54979788586454
3.93,-2.49948571329496
3.9305,-1.3841204420931
3.931,0.875203596316325
3.9315,2.41692060910356
3.932,1.96952675575772
3.9325,-0.0961769345021343
3.933,-2.08036052636938
3.9335,-2.34531334263864
3.934,-0.672431128274512
3.9345,1.55730648348767
3.935,2.50863472080212
3.9355,1.39425924026281
3.936,-0.864735096575036
3.9365,-2.40744250015609
3.937,-1.96169064231718
3.9375,0.104016260555065
3.938,2.08819623915156
3.9385,2.35446297370057
3.939,0.683557324519636
3.9395,-1.54683935965351
3.94,-2.49948571329496
3.9405,-1.38707896745347
3.941,0.871916353332027
3.9415,2.41626316029594
3.942,1.97182782601403
3.9425,-0.0928896896434802
3.943,-2.07838817348064
3.9435,-2.34695697102818
3.944,-0.675718375190702
3.9445,1.55467668921743
3.945,2.50863472080212
3.9455,1.39754648304777
3.946,-0.861119124063214
3.9465,-2.40645632298178
3.947,-1.96432044552046
3.9475,0.100400291803662
3.948,2.08622389311384
3.9485,2.35544914687079
3.949,0.686515843396054
3.9495,-1.5445382837226
3.95,-2.49948571329496
3.9505,-1.3903662178715
3.951,0.868300386045767
3.9515,2.41494826268162
3.952,1.97412889627253
3.9525,-0.0892737203101313
3.953,-2.07608709512103
3.9535,-2.34827187374433
3.954,-0.6793343468143
3.9545,1.55204689494822
3.955,2.50797727195071
3.9555,1.40083372583327
3.956,-0.85750315156947
3.9565,-2.40547014580976
3.957,-1.96662152333513
3.9575,0.0967843230421594
3.958,2.08425154707802
3.9585,2.35676404443209
3.959,0.690460535225828
3.9595,-1.5412510324094
3.96,-2.49948571329496
3.9605,-1.39299601821929
3.961,0.864684418755779
3.9615,2.41396208947166
3.962,1.97642996653325
3.9625,-0.0856577509884561
3.963,-2.0744434677283
3.9635,-2.34925805078409
3.964,-0.683279043149851
3.9645,1.54843092782974
3.965,2.50863472080212
3.9655,1.40379224434071
3.966,-0.853887179093774
3.9665,-2.40448396864004
3.967,-1.96892260116085
3.9675,0.0928396298362386
3.968,2.08260792538295
3.9685,2.35873639077617
3.969,0.693747778412573
3.9695,-1.53894995650183
3.97,-2.49915698749753
3.9705,-1.39595454362478
3.971,0.861725900061177
3.9715,2.41297591626238
3.972,1.97873103679617
3.9725,-0.0820417816784245
3.973,-2.07214238938824
3.9735,-2.35024422782611
3.974,-0.686237565414478
3.9745,1.54645858212956
3.975,2.50929216965387
3.9755,1.40642203856994
3.976,-0.850599931404231
3.9765,-2.40382651719484
3.977,-1.97056622818597
3.9775,0.0895523854887342
3.978,2.08030685501205
3.9785,2.35972256394918
3.979,0.697692470231023
3.9795,-1.53566270522195
3.98,-2.49915698749753
3.9805,-1.39891306904534
3.981,0.857781208464431
3.9815,2.41231846745657
3.982,1.9813608313851
3.9825,-0.0780970878989069
3.983,-2.06984131105957
3.9835,-2.35155913055233
3.984,-0.690182261784631
3.9845,1.54350006358035
3.985,2.50896344522795
3.9855,1.40970928135704
3.986,-0.846983958962906
3.9865,-2.40284034002895
3.987,-1.97286730603062
3.9875,0.0859364166967517
3.988,2.0783345089819
3.9885,2.36136618590561
3.989,0.700979713408385
3.9895,-1.53336162933768
3.99,-2.49981443909265
3.9905,-1.40154286943184
3.991,0.854822689763893
3.9915,2.41133229424842
3.992,1.9833331773287
3.9925,-0.0748098430931721
3.993,-2.06786895821548
3.9935,-2.35254530759963
3.994,-0.693140784075254
3.9945,1.54087026931544
3.995,2.50929216965387
3.9955,1.41266779986596
3.996,-0.844025436069727
3.9965,-2.40152543714466
3.997,-1.97549710929519
3.9975,0.0819917234574778
3.998,2.07636216295362
3.9985,2.36202363468869
3.999,0.704924405215641
3.9995,-1.53007437809105
