Time_s,Voltage_V
0,-1.53138927858736
0.0005,-2.06754023274228
0.001,-2.40152543714466
0.0015,-2.49981443909265
0.002,-2.35254530759963
0.0025,-1.97483965847769
0.003,-1.40384394477981
0.0035,-0.695113132275207
0.004,0.0813342745830802
0.0045,0.851864171060785
0.005,1.53922664790037
0.0055,2.07570471427794
0.006,2.4100173966386
0.0065,2.50896344522795
0.007,2.36268108347205
0.0075,1.98530552327395
0.008,1.41562631837541
0.0085,0.706568026800209
0.009,-0.0705364248599882
0.0095,-0.840409463661035
0.01,-1.52777330223003
0.0105,-2.06523915443636
0.011,-2.39988180854505
0.0115,-2.50014316489061
0.012,-2.35386021033289
0.0125,-1.97779818716354
0.013,-1.40778864539762
0.0135,-0.699057828690023
0.014,0.0773895813295674
0.0145,0.847919479452613
0.015,1.53561068078854
0.0155,2.07340364391471
0.016,2.40870249902998
0.0165,2.50929216965387
0.017,2.36432470543171
0.0175,1.98826404219491
0.018,1.41858483688541
0.0185,0.710183994282576
0.019,-0.0665917311205599
0.0195,-0.836136041746572
0.02,-1.52448605101658
0.0205,-2.06260935067209
0.021,-2.39889563138834
0.0215,-2.50047189068882
0.022,-2.35616129012579
0.0225,-1.98075671586769
0.023,-1.41107589593301
0.0235,-0.703002525124752
0.024,0.0734448880638077
0.0245,0.844303512141048
0.025,1.53199471367853
0.0255,2.07110257355401
0.026,2.40738760142256
0.0265,2.50896344522795
0.027,2.36498215421608
0.0275,1.99023638814428
0.028,1.42220080395394
0.0285,0.714128686075775
0.029,-0.0623183129182693
0.0295,-0.832848794137049
0.03,-1.52119879982262
0.0305,-2.06030827239053
0.031,-2.39790945423392
0.0315,-2.50047189068882
0.032,-2.35681874149746
0.0325,-1.98305779376136
0.033,-1.41403442143086
0.0335,-0.706618496874115
0.034,0.0695001947857622
0.0345,0.840687544825556
0.035,1.52903619513529
0.0355,2.06880150319585
0.036,2.40673015261929
0.0365,2.50896344522795
0.037,2.36728322496362
0.0375,1.99286618274603
0.038,1.4251593224652
0.0385,0.718073377863013
0.039,-0.0580448947319708
0.0395,-0.828904097025085
0.04,-1.5182402737647
0.0405,-2.05800719412031
0.041,-2.39659455136493
0.0415,-2.50047189068882
0.042,-2.35780491855685
0.0425,-1.98568759708199
0.043,-1.41699294694389
0.0435,-0.710891918054109
0.044,0.0648980526124625
0.0445,0.836414128902142
0.045,1.52607767659323
0.0455,2.06650043284021
0.046,2.40508653061244
0.0465,2.50929216965387
0.047,2.36794067374928
0.0475,1.99549597735075
0.048,1.42877528953533
0.0485,0.721689345329446
0.049,-0.0544289255098647
0.0495,-0.824301950421247
0.05,-1.51528174772253
0.0505,-2.0560348413263
0.051,-2.39560837421586
0.0515,-2.5008006164873
0.052,-2.3594485469942
0.0525,-1.98765994958198
0.053,-1.42093764765155
0.0535,-0.714836614548813
0.054,0.060953359307664
0.0545,0.83246943727558
0.055,1.52246170948783
0.0555,2.06419936248709
0.056,2.40410035740923
0.0565,2.50962089407986
0.057,2.3695842957147
0.0575,1.99746832330623
0.058,1.43206253232716
0.0585,0.725962761419767
0.059,-0.0501555073529599
0.0595,-0.821343427619699
0.06,-1.51199449658302
0.0605,-2.05373376307714
0.061,-2.39462219706909
0.0615,-2.5008006164873
0.062,-2.36109217543786
0.0625,-1.99028975292799
0.063,-1.42422489826193
0.0635,-0.718452586353255
0.064,0.0573373904340318
0.0645,0.828853469947023
0.065,1.51917446666622
0.0655,2.06156956780088
0.066,2.40311418420668
0.0665,2.50929216965387
0.067,2.37089919328832
0.0675,2.00009811791616
0.068,1.43534977511978
0.0685,0.729250004561499
0.069,-0.0458820892119064
0.0695,-0.817398730569447
0.07,-1.50870724546291
0.0705,-2.05143268483931
0.071,-2.3936360199246
0.0715,-2.5008006164873
0.072,-2.36207835250709
0.0725,-1.99291955628851
0.073,-1.4275121488911
0.0735,-0.722068558174591
0.074,0.0530639726608004
0.0745,0.824908778311244
0.075,1.51621594812796
0.0755,2.05959722178836
0.076,2.40179928660433
0.0765,2.50994961850594
0.077,2.3718853664693
0.0775,2.00305663685591
0.078,1.43830829363382
0.0785,0.733523420639722
0.079,-0.0419373955572677
0.0795,-0.813454033540277
0.08,-1.50541999436219
0.0805,-2.04880288115279
0.081,-2.39232111706885
0.0815,-2.50047189068882
0.082,-2.36372198096084
0.0825,-1.99554935966357
0.083,-1.43047067447345
0.0835,-0.72601325472626
0.084,0.0491192793186575
0.0845,0.821292810974173
0.085,1.51259998102712
0.0855,2.05729615144274
0.086,2.40015566460306
0.0865,2.50896344522795
0.087,2.37352898843905
0.0875,2.00568643147221
0.088,1.44159553642798
0.0885,0.736810663772207
0.089,-0.0376639774465579
0.0895,-0.809838061282025
0.09,-1.50180401817375
0.0905,-2.0468305283976
0.091,-2.39100621421717
0.0915,-2.5008006164873
0.092,-2.36470815803612
0.0925,-1.99785043762867
0.093,-1.43408665020595
0.0935,-0.729957951298109
0.094,0.0448458615171995
0.0945,0.81701939502505
0.095,1.50964146249129
0.0955,2.05466635676507
0.096,2.39916949140319
0.0965,2.50962089407986
0.097,2.37451516162176
0.0975,2.00765877743642
0.098,1.44521150350255
0.0985,0.741084079838487
0.099,-0.034048008288227
0.0995,-0.805893364293154
0.1,-1.49917421732412
0.1005,-2.04420072473692
0.101,-2.38969131136956
0.1015,-2.50145806808504
0.102,-2.36635178649997
0.1025,-2.00015151560491
0.103,-1.43704517582224
0.1035,-0.733902647890177
0.104,0.0405724437009912
0.1045,0.813403427678954
0.105,1.50602549539337
0.1055,2.05236528642477
0.106,2.39752586940489
0.1065,2.50929216965387
0.107,2.37583005919973
0.1075,2.01028857205801
0.108,1.44817002201889
0.1085,0.745028771586044
0.109,-0.0297745902064749
0.1095,-0.802606116818447
0.11,-1.49555824117607
0.1105,-2.0425570974565
0.111,-2.38837640852602
0.1115,-2.50112934228604
0.112,-2.3676666892756
0.1125,-2.00278131901998
0.113,-1.44098987666777
0.1135,-0.737847344502502
0.114,0.0366277503190488
0.1145,0.809787460328674
0.115,1.50339570114133
0.1155,2.04973549175315
0.116,2.39719714500545
0.1165,2.50929216965387
0.117,2.37747368117382
0.1175,2.0125896423544
0.118,1.4517859890954
0.1185,0.749302187639517
0.119,-0.0255011721403378
0.1195,-0.798003970378278
0.12,-1.49227099015264
0.1205,-2.0399272938198
0.121,-2.3867327799773
0.1215,-2.50112934228604
0.122,-2.36832414066493
0.1225,-2.00475367159084
0.123,-1.44361967724659
0.1235,-0.741134591694943
0.124,0.0330117813744905
0.1245,0.80617149297418
0.125,1.50010845832742
0.1255,2.04842059441855
0.126,2.39588224740844
0.1265,2.50994961850594
0.127,2.3787885787544
0.1275,2.01554816131034
0.128,1.45507323189319
0.1285,0.753246879375338
0.129,-0.0212277540897661
0.1295,-0.794059273452196
0.13,-1.48931246424803
0.1305,-2.03729749019783
0.131,-2.38574660285112
0.1315,-2.5008006164873
0.132,-2.36996776914268
0.1325,-2.00738347503142
0.133,-1.44690692798715
0.1335,-0.745408013066225
0.134,0.0290670879682692
0.1345,0.802226801309891
0.135,1.49682121551476
0.1355,2.04546207541863
0.136,2.39456734981261
0.1365,2.50994961850594
0.137,2.38010347633615
0.1375,2.01719178295419
0.138,1.45868919897185
0.1385,0.756862846794943
0.139,-0.0176117849821725
0.1395,-0.79110075077132
0.14,-1.48569648816356
0.1405,-2.03433896114071
0.141,-2.38476042572723
0.1415,-2.50112934228604
0.142,-2.37161139762675
0.1425,-2.01001327848659
0.143,-1.45019417874667
0.1435,-0.749023985014443
0.144,0.0247936700971696
0.1445,0.798282109640512
0.145,1.49320524842225
0.1455,2.04316100508815
0.146,2.39325245221796
0.1465,2.50962089407986
0.147,2.38108964952323
0.1475,2.01949285325761
0.148,1.46131899321161
0.1485,0.760807538520116
0.149,-0.0133383669602069
0.1495,-0.78682732914184
0.15,-1.48240923719787
0.1505,-2.03269533389481
0.151,-2.38344552289893
0.1515,-2.50145806808504
0.152,-2.37292630041856
0.1525,-2.01231435652184
0.153,-1.45381015460407
0.1535,-0.752968681704784
0.154,0.0205202522110874
0.1545,0.794666142272411
0.155,1.48991800561214
0.1555,2.04085993476011
0.156,2.39259500342108
0.1565,2.50994961850594
0.157,2.38306199589934
0.1575,2.02245137222261
0.158,1.46493496029231
0.1585,0.76475223023979
0.159,-0.00939367341516094
0.1595,-0.782882632274736
0.16,-1.47945071134516
0.1605,-2.0300655303133
0.161,-2.38245934578036
0.1615,-2.5008006164873
0.162,-2.37358375181598
0.1625,-2.01428670913239
0.163,-1.45742613048446
0.1635,-0.756913378415571
0.164,0.0169042832188172
0.1645,0.79039272628633
0.165,1.48695948708406
0.1655,2.0385588644345
0.166,2.3906226570322
0.1665,2.50994961850594
0.167,2.38404816908839
0.1675,2.02475244253143
0.168,1.46855092737423
0.1685,0.768696921954004
0.169,-0.00512025542281389
0.1695,-0.778937935428374
0.17,-1.47616346041593
0.1705,-2.02776445219154
0.171,-2.38114444295917
0.1715,-2.5008006164873
0.172,-2.37522738031397
0.1725,-2.01691651262592
0.173,-1.46071338130479
0.1735,-0.760858075146843
0.174,0.0129595897603942
0.1745,0.786776758908721
0.175,1.48367224427618
0.1755,2.03625779411131
0.176,2.38963648383876
0.1765,2.50962089407986
0.177,2.38470561788145
0.1775,2.02705351284262
0.178,1.47150944589673
0.1785,0.77198416504504
0.179,-0.00183301082374988
0.1795,-0.774993238602715
0.18,-1.47287620950586
0.1805,-2.02546337408101
0.181,-2.37982954014203
0.1815,-2.50145806808504
0.182,-2.3762135574158
0.1825,-2.01954631613408
0.183,-1.46400063214418
0.1835,-0.764474047168538
0.184,0.00901489628908818
0.1845,0.782832067219032
0.185,1.48071372575006
0.1855,2.0336279994592
0.186,2.38799286185116
0.1865,2.50994961850594
0.187,2.38634923986539
0.1875,2.0293545831562
0.188,1.47446796442009
0.1885,0.775928856749346
0.189,0.0021116826831855
0.1895,-0.771048541797718
0.19,-1.46958895861492
0.1905,-2.02283357053988
0.191,-2.37884336303183
0.1915,-2.50112934228604
0.192,-2.37752846022179
0.1925,-2.02184739421574
0.193,-1.46728788300264
0.1935,-0.768747468670998
0.194,0.00539892726237359
0.1945,0.778887375524063
0.195,1.47742648294432
0.1955,2.03132692914117
0.196,2.38766413745386
0.1965,2.50994961850594
0.197,2.38799286185116
0.1975,2.03165565347217
0.198,1.47841265578592
0.1985,0.780202272756308
0.199,0.00572765171979712
0.1995,-0.767432569744591
0.2,-1.46663043282942
0.2005,-2.02086121789366
0.201,-2.37719973451991
0.2015,-2.50145806808504
0.202,-2.37917208873498
0.2025,-2.02349102142379
0.203,-1.47024640879158
0.2035,-0.772363440730424
0.204,0.00178295822477091
0.2045,0.774942683823772
0.205,1.47381051585927
0.2055,2.02902585882554
0.206,2.38602051546845
0.2065,2.51027834293209
0.207,2.3889790350435
0.2075,2.03428544812193
0.208,1.48137117431134
0.2085,0.783818240141948
0.209,0.00967234520186883
0.2095,-0.763487872979091
0.21,-1.46301445689036
0.2105,-2.01823141437817
0.211,-2.37588483171494
0.2115,-2.5008006164873
0.212,-2.37982954014203
0.2125,-2.02612082496859
0.213,-1.47287620950586
0.2135,-0.775979412807191
0.214,-0.00216173528324876
0.2145,0.771655440736105
0.215,1.4708519973361
0.2155,2.02672478851231
0.216,2.38503434227809
0.2165,2.51027834293209
0.217,2.39029393263432
0.2175,2.03691524277483
0.218,1.48465841711842
0.2185,0.787762931830323
0.219,0.0139457631262062
0.2195,-0.759214451506321
0.22,-1.45939848097437
0.2205,-2.01625906175117
0.221,-2.37456992891402
0.2215,-2.5008006164873
0.222,-2.38147316866409
0.2225,-2.02875062852806
0.223,-1.47714963569269
0.2235,-0.779924109638023
0.224,-0.00676387772574592
0.2245,0.76771074902596
0.225,1.46723603025339
0.2255,2.02409499387153
0.226,2.38371944469197
0.2265,2.50962089407986
0.227,2.39160883022631
0.2275,2.0385588644345
0.228,1.48794565992665
0.2285,0.791378899206735
0.229,0.0175617321273046
0.2295,-0.755927204235955
0.23,-1.45643995524207
0.2305,-2.01362925826129
0.231,-2.37358375181598
0.2315,-2.50112934228604
0.232,-2.38311679719249
0.2325,-2.03105170665465
0.233,-1.47977943643914
0.2335,-0.783868806489566
0.234,-0.0110372957240021
0.2345,0.763437333000507
0.235,1.463948787452
0.2355,2.02179392356339
0.236,2.38207582271096
0.2365,2.50962089407986
0.237,2.39193755462449
0.2375,2.04118865909254
0.238,1.49123290273604
0.2385,0.794994866578781
0.239,0.0218351500237884
0.2395,-0.751982507530283
0.24,-1.45315270444647
0.2405,-2.01165690565349
0.241,-2.37226884902215
0.2415,-2.50112934228604
0.242,-2.38377424860562
0.2425,-2.03335278479248
0.243,-1.48372413758184
0.2435,-0.787813503361861
0.244,-0.0149819892745194
0.2445,0.759492641279005
0.245,1.4609902689316
0.2455,2.01982157758686
0.246,2.38076092512746
0.2465,2.50962089407986
0.247,2.39358117661651
0.2475,2.04348972942093
0.248,1.49419142126551
0.2485,0.799268282558336
0.249,0.0261085679052553
0.2495,-0.748037810845048
0.25,-1.44986545366987
0.2505,-2.00902710218919
0.251,-2.37095394623236
0.2515,-2.50112934228604
0.252,-2.38541787714291
0.2525,-2.03598258839237
0.253,-1.48668266345702
0.2535,-0.791758200254946
0.254,-0.0192554073024307
0.2545,0.755876673862786
0.255,1.45704557757232
0.2555,2.01686305862533
0.256,2.38010347633615
0.2565,2.50962089407986
0.257,2.39489607421145
0.2575,2.04611952408493
0.258,1.49747866407719
0.2585,0.802884249920959
0.259,0.0293958124192731
0.2595,-0.744421838901501
0.26,-1.44657820291224
0.2605,-2.00639729873949
0.261,-2.36963904344662
0.2615,-2.50112934228604
0.262,-2.3860753285596
0.2625,-2.03828366655434
0.263,-1.4899699144477
0.2635,-0.79570289716886
0.264,-0.0228713764150702
0.2645,0.751603257819425
0.265,1.45408705905375
0.2655,2.0145619883246
0.266,2.37845985435915
0.2665,2.50962089407986
0.267,2.39621097180758
0.2675,2.04743442141813
0.268,1.50109463117146
0.2685,0.806500217279309
0.269,0.0339979547240622
0.2695,-0.740477142255326
0.27,-1.44361967724659
0.2705,-2.00409622073298
0.271,-2.36865286635997
0.2715,-2.50145806808504
0.272,-2.38771895710577
0.2725,-2.04058474472759
0.273,-1.49325716545764
0.2735,-0.799647594103642
0.274,-0.0271447944716227
0.2745,0.747987290392998
0.275,1.45079981625624
0.2755,2.0125896423544
0.276,2.37714495677886
0.2765,2.51027834293209
0.277,2.39752586940489
0.2775,2.05039294042075
0.278,1.50405314970426
0.2785,0.810444908938129
0.279,0.0379426481144332
0.2795,-0.736532445629474
0.28,-1.43967497638291
0.2805,-2.00113769188386
0.281,-2.36700923788728
0.2815,-2.5008006164873
0.282,-2.38870513423652
0.2825,-2.04288582291212
0.283,-1.49654441648686
0.2835,-0.803263566312224
0.284,-0.0307607636085684
0.2845,0.744371322961845
0.285,1.44685512490042
0.2855,2.00930239907456
0.286,2.37583005919973
0.2865,2.50962089407986
0.287,2.39818331820398
0.2875,2.05269401075894
0.288,1.50668294395651
0.2885,0.814389600591939
0.289,0.0415586170445049
0.2895,-0.732916473740262
0.29,-1.43671645075301
0.2905,-1.99949406475342
0.291,-2.36569433511367
0.2915,-2.50112934228604
0.292,-2.38969131136956
0.2925,-2.04518690110795
0.293,-1.49983166753537
0.2935,-0.807208263287112
0.294,-0.035034181693931
0.2945,0.740097906900709
0.295,1.44422533066393
0.2955,2.00733005310893
0.296,2.37451516162176
0.2965,2.50962089407986
0.297,2.39982694020303
0.2975,2.05532380543418
0.298,1.51095635961819
0.2985,0.81833429224078
0.299,0.0461607593038322
0.2995,-0.728971777153253
0.3,-1.43277174993695
0.3005,-1.99686426135655
0.301,-2.36437943234411
0.3015,-2.5008006164873
0.302,-2.39133493992971
0.3025,-2.04715925385622
0.303,-1.50279019349555
0.3035,-0.810495510782211
0.304,-0.0389788753251012
0.3045,0.736810663772207
0.305,1.44126681214853
0.3055,2.00470025849074
0.306,2.37320026404495
0.3065,2.50962089407986
0.307,2.40147056220392
0.3075,2.05795360011266
0.308,1.51391487815451
0.3085,0.822278983884691
0.309,0.0504341771007617
0.3095,-0.724698355873464
0.31,-1.42948449927764
0.3105,-1.99423445797423
0.311,-2.36339325526958
0.3115,-2.50047189068882
0.312,-2.39232111706885
0.3125,-2.04946033207303
0.313,-1.50640616969037
0.3135,-0.814111483043676
0.314,-0.0432522934406537
0.3145,0.732537247699196
0.315,1.43830829363382
0.3155,2.0023991882023
0.316,2.3718853664693
0.3165,2.50994961850594
0.317,2.40245673540535
0.3175,2.06025467045899
0.318,1.51720212097392
0.3185,0.826223675523709
0.319,0.0543788704387379
0.3195,-0.721082384039822
0.32,-1.42652597370037
0.3205,-1.99193338002662
0.321,-2.36142090112735
0.3215,-2.5008006164873
0.322,-2.39297856849622
0.3225,-2.05209013576324
0.323,-1.50936469568539
0.3235,-0.818056180076357
0.324,-0.0468682626276683
0.3245,0.728921280247508
0.325,1.43436360228191
0.3255,2.00075556656911
0.326,2.37089919328832
0.3265,2.50962089407986
0.327,2.40344290860745
0.3275,2.06255574080782
0.328,1.5204893637947
0.3285,0.829839642855213
0.329,0.0579948393209237
0.3295,-0.717466412223097
0.33,-1.42356744813835
0.3305,-1.98930357667153
0.331,-2.36076344974863
0.3315,-2.5008006164873
0.332,-2.39462219706909
0.3325,-2.05439121400431
0.333,-1.51265194680937
0.3335,-0.822000877130127
0.334,-0.0508129562991431
0.3345,0.724976588476457
0.335,1.43074763521034
0.3355,1.99779704763231
0.336,2.36892684692832
0.3365,2.50896344522795
0.337,2.4047578062113
0.3375,2.06485681115915
0.338,1.52410533089916
0.3385,0.833784334484964
0.339,0.0619395326350254
0.3395,-0.713192991006916
0.34,-1.41962274741266
0.3405,-1.98667377333097
0.341,-2.3594485469942
0.3415,-2.50014316489061
0.342,-2.39626582564832
0.3425,-2.05669229225671
0.343,-1.51626792306817
0.3435,-0.825945574205024
0.344,-0.0550863744584909
0.3445,0.720374448069499
0.345,1.42746039241882
0.3455,1.99516725302499
0.346,2.36761194935642
0.3465,2.50896344522795
0.347,2.40607270381633
0.3475,2.06682915717658
0.348,1.52673512515803
0.3485,0.837071577506106
0.349,0.0655555014953919
0.3495,-0.709577019226994
0.35,-1.41666422188614
0.3505,-1.98470142083506
0.351,-2.35780491855685
0.3515,-2.50047189068882
0.352,-2.39725200279891
0.3525,-2.05899337052044
0.353,-1.51922644911559
0.3535,-0.829890271301088
0.354,-0.059359792633747
0.3545,0.71708720491676
0.355,1.42417314962805
0.3555,1.99253745842065
0.356,2.36629705178567
0.3565,2.50896344522795
0.357,2.40673015261929
0.3575,2.06847277885918
0.358,1.5300223679829
0.3585,0.841344993428666
0.359,0.0701576436662913
0.3595,-0.705961047463892
0.36,-1.41337697131892
0.3605,-1.98207161751986
0.361,-2.35681874149746
0.3615,-2.50014316489061
0.362,-2.3982381799518
0.3625,-2.06129444879552
0.363,-1.52218497517876
0.3635,-0.833506243657774
0.364,-0.0633044863481459
0.3645,0.713142513128035
0.365,1.42088590683801
0.3655,1.98990766381927
0.366,2.36465342982386
0.3665,2.50896344522795
0.367,2.4077163258243
0.3675,2.07110257355401
0.368,1.53330961080923
0.3685,0.845289685044591
0.369,0.0741023369422865
0.3695,-0.702016351014201
0.37,-1.41008972077043
0.3705,-1.98009926504296
0.371,-2.35550383875513
0.3715,-2.50047189068882
0.372,-2.39922435710699
0.3725,-2.06392425255237
0.373,-1.52514350125771
0.3735,-0.838108390319374
0.374,-0.067906629032182
0.3745,0.708869097016846
0.375,1.41726993976978
0.3755,1.98760659354548
0.376,2.36366725664763
0.3765,2.50896344522795
0.377,2.40870249902998
0.3775,2.07373236825216
0.378,1.53659685363704
0.3785,0.848576928054296
0.379,0.0783757546440922
0.3795,-0.698400379286172
0.38,-1.40680247024064
0.3805,-1.97714073634288
0.381,-2.35386021033289
0.3815,-2.50047189068882
0.382,-2.40053925998413
0.3825,-2.06589660537975
0.383,-1.52843075247506
0.3835,-0.841724362716668
0.384,-0.0711938738178912
0.3845,0.705253129532639
0.385,1.41398269698121
0.3855,1.98530552327395
0.386,2.36235235908034
0.3865,2.50830599637637
0.387,2.41034612104095
0.3875,2.07603343861575
0.388,1.53955537218335
0.3885,0.852850343962108
0.389,0.0823204478945494
0.3895,-0.69412695817461
0.39,-1.40351521972954
0.3905,-1.97549710929519
0.391,-2.35254530759963
0.3915,-2.50014316489061
0.392,-2.40185416286535
0.3925,-2.06786895821548
0.393,-1.53171800371192
0.3935,-0.845340335131879
0.394,-0.0754672920535544
0.3945,0.70163716204335
0.395,1.41102417847205
0.3955,1.98267572868065
0.396,2.36136618590561
0.3965,2.50863472080212
0.397,2.41166101865106
0.3975,2.0783345089819
0.398,1.54317133929719
0.3985,0.856795035564536
0.399,0.0862651411328084
0.3995,-0.690182261784631
0.4,-1.4002279692371
0.4005,-1.97188112981013
0.401,-2.35057295350729
0.4015,-2.50014316489061
0.402,-2.40251161430749
0.4025,-2.07049876200945
0.403,-1.53533398009504
0.4035,-0.848627582797643
0.404,-0.0794119858238795
0.4045,0.697692470231023
0.405,1.40773693568471
0.4055,1.98004593409027
0.406,2.3593938395581
0.4065,2.50830599637637
0.407,2.41231846745657
0.4075,2.08030685501205
0.408,1.54612985784626
0.4085,0.860411002862763
0.409,0.0905385587938687
0.4095,-0.685908840717859
0.41,-1.39661199371693
0.4105,-1.96925132656542
0.411,-2.34958677646451
0.4115,-2.49948571329496
0.412,-2.40349779147262
0.4125,-2.07247111486469
0.413,-1.53796378111581
0.4135,-0.852901004785348
0.414,-0.0833566796079997
0.4145,0.693747778412573
0.415,1.40444969289798
0.4155,1.97774486382608
0.416,2.35873639077617
0.4165,2.50830599637637
0.417,2.41396208947166
0.4175,2.08260792538295
0.418,1.54941710068005
0.4185,0.864355694456504
0.419,0.0948119764407084
0.4195,-0.681964144369141
0.42,-1.3933247432636
0.4205,-1.96695024873813
0.421,-2.34794314806492
0.4215,-2.49915698749753
0.422,-2.40481269436303
0.4225,-2.07477219320638
0.423,-1.5412510324094
0.4235,-0.856516977256128
0.424,-0.086972648922262
0.4245,0.689803086587963
0.425,1.40050500155469
0.4255,1.97511506924114
0.426,2.35676404443209
0.4265,2.50797727195071
0.427,2.41429081387491
0.4275,2.0852377200957
0.428,1.55237561923182
0.4285,0.867971661746832
0.429,0.0987566696405966
0.4295,-0.678348172733495
0.43,-1.38970876778641
0.4305,-1.96432044552046
0.431,-2.34662824534977
0.4315,-2.49915698749753
0.432,-2.40547014580976
0.4325,-2.07707327155947
0.433,-1.5445382837226
0.4335,-0.860132949744947
0.434,-0.091574791702728
0.4345,0.685858394757153
0.435,1.39754648304777
0.4355,1.97248527465909
0.436,2.35512042248065
0.4365,2.50797727195071
0.437,2.41527698708509
0.4375,2.08721006613246
0.438,1.55500541350115
0.4385,0.871587629033429
0.439,0.102701362828449
0.4395,-0.674403476422587
0.44,-1.38675024241268
0.4405,-1.9620193677168
0.441,-2.34564206831604
0.4415,-2.49915698749753
0.442,-2.40744250015609
0.4425,-2.08003180088734
0.443,-1.54749680992125
0.4435,-0.864406371800487
0.444,-0.095848210015833
0.4445,0.681913702920105
0.445,1.39393051598434
0.4455,1.97018420440215
0.446,2.35413424931063
0.4465,2.50764854752512
0.447,2.41659188469971
0.4475,2.08951113651109
0.448,1.55862138062318
0.4485,0.875532320614588
0.449,0.106646056004304
0.4495,-0.670130055441299
0.45,-1.38313426697631
0.4505,-1.95971828992417
0.451,-2.34334098857947
0.4515,-2.49915698749753
0.452,-2.40777122588138
0.4525,-2.08200415378307
0.453,-1.55078406127175
0.4535,-0.867693619552721
0.454,-0.0997929038578525
0.4545,0.677969011076778
0.455,1.39097199747838
0.4555,1.96788313414741
0.456,2.35249062736204
0.4565,2.50731982309962
0.457,2.41790678231555
0.4575,2.09148348255198
0.458,1.56157989917906
0.4585,0.87914828789348
0.459,0.110590749168202
0.4595,-0.666514083859742
0.46,-1.38017574163594
0.4605,-1.95708848674608
0.461,-2.34268353722843
0.4615,-2.49882826170037
0.462,-2.40941485451162
0.4625,-2.08397650668719
0.463,-1.55440003778002
0.4635,-0.871967041653033
0.464,-0.104066322202503
0.4645,0.674024319227135
0.465,1.38702730613773
0.4655,1.96525333957323
0.466,2.35117572980443
0.4665,2.50731982309962
0.467,2.41889295552821
0.4675,2.09411327727614
0.468,1.56519586630476
0.4685,0.882764255168734
0.469,0.114864166748975
0.4695,-0.662569387607728
0.47,-1.37655976624029
0.4705,-1.95445868358235
0.471,-2.34103990885521
0.4715,-2.49882826170037
0.472,-2.41007230596551
0.4725,-2.08627758508595
0.473,-1.55735856403179
0.4735,-0.875583014219268
0.474,-0.108011016073725
0.4745,0.670079627371137
0.475,1.38374006335437
0.4755,1.96229482068068
0.476,2.34953210785903
0.4765,2.50731982309962
0.477,2.42020785314616
0.4775,2.09641434766258
0.478,1.56815438486367
0.4785,0.886708946737624
0.479,0.118808859888085
0.4795,-0.658953416060559
0.48,-1.37294379086699
0.4805,-1.95182888043299
0.481,-2.33972500616114
0.4815,-2.49882826170037
0.482,-2.41138720887635
0.4825,-2.08824993800827
0.483,-1.56064581544137
0.4835,-0.878870262022544
0.484,-0.112284434450104
0.4845,0.666134935508743
0.485,1.38045282057147
0.4855,1.9603224747543
0.486,2.34821721030397
0.4865,2.50731982309962
0.487,2.42119402636041
0.4875,2.09838669371017
0.488,1.57144162770853
0.4885,0.890324914005367
0.489,0.123082277442096
0.4895,-0.655008719845988
0.49,-1.369656540547
0.4905,-1.94952780268907
0.491,-2.33873882914323
0.4915,-2.49817081010682
0.492,-2.41270211179128
0.4925,-2.09022229093901
0.493,-1.56360434172686
0.4935,-0.883143684189325
0.494,-0.115900403858442
0.4945,0.662847692285169
0.495,1.37749430206723
0.4955,1.9573639558677
0.496,2.34690231275005
0.4965,2.50699109867419
0.497,2.42218019957535
0.4975,2.1010164884433
0.498,1.5744001462704
0.4985,0.894598329862676
0.499,0.127355694982264
0.4995,-0.650735298968849
0.5,-1.36571184018733
0.5005,-1.94624054878822
0.501,-2.33676647511418
0.5015,-2.49784208431043
0.502,-2.41368828898017
0.5025,-2.09285209485973
0.503,-1.56656286802836
0.5035,-0.886759656811904
0.504,-0.119845097772015
0.5045,0.658574276087807
0.505,1.37387833500694
0.5055,1.95506288562503
0.506,2.34525869080924
0.5065,2.50666237424885
0.507,2.42316637279096
0.5075,2.1029888344954
0.508,1.57768738911859
0.5085,0.898214297122721
0.509,0.130971663659322
0.5095,-0.647448052155805
0.51,-1.36275331493497
0.5105,-1.94459692184619
0.511,-2.33578029810303
0.5115,-2.49751335851431
0.512,-2.4143457404407
0.5125,-2.09515317330265
0.513,-1.56985011949326
0.5135,-0.891033079025808
0.514,-0.123789791699781
0.5145,0.65462958420654
0.515,1.37026236794711
0.5155,1.9524330910646
0.516,2.34394379325785
0.5165,2.50666237424885
0.517,2.42448127041285
0.5175,2.10496118054944
0.518,1.58097463196857
0.5185,0.901830264379286
0.519,0.135245081174063
0.5195,-0.642845906640177
0.52,-1.3597947896975
0.5205,-1.94229584413674
0.521,-2.33413666975613
0.5215,-2.49718463271845
0.522,-2.41566064336485
0.5225,-2.09712552626285
0.523,-1.57313737097795
0.5235,-0.893991602111963
0.524,-0.128063210137592
0.5245,0.650684892318727
0.525,1.36664640088773
0.5255,1.95013202082651
0.526,2.34230017132021
0.5265,2.50666237424885
0.527,2.42579616803594
0.5275,2.10726225094828
0.528,1.58360442624985
0.5285,0.905774955927968
0.529,0.13918977425243
0.5295,-0.638901210504899
0.53,-1.35617881442745
0.5305,-1.93933731566926
0.531,-2.33249304141549
0.5315,-2.49784208431043
0.532,-2.41730427202579
0.5325,-2.09975533022289
0.533,-1.57609589733113
0.5335,-0.898593749159294
0.534,-0.132336628592156
0.5345,0.646740200424327
0.535,1.36335915810682
0.5355,1.94717350195208
0.536,2.34065654938432
0.5365,2.50633364982359
0.537,2.42645361684795
0.5375,2.10956332134977
0.538,1.58722039338851
0.5385,0.909719647472583
0.539,0.14313446731916
0.5395,-0.635285239064533
0.54,-1.35223411415815
0.5405,-1.93605006183772
0.541,-2.33052068741499
0.5415,-2.49718463271845
0.542,-2.41763299775874
0.5425,-2.10172768320276
0.543,-1.57905442370038
0.5435,-0.902209721860233
0.544,-0.136281322565129
0.5445,0.643124232848642
0.545,1.36007191532622
0.5455,1.94520115603774
0.546,2.33967037622363
0.5465,2.50567620097332
0.547,2.42743979006653
0.5475,2.11186439175392
0.548,1.59017891195818
0.5485,0.913664339013169
0.549,0.147407884795031
0.5495,-0.63134054296625
0.55,-1.34894686395388
0.5505,-1.93374898416892
0.551,-2.32986323608349
0.5515,-2.49685590692286
0.552,-2.41861917495915
0.5525,-2.10370003619108
0.553,-1.58234167524064
0.5535,-0.905496969786159
0.554,-0.139897292052965
0.5545,0.63917954094151
0.555,1.35678467254592
0.5555,1.94191391285061
0.556,2.33802675429054
0.5565,2.50600492539841
0.557,2.42875468769236
0.5575,2.11416546216074
0.558,1.59346615481513
0.5585,0.916951581960609
0.559,0.151352577837643
0.5595,-0.627724571559731
0.56,-1.34565961376789
0.5605,-1.93111918113223
0.561,-2.32789088209499
0.5615,-2.49685590692286
0.562,-2.41993407789661
0.5625,-2.10600111468812
0.563,-1.58497147648716
0.5635,-0.909441667317396
0.564,-0.144170710554183
0.5645,0.634906124701222
0.565,1.35349742976588
0.5655,1.93994156694039
0.566,2.33638313235921
0.5665,2.50567620097332
0.567,2.42974086091254
0.5675,2.11613780822585
0.568,1.59642467338801
0.5685,0.920896273493911
0.569,0.155297270868738
0.5695,-0.623122426156593
0.57,-1.34204363858439
0.5705,-1.92881810348683
0.571,-2.32690470510411
0.5715,-2.49652718112752
0.572,-2.4209202551024
0.5725,-2.10797346769474
0.573,-1.58825872806323
0.5735,-0.913386364870624
0.574,-0.148115404570343
0.5745,0.631618881434081
0.575,1.34988146270812
0.5755,1.93731177239582
0.576,2.33506823481539
0.5765,2.50501875212337
0.577,2.4307270341334
0.5775,2.11811015429294
0.578,1.59938319196243
0.5785,0.924512240729329
0.579,0.15957068830614
0.5795,-0.619177730117523
0.58,-1.33908511345067
0.5805,-1.92618830047687
0.581,-2.32493235112911
0.5815,-2.49586972953763
0.582,-2.42190643231049
0.5825,-2.10961709520671
0.583,-1.59154597965922
0.5835,-0.917002337647101
0.584,-0.152060098600976
0.5845,0.627016740852174
0.585,1.34626549565063
0.5855,1.93435325353643
0.586,2.33309588850177
0.5865,2.50436130327375
0.587,2.43105575854051
0.5875,2.12041122470704
0.588,1.60201298625212
0.5885,0.928128207961485
0.589,0.163186656896535
0.5895,-0.61589048343291
0.59,-1.33546913830728
0.5905,-1.92388722285484
0.591,-2.3236174484841
0.5915,-2.49586972953763
0.592,-2.42289260952089
0.5925,-2.11290435024829
0.593,-1.59483323127517
0.5935,-0.920947035242587
0.594,-0.156004792646122
0.5945,0.62307204891744
0.595,1.34330697714923
0.5955,1.93205218331482
0.596,2.33178099096075
0.5965,2.50469002769852
0.597,2.4323706561697
0.5975,2.12238357077842
0.598,1.60530022911599
0.5985,0.932072899483787
0.599,0.167460074309199
0.5995,-0.61161706276273
0.6,-1.33218188819602
0.6005,-1.92092869449965
0.601,-2.32197382018346
0.6015,-2.49586972953763
0.602,-2.42420751247168
0.6025,-2.1152054287914
0.603,-1.59779175774659
0.6035,-0.924891732860177
0.604,-0.160278211211452
0.6045,0.619456081304576
0.605,1.33936228581424
0.6055,1.92909366446151
0.606,2.33013736903603
0.6065,2.50436130327375
0.607,2.43302810498475
0.6075,2.12435591685178
0.608,1.60858747198183
0.6085,0.936017591002283
0.609,0.171076042878733
0.6095,-0.608329816108578
0.61,-1.32922336311143
0.6105,-1.91829889153236
0.611,-2.32033019188906
0.6115,-2.49554100374308
0.612,-2.42486496394862
0.6125,-2.11717778183752
0.613,-1.6010790094005
0.6135,-0.928507705695753
0.614,-0.164551629793909
0.6145,0.615511389356662
0.615,1.33607504303524
0.6155,1.92646386992808
0.616,2.32882247149751
0.6165,2.50370385442445
0.617,2.43434300261578
0.6175,2.12665698727322
0.618,1.61187471484967
0.6185,0.939633558224258
0.619,0.17502073585283
0.6195,-0.603727670814947
0.62,-1.32593611303468
0.6205,-1.91665526468502
0.621,-2.31901528925803
0.6215,-2.49521227794879
0.622,-2.42617986690557
0.6225,-2.11915013489212
0.623,-1.60436626107442
0.6235,-0.932123678549966
0.624,-0.168825048393543
0.6245,0.611237973071929
0.625,1.33213035170062
0.6255,1.92416279971352
0.626,2.32717884957592
0.6265,2.50403257884906
0.627,2.43565790024803
0.6275,2.12928678204391
0.628,1.61483323343244
0.6285,0.942920801150604
0.629,0.178965428815644
0.6295,-0.600111699530928
0.63,-1.32232013797119
0.6305,-1.91336801100697
0.631,-2.31770038663099
0.6315,-2.49455482636099
0.632,-2.42683731838559
0.6325,-2.12112248795521
0.633,-1.60732478759808
0.6335,-0.936068376230399
0.634,-0.172441017991302
0.6345,0.607622005439994
0.635,1.32917183319974
0.6355,1.92153300518509
0.636,2.32619267642379
0.6365,2.50337512999992
0.637,2.43631534906461
0.6375,2.13125912812426
0.638,1.61812047630413
0.6385,0.946865492658829
0.639,0.183896295003354
0.6395,-0.595838278943053
0.64,-1.31837543792691
0.6405,-1.91106693344551
0.641,-2.3160567583528
0.6415,-2.49422610056749
0.642,-2.42782349560754
0.6425,-2.12309484102679
0.643,-1.61061203931009
0.6435,-0.939684349123676
0.644,-0.176714436622777
0.6445,0.604334762133123
0.645,1.32588459042107
0.6455,1.91956065929051
0.646,2.32422033012141
0.6465,2.50337512999992
0.647,2.43795897110742
0.6475,2.13356019855388
0.648,1.62140771917788
0.6485,0.950810184163393
0.649,0.187512263529886
0.6495,-0.592551032352088
0.65,-1.31475946290918
0.6505,-1.90810840516816
0.651,-2.31474185573474
0.6515,-2.49422610056749
0.652,-2.42913839857373
0.6525,-2.12539591962103
0.653,-1.61324184069416
0.6535,-0.942971597224727
0.654,-0.18033040624755
0.6545,0.600061345826875
0.655,1.32226862336459
0.6555,1.91627341613617
0.656,2.32323415697115
0.6565,2.50304640557548
0.657,2.43894514433402
0.6575,2.13553254463859
0.658,1.62469496205371
0.6585,0.954754875664334
0.659,0.191456956457228
0.6595,-0.587948887146737
0.66,-1.31147221291202
0.6605,-1.90580732763149
0.661,-2.31276950181511
0.6615,-2.49389737477424
0.662,-2.42946712431592
0.6625,-2.12769699822684
0.663,-1.61652909244233
0.6635,-0.946916294966451
0.664,-0.184275100397842
0.6645,0.596445378176633
0.665,1.31931010486387
0.6655,1.91397234593057
0.666,2.32159053505543
0.6665,2.50271768115111
0.667,2.43960259315214
0.6675,2.13816233942134
0.668,1.62732475635589
0.6685,0.95837084287038
0.669,0.195730373782633
0.6695,-0.583675466621846
0.67,-1.30785623793597
0.6705,-1.90252007402646
0.671,-2.311454599207
0.6715,-2.49356864898126
0.672,-2.43045330154404
0.6725,-2.12999807684423
0.673,-1.61948761903288
0.6735,-0.950532267916007
0.674,-0.188548519077396
0.6745,0.591843237522211
0.675,1.31536541352958
0.6755,1.91134255141235
0.676,2.32027563752409
0.6765,2.50271768115111
0.677,2.4405887663799
0.6775,2.14013468551077
0.678,1.63094072352361
0.6785,0.962644258655503
0.679,0.199346342278589
0.6795,-0.580059495425688
0.68,-1.3042402629817
0.6805,-1.90054772187405
0.681,-2.30981097095246
0.6815,-2.49323992318854
0.682,-2.43176820451846
0.6825,-2.13164170443516
0.683,-1.6227748708193
0.6835,-0.954476965700624
0.684,-0.192493213258629
0.6845,0.588227269858326
0.685,1.31240689502885
0.6855,1.90871275689673
0.686,2.31830329122915
0.6865,2.50206023230263
0.687,2.44124621519879
0.6875,2.142435755951
0.688,1.63357051782903
0.6885,0.965274052982762
0.689,0.20361975958003
0.6895,-0.57611479959329
0.69,-1.3012817380353
0.6905,-1.89758919366032
0.691,-2.30882479400273
0.6915,-2.49258247160388
0.692,-2.43242565600721
0.6925,-2.13427150859297
0.693,-1.62606212262588
0.6935,-0.958092938689564
0.694,-0.196766631971793
0.6945,0.583953853520473
0.695,1.30879092797236
0.6955,1.9060829623837
0.696,2.31665966931858
0.6965,2.50173150787851
0.697,2.44223238842771
0.6975,2.14375065334666
0.698,1.63685776071276
0.6985,0.969547468761263
0.699,0.207893176868561
0.6995,-0.572498828430021
0.7,-1.29766576312056
0.7005,-1.89495939081866
0.701,-2.30685244010997
0.7015,-2.49258247160388
0.702,-2.4337405589878
0.7025,-2.13591513619929
0.703,-1.62869192408568
0.7035,-0.961708911697387
0.704,-0.200711326184137
0.7045,0.580337885843344
0.705,1.30550368519367
0.7055,1.90312444355963
0.706,2.31567349617307
0.7065,2.50140278345447
0.707,2.44354728606734
0.7075,2.14638044814071
0.708,1.6404737278874
0.7085,0.97382088453573
0.709,0.212166594144231
0.7095,-0.56855413263343
0.71,-1.2943785132169
0.7105,-1.89200086263865
0.711,-2.30520881187284
0.7115,-2.49258247160388
0.712,-2.43439801047964
0.7125,-2.13821621485808
0.713,-1.63165045074341
0.7135,-0.965653609545673
0.714,-0.204656020411473
0.7145,0.576393193824951
0.715,1.30188771813701
0.7155,1.90115209767873
0.716,2.31370114988388
0.7165,2.50107405903051
0.717,2.44420473488762
0.7175,2.14835279423863
0.718,1.64277479790901
0.7185,0.977108127436452
0.719,0.216111287002708
0.7195,-0.564938161502918
0.72,-1.29076253834356
0.7205,-1.88969978517764
0.721,-2.30389390928761
0.7215,-2.49225374581194
0.722,-2.4357129134664
0.7225,-2.14051729352849
0.723,-1.63526642779177
0.7235,-0.969927032240094
0.724,-0.208271990133068
0.7245,0.572119777463432
0.725,1.29827175108023
0.7255,1.89786485454709
0.726,2.31238625235912
0.7265,2.50041661018284
0.727,2.4448621837082
0.7275,2.1503251403386
0.728,1.64606204079893
0.7285,0.980395370334839
0.729,0.219727255446756
0.7295,-0.560336016450309
0.73,-1.28714656349187
0.7305,-1.88674125702931
0.731,-2.30159282977301
0.7315,-2.49159629422885
0.732,-2.43604163921374
0.7325,-2.14216092115732
0.733,-1.63822495448592
0.7335,-0.973214280484608
0.734,-0.212874133433415
0.7345,0.568175085429746
0.735,1.29465578402328
0.7355,1.8955637843573
0.736,2.31074263045471
0.7365,2.50074533460663
0.737,2.44617708135031
0.7375,2.15262621079116
0.738,1.64836311082321
0.7385,0.984340061809852
0.739,0.223671948284419
0.7395,-0.556720045355254
0.74,-1.28418803862929
0.7405,-1.88476890494031
0.741,-2.30060665284191
0.7415,-2.4912675684377
0.742,-2.43702781645728
0.7425,-2.14479072537578
0.743,-1.64118348119649
0.7435,-0.977158978398762
0.744,-0.216818827707224
0.7445,0.5645591177257
0.745,1.29103981696614
0.7455,1.89293398985707
0.746,2.30909900855199
0.7465,2.50041661018284
0.747,2.44650580576103
0.7475,2.15492728124653
0.748,1.65165035371697
0.7485,0.987956028992388
0.749,0.22827408991471
0.7495,-0.55277534963293
0.75,-1.28024333883499
0.7505,-1.88181037682164
0.751,-2.29896302462836
0.7515,-2.4912675684377
0.752,-2.43834271945228
0.7525,-2.14610562749072
0.753,-1.6444707331164
0.7535,-0.980446226677865
0.754,-0.220763521996186
0.7545,0.560285701340133
0.755,1.28808129846468
0.7555,1.88997547104733
0.756,2.30745538665098
0.7565,2.49975916133549
0.757,2.44814942781579
0.7575,2.15657090300209
0.758,1.65526632090275
0.7585,0.991571996172189
0.759,0.231561333927378
0.7595,-0.548173204646892
0.76,-1.27662736404608
0.7605,-1.8791805740644
0.761,-2.29731939642101
0.7615,-2.4909388426468
0.762,-2.43932889670124
0.7625,-2.14906415726321
0.763,-1.64710053466696
0.7635,-0.984062199803081
0.764,-0.224708216300338
0.7645,0.55699845796065
0.765,1.28479405568509
0.7655,1.88800312517594
0.766,2.3061404891314
0.7665,2.49943043691193
0.767,2.44913560104957
0.7675,2.15887197346229
0.768,1.65789611522144
0.7685,0.995845411926649
0.769,0.235834751132716
0.7695,-0.544885958243651
0.77,-1.27334011425666
0.7705,-1.87622204597928
0.771,-2.29567576821987
0.7715,-2.48995266527569
0.772,-2.43998634820183
0.7725,-2.15070778492291
0.773,-1.65005906142688
0.7735,-0.988006897779643
0.774,-0.22865291061972
0.7745,0.553053765898384
0.775,1.28117808862728
0.7755,1.88504460637148
0.776,2.30416814285405
0.7765,2.49910171248846
0.777,2.45012177428405
0.7775,2.16084431957328
0.778,1.6611833581219
0.7785,0.999132654812154
0.779,0.240108168325517
0.7795,-0.540941262576618
0.78,-1.26939541453281
0.7805,-1.8732635179119
0.781,-2.29403214002491
0.7815,-2.48995266527569
0.782,-2.44064379970345
0.7825,-2.15235141258856
0.783,-1.65367503860028
0.7835,-0.991622870944824
0.784,-0.232926329482949
0.7845,0.548780349489073
0.785,1.27723339729113
0.7855,1.88175736325912
0.786,2.30252452095812
0.7865,2.49877298806507
0.787,2.45077922310743
0.7875,2.16281666568635
0.788,1.66381315244397
0.7885,1.00307734627188
0.789,0.24372413670967
0.7895,-0.536667842291374
0.79,-1.26643688975669
0.7905,-1.87129116587683
0.791,-2.29271723747341
0.7915,-2.48929521369626
0.792,-2.44162997695782
0.7925,-2.15498121686598
0.793,-1.65630484019642
0.7935,-0.995896293801107
0.794,-0.23654229930433
0.7945,0.544506933070852
0.795,1.27361743023265
0.7955,1.87945629308277
0.796,2.30120962344259
0.7965,2.49745809037232
0.797,2.45143667193112
0.7975,2.1647890118015
0.798,1.6667716710581
0.7985,1.00636458915261
0.799,0.24766882948222
0.7995,-0.53305187129757
0.8,-1.26314964002228
0.8005,-1.86833263783898
0.801,-2.29140233492586
0.8015,-2.48929521369626
0.802,-2.4426161542145
0.8025,-2.1566248445471
0.803,-1.65959209220995
0.8035,-0.999183542170335
0.804,-0.240815718200772
0.8045,0.540890965325361
0.805,1.27065891172999
0.8055,1.8771552229083
0.806,2.29956600154969
0.8065,2.49811553921853
0.807,2.45242284516723
0.8075,2.16676135791875
0.808,1.67005891396498
0.8085,1.01063800489437
0.809,0.252270971036845
0.8095,-0.529107175685477
0.81,-1.25920494036434
0.8105,-1.86603156048844
0.811,-2.28910125547719
0.8115,-2.48896648790693
0.812,-2.44294487996725
0.8125,-2.15892592331068
0.813,-1.66255061903959
0.8135,-1.00279951539484
0.814,-0.244760412582747
0.8145,0.53694627323202
0.815,1.2667142203927
0.8155,1.87419670411532
0.816,2.29792237965848
0.8165,2.49745809037232
0.817,2.4530802939917
0.8175,2.16906242839152
0.818,1.67334615687427
0.8185,1.01425397205769
0.819,0.255886939391145
0.8195,-0.52516248009162
0.82,-1.25657514060652
0.8205,-1.86307303248204
0.821,-2.28745762730698
0.8215,-2.48863776211786
0.822,-2.44425978298081
0.8225,-2.1608982765459
0.823,-1.66550914588577
0.8235,-1.00674421347989
0.824,-0.249033831513965
0.8245,0.533001581130969
0.825,1.2637557018894
0.8255,1.87123818532543
0.826,2.29627875776895
0.8265,2.49712936594933
0.827,2.45406646722898
0.8275,2.17103477451332
0.828,1.67630467549471
0.8285,1.0178699392185
0.829,0.260489080920244
0.8295,-0.520889059885475
0.83,-1.25197299105751
0.8305,-1.8601145044933
0.831,-2.28581399914296
0.8315,-2.48798031054052
0.832,-2.44491723448913
0.8325,-2.1628706297897
0.833,-1.66846767274852
0.8335,-1.01036018674468
0.834,-0.252978525928125
0.8345,0.528728164679419
0.835,1.2601397348294
0.8355,1.86893711515765
0.836,2.2946351358811
0.8365,2.49680064152643
0.837,2.45472391605422
0.8375,2.17300712063722
0.838,1.67893446982567
0.8385,1.02181463066382
0.839,0.264762498041683
0.8395,-0.516944364329484
0.84,-1.24934319133073
0.8405,-1.85781342718093
0.841,-2.28417037098511
0.8415,-2.48699413317645
0.842,-2.44590341175355
0.8425,-2.16451425749944
0.843,-1.67142619962786
0.8435,-1.01331871033933
0.844,-0.257251944894302
0.8445,0.525112196905584
0.845,1.25652376776893
0.8455,1.86597859637321
0.846,2.29233406524092
0.8465,2.4958144682582
0.847,2.45603881370565
0.8475,2.17530819111777
0.848,1.68287916132508
0.8485,1.02543059781946
0.849,0.268378466365676
0.8495,-0.512999668791607
0.85,-1.24539849176168
0.8505,-1.85485489922356
0.851,-2.28252674283344
0.8515,-2.48699413317645
0.852,-2.4472183147764
0.8525,-2.166486610759
0.853,-1.67438472652381
0.8535,-1.01824958302586
0.854,-0.261196639340817
0.8545,0.521167504781172
0.855,1.25356524926453
0.8555,1.86367752620965
0.856,2.29101916773372
0.8565,2.4958144682582
0.857,2.45702498694504
0.8575,2.17695181289136
0.858,1.68550895566002
0.8585,1.02904656497267
0.859,0.272651883464628
0.8595,-0.509383697897768
0.86,-1.24211124214014
0.8605,-1.85189637128381
0.861,-2.28121184031654
0.8615,-2.48666540738895
0.862,-2.4472183147764
0.8625,-2.1687876895727
0.863,-1.67734325343637
0.8635,-1.02120810665507
0.864,-0.265141333802922
0.8645,0.517222812648895
0.865,1.24929183364643
0.8655,1.86104773173925
0.866,2.28970427022758
0.8665,2.49548574383562
0.867,2.45768243577169
0.8675,2.17925288337686
0.868,1.68781002570442
0.8685,1.03299125640981
0.869,0.276596576160603
0.8695,-0.505110277770046
0.87,-1.23816654261746
0.8705,-1.84893784336167
0.871,-2.27891076092148
0.8715,-2.48567923002802
0.872,-2.44820449204624
0.8725,-2.1707600428509
0.873,-1.68030178036556
0.8735,-1.02482407999731
0.874,-0.268428579199947
0.8745,0.513606844854032
0.875,1.2469907636979
0.8755,1.8587466615796
0.876,2.28806064834641
0.8765,2.49548574383562
0.877,2.45866860901225
0.8775,2.18188267822098
0.878,1.69175471721199
0.8785,1.03693594784414
0.879,0.280869993236309
0.8795,-0.500836857663447
0.88,-1.23520801799201
0.8805,-1.84663676610105
0.881,-2.27726713278954
0.8815,-2.48502177845537
0.882,-2.44886194356076
0.8825,-2.17273239613771
0.883,-1.68293158209438
0.8835,-1.02876877821101
0.884,-0.272701998232342
0.8845,0.509662152706572
0.885,1.24271734807856
0.8855,1.85545941849755
0.886,2.28707447521851
0.8865,2.4948282949907
0.887,2.45932605783968
0.8875,2.18352630000047
0.888,1.6947132358451
0.8885,1.04055191498984
0.889,0.284814685910912
0.8895,-0.496892162199138
0.89,-1.23093459355806
0.8905,-1.84367823821016
0.891,-2.27595223028843
0.8915,-2.48502177845537
0.892,-2.45017684659291
0.8925,-2.17503347498322
0.893,-1.68654755949301
0.8935,-1.03205602674012
0.894,-0.276646692740141
0.8945,0.505717460551133
0.895,1.23910138101537
0.8955,1.85282962403456
0.896,2.2851021289645
0.8965,2.49449957056836
0.897,2.46031223108141
0.8975,2.18549864613783
0.898,1.6973430301874
0.8985,1.04416788213324
0.899,0.288759378575315
0.8995,-0.492947466752747
0.9,-1.22731861906009
0.9005,-1.84104843565522
0.901,-2.27397987654416
0.9015,-2.48436432688376
0.902,-2.45083429811053
0.9025,-2.17700582828871
0.903,-1.68884863603239
0.9035,-1.03567200014075
0.904,-0.280920111808023
0.9045,0.501115319692985
0.905,1.23581413823008
0.9055,1.84987110526651
0.906,2.28312978271287
0.9065,2.4931846728798
0.907,2.46096967990963
0.9075,2.18747099227733
0.908,1.70030154882447
0.9085,1.04778384927437
0.909,0.292375346842092
0.9095,-0.48966022056108
0.91,-1.22436009448655
0.9105,-1.83841863311415
0.911,-2.27266497405291
0.9115,-2.48436432688376
0.912,-2.45182047538889
0.9125,-2.17864945604988
0.913,-1.69246461347182
0.9135,-1.03961669841826
0.914,-0.28519353089443
0.9145,0.497170627520125
0.915,1.23219817116562
0.9155,1.84691258650142
0.916,2.28148616083834
0.9165,2.4931846728798
0.917,2.46162712873815
0.9175,2.18977206277612
0.918,1.70326006746367
0.9185,1.051071092128
0.919,0.296648763873682
0.9195,-0.485058075913561
0.92,-1.22074412002696
0.9205,-1.83578883058692
0.921,-2.27102134594438
0.9215,-2.4833781495283
0.922,-2.4524779269091
0.9225,-2.18062180937119
0.923,-1.69509441526164
0.9235,-1.04356139671904
0.924,-0.289138225452214
0.9245,0.493554659687888
0.925,1.22891092837912
0.9255,1.84461151635282
0.926,2.27984253896546
0.9265,2.49285594845787
0.927,2.46294202639615
0.9275,2.19141568456277
0.928,1.70687603469227
0.9285,1.05534450783498
0.929,0.300593456507723
0.9295,-0.481113380520688
0.93,-1.21679942064051
0.9305,-1.83283030276034
0.931,-2.26904899222226
0.9315,-2.48304942374367
0.932,-2.45313537843034
0.9325,-2.18259416270113
0.933,-1.69805294229099
0.9335,-1.04684864532084
0.934,-0.292754195477453
0.9345,0.489609967499466
0.935,1.22496623703453
0.9355,1.84198172189944
0.936,2.27852764146834
0.9365,2.49252722403601
0.937,2.46359947522562
0.9375,2.19305930635092
0.938,1.70950582904237
0.9385,1.05896047496929
0.939,0.305195597901413
0.9395,-0.477168685145577
0.94,-1.21351217117092
0.9405,-1.82987177495125
0.941,-2.26740536412726
0.9415,-2.4827206979593
0.942,-2.45379282995261
0.9425,-2.18456651603972
0.943,-1.7010114693371
0.9435,-1.05112206852741
0.944,-0.296698890065682
0.9445,0.485993999652897
0.945,1.22167899424667
0.9455,1.83902320314215
0.946,2.27688401959843
0.9465,2.49186977519254
0.947,2.4649143728855
0.9475,2.19536037685684
0.948,1.71246434768829
0.9485,1.06257644210145
0.949,0.308811566129764
0.9495,-0.472566540563678
0.95,-1.20989619677442
0.9505,-1.82757069777849
0.951,-2.26543301042137
0.9515,-2.48239197217519
0.952,-2.45412155571414
0.9525,-2.18653886938695
0.953,-1.70396999639996
0.9535,-1.05440931716653
0.954,-0.301301033772099
0.9545,0.481391858747279
0.955,1.21839175145815
0.9555,1.83672213299959
0.956,2.27458294898331
0.9565,2.49154105077093
0.957,2.4649143728855
0.9575,2.19766144736571
0.958,1.71476541774774
0.9585,1.06652113351593
0.959,0.313413707499198
0.9595,-0.469279294448485
0.96,-1.2059514974567
0.9605,-1.82461217000047
0.961,-2.2641181079557
0.9615,-2.48206324639134
0.962,-2.45609391028872
0.9625,-2.18883994830299
0.963,-1.70725724871172
0.9635,-1.05802529068835
0.964,-0.304917003842402
0.9645,0.477118442182
0.965,1.21477578438999
0.9655,1.83343488994181
0.966,2.27261060274434
0.9665,2.49088360192794
0.967,2.46524309730067
0.9675,2.19897634480068
0.968,1.71805266069212
0.9685,1.06980837635944
0.969,0.316700951326241
0.9695,-0.465334599126425
0.97,-1.20299297298476
0.9705,-1.82198236754577
0.971,-2.26247447987913
0.9715,-2.48140579482442
0.972,-2.45642263605205
0.9725,-2.19048357610737
0.973,-1.70988705057606
0.9735,-1.06196998909827
0.974,-0.309519147587717
0.9745,0.473502474311466
0.975,1.21115981732098
0.9755,1.83047637119284
0.976,2.271295705253
0.9765,2.49055487750657
0.977,2.46622927054664
0.9775,2.20061996659576
0.978,1.72068245504961
0.9785,1.07408179205347
0.979,0.320316919528062
0.9795,-0.461389903821971
0.98,-1.19970572358792
0.9805,-1.81902383980071
0.981,-2.26050212619534
0.9815,-2.48107706904135
0.982,-2.45740881334361
0.9825,-2.19245592948057
0.983,-1.71317430292518
0.9835,-1.06558596266134
0.984,-0.313135117688661
0.9845,0.469886506433927
0.985,1.20754385025108
0.9855,1.8278465767517
0.986,2.26932335901796
0.9865,2.48989742866406
0.987,2.46721544379333
0.9875,2.20324976147102
0.988,1.72429842229404
0.9885,1.0773690348931
0.989,0.324590336483184
0.9895,-0.457445208535084
0.99,-1.1957610243345
0.9905,-1.81606531207306
0.991,-2.25885849813227
0.9915,-2.47943344012992
0.992,-2.4570800875795
0.9925,-2.19475700842691
0.993,-1.71580410481943
0.9935,-1.06920193624418
0.994,-0.317079812359669
0.9945,0.46561308984231
0.995,1.20392788318027
0.9955,1.82554550661754
0.996,2.26767973715721
0.9965,2.48923997982188
0.997,2.46787289262484
0.9975,2.20489338327003
0.998,1.72725694095109
0.9985,1.0809850020148
0.999,0.328863753426797
0.9995,-0.453500513265725
1,-1.19214505004066
1.0005,-1.8134355096631
1.001,-2.25721487007533
1.0015,-2.47976216591169
1.002,-2.45872371640265
1.0025,-2.19607191068727
1.003,-1.71876263196638
1.0035,-1.07281790984683
1.004,-0.321353231604812
1.0045,0.461668397595131
1.005,1.20064064038781
1.0055,1.82225826357169
1.006,2.26537866655491
1.0065,2.48891125540091
1.007,2.46885906587271
1.0075,2.20686572943085
1.008,1.73021545961041
1.0085,1.08460096913453
1.009,0.33280844597996
1.0095,-0.449555818013855
1.01,-1.18885780070069
1.0105,-1.81113443256566
1.011,-2.25524251641509
1.0115,-2.47910471434842
1.012,-2.45905244216805
1.0125,-2.19804426408503
1.013,-1.72204988437165
1.0135,-1.07643388346931
1.014,-0.32496920175015
1.0145,0.4577237053395
1.015,1.19669594903579
1.0155,1.81962846913751
1.016,2.26406376906931
1.0165,2.48825380655921
1.017,2.46984523912129
1.0175,2.20883807559387
1.018,1.73317397827202
1.0185,1.08821693625233
1.019,0.336753138523399
1.0195,-0.445611122779435
1.02,-1.18524182644658
1.0205,-1.8081759048844
1.021,-2.25359888837163
1.0215,-2.47844726278619
1.022,-2.45970989369964
1.0225,-2.20001661749147
1.023,-1.72435096106775
1.0235,-1.08004985711166
1.024,-0.329242621030397
1.0245,0.454107737431046
1.025,1.19275125768258
1.0255,1.81634122609788
1.026,2.26242014721377
1.0265,2.48792508213848
1.027,2.47017396353763
1.0275,2.21081042175909
1.028,1.73547504834376
1.0285,1.09183290336822
1.029,0.341355279811838
1.0295,-0.441666427562426
1.03,-1.18162585221324
1.0305,-1.80521737722049
1.031,-2.25195526033429
1.0315,-2.47811853700546
1.032,-2.46069607099897
1.0325,-2.20198897090659
1.033,-1.72763821350847
1.0335,-1.0836658307739
1.034,-0.333187315767563
1.0345,0.449834320802724
1.035,1.1894640148873
1.0355,1.81404015597217
1.036,2.2611052497305
1.0365,2.48693890887677
1.037,2.47116013678716
1.0375,2.21278276792651
1.038,1.73909101560218
1.0385,1.09544887048224
1.039,0.344642523581257
1.0395,-0.437393007763603
1.04,-1.17800987800064
1.0405,-1.80291630016056
1.041,-2.25031163230307
1.0415,-2.477789811225
1.042,-2.46135352253315
1.0425,-2.20429004990188
1.043,-1.73026801547609
1.0435,-1.08728180445606
1.044,-0.337789459648196
1.0445,0.445889628521502
1.045,1.18617677209113
1.0455,1.81108163724157
1.046,2.25880417913728
1.0465,2.48661018445636
1.047,2.47148886120383
1.0475,2.21475511409615
1.048,1.74172080997414
1.0485,1.09906483759442
1.049,0.348915940471531
1.0495,-0.433777037180486
1.05,-1.17439390380874
1.0505,-1.79962904723599
1.051,-2.24801055306963
1.0515,-2.47713235966485
1.052,-2.46201097406837
1.0525,-2.20560495219022
1.053,-1.73322654270564
1.0535,-1.09089777815818
1.054,-0.341076705290838
1.0545,0.441944936231671
1.055,1.18223208073455
1.0555,1.80779439421078
1.056,2.25683183291703
1.0565,2.48595273561579
1.057,2.47181758562057
1.0575,2.21639873590586
1.058,1.74435060434796
1.0585,1.10268080470478
1.059,0.352860632975664
1.0595,-0.430161066611901
1.06,-1.17110665456132
1.0605,-1.79699924491172
1.061,-2.24636692505309
1.0615,-2.47614618232658
1.062,-2.46266842560462
1.0625,-2.20790603120411
1.063,-1.7365137952028
1.0635,-1.09451375188028
1.064,-0.34535012464328
1.0645,0.437671519574595
1.065,1.1786161136565
1.0655,1.80516459978857
1.066,2.25551693543815
1.0665,2.48562401119562
1.067,2.47280375887128
1.0675,2.21837108207956
1.068,1.74763784731787
1.0685,1.10662549609587
1.069,0.35680532547027
1.0695,-0.425887646867723
1.07,-1.16716195548694
1.0705,-1.79436944260112
1.071,-2.24472329704265
1.0715,-2.47581745654768
1.072,-2.46431205444979
1.0725,-2.20954965907843
1.073,-1.7391435972156
1.0735,-1.09845845050904
1.074,-0.349294819447254
1.0745,0.433726827266706
1.075,1.17532887085728
1.0755,1.80220608106614
1.076,2.25354458922176
1.0765,2.48496656235552
1.077,2.47346120770548
1.0775,2.22001470389267
1.078,1.7505963659933
1.0785,1.10958401463781
1.079,0.360750017955388
1.0795,-0.421614227143749
1.08,-1.16387470627704
1.0805,-1.79173964030418
1.081,-2.24275094343819
1.0815,-2.47516000499065
1.082,-2.46398332868024
1.0825,-2.21185073811263
1.083,-1.74210212449604
1.0835,-1.10207442427302
1.084,-0.353568238836802
1.0845,0.429782134950088
1.085,1.17105545521682
1.0855,1.7992475623464
1.086,2.2512435186389
1.0865,2.48365166467629
1.087,2.47411865654001
1.0875,2.22198705007045
1.088,1.75322616037349
1.0885,1.11319998174307
1.089,0.364365986058445
1.0895,-0.417998256623825
1.09,-1.16058745708415
1.0905,-1.78910983802088
1.091,-2.24110731544118
1.0915,-2.47450255343467
1.092,-2.46496950598968
1.0925,-2.21382309157995
1.093,-1.74506065179348
1.0935,-1.10569039805708
1.094,-0.357512933675112
1.0945,0.425508718263857
1.095,1.16809693669551
1.0955,1.79694649223289
1.096,2.24992862116438
1.0965,2.48332294025668
1.097,2.47444738095738
1.0975,2.22395939625045
1.098,1.75618467905348
1.0985,1.11648722456456
1.099,0.368639402897317
1.0995,-0.414711010709118
1.1,-1.1569714829916
1.1005,-1.78582258518593
1.101,-2.23979241304797
1.1015,-2.47417382765706
1.102,-2.46595568330145
1.1025,-2.215795445056
1.103,-1.74834790436614
1.1035,-1.10897764696913
1.104,-0.361457628529963
1.1045,0.421235301567287
1.105,1.16448096961279
1.1055,1.7936592492164
1.106,2.24795627495453
1.1065,2.4826654914177
1.107,2.47510482979238
1.1075,2.22527429370504
1.108,1.75914319773591
1.1085,1.12043191594852
1.109,0.372584095354205
1.1095,-0.409780141859324
1.11,-1.15302678400497
1.1105,-1.7831927829333
1.111,-2.23749133386924
1.1115,-2.47384510187972
1.112,-2.46628440907255
1.1125,-2.21678162179729
1.113,-1.7509777064394
1.1135,-1.1125936207916
1.114,-0.365731047974763
1.1145,0.417619333585154
1.115,1.16053627824836
1.1155,1.79070073050434
1.116,2.24598392874697
1.1165,2.48167931815983
1.117,2.47609100304547
1.1175,2.22757536425295
1.118,1.76177299212235
1.1185,1.12437660733054
1.119,0.376528787801761
1.1195,-0.406164171386419
1.12,-1.14941080995531
1.1205,-1.78023425541535
1.121,-2.23617643148676
1.1215,-2.47285892454925
1.122,-2.46661313484392
1.1225,-2.21908270086879
1.123,-1.75426495904992
1.1235,-1.11686704442598
1.124,-0.3696757428642
1.1245,0.413345916869367
1.125,1.15692031116294
1.1255,1.78774221179491
1.126,2.24434030690909
1.1265,2.4813505937407
1.127,2.47641972746333
1.1275,2.22889026171027
1.128,1.76407406221208
1.1285,1.1273351258658
1.129,0.380802204609461
1.1295,-0.402219476341379
1.13,-1.14579483592613
1.1305,-1.77727572791461
1.131,-2.23420407792035
1.1315,-2.47285892454925
1.132,-2.46759931215959
1.1325,-2.22171250553648
1.133,-1.75689476115349
1.1335,-1.12015429339469
1.134,-0.37394916234656
1.1345,0.409401224507032
1.135,1.15330434407619
1.1355,1.78511241738872
1.136,2.24203923633873
1.1365,2.48102186932165
1.137,2.47707717629927
1.1375,2.231191332263
1.138,1.76736130520001
1.1385,1.1312798172445
1.139,0.384418172669033
1.1395,-0.398274781313321
1.14,-1.14250758682643
1.1405,-1.77464592570615
1.141,-2.23223172436271
1.1415,-2.47220147299691
1.142,-2.46891421525077
1.1425,-2.22335613346168
1.143,-1.76018201380194
1.1435,-1.12344154238012
1.144,-0.377893857270752
1.1445,0.405456532135729
1.145,1.14935965270726
1.1455,1.78281134728499
1.146,2.24072433887134
1.1465,2.4813505937407
1.147,2.47806334955379
1.1475,2.23283495408825
1.148,1.77064854819103
1.1485,1.13489578434002
1.149,0.388691589456728
1.1495,-0.393672637135333
1.15,-1.1392203377436
1.1505,-1.77135867296467
1.151,-2.23025937081382
1.1515,-2.47187274722113
1.152,-2.46924294102421
1.1525,-2.22467103580621
1.153,-1.76248309066842
1.1535,-1.12738624118474
1.154,-0.381509827632634
1.1545,0.401840564120789
1.155,1.14607240989856
1.1555,1.77919537998228
1.156,2.23842326830585
1.1565,2.47970697164625
1.157,2.47872079839054
1.1575,2.23480730028062
1.158,1.77327834258608
1.1585,1.13916919999642
1.159,0.392636281866583
1.1595,-0.390385391307998
1.16,-1.13527563886644
1.1605,-1.76872887078674
1.161,-2.2282870172737
1.1615,-2.47088656989534
1.162,-2.46957166679792
1.1625,-2.22664338933029
1.163,-1.76544161808337
1.1635,-1.13100221511018
1.164,-0.38545452258895
1.1645,0.397895871732186
1.165,1.14245644280762
1.1655,1.77656558558271
1.166,2.23645092210933
1.1665,2.47904952280903
1.167,2.4793782472276
1.1675,2.23677964647526
1.168,1.77590813698313
1.1685,1.14212771852656
1.169,0.396580974267303
1.1695,-0.386440696330655
1.17,-1.13165966491698
1.1705,-1.76577034335276
1.171,-2.22664338933029
1.1715,-2.47022911834611
1.172,-2.46990039257188
1.1725,-2.22861574286311
1.173,-1.76840014551545
1.1735,-1.13461818905593
1.174,-0.389399217562083
1.1745,0.393293730600669
1.175,1.13851175143403
1.1755,1.77426451548474
1.176,2.23546474901191
1.1765,2.47872079839054
1.177,2.47970697164625
1.1775,2.23875199267216
1.178,1.77919537998228
1.1785,1.14574368561762
1.179,0.400854391024487
1.1795,-0.382167276790854
1.18,-1.12804369098785
1.1805,-1.7628118159359
1.181,-2.22499976139295
1.1815,-2.46957166679792
1.182,-2.47088656989534
1.1825,-2.2305880964047
1.183,-1.77102994769169
1.1835,-1.13823416302204
1.184,-0.393343912552072
1.1845,0.38967776256005
1.185,1.13555323290268
1.1855,1.77163472108894
1.186,2.23382112718415
1.1865,2.47872079839054
1.187,2.48102186932165
1.1875,2.24072433887134
1.188,1.78248262298458
1.1885,1.14968837698807
1.189,0.404799083406303
1.1895,-0.377893857270752
1.19,-1.12409899217922
1.1905,-1.75985328853615
1.191,-2.22236995670584
1.1915,-2.46825676370466
1.192,-2.47121529567034
1.1925,-2.23157427317877
1.193,-1.77398847515616
1.1935,-1.14152141209981
1.194,-0.397288607558956
1.1945,0.385404345774844
1.195,1.13226599008888
1.1955,1.768347478097
1.196,2.23184878099291
1.1965,2.47806334955379
1.197,2.48167931815983
1.1975,2.24236796070573
1.198,1.78478369308809
1.1985,1.1529756197955
1.199,0.408415051415049
1.1995,-0.373620437770298
1.2,-1.12048301829248
1.2005,-1.75722348641739
1.201,-2.22105505436811
1.2015,-2.46792803793199
1.202,-2.47220147299691
1.2025,-2.23354662673349
1.203,-1.77694700263781
1.2035,-1.14480866119445
1.204,-0.401233302582774
1.2045,0.381459653348143
1.205,1.12799257442904
1.2055,1.76604640800447
1.206,2.22954771043931
1.2065,2.47707717629927
1.207,2.48200804257904
1.2075,2.24434030690909
1.208,1.78807093609583
1.2085,1.15659158688238
1.209,0.413017192506181
1.2095,-0.370004467439071
1.21,-1.11686704442598
1.2105,-1.75426495904992
1.211,-2.21908270086879
1.2115,-2.46694186061555
1.212,-2.47253019877295
1.2125,-2.23551898029698
1.213,-1.77957680485814
1.2135,-1.1487533601303
1.214,-0.405177997623565
1.2145,0.377843685282213
1.215,1.12503405589402
1.2155,1.7630878893163
1.216,2.22823281298149
1.2165,2.47674845188126
1.217,2.48299421583715
1.2175,2.24631265311474
1.218,1.79102945480555
1.2185,1.16020755396792
1.219,0.416633160497823
1.2195,-0.365731047974763
1.22,-1.11325107057967
1.2205,-1.7509777064394
1.221,-2.21711034737821
1.2215,-2.46661313484392
1.222,-2.47318765032582
1.2225,-2.23716260827326
1.223,-1.78286405765267
1.2235,-1.15269805909051
1.224,-0.409451417270287
1.2245,0.373570268466967
1.225,1.12141808879421
1.2255,1.7601293706306
1.226,2.22626046679663
1.2265,2.47510482979238
1.227,2.48332294025668
1.2275,2.24729882621842
1.228,1.79333052491493
1.2285,1.16382352105215
1.229,0.420906577205583
1.2295,-0.361786353101948
1.23,-1.10996382164599
1.2305,-1.74834790436614
1.231,-2.215795445056
1.2315,-2.46595568330145
1.232,-2.47351637610264
1.2325,-2.23979241304797
1.233,-1.78582258518593
1.2335,-1.15565658332668
1.234,-0.413396112346563
1.2345,0.369954300383985
1.235,1.11747339741073
1.2355,1.75749957624537
1.236,2.22461684497762
1.2365,2.47477610537484
1.237,2.48430911351574
1.2375,2.24959989679592
1.238,1.79628904362933
1.2385,1.16776821241532
1.239,0.42517999390295
1.2395,-0.357841658245717
1.24,-1.10667657272895
1.2405,-1.7453893770498
1.241,-2.21316564042321
1.2415,-2.46529823176001
1.242,-2.47384510187972
1.2425,-2.24110731544118
1.243,-1.78812366216816
1.2435,-1.1596012823296
1.244,-0.417012082848164
1.2445,0.365680883548503
1.245,1.11352870602528
1.2455,1.75421233326655
1.246,2.22297322316017
1.2465,2.47444738095738
1.247,2.48496656235552
1.2475,2.25157224300769
1.248,1.79990501095055
1.2485,1.171712903777
1.249,0.4291246862298
1.2495,-0.353568238836802
1.25,-1.10273187405045
1.2505,-1.74275957500512
1.251,-2.21152201253559
1.2515,-2.4646407802196
1.252,-2.47483127921253
1.2525,-2.24275094343819
1.253,-1.79108218973207
1.2535,-1.16354598135699
1.254,-0.421285502550433
1.2545,0.36173619107519
1.255,1.11024146320253
1.2555,1.75125381458817
1.256,2.22100087698128
1.2565,2.47411865654001
1.257,2.48496656235552
1.2575,2.25354458922176
1.258,1.80154863246152
1.2585,1.1750001465773
1.259,0.433069378547877
1.2595,-0.349294819447254
1.26,-1.09911590028281
1.2605,-1.7398010477209
1.261,-2.20987838465401
1.2615,-2.46365460291095
1.262,-2.47516000499065
1.2625,-2.24472329704265
1.263,-1.7937119920256
1.2635,-1.1665045056436
1.264,-0.425558922272854
1.2645,0.357462774218447
1.265,1.10695422037836
1.2655,1.7482952959122
1.266,2.21902853080462
1.2665,2.47313248328834
1.267,2.48595273561579
1.2675,2.25518821106859
1.268,1.80483587548594
1.2685,1.1786161136565
1.269,0.437014070857218
1.2695,-0.345678849209651
1.27,-1.0948424767651
1.2705,-1.7365137952028
1.271,-2.20790603120411
1.2715,-2.46299715137314
1.272,-2.47614618232658
1.2725,-2.24669565065591
1.273,-1.79667051962215
1.2735,-1.17044920471389
1.274,-0.429503617419172
1.2745,0.353518081725425
1.275,1.10300952898745
1.2755,1.74566550153557
1.276,2.21771363335475
1.2765,2.4724750344543
1.277,2.48628146003603
1.2775,2.25683183291703
1.278,1.80779439421078
1.2785,1.18223208073455
1.279,0.44128748751586
1.2795,-0.341734154420731
1.28,-1.09155522792435
1.2805,-1.7338839932034
1.281,-2.20659112890901
1.2815,-2.46233969983636
1.282,-2.47680363388517
1.2825,-2.24768182746583
1.283,-1.7993003219447
1.2835,-1.17340772903272
1.284,-0.433448312582742
1.2845,0.349573389222883
1.285,1.09972228616007
1.2855,1.7427069828641
1.286,2.21541256281985
1.2865,2.47181758562057
1.287,2.48693890887677
1.2875,2.25847545476707
1.288,1.81108163724157
1.2885,1.18551932353179
1.289,0.444903455449853
1.2895,-0.337132010521031
1.29,-1.08761052933725
1.2905,-1.73092546597008
1.291,-2.2039613243304
1.2915,-2.46201097406837
1.292,-2.47713235966485
1.2925,-2.24998290669756
1.293,-1.80193012428094
1.2935,-1.17768115307325
1.294,-0.437064283164536
1.2945,0.346286145463463
1.295,1.0964350433312
1.2955,1.739748464195
1.296,2.21344021664948
1.2965,2.47116013678716
1.297,2.48792508213848
1.2975,2.26044780098926
1.298,1.81338270736513
1.2985,1.18913529060772
1.299,0.449176872089783
1.2995,-0.333187315767563
1.3,-1.08399455565327
1.3005,-1.72796693875369
1.301,-2.20198897090659
1.3015,-2.46102479676593
1.302,-2.47811853700546
1.3025,-2.25162653472755
1.303,-1.80488865192557
1.3035,-1.18031095249717
1.304,-0.441008978361281
1.3045,0.342012728566257
1.305,1.09183290336822
1.3055,1.73678994552823
1.306,2.21113914612017
1.3065,2.47050268795406
1.307,2.48792508213848
1.3075,2.26209142284286
1.308,1.8160125017941
1.3085,1.19307998196206
1.309,0.453121564363862
1.3095,-0.329242621030397
1.31,-1.08070730686695
1.3105,-1.72500841155422
1.311,-2.20001661749147
1.3115,-2.46036734523227
1.312,-2.47811853700546
1.3125,-2.25327016276367
1.313,-1.80751845429092
1.3135,-1.18458437658443
1.314,-0.444953673575392
1.3145,0.338068036035724
1.315,1.08887438481899
1.3155,1.73416015115974
1.316,2.21015297303711
1.3165,2.46984523912129
1.317,2.48891125540091
1.3175,2.26406376906931
1.318,1.81929974483339
1.3185,1.19669594903579
1.319,0.457394980984481
1.3195,-0.32496920175015
1.32,-1.07676260834507
1.3205,-1.72204988437165
1.321,-2.19837298965217
1.3215,-2.45938116793372
1.322,-2.47877598856717
1.3225,-2.25491379080591
1.323,-1.81080570726689
1.3235,-1.18754290096952
1.324,-0.448898368806908
1.3245,0.33379461911673
1.325,1.08525841770155
1.3255,1.73087290820168
1.326,2.20752317815162
1.3265,2.46885906587271
1.327,2.48956870424293
1.3275,2.26570739092647
1.328,1.82225826357169
1.3285,1.20031191610852
1.329,0.461010948886447
1.3295,-0.321353231604812
1.33,-1.07314663472078
1.3305,-1.71974880768577
1.331,-2.19574318512182
1.3315,-2.4583949906375
1.332,-2.47943344012992
1.3325,-2.25655741885427
1.333,-1.81310678436283
1.3335,-1.19148760017129
1.334,-0.452843064055866
1.3345,0.329521202186334
1.335,1.08131372629849
1.3355,1.72791438954185
1.336,2.20587955635017
1.3365,2.46787289262484
1.337,2.49022615308528
1.3375,2.26735101278526
1.338,1.8252167823128
1.3385,1.20359915890106
1.339,0.4652843654887
1.3395,-0.317408536916315
1.34,-1.06953066111633
1.3405,-1.71646155529507
1.341,-2.19409955729818
1.3415,-2.45806626487261
1.342,-2.47943344012992
1.3425,-2.25885849813227
1.343,-1.81573658677107
1.3435,-1.19510357446134
1.344,-0.457116483928635
1.3445,0.325905234005519
1.345,1.07835520774467
1.3455,1.72528459517947
1.346,2.20423593455024
1.3465,2.46754416820905
1.347,2.49055487750657
1.3475,2.2696520833903
1.348,1.82751785244671
1.3485,1.20721512597196
1.349,0.469229057728165
1.3495,-0.313463842243963
1.35,-1.06624341240221
1.3505,-1.71284557768933
1.351,-2.19245592948057
1.3515,-2.45675136181565
1.352,-2.480419617476
1.3525,-2.26017340058224
1.353,-1.81836638919306
1.3535,-1.19806209889598
1.354,-0.46106117921406
1.3545,0.321960541435243
1.355,1.07441051633751
1.3555,1.72166862793412
1.356,2.20226358839234
1.3565,2.46688671937769
1.357,2.49088360192794
1.3575,2.27096698088033
1.358,1.83047637119284
1.3585,1.21083109304194
1.359,0.472187576902263
1.3595,-0.309190423033756
1.36,-1.06262743883554
1.3605,-1.71021577581004
1.361,-2.19015485054601
1.3615,-2.45642263605205
1.362,-2.48074834325855
1.3625,-2.26214575426455
1.363,-1.82132491693425
1.3635,-1.20233552310401
1.364,-0.465663323735924
1.3645,0.317687124473015
1.365,1.0701371006437
1.3655,1.71936755787065
1.366,2.19996251787755
1.3665,2.46557182171592
1.367,2.49121232634939
1.3675,2.27261060274434
1.368,1.83244871702517
1.3685,1.21378961155307
1.369,0.476789717830422
1.3695,-0.305574452947539
1.37,-1.05868274042171
1.3705,-1.70758597394404
1.371,-2.18818249718292
1.3715,-2.45576518452564
1.372,-2.48140579482442
1.3725,-2.26378938233989
1.373,-1.82428344469288
1.3735,-1.2059514974567
1.374,-0.468950569837639
1.3745,0.313742431882212
1.375,1.06652113351593
1.3755,1.71608031492516
1.376,2.19799017172437
1.3765,2.46458564847041
1.377,2.49121232634939
1.3775,2.27425422460998
1.378,1.83540723577605
1.3785,1.21740557862146
1.379,0.480405685694615
1.3795,-0.30195848287479
1.38,-1.05506676689631
1.3805,-1.70495617209132
1.381,-2.18686759494566
1.3815,-2.45510773300026
1.382,-2.48206324639134
1.3825,-2.26576173603841
1.383,-1.82724197246896
1.3835,-1.2092387468864
1.384,-0.472895265175872
1.3845,0.309797739281496
1.385,1.06290516638608
1.3855,1.71246434768829
1.386,2.19568910121507
1.3865,2.46392819964047
1.387,2.49186977519254
1.3875,2.27556912210368
1.388,1.83869447883596
1.3885,1.22102154568902
1.389,0.484679102252435
1.3895,-0.297356339165269
1.39,-1.05177951825394
1.3905,-1.70166891979406
1.391,-2.18456651603972
1.3915,-2.45445028147592
1.392,-2.48239197217519
1.3925,-2.26773408974577
1.393,-1.82954304964021
1.3935,-1.21285472127909
1.394,-0.476839960531785
1.3945,0.305853046670828
1.395,1.05961792353893
1.3955,1.7104920019241
1.396,2.19371675506659
1.3965,2.46327075081085
1.397,2.49219849961424
1.3975,2.27787019272018
1.398,1.84066682467362
1.3985,1.22496623703453
1.399,0.488623794451084
1.3995,-0.293082920025865
1.4,-1.04783481990453
1.4005,-1.69838166751751
1.401,-2.18259416270113
1.4015,-2.45346410419135
1.402,-2.48304942374367
1.4025,-2.269377717842
1.403,-1.83250157744735
1.4035,-1.21647069569277
1.404,-0.480784655905418
1.4045,0.301579629664662
1.405,1.05567323212001
1.4055,1.70687603469227
1.406,2.19174440892028
1.4065,2.46261330198153
1.407,2.4931846728798
1.4075,2.27918509021677
1.408,1.84362534343253
1.4085,1.22825347982175
1.409,0.492897210990384
1.4095,-0.289466949999412
1.41,-1.0442188464381
1.4105,-1.69575186571116
1.411,-2.18095053492558
1.4115,-2.45280665266959
1.412,-2.48370687531319
1.4125,-2.27069262032341
1.413,-1.83513137995728
1.4135,-1.22041539507713
1.414,-0.484729351296809
1.4145,0.297634937033136
1.415,1.0517285406985
1.4155,1.70326006746367
1.416,2.18944333841897
1.4165,2.46129840432385
1.417,2.49285594845787
1.4175,2.28082871208899
1.418,1.84658386219436
1.4185,1.23154072260837
1.419,0.496184454475646
1.4195,-0.285522255440307
1.42,-1.04060287299127
1.4205,-1.69279333869483
1.421,-2.17930690715602
1.4215,-2.45214920114887
1.422,-2.48403560109835
1.4225,-2.27332242529804
1.423,-1.83808990779749
1.4235,-1.22370264458324
1.424,-0.489002771324234
1.4245,0.292704071229559
1.425,1.04778384927437
1.4255,1.70128772170397
1.426,2.18779971663412
1.4265,2.46064095549548
1.427,2.4931846728798
1.4275,2.28280105833783
1.428,1.84921365665179
1.4285,1.23482796539439
1.429,0.500129146650527
1.4295,-0.281906285441701
1.43,-1.03665817470795
1.4305,-1.69016353691657
1.431,-2.17733455384047
1.4315,-2.45116302386972
1.432,-2.48436432688376
1.4325,-2.27430860216759
1.433,-1.84039098501865
1.4335,-1.22698989410678
1.434,-0.492947466752747
1.4345,0.289416827351727
1.435,1.04383915784757
1.4355,1.69832920306619
1.436,2.18615609485076
1.4365,2.45998350666742
1.437,2.49384212172392
1.4375,2.28444468021369
1.438,1.85184345111155
1.4385,1.23877265673686
1.439,0.504402563164207
1.4395,-0.277304141826303
1.44,-1.03337092615627
1.4405,-1.6872050099318
1.441,-2.17503347498322
1.4415,-2.45083429811053
1.442,-2.48535050424156
1.4425,-2.27595223028843
1.443,-1.84367823821016
1.4435,-1.23060586860282
1.444,-0.496892162199138
1.4445,0.285472134689019
1.445,1.04055191498984
1.4455,1.69438451155243
1.446,2.18385502435655
1.4465,2.45899733342592
1.447,2.49515701941311
1.4475,2.2860883020912
1.448,1.85480196988158
1.4485,1.24238862380012
1.449,0.508347255322314
1.4495,-0.273030722774058
1.45,-1.02942622791554
1.4505,-1.68391775774608
1.451,-2.17273239613771
1.4515,-2.44919066931841
1.452,-2.48502177845537
1.4525,-2.27792458404158
1.453,-1.84630804077897
1.4535,-1.23389311816303
1.454,-0.500836857663447
1.4545,0.28119871762625
1.455,1.03660722355805
1.4555,1.69241216579695
1.456,2.18155395386525
1.4565,2.45833988459865
1.457,2.49548574383562
1.4575,2.28773192397038
1.458,1.8577604886546
1.4585,1.24534714230595
1.459,0.512291947472429
1.4595,-0.268757303740247
1.46,-1.02548152969798
1.4605,-1.68063050558095
1.461,-2.1710887683981
1.4615,-2.44853321780338
1.462,-2.48535050424156
1.4625,-2.27891076092148
1.463,-1.84926656868548
1.4635,-1.23750909269947
1.464,-0.504781553145712
1.4645,0.277582749332989
1.465,1.03331998069611
1.4655,1.6891249228732
1.466,2.17958160773217
1.4665,2.45735371135832
1.467,2.4958144682582
1.4675,2.28904682147491
1.468,1.86071900743061
1.4685,1.24962055792477
1.469,0.516565363959415
1.4695,-0.265470058342135
1.47,-1.02219428120103
1.4705,-1.67800070386364
1.471,-2.16845896402716
1.4715,-2.44754704053276
1.472,-2.48633668160171
1.4725,-2.28088311468794
1.473,-1.85189637128381
1.4735,-1.2411250672571
1.474,-0.508397524020263
1.4745,0.273638056639588
1.475,1.02937528925921
1.4755,1.685837679952
1.476,2.17793798595622
1.4765,2.45669626253183
1.477,2.49614319268086
1.4775,2.29069044335708
1.478,1.86302007759182
1.4785,1.25323652498624
1.479,0.520181331748841
1.4795,-0.261196639340817
1.48,-1.01857830787291
1.4805,-1.67438472652381
1.481,-2.16714406184743
1.4815,-2.4472183147764
1.482,-2.48666540738895
1.4825,-2.28285546846328
1.483,-1.85452617389605
1.4835,-1.24474104183597
1.484,-0.512670944164268
1.4845,0.269364639543435
1.485,1.02575932210621
1.4855,1.68287916132508
1.486,2.17563691547237
1.4865,2.45603881370565
1.487,2.4964719171036
1.4875,2.29266278961789
1.488,1.86597859637321
1.4885,1.25652376776893
1.489,0.524126023875216
1.4895,-0.257251944894302
1.49,-1.01463360971889
1.4905,-1.67175492483771
1.491,-2.165171708585
1.4915,-2.44623213750888
1.492,-2.48732285896421
1.4925,-2.28449909661619
1.493,-1.85748470185146
1.4935,-1.24802829147157
1.494,-0.516286915071914
1.4945,0.265091222435134
1.495,1.02214335495079
1.4955,1.68024936699174
1.496,2.17366456934566
1.4965,2.45505264046696
1.497,2.49712936594933
1.4975,2.29430641150373
1.498,1.86827966653862
1.4985,1.2598110105512
1.499,0.528399440336614
1.4995,-0.252978525928125
1.5,-1.01101763643126
1.5005,-1.66879639795652
1.501,-2.1628706297897
1.5015,-2.44491723448913
1.502,-2.48765158475223
1.5025,-2.28581399914296
1.503,-1.85978577916231
1.5035,-1.25131554112476
1.504,-0.520889059885475
1.5045,0.2614752541032
1.505,1.01885611208011
1.5055,1.67729084836863
1.506,2.172020947575
1.5065,2.45439519164156
1.507,2.49778681479539
1.5075,2.29595003339125
1.508,1.87123818532543
1.5085,1.26342697761124
1.509,0.532672856788865
1.5095,-0.249033831513965
1.51,-1.00740166316296
1.5105,-1.66583787109192
1.511,-2.1605695510061
1.5115,-2.44458850873484
1.512,-2.48798031054052
1.5125,-2.28712890167368
1.513,-1.86241558181635
1.5135,-1.25493151576362
1.514,-0.524833755459621
1.5145,0.257201836972341
1.515,1.01524014491998
1.5155,1.67367488116533
1.516,2.16971987709855
1.5165,2.45373774281647
1.517,2.49811553921853
1.5175,2.29759365528044
1.518,1.87419670411532
1.5185,1.26704294467082
1.519,0.536288824549048
1.5195,-0.244760412582747
1.52,-1.00345696507409
1.5205,-1.6628793442439
1.521,-2.15826847223418
1.5215,-2.44327360572025
1.522,-2.48798031054052
1.5225,-2.28877252984265
1.523,-1.86537410981882
1.5235,-1.25821876545384
1.524,-0.528449726418569
1.5245,0.253257144225257
1.525,1.01129545346971
1.5255,1.67104508683751
1.526,2.16774753097816
1.5265,2.45275156957943
1.527,2.49811553921853
1.5275,2.29923727717132
1.528,1.87682649859782
1.5285,1.27098763600808
1.529,0.540233516643671
1.5295,-0.241144442732015
1.53,-0.999512267008131
1.5305,-1.65893464180562
1.531,-2.1566248445471
1.5315,-2.4426161542145
1.532,-2.48830903632906
1.5325,-2.2904161580178
1.533,-1.8676751871663
1.5335,-1.26183474013347
1.534,-0.53239442202762
1.5345,0.249312451467663
1.535,1.0076794863043
1.5355,1.66775784392991
1.536,2.16610390921277
1.5365,2.45110794751923
1.537,2.49877298806507
1.5375,2.30055217468523
1.538,1.87945629308277
1.5385,1.27361743023265
1.539,0.544178208730619
1.5395,-0.237199748364148
1.54,-0.996225018637315
1.5405,-1.65663356539686
1.541,-2.15465249133047
1.5415,-2.44130125120611
1.542,-2.48896648790693
1.5425,-2.29205978619914
1.543,-1.87063371520022
1.5435,-1.26545071483451
1.544,-0.536667842291374
1.5445,0.245039034301696
1.545,1.0037347948482
1.5455,1.66512804960557
1.546,2.16347411439117
1.5465,2.4504504986957
1.547,2.49910171248846
1.5475,2.30219579657913
1.548,1.88142863894809
1.5485,1.27723339729113
1.549,0.548122900809928
1.5495,-0.233255054011634
1.55,-0.992609045447743
1.5505,-1.65400376379909
1.551,-2.15300886365649
1.5515,-2.44097252545465
1.552,-2.4902813910658
1.5525,-2.29403214002491
1.553,-1.8732635179119
1.5535,-1.26906668955698
1.554,-0.540612537938527
1.5545,0.24109434152208
1.555,1.00011882767738
1.5555,1.66151208241208
1.556,2.16183049262955
1.5565,2.44979304987248
1.557,2.49943043691193
1.5575,2.30416814285405
1.558,1.8843871577487
1.5585,1.28084936434928
1.559,0.551738868542619
1.5595,-0.229310359674434
1.56,-0.98833562261205
1.5605,-1.65104523701718
1.561,-2.1503790593905
1.5615,-2.44031507395251
1.562,-2.48962393948584
1.5625,-2.2960044938596
1.563,-1.87556459529611
1.5635,-1.2723539393233
1.564,-0.544557233604029
1.5645,0.237149648731834
1.565,0.995845411926649
1.5655,1.65855356380134
1.566,2.15985814651752
1.5665,2.44913560104957
1.567,2.49943043691193
1.5675,2.30581176475167
1.568,1.88701695224077
1.5685,1.28380788285117
1.569,0.556012284945789
1.5695,-0.224708216300338
1.57,-0.984719649464262
1.5705,-1.64775798505663
1.571,-2.14906415726321
1.5715,-2.43932889670124
1.572,-2.4902813910658
1.5725,-2.29731939642101
1.573,-1.87885184872074
1.5735,-1.27596991408677
1.574,-0.54850192928792
1.5745,0.232876231530359
1.575,0.993215617616656
1.5755,1.65559504519251
1.576,2.15755707605611
1.5765,2.44782070340468
1.577,2.50008788575912
1.5775,2.30778411103105
1.578,1.89030419535937
1.5785,1.28808129846468
1.579,0.559956977002419
1.5795,-0.221420971045822
1.58,-0.980774951506642
1.5805,-1.6441420079235
1.581,-2.14610562749072
1.5815,-2.43834271945228
1.582,-2.49061011685617
1.5825,-2.29863429898639
1.583,-1.88115292613101
1.5835,-1.27925716389042
1.584,-0.552117900347672
1.5845,0.229260263119294
1.585,0.988942201859877
1.5855,1.65296525087511
1.586,2.1559134542997
1.5865,2.44749197899365
1.587,2.50074533460663
1.5875,2.30909900855199
1.588,1.89260526554472
1.5885,1.291697265522
1.589,0.56423039338866
1.5895,-0.216490103183828
1.59,-0.977487703225964
1.5905,-1.64151220638757
1.591,-2.14413327431974
1.5915,-2.43735654220565
1.592,-2.4902813910658
1.5925,-2.29994920155574
1.593,-1.88411145424574
1.5935,-1.28254441371187
1.594,-0.556062596066915
1.5945,0.224986845894571
1.595,0.9849975103887
1.5955,1.65000673226981
1.596,2.15328365949241
1.5965,2.44650580576103
1.597,2.50107405903051
1.5975,2.31074263045471
1.598,1.89523506004464
1.5985,1.29498450830119
1.599,0.568175085429746
1.5995,-0.212874133433415
1.6,-0.973871730135395
1.6005,-1.63888240486463
1.601,-2.14216092115732
1.6015,-2.43669909070918
1.602,-2.4909388426468
1.6025,-2.30159282977301
1.603,-1.88641253168059
1.6035,-1.28616038853607
1.604,-0.55967856715914
1.6045,0.221370877463764
1.605,0.981381543203903
1.6055,1.64671948937718
1.606,2.15131131338936
1.6065,2.4455196325291
1.607,2.50140278345447
1.6075,2.31238625235912
1.608,1.89786485454709
1.6085,1.29827175108023
1.609,0.571791053127573
1.6095,-0.208929439174718
1.61,-0.969927032240094
1.6105,-1.63493770260454
1.611,-2.14018856800343
1.6115,-2.4357129134664
1.612,-2.4912675684377
1.6125,-2.30356518364192
1.613,-1.88871360912622
1.6135,-1.28977636338187
1.614,-0.564280712208141
1.6145,0.217097460215626
1.615,0.977765576016316
1.6155,1.64343224648682
1.616,2.14901024293839
1.6165,2.44387601047744
1.617,2.50173150787851
1.6175,2.31337242550259
1.618,1.90016592473882
1.6185,1.30155899385913
1.619,0.576064469489756
1.6195,-0.204327295891955
1.62,-0.965982334367381
1.6205,-1.63197917592861
1.621,-2.13755876381153
1.6215,-2.43439801047964
1.622,-2.4912675684377
1.6225,-2.30520881187284
1.623,-1.89200086263865
1.6235,-1.2933923382493
1.624,-0.56789668333581
1.6245,0.212824042954734
1.625,0.97382088453573
1.6255,1.64014500359869
1.626,2.14703789683979
1.6265,2.44387601047744
1.627,2.50173150787851
1.6275,2.31501604740973
1.628,1.90345316787326
1.6285,1.30451751236005
1.629,0.57935171283943
1.6295,-0.200711326184137
1.63,-0.962695086157347
1.6305,-1.62902064926906
1.631,-2.13558641067755
1.6315,-2.43406928473359
1.632,-2.49225374581194
1.6325,-2.30685244010997
1.633,-1.89495939081866
1.6335,-1.29667958814758
1.634,-0.572827553080579
1.6345,0.208879350087163
1.635,0.96987619305175
1.6355,1.63718648500126
1.636,2.14473682639401
1.6365,2.44288983724737
1.637,2.50238895672683
1.6375,2.31698839370056
1.638,1.90575423806976
1.6385,1.30846220369449
1.639,0.583953853520473
1.6395,-0.196437907454774
1.64,-0.958750388325945
1.6405,-1.62639084780765
1.641,-2.13328533203202
1.6415,-2.43275438175197
1.642,-2.49258247160388
1.6425,-2.30816734270415
1.643,-1.89693174294858
1.6435,-1.29996683806379
1.644,-0.575786074941435
1.6445,0.204934657208643
1.645,0.966260225855084
1.6455,1.6342279664056
1.646,2.14276448029983
1.6465,2.44223238842771
1.647,2.50238895672683
1.6475,2.31830329122915
1.648,1.90871275689673
1.6485,1.31174944647313
1.649,0.587569821191515
1.6495,-0.192493213258629
1.65,-0.955134415333574
1.6505,-1.62310359599905
1.651,-2.13164170443516
1.6515,-2.43143947877447
1.652,-2.49291119739608
1.6525,-2.30981097095246
1.653,-1.89923282044352
1.6535,-1.30391153798694
1.654,-0.579730770772273
1.6545,0.200661239911179
1.655,0.962972982946496
1.6555,1.63159817209983
1.656,2.1404634098592
1.6565,2.44091749078931
1.657,2.50271768115111
1.6575,2.32060436190682
1.658,1.9106851027832
1.6585,1.31569413780743
1.659,0.591843237522211
1.6595,-0.188548519077396
1.66,-0.95118971754522
1.6605,-1.61981634421062
1.661,-2.1293406258095
1.6615,-2.43045330154404
1.662,-2.49258247160388
1.6625,-2.31178332485865
1.663,-1.90252007402646
1.6635,-1.30752751293923
1.664,-0.583675466621846
1.6645,0.196716547009725
1.665,0.959028291452977
1.6655,1.62798220493165
1.666,2.13849106376944
1.6665,2.43960259315214
1.667,2.50337512999992
1.6675,2.32126181067249
1.668,1.91364362161565
1.6685,1.31898138058601
1.669,0.59513048084779
1.6695,-0.185261273937731
1.67,-0.947902469405374
1.6705,-1.61718654279438
1.671,-2.12769699822684
1.6715,-2.43045330154404
1.672,-2.49356864898126
1.6725,-2.31342695312065
1.673,-1.90514987690871
1.6735,-1.31081476291475
1.674,-0.587948887146737
1.6745,0.192443129687324
1.675,0.955083599955916
1.6755,1.62535241062913
1.676,2.13618999333394
1.6765,2.43861641992508
1.677,2.50370385442445
1.6775,2.32257670820466
1.678,1.91561596750579
1.6785,1.32226862336459
1.679,0.599075172831946
1.6795,-0.18098785527157
1.68,-0.944615221281063
1.6805,-1.6142280162165
1.681,-2.12539591962103
1.6815,-2.42913839857373
1.682,-2.49389737477424
1.6825,-2.31474185573474
1.683,-1.90810840516816
1.6835,-1.31443073790865
1.684,-0.591893583035468
1.6845,0.188169712351884
1.685,0.950810184163393
1.6855,1.62206516775288
1.686,2.13388892290119
1.6865,2.4369727978815
1.687,2.50304640557548
1.6875,2.32389160573792
1.688,1.91857448634377
1.6885,1.3255558661432
1.689,0.603019864809006
1.6895,-0.176714436622777
1.69,-0.940341798742647
1.6905,-1.6112694896549
1.691,-2.12342356653954
1.6915,-2.4281522213487
1.692,-2.49422610056749
1.6925,-2.31638548400794
1.693,-1.91040948271566
1.6935,-1.31771798792206
1.694,-0.595509554283367
1.6945,0.184553743827058
1.695,0.947194216951015
1.6955,1.61844920059141
1.696,2.13158785247118
1.6965,2.43664407347302
1.697,2.50370385442445
1.6975,2.32520650327229
1.698,1.9208755565534
1.6985,1.32884310892187
1.699,0.606635832448445
1.6995,-0.173098467010404
1.7,-0.937054550653982
1.7005,-1.60765351276838
1.701,-2.12145121346655
1.7015,-2.42749476986663
1.702,-2.49455482636099
1.7025,-2.31770038663099
1.703,-1.91303928564038
1.7035,-1.32133396295767
1.704,-0.599782974869533
1.7045,0.179951602054589
1.705,0.943578249735564
1.7055,1.61516195771952
1.706,2.12961550639049
1.7065,2.43532917583985
1.707,2.50403257884906
1.7075,2.32717884957592
1.708,1.92383407539732
1.7085,1.33213035170062
1.709,0.610580524412014
1.7095,-0.168825048393543
1.71,-0.93310985296799
1.7105,-1.6053524365805
1.711,-2.11947886040205
1.7115,-2.42650859264545
1.712,-2.49488355215476
1.7125,-2.31934401491542
1.713,-1.91599781394764
1.7135,-1.3242924880031
1.714,-0.604056395477921
1.7145,0.176335633508353
1.715,0.939962282517009
1.7155,1.61253216342348
1.716,2.12764316031181
1.7165,2.43434300261578
1.717,2.50436130327375
1.7175,2.32882247149751
1.718,1.92679259424461
1.7185,1.33607504303524
1.719,0.614853940698003
1.7195,-0.164222905286957
1.72,-0.928836430499911
1.7205,-1.60140773456699
1.721,-2.11684905632924
1.7215,-2.42519368968747
1.722,-2.49521227794879
1.7225,-2.32098764320608
1.723,-1.91797016616245
1.7235,-1.32757973807078
1.724,-0.608001091443889
1.7245,0.172390940538021
1.725,0.936675039588331
1.7255,1.60990236912873
1.726,2.12567081423513
1.7265,2.43368555380011
1.727,2.50436130327375
1.7275,2.33079481780571
1.728,1.92909366446151
1.7285,1.33936228581424
1.729,0.619127356975847
1.7295,-0.160278211211452
1.73,-0.924891732860177
1.7305,-1.59844920807577
1.731,-2.1145479777779
1.7315,-2.42420751247168
1.732,-2.49554100374308
1.7325,-2.32197382018346
1.733,-1.92059996912796
1.7335,-1.33152443817595
1.734,-0.61161706276273
1.7345,0.167788798725005
1.735,0.932730348070467
1.7355,1.60661512626209
1.736,2.12336974381485
1.7365,2.43302810498475
1.737,2.50501875212337
1.7375,2.33178099096075
1.738,1.93205218331482
1.7385,1.34264952859338
1.739,0.623400773245596
1.7395,-0.15633351715054
1.74,-0.921275760043208
1.7405,-1.59483323127517
1.741,-2.1122468992381
1.7415,-2.42289260952089
1.742,-2.49554100374308
1.7425,-2.32394617414498
1.743,-1.92322977210768
1.7435,-1.33481168828357
1.744,-0.615233034097579
1.7445,0.164172830146797
1.745,0.928785656548801
1.7455,1.60299915911108
1.746,2.12139739774248
1.7465,2.43171320735495
1.747,2.5053474765483
1.7475,2.3337533372727
1.748,1.93402452921893
1.7485,1.34659421992857
1.749,0.62635929219686
1.7495,-0.152060098600976
1.75,-0.917659787244815
1.7505,-1.59187470481992
1.751,-2.11027454621315
1.7515,-2.42223515804703
1.752,-2.49554100374308
1.7525,-2.32493235112911
1.753,-1.92585957510163
1.7535,-1.33809893840938
1.754,-0.619177730117523
1.7545,0.160556861559018
1.755,0.924512240729329
1.7555,1.60004064053474
1.756,2.11876760298241
1.7565,2.43039830972637
1.757,2.5053474765483
1.7575,2.33473951042962
1.758,1.9366543237601
1.7585,1.34955273843016
1.759,0.630632708453022
1.7595,-0.148772853574442
1.76,-0.914043814464969
1.7605,-1.58924490353993
1.761,-2.10830219319666
1.7615,-2.4215777065742
1.762,-2.49586972953763
1.7625,-2.32624725377811
1.763,-1.92848937810981
1.7635,-1.3417149135688
1.764,-0.623122426156593
1.7645,0.156283444124717
1.765,0.921553722082413
1.7655,1.59741084624598
1.766,2.11712398125915
1.7665,2.42974086091254
1.767,2.50600492539841
1.7675,2.33605440797315
1.768,1.93928411830399
1.7685,1.35316870548789
1.769,0.634248676048169
1.7695,-0.144499435054978
1.77,-0.910099116908072
1.7705,-1.5862863771152
1.771,-2.10632984018863
1.7715,-2.41960535216186
1.772,-2.49652718112752
1.7725,-2.32854833342349
1.773,-1.93144790651104
1.7735,-1.34467343871565
1.774,-0.627067122214826
1.7745,0.152338751096495
1.775,0.917280306255201
1.7755,1.59379487910093
1.776,2.11482291084889
1.7765,2.42875468769236
1.777,2.50567620097332
1.7775,2.33802675429054
1.778,1.94158518853214
1.7785,1.35678467254592
1.779,0.638193367963682
1.7795,-0.140554741052051
1.78,-0.906483144166909
1.7805,-1.58267040039576
1.781,-2.10337131069244
1.7815,-2.41894790069313
1.782,-2.49652718112752
1.7825,-2.32953451041811
1.783,-1.93374898416892
1.7835,-1.34828941391522
1.784,-0.631011818292262
1.7845,0.148065333636267
1.785,0.913664339013169
1.7855,1.59083636052942
1.786,2.11285056478509
1.7865,2.42711106566026
1.787,2.50567620097332
1.7875,2.33901292745018
1.788,1.94421498308115
1.7885,1.35974319104818
1.789,0.642466784197917
1.7895,-0.136281322565129
1.79,-0.9028671714442
1.7905,-1.57971187400684
1.791,-2.10172768320276
1.7915,-2.41796172349196
1.792,-2.49685590692286
1.7925,-2.33084941308111
1.793,-1.93637878721987
1.7935,-1.3519053891369
1.794,-0.634627789713481
1.7945,0.144120640584028
1.795,0.910048371767785
1.7955,1.58754911767396
1.796,2.11054949437979
1.7965,2.42645361684795
1.797,2.50633364982359
1.7975,2.34065654938432
1.798,1.94717350195208
1.7985,1.36303043382874
1.799,0.646411476099495
1.7995,-0.132336628592156
1.8,-0.898593749159294
1.8005,-1.57609589733113
1.801,-2.09942660472706
1.8015,-2.41730427202579
1.802,-2.49652718112752
1.8025,-2.33249304141549
1.803,-1.9390085902851
1.8035,-1.35552136438073
1.804,-0.638901210504899
1.8045,0.140175947520202
1.805,0.906432404519018
1.8055,1.58459059910563
1.806,2.10759097529119
1.8065,2.42579616803594
1.807,2.50666237424885
1.8075,2.34230017132021
1.808,1.94947457218744
1.8085,1.36664640088773
1.809,0.650027443670119
1.8095,-0.128063210137592
1.81,-0.894649051688332
1.8105,-1.57346609612751
1.811,-2.09712552626285
1.8115,-2.41566064336485
1.812,-2.49751335851431
1.8125,-2.3338079440875
1.813,-1.9413096679789
1.8135,-1.35880861462165
1.814,-0.642188457282954
1.8145,0.136231254444748
1.815,0.902158988675165
1.8155,1.58130335625366
1.816,2.10561862923455
1.8165,2.42415254600726
1.817,2.50633364982359
1.8175,2.34295762009506
1.818,1.95210436674474
1.8185,1.36993364366897
1.819,0.653972135559027
1.8195,-0.124447240689125
1.82,-0.891690528599449
1.8205,-1.57017884464083
1.821,-2.09515317330265
1.8215,-2.41500319190226
1.822,-2.49784208431043
1.8225,-2.33545157243315
1.823,-1.94426819645845
1.8235,-1.36209586488091
1.824,-0.646461878114521
1.8245,0.132286561357628
1.825,0.898871745715081
1.8255,1.57801611340351
1.826,2.10364628317987
1.8265,2.42349509719632
1.827,2.50666237424885
1.8275,2.34525869080924
1.828,1.95473416130483
1.8285,1.3728921621724
1.829,0.658245551764617
1.8295,-0.120173822265452
1.83,-0.88774583116669
1.8305,-1.56689159317396
1.831,-2.09285209485973
1.8315,-2.41368828898017
1.832,-2.49751335851431
1.8325,-2.33676647511418
1.833,-1.9465692741773
1.8335,-1.36571184018733
1.834,-0.650735298968849
1.8345,0.128013143833372
1.835,0.894927054159188
1.8355,1.5750575948399
1.836,2.10167393712712
1.8365,2.42283764838568
1.837,2.50764854752512
1.8375,2.34657358836175
1.838,1.95769268018826
1.8385,1.37683685351078
1.839,0.661861519317223
1.8395,-0.115900403858442
1.84,-0.883801133755708
1.8405,-1.56360434172686
1.841,-2.09055101642828
1.8415,-2.41270211179128
1.842,-2.49751335851431
1.8425,-2.33873882914323
1.843,-1.94887035190711
1.8435,-1.36899909048521
1.844,-0.654351270478788
1.8445,0.123739726295329
1.845,0.89098236259912
1.8455,1.57177035199312
1.846,2.09904414239313
1.8465,2.42086530195559
1.847,2.50731982309962
1.8475,2.34821721030397
1.848,1.95966502611253
1.8485,1.38012409629321
1.849,0.665806211186587
1.8495,-0.111955709959026
1.85,-0.880185161148071
1.8505,-1.56097454058341
1.851,-2.08824993800827
1.8515,-2.4120446603333
1.852,-2.49817081010682
1.8525,-2.33972500616114
1.853,-1.95150015504033
1.8535,-1.37228634080151
1.854,-0.657967242005088
1.8545,0.120123757598489
1.855,0.887366395332024
1.8555,1.56848310914808
1.856,2.09740052068614
1.8565,2.41987912874156
1.857,2.50764854752512
1.8575,2.34953210785903
1.858,1.96229482068068
1.8585,1.38341133907606
1.859,0.669422178727849
1.8595,-0.10768229158392
1.86,-0.876240463778719
1.8605,-1.55735856403179
1.861,-2.08627758508595
1.8615,-2.41072975742042
1.862,-2.49817081010682
1.8625,-2.34071118318131
1.863,-1.95380123279367
1.8635,-1.37557359113626
1.864,-0.662240662920943
1.8645,0.115850340034864
1.865,0.883750428061358
1.8655,1.56552459058901
1.866,2.09477072595771
1.8665,2.41955040433704
1.867,2.50764854752512
1.8675,2.35051828102606
1.868,1.96525333957323
1.8685,1.38702730613773
1.869,0.673695594906045
1.8695,-0.103737597713868
1.87,-0.872624491209178
1.8705,-1.55440003778002
1.871,-2.08364778120259
1.8715,-2.40941485451162
1.872,-2.49849953590346
1.8725,-2.34235481155328
1.873,-1.95675976134983
1.8735,-1.37918956652582
1.874,-0.666514083859742
1.8745,0.111576922457312
1.875,0.879805736489251
1.8755,1.56223734774722
1.876,2.09312710425419
1.8765,2.41823550671969
1.877,2.50797727195071
1.8775,2.35249062736204
1.878,1.9672256855036
1.8785,1.39031454892156
1.879,0.676982838114961
1.8795,-0.100121628345319
1.88,-0.86900851865781
1.8805,-1.55144151154421
1.881,-2.08200415378307
1.8815,-2.40908612878506
1.882,-2.49849953590346
1.8825,-2.34399843993152
1.883,-1.95971828992417
1.8835,-1.38280554193775
1.884,-0.670458780131349
1.8845,0.107632229296398
1.885,0.876189769211022
1.8855,1.5589501049071
1.886,2.08983986085111
1.8865,2.41692060910356
1.887,2.50797727195071
1.8875,2.35314807614126
1.888,1.96919803143556
1.8885,1.39393051598434
1.889,0.680927529959863
1.8895,-0.095848210015833
1.89,-0.864735096575036
1.8905,-1.54848298532434
1.891,-2.07970307540553
1.8915,-2.40777122588138
1.892,-2.49882826170037
1.8925,-2.34564206831604
1.893,-1.96169064231718
1.8935,-1.38576406729145
1.894,-0.674403476422587
1.8945,0.103030087260228
1.895,0.872245077630594
1.8955,1.55566286206864
1.896,2.08786751481181
1.8965,2.41560571148863
1.897,2.50830599637637
1.8975,2.35479169809057
1.898,1.97149910169156
1.8985,1.39688903449073
1.899,0.684872221798478
1.8995,-0.0922322406729107
1.9,-0.861119124063214
1.9005,-1.54552445912038
1.901,-2.07740199703941
1.9015,-2.40612759725752
1.902,-2.49915698749753
1.9025,-2.34695697102818
1.903,-1.96399172011926
1.9035,-1.38938004274414
1.904,-0.678348172733495
1.9045,0.0994141185060734
1.905,0.868300386045767
1.9055,1.55303306779905
1.906,2.0852377200957
1.9065,2.41396208947166
1.907,2.50797727195071
1.9075,2.3561065956513
1.908,1.97412889627253
1.9085,1.40017627727612
1.909,0.688816913630844
1.9095,-0.0882875468576089
1.91,-0.85750315156947
1.9105,-1.5422372078013
1.911,-2.07477219320638
1.9115,-2.40547014580976
1.912,-2.49915698749753
1.9125,-2.34827187374433
1.913,-1.96695024873813
1.9135,-1.39299601821929
1.914,-0.681635419674306
1.9145,0.0954694253081939
1.915,0.863698245857859
1.9155,1.55007454924699
1.916,2.08326537406082
1.9165,2.41363336506849
1.917,2.50863472080212
1.9175,2.35742149321316
1.918,1.9774161395028
1.9185,1.40379224434071
1.919,0.69243288113839
1.9195,-0.0840141285733637
1.92,-0.853887179093774
1.9205,-1.53894995650183
1.921,-2.0731285658183
1.9215,-2.40415524291731
1.922,-2.49915698749753
1.9225,-2.34958677646451
1.923,-1.9685938757565
1.9235,-1.39628326867076
1.924,-0.685580116021378
1.9245,0.0911960076635376
1.925,0.860739727162414
1.9255,1.54678730641289
1.926,2.08096430368919
1.9265,2.41231846745657
1.927,2.50896344522795
1.9275,2.3593938395581
1.928,1.98004593409027
1.9285,1.40707948712731
1.929,0.69703502159504
1.9295,-0.0803981592686147
1.93,-0.849942481868107
1.9305,-1.53566270522195
1.931,-2.07017003653439
1.9315,-2.40284034002895
1.932,-2.49981443909265
1.9325,-2.35057295350729
1.933,-1.97155240440376
1.9335,-1.399241794093
1.934,-0.68952481238823
1.9345,0.0872513144404717
1.935,0.856795035564536
1.9355,1.54317133929719
1.936,2.07899195765841
1.9365,2.41100356984585
1.937,2.50929216965387
1.9375,2.36070873712282
1.938,1.98201828003278
1.9385,1.41069545419329
1.939,0.700979713408385
1.9395,-0.0761247410143189
1.94,-0.845997784663845
1.9405,-1.53270417908679
1.941,-2.06819768368891
1.9415,-2.4021828885863
1.942,-2.49948571329496
1.9425,-2.35254530759963
1.943,-1.97451093306928
1.9435,-1.40220031953033
1.944,-0.693469508774901
1.9445,0.0833066212052562
1.945,0.853179068262485
1.9455,1.54021282074937
1.946,2.07669088729153
1.9465,2.41034612104095
1.947,2.50863472080212
1.9475,2.36169491029712
1.948,1.98464807462535
1.9485,1.41365397270238
1.949,0.704595680898601
1.9495,-0.0711938738178912
1.95,-0.842053087480946
1.9505,-1.52908820272087
1.951,-2.06589660537975
1.9515,-2.40086798570405
1.952,-2.49981443909265
1.9525,-2.3535314846492
1.953,-1.97681201093289
1.9535,-1.40581629508535
1.954,-0.697414205181431
1.9545,0.0793619279578522
1.955,0.849234376655851
1.9555,1.53692557791991
1.956,2.07438981692721
1.9565,2.40903122343203
1.957,2.50896344522795
1.9575,2.36268108347205
1.958,1.98727786922084
1.9585,1.4169412154909
1.959,0.708540372700309
1.9595,-0.067577904554134
1.96,-0.837779665556871
1.9605,-1.52612967662087
1.961,-2.06359552708196
1.9615,-2.39988180854505
1.962,-2.49981443909265
1.9625,-2.35517511307018
1.963,-1.97911308880757
1.9635,-1.40943227066298
1.964,-0.701687626310961
1.9645,0.0754172346982209
1.965,0.845289685044591
1.9655,1.53363833509195
1.966,2.07176002222824
1.9665,2.4077163258243
1.967,2.50896344522795
1.9675,2.36432470543171
1.968,1.98957893949431
1.9685,1.42088590683801
1.969,0.712156340179923
1.9695,-0.0636332108249608
1.97,-0.834492417939966
1.9705,-1.52284242541716
1.971,-2.06129444879552
1.9715,-2.3982381799518
1.972,-2.50014316489061
1.9725,-2.35616129012579
1.973,-1.98141416669332
1.9735,-1.41271952120772
1.974,-0.705632322758988
1.9745,0.0711438169864434
1.975,0.842002442031646
1.9755,1.53100854083065
1.976,2.06978767620618
1.9765,2.40705887702089
1.977,2.50962089407986
1.9775,2.36629705178567
1.978,1.99220873409532
1.9785,1.42450187390709
1.979,0.716429756285719
1.9795,-0.059359792633747
1.98,-0.830547720819159
1.9805,-1.51955517423294
1.981,-2.05932209598762
1.9815,-2.39725200279891
1.982,-2.49981443909265
1.9825,-2.35747619287013
1.983,-1.9840439700049
1.9835,-1.415349321657
1.984,-0.708262120402103
1.9845,0.0671991237012131
1.985,0.837729026109938
1.9855,1.52739257372289
1.986,2.06748660584946
1.9865,2.40574397941496
1.987,2.50929216965387
1.9875,2.36761194935642
1.988,1.99450980437363
1.9885,1.42778911669794
1.989,0.72004572375441
1.9895,-0.0550863744584909
1.99,-0.826603023719563
1.9905,-1.51626792306817
1.991,-2.05669229225671
1.9915,-2.39593709993196
1.992,-2.50014316489061
1.9925,-2.3587910956185
1.993,-1.98700249874774
1.9935,-1.41896529729434
1.994,-0.713192991006916
1.9945,0.0632544304036353
1.995,0.834113058787227
1.9955,1.52410533089916
1.996,2.06518553549526
1.9965,2.40442908181022
1.997,2.50994961850594
1.9975,2.36892684692832
1.998,1.9971395989802
1.9985,1.43074763521034
1.999,0.724319139847381
1.9995,-0.0514704052457016
2,-0.822987051396869
2.0005,-1.51265194680937
2.001,-2.05439121400431
2.0015,-2.39495092278442
2.002,-2.50014316489061
2.0025,-2.36076344974863
2.003,-1.98930357667153
2.0035,-1.42225254789345
2.004,-0.716808962803689
2.0045,0.0589810126506137
2.005,0.830497091460505
2.0055,1.52114681235902
2.006,2.06288446514357
2.0065,2.40344290860745
2.007,2.50994961850594
2.0075,2.36991302010799
2.008,1.9994406692634
2.0085,1.43370615372337
2.009,0.727935107305292
2.0095,-0.047196987099776
2.01,-0.818713629583853
2.0105,-1.51002214590863
2.011,-2.05176141030116
2.0115,-2.39396474563917
2.012,-2.50014316489061
2.0125,-2.36142090112735
2.013,-1.99127592918648
2.0135,-1.42586852357416
2.014,-0.720424934617342
2.0145,0.0547075948830057
2.015,0.826552399826741
2.0155,1.51785956953797
2.016,2.06025467045899
2.0165,2.40245673540535
2.017,2.51027834293209
2.0175,2.37122791768191
2.018,2.0023991882023
2.0185,1.43732212079573
2.019,0.731879799071979
2.0195,-0.0429235689696673
2.02,-0.815097657299871
2.0205,-1.50673489480015
2.021,-2.0497890575335
2.0215,-2.39264984278241
2.022,-2.5008006164873
2.0225,-2.36273580388783
2.023,-1.99423445797423
2.0235,-1.42948449927764
2.024,-0.724698355873464
2.0245,0.0507629015460704
2.025,0.822936432491532
2.0255,1.51457232671828
2.026,2.0582823244477
2.0265,2.40081311340334
2.027,2.50994961850594
2.0275,2.37254281525698
2.028,2.00470025849074
2.0285,1.44060936358965
2.029,0.735824490832881
2.0295,-0.0393075997949695
2.03,-0.811152960282982
2.0305,-1.50344764371105
2.031,-2.04748797931507
2.0315,-2.3916636656425
2.032,-2.5008006164873
2.0325,-2.36437943234411
2.033,-1.99587808508647
2.0335,-1.43277174993695
2.034,-0.728314327724051
2.0345,0.0471469326428912
2.035,0.819320465152219
2.0355,1.51095635961819
2.036,2.0559812541035
2.0365,2.39982694020303
2.037,2.50962089407986
2.0375,2.37418643722745
2.038,2.00700132878149
2.0385,1.4438966063844
2.039,0.739769182588038
2.0395,-0.0347054572252703
2.04,-0.807536988035966
2.0405,-1.49983166753537
2.041,-2.04551562656542
2.0415,-2.39034876279286
2.042,-2.50112934228604
2.0425,-2.36635178649997
2.043,-1.99850788847789
2.0435,-1.43573027554645
2.044,-0.731930299591613
2.0445,0.0432022392819446
2.045,0.815375773504614
2.0455,1.50766911680132
2.046,2.05368018376178
2.0465,2.39884076700338
2.047,2.50994961850594
2.0475,2.37484388601614
2.048,2.00897367474684
2.0485,1.44685512490042
2.049,0.743385150025251
2.0495,-0.0307607636085684
2.05,-0.803921015806584
2.0505,-1.49720186669501
2.051,-2.04321454836798
2.0515,-2.38936258565829
2.052,-2.50112934228604
2.0525,-2.36700923788728
2.053,-2.00146641731062
2.0535,-1.43901752624161
2.054,-0.736532445629474
2.0545,0.03892882146005
2.055,0.811102357547444
2.0555,1.50438187398575
2.056,2.05105038908856
2.0565,2.39752586940489
2.057,2.50994961850594
2.0575,2.37648750798915
2.058,2.01193219369805
2.0585,1.45047109197654
2.059,0.747329841769505
2.0595,-0.0271447944716227
2.06,-0.799647594103642
2.0605,-1.49424334076438
2.061,-2.04091347018183
2.0615,-2.38804768281577
2.062,-2.5008006164873
2.0625,-2.36865286635997
2.063,-2.00409622073298
2.0635,-1.44230477695567
2.064,-0.739490968096959
2.0645,0.0343266791737434
2.065,0.807815114499475
2.0655,1.50175207973421
2.066,2.04907804308575
2.0665,2.39588224740844
2.067,2.51027834293209
2.0675,2.37845985435915
2.068,2.01423326399611
2.0685,1.45375833477396
2.069,0.751274533508127
2.0695,-0.0232001008804066
2.07,-0.796031621912628
2.0705,-1.49029863954783
2.071,-2.03828366655434
2.0715,-2.3867327799773
2.072,-2.50047189068882
2.0725,-2.36996776914268
2.073,-2.00606857330931
2.0735,-1.44559202768865
2.074,-0.743764389459059
2.0745,0.0307107102224055
2.075,0.802884249920959
2.0755,1.49846483692093
2.076,2.04677697275143
2.0765,2.39522479861037
2.077,2.51027834293209
2.0775,2.37911730314973
2.078,2.01686305862533
2.0785,1.4573743018522
2.079,0.754890500930283
2.0795,-0.0189266828381958
2.08,-0.792086924996976
2.0805,-1.48668266345702
2.081,-2.03565386294158
2.0815,-2.38541787714291
2.082,-2.5008006164873
2.0825,-2.37095394623236
2.083,-2.00804092589384
2.0835,-1.44920800351683
2.084,-0.747380361399493
2.0845,0.0267660168087666
2.085,0.799597006864207
2.0855,1.49484886982775
2.086,2.04414717808663
2.0865,2.39423862541384
2.087,2.51060706735833
2.0875,2.38043220073177
2.088,2.01949285325761
2.0885,1.46066154465161
2.089,0.758835192658219
2.0895,-0.0149819892745194
2.09,-0.788470952842597
2.0905,-1.48438158777498
2.091,-2.03368151024166
2.0915,-2.38410297431257
2.092,-2.5008006164873
2.0925,-2.37259757472023
2.093,-2.01099945478604
2.0935,-1.45249525428963
2.094,-0.751653782805734
2.0945,0.022821323382381
2.095,0.795981039497675
2.0955,1.49221907557909
2.096,2.04184610775754
2.0965,2.39292372781948
2.097,2.50994961850594
2.0975,2.38207582271096
2.098,2.02113647490435
2.0985,1.46362006317191
2.099,0.762779884380638
2.0995,-0.0110372957240021
2.1,-0.78452625596684
2.1005,-1.48043688662767
2.101,-2.03105170665465
2.1015,-2.38311679719249
2.102,-2.50047189068882
2.1025,-2.37292630041856
2.103,-2.01362925826129
2.1035,-1.45512505492155
2.104,-0.755269754783589
2.1045,0.018547905489367
2.105,0.792365072126816
2.1055,1.48827438420753
2.106,2.03987376176312
2.1065,2.39160883022631
2.107,2.50994961850594
2.1075,2.38339072029562
2.108,2.02376626954165
2.1085,1.46657858169303
2.109,0.76639585178804
2.1095,-0.00709260218660472
2.11,-0.780910283848965
2.1105,-1.47714963569269
2.111,-2.02875062852806
2.1115,-2.38180189436926
2.112,-2.5008006164873
2.1125,-2.37489865461387
2.113,-2.01593033631413
2.1135,-1.45841230572856
2.114,-0.759543176234141
2.1145,0.0146032120363005
2.115,0.788749104751597
2.1155,1.48531586567997
2.116,2.03724396710667
2.1165,2.3899652082365
2.117,2.51060706735833
2.1175,2.38437689348488
2.118,2.02639606418204
2.1185,1.4705232730558
2.119,0.770340543499991
2.1195,-0.00314790866228846
2.12,-0.776636862277559
2.1205,-1.47419110986759
2.121,-2.02644955041272
2.1215,-2.38048699155009
2.122,-2.50112934228604
2.1225,-2.37588483171494
2.123,-2.01823141437817
2.1235,-1.46202828163826
2.124,-0.763159148249561
2.1245,0.0106585185703672
2.125,0.784475688757042
2.1255,1.48169989859199
2.126,2.03428544812193
2.1265,2.3889790350435
2.127,2.50994961850594
2.1275,2.38536306667481
2.128,2.02836841016438
2.1285,1.47315306729849
2.129,0.773956510897864
2.1295,0.000468060390209982
2.13,-0.773349614931457
2.1305,-1.4705751338802
2.131,-2.02381974686609
2.1315,-2.37950081443837
2.132,-2.5008006164873
2.1325,-2.37719973451991
2.133,-2.02053249245342
2.1335,-1.46597298265696
2.134,-0.767103845013347
2.1345,0.00737127400556577
2.135,0.780530997064278
2.1355,1.47841265578592
2.136,2.03264182646546
2.1365,2.38733541305663
2.137,2.50962089407986
2.1375,2.38700668865948
2.138,2.03099820481022
2.1385,1.4767690343833
2.139,0.778229926907718
2.1395,0.00441275388956303
2.14,-0.769076193402957
2.1405,-1.46728788300264
2.141,-2.02184739421574
2.1415,-2.3781859116263
2.142,-2.5008006164873
2.1425,-2.37851463732894
2.143,-2.02283357053988
2.1435,-1.46893150843903
2.144,-0.7707198170649
2.1445,0.003426580515942
2.145,0.776257581057796
2.1455,1.4754541372614
2.146,2.03034075614847
2.1465,2.38602051546845
2.147,2.50994961850594
2.1475,2.38799286185116
2.148,2.0332992751279
2.1485,1.48038500146943
2.149,0.781845894295787
2.1495,0.00835744737594857
2.15,-0.76546022135927
2.1505,-1.46465808231434
2.151,-2.01954631613408
2.1515,-2.37654228311692
2.152,-2.5008006164873
2.1525,-2.37982954014203
2.153,-2.02480592319436
2.1535,-1.47221875932614
2.154,-0.775321963337396
2.1545,-0.000846837445796084
2.155,0.772312889353937
2.1555,1.47183817017706
2.156,2.02738223717299
2.1565,2.38470561788145
2.157,2.50962089407986
2.1575,2.38865031064598
2.158,2.0352716211164
2.1585,1.48334351999545
2.159,0.785790585986792
2.1595,0.0123021408494056
2.16,-0.761844249332866
2.1605,-1.46104210638787
2.161,-2.01724523806364
2.1615,-2.37588483171494
2.162,-2.50112934228604
2.1625,-2.38114444295917
2.163,-2.02776445219154
2.1635,-1.47583473532407
2.164,-0.778609210692113
2.1645,-0.00479153096249968
2.165,0.769025646263277
2.1655,1.46855092737423
2.166,2.02540989119153
2.1665,2.38371944469197
2.167,2.50962089407986
2.1675,2.39029393263432
2.168,2.03823014010247
2.1685,1.48630203852239
2.169,0.789077829058616
2.1695,0.0165755587644397
2.17,-0.757570827869359
2.1705,-1.45775485556564
2.171,-2.0149441600044
2.1715,-2.37424120321442
2.172,-2.50112934228604
2.1725,-2.38213062007468
2.173,-2.03039425576019
2.1735,-1.47879326115778
2.174,-0.782225182798903
2.1745,-0.00873622449226165
2.175,0.765080954549516
2.1755,1.46526368457243
2.176,2.0227800965523
2.1765,2.38240454710701
2.177,2.50994961850594
2.1775,2.39193755462449
2.178,2.0402024860954
2.1785,1.4895892813312
2.179,0.793679969353085
2.1795,0.0205202522110874
2.18,-0.753954855880562
2.1805,-1.45446760476243
2.181,-2.01198563108755
2.1815,-2.37292630041856
2.182,-2.50047189068882
2.1825,-2.38377424860562
2.183,-2.03236660844632
2.1835,-1.48175178700704
2.184,-0.786498604402122
2.1845,-0.012680918035121
2.185,0.761464987140442
2.1855,1.46230516605168
2.186,2.02047902624551
2.1865,2.38174709831497
2.187,2.51060706735833
2.1875,2.39325245221796
2.188,2.04283228075542
2.1885,1.49287652414118
2.189,0.797295936722368
2.1895,0.0241362211925949
2.19,-0.750010159185114
2.1905,-1.45085162890085
2.191,-2.0096845530539
2.1915,-2.37161139762675
2.192,-2.5008006164873
2.1925,-2.38476042572723
2.193,-2.03466768659059
2.1935,-1.48503903796889
2.194,-0.790114576546965
2.1945,-0.0162968871276142
2.195,0.757520295416189
2.1955,1.45901792325179
2.196,2.01850668027014
2.1965,2.38043220073177
2.197,2.51027834293209
2.1975,2.39423862541384
2.198,2.04513335108555
2.1985,1.49682121551476
2.199,0.801898077004305
2.1995,0.0284096390659964
2.2,-0.745408013066225
2.2005,-1.44756437813754
2.201,-2.00738347503142
2.2015,-2.37029649483899
2.202,-2.50112934228604
2.2025,-2.38541787714291
2.203,-2.03696876474612
2.2035,-1.48865501404912
2.204,-0.793730548709297
2.2045,-0.0205703051602873
2.205,0.753575603686404
2.2055,1.45507323189319
2.206,2.01587688563901
2.2065,2.3787885787544
2.207,2.51027834293209
2.2075,2.39555352300937
2.208,2.04776314575155
2.2085,1.50010845832742
2.209,0.805185320058583
2.2095,0.0326830569244571
2.21,-0.742120765855427
2.2105,-1.44460585246677
2.211,-2.00475367159084
2.2115,-2.36931031775082
2.212,-2.5008006164873
2.2125,-2.38706150568654
2.213,-2.03926984291292
2.2135,-1.49128481484937
2.214,-0.79767524563364
2.2145,-0.0251724476743572
2.215,0.749630911951049
2.2155,1.45277216193464
2.216,2.01324709101094
2.2165,2.37747368117382
2.217,2.50994961850594
2.2175,2.39719714500545
2.218,2.05006421608693
2.2185,1.50306697685988
2.219,0.808801287414232
2.2195,0.0362990258699832
2.22,-0.738504793939862
2.2205,-1.44066115159627
2.221,-2.00212386816485
2.2215,-2.36799541497014
2.222,-2.50047189068882
2.2225,-2.38837640852602
2.223,-2.04157092109101
2.2235,-1.49522951607286
2.224,-0.801619942578871
2.2245,-0.0284596923383103
2.225,0.745686220210086
2.2255,1.44915619485783
2.226,2.01061729638593
2.2265,2.37550133480513
2.227,2.50962089407986
2.2275,2.39752586940489
2.228,2.05170783775656
2.2285,1.50569677111182
2.229,0.812417254765658
2.2295,0.0409011681489166
2.23,-0.733902647890177
2.2305,-1.43803135103107
2.231,-2.00015151560491
2.2315,-2.3666805121935
2.232,-2.50047189068882
2.2325,-2.38969131136956
2.233,-2.0445294501937
2.2335,-1.4981880420087
2.234,-0.805564639545028
2.2345,-0.0333905593515545
2.235,0.741084079838487
2.2355,1.44586895206167
2.236,2.00831622609153
2.2365,2.37451516162176
2.237,2.50962089407986
2.2375,2.39884076700338
2.238,2.05400890809616
2.2385,1.50931273820959
2.239,0.816690670721031
2.2395,0.0445171370703231
2.24,-0.730615400728715
2.2405,-1.43474410034158
2.241,-1.9975217122044
2.2415,-2.36569433511367
2.242,-2.50047189068882
2.2425,-2.39133493992971
2.243,-2.0465018029392
2.2435,-1.50180401817375
2.244,-0.809180611782422
2.2445,-0.037006528507844
2.245,0.737796836711175
2.2455,1.44192426070745
2.246,2.00601515579946
2.2465,2.37352898843905
2.247,2.50962089407986
2.2475,2.40015566460306
2.248,2.05663870277302
2.2485,1.51259998102712
2.249,0.820306638063349
2.2495,0.0484618304270836
2.25,-0.726999428867329
2.2505,-1.43145684967096
2.251,-1.99554935966357
2.2515,-2.36405070665235
2.252,-2.50047189068882
2.2525,-2.39199239135555
2.253,-2.04847415569301
2.2535,-1.50509126925318
2.254,-0.812796584037462
2.2545,-0.0409512221457073
2.255,0.73385214495315
2.2555,1.43896574219258
2.256,2.00338536118278
2.2565,2.37221409086311
2.257,2.50962089407986
2.2575,2.4011418378036
2.258,2.05926849745312
2.2585,1.51555849956405
2.259,0.824251329704809
2.2595,0.0527352482160993
2.26,-0.72239728288646
2.2605,-1.42784087395506
2.261,-1.99259083086765
2.2615,-2.36240707819733
2.262,-2.50047189068882
2.2625,-2.39330729421028
2.263,-2.05110395937768
2.2635,-1.50804979524122
2.264,-0.816741281063122
2.2645,-0.0455533647401728
2.265,0.730236177503231
2.2655,1.43567849939908
2.266,2.00108429089565
2.2665,2.37089919328832
2.267,2.50994961850594
2.2675,2.40245673540535
2.268,2.06156956780088
2.2685,1.51917446666622
2.269,0.828196021341396
2.2695,0.0566799415467943
2.27,-0.718781311063587
2.2705,-1.424553623324
2.271,-1.98996102750894
2.2715,-2.36109217543786
2.272,-2.50014316489061
2.2725,-2.39396474563917
2.273,-2.05307631215089
2.2735,-1.51133704635745
2.274,-0.820685978109858
2.2745,-0.0491693339343886
2.275,0.726291485734123
2.2755,1.43239125660639
2.276,1.99911194493709
2.2765,2.36991302010799
2.277,2.50994961850594
2.2775,2.40442908181022
2.278,2.06387063815113
2.2785,1.52246170948783
2.279,0.831483264368192
2.2795,0.0606246348650378
2.28,-0.714836614548813
2.2805,-1.42093764765155
2.281,-1.98831740041712
2.2815,-2.35977727268243
2.282,-2.49981443909265
2.2825,-2.39527964850002
2.283,-2.05504866493241
2.2835,-1.51363812215035
2.284,-0.824630675177708
2.2845,-0.0531140276137412
2.285,0.722675518273978
2.2855,1.42910401381448
2.286,1.99648215032828
2.2865,2.36826939814222
2.287,2.51027834293209
2.2875,2.40574397941496
2.288,2.06650043284021
2.2885,1.52607767659323
2.289,0.83608540460011
2.2895,0.0648980526124625
2.29,-0.711220642761235
2.2905,-1.41765039705996
2.291,-1.98503014625047
2.2915,-2.35813364424381
2.292,-2.49948571329496
2.2925,-2.39659455136493
2.293,-2.05800719412031
2.2935,-1.51725409841556
2.294,-0.827917922750407
2.2945,-0.0573874457816488
2.295,0.718730826493643
2.2955,1.42647421958151
2.296,1.99418108004802
2.2965,2.36728322496362
2.297,2.50962089407986
2.2975,2.40673015261929
2.298,2.06880150319585
2.2985,1.52837874657029
2.299,0.839701371920645
2.2995,0.0691714703453693
2.3,-0.707275946284894
2.3005,-1.41403442143086
2.301,-1.9827290683473
2.3015,-2.35747619287013
2.302,-2.49981443909265
2.3025,-2.39758072851629
2.303,-2.05997954692266
2.3035,-1.52087007470429
2.304,-0.832191344616915
2.3045,-0.0616608639654914
2.305,0.714786134707394
2.3055,1.42252952823294
2.306,1.99122256111959
2.3065,2.36531087860837
2.307,2.50962089407986
2.3075,2.40738760142256
2.308,2.07077384921698
2.3085,1.53199471367853
2.309,0.843317339237214
2.3095,0.0731161636244404
2.31,-0.70365997453248
2.3105,-1.41140462098758
2.311,-1.98042799045521
2.3115,-2.35616129012579
2.312,-2.50014316489061
2.3125,-2.39889563138834
2.313,-2.0622806252026
2.3135,-1.52382860077623
2.314,-0.836136041746572
2.3145,-0.0656055576878401
2.315,0.711170167231437
2.3155,1.41957100972219
2.316,1.98925021516939
2.3165,2.36432470543171
2.317,2.50962089407986
2.3175,2.40870249902998
2.318,2.07307491957731
2.3185,1.53561068078854
2.319,0.847590755151723
2.3195,0.0773895813295674
2.32,-0.699386553392156
2.3205,-1.40811737045031
2.321,-1.9774694617531
2.3215,-2.35484638738548
2.322,-2.49981443909265
2.3225,-2.39955308282589
2.323,-2.06425297802302
2.3235,-1.52711585198578
2.324,-0.839752014134106
2.3245,-0.0695502514238476
2.325,0.706896751116997
2.3255,1.41562631837541
2.326,1.98662042057169
2.3265,2.36300980786384
2.327,2.50962089407986
2.3275,2.4100173966386
2.328,2.07570471427794
2.3285,1.53856919933445
2.329,0.851206722459743
2.3295,0.0813342745830802
2.33,-0.695770581676295
2.3305,-1.40384394477981
2.331,-1.97516838388633
2.3315,-2.35287403328257
2.332,-2.49915698749753
2.3325,-2.40152543714466
2.333,-2.06688278179657
2.3335,-1.53007437809105
2.334,-0.843367986539541
2.3345,-0.0731662206938867
2.335,0.703280783630022
2.3355,1.41266779986596
2.336,1.98399062597693
2.3365,2.36169491029712
2.337,2.50929216965387
2.3375,2.41133229424842
2.338,2.07800578464372
2.3385,1.54218516644777
2.339,0.854822689763893
2.3395,0.0856076922606106
2.34,-0.691497160579086
2.3405,-1.40121414438287
2.341,-1.97286730603062
2.3415,-2.35188785623451
2.342,-2.49948571329496
2.3425,-2.40251161430749
2.343,-2.06885513463648
2.3435,-1.53303290421214
2.344,-0.846983958962906
2.3445,-0.077439638936995
2.345,0.699007367502477
2.3455,1.40905183279957
2.346,1.9813608313851
2.3465,2.36005128834032
2.347,2.50896344522795
2.3475,2.41231846745657
2.348,2.07964940633513
2.3485,1.54481496071318
2.349,0.859096105663849
2.3495,0.0895523854887342
2.35,-0.688209913597079
2.3505,-1.39792689390348
2.351,-1.97056622818597
2.3515,-2.35024422782611
2.352,-2.49948571329496
2.3525,-2.40349779147262
2.353,-2.07148493843603
2.3535,-1.53697760573156
2.354,-0.850928656172516
2.3545,-0.0817130571962707
2.355,0.695062675686072
2.3555,1.40543586573393
2.356,1.97905976111963
2.3565,2.35873639077617
2.357,2.50896344522795
2.3575,2.4133046406654
2.358,2.08227920104409
2.3585,1.54843092782974
2.359,0.863040797259089
2.3595,0.0934970787047309
2.36,-0.684265217236825
2.3605,-1.39398219335278
2.361,-1.96793642494847
2.3615,-2.34892932510392
2.362,-2.49915698749753
2.3625,-2.40514142008627
2.363,-2.07411474225045
2.3635,-1.53993613188962
2.364,-0.855202078173759
2.3645,-0.0856577509884561
2.365,0.691446708182302
2.3655,1.40214862294763
2.366,1.97642996653325
2.3665,2.35742149321316
2.367,2.50863472080212
2.3675,2.41396208947166
2.368,2.08425154707802
2.3685,1.55138944638108
2.369,0.866328040251693
2.3695,0.0974417719086398
2.37,-0.679991796202188
2.3705,-1.39135239300053
2.371,-1.9653066217254
2.3715,-2.34728569670684
2.372,-2.49882826170037
2.3725,-2.40579887153351
2.373,-2.07641582060028
2.3735,-1.54289465806355
2.374,-0.858818050656015
2.3745,-0.0896024447944983
2.375,0.68750201635408
2.3755,1.39919010444045
2.376,1.97380017194975
2.3765,2.35577787126101
2.377,2.50863472080212
2.3775,2.41527698708509
2.378,2.08622389311384
2.3785,1.55434796493372
2.379,0.870272731838733
2.3795,0.101057740668304
2.38,-0.675718375190702
2.3805,-1.38806514257693
2.381,-1.96333426931754
2.3815,-2.34629951967161
2.382,-2.49882826170037
2.3825,-2.40678504870629
2.383,-2.07838817348064
2.3835,-1.54618190938655
2.384,-0.863091472703783
2.3845,-0.0935471386144365
2.385,0.683557324519636
2.3855,1.39590286165522
2.386,1.97149910169156
2.3865,2.35446297370057
2.387,2.50830599637637
2.3875,2.41626316029594
2.388,2.08885368783122
2.3885,1.55697775920383
2.389,0.874217423421355
2.3895,0.105659882711463
2.39,-0.671773678892912
2.3905,-1.38510661721155
2.391,-1.96037574072094
2.3915,-2.34498461696148
2.392,-2.49849953590346
2.3925,-2.40777122588138
2.393,-2.08068925185165
2.3935,-1.54979788586454
2.394,-0.86637872045003
2.3945,-0.0974918324483093
2.395,0.679941356999229
2.3955,1.39228689459209
2.396,1.9685405827914
2.3965,2.35281935175161
2.397,2.50764854752512
2.3975,2.41757805791147
2.398,2.0911547582117
2.3985,1.56026500204295
2.399,0.877504666403528
2.3995,0.109604575878346
2.4,-0.668486431993094
2.4005,-1.38083319171028
2.401,-1.95774593753925
2.4015,-2.34334098857947
2.402,-2.49882826170037
2.4025,-2.40908612878506
2.403,-2.08299033023408
2.4035,-1.55242768695438
2.404,-0.870323417765297
2.4045,-0.101765250784108
2.405,0.675667940831923
2.4055,1.38899965180797
2.406,1.96656823685996
2.4065,2.35150445419373
2.407,2.50797727195071
2.4075,2.41823550671969
2.408,2.09345582859478
2.4085,1.56322352059958
2.409,0.881120633680431
2.4095,0.113220544604176
2.41,-0.664213011043689
2.4105,-1.37787466638157
2.411,-1.95577358516242
2.4115,-2.34202608587839
2.412,-2.49849953590346
2.4125,-2.41007230596551
2.413,-2.0849626831424
2.4135,-1.55637238861276
2.414,-0.874268115102169
2.4145,-0.106038669136357
2.415,0.671723248978578
2.4155,1.38538368474599
2.416,1.96360971796581
2.4165,2.35018955663698
2.417,2.50764854752512
2.4175,2.41987912874156
2.418,2.09575689898047
2.4185,1.5668394877262
2.419,0.885065325251106
2.4195,0.117822686604418
2.42,-0.65993959011725
2.4205,-1.3745874160339
2.421,-1.95314378200588
2.4215,-2.34071118318131
2.422,-2.49849953590346
2.4225,-2.41138720887635
2.423,-2.08726376154606
2.4235,-1.55933091487517
2.424,-0.877884087679981
2.4245,-0.109654638524221
2.425,0.668107281440742
2.4255,1.38242516624116
2.426,1.9619660963595
2.4265,2.34887465908136
2.427,2.50764854752512
2.4275,2.42053657755084
2.428,2.09805796936877
2.4285,1.57045545485489
2.429,0.889010016817508
2.4295,0.121438655307579
2.43,-0.656652343266356
2.4305,-1.37064271564106
2.431,-1.95051397886369
2.4315,-2.33906755481562
2.432,-2.49784208431043
2.4325,-2.41270211179128
2.433,-2.08956483996116
2.4335,-1.56163199086809
2.434,-0.882486234623546
2.4345,-0.113928056906967
2.435,0.664162589575137
2.4355,1.37880919918018
2.436,1.95900757747093
2.4365,2.34723103713843
2.437,2.50764854752512
2.4375,2.42185147517029
2.438,2.1003590397597
2.4385,1.57341397341629
2.439,0.892954708379678
2.4395,0.125383348426981
2.44,-0.652707647063153
2.4405,-1.36735546533397
2.441,-1.94788417573584
2.4415,-2.33775265212758
2.442,-2.49784208431043
2.4425,-2.41335956325028
2.443,-2.09219464387815
2.4435,-1.56524796744794
2.444,-0.885444757674306
2.4445,-0.117872750813457
2.445,0.660217897703078
2.4455,1.37552195639792
2.446,1.9563777829063
2.4465,2.34624486397351
2.447,2.50731982309962
2.4475,2.42250892398048
2.448,2.10233138581115
2.4485,1.5763724919791
2.449,0.896570675641315
2.4495,0.129985490384739
2.45,-0.648762950879404
2.4505,-1.36439694007333
2.451,-1.94492564723415
2.4515,-2.33643774944354
2.452,-2.49718463271845
2.4525,-2.4143457404407
2.453,-2.09383827133387
2.4535,-1.56820649375833
2.454,-0.889389455094357
2.4545,-0.121817444734121
2.455,0.656273205824528
2.4555,1.37223471361605
2.456,1.95407671266454
2.4565,2.3446012420334
2.457,2.50731982309962
2.4575,2.42415254600726
2.458,2.10430373186455
2.4585,1.57965973482836
2.459,0.900186642899458
2.4595,0.133272734630504
2.46,-0.644818254715074
2.4605,-1.36045223974898
2.461,-1.94295329490975
2.4615,-2.33512284676352
2.462,-2.49718463271845
2.4625,-2.41533191763343
2.463,-2.09613934978169
2.4635,-1.57083629493659
2.464,-0.893005427748548
2.4645,-0.125762138669
2.465,0.652657238263455
2.4655,1.36861874655643
2.466,1.95144691810516
2.4665,2.34328634448258
2.467,2.50699109867419
2.4675,2.42513871922424
2.468,2.10693352660543
2.4685,1.58261825339423
2.469,0.904460058745528
2.4695,0.137874876560936
2.47,-0.640873558570121
2.4705,-1.3568362644749
2.471,-1.94065221720813
2.4715,-2.333150492751
2.472,-2.49751335851431
2.4725,-2.41631809482846
2.473,-2.09844042824099
2.4735,-1.57478099672773
2.474,-0.89662140042108
2.4745,-0.130035557114536
2.475,0.648712546372353
2.4755,1.36533150377532
2.476,1.94914584786798
2.4765,2.34164272254564
2.477,2.50699109867419
2.4775,2.42645361684795
2.478,2.10923459700654
2.4785,1.58590549624692
2.479,0.908076025996152
2.4795,0.142148294053566
2.48,-0.636600137768244
2.4805,-1.35354901424499
2.481,-1.93736496336766
2.4815,-2.33117813874749
2.482,-2.49652718112752
2.4825,-2.41763299775874
2.483,-2.10041278121524
2.4835,-1.5774107979377
2.484,-0.900237373111985
2.4845,-0.133980251079152
2.485,0.644767854474645
2.4855,1.36204426099454
2.486,1.94684477763292
2.4865,2.34065654938432
2.487,2.50699109867419
2.4875,2.42776851447287
2.488,2.11153566741031
2.4885,1.58919273910145
2.489,0.912020717538412
2.4895,0.146421711532574
2.49,-0.632984166338194
2.4905,-1.35026176403339
2.491,-1.93506388569261
2.4915,-2.33052068741499
2.492,-2.49619845533244
2.4925,-2.41796172349196
2.493,-2.10271385969586
2.4935,-1.58069804946802
2.494,-0.903853345821292
2.4945,-0.137596220559308
2.495,0.641151886895911
2.4955,1.35875701821407
2.496,1.94421498308115
2.4965,2.33934165183687
2.497,2.50699109867419
2.4975,2.42875468769236
2.498,2.11383673781674
2.4985,1.59247998195785
2.499,0.915636684781964
2.4995,0.150366404578071
2.5,-0.628710745578089
2.5005,-1.34664578882176
2.501,-1.93210535726932
2.5015,-2.32920578475299
2.502,-2.49652718112752
2.5025,-2.41960535216186
2.503,-2.1046862126884
2.5035,-1.58398530101822
2.504,-0.907798043343377
2.5045,-0.141869639051425
2.505,0.637207194985434
2.5055,1.35546977543387
2.506,1.94158518853214
2.5065,2.33769802990413
2.507,2.50633364982359
2.5075,2.42974086091254
2.508,2.11580908388153
2.5085,1.59576722481612
2.509,0.919910100610954
2.5095,0.154311097612042
2.51,-0.624766049511859
2.5105,-1.34335853864856
2.511,-1.92980427961924
2.5115,-2.32690470510411
2.512,-2.49586972953763
2.5125,-2.42026280363162
2.513,-2.10698729119037
2.5135,-1.5866151022727
2.514,-0.911414016091258
2.5145,-0.145485608557964
2.515,0.633591227394928
2.5155,1.35185380837595
2.516,1.93862666966777
2.5165,2.33671185674533
2.517,2.50633364982359
2.5175,2.43105575854051
2.518,2.11843887863765
2.5185,1.59905446767631
2.519,0.923526067847267
2.5195,0.157927066216423
2.52,-0.620821353464809
2.5205,-1.34007128849361
2.521,-1.92684575122803
2.5215,-2.32526107679099
2.522,-2.49554100374308
2.5225,-2.4215777065742
2.523,-2.10928836970385
2.5235,-1.58957362869923
2.524,-0.915358713655496
2.5245,-0.149759027081345
2.525,0.629317811144284
2.5255,1.34823784131832
2.526,1.93632559944231
2.5265,2.33506823481539
2.527,2.5053474765483
2.5275,2.43171320735495
2.528,2.12041122470704
2.5285,1.60201298625212
2.529,0.927470759374061
2.5295,0.16220048364556
2.53,-0.616876657436901
2.5305,-1.33678403835687
2.531,-1.92421594822875
2.5315,-2.32394617414498
2.532,-2.49521227794879
2.5325,-2.42223515804703
2.533,-2.11126072272456
2.5335,-1.59253215514191
2.534,-0.919303411241783
2.5345,-0.154032445621732
2.535,0.625373119213532
2.5355,1.34495059853888
2.536,1.93369580490147
2.5365,2.3334246128872
2.537,2.50600492539841
2.5375,2.43204193176228
2.538,2.12238357077842
2.5385,1.60530022911599
2.539,0.93108672660357
2.5395,0.166145176645186
2.54,-0.612931961428094
2.5405,-1.33382551324938
2.541,-1.92191487061605
2.5415,-2.32263127150297
2.542,-2.49521227794879
2.5425,-2.42355006099577
2.543,-2.11323307575375
2.5435,-1.59614813192713
2.544,-0.922590659247227
2.5445,-0.158305864179174
2.545,0.621428427275945
2.5455,1.3413346314817
2.546,1.93073728604626
2.5465,2.33178099096075
2.547,2.5053474765483
2.5475,2.43302810498475
2.548,2.12435591685178
2.5485,1.60760129912187
2.549,0.934373969536703
2.5495,0.170418594048617
2.55,-0.609315990103436
2.5505,-1.32988081312896
2.551,-1.91928506764343
2.5515,-2.32131636886496
2.552,-2.49488355215476
2.5525,-2.42486496394862
2.553,-2.11586287980583
2.5535,-1.59910665840575
2.554,-0.926864081677274
2.5545,-0.161921833741136
2.555,0.617155011002466
2.5555,1.33804738870262
2.556,1.92810749151116
2.5565,2.33013736903603
2.557,2.50501875212337
2.5575,2.43434300261578
2.558,2.12665698727322
2.5585,1.61088854198911
2.559,0.937989936760114
2.5595,0.174363287024598
2.56,-0.605042569467632
2.5605,-1.32626483804154
2.561,-1.91731271542329
2.5615,-2.32000146623093
2.562,-2.49455482636099
2.5625,-2.42552241542658
2.563,-2.11816395836376
2.5635,-1.60272263523496
2.564,-0.930480054523012
2.5645,-0.165866527822734
2.565,0.613539043380107
2.5655,1.3344314216458
2.566,1.92580642129514
2.5665,2.32816502272867
2.567,2.50469002769852
2.5675,2.43598662465628
2.568,2.12830060900448
2.5685,1.61450450914539
2.569,0.941934628272971
2.5695,0.178636704402506
2.57,-0.601097873515899
2.5705,-1.3229775879811
2.571,-1.9140254617408
2.5715,-2.31802911228738
2.572,-2.49455482636099
2.5725,-2.42650859264545
2.573,-2.12013631142261
2.5735,-1.60600988691889
2.574,-0.934096027387403
2.5745,-0.169482497410399
2.575,0.609923075751905
2.5755,1.33114417886698
2.576,1.92284790244897
2.5765,2.32685012519181
2.577,2.50436130327375
2.5775,2.4369727978815
2.578,2.13125912812426
2.5785,1.61713430344241
2.579,0.945879319782118
2.5795,0.182581397355011
2.58,-0.597153177583112
2.5805,-1.31969033793877
2.581,-1.91139565881077
2.5815,-2.31671420966333
2.582,-2.49455482636099
2.5825,-2.42749476986663
2.583,-2.12210866448994
2.5835,-1.60863968828048
2.584,-0.937712000270478
2.5845,-0.174084640539823
2.585,0.605978383787169
2.5855,1.32785693608827
2.586,1.92021810792187
2.5865,2.32520650327229
2.587,2.50403257884906
2.5875,2.43730152229006
2.588,2.13323147420662
2.5885,1.62042154631554
2.589,0.949495286995609
2.5895,0.186526090296308
2.59,-0.593208481669232
2.5905,-1.31574563791185
2.591,-1.90843713053142
2.5915,-2.31474185573474
2.592,-2.49422610056749
2.5925,-2.42848094709012
2.593,-2.12375229205253
2.5935,-1.61159821482761
2.594,-0.941985422792785
2.5945,-0.178358059177953
2.595,0.601704967484106
2.5955,1.32456969330962
2.596,1.91791703771282
2.5965,2.32389160573792
2.597,2.50337512999992
2.5975,2.43861641992508
2.598,2.13520382029099
2.5985,1.62338006490313
2.599,0.953111254206046
2.5995,0.190470783226436
2.6,-0.589592510431419
2.6005,-1.31278711290872
2.601,-1.90646477835514
2.6015,-2.3140844044272
2.602,-2.49356864898126
2.6025,-2.42946712431592
2.603,-2.12671082168007
2.6035,-1.61488546656573
2.604,-0.945601395716727
2.6045,-0.182302753320845
2.605,0.597760275504684
2.6055,1.32029627769744
2.606,1.91528724319067
2.6065,2.32224798382151
2.607,2.50337512999992
2.6075,2.43993131756132
2.608,2.13717616637739
2.6085,1.62666730778022
2.609,0.957055945704892
2.6095,0.194415476145434
2.61,-0.585976539209431
2.6105,-1.30884241292728
2.611,-1.9031775247457
2.6115,-2.31244077616271
2.612,-2.49323992318854
2.6125,-2.43012457580108
2.613,-2.1283544492592
2.6135,-1.61784399314723
2.614,-0.948888643845696
2.6145,-0.186576171992359
2.615,0.593486859185621
2.6155,1.31766648347458
2.616,1.91265744867113
2.6165,2.32126181067249
2.617,2.50337512999992
2.6175,2.44026004197057
2.618,2.1391485124658
2.6185,1.62929710208342
2.619,0.960671912909038
2.6195,0.198688893461833
2.62,-0.581703118694715
2.6205,-1.30555516296255
2.621,-1.90087644723223
2.6215,-2.31079714790444
2.622,-2.49291119739608
2.6225,-2.43111075303073
2.623,-2.13032680236194
2.6235,-1.62113124492357
2.624,-0.952833341620976
2.6245,-0.189534692621308
2.625,0.590199615857557
2.6255,1.314379240696
2.626,1.91035637846869
2.6265,2.31961818875884
2.627,2.50271768115111
2.6275,2.44124621519879
2.628,2.14177830725351
2.6285,1.63291306925255
2.629,0.964945328691939
2.6295,0.202962310765265
2.63,-0.57742969820201
2.6305,-1.30226791301581
2.631,-1.89791791901652
2.6315,-2.30882479400273
2.632,-2.49258247160388
2.6325,-2.43176820451846
2.633,-2.1322991554732
2.6335,-1.62408977153951
2.634,-0.956449314601344
2.6345,-0.193808111322352
2.635,0.585926199523613
2.6355,1.3110919979174
2.636,1.90739785963989
2.6365,2.31764584246472
2.637,2.50271768115111
2.6375,2.44223238842771
2.638,2.14375065334666
2.6385,1.63554286355901
2.639,0.968232571599079
2.6395,0.206907003649274
2.64,-0.57381372703303
2.6405,-1.29898066308704
2.641,-1.89561684152775
2.6415,-2.30718116575814
2.642,-2.49192502002027
2.6425,-2.43308310749699
2.643,-2.13492895963478
2.6435,-1.62737702335417
2.644,-0.96006528760058
2.6445,-0.19841025455845
2.645,0.582310231849807
2.6455,1.30714730658302
2.646,1.90509678944198
2.6465,2.31633094493668
2.647,2.50238895672683
2.6475,2.44288983724737
2.648,2.14605172379126
2.6485,1.63915883073268
2.649,0.972505987374783
2.6495,0.211180420927907
2.65,-0.569869031230222
2.6505,-1.29536468818612
2.651,-1.89298703869667
2.6515,-2.30652371446205
2.652,-2.49192502002027
2.6525,-2.43406928473359
2.653,-2.1372300382886
2.6535,-1.63066427518901
2.654,-0.964009985439483
2.6545,-0.202354948777036
2.655,0.57836553983506
2.6555,1.30386006380429
2.656,1.90246699493251
2.6565,2.31501604740973
2.657,2.50238895672683
2.6575,2.44420473488762
2.658,2.14835279423863
2.6585,1.6421173493313
2.659,0.976121954566482
2.6595,0.214796389384426
2.66,-0.565924335446053
2.6605,-1.29174871330687
2.661,-1.89035723587969
2.6615,-2.30455136057973
2.662,-2.49159629422885
2.6625,-2.43538418771932
2.663,-2.13953111695403
2.6635,-1.63296535148543
2.664,-0.967297233655778
2.6645,-0.20629964301063
2.665,0.574420847813013
2.6655,1.29991537246969
2.666,1.89983720042559
2.6665,2.31370114988388
2.667,2.50206023230263
2.6675,2.44519090811861
2.668,2.14999641598846
2.6685,1.64540459222077
2.669,0.979737921755348
2.6695,0.219069806639425
2.67,-0.56165091503419
2.6705,-1.2878040134633
2.671,-1.88772743307677
2.6715,-2.30257900670635
2.672,-2.49159629422885
2.6725,-2.4357129134664
2.673,-2.14084601905378
2.6735,-1.63625260335466
2.674,-0.9709132067118
2.6745,-0.210573061780674
2.675,0.570147431447512
2.6755,1.29695685396863
2.676,1.89720740592124
2.6765,2.3120575279781
2.677,2.50173150787851
2.6775,2.44584835693967
2.678,2.15229748644063
2.6785,1.64836311082321
2.679,0.983353888941409
2.6795,0.223014499478893
2.68,-0.558034943933473
2.6805,-1.28385931364545
2.681,-1.88476890494031
2.6815,-2.30060665284191
2.682,-2.49061011685617
2.6825,-2.43637036496133
2.683,-2.14314709773746
2.6835,-1.63921113005429
2.684,-0.974857904612754
2.6845,-0.214189031523003
2.685,0.566531463746862
2.6855,1.29334088691161
2.686,1.89457761141942
2.6865,2.31041390607403
2.687,2.50173150787851
2.6875,2.44749197899365
2.688,2.15459855689559
2.6885,1.65132162942749
2.689,0.98729858041395
2.6895,0.227287916709454
2.69,-0.554418972848318
2.6905,-1.28122951378115
2.691,-1.88213910216728
2.6915,-2.29896302462836
2.692,-2.49061011685617
2.6925,-2.43768526795427
2.693,-2.14544817643278
2.6935,-1.64282710715391
2.694,-0.978802602536345
2.6945,-0.218462450325781
2.695,0.56258677170268
2.6955,1.29005364413234
2.696,1.89194781692014
2.6965,2.30877028417166
2.697,2.50107405903051
2.6975,2.44814942781579
2.698,2.15657090300209
2.6985,1.65460887232331
2.699,0.990914547594246
2.6995,0.230903885125441
2.7,-0.550145552494977
2.7005,-1.27761353898637
2.701,-1.8798380247524
2.7015,-2.29764812206199
2.702,-2.4902813910658
2.7025,-2.43867144520168
2.703,-2.14709180407941
2.7035,-1.64545690869634
2.704,-0.98241857565289
2.7045,-0.222407144621067
2.705,0.558970803988965
2.7055,1.28676640135287
2.706,1.88898929811146
2.7065,2.30712666227098
2.707,2.50074533460663
2.7075,2.44880687663823
2.708,2.15821452475909
2.7085,1.65723866664163
2.709,0.99420179048307
2.7095,0.235177302332712
2.71,-0.545872132163281
2.7105,-1.27399756421312
2.711,-1.87687949666333
2.7115,-2.29633321949958
2.712,-2.48962393948584
2.7125,-2.43932889670124
2.713,-2.14939288279467
2.7135,-1.64874416064266
2.714,-0.986691998451594
2.7145,-0.226351838931561
2.715,0.55469738759191
2.7155,1.28282171001723
2.716,1.88668822792912
2.7165,2.30548304037201
2.717,2.49975916133549
2.7175,2.44913560104957
2.718,2.16018687086938
2.7185,1.66052590954162
2.719,0.998146481946733
2.7195,0.239121995128288
2.72,-0.542256161130254
2.7205,-1.27103903941464
2.721,-1.87424969393239
2.7215,-2.29468959130215
2.722,-2.48962393948584
2.7225,-2.44031507395251
2.723,-2.15136523598846
2.7235,-1.65170268741174
2.724,-0.990307971609816
2.7245,-0.2302965332573
2.725,0.550423971186013
2.7255,1.27920574295925
2.726,1.88405843343737
2.7265,2.30383941847472
2.727,2.49943043691193
2.7275,2.45077922310743
2.728,2.16248794133402
2.7285,1.66348442815362
2.729,1.00143372483071
2.7295,0.243066687913215
2.73,-0.538311465475461
2.7305,-1.26742306468047
2.731,-1.87161989121546
2.7315,-2.29238851183615
2.732,-2.48896648790693
2.7325,-2.44130125120611
2.733,-2.15366631472537
2.7335,-1.65466121419731
2.734,-0.993595219952088
2.7345,-0.234569952127435
2.735,0.546150554771226
2.7355,1.27624722445704
2.736,1.88109991463711
2.7365,2.30186707220022
2.737,2.49910171248846
2.7375,2.45143667193112
2.738,2.16446028744883
2.7385,1.66644294676755
2.739,1.00537841628862
2.7395,0.247340105084912
2.74,-0.534366769838993
2.7405,-1.26380708996775
2.741,-1.86866136317564
2.7415,-2.29173106056238
2.742,-2.48830903632906
2.7425,-2.44228742846202
2.743,-2.15563866793771
2.7435,-1.65794846620064
2.744,-0.997539917983737
2.7445,-0.238843371015558
2.745,0.542863311369153
2.7455,1.27263125739846
2.746,1.87847012015062
2.7465,2.30055217468523
2.747,2.49910171248846
2.7475,2.45209412075512
2.748,2.16676135791875
2.7485,1.66973018967418
2.749,1.00899438345566
2.7495,0.251284797847776
2.75,-0.530422074220813
2.7505,-1.26051984024749
2.751,-1.86636028582358
2.7515,-2.289758706747
2.752,-2.48830903632906
2.7525,-2.44294487996725
2.753,-2.15761102115863
2.7535,-1.66090699302108
2.754,-1.0011558911995
2.7545,-0.242788065389833
2.755,0.538918619279652
2.7555,1.2686865660614
2.756,1.87584032566659
2.7565,2.29890855279301
2.757,2.49844426364176
2.7575,2.4530802939917
2.758,2.16873370403809
2.7585,1.67268870829221
2.759,1.01326779919522
2.7595,0.254900766204484
2.76,-0.526148653988377
2.7605,-1.25690386557563
2.761,-1.86340175781521
2.7615,-2.28745762730698
2.762,-2.48798031054052
2.7625,-2.44393105722703
2.763,-2.15925464884928
2.7635,-1.66386551985807
2.764,-1.0047718644345
2.7645,-0.246732759779518
2.765,0.534645202840679
2.7655,1.26539932328016
2.766,1.87288180687499
2.7665,2.29726493090247
2.767,2.49778681479539
2.7675,2.45406646722898
2.768,2.17070605015954
2.7685,1.67564722691222
2.769,1.01688376635671
2.7695,0.259502907736635
2.77,-0.52253268303916
2.7705,-1.25295916595796
2.771,-1.86077195515594
2.7715,-2.28680017604063
2.772,-2.48765158475223
2.7725,-2.44458850873484
2.773,-2.16155572762621
2.7735,-1.66682404671162
2.774,-1.00838783768876
2.7745,-0.251334903253676
2.775,0.531686683762232
2.7755,1.26178335622037
2.776,1.87025201239615
2.7765,2.29562130901361
2.777,2.49811553921853
2.7775,2.45505264046696
2.778,2.17300712063722
2.7785,1.67860574553421
2.779,1.0204997335157
2.7795,0.263118876073346
2.78,-0.518587987475609
2.7805,-1.25032936622696
2.781,-1.85814215251061
2.7815,-2.28482782224751
2.782,-2.48699413317645
2.7825,-2.44557468599849
2.783,-2.16385680641483
2.7835,-1.66978257358174
2.784,-1.01200381096233
2.7845,-0.254622148605267
2.785,0.526427094278647
2.7855,1.25849611343834
2.786,1.86762221791974
2.7865,2.29332023837203
2.787,2.49712936594933
2.7875,2.45571008929268
2.788,2.17497946676323
2.7885,1.68189298844989
2.789,1.02411570067223
2.7895,0.267063568794324
2.79,-0.514314567302222
2.7905,-1.24638466665157
2.791,-1.85551234987923
2.7915,-2.28318419409337
2.792,-2.48666540738895
2.7925,-2.44623213750888
2.793,-2.16582915967152
2.7935,-1.672412375258
2.794,-1.01627723394693
2.7945,-0.258895567578457
2.795,0.523139850844359
2.7955,1.25455142209937
2.796,1.86466369913666
2.7965,2.29167661648719
2.797,2.4964719171036
2.7975,2.45669626253183
2.798,2.17629436418175
2.7985,1.68485150707613
2.799,1.02740294353969
2.7995,0.271336985897012
2.8,-0.510698596402864
2.8005,-1.24309741702476
2.801,-1.85288254726177
2.8015,-2.2818692915745
2.802,-2.48600795581474
2.8025,-2.4472183147764
2.803,-2.16813023848187
2.8035,-1.67602835258429
2.804,-1.01956448241502
2.8045,-0.263168986569918
2.805,0.519195158716019
2.8055,1.25126417931642
2.806,1.86236262897415
2.8065,2.29036171898052
2.807,2.49614319268086
2.8075,2.45735371135832
2.808,2.17826671031129
2.8085,1.68781002570442
2.809,1.03069018640516
2.8095,0.275610402987574
2.81,-0.507082625518675
2.8105,-1.23948144245555
2.811,-1.85025274465822
2.8115,-2.28022566343146
2.812,-2.48600795581474
2.8125,-2.44820449204624
2.813,-2.17010259175721
2.8135,-1.67898687950609
2.814,-1.02350918059788
2.8145,-0.267113681039833
2.815,0.514921742234752
2.8155,1.24764821225465
2.816,1.85907538588801
2.8165,2.28904682147491
2.817,2.49614319268086
2.8175,2.45833988459865
2.818,2.18056778079844
2.8185,1.69043982004239
2.819,1.03529232641351
2.8195,0.279226371285539
2.82,-0.502480480778873
2.8205,-1.23619419286558
2.821,-1.84762294206858
2.8215,-2.27792458404158
2.822,-2.48535050424156
2.8225,-2.44919066931841
2.823,-2.17174621949323
2.8235,-1.68194540644453
2.824,-1.02745387880387
2.8245,-0.271387100066567
2.825,0.510319601398368
2.8255,1.24403224519229
2.826,1.85677431572993
2.8265,2.28707447521851
2.827,2.4948282949907
2.8275,2.45899733342592
2.828,2.1825401269326
2.8285,1.69306961438201
2.829,1.03857956927429
2.8295,0.283499788353846
2.83,-0.498535785307087
2.8305,-1.23257821833685
2.831,-1.84466441417184
2.8315,-2.2769384071639
2.832,-2.48502177845537
2.8325,-2.44951939507632
2.833,-2.17338984723523
2.8335,-1.6852326586179
2.834,-1.03106985217969
2.8345,-0.274674345484276
2.835,0.507361082283538
2.8355,1.24074500240781
2.836,1.85447324557366
2.8365,2.28543085334
2.837,2.4948282949907
2.8375,2.45998350666742
2.838,2.18484119742514
2.8385,1.69701430589452
2.839,1.04285298499045
2.8395,0.287444481021645
2.84,-0.494591089853235
2.8405,-1.22896224382928
2.841,-1.8420346116117
2.8415,-2.27529477903936
2.842,-2.48469305266943
2.8425,-2.45050557235159
2.843,-2.17601965163489
2.8435,-1.68819118559154
2.844,-1.03501455043009
2.8445,-0.278947764543624
2.845,0.503087665776388
2.8455,1.23712903534426
2.846,1.85151472680395
2.8465,2.28345850708798
2.847,2.49384212172392
2.8475,2.46096967990963
2.848,2.18648481920731
2.8485,1.69931537594521
2.849,1.0464689521324
2.8495,0.291717898066948
2.85,-0.490975119036258
2.8505,-1.22567499429527
2.851,-1.83907608374812
2.8515,-2.27365115092098
2.852,-2.48403560109835
2.8525,-2.45182047538889
2.853,-2.17832073049717
2.8535,-1.69114971258187
2.854,-1.0386305238467
2.8545,-0.283221183621475
2.855,0.498485524911977
2.8555,1.23351306828005
2.856,1.84822748372998
2.8565,2.28148616083834
2.857,2.49384212172392
2.8575,2.46129840432385
2.858,2.18878588970485
2.8585,1.7022738945837
2.859,1.04975619498677
2.8595,0.295333866326763
2.86,-0.48703042361667
2.8605,-1.22205901982801
2.861,-1.83677500653301
2.8615,-2.27200752280876
2.862,-2.4833781495283
2.8625,-2.4524779269091
2.863,-2.18029308381704
2.8635,-1.69377951436508
2.864,-1.04257522214166
2.8645,-0.287494602717878
2.865,0.494869557082218
2.8655,1.22989710121513
2.866,1.84559768927343
2.8665,2.28049998771441
2.867,2.49351339730182
2.8675,2.46195585315253
2.868,2.1904295114906
2.8685,1.70523241322433
2.869,1.05337216212445
2.8695,0.29927855896416
2.87,-0.483085728214902
2.8705,-1.2187717703306
2.871,-1.83381647870059
2.8715,-2.27003516908221
2.872,-2.4833781495283
2.8725,-2.45346410419135
2.873,-2.18193671159019
2.8735,-1.69706676661268
2.874,-1.0458624707386
2.8745,-0.291439297284913
2.875,0.491253589245633
2.8755,1.22628113414949
2.876,1.84296789481919
2.8765,2.27885636584252
2.877,2.49252722403601
2.8775,2.46327075081085
2.878,2.19240185763548
2.8785,1.70851965616088
2.879,1.05764557782979
2.8795,0.30355197597666
2.88,-0.478812308216384
2.8805,-1.21482707095667
2.881,-1.83118667619757
2.8815,-2.26839154098352
2.882,-2.4827206979593
2.8825,-2.45313537843034
2.883,-2.1839090649259
2.8835,-1.7000252936532
2.884,-1.04947844421394
2.8845,-0.295055267318652
2.885,0.487308897052446
2.8855,1.22365133991946
2.886,1.84066682467362
2.8865,2.27688401959843
2.887,2.49285594845787
2.8875,2.46359947522562
2.888,2.19470292814056
2.8885,1.71147817480607
2.889,1.060932820678
2.8895,0.307496668593152
2.89,-0.47519633746467
2.8905,-1.21121109655254
2.891,-1.8282281483982
2.8915,-2.26641918727321
2.892,-2.48206324639134
2.8925,-2.45445028147592
2.893,-2.18653886938695
2.8935,-1.70265509548106
2.894,-1.05375186743741
2.8945,-0.299657411017312
2.895,0.483035480500572
2.8955,1.21904920001591
2.896,1.83737958161157
2.8965,2.27524039773016
2.897,2.49186977519254
2.8975,2.46392819964047
2.898,2.19667527429012
2.8985,1.71410796915919
2.899,1.06422006352445
2.8995,0.311112636816172
2.9,-0.471251642116129
2.9005,-1.20825257205567
2.901,-1.82559834592454
2.9015,-2.26477555918804
2.902,-2.48206324639134
2.9025,-2.45543645876282
2.903,-2.18818249718292
2.9035,-1.70594234778453
2.904,-1.05703911608954
2.9045,-0.303602105633463
2.905,0.479090788290259
2.9055,1.21576195722685
2.906,1.83442106285877
2.9065,2.2732680514904
2.907,2.49121232634939
2.9075,2.46524309730067
2.908,2.19831889608308
2.9085,1.71706648780852
2.909,1.06783603065354
2.9095,0.315386053796249
2.91,-0.467306946785251
2.9105,-1.20430787274834
2.911,-1.82296854346467
2.9115,-2.26280320549395
2.912,-2.48074834325855
2.9125,-2.45609391028872
2.913,-2.18949739942402
2.9135,-1.70890087487538
2.914,-1.06032636475795
2.9145,-0.307546800265622
2.915,0.474817371719742
2.9155,1.21214599015807
2.916,1.83146254410885
2.9165,2.27162442962574
2.917,2.49055487750657
2.9175,2.46590054613124
2.918,2.20061996659576
2.9185,1.72002500646007
2.919,1.07178072206473
2.9195,0.319659470764711
2.92,-0.463362251472
2.9205,-1.20102062334459
2.921,-1.82001001571379
2.9215,-2.26181702865022
2.922,-2.48074834325855
2.9225,-2.4570800875795
2.923,-2.1917984783552
2.9235,-1.71185940198304
2.924,-1.06427106318158
2.9245,-0.311820219468572
2.925,0.471201403844753
2.9255,1.20885874736751
2.926,1.82850402536177
2.9265,2.26998080776271
2.927,2.49022615308528
2.9275,2.46655799496213
2.928,2.20226358839234
2.9285,1.72298352511386
2.929,1.07539668918952
2.9295,0.323275438959759
2.93,-0.459417556176334
2.9305,-1.19707592408288
2.931,-1.81770893858627
2.9315,-2.26017340058224
2.932,-2.48009089169371
2.9325,-2.45740881334361
2.933,-2.19344210617041
2.9335,-1.71481792910752
2.934,-1.06821576162872
2.9345,-0.315436189578123
2.935,0.467256711609482
2.9355,1.20491405601786
2.936,1.82620295522712
2.9365,2.26800846152923
2.937,2.48956870424293
2.9375,2.46754416820905
2.938,2.20390721019044
2.9385,1.72627076806516
2.939,1.07934138059609
2.9395,0.327548855906908
2.94,-0.455472860898216
2.9405,-1.19345994978146
2.941,-1.81475041086637
2.9415,-2.25787232129737
2.942,-2.47976216591169
2.9425,-2.4583949906375
2.943,-2.19508573399164
2.9435,-1.7174477310101
2.944,-1.07084556060657
2.9445,-0.319709608815973
2.945,0.462983295011794
2.9455,1.20162681322563
2.946,1.82324443648508
2.9465,2.26636483966979
2.947,2.48891125540091
2.9475,2.46820161704072
2.948,2.20587955635017
2.9485,1.72922928672372
2.949,1.0826286234331
2.9495,0.331493548463322
2.95,-0.451199441033344
2.9505,-1.19017270043461
2.951,-1.81212060846328
2.9515,-2.25622869324411
2.952,-2.47943344012992
2.9525,-2.45905244216805
2.953,-2.19771553851813
2.9535,-1.72040625816641
2.954,-1.07544770884303
2.9545,-0.323654303513906
2.955,0.459038602758985
2.9555,1.19801084615326
2.956,1.82061464205007
2.9565,2.26439249344061
2.957,2.48891125540091
2.9575,2.46918779028882
2.958,2.20818062687262
2.9585,1.73218780538456
2.959,1.08657331483539
2.9595,0.335109516631479
2.96,-0.447254745791658
2.9605,-1.18655672617295
2.961,-1.80981953137184
2.9615,-2.25491379080591
2.962,-2.47844726278619
2.9625,-2.45970989369964
2.963,-2.19903044078716
2.9635,-1.7233647853396
2.964,-1.07873495760305
2.9645,-0.327598998228046
2.965,0.455093910497697
2.9655,1.1943948790799
2.966,1.81798484761726
2.9665,2.26274887158475
2.967,2.48792508213848
2.9675,2.46951651470501
2.968,2.20982424867621
2.9685,1.73514632404771
2.969,1.08986055766888
2.9695,0.339382933546974
2.97,-0.4433100505674
2.9705,-1.18326947686219
2.971,-1.8071897289945
2.9715,-2.25294143715596
2.972,-2.47844726278619
2.9725,-2.46102479676593
2.973,-2.2016602453368
2.9735,-1.72632331252968
2.974,-1.08267965613677
2.9745,-0.331543692958432
2.975,0.451477942584035
2.9755,1.19077891200552
2.976,1.81502632888298
2.9765,2.26143397410122
2.977,2.48759635771783
2.9775,2.47017396353763
2.978,2.21179659484253
2.9785,1.73810484271317
2.979,1.09380524906701
2.9795,0.342998901697383
2.98,-0.439365355360529
2.9805,-1.17932477771191
2.981,-1.80357375074804
2.9815,-2.25064035790882
2.982,-2.47746108544479
2.9825,-2.46135352253315
2.983,-2.20330387318817
2.9835,-1.72928183973666
2.984,-1.08563818005261
2.9845,-0.335488387705103
2.985,0.44720452594953
2.9855,1.18749166920971
2.986,1.81173908584813
2.9865,2.25946162787788
2.987,2.48693890887677
2.9875,2.47083141237057
2.988,2.21344021664948
2.9885,1.74073463708444
2.989,1.09742121618002
2.9895,0.347601042968029
2.99,-0.435091935572664
2.9905,-1.17570880351249
2.991,-1.80094394840325
2.9915,-2.24932545548727
2.992,-2.47647490810574
2.9925,-2.46201097406837
2.993,-2.2046187754736
2.9935,-1.73191164171264
2.994,-1.08991160351017
2.9945,-0.339433082468097
2.995,0.443259833662574
2.9955,1.18387570213328
2.996,1.80943801572575
2.9965,2.25748928165685
2.997,2.48628146003603
2.9975,2.47181758562057
2.998,2.2160700115438
2.9985,1.74336443145756
2.999,1.10070845900844
2.9995,0.351545735475346
3,-0.431804689595822
3.0005,-1.17209282933375
3.001,-1.79798542078172
3.0015,-2.24735310186228
3.002,-2.47614618232658
3.0025,-2.46266842560462
3.003,-2.20724858005607
3.0035,-1.7348701689516
3.004,-1.09319885234266
3.0045,-0.343377777247454
3.005,0.439315141366983
3.0055,1.18025973505575
3.006,1.8068082213022
3.0065,2.25584565980777
3.007,2.48595273561579
3.0075,2.4724750344543
3.008,2.21771363335475
3.0085,1.74632295012955
3.009,1.10432442611799
3.0095,0.355490427973124
3.01,-0.427202545248392
3.0105,-1.16847685517567
3.011,-1.79535561846599
3.0115,-2.24603819945051
3.012,-2.47581745654768
3.0125,-2.46332587714191
3.013,-2.20889220792797
3.0135,-1.73782869620753
3.014,-1.09681482607749
3.0145,-0.347651196610267
3.015,0.435041724703637
3.0155,1.17664376797708
3.016,1.80384970257826
3.0165,2.253873313591
3.017,2.48496656235552
3.0175,2.47313248328834
3.018,2.21968597952993
3.0185,1.74928146880392
3.019,1.1082691175082
3.0195,0.3594351204614
3.02,-0.423586574706153
3.0205,-1.16486088103822
3.021,-1.79239709087713
3.0215,-2.24406584584018
3.022,-2.47548873076903
3.0225,-2.46431205444979
3.023,-2.21119328695879
3.0235,-1.74111594873401
3.024,-1.10108824960813
3.0245,-0.351267166855412
3.025,0.431097032389933
3.0255,1.17302780089724
3.026,1.80089118385703
3.0265,2.25222969174546
3.027,2.48463783793559
3.0275,2.47378993212271
3.028,2.22132960134427
3.0285,1.75223998748069
3.029,1.11221380889635
3.0295,0.363379812940215
3.03,-0.418984430400557
3.0305,-1.16124490692137
3.031,-1.78976728859043
3.0315,-2.24209349223865
3.032,-2.47483127921253
3.0325,-2.46431205444979
3.033,-2.2128369148452
3.0335,-1.7437457507703
3.034,-1.10437549849692
3.0345,-0.355540586253892
3.035,0.427152340067474
3.0355,1.16974055809634
3.036,1.79859011374237
3.0365,2.25091479427017
3.037,2.48430911351574
3.0375,2.47477610537484
3.038,2.22363067188697
3.0385,1.75552723045772
3.039,1.11582977600037
3.0395,0.367653229781632
3.04,-0.415368459891108
3.0405,-1.15795765774208
3.041,-1.78680876103418
3.0415,-2.24044986424409
3.042,-2.47450255343467
3.0425,-2.46529823176001
3.043,-2.21448054273767
3.0435,-1.74670427807718
3.044,-1.10733402251103
3.0445,-0.359485281100467
3.045,0.423536372097497
3.0455,1.16645331529443
3.046,1.79530287072424
3.0465,2.24861372369089
3.047,2.48365166467629
3.0475,2.47543355421
3.048,2.22527429370504
3.0485,1.75881447343774
3.049,1.11944574310271
3.0495,0.371597922240859
3.05,-0.411423764806291
3.0505,-1.15368423383438
3.051,-1.78385023349518
3.0515,-2.23814878506195
3.052,-2.47351637610264
3.0525,-2.46595568330145
3.053,-2.21645289621662
3.0535,-1.74966280540108
3.054,-1.11127872121746
3.0545,-0.363101251391042
3.055,0.419262955396139
3.0555,1.16250862393076
3.056,1.79300180061349
3.0565,2.24729882621842
3.057,2.48332294025668
3.0575,2.47641972746333
3.058,2.22724663988878
3.0585,1.76144426782394
3.059,1.12306171020341
3.0595,0.375871339061148
3.06,-0.407150345150337
3.0605,-1.1503969846941
3.061,-1.78056298069427
3.0615,-2.23650515708202
3.062,-2.47285892454925
3.0625,-2.46661313484392
3.063,-2.21809652412241
3.0635,-1.75229260748108
3.064,-1.11522341994788
3.0645,-0.367374670843339
3.065,0.415646987409936
3.0655,1.15856393256557
3.066,1.78971455760091
3.0665,2.24532648001163
3.067,2.4826654914177
3.0675,2.47674845188126
3.068,2.22889026171027
3.0685,1.76440278651073
3.069,1.1266776773025
3.0695,0.379816031500957
3.07,-0.403205650101045
3.0705,-1.14678101065933
3.071,-1.77793317846884
3.0715,-2.23453280351414
3.072,-2.47253019877295
3.0725,-2.46727058638744
3.073,-2.22006887761736
3.0735,-1.75492240957455
3.074,-1.1188393938052
3.0745,-0.370990641164379
3.075,0.411373570689318
3.0755,1.15527668976004
3.076,1.78741348749402
3.0765,2.24401158254171
3.077,2.48200804257904
3.0775,2.47773462513554
3.078,2.23086260789813
3.0785,1.76736130520001
3.079,1.1302936444
3.0795,0.384089448300302
3.08,-0.399260955068746
3.0805,-1.14349376155457
3.081,-1.77530337625699
3.0815,-2.23288917554761
3.082,-2.4715440214456
3.0825,-2.46792803793199
3.083,-2.22171250553648
3.0835,-1.75820966221034
3.084,-1.12212664278394
3.0845,-0.37493533607604
3.085,0.407428878322504
3.0855,1.15166072267267
3.086,1.78379752018639
3.0865,2.24171051197178
3.087,2.48167931815983
3.0875,2.47839207397213
3.088,2.23250622972307
3.0885,1.76999109959258
3.089,1.13390961149594
3.0895,0.387705416352833
3.09,-0.394987535469552
3.0905,-1.14020651246668
3.091,-1.77234484878489
3.0915,-2.23124554758717
3.092,-2.47121529567034
3.0925,-2.46891421525077
3.093,-2.22401358463346
3.0935,-1.76149691486723
3.094,-1.12574261667988
3.0945,-0.379866204739123
3.095,0.403155461581645
3.0955,1.14771603130306
3.096,1.78116772578328
3.0965,2.23973816577147
3.097,2.48102186932165
3.0975,2.47839207397213
3.098,2.23414985154958
3.0985,1.77262089398713
3.099,1.13719685430911
3.0995,0.391321384397648
3.1,-0.391371565054968
3.1005,-1.13659053848946
3.101,-1.77004377187401
3.1015,-2.2299306452232
3.102,-2.47055784412059
3.1025,-2.46957166679792
3.103,-2.22598593815462
3.1035,-1.76445544227648
3.104,-1.12968731549858
3.1045,-0.383810899688444
3.105,0.399210769196061
3.1055,1.14410006421277
3.106,1.77853793138219
3.1065,2.23743709520731
3.107,2.48003569606498
3.1075,2.47904952280903
3.108,2.23612219774346
3.1085,1.77525068838368
3.109,1.14081282140217
3.1095,0.395594801167977
3.11,-0.387426870073412
3.1105,-1.13231711472446
3.111,-1.76675651916218
3.1115,-2.22730084050692
3.112,-2.46957166679792
3.1125,-2.47022911834611
3.113,-2.22730084050692
3.1135,-1.76708524443241
3.114,-1.13330328943694
3.1145,-0.387426870073412
3.115,0.395594801167977
3.1155,1.14114154568329
3.116,1.77525068838368
3.1165,2.23645092210933
3.117,2.4793782472276
3.1175,2.48003569606498
3.118,2.23809454393961
3.1185,1.77853793138219
3.119,1.14475751277475
3.1195,0.399539493561872
3.12,-0.383482175108692
3.1205,-1.12870114079164
3.121,-1.76379799173962
3.1215,-2.22565721256715
3.122,-2.46891421525077
3.1225,-2.47022911834611
3.123,-2.22960191963281
3.1235,-1.76971504660188
3.124,-1.13659053848946
3.1245,-0.391700289637526
3.125,0.391321384397648
3.1255,1.13719685430911
3.126,1.77262089398713
3.1265,2.23414985154958
3.127,2.47839207397213
3.1275,2.48036442048379
3.128,2.23973816577147
3.1285,1.78149645008356
3.129,1.14804475558392
3.1295,0.404141634676628
3.13,-0.379537480160771
3.1305,-1.12541389177942
3.131,-1.76083946433417
3.1315,-2.22368485904745
3.132,-2.46858548947758
3.1325,-2.47088656989534
3.133,-2.23091682199581
3.1335,-1.77267357405872
3.134,-1.14020651246668
3.1345,-0.3953162600534
3.135,0.387705416352833
3.1355,1.13358088721456
3.136,1.7696623752934
3.1365,2.23250622972307
3.137,2.47839207397213
3.1375,2.4813505937407
3.138,2.24203923633873
3.1385,1.78478369308809
3.139,1.15198944695339
3.1395,0.407428878322504
3.14,-0.375592785229607
3.1405,-1.12179791788532
3.141,-1.75820966221034
3.1415,-2.22204123112104
3.142,-2.46759931215959
3.1425,-2.47220147299691
3.143,-2.23288917554761
3.1435,-1.77563210153273
3.144,-1.14349376155457
3.1445,-0.399260955068746
3.145,0.383431999562646
3.1455,1.12996492011847
3.146,1.76703258090108
3.1465,2.23086260789813
3.147,2.47806334955379
3.1475,2.4813505937407
3.148,2.24368285817438
3.1485,1.78741348749402
3.149,1.15560541404064
3.1495,0.41203101941625
3.15,-0.370990641164379
3.1505,-1.11818194401146
3.151,-1.75492240957455
3.1515,-2.22006887761736
3.152,-2.46694186061555
3.1525,-2.47187274722113
3.153,-2.23420407792035
3.1535,-1.77793317846884
3.154,-1.14710973557074
3.1545,-0.403205650101045
3.155,0.379487307131328
3.1555,1.1266776773025
3.156,1.76407406221208
3.1565,2.22889026171027
3.157,2.47707717629927
3.1575,2.4826654914177
3.158,2.24499775564405
3.1585,1.79004328190202
3.159,1.15922138112654
3.1595,0.415975711772627
3.16,-0.367374670843339
3.1605,-1.11456597015781
3.161,-1.75196388222034
3.1615,-2.21842524970429
3.162,-2.46661313484392
3.1625,-2.47285892454925
3.163,-2.23716260827326
3.1635,-1.78122043125275
3.164,-1.15072570960736
3.1645,-0.407479069738546
3.165,0.375542614690745
3.1655,1.12240426163977
3.166,1.76078681922721
3.1665,2.22724663988878
3.167,2.47641972746333
3.1675,2.48299421583715
3.168,2.24762755058644
3.1685,1.79300180061349
3.169,1.16283734821113
3.1695,0.419591679758151
3.17,-0.363429975963604
3.1705,-1.11094999632434
3.171,-1.74966280540108
3.1715,-2.21612417063619
3.172,-2.46595568330145
3.1725,-2.47351637610264
3.173,-2.23847751065866
3.1735,-1.78385023349518
3.174,-1.15434168366447
3.1745,-0.411752489396039
3.175,0.371597922240859
3.1755,1.11911701882075
3.176,1.75815702484149
3.1765,2.2249455693413
3.177,2.47543355421
3.1775,2.48365166467629
3.178,2.24927117242751
3.1785,1.79530287072424
3.179,1.16612459101418
3.1795,0.423536372097497
3.18,-0.359156556529288
3.1805,-1.10799147229377
3.181,-1.74637555282002
3.1815,-2.21448054273767
3.182,-2.46529823176001
3.1825,-2.47450255343467
3.183,-2.24044986424409
3.1835,-1.78680876103418
3.184,-1.15828638265924
3.1845,-0.415039735300054
3.185,0.367324505409607
3.1855,1.11550105171826
3.186,1.75519850615988
3.1865,2.22363067188697
3.187,2.47444738095738
3.1875,2.48398038909597
3.188,2.2512435186389
3.1885,1.79826138944041
3.189,1.16974055809634
3.1895,0.427481064428015
3.19,-0.35521186168409
3.1905,-1.10404677360729
3.191,-1.7437457507703
3.1915,-2.21250818926743
3.192,-2.4646407802196
3.1925,-2.47450255343467
3.193,-2.24209349223865
3.1935,-1.78976728859043
3.194,-1.16190235675927
3.1945,-0.419313154993039
3.195,0.363379812940215
3.1955,1.1115563603318
3.196,1.75191126318316
3.1965,2.22132960134427
3.197,2.47444738095738
3.1975,2.48496656235552
3.198,2.25222969174546
3.1985,1.80121990815926
3.199,1.1736852494573
3.1995,0.43175448110949
3.2,-0.351267166855412
3.2005,-1.10010207494472
3.201,-1.74111594873401
3.2015,-2.21086456138223
3.202,-2.46365460291095
3.2025,-2.47548873076903
3.203,-2.24373712023932
3.2035,-1.79272581616393
3.204,-1.16518960595896
3.2045,-0.42325785011212
3.205,0.3594351204614
3.2055,1.1082691175082
3.206,1.74961019310122
3.2065,2.21902853080462
3.207,2.47346120770548
3.2075,2.48529528677553
3.208,2.2548594866991
3.2085,1.80352097827577
3.209,1.17697249225701
3.2095,0.4360278977807
3.21,-0.347322472043212
3.2105,-1.09681482607749
3.211,-1.73782869620753
3.2115,-2.20889220792797
3.212,-2.46332587714191
3.2125,-2.47581745654768
3.213,-2.24603819945051
3.2135,-1.79535561846599
3.214,-1.16946302994401
3.2145,-0.427202545248392
3.215,0.355490427973124
3.2155,1.10465315040059
3.216,1.74665167442658
3.2165,2.21771363335475
3.217,2.47313248328834
3.2175,2.48628146003603
3.218,2.25650310854721
3.2185,1.8068082213022
3.219,1.18091718361539
3.2195,0.439972590083516
3.22,-0.343049052681881
3.2205,-1.09319885234266
3.221,-1.73421271845259
3.2215,-2.20691985448242
3.222,-2.46266842560462
3.2225,-2.47614618232658
3.223,-2.24735310186228
3.2235,-1.7976566954915
3.224,-1.17242155425824
3.2245,-0.431147240401894
3.225,0.351545735475346
3.2255,1.10070845900844
3.226,1.74402188005113
3.2265,2.2160700115438
3.227,2.4721463100374
3.2275,2.48661018445636
3.228,2.25781800602686
3.2285,1.80943801572575
3.229,1.184204426413
3.2295,0.443917282377665
3.23,-0.338775633339796
3.2305,-1.08925415374565
3.231,-1.73191164171264
3.2315,-2.20494750104557
3.232,-2.46201097406837
3.2325,-2.47680363388517
3.233,-2.24932545548727
3.2335,-1.80094394840325
3.234,-1.17570880351249
3.2345,-0.435091935572664
3.235,0.347272318591987
3.2355,1.09774994046293
3.236,1.74106336138098
3.2365,2.21442638973439
3.237,2.47181758562057
3.2375,2.48759635771783
3.238,2.26011907661873
3.2385,1.81239653445483
3.239,1.18814911776894
3.2395,0.447533250306388
3.24,-0.335159663142257
3.2405,-1.08563818005261
3.241,-1.72895311449061
3.2415,-2.20297514761741
3.242,-2.46069607099897
3.2425,-2.47713235966485
3.243,-2.25096908351482
3.2435,-1.8039024760421
3.244,-1.17998222756858
3.2445,-0.43903663076074
3.245,0.343656350451133
3.2455,1.09413397335009
3.246,1.73843356700948
3.2465,2.21245404356512
3.247,2.47083141237057
3.2475,2.48825380655921
3.248,2.26209142284286
3.2485,1.81568377749036
3.249,1.19110763628505
3.2495,0.451806666940119
3.25,-0.330886243835571
3.2505,-1.0820222063795
3.251,-1.7259945872855
3.2515,-2.20133151976725
3.252,-2.46003861946583
3.2525,-2.477789811225
3.253,-2.25261271154849
3.2535,-1.80653227840231
3.254,-1.18326947686219
3.2545,-0.4433100505674
3.255,0.339711657924619
3.2555,1.08986055766888
3.256,1.73514632404771
3.2565,2.21015297303711
3.257,2.47017396353763
3.2575,2.48858253098002
3.258,2.26307759595579
3.2585,1.81765612331332
3.259,1.19472360335934
3.2595,0.455751359208502
3.26,-0.326941549107896
3.2605,-1.07873495760305
3.261,-1.7230360600973
3.2615,-2.19903044078716
3.262,-2.45938116793372
3.2625,-2.47844726278619
3.263,-2.25458506519697
3.2635,-1.80883335547873
3.264,-1.18688545110497
3.2645,-0.446926021188972
3.265,0.335109516631479
3.2655,1.08624459055195
3.266,1.73153035679306
3.2665,2.20785190251209
3.267,2.46885906587271
3.2675,2.48858253098002
3.268,2.26439249344061
3.2685,1.82061464205007
3.269,1.19801084615326
3.2695,0.459367327113709
3.27,-0.323325578955127
3.2705,-1.074790259093
3.271,-1.72007753292599
3.2715,-2.19738681295148
3.272,-2.45905244216805
3.2725,-2.47910471434842
3.273,-2.25688614446468
3.2735,-1.81244933376291
3.274,-1.19083015030261
3.2745,-0.451199441033344
3.275,0.331164824083993
3.2755,1.08295734771671
3.276,1.72890056242821
3.2765,2.20620828071034
3.277,2.46853034145667
3.2775,2.48891125540091
3.278,2.26636483966979
3.2785,1.82357316078961
3.279,1.20195553750489
3.2795,0.463640743719774
3.28,-0.319380884258542
3.2805,-1.07084556060657
3.281,-1.7174477310101
3.2815,-2.19574318512182
3.282,-2.45806626487261
3.2825,-2.48009089169371
3.283,-2.25787232129737
3.2835,-1.81475041086637
3.284,-1.19411739965289
3.2845,-0.455472860898216
3.285,0.326891407146556
3.2855,1.07868393202849
3.286,1.7259420437699
3.2865,2.20390721019044
3.287,2.46754416820905
3.2875,2.48956870424293
3.288,2.26800846152923
3.2885,1.82620295522712
3.289,1.20557150457621
3.2895,0.467256711609482
3.29,-0.315436189578123
3.2905,-1.06788703675722
3.291,-1.71481792910752
3.2915,-2.19377083173418
3.292,-2.45740881334361
3.2925,-2.48074834325855
3.293,-2.26050212619534
3.2935,-1.8173802132832
3.294,-1.1974046490204
3.2945,-0.459417556176334
3.295,0.322946714578732
3.2955,1.07539668918952
3.296,1.72265480081889
3.2965,2.2019348640329
3.297,2.46688671937769
3.2975,2.49022615308528
3.298,2.26998080776271
3.2985,1.82883274966686
3.299,1.20820129880931
3.2995,0.471201403844753
3.3,-0.311162770359198
3.3005,-1.06394233831204
3.301,-1.71153067674802
3.3015,-2.19212720391776
3.302,-2.45675136181565
3.3025,-2.48107706904135
3.303,-2.26181702865022
3.3035,-1.82033874101859
3.304,-1.20134934828418
3.3045,-0.463362251472
3.305,0.318673297619171
3.3055,1.07178072206473
3.306,1.71936755787065
3.3065,2.19996251787755
3.307,2.46590054613124
3.3075,2.49022615308528
3.308,2.27162442962574
3.3085,1.83179126841425
3.309,1.21247471443708
3.3095,0.475146096071666
3.31,-0.306560626606079
3.3105,-1.06032636475795
3.311,-1.70890087487538
3.3115,-2.18982612498489
3.312,-2.45609391028872
3.3125,-2.48173452060775
3.313,-2.26346065672433
3.3135,-1.82362599407835
3.314,-1.20496532263116
3.3145,-0.467635671395484
3.315,0.314728605030841
3.3155,1.0681647549379
3.316,1.71739521210303
3.3165,2.19831889608308
3.317,2.46524309730067
3.3175,2.49186977519254
3.318,2.27392550023672
3.3185,1.83507851147026
3.319,1.21609068150578
3.3195,0.479090788290259
3.32,-0.303273381081506
3.3205,-1.05671039122359
3.321,-1.70594234778453
3.3215,-2.18785377162324
3.322,-2.45543645876282
3.3225,-2.48173452060775
3.323,-2.26477555918804
3.3235,-1.82559834592454
3.324,-1.20825257205567
3.3245,-0.471251642116129
3.325,0.311441361199668
3.3255,1.06422006352445
3.326,1.71443669345345
3.3265,2.19634654993171
3.327,2.46458564847041
3.3275,2.49154105077093
3.328,2.2749116733567
3.3285,1.83737958161157
3.329,1.21970664857364
3.3295,0.483692929201489
3.33,-0.299328686466688
3.3305,-1.05276569284494
3.331,-1.70265509548106
3.3315,-2.18588141827025
3.332,-2.45445028147592
3.3325,-2.48239197217519
3.333,-2.26674791289098
3.3335,-1.82888559901877
3.334,-1.2115398214975
3.3345,-0.474867612851616
3.335,0.307167944208826
3.3355,1.060932820678
3.336,1.71114945051205
3.3365,2.19437420378251
3.337,2.46359947522562
3.3375,2.49219849961424
3.338,2.27688401959843
3.3385,1.84066682467362
3.339,1.22299389136189
3.3395,0.487308897052446
3.34,-0.295055267318652
3.3405,-1.04914971935174
3.341,-1.69969656842565
3.3415,-2.1839090649259
3.342,-2.45346410419135
3.3425,-2.4827206979593
3.343,-2.26872026660277
3.3435,-1.83151540150969
3.344,-1.21515579590355
3.3445,-0.479141032830915
3.345,0.302894527206273
3.3455,1.05731685354487
3.346,1.70851965616088
3.3465,2.19240185763548
3.347,2.46294202639615
3.3475,2.49252722403601
3.348,2.27852764146834
3.3485,1.84263917051257
3.349,1.22660985842822
3.3495,0.491582313594696
3.35,-0.290781848189305
3.3505,-1.04553374587817
3.351,-1.69706676661268
3.3515,-2.18193671159019
3.352,-2.45280665266959
3.3525,-2.48304942374367
3.353,-2.27036389470269
3.3535,-1.8344739293285
3.354,-1.21844304538182
3.3545,-0.482757003598891
3.355,0.29927855896416
3.3555,1.05337216212445
3.356,1.70588986181142
3.3565,2.19075823584793
3.357,2.462284577567
3.3575,2.49285594845787
3.358,2.2801712633399
3.3585,1.84559768927343
3.359,1.23022582549379
3.3595,0.495527005779045
3.36,-0.287494602717878
3.3605,-1.04224649728286
3.361,-1.69410823958891
3.3615,-2.17963563270945
3.362,-2.45182047538889
3.3625,-2.48370687531319
3.363,-2.27200752280876
3.3635,-1.8371037318488
3.364,-1.22205901982801
3.3645,-0.48703042361667
3.365,0.295333866326763
3.3655,1.04975619498677
3.366,1.702602618877
3.3665,2.18878588970485
3.367,2.46096967990963
3.3675,2.49351339730182
3.368,2.28247233396286
3.3685,1.84855620803722
3.369,1.23384179255864
3.3695,0.499471697955275
3.37,-0.282563734531369
3.3705,-1.03830179898984
3.371,-1.6908209873599
3.3715,-2.17799200494469
3.372,-2.45116302386972
3.3725,-2.48469305266943
3.373,-2.27299369967535
3.3735,-1.83907608374812
3.374,-1.22567499429527
3.3745,-0.490646394417278
3.375,0.291060449291523
3.3755,1.04614022784686
3.376,1.69964410023827
3.3765,2.18681354356392
3.377,2.46064095549548
3.3775,2.4941708461461
3.378,2.28378723146315
3.3785,1.85118600249639
3.379,1.23745775962279
3.3795,0.503745114470409
3.38,-0.278947764543624
3.3805,-1.03501455043009
3.381,-1.68753373515151
3.3815,-2.1756909260841
3.382,-2.45050557235159
3.3825,-2.48469305266943
3.383,-2.27529477903936
3.3835,-1.84170588629266
3.384,-1.22961969373817
3.3845,-0.4952485390943
3.385,0.287444481021645
3.3855,1.0425242607047
3.386,1.69635685730884
3.3865,2.18451247306888
3.387,2.45965478225351
3.3875,2.49449957056836
3.388,2.2851021289645
3.3885,1.85381579695791
3.389,1.24107372668628
3.3895,0.507032357937168
3.39,-0.275003070026647
3.3905,-1.03074112732654
3.391,-1.68490393339964
3.3915,-2.17371857278435
3.392,-2.44951939507632
3.3925,-2.48502177845537
3.393,-2.2769384071639
3.3935,-1.84466441417184
3.394,-1.23257821833685
3.3945,-0.498864509929051
3.395,0.283171063964402
3.3955,1.0382508449883
3.396,1.69306961438201
3.3965,2.1825401269326
3.397,2.45899733342592
3.3975,2.49449957056836
3.398,2.28674575084267
3.3985,1.85644559142178
3.399,1.24403224519229
3.3995,0.510977050089943
3.4,-0.271387100066567
3.4005,-1.02712515395248
3.401,-1.68227413166094
3.4015,-2.17207494504115
3.402,-2.44853321780338
3.4025,-2.48600795581474
3.403,-2.27825330966796
3.4035,-1.84762294206858
3.404,-1.23652291782379
3.4045,-0.503137930025917
3.405,0.279226371285539
3.4055,1.03463487784112
3.406,1.69043982004239
3.4065,2.18056778079844
3.407,2.45801116018513
3.4075,2.49548574383562
3.408,2.28871809709868
3.4085,1.85940411019646
3.409,1.24764821225465
3.4095,0.514921742234752
3.41,-0.267113681039833
3.4105,-1.02350918059788
3.411,-1.67898687950609
3.4115,-2.16944514066447
3.412,-2.44820449204624
3.4125,-2.48600795581474
3.413,-2.2798969378036
3.4135,-1.85058146998291
3.414,-1.23948144245555
3.4145,-0.506753900893591
3.415,0.274624229813903
3.4155,1.03101891069159
3.416,1.68715257712018
3.4165,2.17859543466642
3.417,2.45702498694504
3.4175,2.49614319268086
3.418,2.29101916773372
3.4185,1.86170518035662
3.419,1.25126417931642
3.4195,0.518866434371635
3.42,-0.262840262031464
3.4205,-1.01956448241502
3.421,-1.676357077797
3.4215,-2.16747278739201
3.422,-2.4468895890203
3.4225,-2.48633668160171
3.423,-2.2815405659454
3.4235,-1.85288254726177
3.424,-1.24309741702476
3.4245,-0.510698596402864
3.425,0.270679537112774
3.4255,1.02740294353969
3.426,1.68452278278423
3.4265,2.17629436418175
3.427,2.45669626253183
3.4275,2.49614319268086
3.428,2.29233406524092
3.4285,1.86499242344574
3.429,1.25455142209937
3.4295,0.523139850844359
3.43,-0.258895567578457
3.4305,-1.015948509101
3.431,-1.67274110046846
3.4315,-2.16582915967152
3.432,-2.44557468599849
3.4325,-2.48699413317645
3.433,-2.28318419409337
3.4335,-1.85551234987923
3.434,-1.24671339161522
3.4345,-0.51464329193019
3.435,0.267063568794324
3.4355,1.02378697638538
3.436,1.68156426415821
3.4365,2.17465074240875
3.437,2.45571008929268
3.4375,2.49712936594933
3.438,2.29397768712643
3.4385,1.86795094222916
3.439,1.25849611343834
3.4395,0.527084542964853
3.44,-0.254622148605267
3.4405,-1.01200381096233
3.441,-1.66978257358174
3.4415,-2.16385680641483
3.442,-2.44524596024368
3.4425,-2.48732285896421
3.443,-2.28515654787908
3.4435,-1.85912832850098
3.444,-1.25032936622696
3.4445,-0.518587987475609
3.445,0.262790151679461
3.4455,1.02017100922863
3.446,1.67827702124278
3.4465,2.17234967192902
3.447,2.45439519164156
3.4475,2.49778681479539
3.448,2.29562130901361
3.4485,1.87090946101563
3.449,1.26178335622037
3.4495,0.53102923507754
3.45,-0.250348729650297
3.4505,-1.00871656253102
3.451,-1.66682404671162
3.4515,-2.16188445316673
3.452,-2.44425978298081
3.4525,-2.48765158475223
3.453,-2.28680017604063
3.4535,-1.86142940581945
3.454,-1.25361661589248
3.4545,-0.52253268303916
3.455,0.258516734552374
3.4555,1.01622631778208
3.456,1.67531850262101
3.4565,2.17070605015954
3.457,2.45406646722898
3.4575,2.49778681479539
3.458,2.29726493090247
3.4585,1.872553082565
3.459,1.26507059900201
3.4595,0.535302651524188
3.46,-0.246732759779518
3.4605,-1.005100589275
3.461,-1.66353679465314
3.4615,-2.15925464884928
3.462,-2.44393105722703
3.4625,-2.48798031054052
3.463,-2.28844380420836
3.4635,-1.8637304831486
3.464,-1.25756131551438
3.4645,-0.526477378620882
3.465,0.254572041808784
3.4655,1.01261035062013
3.466,1.67235998400122
3.4665,2.16840497968472
3.467,2.45275156957943
3.4675,2.49811553921853
3.468,2.29890855279301
3.4685,1.87584032566659
3.469,1.26901529033951
3.4695,0.538918619279652
3.47,-0.242788065389833
3.4705,-1.0011558911995
3.471,-1.66090699302108
3.4715,-2.15826847223418
3.472,-2.44294487996725
3.4725,-2.48863776211786
3.473,-2.29008743238228
3.4735,-1.86603156048844
3.474,-1.26084856521872
3.4745,-0.530422074220813
3.475,0.250956073451274
3.4755,1.00932310774344
3.476,1.66907274109266
3.4765,2.16643263356573
3.477,2.45176539634308
3.4775,2.49811553921853
3.478,2.30022345030665
3.4785,1.87847012015062
3.479,1.27197380884232
3.4795,0.542863311369153
3.48,-0.238843371015558
3.4805,-0.997211193146893
3.481,-1.65794846620064
3.4815,-2.15563866793771
3.482,-2.44195870270979
3.4825,-2.48896648790693
3.483,-2.29173106056238
3.4835,-1.86964753918695
3.484,-1.26446453991392
3.4845,-0.535024219110467
3.485,0.246682656290075
3.4855,1.00504969200057
3.486,1.66611422247702
3.4865,2.16413156309622
3.487,2.45143667193112
3.4875,2.49877298806507
3.488,2.30186707220022
3.4885,1.88077119032616
3.489,1.275918500179
3.4895,0.546479279111141
3.49,-0.234898676656651
3.4905,-0.994252669622443
3.491,-1.65531866459634
3.4915,-2.15366631472537
3.492,-2.44130125120611
3.4925,-2.48896648790693
3.493,-2.29304596311091
3.4935,-1.87194861655431
3.494,-1.26808051463054
3.4945,-0.538968914749986
3.495,0.242409239116465
3.4955,1.00110500054241
3.496,1.66315570386331
3.4965,2.16183049262955
3.497,2.4504504986957
3.4975,2.49877298806507
3.498,2.30318196971628
3.4985,1.88340098481481
3.499,1.27920574295925
3.4995,0.551081419864421
3.5,-0.230953982313075
3.5005,-0.990307971609816
3.501,-1.6523601378071
3.5015,-2.15169396152159
3.502,-2.44097252545465
3.5025,-2.48962393948584
3.503,-2.29534704258038
3.5035,-1.87523586995485
3.504,-1.27136776439154
3.5045,-0.542256161130254
3.505,0.238464546329766
3.5055,0.997489033369676
3.506,1.65986846096143
3.5065,2.15985814651752
3.507,2.44979304987248
3.5075,2.49975916133549
3.508,2.30515431599242
3.5085,1.88603077930595
3.509,1.28282171001723
3.5095,0.554368663253309
3.51,-0.226351838931561
3.5105,-0.986034548788518
3.511,-1.64874416064266
3.5115,-2.14972160832638
3.512,-2.43900017095133
3.5125,-2.48995266527569
3.513,-2.29666194513981
3.5135,-1.87753694734826
3.514,-1.2746550141703
3.5145,-0.546529581443673
3.515,0.234519853532411
3.5155,0.993873066194288
3.516,1.65723866664163
3.5165,2.15821452475909
3.517,2.44847815222697
3.5175,2.49943043691193
3.518,2.30646921351119
3.5185,1.88833184948774
3.519,1.28578022851899
3.5195,0.558642079651043
3.52,-0.22273586914636
3.5205,-0.983076025312493
3.521,-1.64545690869634
3.5215,-2.14742052960945
3.522,-2.43867144520168
3.5225,-2.49061011685617
3.523,-2.29830557334468
3.5235,-1.88016675009672
3.524,-1.27794226396683
3.5245,-0.550474277136772
3.525,0.230246436323206
3.5255,0.989928374727162
3.526,1.65395142374396
3.5265,2.1559134542997
3.527,2.44749197899365
3.5275,2.50008788575912
3.528,2.30811283541118
3.5285,1.89129036829571
3.529,1.2897249198544
3.5295,0.56258677170268
3.53,-0.218462450325781
3.5305,-0.979131327364334
3.531,-1.643155832346
3.5315,-2.14577690196163
3.532,-2.43768526795427
3.5325,-2.4909388426468
3.533,-2.29994920155574
3.5335,-1.88246782751314
3.534,-1.28188696374616
3.5345,-0.554418972848318
3.535,0.226630467905576
3.5355,0.986312407546122
3.536,1.6506641808486
3.5365,2.15361238384312
3.537,2.44650580576103
3.5375,2.50041661018284
3.538,2.31008518169342
3.5385,1.89424888710687
3.539,1.29301216263369
3.5395,0.56620273941013
3.54,-0.214846480568428
3.5405,-0.975186629438855
3.541,-1.63953985524415
3.5415,-2.14347582326465
3.542,-2.43669909070918
3.5425,-2.4909388426468
3.543,-2.30159282977301
3.5435,-1.88575508098382
3.544,-1.28550293856643
3.5445,-0.558692393223354
3.545,0.222357050673067
3.5455,0.982696440362332
3.546,1.64770566224473
3.5465,2.15164003773972
3.547,2.44617708135031
3.5475,2.50041661018284
3.548,2.31172880359715
3.5485,1.89687868160837
3.549,1.29629940541282
3.5495,0.570476155783626
3.55,-0.210573061780674
3.5505,-0.972228106009605
3.551,-1.63625260335466
3.5515,-2.14117474457931
3.552,-2.43604163921374
3.5525,-2.49192502002027
3.553,-2.30290773235129
3.5535,-1.88838488377618
3.554,-1.28879018842178
3.5545,-0.562308364326904
3.555,0.218083633427865
3.5555,0.979080473175763
3.556,1.64507586793172
3.5565,2.14966769163838
3.557,2.44519090811861
3.5575,2.50107405903051
3.558,2.31304370112136
3.5585,1.89950847611241
3.559,1.29991537246969
3.5595,0.574092123477511
3.56,-0.206628367530775
3.5605,-0.967625958478269
3.561,-1.63329407667145
3.5615,-2.13920239142969
3.562,-2.43472673622594
3.5625,-2.49192502002027
3.563,-2.30455136057973
3.5635,-1.89068596123104
3.564,-1.29240616328331
3.5645,-0.566253060094023
3.565,0.214467664979666
3.5655,0.975135781696301
3.566,1.64178862504247
3.5665,2.1476953455391
3.567,2.44387601047744
3.5675,2.50140278345447
3.568,2.31468732302817
3.5685,1.90246699493251
3.569,1.30320261524854
3.5695,0.57836553983506
3.57,-0.202354948777036
3.5705,-0.964009985439483
3.571,-1.63033555000462
3.5715,-2.13690131276592
3.572,-2.43406928473359
3.5725,-2.49192502002027
3.573,-2.30619498881437
3.5735,-1.89331576404979
3.574,-1.29536468818612
3.5745,-0.570526480529395
3.575,0.210194247710901
3.5755,0.971191090213456
3.576,1.63883010644405
3.5765,2.14539427509252
3.577,2.44321856165731
3.5775,2.50173150787851
3.578,2.31567349617307
3.5785,1.90476806512816
3.579,1.30681858230515
3.5795,0.582310231849807
3.58,-0.19841025455845
3.5805,-0.960394012419629
3.581,-1.62737702335417
3.5815,-2.13492895963478
3.582,-2.43275438175197
3.5825,-2.49258247160388
3.583,-2.30783861705523
3.5835,-1.89561684152775
3.584,-1.29930938807911
3.5845,-0.574142451684106
3.585,0.206249554836035
3.5855,0.967575123017844
3.586,1.63521413927063
3.5865,2.14309320464872
3.587,2.44190366401799
3.5875,2.50206023230263
3.588,2.31698839370056
3.5885,1.90674041101172
3.589,1.31043454936168
3.5895,0.585926199523613
3.59,-0.194794284871232
3.5905,-0.956778039418676
3.591,-1.62441849672007
3.5915,-2.13262788099257
3.592,-2.43242565600721
3.5925,-2.49258247160388
3.593,-2.30915351965239
3.5935,-1.89824664437294
3.594,-1.30259663800968
3.5945,-0.577758422854514
3.595,0.201976137542544
3.5955,0.963959155819327
3.596,1.63258434496434
3.5965,2.14112085855624
3.597,2.44124621519879
3.5975,2.50238895672683
3.598,2.31896073999386
3.5985,1.90969892983978
3.599,1.31372179214028
3.5995,0.589870891524477
3.6,-0.190849590681305
3.6005,-0.952833341620976
3.601,-1.62145997010232
3.6015,-2.13098425339808
3.602,-2.43111075303073
3.6025,-2.49291119739608
3.603,-2.311454599207
3.6035,-1.90153389794926
3.604,-1.30588388795821
3.6045,-0.582031843348911
3.605,0.198031444644771
3.6055,0.960343188617875
3.606,1.62929710208342
3.6065,2.13881978811759
3.607,2.43993131756132
3.6075,2.50238895672683
3.608,2.32027563752409
3.6085,1.91265744867113
3.609,1.31700903491886
3.6095,0.593486859185621
3.61,-0.186247447478547
3.6105,-0.949217368659447
3.611,-1.61817271832396
3.6115,-2.12868317477573
3.612,-2.43045330154404
3.6125,-2.49389737477424
3.613,-2.31276950181511
3.6135,-1.90416370082621
3.614,-1.3098285879202
3.6145,-0.585976539209431
3.615,0.194086751735942
3.6155,0.956398497121999
3.616,1.62600985920463
3.6165,2.13684744202951
3.617,2.43894514433402
3.6175,2.50271768115111
3.618,2.32159053505543
3.6185,1.91495851887558
3.619,1.32128245053101
3.6195,0.597431551172745
3.62,-0.182302753320845
3.6205,-0.945601395716727
3.621,-1.61521419174065
3.6215,-2.12671082168007
3.622,-2.42946712431592
3.6225,-2.49389737477424
3.623,-2.3140844044272
3.6235,-1.9067935037173
3.624,-1.31344456290815
3.6245,-0.589921235088748
3.625,0.189813334405522
3.6255,0.952782529914314
3.626,1.62305134061553
3.6265,2.13487509594346
3.627,2.43828769551621
3.6275,2.50337512999992
3.628,2.32389160573792
3.6285,1.91824576202828
3.629,1.32424096903175
3.6295,0.601704967484106
3.63,-0.178358059177953
3.6305,-0.940999248362238
3.631,-1.61192694000052
3.6315,-2.12440974307922
3.632,-2.42848094709012
3.6325,-2.49422610056749
3.633,-2.31539930704327
3.6335,-1.90909458125862
3.634,-1.31673181291614
3.6345,-0.593865930986901
3.635,0.186197365884961
3.6355,0.949495286995609
3.636,1.62009282202813
3.6365,2.13257402551228
3.637,2.43730152229006
3.6375,2.50304640557548
3.638,2.32520650327229
3.6385,1.92054683223761
3.639,1.32785693608827
3.6395,0.605978383787169
3.64,-0.174413365049834
3.6405,-0.937712000270478
3.641,-1.60896841345158
3.6415,-2.12276611551427
3.642,-2.42683731838559
3.6425,-2.49455482636099
3.643,-2.31704293531897
3.6435,-1.91139565881077
3.644,-1.32001906294219
3.6445,-0.597810626903929
3.645,0.181923948530373
3.6455,0.945221871197516
3.646,1.61713430344241
3.6465,2.13060167943059
3.647,2.43631534906461
3.6475,2.50370385442445
3.648,2.32652140080777
3.6485,1.92317662676505
3.649,1.33081545458911
3.6495,0.609923075751905
3.65,-0.170139946427663
3.6505,-0.934096027387403
3.651,-1.6056811617496
3.6515,-2.12046503693324
3.652,-2.42650859264545
3.6525,-2.49455482636099
3.653,-2.31835783794402
3.6535,-1.91468291247553
3.654,-1.32363503799174
3.6545,-0.601426598177819
3.655,0.177650531162623
3.6555,0.941605903980375
3.656,1.61351833628434
3.6565,2.12797188465812
3.657,2.43500045143175
3.6575,2.50436130327375
3.658,2.32816502272867
3.6585,1.92547769697873
3.659,1.33410269736791
3.6595,0.613539043380107
3.66,-0.166195252330194
3.6605,-0.930151329718084
3.661,-1.60272263523496
3.6615,-2.11816395836376
3.662,-2.42486496394862
3.6625,-2.49488355215476
3.663,-2.32000146623093
3.6635,-1.91698399005404
3.664,-1.3272510130632
3.6645,-0.605371294131133
3.665,0.173705838196053
3.6655,0.937989936760114
3.666,1.61055981770229
3.6665,2.12632826292713
3.667,2.4340142782079
3.6675,2.50436130327375
3.668,2.32915119588204
3.6685,1.92810749151116
3.669,1.33738994014682
3.6695,0.617483735331483
3.67,-0.162250558247378
3.6705,-0.926864081677274
3.671,-1.59943538357104
3.6715,-2.11586287980583
3.672,-2.42420751247168
3.6725,-2.49521227794879
3.673,-2.32164509452409
3.6735,-1.91928506764343
3.674,-1.33020953813799
3.6745,-0.609973439434002
3.675,0.169761145218187
3.6755,0.933716520950287
3.676,1.60727257483526
3.6765,2.12336974381485
3.677,2.43335682939239
3.6775,2.50436130327375
3.678,2.33079481780571
3.6785,1.93040856172923
3.679,1.3413346314817
3.6795,0.621099702947503
3.68,-0.158305864179174
3.6805,-0.922919384048616
3.681,-1.59647685709063
3.6815,-2.11356180125943
3.682,-2.42355006099577
3.6825,-2.49554100374308
3.683,-2.3229599971631
3.6835,-1.92224359598862
3.684,-1.33382551324938
3.6845,-0.613918135428507
3.685,0.165816452228985
3.6855,0.930429278016626
3.686,1.60464278054306
3.6865,2.12205484643305
3.687,2.4323706561697
3.6875,2.50469002769852
3.688,2.33243843973112
3.6885,1.93270963194936
3.689,1.34429314998301
3.6895,0.625044394885662
3.69,-0.154361170125545
3.6905,-0.919303411241783
3.691,-1.5931896054647
3.6915,-2.11158944822884
3.692,-2.42256388378383
3.6925,-2.49554100374308
3.693,-2.32427489980611
3.6935,-1.92520212435181
3.694,-1.33711276336973
3.6945,-0.617862831442085
3.695,0.161543034811181
3.6955,0.926484586492725
3.696,1.60135553767958
3.6965,2.11909632732723
3.697,2.4307270341334
3.6975,2.50501875212337
3.698,2.33441078604391
3.6985,1.93599687512456
3.699,1.34823784131832
3.6995,0.628989086816981
3.7,-0.150416476086451
3.7005,-0.915029988857635
3.701,-1.58990235385873
3.7015,-2.10928836970385
3.702,-2.42190643231049
3.7025,-2.49554100374308
3.703,-2.32591852811549
3.7035,-1.92750320198007
3.704,-1.34072873852314
3.7045,-0.621478802804654
3.705,0.157927066216423
3.7055,0.922539894964962
3.706,1.597739570532
3.7065,2.11712398125915
3.707,2.43006958531941
3.7075,2.5053474765483
3.708,2.33572568358716
3.7085,1.93796922103171
3.709,1.35152508409798
3.7095,0.633262503068238
3.71,-0.146143057560456
3.7105,-0.911742740887437
3.711,-1.58694382743041
3.7115,-2.10698729119037
3.712,-2.42059152936688
3.7125,-2.49652718112752
3.713,-2.32789088209499
3.7135,-1.92980427961924
3.714,-1.34368726366506
3.7145,-0.625094774183312
3.715,0.153982373192983
3.7155,0.91925265202218
3.716,1.59510977624432
3.7165,2.11515163519305
3.717,2.42908341209901
3.7175,2.50600492539841
3.718,2.33704058113153
3.7185,1.9412564642137
3.719,1.35514105115587
3.7195,0.637207194985434
3.72,-0.142198363551519
3.7205,-0.907469318549031
3.721,-1.58398530101822
3.7215,-2.10501493818798
3.722,-2.41894790069313
3.7225,-2.49685590692286
3.723,-2.32887705908811
3.7235,-1.93243408264879
3.724,-1.3473032388586
3.7245,-0.629039470251141
3.725,0.149708955737956
3.7255,0.915307960487234
3.726,1.59215125767212
3.7265,2.1135080134728
3.727,2.42875468769236
3.7275,2.50633364982359
3.728,2.33901292745018
3.7285,1.94421498308115
3.729,1.35875701821407
3.7295,0.641480611221482
3.73,-0.137924945058102
3.7305,-0.903853345821292
3.731,-1.58069804946802
3.7315,-2.10238513419793
3.732,-2.41829044922542
3.7325,-2.49685590692286
3.733,-2.33052068741499
3.7335,-1.93506388569261
3.734,-1.35059048905373
3.7345,-0.632984166338194
3.735,0.145435538269394
3.7355,0.911363268948314
3.736,1.58919273910145
3.7365,2.11087821872324
3.737,2.42711106566026
3.7375,2.50633364982359
3.738,2.34065654938432
3.7385,1.94618732899472
3.739,1.36204426099454
3.7395,0.645096578799707
3.74,-0.133322802084055
3.7405,-0.900237373111985
3.741,-1.5774107979377
3.7415,-2.10041278121524
3.742,-2.41697554629309
3.7425,-2.49685590692286
3.743,-2.33150686441411
3.7435,-1.9376936887507
3.744,-1.35354901424499
3.7445,-0.636928862444507
3.745,0.14181956963154
3.7455,0.907418577405383
3.746,1.58557677196157
3.7465,2.10890587266336
3.747,2.42612489244191
3.7475,2.50633364982359
3.748,2.34197144693289
3.7485,1.94914584786798
3.749,1.36533150377532
3.7495,0.649041270696863
3.75,-0.129378108121825
3.7505,-0.896292675631909
3.751,-1.57445227157738
3.7515,-2.09844042824099
3.752,-2.41631809482846
3.7525,-2.49751335851431
3.753,-2.33347921841913
3.7535,-1.94032349182308
3.754,-1.35782243954745
3.7545,-0.640873558570121
3.755,0.13754615213786
3.7555,0.903802610154138
3.756,1.58294697767942
3.7565,2.10660480226263
3.757,2.42546744363006
3.7575,2.50666237424885
3.758,2.34295762009506
3.7585,1.95177564242493
3.759,1.36796129800018
3.7595,0.652657238263455
3.76,-0.125433414173882
3.7605,-0.892676702961045
3.761,-1.57083629493659
3.7615,-2.09581062428845
3.762,-2.41500319190226
3.7625,-2.49751335851431
3.763,-2.33479412109414
3.7635,-1.94295329490975
3.764,-1.36110968980121
3.7645,-0.644489530035588
3.765,0.133601459054633
3.7655,0.900515367195481
3.766,1.57900228625837
3.7665,2.10430373186455
3.767,2.42415254600726
3.7675,2.50666237424885
3.768,2.34427251764559
3.7685,1.95341926402443
3.769,1.37223471361605
3.7695,0.65660193014799
3.77,-0.121817444734121
3.7705,-0.888732005522836
3.771,-1.56787776861194
3.7715,-2.09383827133387
3.772,-2.41401701471031
3.7725,-2.49751335851431
3.773,-2.33610902377316
3.7735,-1.94525437262233
3.774,-1.36406821504529
3.7745,-0.648434226198303
3.775,0.129328041534609
3.7755,0.895913227048551
3.776,1.57604376769428
3.7765,2.10233138581115
3.777,2.42283764838568
3.7775,2.50666237424885
3.778,2.34525869080924
3.7785,1.95604905858591
3.779,1.37552195639792
3.7795,0.660546622025997
3.78,-0.117544026320708
3.7805,-0.885116032890285
3.781,-1.56491924230333
3.7815,-2.0915371928975
3.782,-2.41303083752066
3.7825,-2.49849953590346
3.783,-2.33775265212758
3.7835,-1.94821290112604
3.784,-1.36768419036385
3.7845,-0.653036371746009
3.785,0.125712072853065
3.7855,0.892625984082991
3.786,1.57308524913162
3.7865,2.10003031541798
3.787,2.42185147517029
3.7875,2.50699109867419
3.788,2.34755976152687
3.7885,1.9586788531502
3.789,1.37848047490194
3.7895,0.664162589575137
3.79,-0.113928056906967
3.7905,-0.881828785058371
3.791,-1.56163199086809
3.7915,-2.08956483996116
3.792,-2.4120446603333
3.7925,-2.49849953590346
3.793,-2.33906755481562
3.7935,-1.95084270425568
3.794,-1.37162889073678
3.7945,-0.656981067950836
3.795,0.121438655307579
3.7955,0.888352568223403
3.796,1.56979800628588
3.7965,2.09740052068614
3.797,2.42086530195559
3.7975,2.50764854752512
3.798,2.34887465908136
3.7985,1.96130864771729
3.799,1.38209644196287
3.7995,0.668436005762585
3.8,-0.109654638524221
3.8005,-0.877555362899428
3.801,-1.55867346459325
3.8015,-2.08726376154606
3.802,-2.41105848314826
3.8025,-2.49784208431043
3.803,-2.34071118318131
3.8035,-1.95314378200588
3.804,-1.3745874160339
3.8045,-0.660268314803085
3.805,0.11716523774823
3.8055,0.884407876656291
3.806,1.5668394877262
3.8065,2.09509945029858
3.807,2.41987912874156
3.8075,2.50764854752512
3.808,2.34986083224797
3.8085,1.96360971796581
3.809,1.38571240902433
3.8095,0.672051973299933
3.81,-0.105381220158015
3.8105,-0.873610665544522
3.811,-1.5553862131955
3.8115,-2.0849626831424
3.812,-2.40974358023844
3.8125,-2.49849953590346
3.813,-2.34202608587839
3.8135,-1.95544485976707
3.814,-1.37787466638157
3.8145,-0.664213011043689
3.815,0.113549269033301
3.8155,0.880791909382681
3.816,1.5638809691679
3.8165,2.09312710425419
3.817,2.41889295552821
3.8175,2.50764854752512
3.818,2.35150445419373
3.8185,1.96656823685996
3.819,1.38899965180797
3.8195,0.675996665152749
3.82,-0.101765250784108
3.8205,-0.870323417765297
3.821,-1.55275641209149
3.8215,-2.08299033023408
3.822,-2.40875740305876
3.8225,-2.49849953590346
3.823,-2.34334098857947
3.8235,-1.95840338833333
3.824,-1.38181936682318
3.8245,-0.668486431993094
3.825,0.108947127018028
3.8255,0.877504666403528
3.826,1.56026500204295
3.8265,2.0911547582117
3.827,2.41790678231555
3.8275,2.50830599637637
3.828,2.35314807614126
3.8285,1.96886930711346
3.829,1.39261561887053
3.8295,0.67961263267893
3.83,-0.0974918324483093
3.8305,-0.86637872045003
3.831,-1.54946916072919
3.8315,-2.08036052636938
3.832,-2.40744250015609
3.8325,-2.49882826170037
3.833,-2.34465589128458
3.8335,-1.96070446611967
3.834,-1.38477789217188
3.8345,-0.672759852965516
3.835,0.105002433849153
3.8355,0.873559974824557
3.836,1.55730648348767
3.8365,2.08885368783122
3.837,2.41626316029594
3.8375,2.50797727195071
3.838,2.35446297370057
3.8385,1.97149910169156
3.839,1.39524541309824
3.8395,0.683557324519636
3.84,-0.0935471386144365
3.8405,-0.862762747929982
3.841,-1.54552445912038
3.8415,-2.07805944799999
3.842,-2.40678504870629
3.8425,-2.49915698749753
3.843,-2.3459707939937
3.8435,-1.96333426931754
3.844,-1.38839386761845
3.8445,-0.67637582457558
3.845,0.101057740668304
3.8455,0.869615283241201
3.846,1.55401924065003
3.8465,2.08556644443503
3.847,2.41494826268162
3.8475,2.50797727195071
3.848,2.35544914687079
3.8485,1.97380017194975
3.849,1.39853265588336
3.8495,0.68750201635408
3.85,-0.0896024447944983
3.8505,-0.859146775428024
3.851,-1.54289465806355
3.8515,-2.07608709512103
3.852,-2.40547014580976
3.8525,-2.49948571329496
3.853,-2.34827187374433
3.8535,-1.96596407252981
3.854,-1.39135239300053
3.8545,-0.680320520896338
3.855,0.0967843230421594
3.8555,0.86567059165342
3.856,1.55073199781401
3.8565,2.08425154707802
3.857,2.41429081387491
3.8575,2.50863472080212
3.858,2.35742149321316
3.8585,1.97642996653325
3.859,1.40214862294763
3.8595,0.691775432501041
3.86,-0.0856577509884561
3.8605,-0.855202078173759
3.861,-1.53960740676016
3.8615,-2.07378601677283
3.862,-2.40514142008627
3.8625,-2.49948571329496
3.863,-2.34892932510392
3.8635,-1.9685938757565
3.864,-1.39496836848794
3.8645,-0.684265217236825
3.865,0.0931683542705267
3.8655,0.862054624360702
3.866,1.54810220354634
3.8665,2.08162175236654
3.867,2.4133046406654
3.8675,2.50863472080212
3.868,2.35873639077617
3.8685,1.97873103679617
3.869,1.4057645900126
3.8695,0.69539140000434
3.87,-0.0813843327142128
3.8705,-0.850599931404231
3.871,-1.53632015547636
3.8715,-2.07148493843603
3.872,-2.40316906575066
3.8725,-2.49948571329496
3.873,-2.35024422782611
3.8735,-1.97056622818597
3.874,-1.39792689390348
3.8745,-0.687881188899635
3.875,0.0892236610535209
3.8755,0.857781208464431
3.876,1.54481496071318
3.8765,2.07932068199674
3.877,2.41198974305378
3.8775,2.50896344522795
3.878,2.36038001273154
3.8785,1.9813608313851
3.879,1.40905183279957
3.8795,0.699336091820234
3.88,-0.0777683634179031
3.8805,-0.846983958962906
3.881,-1.53336162933768
3.8815,-2.06918386011061
3.882,-2.4021828885863
3.8825,-2.49981443909265
3.883,-2.35155913055233
3.8835,-1.9731960314379
3.884,-1.40121414438287
3.8845,-0.691825885278044
3.885,0.0846215189516804
3.8855,0.854822689763893
3.886,1.54152771788158
3.8865,2.0770196116295
3.887,2.41100356984585
3.8875,2.50896344522795
3.888,2.36070873712282
3.8885,1.98399062597693
3.889,1.41233907558716
3.8895,0.703280783630022
3.89,-0.0741523941331716
3.8905,-0.84369671130456
3.891,-1.53073182833881
3.8915,-2.06721150726931
3.892,-2.40152543714466
3.8925,-2.50014316489061
3.893,-2.3535314846492
3.8935,-1.97549710929519
3.894,-1.40515884498276
3.8945,-0.696099306377046
3.895,0.0806768257083436
3.8955,0.850877998159175
3.896,1.53824047505151
3.8965,2.07471854126481
3.897,2.4100173966386
3.8975,2.50896344522795
3.898,2.36268108347205
3.8985,1.98596297192273
3.899,1.41562631837541
3.8995,0.707225475433743
3.9,-0.0695502514238476
3.9005,-0.839752014134106
3.901,-1.52711585198578
3.9015,-2.06491042896502
3.902,-2.39988180854505
3.9025,-2.50014316489061
3.903,-2.35484638738548
3.9035,-1.97779818716354
3.904,-1.4084460955032
3.9045,-0.699715278094427
3.905,0.0767321324527923
3.9055,0.846933306549847
3.906,1.53495323222295
3.9065,2.07274619523996
3.907,2.40903122343203
3.9075,2.50929216965387
3.908,2.36399598103964
3.9085,1.98925021516939
3.909,1.41891356116433
3.9095,0.71149889154764
3.91,-0.0649481087331678
3.9105,-0.835807316984956
3.911,-1.52382860077623
3.9115,-2.06293807614182
3.912,-2.39889563138834
3.9125,-2.50014316489061
3.913,-2.35616129012579
3.9135,-1.98075671586769
3.914,-1.41107589593301
3.9145,-0.70365997453248
3.915,0.0721299903058262
3.9155,0.843317339237214
3.916,1.53199471367853
3.9165,2.07044512487999
3.917,2.40738760142256
3.9175,2.50929216965387
3.918,2.36498215421608
3.9185,1.99155128544479
3.919,1.42252952823294
3.9195,0.715114859023141
3.92,-0.0610034150130919
3.9205,-0.831862619857069
3.921,-1.52054134958616
3.9215,-2.05997954692266
3.922,-2.39758072851629
3.9225,-2.50014316489061
3.923,-2.35747619287013
3.9235,-1.9827290683473
3.924,-1.41469187154356
3.9245,-0.707275946284894
3.925,0.0685140214643266
3.9255,0.839372647618943
3.926,1.52903619513529
3.9265,2.06781533018598
3.927,2.40607270381633
3.9275,2.50929216965387
3.928,2.36662577617825
3.9285,1.99385235572245
3.929,1.42581677102334
3.9295,0.718402102178349
3.93,-0.0570587213066293
3.9305,-0.827917922750407
3.931,-1.51725409841556
3.9315,-2.05767846865406
3.932,-2.39659455136493
3.9325,-2.50014316489061
3.933,-2.3587910956185
3.9335,-1.98568759708199
3.934,-1.41830784717677
3.9345,-0.711220642761235
3.935,0.0645693281708689
3.9355,0.835427955995948
3.936,1.52509150374613
3.9365,2.06584298416763
3.937,2.4047578062113
3.9375,2.50929216965387
3.938,2.36826939814222
3.9385,1.99615342600239
3.939,1.42877528953533
3.9395,0.722675518273978
3.94,-0.0531140276137412
3.9405,-0.824630675177708
3.941,-1.5139668472644
3.9415,-2.05537739039681
3.942,-2.39560837421586
3.9425,-2.50047189068882
3.943,-2.36010599837091
3.9435,-1.98864612583503
3.944,-1.42159509777212
3.9445,-0.715494063966547
3.945,0.0606246348650378
3.9455,0.831483264368192
3.946,1.52213298520561
3.9465,2.06354191381523
3.947,2.4037716330083
3.9475,2.50929216965387
3.948,2.3695842957147
3.9485,1.9984544962846
3.949,1.43239125660639
3.9495,0.726620210048437
3.95,-0.0485118849891431
3.9505,-0.820685978109858
3.951,-1.51067959613265
3.9515,-2.0534050376139
3.952,-2.39462219706909
3.9525,-2.50014316489061
3.953,-2.36142090112735
3.9535,-1.99061847834726
3.954,-1.424553623324
3.9545,-0.718781311063587
3.955,0.0563512171030458
3.9555,0.827867297038533
3.956,1.51884574238414
3.9565,2.06124084346533
3.957,2.40245673540535
3.9575,2.50962089407986
3.958,2.37089919328832
3.9585,2.00141301522224
3.959,1.4360072236784
3.9595,0.730893626130851
3.96,-0.044895915796986
3.9605,-0.816412556310179
3.961,-1.50772107013066
3.9615,-2.05044650845513
3.962,-2.39264984278241
3.9625,-2.50047189068882
3.963,-2.36339325526958
3.9635,-1.9932482817096
3.964,-1.42849832408352
3.9645,-0.723054732310619
3.965,0.0520777993264369
3.9655,0.823922605401541
3.966,1.51588722384599
3.9665,2.05893977311793
3.967,2.4011418378036
3.9675,2.50962089407986
3.968,2.37254281525698
3.9685,2.0037140855097
3.969,1.4386370179132
3.9695,0.734509593579887
3.97,-0.0409512221457073
3.9705,-0.813125308788797
3.971,-1.50443381903575
3.9715,-2.04847415569301
3.972,-2.3916636656425
3.9725,-2.50047189068882
3.973,-2.36437943234411
3.9735,-1.99489190881844
3.974,-1.43145684967096
3.9745,-0.726999428867329
3.975,0.0481331059811661
3.9755,0.820635362366992
3.976,1.51259998102712
3.9765,2.05696742710785
3.977,2.4011418378036
3.9775,2.50994961850594
3.978,2.37385771283321
3.9785,2.00601515579946
3.979,1.44192426070745
3.9795,0.738454285336955
3.98,-0.0366778040386264
3.9805,-0.808851887032839
3.981,-1.50114656796018
3.9815,-2.0465018029392
3.982,-2.39034876279286
3.9825,-2.50047189068882
3.983,-2.36503688372839
3.9835,-1.9975217122044
3.984,-1.43474410034158
3.9845,-0.730615400728715
3.985,0.0445171370703231
3.9855,0.816361946416979
3.986,1.50898401392791
3.9865,2.05433763243059
3.987,2.39916949140319
3.9875,2.51027834293209
3.988,2.3751726104106
3.9885,2.00831622609153
3.989,1.44586895206167
3.9895,0.742398977088303
3.99,-0.0330618348833572
3.9905,-0.805893364293154
3.991,-1.4981880420087
3.9915,-2.0445294501937
3.992,-2.38936258565829
3.9925,-2.5008006164873
3.993,-2.3666805121935
3.9935,-1.99982279017905
3.994,-1.43770262596128
3.9945,-0.734888822041358
3.995,0.0405724437009912
3.9955,0.812417254765658
3.996,1.50602549539337
3.9965,2.05170783775656
3.997,2.39818331820398
3.9975,2.51060706735833
3.998,2.3761587835944
3.9985,2.01094602071389
3.999,1.44849874629852
3.9995,0.746343668833971
